frame_id,timestamp_sec,landmark_type,landmark_id,x,y,z,visibility
67,5.0640000000,left_hand,0,0.6127894521,0.3352288306,-0.0000001341,1.0000000000
68,5.1390000000,left_hand,0,0.6137797832,0.3301208019,-0.0000001042,1.0000000000
69,5.2150000000,left_hand,0,0.6174408793,0.3368798196,-0.0000001470,1.0000000000
70,5.2900000000,left_hand,0,0.6139119864,0.3324578106,-0.0000000608,1.0000000000
71,5.3660000000,left_hand,0,0.6099963784,0.3355097175,-0.0000000733,1.0000000000
72,5.4420000000,left_hand,0,0.6278975010,0.3434377015,-0.0000002348,1.0000000000
73,5.5170000000,left_hand,0,0.6276706192,0.3480004039,-0.0000002501,1.0000000000
74,5.5930000000,left_hand,0,0.6274437375,0.3525631064,-0.0000002654,1.0000000000
75,5.6680000000,left_hand,0,0.6274437375,0.3525631064,-0.0000002654,1.0000000000
76,5.7440000000,left_hand,0,0.6274437375,0.3525631064,-0.0000002654,1.0000000000
77,5.8190000000,left_hand,0,0.6274437375,0.3525631064,-0.0000002654,1.0000000000
78,5.8950000000,left_hand,0,0.6274437375,0.3525631064,-0.0000002654,1.0000000000
79,5.9710000000,left_hand,0,0.6263093286,0.3753766186,-0.0000003418,1.0000000000
80,6.0460000000,left_hand,0,0.6260824468,0.3799393210,-0.0000003571,1.0000000000
81,6.1220000000,left_hand,0,0.6258555651,0.3845020235,-0.0000003724,1.0000000000
82,6.1970000000,left_hand,0,0.6228630543,0.3871554434,0.0000001428,1.0000000000
83,6.2730000000,left_hand,0,0.6270399094,0.3898131847,0.0000001426,1.0000000000
84,6.3490000000,left_hand,0,0.6220183969,0.3700479865,0.0000001209,1.0000000000
85,6.4240000000,left_hand,0,0.6193673611,0.3561794162,0.0000000984,1.0000000000
86,6.5000000000,left_hand,0,0.6157127023,0.3510073423,0.0000001005,1.0000000000
87,6.5750000000,left_hand,0,0.6177966382,0.3555506638,0.0000000772,1.0000000000
88,6.6510000000,left_hand,0,0.6198805741,0.3600939853,0.0000000540,1.0000000000
89,6.7260000000,left_hand,0,0.6198805741,0.3600939853,0.0000000540,1.0000000000
90,6.8020000000,left_hand,0,0.6198805741,0.3600939853,0.0000000540,1.0000000000
91,6.8780000000,left_hand,0,0.6198805741,0.3600939853,0.0000000540,1.0000000000
92,6.9530000000,left_hand,0,0.6198805741,0.3600939853,0.0000000540,1.0000000000
93,7.0290000000,left_hand,0,0.6198805741,0.3600939853,0.0000000540,1.0000000000
94,7.1040000000,left_hand,0,0.6198805741,0.3600939853,0.0000000540,1.0000000000
95,7.1800000000,left_hand,0,0.6198805741,0.3600939853,0.0000000540,1.0000000000
96,7.2550000000,left_hand,0,0.6198805741,0.3600939853,0.0000000540,1.0000000000
97,7.3310000000,left_hand,0,0.6198805741,0.3600939853,0.0000000540,1.0000000000
98,7.4070000000,left_hand,0,0.6407199332,0.4055272000,-0.0000001780,1.0000000000
99,7.4820000000,left_hand,0,0.6428038691,0.4100705215,-0.0000002012,1.0000000000
100,7.5580000000,left_hand,0,0.6448878050,0.4146138430,-0.0000002244,1.0000000000
101,7.6330000000,left_hand,0,0.6433613747,0.4071425796,-0.0000002609,1.0000000000
102,7.7090000000,left_hand,0,0.6418349445,0.3996713161,-0.0000002974,1.0000000000
103,7.7850000000,left_hand,0,0.6403085142,0.3922000527,-0.0000003339,1.0000000000
104,7.8600000000,left_hand,0,0.6387820840,0.3847287893,-0.0000003704,1.0000000000
105,7.9360000000,left_hand,0,0.6536148190,0.4167822003,-0.0000000093,1.0000000000
106,8.0110000000,left_hand,0,0.6550604105,0.4298859835,0.0000000280,1.0000000000
107,8.0870000000,left_hand,0,0.6552345753,0.4265457094,0.0000000156,1.0000000000
108,8.1620000000,left_hand,0,0.6558202505,0.4187184572,-0.0000000426,1.0000000000
109,8.2380000000,left_hand,0,0.6550892591,0.4189769626,0.0000000251,1.0000000000
110,8.3140000000,left_hand,0,0.6511497498,0.4199089408,0.0000000426,1.0000000000
111,8.3890000000,left_hand,0,0.6492137313,0.4035244286,0.0000000052,1.0000000000
112,8.4650000000,left_hand,0,0.6485537291,0.4009653032,0.0000000505,1.0000000000
113,8.5400000000,left_hand,0,0.6493060333,0.3967789028,0.0000000100,1.0000000000
114,8.6160000000,left_hand,0,0.6500583376,0.3925925025,-0.0000000305,1.0000000000
115,8.6910000000,left_hand,0,0.6500583376,0.3925925025,-0.0000000305,1.0000000000
116,8.7670000000,left_hand,0,0.6500583376,0.3925925025,-0.0000000305,1.0000000000
117,8.8430000000,left_hand,0,0.6523152505,0.3800333015,-0.0000001521,1.0000000000
118,8.9180000000,left_hand,0,0.6530675547,0.3758469011,-0.0000001926,1.0000000000
119,8.9940000000,left_hand,0,0.6538198590,0.3716605008,-0.0000002332,1.0000000000
120,9.0690000000,left_hand,0,0.6551132798,0.3556369841,-0.0000001262,1.0000000000
121,9.1450000000,left_hand,0,0.6571409106,0.3578194976,-0.0000001258,1.0000000000
122,9.2200000000,left_hand,0,0.6527039409,0.3564415574,-0.0000000500,1.0000000000
123,9.2960000000,left_hand,0,0.6507180929,0.3617569804,-0.0000000745,1.0000000000
124,9.3720000000,left_hand,0,0.6503087282,0.3693731725,-0.0000000322,1.0000000000
125,9.4470000000,left_hand,0,0.6475583315,0.3639684319,0.0000000119,1.0000000000
126,9.5230000000,left_hand,0,0.6472813487,0.3668327630,-0.0000001017,1.0000000000
127,9.5980000000,left_hand,0,0.6471958756,0.3737123907,-0.0000000497,1.0000000000
128,9.6740000000,left_hand,0,0.6522200108,0.3699648380,-0.0000000834,1.0000000000
129,9.7500000000,left_hand,0,0.6568788886,0.3778136075,-0.0000000476,1.0000000000
130,9.8250000000,left_hand,0,0.6573110819,0.3418763280,-0.0000000657,1.0000000000
131,9.9010000000,left_hand,0,0.6484552622,0.3494571447,-0.0000000202,1.0000000000
132,9.9760000000,left_hand,0,0.6490500569,0.3420978785,-0.0000000587,1.0000000000
133,10.0520000000,left_hand,0,0.6392752528,0.3328373730,-0.0000002301,1.0000000000
134,10.1270000000,left_hand,0,0.6436786056,0.3320242763,-0.0000001840,1.0000000000
135,10.2030000000,left_hand,0,0.6453853846,0.3303916454,-0.0000001058,1.0000000000
136,10.2790000000,left_hand,0,0.6424655318,0.3195124567,-0.0000000667,1.0000000000
137,10.3540000000,left_hand,0,0.6376610696,0.3426492512,-0.0000001443,1.0000000000
138,10.4300000000,left_hand,0,0.6328566074,0.3657860458,-0.0000002219,1.0000000000
139,10.5050000000,left_hand,0,0.6357048452,0.3662164360,-0.0000002549,1.0000000000
140,10.5810000000,left_hand,0,0.6385530829,0.3666468263,-0.0000002880,1.0000000000
141,10.6560000000,left_hand,0,0.6145974994,0.3795481920,-0.0000000776,1.0000000000
142,10.7320000000,left_hand,0,0.6331565976,0.3693966269,-0.0000002081,1.0000000000
143,10.8080000000,left_hand,0,0.6226159334,0.3562726378,-0.0000001272,1.0000000000
144,10.8830000000,left_hand,0,0.6041628718,0.3602195382,-0.0000001512,1.0000000000
145,10.9590000000,left_hand,0,0.5906182528,0.3608440459,-0.0000001403,1.0000000000
146,11.0340000000,left_hand,0,0.5795584321,0.3483811021,-0.0000001118,1.0000000000
147,11.1100000000,left_hand,0,0.5772516727,0.3621659577,-0.0000001588,1.0000000000
148,11.1850000000,left_hand,0,0.5841173947,0.3567411304,-0.0000001625,1.0000000000
149,11.2610000000,left_hand,0,0.5909831166,0.3513163030,-0.0000001662,1.0000000000
150,11.3370000000,left_hand,0,0.5909831166,0.3513163030,-0.0000001662,1.0000000000
151,11.4120000000,left_hand,0,0.5909831166,0.3513163030,-0.0000001662,1.0000000000
152,11.4880000000,left_hand,0,0.5909831166,0.3513163030,-0.0000001662,1.0000000000
153,11.5630000000,left_hand,0,0.5909831166,0.3513163030,-0.0000001662,1.0000000000
154,11.6390000000,left_hand,0,0.5909831166,0.3513163030,-0.0000001662,1.0000000000
155,11.7150000000,left_hand,0,0.6321774483,0.3187673390,-0.0000001883,1.0000000000
156,11.7900000000,left_hand,0,0.6390431702,0.3133425117,-0.0000001920,1.0000000000
157,11.8660000000,left_hand,0,0.6459088922,0.3079176843,-0.0000001956,1.0000000000
158,11.9410000000,left_hand,0,0.6499187350,0.3042314649,-0.0000001989,1.0000000000
67,5.0640000000,left_hand,1,0.5959824324,0.3091658950,-0.0005963852,1.0000000000
68,5.1390000000,left_hand,1,0.5958564878,0.3153671026,-0.0001788733,1.0000000000
69,5.2150000000,left_hand,1,0.5983546376,0.3118157983,0.0005262975,1.0000000000
70,5.2900000000,left_hand,1,0.6036469340,0.3386268616,-0.0127237625,1.0000000000
71,5.3660000000,left_hand,1,0.5984523296,0.3120697439,-0.0025685553,1.0000000000
72,5.4420000000,left_hand,1,0.6336429715,0.3554616570,-0.0107281143,1.0000000000
73,5.5170000000,left_hand,1,0.6324040956,0.3630384240,-0.0094104023,1.0000000000
74,5.5930000000,left_hand,1,0.6311652197,0.3706151909,-0.0080926903,1.0000000000
75,5.6680000000,left_hand,1,0.6311652197,0.3706151909,-0.0080926903,1.0000000000
76,5.7440000000,left_hand,1,0.6311652197,0.3706151909,-0.0080926903,1.0000000000
77,5.8190000000,left_hand,1,0.6311652197,0.3706151909,-0.0080926903,1.0000000000
78,5.8950000000,left_hand,1,0.6311652197,0.3706151909,-0.0080926903,1.0000000000
79,5.9710000000,left_hand,1,0.6249708401,0.4084990256,-0.0015041304,1.0000000000
80,6.0460000000,left_hand,1,0.6237319642,0.4160757926,-0.0001864184,1.0000000000
81,6.1220000000,left_hand,1,0.6224930882,0.4236525595,0.0011312936,1.0000000000
82,6.1970000000,left_hand,1,0.6190878749,0.4165196121,-0.0013725224,1.0000000000
83,6.2730000000,left_hand,1,0.6231027246,0.4194157124,-0.0017679983,1.0000000000
84,6.3490000000,left_hand,1,0.6208586097,0.4002854526,-0.0033826008,1.0000000000
85,6.4240000000,left_hand,1,0.6161537766,0.3755203187,-0.0043664388,1.0000000000
86,6.5000000000,left_hand,1,0.6153510809,0.3746020794,-0.0038477888,1.0000000000
87,6.5750000000,left_hand,1,0.6163620949,0.3754638838,-0.0035537746,1.0000000000
88,6.6510000000,left_hand,1,0.6173731089,0.3763256882,-0.0032597605,1.0000000000
89,6.7260000000,left_hand,1,0.6173731089,0.3763256882,-0.0032597605,1.0000000000
90,6.8020000000,left_hand,1,0.6173731089,0.3763256882,-0.0032597605,1.0000000000
91,6.8780000000,left_hand,1,0.6173731089,0.3763256882,-0.0032597605,1.0000000000
92,6.9530000000,left_hand,1,0.6173731089,0.3763256882,-0.0032597605,1.0000000000
93,7.0290000000,left_hand,1,0.6173731089,0.3763256882,-0.0032597605,1.0000000000
94,7.1040000000,left_hand,1,0.6173731089,0.3763256882,-0.0032597605,1.0000000000
95,7.1800000000,left_hand,1,0.6173731089,0.3763256882,-0.0032597605,1.0000000000
96,7.2550000000,left_hand,1,0.6173731089,0.3763256882,-0.0032597605,1.0000000000
97,7.3310000000,left_hand,1,0.6173731089,0.3763256882,-0.0032597605,1.0000000000
98,7.4070000000,left_hand,1,0.6274832487,0.3849437322,-0.0003196188,1.0000000000
99,7.4820000000,left_hand,1,0.6284942627,0.3858055366,-0.0000256046,1.0000000000
100,7.5580000000,left_hand,1,0.6295052767,0.3866673410,0.0002684095,1.0000000000
101,7.6330000000,left_hand,1,0.6336637437,0.3926515058,-0.0013752841,1.0000000000
102,7.7090000000,left_hand,1,0.6378222108,0.3986356705,-0.0030189778,1.0000000000
103,7.7850000000,left_hand,1,0.6419806778,0.4046198353,-0.0046626715,1.0000000000
104,7.8600000000,left_hand,1,0.6461391449,0.4106040001,-0.0063063651,1.0000000000
105,7.9360000000,left_hand,1,0.6480651498,0.4419184327,-0.0151947243,1.0000000000
106,8.0110000000,left_hand,1,0.6431385279,0.4023358226,-0.0017077792,1.0000000000
107,8.0870000000,left_hand,1,0.6417489648,0.3993922174,-0.0036522567,1.0000000000
108,8.1620000000,left_hand,1,0.6485038400,0.4382318556,-0.0126009732,1.0000000000
109,8.2380000000,left_hand,1,0.6411309838,0.3993094265,-0.0005606426,1.0000000000
110,8.3140000000,left_hand,1,0.6386501193,0.3975994289,-0.0015204772,1.0000000000
111,8.3890000000,left_hand,1,0.6368591189,0.3922224641,0.0001194966,1.0000000000
112,8.4650000000,left_hand,1,0.6354755759,0.3804447651,-0.0007951173,1.0000000000
113,8.5400000000,left_hand,1,0.6352288978,0.3736747674,-0.0003222921,1.0000000000
114,8.6160000000,left_hand,1,0.6349822198,0.3669047696,0.0001505330,1.0000000000
115,8.6910000000,left_hand,1,0.6349822198,0.3669047696,0.0001505330,1.0000000000
116,8.7670000000,left_hand,1,0.6349822198,0.3669047696,0.0001505330,1.0000000000
117,8.8430000000,left_hand,1,0.6342421855,0.3465947764,0.0015690084,1.0000000000
118,8.9180000000,left_hand,1,0.6339955074,0.3398247787,0.0020418336,1.0000000000
119,8.9940000000,left_hand,1,0.6337488294,0.3330547810,0.0025146587,1.0000000000
120,9.0690000000,left_hand,1,0.6350132227,0.3163110614,-0.0024843141,1.0000000000
121,9.1450000000,left_hand,1,0.6365143657,0.3226761222,-0.0002476723,1.0000000000
122,9.2200000000,left_hand,1,0.6321570277,0.3257789910,0.0001396385,1.0000000000
123,9.2960000000,left_hand,1,0.6316376328,0.3337683976,0.0023036755,1.0000000000
124,9.3720000000,left_hand,1,0.6318452954,0.3364307284,0.0001433315,1.0000000000
125,9.4470000000,left_hand,1,0.6299018264,0.3340784013,-0.0011100949,1.0000000000
126,9.5230000000,left_hand,1,0.6281902790,0.3372083604,-0.0000131290,1.0000000000
127,9.5980000000,left_hand,1,0.6309013367,0.3584803343,0.0025808378,1.0000000000
128,9.6740000000,left_hand,1,0.6332312822,0.3450439870,-0.0003092859,1.0000000000
129,9.7500000000,left_hand,1,0.6376239657,0.3473224044,0.0017329927,1.0000000000
130,9.8250000000,left_hand,1,0.6363654137,0.3140927255,0.0040422012,1.0000000000
131,9.9010000000,left_hand,1,0.6279764771,0.3276334703,0.0030279534,1.0000000000
132,9.9760000000,left_hand,1,0.6291010380,0.3225575686,0.0042746183,1.0000000000
133,10.0520000000,left_hand,1,0.6261252761,0.3024345040,-0.0008728321,1.0000000000
134,10.1270000000,left_hand,1,0.6265385747,0.3048409820,-0.0023600201,1.0000000000
135,10.2030000000,left_hand,1,0.6222695112,0.3011752367,-0.0014045445,1.0000000000
136,10.2790000000,left_hand,1,0.6219617724,0.2905179262,-0.0024190622,1.0000000000
137,10.3540000000,left_hand,1,0.6312180459,0.3376917839,-0.0067155330,1.0000000000
138,10.4300000000,left_hand,1,0.6404743195,0.3848656416,-0.0110120038,1.0000000000
139,10.5050000000,left_hand,1,0.6353757381,0.3764138222,-0.0091610877,1.0000000000
140,10.5810000000,left_hand,1,0.6302771568,0.3679620028,-0.0073101716,1.0000000000
141,10.6560000000,left_hand,1,0.5977402329,0.3489004076,-0.0008151838,1.0000000000
142,10.7320000000,left_hand,1,0.6082607508,0.3444055319,-0.0082208291,1.0000000000
143,10.8080000000,left_hand,1,0.5971015692,0.3172935843,-0.0042496067,1.0000000000
144,10.8830000000,left_hand,1,0.5820589662,0.3204750121,-0.0049636750,1.0000000000
145,10.9590000000,left_hand,1,0.5715931058,0.3257003427,-0.0046320972,1.0000000000
146,11.0340000000,left_hand,1,0.5636673570,0.3141916394,-0.0074035376,1.0000000000
147,11.1100000000,left_hand,1,0.5646271706,0.3325380683,-0.0101447562,1.0000000000
148,11.1850000000,left_hand,1,0.5699928403,0.3287181348,-0.0097660641,1.0000000000
149,11.2610000000,left_hand,1,0.5753585100,0.3248982012,-0.0093873721,1.0000000000
150,11.3370000000,left_hand,1,0.5753585100,0.3248982012,-0.0093873721,1.0000000000
151,11.4120000000,left_hand,1,0.5753585100,0.3248982012,-0.0093873721,1.0000000000
152,11.4880000000,left_hand,1,0.5753585100,0.3248982012,-0.0093873721,1.0000000000
153,11.5630000000,left_hand,1,0.5753585100,0.3248982012,-0.0093873721,1.0000000000
154,11.6390000000,left_hand,1,0.5753585100,0.3248982012,-0.0093873721,1.0000000000
155,11.7150000000,left_hand,1,0.6075525284,0.3019786000,-0.0071152197,1.0000000000
156,11.7900000000,left_hand,1,0.6129181981,0.2981586665,-0.0067365277,1.0000000000
157,11.8660000000,left_hand,1,0.6182838678,0.2943387330,-0.0063578356,1.0000000000
158,11.9410000000,left_hand,1,0.6278359890,0.2755701840,0.0024174110,1.0000000000
67,5.0640000000,left_hand,2,0.5800215006,0.2897426486,-0.0050791055,1.0000000000
68,5.1390000000,left_hand,2,0.5804746747,0.3023949265,-0.0047328253,1.0000000000
69,5.2150000000,left_hand,2,0.5825904608,0.2944403589,-0.0028414323,1.0000000000
70,5.2900000000,left_hand,2,0.5905664563,0.3414048254,-0.0220517702,1.0000000000
71,5.3660000000,left_hand,2,0.5838477015,0.2997804880,-0.0072126356,1.0000000000
72,5.4420000000,left_hand,2,0.6365154982,0.3698954284,-0.0236602854,1.0000000000
73,5.5170000000,left_hand,2,0.6334194740,0.3797418177,-0.0218474357,1.0000000000
74,5.5930000000,left_hand,2,0.6303234498,0.3895882070,-0.0200345860,1.0000000000
75,5.6680000000,left_hand,2,0.6303234498,0.3895882070,-0.0200345860,1.0000000000
76,5.7440000000,left_hand,2,0.6303234498,0.3895882070,-0.0200345860,1.0000000000
77,5.8190000000,left_hand,2,0.6303234498,0.3895882070,-0.0200345860,1.0000000000
78,5.8950000000,left_hand,2,0.6303234498,0.3895882070,-0.0200345860,1.0000000000
79,5.9710000000,left_hand,2,0.6148433288,0.4388201535,-0.0109703374,1.0000000000
80,6.0460000000,left_hand,2,0.6117473046,0.4486665428,-0.0091574877,1.0000000000
81,6.1220000000,left_hand,2,0.6086512804,0.4585129321,-0.0073446380,1.0000000000
82,6.1970000000,left_hand,2,0.6088509560,0.4455517530,-0.0054593463,1.0000000000
83,6.2730000000,left_hand,2,0.6113676429,0.4454060197,-0.0056904508,1.0000000000
84,6.3490000000,left_hand,2,0.6112980247,0.4325041175,-0.0077183852,1.0000000000
85,6.4240000000,left_hand,2,0.6047356725,0.3984382153,-0.0081709791,1.0000000000
86,6.5000000000,left_hand,2,0.6064981818,0.4019869864,-0.0071365777,1.0000000000
87,6.5750000000,left_hand,2,0.6067328709,0.3992949596,-0.0070293608,1.0000000000
88,6.6510000000,left_hand,2,0.6069675599,0.3966029329,-0.0069221438,1.0000000000
89,6.7260000000,left_hand,2,0.6069675599,0.3966029329,-0.0069221438,1.0000000000
90,6.8020000000,left_hand,2,0.6069675599,0.3966029329,-0.0069221438,1.0000000000
91,6.8780000000,left_hand,2,0.6069675599,0.3966029329,-0.0069221438,1.0000000000
92,6.9530000000,left_hand,2,0.6069675599,0.3966029329,-0.0069221438,1.0000000000
93,7.0290000000,left_hand,2,0.6069675599,0.3966029329,-0.0069221438,1.0000000000
94,7.1040000000,left_hand,2,0.6069675599,0.3966029329,-0.0069221438,1.0000000000
95,7.1800000000,left_hand,2,0.6069675599,0.3966029329,-0.0069221438,1.0000000000
96,7.2550000000,left_hand,2,0.6069675599,0.3966029329,-0.0069221438,1.0000000000
97,7.3310000000,left_hand,2,0.6069675599,0.3966029329,-0.0069221438,1.0000000000
98,7.4070000000,left_hand,2,0.6093144502,0.3696826654,-0.0058499744,1.0000000000
99,7.4820000000,left_hand,2,0.6095491392,0.3669906386,-0.0057427574,1.0000000000
100,7.5580000000,left_hand,2,0.6097838283,0.3642986119,-0.0056355405,1.0000000000
101,7.6330000000,left_hand,2,0.6169988364,0.3801121786,-0.0079941108,1.0000000000
102,7.7090000000,left_hand,2,0.6242138445,0.3959257454,-0.0103526812,1.0000000000
103,7.7850000000,left_hand,2,0.6314288527,0.4117393121,-0.0127112515,1.0000000000
104,7.8600000000,left_hand,2,0.6386438608,0.4275528789,-0.0150698218,1.0000000000
105,7.9360000000,left_hand,2,0.6363829374,0.4596281648,-0.0261484217,1.0000000000
106,8.0110000000,left_hand,2,0.6237325072,0.3853269815,-0.0042600166,1.0000000000
107,8.0870000000,left_hand,2,0.6217151284,0.3858519495,-0.0076903515,1.0000000000
108,8.1620000000,left_hand,2,0.6352716684,0.4518925250,-0.0205879342,1.0000000000
109,8.2380000000,left_hand,2,0.6229923964,0.3953174949,-0.0024685711,1.0000000000
110,8.3140000000,left_hand,2,0.6205700636,0.3923034370,-0.0031090707,1.0000000000
111,8.3890000000,left_hand,2,0.6191056967,0.3969261050,-0.0013706402,1.0000000000
112,8.4650000000,left_hand,2,0.6174718738,0.3741129041,-0.0023288184,1.0000000000
113,8.5400000000,left_hand,2,0.6162812880,0.3643791122,-0.0021935152,1.0000000000
114,8.6160000000,left_hand,2,0.6150907023,0.3546453203,-0.0020582120,1.0000000000
115,8.6910000000,left_hand,2,0.6150907023,0.3546453203,-0.0020582120,1.0000000000
116,8.7670000000,left_hand,2,0.6150907023,0.3546453203,-0.0020582120,1.0000000000
117,8.8430000000,left_hand,2,0.6115189450,0.3254439448,-0.0016523024,1.0000000000
118,8.9180000000,left_hand,2,0.6103283593,0.3157101529,-0.0015169992,1.0000000000
119,8.9940000000,left_hand,2,0.6091377735,0.3059763610,-0.0013816960,1.0000000000
120,9.0690000000,left_hand,2,0.6079501510,0.2914106548,-0.0084814951,1.0000000000
121,9.1450000000,left_hand,2,0.6096063852,0.3009937704,-0.0063194670,1.0000000000
122,9.2200000000,left_hand,2,0.6085646152,0.3120071292,-0.0074020620,1.0000000000
123,9.2960000000,left_hand,2,0.6089760065,0.3198525906,-0.0029676205,1.0000000000
124,9.3720000000,left_hand,2,0.6095106006,0.3209677637,-0.0063872482,1.0000000000
125,9.4470000000,left_hand,2,0.6067326069,0.3205817640,-0.0083358530,1.0000000000
126,9.5230000000,left_hand,2,0.6010665894,0.3200112581,-0.0060216635,1.0000000000
127,9.5980000000,left_hand,2,0.6116853356,0.3552370667,-0.0065809982,1.0000000000
128,9.6740000000,left_hand,2,0.6095755100,0.3348730803,-0.0047089616,1.0000000000
129,9.7500000000,left_hand,2,0.6161663532,0.3338956237,-0.0015695336,1.0000000000
130,9.8250000000,left_hand,2,0.6133060455,0.3026497662,0.0000768375,1.0000000000
131,9.9010000000,left_hand,2,0.6085872054,0.3131481409,-0.0023072627,1.0000000000
132,9.9760000000,left_hand,2,0.6097825170,0.3078131676,0.0001738404,1.0000000000
133,10.0520000000,left_hand,2,0.6098999381,0.2797759771,-0.0100937346,1.0000000000
134,10.1270000000,left_hand,2,0.6057736278,0.2856681645,-0.0107052270,1.0000000000
135,10.2030000000,left_hand,2,0.5973720551,0.2822428048,-0.0065460727,1.0000000000
136,10.2790000000,left_hand,2,0.5956515074,0.2789447010,-0.0099407090,1.0000000000
137,10.3540000000,left_hand,2,0.6202211380,0.3370063305,-0.0180462901,1.0000000000
138,10.4300000000,left_hand,2,0.6447907686,0.3950679600,-0.0261518713,1.0000000000
139,10.5050000000,left_hand,2,0.6293902099,0.3825432807,-0.0225007227,1.0000000000
140,10.5810000000,left_hand,2,0.6139896512,0.3700186014,-0.0188495740,1.0000000000
141,10.6560000000,left_hand,2,0.5847814083,0.3255294859,-0.0062422846,1.0000000000
142,10.7320000000,left_hand,2,0.5864316821,0.3225401938,-0.0180058870,1.0000000000
143,10.8080000000,left_hand,2,0.5729647279,0.2881074846,-0.0104644857,1.0000000000
144,10.8830000000,left_hand,2,0.5635712147,0.2903889120,-0.0124952840,1.0000000000
145,10.9590000000,left_hand,2,0.5571069717,0.2920538485,-0.0107488036,1.0000000000
146,11.0340000000,left_hand,2,0.5522435904,0.2798267603,-0.0145437289,1.0000000000
147,11.1100000000,left_hand,2,0.5531775355,0.3078942299,-0.0208752714,1.0000000000
148,11.1850000000,left_hand,2,0.5573210955,0.3046121746,-0.0202608014,1.0000000000
149,11.2610000000,left_hand,2,0.5614646554,0.3013301194,-0.0196463315,1.0000000000
150,11.3370000000,left_hand,2,0.5614646554,0.3013301194,-0.0196463315,1.0000000000
151,11.4120000000,left_hand,2,0.5614646554,0.3013301194,-0.0196463315,1.0000000000
152,11.4880000000,left_hand,2,0.5614646554,0.3013301194,-0.0196463315,1.0000000000
153,11.5630000000,left_hand,2,0.5614646554,0.3013301194,-0.0196463315,1.0000000000
154,11.6390000000,left_hand,2,0.5614646554,0.3013301194,-0.0196463315,1.0000000000
155,11.7150000000,left_hand,2,0.5863260150,0.2816377878,-0.0159595117,1.0000000000
156,11.7900000000,left_hand,2,0.5904695749,0.2783557326,-0.0153450417,1.0000000000
157,11.8660000000,left_hand,2,0.5946131349,0.2750736773,-0.0147305718,1.0000000000
158,11.9410000000,left_hand,2,0.6020016670,0.2483793795,-0.0002631635,1.0000000000
67,5.0640000000,left_hand,3,0.5672374368,0.2791127264,-0.0100542139,1.0000000000
68,5.1390000000,left_hand,3,0.5681333542,0.2962048650,-0.0099774189,1.0000000000
69,5.2150000000,left_hand,3,0.5711098909,0.2859642506,-0.0070915739,1.0000000000
70,5.2900000000,left_hand,3,0.5757109523,0.3464059234,-0.0297381841,1.0000000000
71,5.3660000000,left_hand,3,0.5701477528,0.3006281257,-0.0115708318,1.0000000000
72,5.4420000000,left_hand,3,0.6410409212,0.3841168284,-0.0355839096,1.0000000000
73,5.5170000000,left_hand,3,0.6351101730,0.3950303992,-0.0335511934,1.0000000000
74,5.5930000000,left_hand,3,0.6291794247,0.4059439699,-0.0315184771,1.0000000000
75,5.6680000000,left_hand,3,0.6291794247,0.4059439699,-0.0315184771,1.0000000000
76,5.7440000000,left_hand,3,0.6291794247,0.4059439699,-0.0315184771,1.0000000000
77,5.8190000000,left_hand,3,0.6291794247,0.4059439699,-0.0315184771,1.0000000000
78,5.8950000000,left_hand,3,0.6291794247,0.4059439699,-0.0315184771,1.0000000000
79,5.9710000000,left_hand,3,0.5995256835,0.4605118235,-0.0213548959,1.0000000000
80,6.0460000000,left_hand,3,0.5935949352,0.4714253942,-0.0193221797,1.0000000000
81,6.1220000000,left_hand,3,0.5876641870,0.4823389649,-0.0172894634,1.0000000000
82,6.1970000000,left_hand,3,0.5949908495,0.4642919898,-0.0092346976,1.0000000000
83,6.2730000000,left_hand,3,0.5962292552,0.4596744180,-0.0094313705,1.0000000000
84,6.3490000000,left_hand,3,0.5979171991,0.4526563585,-0.0113234287,1.0000000000
85,6.4240000000,left_hand,3,0.5896995664,0.4103927016,-0.0111194300,1.0000000000
86,6.5000000000,left_hand,3,0.5944359899,0.4183686674,-0.0093185576,1.0000000000
87,6.5750000000,left_hand,3,0.5941885539,0.4138386697,-0.0095460005,1.0000000000
88,6.6510000000,left_hand,3,0.5939411180,0.4093086720,-0.0097734435,1.0000000000
89,6.7260000000,left_hand,3,0.5939411180,0.4093086720,-0.0097734435,1.0000000000
90,6.8020000000,left_hand,3,0.5939411180,0.4093086720,-0.0097734435,1.0000000000
91,6.8780000000,left_hand,3,0.5939411180,0.4093086720,-0.0097734435,1.0000000000
92,6.9530000000,left_hand,3,0.5939411180,0.4093086720,-0.0097734435,1.0000000000
93,7.0290000000,left_hand,3,0.5939411180,0.4093086720,-0.0097734435,1.0000000000
94,7.1040000000,left_hand,3,0.5939411180,0.4093086720,-0.0097734435,1.0000000000
95,7.1800000000,left_hand,3,0.5939411180,0.4093086720,-0.0097734435,1.0000000000
96,7.2550000000,left_hand,3,0.5939411180,0.4093086720,-0.0097734435,1.0000000000
97,7.3310000000,left_hand,3,0.5939411180,0.4093086720,-0.0097734435,1.0000000000
98,7.4070000000,left_hand,3,0.5914667589,0.3640086949,-0.0120478729,1.0000000000
99,7.4820000000,left_hand,3,0.5912193230,0.3594786972,-0.0122753158,1.0000000000
100,7.5580000000,left_hand,3,0.5909718871,0.3549486995,-0.0125027588,1.0000000000
101,7.6330000000,left_hand,3,0.5978720784,0.3755984455,-0.0151728720,1.0000000000
102,7.7090000000,left_hand,3,0.6047722697,0.3962481916,-0.0178429852,1.0000000000
103,7.7850000000,left_hand,3,0.6116724610,0.4168979377,-0.0205130985,1.0000000000
104,7.8600000000,left_hand,3,0.6185726523,0.4375476837,-0.0231832117,1.0000000000
105,7.9360000000,left_hand,3,0.6248060465,0.4696026146,-0.0349823236,1.0000000000
106,8.0110000000,left_hand,3,0.6077005863,0.3752659857,-0.0067395079,1.0000000000
107,8.0870000000,left_hand,3,0.6031265259,0.3880431652,-0.0107591432,1.0000000000
108,8.1620000000,left_hand,3,0.6233470440,0.4586331248,-0.0261831358,1.0000000000
109,8.2380000000,left_hand,3,0.6084594131,0.4033576548,-0.0039371853,1.0000000000
110,8.3140000000,left_hand,3,0.6055157185,0.4019401670,-0.0044171163,1.0000000000
111,8.3890000000,left_hand,3,0.6054310799,0.4117408693,-0.0027537236,1.0000000000
112,8.4650000000,left_hand,3,0.6027798653,0.3792218566,-0.0036562176,1.0000000000
113,8.5400000000,left_hand,3,0.6004441721,0.3673885081,-0.0039831318,1.0000000000
114,8.6160000000,left_hand,3,0.5981084790,0.3555551597,-0.0043100460,1.0000000000
115,8.6910000000,left_hand,3,0.5981084790,0.3555551597,-0.0043100460,1.0000000000
116,8.7670000000,left_hand,3,0.5981084790,0.3555551597,-0.0043100460,1.0000000000
117,8.8430000000,left_hand,3,0.5911013995,0.3200551144,-0.0052907887,1.0000000000
118,8.9180000000,left_hand,3,0.5887657063,0.3082217659,-0.0056177029,1.0000000000
119,8.9940000000,left_hand,3,0.5864300132,0.2963884175,-0.0059446171,1.0000000000
120,9.0690000000,left_hand,3,0.5838489532,0.2819168270,-0.0145035945,1.0000000000
121,9.1450000000,left_hand,3,0.5857252479,0.2986438274,-0.0126884617,1.0000000000
122,9.2200000000,left_hand,3,0.5875746012,0.3184029758,-0.0155788474,1.0000000000
123,9.2960000000,left_hand,3,0.5888474584,0.3221845329,-0.0092649898,1.0000000000
124,9.3720000000,left_hand,3,0.5889003277,0.3288251758,-0.0131352851,1.0000000000
125,9.4470000000,left_hand,3,0.5857857466,0.3245871067,-0.0156101780,1.0000000000
126,9.5230000000,left_hand,3,0.5751055479,0.3168096244,-0.0116340574,1.0000000000
127,9.5980000000,left_hand,3,0.5923737884,0.3685716689,-0.0160070583,1.0000000000
128,9.6740000000,left_hand,3,0.5881051421,0.3381780982,-0.0086125676,1.0000000000
129,9.7500000000,left_hand,3,0.5970093608,0.3338980973,-0.0053307437,1.0000000000
130,9.8250000000,left_hand,3,0.5939248800,0.3076463938,-0.0053673270,1.0000000000
131,9.9010000000,left_hand,3,0.5923821330,0.3100503385,-0.0084417593,1.0000000000
132,9.9760000000,left_hand,3,0.5935927629,0.3031604290,-0.0051528392,1.0000000000
133,10.0520000000,left_hand,3,0.5920478106,0.2709833384,-0.0196318403,1.0000000000
134,10.1270000000,left_hand,3,0.5867108107,0.2779086530,-0.0189785697,1.0000000000
135,10.2030000000,left_hand,3,0.5772726536,0.2762351334,-0.0119009316,1.0000000000
136,10.2790000000,left_hand,3,0.5729210973,0.2864623666,-0.0167669579,1.0000000000
137,10.3540000000,left_hand,3,0.6094910204,0.3419189900,-0.0283353738,1.0000000000
138,10.4300000000,left_hand,3,0.6460609436,0.3973756135,-0.0399037898,1.0000000000
139,10.5050000000,left_hand,3,0.6202265024,0.3877423704,-0.0355373807,1.0000000000
140,10.5810000000,left_hand,3,0.5943920612,0.3781091273,-0.0311709717,1.0000000000
141,10.6560000000,left_hand,3,0.5740007758,0.3105831742,-0.0115766125,1.0000000000
142,10.7320000000,left_hand,3,0.5682256818,0.3093599975,-0.0272256061,1.0000000000
143,10.8080000000,left_hand,3,0.5530243516,0.2727497518,-0.0166380294,1.0000000000
144,10.8830000000,left_hand,3,0.5475324988,0.2676052749,-0.0197213180,1.0000000000
145,10.9590000000,left_hand,3,0.5450356007,0.2641276121,-0.0166500341,1.0000000000
146,11.0340000000,left_hand,3,0.5413352251,0.2534246743,-0.0216387212,1.0000000000
147,11.1100000000,left_hand,3,0.5411747694,0.2907010615,-0.0307059847,1.0000000000
148,11.1850000000,left_hand,3,0.5447075069,0.2880984753,-0.0300120171,1.0000000000
149,11.2610000000,left_hand,3,0.5482402444,0.2854958892,-0.0293180496,1.0000000000
150,11.3370000000,left_hand,3,0.5482402444,0.2854958892,-0.0293180496,1.0000000000
151,11.4120000000,left_hand,3,0.5482402444,0.2854958892,-0.0293180496,1.0000000000
152,11.4880000000,left_hand,3,0.5482402444,0.2854958892,-0.0293180496,1.0000000000
153,11.5630000000,left_hand,3,0.5482402444,0.2854958892,-0.0293180496,1.0000000000
154,11.6390000000,left_hand,3,0.5482402444,0.2854958892,-0.0293180496,1.0000000000
155,11.7150000000,left_hand,3,0.5694366693,0.2698803723,-0.0251542442,1.0000000000
156,11.7900000000,left_hand,3,0.5729694068,0.2672777861,-0.0244602766,1.0000000000
157,11.8660000000,left_hand,3,0.5765021443,0.2646752000,-0.0237663090,1.0000000000
158,11.9410000000,left_hand,3,0.5814267993,0.2321447581,-0.0045927987,1.0000000000
67,5.0640000000,left_hand,4,0.5563794374,0.2720473707,-0.0156160127,1.0000000000
68,5.1390000000,left_hand,4,0.5581325889,0.2908565700,-0.0158607420,1.0000000000
69,5.2150000000,left_hand,4,0.5612869859,0.2836044133,-0.0122637330,1.0000000000
70,5.2900000000,left_hand,4,0.5631917715,0.3481140733,-0.0374378040,1.0000000000
71,5.3660000000,left_hand,4,0.5590320230,0.3058973551,-0.0170130413,1.0000000000
72,5.4420000000,left_hand,4,0.6475096345,0.3927748501,-0.0493158586,1.0000000000
73,5.5170000000,left_hand,4,0.6388904386,0.4045234919,-0.0471318163,1.0000000000
74,5.5930000000,left_hand,4,0.6302712427,0.4162721336,-0.0449477740,1.0000000000
75,5.6680000000,left_hand,4,0.6302712427,0.4162721336,-0.0449477740,1.0000000000
76,5.7440000000,left_hand,4,0.6302712427,0.4162721336,-0.0449477740,1.0000000000
77,5.8190000000,left_hand,4,0.6302712427,0.4162721336,-0.0449477740,1.0000000000
78,5.8950000000,left_hand,4,0.6302712427,0.4162721336,-0.0449477740,1.0000000000
79,5.9710000000,left_hand,4,0.5871752633,0.4750153422,-0.0340275626,1.0000000000
80,6.0460000000,left_hand,4,0.5785560674,0.4867639840,-0.0318435203,1.0000000000
81,6.1220000000,left_hand,4,0.5699368715,0.4985126257,-0.0296594780,1.0000000000
82,6.1970000000,left_hand,4,0.5819616318,0.4738745093,-0.0130901188,1.0000000000
83,6.2730000000,left_hand,4,0.5828612447,0.4663918614,-0.0133096846,1.0000000000
84,6.3490000000,left_hand,4,0.5853166580,0.4628933072,-0.0148831587,1.0000000000
85,6.4240000000,left_hand,4,0.5758682489,0.4155908823,-0.0136820842,1.0000000000
86,6.5000000000,left_hand,4,0.5827166438,0.4265286624,-0.0114018274,1.0000000000
87,6.5750000000,left_hand,4,0.5822634058,0.4213238060,-0.0120903128,1.0000000000
88,6.6510000000,left_hand,4,0.5818101679,0.4161189497,-0.0127787981,1.0000000000
89,6.7260000000,left_hand,4,0.5818101679,0.4161189497,-0.0127787981,1.0000000000
90,6.8020000000,left_hand,4,0.5818101679,0.4161189497,-0.0127787981,1.0000000000
91,6.8780000000,left_hand,4,0.5818101679,0.4161189497,-0.0127787981,1.0000000000
92,6.9530000000,left_hand,4,0.5818101679,0.4161189497,-0.0127787981,1.0000000000
93,7.0290000000,left_hand,4,0.5818101679,0.4161189497,-0.0127787981,1.0000000000
94,7.1040000000,left_hand,4,0.5818101679,0.4161189497,-0.0127787981,1.0000000000
95,7.1800000000,left_hand,4,0.5818101679,0.4161189497,-0.0127787981,1.0000000000
96,7.2550000000,left_hand,4,0.5818101679,0.4161189497,-0.0127787981,1.0000000000
97,7.3310000000,left_hand,4,0.5818101679,0.4161189497,-0.0127787981,1.0000000000
98,7.4070000000,left_hand,4,0.5772777881,0.3640703857,-0.0196636515,1.0000000000
99,7.4820000000,left_hand,4,0.5768245501,0.3588655293,-0.0203521368,1.0000000000
100,7.5580000000,left_hand,4,0.5763713121,0.3536606729,-0.0210406221,1.0000000000
101,7.6330000000,left_hand,4,0.5818213224,0.3779949024,-0.0241285898,1.0000000000
102,7.7090000000,left_hand,4,0.5872713327,0.4023291320,-0.0272165574,1.0000000000
103,7.7850000000,left_hand,4,0.5927213430,0.4266633615,-0.0303045250,1.0000000000
104,7.8600000000,left_hand,4,0.5981713533,0.4509975910,-0.0333924927,1.0000000000
105,7.9360000000,left_hand,4,0.6153769493,0.4732512832,-0.0436713956,1.0000000000
106,8.0110000000,left_hand,4,0.5958025455,0.3742910326,-0.0103043588,1.0000000000
107,8.0870000000,left_hand,4,0.5910750031,0.4008911848,-0.0147177279,1.0000000000
108,8.1620000000,left_hand,4,0.6162112951,0.4631664157,-0.0314369574,1.0000000000
109,8.2380000000,left_hand,4,0.6008470654,0.4191240668,-0.0059548686,1.0000000000
110,8.3140000000,left_hand,4,0.5969232917,0.4179852903,-0.0060707247,1.0000000000
111,8.3890000000,left_hand,4,0.5983341932,0.4286209345,-0.0042936169,1.0000000000
112,8.4650000000,left_hand,4,0.5935736299,0.3912588358,-0.0054580877,1.0000000000
113,8.5400000000,left_hand,4,0.5900133763,0.3777776573,-0.0063751944,1.0000000000
114,8.6160000000,left_hand,4,0.5864531228,0.3642964789,-0.0072923011,1.0000000000
115,8.6910000000,left_hand,4,0.5864531228,0.3642964789,-0.0072923011,1.0000000000
116,8.7670000000,left_hand,4,0.5864531228,0.3642964789,-0.0072923011,1.0000000000
117,8.8430000000,left_hand,4,0.5757723621,0.3238529435,-0.0100436213,1.0000000000
118,8.9180000000,left_hand,4,0.5722121085,0.3103717651,-0.0109607281,1.0000000000
119,8.9940000000,left_hand,4,0.5686518550,0.2968905866,-0.0118778348,1.0000000000
120,9.0690000000,left_hand,4,0.5651069880,0.2799467742,-0.0210192520,1.0000000000
121,9.1450000000,left_hand,4,0.5656080842,0.3096919060,-0.0203799624,1.0000000000
122,9.2200000000,left_hand,4,0.5697253346,0.3357263803,-0.0254873484,1.0000000000
123,9.2960000000,left_hand,4,0.5722410679,0.3350969851,-0.0174660776,1.0000000000
124,9.3720000000,left_hand,4,0.5730895400,0.3478318155,-0.0216234289,1.0000000000
125,9.4470000000,left_hand,4,0.5695202351,0.3388492763,-0.0251096152,1.0000000000
126,9.5230000000,left_hand,4,0.5552881360,0.3179323375,-0.0183072947,1.0000000000
127,9.5980000000,left_hand,4,0.5775814056,0.3870589137,-0.0269684251,1.0000000000
128,9.6740000000,left_hand,4,0.5722894073,0.3509152830,-0.0136272814,1.0000000000
129,9.7500000000,left_hand,4,0.5819294453,0.3415225744,-0.0100828912,1.0000000000
130,9.8250000000,left_hand,4,0.5791583061,0.3215585351,-0.0122803226,1.0000000000
131,9.9010000000,left_hand,4,0.5786427855,0.3169572651,-0.0156191606,1.0000000000
132,9.9760000000,left_hand,4,0.5793626904,0.3051711023,-0.0115690241,1.0000000000
133,10.0520000000,left_hand,4,0.5774681568,0.2711128891,-0.0294927061,1.0000000000
134,10.1270000000,left_hand,4,0.5717753768,0.2733694911,-0.0281543005,1.0000000000
135,10.2030000000,left_hand,4,0.5609546304,0.2731192410,-0.0180122964,1.0000000000
136,10.2790000000,left_hand,4,0.5559237003,0.3005377650,-0.0245408285,1.0000000000
137,10.3540000000,left_hand,4,0.6012466848,0.3489057869,-0.0399644850,1.0000000000
138,10.4300000000,left_hand,4,0.6465696692,0.3972738087,-0.0553881414,1.0000000000
139,10.5050000000,left_hand,4,0.6123413742,0.3895180076,-0.0495621432,1.0000000000
140,10.5810000000,left_hand,4,0.5781130791,0.3817622066,-0.0437361449,1.0000000000
141,10.6560000000,left_hand,4,0.5632635355,0.3004244268,-0.0173546690,1.0000000000
142,10.7320000000,left_hand,4,0.5535711050,0.2970877588,-0.0365508236,1.0000000000
143,10.8080000000,left_hand,4,0.5360698700,0.2591858506,-0.0228459816,1.0000000000
144,10.8830000000,left_hand,4,0.5323972702,0.2480210066,-0.0269836877,1.0000000000
145,10.9590000000,left_hand,4,0.5326526761,0.2400609255,-0.0224074069,1.0000000000
146,11.0340000000,left_hand,4,0.5277313590,0.2353862822,-0.0286549367,1.0000000000
147,11.1100000000,left_hand,4,0.5273292065,0.2809607089,-0.0407184474,1.0000000000
148,11.1850000000,left_hand,4,0.5309528768,0.2784584314,-0.0399529744,1.0000000000
149,11.2610000000,left_hand,4,0.5345765471,0.2759561539,-0.0391875014,1.0000000000
150,11.3370000000,left_hand,4,0.5345765471,0.2759561539,-0.0391875014,1.0000000000
151,11.4120000000,left_hand,4,0.5345765471,0.2759561539,-0.0391875014,1.0000000000
152,11.4880000000,left_hand,4,0.5345765471,0.2759561539,-0.0391875014,1.0000000000
153,11.5630000000,left_hand,4,0.5345765471,0.2759561539,-0.0391875014,1.0000000000
154,11.6390000000,left_hand,4,0.5345765471,0.2759561539,-0.0391875014,1.0000000000
155,11.7150000000,left_hand,4,0.5563185692,0.2609424889,-0.0345946632,1.0000000000
156,11.7900000000,left_hand,4,0.5599422395,0.2584402114,-0.0338291902,1.0000000000
157,11.8660000000,left_hand,4,0.5635659099,0.2559379339,-0.0330637172,1.0000000000
158,11.9410000000,left_hand,4,0.5640396476,0.2235803157,-0.0093955705,1.0000000000
67,5.0640000000,left_hand,5,0.5877294540,0.2541138828,-0.0138067324,1.0000000000
68,5.1390000000,left_hand,5,0.5877659321,0.2571870685,-0.0128379762,1.0000000000
69,5.2150000000,left_hand,5,0.5886642933,0.2622560859,-0.0098448349,1.0000000000
70,5.2900000000,left_hand,5,0.5877142549,0.2806322575,-0.0167927276,1.0000000000
71,5.3660000000,left_hand,5,0.5914235711,0.2884777188,-0.0155458190,1.0000000000
72,5.4420000000,left_hand,5,0.6310552359,0.3451075852,-0.0327048711,1.0000000000
73,5.5170000000,left_hand,5,0.6297366884,0.3555277156,-0.0317588682,1.0000000000
74,5.5930000000,left_hand,5,0.6284181409,0.3659478459,-0.0308128653,1.0000000000
75,5.6680000000,left_hand,5,0.6284181409,0.3659478459,-0.0308128653,1.0000000000
76,5.7440000000,left_hand,5,0.6284181409,0.3659478459,-0.0308128653,1.0000000000
77,5.8190000000,left_hand,5,0.6284181409,0.3659478459,-0.0308128653,1.0000000000
78,5.8950000000,left_hand,5,0.6284181409,0.3659478459,-0.0308128653,1.0000000000
79,5.9710000000,left_hand,5,0.6218254036,0.4180484977,-0.0260828508,1.0000000000
80,6.0460000000,left_hand,5,0.6205068562,0.4284686281,-0.0251368479,1.0000000000
81,6.1220000000,left_hand,5,0.6191883087,0.4388887584,-0.0241908450,1.0000000000
82,6.1970000000,left_hand,5,0.6083906889,0.4505485296,-0.0134150973,1.0000000000
83,6.2730000000,left_hand,5,0.6096696854,0.4491740465,-0.0117876185,1.0000000000
84,6.3490000000,left_hand,5,0.6108377576,0.4335121810,-0.0153713543,1.0000000000
85,6.4240000000,left_hand,5,0.6069360375,0.4102041125,-0.0113383643,1.0000000000
86,6.5000000000,left_hand,5,0.6040997505,0.4021650851,-0.0121912751,1.0000000000
87,6.5750000000,left_hand,5,0.6048067638,0.3971228089,-0.0126256118,1.0000000000
88,6.6510000000,left_hand,5,0.6055137771,0.3920805327,-0.0130599484,1.0000000000
89,6.7260000000,left_hand,5,0.6055137771,0.3920805327,-0.0130599484,1.0000000000
90,6.8020000000,left_hand,5,0.6055137771,0.3920805327,-0.0130599484,1.0000000000
91,6.8780000000,left_hand,5,0.6055137771,0.3920805327,-0.0130599484,1.0000000000
92,6.9530000000,left_hand,5,0.6055137771,0.3920805327,-0.0130599484,1.0000000000
93,7.0290000000,left_hand,5,0.6055137771,0.3920805327,-0.0130599484,1.0000000000
94,7.1040000000,left_hand,5,0.6055137771,0.3920805327,-0.0130599484,1.0000000000
95,7.1800000000,left_hand,5,0.6055137771,0.3920805327,-0.0130599484,1.0000000000
96,7.2550000000,left_hand,5,0.6055137771,0.3920805327,-0.0130599484,1.0000000000
97,7.3310000000,left_hand,5,0.6055137771,0.3920805327,-0.0130599484,1.0000000000
98,7.4070000000,left_hand,5,0.6125839097,0.3416577705,-0.0174033150,1.0000000000
99,7.4820000000,left_hand,5,0.6132909230,0.3366154943,-0.0178376516,1.0000000000
100,7.5580000000,left_hand,5,0.6139979362,0.3315732181,-0.0182719883,1.0000000000
101,7.6330000000,left_hand,5,0.6204902530,0.3485172912,-0.0206394531,1.0000000000
102,7.7090000000,left_hand,5,0.6269825697,0.3654613644,-0.0230069179,1.0000000000
103,7.7850000000,left_hand,5,0.6334748864,0.3824054375,-0.0253743827,1.0000000000
104,7.8600000000,left_hand,5,0.6399672031,0.3993495107,-0.0277418476,1.0000000000
105,7.9360000000,left_hand,5,0.6198643446,0.4152047634,-0.0236505512,1.0000000000
106,8.0110000000,left_hand,5,0.6144818664,0.3925662637,-0.0106886085,1.0000000000
107,8.0870000000,left_hand,5,0.6173995733,0.3857283294,-0.0160647426,1.0000000000
108,8.1620000000,left_hand,5,0.6250233650,0.4189685881,-0.0209987238,1.0000000000
109,8.2380000000,left_hand,5,0.6188151836,0.3940792084,-0.0084018791,1.0000000000
110,8.3140000000,left_hand,5,0.6167950630,0.3880209923,-0.0055665444,1.0000000000
111,8.3890000000,left_hand,5,0.6152946353,0.3842486441,-0.0044402564,1.0000000000
112,8.4650000000,left_hand,5,0.6149748564,0.3697317243,-0.0069514560,1.0000000000
113,8.5400000000,left_hand,5,0.6144107665,0.3549881365,-0.0081349956,1.0000000000
114,8.6160000000,left_hand,5,0.6138466767,0.3402445487,-0.0093185352,1.0000000000
115,8.6910000000,left_hand,5,0.6138466767,0.3402445487,-0.0093185352,1.0000000000
116,8.7670000000,left_hand,5,0.6138466767,0.3402445487,-0.0093185352,1.0000000000
117,8.8430000000,left_hand,5,0.6121544072,0.2960137853,-0.0128691541,1.0000000000
118,8.9180000000,left_hand,5,0.6115903173,0.2812701975,-0.0140526937,1.0000000000
119,8.9940000000,left_hand,5,0.6110262275,0.2665266097,-0.0152362334,1.0000000000
120,9.0690000000,left_hand,5,0.6014796495,0.2743648887,-0.0230192970,1.0000000000
121,9.1450000000,left_hand,5,0.6077297926,0.2877290249,-0.0231363643,1.0000000000
122,9.2200000000,left_hand,5,0.6066339016,0.2903274298,-0.0242233090,1.0000000000
123,9.2960000000,left_hand,5,0.6056979895,0.3045330048,-0.0186692830,1.0000000000
124,9.3720000000,left_hand,5,0.6072558165,0.3079163134,-0.0220536571,1.0000000000
125,9.4470000000,left_hand,5,0.6033503413,0.3095002174,-0.0263830461,1.0000000000
126,9.5230000000,left_hand,5,0.5996598005,0.3136754334,-0.0302282199,1.0000000000
127,9.5980000000,left_hand,5,0.6076031923,0.3364992440,-0.0309826080,1.0000000000
128,9.6740000000,left_hand,5,0.6050441861,0.3306702971,-0.0211629309,1.0000000000
129,9.7500000000,left_hand,5,0.6102578044,0.3255552948,-0.0120856212,1.0000000000
130,9.8250000000,left_hand,5,0.6120954156,0.2884540558,-0.0136458836,1.0000000000
131,9.9010000000,left_hand,5,0.6059396863,0.2897967100,-0.0174469166,1.0000000000
132,9.9760000000,left_hand,5,0.6099094152,0.2794711590,-0.0147359045,1.0000000000
133,10.0520000000,left_hand,5,0.6188232303,0.2325177342,-0.0264165029,1.0000000000
134,10.1270000000,left_hand,5,0.6092420220,0.2457350045,-0.0294186845,1.0000000000
135,10.2030000000,left_hand,5,0.6042860746,0.2583314776,-0.0149543257,1.0000000000
136,10.2790000000,left_hand,5,0.5941074491,0.2576562762,-0.0272326339,1.0000000000
137,10.3540000000,left_hand,5,0.6167451143,0.3133295476,-0.0326867970,1.0000000000
138,10.4300000000,left_hand,5,0.6393827796,0.3690028191,-0.0381409600,1.0000000000
139,10.5050000000,left_hand,5,0.6296834350,0.3446693271,-0.0319632282,1.0000000000
140,10.5810000000,left_hand,5,0.6199840903,0.3203358352,-0.0257854965,1.0000000000
141,10.6560000000,left_hand,5,0.5938405395,0.2979082167,-0.0190826021,1.0000000000
142,10.7320000000,left_hand,5,0.6009636521,0.2615796030,-0.0274687316,1.0000000000
143,10.8080000000,left_hand,5,0.5904847383,0.2491004169,-0.0181281809,1.0000000000
144,10.8830000000,left_hand,5,0.5798069239,0.2549474835,-0.0224250741,1.0000000000
145,10.9590000000,left_hand,5,0.5740566254,0.2687378824,-0.0180559494,1.0000000000
146,11.0340000000,left_hand,5,0.5719561577,0.2611643970,-0.0158025995,1.0000000000
147,11.1100000000,left_hand,5,0.5780526996,0.2742392123,-0.0272909012,1.0000000000
148,11.1850000000,left_hand,5,0.5805282474,0.2670044795,-0.0262378478,1.0000000000
149,11.2610000000,left_hand,5,0.5830037951,0.2597697467,-0.0251847945,1.0000000000
150,11.3370000000,left_hand,5,0.5830037951,0.2597697467,-0.0251847945,1.0000000000
151,11.4120000000,left_hand,5,0.5830037951,0.2597697467,-0.0251847945,1.0000000000
152,11.4880000000,left_hand,5,0.5830037951,0.2597697467,-0.0251847945,1.0000000000
153,11.5630000000,left_hand,5,0.5830037951,0.2597697467,-0.0251847945,1.0000000000
154,11.6390000000,left_hand,5,0.5830037951,0.2597697467,-0.0251847945,1.0000000000
155,11.7150000000,left_hand,5,0.5978570819,0.2163613498,-0.0188664746,1.0000000000
156,11.7900000000,left_hand,5,0.6003326297,0.2091266170,-0.0178134212,1.0000000000
157,11.8660000000,left_hand,5,0.6028081775,0.2018918842,-0.0167603679,1.0000000000
158,11.9410000000,left_hand,5,0.6030862927,0.2003945708,-0.0087857777,1.0000000000
67,5.0640000000,left_hand,6,0.5745134950,0.2491990477,-0.0250640530,1.0000000000
68,5.1390000000,left_hand,6,0.5700277686,0.2561140656,-0.0225220285,1.0000000000
69,5.2150000000,left_hand,6,0.5710278153,0.2682511508,-0.0188400913,1.0000000000
70,5.2900000000,left_hand,6,0.5701274872,0.2922914028,-0.0271344911,1.0000000000
71,5.3660000000,left_hand,6,0.5745012164,0.2941612303,-0.0232319757,1.0000000000
72,5.4420000000,left_hand,6,0.6095890999,0.3566931188,-0.0476421453,1.0000000000
73,5.5170000000,left_hand,6,0.6075427996,0.3700763120,-0.0462688245,1.0000000000
74,5.5930000000,left_hand,6,0.6054964993,0.3834595051,-0.0448955037,1.0000000000
75,5.6680000000,left_hand,6,0.6054964993,0.3834595051,-0.0448955037,1.0000000000
76,5.7440000000,left_hand,6,0.6054964993,0.3834595051,-0.0448955037,1.0000000000
77,5.8190000000,left_hand,6,0.6054964993,0.3834595051,-0.0448955037,1.0000000000
78,5.8950000000,left_hand,6,0.6054964993,0.3834595051,-0.0448955037,1.0000000000
79,5.9710000000,left_hand,6,0.5952649977,0.4503754709,-0.0380288996,1.0000000000
80,6.0460000000,left_hand,6,0.5932186974,0.4637586640,-0.0366555788,1.0000000000
81,6.1220000000,left_hand,6,0.5911723971,0.4771418571,-0.0352822579,1.0000000000
82,6.1970000000,left_hand,6,0.5872317553,0.4783141613,-0.0189842451,1.0000000000
83,6.2730000000,left_hand,6,0.5897173882,0.4725654721,-0.0181101076,1.0000000000
84,6.3490000000,left_hand,6,0.5916191936,0.4595824182,-0.0221642032,1.0000000000
85,6.4240000000,left_hand,6,0.5912311673,0.4346703887,-0.0160084274,1.0000000000
86,6.5000000000,left_hand,6,0.5894114971,0.4263480306,-0.0165915247,1.0000000000
87,6.5750000000,left_hand,6,0.5892300563,0.4189720878,-0.0175728782,1.0000000000
88,6.6510000000,left_hand,6,0.5890486155,0.4115961449,-0.0185542317,1.0000000000
89,6.7260000000,left_hand,6,0.5890486155,0.4115961449,-0.0185542317,1.0000000000
90,6.8020000000,left_hand,6,0.5890486155,0.4115961449,-0.0185542317,1.0000000000
91,6.8780000000,left_hand,6,0.5890486155,0.4115961449,-0.0185542317,1.0000000000
92,6.9530000000,left_hand,6,0.5890486155,0.4115961449,-0.0185542317,1.0000000000
93,7.0290000000,left_hand,6,0.5890486155,0.4115961449,-0.0185542317,1.0000000000
94,7.1040000000,left_hand,6,0.5890486155,0.4115961449,-0.0185542317,1.0000000000
95,7.1800000000,left_hand,6,0.5890486155,0.4115961449,-0.0185542317,1.0000000000
96,7.2550000000,left_hand,6,0.5890486155,0.4115961449,-0.0185542317,1.0000000000
97,7.3310000000,left_hand,6,0.5890486155,0.4115961449,-0.0185542317,1.0000000000
98,7.4070000000,left_hand,6,0.5872342076,0.3378367169,-0.0283677666,1.0000000000
99,7.4820000000,left_hand,6,0.5870527668,0.3304607740,-0.0293491201,1.0000000000
100,7.5580000000,left_hand,6,0.5868713260,0.3230848312,-0.0303304736,1.0000000000
101,7.6330000000,left_hand,6,0.5944542885,0.3496377096,-0.0322861453,1.0000000000
102,7.7090000000,left_hand,6,0.6020372510,0.3761905879,-0.0342418170,1.0000000000
103,7.7850000000,left_hand,6,0.6096202135,0.4027434662,-0.0361974887,1.0000000000
104,7.8600000000,left_hand,6,0.6172031760,0.4292963445,-0.0381531604,1.0000000000
105,7.9360000000,left_hand,6,0.5972669125,0.4248841405,-0.0348765142,1.0000000000
106,8.0110000000,left_hand,6,0.5928949714,0.4014333189,-0.0166539438,1.0000000000
107,8.0870000000,left_hand,6,0.5944155455,0.3985294104,-0.0229806304,1.0000000000
108,8.1620000000,left_hand,6,0.6019737720,0.4452422559,-0.0288245995,1.0000000000
109,8.2380000000,left_hand,6,0.6013559103,0.4104881287,-0.0125490874,1.0000000000
110,8.3140000000,left_hand,6,0.5980468988,0.3983044028,-0.0101067508,1.0000000000
111,8.3890000000,left_hand,6,0.5941252112,0.3965047598,-0.0079434048,1.0000000000
112,8.4650000000,left_hand,6,0.5938825011,0.3751706183,-0.0113483863,1.0000000000
113,8.5400000000,left_hand,6,0.5921758924,0.3611259333,-0.0133394796,1.0000000000
114,8.6160000000,left_hand,6,0.5904692837,0.3470812482,-0.0153305729,1.0000000000
115,8.6910000000,left_hand,6,0.5904692837,0.3470812482,-0.0153305729,1.0000000000
116,8.7670000000,left_hand,6,0.5904692837,0.3470812482,-0.0153305729,1.0000000000
117,8.8430000000,left_hand,6,0.5853494576,0.3049471932,-0.0213038528,1.0000000000
118,8.9180000000,left_hand,6,0.5836428489,0.2909025082,-0.0232949460,1.0000000000
119,8.9940000000,left_hand,6,0.5819362402,0.2768578231,-0.0252860393,1.0000000000
120,9.0690000000,left_hand,6,0.5717799664,0.2863964736,-0.0336340033,1.0000000000
121,9.1450000000,left_hand,6,0.5789329410,0.3002508283,-0.0340430364,1.0000000000
122,9.2200000000,left_hand,6,0.5790798664,0.2957484722,-0.0365756527,1.0000000000
123,9.2960000000,left_hand,6,0.5782429576,0.3116652369,-0.0289532822,1.0000000000
124,9.3720000000,left_hand,6,0.5800250173,0.3168381453,-0.0335693844,1.0000000000
125,9.4470000000,left_hand,6,0.5731101632,0.3150598109,-0.0391681381,1.0000000000
126,9.5230000000,left_hand,6,0.5657122731,0.3367596269,-0.0401664302,1.0000000000
127,9.5980000000,left_hand,6,0.5719686747,0.3541870415,-0.0430347100,1.0000000000
128,9.6740000000,left_hand,6,0.5758286715,0.3560243845,-0.0287926048,1.0000000000
129,9.7500000000,left_hand,6,0.5849300027,0.3343490362,-0.0205365922,1.0000000000
130,9.8250000000,left_hand,6,0.5864068270,0.2945780158,-0.0235366002,1.0000000000
131,9.9010000000,left_hand,6,0.5876549482,0.2783720195,-0.0287358295,1.0000000000
132,9.9760000000,left_hand,6,0.5894585252,0.2655383050,-0.0254253205,1.0000000000
133,10.0520000000,left_hand,6,0.5971122980,0.2216781974,-0.0402164347,1.0000000000
134,10.1270000000,left_hand,6,0.5876358747,0.2368782610,-0.0459262095,1.0000000000
135,10.2030000000,left_hand,6,0.5825800896,0.2578208447,-0.0267160125,1.0000000000
136,10.2790000000,left_hand,6,0.5676367283,0.2855798304,-0.0371593870,1.0000000000
137,10.3540000000,left_hand,6,0.5933285952,0.3343757838,-0.0444533490,1.0000000000
138,10.4300000000,left_hand,6,0.6190204620,0.3831717372,-0.0517473109,1.0000000000
139,10.5050000000,left_hand,6,0.6092102826,0.3412837386,-0.0474621821,1.0000000000
140,10.5810000000,left_hand,6,0.5994001031,0.2993957400,-0.0431770533,1.0000000000
141,10.6560000000,left_hand,6,0.5788737535,0.2873532474,-0.0312334541,1.0000000000
142,10.7320000000,left_hand,6,0.5778945684,0.2446849942,-0.0451570526,1.0000000000
143,10.8080000000,left_hand,6,0.5737533569,0.2405710220,-0.0328718200,1.0000000000
144,10.8830000000,left_hand,6,0.5708959103,0.2449585944,-0.0385864191,1.0000000000
145,10.9590000000,left_hand,6,0.5689913630,0.2454145402,-0.0336179323,1.0000000000
146,11.0340000000,left_hand,6,0.5700682998,0.2407515198,-0.0327333063,1.0000000000
147,11.1100000000,left_hand,6,0.5755579472,0.2609145641,-0.0433314629,1.0000000000
148,11.1850000000,left_hand,6,0.5756069958,0.2536125422,-0.0421944097,1.0000000000
149,11.2610000000,left_hand,6,0.5756560445,0.2463105202,-0.0410573564,1.0000000000
150,11.3370000000,left_hand,6,0.5756560445,0.2463105202,-0.0410573564,1.0000000000
151,11.4120000000,left_hand,6,0.5756560445,0.2463105202,-0.0410573564,1.0000000000
152,11.4880000000,left_hand,6,0.5756560445,0.2463105202,-0.0410573564,1.0000000000
153,11.5630000000,left_hand,6,0.5756560445,0.2463105202,-0.0410573564,1.0000000000
154,11.6390000000,left_hand,6,0.5756560445,0.2463105202,-0.0410573564,1.0000000000
155,11.7150000000,left_hand,6,0.5759503365,0.2024983883,-0.0342350371,1.0000000000
156,11.7900000000,left_hand,6,0.5759993851,0.1951963663,-0.0330979839,1.0000000000
157,11.8660000000,left_hand,6,0.5760484338,0.1878943443,-0.0319609307,1.0000000000
158,11.9410000000,left_hand,6,0.5778364539,0.1832290292,-0.0203643572,1.0000000000
67,5.0640000000,left_hand,7,0.5632243156,0.2589800060,-0.0321217217,1.0000000000
68,5.1390000000,left_hand,7,0.5597435236,0.2662715316,-0.0277647339,1.0000000000
69,5.2150000000,left_hand,7,0.5596327782,0.2795082629,-0.0246067438,1.0000000000
70,5.2900000000,left_hand,7,0.5600295663,0.3046420217,-0.0354724973,1.0000000000
71,5.3660000000,left_hand,7,0.5627238154,0.3017055988,-0.0275947321,1.0000000000
72,5.4420000000,left_hand,7,0.5939961076,0.3675301373,-0.0578201301,1.0000000000
73,5.5170000000,left_hand,7,0.5915515357,0.3819171654,-0.0558975604,1.0000000000
74,5.5930000000,left_hand,7,0.5891069637,0.3963041935,-0.0539749906,1.0000000000
75,5.6680000000,left_hand,7,0.5891069637,0.3963041935,-0.0539749906,1.0000000000
76,5.7440000000,left_hand,7,0.5891069637,0.3963041935,-0.0539749906,1.0000000000
77,5.8190000000,left_hand,7,0.5891069637,0.3963041935,-0.0539749906,1.0000000000
78,5.8950000000,left_hand,7,0.5891069637,0.3963041935,-0.0539749906,1.0000000000
79,5.9710000000,left_hand,7,0.5768841041,0.4682393339,-0.0443621419,1.0000000000
80,6.0460000000,left_hand,7,0.5744395322,0.4826263620,-0.0424395721,1.0000000000
81,6.1220000000,left_hand,7,0.5719949603,0.4970133901,-0.0405170023,1.0000000000
82,6.1970000000,left_hand,7,0.5748513937,0.4892536402,-0.0207273476,1.0000000000
83,6.2730000000,left_hand,7,0.5763074160,0.4844988585,-0.0210151412,1.0000000000
84,6.3490000000,left_hand,7,0.5787494183,0.4724050164,-0.0247510131,1.0000000000
85,6.4240000000,left_hand,7,0.5811014175,0.4452126622,-0.0182211455,1.0000000000
86,6.5000000000,left_hand,7,0.5799195766,0.4380134642,-0.0179675724,1.0000000000
87,6.5750000000,left_hand,7,0.5792169060,0.4309716565,-0.0193155904,1.0000000000
88,6.6510000000,left_hand,7,0.5785142354,0.4239298488,-0.0206636084,1.0000000000
89,6.7260000000,left_hand,7,0.5785142354,0.4239298488,-0.0206636084,1.0000000000
90,6.8020000000,left_hand,7,0.5785142354,0.4239298488,-0.0206636084,1.0000000000
91,6.8780000000,left_hand,7,0.5785142354,0.4239298488,-0.0206636084,1.0000000000
92,6.9530000000,left_hand,7,0.5785142354,0.4239298488,-0.0206636084,1.0000000000
93,7.0290000000,left_hand,7,0.5785142354,0.4239298488,-0.0206636084,1.0000000000
94,7.1040000000,left_hand,7,0.5785142354,0.4239298488,-0.0206636084,1.0000000000
95,7.1800000000,left_hand,7,0.5785142354,0.4239298488,-0.0206636084,1.0000000000
96,7.2550000000,left_hand,7,0.5785142354,0.4239298488,-0.0206636084,1.0000000000
97,7.3310000000,left_hand,7,0.5785142354,0.4239298488,-0.0206636084,1.0000000000
98,7.4070000000,left_hand,7,0.5714875289,0.3535117720,-0.0341437882,1.0000000000
99,7.4820000000,left_hand,7,0.5707848583,0.3464699643,-0.0354918062,1.0000000000
100,7.5580000000,left_hand,7,0.5700821877,0.3394281566,-0.0368398242,1.0000000000
101,7.6330000000,left_hand,7,0.5770939589,0.3696588203,-0.0385237681,1.0000000000
102,7.7090000000,left_hand,7,0.5841057301,0.3998894840,-0.0402077120,1.0000000000
103,7.7850000000,left_hand,7,0.5911175013,0.4301201478,-0.0418916559,1.0000000000
104,7.8600000000,left_hand,7,0.5981292725,0.4603508115,-0.0435755998,1.0000000000
105,7.9360000000,left_hand,7,0.5848423839,0.4364469349,-0.0425080955,1.0000000000
106,8.0110000000,left_hand,7,0.5791497827,0.4122583866,-0.0204541162,1.0000000000
107,8.0870000000,left_hand,7,0.5809460878,0.4108428955,-0.0266480520,1.0000000000
108,8.1620000000,left_hand,7,0.5897493958,0.4616440535,-0.0335402675,1.0000000000
109,8.2380000000,left_hand,7,0.5921546817,0.4223363698,-0.0150436880,1.0000000000
110,8.3140000000,left_hand,7,0.5864481926,0.4101994336,-0.0131439492,1.0000000000
111,8.3890000000,left_hand,7,0.5826849937,0.4085429013,-0.0103109200,1.0000000000
112,8.4650000000,left_hand,7,0.5811188817,0.3842944801,-0.0137371644,1.0000000000
113,8.5400000000,left_hand,7,0.5788760185,0.3716248444,-0.0159009567,1.0000000000
114,8.6160000000,left_hand,7,0.5766331553,0.3589552087,-0.0180647490,1.0000000000
115,8.6910000000,left_hand,7,0.5766331553,0.3589552087,-0.0180647490,1.0000000000
116,8.7670000000,left_hand,7,0.5766331553,0.3589552087,-0.0180647490,1.0000000000
117,8.8430000000,left_hand,7,0.5699045658,0.3209463017,-0.0245561259,1.0000000000
118,8.9180000000,left_hand,7,0.5676617026,0.3082766661,-0.0267199182,1.0000000000
119,8.9940000000,left_hand,7,0.5654188395,0.2956070304,-0.0288837105,1.0000000000
120,9.0690000000,left_hand,7,0.5645679832,0.3029693663,-0.0345058255,1.0000000000
121,9.1450000000,left_hand,7,0.5671426654,0.3158618510,-0.0382175669,1.0000000000
122,9.2200000000,left_hand,7,0.5632071495,0.3074657321,-0.0429521613,1.0000000000
123,9.2960000000,left_hand,7,0.5615777373,0.3209207356,-0.0341639370,1.0000000000
124,9.3720000000,left_hand,7,0.5629063249,0.3258493543,-0.0397990905,1.0000000000
125,9.4470000000,left_hand,7,0.5536374450,0.3179343939,-0.0458251275,1.0000000000
126,9.5230000000,left_hand,7,0.5610970855,0.3504360318,-0.0403264537,1.0000000000
127,9.5980000000,left_hand,7,0.5648258328,0.3616842330,-0.0466444343,1.0000000000
128,9.6740000000,left_hand,7,0.5677248836,0.3732089102,-0.0302328654,1.0000000000
129,9.7500000000,left_hand,7,0.5713205338,0.3513501585,-0.0248321686,1.0000000000
130,9.8250000000,left_hand,7,0.5701813698,0.3059064448,-0.0292159375,1.0000000000
131,9.9010000000,left_hand,7,0.5717239380,0.2898773849,-0.0344828218,1.0000000000
132,9.9760000000,left_hand,7,0.5716589093,0.2713107765,-0.0319670662,1.0000000000
133,10.0520000000,left_hand,7,0.5767415762,0.2435514480,-0.0443040505,1.0000000000
134,10.1270000000,left_hand,7,0.5710478425,0.2515392005,-0.0534784161,1.0000000000
135,10.2030000000,left_hand,7,0.5675971508,0.2686056793,-0.0337117016,1.0000000000
136,10.2790000000,left_hand,7,0.5600352287,0.3016966283,-0.0390181877,1.0000000000
137,10.3540000000,left_hand,7,0.5797062516,0.3517503440,-0.0481017884,1.0000000000
138,10.4300000000,left_hand,7,0.5993772745,0.4018040597,-0.0571853891,1.0000000000
139,10.5050000000,left_hand,7,0.5894006491,0.3593814969,-0.0548549891,1.0000000000
140,10.5810000000,left_hand,7,0.5794240236,0.3169589341,-0.0525245890,1.0000000000
141,10.6560000000,left_hand,7,0.5643306971,0.2929632068,-0.0383090824,1.0000000000
142,10.7320000000,left_hand,7,0.5601366162,0.2603371441,-0.0548235402,1.0000000000
143,10.8080000000,left_hand,7,0.5581862330,0.2526327670,-0.0417230204,1.0000000000
144,10.8830000000,left_hand,7,0.5582680106,0.2575735450,-0.0475182757,1.0000000000
145,10.9590000000,left_hand,7,0.5579116940,0.2540588677,-0.0420768596,1.0000000000
146,11.0340000000,left_hand,7,0.5601329207,0.2517033219,-0.0441121422,1.0000000000
147,11.1100000000,left_hand,7,0.5689451098,0.2647220492,-0.0526222624,1.0000000000
148,11.1850000000,left_hand,7,0.5678956270,0.2585030764,-0.0514584493,1.0000000000
149,11.2610000000,left_hand,7,0.5668461442,0.2522841036,-0.0502946362,1.0000000000
150,11.3370000000,left_hand,7,0.5668461442,0.2522841036,-0.0502946362,1.0000000000
151,11.4120000000,left_hand,7,0.5668461442,0.2522841036,-0.0502946362,1.0000000000
152,11.4880000000,left_hand,7,0.5668461442,0.2522841036,-0.0502946362,1.0000000000
153,11.5630000000,left_hand,7,0.5668461442,0.2522841036,-0.0502946362,1.0000000000
154,11.6390000000,left_hand,7,0.5668461442,0.2522841036,-0.0502946362,1.0000000000
155,11.7150000000,left_hand,7,0.5605492473,0.2149702668,-0.0433117576,1.0000000000
156,11.7900000000,left_hand,7,0.5594997644,0.2087512940,-0.0421479445,1.0000000000
157,11.8660000000,left_hand,7,0.5584502816,0.2025323212,-0.0409841314,1.0000000000
158,11.9410000000,left_hand,7,0.5605694056,0.1964216232,-0.0265985541,1.0000000000
67,5.0640000000,left_hand,8,0.5535116196,0.2688487470,-0.0362416841,1.0000000000
68,5.1390000000,left_hand,8,0.5518094301,0.2747455835,-0.0304753222,1.0000000000
69,5.2150000000,left_hand,8,0.5510694981,0.2899155617,-0.0281461980,1.0000000000
70,5.2900000000,left_hand,8,0.5527309775,0.3127539158,-0.0408526249,1.0000000000
71,5.3660000000,left_hand,8,0.5526779294,0.3100236356,-0.0304050725,1.0000000000
72,5.4420000000,left_hand,8,0.5819524527,0.3759801388,-0.0637741908,1.0000000000
73,5.5170000000,left_hand,8,0.5792447726,0.3903581036,-0.0615222657,1.0000000000
74,5.5930000000,left_hand,8,0.5765370925,0.4047360685,-0.0592703405,1.0000000000
75,5.6680000000,left_hand,8,0.5765370925,0.4047360685,-0.0592703405,1.0000000000
76,5.7440000000,left_hand,8,0.5765370925,0.4047360685,-0.0592703405,1.0000000000
77,5.8190000000,left_hand,8,0.5765370925,0.4047360685,-0.0592703405,1.0000000000
78,5.8950000000,left_hand,8,0.5765370925,0.4047360685,-0.0592703405,1.0000000000
79,5.9710000000,left_hand,8,0.5629986922,0.4766258929,-0.0480107148,1.0000000000
80,6.0460000000,left_hand,8,0.5602910121,0.4910038577,-0.0457587896,1.0000000000
81,6.1220000000,left_hand,8,0.5575833321,0.5053818226,-0.0435068645,1.0000000000
82,6.1970000000,left_hand,8,0.5656784773,0.4970085621,-0.0213820543,1.0000000000
83,6.2730000000,left_hand,8,0.5664362907,0.4918206632,-0.0223630108,1.0000000000
84,6.3490000000,left_hand,8,0.5691350698,0.4805754423,-0.0257422589,1.0000000000
85,6.4240000000,left_hand,8,0.5731860399,0.4520741403,-0.0196164139,1.0000000000
86,6.5000000000,left_hand,8,0.5726876855,0.4456058145,-0.0185254570,1.0000000000
87,6.5750000000,left_hand,8,0.5716221162,0.4391074542,-0.0200846750,1.0000000000
88,6.6510000000,left_hand,8,0.5705565470,0.4326090940,-0.0216438930,1.0000000000
89,6.7260000000,left_hand,8,0.5705565470,0.4326090940,-0.0216438930,1.0000000000
90,6.8020000000,left_hand,8,0.5705565470,0.4326090940,-0.0216438930,1.0000000000
91,6.8780000000,left_hand,8,0.5705565470,0.4326090940,-0.0216438930,1.0000000000
92,6.9530000000,left_hand,8,0.5705565470,0.4326090940,-0.0216438930,1.0000000000
93,7.0290000000,left_hand,8,0.5705565470,0.4326090940,-0.0216438930,1.0000000000
94,7.1040000000,left_hand,8,0.5705565470,0.4326090940,-0.0216438930,1.0000000000
95,7.1800000000,left_hand,8,0.5705565470,0.4326090940,-0.0216438930,1.0000000000
96,7.2550000000,left_hand,8,0.5705565470,0.4326090940,-0.0216438930,1.0000000000
97,7.3310000000,left_hand,8,0.5705565470,0.4326090940,-0.0216438930,1.0000000000
98,7.4070000000,left_hand,8,0.5599008543,0.3676254920,-0.0372360729,1.0000000000
99,7.4820000000,left_hand,8,0.5588352851,0.3611271318,-0.0387952909,1.0000000000
100,7.5580000000,left_hand,8,0.5577697158,0.3546287715,-0.0403545089,1.0000000000
101,7.6330000000,left_hand,8,0.5632661879,0.3862222433,-0.0418858733,1.0000000000
102,7.7090000000,left_hand,8,0.5687626600,0.4178157151,-0.0434172377,1.0000000000
103,7.7850000000,left_hand,8,0.5742591321,0.4494091868,-0.0449486021,1.0000000000
104,7.8600000000,left_hand,8,0.5797556043,0.4810026586,-0.0464799665,1.0000000000
105,7.9360000000,left_hand,8,0.5763817430,0.4460385144,-0.0472985581,1.0000000000
106,8.0110000000,left_hand,8,0.5689602494,0.4225399792,-0.0229986887,1.0000000000
107,8.0870000000,left_hand,8,0.5710712671,0.4216229320,-0.0290208980,1.0000000000
108,8.1620000000,left_hand,8,0.5804948807,0.4715258479,-0.0365647860,1.0000000000
109,8.2380000000,left_hand,8,0.5856558084,0.4300230742,-0.0166300852,1.0000000000
110,8.3140000000,left_hand,8,0.5789173841,0.4205503762,-0.0149410395,1.0000000000
111,8.3890000000,left_hand,8,0.5756353736,0.4187446535,-0.0116586983,1.0000000000
112,8.4650000000,left_hand,8,0.5731222630,0.3928493261,-0.0150114102,1.0000000000
113,8.5400000000,left_hand,8,0.5701613086,0.3803309458,-0.0172299314,1.0000000000
114,8.6160000000,left_hand,8,0.5672003542,0.3678125654,-0.0194484526,1.0000000000
115,8.6910000000,left_hand,8,0.5672003542,0.3678125654,-0.0194484526,1.0000000000
116,8.7670000000,left_hand,8,0.5672003542,0.3678125654,-0.0194484526,1.0000000000
117,8.8430000000,left_hand,8,0.5583174910,0.3302574243,-0.0261040162,1.0000000000
118,8.9180000000,left_hand,8,0.5553565366,0.3177390439,-0.0283225374,1.0000000000
119,8.9940000000,left_hand,8,0.5523955822,0.3052206635,-0.0305410586,1.0000000000
120,9.0690000000,left_hand,8,0.5617111325,0.3104996085,-0.0342445970,1.0000000000
121,9.1450000000,left_hand,8,0.5598008037,0.3299975693,-0.0403050147,1.0000000000
122,9.2200000000,left_hand,8,0.5509769917,0.3192070127,-0.0471158214,1.0000000000
123,9.2960000000,left_hand,8,0.5489791036,0.3294304907,-0.0376793779,1.0000000000
124,9.3720000000,left_hand,8,0.5492829680,0.3359886706,-0.0435491800,1.0000000000
125,9.4470000000,left_hand,8,0.5384126902,0.3218643665,-0.0501474924,1.0000000000
126,9.5230000000,left_hand,8,0.5628461242,0.3556386530,-0.0397017151,1.0000000000
127,9.5980000000,left_hand,8,0.5632520914,0.3666850030,-0.0482999086,1.0000000000
128,9.6740000000,left_hand,8,0.5657769442,0.3847001493,-0.0306282379,1.0000000000
129,9.7500000000,left_hand,8,0.5652837157,0.3682452142,-0.0265239477,1.0000000000
130,9.8250000000,left_hand,8,0.5578592420,0.3185544312,-0.0326297693,1.0000000000
131,9.9010000000,left_hand,8,0.5593453646,0.3053349257,-0.0374679491,1.0000000000
132,9.9760000000,left_hand,8,0.5585532784,0.2815503180,-0.0360141285,1.0000000000
133,10.0520000000,left_hand,8,0.5599825382,0.2654977739,-0.0456698798,1.0000000000
134,10.1270000000,left_hand,8,0.5571027994,0.2672751546,-0.0573792160,1.0000000000
135,10.2030000000,left_hand,8,0.5560142994,0.2775609493,-0.0373080708,1.0000000000
136,10.2790000000,left_hand,8,0.5551143289,0.3084844351,-0.0400448442,1.0000000000
137,10.3540000000,left_hand,8,0.5681684911,0.3611203283,-0.0497698206,1.0000000000
138,10.4300000000,left_hand,8,0.5812226534,0.4137562215,-0.0594947971,1.0000000000
139,10.5050000000,left_hand,8,0.5723856091,0.3729499429,-0.0583954565,1.0000000000
140,10.5810000000,left_hand,8,0.5635485649,0.3321436644,-0.0572961159,1.0000000000
141,10.6560000000,left_hand,8,0.5507279634,0.3015065193,-0.0421802029,1.0000000000
142,10.7320000000,left_hand,8,0.5460572839,0.2780590653,-0.0599889569,1.0000000000
143,10.8080000000,left_hand,8,0.5446540117,0.2657736838,-0.0468789600,1.0000000000
144,10.8830000000,left_hand,8,0.5468454957,0.2696813941,-0.0528592989,1.0000000000
145,10.9590000000,left_hand,8,0.5486670136,0.2652724087,-0.0468903854,1.0000000000
146,11.0340000000,left_hand,8,0.5505846739,0.2646710277,-0.0508415252,1.0000000000
147,11.1100000000,left_hand,8,0.5614848137,0.2703652680,-0.0580295399,1.0000000000
148,11.1850000000,left_hand,8,0.5600570858,0.2649720579,-0.0567829560,1.0000000000
149,11.2610000000,left_hand,8,0.5586293578,0.2595788479,-0.0555363722,1.0000000000
150,11.3370000000,left_hand,8,0.5586293578,0.2595788479,-0.0555363722,1.0000000000
151,11.4120000000,left_hand,8,0.5586293578,0.2595788479,-0.0555363722,1.0000000000
152,11.4880000000,left_hand,8,0.5586293578,0.2595788479,-0.0555363722,1.0000000000
153,11.5630000000,left_hand,8,0.5586293578,0.2595788479,-0.0555363722,1.0000000000
154,11.6390000000,left_hand,8,0.5586293578,0.2595788479,-0.0555363722,1.0000000000
155,11.7150000000,left_hand,8,0.5500629902,0.2272195876,-0.0480568692,1.0000000000
156,11.7900000000,left_hand,8,0.5486352623,0.2218263775,-0.0468102854,1.0000000000
157,11.8660000000,left_hand,8,0.5472075343,0.2164331675,-0.0455637015,1.0000000000
158,11.9410000000,left_hand,8,0.5502352715,0.2108980268,-0.0296159405,1.0000000000
67,5.0640000000,left_hand,9,0.5960562229,0.2668513358,-0.0192062706,1.0000000000
68,5.1390000000,left_hand,9,0.5933015943,0.2637482285,-0.0182207990,1.0000000000
69,5.2150000000,left_hand,9,0.5956664681,0.2755799294,-0.0151592381,1.0000000000
70,5.2900000000,left_hand,9,0.5877952576,0.2751483321,-0.0151351765,1.0000000000
71,5.3660000000,left_hand,9,0.5967816710,0.3056483865,-0.0187881291,1.0000000000
72,5.4420000000,left_hand,9,0.6232082248,0.3301592767,-0.0328828730,1.0000000000
73,5.5170000000,left_hand,9,0.6224152578,0.3391004205,-0.0327479487,1.0000000000
74,5.5930000000,left_hand,9,0.6216222909,0.3480415642,-0.0326130245,1.0000000000
75,5.6680000000,left_hand,9,0.6216222909,0.3480415642,-0.0326130245,1.0000000000
76,5.7440000000,left_hand,9,0.6216222909,0.3480415642,-0.0326130245,1.0000000000
77,5.8190000000,left_hand,9,0.6216222909,0.3480415642,-0.0326130245,1.0000000000
78,5.8950000000,left_hand,9,0.6216222909,0.3480415642,-0.0326130245,1.0000000000
79,5.9710000000,left_hand,9,0.6176574561,0.3927472830,-0.0319384034,1.0000000000
80,6.0460000000,left_hand,9,0.6168644892,0.4016884267,-0.0318034792,1.0000000000
81,6.1220000000,left_hand,9,0.6160715222,0.4106295705,-0.0316685550,1.0000000000
82,6.1970000000,left_hand,9,0.6022442579,0.4342506826,-0.0157488007,1.0000000000
83,6.2730000000,left_hand,9,0.6038673520,0.4333582819,-0.0142346080,1.0000000000
84,6.3490000000,left_hand,9,0.6042119265,0.4167270064,-0.0168714747,1.0000000000
85,6.4240000000,left_hand,9,0.6026512980,0.4035108387,-0.0115481801,1.0000000000
86,6.5000000000,left_hand,9,0.5983269811,0.3906638920,-0.0122592561,1.0000000000
87,6.5750000000,left_hand,9,0.5998922033,0.3872205168,-0.0131778456,1.0000000000
88,6.6510000000,left_hand,9,0.6014574255,0.3837771416,-0.0140964352,1.0000000000
89,6.7260000000,left_hand,9,0.6014574255,0.3837771416,-0.0140964352,1.0000000000
90,6.8020000000,left_hand,9,0.6014574255,0.3837771416,-0.0140964352,1.0000000000
91,6.8780000000,left_hand,9,0.6014574255,0.3837771416,-0.0140964352,1.0000000000
92,6.9530000000,left_hand,9,0.6014574255,0.3837771416,-0.0140964352,1.0000000000
93,7.0290000000,left_hand,9,0.6014574255,0.3837771416,-0.0140964352,1.0000000000
94,7.1040000000,left_hand,9,0.6014574255,0.3837771416,-0.0140964352,1.0000000000
95,7.1800000000,left_hand,9,0.6014574255,0.3837771416,-0.0140964352,1.0000000000
96,7.2550000000,left_hand,9,0.6014574255,0.3837771416,-0.0140964352,1.0000000000
97,7.3310000000,left_hand,9,0.6014574255,0.3837771416,-0.0140964352,1.0000000000
98,7.4070000000,left_hand,9,0.6171096478,0.3493433893,-0.0232823305,1.0000000000
99,7.4820000000,left_hand,9,0.6186748700,0.3459000140,-0.0242009200,1.0000000000
100,7.5580000000,left_hand,9,0.6202400923,0.3424566388,-0.0251195095,1.0000000000
101,7.6330000000,left_hand,9,0.6233910769,0.3515386805,-0.0264318702,1.0000000000
102,7.7090000000,left_hand,9,0.6265420616,0.3606207222,-0.0277442308,1.0000000000
103,7.7850000000,left_hand,9,0.6296930462,0.3697027639,-0.0290565914,1.0000000000
104,7.8600000000,left_hand,9,0.6328440309,0.3787848055,-0.0303689521,1.0000000000
105,7.9360000000,left_hand,9,0.6176168323,0.3927658796,-0.0213234145,1.0000000000
106,8.0110000000,left_hand,9,0.6152504683,0.4159791172,-0.0132086640,1.0000000000
107,8.0870000000,left_hand,9,0.6191935539,0.4092123508,-0.0171671752,1.0000000000
108,8.1620000000,left_hand,9,0.6208232641,0.4055963159,-0.0173312128,1.0000000000
109,8.2380000000,left_hand,9,0.6195532680,0.4133222103,-0.0098440796,1.0000000000
110,8.3140000000,left_hand,9,0.6166794896,0.4058438838,-0.0065329070,1.0000000000
111,8.3890000000,left_hand,9,0.6158621907,0.3973051012,-0.0059374911,1.0000000000
112,8.4650000000,left_hand,9,0.6154835224,0.3872827291,-0.0085149296,1.0000000000
113,8.5400000000,left_hand,9,0.6164576156,0.3733134397,-0.0105190493,1.0000000000
114,8.6160000000,left_hand,9,0.6174317087,0.3593441503,-0.0125231690,1.0000000000
115,8.6910000000,left_hand,9,0.6174317087,0.3593441503,-0.0125231690,1.0000000000
116,8.7670000000,left_hand,9,0.6174317087,0.3593441503,-0.0125231690,1.0000000000
117,8.8430000000,left_hand,9,0.6203539882,0.3174362821,-0.0185355281,1.0000000000
118,8.9180000000,left_hand,9,0.6213280814,0.3034669927,-0.0205396478,1.0000000000
119,8.9940000000,left_hand,9,0.6223021746,0.2894977033,-0.0225437675,1.0000000000
120,9.0690000000,left_hand,9,0.6105098724,0.2993311286,-0.0277897902,1.0000000000
121,9.1450000000,left_hand,9,0.6143128276,0.3131790459,-0.0285462309,1.0000000000
122,9.2200000000,left_hand,9,0.6126570106,0.3131785393,-0.0308309346,1.0000000000
123,9.2960000000,left_hand,9,0.6105529666,0.3243960738,-0.0254790504,1.0000000000
124,9.3720000000,left_hand,9,0.6120812297,0.3311562836,-0.0275968164,1.0000000000
125,9.4470000000,left_hand,9,0.6090078354,0.3325775862,-0.0320414081,1.0000000000
126,9.5230000000,left_hand,9,0.6071262956,0.3343934417,-0.0356561989,1.0000000000
127,9.5980000000,left_hand,9,0.6115056276,0.3473795652,-0.0384928435,1.0000000000
128,9.6740000000,left_hand,9,0.6109372377,0.3520550132,-0.0249423534,1.0000000000
129,9.7500000000,left_hand,9,0.6139008999,0.3438071609,-0.0162547883,1.0000000000
130,9.8250000000,left_hand,9,0.6170664430,0.3073960841,-0.0210846271,1.0000000000
131,9.9010000000,left_hand,9,0.6131134033,0.3032560050,-0.0240422934,1.0000000000
132,9.9760000000,left_hand,9,0.6166846156,0.2892443240,-0.0225349478,1.0000000000
133,10.0520000000,left_hand,9,0.6259638071,0.2506241500,-0.0339941829,1.0000000000
134,10.1270000000,left_hand,9,0.6188012958,0.2617202103,-0.0364853814,1.0000000000
135,10.2030000000,left_hand,9,0.6126427054,0.2797487080,-0.0194606315,1.0000000000
136,10.2790000000,left_hand,9,0.6049473882,0.2817616761,-0.0321942456,1.0000000000
137,10.3540000000,left_hand,9,0.6169092655,0.3141692430,-0.0361315161,1.0000000000
138,10.4300000000,left_hand,9,0.6288711429,0.3465768099,-0.0400687866,1.0000000000
139,10.5050000000,left_hand,9,0.6244335175,0.3275037408,-0.0348691763,1.0000000000
140,10.5810000000,left_hand,9,0.6199958920,0.3084306717,-0.0296695661,1.0000000000
141,10.6560000000,left_hand,9,0.6019403338,0.3117783368,-0.0244514868,1.0000000000
142,10.7320000000,left_hand,9,0.6124729514,0.2775934637,-0.0320644863,1.0000000000
143,10.8080000000,left_hand,9,0.6029762626,0.2665597200,-0.0236160345,1.0000000000
144,10.8830000000,left_hand,9,0.5922641158,0.2719576657,-0.0282428954,1.0000000000
145,10.9590000000,left_hand,9,0.5870404243,0.2820540071,-0.0236343388,1.0000000000
146,11.0340000000,left_hand,9,0.5852982402,0.2781036496,-0.0206056144,1.0000000000
147,11.1100000000,left_hand,9,0.5886463523,0.2900921404,-0.0294911060,1.0000000000
148,11.1850000000,left_hand,9,0.5907888114,0.2821091592,-0.0286887562,1.0000000000
149,11.2610000000,left_hand,9,0.5929312706,0.2741261780,-0.0278864063,1.0000000000
150,11.3370000000,left_hand,9,0.5929312706,0.2741261780,-0.0278864063,1.0000000000
151,11.4120000000,left_hand,9,0.5929312706,0.2741261780,-0.0278864063,1.0000000000
152,11.4880000000,left_hand,9,0.5929312706,0.2741261780,-0.0278864063,1.0000000000
153,11.5630000000,left_hand,9,0.5929312706,0.2741261780,-0.0278864063,1.0000000000
154,11.6390000000,left_hand,9,0.5929312706,0.2741261780,-0.0278864063,1.0000000000
155,11.7150000000,left_hand,9,0.6057860255,0.2262282908,-0.0230723072,1.0000000000
156,11.7900000000,left_hand,9,0.6079284847,0.2182453096,-0.0222699573,1.0000000000
157,11.8660000000,left_hand,9,0.6100709438,0.2102623284,-0.0214676075,1.0000000000
158,11.9410000000,left_hand,9,0.6069135070,0.2140708864,-0.0151689295,1.0000000000
67,5.0640000000,left_hand,10,0.5808553696,0.2686637044,-0.0291396379,1.0000000000
68,5.1390000000,left_hand,10,0.5735445023,0.2678766847,-0.0273284335,1.0000000000
69,5.2150000000,left_hand,10,0.5727224946,0.2908319235,-0.0231318157,1.0000000000
70,5.2900000000,left_hand,10,0.5695308447,0.2842828035,-0.0242720991,1.0000000000
71,5.3660000000,left_hand,10,0.5767571330,0.3197244406,-0.0266083833,1.0000000000
72,5.4420000000,left_hand,10,0.5987989306,0.3328313231,-0.0437108763,1.0000000000
73,5.5170000000,left_hand,10,0.5970767008,0.3448039260,-0.0433893671,1.0000000000
74,5.5930000000,left_hand,10,0.5953544709,0.3567765289,-0.0430678580,1.0000000000
75,5.6680000000,left_hand,10,0.5953544709,0.3567765289,-0.0430678580,1.0000000000
76,5.7440000000,left_hand,10,0.5953544709,0.3567765289,-0.0430678580,1.0000000000
77,5.8190000000,left_hand,10,0.5953544709,0.3567765289,-0.0430678580,1.0000000000
78,5.8950000000,left_hand,10,0.5953544709,0.3567765289,-0.0430678580,1.0000000000
79,5.9710000000,left_hand,10,0.5867433217,0.4166395432,-0.0414603125,1.0000000000
80,6.0460000000,left_hand,10,0.5850210918,0.4286121461,-0.0411388034,1.0000000000
81,6.1220000000,left_hand,10,0.5832988620,0.4405847490,-0.0408172943,1.0000000000
82,6.1970000000,left_hand,10,0.5786657333,0.4588446617,-0.0205533765,1.0000000000
83,6.2730000000,left_hand,10,0.5825101137,0.4560867548,-0.0195043683,1.0000000000
84,6.3490000000,left_hand,10,0.5830252171,0.4413599074,-0.0220572576,1.0000000000
85,6.4240000000,left_hand,10,0.5879281759,0.4275583625,-0.0156637337,1.0000000000
86,6.5000000000,left_hand,10,0.5829403400,0.4121840000,-0.0156172635,1.0000000000
87,6.5750000000,left_hand,10,0.5836439346,0.4072854710,-0.0171273154,1.0000000000
88,6.6510000000,left_hand,10,0.5843475291,0.4023869421,-0.0186373674,1.0000000000
89,6.7260000000,left_hand,10,0.5843475291,0.4023869421,-0.0186373674,1.0000000000
90,6.8020000000,left_hand,10,0.5843475291,0.4023869421,-0.0186373674,1.0000000000
91,6.8780000000,left_hand,10,0.5843475291,0.4023869421,-0.0186373674,1.0000000000
92,6.9530000000,left_hand,10,0.5843475291,0.4023869421,-0.0186373674,1.0000000000
93,7.0290000000,left_hand,10,0.5843475291,0.4023869421,-0.0186373674,1.0000000000
94,7.1040000000,left_hand,10,0.5843475291,0.4023869421,-0.0186373674,1.0000000000
95,7.1800000000,left_hand,10,0.5843475291,0.4023869421,-0.0186373674,1.0000000000
96,7.2550000000,left_hand,10,0.5843475291,0.4023869421,-0.0186373674,1.0000000000
97,7.3310000000,left_hand,10,0.5843475291,0.4023869421,-0.0186373674,1.0000000000
98,7.4070000000,left_hand,10,0.5913834742,0.3534016524,-0.0337378868,1.0000000000
99,7.4820000000,left_hand,10,0.5920870687,0.3485031234,-0.0352479388,1.0000000000
100,7.5580000000,left_hand,10,0.5927906632,0.3436045945,-0.0367579907,1.0000000000
101,7.6330000000,left_hand,10,0.5951841772,0.3583944216,-0.0374938920,1.0000000000
102,7.7090000000,left_hand,10,0.5975776911,0.3731842488,-0.0382297933,1.0000000000
103,7.7850000000,left_hand,10,0.5999712050,0.3879740760,-0.0389656946,1.0000000000
104,7.8600000000,left_hand,10,0.6023647189,0.4027639031,-0.0397015959,1.0000000000
105,7.9360000000,left_hand,10,0.5930237770,0.3931578994,-0.0315043069,1.0000000000
106,8.0110000000,left_hand,10,0.5923655033,0.4330211282,-0.0189510100,1.0000000000
107,8.0870000000,left_hand,10,0.5959312916,0.4350457191,-0.0243314337,1.0000000000
108,8.1620000000,left_hand,10,0.5973142385,0.4332863688,-0.0254739169,1.0000000000
109,8.2380000000,left_hand,10,0.5997291803,0.4372810125,-0.0142475469,1.0000000000
110,8.3140000000,left_hand,10,0.5983136892,0.4216881990,-0.0108196558,1.0000000000
111,8.3890000000,left_hand,10,0.5948535800,0.4151941240,-0.0086223837,1.0000000000
112,8.4650000000,left_hand,10,0.5940260887,0.4007297754,-0.0124938702,1.0000000000
113,8.5400000000,left_hand,10,0.5936134713,0.3867311648,-0.0153631406,1.0000000000
114,8.6160000000,left_hand,10,0.5932008539,0.3727325542,-0.0182324109,1.0000000000
115,8.6910000000,left_hand,10,0.5932008539,0.3727325542,-0.0182324109,1.0000000000
116,8.7670000000,left_hand,10,0.5932008539,0.3727325542,-0.0182324109,1.0000000000
117,8.8430000000,left_hand,10,0.5919630017,0.3307367223,-0.0268402219,1.0000000000
118,8.9180000000,left_hand,10,0.5915503842,0.3167381116,-0.0297094923,1.0000000000
119,8.9940000000,left_hand,10,0.5911377668,0.3027395010,-0.0325787626,1.0000000000
120,9.0690000000,left_hand,10,0.5729791522,0.3358401060,-0.0383703299,1.0000000000
121,9.1450000000,left_hand,10,0.5859435797,0.3344325423,-0.0388823636,1.0000000000
122,9.2200000000,left_hand,10,0.5838129520,0.3383685350,-0.0436844863,1.0000000000
123,9.2960000000,left_hand,10,0.5792080760,0.3525234759,-0.0359400995,1.0000000000
124,9.3720000000,left_hand,10,0.5826467872,0.3587034643,-0.0392735600,1.0000000000
125,9.4470000000,left_hand,10,0.5769323111,0.3636419773,-0.0447640046,1.0000000000
126,9.5230000000,left_hand,10,0.5694790483,0.3733759224,-0.0454873219,1.0000000000
127,9.5980000000,left_hand,10,0.5698198676,0.3765064478,-0.0488386564,1.0000000000
128,9.6740000000,left_hand,10,0.5795606971,0.3854597807,-0.0326523967,1.0000000000
129,9.7500000000,left_hand,10,0.5860966444,0.3646801710,-0.0238342974,1.0000000000
130,9.8250000000,left_hand,10,0.5899844766,0.3240631223,-0.0297403317,1.0000000000
131,9.9010000000,left_hand,10,0.5946530700,0.3052576780,-0.0346594118,1.0000000000
132,9.9760000000,left_hand,10,0.5968001485,0.2832257748,-0.0317148231,1.0000000000
133,10.0520000000,left_hand,10,0.5998150110,0.2494750917,-0.0491818264,1.0000000000
134,10.1270000000,left_hand,10,0.5972507000,0.2651183307,-0.0525438674,1.0000000000
135,10.2030000000,left_hand,10,0.5909356475,0.2884956300,-0.0287625790,1.0000000000
136,10.2790000000,left_hand,10,0.5754497051,0.3135960698,-0.0421773456,1.0000000000
137,10.3540000000,left_hand,10,0.5897872150,0.3345200270,-0.0486715902,1.0000000000
138,10.4300000000,left_hand,10,0.6041247249,0.3554439843,-0.0551658347,1.0000000000
139,10.5050000000,left_hand,10,0.5986594856,0.3265318274,-0.0506786928,1.0000000000
140,10.5810000000,left_hand,10,0.5931942463,0.2976196706,-0.0461915508,1.0000000000
141,10.6560000000,left_hand,10,0.5905365348,0.3034710288,-0.0351942368,1.0000000000
142,10.7320000000,left_hand,10,0.5866160393,0.2714352012,-0.0488063470,1.0000000000
143,10.8080000000,left_hand,10,0.5855534077,0.2614516616,-0.0378619172,1.0000000000
144,10.8830000000,left_hand,10,0.5817081332,0.2678648233,-0.0453533493,1.0000000000
145,10.9590000000,left_hand,10,0.5845795870,0.2632763088,-0.0410265662,1.0000000000
146,11.0340000000,left_hand,10,0.5831062198,0.2608233988,-0.0379123800,1.0000000000
147,11.1100000000,left_hand,10,0.5718224645,0.2983369231,-0.0453502759,1.0000000000
148,11.1850000000,left_hand,10,0.5725824952,0.2886500478,-0.0444691885,1.0000000000
149,11.2610000000,left_hand,10,0.5733425260,0.2789631724,-0.0435881011,1.0000000000
150,11.3370000000,left_hand,10,0.5733425260,0.2789631724,-0.0435881011,1.0000000000
151,11.4120000000,left_hand,10,0.5733425260,0.2789631724,-0.0435881011,1.0000000000
152,11.4880000000,left_hand,10,0.5733425260,0.2789631724,-0.0435881011,1.0000000000
153,11.5630000000,left_hand,10,0.5733425260,0.2789631724,-0.0435881011,1.0000000000
154,11.6390000000,left_hand,10,0.5733425260,0.2789631724,-0.0435881011,1.0000000000
155,11.7150000000,left_hand,10,0.5779027104,0.2208419204,-0.0383015767,1.0000000000
156,11.7900000000,left_hand,10,0.5786627412,0.2111550450,-0.0374204893,1.0000000000
157,11.8660000000,left_hand,10,0.5794227719,0.2014681697,-0.0365394019,1.0000000000
158,11.9410000000,left_hand,10,0.5695281029,0.2315174043,-0.0256894007,1.0000000000
67,5.0640000000,left_hand,11,0.5665261745,0.2846037149,-0.0327781327,1.0000000000
68,5.1390000000,left_hand,11,0.5611584783,0.2822851241,-0.0303785671,1.0000000000
69,5.2150000000,left_hand,11,0.5599896312,0.3084506691,-0.0264564827,1.0000000000
70,5.2900000000,left_hand,11,0.5597090721,0.2984239161,-0.0299836956,1.0000000000
71,5.3660000000,left_hand,11,0.5643393397,0.3338070810,-0.0299327970,1.0000000000
72,5.4420000000,left_hand,11,0.5812162161,0.3469600677,-0.0487859845,1.0000000000
73,5.5170000000,left_hand,11,0.5788016518,0.3603079749,-0.0481316269,1.0000000000
74,5.5930000000,left_hand,11,0.5763870875,0.3736558821,-0.0474772693,1.0000000000
75,5.6680000000,left_hand,11,0.5763870875,0.3736558821,-0.0474772693,1.0000000000
76,5.7440000000,left_hand,11,0.5763870875,0.3736558821,-0.0474772693,1.0000000000
77,5.8190000000,left_hand,11,0.5763870875,0.3736558821,-0.0474772693,1.0000000000
78,5.8950000000,left_hand,11,0.5763870875,0.3736558821,-0.0474772693,1.0000000000
79,5.9710000000,left_hand,11,0.5643142660,0.4403954181,-0.0442054814,1.0000000000
80,6.0460000000,left_hand,11,0.5618997018,0.4537433253,-0.0435511238,1.0000000000
81,6.1220000000,left_hand,11,0.5594851375,0.4670912325,-0.0428967662,1.0000000000
82,6.1970000000,left_hand,11,0.5657786131,0.4662478864,-0.0210741293,1.0000000000
83,6.2730000000,left_hand,11,0.5694513321,0.4678095579,-0.0211886857,1.0000000000
84,6.3490000000,left_hand,11,0.5701901317,0.4542258382,-0.0230706260,1.0000000000
85,6.4240000000,left_hand,11,0.5774657130,0.4391979873,-0.0174227878,1.0000000000
86,6.5000000000,left_hand,11,0.5735682845,0.4228766859,-0.0163494702,1.0000000000
87,6.5750000000,left_hand,11,0.5735319044,0.4189991653,-0.0181174745,1.0000000000
88,6.6510000000,left_hand,11,0.5734955243,0.4151216447,-0.0198854788,1.0000000000
89,6.7260000000,left_hand,11,0.5734955243,0.4151216447,-0.0198854788,1.0000000000
90,6.8020000000,left_hand,11,0.5734955243,0.4151216447,-0.0198854788,1.0000000000
91,6.8780000000,left_hand,11,0.5734955243,0.4151216447,-0.0198854788,1.0000000000
92,6.9530000000,left_hand,11,0.5734955243,0.4151216447,-0.0198854788,1.0000000000
93,7.0290000000,left_hand,11,0.5734955243,0.4151216447,-0.0198854788,1.0000000000
94,7.1040000000,left_hand,11,0.5734955243,0.4151216447,-0.0198854788,1.0000000000
95,7.1800000000,left_hand,11,0.5734955243,0.4151216447,-0.0198854788,1.0000000000
96,7.2550000000,left_hand,11,0.5734955243,0.4151216447,-0.0198854788,1.0000000000
97,7.3310000000,left_hand,11,0.5734955243,0.4151216447,-0.0198854788,1.0000000000
98,7.4070000000,left_hand,11,0.5731317231,0.3763464391,-0.0375655216,1.0000000000
99,7.4820000000,left_hand,11,0.5730953429,0.3724689186,-0.0393335259,1.0000000000
100,7.5580000000,left_hand,11,0.5730589628,0.3685913980,-0.0411015302,1.0000000000
101,7.6330000000,left_hand,11,0.5747599453,0.3865467981,-0.0421392675,1.0000000000
102,7.7090000000,left_hand,11,0.5764609277,0.4045021981,-0.0431770049,1.0000000000
103,7.7850000000,left_hand,11,0.5781619102,0.4224575981,-0.0442147423,1.0000000000
104,7.8600000000,left_hand,11,0.5798628926,0.4404129982,-0.0452524796,1.0000000000
105,7.9360000000,left_hand,11,0.5779533386,0.4050314426,-0.0372108370,1.0000000000
106,8.0110000000,left_hand,11,0.5784887671,0.4465318620,-0.0225986447,1.0000000000
107,8.0870000000,left_hand,11,0.5824342370,0.4518157244,-0.0279312488,1.0000000000
108,8.1620000000,left_hand,11,0.5851072073,0.4511592388,-0.0291934498,1.0000000000
109,8.2380000000,left_hand,11,0.5877694488,0.4501934946,-0.0170244407,1.0000000000
110,8.3140000000,left_hand,11,0.5869333744,0.4341458082,-0.0136037627,1.0000000000
111,8.3890000000,left_hand,11,0.5840243101,0.4282176793,-0.0103308158,1.0000000000
112,8.4650000000,left_hand,11,0.5820149183,0.4115967751,-0.0146902381,1.0000000000
113,8.5400000000,left_hand,11,0.5805323294,0.3994547938,-0.0174020116,1.0000000000
114,8.6160000000,left_hand,11,0.5790497405,0.3873128125,-0.0201137852,1.0000000000
115,8.6910000000,left_hand,11,0.5790497405,0.3873128125,-0.0201137852,1.0000000000
116,8.7670000000,left_hand,11,0.5790497405,0.3873128125,-0.0201137852,1.0000000000
117,8.8430000000,left_hand,11,0.5746019738,0.3508868686,-0.0282491060,1.0000000000
118,8.9180000000,left_hand,11,0.5731193849,0.3387448873,-0.0309608796,1.0000000000
119,8.9940000000,left_hand,11,0.5716367960,0.3266029060,-0.0336726531,1.0000000000
120,9.0690000000,left_hand,11,0.5753127933,0.3535612226,-0.0355796814,1.0000000000
121,9.1450000000,left_hand,11,0.5753054023,0.3554076254,-0.0407901146,1.0000000000
122,9.2200000000,left_hand,11,0.5729349852,0.3596358597,-0.0471559428,1.0000000000
123,9.2960000000,left_hand,11,0.5696717501,0.3754261732,-0.0377448052,1.0000000000
124,9.3720000000,left_hand,11,0.5712767839,0.3805068433,-0.0420246758,1.0000000000
125,9.4470000000,left_hand,11,0.5687324405,0.3839384615,-0.0467077754,1.0000000000
126,9.5230000000,left_hand,11,0.5695353746,0.3878880441,-0.0423528552,1.0000000000
127,9.5980000000,left_hand,11,0.5695489049,0.3784680367,-0.0470276028,1.0000000000
128,9.6740000000,left_hand,11,0.5737213492,0.4007712007,-0.0325507149,1.0000000000
129,9.7500000000,left_hand,11,0.5756759048,0.3865916729,-0.0252020247,1.0000000000
130,9.8250000000,left_hand,11,0.5737336278,0.3437801898,-0.0327858366,1.0000000000
131,9.9010000000,left_hand,11,0.5788987875,0.3257666826,-0.0365014002,1.0000000000
132,9.9760000000,left_hand,11,0.5773640871,0.3001383841,-0.0345315970,1.0000000000
133,10.0520000000,left_hand,11,0.5755732059,0.2779740095,-0.0512135439,1.0000000000
134,10.1270000000,left_hand,11,0.5773823857,0.2872129977,-0.0559235215,1.0000000000
135,10.2030000000,left_hand,11,0.5736648440,0.3020083308,-0.0309431907,1.0000000000
136,10.2790000000,left_hand,11,0.5694518685,0.3292221427,-0.0415019356,1.0000000000
137,10.3540000000,left_hand,11,0.5733517110,0.3526725173,-0.0518270265,1.0000000000
138,10.4300000000,left_hand,11,0.5772515535,0.3761228919,-0.0621521175,1.0000000000
139,10.5050000000,left_hand,11,0.5733004510,0.3468397409,-0.0573026221,1.0000000000
140,10.5810000000,left_hand,11,0.5693493485,0.3175565898,-0.0524531268,1.0000000000
141,10.6560000000,left_hand,11,0.5736110806,0.3116800487,-0.0376694500,1.0000000000
142,10.7320000000,left_hand,11,0.5636124611,0.2900172174,-0.0547429360,1.0000000000
143,10.8080000000,left_hand,11,0.5655220151,0.2781276703,-0.0433655418,1.0000000000
144,10.8830000000,left_hand,11,0.5634226799,0.2877983153,-0.0511432849,1.0000000000
145,10.9590000000,left_hand,11,0.5676886439,0.2810240686,-0.0469792932,1.0000000000
146,11.0340000000,left_hand,11,0.5673519969,0.2763921022,-0.0454766043,1.0000000000
147,11.1100000000,left_hand,11,0.5553706884,0.3097643554,-0.0504394285,1.0000000000
148,11.1850000000,left_hand,11,0.5556267679,0.3011656821,-0.0496028773,1.0000000000
149,11.2610000000,left_hand,11,0.5558828473,0.2925670087,-0.0487663262,1.0000000000
150,11.3370000000,left_hand,11,0.5558828473,0.2925670087,-0.0487663262,1.0000000000
151,11.4120000000,left_hand,11,0.5558828473,0.2925670087,-0.0487663262,1.0000000000
152,11.4880000000,left_hand,11,0.5558828473,0.2925670087,-0.0487663262,1.0000000000
153,11.5630000000,left_hand,11,0.5558828473,0.2925670087,-0.0487663262,1.0000000000
154,11.6390000000,left_hand,11,0.5558828473,0.2925670087,-0.0487663262,1.0000000000
155,11.7150000000,left_hand,11,0.5574193239,0.2409749687,-0.0437470190,1.0000000000
156,11.7900000000,left_hand,11,0.5576754034,0.2323762953,-0.0429104678,1.0000000000
157,11.8660000000,left_hand,11,0.5579314828,0.2237776220,-0.0420739166,1.0000000000
158,11.9410000000,left_hand,11,0.5572527051,0.2572279871,-0.0281029250,1.0000000000
67,5.0640000000,left_hand,12,0.5560637712,0.2999217510,-0.0351482704,1.0000000000
68,5.1390000000,left_hand,12,0.5533599854,0.2946403921,-0.0318304673,1.0000000000
69,5.2150000000,left_hand,12,0.5509901047,0.3218384683,-0.0289447252,1.0000000000
70,5.2900000000,left_hand,12,0.5528173447,0.3101310134,-0.0336305536,1.0000000000
71,5.3660000000,left_hand,12,0.5557241440,0.3453158140,-0.0325952545,1.0000000000
72,5.4420000000,left_hand,12,0.5681874156,0.3591393530,-0.0537577495,1.0000000000
73,5.5170000000,left_hand,12,0.5655037827,0.3731074896,-0.0528854914,1.0000000000
74,5.5930000000,left_hand,12,0.5628201498,0.3870756262,-0.0520132333,1.0000000000
75,5.6680000000,left_hand,12,0.5628201498,0.3870756262,-0.0520132333,1.0000000000
76,5.7440000000,left_hand,12,0.5628201498,0.3870756262,-0.0520132333,1.0000000000
77,5.8190000000,left_hand,12,0.5628201498,0.3870756262,-0.0520132333,1.0000000000
78,5.8950000000,left_hand,12,0.5628201498,0.3870756262,-0.0520132333,1.0000000000
79,5.9710000000,left_hand,12,0.5494019853,0.4569163091,-0.0476519428,1.0000000000
80,6.0460000000,left_hand,12,0.5467183524,0.4708844456,-0.0467796847,1.0000000000
81,6.1220000000,left_hand,12,0.5440347195,0.4848525822,-0.0459074266,1.0000000000
82,6.1970000000,left_hand,12,0.5567182302,0.4705801010,-0.0213733520,1.0000000000
83,6.2730000000,left_hand,12,0.5595828295,0.4769238532,-0.0222242102,1.0000000000
84,6.3490000000,left_hand,12,0.5605366826,0.4632076323,-0.0236202031,1.0000000000
85,6.4240000000,left_hand,12,0.5693982840,0.4464777410,-0.0188731346,1.0000000000
86,6.5000000000,left_hand,12,0.5660983920,0.4299834967,-0.0169802234,1.0000000000
87,6.5750000000,left_hand,12,0.5656538648,0.4270628712,-0.0189065063,1.0000000000
88,6.6510000000,left_hand,12,0.5652093376,0.4241422457,-0.0208327893,1.0000000000
89,6.7260000000,left_hand,12,0.5652093376,0.4241422457,-0.0208327893,1.0000000000
90,6.8020000000,left_hand,12,0.5652093376,0.4241422457,-0.0208327893,1.0000000000
91,6.8780000000,left_hand,12,0.5652093376,0.4241422457,-0.0208327893,1.0000000000
92,6.9530000000,left_hand,12,0.5652093376,0.4241422457,-0.0208327893,1.0000000000
93,7.0290000000,left_hand,12,0.5652093376,0.4241422457,-0.0208327893,1.0000000000
94,7.1040000000,left_hand,12,0.5652093376,0.4241422457,-0.0208327893,1.0000000000
95,7.1800000000,left_hand,12,0.5652093376,0.4241422457,-0.0208327893,1.0000000000
96,7.2550000000,left_hand,12,0.5652093376,0.4241422457,-0.0208327893,1.0000000000
97,7.3310000000,left_hand,12,0.5652093376,0.4241422457,-0.0208327893,1.0000000000
98,7.4070000000,left_hand,12,0.5607640658,0.3949359911,-0.0400956188,1.0000000000
99,7.4820000000,left_hand,12,0.5603195386,0.3920153656,-0.0420219017,1.0000000000
100,7.5580000000,left_hand,12,0.5598750114,0.3890947402,-0.0439481847,1.0000000000
101,7.6330000000,left_hand,12,0.5607774407,0.4077606872,-0.0456023999,1.0000000000
102,7.7090000000,left_hand,12,0.5616798699,0.4264266342,-0.0472566150,1.0000000000
103,7.7850000000,left_hand,12,0.5625822991,0.4450925812,-0.0489108302,1.0000000000
104,7.8600000000,left_hand,12,0.5634847283,0.4637585282,-0.0505650453,1.0000000000
105,7.9360000000,left_hand,12,0.5680324435,0.4181252122,-0.0410987437,1.0000000000
106,8.0110000000,left_hand,12,0.5682405829,0.4569508135,-0.0252643246,1.0000000000
107,8.0870000000,left_hand,12,0.5722166896,0.4632815123,-0.0306604039,1.0000000000
108,8.1620000000,left_hand,12,0.5768986940,0.4614595771,-0.0315534621,1.0000000000
109,8.2380000000,left_hand,12,0.5783130527,0.4583042264,-0.0190821700,1.0000000000
110,8.3140000000,left_hand,12,0.5789673328,0.4432774782,-0.0153915808,1.0000000000
111,8.3890000000,left_hand,12,0.5769420266,0.4377092123,-0.0116018057,1.0000000000
112,8.4650000000,left_hand,12,0.5736922026,0.4197291434,-0.0160890725,1.0000000000
113,8.5400000000,left_hand,12,0.5715807847,0.4083983558,-0.0185977620,1.0000000000
114,8.6160000000,left_hand,12,0.5694693668,0.3970675681,-0.0211064515,1.0000000000
115,8.6910000000,left_hand,12,0.5694693668,0.3970675681,-0.0211064515,1.0000000000
116,8.7670000000,left_hand,12,0.5694693668,0.3970675681,-0.0211064515,1.0000000000
117,8.8430000000,left_hand,12,0.5631351130,0.3630752053,-0.0286325200,1.0000000000
118,8.9180000000,left_hand,12,0.5610236951,0.3517444176,-0.0311412095,1.0000000000
119,8.9940000000,left_hand,12,0.5589122772,0.3404136300,-0.0336498991,1.0000000000
120,9.0690000000,left_hand,12,0.5802060962,0.3540233374,-0.0334294178,1.0000000000
121,9.1450000000,left_hand,12,0.5694026947,0.3729111254,-0.0425364450,1.0000000000
122,9.2200000000,left_hand,12,0.5656901598,0.3739835322,-0.0498007499,1.0000000000
123,9.2960000000,left_hand,12,0.5654790998,0.3904366195,-0.0391549207,1.0000000000
124,9.3720000000,left_hand,12,0.5652603507,0.3967349231,-0.0436336435,1.0000000000
125,9.4470000000,left_hand,12,0.5666620731,0.3950073421,-0.0480467156,1.0000000000
126,9.5230000000,left_hand,12,0.5764338374,0.3909217715,-0.0406980328,1.0000000000
127,9.5980000000,left_hand,12,0.5782845020,0.3782445490,-0.0463067219,1.0000000000
128,9.6740000000,left_hand,12,0.5737919807,0.4091260731,-0.0327997133,1.0000000000
129,9.7500000000,left_hand,12,0.5733591914,0.4033999443,-0.0253982097,1.0000000000
130,9.8250000000,left_hand,12,0.5625824928,0.3613646924,-0.0354169123,1.0000000000
131,9.9010000000,left_hand,12,0.5696242452,0.3443260789,-0.0375307500,1.0000000000
132,9.9760000000,left_hand,12,0.5650492907,0.3185882270,-0.0369924940,1.0000000000
133,10.0520000000,left_hand,12,0.5603066087,0.3040123284,-0.0512863062,1.0000000000
134,10.1270000000,left_hand,12,0.5637986660,0.3045549989,-0.0577219725,1.0000000000
135,10.2030000000,left_hand,12,0.5623780489,0.3124510944,-0.0321797132,1.0000000000
136,10.2790000000,left_hand,12,0.5672542453,0.3342599571,-0.0415449478,1.0000000000
137,10.3540000000,left_hand,12,0.5617069304,0.3619018793,-0.0544361342,1.0000000000
138,10.4300000000,left_hand,12,0.5561596155,0.3895438015,-0.0673273206,1.0000000000
139,10.5050000000,left_hand,12,0.5550327301,0.3599029034,-0.0618871395,1.0000000000
140,10.5810000000,left_hand,12,0.5539058447,0.3302620053,-0.0564469583,1.0000000000
141,10.6560000000,left_hand,12,0.5607051849,0.3247036636,-0.0389606170,1.0000000000
142,10.7320000000,left_hand,12,0.5491290092,0.3058120012,-0.0581636168,1.0000000000
143,10.8080000000,left_hand,12,0.5514774919,0.2949993014,-0.0467638001,1.0000000000
144,10.8830000000,left_hand,12,0.5519635081,0.3065485656,-0.0543622747,1.0000000000
145,10.9590000000,left_hand,12,0.5565205216,0.2990646958,-0.0494296625,1.0000000000
146,11.0340000000,left_hand,12,0.5552338958,0.2921094596,-0.0493808165,1.0000000000
147,11.1100000000,left_hand,12,0.5436289310,0.3191433251,-0.0535428561,1.0000000000
148,11.1850000000,left_hand,12,0.5439186990,0.3114437431,-0.0525917340,1.0000000000
149,11.2610000000,left_hand,12,0.5442084670,0.3037441611,-0.0516406119,1.0000000000
150,11.3370000000,left_hand,12,0.5442084670,0.3037441611,-0.0516406119,1.0000000000
151,11.4120000000,left_hand,12,0.5442084670,0.3037441611,-0.0516406119,1.0000000000
152,11.4880000000,left_hand,12,0.5442084670,0.3037441611,-0.0516406119,1.0000000000
153,11.5630000000,left_hand,12,0.5442084670,0.3037441611,-0.0516406119,1.0000000000
154,11.6390000000,left_hand,12,0.5442084670,0.3037441611,-0.0516406119,1.0000000000
155,11.7150000000,left_hand,12,0.5459470749,0.2575466692,-0.0459338792,1.0000000000
156,11.7900000000,left_hand,12,0.5462368429,0.2498470873,-0.0449827570,1.0000000000
157,11.8660000000,left_hand,12,0.5465266109,0.2421475053,-0.0440316349,1.0000000000
158,11.9410000000,left_hand,12,0.5543817282,0.2699710727,-0.0291064736,1.0000000000
67,5.0640000000,left_hand,13,0.6028695703,0.2897337377,-0.0245564785,1.0000000000
68,5.1390000000,left_hand,13,0.5978093743,0.2806011736,-0.0234282911,1.0000000000
69,5.2150000000,left_hand,13,0.6014703512,0.2976628244,-0.0204806756,1.0000000000
70,5.2900000000,left_hand,13,0.5883100629,0.2783924341,-0.0146453390,1.0000000000
71,5.3660000000,left_hand,13,0.6010287404,0.3274671733,-0.0216417797,1.0000000000
72,5.4420000000,left_hand,13,0.6165972352,0.3195644021,-0.0325386040,1.0000000000
73,5.5170000000,left_hand,13,0.6158463226,0.3266552554,-0.0331164081,1.0000000000
74,5.5930000000,left_hand,13,0.6150954101,0.3337461087,-0.0336942122,1.0000000000
75,5.6680000000,left_hand,13,0.6150954101,0.3337461087,-0.0336942122,1.0000000000
76,5.7440000000,left_hand,13,0.6150954101,0.3337461087,-0.0336942122,1.0000000000
77,5.8190000000,left_hand,13,0.6150954101,0.3337461087,-0.0336942122,1.0000000000
78,5.8950000000,left_hand,13,0.6150954101,0.3337461087,-0.0336942122,1.0000000000
79,5.9710000000,left_hand,13,0.6113408473,0.3692003753,-0.0365832328,1.0000000000
80,6.0460000000,left_hand,13,0.6105899347,0.3762912287,-0.0371610369,1.0000000000
81,6.1220000000,left_hand,13,0.6098390222,0.3833820820,-0.0377388410,1.0000000000
82,6.1970000000,left_hand,13,0.5956513286,0.4153269529,-0.0176508948,1.0000000000
83,6.2730000000,left_hand,13,0.5977805853,0.4135404825,-0.0164092071,1.0000000000
84,6.3490000000,left_hand,13,0.5975499153,0.3956159651,-0.0180091448,1.0000000000
85,6.4240000000,left_hand,13,0.5976213217,0.3911271095,-0.0118158637,1.0000000000
86,6.5000000000,left_hand,13,0.5929055810,0.3750760853,-0.0121464916,1.0000000000
87,6.5750000000,left_hand,13,0.5952337427,0.3740679132,-0.0135253947,1.0000000000
88,6.6510000000,left_hand,13,0.5975619044,0.3730597411,-0.0149042979,1.0000000000
89,6.7260000000,left_hand,13,0.5975619044,0.3730597411,-0.0149042979,1.0000000000
90,6.8020000000,left_hand,13,0.5975619044,0.3730597411,-0.0149042979,1.0000000000
91,6.8780000000,left_hand,13,0.5975619044,0.3730597411,-0.0149042979,1.0000000000
92,6.9530000000,left_hand,13,0.5975619044,0.3730597411,-0.0149042979,1.0000000000
93,7.0290000000,left_hand,13,0.5975619044,0.3730597411,-0.0149042979,1.0000000000
94,7.1040000000,left_hand,13,0.5975619044,0.3730597411,-0.0149042979,1.0000000000
95,7.1800000000,left_hand,13,0.5975619044,0.3730597411,-0.0149042979,1.0000000000
96,7.2550000000,left_hand,13,0.5975619044,0.3730597411,-0.0149042979,1.0000000000
97,7.3310000000,left_hand,13,0.5975619044,0.3730597411,-0.0149042979,1.0000000000
98,7.4070000000,left_hand,13,0.6208435212,0.3629780199,-0.0286933295,1.0000000000
99,7.4820000000,left_hand,13,0.6231716829,0.3619698478,-0.0300722327,1.0000000000
100,7.5580000000,left_hand,13,0.6254998446,0.3609616756,-0.0314511359,1.0000000000
101,7.6330000000,left_hand,13,0.6249943525,0.3608822525,-0.0315541448,1.0000000000
102,7.7090000000,left_hand,13,0.6244888604,0.3608028293,-0.0316571537,1.0000000000
103,7.7850000000,left_hand,13,0.6239833683,0.3607234061,-0.0317601627,1.0000000000
104,7.8600000000,left_hand,13,0.6234778762,0.3606439829,-0.0318631716,1.0000000000
105,7.9360000000,left_hand,13,0.6176487803,0.3779594004,-0.0200048666,1.0000000000
106,8.0110000000,left_hand,13,0.6183376312,0.4405487478,-0.0154099977,1.0000000000
107,8.0870000000,left_hand,13,0.6216181517,0.4341490269,-0.0178804453,1.0000000000
108,8.1620000000,left_hand,13,0.6181068420,0.3983635902,-0.0140263736,1.0000000000
109,8.2380000000,left_hand,13,0.6212140918,0.4339017272,-0.0107206237,1.0000000000
110,8.3140000000,left_hand,13,0.6176530123,0.4256639183,-0.0074898666,1.0000000000
111,8.3890000000,left_hand,13,0.6167035103,0.4128400981,-0.0072186231,1.0000000000
112,8.4650000000,left_hand,13,0.6169797182,0.4078697264,-0.0098726898,1.0000000000
113,8.5400000000,left_hand,13,0.6190878749,0.3955678259,-0.0126163281,1.0000000000
114,8.6160000000,left_hand,13,0.6211960316,0.3832659253,-0.0153599664,1.0000000000
115,8.6910000000,left_hand,13,0.6211960316,0.3832659253,-0.0153599664,1.0000000000
116,8.7670000000,left_hand,13,0.6211960316,0.3832659253,-0.0153599664,1.0000000000
117,8.8430000000,left_hand,13,0.6275205016,0.3463602236,-0.0235908811,1.0000000000
118,8.9180000000,left_hand,13,0.6296286583,0.3340583231,-0.0263345194,1.0000000000
119,8.9940000000,left_hand,13,0.6317368150,0.3217564225,-0.0290781576,1.0000000000
120,9.0690000000,left_hand,13,0.6193289757,0.3334453106,-0.0322840735,1.0000000000
121,9.1450000000,left_hand,13,0.6211517453,0.3442560434,-0.0330890603,1.0000000000
122,9.2200000000,left_hand,13,0.6192662716,0.3435467482,-0.0364962481,1.0000000000
123,9.2960000000,left_hand,13,0.6167069674,0.3529844582,-0.0314050280,1.0000000000
124,9.3720000000,left_hand,13,0.6172555685,0.3612463474,-0.0321600810,1.0000000000
125,9.4470000000,left_hand,13,0.6165039539,0.3634146154,-0.0368100256,1.0000000000
126,9.5230000000,left_hand,13,0.6155055165,0.3630480468,-0.0398170799,1.0000000000
127,9.5980000000,left_hand,13,0.6156258583,0.3677835763,-0.0444118679,1.0000000000
128,9.6740000000,left_hand,13,0.6177012324,0.3780097067,-0.0278144460,1.0000000000
129,9.7500000000,left_hand,13,0.6178639531,0.3701473176,-0.0199325383,1.0000000000
130,9.8250000000,left_hand,13,0.6227446198,0.3332619369,-0.0277107004,1.0000000000
131,9.9010000000,left_hand,13,0.6199737787,0.3271804154,-0.0297931619,1.0000000000
132,9.9760000000,left_hand,13,0.6237124205,0.3093200624,-0.0296074413,1.0000000000
133,10.0520000000,left_hand,13,0.6324380636,0.2762260139,-0.0407387875,1.0000000000
134,10.1270000000,left_hand,13,0.6275745630,0.2898896933,-0.0430713072,1.0000000000
135,10.2030000000,left_hand,13,0.6194158792,0.3095183969,-0.0239716452,1.0000000000
136,10.2790000000,left_hand,13,0.6153709888,0.3140714467,-0.0361563116,1.0000000000
137,10.3540000000,left_hand,13,0.6167012155,0.3191246688,-0.0384089742,1.0000000000
138,10.4300000000,left_hand,13,0.6180314422,0.3241778910,-0.0406616367,1.0000000000
139,10.5050000000,left_hand,13,0.6184155643,0.3125701547,-0.0373995174,1.0000000000
140,10.5810000000,left_hand,13,0.6187996864,0.3009624183,-0.0341373980,1.0000000000
141,10.6560000000,left_hand,13,0.6090148091,0.3350819647,-0.0294824224,1.0000000000
142,10.7320000000,left_hand,13,0.6214914918,0.3055326343,-0.0372399315,1.0000000000
143,10.8080000000,left_hand,13,0.6127740145,0.2966323197,-0.0296225268,1.0000000000
144,10.8830000000,left_hand,13,0.6033239365,0.2997774184,-0.0343890153,1.0000000000
145,10.9590000000,left_hand,13,0.5982893705,0.3053269684,-0.0299411472,1.0000000000
146,11.0340000000,left_hand,13,0.5960125923,0.3038338423,-0.0267191585,1.0000000000
147,11.1100000000,left_hand,13,0.5950711966,0.3140216768,-0.0322528370,1.0000000000
148,11.1850000000,left_hand,13,0.5971955717,0.3054359838,-0.0317473175,1.0000000000
149,11.2610000000,left_hand,13,0.5993199468,0.2968502909,-0.0312417980,1.0000000000
150,11.3370000000,left_hand,13,0.5993199468,0.2968502909,-0.0312417980,1.0000000000
151,11.4120000000,left_hand,13,0.5993199468,0.2968502909,-0.0312417980,1.0000000000
152,11.4880000000,left_hand,13,0.5993199468,0.2968502909,-0.0312417980,1.0000000000
153,11.5630000000,left_hand,13,0.5993199468,0.2968502909,-0.0312417980,1.0000000000
154,11.6390000000,left_hand,13,0.5993199468,0.2968502909,-0.0312417980,1.0000000000
155,11.7150000000,left_hand,13,0.6120661974,0.2453361332,-0.0282086812,1.0000000000
156,11.7900000000,left_hand,13,0.6141905725,0.2367504403,-0.0277031617,1.0000000000
157,11.8660000000,left_hand,13,0.6163149476,0.2281647474,-0.0271976423,1.0000000000
158,11.9410000000,left_hand,13,0.6102910638,0.2403700501,-0.0216328911,1.0000000000
67,5.0640000000,left_hand,14,0.5889074802,0.2963787317,-0.0349554755,1.0000000000
68,5.1390000000,left_hand,14,0.5773340464,0.2960362136,-0.0326360613,1.0000000000
69,5.2150000000,left_hand,14,0.5787432790,0.3145889044,-0.0290284865,1.0000000000
70,5.2900000000,left_hand,14,0.5704817176,0.2878011465,-0.0231726449,1.0000000000
71,5.3660000000,left_hand,14,0.5803235769,0.3440127075,-0.0298517663,1.0000000000
72,5.4420000000,left_hand,14,0.5938448906,0.3209286332,-0.0417152122,1.0000000000
73,5.5170000000,left_hand,14,0.5922282603,0.3301685618,-0.0422735521,1.0000000000
74,5.5930000000,left_hand,14,0.5906116300,0.3394084904,-0.0428318919,1.0000000000
75,5.6680000000,left_hand,14,0.5906116300,0.3394084904,-0.0428318919,1.0000000000
76,5.7440000000,left_hand,14,0.5906116300,0.3394084904,-0.0428318919,1.0000000000
77,5.8190000000,left_hand,14,0.5906116300,0.3394084904,-0.0428318919,1.0000000000
78,5.8950000000,left_hand,14,0.5906116300,0.3394084904,-0.0428318919,1.0000000000
79,5.9710000000,left_hand,14,0.5825284786,0.3856081333,-0.0456235914,1.0000000000
80,6.0460000000,left_hand,14,0.5809118483,0.3948480619,-0.0461819313,1.0000000000
81,6.1220000000,left_hand,14,0.5792952180,0.4040879905,-0.0467402712,1.0000000000
82,6.1970000000,left_hand,14,0.5726681352,0.4356828034,-0.0211963784,1.0000000000
83,6.2730000000,left_hand,14,0.5770801902,0.4328041375,-0.0208379459,1.0000000000
84,6.3490000000,left_hand,14,0.5769136548,0.4165681005,-0.0221827328,1.0000000000
85,6.4240000000,left_hand,14,0.5829364657,0.4115104973,-0.0155821256,1.0000000000
86,6.5000000000,left_hand,14,0.5773518682,0.3917893469,-0.0155504867,1.0000000000
87,6.5750000000,left_hand,14,0.5790105121,0.3898212633,-0.0174631953,1.0000000000
88,6.6510000000,left_hand,14,0.5806691561,0.3878531797,-0.0193759038,1.0000000000
89,6.7260000000,left_hand,14,0.5806691561,0.3878531797,-0.0193759038,1.0000000000
90,6.8020000000,left_hand,14,0.5806691561,0.3878531797,-0.0193759038,1.0000000000
91,6.8780000000,left_hand,14,0.5806691561,0.3878531797,-0.0193759038,1.0000000000
92,6.9530000000,left_hand,14,0.5806691561,0.3878531797,-0.0193759038,1.0000000000
93,7.0290000000,left_hand,14,0.5806691561,0.3878531797,-0.0193759038,1.0000000000
94,7.1040000000,left_hand,14,0.5806691561,0.3878531797,-0.0193759038,1.0000000000
95,7.1800000000,left_hand,14,0.5806691561,0.3878531797,-0.0193759038,1.0000000000
96,7.2550000000,left_hand,14,0.5806691561,0.3878531797,-0.0193759038,1.0000000000
97,7.3310000000,left_hand,14,0.5806691561,0.3878531797,-0.0193759038,1.0000000000
98,7.4070000000,left_hand,14,0.5972555961,0.3681723433,-0.0385029891,1.0000000000
99,7.4820000000,left_hand,14,0.5989142401,0.3662042597,-0.0404156976,1.0000000000
100,7.5580000000,left_hand,14,0.6005728841,0.3642361760,-0.0423284061,1.0000000000
101,7.6330000000,left_hand,14,0.5998397022,0.3671905026,-0.0423732242,1.0000000000
102,7.7090000000,left_hand,14,0.5991065204,0.3701448292,-0.0424180422,1.0000000000
103,7.7850000000,left_hand,14,0.5983733386,0.3730991557,-0.0424628602,1.0000000000
104,7.8600000000,left_hand,14,0.5976401567,0.3760534823,-0.0425076783,1.0000000000
105,7.9360000000,left_hand,14,0.5957221985,0.3713804781,-0.0288640782,1.0000000000
106,8.0110000000,left_hand,14,0.5969792604,0.4589618444,-0.0204711705,1.0000000000
107,8.0870000000,left_hand,14,0.5998550057,0.4578602314,-0.0247718506,1.0000000000
108,8.1620000000,left_hand,14,0.5963198543,0.4214922786,-0.0213138871,1.0000000000
109,8.2380000000,left_hand,14,0.6027354002,0.4551733434,-0.0149561744,1.0000000000
110,8.3140000000,left_hand,14,0.5994725823,0.4398146272,-0.0114677893,1.0000000000
111,8.3890000000,left_hand,14,0.5968482494,0.4286372364,-0.0093685379,1.0000000000
112,8.4650000000,left_hand,14,0.5966250896,0.4216638505,-0.0133415880,1.0000000000
113,8.5400000000,left_hand,14,0.5975950360,0.4093173061,-0.0173854682,1.0000000000
114,8.6160000000,left_hand,14,0.5985649824,0.3969707617,-0.0214293483,1.0000000000
115,8.6910000000,left_hand,14,0.5985649824,0.3969707617,-0.0214293483,1.0000000000
116,8.7670000000,left_hand,14,0.5985649824,0.3969707617,-0.0214293483,1.0000000000
117,8.8430000000,left_hand,14,0.6014748216,0.3599311284,-0.0335609889,1.0000000000
118,8.9180000000,left_hand,14,0.6024447680,0.3475845839,-0.0376048691,1.0000000000
119,8.9940000000,left_hand,14,0.6034147143,0.3352380395,-0.0416487493,1.0000000000
120,9.0690000000,left_hand,14,0.5833978653,0.3711628616,-0.0435127057,1.0000000000
121,9.1450000000,left_hand,14,0.5954340696,0.3659149408,-0.0417083800,1.0000000000
122,9.2200000000,left_hand,14,0.5922673345,0.3699807823,-0.0474038050,1.0000000000
123,9.2960000000,left_hand,14,0.5865693092,0.3819211721,-0.0405871198,1.0000000000
124,9.3720000000,left_hand,14,0.5892698169,0.3896840215,-0.0416696668,1.0000000000
125,9.4470000000,left_hand,14,0.5853849053,0.3938508332,-0.0481840335,1.0000000000
126,9.5230000000,left_hand,14,0.5783458948,0.3993978798,-0.0481483601,1.0000000000
127,9.5980000000,left_hand,14,0.5738970637,0.3958525658,-0.0505947247,1.0000000000
128,9.6740000000,left_hand,14,0.5873797536,0.4092563987,-0.0348948278,1.0000000000
129,9.7500000000,left_hand,14,0.5902317166,0.3937129676,-0.0264380854,1.0000000000
130,9.8250000000,left_hand,14,0.5978043675,0.3550000787,-0.0348125100,1.0000000000
131,9.9010000000,left_hand,14,0.6007097960,0.3401293457,-0.0393764414,1.0000000000
132,9.9760000000,left_hand,14,0.6036728621,0.3127041459,-0.0377314985,1.0000000000
133,10.0520000000,left_hand,14,0.6108214259,0.2756632566,-0.0571120307,1.0000000000
134,10.1270000000,left_hand,14,0.6075279117,0.2921538353,-0.0596198253,1.0000000000
135,10.2030000000,left_hand,14,0.5963980556,0.3236466646,-0.0335543491,1.0000000000
136,10.2790000000,left_hand,14,0.5880988240,0.3440537453,-0.0464470387,1.0000000000
137,10.3540000000,left_hand,14,0.5920935273,0.3363663107,-0.0512769651,1.0000000000
138,10.4300000000,left_hand,14,0.5960882306,0.3286788762,-0.0561068915,1.0000000000
139,10.5050000000,left_hand,14,0.5952271521,0.3077161312,-0.0523186475,1.0000000000
140,10.5810000000,left_hand,14,0.5943660736,0.2867533863,-0.0485304035,1.0000000000
141,10.6560000000,left_hand,14,0.5977960229,0.3367877901,-0.0396447219,1.0000000000
142,10.7320000000,left_hand,14,0.6014098525,0.3035948575,-0.0541539267,1.0000000000
143,10.8080000000,left_hand,14,0.5958089828,0.2977755070,-0.0446095914,1.0000000000
144,10.8830000000,left_hand,14,0.5911656618,0.3040072620,-0.0516428836,1.0000000000
145,10.9590000000,left_hand,14,0.5955731869,0.2940762341,-0.0476662926,1.0000000000
146,11.0340000000,left_hand,14,0.5947148204,0.2896900177,-0.0442995392,1.0000000000
147,11.1100000000,left_hand,14,0.5771260858,0.3249787390,-0.0472236462,1.0000000000
148,11.1850000000,left_hand,14,0.5785878003,0.3149624363,-0.0466289986,1.0000000000
149,11.2610000000,left_hand,14,0.5800495148,0.3049461335,-0.0460343510,1.0000000000
150,11.3370000000,left_hand,14,0.5800495148,0.3049461335,-0.0460343510,1.0000000000
151,11.4120000000,left_hand,14,0.5800495148,0.3049461335,-0.0460343510,1.0000000000
152,11.4880000000,left_hand,14,0.5800495148,0.3049461335,-0.0460343510,1.0000000000
153,11.5630000000,left_hand,14,0.5800495148,0.3049461335,-0.0460343510,1.0000000000
154,11.6390000000,left_hand,14,0.5800495148,0.3049461335,-0.0460343510,1.0000000000
155,11.7150000000,left_hand,14,0.5888198018,0.2448483169,-0.0424664654,1.0000000000
156,11.7900000000,left_hand,14,0.5902815163,0.2348320141,-0.0418718178,1.0000000000
157,11.8660000000,left_hand,14,0.5917432308,0.2248157114,-0.0412771702,1.0000000000
158,11.9410000000,left_hand,14,0.5744321942,0.2669267952,-0.0307137575,1.0000000000
67,5.0640000000,left_hand,15,0.5747455955,0.3122068048,-0.0360500105,1.0000000000
68,5.1390000000,left_hand,15,0.5673702359,0.3129686117,-0.0330070630,1.0000000000
69,5.2150000000,left_hand,15,0.5663558841,0.3305382431,-0.0301596541,1.0000000000
70,5.2900000000,left_hand,15,0.5618046522,0.3003728688,-0.0258981586,1.0000000000
71,5.3660000000,left_hand,15,0.5687396526,0.3552192450,-0.0310651716,1.0000000000
72,5.4420000000,left_hand,15,0.5761048794,0.3332322836,-0.0431633592,1.0000000000
73,5.5170000000,left_hand,15,0.5740233527,0.3436815408,-0.0435180085,1.0000000000
74,5.5930000000,left_hand,15,0.5719418261,0.3541307979,-0.0438726577,1.0000000000
75,5.6680000000,left_hand,15,0.5719418261,0.3541307979,-0.0438726577,1.0000000000
76,5.7440000000,left_hand,15,0.5719418261,0.3541307979,-0.0438726577,1.0000000000
77,5.8190000000,left_hand,15,0.5719418261,0.3541307979,-0.0438726577,1.0000000000
78,5.8950000000,left_hand,15,0.5719418261,0.3541307979,-0.0438726577,1.0000000000
79,5.9710000000,left_hand,15,0.5615341928,0.4063770837,-0.0456459042,1.0000000000
80,6.0460000000,left_hand,15,0.5594526662,0.4168263409,-0.0460005535,1.0000000000
81,6.1220000000,left_hand,15,0.5573711395,0.4272755980,-0.0463552028,1.0000000000
82,6.1970000000,left_hand,15,0.5597505569,0.4431769848,-0.0204935018,1.0000000000
83,6.2730000000,left_hand,15,0.5644691586,0.4429132640,-0.0205800775,1.0000000000
84,6.3490000000,left_hand,15,0.5650166869,0.4280824661,-0.0213496611,1.0000000000
85,6.4240000000,left_hand,15,0.5730982423,0.4208863676,-0.0165929999,1.0000000000
86,6.5000000000,left_hand,15,0.5677183270,0.4008378685,-0.0160295907,1.0000000000
87,6.5750000000,left_hand,15,0.5685677273,0.3999339661,-0.0180249362,1.0000000000
88,6.6510000000,left_hand,15,0.5694171275,0.3990300638,-0.0200202816,1.0000000000
89,6.7260000000,left_hand,15,0.5694171275,0.3990300638,-0.0200202816,1.0000000000
90,6.8020000000,left_hand,15,0.5694171275,0.3990300638,-0.0200202816,1.0000000000
91,6.8780000000,left_hand,15,0.5694171275,0.3990300638,-0.0200202816,1.0000000000
92,6.9530000000,left_hand,15,0.5694171275,0.3990300638,-0.0200202816,1.0000000000
93,7.0290000000,left_hand,15,0.5694171275,0.3990300638,-0.0200202816,1.0000000000
94,7.1040000000,left_hand,15,0.5694171275,0.3990300638,-0.0200202816,1.0000000000
95,7.1800000000,left_hand,15,0.5694171275,0.3990300638,-0.0200202816,1.0000000000
96,7.2550000000,left_hand,15,0.5694171275,0.3990300638,-0.0200202816,1.0000000000
97,7.3310000000,left_hand,15,0.5694171275,0.3990300638,-0.0200202816,1.0000000000
98,7.4070000000,left_hand,15,0.5779111300,0.3899910407,-0.0399737361,1.0000000000
99,7.4820000000,left_hand,15,0.5787605303,0.3890871384,-0.0419690815,1.0000000000
100,7.5580000000,left_hand,15,0.5796099305,0.3881832361,-0.0439644270,1.0000000000
101,7.6330000000,left_hand,15,0.5788071156,0.3937550038,-0.0447717579,1.0000000000
102,7.7090000000,left_hand,15,0.5780043006,0.3993267715,-0.0455790889,1.0000000000
103,7.7850000000,left_hand,15,0.5772014856,0.4048985392,-0.0463864198,1.0000000000
104,7.8600000000,left_hand,15,0.5763986707,0.4104703069,-0.0471937507,1.0000000000
105,7.9360000000,left_hand,15,0.5799380541,0.3798253238,-0.0328767113,1.0000000000
106,8.0110000000,left_hand,15,0.5841129422,0.4702673554,-0.0222080089,1.0000000000
107,8.0870000000,left_hand,15,0.5858708620,0.4712738991,-0.0271515232,1.0000000000
108,8.1620000000,left_hand,15,0.5852985382,0.4357598722,-0.0232982635,1.0000000000
109,8.2380000000,left_hand,15,0.5904135108,0.4641548097,-0.0169011932,1.0000000000
110,8.3140000000,left_hand,15,0.5877078176,0.4487397969,-0.0131810671,1.0000000000
111,8.3890000000,left_hand,15,0.5863794684,0.4384582937,-0.0097235665,1.0000000000
112,8.4650000000,left_hand,15,0.5850075483,0.4316670895,-0.0144090177,1.0000000000
113,8.5400000000,left_hand,15,0.5848551818,0.4207196363,-0.0182004680,1.0000000000
114,8.6160000000,left_hand,15,0.5847028153,0.4097721832,-0.0219919183,1.0000000000
115,8.6910000000,left_hand,15,0.5847028153,0.4097721832,-0.0219919183,1.0000000000
116,8.7670000000,left_hand,15,0.5847028153,0.4097721832,-0.0219919183,1.0000000000
117,8.8430000000,left_hand,15,0.5842457158,0.3769298238,-0.0333662690,1.0000000000
118,8.9180000000,left_hand,15,0.5840933493,0.3659823707,-0.0371577193,1.0000000000
119,8.9940000000,left_hand,15,0.5839409828,0.3550349176,-0.0409491695,1.0000000000
120,9.0690000000,left_hand,15,0.5859765410,0.3836482763,-0.0381710269,1.0000000000
121,9.1450000000,left_hand,15,0.5827383399,0.3848777413,-0.0404516608,1.0000000000
122,9.2200000000,left_hand,15,0.5814399123,0.3887400031,-0.0471952409,1.0000000000
123,9.2960000000,left_hand,15,0.5782746077,0.4023923874,-0.0387408622,1.0000000000
124,9.3720000000,left_hand,15,0.5783503652,0.4066964090,-0.0401480086,1.0000000000
125,9.4470000000,left_hand,15,0.5766483545,0.4102814794,-0.0462550409,1.0000000000
126,9.5230000000,left_hand,15,0.5785074234,0.4128284752,-0.0419271439,1.0000000000
127,9.5980000000,left_hand,15,0.5746062398,0.3956373036,-0.0439387262,1.0000000000
128,9.6740000000,left_hand,15,0.5792029500,0.4231392741,-0.0332943015,1.0000000000
129,9.7500000000,left_hand,15,0.5791064501,0.4113593698,-0.0250153691,1.0000000000
130,9.8250000000,left_hand,15,0.5829066038,0.3744880855,-0.0349620283,1.0000000000
131,9.9010000000,left_hand,15,0.5854416490,0.3601638377,-0.0385511182,1.0000000000
132,9.9760000000,left_hand,15,0.5862999558,0.3304078877,-0.0385318398,1.0000000000
133,10.0520000000,left_hand,15,0.5857080221,0.3014477491,-0.0560846739,1.0000000000
134,10.1270000000,left_hand,15,0.5874105692,0.3110125959,-0.0609578416,1.0000000000
135,10.2030000000,left_hand,15,0.5806468129,0.3325182199,-0.0327577107,1.0000000000
136,10.2790000000,left_hand,15,0.5802304745,0.3586138487,-0.0432751626,1.0000000000
137,10.3540000000,left_hand,15,0.5751764178,0.3532399386,-0.0521878321,1.0000000000
138,10.4300000000,left_hand,15,0.5701223612,0.3478660285,-0.0611005016,1.0000000000
139,10.5050000000,left_hand,15,0.5696353018,0.3255971074,-0.0568793714,1.0000000000
140,10.5810000000,left_hand,15,0.5691482425,0.3033281863,-0.0526582412,1.0000000000
141,10.6560000000,left_hand,15,0.5842354298,0.3419640064,-0.0395627804,1.0000000000
142,10.7320000000,left_hand,15,0.5784695745,0.3199177980,-0.0585496128,1.0000000000
143,10.8080000000,left_hand,15,0.5756944418,0.3126658499,-0.0487519689,1.0000000000
144,10.8830000000,left_hand,15,0.5745450854,0.3221216500,-0.0548337400,1.0000000000
145,10.9590000000,left_hand,15,0.5784036517,0.3066364527,-0.0527566634,1.0000000000
146,11.0340000000,left_hand,15,0.5767652988,0.3051504493,-0.0477002226,1.0000000000
147,11.1100000000,left_hand,15,0.5630928874,0.3355573118,-0.0472603962,1.0000000000
148,11.1850000000,left_hand,15,0.5639362097,0.3269240648,-0.0468617465,1.0000000000
149,11.2610000000,left_hand,15,0.5647795320,0.3182908177,-0.0464630969,1.0000000000
150,11.3370000000,left_hand,15,0.5647795320,0.3182908177,-0.0464630969,1.0000000000
151,11.4120000000,left_hand,15,0.5647795320,0.3182908177,-0.0464630969,1.0000000000
152,11.4880000000,left_hand,15,0.5647795320,0.3182908177,-0.0464630969,1.0000000000
153,11.5630000000,left_hand,15,0.5647795320,0.3182908177,-0.0464630969,1.0000000000
154,11.6390000000,left_hand,15,0.5647795320,0.3182908177,-0.0464630969,1.0000000000
155,11.7150000000,left_hand,15,0.5698394656,0.2664913356,-0.0440711990,1.0000000000
156,11.7900000000,left_hand,15,0.5706827879,0.2578580886,-0.0436725494,1.0000000000
157,11.8660000000,left_hand,15,0.5715261102,0.2492248416,-0.0432738997,1.0000000000
158,11.9410000000,left_hand,15,0.5661488175,0.2888250947,-0.0302400030,1.0000000000
67,5.0640000000,left_hand,16,0.5650438666,0.3259953260,-0.0359115005,1.0000000000
68,5.1390000000,left_hand,16,0.5622612238,0.3240833879,-0.0321493931,1.0000000000
69,5.2150000000,left_hand,16,0.5585404634,0.3407781422,-0.0304059628,1.0000000000
70,5.2900000000,left_hand,16,0.5557975173,0.3112532198,-0.0269369911,1.0000000000
71,5.3660000000,left_hand,16,0.5612136126,0.3628748953,-0.0314598493,1.0000000000
72,5.4420000000,left_hand,16,0.5620067120,0.3455388248,-0.0450384356,1.0000000000
73,5.5170000000,left_hand,16,0.5599395103,0.3562849859,-0.0452542400,1.0000000000
74,5.5930000000,left_hand,16,0.5578723086,0.3670311471,-0.0454700444,1.0000000000
75,5.6680000000,left_hand,16,0.5578723086,0.3670311471,-0.0454700444,1.0000000000
76,5.7440000000,left_hand,16,0.5578723086,0.3670311471,-0.0454700444,1.0000000000
77,5.8190000000,left_hand,16,0.5578723086,0.3670311471,-0.0454700444,1.0000000000
78,5.8950000000,left_hand,16,0.5578723086,0.3670311471,-0.0454700444,1.0000000000
79,5.9710000000,left_hand,16,0.5475363003,0.4207619528,-0.0465490665,1.0000000000
80,6.0460000000,left_hand,16,0.5454690986,0.4315081139,-0.0467648709,1.0000000000
81,6.1220000000,left_hand,16,0.5434018970,0.4422542751,-0.0469806753,1.0000000000
82,6.1970000000,left_hand,16,0.5508874059,0.4478082061,-0.0200709924,1.0000000000
83,6.2730000000,left_hand,16,0.5554705858,0.4503952265,-0.0201536976,1.0000000000
84,6.3490000000,left_hand,16,0.5564831495,0.4356612563,-0.0204943847,1.0000000000
85,6.4240000000,left_hand,16,0.5653980970,0.4262760580,-0.0173957665,1.0000000000
86,6.5000000000,left_hand,16,0.5599544048,0.4068565965,-0.0163497776,1.0000000000
87,6.5750000000,left_hand,16,0.5604111212,0.4068726216,-0.0183748704,1.0000000000
88,6.6510000000,left_hand,16,0.5608678375,0.4068886467,-0.0203999632,1.0000000000
89,6.7260000000,left_hand,16,0.5608678375,0.4068886467,-0.0203999632,1.0000000000
90,6.8020000000,left_hand,16,0.5608678375,0.4068886467,-0.0203999632,1.0000000000
91,6.8780000000,left_hand,16,0.5608678375,0.4068886467,-0.0203999632,1.0000000000
92,6.9530000000,left_hand,16,0.5608678375,0.4068886467,-0.0203999632,1.0000000000
93,7.0290000000,left_hand,16,0.5608678375,0.4068886467,-0.0203999632,1.0000000000
94,7.1040000000,left_hand,16,0.5608678375,0.4068886467,-0.0203999632,1.0000000000
95,7.1800000000,left_hand,16,0.5608678375,0.4068886467,-0.0203999632,1.0000000000
96,7.2550000000,left_hand,16,0.5608678375,0.4068886467,-0.0203999632,1.0000000000
97,7.3310000000,left_hand,16,0.5608678375,0.4068886467,-0.0203999632,1.0000000000
98,7.4070000000,left_hand,16,0.5654350008,0.4070488981,-0.0406508914,1.0000000000
99,7.4820000000,left_hand,16,0.5658917172,0.4070649232,-0.0426759842,1.0000000000
100,7.5580000000,left_hand,16,0.5663484335,0.4070809484,-0.0447010770,1.0000000000
101,7.6330000000,left_hand,16,0.5647585541,0.4140057564,-0.0462347521,1.0000000000
102,7.7090000000,left_hand,16,0.5631686747,0.4209305644,-0.0477684271,1.0000000000
103,7.7850000000,left_hand,16,0.5615787953,0.4278553724,-0.0493021021,1.0000000000
104,7.8600000000,left_hand,16,0.5599889159,0.4347801805,-0.0508357771,1.0000000000
105,7.9360000000,left_hand,16,0.5687777400,0.3909214735,-0.0351045169,1.0000000000
106,8.0110000000,left_hand,16,0.5743831992,0.4787650704,-0.0234410595,1.0000000000
107,8.0870000000,left_hand,16,0.5756229758,0.4809866250,-0.0285976231,1.0000000000
108,8.1620000000,left_hand,16,0.5787144303,0.4446020722,-0.0239720363,1.0000000000
109,8.2380000000,left_hand,16,0.5807462335,0.4693690538,-0.0181690156,1.0000000000
110,8.3140000000,left_hand,16,0.5791642666,0.4556480050,-0.0140497498,1.0000000000
111,8.3890000000,left_hand,16,0.5790089965,0.4456402063,-0.0100027621,1.0000000000
112,8.4650000000,left_hand,16,0.5764938593,0.4390302002,-0.0150204953,1.0000000000
113,8.5400000000,left_hand,16,0.5758402688,0.4283524965,-0.0184027877,1.0000000000
114,8.6160000000,left_hand,16,0.5751866783,0.4176747927,-0.0217850802,1.0000000000
115,8.6910000000,left_hand,16,0.5751866783,0.4176747927,-0.0217850802,1.0000000000
116,8.7670000000,left_hand,16,0.5751866783,0.4176747927,-0.0217850802,1.0000000000
117,8.8430000000,left_hand,16,0.5732259069,0.3856416813,-0.0319319575,1.0000000000
118,8.9180000000,left_hand,16,0.5725723164,0.3749639775,-0.0353142499,1.0000000000
119,8.9940000000,left_hand,16,0.5719187260,0.3642862737,-0.0386965424,1.0000000000
120,9.0690000000,left_hand,16,0.5911169052,0.3819037974,-0.0337364227,1.0000000000
121,9.1450000000,left_hand,16,0.5746471286,0.3999420404,-0.0399283282,1.0000000000
122,9.2200000000,left_hand,16,0.5745567679,0.4011334479,-0.0469777957,1.0000000000
123,9.2960000000,left_hand,16,0.5750144124,0.4151578248,-0.0372921340,1.0000000000
124,9.3720000000,left_hand,16,0.5726848841,0.4180448651,-0.0385739245,1.0000000000
125,9.4470000000,left_hand,16,0.5737987757,0.4180456400,-0.0444648862,1.0000000000
126,9.5230000000,left_hand,16,0.5849214792,0.4163129926,-0.0381425619,1.0000000000
127,9.5980000000,left_hand,16,0.5824452639,0.3916241527,-0.0405047052,1.0000000000
128,9.6740000000,left_hand,16,0.5761749148,0.4306346774,-0.0324273705,1.0000000000
129,9.7500000000,left_hand,16,0.5760867000,0.4243045151,-0.0231898781,1.0000000000
130,9.8250000000,left_hand,16,0.5727172494,0.3898405135,-0.0355584361,1.0000000000
131,9.9010000000,left_hand,16,0.5760490894,0.3757532239,-0.0373654291,1.0000000000
132,9.9760000000,left_hand,16,0.5758417845,0.3456102014,-0.0393696837,1.0000000000
133,10.0520000000,left_hand,16,0.5693388581,0.3244348466,-0.0530965999,1.0000000000
134,10.1270000000,left_hand,16,0.5736686587,0.3273473382,-0.0606967844,1.0000000000
135,10.2030000000,left_hand,16,0.5715775490,0.3374225497,-0.0310875364,1.0000000000
136,10.2790000000,left_hand,16,0.5763437748,0.3637552261,-0.0408776887,1.0000000000
137,10.3540000000,left_hand,16,0.5632746220,0.3630749136,-0.0523061808,1.0000000000
138,10.4300000000,left_hand,16,0.5502054691,0.3623946011,-0.0637346730,1.0000000000
139,10.5050000000,left_hand,16,0.5506270528,0.3403460383,-0.0591580700,1.0000000000
140,10.5810000000,left_hand,16,0.5510486364,0.3182974756,-0.0545814671,1.0000000000
141,10.6560000000,left_hand,16,0.5751210451,0.3487688303,-0.0385487638,1.0000000000
142,10.7320000000,left_hand,16,0.5635048151,0.3351943791,-0.0602103919,1.0000000000
143,10.8080000000,left_hand,16,0.5615162849,0.3266965449,-0.0503021069,1.0000000000
144,10.8830000000,left_hand,16,0.5649055243,0.3365027308,-0.0552779622,1.0000000000
145,10.9590000000,left_hand,16,0.5664299130,0.3178604841,-0.0541826375,1.0000000000
146,11.0340000000,left_hand,16,0.5623213053,0.3196506798,-0.0477994718,1.0000000000
147,11.1100000000,left_hand,16,0.5529925823,0.3450426459,-0.0459371097,1.0000000000
148,11.1850000000,left_hand,16,0.5537883222,0.3374125779,-0.0455452528,1.0000000000
149,11.2610000000,left_hand,16,0.5545840621,0.3297825098,-0.0451533958,1.0000000000
150,11.3370000000,left_hand,16,0.5545840621,0.3297825098,-0.0451533958,1.0000000000
151,11.4120000000,left_hand,16,0.5545840621,0.3297825098,-0.0451533958,1.0000000000
152,11.4880000000,left_hand,16,0.5545840621,0.3297825098,-0.0451533958,1.0000000000
153,11.5630000000,left_hand,16,0.5545840621,0.3297825098,-0.0451533958,1.0000000000
154,11.6390000000,left_hand,16,0.5545840621,0.3297825098,-0.0451533958,1.0000000000
155,11.7150000000,left_hand,16,0.5593585014,0.2840021014,-0.0428022541,1.0000000000
156,11.7900000000,left_hand,16,0.5601542413,0.2763720334,-0.0424103972,1.0000000000
157,11.8660000000,left_hand,16,0.5609499812,0.2687419653,-0.0420185402,1.0000000000
158,11.9410000000,left_hand,16,0.5655766129,0.2975708544,-0.0292111058,1.0000000000
67,5.0640000000,left_hand,17,0.6072881222,0.3174388111,-0.0295146164,1.0000000000
68,5.1390000000,left_hand,17,0.6006103158,0.3027225733,-0.0282717049,1.0000000000
69,5.2150000000,left_hand,17,0.6053671837,0.3244565725,-0.0254654810,1.0000000000
70,5.2900000000,left_hand,17,0.5892144442,0.2875380218,-0.0150572434,1.0000000000
71,5.3660000000,left_hand,17,0.6034339666,0.3494699895,-0.0241524931,1.0000000000
72,5.4420000000,left_hand,17,0.6093532443,0.3152145445,-0.0327816345,1.0000000000
73,5.5170000000,left_hand,17,0.6084211402,0.3201117847,-0.0339343341,1.0000000000
74,5.5930000000,left_hand,17,0.6074890362,0.3250090248,-0.0350870337,1.0000000000
75,5.6680000000,left_hand,17,0.6074890362,0.3250090248,-0.0350870337,1.0000000000
76,5.7440000000,left_hand,17,0.6074890362,0.3250090248,-0.0350870337,1.0000000000
77,5.8190000000,left_hand,17,0.6074890362,0.3250090248,-0.0350870337,1.0000000000
78,5.8950000000,left_hand,17,0.6074890362,0.3250090248,-0.0350870337,1.0000000000
79,5.9710000000,left_hand,17,0.6028285159,0.3494952255,-0.0408505317,1.0000000000
80,6.0460000000,left_hand,17,0.6018964118,0.3543924656,-0.0420032313,1.0000000000
81,6.1220000000,left_hand,17,0.6009643078,0.3592897058,-0.0431559309,1.0000000000
82,6.1970000000,left_hand,17,0.5885722637,0.3973249495,-0.0194242727,1.0000000000
83,6.2730000000,left_hand,17,0.5915284157,0.3930914402,-0.0185319316,1.0000000000
84,6.3490000000,left_hand,17,0.5908914208,0.3739575744,-0.0191679187,1.0000000000
85,6.4240000000,left_hand,17,0.5918619037,0.3766284883,-0.0122020338,1.0000000000
86,6.5000000000,left_hand,17,0.5880749226,0.3587638140,-0.0119739864,1.0000000000
87,6.5750000000,left_hand,17,0.5909468276,0.3604760340,-0.0137778072,1.0000000000
88,6.6510000000,left_hand,17,0.5938187327,0.3621882541,-0.0155816280,1.0000000000
89,6.7260000000,left_hand,17,0.5938187327,0.3621882541,-0.0155816280,1.0000000000
90,6.8020000000,left_hand,17,0.5938187327,0.3621882541,-0.0155816280,1.0000000000
91,6.8780000000,left_hand,17,0.5938187327,0.3621882541,-0.0155816280,1.0000000000
92,6.9530000000,left_hand,17,0.5938187327,0.3621882541,-0.0155816280,1.0000000000
93,7.0290000000,left_hand,17,0.5938187327,0.3621882541,-0.0155816280,1.0000000000
94,7.1040000000,left_hand,17,0.5938187327,0.3621882541,-0.0155816280,1.0000000000
95,7.1800000000,left_hand,17,0.5938187327,0.3621882541,-0.0155816280,1.0000000000
96,7.2550000000,left_hand,17,0.5938187327,0.3621882541,-0.0155816280,1.0000000000
97,7.3310000000,left_hand,17,0.5938187327,0.3621882541,-0.0155816280,1.0000000000
98,7.4070000000,left_hand,17,0.6225377832,0.3793104546,-0.0336198362,1.0000000000
99,7.4820000000,left_hand,17,0.6254096883,0.3810226747,-0.0354236571,1.0000000000
100,7.5580000000,left_hand,17,0.6282815933,0.3827348948,-0.0372274779,1.0000000000
101,7.6330000000,left_hand,17,0.6240881681,0.3743181005,-0.0361151071,1.0000000000
102,7.7090000000,left_hand,17,0.6198947430,0.3659013063,-0.0350027364,1.0000000000
103,7.7850000000,left_hand,17,0.6157013178,0.3574845120,-0.0338903656,1.0000000000
104,7.8600000000,left_hand,17,0.6115078926,0.3490677178,-0.0327779949,1.0000000000
105,7.9360000000,left_hand,17,0.6188611388,0.3688976467,-0.0196737051,1.0000000000
106,8.0110000000,left_hand,17,0.6231634021,0.4638147354,-0.0174490958,1.0000000000
107,8.0870000000,left_hand,17,0.6240083575,0.4582521915,-0.0182640292,1.0000000000
108,8.1620000000,left_hand,17,0.6157956719,0.3959671557,-0.0113981217,1.0000000000
109,8.2380000000,left_hand,17,0.6233319044,0.4518045783,-0.0111408513,1.0000000000
110,8.3140000000,left_hand,17,0.6193515062,0.4443818927,-0.0082532279,1.0000000000
111,8.3890000000,left_hand,17,0.6179109812,0.4281903505,-0.0082278298,1.0000000000
112,8.4650000000,left_hand,17,0.6189207435,0.4285396338,-0.0109617282,1.0000000000
113,8.5400000000,left_hand,17,0.6217272793,0.4184597816,-0.0143231042,1.0000000000
114,8.6160000000,left_hand,17,0.6245338150,0.4083799294,-0.0176844802,1.0000000000
115,8.6910000000,left_hand,17,0.6245338150,0.4083799294,-0.0176844802,1.0000000000
116,8.7670000000,left_hand,17,0.6245338150,0.4083799294,-0.0176844802,1.0000000000
117,8.8430000000,left_hand,17,0.6329534224,0.3781403729,-0.0277686082,1.0000000000
118,8.9180000000,left_hand,17,0.6357599582,0.3680605207,-0.0311299842,1.0000000000
119,8.9940000000,left_hand,17,0.6385664940,0.3579806685,-0.0344913602,1.0000000000
120,9.0690000000,left_hand,17,0.6272213459,0.3691452146,-0.0364814103,1.0000000000
121,9.1450000000,left_hand,17,0.6266432405,0.3773980737,-0.0370759666,1.0000000000
122,9.2200000000,left_hand,17,0.6244979501,0.3770440221,-0.0416007899,1.0000000000
123,9.2960000000,left_hand,17,0.6221796274,0.3839865625,-0.0367049761,1.0000000000
124,9.3720000000,left_hand,17,0.6216009259,0.3940695524,-0.0361722559,1.0000000000
125,9.4470000000,left_hand,17,0.6231015325,0.3951655626,-0.0410222523,1.0000000000
126,9.5230000000,left_hand,17,0.6228783131,0.3941878676,-0.0433832183,1.0000000000
127,9.5980000000,left_hand,17,0.6174929142,0.3913275599,-0.0495778657,1.0000000000
128,9.6740000000,left_hand,17,0.6239132285,0.4051113129,-0.0300390236,1.0000000000
129,9.7500000000,left_hand,17,0.6216670275,0.4002279043,-0.0229669567,1.0000000000
130,9.8250000000,left_hand,17,0.6276534796,0.3632782698,-0.0336929187,1.0000000000
131,9.9010000000,left_hand,17,0.6252414584,0.3537119031,-0.0346374959,1.0000000000
132,9.9760000000,left_hand,17,0.6293674707,0.3345582485,-0.0358883478,1.0000000000
133,10.0520000000,left_hand,17,0.6354672909,0.3053830564,-0.0466621071,1.0000000000
134,10.1270000000,left_hand,17,0.6328679919,0.3222716749,-0.0489860326,1.0000000000
135,10.2030000000,left_hand,17,0.6243528128,0.3402709663,-0.0281166509,1.0000000000
136,10.2790000000,left_hand,17,0.6235730648,0.3474353254,-0.0395625196,1.0000000000
137,10.3540000000,left_hand,17,0.6151931286,0.3271708190,-0.0402611513,1.0000000000
138,10.4300000000,left_hand,17,0.6068131924,0.3069063127,-0.0409597829,1.0000000000
139,10.5050000000,left_hand,17,0.6118802726,0.3017095923,-0.0398579054,1.0000000000
140,10.5810000000,left_hand,17,0.6169473529,0.2965128720,-0.0387560278,1.0000000000
141,10.6560000000,left_hand,17,0.6144055128,0.3608072400,-0.0341515765,1.0000000000
142,10.7320000000,left_hand,17,0.6275168657,0.3392218649,-0.0425508581,1.0000000000
143,10.8080000000,left_hand,17,0.6193345785,0.3327785730,-0.0353378803,1.0000000000
144,10.8830000000,left_hand,17,0.6122476459,0.3318665624,-0.0402723923,1.0000000000
145,10.9590000000,left_hand,17,0.6068505645,0.3334264755,-0.0358198248,1.0000000000
146,11.0340000000,left_hand,17,0.6027706265,0.3343054056,-0.0329824127,1.0000000000
147,11.1100000000,left_hand,17,0.5986613035,0.3397260606,-0.0356169045,1.0000000000
148,11.1850000000,left_hand,17,0.6009394228,0.3309262186,-0.0353884511,1.0000000000
149,11.2610000000,left_hand,17,0.6032175422,0.3221263766,-0.0351599976,1.0000000000
150,11.3370000000,left_hand,17,0.6032175422,0.3221263766,-0.0351599976,1.0000000000
151,11.4120000000,left_hand,17,0.6032175422,0.3221263766,-0.0351599976,1.0000000000
152,11.4880000000,left_hand,17,0.6032175422,0.3221263766,-0.0351599976,1.0000000000
153,11.5630000000,left_hand,17,0.6032175422,0.3221263766,-0.0351599976,1.0000000000
154,11.6390000000,left_hand,17,0.6032175422,0.3221263766,-0.0351599976,1.0000000000
155,11.7150000000,left_hand,17,0.6168862581,0.2693273246,-0.0337892771,1.0000000000
156,11.7900000000,left_hand,17,0.6191643775,0.2605274826,-0.0335608236,1.0000000000
157,11.8660000000,left_hand,17,0.6214424968,0.2517276406,-0.0333323702,1.0000000000
158,11.9410000000,left_hand,17,0.6135838032,0.2725668550,-0.0278334673,1.0000000000
67,5.0640000000,left_hand,18,0.5917460918,0.3310663998,-0.0390297100,1.0000000000
68,5.1390000000,left_hand,18,0.5826159716,0.3208035529,-0.0362367891,1.0000000000
69,5.2150000000,left_hand,18,0.5858664513,0.3386290967,-0.0333321020,1.0000000000
70,5.2900000000,left_hand,18,0.5739898682,0.2957166135,-0.0221005864,1.0000000000
71,5.3660000000,left_hand,18,0.5854819417,0.3667067885,-0.0321854763,1.0000000000
72,5.4420000000,left_hand,18,0.5853430629,0.3256092668,-0.0399675034,1.0000000000
73,5.5170000000,left_hand,18,0.5840242373,0.3304951125,-0.0411547278,1.0000000000
74,5.5930000000,left_hand,18,0.5827054116,0.3353809582,-0.0423419521,1.0000000000
75,5.6680000000,left_hand,18,0.5827054116,0.3353809582,-0.0423419521,1.0000000000
76,5.7440000000,left_hand,18,0.5827054116,0.3353809582,-0.0423419521,1.0000000000
77,5.8190000000,left_hand,18,0.5827054116,0.3353809582,-0.0423419521,1.0000000000
78,5.8950000000,left_hand,18,0.5827054116,0.3353809582,-0.0423419521,1.0000000000
79,5.9710000000,left_hand,18,0.5761112836,0.3598101868,-0.0482780739,1.0000000000
80,6.0460000000,left_hand,18,0.5747924580,0.3646960325,-0.0494652982,1.0000000000
81,6.1220000000,left_hand,18,0.5734736323,0.3695818782,-0.0506525226,1.0000000000
82,6.1970000000,left_hand,18,0.5697730184,0.4147993326,-0.0219235662,1.0000000000
83,6.2730000000,left_hand,18,0.5745499134,0.4093529284,-0.0221287888,1.0000000000
84,6.3490000000,left_hand,18,0.5747897625,0.3924666643,-0.0226587094,1.0000000000
85,6.4240000000,left_hand,18,0.5793288946,0.3897360265,-0.0155428005,1.0000000000
86,6.5000000000,left_hand,18,0.5762362480,0.3718220592,-0.0154781574,1.0000000000
87,6.5750000000,left_hand,18,0.5783901513,0.3731644856,-0.0177773845,1.0000000000
88,6.6510000000,left_hand,18,0.5805440545,0.3745069121,-0.0200766115,1.0000000000
89,6.7260000000,left_hand,18,0.5805440545,0.3745069121,-0.0200766115,1.0000000000
90,6.8020000000,left_hand,18,0.5805440545,0.3745069121,-0.0200766115,1.0000000000
91,6.8780000000,left_hand,18,0.5805440545,0.3745069121,-0.0200766115,1.0000000000
92,6.9530000000,left_hand,18,0.5805440545,0.3745069121,-0.0200766115,1.0000000000
93,7.0290000000,left_hand,18,0.5805440545,0.3745069121,-0.0200766115,1.0000000000
94,7.1040000000,left_hand,18,0.5805440545,0.3745069121,-0.0200766115,1.0000000000
95,7.1800000000,left_hand,18,0.5805440545,0.3745069121,-0.0200766115,1.0000000000
96,7.2550000000,left_hand,18,0.5805440545,0.3745069121,-0.0200766115,1.0000000000
97,7.3310000000,left_hand,18,0.5805440545,0.3745069121,-0.0200766115,1.0000000000
98,7.4070000000,left_hand,18,0.6020830870,0.3879311766,-0.0430688817,1.0000000000
99,7.4820000000,left_hand,18,0.6042369902,0.3892736030,-0.0453681087,1.0000000000
100,7.5580000000,left_hand,18,0.6063908935,0.3906160295,-0.0476673357,1.0000000000
101,7.6330000000,left_hand,18,0.6020853370,0.3817881867,-0.0461702803,1.0000000000
102,7.7090000000,left_hand,18,0.5977797806,0.3729603440,-0.0446732249,1.0000000000
103,7.7850000000,left_hand,18,0.5934742242,0.3641325012,-0.0431761695,1.0000000000
104,7.8600000000,left_hand,18,0.5891686678,0.3553046584,-0.0416791141,1.0000000000
105,7.9360000000,left_hand,18,0.6017526984,0.3628615439,-0.0266917329,1.0000000000
106,8.0110000000,left_hand,18,0.6064509153,0.4756839573,-0.0224503037,1.0000000000
107,8.0870000000,left_hand,18,0.6050320268,0.4742022455,-0.0249766707,1.0000000000
108,8.1620000000,left_hand,18,0.5985415578,0.4083682895,-0.0172258299,1.0000000000
109,8.2380000000,left_hand,18,0.6088467836,0.4607849717,-0.0142531656,1.0000000000
110,8.3140000000,left_hand,18,0.6039999723,0.4512249827,-0.0117889326,1.0000000000
111,8.3890000000,left_hand,18,0.6018623710,0.4392796159,-0.0102980901,1.0000000000
112,8.4650000000,left_hand,18,0.6022167802,0.4379648566,-0.0143046323,1.0000000000
113,8.5400000000,left_hand,18,0.6035694821,0.4292865055,-0.0190394803,1.0000000000
114,8.6160000000,left_hand,18,0.6049221839,0.4206081544,-0.0237743282,1.0000000000
115,8.6910000000,left_hand,18,0.6049221839,0.4206081544,-0.0237743282,1.0000000000
116,8.7670000000,left_hand,18,0.6049221839,0.4206081544,-0.0237743282,1.0000000000
117,8.8430000000,left_hand,18,0.6089802895,0.3945731010,-0.0379788721,1.0000000000
118,8.9180000000,left_hand,18,0.6103329914,0.3858947498,-0.0427137201,1.0000000000
119,8.9940000000,left_hand,18,0.6116856933,0.3772163987,-0.0474485680,1.0000000000
120,9.0690000000,left_hand,18,0.5956051350,0.4020348787,-0.0474472009,1.0000000000
121,9.1450000000,left_hand,18,0.6031796336,0.3996755779,-0.0448070467,1.0000000000
122,9.2200000000,left_hand,18,0.6013640165,0.4017876387,-0.0520100258,1.0000000000
123,9.2960000000,left_hand,18,0.5978808999,0.4086389542,-0.0457371771,1.0000000000
124,9.3720000000,left_hand,18,0.5978123546,0.4161642492,-0.0439998955,1.0000000000
125,9.4470000000,left_hand,18,0.5975423455,0.4192190468,-0.0509663410,1.0000000000
126,9.5230000000,left_hand,18,0.5946518183,0.4230129123,-0.0529836528,1.0000000000
127,9.5980000000,left_hand,18,0.5865665078,0.4113791585,-0.0565353669,1.0000000000
128,9.6740000000,left_hand,18,0.5985642672,0.4272134304,-0.0374863483,1.0000000000
129,9.7500000000,left_hand,18,0.5968984365,0.4213270247,-0.0291959383,1.0000000000
130,9.8250000000,left_hand,18,0.6064839959,0.3870636821,-0.0401662849,1.0000000000
131,9.9010000000,left_hand,18,0.6081946492,0.3745854497,-0.0436701179,1.0000000000
132,9.9760000000,left_hand,18,0.6112251282,0.3511488140,-0.0442739129,1.0000000000
133,10.0520000000,left_hand,18,0.6182191968,0.3145956099,-0.0628222451,1.0000000000
134,10.1270000000,left_hand,18,0.6120657325,0.3416358829,-0.0653855652,1.0000000000
135,10.2030000000,left_hand,18,0.6013151407,0.3606380224,-0.0364151932,1.0000000000
136,10.2790000000,left_hand,18,0.6001759171,0.3738527298,-0.0501785018,1.0000000000
137,10.3540000000,left_hand,18,0.5939832330,0.3379560411,-0.0514272060,1.0000000000
138,10.4300000000,left_hand,18,0.5877905488,0.3020593524,-0.0526759103,1.0000000000
139,10.5050000000,left_hand,18,0.5920084119,0.2906075269,-0.0509744436,1.0000000000
140,10.5810000000,left_hand,18,0.5962262750,0.2791557014,-0.0492729768,1.0000000000
141,10.6560000000,left_hand,18,0.5993049741,0.3733203411,-0.0437522195,1.0000000000
142,10.7320000000,left_hand,18,0.6100095510,0.3542806506,-0.0592359379,1.0000000000
143,10.8080000000,left_hand,18,0.6033425927,0.3488950133,-0.0493888445,1.0000000000
144,10.8830000000,left_hand,18,0.5962253213,0.3488836288,-0.0557388067,1.0000000000
145,10.9590000000,left_hand,18,0.5986651778,0.3458005190,-0.0519418344,1.0000000000
146,11.0340000000,left_hand,18,0.6003752351,0.3381481171,-0.0482326373,1.0000000000
147,11.1100000000,left_hand,18,0.5819900632,0.3476162553,-0.0482983254,1.0000000000
148,11.1850000000,left_hand,18,0.5839505911,0.3378633082,-0.0479322646,1.0000000000
149,11.2610000000,left_hand,18,0.5859111190,0.3281103611,-0.0475662038,1.0000000000
150,11.3370000000,left_hand,18,0.5859111190,0.3281103611,-0.0475662038,1.0000000000
151,11.4120000000,left_hand,18,0.5859111190,0.3281103611,-0.0475662038,1.0000000000
152,11.4880000000,left_hand,18,0.5859111190,0.3281103611,-0.0475662038,1.0000000000
153,11.5630000000,left_hand,18,0.5859111190,0.3281103611,-0.0475662038,1.0000000000
154,11.6390000000,left_hand,18,0.5859111190,0.3281103611,-0.0475662038,1.0000000000
155,11.7150000000,left_hand,18,0.5976742864,0.2695926785,-0.0453698389,1.0000000000
156,11.7900000000,left_hand,18,0.5996348143,0.2598397315,-0.0450037781,1.0000000000
157,11.8660000000,left_hand,18,0.6015953422,0.2500867844,-0.0446377173,1.0000000000
158,11.9410000000,left_hand,18,0.5851765871,0.3007849455,-0.0357162654,1.0000000000
67,5.0640000000,left_hand,19,0.5799205303,0.3422418237,-0.0399642102,1.0000000000
68,5.1390000000,left_hand,19,0.5748412013,0.3318644464,-0.0363363326,1.0000000000
69,5.2150000000,left_hand,19,0.5747559071,0.3489693105,-0.0344100371,1.0000000000
70,5.2900000000,left_hand,19,0.5673744082,0.3041541278,-0.0235987827,1.0000000000
71,5.3660000000,left_hand,19,0.5744170547,0.3757360578,-0.0332347155,1.0000000000
72,5.4420000000,left_hand,19,0.5712399483,0.3383389413,-0.0397113524,1.0000000000
73,5.5170000000,left_hand,19,0.5695542693,0.3437427647,-0.0406971446,1.0000000000
74,5.5930000000,left_hand,19,0.5678685904,0.3491465880,-0.0416829367,1.0000000000
75,5.6680000000,left_hand,19,0.5678685904,0.3491465880,-0.0416829367,1.0000000000
76,5.7440000000,left_hand,19,0.5678685904,0.3491465880,-0.0416829367,1.0000000000
77,5.8190000000,left_hand,19,0.5678685904,0.3491465880,-0.0416829367,1.0000000000
78,5.8950000000,left_hand,19,0.5678685904,0.3491465880,-0.0416829367,1.0000000000
79,5.9710000000,left_hand,19,0.5594401956,0.3761657046,-0.0466118972,1.0000000000
80,6.0460000000,left_hand,19,0.5577545166,0.3815695279,-0.0475976893,1.0000000000
81,6.1220000000,left_hand,19,0.5560688376,0.3869733512,-0.0485834815,1.0000000000
82,6.1970000000,left_hand,19,0.5585484505,0.4240159392,-0.0213678144,1.0000000000
83,6.2730000000,left_hand,19,0.5639098287,0.4197773337,-0.0216902699,1.0000000000
84,6.3490000000,left_hand,19,0.5646232963,0.4033689499,-0.0218924358,1.0000000000
85,6.4240000000,left_hand,19,0.5710244179,0.3980230987,-0.0162027963,1.0000000000
86,6.5000000000,left_hand,19,0.5680549741,0.3807698786,-0.0160378460,1.0000000000
87,6.5750000000,left_hand,19,0.5695596039,0.3826141570,-0.0183718887,1.0000000000
88,6.6510000000,left_hand,19,0.5710642338,0.3844584354,-0.0207059314,1.0000000000
89,6.7260000000,left_hand,19,0.5710642338,0.3844584354,-0.0207059314,1.0000000000
90,6.8020000000,left_hand,19,0.5710642338,0.3844584354,-0.0207059314,1.0000000000
91,6.8780000000,left_hand,19,0.5710642338,0.3844584354,-0.0207059314,1.0000000000
92,6.9530000000,left_hand,19,0.5710642338,0.3844584354,-0.0207059314,1.0000000000
93,7.0290000000,left_hand,19,0.5710642338,0.3844584354,-0.0207059314,1.0000000000
94,7.1040000000,left_hand,19,0.5710642338,0.3844584354,-0.0207059314,1.0000000000
95,7.1800000000,left_hand,19,0.5710642338,0.3844584354,-0.0207059314,1.0000000000
96,7.2550000000,left_hand,19,0.5710642338,0.3844584354,-0.0207059314,1.0000000000
97,7.3310000000,left_hand,19,0.5710642338,0.3844584354,-0.0207059314,1.0000000000
98,7.4070000000,left_hand,19,0.5861105323,0.4029012195,-0.0440463586,1.0000000000
99,7.4820000000,left_hand,19,0.5876151621,0.4047454979,-0.0463804013,1.0000000000
100,7.5580000000,left_hand,19,0.5891197920,0.4065897763,-0.0487144440,1.0000000000
101,7.6330000000,left_hand,19,0.5847187787,0.3999720812,-0.0471272646,1.0000000000
102,7.7090000000,left_hand,19,0.5803177655,0.3933543861,-0.0455400851,1.0000000000
103,7.7850000000,left_hand,19,0.5759167522,0.3867366910,-0.0439529056,1.0000000000
104,7.8600000000,left_hand,19,0.5715157390,0.3801189959,-0.0423657261,1.0000000000
105,7.9360000000,left_hand,19,0.5886762142,0.3663656414,-0.0293754321,1.0000000000
106,8.0110000000,left_hand,19,0.5961792469,0.4830532670,-0.0233486257,1.0000000000
107,8.0870000000,left_hand,19,0.5937986374,0.4819023907,-0.0271796044,1.0000000000
108,8.1620000000,left_hand,19,0.5897941589,0.4187329412,-0.0184102822,1.0000000000
109,8.2380000000,left_hand,19,0.6021461487,0.4613088667,-0.0144445598,1.0000000000
110,8.3140000000,left_hand,19,0.5948024988,0.4551670253,-0.0126602883,1.0000000000
111,8.3890000000,left_hand,19,0.5942235589,0.4454733133,-0.0099373851,1.0000000000
112,8.4650000000,left_hand,19,0.5932045579,0.4437794089,-0.0146987028,1.0000000000
113,8.5400000000,left_hand,19,0.5933564305,0.4364218201,-0.0194444555,1.0000000000
114,8.6160000000,left_hand,19,0.5935083032,0.4290642313,-0.0241902082,1.0000000000
115,8.6910000000,left_hand,19,0.5935083032,0.4290642313,-0.0241902082,1.0000000000
116,8.7670000000,left_hand,19,0.5935083032,0.4290642313,-0.0241902082,1.0000000000
117,8.8430000000,left_hand,19,0.5939639211,0.4069914648,-0.0384274663,1.0000000000
118,8.9180000000,left_hand,19,0.5941157937,0.3996338759,-0.0431732189,1.0000000000
119,8.9940000000,left_hand,19,0.5942676663,0.3922762871,-0.0479189716,1.0000000000
120,9.0690000000,left_hand,19,0.5895313621,0.4102964401,-0.0465021133,1.0000000000
121,9.1450000000,left_hand,19,0.5899058580,0.4135597348,-0.0447369628,1.0000000000
122,9.2200000000,left_hand,19,0.5880215168,0.4162680209,-0.0537382364,1.0000000000
123,9.2960000000,left_hand,19,0.5851857066,0.4239211082,-0.0464071482,1.0000000000
124,9.3720000000,left_hand,19,0.5850517154,0.4285626113,-0.0432039462,1.0000000000
125,9.4470000000,left_hand,19,0.5849332213,0.4317229092,-0.0507613011,1.0000000000
126,9.5230000000,left_hand,19,0.5822070241,0.4360208213,-0.0531473607,1.0000000000
127,9.5980000000,left_hand,19,0.5802395344,0.4120473266,-0.0541414954,1.0000000000
128,9.6740000000,left_hand,19,0.5857552290,0.4378349185,-0.0383332409,1.0000000000
129,9.7500000000,left_hand,19,0.5863503814,0.4321681261,-0.0285277739,1.0000000000
130,9.8250000000,left_hand,19,0.5930444002,0.4008172750,-0.0406842045,1.0000000000
131,9.9010000000,left_hand,19,0.5950324535,0.3903954327,-0.0441936180,1.0000000000
132,9.9760000000,left_hand,19,0.5974843502,0.3651396632,-0.0458920002,1.0000000000
133,10.0520000000,left_hand,19,0.5975562334,0.3360580504,-0.0637239069,1.0000000000
134,10.1270000000,left_hand,19,0.5939296484,0.3588235378,-0.0684794262,1.0000000000
135,10.2030000000,left_hand,19,0.5897010565,0.3683415055,-0.0354006924,1.0000000000
136,10.2790000000,left_hand,19,0.5894441605,0.3856848180,-0.0498212129,1.0000000000
137,10.3540000000,left_hand,19,0.5787361562,0.3520521075,-0.0518280361,1.0000000000
138,10.4300000000,left_hand,19,0.5680281520,0.3184193969,-0.0538348593,1.0000000000
139,10.5050000000,left_hand,19,0.5727853477,0.3026407361,-0.0527869910,1.0000000000
140,10.5810000000,left_hand,19,0.5775425434,0.2868620753,-0.0517391227,1.0000000000
141,10.6560000000,left_hand,19,0.5851499438,0.3821509778,-0.0444867797,1.0000000000
142,10.7320000000,left_hand,19,0.5914818645,0.3672358990,-0.0641752481,1.0000000000
143,10.8080000000,left_hand,19,0.5884891748,0.3607445359,-0.0531665869,1.0000000000
144,10.8830000000,left_hand,19,0.5832003951,0.3634091616,-0.0591018684,1.0000000000
145,10.9590000000,left_hand,19,0.5843418241,0.3592128754,-0.0572395250,1.0000000000
146,11.0340000000,left_hand,19,0.5860930681,0.3511881232,-0.0510583073,1.0000000000
147,11.1100000000,left_hand,19,0.5706378222,0.3564551473,-0.0486229360,1.0000000000
148,11.1850000000,left_hand,19,0.5723788738,0.3469798863,-0.0483811244,1.0000000000
149,11.2610000000,left_hand,19,0.5741199255,0.3375046253,-0.0481393129,1.0000000000
150,11.3370000000,left_hand,19,0.5741199255,0.3375046253,-0.0481393129,1.0000000000
151,11.4120000000,left_hand,19,0.5741199255,0.3375046253,-0.0481393129,1.0000000000
152,11.4880000000,left_hand,19,0.5741199255,0.3375046253,-0.0481393129,1.0000000000
153,11.5630000000,left_hand,19,0.5741199255,0.3375046253,-0.0481393129,1.0000000000
154,11.6390000000,left_hand,19,0.5741199255,0.3375046253,-0.0481393129,1.0000000000
155,11.7150000000,left_hand,19,0.5845662355,0.2806530595,-0.0466884434,1.0000000000
156,11.7900000000,left_hand,19,0.5863072872,0.2711777985,-0.0464466318,1.0000000000
157,11.8660000000,left_hand,19,0.5880483389,0.2617025375,-0.0462048203,1.0000000000
158,11.9410000000,left_hand,19,0.5769255161,0.3153489232,-0.0363293998,1.0000000000
67,5.0640000000,left_hand,20,0.5715948343,0.3511548936,-0.0392853320,1.0000000000
68,5.1390000000,left_hand,20,0.5712071061,0.3378344476,-0.0350027867,1.0000000000
69,5.2150000000,left_hand,20,0.5671769977,0.3561275601,-0.0342969671,1.0000000000
70,5.2900000000,left_hand,20,0.5630552173,0.3121169209,-0.0235280134,1.0000000000
71,5.3660000000,left_hand,20,0.5664793253,0.3815583587,-0.0331560485,1.0000000000
72,5.4420000000,left_hand,20,0.5605628490,0.3512735069,-0.0399420112,1.0000000000
73,5.5170000000,left_hand,20,0.5587156216,0.3566159540,-0.0407652449,1.0000000000
74,5.5930000000,left_hand,20,0.5568683942,0.3619584011,-0.0415884786,1.0000000000
75,5.6680000000,left_hand,20,0.5568683942,0.3619584011,-0.0415884786,1.0000000000
76,5.7440000000,left_hand,20,0.5568683942,0.3619584011,-0.0415884786,1.0000000000
77,5.8190000000,left_hand,20,0.5568683942,0.3619584011,-0.0415884786,1.0000000000
78,5.8950000000,left_hand,20,0.5568683942,0.3619584011,-0.0415884786,1.0000000000
79,5.9710000000,left_hand,20,0.5476322571,0.3886706365,-0.0457046471,1.0000000000
80,6.0460000000,left_hand,20,0.5457850297,0.3940130836,-0.0465278808,1.0000000000
81,6.1220000000,left_hand,20,0.5439378023,0.3993555307,-0.0473511145,1.0000000000
82,6.1970000000,left_hand,20,0.5498867035,0.4311262071,-0.0207815915,1.0000000000
83,6.2730000000,left_hand,20,0.5554819703,0.4286659360,-0.0208571851,1.0000000000
84,6.3490000000,left_hand,20,0.5565901399,0.4110962451,-0.0207086205,1.0000000000
85,6.4240000000,left_hand,20,0.5641059875,0.4038358927,-0.0165210329,1.0000000000
86,6.5000000000,left_hand,20,0.5612374544,0.3872982860,-0.0161066782,1.0000000000
87,6.5750000000,left_hand,20,0.5623731400,0.3896219688,-0.0184130806,1.0000000000
88,6.6510000000,left_hand,20,0.5635088256,0.3919456516,-0.0207194830,1.0000000000
89,6.7260000000,left_hand,20,0.5635088256,0.3919456516,-0.0207194830,1.0000000000
90,6.8020000000,left_hand,20,0.5635088256,0.3919456516,-0.0207194830,1.0000000000
91,6.8780000000,left_hand,20,0.5635088256,0.3919456516,-0.0207194830,1.0000000000
92,6.9530000000,left_hand,20,0.5635088256,0.3919456516,-0.0207194830,1.0000000000
93,7.0290000000,left_hand,20,0.5635088256,0.3919456516,-0.0207194830,1.0000000000
94,7.1040000000,left_hand,20,0.5635088256,0.3919456516,-0.0207194830,1.0000000000
95,7.1800000000,left_hand,20,0.5635088256,0.3919456516,-0.0207194830,1.0000000000
96,7.2550000000,left_hand,20,0.5635088256,0.3919456516,-0.0207194830,1.0000000000
97,7.3310000000,left_hand,20,0.5635088256,0.3919456516,-0.0207194830,1.0000000000
98,7.4070000000,left_hand,20,0.5748656818,0.4151824798,-0.0437835069,1.0000000000
99,7.4820000000,left_hand,20,0.5760013674,0.4175061626,-0.0460899093,1.0000000000
100,7.5580000000,left_hand,20,0.5771370530,0.4198298454,-0.0483963117,1.0000000000
101,7.6330000000,left_hand,20,0.5720400512,0.4146416262,-0.0470672958,1.0000000000
102,7.7090000000,left_hand,20,0.5669430494,0.4094534069,-0.0457382798,1.0000000000
103,7.7850000000,left_hand,20,0.5618460476,0.4042651877,-0.0444092639,1.0000000000
104,7.8600000000,left_hand,20,0.5567490458,0.3990769684,-0.0430802479,1.0000000000
105,7.9360000000,left_hand,20,0.5787506104,0.3745591938,-0.0306044891,1.0000000000
106,8.0110000000,left_hand,20,0.5878006220,0.4885418415,-0.0234431643,1.0000000000
107,8.0870000000,left_hand,20,0.5841561556,0.4866576195,-0.0281460602,1.0000000000
108,8.1620000000,left_hand,20,0.5840479136,0.4250904918,-0.0184602588,1.0000000000
109,8.2380000000,left_hand,20,0.5969160199,0.4599562883,-0.0143881589,1.0000000000
110,8.3140000000,left_hand,20,0.5874392986,0.4584398866,-0.0127432896,1.0000000000
111,8.3890000000,left_hand,20,0.5883249640,0.4500563443,-0.0093223909,1.0000000000
112,8.4650000000,left_hand,20,0.5857447386,0.4481871128,-0.0144877648,1.0000000000
113,8.5400000000,left_hand,20,0.5854046089,0.4414348389,-0.0189542762,1.0000000000
114,8.6160000000,left_hand,20,0.5850644793,0.4346825651,-0.0234207877,1.0000000000
115,8.6910000000,left_hand,20,0.5850644793,0.4346825651,-0.0234207877,1.0000000000
116,8.7670000000,left_hand,20,0.5850644793,0.4346825651,-0.0234207877,1.0000000000
117,8.8430000000,left_hand,20,0.5840440903,0.4144257435,-0.0368203220,1.0000000000
118,8.9180000000,left_hand,20,0.5837039607,0.4076734696,-0.0412868335,1.0000000000
119,8.9940000000,left_hand,20,0.5833638310,0.4009211957,-0.0457533449,1.0000000000
120,9.0690000000,left_hand,20,0.5872453451,0.4097416401,-0.0442208871,1.0000000000
121,9.1450000000,left_hand,20,0.5797305107,0.4251612127,-0.0441112258,1.0000000000
122,9.2200000000,left_hand,20,0.5777096748,0.4262631536,-0.0541143082,1.0000000000
123,9.2960000000,left_hand,20,0.5760590434,0.4343816638,-0.0459823422,1.0000000000
124,9.3720000000,left_hand,20,0.5753369331,0.4366904497,-0.0416332521,1.0000000000
125,9.4470000000,left_hand,20,0.5761972070,0.4384702146,-0.0497002229,1.0000000000
126,9.5230000000,left_hand,20,0.5741711259,0.4423553348,-0.0526712164,1.0000000000
127,9.5980000000,left_hand,20,0.5803980231,0.4096477628,-0.0522888340,1.0000000000
128,9.6740000000,left_hand,20,0.5758632421,0.4439490438,-0.0385311209,1.0000000000
129,9.7500000000,left_hand,20,0.5808410645,0.4394766986,-0.0266892239,1.0000000000
130,9.8250000000,left_hand,20,0.5824134350,0.4111001194,-0.0407769084,1.0000000000
131,9.9010000000,left_hand,20,0.5848543644,0.4024522603,-0.0432093702,1.0000000000
132,9.9760000000,left_hand,20,0.5877645612,0.3756794930,-0.0464622453,1.0000000000
133,10.0520000000,left_hand,20,0.5835441351,0.3532234728,-0.0618218295,1.0000000000
134,10.1270000000,left_hand,20,0.5810515285,0.3702380955,-0.0687772632,1.0000000000
135,10.2030000000,left_hand,20,0.5836568475,0.3726516366,-0.0330169648,1.0000000000
136,10.2790000000,left_hand,20,0.5821946263,0.3924403191,-0.0483837873,1.0000000000
137,10.3540000000,left_hand,20,0.5673528016,0.3627631217,-0.0514196344,1.0000000000
138,10.4300000000,left_hand,20,0.5525109768,0.3330859244,-0.0544554815,1.0000000000
139,10.5050000000,left_hand,20,0.5574222207,0.3149483204,-0.0536177587,1.0000000000
140,10.5810000000,left_hand,20,0.5623334646,0.2968107164,-0.0527800359,1.0000000000
141,10.6560000000,left_hand,20,0.5749661326,0.3904066682,-0.0435607992,1.0000000000
142,10.7320000000,left_hand,20,0.5778267384,0.3776217401,-0.0656195879,1.0000000000
143,10.8080000000,left_hand,20,0.5768653750,0.3703383803,-0.0542324111,1.0000000000
144,10.8830000000,left_hand,20,0.5756034851,0.3729475141,-0.0596059188,1.0000000000
145,10.9590000000,left_hand,20,0.5735670924,0.3674857020,-0.0591700524,1.0000000000
146,11.0340000000,left_hand,20,0.5736996531,0.3608647585,-0.0512209013,1.0000000000
147,11.1100000000,left_hand,20,0.5631608367,0.3631883860,-0.0470593758,1.0000000000
148,11.1850000000,left_hand,20,0.5648801386,0.3540590167,-0.0468387228,1.0000000000
149,11.2610000000,left_hand,20,0.5665994406,0.3449296474,-0.0466180697,1.0000000000
150,11.3370000000,left_hand,20,0.5665994406,0.3449296474,-0.0466180697,1.0000000000
151,11.4120000000,left_hand,20,0.5665994406,0.3449296474,-0.0466180697,1.0000000000
152,11.4880000000,left_hand,20,0.5665994406,0.3449296474,-0.0466180697,1.0000000000
153,11.5630000000,left_hand,20,0.5665994406,0.3449296474,-0.0466180697,1.0000000000
154,11.6390000000,left_hand,20,0.5665994406,0.3449296474,-0.0466180697,1.0000000000
155,11.7150000000,left_hand,20,0.5769152522,0.2901534319,-0.0452941515,1.0000000000
156,11.7900000000,left_hand,20,0.5786345541,0.2810240626,-0.0450734984,1.0000000000
157,11.8660000000,left_hand,20,0.5803538561,0.2718946934,-0.0448528454,1.0000000000
158,11.9410000000,left_hand,20,0.5747489333,0.3198160529,-0.0353617705,1.0000000000
67,5.0640000000,pose,11,0.6261799335,0.3894546628,0.0762778595,0.9996478558
68,5.1390000000,pose,11,0.6265372038,0.3875124753,0.0415799022,0.9996439815
69,5.2150000000,pose,11,0.6250521541,0.3838812411,0.0443648025,0.9996302128
70,5.2900000000,pose,11,0.6193972826,0.3836769462,-0.0076508438,0.9996532202
71,5.3660000000,pose,11,0.6223589182,0.3824332356,-0.0474724285,0.9996756911
72,5.4420000000,pose,11,0.6223831773,0.3775787354,0.0091377785,0.9997178912
73,5.5170000000,pose,11,0.6224293113,0.3756036758,-0.0319297053,0.9997044802
74,5.5930000000,pose,11,0.6220804453,0.3729618192,-0.0209484138,0.9997367859
75,5.6680000000,pose,11,0.6220945120,0.3666054308,-0.0212870203,0.9997627139
76,5.7440000000,pose,11,0.6220651269,0.3673639894,-0.0207078867,0.9997750521
77,5.8190000000,pose,11,0.6218748689,0.3674118817,-0.0268646721,0.9997625947
78,5.8950000000,pose,11,0.6220295429,0.3652865589,-0.0375428572,0.9997825623
79,5.9710000000,pose,11,0.6221167445,0.3668258190,-0.0153846042,0.9997743964
80,6.0460000000,pose,11,0.6227450967,0.3691334426,-0.0202832744,0.9997811913
81,6.1220000000,pose,11,0.6210556030,0.3678141832,-0.0340334773,0.9997922182
82,6.1970000000,pose,11,0.6210407019,0.3659633100,-0.0404043086,0.9998026490
83,6.2730000000,pose,11,0.6205185056,0.3653704226,-0.1083983332,0.9997735023
84,6.3490000000,pose,11,0.6206756830,0.3654051721,-0.0048880205,0.9997857213
85,6.4240000000,pose,11,0.6208104491,0.3640301824,-0.0441392623,0.9997968674
86,6.5000000000,pose,11,0.6183703542,0.3640210330,0.0296921935,0.9997814894
87,6.5750000000,pose,11,0.6184267402,0.3640084565,-0.0060440744,0.9998121262
88,6.6510000000,pose,11,0.6190425158,0.3668858409,0.0109613789,0.9998151064
89,6.7260000000,pose,11,0.6239004135,0.3725863397,0.0798226073,0.9998261929
90,6.8020000000,pose,11,0.6248178482,0.3804998100,0.1089900807,0.9998163581
91,6.8780000000,pose,11,0.6250106692,0.3755331933,0.1617210507,0.9998088479
92,6.9530000000,pose,11,0.6260302663,0.3744820058,0.1360466480,0.9997968078
93,7.0290000000,pose,11,0.6253960729,0.3741708398,0.1008066759,0.9997389317
94,7.1040000000,pose,11,0.6248146892,0.3732607663,0.1035514697,0.9997164607
95,7.1800000000,pose,11,0.6266161799,0.3731648624,0.0528297387,0.9997253418
96,7.2550000000,pose,11,0.6258904338,0.3693944514,0.0452212244,0.9997432232
97,7.3310000000,pose,11,0.6250076294,0.3579955697,0.1584837139,0.9996889234
98,7.4070000000,pose,11,0.6234742403,0.3578099906,0.0319180079,0.9997155666
99,7.4820000000,pose,11,0.6235350370,0.3583860099,0.0330497064,0.9997298121
100,7.5580000000,pose,11,0.6231860518,0.3598490059,-0.0536006801,0.9997439981
101,7.6330000000,pose,11,0.6231719255,0.3621625900,-0.1011830345,0.9997658134
102,7.7090000000,pose,11,0.6231542826,0.3647328317,-0.1181326210,0.9997949600
103,7.7850000000,pose,11,0.6231536269,0.3641556501,-0.1379986703,0.9998196959
104,7.8600000000,pose,11,0.6241382360,0.3640659153,-0.0925941318,0.9998422265
105,7.9360000000,pose,11,0.6241462231,0.3647699058,-0.0964326635,0.9998486042
106,8.0110000000,pose,11,0.6242498755,0.3673118949,-0.1257972866,0.9998547435
107,8.0870000000,pose,11,0.6245405078,0.3690345287,-0.1064075232,0.9998649359
108,8.1620000000,pose,11,0.6209589243,0.3704700470,-0.1068393290,0.9998701811
109,8.2380000000,pose,11,0.6240051985,0.3696981668,-0.0908511728,0.9998793602
110,8.3140000000,pose,11,0.6201261282,0.3670297861,-0.1266525388,0.9998810887
111,8.3890000000,pose,11,0.6217815280,0.3686313927,-0.0020396186,0.9998784065
112,8.4650000000,pose,11,0.6272937059,0.3696665168,0.0790285394,0.9998748899
113,8.5400000000,pose,11,0.6280643940,0.3701846600,0.0988601670,0.9997763634
114,8.6160000000,pose,11,0.6241543293,0.3706704378,0.0843503028,0.9997581244
115,8.6910000000,pose,11,0.6280668974,0.3794466555,0.0756543055,0.9997596145
116,8.7670000000,pose,11,0.6231501698,0.3656363487,0.1575450003,0.9997762442
117,8.8430000000,pose,11,0.6234171987,0.3646667004,0.1237056106,0.9997693300
118,8.9180000000,pose,11,0.6239063144,0.3652107120,0.1406798065,0.9997438192
119,8.9940000000,pose,11,0.6222870946,0.3610249758,-0.0341487378,0.9997566938
120,9.0690000000,pose,11,0.6228078604,0.3614536226,0.0468073487,0.9997514486
121,9.1450000000,pose,11,0.6241557002,0.3608529568,0.0227885284,0.9997534156
122,9.2200000000,pose,11,0.6280751824,0.3618694842,-0.0083026281,0.9997642636
123,9.2960000000,pose,11,0.6296966076,0.3632222712,-0.0144400932,0.9997691512
124,9.3720000000,pose,11,0.6338495612,0.3650273383,0.0469069481,0.9997742176
125,9.4470000000,pose,11,0.6302414536,0.3653046787,0.0495663472,0.9997879863
126,9.5230000000,pose,11,0.6309115291,0.3652494848,0.0753110126,0.9997804165
127,9.5980000000,pose,11,0.6308543086,0.3595902920,-0.0617183633,0.9997898340
128,9.6740000000,pose,11,0.6307329535,0.3611151874,-0.0544516593,0.9997574091
129,9.7500000000,pose,11,0.6278480887,0.3611970544,0.0586274415,0.9997453094
130,9.8250000000,pose,11,0.6265136600,0.3676439524,0.0680069402,0.9997572303
131,9.9010000000,pose,11,0.6249358058,0.3667493463,0.0606381744,0.9997488856
132,9.9760000000,pose,11,0.6237019300,0.3668303192,0.0969949737,0.9997426867
133,10.0520000000,pose,11,0.6238658428,0.3562771380,0.0934884772,0.9997668862
134,10.1270000000,pose,11,0.6253094077,0.3634955287,0.0725443214,0.9997811913
135,10.2030000000,pose,11,0.6260914207,0.3635261953,0.0714948401,0.9997783303
136,10.2790000000,pose,11,0.6261396408,0.3639899492,0.0067253928,0.9997843504
137,10.3540000000,pose,11,0.6239012480,0.3634687364,-0.0080878241,0.9997926354
138,10.4300000000,pose,11,0.6228939891,0.3579244018,-0.0013720103,0.9997889400
139,10.5050000000,pose,11,0.6230000854,0.3596167564,0.0344901197,0.9997624159
140,10.5810000000,pose,11,0.6229988933,0.3620444536,0.0079527153,0.9997721910
141,10.6560000000,pose,11,0.6239208579,0.3696089983,-0.0099612493,0.9997771382
142,10.7320000000,pose,11,0.6247322559,0.3634969592,-0.0163869839,0.9997839928
143,10.8080000000,pose,11,0.6215674877,0.3640353382,0.0919867977,0.9997937083
144,10.8830000000,pose,11,0.6195304990,0.3631334901,0.0680889413,0.9997956157
145,10.9590000000,pose,11,0.6158703566,0.3758405447,0.0610179827,0.9997931719
146,11.0340000000,pose,11,0.6200684905,0.3856721520,0.0155740492,0.9997881651
147,11.1100000000,pose,11,0.6239255071,0.3932459056,0.0329529978,0.9997851849
148,11.1850000000,pose,11,0.6249341369,0.3881005347,0.0203070994,0.9998003840
149,11.2610000000,pose,11,0.6253325343,0.3769198656,0.0902597532,0.9997916222
150,11.3370000000,pose,11,0.6253842115,0.3761042953,0.0228690542,0.9997912049
151,11.4120000000,pose,11,0.6247934103,0.3758324087,0.0211643316,0.9998089671
152,11.4880000000,pose,11,0.6246899366,0.3744691610,-0.0507002883,0.9998178482
153,11.5630000000,pose,11,0.6248525381,0.3735093772,-0.0297430735,0.9998267889
154,11.6390000000,pose,11,0.6249334216,0.3745114505,0.1765707582,0.9997920990
155,11.7150000000,pose,11,0.6242234111,0.3833151460,0.1364851743,0.9997897148
156,11.7900000000,pose,11,0.6255341768,0.3721521199,0.0480404459,0.9997977614
157,11.8660000000,pose,11,0.6252645254,0.3744139969,0.0098279119,0.9997696877
158,11.9410000000,pose,11,0.6247904301,0.3790728450,0.0592027344,0.9997510910
67,5.0640000000,pose,12,0.3752759099,0.3660962880,0.1256711781,0.9992552996
68,5.1390000000,pose,12,0.3704167902,0.3636025488,0.0658533350,0.9992404580
69,5.2150000000,pose,12,0.3616483510,0.3553420603,0.0594902597,0.9992271662
70,5.2900000000,pose,12,0.3596642613,0.3414049149,0.0183592811,0.9992644191
71,5.3660000000,pose,12,0.3598730862,0.3468486667,-0.0202362705,0.9993157983
72,5.4420000000,pose,12,0.3612951636,0.3447354436,0.0368824676,0.9993784428
73,5.5170000000,pose,12,0.3656846881,0.3453260064,-0.0288808532,0.9992893338
74,5.5930000000,pose,12,0.3705756068,0.3431508839,-0.0068436237,0.9993562698
75,5.6680000000,pose,12,0.3693439662,0.3585133255,-0.0186212659,0.9993792772
76,5.7440000000,pose,12,0.3699591756,0.3699533045,-0.0048243660,0.9993923306
77,5.8190000000,pose,12,0.3695335686,0.3717725277,-0.0030649703,0.9993726015
78,5.8950000000,pose,12,0.3695086241,0.3753843307,-0.0028973236,0.9994275570
79,5.9710000000,pose,12,0.3685626388,0.3770490289,0.0408265218,0.9994047284
80,6.0460000000,pose,12,0.3684957325,0.3789812922,0.0237283912,0.9994388223
81,6.1220000000,pose,12,0.3685303926,0.3819159865,0.0189185664,0.9994563460
82,6.1970000000,pose,12,0.3688064814,0.3816156387,-0.0010346019,0.9994794130
83,6.2730000000,pose,12,0.3688223660,0.3809205294,-0.0939889401,0.9993820786
84,6.3490000000,pose,12,0.3687428236,0.3773866594,0.0429847501,0.9994063973
85,6.4240000000,pose,12,0.3702756464,0.3752383292,-0.0005565149,0.9994304180
86,6.5000000000,pose,12,0.3669755161,0.3685640395,0.0222990550,0.9994001985
87,6.5750000000,pose,12,0.3670026064,0.3528448641,0.0070120716,0.9994743466
88,6.6510000000,pose,12,0.3662467003,0.3529906869,0.0189656336,0.9994759560
89,6.7260000000,pose,12,0.3667812943,0.3518431187,0.0876422375,0.9995065331
90,6.8020000000,pose,12,0.3665582538,0.3506729901,0.1110791415,0.9995127916
91,6.8780000000,pose,12,0.3661807477,0.3431559503,0.1379802674,0.9995355010
92,6.9530000000,pose,12,0.3657418787,0.3435731530,0.1424666345,0.9994713664
93,7.0290000000,pose,12,0.3651680350,0.3438736498,0.0681226626,0.9993562698
94,7.1040000000,pose,12,0.3651401103,0.3445491195,0.0850697085,0.9992865920
95,7.1800000000,pose,12,0.3662148714,0.3475744724,0.0809464976,0.9992608428
96,7.2550000000,pose,12,0.3666634560,0.3483472764,0.0804825574,0.9992861748
97,7.3310000000,pose,12,0.3666445315,0.3436930478,0.1649377048,0.9991768599
98,7.4070000000,pose,12,0.3683088422,0.3537940681,0.0649102256,0.9991975427
99,7.4820000000,pose,12,0.3697143197,0.3564698100,0.0412990041,0.9992253184
100,7.5580000000,pose,12,0.3743097186,0.3624491394,-0.0621971413,0.9992514253
101,7.6330000000,pose,12,0.3745545149,0.3629669845,-0.0677835196,0.9993066788
102,7.7090000000,pose,12,0.3757874668,0.3632596731,-0.0957685560,0.9993973374
103,7.7850000000,pose,12,0.3774835467,0.3638473451,-0.1435626447,0.9994751215
104,7.8600000000,pose,12,0.3777589202,0.3666466177,-0.0530815944,0.9995372295
105,7.9360000000,pose,12,0.3779051900,0.3661411703,-0.0788833648,0.9995519519
106,8.0110000000,pose,12,0.3783985078,0.3656046689,-0.1242449954,0.9995801449
107,8.0870000000,pose,12,0.3798924685,0.3680461645,-0.0561912134,0.9996076226
108,8.1620000000,pose,12,0.3798707426,0.3605041802,-0.1175099462,0.9996199608
109,8.2380000000,pose,12,0.3807816505,0.3605763614,-0.0526916720,0.9996447563
110,8.3140000000,pose,12,0.3795478642,0.3573812246,-0.1527040154,0.9996389747
111,8.3890000000,pose,12,0.3795379400,0.3641164899,-0.0163129233,0.9996481538
112,8.4650000000,pose,12,0.3800224364,0.3644112349,0.1017982885,0.9996221662
113,8.5400000000,pose,12,0.3798173368,0.3640727401,0.1074659303,0.9994145036
114,8.6160000000,pose,12,0.3794728518,0.3492366970,0.0937855095,0.9993752241
115,8.6910000000,pose,12,0.3779764473,0.3543802798,0.0849825963,0.9993861914
116,8.7670000000,pose,12,0.3796368539,0.3530765474,0.1710526496,0.9994343519
117,8.8430000000,pose,12,0.3793830574,0.3570981920,0.1470588148,0.9993972778
118,8.9180000000,pose,12,0.3792279363,0.3536469042,0.1697288454,0.9993319511
119,8.9940000000,pose,12,0.3771632612,0.3531613350,-0.0122113582,0.9993363619
120,9.0690000000,pose,12,0.3770072162,0.3526429236,0.0361788161,0.9993020296
121,9.1450000000,pose,12,0.3788414299,0.3507816195,0.0502463169,0.9993127584
122,9.2200000000,pose,12,0.3786055744,0.3546132743,0.0179113839,0.9993267655
123,9.2960000000,pose,12,0.3799760938,0.3527940214,0.0264521316,0.9993389845
124,9.3720000000,pose,12,0.3829836845,0.3532081544,0.0899368376,0.9993451238
125,9.4470000000,pose,12,0.3798354864,0.3511184454,0.0814769343,0.9993743300
126,9.5230000000,pose,12,0.3792135417,0.3542934358,0.0930545703,0.9993459582
127,9.5980000000,pose,12,0.3798570931,0.3550913334,-0.0450245328,0.9993724823
128,9.6740000000,pose,12,0.3797047436,0.3593525589,-0.0079790959,0.9993442893
129,9.7500000000,pose,12,0.3773874938,0.3599853814,0.0923032537,0.9993177056
130,9.8250000000,pose,12,0.3762052655,0.3600167334,0.0948364064,0.9993351102
131,9.9010000000,pose,12,0.3730905354,0.3420009315,0.0986239910,0.9992879033
132,9.9760000000,pose,12,0.3726387322,0.3357195556,0.1255924553,0.9992914796
133,10.0520000000,pose,12,0.3723656833,0.3251860440,0.1286604851,0.9993677139
134,10.1270000000,pose,12,0.3712485135,0.3368716836,0.1091460288,0.9994096160
135,10.2030000000,pose,12,0.3722959459,0.3388712108,0.0278821159,0.9994308352
136,10.2790000000,pose,12,0.3783585131,0.3390109837,0.0337906107,0.9994273782
137,10.3540000000,pose,12,0.3782925606,0.3459938467,0.0154664218,0.9994596243
138,10.4300000000,pose,12,0.3778517842,0.3459003866,-0.0287607592,0.9994895458
139,10.5050000000,pose,12,0.3770670295,0.3505457342,0.0167244561,0.9994625449
140,10.5810000000,pose,12,0.3788273633,0.3405034840,0.0363154374,0.9994753003
141,10.6560000000,pose,12,0.3781262636,0.3431756198,0.0250815861,0.9994514585
142,10.7320000000,pose,12,0.3751328886,0.3399951458,-0.0066785086,0.9994884133
143,10.8080000000,pose,12,0.3709673882,0.3270412385,0.1365680546,0.9995119572
144,10.8830000000,pose,12,0.3698633611,0.3240231872,0.1095515713,0.9995196462
145,10.9590000000,pose,12,0.3674475551,0.3243507445,0.0815252513,0.9995325208
146,11.0340000000,pose,12,0.3663797975,0.3439906538,0.0144739980,0.9995242953
147,11.1100000000,pose,12,0.3703879714,0.3627894819,0.0574759655,0.9994580746
148,11.1850000000,pose,12,0.3717468977,0.3693575263,0.0915578604,0.9994814992
149,11.2610000000,pose,12,0.3744652867,0.3688211739,0.1073532924,0.9994239211
150,11.3370000000,pose,12,0.3747623265,0.3677711189,-0.0054975143,0.9994076490
151,11.4120000000,pose,12,0.3740414977,0.3654843569,0.0191516653,0.9994617701
152,11.4880000000,pose,12,0.3741984367,0.3660507202,-0.0319014341,0.9995191693
153,11.5630000000,pose,12,0.3749960065,0.3656113148,0.0181074180,0.9995343685
154,11.6390000000,pose,12,0.3735231459,0.3699433804,0.1540488750,0.9995029569
155,11.7150000000,pose,12,0.3727990091,0.3697327673,0.1305832267,0.9995008111
156,11.7900000000,pose,12,0.3727317154,0.3578040600,0.0467021316,0.9995313883
157,11.8660000000,pose,12,0.3703197241,0.3549625874,0.0050637750,0.9994567037
158,11.9410000000,pose,12,0.3700783551,0.3609253168,0.0701649860,0.9994276762
67,5.0640000000,pose,13,0.7751368880,0.6241174340,-0.0322238430,0.9176633954
68,5.1390000000,pose,13,0.7751709819,0.6260780692,-0.1507245004,0.9212232828
69,5.2150000000,pose,13,0.7749394774,0.6263890862,-0.1383471191,0.9219369292
70,5.2900000000,pose,13,0.7742319703,0.6282207966,-0.1501985192,0.9254539609
71,5.3660000000,pose,13,0.7730543017,0.6339769959,-0.2914581299,0.9294085503
72,5.4420000000,pose,13,0.7675575018,0.6432569623,-0.2629819214,0.9370663166
73,5.5170000000,pose,13,0.7617229819,0.6455302835,-0.2471277416,0.9375901818
74,5.5930000000,pose,13,0.7590272427,0.6503692269,-0.2075757831,0.9408255219
75,5.6680000000,pose,13,0.7567939758,0.6669587493,-0.1891728193,0.9451837540
76,5.7440000000,pose,13,0.7538394928,0.6743898392,-0.2010139376,0.9425362945
77,5.8190000000,pose,13,0.7530044317,0.6794903278,-0.2429750115,0.9437681437
78,5.8950000000,pose,13,0.7529411316,0.6888011098,-0.2012813538,0.9449892044
79,5.9710000000,pose,13,0.7537252903,0.6903735399,-0.1894841343,0.9419744015
80,6.0460000000,pose,13,0.7537351847,0.6901515722,-0.1958787292,0.9426599741
81,6.1220000000,pose,13,0.7535995841,0.6911727190,-0.1914131492,0.9473064542
82,6.1970000000,pose,13,0.7547201514,0.6887657642,-0.1793403327,0.9461592436
83,6.2730000000,pose,13,0.7554243803,0.6811286211,-0.2683371902,0.9467713237
84,6.3490000000,pose,13,0.7554504275,0.6799244881,-0.1508547217,0.9460584521
85,6.4240000000,pose,13,0.7573274970,0.6709882617,-0.1996385008,0.9481197596
86,6.5000000000,pose,13,0.7581283450,0.6609477997,-0.1993346661,0.9467592239
87,6.5750000000,pose,13,0.7616021633,0.6548143029,-0.1839666069,0.9474014044
88,6.6510000000,pose,13,0.7694259286,0.6546478868,-0.1762953550,0.9488761425
89,6.7260000000,pose,13,0.7731107473,0.6434015632,-0.1917672008,0.9477177858
90,6.8020000000,pose,13,0.7739053965,0.6386611462,-0.0607288405,0.9449679255
91,6.8780000000,pose,13,0.7746018767,0.6327206492,-0.1266449541,0.9406248927
92,6.9530000000,pose,13,0.7752602100,0.6333240271,0.0200569145,0.9381722212
93,7.0290000000,pose,13,0.7766091824,0.6332694888,-0.0654583648,0.9344837666
94,7.1040000000,pose,13,0.7756063342,0.6334445477,-0.0720095485,0.9207665324
95,7.1800000000,pose,13,0.7748466134,0.6347376108,-0.0868994445,0.9212797880
96,7.2550000000,pose,13,0.7734460235,0.6402965188,-0.1182723492,0.9230875969
97,7.3310000000,pose,13,0.7711641788,0.6404110789,-0.0729337260,0.9133155346
98,7.4070000000,pose,13,0.7705546618,0.6420738697,-0.1433397084,0.9077401161
99,7.4820000000,pose,13,0.7683128119,0.6473361254,-0.1662987620,0.9093804359
100,7.5580000000,pose,13,0.7643705010,0.6577172279,-0.2273858637,0.9137770534
101,7.6330000000,pose,13,0.7592913508,0.6687523723,-0.2683139443,0.9205782413
102,7.7090000000,pose,13,0.7594947815,0.6775667667,-0.3591538370,0.9307239652
103,7.7850000000,pose,13,0.7589252591,0.6790186763,-0.3266300261,0.9380308986
104,7.8600000000,pose,13,0.7589751482,0.6843466759,-0.3026152253,0.9437746406
105,7.9360000000,pose,13,0.7578198314,0.6849258542,-0.2981271446,0.9469485283
106,8.0110000000,pose,13,0.7560756803,0.6864936352,-0.3467274010,0.9491028190
107,8.0870000000,pose,13,0.7575799227,0.6892717481,-0.3295063376,0.9515333176
108,8.1620000000,pose,13,0.7568659186,0.6886957288,-0.2924089134,0.9532013535
109,8.2380000000,pose,13,0.7568792701,0.6886149049,-0.2585364282,0.9548605680
110,8.3140000000,pose,13,0.7568988204,0.6775866151,-0.3758808374,0.9565339684
111,8.3890000000,pose,13,0.7589213252,0.6777275801,-0.3662123978,0.9564523697
112,8.4650000000,pose,13,0.7586134672,0.6776725650,0.0015675301,0.9536747336
113,8.5400000000,pose,13,0.7596067190,0.6774962544,0.0115565592,0.9353848696
114,8.6160000000,pose,13,0.7599239349,0.6738653779,-0.0780146047,0.9325750470
115,8.6910000000,pose,13,0.7613956928,0.6731043458,-0.0485192016,0.9306322336
116,8.7670000000,pose,13,0.7613586187,0.6699064970,-0.0176376533,0.9294351935
117,8.8430000000,pose,13,0.7616122961,0.6623336673,-0.0427212082,0.9252098799
118,8.9180000000,pose,13,0.7616549730,0.6595724821,0.0194991734,0.9232380390
119,8.9940000000,pose,13,0.7617510557,0.6596856117,-0.2012763619,0.9255916476
120,9.0690000000,pose,13,0.7609767914,0.6612085700,-0.1513490826,0.9278273582
121,9.1450000000,pose,13,0.7585746050,0.6618302464,-0.1295328587,0.9263846278
122,9.2200000000,pose,13,0.7593285441,0.6639149189,-0.2018713206,0.9306520820
123,9.2960000000,pose,13,0.7593520284,0.6652295589,-0.1739915311,0.9323594570
124,9.3720000000,pose,13,0.7593874335,0.6671555638,-0.1075978056,0.9330149889
125,9.4470000000,pose,13,0.7603479624,0.6690247059,-0.1671143621,0.9361261129
126,9.5230000000,pose,13,0.7603384852,0.6682258248,-0.0586055145,0.9337627888
127,9.5980000000,pose,13,0.7607108951,0.6679866910,-0.2715499997,0.9360170364
128,9.6740000000,pose,13,0.7609844208,0.6675710082,-0.2578880191,0.9327241182
129,9.7500000000,pose,13,0.7608867288,0.6674393415,-0.1179031208,0.9322890639
130,9.8250000000,pose,13,0.7643612623,0.6594223380,-0.0764762238,0.9282667041
131,9.9010000000,pose,13,0.7675366998,0.6484091878,-0.0649612620,0.9253637195
132,9.9760000000,pose,13,0.7707974911,0.6415907145,-0.0302555002,0.9258120656
133,10.0520000000,pose,13,0.7715693116,0.6332111955,-0.0782622248,0.9245803952
134,10.1270000000,pose,13,0.7716976404,0.6332412362,-0.1531490237,0.9291735888
135,10.2030000000,pose,13,0.7712496519,0.6334947348,-0.1807953566,0.9310123920
136,10.2790000000,pose,13,0.7687080503,0.6420235634,-0.1510556489,0.9325749278
137,10.3540000000,pose,13,0.7647032142,0.6575960517,-0.2183849961,0.9332331419
138,10.4300000000,pose,13,0.7601115704,0.6608723402,-0.2545534074,0.9290342927
139,10.5050000000,pose,13,0.7601163983,0.6619431376,-0.1503822058,0.9230754972
140,10.5810000000,pose,13,0.7605748773,0.6601169705,-0.0544520579,0.9261291623
141,10.6560000000,pose,13,0.7644566894,0.6562250853,-0.0938611105,0.9304101467
142,10.7320000000,pose,13,0.7651452422,0.6527931094,-0.2477528304,0.9369791746
143,10.8080000000,pose,13,0.7656356692,0.6463788152,-0.0745063573,0.9387541413
144,10.8830000000,pose,13,0.7647589445,0.6415446997,-0.0268256366,0.9388291240
145,10.9590000000,pose,13,0.7634999156,0.6406446099,-0.0937851891,0.9387872219
146,11.0340000000,pose,13,0.7640764713,0.6407976747,-0.0832257420,0.9400625229
147,11.1100000000,pose,13,0.7632490993,0.6532797217,-0.1212046072,0.9410830140
148,11.1850000000,pose,13,0.7613021731,0.6623513103,-0.1724310070,0.9432213902
149,11.2610000000,pose,13,0.7584131360,0.6639953256,-0.1596483290,0.9381880760
150,11.3370000000,pose,13,0.7579388022,0.6644718051,-0.2750460505,0.9426236153
151,11.4120000000,pose,13,0.7559576631,0.6643452048,-0.2397245318,0.9440607429
152,11.4880000000,pose,13,0.7563158274,0.6658910513,-0.3544610441,0.9445264339
153,11.5630000000,pose,13,0.7562761903,0.6659597754,-0.2489414066,0.9466155171
154,11.6390000000,pose,13,0.7553355694,0.6666965485,-0.0571608059,0.9189478755
155,11.7150000000,pose,13,0.7558026910,0.6605639458,0.0006301213,0.9227424860
156,11.7900000000,pose,13,0.7580423355,0.6569197774,-0.1077432334,0.9274960756
157,11.8660000000,pose,13,0.7627195120,0.6401778460,-0.1417844146,0.9307132959
158,11.9410000000,pose,13,0.7626546621,0.6337617636,-0.1264207065,0.9330942035
67,5.0640000000,pose,14,0.2529098094,0.6081514955,0.0279488657,0.5149793625
68,5.1390000000,pose,14,0.2543247342,0.6245638728,-0.1321330816,0.5250275135
69,5.2150000000,pose,14,0.2513835728,0.6258032918,-0.1208103672,0.5436440706
70,5.2900000000,pose,14,0.2502653897,0.6268090010,-0.1966283172,0.5546475649
71,5.3660000000,pose,14,0.2511956096,0.6342415214,-0.2819688022,0.5708118081
72,5.4420000000,pose,14,0.2548806965,0.6499288082,-0.2724324167,0.5827828050
73,5.5170000000,pose,14,0.2600024939,0.6565068364,-0.2430516183,0.5773413181
74,5.5930000000,pose,14,0.2607320547,0.6649823785,-0.2312561423,0.5715997815
75,5.6680000000,pose,14,0.2614182532,0.6739957333,-0.1916315705,0.5963397026
76,5.7440000000,pose,14,0.2680026293,0.6991685629,-0.2026207596,0.5646445155
77,5.8190000000,pose,14,0.2676801085,0.7065774202,-0.2367378771,0.5612044334
78,5.8950000000,pose,14,0.2677056491,0.7069655657,-0.1947997659,0.5610544086
79,5.9710000000,pose,14,0.2676071525,0.7208699584,-0.1798923165,0.5445227027
80,6.0460000000,pose,14,0.2673193216,0.7209733725,-0.2125483006,0.5482208729
81,6.1220000000,pose,14,0.2675805986,0.7203112841,-0.1585984379,0.5681098700
82,6.1970000000,pose,14,0.2686588466,0.7233625650,-0.1466336399,0.5700355172
83,6.2730000000,pose,14,0.2680729628,0.7223415375,-0.2535651922,0.5710200071
84,6.3490000000,pose,14,0.2680427730,0.7181836963,-0.1224829629,0.5628212094
85,6.4240000000,pose,14,0.2671526670,0.7026695609,-0.1821969151,0.5722655058
86,6.5000000000,pose,14,0.2654291093,0.7014574409,-0.2189431340,0.5587379336
87,6.5750000000,pose,14,0.2625658810,0.6868377924,-0.2137526870,0.5484397411
88,6.6510000000,pose,14,0.2553585470,0.6751626134,-0.1322345734,0.5639626384
89,6.7260000000,pose,14,0.2555059791,0.6670072675,-0.2472491711,0.5541804433
90,6.8020000000,pose,14,0.2554750144,0.6648321748,-0.0655769557,0.5613728762
91,6.8780000000,pose,14,0.2559221387,0.6648511291,-0.2074865401,0.5595689416
92,6.9530000000,pose,14,0.2550999522,0.6618666649,0.0382814668,0.5633401871
93,7.0290000000,pose,14,0.2571615875,0.6615653634,-0.2297533900,0.5611796975
94,7.1040000000,pose,14,0.2585743964,0.6744034886,-0.1565816253,0.5354588628
95,7.1800000000,pose,14,0.2595212460,0.6742951274,-0.1041906625,0.5332711339
96,7.2550000000,pose,14,0.2618226111,0.6758231521,-0.1097011790,0.5348264575
97,7.3310000000,pose,14,0.2622745633,0.6778655052,-0.0779091194,0.5189777017
98,7.4070000000,pose,14,0.2694456875,0.6902673841,-0.1756440103,0.5011507273
99,7.4820000000,pose,14,0.2705979943,0.6890817881,-0.1756955534,0.4954220057
100,7.5580000000,pose,14,0.2726683617,0.6901766062,-0.2609948218,0.5018482804
101,7.6330000000,pose,14,0.2735074162,0.6901881695,-0.3084059060,0.5121051073
102,7.7090000000,pose,14,0.2731792331,0.6915224791,-0.3785135448,0.5411269665
103,7.7850000000,pose,14,0.2736402452,0.6929394603,-0.4146322906,0.5648345947
104,7.8600000000,pose,14,0.2735181749,0.6973803639,-0.2822443843,0.5726177692
105,7.9360000000,pose,14,0.2752242982,0.6973603964,-0.3200309575,0.5793545246
106,8.0110000000,pose,14,0.2757754624,0.6976764798,-0.3924095035,0.5912169814
107,8.0870000000,pose,14,0.2770609856,0.6976144314,-0.2609661222,0.5854935050
108,8.1620000000,pose,14,0.2770701647,0.6940913200,-0.3858729899,0.5799325705
109,8.2380000000,pose,14,0.2775845230,0.6915770769,-0.2529343963,0.5835267305
110,8.3140000000,pose,14,0.2753534317,0.6908208728,-0.4800068438,0.5753619671
111,8.3890000000,pose,14,0.2791272700,0.6887310147,-0.3706960678,0.5723518729
112,8.4650000000,pose,14,0.2819681764,0.6941927671,-0.0462339595,0.5578994751
113,8.5400000000,pose,14,0.2826591134,0.6945735216,-0.0110181160,0.5269502401
114,8.6160000000,pose,14,0.2846544981,0.6939864755,-0.1105414480,0.5287306905
115,8.6910000000,pose,14,0.2828778625,0.6854247451,-0.0017992761,0.5436280370
116,8.7670000000,pose,14,0.2836806476,0.6854047775,-0.0482620783,0.5345163345
117,8.8430000000,pose,14,0.2836849391,0.6825754046,0.0545100681,0.5385540724
118,8.9180000000,pose,14,0.2838414013,0.6793957353,0.0421589017,0.5343520045
119,8.9940000000,pose,14,0.2832378149,0.6797665954,-0.2142357081,0.5401790738
120,9.0690000000,pose,14,0.2832652032,0.6792008877,-0.1755726486,0.5494070053
121,9.1450000000,pose,14,0.2809195518,0.6753305793,-0.1027589738,0.5378740430
122,9.2200000000,pose,14,0.2791062593,0.6753830314,-0.1668140739,0.5507294536
123,9.2960000000,pose,14,0.2798357010,0.6752097607,-0.1497466713,0.5527677536
124,9.3720000000,pose,14,0.2798974812,0.6761931777,-0.0526221246,0.5539304614
125,9.4470000000,pose,14,0.2774898112,0.6760911345,-0.1356912553,0.5530402660
126,9.5230000000,pose,14,0.2772411406,0.6851239800,-0.0584785305,0.5457558632
127,9.5980000000,pose,14,0.2777839899,0.6852194667,-0.2829087079,0.5494531393
128,9.6740000000,pose,14,0.2773605883,0.6884611845,-0.2868060172,0.5434600115
129,9.7500000000,pose,14,0.2774861753,0.6884123087,-0.0859723464,0.5445362329
130,9.8250000000,pose,14,0.2749843597,0.6897359490,-0.0693935156,0.5360416174
131,9.9010000000,pose,14,0.2711664438,0.6775432229,-0.0598768480,0.5222538710
132,9.9760000000,pose,14,0.2682868242,0.6699153185,-0.0077181328,0.5337146521
133,10.0520000000,pose,14,0.2711252272,0.6653193235,-0.1380286962,0.5333864093
134,10.1270000000,pose,14,0.2687553763,0.6579488516,-0.1496570408,0.5531117320
135,10.2030000000,pose,14,0.2672400773,0.6569625139,-0.2634067237,0.5648680329
136,10.2790000000,pose,14,0.2681652009,0.6618995667,-0.1545850635,0.5574189425
137,10.3540000000,pose,14,0.2728592753,0.6771110892,-0.2266688794,0.5613290071
138,10.4300000000,pose,14,0.2761328816,0.6784499288,-0.3555994034,0.5425979495
139,10.5050000000,pose,14,0.2760820091,0.6787145734,-0.1766221374,0.5329262614
140,10.5810000000,pose,14,0.2707726359,0.6736858487,-0.0408791676,0.5467204452
141,10.6560000000,pose,14,0.2678142488,0.6680493951,-0.0884930119,0.5555161834
142,10.7320000000,pose,14,0.2609849274,0.6564824581,-0.2645160258,0.5883462429
143,10.8080000000,pose,14,0.2595962882,0.6469933987,-0.0863911882,0.5939394236
144,10.8830000000,pose,14,0.2597903013,0.6465390921,-0.0396191366,0.5985776782
145,10.9590000000,pose,14,0.2599640191,0.6450662613,-0.1292799562,0.6023303866
146,11.0340000000,pose,14,0.2600678205,0.6451365948,-0.1344736516,0.6157714128
147,11.1100000000,pose,14,0.2603562176,0.6472197175,-0.0414004885,0.6082568765
148,11.1850000000,pose,14,0.2720281780,0.6712118983,0.0411410779,0.5817735195
149,11.2610000000,pose,14,0.2719111443,0.6532775164,-0.1350156516,0.5640376210
150,11.3370000000,pose,14,0.2715551257,0.6688347459,-0.3190124929,0.5633269548
151,11.4120000000,pose,14,0.2694493830,0.6622705460,-0.2461963743,0.5617585182
152,11.4880000000,pose,14,0.2688292861,0.6639844775,-0.3556680977,0.5700374246
153,11.5630000000,pose,14,0.2691114545,0.6640304327,-0.2252142727,0.5744084120
154,11.6390000000,pose,14,0.2632981837,0.6742464900,-0.1325509697,0.5418604016
155,11.7150000000,pose,14,0.2636814117,0.6669955254,0.0138945915,0.5618223548
156,11.7900000000,pose,14,0.2617577612,0.6514461040,-0.1970873177,0.5919454098
157,11.8660000000,pose,14,0.2597854435,0.6240543723,-0.1860252768,0.6051483750
158,11.9410000000,pose,14,0.2597250342,0.6204428673,-0.0958942920,0.6213651896
67,5.0640000000,pose,15,0.6472101808,0.3413603902,-0.1781327873,0.9383987188
68,5.1390000000,pose,15,0.6532428265,0.3536302447,-0.4855019450,0.9414140582
69,5.2150000000,pose,15,0.6527435184,0.3595960736,-0.4475556314,0.9434797764
70,5.2900000000,pose,15,0.6525481343,0.3722208142,-0.4288463593,0.9467264414
71,5.3660000000,pose,15,0.6477783918,0.3773822784,-0.6971690655,0.9508890510
72,5.4420000000,pose,15,0.6473287344,0.3827930689,-0.5986333489,0.9571985602
73,5.5170000000,pose,15,0.6451688409,0.3993659317,-0.6599560380,0.9570908546
74,5.5930000000,pose,15,0.6430313587,0.4069245756,-0.5415592790,0.9610422850
75,5.6680000000,pose,15,0.6455026269,0.4305286705,-0.5652107596,0.9653150439
76,5.7440000000,pose,15,0.6458380818,0.4507614672,-0.5939780474,0.9656707048
77,5.8190000000,pose,15,0.6445019841,0.4579068720,-0.7259254456,0.9669010639
78,5.8950000000,pose,15,0.6432598829,0.4701756239,-0.5561754107,0.9690332413
79,5.9710000000,pose,15,0.6448312402,0.4802331328,-0.6257230639,0.9679357409
80,6.0460000000,pose,15,0.6426640153,0.4850058556,-0.6487179995,0.9689925313
81,6.1220000000,pose,15,0.6483286619,0.4845789075,-0.6099864244,0.9722471237
82,6.1970000000,pose,15,0.6482495070,0.4836021662,-0.5185251832,0.9711815715
83,6.2730000000,pose,15,0.6502573490,0.4781799316,-0.7094109654,0.9707864523
84,6.3490000000,pose,15,0.6559842825,0.4610587656,-0.5046808124,0.9700174928
85,6.4240000000,pose,15,0.6563263535,0.4445043802,-0.5274129510,0.9711615443
86,6.5000000000,pose,15,0.6567307711,0.4428348541,-0.6957228184,0.9709336162
87,6.5750000000,pose,15,0.6570598483,0.4245763421,-0.5033919215,0.9731023908
88,6.6510000000,pose,15,0.6599858999,0.4143386483,-0.5305843949,0.9731569886
89,6.7260000000,pose,15,0.6591380239,0.3981020749,-0.6307479143,0.9734981656
90,6.8020000000,pose,15,0.6592099071,0.3947779238,-0.3818910718,0.9740993381
91,6.8780000000,pose,15,0.6590833068,0.3844757974,-0.6757545471,0.9749916792
92,6.9530000000,pose,15,0.6639060974,0.3866092265,-0.2624914348,0.9729241729
93,7.0290000000,pose,15,0.6595010161,0.3830197752,-0.4804080725,0.9706698060
94,7.1040000000,pose,15,0.6581193805,0.3838028312,-0.4625751376,0.9619390368
95,7.1800000000,pose,15,0.6580826640,0.3903935254,-0.3952172101,0.9601604939
96,7.2550000000,pose,15,0.6572453976,0.3987027407,-0.4319683909,0.9603863358
97,7.3310000000,pose,15,0.6603815556,0.4125600457,-0.5350849032,0.9538853168
98,7.4070000000,pose,15,0.6603454351,0.4124061167,-0.4843292832,0.9465777874
99,7.4820000000,pose,15,0.6604281664,0.4250719845,-0.6019847989,0.9494999051
100,7.5580000000,pose,15,0.6624347568,0.4369247556,-0.6563624144,0.9528810978
101,7.6330000000,pose,15,0.6647269130,0.4434680641,-0.6354397535,0.9571210146
102,7.7090000000,pose,15,0.6647945046,0.4477890730,-0.8231202364,0.9640642405
103,7.7850000000,pose,15,0.6647824049,0.4563208520,-0.7468568087,0.9690234065
104,7.8600000000,pose,15,0.6622515321,0.4614042640,-0.7281135321,0.9728955626
105,7.9360000000,pose,15,0.6630085707,0.4684067070,-0.7384297848,0.9748292565
106,8.0110000000,pose,15,0.6625785232,0.4710555077,-0.8188132048,0.9766989350
107,8.0870000000,pose,15,0.6638460159,0.4632937908,-0.7134444118,0.9781787395
108,8.1620000000,pose,15,0.6641286016,0.4551105499,-0.6914711595,0.9788603783
109,8.2380000000,pose,15,0.6641395092,0.4544072747,-0.6091160178,0.9801748991
110,8.3140000000,pose,15,0.6635289788,0.4476354718,-0.8731544614,0.9811010361
111,8.3890000000,pose,15,0.6639602780,0.4409258962,-0.8590242863,0.9815945625
112,8.4650000000,pose,15,0.6638963223,0.4365406036,-0.2300181538,0.9805244803
113,8.5400000000,pose,15,0.6637319922,0.4334041774,-0.3095323145,0.9688128829
114,8.6160000000,pose,15,0.6593587995,0.4227859080,-0.4888865650,0.9656042457
115,8.6910000000,pose,15,0.6636344194,0.4188532531,-0.2979162335,0.9619373083
116,8.7670000000,pose,15,0.6636989117,0.4187588990,-0.3621288538,0.9629597068
117,8.8430000000,pose,15,0.6649562716,0.4170245528,-0.3900120854,0.9579964876
118,8.9180000000,pose,15,0.6608829498,0.4131144583,-0.2749391496,0.9566368461
119,8.9940000000,pose,15,0.6613645554,0.4113282263,-0.5808427334,0.9587183595
120,9.0690000000,pose,15,0.6601425409,0.4154034555,-0.5215334296,0.9610199332
121,9.1450000000,pose,15,0.6582081914,0.4171282351,-0.4359501004,0.9604440928
122,9.2200000000,pose,15,0.6603662968,0.4241160154,-0.5957961679,0.9628403783
123,9.2960000000,pose,15,0.6553490758,0.4232367873,-0.4672660530,0.9640634060
124,9.3720000000,pose,15,0.6554496288,0.4245283604,-0.4397505224,0.9641935825
125,9.4470000000,pose,15,0.6596757174,0.4246077836,-0.5882497430,0.9663757086
126,9.5230000000,pose,15,0.6596747637,0.4248622656,-0.3895654976,0.9659928083
127,9.5980000000,pose,15,0.6597045660,0.4256909788,-0.6731425524,0.9672583342
128,9.6740000000,pose,15,0.6601296067,0.4259271026,-0.7668491602,0.9658580422
129,9.7500000000,pose,15,0.6598814726,0.4247314036,-0.5422657728,0.9652382135
130,9.8250000000,pose,15,0.6598909497,0.4147319794,-0.4042174220,0.9638026953
131,9.9010000000,pose,15,0.6601715088,0.3980061412,-0.3631734848,0.9609226584
132,9.9760000000,pose,15,0.6620673537,0.3861935735,-0.3208652437,0.9608240724
133,10.0520000000,pose,15,0.6628082991,0.3713067472,-0.3501910865,0.9589292407
134,10.1270000000,pose,15,0.6628736258,0.3696742356,-0.4812084436,0.9623266459
135,10.2030000000,pose,15,0.6622828841,0.3727560341,-0.6466543078,0.9643771648
136,10.2790000000,pose,15,0.6556327939,0.3802150786,-0.4218529761,0.9642667770
137,10.3540000000,pose,15,0.6556302309,0.4100736380,-0.6496678591,0.9648166895
138,10.4300000000,pose,15,0.6546888947,0.4352318943,-0.7689339519,0.9635469913
139,10.5050000000,pose,15,0.6572393179,0.4314858913,-0.5500899553,0.9612702131
140,10.5810000000,pose,15,0.6528736353,0.4179038405,-0.2412784398,0.9628096223
141,10.6560000000,pose,15,0.6518617868,0.4053792059,-0.3307939470,0.9648728967
142,10.7320000000,pose,15,0.6518595219,0.3987625539,-0.6292379498,0.9686266780
143,10.8080000000,pose,15,0.6509813666,0.3857000470,-0.3814850450,0.9699086547
144,10.8830000000,pose,15,0.6508133411,0.3829882741,-0.2169751078,0.9688125253
145,10.9590000000,pose,15,0.6505820751,0.3804789484,-0.3697160184,0.9687478542
146,11.0340000000,pose,15,0.6505481005,0.3739572167,-0.2566560507,0.9692579508
147,11.1100000000,pose,15,0.6501855254,0.3977030516,-0.4046013653,0.9690193534
148,11.1850000000,pose,15,0.6558526158,0.4474610388,-0.6005910039,0.9696165323
149,11.2610000000,pose,15,0.6590898037,0.4785013795,-0.6260632873,0.9661114216
150,11.3370000000,pose,15,0.6619313955,0.4707486629,-0.8117023706,0.9689142108
151,11.4120000000,pose,15,0.6614619493,0.4684600234,-0.7682157159,0.9708324671
152,11.4880000000,pose,15,0.6614007354,0.4853522480,-0.8619583249,0.9734320641
153,11.5630000000,pose,15,0.6632393003,0.5037545562,-0.6832236052,0.9744886756
154,11.6390000000,pose,15,0.6642396450,0.5154619813,-0.5159816146,0.9578820467
155,11.7150000000,pose,15,0.6579434872,0.4280265868,-0.2229233831,0.9589340091
156,11.7900000000,pose,15,0.6547644138,0.3903968632,-0.3572615683,0.9625743032
157,11.8660000000,pose,15,0.6528422832,0.3462025225,-0.3968008459,0.9656296968
158,11.9410000000,pose,15,0.6474615335,0.3358586133,-0.3566579521,0.9659555554
67,5.0640000000,pose,16,0.3348481059,0.3040050566,-0.1288491488,0.9582719207
68,5.1390000000,pose,16,0.3269320428,0.3203389943,-0.4375177920,0.9604551196
69,5.2150000000,pose,16,0.3288075626,0.3214820623,-0.3939564526,0.9635729790
70,5.2900000000,pose,16,0.3332991898,0.3233173192,-0.4944479764,0.9651232362
71,5.3660000000,pose,16,0.3391800225,0.3328467011,-0.6835582256,0.9682446122
72,5.4420000000,pose,16,0.3338418305,0.3672197163,-0.5986015201,0.9693371058
73,5.5170000000,pose,16,0.3373204768,0.3658975065,-0.5635975003,0.9642158747
74,5.5930000000,pose,16,0.3347687721,0.3777823448,-0.5560779572,0.9677114487
75,5.6680000000,pose,16,0.3357384801,0.3934433758,-0.4809022248,0.9705777168
76,5.7440000000,pose,16,0.3368526101,0.4098033309,-0.5926619172,0.9706146121
77,5.8190000000,pose,16,0.3359417617,0.4245351553,-0.7177731991,0.9709200859
78,5.8950000000,pose,16,0.3346671462,0.4426383376,-0.5607618690,0.9735912085
79,5.9710000000,pose,16,0.3399490118,0.4499209523,-0.6625598669,0.9701579809
80,6.0460000000,pose,16,0.3399032950,0.4526422322,-0.6957150102,0.9726319313
81,6.1220000000,pose,16,0.3394240737,0.4526586533,-0.5653830767,0.9756705761
82,6.1970000000,pose,16,0.3393504918,0.4516727030,-0.4521650672,0.9767915606
83,6.2730000000,pose,16,0.3384049535,0.4424597621,-0.6319978237,0.9753929973
84,6.3490000000,pose,16,0.3374390900,0.4417954385,-0.4618182480,0.9734188914
85,6.4240000000,pose,16,0.3409264386,0.4167279303,-0.5274772048,0.9744384885
86,6.5000000000,pose,16,0.3401933610,0.4126125276,-0.6773380041,0.9743359089
87,6.5750000000,pose,16,0.3378986120,0.4068343341,-0.5515782833,0.9757708907
88,6.6510000000,pose,16,0.3360810578,0.3829372227,-0.3621958494,0.9755162001
89,6.7260000000,pose,16,0.3260825276,0.3863545656,-0.7284722924,0.9752243757
90,6.8020000000,pose,16,0.3283318877,0.3828991055,-0.3362834752,0.9770674109
91,6.8780000000,pose,16,0.3271377385,0.3840487599,-0.7304155231,0.9796726704
92,6.9530000000,pose,16,0.3311345279,0.3684587479,-0.1605844051,0.9750519395
93,7.0290000000,pose,16,0.3403148651,0.3684074879,-0.6621963382,0.9741491675
94,7.1040000000,pose,16,0.3429193497,0.3685924709,-0.5353085399,0.9651922584
95,7.1800000000,pose,16,0.3427248299,0.3686533868,-0.3509183228,0.9619975090
96,7.2550000000,pose,16,0.3445511460,0.3729463220,-0.4093197882,0.9607651830
97,7.3310000000,pose,16,0.3047648072,0.4462126493,-0.5138486624,0.9533655047
98,7.4070000000,pose,16,0.3377305567,0.4331715405,-0.5425326824,0.9400885105
99,7.4820000000,pose,16,0.3417394459,0.4312156737,-0.5515798330,0.9418355227
100,7.5580000000,pose,16,0.3452315331,0.4293352962,-0.6263762116,0.9473945498
101,7.6330000000,pose,16,0.3495772183,0.4230874777,-0.7044296861,0.9515730739
102,7.7090000000,pose,16,0.3498731554,0.4216944873,-0.8457229733,0.9597691298
103,7.7850000000,pose,16,0.3531255722,0.4214000702,-0.8659707904,0.9662994742
104,7.8600000000,pose,16,0.3505442739,0.4247406423,-0.6793587208,0.9708831906
105,7.9360000000,pose,16,0.3512247503,0.4253133833,-0.7543058991,0.9727795124
106,8.0110000000,pose,16,0.3520306051,0.4272659421,-0.8670065403,0.9752696157
107,8.0870000000,pose,16,0.3517940938,0.4232459366,-0.6169347763,0.9770414829
108,8.1620000000,pose,16,0.3518747687,0.4150878191,-0.8333135843,0.9769811630
109,8.2380000000,pose,16,0.3528698981,0.4143961966,-0.6014618278,0.9787244797
110,8.3140000000,pose,16,0.3526605964,0.4139971137,-0.9740125537,0.9790597558
111,8.3890000000,pose,16,0.3593171537,0.4052867591,-0.8626818061,0.9805294871
112,8.4650000000,pose,16,0.3593344390,0.3966940939,-0.3103128970,0.9771040678
113,8.5400000000,pose,16,0.3592029512,0.3898062408,-0.3563919067,0.9695597887
114,8.6160000000,pose,16,0.3612233400,0.3878078461,-0.3964485228,0.9677633643
115,8.6910000000,pose,16,0.3570817411,0.3831441998,-0.1275080144,0.9649178386
116,8.7670000000,pose,16,0.3571638167,0.3833692372,-0.1948838234,0.9641976953
117,8.8430000000,pose,16,0.3543915153,0.3765052259,-0.1047335491,0.9609153271
118,8.9180000000,pose,16,0.3576516509,0.3666279912,-0.2131563574,0.9567138553
119,8.9940000000,pose,16,0.3582213223,0.3654256463,-0.5569331050,0.9567399025
120,9.0690000000,pose,16,0.3581642509,0.3700348437,-0.5533291698,0.9580746293
121,9.1450000000,pose,16,0.3610746264,0.3659333289,-0.4276452661,0.9578768015
122,9.2200000000,pose,16,0.3586234748,0.3749024272,-0.4787035584,0.9598156214
123,9.2960000000,pose,16,0.3584632277,0.3730269074,-0.4583541751,0.9611096382
124,9.3720000000,pose,16,0.3583958745,0.3730549812,-0.3215750754,0.9588721395
125,9.4470000000,pose,16,0.3579036593,0.3737117052,-0.4751674235,0.9603438377
126,9.5230000000,pose,16,0.3574872911,0.3787592351,-0.3325688243,0.9603697062
127,9.5980000000,pose,16,0.3578616083,0.3780553043,-0.6498433948,0.9623065591
128,9.6740000000,pose,16,0.3577864468,0.3846050203,-0.7648502588,0.9638487101
129,9.7500000000,pose,16,0.3556126952,0.3858116567,-0.4347308278,0.9629186392
130,9.8250000000,pose,16,0.3479625881,0.3814998567,-0.3517405689,0.9602600336
131,9.9010000000,pose,16,0.3337071240,0.3797056675,-0.3567101061,0.9535880089
132,9.9760000000,pose,16,0.3369266391,0.3503350616,-0.2540101111,0.9561635852
133,10.0520000000,pose,16,0.3447327614,0.3391219378,-0.5112966895,0.9585993886
134,10.1270000000,pose,16,0.3479210138,0.3371414542,-0.4815050364,0.9623579979
135,10.2030000000,pose,16,0.3500182927,0.3346208036,-0.7060718536,0.9654226899
136,10.2790000000,pose,16,0.3494428396,0.3554512560,-0.4250910580,0.9630270004
137,10.3540000000,pose,16,0.3481038809,0.3822511137,-0.6561635137,0.9656111002
138,10.4300000000,pose,16,0.3474307358,0.3895104825,-0.8897235394,0.9687368274
139,10.5050000000,pose,16,0.3466586471,0.3886420727,-0.5384345651,0.9702973962
140,10.5810000000,pose,16,0.3435482085,0.3804415762,-0.2396291047,0.9709727168
141,10.6560000000,pose,16,0.3419458568,0.3665604293,-0.2877880931,0.9709230065
142,10.7320000000,pose,16,0.3404615223,0.3440003395,-0.6629909277,0.9751283526
143,10.8080000000,pose,16,0.3396069109,0.3454464674,-0.4452404678,0.9766111374
144,10.8830000000,pose,16,0.3395324349,0.3454971313,-0.2933053076,0.9771000147
145,10.9590000000,pose,16,0.3482447267,0.3368955553,-0.4425880611,0.9786131382
146,11.0340000000,pose,16,0.3509902060,0.3343839943,-0.3452973366,0.9798196554
147,11.1100000000,pose,16,0.3467762172,0.3339021802,-0.1815297902,0.9686955214
148,11.1850000000,pose,16,0.2530354857,0.4991678298,-0.2312939316,0.9547494650
149,11.2610000000,pose,16,0.3118329644,0.4234202802,-0.5624256730,0.9500982165
150,11.3370000000,pose,16,0.3250941634,0.4197546840,-0.8253802657,0.9557289481
151,11.4120000000,pose,16,0.3237754405,0.4158030152,-0.6542616487,0.9613232613
152,11.4880000000,pose,16,0.3282943368,0.4138081968,-0.8495222926,0.9701726437
153,11.5630000000,pose,16,0.3287960291,0.4123368263,-0.6394937634,0.9719079733
154,11.6390000000,pose,16,0.3307010531,0.4059220254,-0.6426954865,0.9746702909
155,11.7150000000,pose,16,0.3440428674,0.3736527860,-0.1387577802,0.9752224684
156,11.7900000000,pose,16,0.3476100564,0.3525659740,-0.5760699511,0.9762062430
157,11.8660000000,pose,16,0.3539012074,0.3074009418,-0.4196104407,0.9777268767
158,11.9410000000,pose,16,0.3573178053,0.2980645299,-0.2609108686,0.9784804583
67,5.0640000000,pose,23,0.5585343838,1.0238990784,0.0172854606,0.8552462459
68,5.1390000000,pose,23,0.5570805669,1.0323758125,0.0183503162,0.8409328461
69,5.2150000000,pose,23,0.5563031435,1.0377519131,0.0187140405,0.8206852674
70,5.2900000000,pose,23,0.5533356071,1.0415878296,0.0180796813,0.8200508356
71,5.3660000000,pose,23,0.5534757972,1.0323542356,0.0165089909,0.7984364033
72,5.4420000000,pose,23,0.5537193418,1.0312961340,0.0165137220,0.8098194599
73,5.5170000000,pose,23,0.5538133979,1.0300267935,0.0186963920,0.8182718754
74,5.5930000000,pose,23,0.5474101901,1.0171130896,0.0163101088,0.8217426538
75,5.6680000000,pose,23,0.5682779551,1.0127286911,0.0162050445,0.8305238485
76,5.7440000000,pose,23,0.5662628412,1.0111901760,0.0109370882,0.8301811814
77,5.8190000000,pose,23,0.5661466122,1.0088731050,0.0110251997,0.8342993855
78,5.8950000000,pose,23,0.5801314116,0.9928010106,0.0030727978,0.8248013258
79,5.9710000000,pose,23,0.5717327595,1.0063697100,-0.0003075870,0.8120519519
80,6.0460000000,pose,23,0.5715272427,1.0111817122,-0.0002466617,0.8222626448
81,6.1220000000,pose,23,0.5701161027,0.9954249859,-0.0019569567,0.8390114903
82,6.1970000000,pose,23,0.5711708069,0.9889029264,-0.0021797144,0.8286256790
83,6.2730000000,pose,23,0.5661485195,0.9893308282,0.0114662219,0.8333488107
84,6.3490000000,pose,23,0.5631312132,0.9844774008,0.0039873933,0.8260803819
85,6.4240000000,pose,23,0.5729744434,0.9802640676,0.0039482662,0.8321995735
86,6.5000000000,pose,23,0.5571870804,0.9809489846,0.0211870484,0.8333678842
87,6.5750000000,pose,23,0.5537730455,0.9788756371,0.0158072431,0.8299400806
88,6.6510000000,pose,23,0.5558490157,0.9947063327,0.0151314624,0.8360551596
89,6.7260000000,pose,23,0.5623583198,0.9937961102,0.0157406889,0.8269323707
90,6.8020000000,pose,23,0.5619736910,1.0023995638,0.0181202125,0.8090459704
91,6.8780000000,pose,23,0.5621703267,0.9986001253,0.0222749114,0.7964389324
92,6.9530000000,pose,23,0.5697360635,1.0087524652,0.0201490689,0.7946118712
93,7.0290000000,pose,23,0.5694633722,1.0242748260,0.0240170918,0.8027048707
94,7.1040000000,pose,23,0.5638778210,1.0226953030,0.0239871126,0.7974212766
95,7.1800000000,pose,23,0.5681701303,1.0211318731,0.0123882890,0.8083645701
96,7.2550000000,pose,23,0.5685496926,1.0163313150,0.0078300927,0.8173148632
97,7.3310000000,pose,23,0.5682966709,1.0116995573,0.0101563698,0.8086549640
98,7.4070000000,pose,23,0.5714366436,1.0102521181,0.0080237668,0.8133328557
99,7.4820000000,pose,23,0.5682447553,1.0058082342,0.0117745567,0.8257005811
100,7.5580000000,pose,23,0.5682359338,0.9985253215,0.0152418185,0.8456619382
101,7.6330000000,pose,23,0.5683069229,0.9856948256,0.0072600935,0.8510262370
102,7.7090000000,pose,23,0.5616998672,0.9826633930,0.0079514589,0.8639066815
103,7.7850000000,pose,23,0.5621519685,0.9724505544,0.0118320156,0.8723705411
104,7.8600000000,pose,23,0.5632951260,0.9767012000,0.0077001508,0.8814669847
105,7.9360000000,pose,23,0.5652441382,0.9769169688,0.0086159613,0.8872320056
106,8.0110000000,pose,23,0.5582967997,0.9773510098,0.0110280644,0.8930383921
107,8.0870000000,pose,23,0.5655170083,0.9775764942,0.0032527070,0.8906235099
108,8.1620000000,pose,23,0.5544625521,0.9731417298,0.0261171088,0.8971931338
109,8.2380000000,pose,23,0.5680313706,0.9563471079,0.0103172716,0.8943714499
110,8.3140000000,pose,23,0.5678812861,0.9578518271,0.0230380874,0.8982412815
111,8.3890000000,pose,23,0.5710720420,0.9748948812,0.0270602051,0.8892498612
112,8.4650000000,pose,23,0.5709689260,0.9918702245,0.0193842575,0.8892058730
113,8.5400000000,pose,23,0.5802928209,0.9966775179,0.0153670842,0.8799558282
114,8.6160000000,pose,23,0.5673457384,0.9964718223,0.0139008369,0.8790479898
115,8.6910000000,pose,23,0.5684918761,1.0011603832,0.0116676139,0.8848485351
116,8.7670000000,pose,23,0.5659803152,0.9611113667,0.0114729172,0.8703030348
117,8.8430000000,pose,23,0.5711622238,0.9790687561,0.0101068588,0.8729475737
118,8.9180000000,pose,23,0.5697337985,0.9902755022,0.0114997160,0.8642778397
119,8.9940000000,pose,23,0.5696979165,0.9983163476,0.0107385535,0.8692898154
120,9.0690000000,pose,23,0.5682085752,1.0053528547,0.0169180110,0.8730556369
121,9.1450000000,pose,23,0.5688244700,1.0044115782,0.0091945501,0.8805400729
122,9.2200000000,pose,23,0.5690987110,1.0042847395,0.0091847489,0.8819746971
123,9.2960000000,pose,23,0.5691466928,1.0041209459,0.0023986066,0.8812309504
124,9.3720000000,pose,23,0.5692781210,1.0026103258,0.0026093153,0.8848950863
125,9.4470000000,pose,23,0.5671123266,1.0019160509,0.0033445705,0.8831906319
126,9.5230000000,pose,23,0.5687019229,0.9999818206,0.0092396233,0.8829509020
127,9.5980000000,pose,23,0.5740320683,0.9984325171,0.0094913263,0.8860741258
128,9.6740000000,pose,23,0.5739769340,1.0035164356,0.0162103362,0.8601604700
129,9.7500000000,pose,23,0.5693923235,1.0082368851,0.0134581858,0.8556643128
130,9.8250000000,pose,23,0.5683256388,1.0081827641,0.0124796387,0.8592134118
131,9.9010000000,pose,23,0.5646111369,1.0025875568,0.0107118944,0.8595271707
132,9.9760000000,pose,23,0.5605245233,0.9953093529,0.0076983823,0.8426168561
133,10.0520000000,pose,23,0.5594357848,0.9768393040,0.0079973238,0.8464944959
134,10.1270000000,pose,23,0.5652272105,0.9786876440,0.0080235582,0.8185617924
135,10.2030000000,pose,23,0.5633093715,0.9908187389,0.0298949368,0.8161337376
136,10.2790000000,pose,23,0.5634509325,0.9979845881,0.0158945955,0.8181217313
137,10.3540000000,pose,23,0.5638085008,0.9923145175,0.0131810103,0.8144523501
138,10.4300000000,pose,23,0.5629597902,0.9817734361,0.0334122591,0.8203473091
139,10.5050000000,pose,23,0.5654966235,0.9860354066,0.0239698794,0.8263493180
140,10.5810000000,pose,23,0.5633876324,0.9927365780,0.0096520837,0.8324445486
141,10.6560000000,pose,23,0.5633702874,1.0049926043,0.0097583635,0.8382207751
142,10.7320000000,pose,23,0.5628622174,1.0048018694,0.0220288858,0.8396049738
143,10.8080000000,pose,23,0.5521646738,0.9911609888,0.0065722526,0.8245491982
144,10.8830000000,pose,23,0.5504148006,0.9867856503,0.0041421368,0.8113290668
145,10.9590000000,pose,23,0.5467543006,0.9899176955,0.0044639325,0.8001082540
146,11.0340000000,pose,23,0.5526632667,1.0148429871,0.0094574243,0.7774757147
147,11.1100000000,pose,23,0.5590448976,1.0195214748,0.0149754230,0.7817143798
148,11.1850000000,pose,23,0.5616443157,1.0171356201,0.0125878556,0.7832945585
149,11.2610000000,pose,23,0.5656924844,0.9886842966,0.0138649177,0.8048622608
150,11.3370000000,pose,23,0.5578393936,0.9876863956,0.0302568078,0.8252522349
151,11.4120000000,pose,23,0.5514227152,0.9806111455,0.0259317141,0.8334368467
152,11.4880000000,pose,23,0.5584714413,0.9761435986,0.0177326929,0.8577325344
153,11.5630000000,pose,23,0.5576031208,0.9793456197,0.0139016854,0.8644405007
154,11.6390000000,pose,23,0.5673865676,0.9940073490,0.0199444648,0.8670077920
155,11.7150000000,pose,23,0.5634847879,0.9954960346,0.0208122525,0.8658664227
156,11.7900000000,pose,23,0.5644643903,1.0013020039,0.0198115129,0.8524757028
157,11.8660000000,pose,23,0.5640615821,1.0187336206,0.0198273305,0.8450865746
158,11.9410000000,pose,23,0.5644003749,1.0240888596,0.0203431565,0.8355360627
67,5.0640000000,pose,24,0.3924425840,0.9963364005,-0.0176677108,0.8482891917
68,5.1390000000,pose,24,0.3866316974,1.0028202534,-0.0187704489,0.8345032930
69,5.2150000000,pose,24,0.3821610808,1.0210363865,-0.0191383362,0.8155339956
70,5.2900000000,pose,24,0.3777129054,1.0214680433,-0.0185693391,0.8139405251
71,5.3660000000,pose,24,0.3808082640,1.0207529068,-0.0169893615,0.7937769294
72,5.4420000000,pose,24,0.3809750378,1.0170880556,-0.0169949662,0.8031014204
73,5.5170000000,pose,24,0.3886027634,1.0160261393,-0.0191412326,0.8114801645
74,5.5930000000,pose,24,0.3852698207,0.9905240536,-0.0167961475,0.8131490946
75,5.6680000000,pose,24,0.4041112661,0.9990282059,-0.0166634284,0.8222610354
76,5.7440000000,pose,24,0.4005236924,0.9969444275,-0.0114085432,0.8186380267
77,5.8190000000,pose,24,0.4009729922,0.9939700365,-0.0114858877,0.8234637380
78,5.8950000000,pose,24,0.4132429063,0.9929856062,-0.0035994491,0.8120577335
79,5.9710000000,pose,24,0.4012622535,0.9954643250,-0.0003014287,0.7952997684
80,6.0460000000,pose,24,0.3987358809,0.9997807145,-0.0003769939,0.8056477308
81,6.1220000000,pose,24,0.4023571610,0.9979703426,0.0013768725,0.8220437169
82,6.1970000000,pose,24,0.4036230147,0.9901885986,0.0016108447,0.8111012578
83,6.2730000000,pose,24,0.4032807946,0.9895349741,-0.0118943155,0.8159027696
84,6.3490000000,pose,24,0.4003511965,0.9786406159,-0.0045374152,0.8061628342
85,6.4240000000,pose,24,0.4118926227,0.9742158055,-0.0044949381,0.8134469390
86,6.5000000000,pose,24,0.3955669701,0.9721123576,-0.0216235984,0.8145631552
87,6.5750000000,pose,24,0.3933534622,0.9621644020,-0.0163598396,0.8059391975
88,6.6510000000,pose,24,0.3946950734,0.9881176949,-0.0156660974,0.8139995337
89,6.7260000000,pose,24,0.3988884091,0.9881015420,-0.0162894670,0.8026137948
90,6.8020000000,pose,24,0.3966173530,0.9910838008,-0.0186475143,0.7842120528
91,6.8780000000,pose,24,0.3946141005,0.9824560285,-0.0228611156,0.7719147801
92,6.9530000000,pose,24,0.3995901942,0.9971221089,-0.0206368677,0.7698493004
93,7.0290000000,pose,24,0.3988378942,1.0092458725,-0.0245698225,0.7796354294
94,7.1040000000,pose,24,0.3964703381,1.0073413849,-0.0245300308,0.7743637562
95,7.1800000000,pose,24,0.3969604075,1.0061743259,-0.0129404021,0.7848248482
96,7.2550000000,pose,24,0.4020609558,1.0046572685,-0.0083627459,0.7935990691
97,7.3310000000,pose,24,0.4004526734,0.9966545105,-0.0107343020,0.7839808464
98,7.4070000000,pose,24,0.4084605575,0.9951504469,-0.0085718650,0.7857158780
99,7.4820000000,pose,24,0.4079662859,0.9891127944,-0.0123118954,0.7980566025
100,7.5580000000,pose,24,0.4106111526,0.9816268086,-0.0157214645,0.8214459419
101,7.6330000000,pose,24,0.4112666547,0.9746227264,-0.0077694566,0.8263713717
102,7.7090000000,pose,24,0.4058692157,0.9642010927,-0.0084722871,0.8415153027
103,7.7850000000,pose,24,0.4104735553,0.9618794918,-0.0123822121,0.8528776169
104,7.8600000000,pose,24,0.4100908041,0.9645848274,-0.0082345549,0.8629901409
105,7.9360000000,pose,24,0.4096390605,0.9665856361,-0.0091238739,0.8698202372
106,8.0110000000,pose,24,0.4052033424,0.9643054008,-0.0115660047,0.8770156503
107,8.0870000000,pose,24,0.4150020778,0.9655591249,-0.0037823203,0.8749531507
108,8.1620000000,pose,24,0.4093230367,0.9551165700,-0.0265581682,0.8826369047
109,8.2380000000,pose,24,0.4172269702,0.9552266598,-0.0108560426,0.8794593811
110,8.3140000000,pose,24,0.4153483808,0.9553644061,-0.0234833285,0.8829746842
111,8.3890000000,pose,24,0.4099909961,0.9618369937,-0.0274210777,0.8763705492
112,8.4650000000,pose,24,0.4065504968,0.9760902524,-0.0197923817,0.8760814667
113,8.5400000000,pose,24,0.4116407633,0.9874184132,-0.0157541689,0.8660824895
114,8.6160000000,pose,24,0.4064194858,0.9798586369,-0.0143655175,0.8649864793
115,8.6910000000,pose,24,0.4050925672,0.9845389128,-0.0121308155,0.8720869422
116,8.7670000000,pose,24,0.4062986374,0.9484154582,-0.0119523443,0.8547045588
117,8.8430000000,pose,24,0.4125620723,0.9755385518,-0.0105395298,0.8585014343
118,8.9180000000,pose,24,0.4091002643,0.9756347537,-0.0119102662,0.8498197198
119,8.9940000000,pose,24,0.4077786505,0.9846608639,-0.0111999903,0.8551174998
120,9.0690000000,pose,24,0.4049779475,0.9885758162,-0.0173959192,0.8584999442
121,9.1450000000,pose,24,0.4097276032,0.9867266417,-0.0096207643,0.8672930598
122,9.2200000000,pose,24,0.4096221030,0.9865341783,-0.0096186167,0.8687348962
123,9.2960000000,pose,24,0.4083508849,0.9856503010,-0.0028713506,0.8685046434
124,9.3720000000,pose,24,0.4095966220,0.9847505689,-0.0030790546,0.8728948832
125,9.4470000000,pose,24,0.4054982364,0.9846197963,-0.0038711554,0.8693452477
126,9.5230000000,pose,24,0.4067166746,0.9845306277,-0.0097388988,0.8692430258
127,9.5980000000,pose,24,0.4176116288,0.9863967299,-0.0099830627,0.8733403683
128,9.6740000000,pose,24,0.4141255915,0.9863871336,-0.0166867580,0.8479247689
129,9.7500000000,pose,24,0.4055468142,0.9913226962,-0.0139344623,0.8435454965
130,9.8250000000,pose,24,0.4055024385,0.9912528992,-0.0129753901,0.8466755748
131,9.9010000000,pose,24,0.3981159627,0.9847366810,-0.0112202978,0.8460709453
132,9.9760000000,pose,24,0.3949225247,0.9785962105,-0.0082253031,0.8281210065
133,10.0520000000,pose,24,0.3936341405,0.9591886401,-0.0085243350,0.8316599727
134,10.1270000000,pose,24,0.3953781724,0.9721075892,-0.0085541504,0.8018567562
135,10.2030000000,pose,24,0.3945813179,0.9771339893,-0.0303517096,0.8022896647
136,10.2790000000,pose,24,0.4012422860,0.9806957245,-0.0163886882,0.8040496111
137,10.3540000000,pose,24,0.4022010863,0.9739738107,-0.0136418194,0.8017226458
138,10.4300000000,pose,24,0.4036350548,0.9581433535,-0.0338294916,0.8091045618
139,10.5050000000,pose,24,0.4083986282,0.9703775048,-0.0244547389,0.8163977265
140,10.5810000000,pose,24,0.4073144495,0.9728963375,-0.0101346374,0.8225535750
141,10.6560000000,pose,24,0.4046756029,0.9827046990,-0.0102400323,0.8274242282
142,10.7320000000,pose,24,0.4029880464,0.9824761152,-0.0224681534,0.8322501183
143,10.8080000000,pose,24,0.3903274536,0.9734533429,-0.0071358983,0.8137651086
144,10.8830000000,pose,24,0.3874326050,0.9726173878,-0.0046444712,0.8004148006
145,10.9590000000,pose,24,0.3838548660,0.9734787345,-0.0049533090,0.7899872661
146,11.0340000000,pose,24,0.3850238025,1.0027999878,-0.0098875714,0.7685517073
147,11.1100000000,pose,24,0.3943827450,1.0080476999,-0.0153866410,0.7708301544
148,11.1850000000,pose,24,0.4052811563,1.0013178587,-0.0130079417,0.7702618241
149,11.2610000000,pose,24,0.4064669311,0.9759197235,-0.0143424179,0.7914714217
150,11.3370000000,pose,24,0.4004420340,0.9665368199,-0.0305889510,0.8125719428
151,11.4120000000,pose,24,0.3987334371,0.9580958486,-0.0264011137,0.8193149567
152,11.4880000000,pose,24,0.4064941406,0.9538487196,-0.0182319880,0.8452836871
153,11.5630000000,pose,24,0.4043511450,0.9561548233,-0.0143994447,0.8520534635
154,11.6390000000,pose,24,0.4074185193,0.9716159105,-0.0204915497,0.8546851873
155,11.7150000000,pose,24,0.4007492959,0.9745812416,-0.0213065613,0.8539271355
156,11.7900000000,pose,24,0.4002109468,0.9826652408,-0.0203598216,0.8419252038
157,11.8660000000,pose,24,0.3938719034,0.9986950755,-0.0203709081,0.8355548978
158,11.9410000000,pose,24,0.3913775682,1.0073354244,-0.0208443496,0.8282449841
67,5.0640000000,right_hand,0,0.3344871998,0.3044846058,-0.0000000575,1.0000000000
68,5.1390000000,right_hand,0,0.3302965760,0.2957680821,-0.0000000828,1.0000000000
69,5.2150000000,right_hand,0,0.3328122795,0.2995403111,-0.0000000585,1.0000000000
70,5.2900000000,right_hand,0,0.3325288296,0.2988865972,-0.0000000795,1.0000000000
71,5.3660000000,right_hand,0,0.3266801834,0.3079610765,-0.0000000316,1.0000000000
72,5.4420000000,right_hand,0,0.3280525506,0.3156508803,0.0000000026,1.0000000000
73,5.5170000000,right_hand,0,0.3295721412,0.3300405145,0.0000000590,1.0000000000
74,5.5930000000,right_hand,0,0.3299030364,0.3409817517,-0.0000000209,1.0000000000
75,5.6680000000,right_hand,0,0.3272083998,0.3629260659,0.0000000397,1.0000000000
76,5.7440000000,right_hand,0,0.3235225677,0.3862983584,0.0000000297,1.0000000000
77,5.8190000000,right_hand,0,0.3242190182,0.3956990242,-0.0000000145,1.0000000000
78,5.8950000000,right_hand,0,0.3305241764,0.4161604047,0.0000001674,1.0000000000
79,5.9710000000,right_hand,0,0.3218379319,0.4268432558,0.0000001213,1.0000000000
80,6.0460000000,right_hand,0,0.3251751065,0.4252145886,0.0000000437,1.0000000000
81,6.1220000000,right_hand,0,0.3253399730,0.4316386282,0.0000001899,1.0000000000
82,6.1970000000,right_hand,0,0.3301310539,0.4147076905,0.0000002012,1.0000000000
83,6.2730000000,right_hand,0,0.3298694491,0.4100669324,0.0000002105,1.0000000000
84,6.3490000000,right_hand,0,0.3287665546,0.3940814734,0.0000000637,1.0000000000
85,6.4240000000,right_hand,0,0.3285764158,0.3845268190,0.0000000708,1.0000000000
86,6.5000000000,right_hand,0,0.3307723105,0.3746371865,0.0000000217,1.0000000000
87,6.5750000000,right_hand,0,0.3273548186,0.3623359501,0.0000000847,1.0000000000
88,6.6510000000,right_hand,0,0.3186431527,0.3400326669,-0.0000000494,1.0000000000
89,6.7260000000,right_hand,0,0.3242970705,0.3401010931,0.0000000923,1.0000000000
90,6.8020000000,right_hand,0,0.3225414455,0.3256968856,0.0000000382,1.0000000000
91,6.8780000000,right_hand,0,0.3333645463,0.3120141029,-0.0000000821,1.0000000000
92,6.9530000000,right_hand,0,0.3349747360,0.3019179702,-0.0000000298,1.0000000000
93,7.0290000000,right_hand,0,0.3381278813,0.3060123920,-0.0000000916,1.0000000000
94,7.1040000000,right_hand,0,0.3370227516,0.3277803063,0.0000000344,1.0000000000
95,7.1800000000,right_hand,0,0.3353726268,0.3477704525,0.0000000765,1.0000000000
96,7.2550000000,right_hand,0,0.3331875801,0.3503125608,0.0000001836,1.0000000000
97,7.3310000000,right_hand,0,0.3401508033,0.3500179648,0.0000000138,1.0000000000
98,7.4070000000,right_hand,0,0.3368246555,0.3665891588,0.0000001381,1.0000000000
99,7.4820000000,right_hand,0,0.3393418193,0.3675332963,-0.0000000070,1.0000000000
100,7.5580000000,right_hand,0,0.3428261280,0.3752482533,0.0000000229,1.0000000000
101,7.6330000000,right_hand,0,0.3421789706,0.3784285486,0.0000000652,1.0000000000
102,7.7090000000,right_hand,0,0.3536915481,0.3671843112,0.0000000604,1.0000000000
103,7.7850000000,right_hand,0,0.3574769795,0.3810589015,0.0000000439,1.0000000000
104,7.8600000000,right_hand,0,0.3435919285,0.3941180408,0.0000000752,1.0000000000
105,7.9360000000,right_hand,0,0.3381935060,0.3968715966,0.0000000413,1.0000000000
106,8.0110000000,right_hand,0,0.3485484421,0.3932447135,0.0000002127,1.0000000000
107,8.0870000000,right_hand,0,0.3493876159,0.3886873126,0.0000001109,1.0000000000
108,8.1620000000,right_hand,0,0.3526645303,0.3827702105,0.0000001388,1.0000000000
109,8.2380000000,right_hand,0,0.3463384807,0.3898287714,0.0000000715,1.0000000000
110,8.3140000000,right_hand,0,0.3490152955,0.3917205334,0.0000001682,1.0000000000
111,8.3890000000,right_hand,0,0.3462010622,0.3948193789,0.0000000498,1.0000000000
112,8.4650000000,right_hand,0,0.3417634964,0.3922955692,0.0000000723,1.0000000000
113,8.5400000000,right_hand,0,0.3484905958,0.3651877046,0.0000000449,1.0000000000
114,8.6160000000,right_hand,0,0.3496455252,0.3544248939,-0.0000001041,1.0000000000
115,8.6910000000,right_hand,0,0.3490785658,0.3427663147,0.0000000388,1.0000000000
116,8.7670000000,right_hand,0,0.3491634130,0.3389187753,0.0000000283,1.0000000000
117,8.8430000000,right_hand,0,0.3459747434,0.3379872143,-0.0000000522,1.0000000000
118,8.9180000000,right_hand,0,0.3465272188,0.3255050778,-0.0000000945,1.0000000000
119,8.9940000000,right_hand,0,0.3441661894,0.3344326019,-0.0000000365,1.0000000000
120,9.0690000000,right_hand,0,0.3422847986,0.3368125558,0.0000000713,1.0000000000
121,9.1450000000,right_hand,0,0.3478970826,0.3444387317,-0.0000000769,1.0000000000
122,9.2200000000,right_hand,0,0.3490425944,0.3457242548,-0.0000001111,1.0000000000
123,9.2960000000,right_hand,0,0.3496693373,0.3349389434,-0.0000000702,1.0000000000
124,9.3720000000,right_hand,0,0.3532907665,0.3312764466,-0.0000000415,1.0000000000
125,9.4470000000,right_hand,0,0.3537859619,0.3356299400,-0.0000000905,1.0000000000
126,9.5230000000,right_hand,0,0.3678138554,0.3421494067,-0.0000000777,1.0000000000
127,9.5980000000,right_hand,0,0.3847121000,0.3505458534,-0.0000001131,1.0000000000
128,9.6740000000,right_hand,0,0.3835715055,0.3428524733,-0.0000001296,1.0000000000
129,9.7500000000,right_hand,0,0.3899486065,0.3379107714,-0.0000001349,1.0000000000
130,9.8250000000,right_hand,0,0.3386364281,0.3098682165,0.0000000038,1.0000000000
131,9.9010000000,right_hand,0,0.3440560997,0.3080041409,0.0000000106,1.0000000000
132,9.9760000000,right_hand,0,0.3472226411,0.2975430936,-0.0000000407,1.0000000000
133,10.0520000000,right_hand,0,0.3503891826,0.2870820463,-0.0000000920,1.0000000000
134,10.1270000000,right_hand,0,0.3512096405,0.2875675559,-0.0000000967,1.0000000000
135,10.2030000000,right_hand,0,0.3500928879,0.2952444851,-0.0000000909,1.0000000000
136,10.2790000000,right_hand,0,0.3420823514,0.2963180244,-0.0000001254,1.0000000000
137,10.3540000000,right_hand,0,0.3381144702,0.3090655208,-0.0000001259,1.0000000000
138,10.4300000000,right_hand,0,0.3380871415,0.3057848513,-0.0000000146,1.0000000000
139,10.5050000000,right_hand,0,0.3383842409,0.3669626117,-0.0000000780,1.0000000000
140,10.5810000000,right_hand,0,0.3432708681,0.3430071771,-0.0000000611,1.0000000000
141,10.6560000000,right_hand,0,0.3484425247,0.3290330172,-0.0000001153,1.0000000000
142,10.7320000000,right_hand,0,0.3489125967,0.3204835355,-0.0000001421,1.0000000000
143,10.8080000000,right_hand,0,0.3542619944,0.3158826828,-0.0000001699,1.0000000000
144,10.8830000000,right_hand,0,0.3542953134,0.3047301769,-0.0000001313,1.0000000000
145,10.9590000000,right_hand,0,0.3570907116,0.2992077172,-0.0000001269,1.0000000000
146,11.0340000000,right_hand,0,0.3599435091,0.3080334663,-0.0000001408,1.0000000000
147,11.1100000000,right_hand,0,0.3589321375,0.3232550621,-0.0000001738,1.0000000000
148,11.1850000000,right_hand,0,0.3627904654,0.3277096748,0.0000000028,1.0000000000
149,11.2610000000,right_hand,0,0.3465618491,0.3138978779,-0.0000000593,1.0000000000
150,11.3370000000,right_hand,0,0.3370050490,0.2941051424,-0.0000000157,1.0000000000
151,11.4120000000,right_hand,0,0.3417760730,0.3014948070,0.0000000034,1.0000000000
152,11.4880000000,right_hand,0,0.3204046488,0.3262053430,0.0000000834,1.0000000000
153,11.5630000000,right_hand,0,0.3192169368,0.3300160766,0.0000000943,1.0000000000
154,11.6390000000,right_hand,0,0.3388084471,0.3522354960,0.0000000244,1.0000000000
155,11.7150000000,right_hand,0,0.3292955458,0.3270466328,0.0000000509,1.0000000000
156,11.7900000000,right_hand,0,0.3331384659,0.2950875163,-0.0000000768,1.0000000000
157,11.8660000000,right_hand,0,0.3503375947,0.2797742486,0.0000000013,1.0000000000
158,11.9410000000,right_hand,0,0.3507575691,0.2690181136,-0.0000001418,1.0000000000
67,5.0640000000,right_hand,1,0.3657356501,0.2841026783,-0.0050018500,1.0000000000
68,5.1390000000,right_hand,1,0.3628641367,0.2748247385,-0.0012705089,1.0000000000
69,5.2150000000,right_hand,1,0.3667326272,0.2784755528,-0.0036295603,1.0000000000
70,5.2900000000,right_hand,1,0.3640943170,0.2722752392,-0.0010838856,1.0000000000
71,5.3660000000,right_hand,1,0.3563414812,0.2947593033,-0.0022638396,1.0000000000
72,5.4420000000,right_hand,1,0.3538822532,0.2960147560,-0.0030770530,1.0000000000
73,5.5170000000,right_hand,1,0.3552674651,0.3106753230,0.0010607522,1.0000000000
74,5.5930000000,right_hand,1,0.3598515391,0.3136968017,-0.0026885639,1.0000000000
75,5.6680000000,right_hand,1,0.3501865864,0.3444865346,0.0018780767,1.0000000000
76,5.7440000000,right_hand,1,0.3611835539,0.3650042713,-0.0081422739,1.0000000000
77,5.8190000000,right_hand,1,0.3524373174,0.3722604811,-0.0048103123,1.0000000000
78,5.8950000000,right_hand,1,0.3587685227,0.4018878937,-0.0096764173,1.0000000000
79,5.9710000000,right_hand,1,0.3507131040,0.4139698744,-0.0040859589,1.0000000000
80,6.0460000000,right_hand,1,0.3544169366,0.4103841186,-0.0058544860,1.0000000000
81,6.1220000000,right_hand,1,0.3517898023,0.4187950492,-0.0062100478,1.0000000000
82,6.1970000000,right_hand,1,0.3557372987,0.4061429501,-0.0017837463,1.0000000000
83,6.2730000000,right_hand,1,0.3559805751,0.3908214271,-0.0029022547,1.0000000000
84,6.3490000000,right_hand,1,0.3595625162,0.3729557693,-0.0003818044,1.0000000000
85,6.4240000000,right_hand,1,0.3558610678,0.3755633533,-0.0028781758,1.0000000000
86,6.5000000000,right_hand,1,0.3554831445,0.3641137481,0.0006466510,1.0000000000
87,6.5750000000,right_hand,1,0.3573737442,0.3380292058,-0.0021889547,1.0000000000
88,6.6510000000,right_hand,1,0.3489095271,0.3187077940,-0.0027367712,1.0000000000
89,6.7260000000,right_hand,1,0.3493627906,0.3217660785,0.0007495104,1.0000000000
90,6.8020000000,right_hand,1,0.3463079333,0.3080784976,0.0023733431,1.0000000000
91,6.8780000000,right_hand,1,0.3564590812,0.2869693041,0.0035230583,1.0000000000
92,6.9530000000,right_hand,1,0.3553868532,0.2843133807,-0.0042729713,1.0000000000
93,7.0290000000,right_hand,1,0.3611086309,0.2909502685,0.0003529581,1.0000000000
94,7.1040000000,right_hand,1,0.3571679890,0.3021951020,0.0015528544,1.0000000000
95,7.1800000000,right_hand,1,0.3570752144,0.3264852166,0.0019573083,1.0000000000
96,7.2550000000,right_hand,1,0.3447632194,0.3436132073,-0.0139153143,1.0000000000
97,7.3310000000,right_hand,1,0.3698554039,0.3230707645,-0.0076730708,1.0000000000
98,7.4070000000,right_hand,1,0.3653855920,0.3468798399,-0.0035138787,1.0000000000
99,7.4820000000,right_hand,1,0.3661288321,0.3462941647,0.0006836646,1.0000000000
100,7.5580000000,right_hand,1,0.3752453327,0.3526087999,-0.0078897141,1.0000000000
101,7.6330000000,right_hand,1,0.3620394170,0.3848124743,-0.0220951959,1.0000000000
102,7.7090000000,right_hand,1,0.3750593066,0.3535768986,-0.0053520473,1.0000000000
103,7.7850000000,right_hand,1,0.3780762553,0.3733414114,-0.0070829527,1.0000000000
104,7.8600000000,right_hand,1,0.3733233809,0.3773927391,-0.0077065332,1.0000000000
105,7.9360000000,right_hand,1,0.3628185689,0.3928767443,-0.0104632322,1.0000000000
106,8.0110000000,right_hand,1,0.3703870773,0.3902217150,-0.0105707096,1.0000000000
107,8.0870000000,right_hand,1,0.3718420267,0.3898607492,-0.0121091669,1.0000000000
108,8.1620000000,right_hand,1,0.3767153025,0.3750320077,-0.0063393191,1.0000000000
109,8.2380000000,right_hand,1,0.3683243692,0.3761223853,-0.0034889008,1.0000000000
110,8.3140000000,right_hand,1,0.3708353341,0.3764408827,-0.0008772839,1.0000000000
111,8.3890000000,right_hand,1,0.3652484715,0.3731026053,0.0046360069,1.0000000000
112,8.4650000000,right_hand,1,0.3572372794,0.3734145761,0.0063347132,1.0000000000
113,8.5400000000,right_hand,1,0.3757681847,0.3353554308,-0.0068376227,1.0000000000
114,8.6160000000,right_hand,1,0.3777019382,0.3300362229,-0.0005011560,1.0000000000
115,8.6910000000,right_hand,1,0.3748225272,0.3179401159,-0.0016120318,1.0000000000
116,8.7670000000,right_hand,1,0.3752550185,0.3184989691,-0.0016678494,1.0000000000
117,8.8430000000,right_hand,1,0.3678342402,0.3180431128,0.0007370249,1.0000000000
118,8.9180000000,right_hand,1,0.3728639185,0.3075542450,-0.0018897464,1.0000000000
119,8.9940000000,right_hand,1,0.3677126467,0.3158345222,0.0026483757,1.0000000000
120,9.0690000000,right_hand,1,0.3626793027,0.3236028850,0.0016847663,1.0000000000
121,9.1450000000,right_hand,1,0.3752378225,0.3077022135,-0.0048065144,1.0000000000
122,9.2200000000,right_hand,1,0.3802303672,0.3128559589,-0.0007755323,1.0000000000
123,9.2960000000,right_hand,1,0.3770321310,0.3085816503,-0.0022851587,1.0000000000
124,9.3720000000,right_hand,1,0.3794022202,0.3066042364,-0.0076241633,1.0000000000
125,9.4470000000,right_hand,1,0.3797206283,0.3105548024,-0.0028461337,1.0000000000
126,9.5230000000,right_hand,1,0.3926163018,0.3163204193,-0.0081942845,1.0000000000
127,9.5980000000,right_hand,1,0.4030332863,0.3212142289,-0.0071140998,1.0000000000
128,9.6740000000,right_hand,1,0.4037444890,0.3169899881,-0.0069080177,1.0000000000
129,9.7500000000,right_hand,1,0.4075530171,0.3139360845,-0.0067788339,1.0000000000
130,9.8250000000,right_hand,1,0.3603581786,0.2775602937,-0.0030765126,1.0000000000
131,9.9010000000,right_hand,1,0.3660881519,0.2804851532,-0.0039422852,1.0000000000
132,9.9760000000,right_hand,1,0.3747936040,0.2713406235,-0.0049985063,1.0000000000
133,10.0520000000,right_hand,1,0.3834990561,0.2621960938,-0.0060547274,1.0000000000
134,10.1270000000,right_hand,1,0.3821216524,0.2629850209,-0.0043596551,1.0000000000
135,10.2030000000,right_hand,1,0.3762136400,0.2660164237,-0.0022250884,1.0000000000
136,10.2790000000,right_hand,1,0.3670972884,0.2677371800,-0.0021767106,1.0000000000
137,10.3540000000,right_hand,1,0.3577600718,0.2829567790,-0.0029553138,1.0000000000
138,10.4300000000,right_hand,1,0.3617419600,0.2896780670,-0.0058697518,1.0000000000
139,10.5050000000,right_hand,1,0.3710733652,0.3333758414,-0.0055417772,1.0000000000
140,10.5810000000,right_hand,1,0.3747590482,0.3101358116,-0.0037828581,1.0000000000
141,10.6560000000,right_hand,1,0.3800234497,0.2981411219,-0.0056936084,1.0000000000
142,10.7320000000,right_hand,1,0.3813065588,0.2886838913,-0.0064093899,1.0000000000
143,10.8080000000,right_hand,1,0.3859497011,0.2834808230,-0.0037155387,1.0000000000
144,10.8830000000,right_hand,1,0.3879684806,0.2746212482,-0.0059038093,1.0000000000
145,10.9590000000,right_hand,1,0.3885810971,0.2685784400,-0.0060849851,1.0000000000
146,11.0340000000,right_hand,1,0.3896960318,0.2751693726,-0.0032371373,1.0000000000
147,11.1100000000,right_hand,1,0.3876878321,0.3004884124,-0.0067099254,1.0000000000
148,11.1850000000,right_hand,1,0.3855322301,0.3002482653,-0.0031198536,1.0000000000
149,11.2610000000,right_hand,1,0.3681256771,0.2955174446,-0.0034616659,1.0000000000
150,11.3370000000,right_hand,1,0.3605559468,0.2804071307,-0.0037220896,1.0000000000
151,11.4120000000,right_hand,1,0.3636423349,0.2940470874,-0.0040093753,1.0000000000
152,11.4880000000,right_hand,1,0.3505277336,0.3050388992,0.0038948301,1.0000000000
153,11.5630000000,right_hand,1,0.3434325755,0.3070490360,0.0032714875,1.0000000000
154,11.6390000000,right_hand,1,0.3622154295,0.3247263134,-0.0039182990,1.0000000000
155,11.7150000000,right_hand,1,0.3561805189,0.2943936288,0.0018636907,1.0000000000
156,11.7900000000,right_hand,1,0.3606287241,0.2671903074,-0.0041558617,1.0000000000
157,11.8660000000,right_hand,1,0.3841404319,0.2501470149,-0.0037072457,1.0000000000
158,11.9410000000,right_hand,1,0.3851707578,0.2430069745,-0.0021969387,1.0000000000
67,5.0640000000,right_hand,2,0.3890571296,0.2625782788,-0.0139030023,1.0000000000
68,5.1390000000,right_hand,2,0.3885784447,0.2518922687,-0.0086339777,1.0000000000
69,5.2150000000,right_hand,2,0.3926891685,0.2586477399,-0.0128668938,1.0000000000
70,5.2900000000,right_hand,2,0.3867775500,0.2439202815,-0.0089914845,1.0000000000
71,5.3660000000,right_hand,2,0.3813225627,0.2775939703,-0.0108971680,1.0000000000
72,5.4420000000,right_hand,2,0.3782977760,0.2799226642,-0.0132161938,1.0000000000
73,5.5170000000,right_hand,2,0.3781943321,0.2922108769,-0.0065290933,1.0000000000
74,5.5930000000,right_hand,2,0.3800909817,0.2840754986,-0.0116843646,1.0000000000
75,5.6680000000,right_hand,2,0.3688791096,0.3261796832,-0.0056363982,1.0000000000
76,5.7440000000,right_hand,2,0.3857347369,0.3475442529,-0.0204570536,1.0000000000
77,5.8190000000,right_hand,2,0.3772293031,0.3506822884,-0.0162910484,1.0000000000
78,5.8950000000,right_hand,2,0.3805719614,0.3903805315,-0.0265213251,1.0000000000
79,5.9710000000,right_hand,2,0.3739596009,0.3993687034,-0.0162389763,1.0000000000
80,6.0460000000,right_hand,2,0.3806628585,0.3957236409,-0.0161128305,1.0000000000
81,6.1220000000,right_hand,2,0.3763324022,0.4077460468,-0.0171247125,1.0000000000
82,6.1970000000,right_hand,2,0.3785401285,0.3950047195,-0.0106356172,1.0000000000
83,6.2730000000,right_hand,2,0.3772801161,0.3757591248,-0.0123619055,1.0000000000
84,6.3490000000,right_hand,2,0.3819241822,0.3559894860,-0.0096656820,1.0000000000
85,6.4240000000,right_hand,2,0.3782116771,0.3618123829,-0.0118684573,1.0000000000
86,6.5000000000,right_hand,2,0.3776780069,0.3486725390,-0.0062155472,1.0000000000
87,6.5750000000,right_hand,2,0.3815472424,0.3084984422,-0.0081134168,1.0000000000
88,6.6510000000,right_hand,2,0.3755134046,0.2920396924,-0.0116527621,1.0000000000
89,6.7260000000,right_hand,2,0.3698132038,0.2985658944,-0.0038982860,1.0000000000
90,6.8020000000,right_hand,2,0.3660547435,0.2901269794,-0.0023020776,1.0000000000
91,6.8780000000,right_hand,2,0.3790320456,0.2580424845,-0.0007595085,1.0000000000
92,6.9530000000,right_hand,2,0.3779739141,0.2719339132,-0.0147307953,1.0000000000
93,7.0290000000,right_hand,2,0.3830482960,0.2781392336,-0.0073111774,1.0000000000
94,7.1040000000,right_hand,2,0.3762645721,0.2748943567,-0.0033727305,1.0000000000
95,7.1800000000,right_hand,2,0.3732305169,0.2977797389,-0.0011363389,1.0000000000
96,7.2550000000,right_hand,2,0.3527759314,0.3296641409,-0.0247612949,1.0000000000
97,7.3310000000,right_hand,2,0.3927183151,0.2965922058,-0.0196694266,1.0000000000
98,7.4070000000,right_hand,2,0.3890585303,0.3268272281,-0.0123834554,1.0000000000
99,7.4820000000,right_hand,2,0.3890904486,0.3202971816,-0.0060328506,1.0000000000
100,7.5580000000,right_hand,2,0.3985002041,0.3282927871,-0.0198110975,1.0000000000
101,7.6330000000,right_hand,2,0.3850879073,0.3807885051,-0.0385423601,1.0000000000
102,7.7090000000,right_hand,2,0.3955417871,0.3404653668,-0.0154897235,1.0000000000
103,7.7850000000,right_hand,2,0.3985538781,0.3657832742,-0.0186603479,1.0000000000
104,7.8600000000,right_hand,2,0.3953278661,0.3598969877,-0.0194073841,1.0000000000
105,7.9360000000,right_hand,2,0.3865467906,0.3860435784,-0.0258108415,1.0000000000
106,8.0110000000,right_hand,2,0.3938254118,0.3836060166,-0.0222894810,1.0000000000
107,8.0870000000,right_hand,2,0.3949244618,0.3832899332,-0.0243212730,1.0000000000
108,8.1620000000,right_hand,2,0.3992809653,0.3663807511,-0.0173829496,1.0000000000
109,8.2380000000,right_hand,2,0.3886863589,0.3560591042,-0.0115534198,1.0000000000
110,8.3140000000,right_hand,2,0.3914192319,0.3544071019,-0.0080694845,1.0000000000
111,8.3890000000,right_hand,2,0.3811127543,0.3503133059,0.0028092631,1.0000000000
112,8.4650000000,right_hand,2,0.3674235046,0.3512640297,0.0078801503,1.0000000000
113,8.5400000000,right_hand,2,0.3996749222,0.3094676733,-0.0163938552,1.0000000000
114,8.6160000000,right_hand,2,0.3985953927,0.3037237227,-0.0074756788,1.0000000000
115,8.6910000000,right_hand,2,0.3966032267,0.2919512987,-0.0091507044,1.0000000000
116,8.7670000000,right_hand,2,0.3970257938,0.2895714045,-0.0080331527,1.0000000000
117,8.8430000000,right_hand,2,0.3883618712,0.2989985347,-0.0042457515,1.0000000000
118,8.9180000000,right_hand,2,0.3943902850,0.2824874222,-0.0077141812,1.0000000000
119,8.9940000000,right_hand,2,0.3885275126,0.2972281277,-0.0011064577,1.0000000000
120,9.0690000000,right_hand,2,0.3764883578,0.3073959351,-0.0013751544,1.0000000000
121,9.1450000000,right_hand,2,0.3998302221,0.2748371363,-0.0145869665,1.0000000000
122,9.2200000000,right_hand,2,0.4049212337,0.2784805596,-0.0084793959,1.0000000000
123,9.2960000000,right_hand,2,0.4045114219,0.2759744227,-0.0097209783,1.0000000000
124,9.3720000000,right_hand,2,0.4059356451,0.2772024274,-0.0179666374,1.0000000000
125,9.4470000000,right_hand,2,0.4048531651,0.2792594135,-0.0099808695,1.0000000000
126,9.5230000000,right_hand,2,0.4128134847,0.2850811779,-0.0174488351,1.0000000000
127,9.5980000000,right_hand,2,0.4171350896,0.2876168191,-0.0149564426,1.0000000000
128,9.6740000000,right_hand,2,0.4186185002,0.2841737568,-0.0129168360,1.0000000000
129,9.7500000000,right_hand,2,0.4203633666,0.2828565836,-0.0130509259,1.0000000000
130,9.8250000000,right_hand,2,0.3909861743,0.2536861300,-0.0118725039,1.0000000000
131,9.9010000000,right_hand,2,0.3911170959,0.2474424243,-0.0124148866,1.0000000000
132,9.9760000000,right_hand,2,0.3998547196,0.2364297137,-0.0125038335,1.0000000000
133,10.0520000000,right_hand,2,0.4085923433,0.2254170030,-0.0125927804,1.0000000000
134,10.1270000000,right_hand,2,0.4065401852,0.2264013588,-0.0108081829,1.0000000000
135,10.2030000000,right_hand,2,0.4012793899,0.2321762741,-0.0082378024,1.0000000000
136,10.2790000000,right_hand,2,0.3948718905,0.2390491515,-0.0086646033,1.0000000000
137,10.3540000000,right_hand,2,0.3857821524,0.2585715055,-0.0104351658,1.0000000000
138,10.4300000000,right_hand,2,0.3911920488,0.2739727795,-0.0145243481,1.0000000000
139,10.5050000000,right_hand,2,0.3969734907,0.2949571311,-0.0141198514,1.0000000000
140,10.5810000000,right_hand,2,0.3987300098,0.2724784613,-0.0114952633,1.0000000000
141,10.6560000000,right_hand,2,0.4028490782,0.2578953207,-0.0134761306,1.0000000000
142,10.7320000000,right_hand,2,0.4047152400,0.2444343120,-0.0127133131,1.0000000000
143,10.8080000000,right_hand,2,0.4071548283,0.2408894598,-0.0091867475,1.0000000000
144,10.8830000000,right_hand,2,0.4102587998,0.2326492220,-0.0116942227,1.0000000000
145,10.9590000000,right_hand,2,0.4093988240,0.2271023542,-0.0123132411,1.0000000000
146,11.0340000000,right_hand,2,0.4096547365,0.2341179699,-0.0088137016,1.0000000000
147,11.1100000000,right_hand,2,0.4091451466,0.2637360394,-0.0134416986,1.0000000000
148,11.1850000000,right_hand,2,0.4054858685,0.2707875371,-0.0116219930,1.0000000000
149,11.2610000000,right_hand,2,0.3942958117,0.2737453282,-0.0119299972,1.0000000000
150,11.3370000000,right_hand,2,0.3899480402,0.2693932056,-0.0113614444,1.0000000000
151,11.4120000000,right_hand,2,0.3902540505,0.2847533822,-0.0131004564,1.0000000000
152,11.4880000000,right_hand,2,0.3804708421,0.2934267521,-0.0018297175,1.0000000000
153,11.5630000000,right_hand,2,0.3717314899,0.2926703691,-0.0011372538,1.0000000000
154,11.6390000000,right_hand,2,0.3881323934,0.2982394993,-0.0118589867,1.0000000000
155,11.7150000000,right_hand,2,0.3851390183,0.2698196471,-0.0065269615,1.0000000000
156,11.7900000000,right_hand,2,0.3903922141,0.2367913127,-0.0117951203,1.0000000000
157,11.8660000000,right_hand,2,0.4071105421,0.2090632319,-0.0082198940,1.0000000000
158,11.9410000000,right_hand,2,0.4085111618,0.2006676197,-0.0066318838,1.0000000000
67,5.0640000000,right_hand,3,0.4082111120,0.2472139150,-0.0229911469,1.0000000000
68,5.1390000000,right_hand,3,0.4099477530,0.2407643944,-0.0170761030,1.0000000000
69,5.2150000000,right_hand,3,0.4137456119,0.2470690608,-0.0227471814,1.0000000000
70,5.2900000000,right_hand,3,0.4051498771,0.2260611802,-0.0174642596,1.0000000000
71,5.3660000000,right_hand,3,0.4030805230,0.2691557407,-0.0202186238,1.0000000000
72,5.4420000000,right_hand,3,0.3997868896,0.2756250799,-0.0235952139,1.0000000000
73,5.5170000000,right_hand,3,0.3977461457,0.2878466547,-0.0156742744,1.0000000000
74,5.5930000000,right_hand,3,0.3959165215,0.2647232115,-0.0209339242,1.0000000000
75,5.6680000000,right_hand,3,0.3858668506,0.3176654279,-0.0146078160,1.0000000000
76,5.7440000000,right_hand,3,0.4024385214,0.3366069198,-0.0329616666,1.0000000000
77,5.8190000000,right_hand,3,0.3977569342,0.3411394656,-0.0279529579,1.0000000000
78,5.8950000000,right_hand,3,0.3979648054,0.3847872019,-0.0434022397,1.0000000000
79,5.9710000000,right_hand,3,0.3947727084,0.3929686844,-0.0288649686,1.0000000000
80,6.0460000000,right_hand,3,0.4011814892,0.3920784593,-0.0264655855,1.0000000000
81,6.1220000000,right_hand,3,0.3963412344,0.4029630721,-0.0282015800,1.0000000000
82,6.1970000000,right_hand,3,0.3976970017,0.3921981156,-0.0206276532,1.0000000000
83,6.2730000000,right_hand,3,0.3957581222,0.3725541532,-0.0228193328,1.0000000000
84,6.3490000000,right_hand,3,0.4013247192,0.3538219929,-0.0201753248,1.0000000000
85,6.4240000000,right_hand,3,0.4003677964,0.3561253548,-0.0218530279,1.0000000000
86,6.5000000000,right_hand,3,0.3996875882,0.3441480398,-0.0145362616,1.0000000000
87,6.5750000000,right_hand,3,0.3990503848,0.2875412703,-0.0150302360,1.0000000000
88,6.6510000000,right_hand,3,0.3965802789,0.2766769528,-0.0208926722,1.0000000000
89,6.7260000000,right_hand,3,0.3885756433,0.2889530659,-0.0101486137,1.0000000000
90,6.8020000000,right_hand,3,0.3851745725,0.2854878902,-0.0086721908,1.0000000000
91,6.8780000000,right_hand,3,0.3987186849,0.2450373322,-0.0060480675,1.0000000000
92,6.9530000000,right_hand,3,0.3995502293,0.2784941494,-0.0254653729,1.0000000000
93,7.0290000000,right_hand,3,0.4034999311,0.2813402712,-0.0160776414,1.0000000000
94,7.1040000000,right_hand,3,0.3939602971,0.2619948089,-0.0093554892,1.0000000000
95,7.1800000000,right_hand,3,0.3868625760,0.2803047299,-0.0058934707,1.0000000000
96,7.2550000000,right_hand,3,0.3622711301,0.3186305165,-0.0335259847,1.0000000000
97,7.3310000000,right_hand,3,0.4126680791,0.2835361063,-0.0313410684,1.0000000000
98,7.4070000000,right_hand,3,0.4112868011,0.3181465268,-0.0214967523,1.0000000000
99,7.4820000000,right_hand,3,0.4086148739,0.3048162758,-0.0137122879,1.0000000000
100,7.5580000000,right_hand,3,0.4156789482,0.3135767579,-0.0315840356,1.0000000000
101,7.6330000000,right_hand,3,0.4088265300,0.3700347245,-0.0505571403,1.0000000000
102,7.7090000000,right_hand,3,0.4142626822,0.3343449533,-0.0251928512,1.0000000000
103,7.7850000000,right_hand,3,0.4163915217,0.3621636927,-0.0297494438,1.0000000000
104,7.8600000000,right_hand,3,0.4149128795,0.3499279916,-0.0308686178,1.0000000000
105,7.9360000000,right_hand,3,0.4090634584,0.3816081285,-0.0397578366,1.0000000000
106,8.0110000000,right_hand,3,0.4141939580,0.3785569370,-0.0327615775,1.0000000000
107,8.0870000000,right_hand,3,0.4161024690,0.3768260479,-0.0349471197,1.0000000000
108,8.1620000000,right_hand,3,0.4179350436,0.3633090258,-0.0280453190,1.0000000000
109,8.2380000000,right_hand,3,0.4088993967,0.3476658463,-0.0198495127,1.0000000000
110,8.3140000000,right_hand,3,0.4099941552,0.3442124724,-0.0166462865,1.0000000000
111,8.3890000000,right_hand,3,0.3961654007,0.3396306336,-0.0012813511,1.0000000000
112,8.4650000000,right_hand,3,0.3753641844,0.3377226591,0.0069980393,1.0000000000
113,8.5400000000,right_hand,3,0.4186296165,0.2935115397,-0.0257111918,1.0000000000
114,8.6160000000,right_hand,3,0.4159368575,0.2883964479,-0.0157402027,1.0000000000
115,8.6910000000,right_hand,3,0.4164023995,0.2781786025,-0.0173143949,1.0000000000
116,8.7670000000,right_hand,3,0.4147408903,0.2705630660,-0.0150150014,1.0000000000
117,8.8430000000,right_hand,3,0.4074346721,0.2922422588,-0.0109025156,1.0000000000
118,8.9180000000,right_hand,3,0.4112059176,0.2642356455,-0.0139770797,1.0000000000
119,8.9940000000,right_hand,3,0.4089308381,0.2890469432,-0.0066102357,1.0000000000
120,9.0690000000,right_hand,3,0.3873602748,0.2955110371,-0.0058772825,1.0000000000
121,9.1450000000,right_hand,3,0.4191171527,0.2558794916,-0.0243036058,1.0000000000
122,9.2200000000,right_hand,3,0.4255136251,0.2562058866,-0.0169860236,1.0000000000
123,9.2960000000,right_hand,3,0.4278185964,0.2538591325,-0.0171984974,1.0000000000
124,9.3720000000,right_hand,3,0.4285245836,0.2595962882,-0.0270676259,1.0000000000
125,9.4470000000,right_hand,3,0.4275915623,0.2614352703,-0.0173725095,1.0000000000
126,9.5230000000,right_hand,3,0.4294576049,0.2627643347,-0.0256969370,1.0000000000
127,9.5980000000,right_hand,3,0.4305481613,0.2635586560,-0.0221489351,1.0000000000
128,9.6740000000,right_hand,3,0.4311200380,0.2610948086,-0.0188604370,1.0000000000
129,9.7500000000,right_hand,3,0.4318563044,0.2607673109,-0.0191760119,1.0000000000
130,9.8250000000,right_hand,3,0.4192239046,0.2434654683,-0.0201040078,1.0000000000
131,9.9010000000,right_hand,3,0.4141802490,0.2273657024,-0.0202377103,1.0000000000
132,9.9760000000,right_hand,3,0.4219161570,0.2138465196,-0.0193668408,1.0000000000
133,10.0520000000,right_hand,3,0.4296520650,0.2003273368,-0.0184959713,1.0000000000
134,10.1270000000,right_hand,3,0.4281261563,0.2010622472,-0.0166338403,1.0000000000
135,10.2030000000,right_hand,3,0.4241798818,0.2110328227,-0.0142625421,1.0000000000
136,10.2790000000,right_hand,3,0.4201850295,0.2266591191,-0.0153781921,1.0000000000
137,10.3540000000,right_hand,3,0.4132865071,0.2500060201,-0.0176163372,1.0000000000
138,10.4300000000,right_hand,3,0.4177437723,0.2677869201,-0.0221537836,1.0000000000
139,10.5050000000,right_hand,3,0.4188576341,0.2683015764,-0.0226501506,1.0000000000
140,10.5810000000,right_hand,3,0.4187190831,0.2457043529,-0.0192855485,1.0000000000
141,10.6560000000,right_hand,3,0.4207316637,0.2294028550,-0.0206712559,1.0000000000
142,10.7320000000,right_hand,3,0.4220813513,0.2130587101,-0.0183521174,1.0000000000
143,10.8080000000,right_hand,3,0.4229366183,0.2105678767,-0.0150342844,1.0000000000
144,10.8830000000,right_hand,3,0.4266130030,0.2032977939,-0.0174003784,1.0000000000
145,10.9590000000,right_hand,3,0.4260733128,0.1966189891,-0.0179630443,1.0000000000
146,11.0340000000,right_hand,3,0.4251560271,0.2045933157,-0.0148593662,1.0000000000
147,11.1100000000,right_hand,3,0.4252235293,0.2345047891,-0.0193566512,1.0000000000
148,11.1850000000,right_hand,3,0.4230996668,0.2469421625,-0.0199507568,1.0000000000
149,11.2610000000,right_hand,3,0.4187968671,0.2602601945,-0.0198408403,1.0000000000
150,11.3370000000,right_hand,3,0.4151829779,0.2697685063,-0.0185745470,1.0000000000
151,11.4120000000,right_hand,3,0.4125480652,0.2807689905,-0.0214243364,1.0000000000
152,11.4880000000,right_hand,3,0.4061464965,0.2877570391,-0.0089700511,1.0000000000
153,11.5630000000,right_hand,3,0.3974391520,0.2854879797,-0.0065895650,1.0000000000
154,11.6390000000,right_hand,3,0.4120400846,0.2758523822,-0.0194741376,1.0000000000
155,11.7150000000,right_hand,3,0.4093289375,0.2541509271,-0.0160038732,1.0000000000
156,11.7900000000,right_hand,3,0.4159049392,0.2152878046,-0.0191360712,1.0000000000
157,11.8660000000,right_hand,3,0.4233267903,0.1760375649,-0.0126945619,1.0000000000
158,11.9410000000,right_hand,3,0.4259223342,0.1678035706,-0.0118446834,1.0000000000
67,5.0640000000,right_hand,4,0.4172721803,0.2428543568,-0.0299125519,1.0000000000
68,5.1390000000,right_hand,4,0.4141614437,0.2435850203,-0.0242348723,1.0000000000
69,5.2150000000,right_hand,4,0.4183643460,0.2405746579,-0.0311103519,1.0000000000
70,5.2900000000,right_hand,4,0.4152598381,0.2059914619,-0.0248144940,1.0000000000
71,5.3660000000,right_hand,4,0.4166169763,0.2517680526,-0.0284182094,1.0000000000
72,5.4420000000,right_hand,4,0.4148048162,0.2663024962,-0.0325035453,1.0000000000
73,5.5170000000,right_hand,4,0.4120391607,0.2803960741,-0.0239879806,1.0000000000
74,5.5930000000,right_hand,4,0.4084951878,0.2523263097,-0.0291622989,1.0000000000
75,5.6680000000,right_hand,4,0.3994080424,0.3112469614,-0.0234253202,1.0000000000
76,5.7440000000,right_hand,4,0.4107387662,0.3282606304,-0.0431672558,1.0000000000
77,5.8190000000,right_hand,4,0.4129922390,0.3346729577,-0.0381305814,1.0000000000
78,5.8950000000,right_hand,4,0.4117833674,0.3738862276,-0.0598783717,1.0000000000
79,5.9710000000,right_hand,4,0.4106644392,0.3836795688,-0.0409103259,1.0000000000
80,6.0460000000,right_hand,4,0.4118964076,0.3913758397,-0.0354521759,1.0000000000
81,6.1220000000,right_hand,4,0.4080730677,0.3919447660,-0.0390910916,1.0000000000
82,6.1970000000,right_hand,4,0.4119678438,0.3860229254,-0.0308100153,1.0000000000
83,6.2730000000,right_hand,4,0.4099354446,0.3660797477,-0.0332467109,1.0000000000
84,6.3490000000,right_hand,4,0.4153322875,0.3569586575,-0.0299221184,1.0000000000
85,6.4240000000,right_hand,4,0.4177985191,0.3459906578,-0.0303570051,1.0000000000
86,6.5000000000,right_hand,4,0.4151041806,0.3345168233,-0.0219566207,1.0000000000
87,6.5750000000,right_hand,4,0.4117391706,0.2687473297,-0.0210970547,1.0000000000
88,6.6510000000,right_hand,4,0.4113445282,0.2656862140,-0.0289302766,1.0000000000
89,6.7260000000,right_hand,4,0.4034172893,0.2829896808,-0.0160550773,1.0000000000
90,6.8020000000,right_hand,4,0.4003954530,0.2816798687,-0.0146867530,1.0000000000
91,6.8780000000,right_hand,4,0.4111352563,0.2339875698,-0.0102002174,1.0000000000
92,6.9530000000,right_hand,4,0.4128605127,0.2850773036,-0.0348201729,1.0000000000
93,7.0290000000,right_hand,4,0.4170339108,0.2874031067,-0.0234413985,1.0000000000
94,7.1040000000,right_hand,4,0.4078086317,0.2539702356,-0.0146769546,1.0000000000
95,7.1800000000,right_hand,4,0.3977689147,0.2660072148,-0.0103320284,1.0000000000
96,7.2550000000,right_hand,4,0.3694964051,0.3107647598,-0.0412062295,1.0000000000
97,7.3310000000,right_hand,4,0.4264592230,0.2753250897,-0.0410224088,1.0000000000
98,7.4070000000,right_hand,4,0.4270302355,0.3001351357,-0.0296285432,1.0000000000
99,7.4820000000,right_hand,4,0.4207631648,0.2905143201,-0.0206187144,1.0000000000
100,7.5580000000,right_hand,4,0.4265423119,0.3056182265,-0.0415455140,1.0000000000
101,7.6330000000,right_hand,4,0.4280019701,0.3508031368,-0.0600032583,1.0000000000
102,7.7090000000,right_hand,4,0.4279227853,0.3251334727,-0.0339808725,1.0000000000
103,7.7850000000,right_hand,4,0.4284656942,0.3560413718,-0.0397420749,1.0000000000
104,7.8600000000,right_hand,4,0.4289280772,0.3422976434,-0.0405701213,1.0000000000
105,7.9360000000,right_hand,4,0.4278649092,0.3685313463,-0.0516736396,1.0000000000
106,8.0110000000,right_hand,4,0.4276179671,0.3650635183,-0.0420016013,1.0000000000
107,8.0870000000,right_hand,4,0.4291446507,0.3587136865,-0.0444020592,1.0000000000
108,8.1620000000,right_hand,4,0.4287193120,0.3505545855,-0.0378027633,1.0000000000
109,8.2380000000,right_hand,4,0.4227573276,0.3377326727,-0.0271899253,1.0000000000
110,8.3140000000,right_hand,4,0.4239892364,0.3273064196,-0.0257781930,1.0000000000
111,8.3890000000,right_hand,4,0.4073816240,0.3292043507,-0.0060052886,1.0000000000
112,8.4650000000,right_hand,4,0.3803515434,0.3277063370,0.0055620763,1.0000000000
113,8.5400000000,right_hand,4,0.4306223691,0.2832618356,-0.0334975235,1.0000000000
114,8.6160000000,right_hand,4,0.4271183312,0.2771711648,-0.0228950959,1.0000000000
115,8.6910000000,right_hand,4,0.4290500283,0.2695852816,-0.0252049156,1.0000000000
116,8.7670000000,right_hand,4,0.4257890880,0.2496013641,-0.0214870572,1.0000000000
117,8.8430000000,right_hand,4,0.4213173985,0.2856012583,-0.0167260170,1.0000000000
118,8.9180000000,right_hand,4,0.4224329591,0.2466189563,-0.0189740304,1.0000000000
119,8.9940000000,right_hand,4,0.4258462787,0.2835142314,-0.0123310927,1.0000000000
120,9.0690000000,right_hand,4,0.3951179385,0.2871217430,-0.0104071870,1.0000000000
121,9.1450000000,right_hand,4,0.4297987223,0.2487606853,-0.0323304199,1.0000000000
122,9.2200000000,right_hand,4,0.4443415701,0.2399100810,-0.0241559390,1.0000000000
123,9.2960000000,right_hand,4,0.4464615583,0.2349064946,-0.0238251165,1.0000000000
124,9.3720000000,right_hand,4,0.4467529356,0.2429200560,-0.0347060859,1.0000000000
125,9.4470000000,right_hand,4,0.4468503594,0.2489708662,-0.0236154255,1.0000000000
126,9.5230000000,right_hand,4,0.4444299340,0.2444898337,-0.0319688320,1.0000000000
127,9.5980000000,right_hand,4,0.4452524781,0.2467248142,-0.0275814142,1.0000000000
128,9.6740000000,right_hand,4,0.4444088340,0.2421244085,-0.0237040482,1.0000000000
129,9.7500000000,right_hand,4,0.4448580444,0.2441385090,-0.0239466373,1.0000000000
130,9.8250000000,right_hand,4,0.4414347410,0.2382357866,-0.0270138755,1.0000000000
131,9.9010000000,right_hand,4,0.4338734746,0.2139544338,-0.0266568065,1.0000000000
132,9.9760000000,right_hand,4,0.4401248991,0.1958735213,-0.0248095049,1.0000000000
133,10.0520000000,right_hand,4,0.4463763237,0.1777926087,-0.0229622032,1.0000000000
134,10.1270000000,right_hand,4,0.4450840652,0.1798992455,-0.0212352034,1.0000000000
135,10.2030000000,right_hand,4,0.4424613118,0.1913056672,-0.0190824233,1.0000000000
136,10.2790000000,right_hand,4,0.4410610199,0.2163053900,-0.0210227687,1.0000000000
137,10.3540000000,right_hand,4,0.4348140955,0.2447966039,-0.0237273369,1.0000000000
138,10.4300000000,right_hand,4,0.4376314878,0.2559339404,-0.0288893599,1.0000000000
139,10.5050000000,right_hand,4,0.4387877584,0.2455288023,-0.0291169863,1.0000000000
140,10.5810000000,right_hand,4,0.4365025759,0.2218725234,-0.0258744117,1.0000000000
141,10.6560000000,right_hand,4,0.4378904104,0.2041306496,-0.0260251537,1.0000000000
142,10.7320000000,right_hand,4,0.4380840063,0.1888790280,-0.0225342494,1.0000000000
143,10.8080000000,right_hand,4,0.4385919273,0.1870894283,-0.0196577217,1.0000000000
144,10.8830000000,right_hand,4,0.4417557120,0.1781162918,-0.0215473510,1.0000000000
145,10.9590000000,right_hand,4,0.4407735765,0.1716373116,-0.0221168976,1.0000000000
146,11.0340000000,right_hand,4,0.4405322671,0.1799551249,-0.0199529529,1.0000000000
147,11.1100000000,right_hand,4,0.4414961338,0.2133860588,-0.0239622276,1.0000000000
148,11.1850000000,right_hand,4,0.4394108057,0.2297405303,-0.0272295885,1.0000000000
149,11.2610000000,right_hand,4,0.4378241301,0.2487572283,-0.0269911364,1.0000000000
150,11.3370000000,right_hand,4,0.4346250296,0.2680677772,-0.0249907728,1.0000000000
151,11.4120000000,right_hand,4,0.4301909506,0.2746329010,-0.0292673688,1.0000000000
152,11.4880000000,right_hand,4,0.4271897674,0.2858186960,-0.0160894096,1.0000000000
153,11.5630000000,right_hand,4,0.4175031185,0.2862032354,-0.0114598759,1.0000000000
154,11.6390000000,right_hand,4,0.4331147373,0.2609994113,-0.0251718368,1.0000000000
155,11.7150000000,right_hand,4,0.4270322323,0.2453685701,-0.0245123617,1.0000000000
156,11.7900000000,right_hand,4,0.4361404181,0.1974739581,-0.0247238018,1.0000000000
157,11.8660000000,right_hand,4,0.4368714392,0.1492172331,-0.0162202399,1.0000000000
158,11.9410000000,right_hand,4,0.4414030313,0.1424865574,-0.0160296988,1.0000000000
67,5.0640000000,right_hand,5,0.3697143793,0.1674844921,-0.0139805283,1.0000000000
68,5.1390000000,right_hand,5,0.3687170148,0.1529298425,-0.0108351102,1.0000000000
69,5.2150000000,right_hand,5,0.3704553545,0.1578162014,-0.0154455155,1.0000000000
70,5.2900000000,right_hand,5,0.3696119785,0.1633404642,-0.0176722836,1.0000000000
71,5.3660000000,right_hand,5,0.3680506945,0.1794225723,-0.0159220677,1.0000000000
72,5.4420000000,right_hand,5,0.3686097264,0.1916336417,-0.0211744867,1.0000000000
73,5.5170000000,right_hand,5,0.3637531102,0.2094305605,-0.0129478201,1.0000000000
74,5.5930000000,right_hand,5,0.3661905825,0.2095468789,-0.0210996494,1.0000000000
75,5.6680000000,right_hand,5,0.3581304252,0.2557385266,-0.0149245700,1.0000000000
76,5.7440000000,right_hand,5,0.3689664900,0.2401989847,-0.0190168023,1.0000000000
77,5.8190000000,right_hand,5,0.3670047522,0.2595572174,-0.0222078860,1.0000000000
78,5.8950000000,right_hand,5,0.3653677106,0.2931637466,-0.0342323110,1.0000000000
79,5.9710000000,right_hand,5,0.3592264354,0.3143807352,-0.0266079530,1.0000000000
80,6.0460000000,right_hand,5,0.3649199605,0.2958300710,-0.0178979561,1.0000000000
81,6.1220000000,right_hand,5,0.3590633869,0.3259257674,-0.0192854069,1.0000000000
82,6.1970000000,right_hand,5,0.3629080951,0.3073129654,-0.0182939973,1.0000000000
83,6.2730000000,right_hand,5,0.3649719357,0.2896017134,-0.0188303925,1.0000000000
84,6.3490000000,right_hand,5,0.3675849140,0.2657987177,-0.0181264188,1.0000000000
85,6.4240000000,right_hand,5,0.3609586358,0.2752372026,-0.0116469460,1.0000000000
86,6.5000000000,right_hand,5,0.3647912443,0.2727530301,-0.0091649638,1.0000000000
87,6.5750000000,right_hand,5,0.3698578477,0.2330912650,-0.0130172223,1.0000000000
88,6.6510000000,right_hand,5,0.3693274558,0.2050967813,-0.0207907837,1.0000000000
89,6.7260000000,right_hand,5,0.3571117818,0.2301520854,-0.0077893813,1.0000000000
90,6.8020000000,right_hand,5,0.3570390046,0.2201989591,-0.0078184018,1.0000000000
91,6.8780000000,right_hand,5,0.3739784658,0.1895323396,-0.0115256011,1.0000000000
92,6.9530000000,right_hand,5,0.3754418790,0.1804584116,-0.0166589245,1.0000000000
93,7.0290000000,right_hand,5,0.3785056770,0.1864962280,-0.0114822499,1.0000000000
94,7.1040000000,right_hand,5,0.3675238490,0.2183153033,-0.0121596493,1.0000000000
95,7.1800000000,right_hand,5,0.3641903400,0.2444798350,-0.0058202255,1.0000000000
96,7.2550000000,right_hand,5,0.3578251004,0.2637882829,-0.0220553875,1.0000000000
97,7.3310000000,right_hand,5,0.3815137148,0.2151375711,-0.0259895660,1.0000000000
98,7.4070000000,right_hand,5,0.3691765666,0.2475460917,-0.0182608590,1.0000000000
99,7.4820000000,right_hand,5,0.3800873458,0.2467192709,-0.0147193195,1.0000000000
100,7.5580000000,right_hand,5,0.3849187493,0.2390235662,-0.0240086392,1.0000000000
101,7.6330000000,right_hand,5,0.3729481697,0.2795711756,-0.0392452590,1.0000000000
102,7.7090000000,right_hand,5,0.3858233690,0.2704465687,-0.0254703443,1.0000000000
103,7.7850000000,right_hand,5,0.3875855207,0.2784723639,-0.0235197078,1.0000000000
104,7.8600000000,right_hand,5,0.3809660077,0.2709705234,-0.0217233747,1.0000000000
105,7.9360000000,right_hand,5,0.3804900944,0.2900992036,-0.0302814338,1.0000000000
106,8.0110000000,right_hand,5,0.3781022131,0.3019312620,-0.0254000146,1.0000000000
107,8.0870000000,right_hand,5,0.3799237013,0.3028332889,-0.0264117941,1.0000000000
108,8.1620000000,right_hand,5,0.3817092776,0.2783217430,-0.0254366882,1.0000000000
109,8.2380000000,right_hand,5,0.3781492412,0.2925964296,-0.0168503132,1.0000000000
110,8.3140000000,right_hand,5,0.3744599223,0.3038175106,-0.0158948936,1.0000000000
111,8.3890000000,right_hand,5,0.3698903620,0.3107813299,0.0036379143,1.0000000000
112,8.4650000000,right_hand,5,0.3621122837,0.3190921843,0.0063902801,1.0000000000
113,8.5400000000,right_hand,5,0.3861538470,0.2311891913,-0.0213339180,1.0000000000
114,8.6160000000,right_hand,5,0.3892777562,0.2323659211,-0.0129046226,1.0000000000
115,8.6910000000,right_hand,5,0.3857640922,0.2228411138,-0.0187272653,1.0000000000
116,8.7670000000,right_hand,5,0.3839963377,0.2303062677,-0.0165824722,1.0000000000
117,8.8430000000,right_hand,5,0.3793249726,0.2358317673,-0.0067889905,1.0000000000
118,8.9180000000,right_hand,5,0.3861954510,0.2289191633,-0.0133158378,1.0000000000
119,8.9940000000,right_hand,5,0.3789398670,0.2536755800,-0.0053886734,1.0000000000
120,9.0690000000,right_hand,5,0.3724611104,0.2652567923,-0.0060089291,1.0000000000
121,9.1450000000,right_hand,5,0.3884046078,0.2033596039,-0.0245525837,1.0000000000
122,9.2200000000,right_hand,5,0.3868656456,0.2160218954,-0.0172419325,1.0000000000
123,9.2960000000,right_hand,5,0.3875136077,0.2097547203,-0.0193792861,1.0000000000
124,9.3720000000,right_hand,5,0.3838865757,0.2104895115,-0.0281603411,1.0000000000
125,9.4470000000,right_hand,5,0.3846940100,0.2179875672,-0.0166831799,1.0000000000
126,9.5230000000,right_hand,5,0.3874761760,0.2187684178,-0.0214646906,1.0000000000
127,9.5980000000,right_hand,5,0.3906888366,0.2267305553,-0.0165364072,1.0000000000
128,9.6740000000,right_hand,5,0.3933940232,0.2277498245,-0.0098679541,1.0000000000
129,9.7500000000,right_hand,5,0.3966997862,0.2273280323,-0.0105654933,1.0000000000
130,9.8250000000,right_hand,5,0.3808326721,0.1982767284,-0.0254121609,1.0000000000
131,9.9010000000,right_hand,5,0.3794412613,0.1885267198,-0.0256627705,1.0000000000
132,9.9760000000,right_hand,5,0.3818004131,0.1734308749,-0.0214162339,1.0000000000
133,10.0520000000,right_hand,5,0.3841595650,0.1583350301,-0.0171696972,1.0000000000
134,10.1270000000,right_hand,5,0.3835170865,0.1567910612,-0.0176267214,1.0000000000
135,10.2030000000,right_hand,5,0.3813731968,0.1705978066,-0.0142574683,1.0000000000
136,10.2790000000,right_hand,5,0.3811925352,0.1850287169,-0.0155850546,1.0000000000
137,10.3540000000,right_hand,5,0.3795380294,0.2126828879,-0.0222518407,1.0000000000
138,10.4300000000,right_hand,5,0.3823403120,0.2214724869,-0.0236046482,1.0000000000
139,10.5050000000,right_hand,5,0.3777715862,0.2198385298,-0.0207391139,1.0000000000
140,10.5810000000,right_hand,5,0.3786326945,0.1965057552,-0.0152989337,1.0000000000
141,10.6560000000,right_hand,5,0.3773885667,0.1763860285,-0.0177101716,1.0000000000
142,10.7320000000,right_hand,5,0.3765723109,0.1662944406,-0.0154244322,1.0000000000
143,10.8080000000,right_hand,5,0.3847961724,0.1701845378,-0.0116811050,1.0000000000
144,10.8830000000,right_hand,5,0.3859856725,0.1617305279,-0.0113553125,1.0000000000
145,10.9590000000,right_hand,5,0.3839169145,0.1532416642,-0.0157586895,1.0000000000
146,11.0340000000,right_hand,5,0.3871427476,0.1687648743,-0.0109489532,1.0000000000
147,11.1100000000,right_hand,5,0.3875911236,0.1934581399,-0.0155982338,1.0000000000
148,11.1850000000,right_hand,5,0.3863570988,0.2121841460,-0.0218777861,1.0000000000
149,11.2610000000,right_hand,5,0.3846115470,0.2150353342,-0.0231748000,1.0000000000
150,11.3370000000,right_hand,5,0.3856634796,0.2249070406,-0.0207972303,1.0000000000
151,11.4120000000,right_hand,5,0.3873960972,0.2322153896,-0.0269263107,1.0000000000
152,11.4880000000,right_hand,5,0.3798209429,0.2446185946,-0.0150045175,1.0000000000
153,11.5630000000,right_hand,5,0.3766070306,0.2439454645,-0.0087141925,1.0000000000
154,11.6390000000,right_hand,5,0.3804664612,0.2318616807,-0.0195483025,1.0000000000
155,11.7150000000,right_hand,5,0.3785384893,0.2033248842,-0.0178782977,1.0000000000
156,11.7900000000,right_hand,5,0.3838995099,0.1653582156,-0.0198736861,1.0000000000
157,11.8660000000,right_hand,5,0.3850207925,0.1369754076,-0.0115873385,1.0000000000
158,11.9410000000,right_hand,5,0.3902663887,0.1345993578,-0.0104814079,1.0000000000
67,5.0640000000,right_hand,6,0.4017582536,0.1779390424,-0.0241783708,1.0000000000
68,5.1390000000,right_hand,6,0.4056318402,0.1805934608,-0.0219428074,1.0000000000
69,5.2150000000,right_hand,6,0.4032894373,0.1858484447,-0.0273458473,1.0000000000
70,5.2900000000,right_hand,6,0.4045876265,0.1896278262,-0.0300306752,1.0000000000
71,5.3660000000,right_hand,6,0.4034031332,0.2032863051,-0.0278667733,1.0000000000
72,5.4420000000,right_hand,6,0.4037824571,0.2169256508,-0.0338464491,1.0000000000
73,5.5170000000,right_hand,6,0.3931984901,0.2139331996,-0.0255670156,1.0000000000
74,5.5930000000,right_hand,6,0.4013199210,0.2359355986,-0.0351395793,1.0000000000
75,5.6680000000,right_hand,6,0.3896205425,0.2553758323,-0.0278031342,1.0000000000
76,5.7440000000,right_hand,6,0.4007965028,0.2754863203,-0.0331078880,1.0000000000
77,5.8190000000,right_hand,6,0.4032553732,0.2904461026,-0.0368784592,1.0000000000
78,5.8950000000,right_hand,6,0.3931255341,0.2944328785,-0.0548688360,1.0000000000
79,5.9710000000,right_hand,6,0.3887652755,0.3133937120,-0.0426047593,1.0000000000
80,6.0460000000,right_hand,6,0.3943946958,0.3166819513,-0.0311333686,1.0000000000
81,6.1220000000,right_hand,6,0.3841518760,0.3167927265,-0.0339912586,1.0000000000
82,6.1970000000,right_hand,6,0.3858686686,0.2947624028,-0.0324349031,1.0000000000
83,6.2730000000,right_hand,6,0.3848853111,0.2844173908,-0.0340995155,1.0000000000
84,6.3490000000,right_hand,6,0.4001630843,0.2862867713,-0.0316246748,1.0000000000
85,6.4240000000,right_hand,6,0.3935541213,0.2850926220,-0.0249093175,1.0000000000
86,6.5000000000,right_hand,6,0.3990110755,0.2839578390,-0.0201345291,1.0000000000
87,6.5750000000,right_hand,6,0.3911837339,0.2284190059,-0.0234723520,1.0000000000
88,6.6510000000,right_hand,6,0.4050354362,0.2359420359,-0.0337675065,1.0000000000
89,6.7260000000,right_hand,6,0.3817835450,0.2236037999,-0.0175391603,1.0000000000
90,6.8020000000,right_hand,6,0.3854487836,0.2276309431,-0.0170138255,1.0000000000
91,6.8780000000,right_hand,6,0.4074733555,0.2201463282,-0.0200483166,1.0000000000
92,6.9530000000,right_hand,6,0.4100452065,0.2181108892,-0.0287343189,1.0000000000
93,7.0290000000,right_hand,6,0.4122648835,0.2195410579,-0.0218762625,1.0000000000
94,7.1040000000,right_hand,6,0.3967447877,0.2209985256,-0.0221320651,1.0000000000
95,7.1800000000,right_hand,6,0.3865049183,0.2306826413,-0.0152479876,1.0000000000
96,7.2550000000,right_hand,6,0.3825250566,0.2511455119,-0.0328493267,1.0000000000
97,7.3310000000,right_hand,6,0.4155457318,0.2456656545,-0.0389048383,1.0000000000
98,7.4070000000,right_hand,6,0.4010116756,0.2549569905,-0.0306393448,1.0000000000
99,7.4820000000,right_hand,6,0.4125220776,0.2658328414,-0.0264911857,1.0000000000
100,7.5580000000,right_hand,6,0.4192935824,0.2684893012,-0.0380321741,1.0000000000
101,7.6330000000,right_hand,6,0.4077707529,0.2937065363,-0.0534971766,1.0000000000
102,7.7090000000,right_hand,6,0.4118334651,0.2853955925,-0.0389223322,1.0000000000
103,7.7850000000,right_hand,6,0.4122918546,0.2917394936,-0.0349052586,1.0000000000
104,7.8600000000,right_hand,6,0.4122915566,0.2914561033,-0.0345130749,1.0000000000
105,7.9360000000,right_hand,6,0.4163727462,0.3144062459,-0.0455848984,1.0000000000
106,8.0110000000,right_hand,6,0.4009533823,0.2935933173,-0.0379433259,1.0000000000
107,8.0870000000,right_hand,6,0.4081794620,0.3000953197,-0.0410441458,1.0000000000
108,8.1620000000,right_hand,6,0.4104900062,0.2879721522,-0.0396209881,1.0000000000
109,8.2380000000,right_hand,6,0.4074025154,0.2935228348,-0.0304091610,1.0000000000
110,8.3140000000,right_hand,6,0.3906097710,0.2741888762,-0.0294918921,1.0000000000
111,8.3890000000,right_hand,6,0.3802028894,0.2866415679,-0.0015240484,1.0000000000
112,8.4650000000,right_hand,6,0.3677371144,0.2872023880,0.0049905004,1.0000000000
113,8.5400000000,right_hand,6,0.4186543524,0.2527199984,-0.0334152021,1.0000000000
114,8.6160000000,right_hand,6,0.4199987054,0.2547315359,-0.0247499160,1.0000000000
115,8.6910000000,right_hand,6,0.4197166562,0.2440868169,-0.0325911380,1.0000000000
116,8.7670000000,right_hand,6,0.4159739912,0.2402232587,-0.0300017055,1.0000000000
117,8.8430000000,right_hand,6,0.4067790210,0.2443736792,-0.0157499295,1.0000000000
118,8.9180000000,right_hand,6,0.4166185260,0.2518344223,-0.0242958684,1.0000000000
119,8.9940000000,right_hand,6,0.3982697725,0.2613884509,-0.0131111322,1.0000000000
120,9.0690000000,right_hand,6,0.3897813261,0.2589162588,-0.0140240397,1.0000000000
121,9.1450000000,right_hand,6,0.4251739383,0.2369765341,-0.0363681726,1.0000000000
122,9.2200000000,right_hand,6,0.4225347638,0.2423521429,-0.0288433861,1.0000000000
123,9.2960000000,right_hand,6,0.4227071702,0.2460601628,-0.0295839254,1.0000000000
124,9.3720000000,right_hand,6,0.4219349325,0.2528358698,-0.0396680422,1.0000000000
125,9.4470000000,right_hand,6,0.4178292453,0.2518984675,-0.0268577207,1.0000000000
126,9.5230000000,right_hand,6,0.4211033881,0.2533891797,-0.0317656323,1.0000000000
127,9.5980000000,right_hand,6,0.4201965332,0.2547185719,-0.0280208886,1.0000000000
128,9.6740000000,right_hand,6,0.4214810431,0.2588094175,-0.0215466563,1.0000000000
129,9.7500000000,right_hand,6,0.4204254746,0.2559877634,-0.0224285685,1.0000000000
130,9.8250000000,right_hand,6,0.4173981547,0.2274549007,-0.0355186425,1.0000000000
131,9.9010000000,right_hand,6,0.4158820808,0.2157211900,-0.0381112806,1.0000000000
132,9.9760000000,right_hand,6,0.4167707860,0.2024901435,-0.0328277461,1.0000000000
133,10.0520000000,right_hand,6,0.4176594913,0.1892590970,-0.0275442116,1.0000000000
134,10.1270000000,right_hand,6,0.4177504480,0.1890728176,-0.0272848755,1.0000000000
135,10.2030000000,right_hand,6,0.4125117660,0.1964467317,-0.0228826422,1.0000000000
136,10.2790000000,right_hand,6,0.4181122482,0.2278917730,-0.0241755918,1.0000000000
137,10.3540000000,right_hand,6,0.4137712121,0.2498601079,-0.0312201865,1.0000000000
138,10.4300000000,right_hand,6,0.4154871404,0.2664427161,-0.0329247601,1.0000000000
139,10.5050000000,right_hand,6,0.4148995280,0.2520336509,-0.0350598395,1.0000000000
140,10.5810000000,right_hand,6,0.4135388434,0.2261562645,-0.0256180409,1.0000000000
141,10.6560000000,right_hand,6,0.4127168059,0.2115308940,-0.0287988931,1.0000000000
142,10.7320000000,right_hand,6,0.4111014605,0.1978977919,-0.0268681180,1.0000000000
143,10.8080000000,right_hand,6,0.4128160179,0.1939127147,-0.0228180178,1.0000000000
144,10.8830000000,right_hand,6,0.4141209424,0.1883744746,-0.0227509513,1.0000000000
145,10.9590000000,right_hand,6,0.4156411588,0.1820690930,-0.0261672921,1.0000000000
146,11.0340000000,right_hand,6,0.4122284651,0.1873510182,-0.0215718281,1.0000000000
147,11.1100000000,right_hand,6,0.4189463854,0.2264031321,-0.0254771281,1.0000000000
148,11.1850000000,right_hand,6,0.4115498960,0.2264731228,-0.0344486274,1.0000000000
149,11.2610000000,right_hand,6,0.4189919531,0.2564033270,-0.0336972885,1.0000000000
150,11.3370000000,right_hand,6,0.4154741168,0.2684009671,-0.0308238845,1.0000000000
151,11.4120000000,right_hand,6,0.4143141210,0.2784324884,-0.0368800685,1.0000000000
152,11.4880000000,right_hand,6,0.4084182084,0.2713318169,-0.0238532722,1.0000000000
153,11.5630000000,right_hand,6,0.4091445208,0.2715193331,-0.0139086945,1.0000000000
154,11.6390000000,right_hand,6,0.4169040918,0.2535457909,-0.0282557700,1.0000000000
155,11.7150000000,right_hand,6,0.4189222455,0.2356972992,-0.0301543120,1.0000000000
156,11.7900000000,right_hand,6,0.4218356013,0.2000194490,-0.0309137795,1.0000000000
157,11.8660000000,right_hand,6,0.4159694314,0.1550441533,-0.0193356723,1.0000000000
158,11.9410000000,right_hand,6,0.4213649035,0.1542651653,-0.0205008779,1.0000000000
67,5.0640000000,right_hand,7,0.4034219980,0.2127183378,-0.0280996580,1.0000000000
68,5.1390000000,right_hand,7,0.4041033387,0.2170897722,-0.0286671948,1.0000000000
69,5.2150000000,right_hand,7,0.4055385590,0.2216989398,-0.0334191732,1.0000000000
70,5.2900000000,right_hand,7,0.4058404267,0.2236954123,-0.0362592861,1.0000000000
71,5.3660000000,right_hand,7,0.4062939882,0.2326092422,-0.0342908651,1.0000000000
72,5.4420000000,right_hand,7,0.4047390819,0.2490946501,-0.0391007550,1.0000000000
73,5.5170000000,right_hand,7,0.4013185501,0.2348032594,-0.0331503041,1.0000000000
74,5.5930000000,right_hand,7,0.4051117301,0.2658375502,-0.0416646376,1.0000000000
75,5.6680000000,right_hand,7,0.3979904950,0.2684133649,-0.0346377976,1.0000000000
76,5.7440000000,right_hand,7,0.4050953686,0.3144658804,-0.0393787734,1.0000000000
77,5.8190000000,right_hand,7,0.4060431123,0.3199801147,-0.0444328859,1.0000000000
78,5.8950000000,right_hand,7,0.4042609632,0.3096883595,-0.0674599111,1.0000000000
79,5.9710000000,right_hand,7,0.3998496532,0.3331193924,-0.0507682450,1.0000000000
80,6.0460000000,right_hand,7,0.3999662995,0.3420676589,-0.0390824080,1.0000000000
81,6.1220000000,right_hand,7,0.3979890049,0.3262574375,-0.0442144759,1.0000000000
82,6.1970000000,right_hand,7,0.4006621540,0.3055999279,-0.0420004539,1.0000000000
83,6.2730000000,right_hand,7,0.3987971544,0.2964084148,-0.0451230444,1.0000000000
84,6.3490000000,right_hand,7,0.4072646499,0.3175403178,-0.0388418436,1.0000000000
85,6.4240000000,right_hand,7,0.4023259282,0.3086127341,-0.0327677205,1.0000000000
86,6.5000000000,right_hand,7,0.4023351669,0.3064286709,-0.0262587089,1.0000000000
87,6.5750000000,right_hand,7,0.4066515565,0.2506750822,-0.0287224259,1.0000000000
88,6.6510000000,right_hand,7,0.4047620893,0.2685832977,-0.0394018590,1.0000000000
89,6.7260000000,right_hand,7,0.3939456940,0.2343384326,-0.0240451284,1.0000000000
90,6.8020000000,right_hand,7,0.3931249082,0.2443158925,-0.0226629842,1.0000000000
91,6.8780000000,right_hand,7,0.4052146375,0.2490473837,-0.0229479596,1.0000000000
92,6.9530000000,right_hand,7,0.4092063606,0.2494585365,-0.0344727151,1.0000000000
93,7.0290000000,right_hand,7,0.4100628495,0.2485506535,-0.0262905993,1.0000000000
94,7.1040000000,right_hand,7,0.4053590298,0.2412072420,-0.0265485588,1.0000000000
95,7.1800000000,right_hand,7,0.3972334266,0.2333714068,-0.0208906401,1.0000000000
96,7.2550000000,right_hand,7,0.3976641595,0.2525543272,-0.0388486311,1.0000000000
97,7.3310000000,right_hand,7,0.4187823236,0.2800793946,-0.0418674983,1.0000000000
98,7.4070000000,right_hand,7,0.4143608212,0.2714586556,-0.0372820012,1.0000000000
99,7.4820000000,right_hand,7,0.4180219769,0.2938265800,-0.0319092087,1.0000000000
100,7.5580000000,right_hand,7,0.4229720235,0.3044647574,-0.0438574813,1.0000000000
101,7.6330000000,right_hand,7,0.4182652831,0.3236628175,-0.0586615317,1.0000000000
102,7.7090000000,right_hand,7,0.4179477394,0.3116408288,-0.0443258174,1.0000000000
103,7.7850000000,right_hand,7,0.4187351465,0.3194828629,-0.0388364419,1.0000000000
104,7.8600000000,right_hand,7,0.4185264111,0.3198808432,-0.0396494903,1.0000000000
105,7.9360000000,right_hand,7,0.4185600579,0.3439622521,-0.0512931049,1.0000000000
106,8.0110000000,right_hand,7,0.4150727093,0.3107942641,-0.0437666401,1.0000000000
107,8.0870000000,right_hand,7,0.4165393710,0.3194560111,-0.0484134294,1.0000000000
108,8.1620000000,right_hand,7,0.4189051092,0.3155810237,-0.0463383198,1.0000000000
109,8.2380000000,right_hand,7,0.4119579196,0.3108677864,-0.0370651931,1.0000000000
110,8.3140000000,right_hand,7,0.4066043794,0.2788760364,-0.0380802117,1.0000000000
111,8.3890000000,right_hand,7,0.3841569722,0.2727762461,-0.0061812629,1.0000000000
112,8.4650000000,right_hand,7,0.3712513447,0.2689343095,0.0037495650,1.0000000000
113,8.5400000000,right_hand,7,0.4260923862,0.2880580425,-0.0380075648,1.0000000000
114,8.6160000000,right_hand,7,0.4189217389,0.2865549624,-0.0308818389,1.0000000000
115,8.6910000000,right_hand,7,0.4262239933,0.2706982493,-0.0399787985,1.0000000000
116,8.7670000000,right_hand,7,0.4209499955,0.2621521652,-0.0369167849,1.0000000000
117,8.8430000000,right_hand,7,0.4106192887,0.2648478746,-0.0208989643,1.0000000000
118,8.9180000000,right_hand,7,0.4126984179,0.2746810615,-0.0290442128,1.0000000000
119,8.9940000000,right_hand,7,0.4053006470,0.2768056989,-0.0184537955,1.0000000000
120,9.0690000000,right_hand,7,0.3998031020,0.2650997937,-0.0191300046,1.0000000000
121,9.1450000000,right_hand,7,0.4247062206,0.2731073201,-0.0387712978,1.0000000000
122,9.2200000000,right_hand,7,0.4222348630,0.2766723931,-0.0328163505,1.0000000000
123,9.2960000000,right_hand,7,0.4189542830,0.2763782442,-0.0333313197,1.0000000000
124,9.3720000000,right_hand,7,0.4161922634,0.2798185050,-0.0429643057,1.0000000000
125,9.4470000000,right_hand,7,0.4145793319,0.2755481303,-0.0314793587,1.0000000000
126,9.5230000000,right_hand,7,0.4176128209,0.2828294635,-0.0345406570,1.0000000000
127,9.5980000000,right_hand,7,0.4196371138,0.2865750492,-0.0333272405,1.0000000000
128,9.6740000000,right_hand,7,0.4213413000,0.2864029408,-0.0293347873,1.0000000000
129,9.7500000000,right_hand,7,0.4181574583,0.2821993530,-0.0298465900,1.0000000000
130,9.8250000000,right_hand,7,0.4220021963,0.2555008233,-0.0370133072,1.0000000000
131,9.9010000000,right_hand,7,0.4149788618,0.2415497601,-0.0416587517,1.0000000000
132,9.9760000000,right_hand,7,0.4158359170,0.2332323268,-0.0365120377,1.0000000000
133,10.0520000000,right_hand,7,0.4166929722,0.2249148935,-0.0313653238,1.0000000000
134,10.1270000000,right_hand,7,0.4167956114,0.2248213440,-0.0311120413,1.0000000000
135,10.2030000000,right_hand,7,0.4155801833,0.2300853431,-0.0256787445,1.0000000000
136,10.2790000000,right_hand,7,0.4106334150,0.2496306896,-0.0280240849,1.0000000000
137,10.3540000000,right_hand,7,0.4076098204,0.2737961709,-0.0327809863,1.0000000000
138,10.4300000000,right_hand,7,0.4135928750,0.2916684747,-0.0354598500,1.0000000000
139,10.5050000000,right_hand,7,0.4132671058,0.2917741835,-0.0394351855,1.0000000000
140,10.5810000000,right_hand,7,0.4109717309,0.2606704533,-0.0305541940,1.0000000000
141,10.6560000000,right_hand,7,0.4113080204,0.2513056397,-0.0324527472,1.0000000000
142,10.7320000000,right_hand,7,0.4116566181,0.2375616133,-0.0324518718,1.0000000000
143,10.8080000000,right_hand,7,0.4126963913,0.2302451879,-0.0283450745,1.0000000000
144,10.8830000000,right_hand,7,0.4135371447,0.2249062061,-0.0282464251,1.0000000000
145,10.9590000000,right_hand,7,0.4150505066,0.2194931209,-0.0304689705,1.0000000000
146,11.0340000000,right_hand,7,0.4144455492,0.2189026922,-0.0278101321,1.0000000000
147,11.1100000000,right_hand,7,0.4180122018,0.2598469853,-0.0299540684,1.0000000000
148,11.1850000000,right_hand,7,0.4167178869,0.2531517446,-0.0392890275,1.0000000000
149,11.2610000000,right_hand,7,0.4187492132,0.2881649733,-0.0369941816,1.0000000000
150,11.3370000000,right_hand,7,0.4147200286,0.2971848547,-0.0343685523,1.0000000000
151,11.4120000000,right_hand,7,0.4119886160,0.3036837578,-0.0388572738,1.0000000000
152,11.4880000000,right_hand,7,0.4195003808,0.3018844724,-0.0268520322,1.0000000000
153,11.5630000000,right_hand,7,0.4175948203,0.2979359329,-0.0146966213,1.0000000000
154,11.6390000000,right_hand,7,0.4205951095,0.2794511020,-0.0286377110,1.0000000000
155,11.7150000000,right_hand,7,0.4187328219,0.2564054132,-0.0341558456,1.0000000000
156,11.7900000000,right_hand,7,0.4204204679,0.2344229519,-0.0343165323,1.0000000000
157,11.8660000000,right_hand,7,0.4198656380,0.1883391589,-0.0218545180,1.0000000000
158,11.9410000000,right_hand,7,0.4199223518,0.1922218502,-0.0246986896,1.0000000000
67,5.0640000000,right_hand,8,0.3960214555,0.2259905189,-0.0305584241,1.0000000000
68,5.1390000000,right_hand,8,0.3952674866,0.2263285667,-0.0335402377,1.0000000000
69,5.2150000000,right_hand,8,0.3994118571,0.2343724072,-0.0372592248,1.0000000000
70,5.2900000000,right_hand,8,0.3976102173,0.2371580899,-0.0402944945,1.0000000000
71,5.3660000000,right_hand,8,0.3992771804,0.2453768700,-0.0383851342,1.0000000000
72,5.4420000000,right_hand,8,0.3950819373,0.2630068958,-0.0420323387,1.0000000000
73,5.5170000000,right_hand,8,0.3994593322,0.2482880801,-0.0378348157,1.0000000000
74,5.5930000000,right_hand,8,0.3980048895,0.2828220725,-0.0453646295,1.0000000000
75,5.6680000000,right_hand,8,0.3971556723,0.2813055515,-0.0386804119,1.0000000000
76,5.7440000000,right_hand,8,0.4004226327,0.3363018334,-0.0427345559,1.0000000000
77,5.8190000000,right_hand,8,0.3981839716,0.3350070715,-0.0492088944,1.0000000000
78,5.8950000000,right_hand,8,0.4055245519,0.3214717507,-0.0757674202,1.0000000000
79,5.9710000000,right_hand,8,0.4004902542,0.3501875103,-0.0558102466,1.0000000000
80,6.0460000000,right_hand,8,0.3977362216,0.3533184826,-0.0444983430,1.0000000000
81,6.1220000000,right_hand,8,0.4044606984,0.3381270468,-0.0509255417,1.0000000000
82,6.1970000000,right_hand,8,0.4085319042,0.3186205029,-0.0479837283,1.0000000000
83,6.2730000000,right_hand,8,0.4074300230,0.3118473887,-0.0523792766,1.0000000000
84,6.3490000000,right_hand,8,0.4039153159,0.3350104392,-0.0433183685,1.0000000000
85,6.4240000000,right_hand,8,0.4000073969,0.3222789168,-0.0375763513,1.0000000000
86,6.5000000000,right_hand,8,0.3957503140,0.3153273463,-0.0300594307,1.0000000000
87,6.5750000000,right_hand,8,0.4130201340,0.2746598721,-0.0317852348,1.0000000000
88,6.6510000000,right_hand,8,0.3948643506,0.2810626626,-0.0432082713,1.0000000000
89,6.7260000000,right_hand,8,0.3970454931,0.2446767539,-0.0283477679,1.0000000000
90,6.8020000000,right_hand,8,0.3926969469,0.2517400086,-0.0265509840,1.0000000000
91,6.8780000000,right_hand,8,0.3951261938,0.2556142807,-0.0246872380,1.0000000000
92,6.9530000000,right_hand,8,0.4008925557,0.2593594491,-0.0378208458,1.0000000000
93,7.0290000000,right_hand,8,0.4010044336,0.2563380599,-0.0290799905,1.0000000000
94,7.1040000000,right_hand,8,0.4032094181,0.2552604079,-0.0287929270,1.0000000000
95,7.1800000000,right_hand,8,0.4005487561,0.2387747765,-0.0244175177,1.0000000000
96,7.2550000000,right_hand,8,0.4036568403,0.2578552663,-0.0422276892,1.0000000000
97,7.3310000000,right_hand,8,0.4129908085,0.2953720391,-0.0426485762,1.0000000000
98,7.4070000000,right_hand,8,0.4179348648,0.2834049165,-0.0412782468,1.0000000000
99,7.4820000000,right_hand,8,0.4122532606,0.3119822443,-0.0349334776,1.0000000000
100,7.5580000000,right_hand,8,0.4173145890,0.3237692416,-0.0468497798,1.0000000000
101,7.6330000000,right_hand,8,0.4154669940,0.3395937681,-0.0611122958,1.0000000000
102,7.7090000000,right_hand,8,0.4143942595,0.3255895674,-0.0473848209,1.0000000000
103,7.7850000000,right_hand,8,0.4158253670,0.3357907534,-0.0408681780,1.0000000000
104,7.8600000000,right_hand,8,0.4152800441,0.3349996805,-0.0422392040,1.0000000000
105,7.9360000000,right_hand,8,0.4093260467,0.3600271344,-0.0543544032,1.0000000000
106,8.0110000000,right_hand,8,0.4191084504,0.3264091909,-0.0469046682,1.0000000000
107,8.0870000000,right_hand,8,0.4146486819,0.3307059407,-0.0523410477,1.0000000000
108,8.1620000000,right_hand,8,0.4166651666,0.3302183747,-0.0502347462,1.0000000000
109,8.2380000000,right_hand,8,0.4080651104,0.3184345365,-0.0408769473,1.0000000000
110,8.3140000000,right_hand,8,0.4182395339,0.2903685570,-0.0433310829,1.0000000000
111,8.3890000000,right_hand,8,0.3868451118,0.2610163093,-0.0096677421,1.0000000000
112,8.4650000000,right_hand,8,0.3741948307,0.2549315095,0.0026178428,1.0000000000
113,8.5400000000,right_hand,8,0.4222925305,0.3086284399,-0.0401205532,1.0000000000
114,8.6160000000,right_hand,8,0.4110846221,0.2968165576,-0.0347747393,1.0000000000
115,8.6910000000,right_hand,8,0.4226105213,0.2861319482,-0.0444138534,1.0000000000
116,8.7670000000,right_hand,8,0.4162155092,0.2740864754,-0.0408544652,1.0000000000
117,8.8430000000,right_hand,8,0.4068381488,0.2739720941,-0.0242353361,1.0000000000
118,8.9180000000,right_hand,8,0.4036599994,0.2774137259,-0.0318268649,1.0000000000
119,8.9940000000,right_hand,8,0.4077671468,0.2884262502,-0.0221061967,1.0000000000
120,9.0690000000,right_hand,8,0.4046708941,0.2725285888,-0.0221419465,1.0000000000
121,9.1450000000,right_hand,8,0.4152845740,0.2840343118,-0.0398518555,1.0000000000
122,9.2200000000,right_hand,8,0.4135977328,0.2875587344,-0.0353821926,1.0000000000
123,9.2960000000,right_hand,8,0.4083664119,0.2810223997,-0.0364155285,1.0000000000
124,9.3720000000,right_hand,8,0.4037736952,0.2798202038,-0.0457946211,1.0000000000
125,9.4470000000,right_hand,8,0.4045532346,0.2769493461,-0.0352528170,1.0000000000
126,9.5230000000,right_hand,8,0.4067713022,0.2864398658,-0.0364563465,1.0000000000
127,9.5980000000,right_hand,8,0.4129914939,0.2937152982,-0.0368497670,1.0000000000
128,9.6740000000,right_hand,8,0.4167404473,0.2983711660,-0.0343436114,1.0000000000
129,9.7500000000,right_hand,8,0.4122537971,0.2862235010,-0.0348357633,1.0000000000
130,9.8250000000,right_hand,8,0.4157312810,0.2659907937,-0.0376408286,1.0000000000
131,9.9010000000,right_hand,8,0.4053748548,0.2481050491,-0.0436931588,1.0000000000
132,9.9760000000,right_hand,8,0.4063626081,0.2422837615,-0.0386497434,1.0000000000
133,10.0520000000,right_hand,8,0.4073503613,0.2364624739,-0.0336063281,1.0000000000
134,10.1270000000,right_hand,8,0.4066593051,0.2351090312,-0.0337201506,1.0000000000
135,10.2030000000,right_hand,8,0.4079814255,0.2450578511,-0.0270581022,1.0000000000
136,10.2790000000,right_hand,8,0.3971281052,0.2472675890,-0.0315796994,1.0000000000
137,10.3540000000,right_hand,8,0.3955474794,0.2733350992,-0.0340686999,1.0000000000
138,10.4300000000,right_hand,8,0.4031181335,0.2970251143,-0.0370293297,1.0000000000
139,10.5050000000,right_hand,8,0.4027745724,0.3054630160,-0.0409697555,1.0000000000
140,10.5810000000,right_hand,8,0.4008746445,0.2670326531,-0.0342101865,1.0000000000
141,10.6560000000,right_hand,8,0.4020969272,0.2622953951,-0.0346836373,1.0000000000
142,10.7320000000,right_hand,8,0.4043048024,0.2553557158,-0.0356581062,1.0000000000
143,10.8080000000,right_hand,8,0.4060884118,0.2446608990,-0.0317742340,1.0000000000
144,10.8830000000,right_hand,8,0.4071702361,0.2401347458,-0.0313561782,1.0000000000
145,10.9590000000,right_hand,8,0.4067043066,0.2332828790,-0.0331015289,1.0000000000
146,11.0340000000,right_hand,8,0.4087425470,0.2349973172,-0.0317687318,1.0000000000
147,11.1100000000,right_hand,8,0.4090525806,0.2713144124,-0.0331488289,1.0000000000
148,11.1850000000,right_hand,8,0.4129101038,0.2723845541,-0.0420788527,1.0000000000
149,11.2610000000,right_hand,8,0.4092345834,0.2993143201,-0.0390895121,1.0000000000
150,11.3370000000,right_hand,8,0.4068177640,0.3060384393,-0.0361506306,1.0000000000
151,11.4120000000,right_hand,8,0.4048195779,0.3080371022,-0.0402753912,1.0000000000
152,11.4880000000,right_hand,8,0.4216497838,0.3220590055,-0.0287869945,1.0000000000
153,11.5630000000,right_hand,8,0.4176668823,0.3118921220,-0.0148552237,1.0000000000
154,11.6390000000,right_hand,8,0.4135946333,0.2920091152,-0.0282502398,1.0000000000
155,11.7150000000,right_hand,8,0.4103018641,0.2597168088,-0.0367736965,1.0000000000
156,11.7900000000,right_hand,8,0.4098994732,0.2462072074,-0.0360991359,1.0000000000
157,11.8660000000,right_hand,8,0.4154866040,0.2031017840,-0.0228836574,1.0000000000
158,11.9410000000,right_hand,8,0.4117816985,0.2083930522,-0.0268447921,1.0000000000
67,5.0640000000,right_hand,9,0.3580272496,0.1766631901,-0.0182864070,1.0000000000
68,5.1390000000,right_hand,9,0.3568488657,0.1659311056,-0.0172931794,1.0000000000
69,5.2150000000,right_hand,9,0.3573932052,0.1720260084,-0.0212628841,1.0000000000
70,5.2900000000,right_hand,9,0.3590868711,0.1823911965,-0.0246098340,1.0000000000
71,5.3660000000,right_hand,9,0.3576627374,0.1929095089,-0.0229433812,1.0000000000
72,5.4420000000,right_hand,9,0.3583324254,0.2039614171,-0.0276388563,1.0000000000
73,5.5170000000,right_hand,9,0.3545406461,0.2176552117,-0.0212019160,1.0000000000
74,5.5930000000,right_hand,9,0.3550305665,0.2248396426,-0.0275764018,1.0000000000
75,5.6680000000,right_hand,9,0.3527100682,0.2626562715,-0.0233018659,1.0000000000
76,5.7440000000,right_hand,9,0.3568632007,0.2519593239,-0.0241255723,1.0000000000
77,5.8190000000,right_hand,9,0.3571091592,0.2760319710,-0.0287989024,1.0000000000
78,5.8950000000,right_hand,9,0.3527892530,0.3039667010,-0.0419515297,1.0000000000
79,5.9710000000,right_hand,9,0.3497115672,0.3226269484,-0.0341743343,1.0000000000
80,6.0460000000,right_hand,9,0.3549734950,0.3086601794,-0.0230828114,1.0000000000
81,6.1220000000,right_hand,9,0.3496575356,0.3313185573,-0.0249113571,1.0000000000
82,6.1970000000,right_hand,9,0.3527224064,0.3115716279,-0.0253991578,1.0000000000
83,6.2730000000,right_hand,9,0.3528256416,0.2999860942,-0.0262073856,1.0000000000
84,6.3490000000,right_hand,9,0.3563054502,0.2815244794,-0.0264975280,1.0000000000
85,6.4240000000,right_hand,9,0.3548556864,0.2770334482,-0.0179785881,1.0000000000
86,6.5000000000,right_hand,9,0.3586713076,0.2799496055,-0.0166614521,1.0000000000
87,6.5750000000,right_hand,9,0.3579160273,0.2372913361,-0.0181205403,1.0000000000
88,6.6510000000,right_hand,9,0.3571480215,0.2190876901,-0.0274606794,1.0000000000
89,6.7260000000,right_hand,9,0.3489660621,0.2365453392,-0.0144668845,1.0000000000
90,6.8020000000,right_hand,9,0.3511432111,0.2293215096,-0.0149193984,1.0000000000
91,6.8780000000,right_hand,9,0.3659078181,0.2060687840,-0.0189560633,1.0000000000
92,6.9530000000,right_hand,9,0.3669767380,0.1982240677,-0.0221762266,1.0000000000
93,7.0290000000,right_hand,9,0.3720046878,0.1995104104,-0.0185195375,1.0000000000
94,7.1040000000,right_hand,9,0.3600682020,0.2279225886,-0.0189259928,1.0000000000
95,7.1800000000,right_hand,9,0.3574771881,0.2498842478,-0.0122563951,1.0000000000
96,7.2550000000,right_hand,9,0.3598797321,0.2634917200,-0.0193867590,1.0000000000
97,7.3310000000,right_hand,9,0.3692807853,0.2284768820,-0.0299658645,1.0000000000
98,7.4070000000,right_hand,9,0.3596988916,0.2555183172,-0.0239470955,1.0000000000
99,7.4820000000,right_hand,9,0.3708276749,0.2599743605,-0.0224810615,1.0000000000
100,7.5580000000,right_hand,9,0.3721783757,0.2503267825,-0.0284708031,1.0000000000
101,7.6330000000,right_hand,9,0.3702082038,0.2675240040,-0.0340720043,1.0000000000
102,7.7090000000,right_hand,9,0.3756343722,0.2813791633,-0.0304147899,1.0000000000
103,7.7850000000,right_hand,9,0.3789407909,0.2866046429,-0.0274510663,1.0000000000
104,7.8600000000,right_hand,9,0.3712088466,0.2798227072,-0.0253316034,1.0000000000
105,7.9360000000,right_hand,9,0.3712205887,0.2952522039,-0.0334795825,1.0000000000
106,8.0110000000,right_hand,9,0.3687431812,0.3022204936,-0.0267246142,1.0000000000
107,8.0870000000,right_hand,9,0.3720026016,0.3012329340,-0.0273821615,1.0000000000
108,8.1620000000,right_hand,9,0.3712517023,0.2863978148,-0.0306434948,1.0000000000
109,8.2380000000,right_hand,9,0.3684402108,0.3009967804,-0.0222355556,1.0000000000
110,8.3140000000,right_hand,9,0.3644672036,0.3074359000,-0.0235508699,1.0000000000
111,8.3890000000,right_hand,9,0.3639459014,0.3114932477,-0.0035725564,1.0000000000
112,8.4650000000,right_hand,9,0.3606413603,0.3194823861,0.0005339232,1.0000000000
113,8.5400000000,right_hand,9,0.3736499250,0.2429660261,-0.0248589721,1.0000000000
114,8.6160000000,right_hand,9,0.3786080480,0.2461124361,-0.0196271185,1.0000000000
115,8.6910000000,right_hand,9,0.3757216632,0.2375808656,-0.0255029965,1.0000000000
116,8.7670000000,right_hand,9,0.3747015893,0.2415960878,-0.0227120668,1.0000000000
117,8.8430000000,right_hand,9,0.3725197315,0.2420136780,-0.0129149826,1.0000000000
118,8.9180000000,right_hand,9,0.3776146173,0.2398248166,-0.0179543439,1.0000000000
119,8.9940000000,right_hand,9,0.3712015152,0.2584397793,-0.0118359355,1.0000000000
120,9.0690000000,right_hand,9,0.3676422238,0.2689101100,-0.0112288278,1.0000000000
121,9.1450000000,right_hand,9,0.3758873343,0.2185338587,-0.0294626486,1.0000000000
122,9.2200000000,right_hand,9,0.3759635985,0.2332782149,-0.0243409015,1.0000000000
123,9.2960000000,right_hand,9,0.3760297596,0.2293976247,-0.0252492484,1.0000000000
124,9.3720000000,right_hand,9,0.3700020611,0.2329600155,-0.0316816531,1.0000000000
125,9.4470000000,right_hand,9,0.3745668530,0.2355427891,-0.0221444648,1.0000000000
126,9.5230000000,right_hand,9,0.3769160807,0.2362397611,-0.0236433353,1.0000000000
127,9.5980000000,right_hand,9,0.3807933331,0.2421679348,-0.0189754441,1.0000000000
128,9.6740000000,right_hand,9,0.3820897043,0.2399228215,-0.0116952443,1.0000000000
129,9.7500000000,right_hand,9,0.3854625821,0.2384636998,-0.0125202816,1.0000000000
130,9.8250000000,right_hand,9,0.3718880415,0.2155119330,-0.0303323120,1.0000000000
131,9.9010000000,right_hand,9,0.3696792722,0.2037667632,-0.0303290635,1.0000000000
132,9.9760000000,right_hand,9,0.3708625287,0.1904933900,-0.0252228156,1.0000000000
133,10.0520000000,right_hand,9,0.3720457852,0.1772200167,-0.0201165676,1.0000000000
134,10.1270000000,right_hand,9,0.3721887171,0.1746889502,-0.0212517325,1.0000000000
135,10.2030000000,right_hand,9,0.3714798093,0.1860097945,-0.0188407730,1.0000000000
136,10.2790000000,right_hand,9,0.3708063662,0.2057475299,-0.0211043563,1.0000000000
137,10.3540000000,right_hand,9,0.3713658452,0.2314918488,-0.0270999111,1.0000000000
138,10.4300000000,right_hand,9,0.3727435768,0.2378441989,-0.0264002103,1.0000000000
139,10.5050000000,right_hand,9,0.3645705581,0.2340968549,-0.0249121990,1.0000000000
140,10.5810000000,right_hand,9,0.3658255041,0.2107560933,-0.0198374949,1.0000000000
141,10.6560000000,right_hand,9,0.3645164669,0.1900669336,-0.0212732553,1.0000000000
142,10.7320000000,right_hand,9,0.3636000752,0.1833160818,-0.0178496186,1.0000000000
143,10.8080000000,right_hand,9,0.3708401620,0.1828303635,-0.0155973192,1.0000000000
144,10.8830000000,right_hand,9,0.3716361821,0.1747207046,-0.0141416183,1.0000000000
145,10.9590000000,right_hand,9,0.3704683185,0.1689503491,-0.0182382390,1.0000000000
146,11.0340000000,right_hand,9,0.3736535609,0.1839023530,-0.0149263749,1.0000000000
147,11.1100000000,right_hand,9,0.3755542040,0.2075386345,-0.0179771874,1.0000000000
148,11.1850000000,right_hand,9,0.3742230237,0.2267859131,-0.0271418802,1.0000000000
149,11.2610000000,right_hand,9,0.3752558231,0.2307022214,-0.0279466640,1.0000000000
150,11.3370000000,right_hand,9,0.3754715621,0.2403124720,-0.0247532167,1.0000000000
151,11.4120000000,right_hand,9,0.3755929768,0.2425817698,-0.0312197264,1.0000000000
152,11.4880000000,right_hand,9,0.3698748350,0.2501500249,-0.0231526997,1.0000000000
153,11.5630000000,right_hand,9,0.3677814603,0.2537020743,-0.0148673048,1.0000000000
154,11.6390000000,right_hand,9,0.3699533641,0.2429590523,-0.0235964693,1.0000000000
155,11.7150000000,right_hand,9,0.3678737879,0.2191300392,-0.0268313214,1.0000000000
156,11.7900000000,right_hand,9,0.3710561097,0.1794789284,-0.0242982898,1.0000000000
157,11.8660000000,right_hand,9,0.3725639880,0.1485976577,-0.0142074591,1.0000000000
158,11.9410000000,right_hand,9,0.3773711026,0.1467873603,-0.0148840649,1.0000000000
67,5.0640000000,right_hand,10,0.3952248991,0.2043821514,-0.0289227404,1.0000000000
68,5.1390000000,right_hand,10,0.3964026272,0.2062547505,-0.0274872910,1.0000000000
69,5.2150000000,right_hand,10,0.3943105936,0.2132299840,-0.0329613686,1.0000000000
70,5.2900000000,right_hand,10,0.3982667923,0.2133271843,-0.0367919430,1.0000000000
71,5.3660000000,right_hand,10,0.3977557421,0.2217402905,-0.0346079990,1.0000000000
72,5.4420000000,right_hand,10,0.3968488574,0.2395688593,-0.0397103466,1.0000000000
73,5.5170000000,right_hand,10,0.3897330463,0.2334516495,-0.0321233496,1.0000000000
74,5.5930000000,right_hand,10,0.3939633965,0.2574073672,-0.0407530442,1.0000000000
75,5.6680000000,right_hand,10,0.3889672160,0.2666084170,-0.0361966155,1.0000000000
76,5.7440000000,right_hand,10,0.3959253430,0.3005615175,-0.0391078740,1.0000000000
77,5.8190000000,right_hand,10,0.3977770209,0.3143799007,-0.0444371328,1.0000000000
78,5.8950000000,right_hand,10,0.3853124380,0.3139765859,-0.0637577102,1.0000000000
79,5.9710000000,right_hand,10,0.3848665953,0.3335497379,-0.0524883494,1.0000000000
80,6.0460000000,right_hand,10,0.3905866444,0.3454204500,-0.0356927924,1.0000000000
81,6.1220000000,right_hand,10,0.3781327307,0.3233085573,-0.0407372341,1.0000000000
82,6.1970000000,right_hand,10,0.3792175949,0.3138943911,-0.0391216017,1.0000000000
83,6.2730000000,right_hand,10,0.3755674064,0.3116567433,-0.0424923487,1.0000000000
84,6.3490000000,right_hand,10,0.3933840394,0.3085441589,-0.0402351543,1.0000000000
85,6.4240000000,right_hand,10,0.3926072419,0.2877424061,-0.0327853374,1.0000000000
86,6.5000000000,right_hand,10,0.3973570168,0.2893114686,-0.0278979819,1.0000000000
87,6.5750000000,right_hand,10,0.3863256574,0.2563944459,-0.0285644159,1.0000000000
88,6.6510000000,right_hand,10,0.3969998360,0.2632766962,-0.0397519022,1.0000000000
89,6.7260000000,right_hand,10,0.3760291040,0.2350747734,-0.0230102111,1.0000000000
90,6.8020000000,right_hand,10,0.3818496764,0.2452982217,-0.0226791650,1.0000000000
91,6.8780000000,right_hand,10,0.4001656771,0.2419502437,-0.0257609915,1.0000000000
92,6.9530000000,right_hand,10,0.4041406810,0.2393312156,-0.0324641988,1.0000000000
93,7.0290000000,right_hand,10,0.4083876908,0.2392419130,-0.0269759819,1.0000000000
94,7.1040000000,right_hand,10,0.3930916786,0.2386597395,-0.0269470382,1.0000000000
95,7.1800000000,right_hand,10,0.3854423165,0.2468284965,-0.0217455756,1.0000000000
96,7.2550000000,right_hand,10,0.3901173174,0.2560066283,-0.0292412676,1.0000000000
97,7.3310000000,right_hand,10,0.4071058333,0.2730570138,-0.0418517664,1.0000000000
98,7.4070000000,right_hand,10,0.3971064091,0.2702969313,-0.0354690105,1.0000000000
99,7.4820000000,right_hand,10,0.4074859321,0.2826531231,-0.0336520560,1.0000000000
100,7.5580000000,right_hand,10,0.4128232896,0.2933512926,-0.0425610356,1.0000000000
101,7.6330000000,right_hand,10,0.4086890817,0.2811729014,-0.0488746129,1.0000000000
102,7.7090000000,right_hand,10,0.4017228186,0.3035128713,-0.0447770953,1.0000000000
103,7.7850000000,right_hand,10,0.4090324938,0.3089139760,-0.0384749472,1.0000000000
104,7.8600000000,right_hand,10,0.4107608497,0.3212398589,-0.0372886434,1.0000000000
105,7.9360000000,right_hand,10,0.4120128751,0.3239418864,-0.0510950498,1.0000000000
106,8.0110000000,right_hand,10,0.3981436193,0.3013413250,-0.0411389694,1.0000000000
107,8.0870000000,right_hand,10,0.4045849144,0.2985834479,-0.0429814979,1.0000000000
108,8.1620000000,right_hand,10,0.4037995934,0.2998765707,-0.0452254042,1.0000000000
109,8.2380000000,right_hand,10,0.3998631239,0.3067026734,-0.0371220969,1.0000000000
110,8.3140000000,right_hand,10,0.3821379244,0.2747015357,-0.0382464416,1.0000000000
111,8.3890000000,right_hand,10,0.3742798269,0.2821033001,-0.0084730526,1.0000000000
112,8.4650000000,right_hand,10,0.3735314608,0.2935958505,-0.0012929392,1.0000000000
113,8.5400000000,right_hand,10,0.4100801647,0.2808230817,-0.0369649269,1.0000000000
114,8.6160000000,right_hand,10,0.4123035967,0.2860033214,-0.0306121465,1.0000000000
115,8.6910000000,right_hand,10,0.4124825299,0.2640613019,-0.0383523703,1.0000000000
116,8.7670000000,right_hand,10,0.4074313939,0.2563551962,-0.0359672531,1.0000000000
117,8.8430000000,right_hand,10,0.4039317966,0.2704696953,-0.0209366474,1.0000000000
118,8.9180000000,right_hand,10,0.4089401662,0.2794398963,-0.0286517367,1.0000000000
119,8.9940000000,right_hand,10,0.3918067515,0.2707351148,-0.0196362007,1.0000000000
120,9.0690000000,right_hand,10,0.3904514909,0.2779382765,-0.0190337319,1.0000000000
121,9.1450000000,right_hand,10,0.4167566895,0.2688477933,-0.0410412066,1.0000000000
122,9.2200000000,right_hand,10,0.4184617400,0.2702929080,-0.0357053727,1.0000000000
123,9.2960000000,right_hand,10,0.4168813527,0.2696795762,-0.0343016684,1.0000000000
124,9.3720000000,right_hand,10,0.4132052362,0.2785105109,-0.0424945913,1.0000000000
125,9.4470000000,right_hand,10,0.4117490947,0.2766682208,-0.0312787257,1.0000000000
126,9.5230000000,right_hand,10,0.4144907594,0.2771462798,-0.0334516540,1.0000000000
127,9.5980000000,right_hand,10,0.4159453213,0.2740440965,-0.0301808305,1.0000000000
128,9.6740000000,right_hand,10,0.4167492986,0.2730481923,-0.0227959920,1.0000000000
129,9.7500000000,right_hand,10,0.4159951210,0.2763232291,-0.0235687401,1.0000000000
130,9.8250000000,right_hand,10,0.4111887813,0.2567184269,-0.0410446338,1.0000000000
131,9.9010000000,right_hand,10,0.4090530276,0.2436950207,-0.0421722308,1.0000000000
132,9.9760000000,right_hand,10,0.4097210765,0.2291313261,-0.0366696063,1.0000000000
133,10.0520000000,right_hand,10,0.4103891253,0.2145676315,-0.0311669819,1.0000000000
134,10.1270000000,right_hand,10,0.4109771252,0.2114748806,-0.0309695359,1.0000000000
135,10.2030000000,right_hand,10,0.4082085192,0.2162185311,-0.0267772656,1.0000000000
136,10.2790000000,right_hand,10,0.4098798931,0.2527260780,-0.0280117318,1.0000000000
137,10.3540000000,right_hand,10,0.4080559015,0.2752790451,-0.0345461257,1.0000000000
138,10.4300000000,right_hand,10,0.4073538482,0.2834679186,-0.0334382579,1.0000000000
139,10.5050000000,right_hand,10,0.4058259726,0.2855698168,-0.0388770215,1.0000000000
140,10.5810000000,right_hand,10,0.4055630863,0.2499587387,-0.0283759218,1.0000000000
141,10.6560000000,right_hand,10,0.4065597057,0.2356927395,-0.0323840454,1.0000000000
142,10.7320000000,right_hand,10,0.4053569138,0.2222129256,-0.0291258916,1.0000000000
143,10.8080000000,right_hand,10,0.4048429430,0.2214290798,-0.0263927169,1.0000000000
144,10.8830000000,right_hand,10,0.4048162997,0.2118918449,-0.0262412634,1.0000000000
145,10.9590000000,right_hand,10,0.4079350233,0.2080648094,-0.0288534295,1.0000000000
146,11.0340000000,right_hand,10,0.4036044180,0.2164459527,-0.0251817610,1.0000000000
147,11.1100000000,right_hand,10,0.4124591053,0.2444280088,-0.0272755139,1.0000000000
148,11.1850000000,right_hand,10,0.4015768766,0.2470501959,-0.0409978032,1.0000000000
149,11.2610000000,right_hand,10,0.4100762010,0.2740603387,-0.0363378078,1.0000000000
150,11.3370000000,right_hand,10,0.4081004560,0.2867413759,-0.0326415151,1.0000000000
151,11.4120000000,right_hand,10,0.4042454362,0.2935198843,-0.0404407792,1.0000000000
152,11.4880000000,right_hand,10,0.4000214040,0.2867544889,-0.0299582109,1.0000000000
153,11.5630000000,right_hand,10,0.4016564488,0.2956745327,-0.0198098887,1.0000000000
154,11.6390000000,right_hand,10,0.4078004062,0.2827065885,-0.0325007252,1.0000000000
155,11.7150000000,right_hand,10,0.4119887352,0.2653570771,-0.0421860479,1.0000000000
156,11.7900000000,right_hand,10,0.4113636315,0.2304784060,-0.0354114287,1.0000000000
157,11.8660000000,right_hand,10,0.4087912440,0.1790572554,-0.0225362256,1.0000000000
158,11.9410000000,right_hand,10,0.4110228121,0.1808990687,-0.0244861413,1.0000000000
67,5.0640000000,right_hand,11,0.3920557797,0.2376257479,-0.0309651736,1.0000000000
68,5.1390000000,right_hand,11,0.3916900158,0.2389871180,-0.0302567966,1.0000000000
69,5.2150000000,right_hand,11,0.3913192749,0.2456633151,-0.0364288166,1.0000000000
70,5.2900000000,right_hand,11,0.3958265483,0.2447744310,-0.0401981883,1.0000000000
71,5.3660000000,right_hand,11,0.3977632821,0.2493069023,-0.0395940281,1.0000000000
72,5.4420000000,right_hand,11,0.3943705261,0.2689974606,-0.0424693897,1.0000000000
73,5.5170000000,right_hand,11,0.3954886794,0.2579874098,-0.0364256985,1.0000000000
74,5.5930000000,right_hand,11,0.3955557346,0.2848169804,-0.0438646637,1.0000000000
75,5.6680000000,right_hand,11,0.3970547915,0.2820998430,-0.0409754366,1.0000000000
76,5.7440000000,right_hand,11,0.3932979405,0.3352681100,-0.0436894931,1.0000000000
77,5.8190000000,right_hand,11,0.3968537152,0.3429742754,-0.0503124855,1.0000000000
78,5.8950000000,right_hand,11,0.3958447576,0.3288885057,-0.0753941461,1.0000000000
79,5.9710000000,right_hand,11,0.3933345675,0.3539079130,-0.0615675785,1.0000000000
80,6.0460000000,right_hand,11,0.3927623332,0.3698868752,-0.0411144011,1.0000000000
81,6.1220000000,right_hand,11,0.3916358650,0.3362042904,-0.0507903211,1.0000000000
82,6.1970000000,right_hand,11,0.3951434791,0.3300393820,-0.0469933078,1.0000000000
83,6.2730000000,right_hand,11,0.3918263018,0.3282120526,-0.0522558056,1.0000000000
84,6.3490000000,right_hand,11,0.3986701667,0.3334626853,-0.0456937440,1.0000000000
85,6.4240000000,right_hand,11,0.3989741802,0.3139665127,-0.0389829315,1.0000000000
86,6.5000000000,right_hand,11,0.3993382752,0.3093832731,-0.0320968069,1.0000000000
87,6.5750000000,right_hand,11,0.3996896446,0.2862531543,-0.0326249748,1.0000000000
88,6.6510000000,right_hand,11,0.3923103213,0.2923823595,-0.0425556004,1.0000000000
89,6.7260000000,right_hand,11,0.3863311708,0.2480288297,-0.0274805576,1.0000000000
90,6.8020000000,right_hand,11,0.3858153522,0.2624607384,-0.0258617643,1.0000000000
91,6.8780000000,right_hand,11,0.3941893578,0.2647470236,-0.0257724728,1.0000000000
92,6.9530000000,right_hand,11,0.3955139220,0.2652022839,-0.0339019895,1.0000000000
93,7.0290000000,right_hand,11,0.4008965492,0.2638440132,-0.0270235501,1.0000000000
94,7.1040000000,right_hand,11,0.4001028538,0.2582083642,-0.0286832526,1.0000000000
95,7.1800000000,right_hand,11,0.3958648443,0.2573560774,-0.0262018126,1.0000000000
96,7.2550000000,right_hand,11,0.4010474086,0.2613048553,-0.0329182148,1.0000000000
97,7.3310000000,right_hand,11,0.4042672515,0.3038559258,-0.0415317304,1.0000000000
98,7.4070000000,right_hand,11,0.4070461988,0.2889518142,-0.0397280306,1.0000000000
99,7.4820000000,right_hand,11,0.4102594256,0.3072028160,-0.0374075323,1.0000000000
100,7.5580000000,right_hand,11,0.4103250504,0.3247322440,-0.0454733633,1.0000000000
101,7.6330000000,right_hand,11,0.4176443219,0.3141897023,-0.0524438247,1.0000000000
102,7.7090000000,right_hand,11,0.4086311460,0.3302124739,-0.0493226536,1.0000000000
103,7.7850000000,right_hand,11,0.4139085114,0.3382039070,-0.0406320207,1.0000000000
104,7.8600000000,right_hand,11,0.4089490175,0.3516484499,-0.0386573263,1.0000000000
105,7.9360000000,right_hand,11,0.4114346504,0.3547663689,-0.0561229102,1.0000000000
106,8.0110000000,right_hand,11,0.4113266766,0.3285321593,-0.0463327877,1.0000000000
107,8.0870000000,right_hand,11,0.4126388729,0.3193275630,-0.0490742773,1.0000000000
108,8.1620000000,right_hand,11,0.4105688632,0.3221481442,-0.0510421880,1.0000000000
109,8.2380000000,right_hand,11,0.4040864706,0.3259543180,-0.0426089913,1.0000000000
110,8.3140000000,right_hand,11,0.4010452926,0.2849706411,-0.0458588414,1.0000000000
111,8.3890000000,right_hand,11,0.3788125217,0.2675284147,-0.0123182451,1.0000000000
112,8.4650000000,right_hand,11,0.3824360073,0.2890180349,-0.0030097018,1.0000000000
113,8.5400000000,right_hand,11,0.4130123854,0.3135434091,-0.0402856395,1.0000000000
114,8.6160000000,right_hand,11,0.4069239199,0.3127851486,-0.0335586630,1.0000000000
115,8.6910000000,right_hand,11,0.4183007479,0.2859741449,-0.0427032635,1.0000000000
116,8.7670000000,right_hand,11,0.4125151634,0.2757560313,-0.0405877978,1.0000000000
117,8.8430000000,right_hand,11,0.4038180411,0.2918842733,-0.0233028661,1.0000000000
118,8.9180000000,right_hand,11,0.4006533921,0.2983276844,-0.0300735310,1.0000000000
119,8.9940000000,right_hand,11,0.3981362581,0.2852795124,-0.0235899929,1.0000000000
120,9.0690000000,right_hand,11,0.3979926109,0.2926106751,-0.0221202150,1.0000000000
121,9.1450000000,right_hand,11,0.4107992053,0.2957365513,-0.0414188839,1.0000000000
122,9.2200000000,right_hand,11,0.4128540754,0.2995080054,-0.0364107117,1.0000000000
123,9.2960000000,right_hand,11,0.4090172350,0.2925215065,-0.0348444544,1.0000000000
124,9.3720000000,right_hand,11,0.4040543437,0.2957402468,-0.0424091257,1.0000000000
125,9.4470000000,right_hand,11,0.4048091769,0.2932471931,-0.0324602760,1.0000000000
126,9.5230000000,right_hand,11,0.4068663418,0.2986993194,-0.0323736668,1.0000000000
127,9.5980000000,right_hand,11,0.4122821391,0.3001749516,-0.0312801115,1.0000000000
128,9.6740000000,right_hand,11,0.4144251049,0.2993837297,-0.0261910073,1.0000000000
129,9.7500000000,right_hand,11,0.4119969606,0.2995297313,-0.0265549757,1.0000000000
130,9.8250000000,right_hand,11,0.4072957337,0.2803990841,-0.0421227291,1.0000000000
131,9.9010000000,right_hand,11,0.4045373201,0.2648940682,-0.0426591560,1.0000000000
132,9.9760000000,right_hand,11,0.4051751196,0.2550832480,-0.0379510634,1.0000000000
133,10.0520000000,right_hand,11,0.4058129191,0.2452724278,-0.0332429707,1.0000000000
134,10.1270000000,right_hand,11,0.4067430496,0.2435124665,-0.0325116664,1.0000000000
135,10.2030000000,right_hand,11,0.4079198837,0.2482647449,-0.0283701122,1.0000000000
136,10.2790000000,right_hand,11,0.3992336094,0.2667036057,-0.0284314770,1.0000000000
137,10.3540000000,right_hand,11,0.3984079063,0.2920150757,-0.0326736756,1.0000000000
138,10.4300000000,right_hand,11,0.4030140340,0.3026705980,-0.0330638438,1.0000000000
139,10.5050000000,right_hand,11,0.3977133334,0.3175712824,-0.0398132540,1.0000000000
140,10.5810000000,right_hand,11,0.4003821909,0.2794904113,-0.0299516395,1.0000000000
141,10.6560000000,right_hand,11,0.4010575414,0.2702336907,-0.0328631476,1.0000000000
142,10.7320000000,right_hand,11,0.4017383158,0.2559979260,-0.0315549560,1.0000000000
143,10.8080000000,right_hand,11,0.4019222558,0.2545794249,-0.0290148295,1.0000000000
144,10.8830000000,right_hand,11,0.4014672041,0.2446666360,-0.0293565914,1.0000000000
145,10.9590000000,right_hand,11,0.4038641155,0.2397838384,-0.0307641122,1.0000000000
146,11.0340000000,right_hand,11,0.4038503766,0.2441389263,-0.0294122491,1.0000000000
147,11.1100000000,right_hand,11,0.4091368914,0.2747779787,-0.0291159954,1.0000000000
148,11.1850000000,right_hand,11,0.4084123373,0.2709802091,-0.0459560901,1.0000000000
149,11.2610000000,right_hand,11,0.4071808755,0.2992378771,-0.0363742076,1.0000000000
150,11.3370000000,right_hand,11,0.4047126472,0.3086827695,-0.0325534828,1.0000000000
151,11.4120000000,right_hand,11,0.4006903470,0.3124580979,-0.0395836346,1.0000000000
152,11.4880000000,right_hand,11,0.4076752365,0.3171268106,-0.0311177317,1.0000000000
153,11.5630000000,right_hand,11,0.4072713554,0.3198517859,-0.0207486786,1.0000000000
154,11.6390000000,right_hand,11,0.4079491794,0.3064574897,-0.0326315425,1.0000000000
155,11.7150000000,right_hand,11,0.4029317498,0.2857829332,-0.0453737788,1.0000000000
156,11.7900000000,right_hand,11,0.4071879685,0.2578357756,-0.0380116329,1.0000000000
157,11.8660000000,right_hand,11,0.4080784023,0.2143058926,-0.0232964642,1.0000000000
158,11.9410000000,right_hand,11,0.4073282778,0.2148111463,-0.0260933377,1.0000000000
67,5.0640000000,right_hand,12,0.3824420869,0.2416153103,-0.0322993323,1.0000000000
68,5.1390000000,right_hand,12,0.3824308217,0.2431644350,-0.0325728618,1.0000000000
69,5.2150000000,right_hand,12,0.3825701773,0.2489399612,-0.0387913994,1.0000000000
70,5.2900000000,right_hand,12,0.3859913945,0.2522082031,-0.0427621342,1.0000000000
71,5.3660000000,right_hand,12,0.3897300959,0.2567690313,-0.0431603193,1.0000000000
72,5.4420000000,right_hand,12,0.3842988312,0.2754788995,-0.0445641316,1.0000000000
73,5.5170000000,right_hand,12,0.3922492564,0.2685700953,-0.0398383215,1.0000000000
74,5.5930000000,right_hand,12,0.3882171810,0.2957007587,-0.0461573526,1.0000000000
75,5.6680000000,right_hand,12,0.3965853453,0.2929514050,-0.0443943515,1.0000000000
76,5.7440000000,right_hand,12,0.3848210871,0.3456343114,-0.0457458757,1.0000000000
77,5.8190000000,right_hand,12,0.3876756132,0.3524406850,-0.0542726070,1.0000000000
78,5.8950000000,right_hand,12,0.3972121477,0.3386861980,-0.0836635232,1.0000000000
79,5.9710000000,right_hand,12,0.3928915858,0.3663778603,-0.0678326860,1.0000000000
80,6.0460000000,right_hand,12,0.3889455497,0.3749733865,-0.0453234985,1.0000000000
81,6.1220000000,right_hand,12,0.3973214626,0.3495576084,-0.0574543811,1.0000000000
82,6.1970000000,right_hand,12,0.4028101861,0.3458338082,-0.0525340959,1.0000000000
83,6.2730000000,right_hand,12,0.4013507664,0.3448462784,-0.0589026548,1.0000000000
84,6.3490000000,right_hand,12,0.3939511478,0.3434418142,-0.0495097116,1.0000000000
85,6.4240000000,right_hand,12,0.3944604993,0.3258229494,-0.0423737168,1.0000000000
86,6.5000000000,right_hand,12,0.3918976486,0.3161224723,-0.0348756500,1.0000000000
87,6.5750000000,right_hand,12,0.4030671120,0.3078658879,-0.0354685746,1.0000000000
88,6.6510000000,right_hand,12,0.3809261322,0.2949852347,-0.0452283807,1.0000000000
89,6.7260000000,right_hand,12,0.3879074156,0.2572674751,-0.0311367009,1.0000000000
90,6.8020000000,right_hand,12,0.3824086785,0.2669874728,-0.0288899299,1.0000000000
91,6.8780000000,right_hand,12,0.3839462399,0.2632030845,-0.0269027296,1.0000000000
92,6.9530000000,right_hand,12,0.3841847479,0.2639873922,-0.0351038277,1.0000000000
93,7.0290000000,right_hand,12,0.3904178441,0.2625604868,-0.0275878906,1.0000000000
94,7.1040000000,right_hand,12,0.3975132108,0.2685006559,-0.0304357652,1.0000000000
95,7.1800000000,right_hand,12,0.3983694911,0.2649630606,-0.0292703714,1.0000000000
96,7.2550000000,right_hand,12,0.4024499059,0.2642278969,-0.0353380702,1.0000000000
97,7.3310000000,right_hand,12,0.3966315091,0.3066603243,-0.0411924273,1.0000000000
98,7.4070000000,right_hand,12,0.4073259830,0.2960573733,-0.0430973433,1.0000000000
99,7.4820000000,right_hand,12,0.4035926759,0.3165728450,-0.0402504578,1.0000000000
100,7.5580000000,right_hand,12,0.4006780684,0.3344794512,-0.0469299629,1.0000000000
101,7.6330000000,right_hand,12,0.4144751430,0.3321707845,-0.0542041473,1.0000000000
102,7.7090000000,right_hand,12,0.4083901346,0.3432879448,-0.0526668057,1.0000000000
103,7.7850000000,right_hand,12,0.4109443128,0.3522050977,-0.0421905778,1.0000000000
104,7.8600000000,right_hand,12,0.4016371667,0.3582084179,-0.0394939929,1.0000000000
105,7.9360000000,right_hand,12,0.4027474523,0.3670444191,-0.0591041818,1.0000000000
106,8.0110000000,right_hand,12,0.4144148827,0.3481470644,-0.0490710363,1.0000000000
107,8.0870000000,right_hand,12,0.4099150896,0.3313552141,-0.0524961539,1.0000000000
108,8.1620000000,right_hand,12,0.4075261056,0.3309521675,-0.0552598685,1.0000000000
109,8.2380000000,right_hand,12,0.4004943371,0.3328855932,-0.0460857973,1.0000000000
110,8.3140000000,right_hand,12,0.4127141833,0.3022134304,-0.0504571013,1.0000000000
111,8.3890000000,right_hand,12,0.3816595078,0.2580524981,-0.0153596960,1.0000000000
112,8.4650000000,right_hand,12,0.3884431422,0.2902170420,-0.0040801843,1.0000000000
113,8.5400000000,right_hand,12,0.4078843594,0.3267553449,-0.0424761213,1.0000000000
114,8.6160000000,right_hand,12,0.3965055346,0.3134660721,-0.0359762087,1.0000000000
115,8.6910000000,right_hand,12,0.4150877297,0.2961188555,-0.0460138321,1.0000000000
116,8.7670000000,right_hand,12,0.4094215631,0.2862921655,-0.0436343476,1.0000000000
117,8.8430000000,right_hand,12,0.3976912200,0.2977219224,-0.0252326876,1.0000000000
118,8.9180000000,right_hand,12,0.3901672363,0.2955616117,-0.0311134942,1.0000000000
119,8.9940000000,right_hand,12,0.3996537924,0.2967824936,-0.0266708843,1.0000000000
120,9.0690000000,right_hand,12,0.3997296989,0.3043167591,-0.0238960609,1.0000000000
121,9.1450000000,right_hand,12,0.3983648121,0.2952214479,-0.0421350896,1.0000000000
122,9.2200000000,right_hand,12,0.4003322423,0.3032252789,-0.0373099931,1.0000000000
123,9.2960000000,right_hand,12,0.3965820074,0.2910760343,-0.0367071554,1.0000000000
124,9.3720000000,right_hand,12,0.3913072348,0.2904565930,-0.0443533212,1.0000000000
125,9.4470000000,right_hand,12,0.3940837383,0.2889046967,-0.0349141583,1.0000000000
126,9.5230000000,right_hand,12,0.3948613703,0.2961596251,-0.0325777940,1.0000000000
127,9.5980000000,right_hand,12,0.4038321972,0.3049201965,-0.0321186371,1.0000000000
128,9.6740000000,right_hand,12,0.4091644883,0.3118417561,-0.0278980974,1.0000000000
129,9.7500000000,right_hand,12,0.4050629139,0.3029726446,-0.0284579936,1.0000000000
130,9.8250000000,right_hand,12,0.3973422647,0.2814101577,-0.0436660573,1.0000000000
131,9.9010000000,right_hand,12,0.3938382268,0.2648649812,-0.0441191979,1.0000000000
132,9.9760000000,right_hand,12,0.3944126964,0.2576232553,-0.0392998140,1.0000000000
133,10.0520000000,right_hand,12,0.3949871659,0.2503815293,-0.0344804302,1.0000000000
134,10.1270000000,right_hand,12,0.3955247402,0.2491106987,-0.0339504704,1.0000000000
135,10.2030000000,right_hand,12,0.3987026215,0.2574698627,-0.0297109932,1.0000000000
136,10.2790000000,right_hand,12,0.3873209953,0.2614278197,-0.0311421994,1.0000000000
137,10.3540000000,right_hand,12,0.3862930834,0.2865523398,-0.0331248678,1.0000000000
138,10.4300000000,right_hand,12,0.3944771886,0.3034072816,-0.0345609933,1.0000000000
139,10.5050000000,right_hand,12,0.3844858110,0.3197631538,-0.0399493799,1.0000000000
140,10.5810000000,right_hand,12,0.3886466920,0.2796479762,-0.0323492065,1.0000000000
141,10.6560000000,right_hand,12,0.3892138302,0.2746861279,-0.0333228372,1.0000000000
142,10.7320000000,right_hand,12,0.3917141855,0.2680882812,-0.0327439494,1.0000000000
143,10.8080000000,right_hand,12,0.3929273188,0.2625655830,-0.0306620914,1.0000000000
144,10.8830000000,right_hand,12,0.3928726017,0.2535845637,-0.0305781271,1.0000000000
145,10.9590000000,right_hand,12,0.3936369419,0.2470568419,-0.0319665931,1.0000000000
146,11.0340000000,right_hand,12,0.3964318633,0.2523453832,-0.0324482247,1.0000000000
147,11.1100000000,right_hand,12,0.3992514014,0.2828718126,-0.0308147203,1.0000000000
148,11.1850000000,right_hand,12,0.4081518054,0.2836190462,-0.0497699976,1.0000000000
149,11.2610000000,right_hand,12,0.3989642859,0.3047176301,-0.0380955040,1.0000000000
150,11.3370000000,right_hand,12,0.3959093094,0.3120242655,-0.0334511660,1.0000000000
151,11.4120000000,right_hand,12,0.3948325515,0.3143277168,-0.0405964702,1.0000000000
152,11.4880000000,right_hand,12,0.4083477259,0.3316069245,-0.0338097699,1.0000000000
153,11.5630000000,right_hand,12,0.4065065682,0.3289757371,-0.0223772209,1.0000000000
154,11.6390000000,right_hand,12,0.4018896222,0.3128045201,-0.0335629396,1.0000000000
155,11.7150000000,right_hand,12,0.3906413913,0.2847738564,-0.0473678038,1.0000000000
156,11.7900000000,right_hand,12,0.3964559734,0.2624880970,-0.0403839871,1.0000000000
157,11.8660000000,right_hand,12,0.4002924562,0.2275971472,-0.0229843780,1.0000000000
158,11.9410000000,right_hand,12,0.3979626894,0.2252588123,-0.0267019589,1.0000000000
67,5.0640000000,right_hand,13,0.3486425579,0.1970432997,-0.0228079669,1.0000000000
68,5.1390000000,right_hand,13,0.3472546339,0.1897169352,-0.0238690823,1.0000000000
69,5.2150000000,right_hand,13,0.3472715616,0.1969725788,-0.0271072555,1.0000000000
70,5.2900000000,right_hand,13,0.3506385684,0.2098864764,-0.0310962461,1.0000000000
71,5.3660000000,right_hand,13,0.3482657075,0.2171025276,-0.0297328066,1.0000000000
72,5.4420000000,right_hand,13,0.3495185971,0.2269708663,-0.0337030515,1.0000000000
73,5.5170000000,right_hand,13,0.3467357755,0.2375409007,-0.0292349793,1.0000000000
74,5.5930000000,right_hand,13,0.3455154896,0.2515501976,-0.0339289904,1.0000000000
75,5.6680000000,right_hand,13,0.3486016095,0.2791115642,-0.0312301964,1.0000000000
76,5.7440000000,right_hand,13,0.3460781574,0.2768665850,-0.0298932232,1.0000000000
77,5.8190000000,right_hand,13,0.3489556611,0.3023638129,-0.0350717343,1.0000000000
78,5.8950000000,right_hand,13,0.3421579897,0.3269253075,-0.0496619195,1.0000000000
79,5.9710000000,right_hand,13,0.3422293663,0.3435038030,-0.0408955365,1.0000000000
80,6.0460000000,right_hand,13,0.3466232717,0.3327477574,-0.0285343807,1.0000000000
81,6.1220000000,right_hand,13,0.3422732055,0.3465835452,-0.0305641014,1.0000000000
82,6.1970000000,right_hand,13,0.3444350064,0.3293562233,-0.0321434662,1.0000000000
83,6.2730000000,right_hand,13,0.3420191109,0.3243296146,-0.0332806818,1.0000000000
84,6.3490000000,right_hand,13,0.3466755152,0.3087316155,-0.0343645364,1.0000000000
85,6.4240000000,right_hand,13,0.3509421349,0.2887641490,-0.0245180111,1.0000000000
86,6.5000000000,right_hand,13,0.3532276452,0.2946268916,-0.0240981821,1.0000000000
87,6.5750000000,right_hand,13,0.3462094963,0.2538133264,-0.0232638232,1.0000000000
88,6.6510000000,right_hand,13,0.3460481763,0.2449217439,-0.0337726027,1.0000000000
89,6.7260000000,right_hand,13,0.3414325118,0.2525968850,-0.0211663637,1.0000000000
90,6.8020000000,right_hand,13,0.3452973962,0.2469910532,-0.0218383074,1.0000000000
91,6.8780000000,right_hand,13,0.3577157259,0.2297574133,-0.0257323496,1.0000000000
92,6.9530000000,right_hand,13,0.3590751588,0.2233847827,-0.0279608835,1.0000000000
93,7.0290000000,right_hand,13,0.3657530546,0.2205815762,-0.0256203022,1.0000000000
94,7.1040000000,right_hand,13,0.3521906137,0.2462673336,-0.0254722200,1.0000000000
95,7.1800000000,right_hand,13,0.3509335816,0.2633056641,-0.0186714977,1.0000000000
96,7.2550000000,right_hand,13,0.3612410426,0.2716183960,-0.0176312719,1.0000000000
97,7.3310000000,right_hand,13,0.3585408628,0.2524231076,-0.0341879465,1.0000000000
98,7.4070000000,right_hand,13,0.3518556952,0.2755593061,-0.0294708125,1.0000000000
99,7.4820000000,right_hand,13,0.3620485067,0.2840577960,-0.0297787078,1.0000000000
100,7.5580000000,right_hand,13,0.3611212969,0.2734732926,-0.0332556851,1.0000000000
101,7.6330000000,right_hand,13,0.3697141409,0.2690239847,-0.0293474719,1.0000000000
102,7.7090000000,right_hand,13,0.3673382401,0.3032024503,-0.0348220989,1.0000000000
103,7.7850000000,right_hand,13,0.3720884025,0.3050361872,-0.0312049724,1.0000000000
104,7.8600000000,right_hand,13,0.3636102974,0.2993060648,-0.0294368770,1.0000000000
105,7.9360000000,right_hand,13,0.3639401495,0.3117417395,-0.0363028310,1.0000000000
106,8.0110000000,right_hand,13,0.3631033897,0.3120924234,-0.0281123817,1.0000000000
107,8.0870000000,right_hand,13,0.3658835590,0.3075769544,-0.0287465043,1.0000000000
108,8.1620000000,right_hand,13,0.3630041480,0.3068605065,-0.0355583467,1.0000000000
109,8.2380000000,right_hand,13,0.3596874177,0.3182765841,-0.0274709091,1.0000000000
110,8.3140000000,right_hand,13,0.3556511104,0.3180842400,-0.0312023889,1.0000000000
111,8.3890000000,right_hand,13,0.3576161563,0.3171174526,-0.0111120706,1.0000000000
112,8.4650000000,right_hand,13,0.3584510386,0.3252542913,-0.0052149789,1.0000000000
113,8.5400000000,right_hand,13,0.3632673025,0.2666299343,-0.0284327082,1.0000000000
114,8.6160000000,right_hand,13,0.3689355850,0.2684869766,-0.0263085477,1.0000000000
115,8.6910000000,right_hand,13,0.3661183417,0.2626594007,-0.0320891365,1.0000000000
116,8.7670000000,right_hand,13,0.3658651412,0.2609891295,-0.0288427081,1.0000000000
117,8.8430000000,right_hand,13,0.3660023808,0.2558123469,-0.0192415696,1.0000000000
118,8.9180000000,right_hand,13,0.3697447777,0.2570126355,-0.0227760077,1.0000000000
119,8.9940000000,right_hand,13,0.3633072674,0.2684324980,-0.0182130449,1.0000000000
120,9.0690000000,right_hand,13,0.3627953529,0.2792081535,-0.0164538082,1.0000000000
121,9.1450000000,right_hand,13,0.3656891584,0.2439056337,-0.0340745151,1.0000000000
122,9.2200000000,right_hand,13,0.3670207262,0.2577793002,-0.0311993640,1.0000000000
123,9.2960000000,right_hand,13,0.3667368293,0.2562131584,-0.0308172107,1.0000000000
124,9.3720000000,right_hand,13,0.3596352339,0.2619775832,-0.0350795463,1.0000000000
125,9.4470000000,right_hand,13,0.3665437400,0.2598299384,-0.0276963860,1.0000000000
126,9.5230000000,right_hand,13,0.3696683645,0.2598777711,-0.0263739787,1.0000000000
127,9.5980000000,right_hand,13,0.3742425144,0.2644823194,-0.0222320594,1.0000000000
128,9.6740000000,right_hand,13,0.3739083409,0.2595936656,-0.0146332327,1.0000000000
129,9.7500000000,right_hand,13,0.3772403002,0.2568370700,-0.0156208305,1.0000000000
130,9.8250000000,right_hand,13,0.3650659025,0.2413827181,-0.0342124887,1.0000000000
131,9.9010000000,right_hand,13,0.3618986011,0.2291404903,-0.0344561823,1.0000000000
132,9.9760000000,right_hand,13,0.3624732196,0.2170568332,-0.0289045293,1.0000000000
133,10.0520000000,right_hand,13,0.3630478382,0.2049731761,-0.0233528763,1.0000000000
134,10.1270000000,right_hand,13,0.3644866943,0.2008987069,-0.0247141179,1.0000000000
135,10.2030000000,right_hand,13,0.3642940521,0.2095312923,-0.0231800787,1.0000000000
136,10.2790000000,right_hand,13,0.3618910611,0.2333272249,-0.0264963415,1.0000000000
137,10.3540000000,right_hand,13,0.3647821844,0.2561516762,-0.0315936804,1.0000000000
138,10.4300000000,right_hand,13,0.3650045097,0.2596946061,-0.0289527569,1.0000000000
139,10.5050000000,right_hand,13,0.3545977771,0.2586410940,-0.0294838864,1.0000000000
140,10.5810000000,right_hand,13,0.3551226258,0.2355381995,-0.0245009642,1.0000000000
141,10.6560000000,right_hand,13,0.3546625376,0.2157199383,-0.0252359994,1.0000000000
142,10.7320000000,right_hand,13,0.3547025919,0.2104583979,-0.0207981393,1.0000000000
143,10.8080000000,right_hand,13,0.3601701856,0.2065728754,-0.0200328268,1.0000000000
144,10.8830000000,right_hand,13,0.3609726131,0.1982410848,-0.0177520495,1.0000000000
145,10.9590000000,right_hand,13,0.3605073690,0.1947784722,-0.0211336687,1.0000000000
146,11.0340000000,right_hand,13,0.3633267581,0.2091854811,-0.0192064419,1.0000000000
147,11.1100000000,right_hand,13,0.3663970232,0.2289252877,-0.0207353197,1.0000000000
148,11.1850000000,right_hand,13,0.3646928668,0.2503257394,-0.0317022949,1.0000000000
149,11.2610000000,right_hand,13,0.3668003678,0.2541022599,-0.0322621055,1.0000000000
150,11.3370000000,right_hand,13,0.3666404784,0.2611249387,-0.0284979548,1.0000000000
151,11.4120000000,right_hand,13,0.3648596108,0.2598897517,-0.0349186882,1.0000000000
152,11.4880000000,right_hand,13,0.3584027290,0.2655257881,-0.0303358492,1.0000000000
153,11.5630000000,right_hand,13,0.3588564694,0.2728398144,-0.0202941056,1.0000000000
154,11.6390000000,right_hand,13,0.3613654971,0.2661934197,-0.0273102857,1.0000000000
155,11.7150000000,right_hand,13,0.3586695492,0.2478289157,-0.0347695202,1.0000000000
156,11.7900000000,right_hand,13,0.3599281013,0.2052317411,-0.0283972882,1.0000000000
157,11.8660000000,right_hand,13,0.3625256717,0.1701869965,-0.0169268716,1.0000000000
158,11.9410000000,right_hand,13,0.3665875793,0.1673307568,-0.0196930766,1.0000000000
67,5.0640000000,right_hand,14,0.3827943802,0.2335321009,-0.0295619201,1.0000000000
68,5.1390000000,right_hand,14,0.3846209943,0.2312432975,-0.0303147938,1.0000000000
69,5.2150000000,right_hand,14,0.3829088807,0.2386522293,-0.0357238241,1.0000000000
70,5.2900000000,right_hand,14,0.3866858780,0.2426625490,-0.0402524136,1.0000000000
71,5.3660000000,right_hand,14,0.3838811815,0.2490932494,-0.0387729034,1.0000000000
72,5.4420000000,right_hand,14,0.3856067955,0.2687775791,-0.0424026176,1.0000000000
73,5.5170000000,right_hand,14,0.3811579645,0.2620260715,-0.0369494073,1.0000000000
74,5.5930000000,right_hand,14,0.3806924820,0.2803557813,-0.0449695326,1.0000000000
75,5.6680000000,right_hand,14,0.3816616237,0.2815055847,-0.0423531458,1.0000000000
76,5.7440000000,right_hand,14,0.3818092346,0.3291458786,-0.0422812551,1.0000000000
77,5.8190000000,right_hand,14,0.3872212768,0.3425068557,-0.0469768830,1.0000000000
78,5.8950000000,right_hand,14,0.3726696372,0.3414495885,-0.0678618103,1.0000000000
79,5.9710000000,right_hand,14,0.3748156130,0.3599438667,-0.0561917610,1.0000000000
80,6.0460000000,right_hand,14,0.3809924126,0.3729124069,-0.0386655629,1.0000000000
81,6.1220000000,right_hand,14,0.3684765697,0.3426382244,-0.0440920517,1.0000000000
82,6.1970000000,right_hand,14,0.3705000579,0.3378902674,-0.0449567400,1.0000000000
83,6.2730000000,right_hand,14,0.3657797873,0.3493098319,-0.0466153063,1.0000000000
84,6.3490000000,right_hand,14,0.3816993237,0.3331618905,-0.0452675000,1.0000000000
85,6.4240000000,right_hand,14,0.3866555095,0.3045681417,-0.0360404179,1.0000000000
86,6.5000000000,right_hand,14,0.3879718482,0.3068780303,-0.0325794592,1.0000000000
87,6.5750000000,right_hand,14,0.3727519810,0.2790368199,-0.0322763361,1.0000000000
88,6.6510000000,right_hand,14,0.3836219609,0.2929749191,-0.0425810702,1.0000000000
89,6.7260000000,right_hand,14,0.3673112690,0.2575206757,-0.0291686673,1.0000000000
90,6.8020000000,right_hand,14,0.3735339046,0.2689027190,-0.0285785384,1.0000000000
91,6.8780000000,right_hand,14,0.3878884315,0.2662928402,-0.0298130475,1.0000000000
92,6.9530000000,right_hand,14,0.3912997246,0.2658246458,-0.0348120630,1.0000000000
93,7.0290000000,right_hand,14,0.3967684805,0.2647660375,-0.0305610765,1.0000000000
94,7.1040000000,right_hand,14,0.3832772374,0.2592843175,-0.0326819755,1.0000000000
95,7.1800000000,right_hand,14,0.3777739108,0.2705202699,-0.0275613293,1.0000000000
96,7.2550000000,right_hand,14,0.3883253634,0.2691095173,-0.0260431021,1.0000000000
97,7.3310000000,right_hand,14,0.3937360048,0.2979604602,-0.0442770496,1.0000000000
98,7.4070000000,right_hand,14,0.3870405853,0.2948906720,-0.0390095487,1.0000000000
99,7.4820000000,right_hand,14,0.3951627910,0.3087773323,-0.0388800651,1.0000000000
100,7.5580000000,right_hand,14,0.3997695446,0.3188222647,-0.0441389792,1.0000000000
101,7.6330000000,right_hand,14,0.4042904973,0.2838101983,-0.0414344408,1.0000000000
102,7.7090000000,right_hand,14,0.3914536834,0.3322464824,-0.0469257385,1.0000000000
103,7.7850000000,right_hand,14,0.4014306366,0.3362951577,-0.0400198735,1.0000000000
104,7.8600000000,right_hand,14,0.4002959728,0.3434780836,-0.0388347059,1.0000000000
105,7.9360000000,right_hand,14,0.4017594457,0.3451059163,-0.0488574468,1.0000000000
106,8.0110000000,right_hand,14,0.3914246261,0.3174339235,-0.0396910161,1.0000000000
107,8.0870000000,right_hand,14,0.3960362077,0.3058959246,-0.0413111672,1.0000000000
108,8.1620000000,right_hand,14,0.3936860561,0.3218721449,-0.0482051075,1.0000000000
109,8.2380000000,right_hand,14,0.3871687055,0.3329666853,-0.0404642411,1.0000000000
110,8.3140000000,right_hand,14,0.3725751340,0.2885361314,-0.0433230810,1.0000000000
111,8.3890000000,right_hand,14,0.3661381900,0.2868386209,-0.0153317684,1.0000000000
112,8.4650000000,right_hand,14,0.3695094883,0.3095578253,-0.0066674096,1.0000000000
113,8.5400000000,right_hand,14,0.3987916112,0.3063828349,-0.0388797522,1.0000000000
114,8.6160000000,right_hand,14,0.4002641737,0.3110675812,-0.0343053341,1.0000000000
115,8.6910000000,right_hand,14,0.3986353278,0.2874983251,-0.0429414064,1.0000000000
116,8.7670000000,right_hand,14,0.3946712613,0.2795483172,-0.0402826928,1.0000000000
117,8.8430000000,right_hand,14,0.3950483799,0.2878775895,-0.0257462375,1.0000000000
118,8.9180000000,right_hand,14,0.3987125754,0.2981508076,-0.0310003050,1.0000000000
119,8.9940000000,right_hand,14,0.3809018433,0.2787356973,-0.0250379518,1.0000000000
120,9.0690000000,right_hand,14,0.3844684064,0.2950717211,-0.0233201832,1.0000000000
121,9.1450000000,right_hand,14,0.4043562114,0.2973567247,-0.0436718129,1.0000000000
122,9.2200000000,right_hand,14,0.4067091942,0.2985240221,-0.0391930342,1.0000000000
123,9.2960000000,right_hand,14,0.4052330554,0.2947509587,-0.0377084538,1.0000000000
124,9.3720000000,right_hand,14,0.4002528787,0.3031054139,-0.0430459790,1.0000000000
125,9.4470000000,right_hand,14,0.4013377130,0.2988887429,-0.0352707617,1.0000000000
126,9.5230000000,right_hand,14,0.4054977596,0.2966941595,-0.0344841629,1.0000000000
127,9.5980000000,right_hand,14,0.4073295295,0.2954950035,-0.0316749997,1.0000000000
128,9.6740000000,right_hand,14,0.4072562158,0.2926151752,-0.0240350850,1.0000000000
129,9.7500000000,right_hand,14,0.4072797298,0.2935555875,-0.0253632423,1.0000000000
130,9.8250000000,right_hand,14,0.4002254903,0.2810520530,-0.0419250838,1.0000000000
131,9.9010000000,right_hand,14,0.3979186416,0.2668998837,-0.0433213525,1.0000000000
132,9.9760000000,right_hand,14,0.3980745822,0.2544125244,-0.0379313566,1.0000000000
133,10.0520000000,right_hand,14,0.3982305229,0.2419251651,-0.0325413607,1.0000000000
134,10.1270000000,right_hand,14,0.4003343582,0.2390684634,-0.0326385237,1.0000000000
135,10.2030000000,right_hand,14,0.3980297446,0.2443348318,-0.0303242970,1.0000000000
136,10.2790000000,right_hand,14,0.3974637091,0.2761357725,-0.0311809164,1.0000000000
137,10.3540000000,right_hand,14,0.3985207975,0.2963136435,-0.0372689851,1.0000000000
138,10.4300000000,right_hand,14,0.3971358538,0.3021409810,-0.0343618207,1.0000000000
139,10.5050000000,right_hand,14,0.3932037354,0.3152519166,-0.0417468213,1.0000000000
140,10.5810000000,right_hand,14,0.3931522369,0.2766745389,-0.0316951796,1.0000000000
141,10.6560000000,right_hand,14,0.3946632147,0.2617102265,-0.0344443694,1.0000000000
142,10.7320000000,right_hand,14,0.3944966197,0.2536705434,-0.0299074128,1.0000000000
143,10.8080000000,right_hand,14,0.3937865496,0.2497811466,-0.0293134283,1.0000000000
144,10.8830000000,right_hand,14,0.3923684657,0.2380507588,-0.0273075290,1.0000000000
145,10.9590000000,right_hand,14,0.3957210481,0.2348950356,-0.0298266504,1.0000000000
146,11.0340000000,right_hand,14,0.3918881714,0.2429738194,-0.0275311600,1.0000000000
147,11.1100000000,right_hand,14,0.4021443129,0.2681506574,-0.0292820651,1.0000000000
148,11.1850000000,right_hand,14,0.3910549879,0.2715331614,-0.0435844250,1.0000000000
149,11.2610000000,right_hand,14,0.3995499313,0.2950750291,-0.0383415967,1.0000000000
150,11.3370000000,right_hand,14,0.3976332247,0.3052899241,-0.0339350477,1.0000000000
151,11.4120000000,right_hand,14,0.3923443258,0.3061523438,-0.0423956253,1.0000000000
152,11.4880000000,right_hand,14,0.3866668642,0.2991435230,-0.0353526846,1.0000000000
153,11.5630000000,right_hand,14,0.3917298913,0.3146703243,-0.0244453344,1.0000000000
154,11.6390000000,right_hand,14,0.3967809975,0.3070798516,-0.0346602686,1.0000000000
155,11.7150000000,right_hand,14,0.3983469903,0.2920286357,-0.0470662825,1.0000000000
156,11.7900000000,right_hand,14,0.3977625370,0.2572422624,-0.0377294049,1.0000000000
157,11.8660000000,right_hand,14,0.3971205652,0.2047834545,-0.0244759042,1.0000000000
158,11.9410000000,right_hand,14,0.3981256485,0.2034817338,-0.0277234372,1.0000000000
67,5.0640000000,right_hand,15,0.3792975545,0.2564431727,-0.0254604574,1.0000000000
68,5.1390000000,right_hand,15,0.3802393973,0.2549157143,-0.0268789977,1.0000000000
69,5.2150000000,right_hand,15,0.3802936077,0.2641586065,-0.0329845808,1.0000000000
70,5.2900000000,right_hand,15,0.3838222623,0.2663126290,-0.0367930010,1.0000000000
71,5.3660000000,right_hand,15,0.3858137727,0.2725848258,-0.0377855748,1.0000000000
72,5.4420000000,right_hand,15,0.3827059567,0.2929930091,-0.0380125940,1.0000000000
73,5.5170000000,right_hand,15,0.3857160807,0.2831248343,-0.0339214355,1.0000000000
74,5.5930000000,right_hand,15,0.3845185637,0.3024148345,-0.0426687337,1.0000000000
75,5.6680000000,right_hand,15,0.3908878267,0.2943240106,-0.0425220169,1.0000000000
76,5.7440000000,right_hand,15,0.3778942525,0.3558260798,-0.0409984291,1.0000000000
77,5.8190000000,right_hand,15,0.3849489391,0.3651859164,-0.0444316827,1.0000000000
78,5.8950000000,right_hand,15,0.3852929473,0.3566241562,-0.0722564831,1.0000000000
79,5.9710000000,right_hand,15,0.3849895298,0.3785678446,-0.0583036542,1.0000000000
80,6.0460000000,right_hand,15,0.3829127550,0.3923771381,-0.0377437472,1.0000000000
81,6.1220000000,right_hand,15,0.3831130862,0.3551937640,-0.0484566875,1.0000000000
82,6.1970000000,right_hand,15,0.3877696395,0.3561686575,-0.0482639186,1.0000000000
83,6.2730000000,right_hand,15,0.3787143826,0.3667803109,-0.0496686958,1.0000000000
84,6.3490000000,right_hand,15,0.3879073858,0.3524087667,-0.0449814051,1.0000000000
85,6.4240000000,right_hand,15,0.3919849992,0.3294401169,-0.0337867588,1.0000000000
86,6.5000000000,right_hand,15,0.3891446888,0.3263439834,-0.0295463353,1.0000000000
87,6.5750000000,right_hand,15,0.3844568729,0.3036956787,-0.0312646367,1.0000000000
88,6.6510000000,right_hand,15,0.3780727386,0.3139762878,-0.0382130109,1.0000000000
89,6.7260000000,right_hand,15,0.3768385351,0.2747085690,-0.0287197419,1.0000000000
90,6.8020000000,right_hand,15,0.3767114282,0.2862704992,-0.0266273227,1.0000000000
91,6.8780000000,right_hand,15,0.3824424744,0.2846984267,-0.0246242806,1.0000000000
92,6.9530000000,right_hand,15,0.3823688626,0.2850968838,-0.0308022853,1.0000000000
93,7.0290000000,right_hand,15,0.3890485168,0.2827942967,-0.0260038190,1.0000000000
94,7.1040000000,right_hand,15,0.3897877038,0.2771506608,-0.0300250370,1.0000000000
95,7.1800000000,right_hand,15,0.3869001269,0.2848449051,-0.0273072235,1.0000000000
96,7.2550000000,right_hand,15,0.3971211314,0.2739809752,-0.0271304920,1.0000000000
97,7.3310000000,right_hand,15,0.3915735781,0.3215904534,-0.0396107137,1.0000000000
98,7.4070000000,right_hand,15,0.3965801001,0.3110389113,-0.0378093831,1.0000000000
99,7.4820000000,right_hand,15,0.3984504044,0.3305747509,-0.0361031815,1.0000000000
100,7.5580000000,right_hand,15,0.3969459534,0.3425481915,-0.0407404341,1.0000000000
101,7.6330000000,right_hand,15,0.4126645029,0.3120159805,-0.0399905480,1.0000000000
102,7.7090000000,right_hand,15,0.3971769810,0.3570294976,-0.0445277132,1.0000000000
103,7.7850000000,right_hand,15,0.4032782912,0.3623689413,-0.0364969522,1.0000000000
104,7.8600000000,right_hand,15,0.3978767991,0.3660419881,-0.0342803374,1.0000000000
105,7.9360000000,right_hand,15,0.4006517231,0.3698708415,-0.0445156507,1.0000000000
106,8.0110000000,right_hand,15,0.4025281966,0.3401204646,-0.0387425870,1.0000000000
107,8.0870000000,right_hand,15,0.4036780298,0.3236953914,-0.0410758704,1.0000000000
108,8.1620000000,right_hand,15,0.4000039399,0.3409806788,-0.0481563918,1.0000000000
109,8.2380000000,right_hand,15,0.3904792368,0.3555772007,-0.0381255560,1.0000000000
110,8.3140000000,right_hand,15,0.3898789585,0.2984638512,-0.0458366051,1.0000000000
111,8.3890000000,right_hand,15,0.3705949783,0.2726480961,-0.0158547964,1.0000000000
112,8.4650000000,right_hand,15,0.3723620772,0.3076342940,-0.0065309410,1.0000000000
113,8.5400000000,right_hand,15,0.3997296095,0.3312739730,-0.0364440307,1.0000000000
114,8.6160000000,right_hand,15,0.3951725960,0.3314520419,-0.0311307143,1.0000000000
115,8.6910000000,right_hand,15,0.4050951302,0.3060655594,-0.0416199863,1.0000000000
116,8.7670000000,right_hand,15,0.4006214738,0.2991911173,-0.0391559713,1.0000000000
117,8.8430000000,right_hand,15,0.3934704065,0.3074861765,-0.0226730127,1.0000000000
118,8.9180000000,right_hand,15,0.3904797435,0.3122432530,-0.0269800574,1.0000000000
119,8.9940000000,right_hand,15,0.3869272470,0.2928275466,-0.0250435937,1.0000000000
120,9.0690000000,right_hand,15,0.3903084397,0.3102060258,-0.0228131674,1.0000000000
121,9.1450000000,right_hand,15,0.3967797458,0.3167416453,-0.0398252197,1.0000000000
122,9.2200000000,right_hand,15,0.4000986814,0.3211365640,-0.0334750973,1.0000000000
123,9.2960000000,right_hand,15,0.3975326419,0.3114323616,-0.0329513401,1.0000000000
124,9.3720000000,right_hand,15,0.3918693364,0.3154160678,-0.0377716981,1.0000000000
125,9.4470000000,right_hand,15,0.3950841427,0.3122005165,-0.0318048447,1.0000000000
126,9.5230000000,right_hand,15,0.3978910744,0.3130445480,-0.0292578228,1.0000000000
127,9.5980000000,right_hand,15,0.4024264514,0.3135863543,-0.0291926805,1.0000000000
128,9.6740000000,right_hand,15,0.4039110243,0.3133256435,-0.0236039087,1.0000000000
129,9.7500000000,right_hand,15,0.4031225741,0.3117650151,-0.0245084055,1.0000000000
130,9.8250000000,right_hand,15,0.3944059908,0.2976775169,-0.0368196107,1.0000000000
131,9.9010000000,right_hand,15,0.3934449255,0.2832583487,-0.0370877758,1.0000000000
132,9.9760000000,right_hand,15,0.3936699182,0.2738448232,-0.0337370699,1.0000000000
133,10.0520000000,right_hand,15,0.3938949108,0.2644312978,-0.0303863641,1.0000000000
134,10.1270000000,right_hand,15,0.3952684104,0.2628825605,-0.0292478800,1.0000000000
135,10.2030000000,right_hand,15,0.3962033391,0.2708314657,-0.0276876297,1.0000000000
136,10.2790000000,right_hand,15,0.3876758814,0.2866634727,-0.0269917473,1.0000000000
137,10.3540000000,right_hand,15,0.3884502053,0.3084289432,-0.0318365507,1.0000000000
138,10.4300000000,right_hand,15,0.3920951486,0.3174581528,-0.0299229287,1.0000000000
139,10.5050000000,right_hand,15,0.3831262887,0.3390765488,-0.0367335007,1.0000000000
140,10.5810000000,right_hand,15,0.3885374069,0.3012018502,-0.0279324390,1.0000000000
141,10.6560000000,right_hand,15,0.3895407617,0.2881945074,-0.0306164287,1.0000000000
142,10.7320000000,right_hand,15,0.3902722895,0.2779284418,-0.0280203372,1.0000000000
143,10.8080000000,right_hand,15,0.3905574977,0.2748883069,-0.0274963193,1.0000000000
144,10.8830000000,right_hand,15,0.3893759251,0.2624425590,-0.0255639777,1.0000000000
145,10.9590000000,right_hand,15,0.3921214938,0.2576145530,-0.0276723951,1.0000000000
146,11.0340000000,right_hand,15,0.3920180202,0.2628973126,-0.0265351105,1.0000000000
147,11.1100000000,right_hand,15,0.3979644477,0.2919893563,-0.0270034764,1.0000000000
148,11.1850000000,right_hand,15,0.3966553211,0.2897012234,-0.0421324484,1.0000000000
149,11.2610000000,right_hand,15,0.3945938051,0.3132402301,-0.0330162980,1.0000000000
150,11.3370000000,right_hand,15,0.3934385478,0.3219799995,-0.0286768656,1.0000000000
151,11.4120000000,right_hand,15,0.3889627159,0.3212325275,-0.0369419605,1.0000000000
152,11.4880000000,right_hand,15,0.3934726715,0.3241921961,-0.0318683460,1.0000000000
153,11.5630000000,right_hand,15,0.3960910439,0.3315478563,-0.0225283727,1.0000000000
154,11.6390000000,right_hand,15,0.3941095173,0.3244905174,-0.0298870746,1.0000000000
155,11.7150000000,right_hand,15,0.3889172077,0.3053222001,-0.0433094501,1.0000000000
156,11.7900000000,right_hand,15,0.3934805989,0.2773904800,-0.0347392224,1.0000000000
157,11.8660000000,right_hand,15,0.3944957256,0.2326605171,-0.0209394880,1.0000000000
158,11.9410000000,right_hand,15,0.3949841559,0.2294134647,-0.0248171426,1.0000000000
67,5.0640000000,right_hand,16,0.3690932989,0.2569316328,-0.0230559837,1.0000000000
68,5.1390000000,right_hand,16,0.3707883060,0.2557733953,-0.0250077806,1.0000000000
69,5.2150000000,right_hand,16,0.3716772795,0.2649436593,-0.0308472496,1.0000000000
70,5.2900000000,right_hand,16,0.3735365570,0.2683606446,-0.0344273113,1.0000000000
71,5.3660000000,right_hand,16,0.3797354400,0.2769739330,-0.0370348655,1.0000000000
72,5.4420000000,right_hand,16,0.3731537461,0.2954091430,-0.0352298729,1.0000000000
73,5.5170000000,right_hand,16,0.3812690675,0.2891189158,-0.0322744139,1.0000000000
74,5.5930000000,right_hand,16,0.3801614642,0.3101733029,-0.0408713520,1.0000000000
75,5.6680000000,right_hand,16,0.3922902346,0.3025984168,-0.0426976942,1.0000000000
76,5.7440000000,right_hand,16,0.3691388369,0.3591767550,-0.0390287340,1.0000000000
77,5.8190000000,right_hand,16,0.3751275241,0.3685735166,-0.0422944687,1.0000000000
78,5.8950000000,right_hand,16,0.3891904652,0.3651926219,-0.0750154927,1.0000000000
79,5.9710000000,right_hand,16,0.3860595524,0.3890344799,-0.0593476109,1.0000000000
80,6.0460000000,right_hand,16,0.3789937496,0.3947268724,-0.0369406007,1.0000000000
81,6.1220000000,right_hand,16,0.3901796937,0.3655955493,-0.0507872067,1.0000000000
82,6.1970000000,right_hand,16,0.3970640302,0.3720065057,-0.0496188700,1.0000000000
83,6.2730000000,right_hand,16,0.3848140240,0.3781684339,-0.0513252243,1.0000000000
84,6.3490000000,right_hand,16,0.3847244084,0.3565197885,-0.0444917604,1.0000000000
85,6.4240000000,right_hand,16,0.3876293004,0.3380972445,-0.0311598554,1.0000000000
86,6.5000000000,right_hand,16,0.3827039897,0.3295975029,-0.0273431577,1.0000000000
87,6.5750000000,right_hand,16,0.3877048492,0.3219764829,-0.0302110408,1.0000000000
88,6.6510000000,right_hand,16,0.3660354614,0.3110203445,-0.0360998362,1.0000000000
89,6.7260000000,right_hand,16,0.3784667253,0.2859266996,-0.0284033548,1.0000000000
90,6.8020000000,right_hand,16,0.3734919131,0.2906951606,-0.0255040769,1.0000000000
91,6.8780000000,right_hand,16,0.3732560873,0.2808001041,-0.0223584957,1.0000000000
92,6.9530000000,right_hand,16,0.3718571961,0.2798524499,-0.0284318551,1.0000000000
93,7.0290000000,right_hand,16,0.3787152171,0.2776364386,-0.0238907486,1.0000000000
94,7.1040000000,right_hand,16,0.3880066872,0.2859233022,-0.0283233915,1.0000000000
95,7.1800000000,right_hand,16,0.3886471391,0.2931042910,-0.0266799629,1.0000000000
96,7.2550000000,right_hand,16,0.3974901140,0.2768237293,-0.0274321549,1.0000000000
97,7.3310000000,right_hand,16,0.3849750459,0.3222721815,-0.0361898355,1.0000000000
98,7.4070000000,right_hand,16,0.3970492184,0.3153178096,-0.0371481292,1.0000000000
99,7.4820000000,right_hand,16,0.3931905031,0.3367732465,-0.0341653749,1.0000000000
100,7.5580000000,right_hand,16,0.3885900378,0.3470922709,-0.0378431529,1.0000000000
101,7.6330000000,right_hand,16,0.4102796912,0.3278294504,-0.0381133854,1.0000000000
102,7.7090000000,right_hand,16,0.3955160677,0.3681470156,-0.0426972620,1.0000000000
103,7.7850000000,right_hand,16,0.3980205357,0.3731667697,-0.0341542102,1.0000000000
104,7.8600000000,right_hand,16,0.3903770745,0.3698026836,-0.0310044065,1.0000000000
105,7.9360000000,right_hand,16,0.3916262388,0.3764093816,-0.0413662121,1.0000000000
106,8.0110000000,right_hand,16,0.4044632018,0.3549508154,-0.0372139104,1.0000000000
107,8.0870000000,right_hand,16,0.4022270739,0.3332614005,-0.0398181751,1.0000000000
108,8.1620000000,right_hand,16,0.3978163004,0.3467610776,-0.0478453003,1.0000000000
109,8.2380000000,right_hand,16,0.3865011334,0.3636952639,-0.0353914127,1.0000000000
110,8.3140000000,right_hand,16,0.4007559419,0.3111185431,-0.0468111858,1.0000000000
111,8.3890000000,right_hand,16,0.3732988536,0.2622393966,-0.0164967403,1.0000000000
112,8.4650000000,right_hand,16,0.3726357222,0.3075915277,-0.0065220804,1.0000000000
113,8.5400000000,right_hand,16,0.3934913278,0.3396513760,-0.0341147892,1.0000000000
114,8.6160000000,right_hand,16,0.3854717910,0.3289824724,-0.0292826947,1.0000000000
115,8.6910000000,right_hand,16,0.4038574696,0.3124898672,-0.0404358208,1.0000000000
116,8.7670000000,right_hand,16,0.3998220861,0.3084005415,-0.0376434028,1.0000000000
117,8.8430000000,right_hand,16,0.3871577978,0.3118887544,-0.0204063840,1.0000000000
118,8.9180000000,right_hand,16,0.3807415068,0.3077451885,-0.0242057703,1.0000000000
119,8.9940000000,right_hand,16,0.3891716599,0.3025862277,-0.0247658398,1.0000000000
120,9.0690000000,right_hand,16,0.3915487826,0.3206764162,-0.0216832701,1.0000000000
121,9.1450000000,right_hand,16,0.3850658834,0.3115460575,-0.0374547131,1.0000000000
122,9.2200000000,right_hand,16,0.3880192935,0.3195713162,-0.0303471517,1.0000000000
123,9.2960000000,right_hand,16,0.3858895004,0.3062311709,-0.0311401561,1.0000000000
124,9.3720000000,right_hand,16,0.3808021843,0.3082701862,-0.0361230969,1.0000000000
125,9.4470000000,right_hand,16,0.3857696354,0.3081684709,-0.0306701716,1.0000000000
126,9.5230000000,right_hand,16,0.3869781792,0.3100910783,-0.0266026054,1.0000000000
127,9.5980000000,right_hand,16,0.3933995962,0.3134603500,-0.0274633635,1.0000000000
128,9.6740000000,right_hand,16,0.3972780704,0.3195385933,-0.0224140082,1.0000000000
129,9.7500000000,right_hand,16,0.3956005275,0.3130149543,-0.0233862419,1.0000000000
130,9.8250000000,right_hand,16,0.3843443096,0.2948588431,-0.0341376550,1.0000000000
131,9.9010000000,right_hand,16,0.3837361038,0.2818667293,-0.0337113887,1.0000000000
132,9.9760000000,right_hand,16,0.3838484883,0.2729652077,-0.0311689069,1.0000000000
133,10.0520000000,right_hand,16,0.3839608729,0.2640636861,-0.0286264252,1.0000000000
134,10.1270000000,right_hand,16,0.3840101957,0.2626981735,-0.0271986146,1.0000000000
135,10.2030000000,right_hand,16,0.3865822852,0.2747372091,-0.0257686637,1.0000000000
136,10.2790000000,right_hand,16,0.3769816756,0.2803402543,-0.0262487549,1.0000000000
137,10.3540000000,right_hand,16,0.3774769008,0.3021537662,-0.0297211427,1.0000000000
138,10.4300000000,right_hand,16,0.3841185868,0.3157996535,-0.0285510961,1.0000000000
139,10.5050000000,right_hand,16,0.3700208068,0.3354123831,-0.0325381458,1.0000000000
140,10.5810000000,right_hand,16,0.3771889508,0.2995105982,-0.0263892170,1.0000000000
141,10.6560000000,right_hand,16,0.3783400953,0.2879329920,-0.0281760320,1.0000000000
142,10.7320000000,right_hand,16,0.3803890944,0.2820689082,-0.0261669699,1.0000000000
143,10.8080000000,right_hand,16,0.3811560571,0.2774187326,-0.0259808991,1.0000000000
144,10.8830000000,right_hand,16,0.3812443912,0.2643541694,-0.0236043055,1.0000000000
145,10.9590000000,right_hand,16,0.3826738894,0.2586225569,-0.0260367878,1.0000000000
146,11.0340000000,right_hand,16,0.3846519589,0.2648277283,-0.0257314239,1.0000000000
147,11.1100000000,right_hand,16,0.3879427314,0.2945024073,-0.0255262479,1.0000000000
148,11.1850000000,right_hand,16,0.3952264190,0.2963120639,-0.0410969853,1.0000000000
149,11.2610000000,right_hand,16,0.3852954209,0.3136294782,-0.0310991649,1.0000000000
150,11.3370000000,right_hand,16,0.3857457936,0.3213245571,-0.0260472186,1.0000000000
151,11.4120000000,right_hand,16,0.3836735487,0.3222475052,-0.0346104167,1.0000000000
152,11.4880000000,right_hand,16,0.3943853080,0.3364260793,-0.0314431749,1.0000000000
153,11.5630000000,right_hand,16,0.3949936926,0.3351556957,-0.0221796744,1.0000000000
154,11.6390000000,right_hand,16,0.3864230812,0.3251611888,-0.0274779052,1.0000000000
155,11.7150000000,right_hand,16,0.3767693639,0.2987852097,-0.0406021699,1.0000000000
156,11.7900000000,right_hand,16,0.3833788037,0.2769071162,-0.0328961834,1.0000000000
157,11.8660000000,right_hand,16,0.3860424459,0.2396416068,-0.0174328666,1.0000000000
158,11.9410000000,right_hand,16,0.3863566816,0.2347915024,-0.0221990440,1.0000000000
67,5.0640000000,right_hand,17,0.3416148126,0.2224363238,-0.0282551572,1.0000000000
68,5.1390000000,right_hand,17,0.3406272829,0.2175626904,-0.0310804304,1.0000000000
69,5.2150000000,right_hand,17,0.3397261798,0.2262128741,-0.0335925668,1.0000000000
70,5.2900000000,right_hand,17,0.3437256813,0.2395783663,-0.0377658270,1.0000000000
71,5.3660000000,right_hand,17,0.3396584392,0.2458441854,-0.0368388109,1.0000000000
72,5.4420000000,right_hand,17,0.3422661424,0.2538145781,-0.0401471332,1.0000000000
73,5.5170000000,right_hand,17,0.3403298557,0.2632004023,-0.0375277773,1.0000000000
74,5.5930000000,right_hand,17,0.3377708495,0.2825602591,-0.0404747315,1.0000000000
75,5.6680000000,right_hand,17,0.3460401297,0.3007680476,-0.0386797041,1.0000000000
76,5.7440000000,right_hand,17,0.3367502689,0.3089877665,-0.0366465934,1.0000000000
77,5.8190000000,right_hand,17,0.3422482610,0.3318055570,-0.0418743342,1.0000000000
78,5.8950000000,right_hand,17,0.3339674473,0.3563060164,-0.0580610223,1.0000000000
79,5.9710000000,right_hand,17,0.3362207711,0.3689289093,-0.0475856885,1.0000000000
80,6.0460000000,right_hand,17,0.3398722410,0.3617030382,-0.0348314382,1.0000000000
81,6.1220000000,right_hand,17,0.3366020918,0.3687753379,-0.0365167111,1.0000000000
82,6.1970000000,right_hand,17,0.3386400938,0.3535672426,-0.0387398712,1.0000000000
83,6.2730000000,right_hand,17,0.3335712552,0.3552421033,-0.0406534076,1.0000000000
84,6.3490000000,right_hand,17,0.3391785324,0.3401004076,-0.0422123149,1.0000000000
85,6.4240000000,right_hand,17,0.3480333686,0.3065761328,-0.0314519927,1.0000000000
86,6.5000000000,right_hand,17,0.3488316238,0.3140498996,-0.0315015018,1.0000000000
87,6.5750000000,right_hand,17,0.3352698088,0.2778864801,-0.0287935995,1.0000000000
88,6.6510000000,right_hand,17,0.3368850052,0.2748957872,-0.0405305251,1.0000000000
89,6.7260000000,right_hand,17,0.3349517882,0.2753118575,-0.0279674102,1.0000000000
90,6.8020000000,right_hand,17,0.3399804533,0.2683010995,-0.0286802519,1.0000000000
91,6.8780000000,right_hand,17,0.3498834670,0.2544147670,-0.0323961452,1.0000000000
92,6.9530000000,right_hand,17,0.3518034518,0.2508278191,-0.0344903767,1.0000000000
93,7.0290000000,right_hand,17,0.3601993322,0.2445703596,-0.0332433917,1.0000000000
94,7.1040000000,right_hand,17,0.3440163732,0.2699165642,-0.0318143815,1.0000000000
95,7.1800000000,right_hand,17,0.3449663520,0.2822680175,-0.0249600969,1.0000000000
96,7.2550000000,right_hand,17,0.3606026173,0.2848410308,-0.0168984067,1.0000000000
97,7.3310000000,right_hand,17,0.3494908214,0.2807387412,-0.0391694009,1.0000000000
98,7.4070000000,right_hand,17,0.3458442390,0.3022419214,-0.0353134461,1.0000000000
99,7.4820000000,right_hand,17,0.3537099361,0.3127434552,-0.0369855389,1.0000000000
100,7.5580000000,right_hand,17,0.3524886072,0.3020937145,-0.0389275923,1.0000000000
101,7.6330000000,right_hand,17,0.3691558242,0.2793509364,-0.0261093769,1.0000000000
102,7.7090000000,right_hand,17,0.3605630696,0.3288050294,-0.0394692682,1.0000000000
103,7.7850000000,right_hand,17,0.3663946986,0.3274537623,-0.0356160440,1.0000000000
104,7.8600000000,right_hand,17,0.3576837778,0.3225660026,-0.0344234891,1.0000000000
105,7.9360000000,right_hand,17,0.3575645983,0.3331748843,-0.0399383195,1.0000000000
106,8.0110000000,right_hand,17,0.3591304421,0.3278621435,-0.0301380642,1.0000000000
107,8.0870000000,right_hand,17,0.3602889776,0.3187250197,-0.0307778344,1.0000000000
108,8.1620000000,right_hand,17,0.3559697866,0.3329392076,-0.0406261533,1.0000000000
109,8.2380000000,right_hand,17,0.3521366715,0.3392287493,-0.0327237397,1.0000000000
110,8.3140000000,right_hand,17,0.3489217758,0.3351523876,-0.0387298539,1.0000000000
111,8.3890000000,right_hand,17,0.3527373672,0.3270224333,-0.0184996873,1.0000000000
112,8.4650000000,right_hand,17,0.3569656014,0.3340913355,-0.0106296623,1.0000000000
113,8.5400000000,right_hand,17,0.3545126617,0.2941962779,-0.0325448178,1.0000000000
114,8.6160000000,right_hand,17,0.3606895804,0.2933288217,-0.0333548971,1.0000000000
115,8.6910000000,right_hand,17,0.3575552702,0.2914618850,-0.0387074687,1.0000000000
116,8.7670000000,right_hand,17,0.3581078947,0.2842061222,-0.0349833332,1.0000000000
117,8.8430000000,right_hand,17,0.3602286875,0.2725682855,-0.0258593019,1.0000000000
118,8.9180000000,right_hand,17,0.3632343709,0.2764357626,-0.0279309265,1.0000000000
119,8.9940000000,right_hand,17,0.3559770286,0.2797696292,-0.0243760217,1.0000000000
120,9.0690000000,right_hand,17,0.3588563502,0.2931055427,-0.0216373224,1.0000000000
121,9.1450000000,right_hand,17,0.3578055501,0.2731188536,-0.0390268713,1.0000000000
122,9.2200000000,right_hand,17,0.3602367043,0.2853093147,-0.0384072103,1.0000000000
123,9.2960000000,right_hand,17,0.3590148389,0.2845347226,-0.0366781354,1.0000000000
124,9.3720000000,right_hand,17,0.3517346680,0.2904885709,-0.0392558724,1.0000000000
125,9.4470000000,right_hand,17,0.3598623872,0.2866327763,-0.0338242538,1.0000000000
126,9.5230000000,right_hand,17,0.3645027280,0.2852969170,-0.0300350953,1.0000000000
127,9.5980000000,right_hand,17,0.3701850772,0.2896025479,-0.0262687709,1.0000000000
128,9.6740000000,right_hand,17,0.3682774603,0.2844052911,-0.0185622573,1.0000000000
129,9.7500000000,right_hand,17,0.3715930879,0.2797304094,-0.0196772143,1.0000000000
130,9.8250000000,right_hand,17,0.3598096371,0.2681349516,-0.0381853878,1.0000000000
131,9.9010000000,right_hand,17,0.3552724123,0.2567330003,-0.0388763770,1.0000000000
132,9.9760000000,right_hand,17,0.3556397557,0.2459772229,-0.0329789780,1.0000000000
133,10.0520000000,right_hand,17,0.3560070992,0.2352214456,-0.0270815790,1.0000000000
134,10.1270000000,right_hand,17,0.3581886590,0.2287694365,-0.0285391398,1.0000000000
135,10.2030000000,right_hand,17,0.3584881723,0.2363920212,-0.0276457444,1.0000000000
136,10.2790000000,right_hand,17,0.3545894623,0.2618632615,-0.0325220264,1.0000000000
137,10.3540000000,right_hand,17,0.3595580161,0.2815408409,-0.0363923274,1.0000000000
138,10.4300000000,right_hand,17,0.3585482240,0.2822073698,-0.0319674425,1.0000000000
139,10.5050000000,right_hand,17,0.3463835418,0.2858515978,-0.0344736762,1.0000000000
140,10.5810000000,right_hand,17,0.3469388783,0.2642848492,-0.0296207760,1.0000000000
141,10.6560000000,right_hand,17,0.3475258648,0.2466271371,-0.0298236106,1.0000000000
142,10.7320000000,right_hand,17,0.3483000696,0.2418409884,-0.0244462211,1.0000000000
143,10.8080000000,right_hand,17,0.3523382545,0.2356537282,-0.0249972455,1.0000000000
144,10.8830000000,right_hand,17,0.3534909487,0.2254430056,-0.0221108422,1.0000000000
145,10.9590000000,right_hand,17,0.3530195355,0.2242060751,-0.0246611591,1.0000000000
146,11.0340000000,right_hand,17,0.3555680513,0.2374379039,-0.0239071529,1.0000000000
147,11.1100000000,right_hand,17,0.3591831326,0.2539760470,-0.0241371542,1.0000000000
148,11.1850000000,right_hand,17,0.3569605052,0.2765636146,-0.0361576676,1.0000000000
149,11.2610000000,right_hand,17,0.3595181108,0.2790293992,-0.0368979238,1.0000000000
150,11.3370000000,right_hand,17,0.3595303297,0.2830633223,-0.0326013304,1.0000000000
151,11.4120000000,right_hand,17,0.3556229770,0.2791903019,-0.0387976617,1.0000000000
152,11.4880000000,right_hand,17,0.3475877941,0.2866972983,-0.0371077694,1.0000000000
153,11.5630000000,right_hand,17,0.3520758748,0.2951948345,-0.0251952782,1.0000000000
154,11.6390000000,right_hand,17,0.3546126485,0.2907254994,-0.0312741622,1.0000000000
155,11.7150000000,right_hand,17,0.3509445190,0.2780709863,-0.0423219986,1.0000000000
156,11.7900000000,right_hand,17,0.3508095741,0.2341216803,-0.0327095166,1.0000000000
157,11.8660000000,right_hand,17,0.3544535637,0.1953008175,-0.0199127663,1.0000000000
158,11.9410000000,right_hand,17,0.3574801385,0.1904768795,-0.0247996543,1.0000000000
67,5.0640000000,right_hand,18,0.3699205816,0.2519354224,-0.0306965522,1.0000000000
68,5.1390000000,right_hand,18,0.3720628619,0.2468734831,-0.0328278430,1.0000000000
69,5.2150000000,right_hand,18,0.3694925308,0.2546255291,-0.0372536071,1.0000000000
70,5.2900000000,right_hand,18,0.3729682267,0.2642079592,-0.0425735787,1.0000000000
71,5.3660000000,right_hand,18,0.3682027161,0.2740535140,-0.0415854827,1.0000000000
72,5.4420000000,right_hand,18,0.3715209067,0.2876578569,-0.0442387313,1.0000000000
73,5.5170000000,right_hand,18,0.3697023392,0.2863591909,-0.0409992561,1.0000000000
74,5.5930000000,right_hand,18,0.3661127090,0.3019900322,-0.0476215035,1.0000000000
75,5.6680000000,right_hand,18,0.3701142967,0.3044799268,-0.0473253541,1.0000000000
76,5.7440000000,right_hand,18,0.3649048209,0.3545914888,-0.0441299826,1.0000000000
77,5.8190000000,right_hand,18,0.3749629855,0.3619490564,-0.0490222201,1.0000000000
78,5.8950000000,right_hand,18,0.3608922660,0.3690667152,-0.0721512213,1.0000000000
79,5.9710000000,right_hand,18,0.3635958433,0.3887125850,-0.0588468984,1.0000000000
80,6.0460000000,right_hand,18,0.3692988753,0.3944526315,-0.0400817432,1.0000000000
81,6.1220000000,right_hand,18,0.3581790328,0.3719854355,-0.0462271944,1.0000000000
82,6.1970000000,right_hand,18,0.3618118167,0.3634839058,-0.0479079522,1.0000000000
83,6.2730000000,right_hand,18,0.3543222249,0.3852663040,-0.0488275960,1.0000000000
84,6.3490000000,right_hand,18,0.3697695434,0.3638563454,-0.0486201681,1.0000000000
85,6.4240000000,right_hand,18,0.3770379424,0.3260480464,-0.0379983746,1.0000000000
86,6.5000000000,right_hand,18,0.3771872222,0.3276820779,-0.0354370959,1.0000000000
87,6.5750000000,right_hand,18,0.3579822183,0.2995358706,-0.0353095420,1.0000000000
88,6.6510000000,right_hand,18,0.3685449958,0.3131015599,-0.0459255315,1.0000000000
89,6.7260000000,right_hand,18,0.3569021821,0.2882394195,-0.0338626802,1.0000000000
90,6.8020000000,right_hand,18,0.3627490997,0.2858424485,-0.0325871669,1.0000000000
91,6.8780000000,right_hand,18,0.3745520711,0.2832027674,-0.0326261520,1.0000000000
92,6.9530000000,right_hand,18,0.3789160550,0.2830249071,-0.0361918323,1.0000000000
93,7.0290000000,right_hand,18,0.3844625652,0.2809870243,-0.0344941653,1.0000000000
94,7.1040000000,right_hand,18,0.3689577281,0.2815085351,-0.0363135822,1.0000000000
95,7.1800000000,right_hand,18,0.3677714169,0.2926116884,-0.0312971547,1.0000000000
96,7.2550000000,right_hand,18,0.3821025193,0.2876129448,-0.0229080189,1.0000000000
97,7.3310000000,right_hand,18,0.3786542118,0.3172805309,-0.0449750051,1.0000000000
98,7.4070000000,right_hand,18,0.3730441630,0.3229496777,-0.0408596434,1.0000000000
99,7.4820000000,right_hand,18,0.3801447749,0.3336821795,-0.0423508361,1.0000000000
100,7.5580000000,right_hand,18,0.3838052154,0.3379295766,-0.0448037945,1.0000000000
101,7.6330000000,right_hand,18,0.3987595439,0.2925751805,-0.0349341705,1.0000000000
102,7.7090000000,right_hand,18,0.3811529577,0.3549185693,-0.0474596210,1.0000000000
103,7.7850000000,right_hand,18,0.3919509649,0.3575203121,-0.0409797691,1.0000000000
104,7.8600000000,right_hand,18,0.3865836859,0.3563697040,-0.0387907475,1.0000000000
105,7.9360000000,right_hand,18,0.3890289962,0.3628920615,-0.0469512567,1.0000000000
106,8.0110000000,right_hand,18,0.3832271099,0.3377131522,-0.0379971452,1.0000000000
107,8.0870000000,right_hand,18,0.3849825859,0.3180969954,-0.0387558676,1.0000000000
108,8.1620000000,right_hand,18,0.3822216988,0.3507579863,-0.0491491146,1.0000000000
109,8.2380000000,right_hand,18,0.3734970689,0.3507655561,-0.0402090997,1.0000000000
110,8.3140000000,right_hand,18,0.3599135280,0.3135446906,-0.0474498086,1.0000000000
111,8.3890000000,right_hand,18,0.3581781685,0.3022503257,-0.0214119665,1.0000000000
112,8.4650000000,right_hand,18,0.3660474718,0.3261637688,-0.0105670234,1.0000000000
113,8.5400000000,right_hand,18,0.3841235638,0.3235466778,-0.0389450975,1.0000000000
114,8.6160000000,right_hand,18,0.3863748610,0.3249108791,-0.0376271643,1.0000000000
115,8.6910000000,right_hand,18,0.3837628067,0.3115303814,-0.0456042103,1.0000000000
116,8.7670000000,right_hand,18,0.3811289668,0.2992475927,-0.0428116657,1.0000000000
117,8.8430000000,right_hand,18,0.3836871982,0.2962105274,-0.0287456866,1.0000000000
118,8.9180000000,right_hand,18,0.3876421154,0.3050134480,-0.0325993821,1.0000000000
119,8.9940000000,right_hand,18,0.3655569255,0.2808791697,-0.0282115638,1.0000000000
120,9.0690000000,right_hand,18,0.3758992553,0.3043440580,-0.0255424008,1.0000000000
121,9.1450000000,right_hand,18,0.3886452913,0.3123703301,-0.0446204469,1.0000000000
122,9.2200000000,right_hand,18,0.3910649717,0.3172551394,-0.0423899107,1.0000000000
123,9.2960000000,right_hand,18,0.3903836012,0.3128581345,-0.0403963439,1.0000000000
124,9.3720000000,right_hand,18,0.3837128282,0.3208480179,-0.0442421474,1.0000000000
125,9.4470000000,right_hand,18,0.3872519135,0.3139671981,-0.0388927944,1.0000000000
126,9.5230000000,right_hand,18,0.3931834400,0.3098290563,-0.0356059559,1.0000000000
127,9.5980000000,right_hand,18,0.3937525749,0.3114053607,-0.0324242115,1.0000000000
128,9.6740000000,right_hand,18,0.3947955966,0.3097812533,-0.0244389698,1.0000000000
129,9.7500000000,right_hand,18,0.3944666088,0.3059840798,-0.0262116976,1.0000000000
130,9.8250000000,right_hand,18,0.3881899416,0.2950425148,-0.0421905816,1.0000000000
131,9.9010000000,right_hand,18,0.3851547241,0.2830414474,-0.0440630950,1.0000000000
132,9.9760000000,right_hand,18,0.3846581727,0.2740654647,-0.0382608641,1.0000000000
133,10.0520000000,right_hand,18,0.3841616213,0.2650894821,-0.0324586332,1.0000000000
134,10.1270000000,right_hand,18,0.3876756728,0.2588343620,-0.0327334926,1.0000000000
135,10.2030000000,right_hand,18,0.3868650496,0.2631479502,-0.0308603644,1.0000000000
136,10.2790000000,right_hand,18,0.3844434023,0.2929991782,-0.0345022455,1.0000000000
137,10.3540000000,right_hand,18,0.3870198429,0.3087514639,-0.0389730930,1.0000000000
138,10.4300000000,right_hand,18,0.3824215531,0.3144301176,-0.0354125015,1.0000000000
139,10.5050000000,right_hand,18,0.3774294853,0.3275558949,-0.0416652858,1.0000000000
140,10.5810000000,right_hand,18,0.3786464334,0.2949536741,-0.0333316177,1.0000000000
141,10.6560000000,right_hand,18,0.3803162873,0.2797300816,-0.0350251943,1.0000000000
142,10.7320000000,right_hand,18,0.3810128570,0.2744394243,-0.0294147357,1.0000000000
143,10.8080000000,right_hand,18,0.3801698387,0.2683508396,-0.0309265926,1.0000000000
144,10.8830000000,right_hand,18,0.3796331584,0.2561801076,-0.0274323747,1.0000000000
145,10.9590000000,right_hand,18,0.3817344606,0.2533147335,-0.0299539305,1.0000000000
146,11.0340000000,right_hand,18,0.3789893389,0.2617463470,-0.0286773127,1.0000000000
147,11.1100000000,right_hand,18,0.3898134530,0.2844068110,-0.0297841486,1.0000000000
148,11.1850000000,right_hand,18,0.3789725900,0.2955796719,-0.0448734686,1.0000000000
149,11.2610000000,right_hand,18,0.3852761686,0.3086726964,-0.0408996530,1.0000000000
150,11.3370000000,right_hand,18,0.3840999305,0.3161268234,-0.0348992720,1.0000000000
151,11.4120000000,right_hand,18,0.3761828542,0.3069532812,-0.0452888682,1.0000000000
152,11.4880000000,right_hand,18,0.3674717546,0.3115157485,-0.0401411615,1.0000000000
153,11.5630000000,right_hand,18,0.3779997230,0.3212369084,-0.0273239315,1.0000000000
154,11.6390000000,right_hand,18,0.3807228208,0.3179794848,-0.0362907909,1.0000000000
155,11.7150000000,right_hand,18,0.3814915419,0.3143527508,-0.0499920920,1.0000000000
156,11.7900000000,right_hand,18,0.3818855882,0.2703486085,-0.0385724083,1.0000000000
157,11.8660000000,right_hand,18,0.3837326467,0.2194356769,-0.0239673294,1.0000000000
158,11.9410000000,right_hand,18,0.3840469420,0.2177714407,-0.0289948583,1.0000000000
67,5.0640000000,right_hand,19,0.3698985577,0.2679477632,-0.0269344747,1.0000000000
68,5.1390000000,right_hand,19,0.3704353273,0.2638877928,-0.0287907291,1.0000000000
69,5.2150000000,right_hand,19,0.3709613085,0.2723979950,-0.0337110423,1.0000000000
70,5.2900000000,right_hand,19,0.3744882643,0.2796567678,-0.0388280153,1.0000000000
71,5.3660000000,right_hand,19,0.3737782538,0.2915432453,-0.0392464660,1.0000000000
72,5.4420000000,right_hand,19,0.3725616932,0.3058425784,-0.0393752940,1.0000000000
73,5.5170000000,right_hand,19,0.3752825856,0.3016648889,-0.0367658213,1.0000000000
74,5.5930000000,right_hand,19,0.3729144931,0.3155156970,-0.0454183258,1.0000000000
75,5.6680000000,right_hand,19,0.3803763986,0.3141534925,-0.0470960364,1.0000000000
76,5.7440000000,right_hand,19,0.3658469319,0.3738982677,-0.0424601659,1.0000000000
77,5.8190000000,right_hand,19,0.3764615655,0.3768809736,-0.0457492396,1.0000000000
78,5.8950000000,right_hand,19,0.3733382821,0.3796020150,-0.0751933604,1.0000000000
79,5.9710000000,right_hand,19,0.3740299046,0.4047147930,-0.0592138246,1.0000000000
80,6.0460000000,right_hand,19,0.3728450239,0.4069312215,-0.0379776545,1.0000000000
81,6.1220000000,right_hand,19,0.3699336946,0.3830353618,-0.0475645661,1.0000000000
82,6.1970000000,right_hand,19,0.3758111894,0.3758149445,-0.0485563874,1.0000000000
83,6.2730000000,right_hand,19,0.3632670641,0.3995706737,-0.0489325598,1.0000000000
84,6.3490000000,right_hand,19,0.3778363466,0.3774745762,-0.0467804670,1.0000000000
85,6.4240000000,right_hand,19,0.3822385967,0.3450273573,-0.0348832197,1.0000000000
86,6.5000000000,right_hand,19,0.3800629079,0.3440277278,-0.0312127676,1.0000000000
87,6.5750000000,right_hand,19,0.3694511652,0.3173779547,-0.0340116508,1.0000000000
88,6.6510000000,right_hand,19,0.3666617870,0.3284013271,-0.0422167182,1.0000000000
89,6.7260000000,right_hand,19,0.3648538888,0.3030062616,-0.0323128998,1.0000000000
90,6.8020000000,right_hand,19,0.3674760163,0.3001638055,-0.0295727588,1.0000000000
91,6.8780000000,right_hand,19,0.3720797300,0.2968949080,-0.0273238253,1.0000000000
92,6.9530000000,right_hand,19,0.3734555244,0.2956977785,-0.0317582414,1.0000000000
93,7.0290000000,right_hand,19,0.3792455792,0.2925694287,-0.0310668014,1.0000000000
94,7.1040000000,right_hand,19,0.3760567307,0.2956821620,-0.0328764468,1.0000000000
95,7.1800000000,right_hand,19,0.3759646118,0.3053731918,-0.0300190840,1.0000000000
96,7.2550000000,right_hand,19,0.3903826773,0.2925437093,-0.0238136724,1.0000000000
97,7.3310000000,right_hand,19,0.3802549243,0.3356286883,-0.0414048284,1.0000000000
98,7.4070000000,right_hand,19,0.3800425529,0.3391503096,-0.0382708646,1.0000000000
99,7.4820000000,right_hand,19,0.3867493868,0.3490468860,-0.0388698913,1.0000000000
100,7.5580000000,right_hand,19,0.3859055042,0.3562870920,-0.0414161012,1.0000000000
101,7.6330000000,right_hand,19,0.4074327052,0.3122967780,-0.0345611386,1.0000000000
102,7.7090000000,right_hand,19,0.3878780901,0.3735064864,-0.0448908322,1.0000000000
103,7.7850000000,right_hand,19,0.3955397606,0.3768140078,-0.0378833525,1.0000000000
104,7.8600000000,right_hand,19,0.3878468573,0.3746193051,-0.0344666094,1.0000000000
105,7.9360000000,right_hand,19,0.3914019763,0.3805256486,-0.0433714949,1.0000000000
106,8.0110000000,right_hand,19,0.3928269744,0.3524321914,-0.0369126089,1.0000000000
107,8.0870000000,right_hand,19,0.3929255903,0.3315767348,-0.0375425853,1.0000000000
108,8.1620000000,right_hand,19,0.3907755315,0.3661981523,-0.0478744395,1.0000000000
109,8.2380000000,right_hand,19,0.3792454004,0.3688450456,-0.0366704427,1.0000000000
110,8.3140000000,right_hand,19,0.3686865270,0.3054186404,-0.0491921566,1.0000000000
111,8.3890000000,right_hand,19,0.3604161143,0.2860357165,-0.0209723674,1.0000000000
112,8.4650000000,right_hand,19,0.3682205379,0.3260784149,-0.0090009002,1.0000000000
113,8.5400000000,right_hand,19,0.3888994157,0.3413546085,-0.0358223729,1.0000000000
114,8.6160000000,right_hand,19,0.3854365945,0.3400672376,-0.0344195068,1.0000000000
115,8.6910000000,right_hand,19,0.3923351765,0.3247704804,-0.0434151776,1.0000000000
116,8.7670000000,right_hand,19,0.3894488513,0.3142183125,-0.0412880629,1.0000000000
117,8.8430000000,right_hand,19,0.3851593435,0.3107144535,-0.0249246266,1.0000000000
118,8.9180000000,right_hand,19,0.3833457828,0.3166455328,-0.0295206085,1.0000000000
119,8.9940000000,right_hand,19,0.3690446317,0.2859386504,-0.0270015616,1.0000000000
120,9.0690000000,right_hand,19,0.3812545836,0.3151345253,-0.0239222385,1.0000000000
121,9.1450000000,right_hand,19,0.3859741688,0.3270080090,-0.0414829738,1.0000000000
122,9.2200000000,right_hand,19,0.3879503310,0.3327678144,-0.0379705578,1.0000000000
123,9.2960000000,right_hand,19,0.3882234395,0.3244574666,-0.0367858782,1.0000000000
124,9.3720000000,right_hand,19,0.3802965283,0.3287418783,-0.0417122729,1.0000000000
125,9.4470000000,right_hand,19,0.3862674236,0.3223499954,-0.0370307527,1.0000000000
126,9.5230000000,right_hand,19,0.3888270855,0.3204879761,-0.0333066136,1.0000000000
127,9.5980000000,right_hand,19,0.3909108937,0.3224850595,-0.0317998454,1.0000000000
128,9.6740000000,right_hand,19,0.3940280080,0.3225921392,-0.0246392544,1.0000000000
129,9.7500000000,right_hand,19,0.3922339976,0.3185442686,-0.0264626835,1.0000000000
130,9.8250000000,right_hand,19,0.3871810138,0.3093206584,-0.0376244709,1.0000000000
131,9.9010000000,right_hand,19,0.3862372041,0.2960463762,-0.0394119620,1.0000000000
132,9.9760000000,right_hand,19,0.3849524558,0.2873823792,-0.0352210822,1.0000000000
133,10.0520000000,right_hand,19,0.3836677074,0.2787183821,-0.0310302023,1.0000000000
134,10.1270000000,right_hand,19,0.3858758807,0.2750221193,-0.0296616796,1.0000000000
135,10.2030000000,right_hand,19,0.3875131011,0.2816128433,-0.0273134317,1.0000000000
136,10.2790000000,right_hand,19,0.3789861500,0.3001648784,-0.0313534923,1.0000000000
137,10.3540000000,right_hand,19,0.3803559244,0.3160626292,-0.0353168100,1.0000000000
138,10.4300000000,right_hand,19,0.3817014396,0.3247251511,-0.0326862894,1.0000000000
139,10.5050000000,right_hand,19,0.3717762530,0.3453386426,-0.0377165340,1.0000000000
140,10.5810000000,right_hand,19,0.3776725829,0.3134556413,-0.0299436562,1.0000000000
141,10.6560000000,right_hand,19,0.3780596256,0.2983864844,-0.0328076035,1.0000000000
142,10.7320000000,right_hand,19,0.3797060549,0.2913939953,-0.0279188063,1.0000000000
143,10.8080000000,right_hand,19,0.3802738190,0.2860634923,-0.0298074652,1.0000000000
144,10.8830000000,right_hand,19,0.3797562122,0.2723050714,-0.0262234639,1.0000000000
145,10.9590000000,right_hand,19,0.3813568652,0.2685709298,-0.0285900757,1.0000000000
146,11.0340000000,right_hand,19,0.3816706538,0.2742026448,-0.0269606989,1.0000000000
147,11.1100000000,right_hand,19,0.3875842094,0.3025747538,-0.0281181335,1.0000000000
148,11.1850000000,right_hand,19,0.3865727484,0.3101264238,-0.0433498770,1.0000000000
149,11.2610000000,right_hand,19,0.3844122887,0.3212737441,-0.0373559706,1.0000000000
150,11.3370000000,right_hand,19,0.3817094564,0.3269841075,-0.0305788163,1.0000000000
151,11.4120000000,right_hand,19,0.3827555478,0.3198685646,-0.0436143167,1.0000000000
152,11.4880000000,right_hand,19,0.3748075664,0.3293123841,-0.0371469632,1.0000000000
153,11.5630000000,right_hand,19,0.3845418692,0.3339993954,-0.0251584835,1.0000000000
154,11.6390000000,right_hand,19,0.3820532262,0.3307530880,-0.0330245234,1.0000000000
155,11.7150000000,right_hand,19,0.3784960210,0.3204867840,-0.0477201305,1.0000000000
156,11.7900000000,right_hand,19,0.3819302320,0.2859769762,-0.0355405658,1.0000000000
157,11.8660000000,right_hand,19,0.3838813305,0.2391297519,-0.0202802867,1.0000000000
158,11.9410000000,right_hand,19,0.3848240376,0.2383520454,-0.0259286109,1.0000000000
67,5.0640000000,right_hand,20,0.3620297611,0.2678458989,-0.0242315028,1.0000000000
68,5.1390000000,right_hand,20,0.3630298078,0.2645546496,-0.0260825418,1.0000000000
69,5.2150000000,right_hand,20,0.3657242954,0.2736580074,-0.0307199284,1.0000000000
70,5.2900000000,right_hand,20,0.3680164516,0.2794144154,-0.0358242951,1.0000000000
71,5.3660000000,right_hand,20,0.3718223274,0.2963511944,-0.0372745283,1.0000000000
72,5.4420000000,right_hand,20,0.3671424091,0.3081545830,-0.0357358307,1.0000000000
73,5.5170000000,right_hand,20,0.3727247417,0.3061084747,-0.0338274539,1.0000000000
74,5.5930000000,right_hand,20,0.3720617592,0.3192987740,-0.0433617048,1.0000000000
75,5.6680000000,right_hand,20,0.3848201334,0.3203187883,-0.0465794653,1.0000000000
76,5.7440000000,right_hand,20,0.3610034585,0.3748897910,-0.0402906723,1.0000000000
77,5.8190000000,right_hand,20,0.3703030944,0.3768277466,-0.0427276641,1.0000000000
78,5.8950000000,right_hand,20,0.3786320090,0.3861078322,-0.0768221691,1.0000000000
79,5.9710000000,right_hand,20,0.3765023351,0.4128964841,-0.0586531907,1.0000000000
80,6.0460000000,right_hand,20,0.3706188202,0.4072034061,-0.0361742787,1.0000000000
81,6.1220000000,right_hand,20,0.3757086694,0.3923833966,-0.0477703102,1.0000000000
82,6.1970000000,right_hand,20,0.3837598264,0.3873630762,-0.0480581634,1.0000000000
83,6.2730000000,right_hand,20,0.3668152988,0.4069000483,-0.0485610776,1.0000000000
84,6.3490000000,right_hand,20,0.3776524067,0.3795067966,-0.0450667068,1.0000000000
85,6.4240000000,right_hand,20,0.3790681958,0.3512449265,-0.0316941999,1.0000000000
86,6.5000000000,right_hand,20,0.3756658733,0.3480341434,-0.0280650966,1.0000000000
87,6.5750000000,right_hand,20,0.3740033805,0.3308671713,-0.0322007835,1.0000000000
88,6.6510000000,right_hand,20,0.3579837680,0.3251168728,-0.0395096578,1.0000000000
89,6.7260000000,right_hand,20,0.3665731549,0.3142270446,-0.0307004657,1.0000000000
90,6.8020000000,right_hand,20,0.3665432036,0.3062732816,-0.0272366945,1.0000000000
91,6.8780000000,right_hand,20,0.3642804921,0.2939841151,-0.0242780782,1.0000000000
92,6.9530000000,right_hand,20,0.3641417623,0.2906387150,-0.0289809890,1.0000000000
93,7.0290000000,right_hand,20,0.3698126078,0.2868061662,-0.0292985924,1.0000000000
94,7.1040000000,right_hand,20,0.3759661913,0.3037234545,-0.0301479083,1.0000000000
95,7.1800000000,right_hand,20,0.3778648973,0.3132147789,-0.0284426715,1.0000000000
96,7.2550000000,right_hand,20,0.3919097483,0.2961775064,-0.0239045918,1.0000000000
97,7.3310000000,right_hand,20,0.3755375445,0.3368052244,-0.0384587198,1.0000000000
98,7.4070000000,right_hand,20,0.3789820075,0.3460199237,-0.0362816267,1.0000000000
99,7.4820000000,right_hand,20,0.3854225576,0.3532534540,-0.0359965153,1.0000000000
100,7.5580000000,right_hand,20,0.3818280101,0.3595496714,-0.0384977870,1.0000000000
101,7.6330000000,right_hand,20,0.4067330062,0.3236292303,-0.0330172069,1.0000000000
102,7.7090000000,right_hand,20,0.3875221610,0.3814028203,-0.0425236858,1.0000000000
103,7.7850000000,right_hand,20,0.3923230171,0.3844572604,-0.0352599807,1.0000000000
104,7.8600000000,right_hand,20,0.3836344182,0.3788171709,-0.0312195122,1.0000000000
105,7.9360000000,right_hand,20,0.3848880231,0.3821478188,-0.0404301435,1.0000000000
106,8.0110000000,right_hand,20,0.3948319852,0.3623425066,-0.0351979733,1.0000000000
107,8.0870000000,right_hand,20,0.3925665021,0.3408976793,-0.0357098542,1.0000000000
108,8.1620000000,right_hand,20,0.3910956681,0.3734914660,-0.0464407206,1.0000000000
109,8.2380000000,right_hand,20,0.3778221011,0.3765336275,-0.0333055891,1.0000000000
110,8.3140000000,right_hand,20,0.3735726476,0.3010514379,-0.0500766039,1.0000000000
111,8.3890000000,right_hand,20,0.3618066311,0.2717271149,-0.0208065268,1.0000000000
112,8.4650000000,right_hand,20,0.3684329987,0.3275242448,-0.0079259174,1.0000000000
113,8.5400000000,right_hand,20,0.3866303861,0.3472339213,-0.0326528884,1.0000000000
114,8.6160000000,right_hand,20,0.3784301877,0.3381957114,-0.0318825617,1.0000000000
115,8.6910000000,right_hand,20,0.3944553137,0.3290091455,-0.0412872918,1.0000000000
116,8.7670000000,right_hand,20,0.3920271099,0.3223188519,-0.0393288657,1.0000000000
117,8.8430000000,right_hand,20,0.3820900023,0.3147773147,-0.0217895322,1.0000000000
118,8.9180000000,right_hand,20,0.3758575320,0.3137038946,-0.0269362554,1.0000000000
119,8.9940000000,right_hand,20,0.3706213832,0.2894450724,-0.0260095503,1.0000000000
120,9.0690000000,right_hand,20,0.3831290603,0.3238885999,-0.0220745150,1.0000000000
121,9.1450000000,right_hand,20,0.3772154450,0.3224543035,-0.0390924439,1.0000000000
122,9.2200000000,right_hand,20,0.3784246445,0.3293061852,-0.0350176729,1.0000000000
123,9.2960000000,right_hand,20,0.3803662360,0.3200900555,-0.0348303355,1.0000000000
124,9.3720000000,right_hand,20,0.3715510666,0.3211375177,-0.0410281755,1.0000000000
125,9.4470000000,right_hand,20,0.3798570037,0.3200033605,-0.0361476280,1.0000000000
126,9.5230000000,right_hand,20,0.3789848685,0.3179268241,-0.0318110920,1.0000000000
127,9.5980000000,right_hand,20,0.3828879297,0.3202854991,-0.0310336053,1.0000000000
128,9.6740000000,right_hand,20,0.3879630268,0.3236792684,-0.0239547119,1.0000000000
129,9.7500000000,right_hand,20,0.3854250610,0.3180320859,-0.0258666556,1.0000000000
130,9.8250000000,right_hand,20,0.3804583848,0.3084501028,-0.0345797017,1.0000000000
131,9.9010000000,right_hand,20,0.3802465796,0.2952450216,-0.0361500680,1.0000000000
132,9.9760000000,right_hand,20,0.3784093261,0.2856840640,-0.0329010189,1.0000000000
133,10.0520000000,right_hand,20,0.3765720725,0.2761231065,-0.0296519697,1.0000000000
134,10.1270000000,right_hand,20,0.3774188161,0.2737718821,-0.0274140239,1.0000000000
135,10.2030000000,right_hand,20,0.3803729415,0.2842388749,-0.0245805420,1.0000000000
136,10.2790000000,right_hand,20,0.3685190678,0.2949194908,-0.0304166768,1.0000000000
137,10.3540000000,right_hand,20,0.3705790341,0.3103513122,-0.0337183662,1.0000000000
138,10.4300000000,right_hand,20,0.3771941960,0.3230860829,-0.0314351879,1.0000000000
139,10.5050000000,right_hand,20,0.3616825938,0.3410370350,-0.0340018757,1.0000000000
140,10.5810000000,right_hand,20,0.3681371510,0.3118111193,-0.0278045107,1.0000000000
141,10.6560000000,right_hand,20,0.3684011996,0.2962999046,-0.0310565103,1.0000000000
142,10.7320000000,right_hand,20,0.3719904721,0.2913604677,-0.0261741895,1.0000000000
143,10.8080000000,right_hand,20,0.3734622598,0.2856906950,-0.0283118580,1.0000000000
144,10.8830000000,right_hand,20,0.3739630282,0.2707598507,-0.0245308708,1.0000000000
145,10.9590000000,right_hand,20,0.3742346764,0.2673477232,-0.0270584300,1.0000000000
146,11.0340000000,right_hand,20,0.3765308261,0.2727864981,-0.0252232552,1.0000000000
147,11.1100000000,right_hand,20,0.3789276183,0.3037181795,-0.0265836269,1.0000000000
148,11.1850000000,right_hand,20,0.3873674273,0.3144512773,-0.0415427238,1.0000000000
149,11.2610000000,right_hand,20,0.3778953254,0.3196321726,-0.0354402326,1.0000000000
150,11.3370000000,right_hand,20,0.3756981492,0.3238545358,-0.0280032307,1.0000000000
151,11.4120000000,right_hand,20,0.3868278563,0.3228490055,-0.0427100696,1.0000000000
152,11.4880000000,right_hand,20,0.3770383298,0.3380708992,-0.0358352885,1.0000000000
153,11.5630000000,right_hand,20,0.3864319026,0.3377461731,-0.0239401702,1.0000000000
154,11.6390000000,right_hand,20,0.3789170384,0.3310776651,-0.0306474622,1.0000000000
155,11.7150000000,right_hand,20,0.3705435991,0.3101196587,-0.0458590910,1.0000000000
156,11.7900000000,right_hand,20,0.3753799498,0.2843988240,-0.0329117812,1.0000000000
157,11.8660000000,right_hand,20,0.3777816594,0.2431735396,-0.0164338667,1.0000000000
158,11.9410000000,right_hand,20,0.3796061873,0.2433032095,-0.0228606202,1.0000000000
