frame_id,timestamp_sec,landmark_type,landmark_id,x,y,z,visibility
50,5.0790000000,left_hand,0,0.6035316586,0.6137691140,0.0000000366,1.0000000000
51,5.1810000000,left_hand,0,0.6131281853,0.6112399697,0.0000000507,1.0000000000
52,5.2820000000,left_hand,0,0.6238707900,0.6132783294,-0.0000000103,1.0000000000
53,5.3840000000,left_hand,0,0.6242778500,0.6150433620,0.0000000085,1.0000000000
54,5.4860000000,left_hand,0,0.6246849100,0.6168083946,0.0000000274,1.0000000000
55,5.5870000000,left_hand,0,0.6250919700,0.6185734272,0.0000000462,1.0000000000
56,5.6890000000,left_hand,0,0.3494263887,0.4779793620,0.0000001933,1.0000000000
57,5.7900000000,left_hand,0,0.6161180735,0.6141319871,0.0000001582,1.0000000000
58,5.8920000000,left_hand,0,0.3550891280,0.4917681813,0.0000003113,1.0000000000
59,5.9930000000,left_hand,0,0.6028302908,0.6130943894,0.0000001349,1.0000000000
60,6.0950000000,left_hand,0,0.3687405586,0.4813967645,0.0000003578,1.0000000000
61,6.1970000000,left_hand,0,0.5925925970,0.6092912555,0.0000001763,1.0000000000
62,6.2980000000,left_hand,0,0.6085642576,0.6125495434,-0.0000003379,1.0000000000
63,6.4000000000,left_hand,0,0.6102051735,0.6075248718,0.0000000172,1.0000000000
64,6.5010000000,left_hand,0,0.6104379296,0.6122884750,0.0000000561,1.0000000000
65,6.6030000000,left_hand,0,0.6079015732,0.6168848276,-0.0000000209,1.0000000000
66,6.7050000000,left_hand,0,0.6084185243,0.6199854612,-0.0000000515,1.0000000000
67,6.8060000000,left_hand,0,0.6084460020,0.6089994311,0.0000000721,1.0000000000
68,6.9080000000,left_hand,0,0.6112130284,0.6110603809,0.0000000227,1.0000000000
69,7.0090000000,left_hand,0,0.6119017005,0.6107096672,0.0000000095,1.0000000000
70,7.1110000000,left_hand,0,0.6133164763,0.6133381128,0.0000000429,1.0000000000
71,7.2130000000,left_hand,0,0.6118192077,0.6137344837,-0.0000000478,1.0000000000
72,7.3140000000,left_hand,0,0.6094043851,0.6156810522,0.0000000608,1.0000000000
73,7.4160000000,left_hand,0,0.6111716628,0.6125319600,0.0000000612,1.0000000000
74,7.5170000000,left_hand,0,0.6109537482,0.6040065885,0.0000000780,1.0000000000
75,7.6190000000,left_hand,0,0.6085340381,0.6165212989,0.0000001108,1.0000000000
76,7.7200000000,left_hand,0,0.6098740101,0.6002429724,0.0000000098,1.0000000000
77,7.8220000000,left_hand,0,0.6099784970,0.6082358956,0.0000000242,1.0000000000
78,7.9240000000,left_hand,0,0.6068316102,0.6047810316,0.0000000578,1.0000000000
79,8.0250000000,left_hand,0,0.6055946946,0.6070510745,0.0000000031,1.0000000000
80,8.1270000000,left_hand,0,0.6074699759,0.6041678786,-0.0000000014,1.0000000000
81,8.2280000000,left_hand,0,0.6050603390,0.5988709927,0.0000000766,1.0000000000
82,8.3300000000,left_hand,0,0.6062432528,0.6000971794,0.0000000268,1.0000000000
83,8.4320000000,left_hand,0,0.6056060195,0.6041749716,0.0000000444,1.0000000000
84,8.5330000000,left_hand,0,0.6060634851,0.5965890288,0.0000000477,1.0000000000
85,8.6350000000,left_hand,0,0.5983082056,0.5854416490,-0.0000000487,1.0000000000
86,8.7360000000,left_hand,0,0.6008162498,0.5793792009,0.0000000751,1.0000000000
87,8.8380000000,left_hand,0,0.5989407897,0.5833826661,-0.0000000026,1.0000000000
88,8.9390000000,left_hand,0,0.6016273499,0.5800729394,0.0000000148,1.0000000000
89,9.0410000000,left_hand,0,0.5945030451,0.5785412788,-0.0000000004,1.0000000000
90,9.1430000000,left_hand,0,0.3745021820,0.4909533262,0.0000002664,1.0000000000
91,9.2440000000,left_hand,0,0.6138104796,0.6042440534,-0.0000001780,1.0000000000
92,9.3460000000,left_hand,0,0.6070672870,0.6002541184,-0.0000001540,1.0000000000
93,9.4470000000,left_hand,0,0.5994338393,0.5888982415,-0.0000001133,1.0000000000
94,9.5490000000,left_hand,0,0.6014146209,0.5852864385,-0.0000000697,1.0000000000
95,9.6510000000,left_hand,0,0.6040375829,0.5934762955,-0.0000000554,1.0000000000
96,9.7520000000,left_hand,0,0.6042158008,0.5929533839,-0.0000000817,1.0000000000
97,9.8540000000,left_hand,0,0.6036297679,0.5851081014,-0.0000000453,1.0000000000
98,9.9550000000,left_hand,0,0.6087615490,0.5909841657,-0.0000000905,1.0000000000
99,10.0570000000,left_hand,0,0.6046539545,0.5832149982,-0.0000000042,1.0000000000
100,10.1580000000,left_hand,0,0.6057430506,0.5863009691,0.0000000139,1.0000000000
101,10.2600000000,left_hand,0,0.6122841835,0.5845961571,-0.0000000246,1.0000000000
102,10.3620000000,left_hand,0,0.6094079018,0.5871859789,-0.0000000127,1.0000000000
103,10.4630000000,left_hand,0,0.6107283831,0.5860831141,-0.0000000395,1.0000000000
104,10.5650000000,left_hand,0,0.6075998545,0.5831040144,-0.0000000310,1.0000000000
105,10.6660000000,left_hand,0,0.6090278029,0.5811118484,-0.0000000106,1.0000000000
106,10.7680000000,left_hand,0,0.6095683575,0.5857897401,-0.0000000921,1.0000000000
107,10.8700000000,left_hand,0,0.6061913371,0.5792950988,-0.0000000522,1.0000000000
108,10.9710000000,left_hand,0,0.6053058505,0.5794181228,0.0000000741,1.0000000000
109,11.0730000000,left_hand,0,0.6089355350,0.5828854442,-0.0000000298,1.0000000000
110,11.1740000000,left_hand,0,0.6110238433,0.5819873810,0.0000000037,1.0000000000
111,11.2760000000,left_hand,0,0.6078175306,0.5796028972,-0.0000000066,1.0000000000
112,11.3770000000,left_hand,0,0.6077296138,0.5859099030,-0.0000000072,1.0000000000
113,11.4790000000,left_hand,0,0.6083280444,0.5770774484,-0.0000000298,1.0000000000
114,11.5810000000,left_hand,0,0.6111164093,0.5821992755,-0.0000000121,1.0000000000
115,11.6820000000,left_hand,0,0.6094686389,0.5817440152,0.0000000038,1.0000000000
116,11.7840000000,left_hand,0,0.6087644100,0.5768889785,-0.0000000446,1.0000000000
117,11.8850000000,left_hand,0,0.6116760969,0.5779755116,-0.0000000559,1.0000000000
118,11.9870000000,left_hand,0,0.6154012680,0.5770937800,-0.0000000779,1.0000000000
50,5.0790000000,left_hand,1,0.5818596482,0.5886723995,0.0041170339,1.0000000000
51,5.1810000000,left_hand,1,0.5908439755,0.5842568874,0.0047160587,1.0000000000
52,5.2820000000,left_hand,1,0.6062667966,0.6007305384,0.0036967173,1.0000000000
53,5.3840000000,left_hand,1,0.6065636079,0.5960131884,0.0018567127,1.0000000000
54,5.4860000000,left_hand,1,0.6068604191,0.5912958384,0.0000167080,1.0000000000
55,5.5870000000,left_hand,1,0.6071572304,0.5865784883,-0.0018232967,1.0000000000
56,5.6890000000,left_hand,1,0.3594096303,0.4413807690,0.0016501114,1.0000000000
57,5.7900000000,left_hand,1,0.5983036757,0.5837519169,-0.0030559737,1.0000000000
58,5.8920000000,left_hand,1,0.3656888604,0.4540839195,0.0033013429,1.0000000000
59,5.9930000000,left_hand,1,0.5900364518,0.6263381839,-0.0023300415,1.0000000000
60,6.0950000000,left_hand,1,0.3791930974,0.4342253208,-0.0022366685,1.0000000000
61,6.1970000000,left_hand,1,0.5859699845,0.6356803179,-0.0048957765,1.0000000000
62,6.2980000000,left_hand,1,0.5974761248,0.6323828697,0.0000098738,1.0000000000
63,6.4000000000,left_hand,1,0.5926721692,0.5725215077,-0.0031791017,1.0000000000
64,6.5010000000,left_hand,1,0.5927870274,0.5788013935,-0.0050238059,1.0000000000
65,6.6030000000,left_hand,1,0.5918380022,0.5817970634,-0.0017113234,1.0000000000
66,6.7050000000,left_hand,1,0.5928348899,0.5919071436,-0.0017396153,1.0000000000
67,6.8060000000,left_hand,1,0.5901470184,0.5777732134,-0.0033209508,1.0000000000
68,6.9080000000,left_hand,1,0.5925131440,0.5830926895,0.0002558260,1.0000000000
69,7.0090000000,left_hand,1,0.5930749178,0.5785192847,-0.0024699415,1.0000000000
70,7.1110000000,left_hand,1,0.5940737724,0.5842429399,-0.0026447049,1.0000000000
71,7.2130000000,left_hand,1,0.5984058976,0.6269083023,-0.0029652463,1.0000000000
72,7.3140000000,left_hand,1,0.5931160450,0.5899037123,-0.0026229550,1.0000000000
73,7.4160000000,left_hand,1,0.5947681665,0.5836634040,-0.0056569674,1.0000000000
74,7.5170000000,left_hand,1,0.5926621556,0.5762846470,-0.0025300353,1.0000000000
75,7.6190000000,left_hand,1,0.5909102559,0.5828806162,-0.0030193781,1.0000000000
76,7.7200000000,left_hand,1,0.5916932821,0.5681127310,-0.0025764608,1.0000000000
77,7.8220000000,left_hand,1,0.5919860601,0.5747116804,-0.0019832845,1.0000000000
78,7.9240000000,left_hand,1,0.5897858143,0.5735281706,-0.0022116499,1.0000000000
79,8.0250000000,left_hand,1,0.5870920420,0.5750581026,-0.0016028209,1.0000000000
80,8.1270000000,left_hand,1,0.5892619491,0.5731441975,-0.0017005436,1.0000000000
81,8.2280000000,left_hand,1,0.5856278539,0.5629264712,-0.0047853095,1.0000000000
82,8.3300000000,left_hand,1,0.5893298388,0.5671069026,-0.0040523703,1.0000000000
83,8.4320000000,left_hand,1,0.5881275535,0.5727054477,-0.0031692383,1.0000000000
84,8.5330000000,left_hand,1,0.5885298848,0.5648952127,-0.0061611589,1.0000000000
85,8.6350000000,left_hand,1,0.5917587280,0.6104658246,-0.0110992985,1.0000000000
86,8.7360000000,left_hand,1,0.5849519372,0.5627385974,-0.0038077801,1.0000000000
87,8.8380000000,left_hand,1,0.5832609534,0.5721020103,-0.0031819646,1.0000000000
88,8.9390000000,left_hand,1,0.5874928832,0.5619255304,-0.0024716815,1.0000000000
89,9.0410000000,left_hand,1,0.5879496336,0.6064046025,-0.0051000472,1.0000000000
90,9.1430000000,left_hand,1,0.4021747112,0.4787316024,-0.0013640245,1.0000000000
91,9.2440000000,left_hand,1,0.5967253447,0.5764411092,-0.0008419796,1.0000000000
92,9.3460000000,left_hand,1,0.5903518796,0.5862585902,-0.0041249925,1.0000000000
93,9.4470000000,left_hand,1,0.5815184712,0.5599063039,-0.0010094905,1.0000000000
94,9.5490000000,left_hand,1,0.5831398964,0.5606928468,-0.0058335308,1.0000000000
95,9.6510000000,left_hand,1,0.5843898654,0.5660431981,-0.0032314388,1.0000000000
96,9.7520000000,left_hand,1,0.5867749453,0.5614870191,-0.0026050317,1.0000000000
97,9.8540000000,left_hand,1,0.5877668858,0.5544931293,-0.0027599987,1.0000000000
98,9.9550000000,left_hand,1,0.5916454792,0.5631534457,-0.0019202349,1.0000000000
99,10.0570000000,left_hand,1,0.5860022902,0.5520513654,-0.0025468944,1.0000000000
100,10.1580000000,left_hand,1,0.5871930122,0.5546500683,-0.0025183018,1.0000000000
101,10.2600000000,left_hand,1,0.5930453539,0.5540543795,-0.0011585655,1.0000000000
102,10.3620000000,left_hand,1,0.5900308490,0.5545166731,-0.0038735815,1.0000000000
103,10.4630000000,left_hand,1,0.5910758376,0.5527381897,-0.0020125736,1.0000000000
104,10.5650000000,left_hand,1,0.5870847702,0.5530947447,-0.0021093239,1.0000000000
105,10.6660000000,left_hand,1,0.5896085501,0.5492551923,-0.0019395553,1.0000000000
106,10.7680000000,left_hand,1,0.5915753841,0.5593897104,-0.0045573344,1.0000000000
107,10.8700000000,left_hand,1,0.5887390971,0.5692591071,-0.0027602967,1.0000000000
108,10.9710000000,left_hand,1,0.5887242556,0.5521988869,-0.0040197358,1.0000000000
109,11.0730000000,left_hand,1,0.5896135569,0.5555665493,-0.0004076415,1.0000000000
110,11.1740000000,left_hand,1,0.5894975662,0.5573477149,0.0007419284,1.0000000000
111,11.2760000000,left_hand,1,0.5883470774,0.5514719486,-0.0016449718,1.0000000000
112,11.3770000000,left_hand,1,0.5891584158,0.5539844036,-0.0016963881,1.0000000000
113,11.4790000000,left_hand,1,0.5883326530,0.5451998115,-0.0014947687,1.0000000000
114,11.5810000000,left_hand,1,0.5912131071,0.5482464433,-0.0011383775,1.0000000000
115,11.6820000000,left_hand,1,0.5902451873,0.5462772250,-0.0015164743,1.0000000000
116,11.7840000000,left_hand,1,0.5875398517,0.5439763069,-0.0000372231,1.0000000000
117,11.8850000000,left_hand,1,0.5904516578,0.5478771329,-0.0001868577,1.0000000000
118,11.9870000000,left_hand,1,0.5948076248,0.5455282331,0.0005465766,1.0000000000
50,5.0790000000,left_hand,2,0.5596378446,0.5838936567,0.0022805869,1.0000000000
51,5.1810000000,left_hand,2,0.5687130690,0.5828452110,0.0027893027,1.0000000000
52,5.2820000000,left_hand,2,0.5845839381,0.6023780704,0.0025817866,1.0000000000
53,5.3840000000,left_hand,2,0.5844884117,0.5918802420,-0.0007741256,1.0000000000
54,5.4860000000,left_hand,2,0.5843928854,0.5813824137,-0.0041300377,1.0000000000
55,5.5870000000,left_hand,2,0.5842973590,0.5708845854,-0.0074859499,1.0000000000
56,5.6890000000,left_hand,2,0.3750783801,0.4175223708,-0.0023831502,1.0000000000
57,5.7900000000,left_hand,2,0.5776904821,0.5640599728,-0.0102542825,1.0000000000
58,5.8920000000,left_hand,2,0.3802693486,0.4249732792,-0.0026189694,1.0000000000
59,5.9930000000,left_hand,2,0.5721218586,0.6445262432,-0.0073748487,1.0000000000
60,6.0950000000,left_hand,2,0.3951997161,0.4005873501,-0.0113006160,1.0000000000
61,6.1970000000,left_hand,2,0.5713455081,0.6598298550,-0.0116842370,1.0000000000
62,6.2980000000,left_hand,2,0.5789650679,0.6436909437,-0.0073718121,1.0000000000
63,6.4000000000,left_hand,2,0.5692319870,0.5471272469,-0.0109693082,1.0000000000
64,6.5010000000,left_hand,2,0.5694900751,0.5507435203,-0.0141625227,1.0000000000
65,6.6030000000,left_hand,2,0.5681313276,0.5554956198,-0.0084349466,1.0000000000
66,6.7050000000,left_hand,2,0.5711116791,0.5721636415,-0.0082527464,1.0000000000
67,6.8060000000,left_hand,2,0.5653252602,0.5605892539,-0.0112874405,1.0000000000
68,6.9080000000,left_hand,2,0.5689274073,0.5668704510,-0.0047421064,1.0000000000
69,7.0090000000,left_hand,2,0.5684137344,0.5567679405,-0.0085252728,1.0000000000
70,7.1110000000,left_hand,2,0.5699812770,0.5634500384,-0.0085430676,1.0000000000
71,7.2130000000,left_hand,2,0.5787847638,0.6362425685,-0.0081837671,1.0000000000
72,7.3140000000,left_hand,2,0.5700956583,0.5797183514,-0.0090634543,1.0000000000
73,7.4160000000,left_hand,2,0.5705921650,0.5638242960,-0.0140221389,1.0000000000
74,7.5170000000,left_hand,2,0.5698617101,0.5587158799,-0.0079190945,1.0000000000
75,7.6190000000,left_hand,2,0.5679338574,0.5629208088,-0.0107055055,1.0000000000
76,7.7200000000,left_hand,2,0.5676556230,0.5399991274,-0.0087748496,1.0000000000
77,7.8220000000,left_hand,2,0.5679605007,0.5509257317,-0.0083173001,1.0000000000
78,7.9240000000,left_hand,2,0.5659109950,0.5519266129,-0.0088432198,1.0000000000
79,8.0250000000,left_hand,2,0.5639504194,0.5579984784,-0.0087093180,1.0000000000
80,8.1270000000,left_hand,2,0.5650637746,0.5537586808,-0.0070571816,1.0000000000
81,8.2280000000,left_hand,2,0.5605463386,0.5399277210,-0.0125194630,1.0000000000
82,8.3300000000,left_hand,2,0.5646971464,0.5466253757,-0.0104161073,1.0000000000
83,8.4320000000,left_hand,2,0.5646302700,0.5500558019,-0.0110626388,1.0000000000
84,8.5330000000,left_hand,2,0.5634937882,0.5444293022,-0.0146857519,1.0000000000
85,8.6350000000,left_hand,2,0.5751217604,0.6250402331,-0.0227562245,1.0000000000
86,8.7360000000,left_hand,2,0.5649248362,0.5592949986,-0.0105695743,1.0000000000
87,8.8380000000,left_hand,2,0.5648003817,0.5734230876,-0.0109412717,1.0000000000
88,8.9390000000,left_hand,2,0.5686697364,0.5604921579,-0.0097321039,1.0000000000
89,9.0410000000,left_hand,2,0.5733472705,0.6259527206,-0.0105725229,1.0000000000
90,9.1430000000,left_hand,2,0.4239265919,0.4622663856,-0.0106883552,1.0000000000
91,9.2440000000,left_hand,2,0.5729287863,0.5647289157,-0.0097102718,1.0000000000
92,9.3460000000,left_hand,2,0.5713515282,0.5793277025,-0.0123133110,1.0000000000
93,9.4470000000,left_hand,2,0.5619495511,0.5514032245,-0.0100392178,1.0000000000
94,9.5490000000,left_hand,2,0.5622290969,0.5517736077,-0.0150874853,1.0000000000
95,9.6510000000,left_hand,2,0.5620321631,0.5555197001,-0.0109391212,1.0000000000
96,9.7520000000,left_hand,2,0.5654947162,0.5484510660,-0.0107376566,1.0000000000
97,9.8540000000,left_hand,2,0.5657864809,0.5422835350,-0.0103374254,1.0000000000
98,9.9550000000,left_hand,2,0.5695524216,0.5510231853,-0.0082196184,1.0000000000
99,10.0570000000,left_hand,2,0.5628730059,0.5393996835,-0.0104332827,1.0000000000
100,10.1580000000,left_hand,2,0.5651583672,0.5386019945,-0.0099476269,1.0000000000
101,10.2600000000,left_hand,2,0.5693848133,0.5406312346,-0.0075855237,1.0000000000
102,10.3620000000,left_hand,2,0.5666511655,0.5424089432,-0.0122232968,1.0000000000
103,10.4630000000,left_hand,2,0.5685575008,0.5378282070,-0.0097234072,1.0000000000
104,10.5650000000,left_hand,2,0.5641853213,0.5358363986,-0.0093294866,1.0000000000
105,10.6660000000,left_hand,2,0.5653485656,0.5364066958,-0.0093123941,1.0000000000
106,10.7680000000,left_hand,2,0.5680227280,0.5392761827,-0.0112818209,1.0000000000
107,10.8700000000,left_hand,2,0.5661379695,0.5647757649,-0.0079745250,1.0000000000
108,10.9710000000,left_hand,2,0.5653361678,0.5430216193,-0.0119892703,1.0000000000
109,11.0730000000,left_hand,2,0.5667152405,0.5475611687,-0.0066853343,1.0000000000
110,11.1740000000,left_hand,2,0.5667959452,0.5550996661,-0.0062134042,1.0000000000
111,11.2760000000,left_hand,2,0.5635105968,0.5384963751,-0.0081834551,1.0000000000
112,11.3770000000,left_hand,2,0.5650174618,0.5376461148,-0.0084526315,1.0000000000
113,11.4790000000,left_hand,2,0.5643028617,0.5264971256,-0.0081567131,1.0000000000
114,11.5810000000,left_hand,2,0.5646489859,0.5301800966,-0.0073646656,1.0000000000
115,11.6820000000,left_hand,2,0.5654315352,0.5310747027,-0.0087410836,1.0000000000
116,11.7840000000,left_hand,2,0.5620970726,0.5269542933,-0.0063387798,1.0000000000
117,11.8850000000,left_hand,2,0.5655469298,0.5364558697,-0.0064446707,1.0000000000
118,11.9870000000,left_hand,2,0.5712698698,0.5380380154,-0.0059170998,1.0000000000
50,5.0790000000,left_hand,3,0.5413708687,0.5894476771,-0.0004141236,1.0000000000
51,5.1810000000,left_hand,3,0.5499974489,0.5913381577,-0.0000813492,1.0000000000
52,5.2820000000,left_hand,3,0.5660559535,0.6131738424,0.0006884731,1.0000000000
53,5.3840000000,left_hand,3,0.5651660959,0.5995063980,-0.0037690570,1.0000000000
54,5.4860000000,left_hand,3,0.5642762383,0.5858389537,-0.0082265870,1.0000000000
55,5.5870000000,left_hand,3,0.5633863807,0.5721715093,-0.0126841171,1.0000000000
56,5.6890000000,left_hand,3,0.3916569054,0.4056718349,-0.0067229168,1.0000000000
57,5.7900000000,left_hand,3,0.5602827072,0.5567454696,-0.0165140983,1.0000000000
58,5.8920000000,left_hand,3,0.3962421715,0.4082804322,-0.0095562395,1.0000000000
59,5.9930000000,left_hand,3,0.5546440482,0.6597686410,-0.0120631065,1.0000000000
60,6.0950000000,left_hand,3,0.4157869220,0.3851996660,-0.0201868862,1.0000000000
61,6.1970000000,left_hand,3,0.5550341606,0.6720713973,-0.0172013957,1.0000000000
62,6.2980000000,left_hand,3,0.5586402416,0.6422720551,-0.0159106851,1.0000000000
63,6.4000000000,left_hand,3,0.5473272204,0.5394273400,-0.0171233416,1.0000000000
64,6.5010000000,left_hand,3,0.5467690229,0.5464310050,-0.0212515444,1.0000000000
65,6.6030000000,left_hand,3,0.5468444824,0.5487282872,-0.0143997269,1.0000000000
66,6.7050000000,left_hand,3,0.5497142673,0.5727376938,-0.0137868039,1.0000000000
67,6.8060000000,left_hand,3,0.5427983999,0.5634635687,-0.0180750061,1.0000000000
68,6.9080000000,left_hand,3,0.5470622778,0.5702978373,-0.0090188244,1.0000000000
69,7.0090000000,left_hand,3,0.5458352566,0.5533498526,-0.0134740351,1.0000000000
70,7.1110000000,left_hand,3,0.5487125516,0.5582470894,-0.0136374524,1.0000000000
71,7.2130000000,left_hand,3,0.5586944222,0.6505635977,-0.0125521803,1.0000000000
72,7.3140000000,left_hand,3,0.5496472716,0.5879511833,-0.0146322260,1.0000000000
73,7.4160000000,left_hand,3,0.5490247011,0.5600067377,-0.0205532629,1.0000000000
74,7.5170000000,left_hand,3,0.5497224927,0.5551381707,-0.0125856437,1.0000000000
75,7.6190000000,left_hand,3,0.5481171608,0.5587646365,-0.0176056363,1.0000000000
76,7.7200000000,left_hand,3,0.5436902046,0.5332151055,-0.0136469174,1.0000000000
77,7.8220000000,left_hand,3,0.5453925729,0.5445864201,-0.0133033823,1.0000000000
78,7.9240000000,left_hand,3,0.5435900688,0.5456164479,-0.0142865209,1.0000000000
79,8.0250000000,left_hand,3,0.5423526168,0.5615584254,-0.0147680920,1.0000000000
80,8.1270000000,left_hand,3,0.5432268977,0.5529054999,-0.0116837993,1.0000000000
81,8.2280000000,left_hand,3,0.5372632742,0.5389013290,-0.0184783470,1.0000000000
82,8.3300000000,left_hand,3,0.5413443446,0.5481182337,-0.0152013265,1.0000000000
83,8.4320000000,left_hand,3,0.5441699028,0.5437173843,-0.0175501984,1.0000000000
84,8.5330000000,left_hand,3,0.5414862633,0.5440128446,-0.0213894974,1.0000000000
85,8.6350000000,left_hand,3,0.5572463274,0.6378008127,-0.0317704119,1.0000000000
86,8.7360000000,left_hand,3,0.5472224355,0.5678750873,-0.0160090420,1.0000000000
87,8.8380000000,left_hand,3,0.5487456918,0.5882701278,-0.0175563879,1.0000000000
88,8.9390000000,left_hand,3,0.5520086884,0.5726230741,-0.0160806254,1.0000000000
89,9.0410000000,left_hand,3,0.5574496388,0.6384902596,-0.0151393358,1.0000000000
90,9.1430000000,left_hand,3,0.4455285072,0.4563691318,-0.0209157579,1.0000000000
91,9.2440000000,left_hand,3,0.5508773327,0.5706713200,-0.0190540887,1.0000000000
92,9.3460000000,left_hand,3,0.5523847342,0.5904978514,-0.0196677707,1.0000000000
93,9.4470000000,left_hand,3,0.5444013476,0.5660285950,-0.0189623032,1.0000000000
94,9.5490000000,left_hand,3,0.5432601571,0.5605553389,-0.0233544279,1.0000000000
95,9.6510000000,left_hand,3,0.5433011651,0.5662186742,-0.0177993998,1.0000000000
96,9.7520000000,left_hand,3,0.5464014411,0.5596728921,-0.0183734633,1.0000000000
97,9.8540000000,left_hand,3,0.5466805100,0.5502874255,-0.0173676182,1.0000000000
98,9.9550000000,left_hand,3,0.5499140620,0.5606281757,-0.0135325929,1.0000000000
99,10.0570000000,left_hand,3,0.5421881676,0.5466194153,-0.0173105747,1.0000000000
100,10.1580000000,left_hand,3,0.5449586511,0.5412670970,-0.0158370174,1.0000000000
101,10.2600000000,left_hand,3,0.5485002398,0.5446160436,-0.0132638654,1.0000000000
102,10.3620000000,left_hand,3,0.5460152030,0.5515104532,-0.0192323774,1.0000000000
103,10.4630000000,left_hand,3,0.5479483604,0.5424401164,-0.0168564282,1.0000000000
104,10.5650000000,left_hand,3,0.5440169573,0.5377617478,-0.0157733075,1.0000000000
105,10.6660000000,left_hand,3,0.5442521572,0.5402894616,-0.0158080608,1.0000000000
106,10.7680000000,left_hand,3,0.5446237922,0.5340792537,-0.0162237566,1.0000000000
107,10.8700000000,left_hand,3,0.5468266606,0.5709601641,-0.0127754612,1.0000000000
108,10.9710000000,left_hand,3,0.5445792675,0.5535520315,-0.0185297485,1.0000000000
109,11.0730000000,left_hand,3,0.5475649238,0.5546742082,-0.0125365192,1.0000000000
110,11.1740000000,left_hand,3,0.5490062237,0.5672128797,-0.0135981636,1.0000000000
111,11.2760000000,left_hand,3,0.5425499082,0.5432149172,-0.0142352870,1.0000000000
112,11.3770000000,left_hand,3,0.5437335968,0.5384135842,-0.0145026240,1.0000000000
113,11.4790000000,left_hand,3,0.5431854129,0.5244713426,-0.0140573746,1.0000000000
114,11.5810000000,left_hand,3,0.5405215621,0.5279102325,-0.0128678819,1.0000000000
115,11.6820000000,left_hand,3,0.5431409478,0.5355645418,-0.0150029119,1.0000000000
116,11.7840000000,left_hand,3,0.5391452312,0.5238998532,-0.0120146759,1.0000000000
117,11.8850000000,left_hand,3,0.5445842743,0.5391824841,-0.0123168575,1.0000000000
118,11.9870000000,left_hand,3,0.5512241125,0.5484062433,-0.0124243833,1.0000000000
50,5.0790000000,left_hand,4,0.5273805261,0.5985644460,-0.0042700032,1.0000000000
51,5.1810000000,left_hand,4,0.5366373062,0.6032643318,-0.0040524523,1.0000000000
52,5.2820000000,left_hand,4,0.5528621078,0.6238055229,-0.0020287884,1.0000000000
53,5.3840000000,left_hand,4,0.5511810978,0.6092198491,-0.0077432009,1.0000000000
54,5.4860000000,left_hand,4,0.5495000879,0.5946341753,-0.0134576134,1.0000000000
55,5.5870000000,left_hand,4,0.5478190780,0.5800485015,-0.0191720258,1.0000000000
56,5.6890000000,left_hand,4,0.4066967666,0.4049920440,-0.0115813641,1.0000000000
57,5.7900000000,left_hand,4,0.5475960374,0.5573707819,-0.0236745793,1.0000000000
58,5.8920000000,left_hand,4,0.4125684202,0.4012281299,-0.0172793660,1.0000000000
59,5.9930000000,left_hand,4,0.5402994752,0.6657181978,-0.0168346949,1.0000000000
60,6.0950000000,left_hand,4,0.4359252155,0.3835042119,-0.0300805941,1.0000000000
61,6.1970000000,left_hand,4,0.5404156446,0.6738326550,-0.0232334882,1.0000000000
62,6.2980000000,left_hand,4,0.5404478312,0.6427346468,-0.0265236013,1.0000000000
63,6.4000000000,left_hand,4,0.5288485885,0.5448006988,-0.0253744163,1.0000000000
64,6.5010000000,left_hand,4,0.5278506279,0.5549594760,-0.0302510131,1.0000000000
65,6.6030000000,left_hand,4,0.5292665362,0.5564640760,-0.0223352816,1.0000000000
66,6.7050000000,left_hand,4,0.5325244665,0.5833462477,-0.0209286530,1.0000000000
67,6.8060000000,left_hand,4,0.5250704885,0.5749475360,-0.0271161497,1.0000000000
68,6.9080000000,left_hand,4,0.5309303403,0.5852716565,-0.0151229566,1.0000000000
69,7.0090000000,left_hand,4,0.5289840698,0.5606023073,-0.0198600441,1.0000000000
70,7.1110000000,left_hand,4,0.5325281024,0.5644520521,-0.0201816224,1.0000000000
71,7.2130000000,left_hand,4,0.5442330837,0.6628343463,-0.0175104309,1.0000000000
72,7.3140000000,left_hand,4,0.5350992084,0.6021834016,-0.0213239621,1.0000000000
73,7.4160000000,left_hand,4,0.5323804021,0.5686351657,-0.0287736747,1.0000000000
74,7.5170000000,left_hand,4,0.5340180993,0.5615917444,-0.0186179690,1.0000000000
75,7.6190000000,left_hand,4,0.5327508450,0.5634278059,-0.0263419095,1.0000000000
76,7.7200000000,left_hand,4,0.5252733827,0.5440473557,-0.0202678759,1.0000000000
77,7.8220000000,left_hand,4,0.5275126696,0.5515480042,-0.0200698208,1.0000000000
78,7.9240000000,left_hand,4,0.5260890722,0.5501725078,-0.0214976128,1.0000000000
79,8.0250000000,left_hand,4,0.5257493854,0.5742856264,-0.0226587281,1.0000000000
80,8.1270000000,left_hand,4,0.5268204212,0.5640300512,-0.0177274942,1.0000000000
81,8.2280000000,left_hand,4,0.5204817057,0.5500620604,-0.0261021312,1.0000000000
82,8.3300000000,left_hand,4,0.5240825415,0.5632491112,-0.0213507563,1.0000000000
83,8.4320000000,left_hand,4,0.5271121264,0.5497606993,-0.0259782802,1.0000000000
84,8.5330000000,left_hand,4,0.5245093703,0.5572065115,-0.0297188908,1.0000000000
85,8.6350000000,left_hand,4,0.5426319838,0.6494728327,-0.0417305827,1.0000000000
86,8.7360000000,left_hand,4,0.5353373885,0.5819804072,-0.0231542699,1.0000000000
87,8.8380000000,left_hand,4,0.5376617908,0.6059275866,-0.0255756229,1.0000000000
88,8.9390000000,left_hand,4,0.5401906371,0.5888890028,-0.0238145795,1.0000000000
89,9.0410000000,left_hand,4,0.5453481674,0.6436603665,-0.0201000106,1.0000000000
90,9.1430000000,left_hand,4,0.4621239305,0.4500130117,-0.0323406495,1.0000000000
91,9.2440000000,left_hand,4,0.5338422656,0.5871832967,-0.0315443017,1.0000000000
92,9.3460000000,left_hand,4,0.5363679528,0.6043775678,-0.0282590501,1.0000000000
93,9.4470000000,left_hand,4,0.5306738615,0.5870212913,-0.0304757338,1.0000000000
94,9.5490000000,left_hand,4,0.5294065475,0.5756242275,-0.0338946655,1.0000000000
95,9.6510000000,left_hand,4,0.5298027396,0.5855977535,-0.0269890986,1.0000000000
96,9.7520000000,left_hand,4,0.5312598944,0.5796855688,-0.0286530107,1.0000000000
97,9.8540000000,left_hand,4,0.5315293670,0.5690683722,-0.0265812930,1.0000000000
98,9.9550000000,left_hand,4,0.5342544317,0.5800102949,-0.0203486905,1.0000000000
99,10.0570000000,left_hand,4,0.5252953768,0.5661441684,-0.0265402906,1.0000000000
100,10.1580000000,left_hand,4,0.5281606317,0.5558691025,-0.0236010607,1.0000000000
101,10.2600000000,left_hand,4,0.5320550799,0.5601047873,-0.0207958408,1.0000000000
102,10.3620000000,left_hand,4,0.5294448733,0.5702763200,-0.0281905886,1.0000000000
103,10.4630000000,left_hand,4,0.5315940380,0.5581783652,-0.0259909611,1.0000000000
104,10.5650000000,left_hand,4,0.5260825157,0.5512235165,-0.0244177487,1.0000000000
105,10.6660000000,left_hand,4,0.5270789266,0.5552338362,-0.0242848527,1.0000000000
106,10.7680000000,left_hand,4,0.5272409320,0.5437133312,-0.0222373437,1.0000000000
107,10.8700000000,left_hand,4,0.5321017504,0.5824298263,-0.0184338447,1.0000000000
108,10.9710000000,left_hand,4,0.5305680633,0.5747697353,-0.0269832667,1.0000000000
109,11.0730000000,left_hand,4,0.5327095985,0.5711101294,-0.0203181449,1.0000000000
110,11.1740000000,left_hand,4,0.5336695910,0.5867289901,-0.0228983462,1.0000000000
111,11.2760000000,left_hand,4,0.5271347165,0.5604675412,-0.0220665187,1.0000000000
112,11.3770000000,left_hand,4,0.5263772607,0.5512816310,-0.0223669857,1.0000000000
113,11.4790000000,left_hand,4,0.5264949799,0.5373118520,-0.0218840782,1.0000000000
114,11.5810000000,left_hand,4,0.5215225220,0.5385587811,-0.0202415455,1.0000000000
115,11.6820000000,left_hand,4,0.5256884694,0.5529782176,-0.0231444240,1.0000000000
116,11.7840000000,left_hand,4,0.5204247832,0.5331200361,-0.0196631458,1.0000000000
117,11.8850000000,left_hand,4,0.5280176401,0.5513799191,-0.0200424399,1.0000000000
118,11.9870000000,left_hand,4,0.5355940461,0.5677679777,-0.0208687782,1.0000000000
50,5.0790000000,left_hand,5,0.5519398451,0.5923041701,-0.0120118847,1.0000000000
51,5.1810000000,left_hand,5,0.5630590320,0.5845246911,-0.0133051686,1.0000000000
52,5.2820000000,left_hand,5,0.5765686035,0.5981280804,-0.0107544987,1.0000000000
53,5.3840000000,left_hand,5,0.5774627328,0.5875986020,-0.0147920847,1.0000000000
54,5.4860000000,left_hand,5,0.5783568621,0.5770691236,-0.0188296707,1.0000000000
55,5.5870000000,left_hand,5,0.5792509913,0.5665396452,-0.0228672568,1.0000000000
56,5.6890000000,left_hand,5,0.3782048225,0.4143280685,-0.0143188974,1.0000000000
57,5.7900000000,left_hand,5,0.5756628513,0.5746207237,-0.0264959801,1.0000000000
58,5.8920000000,left_hand,5,0.3823053539,0.4100700617,-0.0190064032,1.0000000000
59,5.9930000000,left_hand,5,0.5686211586,0.6449410915,-0.0177095830,1.0000000000
60,6.0950000000,left_hand,5,0.3987013102,0.3817803562,-0.0292519107,1.0000000000
61,6.1970000000,left_hand,5,0.5666303039,0.6561467052,-0.0249927491,1.0000000000
62,6.2980000000,left_hand,5,0.5766776800,0.6057758331,-0.0239781272,1.0000000000
63,6.4000000000,left_hand,5,0.5677254200,0.5518462062,-0.0354550630,1.0000000000
64,6.5010000000,left_hand,5,0.5700907111,0.5505872965,-0.0402260534,1.0000000000
65,6.6030000000,left_hand,5,0.5676524639,0.5561472774,-0.0298966765,1.0000000000
66,6.7050000000,left_hand,5,0.5707801580,0.5726709962,-0.0283514373,1.0000000000
67,6.8060000000,left_hand,5,0.5660251379,0.5562350154,-0.0349720754,1.0000000000
68,6.9080000000,left_hand,5,0.5658485293,0.5686363578,-0.0260816552,1.0000000000
69,7.0090000000,left_hand,5,0.5672507286,0.5698133707,-0.0266312473,1.0000000000
70,7.1110000000,left_hand,5,0.5691807866,0.5814235806,-0.0258593801,1.0000000000
71,7.2130000000,left_hand,5,0.5749860406,0.6150188446,-0.0210726261,1.0000000000
72,7.3140000000,left_hand,5,0.5695549846,0.5775344968,-0.0245509706,1.0000000000
73,7.4160000000,left_hand,5,0.5713221431,0.5754396319,-0.0348946825,1.0000000000
74,7.5170000000,left_hand,5,0.5655481815,0.5783491135,-0.0223627090,1.0000000000
75,7.6190000000,left_hand,5,0.5663082600,0.5606511235,-0.0303467549,1.0000000000
76,7.7200000000,left_hand,5,0.5664866567,0.5524235964,-0.0291293692,1.0000000000
77,7.8220000000,left_hand,5,0.5656601191,0.5606362224,-0.0307891387,1.0000000000
78,7.9240000000,left_hand,5,0.5638507605,0.5539484024,-0.0308549311,1.0000000000
79,8.0250000000,left_hand,5,0.5608991385,0.5573253036,-0.0307258088,1.0000000000
80,8.1270000000,left_hand,5,0.5632460117,0.5683790445,-0.0243262518,1.0000000000
81,8.2280000000,left_hand,5,0.5618473887,0.5463335514,-0.0336965770,1.0000000000
82,8.3300000000,left_hand,5,0.5649349093,0.5502860546,-0.0285572130,1.0000000000
83,8.4320000000,left_hand,5,0.5645369887,0.5578696728,-0.0351434164,1.0000000000
84,8.5330000000,left_hand,5,0.5651194453,0.5527749062,-0.0345617644,1.0000000000
85,8.6350000000,left_hand,5,0.5815057755,0.6052735448,-0.0424730331,1.0000000000
86,8.7360000000,left_hand,5,0.5654688478,0.5484437943,-0.0278829820,1.0000000000
87,8.8380000000,left_hand,5,0.5667680502,0.5526437759,-0.0282493029,1.0000000000
88,8.9390000000,left_hand,5,0.5689116716,0.5539644361,-0.0259654131,1.0000000000
89,9.0410000000,left_hand,5,0.5714045763,0.6097737551,-0.0185812470,1.0000000000
90,9.1430000000,left_hand,5,0.4135519266,0.3928926885,-0.0255065896,1.0000000000
91,9.2440000000,left_hand,5,0.5718058348,0.5432983041,-0.0332854651,1.0000000000
92,9.3460000000,left_hand,5,0.5705189109,0.5468771458,-0.0324028470,1.0000000000
93,9.4470000000,left_hand,5,0.5645875335,0.5256602764,-0.0333836637,1.0000000000
94,9.5490000000,left_hand,5,0.5631365776,0.5312370062,-0.0348656960,1.0000000000
95,9.6510000000,left_hand,5,0.5638066530,0.5356206894,-0.0316607840,1.0000000000
96,9.7520000000,left_hand,5,0.5651232600,0.5331572294,-0.0331784189,1.0000000000
97,9.8540000000,left_hand,5,0.5651265979,0.5317454934,-0.0302093625,1.0000000000
98,9.9550000000,left_hand,5,0.5672061443,0.5405324101,-0.0267950632,1.0000000000
99,10.0570000000,left_hand,5,0.5622144341,0.5332142115,-0.0331269242,1.0000000000
100,10.1580000000,left_hand,5,0.5624610782,0.5344108939,-0.0351916365,1.0000000000
101,10.2600000000,left_hand,5,0.5651708245,0.5319735408,-0.0292593855,1.0000000000
102,10.3620000000,left_hand,5,0.5650779009,0.5320122838,-0.0359697938,1.0000000000
103,10.4630000000,left_hand,5,0.5665179491,0.5278449059,-0.0316871628,1.0000000000
104,10.5650000000,left_hand,5,0.5628130436,0.5308088660,-0.0321326368,1.0000000000
105,10.6660000000,left_hand,5,0.5633035898,0.5285987854,-0.0328642800,1.0000000000
106,10.7680000000,left_hand,5,0.5726749897,0.5483089089,-0.0307770222,1.0000000000
107,10.8700000000,left_hand,5,0.5624742508,0.5587828159,-0.0177574139,1.0000000000
108,10.9710000000,left_hand,5,0.5622630715,0.5282175541,-0.0328051783,1.0000000000
109,11.0730000000,left_hand,5,0.5621925592,0.5328202844,-0.0282962900,1.0000000000
110,11.1740000000,left_hand,5,0.5627585053,0.5373119116,-0.0275456794,1.0000000000
111,11.2760000000,left_hand,5,0.5621155500,0.5297991037,-0.0283198245,1.0000000000
112,11.3770000000,left_hand,5,0.5626385808,0.5299246907,-0.0300487876,1.0000000000
113,11.4790000000,left_hand,5,0.5618669391,0.5217906237,-0.0312812254,1.0000000000
114,11.5810000000,left_hand,5,0.5633050203,0.5254604220,-0.0317418724,1.0000000000
115,11.6820000000,left_hand,5,0.5617368221,0.5233229399,-0.0329593420,1.0000000000
116,11.7840000000,left_hand,5,0.5613684654,0.5220321417,-0.0319413096,1.0000000000
117,11.8850000000,left_hand,5,0.5624048710,0.5239446759,-0.0296031442,1.0000000000
118,11.9870000000,left_hand,5,0.5658483505,0.5239026546,-0.0287067257,1.0000000000
50,5.0790000000,left_hand,6,0.5215139985,0.6064710617,-0.0187098663,1.0000000000
51,5.1810000000,left_hand,6,0.5316627026,0.5971242189,-0.0208586119,1.0000000000
52,5.2820000000,left_hand,6,0.5451335311,0.6189174652,-0.0168758556,1.0000000000
53,5.3840000000,left_hand,6,0.5462878346,0.6076592803,-0.0222447850,1.0000000000
54,5.4860000000,left_hand,6,0.5474421382,0.5964010954,-0.0276137143,1.0000000000
55,5.5870000000,left_hand,6,0.5485964417,0.5851429105,-0.0329826437,1.0000000000
56,5.6890000000,left_hand,6,0.4038150609,0.3980538845,-0.0220970176,1.0000000000
57,5.7900000000,left_hand,6,0.5448518991,0.5943503976,-0.0378001332,1.0000000000
58,5.8920000000,left_hand,6,0.4101807475,0.3851634264,-0.0326493829,1.0000000000
59,5.9930000000,left_hand,6,0.5409376025,0.6691027284,-0.0262941569,1.0000000000
60,6.0950000000,left_hand,6,0.4330459237,0.3692160547,-0.0458376110,1.0000000000
61,6.1970000000,left_hand,6,0.5425707102,0.6791038513,-0.0359065272,1.0000000000
62,6.2980000000,left_hand,6,0.5430338383,0.6317419410,-0.0330950879,1.0000000000
63,6.4000000000,left_hand,6,0.5327661037,0.5707730055,-0.0473676436,1.0000000000
64,6.5010000000,left_hand,6,0.5348712802,0.5568809509,-0.0541116856,1.0000000000
65,6.6030000000,left_hand,6,0.5340746641,0.5694943666,-0.0411994494,1.0000000000
66,6.7050000000,left_hand,6,0.5354504585,0.5941145420,-0.0394561775,1.0000000000
67,6.8060000000,left_hand,6,0.5358366370,0.5632005930,-0.0482572727,1.0000000000
68,6.9080000000,left_hand,6,0.5336455107,0.5894423723,-0.0357073769,1.0000000000
69,7.0090000000,left_hand,6,0.5340843797,0.6000379324,-0.0364935696,1.0000000000
70,7.1110000000,left_hand,6,0.5368462205,0.6085104942,-0.0361247621,1.0000000000
71,7.2130000000,left_hand,6,0.5439572930,0.6516923904,-0.0301431529,1.0000000000
72,7.3140000000,left_hand,6,0.5378357768,0.6050442457,-0.0353139490,1.0000000000
73,7.4160000000,left_hand,6,0.5376647711,0.6035264730,-0.0476320721,1.0000000000
74,7.5170000000,left_hand,6,0.5357356668,0.6022526622,-0.0318715610,1.0000000000
75,7.6190000000,left_hand,6,0.5349697471,0.5765048265,-0.0427295119,1.0000000000
76,7.7200000000,left_hand,6,0.5321733952,0.5725950003,-0.0398497730,1.0000000000
77,7.8220000000,left_hand,6,0.5335813165,0.5856328607,-0.0416183583,1.0000000000
78,7.9240000000,left_hand,6,0.5301855803,0.5702116489,-0.0415314138,1.0000000000
79,8.0250000000,left_hand,6,0.5275398493,0.5840220451,-0.0422774926,1.0000000000
80,8.1270000000,left_hand,6,0.5297493339,0.5993694067,-0.0347294211,1.0000000000
81,8.2280000000,left_hand,6,0.5301958919,0.5610089302,-0.0451944247,1.0000000000
82,8.3300000000,left_hand,6,0.5320374966,0.5721742511,-0.0389496051,1.0000000000
83,8.4320000000,left_hand,6,0.5315037370,0.5857914090,-0.0478902385,1.0000000000
84,8.5330000000,left_hand,6,0.5323605537,0.5825370550,-0.0470558405,1.0000000000
85,8.6350000000,left_hand,6,0.5542374849,0.6441724300,-0.0573577359,1.0000000000
86,8.7360000000,left_hand,6,0.5410059094,0.5625302792,-0.0376745090,1.0000000000
87,8.8380000000,left_hand,6,0.5400310755,0.5789227486,-0.0388008431,1.0000000000
88,8.9390000000,left_hand,6,0.5440211296,0.5725463629,-0.0363620147,1.0000000000
89,9.0410000000,left_hand,6,0.5474941730,0.6334921122,-0.0264042877,1.0000000000
90,9.1430000000,left_hand,6,0.4486449361,0.3796804547,-0.0426682308,1.0000000000
91,9.2440000000,left_hand,6,0.5389376879,0.5382895470,-0.0494393334,1.0000000000
92,9.3460000000,left_hand,6,0.5374759436,0.5602603555,-0.0468308888,1.0000000000
93,9.4470000000,left_hand,6,0.5336426497,0.5432735682,-0.0484433137,1.0000000000
94,9.5490000000,left_hand,6,0.5366675854,0.5294678211,-0.0500820093,1.0000000000
95,9.6510000000,left_hand,6,0.5336263776,0.5385606885,-0.0435362458,1.0000000000
96,9.7520000000,left_hand,6,0.5330485106,0.5481892824,-0.0465898514,1.0000000000
97,9.8540000000,left_hand,6,0.5325304866,0.5348577499,-0.0430950038,1.0000000000
98,9.9550000000,left_hand,6,0.5323102474,0.5616830587,-0.0367198661,1.0000000000
99,10.0570000000,left_hand,6,0.5304864645,0.5411958098,-0.0453532971,1.0000000000
100,10.1580000000,left_hand,6,0.5309399366,0.5356361270,-0.0465380214,1.0000000000
101,10.2600000000,left_hand,6,0.5345860720,0.5329225063,-0.0397836939,1.0000000000
102,10.3620000000,left_hand,6,0.5359114408,0.5305210948,-0.0491637476,1.0000000000
103,10.4630000000,left_hand,6,0.5354742408,0.5382934213,-0.0446166657,1.0000000000
104,10.5650000000,left_hand,6,0.5323897004,0.5332610011,-0.0443716049,1.0000000000
105,10.6660000000,left_hand,6,0.5310902596,0.5318744183,-0.0446915254,1.0000000000
106,10.7680000000,left_hand,6,0.5367866158,0.5839939117,-0.0423331745,1.0000000000
107,10.8700000000,left_hand,6,0.5328212380,0.5855300426,-0.0285539217,1.0000000000
108,10.9710000000,left_hand,6,0.5319324136,0.5345309377,-0.0448101498,1.0000000000
109,11.0730000000,left_hand,6,0.5356608629,0.5274305940,-0.0398004651,1.0000000000
110,11.1740000000,left_hand,6,0.5353800058,0.5311129689,-0.0410279892,1.0000000000
111,11.2760000000,left_hand,6,0.5318573117,0.5315291286,-0.0396175012,1.0000000000
112,11.3770000000,left_hand,6,0.5306564569,0.5312862992,-0.0420088246,1.0000000000
113,11.4790000000,left_hand,6,0.5284019709,0.5264663696,-0.0429141037,1.0000000000
114,11.5810000000,left_hand,6,0.5294458270,0.5256877542,-0.0433037616,1.0000000000
115,11.6820000000,left_hand,6,0.5296872258,0.5214812756,-0.0448188409,1.0000000000
116,11.7840000000,left_hand,6,0.5287070274,0.5219468474,-0.0437666103,1.0000000000
117,11.8850000000,left_hand,6,0.5326751471,0.5213506222,-0.0418657400,1.0000000000
118,11.9870000000,left_hand,6,0.5361517668,0.5192496777,-0.0415499434,1.0000000000
50,5.0790000000,left_hand,7,0.5029454827,0.6166828275,-0.0214763340,1.0000000000
51,5.1810000000,left_hand,7,0.5127883554,0.6085556149,-0.0237218048,1.0000000000
52,5.2820000000,left_hand,7,0.5273972750,0.6318589449,-0.0187946130,1.0000000000
53,5.3840000000,left_hand,7,0.5284427603,0.6211794615,-0.0250962488,1.0000000000
54,5.4860000000,left_hand,7,0.5294882456,0.6104999781,-0.0313978847,1.0000000000
55,5.5870000000,left_hand,7,0.5305337310,0.5998204947,-0.0376995206,1.0000000000
56,5.6890000000,left_hand,7,0.4209967256,0.3955541849,-0.0250500664,1.0000000000
57,5.7900000000,left_hand,7,0.5261801481,0.6080354452,-0.0425099507,1.0000000000
58,5.8920000000,left_hand,7,0.4309638143,0.3781171441,-0.0400711745,1.0000000000
59,5.9930000000,left_hand,7,0.5250074267,0.6813420653,-0.0290709697,1.0000000000
60,6.0950000000,left_hand,7,0.4562354684,0.3709613383,-0.0557054132,1.0000000000
61,6.1970000000,left_hand,7,0.5262305737,0.6908252835,-0.0407584198,1.0000000000
62,6.2980000000,left_hand,7,0.5214499831,0.6521211863,-0.0361177847,1.0000000000
63,6.4000000000,left_hand,7,0.5116940737,0.5872850418,-0.0525220856,1.0000000000
64,6.5010000000,left_hand,7,0.5131253004,0.5667117238,-0.0599451810,1.0000000000
65,6.6030000000,left_hand,7,0.5128600597,0.5826898217,-0.0463185348,1.0000000000
66,6.7050000000,left_hand,7,0.5130402446,0.6116334796,-0.0446970910,1.0000000000
67,6.8060000000,left_hand,7,0.5153447986,0.5707154274,-0.0547605008,1.0000000000
68,6.9080000000,left_hand,7,0.5140942335,0.6062800288,-0.0396191142,1.0000000000
69,7.0090000000,left_hand,7,0.5147234201,0.6199940443,-0.0405627936,1.0000000000
70,7.1110000000,left_hand,7,0.5178800821,0.6260350347,-0.0405031070,1.0000000000
71,7.2130000000,left_hand,7,0.5273504853,0.6743412614,-0.0332428217,1.0000000000
72,7.3140000000,left_hand,7,0.5190914869,0.6261475086,-0.0401949622,1.0000000000
73,7.4160000000,left_hand,7,0.5177769661,0.6222723722,-0.0533866771,1.0000000000
74,7.5170000000,left_hand,7,0.5176525116,0.6190965176,-0.0363804437,1.0000000000
75,7.6190000000,left_hand,7,0.5162172914,0.5924488902,-0.0482735895,1.0000000000
76,7.7200000000,left_hand,7,0.5121379495,0.5886793733,-0.0446511991,1.0000000000
77,7.8220000000,left_hand,7,0.5146360993,0.6061040163,-0.0460875668,1.0000000000
78,7.9240000000,left_hand,7,0.5099613667,0.5877125859,-0.0456959791,1.0000000000
79,8.0250000000,left_hand,7,0.5077579021,0.6050604582,-0.0472505614,1.0000000000
80,8.1270000000,left_hand,7,0.5096598268,0.6185336113,-0.0398039892,1.0000000000
81,8.2280000000,left_hand,7,0.5090708733,0.5784570575,-0.0499006547,1.0000000000
82,8.3300000000,left_hand,7,0.5118767023,0.5897084475,-0.0437564664,1.0000000000
83,8.4320000000,left_hand,7,0.5119266510,0.6048121452,-0.0536621213,1.0000000000
84,8.5330000000,left_hand,7,0.5119689703,0.6030617952,-0.0531971417,1.0000000000
85,8.6350000000,left_hand,7,0.5344868898,0.6665366292,-0.0629892498,1.0000000000
86,8.7360000000,left_hand,7,0.5248582363,0.5780014396,-0.0420158319,1.0000000000
87,8.8380000000,left_hand,7,0.5234284401,0.6003377438,-0.0441496968,1.0000000000
88,8.9390000000,left_hand,7,0.5287689567,0.5877605677,-0.0414646193,1.0000000000
89,9.0410000000,left_hand,7,0.5304536819,0.6482940912,-0.0293857697,1.0000000000
90,9.1430000000,left_hand,7,0.4710521400,0.3884623051,-0.0544620901,1.0000000000
91,9.2440000000,left_hand,7,0.5174294114,0.5482631922,-0.0582616255,1.0000000000
92,9.3460000000,left_hand,7,0.5149542689,0.5845012069,-0.0526830889,1.0000000000
93,9.4470000000,left_hand,7,0.5148260593,0.5656472445,-0.0567532629,1.0000000000
94,9.5490000000,left_hand,7,0.5188885331,0.5455560088,-0.0581541508,1.0000000000
95,9.6510000000,left_hand,7,0.5142920613,0.5541583300,-0.0495752357,1.0000000000
96,9.7520000000,left_hand,7,0.5133390427,0.5667293072,-0.0537789613,1.0000000000
97,9.8540000000,left_hand,7,0.5127930045,0.5480763316,-0.0498028882,1.0000000000
98,9.9550000000,left_hand,7,0.5105891228,0.5842675567,-0.0409661755,1.0000000000
99,10.0570000000,left_hand,7,0.5094442368,0.5541463494,-0.0509523787,1.0000000000
100,10.1580000000,left_hand,7,0.5106234550,0.5494820476,-0.0501190312,1.0000000000
101,10.2600000000,left_hand,7,0.5142135024,0.5456784964,-0.0436842740,1.0000000000
102,10.3620000000,left_hand,7,0.5157331228,0.5456265807,-0.0547985695,1.0000000000
103,10.4630000000,left_hand,7,0.5161643624,0.5511363149,-0.0509930961,1.0000000000
104,10.5650000000,left_hand,7,0.5120084286,0.5480087399,-0.0497718006,1.0000000000
105,10.6660000000,left_hand,7,0.5108621716,0.5463097095,-0.0491173789,1.0000000000
106,10.7680000000,left_hand,7,0.5141769648,0.6072975397,-0.0473553091,1.0000000000
107,10.8700000000,left_hand,7,0.5138032436,0.6091897488,-0.0352182575,1.0000000000
108,10.9710000000,left_hand,7,0.5123084188,0.5502119064,-0.0500101522,1.0000000000
109,11.0730000000,left_hand,7,0.5171480775,0.5406063795,-0.0447006598,1.0000000000
110,11.1740000000,left_hand,7,0.5159279108,0.5414630771,-0.0474506803,1.0000000000
111,11.2760000000,left_hand,7,0.5119845271,0.5444458723,-0.0447099060,1.0000000000
112,11.3770000000,left_hand,7,0.5101445317,0.5445964336,-0.0472206250,1.0000000000
113,11.4790000000,left_hand,7,0.5086308718,0.5404333472,-0.0473869666,1.0000000000
114,11.5810000000,left_hand,7,0.5082671046,0.5380898714,-0.0474313572,1.0000000000
115,11.6820000000,left_hand,7,0.5090095997,0.5346930623,-0.0490388498,1.0000000000
116,11.7840000000,left_hand,7,0.5081503391,0.5372532606,-0.0481385700,1.0000000000
117,11.8850000000,left_hand,7,0.5130822062,0.5367252827,-0.0466428287,1.0000000000
118,11.9870000000,left_hand,7,0.5164165497,0.5340656638,-0.0472755507,1.0000000000
50,5.0790000000,left_hand,8,0.4884202480,0.6245563030,-0.0233813226,1.0000000000
51,5.1810000000,left_hand,8,0.4981756806,0.6182358265,-0.0253785029,1.0000000000
52,5.2820000000,left_hand,8,0.5136865377,0.6411867738,-0.0198572204,1.0000000000
53,5.3840000000,left_hand,8,0.5147171815,0.6315286557,-0.0267398469,1.0000000000
54,5.4860000000,left_hand,8,0.5157478253,0.6218705376,-0.0336224735,1.0000000000
55,5.5870000000,left_hand,8,0.5167784691,0.6122124195,-0.0405051000,1.0000000000
56,5.6890000000,left_hand,8,0.4335919023,0.3958559632,-0.0268278643,1.0000000000
57,5.7900000000,left_hand,8,0.5117957592,0.6191761494,-0.0450160727,1.0000000000
58,5.8920000000,left_hand,8,0.4472204745,0.3761276901,-0.0440824814,1.0000000000
59,5.9930000000,left_hand,8,0.5123828053,0.6889712214,-0.0300752409,1.0000000000
60,6.0950000000,left_hand,8,0.4734476507,0.3743051589,-0.0616718866,1.0000000000
61,6.1970000000,left_hand,8,0.5131195188,0.6968376040,-0.0432995297,1.0000000000
62,6.2980000000,left_hand,8,0.5040467978,0.6669152379,-0.0377669930,1.0000000000
63,6.4000000000,left_hand,8,0.4960309267,0.5997861028,-0.0558427796,1.0000000000
64,6.5010000000,left_hand,8,0.4958464205,0.5756258965,-0.0633977950,1.0000000000
65,6.6030000000,left_hand,8,0.4965105057,0.5944715142,-0.0497671068,1.0000000000
66,6.7050000000,left_hand,8,0.4960299432,0.6261094213,-0.0483155213,1.0000000000
67,6.8060000000,left_hand,8,0.4985486567,0.5787811279,-0.0589260273,1.0000000000
68,6.9080000000,left_hand,8,0.4994286895,0.6183832884,-0.0421560407,1.0000000000
69,7.0090000000,left_hand,8,0.4995781779,0.6342600584,-0.0433161184,1.0000000000
70,7.1110000000,left_hand,8,0.5034437776,0.6375474930,-0.0434605926,1.0000000000
71,7.2130000000,left_hand,8,0.5139874220,0.6892436147,-0.0346038342,1.0000000000
72,7.3140000000,left_hand,8,0.5053382516,0.6441899538,-0.0429191366,1.0000000000
73,7.4160000000,left_hand,8,0.5030050278,0.6359179020,-0.0569804125,1.0000000000
74,7.5170000000,left_hand,8,0.5039267540,0.6314247251,-0.0393885337,1.0000000000
75,7.6190000000,left_hand,8,0.5019253492,0.6063969731,-0.0515508316,1.0000000000
76,7.7200000000,left_hand,8,0.4966858029,0.6006437540,-0.0476819500,1.0000000000
77,7.8220000000,left_hand,8,0.5001953840,0.6212200522,-0.0488132164,1.0000000000
78,7.9240000000,left_hand,8,0.4947100282,0.6016572714,-0.0483225286,1.0000000000
79,8.0250000000,left_hand,8,0.4924583435,0.6213558316,-0.0502520651,1.0000000000
80,8.1270000000,left_hand,8,0.4941000342,0.6314800978,-0.0432896838,1.0000000000
81,8.2280000000,left_hand,8,0.4929720759,0.5933856368,-0.0527951382,1.0000000000
82,8.3300000000,left_hand,8,0.4961461723,0.6032748222,-0.0470509119,1.0000000000
83,8.4320000000,left_hand,8,0.4971635938,0.6177160740,-0.0574251786,1.0000000000
84,8.5330000000,left_hand,8,0.4960304797,0.6176202297,-0.0574791841,1.0000000000
85,8.6350000000,left_hand,8,0.5183649063,0.6807286739,-0.0659879297,1.0000000000
86,8.7360000000,left_hand,8,0.5129513741,0.5915638804,-0.0450266115,1.0000000000
87,8.8380000000,left_hand,8,0.5101144314,0.6193488240,-0.0477797911,1.0000000000
88,8.9390000000,left_hand,8,0.5160637498,0.6025488377,-0.0449872613,1.0000000000
89,9.0410000000,left_hand,8,0.5174395442,0.6587691903,-0.0309071299,1.0000000000
90,9.1430000000,left_hand,8,0.4888260663,0.4020313919,-0.0620695613,1.0000000000
91,9.2440000000,left_hand,8,0.4990389645,0.5621439219,-0.0633296967,1.0000000000
92,9.3460000000,left_hand,8,0.4985567629,0.6087771654,-0.0555543937,1.0000000000
93,9.4470000000,left_hand,8,0.4995049834,0.5873272419,-0.0624177307,1.0000000000
94,9.5490000000,left_hand,8,0.5046364069,0.5650470853,-0.0629895702,1.0000000000
95,9.6510000000,left_hand,8,0.4987889230,0.5706589222,-0.0537865832,1.0000000000
96,9.7520000000,left_hand,8,0.4973409176,0.5838606358,-0.0587548502,1.0000000000
97,9.8540000000,left_hand,8,0.4973174036,0.5630003810,-0.0542312860,1.0000000000
98,9.9550000000,left_hand,8,0.4953299463,0.6025065780,-0.0435875393,1.0000000000
99,10.0570000000,left_hand,8,0.4936646223,0.5669363141,-0.0544942543,1.0000000000
100,10.1580000000,left_hand,8,0.4956585765,0.5648418665,-0.0521195568,1.0000000000
101,10.2600000000,left_hand,8,0.4991928935,0.5602386594,-0.0460863672,1.0000000000
102,10.3620000000,left_hand,8,0.5006244779,0.5624565482,-0.0580109693,1.0000000000
103,10.4630000000,left_hand,8,0.5006732941,0.5648546815,-0.0550872684,1.0000000000
104,10.5650000000,left_hand,8,0.4963137209,0.5636352897,-0.0529375933,1.0000000000
105,10.6660000000,left_hand,8,0.4958636463,0.5623249412,-0.0517422445,1.0000000000
106,10.7680000000,left_hand,8,0.4982658923,0.6233048439,-0.0503483489,1.0000000000
107,10.8700000000,left_hand,8,0.4997093976,0.6290361881,-0.0392276309,1.0000000000
108,10.9710000000,left_hand,8,0.4981496334,0.5664335489,-0.0532053970,1.0000000000
109,11.0730000000,left_hand,8,0.5028738379,0.5568780899,-0.0476107970,1.0000000000
110,11.1740000000,left_hand,8,0.5009120107,0.5566709042,-0.0511778332,1.0000000000
111,11.2760000000,left_hand,8,0.4974152148,0.5592645407,-0.0479257628,1.0000000000
112,11.3770000000,left_hand,8,0.4950374663,0.5602640510,-0.0503285751,1.0000000000
113,11.4790000000,left_hand,8,0.4944055378,0.5555866361,-0.0500289425,1.0000000000
114,11.5810000000,left_hand,8,0.4928945303,0.5521374345,-0.0498057380,1.0000000000
115,11.6820000000,left_hand,8,0.4938301444,0.5497299433,-0.0514173694,1.0000000000
116,11.7840000000,left_hand,8,0.4937062860,0.5542525053,-0.0504695140,1.0000000000
117,11.8850000000,left_hand,8,0.4986446798,0.5547485352,-0.0490641855,1.0000000000
118,11.9870000000,left_hand,8,0.5011732578,0.5526970029,-0.0506013893,1.0000000000
50,5.0790000000,left_hand,9,0.5552287698,0.6165139079,-0.0184487011,1.0000000000
51,5.1810000000,left_hand,9,0.5662222505,0.6088925004,-0.0199226197,1.0000000000
52,5.2820000000,left_hand,9,0.5755810142,0.6078301668,-0.0167044476,1.0000000000
53,5.3840000000,left_hand,9,0.5775249004,0.6021138032,-0.0201949055,1.0000000000
54,5.4860000000,left_hand,9,0.5794687867,0.5963974396,-0.0236853634,1.0000000000
55,5.5870000000,left_hand,9,0.5814126730,0.5906810760,-0.0271758214,1.0000000000
56,5.6890000000,left_hand,9,0.3806760311,0.4354774654,-0.0195990615,1.0000000000
57,5.7900000000,left_hand,9,0.5815540552,0.6045524478,-0.0307415072,1.0000000000
58,5.8920000000,left_hand,9,0.3803355694,0.4240454137,-0.0270431638,1.0000000000
59,5.9930000000,left_hand,9,0.5671672821,0.6353014708,-0.0207888260,1.0000000000
60,6.0950000000,left_hand,9,0.3941407502,0.4060670733,-0.0360249914,1.0000000000
61,6.1970000000,left_hand,9,0.5629901886,0.6353487372,-0.0272541009,1.0000000000
62,6.2980000000,left_hand,9,0.5768674016,0.5794535875,-0.0307864714,1.0000000000
63,6.4000000000,left_hand,9,0.5740427971,0.5827153921,-0.0395481735,1.0000000000
64,6.5010000000,left_hand,9,0.5771296024,0.5804649591,-0.0436505266,1.0000000000
65,6.6030000000,left_hand,9,0.5717971325,0.5830129385,-0.0348364189,1.0000000000
66,6.7050000000,left_hand,9,0.5733177662,0.5916931033,-0.0329046026,1.0000000000
67,6.8060000000,left_hand,9,0.5736866593,0.5856817365,-0.0394684263,1.0000000000
68,6.9080000000,left_hand,9,0.5721712112,0.5947020054,-0.0311716516,1.0000000000
69,7.0090000000,left_hand,9,0.5737690330,0.5977515578,-0.0306151565,1.0000000000
70,7.1110000000,left_hand,9,0.5741567016,0.6074410081,-0.0302758291,1.0000000000
71,7.2130000000,left_hand,9,0.5730511546,0.6058436036,-0.0234965328,1.0000000000
72,7.3140000000,left_hand,9,0.5748209953,0.6006556153,-0.0285888165,1.0000000000
73,7.4160000000,left_hand,9,0.5788601637,0.6019073725,-0.0382175222,1.0000000000
74,7.5170000000,left_hand,9,0.5704864860,0.6028963923,-0.0266145729,1.0000000000
75,7.6190000000,left_hand,9,0.5719803572,0.5883667469,-0.0354780927,1.0000000000
76,7.7200000000,left_hand,9,0.5720868707,0.5821633935,-0.0328653790,1.0000000000
77,7.8220000000,left_hand,9,0.5714199543,0.5906148553,-0.0347233191,1.0000000000
78,7.9240000000,left_hand,9,0.5697345138,0.5816292763,-0.0350451283,1.0000000000
79,8.0250000000,left_hand,9,0.5667270422,0.5842874050,-0.0351187363,1.0000000000
80,8.1270000000,left_hand,9,0.5677945614,0.5942099690,-0.0288600232,1.0000000000
81,8.2280000000,left_hand,9,0.5687746406,0.5784459114,-0.0365233384,1.0000000000
82,8.3300000000,left_hand,9,0.5693423152,0.5779157281,-0.0315243416,1.0000000000
83,8.4320000000,left_hand,9,0.5714288950,0.5870319009,-0.0397692285,1.0000000000
84,8.5330000000,left_hand,9,0.5722894073,0.5822591782,-0.0375983343,1.0000000000
85,8.6350000000,left_hand,9,0.5780910254,0.5828093290,-0.0428264327,1.0000000000
86,8.7360000000,left_hand,9,0.5728303194,0.5666991472,-0.0312531963,1.0000000000
87,8.8380000000,left_hand,9,0.5714122653,0.5641028285,-0.0320709348,1.0000000000
88,8.9390000000,left_hand,9,0.5732373595,0.5695651770,-0.0301983058,1.0000000000
89,9.0410000000,left_hand,9,0.5678231716,0.5847679377,-0.0200508758,1.0000000000
90,9.1430000000,left_hand,9,0.4055905044,0.4025573134,-0.0339642055,1.0000000000
91,9.2440000000,left_hand,9,0.5798898339,0.5598793030,-0.0403973609,1.0000000000
92,9.3460000000,left_hand,9,0.5751950741,0.5513520837,-0.0359912179,1.0000000000
93,9.4470000000,left_hand,9,0.5727820992,0.5420106649,-0.0408810750,1.0000000000
94,9.5490000000,left_hand,9,0.5738413334,0.5509327054,-0.0388503075,1.0000000000
95,9.6510000000,left_hand,9,0.5740270019,0.5539467931,-0.0361236781,1.0000000000
96,9.7520000000,left_hand,9,0.5739201307,0.5562083125,-0.0386115648,1.0000000000
97,9.8540000000,left_hand,9,0.5716584325,0.5534050465,-0.0348994359,1.0000000000
98,9.9550000000,left_hand,9,0.5731518269,0.5570226908,-0.0300784577,1.0000000000
99,10.0570000000,left_hand,9,0.5695703626,0.5582284927,-0.0370550305,1.0000000000
100,10.1580000000,left_hand,9,0.5714997649,0.5588416457,-0.0389038362,1.0000000000
101,10.2600000000,left_hand,9,0.5729923248,0.5541837215,-0.0338313840,1.0000000000
102,10.3620000000,left_hand,9,0.5747833848,0.5543076396,-0.0392008163,1.0000000000
103,10.4630000000,left_hand,9,0.5747176409,0.5508320332,-0.0367025360,1.0000000000
104,10.5650000000,left_hand,9,0.5737673044,0.5537146926,-0.0366090424,1.0000000000
105,10.6660000000,left_hand,9,0.5715491176,0.5526189804,-0.0375406817,1.0000000000
106,10.7680000000,left_hand,9,0.5760875940,0.5639855266,-0.0328989923,1.0000000000
107,10.8700000000,left_hand,9,0.5641835332,0.5675262809,-0.0208796412,1.0000000000
108,10.9710000000,left_hand,9,0.5690672994,0.5515565872,-0.0363767371,1.0000000000
109,11.0730000000,left_hand,9,0.5712542534,0.5516432524,-0.0333102830,1.0000000000
110,11.1740000000,left_hand,9,0.5710216761,0.5575721860,-0.0342471376,1.0000000000
111,11.2760000000,left_hand,9,0.5698907971,0.5539221168,-0.0330058038,1.0000000000
112,11.3770000000,left_hand,9,0.5694597960,0.5534828901,-0.0346699059,1.0000000000
113,11.4790000000,left_hand,9,0.5696229339,0.5467370749,-0.0361288302,1.0000000000
114,11.5810000000,left_hand,9,0.5708225369,0.5527620316,-0.0362554006,1.0000000000
115,11.6820000000,left_hand,9,0.5705889463,0.5496633649,-0.0373589471,1.0000000000
116,11.7840000000,left_hand,9,0.5710765719,0.5465569496,-0.0369918942,1.0000000000
117,11.8850000000,left_hand,9,0.5723071098,0.5444941521,-0.0349087156,1.0000000000
118,11.9870000000,left_hand,9,0.5750064850,0.5439252853,-0.0342723317,1.0000000000
50,5.0790000000,left_hand,10,0.5228376389,0.6369670033,-0.0267238449,1.0000000000
51,5.1810000000,left_hand,10,0.5328789949,0.6335529685,-0.0293150712,1.0000000000
52,5.2820000000,left_hand,10,0.5404304266,0.6337010860,-0.0251035132,1.0000000000
53,5.3840000000,left_hand,10,0.5423533122,0.6290350159,-0.0290782042,1.0000000000
54,5.4860000000,left_hand,10,0.5442761978,0.6243689458,-0.0330528952,1.0000000000
55,5.5870000000,left_hand,10,0.5461990833,0.6197028756,-0.0370275863,1.0000000000
56,5.6890000000,left_hand,10,0.4093551934,0.4270823002,-0.0282262415,1.0000000000
57,5.7900000000,left_hand,10,0.5448686481,0.6328753829,-0.0424180776,1.0000000000
58,5.8920000000,left_hand,10,0.4169384539,0.4036797881,-0.0409295075,1.0000000000
59,5.9930000000,left_hand,10,0.5366885662,0.6544929147,-0.0307262950,1.0000000000
60,6.0950000000,left_hand,10,0.4364382029,0.3945643306,-0.0523336828,1.0000000000
61,6.1970000000,left_hand,10,0.5339838266,0.6516386867,-0.0392288305,1.0000000000
62,6.2980000000,left_hand,10,0.5369256139,0.6078717113,-0.0383779816,1.0000000000
63,6.4000000000,left_hand,10,0.5332246423,0.6122611165,-0.0508073680,1.0000000000
64,6.5010000000,left_hand,10,0.5373535156,0.6094980836,-0.0579645708,1.0000000000
65,6.6030000000,left_hand,10,0.5344935656,0.6146641970,-0.0456987061,1.0000000000
66,6.7050000000,left_hand,10,0.5341590643,0.6231666207,-0.0435292758,1.0000000000
67,6.8060000000,left_hand,10,0.5367321372,0.6166656613,-0.0524990037,1.0000000000
68,6.9080000000,left_hand,10,0.5346319675,0.6254441738,-0.0409955867,1.0000000000
69,7.0090000000,left_hand,10,0.5385387540,0.6371627450,-0.0407662578,1.0000000000
70,7.1110000000,left_hand,10,0.5398732424,0.6397608519,-0.0414953940,1.0000000000
71,7.2130000000,left_hand,10,0.5400605798,0.6477939487,-0.0339148976,1.0000000000
72,7.3140000000,left_hand,10,0.5389641523,0.6384850740,-0.0389449075,1.0000000000
73,7.4160000000,left_hand,10,0.5417600274,0.6382291317,-0.0508407392,1.0000000000
74,7.5170000000,left_hand,10,0.5378795862,0.6298906207,-0.0361623354,1.0000000000
75,7.6190000000,left_hand,10,0.5362446308,0.6185085177,-0.0484491549,1.0000000000
76,7.7200000000,left_hand,10,0.5333438516,0.6160480976,-0.0430311263,1.0000000000
77,7.8220000000,left_hand,10,0.5331447721,0.6235287189,-0.0448877364,1.0000000000
78,7.9240000000,left_hand,10,0.5309946537,0.6153650880,-0.0458500944,1.0000000000
79,8.0250000000,left_hand,10,0.5288876295,0.6241031289,-0.0464172140,1.0000000000
80,8.1270000000,left_hand,10,0.5303384066,0.6314843297,-0.0391807966,1.0000000000
81,8.2280000000,left_hand,10,0.5336700082,0.6141179204,-0.0483883880,1.0000000000
82,8.3300000000,left_hand,10,0.5321043134,0.6127383113,-0.0420434810,1.0000000000
83,8.4320000000,left_hand,10,0.5335959792,0.6194800138,-0.0524966717,1.0000000000
84,8.5330000000,left_hand,10,0.5367021561,0.6199288964,-0.0504768379,1.0000000000
85,8.6350000000,left_hand,10,0.5428571105,0.6200024486,-0.0588917509,1.0000000000
86,8.7360000000,left_hand,10,0.5463460684,0.5903877020,-0.0410566628,1.0000000000
87,8.8380000000,left_hand,10,0.5401849151,0.5978550315,-0.0426505283,1.0000000000
88,8.9390000000,left_hand,10,0.5454777479,0.5965552926,-0.0410417430,1.0000000000
89,9.0410000000,left_hand,10,0.5390520692,0.6095898747,-0.0280813575,1.0000000000
90,9.1430000000,left_hand,10,0.4480738938,0.3872044086,-0.0512684174,1.0000000000
91,9.2440000000,left_hand,10,0.5414384007,0.5945313573,-0.0556233861,1.0000000000
92,9.3460000000,left_hand,10,0.5359463692,0.5964562297,-0.0506732948,1.0000000000
93,9.4470000000,left_hand,10,0.5361145139,0.5801383257,-0.0561450422,1.0000000000
94,9.5490000000,left_hand,10,0.5419901013,0.5899414420,-0.0542100035,1.0000000000
95,9.6510000000,left_hand,10,0.5383538008,0.5944604874,-0.0478801057,1.0000000000
96,9.7520000000,left_hand,10,0.5382125378,0.6011884809,-0.0522983223,1.0000000000
97,9.8540000000,left_hand,10,0.5349159241,0.5897040367,-0.0475057587,1.0000000000
98,9.9550000000,left_hand,10,0.5325300097,0.6052730083,-0.0400792994,1.0000000000
99,10.0570000000,left_hand,10,0.5328153968,0.6053199172,-0.0487284251,1.0000000000
100,10.1580000000,left_hand,10,0.5341607928,0.5984516740,-0.0509443469,1.0000000000
101,10.2600000000,left_hand,10,0.5357188582,0.5963043571,-0.0441217907,1.0000000000
102,10.3620000000,left_hand,10,0.5404793024,0.5967962146,-0.0524473451,1.0000000000
103,10.4630000000,left_hand,10,0.5384587646,0.5930268168,-0.0495388098,1.0000000000
104,10.5650000000,left_hand,10,0.5370133519,0.5953781605,-0.0485772789,1.0000000000
105,10.6660000000,left_hand,10,0.5339142680,0.5935678482,-0.0496105030,1.0000000000
106,10.7680000000,left_hand,10,0.5356662273,0.6102993488,-0.0442649834,1.0000000000
107,10.8700000000,left_hand,10,0.5315217972,0.6035291553,-0.0305058975,1.0000000000
108,10.9710000000,left_hand,10,0.5345375538,0.5914372802,-0.0483070873,1.0000000000
109,11.0730000000,left_hand,10,0.5385515094,0.5885942578,-0.0444440469,1.0000000000
110,11.1740000000,left_hand,10,0.5370726585,0.5928289890,-0.0475352854,1.0000000000
111,11.2760000000,left_hand,10,0.5365785360,0.5937916040,-0.0445913710,1.0000000000
112,11.3770000000,left_hand,10,0.5346595049,0.5912581086,-0.0465778336,1.0000000000
113,11.4790000000,left_hand,10,0.5324686766,0.5860134363,-0.0478300713,1.0000000000
114,11.5810000000,left_hand,10,0.5324288011,0.5899886489,-0.0480533727,1.0000000000
115,11.6820000000,left_hand,10,0.5323161483,0.5873215795,-0.0498690009,1.0000000000
116,11.7840000000,left_hand,10,0.5336825848,0.5862823725,-0.0484395400,1.0000000000
117,11.8850000000,left_hand,10,0.5378161073,0.5808503628,-0.0464086421,1.0000000000
118,11.9870000000,left_hand,10,0.5407900810,0.5888180733,-0.0470388830,1.0000000000
50,5.0790000000,left_hand,11,0.5006571412,0.6480185390,-0.0307017621,1.0000000000
51,5.1810000000,left_hand,11,0.5106822252,0.6509559751,-0.0330358781,1.0000000000
52,5.2820000000,left_hand,11,0.5185630322,0.6487815380,-0.0282932296,1.0000000000
53,5.3840000000,left_hand,11,0.5205922325,0.6444722414,-0.0325689750,1.0000000000
54,5.4860000000,left_hand,11,0.5226214329,0.6401629448,-0.0368447204,1.0000000000
55,5.5870000000,left_hand,11,0.5246506333,0.6358536482,-0.0411204658,1.0000000000
56,5.6890000000,left_hand,11,0.4285354018,0.4280079603,-0.0312432852,1.0000000000
57,5.7900000000,left_hand,11,0.5209448338,0.6488500237,-0.0474444292,1.0000000000
58,5.8920000000,left_hand,11,0.4413882196,0.4006592929,-0.0460401475,1.0000000000
59,5.9930000000,left_hand,11,0.5165956020,0.6645842791,-0.0341530889,1.0000000000
60,6.0950000000,left_hand,11,0.4625215828,0.3980556726,-0.0586348735,1.0000000000
61,6.1970000000,left_hand,11,0.5131840706,0.6604628563,-0.0442231186,1.0000000000
62,6.2980000000,left_hand,11,0.5104939342,0.6321014166,-0.0420970917,1.0000000000
63,6.4000000000,left_hand,11,0.5086098313,0.6287034750,-0.0542182922,1.0000000000
64,6.5010000000,left_hand,11,0.5113541484,0.6270358562,-0.0624311417,1.0000000000
65,6.6030000000,left_hand,11,0.5104207397,0.6321310401,-0.0493491441,1.0000000000
66,6.7050000000,left_hand,11,0.5098003149,0.6390798688,-0.0476864651,1.0000000000
67,6.8060000000,left_hand,11,0.5123206973,0.6348954439,-0.0572742298,1.0000000000
68,6.9080000000,left_hand,11,0.5116175413,0.6414991021,-0.0443988144,1.0000000000
69,7.0090000000,left_hand,11,0.5155791044,0.6572946310,-0.0448566303,1.0000000000
70,7.1110000000,left_hand,11,0.5168896914,0.6560830474,-0.0464727059,1.0000000000
71,7.2130000000,left_hand,11,0.5207393169,0.6711423397,-0.0366635099,1.0000000000
72,7.3140000000,left_hand,11,0.5169429779,0.6594445705,-0.0429089703,1.0000000000
73,7.4160000000,left_hand,11,0.5189914703,0.6571372747,-0.0558083057,1.0000000000
74,7.5170000000,left_hand,11,0.5169329643,0.6439859271,-0.0406356975,1.0000000000
75,7.6190000000,left_hand,11,0.5140212178,0.6390273571,-0.0540108532,1.0000000000
76,7.7200000000,left_hand,11,0.5097018480,0.6325572133,-0.0469680317,1.0000000000
77,7.8220000000,left_hand,11,0.5098174214,0.6405125260,-0.0480978899,1.0000000000
78,7.9240000000,left_hand,11,0.5076231360,0.6340206265,-0.0494698361,1.0000000000
79,8.0250000000,left_hand,11,0.5061503649,0.6453486681,-0.0501345284,1.0000000000
80,8.1270000000,left_hand,11,0.5066684484,0.6487346888,-0.0439003743,1.0000000000
81,8.2280000000,left_hand,11,0.5092321038,0.6349113584,-0.0525404103,1.0000000000
82,8.3300000000,left_hand,11,0.5079987645,0.6289526820,-0.0464471057,1.0000000000
83,8.4320000000,left_hand,11,0.5099225640,0.6350601912,-0.0571992286,1.0000000000
84,8.5330000000,left_hand,11,0.5123065710,0.6382978559,-0.0561348833,1.0000000000
85,8.6350000000,left_hand,11,0.5193614960,0.6383770704,-0.0638161749,1.0000000000
86,8.7360000000,left_hand,11,0.5295688510,0.6076983213,-0.0454674065,1.0000000000
87,8.8380000000,left_hand,11,0.5213207603,0.6217395067,-0.0468753055,1.0000000000
88,8.9390000000,left_hand,11,0.5276426077,0.6164571643,-0.0455087721,1.0000000000
89,9.0410000000,left_hand,11,0.5207862854,0.6249279976,-0.0307098832,1.0000000000
90,9.1430000000,left_hand,11,0.4735924304,0.4004991651,-0.0612785853,1.0000000000
91,9.2440000000,left_hand,11,0.5164313316,0.6238282323,-0.0615260750,1.0000000000
92,9.3460000000,left_hand,11,0.5125786662,0.6295226216,-0.0545446053,1.0000000000
93,9.4470000000,left_hand,11,0.5136830211,0.6186172366,-0.0623466969,1.0000000000
94,9.5490000000,left_hand,11,0.5224801898,0.6259511113,-0.0600182489,1.0000000000
95,9.6510000000,left_hand,11,0.5165015459,0.6311032772,-0.0526734553,1.0000000000
96,9.7520000000,left_hand,11,0.5162502527,0.6356949806,-0.0581151061,1.0000000000
97,9.8540000000,left_hand,11,0.5135744810,0.6205339432,-0.0524620861,1.0000000000
98,9.9550000000,left_hand,11,0.5088865757,0.6317605972,-0.0431307033,1.0000000000
99,10.0570000000,left_hand,11,0.5118862391,0.6361146569,-0.0515841842,1.0000000000
100,10.1580000000,left_hand,11,0.5109861493,0.6232257485,-0.0537154786,1.0000000000
101,10.2600000000,left_hand,11,0.5135454535,0.6215204000,-0.0469055399,1.0000000000
102,10.3620000000,left_hand,11,0.5173848271,0.6244590282,-0.0562817082,1.0000000000
103,10.4630000000,left_hand,11,0.5158523321,0.6190675497,-0.0542455204,1.0000000000
104,10.5650000000,left_hand,11,0.5134845972,0.6242095232,-0.0525012799,1.0000000000
105,10.6660000000,left_hand,11,0.5111762881,0.6192778945,-0.0530949682,1.0000000000
106,10.7680000000,left_hand,11,0.5109933615,0.6301031113,-0.0484651625,1.0000000000
107,10.8700000000,left_hand,11,0.5109937191,0.6279662251,-0.0353630036,1.0000000000
108,10.9710000000,left_hand,11,0.5151448250,0.6174724102,-0.0519124456,1.0000000000
109,11.0730000000,left_hand,11,0.5188095570,0.6157746315,-0.0478949621,1.0000000000
110,11.1740000000,left_hand,11,0.5156735182,0.6198903918,-0.0522218868,1.0000000000
111,11.2760000000,left_hand,11,0.5158968568,0.6215105057,-0.0484269373,1.0000000000
112,11.3770000000,left_hand,11,0.5140614510,0.6167597175,-0.0504422672,1.0000000000
113,11.4790000000,left_hand,11,0.5107372999,0.6116266251,-0.0509898849,1.0000000000
114,11.5810000000,left_hand,11,0.5096324086,0.6134951711,-0.0513950214,1.0000000000
115,11.6820000000,left_hand,11,0.5094546676,0.6109610796,-0.0532658398,1.0000000000
116,11.7840000000,left_hand,11,0.5109004378,0.6119484305,-0.0510019623,1.0000000000
117,11.8850000000,left_hand,11,0.5180692673,0.6079354286,-0.0487190671,1.0000000000
118,11.9870000000,left_hand,11,0.5209853649,0.6204954386,-0.0509468876,1.0000000000
50,5.0790000000,left_hand,12,0.4833943844,0.6536052227,-0.0336313061,1.0000000000
51,5.1810000000,left_hand,12,0.4943376184,0.6615623832,-0.0351892225,1.0000000000
52,5.2820000000,left_hand,12,0.5027683973,0.6582048535,-0.0299147628,1.0000000000
53,5.3840000000,left_hand,12,0.5049003164,0.6539882819,-0.0347076518,1.0000000000
54,5.4860000000,left_hand,12,0.5070322355,0.6497717102,-0.0395005407,1.0000000000
55,5.5870000000,left_hand,12,0.5091641545,0.6455551386,-0.0442934297,1.0000000000
56,5.6890000000,left_hand,12,0.4423954487,0.4297573864,-0.0330384597,1.0000000000
57,5.7900000000,left_hand,12,0.5036812425,0.6565765738,-0.0508079678,1.0000000000
58,5.8920000000,left_hand,12,0.4583849311,0.4024570584,-0.0483388864,1.0000000000
59,5.9930000000,left_hand,12,0.5011849403,0.6697694063,-0.0354794003,1.0000000000
60,6.0950000000,left_hand,12,0.4798010886,0.4028023481,-0.0624106973,1.0000000000
61,6.1970000000,left_hand,12,0.4977577031,0.6654436588,-0.0470936969,1.0000000000
62,6.2980000000,left_hand,12,0.4915863276,0.6532940269,-0.0468400270,1.0000000000
63,6.4000000000,left_hand,12,0.4908443093,0.6384664774,-0.0579298437,1.0000000000
64,6.5010000000,left_hand,12,0.4927031994,0.6361709237,-0.0661612749,1.0000000000
65,6.6030000000,left_hand,12,0.4925606251,0.6432321668,-0.0531075411,1.0000000000
66,6.7050000000,left_hand,12,0.4917449057,0.6489123702,-0.0517369285,1.0000000000
67,6.8060000000,left_hand,12,0.4940834045,0.6451777816,-0.0614942275,1.0000000000
68,6.9080000000,left_hand,12,0.4947324693,0.6491869092,-0.0475492887,1.0000000000
69,7.0090000000,left_hand,12,0.4980582297,0.6682595015,-0.0486817397,1.0000000000
70,7.1110000000,left_hand,12,0.4998124242,0.6640028954,-0.0505580455,1.0000000000
71,7.2130000000,left_hand,12,0.5061845779,0.6853004694,-0.0378898568,1.0000000000
72,7.3140000000,left_hand,12,0.5007387996,0.6724326611,-0.0457386039,1.0000000000
73,7.4160000000,left_hand,12,0.5023735762,0.6667128205,-0.0599496178,1.0000000000
74,7.5170000000,left_hand,12,0.5010361671,0.6508224607,-0.0442189686,1.0000000000
75,7.6190000000,left_hand,12,0.4976641536,0.6521971226,-0.0578719154,1.0000000000
76,7.7200000000,left_hand,12,0.4925298095,0.6406428218,-0.0506728217,1.0000000000
77,7.8220000000,left_hand,12,0.4926516414,0.6495712996,-0.0513507687,1.0000000000
78,7.9240000000,left_hand,12,0.4905254841,0.6441683173,-0.0527229495,1.0000000000
79,8.0250000000,left_hand,12,0.4896511436,0.6564822793,-0.0534596890,1.0000000000
80,8.1270000000,left_hand,12,0.4894606769,0.6571505070,-0.0482504629,1.0000000000
81,8.2280000000,left_hand,12,0.4917570949,0.6455961466,-0.0560257286,1.0000000000
82,8.3300000000,left_hand,12,0.4895043969,0.6369508505,-0.0503495261,1.0000000000
83,8.4320000000,left_hand,12,0.4924350977,0.6422348022,-0.0615278743,1.0000000000
84,8.5330000000,left_hand,12,0.4941509366,0.6475148201,-0.0611013435,1.0000000000
85,8.6350000000,left_hand,12,0.5017575026,0.6489024162,-0.0669711232,1.0000000000
86,8.7360000000,left_hand,12,0.5167981386,0.6201415658,-0.0493425205,1.0000000000
87,8.8380000000,left_hand,12,0.5061235428,0.6408088207,-0.0502507836,1.0000000000
88,8.9390000000,left_hand,12,0.5131950974,0.6315494180,-0.0492710620,1.0000000000
89,9.0410000000,left_hand,12,0.5072146058,0.6364970803,-0.0322395712,1.0000000000
90,9.1430000000,left_hand,12,0.4905205667,0.4184187353,-0.0677469745,1.0000000000
91,9.2440000000,left_hand,12,0.4988326728,0.6457091570,-0.0664502010,1.0000000000
92,9.3460000000,left_hand,12,0.4951923490,0.6549741030,-0.0572130270,1.0000000000
93,9.4470000000,left_hand,12,0.4964142740,0.6490251422,-0.0679716840,1.0000000000
94,9.5490000000,left_hand,12,0.5085801482,0.6533384919,-0.0646293983,1.0000000000
95,9.6510000000,left_hand,12,0.5004810691,0.6583554745,-0.0573330894,1.0000000000
96,9.7520000000,left_hand,12,0.4987322390,0.6613169909,-0.0634951144,1.0000000000
97,9.8540000000,left_hand,12,0.4972761571,0.6433105469,-0.0567866229,1.0000000000
98,9.9550000000,left_hand,12,0.4923201799,0.6489415169,-0.0460468009,1.0000000000
99,10.0570000000,left_hand,12,0.4982923865,0.6549994946,-0.0546283834,1.0000000000
100,10.1580000000,left_hand,12,0.4944344163,0.6388323903,-0.0562885031,1.0000000000
101,10.2600000000,left_hand,12,0.4977355301,0.6377124786,-0.0496865213,1.0000000000
102,10.3620000000,left_hand,12,0.5010979772,0.6430512667,-0.0597069152,1.0000000000
103,10.4630000000,left_hand,12,0.4993503094,0.6383652687,-0.0585787743,1.0000000000
104,10.5650000000,left_hand,12,0.4967334867,0.6441290975,-0.0562586151,1.0000000000
105,10.6660000000,left_hand,12,0.4945009053,0.6363064647,-0.0562820882,1.0000000000
106,10.7680000000,left_hand,12,0.4932526648,0.6417037249,-0.0520755686,1.0000000000
107,10.8700000000,left_hand,12,0.4957596958,0.6451823711,-0.0388881192,1.0000000000
108,10.9710000000,left_hand,12,0.5014464855,0.6337752342,-0.0546774119,1.0000000000
109,11.0730000000,left_hand,12,0.5037658811,0.6347743869,-0.0509706475,1.0000000000
110,11.1740000000,left_hand,12,0.4999705851,0.6403388977,-0.0559703447,1.0000000000
111,11.2760000000,left_hand,12,0.5011331439,0.6403347254,-0.0517447516,1.0000000000
112,11.3770000000,left_hand,12,0.4994720221,0.6336809993,-0.0537127852,1.0000000000
113,11.4790000000,left_hand,12,0.4955013990,0.6289274096,-0.0539998002,1.0000000000
114,11.5810000000,left_hand,12,0.4936324954,0.6280832291,-0.0546457320,1.0000000000
115,11.6820000000,left_hand,12,0.4936629236,0.6265274286,-0.0563058108,1.0000000000
116,11.7840000000,left_hand,12,0.4958665371,0.6290540695,-0.0537867062,1.0000000000
117,11.8850000000,left_hand,12,0.5043196082,0.6264483333,-0.0507932603,1.0000000000
118,11.9870000000,left_hand,12,0.5065788627,0.6420644522,-0.0543860272,1.0000000000
50,5.0790000000,left_hand,13,0.5603049397,0.6415038109,-0.0237317570,1.0000000000
51,5.1810000000,left_hand,13,0.5705676079,0.6344535947,-0.0253006052,1.0000000000
52,5.2820000000,left_hand,13,0.5768604279,0.6210986376,-0.0217651762,1.0000000000
53,5.3840000000,left_hand,13,0.5794127782,0.6204736829,-0.0247131524,1.0000000000
54,5.4860000000,left_hand,13,0.5819651286,0.6198487282,-0.0276611286,1.0000000000
55,5.5870000000,left_hand,13,0.5845174789,0.6192237735,-0.0306091048,1.0000000000
56,5.6890000000,left_hand,13,0.3807880282,0.4616446793,-0.0240963325,1.0000000000
57,5.7900000000,left_hand,13,0.5866326690,0.6321972013,-0.0340158120,1.0000000000
58,5.8920000000,left_hand,13,0.3800747097,0.4471259415,-0.0339959934,1.0000000000
59,5.9930000000,left_hand,13,0.5665498376,0.6239722967,-0.0233659763,1.0000000000
60,6.0950000000,left_hand,13,0.3934733570,0.4393295348,-0.0418615565,1.0000000000
61,6.1970000000,left_hand,13,0.5606774688,0.6120111346,-0.0287908651,1.0000000000
62,6.2980000000,left_hand,13,0.5749073029,0.5576641560,-0.0362304524,1.0000000000
63,6.4000000000,left_hand,13,0.5791072249,0.6157561541,-0.0419790521,1.0000000000
64,6.5010000000,left_hand,13,0.5820473433,0.6132459641,-0.0454386286,1.0000000000
65,6.6030000000,left_hand,13,0.5757635236,0.6143859029,-0.0384239107,1.0000000000
66,6.7050000000,left_hand,13,0.5755791664,0.6151588559,-0.0361323468,1.0000000000
67,6.8060000000,left_hand,13,0.5810788274,0.6179102063,-0.0423940532,1.0000000000
68,6.9080000000,left_hand,13,0.5787531734,0.6236880422,-0.0346825607,1.0000000000
69,7.0090000000,left_hand,13,0.5801065564,0.6262770891,-0.0334765315,1.0000000000
70,7.1110000000,left_hand,13,0.5799308419,0.6337455511,-0.0337209739,1.0000000000
71,7.2130000000,left_hand,13,0.5718528628,0.6014460921,-0.0252608955,1.0000000000
72,7.3140000000,left_hand,13,0.5802171826,0.6252544522,-0.0316954292,1.0000000000
73,7.4160000000,left_hand,13,0.5857974291,0.6277411580,-0.0402911119,1.0000000000
74,7.5170000000,left_hand,13,0.5774056911,0.6278435588,-0.0299409535,1.0000000000
75,7.6190000000,left_hand,13,0.5782977343,0.6176137328,-0.0393173993,1.0000000000
76,7.7200000000,left_hand,13,0.5773518682,0.6125512123,-0.0352162868,1.0000000000
77,7.8220000000,left_hand,13,0.5760803819,0.6211609840,-0.0371974148,1.0000000000
78,7.9240000000,left_hand,13,0.5752074718,0.6117623448,-0.0377167985,1.0000000000
79,8.0250000000,left_hand,13,0.5727808475,0.6138668060,-0.0378979407,1.0000000000
80,8.1270000000,left_hand,13,0.5729152560,0.6209184527,-0.0323530361,1.0000000000
81,8.2280000000,left_hand,13,0.5745446682,0.6103574038,-0.0379705690,1.0000000000
82,8.3300000000,left_hand,13,0.5738418698,0.6073510647,-0.0333602577,1.0000000000
83,8.4320000000,left_hand,13,0.5771385431,0.6172146201,-0.0428598039,1.0000000000
84,8.5330000000,left_hand,13,0.5782464147,0.6117555499,-0.0394714437,1.0000000000
85,8.6350000000,left_hand,13,0.5728107095,0.5633474588,-0.0420509428,1.0000000000
86,8.7360000000,left_hand,13,0.5813115835,0.5885192752,-0.0333664864,1.0000000000
87,8.8380000000,left_hand,13,0.5761688352,0.5801541805,-0.0344947204,1.0000000000
88,8.9390000000,left_hand,13,0.5784401298,0.5887687206,-0.0331601910,1.0000000000
89,9.0410000000,left_hand,13,0.5647374988,0.5621931553,-0.0211672522,1.0000000000
90,9.1430000000,left_hand,13,0.4001889527,0.4253968894,-0.0415051095,1.0000000000
91,9.2440000000,left_hand,13,0.5867809057,0.5865365267,-0.0460084006,1.0000000000
92,9.3460000000,left_hand,13,0.5787763596,0.5669444203,-0.0386204422,1.0000000000
93,9.4470000000,left_hand,13,0.5802023411,0.5696800351,-0.0469848700,1.0000000000
94,9.5490000000,left_hand,13,0.5835747123,0.5811138153,-0.0417426229,1.0000000000
95,9.6510000000,left_hand,13,0.5827336311,0.5842365026,-0.0390852652,1.0000000000
96,9.7520000000,left_hand,13,0.5817874670,0.5877977014,-0.0425235853,1.0000000000
97,9.8540000000,left_hand,13,0.5782513022,0.5826141834,-0.0383570082,1.0000000000
98,9.9550000000,left_hand,13,0.5778883100,0.5806684494,-0.0320305713,1.0000000000
99,10.0570000000,left_hand,13,0.5765939951,0.5896456242,-0.0395169221,1.0000000000
100,10.1580000000,left_hand,13,0.5792170763,0.5894452333,-0.0408328660,1.0000000000
101,10.2600000000,left_hand,13,0.5807812810,0.5840304494,-0.0368598364,1.0000000000
102,10.3620000000,left_hand,13,0.5830998421,0.5840113163,-0.0408684649,1.0000000000
103,10.4630000000,left_hand,13,0.5826898217,0.5803012848,-0.0402945802,1.0000000000
104,10.5650000000,left_hand,13,0.5833871961,0.5836405158,-0.0395414494,1.0000000000
105,10.6660000000,left_hand,13,0.5796088576,0.5829834938,-0.0405659713,1.0000000000
106,10.7680000000,left_hand,13,0.5781787634,0.5809591413,-0.0337733291,1.0000000000
107,10.8700000000,left_hand,13,0.5673117042,0.5802990198,-0.0235315207,1.0000000000
108,10.9710000000,left_hand,13,0.5768439174,0.5797275901,-0.0385297053,1.0000000000
109,11.0730000000,left_hand,13,0.5802975297,0.5790846348,-0.0367793813,1.0000000000
110,11.1740000000,left_hand,13,0.5800103545,0.5856453180,-0.0395508707,1.0000000000
111,11.2760000000,left_hand,13,0.5775845051,0.5839177370,-0.0363344401,1.0000000000
112,11.3770000000,left_hand,13,0.5764226317,0.5837811828,-0.0378401391,1.0000000000
113,11.4790000000,left_hand,13,0.5777667165,0.5783052444,-0.0395161808,1.0000000000
114,11.5810000000,left_hand,13,0.5776399374,0.5846640468,-0.0391625054,1.0000000000
115,11.6820000000,left_hand,13,0.5780987740,0.5819014311,-0.0400558971,1.0000000000
116,11.7840000000,left_hand,13,0.5796187520,0.5778095722,-0.0403651185,1.0000000000
117,11.8850000000,left_hand,13,0.5819398761,0.5741523504,-0.0387737677,1.0000000000
118,11.9870000000,left_hand,13,0.5838376284,0.5720089078,-0.0383220054,1.0000000000
50,5.0790000000,left_hand,14,0.5294647813,0.6635072827,-0.0308595076,1.0000000000
51,5.1810000000,left_hand,14,0.5387151837,0.6587169170,-0.0335330367,1.0000000000
52,5.2820000000,left_hand,14,0.5434024334,0.6429590583,-0.0292084720,1.0000000000
53,5.3840000000,left_hand,14,0.5458407799,0.6452281078,-0.0325876673,1.0000000000
54,5.4860000000,left_hand,14,0.5482791265,0.6474971573,-0.0359668626,1.0000000000
55,5.5870000000,left_hand,14,0.5507174730,0.6497662067,-0.0393460579,1.0000000000
56,5.6890000000,left_hand,14,0.4083136320,0.4554518759,-0.0319140777,1.0000000000
57,5.7900000000,left_hand,14,0.5535023212,0.6569777727,-0.0443075597,1.0000000000
58,5.8920000000,left_hand,14,0.4163661599,0.4349302649,-0.0454896800,1.0000000000
59,5.9930000000,left_hand,14,0.5383164287,0.6399146318,-0.0324016772,1.0000000000
60,6.0950000000,left_hand,14,0.4344655275,0.4284834862,-0.0551672913,1.0000000000
61,6.1970000000,left_hand,14,0.5320501328,0.6233697534,-0.0403156914,1.0000000000
62,6.2980000000,left_hand,14,0.5357072949,0.5741840601,-0.0439830236,1.0000000000
63,6.4000000000,left_hand,14,0.5409222245,0.6474505663,-0.0512278900,1.0000000000
64,6.5010000000,left_hand,14,0.5432807803,0.6462801695,-0.0577488206,1.0000000000
65,6.6030000000,left_hand,14,0.5396029353,0.6456725597,-0.0475719869,1.0000000000
66,6.7050000000,left_hand,14,0.5377389193,0.6454668045,-0.0452378131,1.0000000000
67,6.8060000000,left_hand,14,0.5456674099,0.6532480717,-0.0539253801,1.0000000000
68,6.9080000000,left_hand,14,0.5440108180,0.6585251093,-0.0432310589,1.0000000000
69,7.0090000000,left_hand,14,0.5466951132,0.6633324623,-0.0423599742,1.0000000000
70,7.1110000000,left_hand,14,0.5474352241,0.6667715907,-0.0436522774,1.0000000000
71,7.2130000000,left_hand,14,0.5388352275,0.6346117258,-0.0344087370,1.0000000000
72,7.3140000000,left_hand,14,0.5469514728,0.6572358608,-0.0407626890,1.0000000000
73,7.4160000000,left_hand,14,0.5515829325,0.6614484787,-0.0512599722,1.0000000000
74,7.5170000000,left_hand,14,0.5472686291,0.6553570032,-0.0383167937,1.0000000000
75,7.6190000000,left_hand,14,0.5449392200,0.6480085254,-0.0507512763,1.0000000000
76,7.7200000000,left_hand,14,0.5412566662,0.6486349702,-0.0436538979,1.0000000000
77,7.8220000000,left_hand,14,0.5399007797,0.6537122726,-0.0455264971,1.0000000000
78,7.9240000000,left_hand,14,0.5388482213,0.6490252018,-0.0467862040,1.0000000000
79,8.0250000000,left_hand,14,0.5376024246,0.6550096869,-0.0470274314,1.0000000000
80,8.1270000000,left_hand,14,0.5373222232,0.6573332548,-0.0412211418,1.0000000000
81,8.2280000000,left_hand,14,0.5410162210,0.6458423138,-0.0479496978,1.0000000000
82,8.3300000000,left_hand,14,0.5390261412,0.6442402601,-0.0428077243,1.0000000000
83,8.4320000000,left_hand,14,0.5401422977,0.6502161026,-0.0535799637,1.0000000000
84,8.5330000000,left_hand,14,0.5437787771,0.6455965042,-0.0507804863,1.0000000000
85,8.6350000000,left_hand,14,0.5378942490,0.5920895338,-0.0564843863,1.0000000000
86,8.7360000000,left_hand,14,0.5579311848,0.6180764437,-0.0425477289,1.0000000000
87,8.8380000000,left_hand,14,0.5475072265,0.6095843315,-0.0431822240,1.0000000000
88,8.9390000000,left_hand,14,0.5545420051,0.6146546602,-0.0422334448,1.0000000000
89,9.0410000000,left_hand,14,0.5376659632,0.5764944553,-0.0294369068,1.0000000000
90,9.1430000000,left_hand,14,0.4359546900,0.4085960090,-0.0560637638,1.0000000000
91,9.2440000000,left_hand,14,0.5478550792,0.6243367195,-0.0601045154,1.0000000000
92,9.3460000000,left_hand,14,0.5414549112,0.6141011715,-0.0510955825,1.0000000000
93,9.4470000000,left_hand,14,0.5456703901,0.6053016186,-0.0604544207,1.0000000000
94,9.5490000000,left_hand,14,0.5526282191,0.6263548136,-0.0554957688,1.0000000000
95,9.6510000000,left_hand,14,0.5486951470,0.6268697381,-0.0494734496,1.0000000000
96,9.7520000000,left_hand,14,0.5482361913,0.6337649226,-0.0544486269,1.0000000000
97,9.8540000000,left_hand,14,0.5438454747,0.6209933162,-0.0493135341,1.0000000000
98,9.9550000000,left_hand,14,0.5382590890,0.6257485747,-0.0399144925,1.0000000000
99,10.0570000000,left_hand,14,0.5401509404,0.6380513310,-0.0496157520,1.0000000000
100,10.1580000000,left_hand,14,0.5432567000,0.6350979805,-0.0508742370,1.0000000000
101,10.2600000000,left_hand,14,0.5443277359,0.6298155189,-0.0458454527,1.0000000000
102,10.3620000000,left_hand,14,0.5488809347,0.6316513419,-0.0522229634,1.0000000000
103,10.4630000000,left_hand,14,0.5488504171,0.6272202730,-0.0519233346,1.0000000000
104,10.5650000000,left_hand,14,0.5479012728,0.6315163970,-0.0500274114,1.0000000000
105,10.6660000000,left_hand,14,0.5435339212,0.6289625764,-0.0509238727,1.0000000000
106,10.7680000000,left_hand,14,0.5405964255,0.6291830540,-0.0427152589,1.0000000000
107,10.8700000000,left_hand,14,0.5358535647,0.6145071983,-0.0314962752,1.0000000000
108,10.9710000000,left_hand,14,0.5451756716,0.6240009069,-0.0489234664,1.0000000000
109,11.0730000000,left_hand,14,0.5487304330,0.6249603629,-0.0465280339,1.0000000000
110,11.1740000000,left_hand,14,0.5478053689,0.6309806108,-0.0510252230,1.0000000000
111,11.2760000000,left_hand,14,0.5446572304,0.6284506917,-0.0463642627,1.0000000000
112,11.3770000000,left_hand,14,0.5437451005,0.6266168356,-0.0478531010,1.0000000000
113,11.4790000000,left_hand,14,0.5429999232,0.6201916933,-0.0498672873,1.0000000000
114,11.5810000000,left_hand,14,0.5413335562,0.6262168884,-0.0492769033,1.0000000000
115,11.6820000000,left_hand,14,0.5415233970,0.6258167028,-0.0508586019,1.0000000000
116,11.7840000000,left_hand,14,0.5433589816,0.6217597723,-0.0502343662,1.0000000000
117,11.8850000000,left_hand,14,0.5502404571,0.6216019392,-0.0487525612,1.0000000000
118,11.9870000000,left_hand,14,0.5510234237,0.6209819317,-0.0490091108,1.0000000000
50,5.0790000000,left_hand,15,0.5078701377,0.6752771735,-0.0339207426,1.0000000000
51,5.1810000000,left_hand,15,0.5164552331,0.6719630361,-0.0368575342,1.0000000000
52,5.2820000000,left_hand,15,0.5215921402,0.6551808119,-0.0329515487,1.0000000000
53,5.3840000000,left_hand,15,0.5241836905,0.6583505472,-0.0364097034,1.0000000000
54,5.4860000000,left_hand,15,0.5267752409,0.6615202824,-0.0398678581,1.0000000000
55,5.5870000000,left_hand,15,0.5293667912,0.6646900177,-0.0433260128,1.0000000000
56,5.6890000000,left_hand,15,0.4254224300,0.4545888901,-0.0334969684,1.0000000000
57,5.7900000000,left_hand,15,0.5300575495,0.6695191860,-0.0493260063,1.0000000000
58,5.8920000000,left_hand,15,0.4389359057,0.4339824319,-0.0470727682,1.0000000000
59,5.9930000000,left_hand,15,0.5189408660,0.6491300464,-0.0359442979,1.0000000000
60,6.0950000000,left_hand,15,0.4596925080,0.4281674922,-0.0575990975,1.0000000000
61,6.1970000000,left_hand,15,0.5123986602,0.6319305301,-0.0450576730,1.0000000000
62,6.2980000000,left_hand,15,0.5118051767,0.5937383771,-0.0472298786,1.0000000000
63,6.4000000000,left_hand,15,0.5163135529,0.6631652117,-0.0530649386,1.0000000000
64,6.5010000000,left_hand,15,0.5176829100,0.6650511026,-0.0609932356,1.0000000000
65,6.6030000000,left_hand,15,0.5162784457,0.6622521281,-0.0496285819,1.0000000000
66,6.7050000000,left_hand,15,0.5145893097,0.6601712108,-0.0480169728,1.0000000000
67,6.8060000000,left_hand,15,0.5217795372,0.6718592048,-0.0567409210,1.0000000000
68,6.9080000000,left_hand,15,0.5216601491,0.6766265035,-0.0455604531,1.0000000000
69,7.0090000000,left_hand,15,0.5237081647,0.6830185056,-0.0454072431,1.0000000000
70,7.1110000000,left_hand,15,0.5247594118,0.6846004725,-0.0476360098,1.0000000000
71,7.2130000000,left_hand,15,0.5199513435,0.6547014117,-0.0359757580,1.0000000000
72,7.3140000000,left_hand,15,0.5260192752,0.6754640937,-0.0428016409,1.0000000000
73,7.4160000000,left_hand,15,0.5307067633,0.6813976169,-0.0544582494,1.0000000000
74,7.5170000000,left_hand,15,0.5279834867,0.6714352965,-0.0408993997,1.0000000000
75,7.6190000000,left_hand,15,0.5241868496,0.6675151587,-0.0544546396,1.0000000000
76,7.7200000000,left_hand,15,0.5182986856,0.6647298336,-0.0460553952,1.0000000000
77,7.8220000000,left_hand,15,0.5175871849,0.6706339717,-0.0477317087,1.0000000000
78,7.9240000000,left_hand,15,0.5157771111,0.6707029343,-0.0490676872,1.0000000000
79,8.0250000000,left_hand,15,0.5153447390,0.6757092476,-0.0490216203,1.0000000000
80,8.1270000000,left_hand,15,0.5145247579,0.6752334237,-0.0442553088,1.0000000000
81,8.2280000000,left_hand,15,0.5172291398,0.6641440988,-0.0509097241,1.0000000000
82,8.3300000000,left_hand,15,0.5156784058,0.6605562568,-0.0460334532,1.0000000000
83,8.4320000000,left_hand,15,0.5170633793,0.6666924953,-0.0567499585,1.0000000000
84,8.5330000000,left_hand,15,0.5193965435,0.6636333466,-0.0547010861,1.0000000000
85,8.6350000000,left_hand,15,0.5154266357,0.6089474559,-0.0599375404,1.0000000000
86,8.7360000000,left_hand,15,0.5416908860,0.6405385137,-0.0464600287,1.0000000000
87,8.8380000000,left_hand,15,0.5285533667,0.6321523786,-0.0450860783,1.0000000000
88,8.9390000000,left_hand,15,0.5385316014,0.6331056356,-0.0443028547,1.0000000000
89,9.0410000000,left_hand,15,0.5199354887,0.5893900990,-0.0313679799,1.0000000000
90,9.1430000000,left_hand,15,0.4620509744,0.4207828641,-0.0613368154,1.0000000000
91,9.2440000000,left_hand,15,0.5238183141,0.6497727633,-0.0636067986,1.0000000000
92,9.3460000000,left_hand,15,0.5185520649,0.6432017088,-0.0526172258,1.0000000000
93,9.4470000000,left_hand,15,0.5224385262,0.6383338571,-0.0647152364,1.0000000000
94,9.5490000000,left_hand,15,0.5340651274,0.6580275297,-0.0580143668,1.0000000000
95,9.6510000000,left_hand,15,0.5253990889,0.6579836011,-0.0523490347,1.0000000000
96,9.7520000000,left_hand,15,0.5254424810,0.6645463109,-0.0578694567,1.0000000000
97,9.8540000000,left_hand,15,0.5212070942,0.6490644813,-0.0523844548,1.0000000000
98,9.9550000000,left_hand,15,0.5137949586,0.6484946609,-0.0412503555,1.0000000000
99,10.0570000000,left_hand,15,0.5177035928,0.6663203239,-0.0514282286,1.0000000000
100,10.1580000000,left_hand,15,0.5204057097,0.6578951478,-0.0522264838,1.0000000000
101,10.2600000000,left_hand,15,0.5222899318,0.6527433395,-0.0473575071,1.0000000000
102,10.3620000000,left_hand,15,0.5265820026,0.6558817625,-0.0544559881,1.0000000000
103,10.4630000000,left_hand,15,0.5276002884,0.6529079676,-0.0548397526,1.0000000000
104,10.5650000000,left_hand,15,0.5250368714,0.6583997011,-0.0521084890,1.0000000000
105,10.6660000000,left_hand,15,0.5211394429,0.6542003155,-0.0526433475,1.0000000000
106,10.7680000000,left_hand,15,0.5167273879,0.6513730884,-0.0456940047,1.0000000000
107,10.8700000000,left_hand,15,0.5163238049,0.6373997331,-0.0337618515,1.0000000000
108,10.9710000000,left_hand,15,0.5273049474,0.6510314345,-0.0503747985,1.0000000000
109,11.0730000000,left_hand,15,0.5301660299,0.6519664526,-0.0481326431,1.0000000000
110,11.1740000000,left_hand,15,0.5283811092,0.6577623487,-0.0534095131,1.0000000000
111,11.2760000000,left_hand,15,0.5244888067,0.6542497277,-0.0480924696,1.0000000000
112,11.3770000000,left_hand,15,0.5242296457,0.6490963697,-0.0496058241,1.0000000000
113,11.4790000000,left_hand,15,0.5218008757,0.6437064409,-0.0516267419,1.0000000000
114,11.5810000000,left_hand,15,0.5200331211,0.6496640444,-0.0512608625,1.0000000000
115,11.6820000000,left_hand,15,0.5193606019,0.6484003067,-0.0529160053,1.0000000000
116,11.7840000000,left_hand,15,0.5217204690,0.6449953318,-0.0518441126,1.0000000000
117,11.8850000000,left_hand,15,0.5317208171,0.6482386589,-0.0496439785,1.0000000000
118,11.9870000000,left_hand,15,0.5321599245,0.6479555368,-0.0508254245,1.0000000000
50,5.0790000000,left_hand,16,0.4906197786,0.6807945371,-0.0360812992,1.0000000000
51,5.1810000000,left_hand,16,0.4993315637,0.6788555980,-0.0385848507,1.0000000000
52,5.2820000000,left_hand,16,0.5051319599,0.6627464890,-0.0350017883,1.0000000000
53,5.3840000000,left_hand,16,0.5082096457,0.6662188768,-0.0387514308,1.0000000000
54,5.4860000000,left_hand,16,0.5112873316,0.6696912646,-0.0425010733,1.0000000000
55,5.5870000000,left_hand,16,0.5143650174,0.6731636524,-0.0462507159,1.0000000000
56,5.6890000000,left_hand,16,0.4391994476,0.4532578588,-0.0343330614,1.0000000000
57,5.7900000000,left_hand,16,0.5126621723,0.6742398739,-0.0523222163,1.0000000000
58,5.8920000000,left_hand,16,0.4544024467,0.4313601255,-0.0469546132,1.0000000000
59,5.9930000000,left_hand,16,0.5038729906,0.6552461982,-0.0371225104,1.0000000000
60,6.0950000000,left_hand,16,0.4758737087,0.4273066521,-0.0583243556,1.0000000000
61,6.1970000000,left_hand,16,0.4974252582,0.6388669610,-0.0471952111,1.0000000000
62,6.2980000000,left_hand,16,0.4943175912,0.6111975312,-0.0512675606,1.0000000000
63,6.4000000000,left_hand,16,0.4986053109,0.6717050672,-0.0553144217,1.0000000000
64,6.5010000000,left_hand,16,0.4993118942,0.6749637723,-0.0632759631,1.0000000000
65,6.6030000000,left_hand,16,0.4991179705,0.6723299026,-0.0519021153,1.0000000000
66,6.7050000000,left_hand,16,0.4970893860,0.6690631509,-0.0507259816,1.0000000000
67,6.8060000000,left_hand,16,0.5042399764,0.6824376583,-0.0589025915,1.0000000000
68,6.9080000000,left_hand,16,0.5051918626,0.6856594086,-0.0475515537,1.0000000000
69,7.0090000000,left_hand,16,0.5064514279,0.6941804290,-0.0479746126,1.0000000000
70,7.1110000000,left_hand,16,0.5072396994,0.6938892603,-0.0506635755,1.0000000000
71,7.2130000000,left_hand,16,0.5062700510,0.6686972976,-0.0358529575,1.0000000000
72,7.3140000000,left_hand,16,0.5100977421,0.6864036918,-0.0437894650,1.0000000000
73,7.4160000000,left_hand,16,0.5146561861,0.6920459270,-0.0569415651,1.0000000000
74,7.5170000000,left_hand,16,0.5128160119,0.6792834997,-0.0429178663,1.0000000000
75,7.6190000000,left_hand,16,0.5086146593,0.6792047620,-0.0565649495,1.0000000000
76,7.7200000000,left_hand,16,0.5013861060,0.6723994017,-0.0484508686,1.0000000000
77,7.8220000000,left_hand,16,0.5016524792,0.6798821688,-0.0498430766,1.0000000000
78,7.9240000000,left_hand,16,0.4984717965,0.6833229661,-0.0511159524,1.0000000000
79,8.0250000000,left_hand,16,0.4996302128,0.6872078776,-0.0508463942,1.0000000000
80,8.1270000000,left_hand,16,0.4971571565,0.6842586398,-0.0470525548,1.0000000000
81,8.2280000000,left_hand,16,0.5001083612,0.6729462743,-0.0531027019,1.0000000000
82,8.3300000000,left_hand,16,0.4976092279,0.6694293022,-0.0485762060,1.0000000000
83,8.4320000000,left_hand,16,0.5001060367,0.6747401953,-0.0595727973,1.0000000000
84,8.5330000000,left_hand,16,0.5011766553,0.6727851629,-0.0577305853,1.0000000000
85,8.6350000000,left_hand,16,0.4986527264,0.6220247746,-0.0610769354,1.0000000000
86,8.7360000000,left_hand,16,0.5287791491,0.6565037966,-0.0495461673,1.0000000000
87,8.8380000000,left_hand,16,0.5129137635,0.6517918110,-0.0465711653,1.0000000000
88,8.9390000000,left_hand,16,0.5256177783,0.6463611722,-0.0460462533,1.0000000000
89,9.0410000000,left_hand,16,0.5070428848,0.6017294526,-0.0316780657,1.0000000000
90,9.1430000000,left_hand,16,0.4798332155,0.4364715517,-0.0642596409,1.0000000000
91,9.2440000000,left_hand,16,0.5085772872,0.6653105617,-0.0661449283,1.0000000000
92,9.3460000000,left_hand,16,0.5013178587,0.6662773490,-0.0532502681,1.0000000000
93,9.4470000000,left_hand,16,0.5059946179,0.6651890874,-0.0685225800,1.0000000000
94,9.5490000000,left_hand,16,0.5222598910,0.6791586876,-0.0596240684,1.0000000000
95,9.6510000000,left_hand,16,0.5093123913,0.6805869937,-0.0550818518,1.0000000000
96,9.7520000000,left_hand,16,0.5084936023,0.6860613227,-0.0609157309,1.0000000000
97,9.8540000000,left_hand,16,0.5042974353,0.6693441272,-0.0549564399,1.0000000000
98,9.9550000000,left_hand,16,0.4965529442,0.6638575792,-0.0426281318,1.0000000000
99,10.0570000000,left_hand,16,0.5026870370,0.6837573647,-0.0533107072,1.0000000000
100,10.1580000000,left_hand,16,0.5037219524,0.6703109741,-0.0534289926,1.0000000000
101,10.2600000000,left_hand,16,0.5060292482,0.6655642986,-0.0489640832,1.0000000000
102,10.3620000000,left_hand,16,0.5104869604,0.6708322167,-0.0561433919,1.0000000000
103,10.4630000000,left_hand,16,0.5120261312,0.6696240306,-0.0572305135,1.0000000000
104,10.5650000000,left_hand,16,0.5087577105,0.6749740839,-0.0539328195,1.0000000000
105,10.6660000000,left_hand,16,0.5042226911,0.6692705750,-0.0542413034,1.0000000000
106,10.7680000000,left_hand,16,0.4983881712,0.6657763124,-0.0482973605,1.0000000000
107,10.8700000000,left_hand,16,0.5017800927,0.6548693180,-0.0352046974,1.0000000000
108,10.9710000000,left_hand,16,0.5138751268,0.6685701609,-0.0513096973,1.0000000000
109,11.0730000000,left_hand,16,0.5159308910,0.6686566472,-0.0493906513,1.0000000000
110,11.1740000000,left_hand,16,0.5139338970,0.6757095456,-0.0550834090,1.0000000000
111,11.2760000000,left_hand,16,0.5096901655,0.6710447073,-0.0495096222,1.0000000000
112,11.3770000000,left_hand,16,0.5098093748,0.6623177528,-0.0510674492,1.0000000000
113,11.4790000000,left_hand,16,0.5061748624,0.6572879553,-0.0532764234,1.0000000000
114,11.5810000000,left_hand,16,0.5049686432,0.6633770466,-0.0530896336,1.0000000000
115,11.6820000000,left_hand,16,0.5038176775,0.6621652246,-0.0544916093,1.0000000000
116,11.7840000000,left_hand,16,0.5068860054,0.6588295102,-0.0535568558,1.0000000000
117,11.8850000000,left_hand,16,0.5181097388,0.6642297506,-0.0503161848,1.0000000000
118,11.9870000000,left_hand,16,0.5184680223,0.6648046374,-0.0523194894,1.0000000000
50,5.0790000000,left_hand,17,0.5663784146,0.6647150517,-0.0281242970,1.0000000000
51,5.1810000000,left_hand,17,0.5752260685,0.6580116153,-0.0295813624,1.0000000000
52,5.2820000000,left_hand,17,0.5792759657,0.6359097362,-0.0258680135,1.0000000000
53,5.3840000000,left_hand,17,0.5822264751,0.6406922142,-0.0283920243,1.0000000000
54,5.4860000000,left_hand,17,0.5851769845,0.6454746922,-0.0309160352,1.0000000000
55,5.5870000000,left_hand,17,0.5881274939,0.6502571702,-0.0334400460,1.0000000000
56,5.6890000000,left_hand,17,0.3796252012,0.4909070730,-0.0278180558,1.0000000000
57,5.7900000000,left_hand,17,0.5903152227,0.6570442915,-0.0366125368,1.0000000000
58,5.8920000000,left_hand,17,0.3810729980,0.4734526277,-0.0401482806,1.0000000000
59,5.9930000000,left_hand,17,0.5655561686,0.6122425199,-0.0254605208,1.0000000000
60,6.0950000000,left_hand,17,0.3954001069,0.4721504450,-0.0474011488,1.0000000000
61,6.1970000000,left_hand,17,0.5583255887,0.5891323686,-0.0296889953,1.0000000000
62,6.2980000000,left_hand,17,0.5728393197,0.5416773558,-0.0409900993,1.0000000000
63,6.4000000000,left_hand,17,0.5828659534,0.6488304138,-0.0437206514,1.0000000000
64,6.5010000000,left_hand,17,0.5853114724,0.6465637088,-0.0464850515,1.0000000000
65,6.6030000000,left_hand,17,0.5791966319,0.6482321620,-0.0413303711,1.0000000000
66,6.7050000000,left_hand,17,0.5768206120,0.6420336366,-0.0386413634,1.0000000000
67,6.8060000000,left_hand,17,0.5869955420,0.6504635215,-0.0445929207,1.0000000000
68,6.9080000000,left_hand,17,0.5847947001,0.6540006399,-0.0372828171,1.0000000000
69,7.0090000000,left_hand,17,0.5852350593,0.6539141536,-0.0357131697,1.0000000000
70,7.1110000000,left_hand,17,0.5855405927,0.6590180993,-0.0366063789,1.0000000000
71,7.2130000000,left_hand,17,0.5697430372,0.5997929573,-0.0266202260,1.0000000000
72,7.3140000000,left_hand,17,0.5848248005,0.6500040889,-0.0342549942,1.0000000000
73,7.4160000000,left_hand,17,0.5915148854,0.6518216729,-0.0418991074,1.0000000000
74,7.5170000000,left_hand,17,0.5854358077,0.6518056989,-0.0328399204,1.0000000000
75,7.6190000000,left_hand,17,0.5842033625,0.6458768845,-0.0424208418,1.0000000000
76,7.7200000000,left_hand,17,0.5817095041,0.6418457031,-0.0369474068,1.0000000000
77,7.8220000000,left_hand,17,0.5798368454,0.6500805616,-0.0389861055,1.0000000000
78,7.9240000000,left_hand,17,0.5797751546,0.6423532963,-0.0396304205,1.0000000000
79,8.0250000000,left_hand,17,0.5784541368,0.6436556578,-0.0399243236,1.0000000000
80,8.1270000000,left_hand,17,0.5772609115,0.6476199031,-0.0353088193,1.0000000000
81,8.2280000000,left_hand,17,0.5790308714,0.6400080323,-0.0388649702,1.0000000000
82,8.3300000000,left_hand,17,0.5775161386,0.6375870705,-0.0346475504,1.0000000000
83,8.4320000000,left_hand,17,0.5812703371,0.6466372013,-0.0452373214,1.0000000000
84,8.5330000000,left_hand,17,0.5823307037,0.6400978565,-0.0408917293,1.0000000000
85,8.6350000000,left_hand,17,0.5660912395,0.5473450422,-0.0410887636,1.0000000000
86,8.7360000000,left_hand,17,0.5894844532,0.6116383076,-0.0347794332,1.0000000000
87,8.8380000000,left_hand,17,0.5809298158,0.5992103815,-0.0362797193,1.0000000000
88,8.9390000000,left_hand,17,0.5837659836,0.6094561815,-0.0354724638,1.0000000000
89,9.0410000000,left_hand,17,0.5616164804,0.5422198176,-0.0220806133,1.0000000000
90,9.1430000000,left_hand,17,0.3977366984,0.4524621367,-0.0486266948,1.0000000000
91,9.2440000000,left_hand,17,0.5916168690,0.6154060364,-0.0507107973,1.0000000000
92,9.3460000000,left_hand,17,0.5806437731,0.5892058611,-0.0407824367,1.0000000000
93,9.4470000000,left_hand,17,0.5857635736,0.6033394933,-0.0521410592,1.0000000000
94,9.5490000000,left_hand,17,0.5902766585,0.6137037873,-0.0442157574,1.0000000000
95,9.6510000000,left_hand,17,0.5885352492,0.6201637983,-0.0413104594,1.0000000000
96,9.7520000000,left_hand,17,0.5869532228,0.6231588721,-0.0456762500,1.0000000000
97,9.8540000000,left_hand,17,0.5833489895,0.6150763631,-0.0410839356,1.0000000000
98,9.9550000000,left_hand,17,0.5812801123,0.6068881750,-0.0333254263,1.0000000000
99,10.0570000000,left_hand,17,0.5822715759,0.6218550205,-0.0411413051,1.0000000000
100,10.1580000000,left_hand,17,0.5851509571,0.6214863062,-0.0418869182,1.0000000000
101,10.2600000000,left_hand,17,0.5876066089,0.6154431701,-0.0390446186,1.0000000000
102,10.3620000000,left_hand,17,0.5888196826,0.6155491471,-0.0417603105,1.0000000000
103,10.4630000000,left_hand,17,0.5889967084,0.6121484637,-0.0431506038,1.0000000000
104,10.5650000000,left_hand,17,0.5902149677,0.6148864627,-0.0416855626,1.0000000000
105,10.6660000000,left_hand,17,0.5865352154,0.6144962311,-0.0427521020,1.0000000000
106,10.7680000000,left_hand,17,0.5789643526,0.5985034108,-0.0343246348,1.0000000000
107,10.8700000000,left_hand,17,0.5714247227,0.5959790945,-0.0259415489,1.0000000000
108,10.9710000000,left_hand,17,0.5845127702,0.6092326045,-0.0400173180,1.0000000000
109,11.0730000000,left_hand,17,0.5882810950,0.6085419059,-0.0393801332,1.0000000000
110,11.1740000000,left_hand,17,0.5878985524,0.6154122353,-0.0439852178,1.0000000000
111,11.2760000000,left_hand,17,0.5842220783,0.6146049500,-0.0389433093,1.0000000000
112,11.3770000000,left_hand,17,0.5825111270,0.6153756380,-0.0402455442,1.0000000000
113,11.4790000000,left_hand,17,0.5850911140,0.6115109324,-0.0420958884,1.0000000000
114,11.5810000000,left_hand,17,0.5834996700,0.6162110567,-0.0412445441,1.0000000000
115,11.6820000000,left_hand,17,0.5836840868,0.6144335866,-0.0417971238,1.0000000000
116,11.7840000000,left_hand,17,0.5861896276,0.6095992923,-0.0427418575,1.0000000000
117,11.8850000000,left_hand,17,0.5898575783,0.6059782505,-0.0418034345,1.0000000000
118,11.9870000000,left_hand,17,0.5911031961,0.6016675830,-0.0414452665,1.0000000000
50,5.0790000000,left_hand,18,0.5413581133,0.6854165792,-0.0360239930,1.0000000000
51,5.1810000000,left_hand,18,0.5497636199,0.6800159216,-0.0375517830,1.0000000000
52,5.2820000000,left_hand,18,0.5536447167,0.6550958753,-0.0328363515,1.0000000000
53,5.3840000000,left_hand,18,0.5565399130,0.6633704305,-0.0359971250,1.0000000000
54,5.4860000000,left_hand,18,0.5594351093,0.6716449857,-0.0391578985,1.0000000000
55,5.5870000000,left_hand,18,0.5623303056,0.6799195409,-0.0423186719,1.0000000000
56,5.6890000000,left_hand,18,0.4005149305,0.4910869598,-0.0345557854,1.0000000000
57,5.7900000000,left_hand,18,0.5660116076,0.6794546247,-0.0462509766,1.0000000000
58,5.8920000000,left_hand,18,0.4089197516,0.4683476686,-0.0476454422,1.0000000000
59,5.9930000000,left_hand,18,0.5422418118,0.6216964722,-0.0326706469,1.0000000000
60,6.0950000000,left_hand,18,0.4266426861,0.4659439325,-0.0558716245,1.0000000000
61,6.1970000000,left_hand,18,0.5365717411,0.5958350301,-0.0396561921,1.0000000000
62,6.2980000000,left_hand,18,0.5413878560,0.5391100049,-0.0492860228,1.0000000000
63,6.4000000000,left_hand,18,0.5530515313,0.6784820557,-0.0526802987,1.0000000000
64,6.5010000000,left_hand,18,0.5530842543,0.6778191924,-0.0584505983,1.0000000000
65,6.6030000000,left_hand,18,0.5507034659,0.6775420308,-0.0506824404,1.0000000000
66,6.7050000000,left_hand,18,0.5489314198,0.6714514494,-0.0479276143,1.0000000000
67,6.8060000000,left_hand,18,0.5577597022,0.6816354394,-0.0561438762,1.0000000000
68,6.9080000000,left_hand,18,0.5578101277,0.6839947104,-0.0459153689,1.0000000000
69,7.0090000000,left_hand,18,0.5582008362,0.6875352859,-0.0444312803,1.0000000000
70,7.1110000000,left_hand,18,0.5600447655,0.6880005598,-0.0466547757,1.0000000000
71,7.2130000000,left_hand,18,0.5430968404,0.6161779165,-0.0346330851,1.0000000000
72,7.3140000000,left_hand,18,0.5594943762,0.6711894274,-0.0431477800,1.0000000000
73,7.4160000000,left_hand,18,0.5676944852,0.6765350103,-0.0524561964,1.0000000000
74,7.5170000000,left_hand,18,0.5640819073,0.6759113073,-0.0414161645,1.0000000000
75,7.6190000000,left_hand,18,0.5586403012,0.6728209257,-0.0532089733,1.0000000000
76,7.7200000000,left_hand,18,0.5539784431,0.6746996045,-0.0451197848,1.0000000000
77,7.8220000000,left_hand,18,0.5502588153,0.6791914701,-0.0472779535,1.0000000000
78,7.9240000000,left_hand,18,0.5523818135,0.6751676202,-0.0488218777,1.0000000000
79,8.0250000000,left_hand,18,0.5517898798,0.6763271689,-0.0484590083,1.0000000000
80,8.1270000000,left_hand,18,0.5510312915,0.6778965592,-0.0442646295,1.0000000000
81,8.2280000000,left_hand,18,0.5522490740,0.6715041995,-0.0490681008,1.0000000000
82,8.3300000000,left_hand,18,0.5511190295,0.6692423820,-0.0444894060,1.0000000000
83,8.4320000000,left_hand,18,0.5528673530,0.6738387346,-0.0557433367,1.0000000000
84,8.5330000000,left_hand,18,0.5554091334,0.6687518358,-0.0522142090,1.0000000000
85,8.6350000000,left_hand,18,0.5385116935,0.5627424121,-0.0524281748,1.0000000000
86,8.7360000000,left_hand,18,0.5728723407,0.6376504302,-0.0443793610,1.0000000000
87,8.8380000000,left_hand,18,0.5627241731,0.6208342314,-0.0443257466,1.0000000000
88,8.9390000000,left_hand,18,0.5686646700,0.6363536119,-0.0437792651,1.0000000000
89,9.0410000000,left_hand,18,0.5417007804,0.5441889763,-0.0286404453,1.0000000000
90,9.1430000000,left_hand,18,0.4197230637,0.4420032501,-0.0588230342,1.0000000000
91,9.2440000000,left_hand,18,0.5595229864,0.6505176425,-0.0635932162,1.0000000000
92,9.3460000000,left_hand,18,0.5528167486,0.6221337914,-0.0517773554,1.0000000000
93,9.4470000000,left_hand,18,0.5614917278,0.6416868567,-0.0652056858,1.0000000000
94,9.5490000000,left_hand,18,0.5672894120,0.6525859237,-0.0558681376,1.0000000000
95,9.6510000000,left_hand,18,0.5630245805,0.6600141525,-0.0514191352,1.0000000000
96,9.7520000000,left_hand,18,0.5619080067,0.6608884335,-0.0571413487,1.0000000000
97,9.8540000000,left_hand,18,0.5590402484,0.6524924040,-0.0517225713,1.0000000000
98,9.9550000000,left_hand,18,0.5521730781,0.6374774575,-0.0411280170,1.0000000000
99,10.0570000000,left_hand,18,0.5551347733,0.6617866755,-0.0510486066,1.0000000000
100,10.1580000000,left_hand,18,0.5575644374,0.6631606221,-0.0518009476,1.0000000000
101,10.2600000000,left_hand,18,0.5613257289,0.6576128006,-0.0486289561,1.0000000000
102,10.3620000000,left_hand,18,0.5627576113,0.6559726000,-0.0527899973,1.0000000000
103,10.4630000000,left_hand,18,0.5631551743,0.6548766494,-0.0545549206,1.0000000000
104,10.5650000000,left_hand,18,0.5620089769,0.6569355726,-0.0519702546,1.0000000000
105,10.6660000000,left_hand,18,0.5593904853,0.6552947760,-0.0533347428,1.0000000000
106,10.7680000000,left_hand,18,0.5528172851,0.6374454498,-0.0422982238,1.0000000000
107,10.8700000000,left_hand,18,0.5481453538,0.6234493852,-0.0334987342,1.0000000000
108,10.9710000000,left_hand,18,0.5627924204,0.6428195834,-0.0504682176,1.0000000000
109,11.0730000000,left_hand,18,0.5643671751,0.6500133276,-0.0489448681,1.0000000000
110,11.1740000000,left_hand,18,0.5639116764,0.6546962857,-0.0549534559,1.0000000000
111,11.2760000000,left_hand,18,0.5583791137,0.6551836729,-0.0489254147,1.0000000000
112,11.3770000000,left_hand,18,0.5577811599,0.6535418630,-0.0496861637,1.0000000000
113,11.4790000000,left_hand,18,0.5589585304,0.6490136385,-0.0526729748,1.0000000000
114,11.5810000000,left_hand,18,0.5551432371,0.6518536806,-0.0513325147,1.0000000000
115,11.6820000000,left_hand,18,0.5553004742,0.6513231397,-0.0517528579,1.0000000000
116,11.7840000000,left_hand,18,0.5591663718,0.6492872834,-0.0525953621,1.0000000000
117,11.8850000000,left_hand,18,0.5656081438,0.6464628577,-0.0512101837,1.0000000000
118,11.9870000000,left_hand,18,0.5655566454,0.6438728571,-0.0513904579,1.0000000000
50,5.0790000000,left_hand,19,0.5241093040,0.6962651610,-0.0394226350,1.0000000000
51,5.1810000000,left_hand,19,0.5327428579,0.6910388470,-0.0407003835,1.0000000000
52,5.2820000000,left_hand,19,0.5372384787,0.6663099527,-0.0358975492,1.0000000000
53,5.3840000000,left_hand,19,0.5397990743,0.6756412983,-0.0394454896,1.0000000000
54,5.4860000000,left_hand,19,0.5423596700,0.6849726439,-0.0429934300,1.0000000000
55,5.5870000000,left_hand,19,0.5449202657,0.6943039894,-0.0465413705,1.0000000000
56,5.6890000000,left_hand,19,0.4138364494,0.4893273413,-0.0359989367,1.0000000000
57,5.7900000000,left_hand,19,0.5496009588,0.6899247169,-0.0505097471,1.0000000000
58,5.8920000000,left_hand,19,0.4260366261,0.4649919569,-0.0473953709,1.0000000000
59,5.9930000000,left_hand,19,0.5259695649,0.6278766990,-0.0353829861,1.0000000000
60,6.0950000000,left_hand,19,0.4462071359,0.4610314369,-0.0561931655,1.0000000000
61,6.1970000000,left_hand,19,0.5212448239,0.6018403769,-0.0431719162,1.0000000000
62,6.2980000000,left_hand,19,0.5205560327,0.5484549403,-0.0500904322,1.0000000000
63,6.4000000000,left_hand,19,0.5344051123,0.6921581030,-0.0547933765,1.0000000000
64,6.5010000000,left_hand,19,0.5335480571,0.6928940415,-0.0625234768,1.0000000000
65,6.6030000000,left_hand,19,0.5325609446,0.6924445033,-0.0532728694,1.0000000000
66,6.7050000000,left_hand,19,0.5314491391,0.6880958676,-0.0507761836,1.0000000000
67,6.8060000000,left_hand,19,0.5386736989,0.6968396306,-0.0595583767,1.0000000000
68,6.9080000000,left_hand,19,0.5407297611,0.6995896101,-0.0484995134,1.0000000000
69,7.0090000000,left_hand,19,0.5402846336,0.7039958239,-0.0477274954,1.0000000000
70,7.1110000000,left_hand,19,0.5429046154,0.7037168145,-0.0509621166,1.0000000000
71,7.2130000000,left_hand,19,0.5269255042,0.6278287768,-0.0365579873,1.0000000000
72,7.3140000000,left_hand,19,0.5434428453,0.6840870976,-0.0452844128,1.0000000000
73,7.4160000000,left_hand,19,0.5532290936,0.6901009679,-0.0556573346,1.0000000000
74,7.5170000000,left_hand,19,0.5496059656,0.6890336275,-0.0438847244,1.0000000000
75,7.6190000000,left_hand,19,0.5427680016,0.6864627600,-0.0564188175,1.0000000000
76,7.7200000000,left_hand,19,0.5361727476,0.6893382072,-0.0476394966,1.0000000000
77,7.8220000000,left_hand,19,0.5328884721,0.6932080388,-0.0500450432,1.0000000000
78,7.9240000000,left_hand,19,0.5351138711,0.6928463578,-0.0516399927,1.0000000000
79,8.0250000000,left_hand,19,0.5344883204,0.6925628185,-0.0506898314,1.0000000000
80,8.1270000000,left_hand,19,0.5337269902,0.6936327815,-0.0475147963,1.0000000000
81,8.2280000000,left_hand,19,0.5341846347,0.6871978045,-0.0527990311,1.0000000000
82,8.3300000000,left_hand,19,0.5335679054,0.6857159734,-0.0480145067,1.0000000000
83,8.4320000000,left_hand,19,0.5353237987,0.6877593994,-0.0591987148,1.0000000000
84,8.5330000000,left_hand,19,0.5365749598,0.6837279201,-0.0564053766,1.0000000000
85,8.6350000000,left_hand,19,0.5201712847,0.5750706196,-0.0547734238,1.0000000000
86,8.7360000000,left_hand,19,0.5617068410,0.6538561583,-0.0481577590,1.0000000000
87,8.8380000000,left_hand,19,0.5499340296,0.6396791935,-0.0454252735,1.0000000000
88,8.9390000000,left_hand,19,0.5586130023,0.6525068879,-0.0452445261,1.0000000000
89,9.0410000000,left_hand,19,0.5280888677,0.5490255952,-0.0296978019,1.0000000000
90,9.1430000000,left_hand,19,0.4379720390,0.4422934949,-0.0613279045,1.0000000000
91,9.2440000000,left_hand,19,0.5387566090,0.6681805253,-0.0654203072,1.0000000000
92,9.3460000000,left_hand,19,0.5343667865,0.6459813118,-0.0533963852,1.0000000000
93,9.4470000000,left_hand,19,0.5430343151,0.6659739614,-0.0688637719,1.0000000000
94,9.5490000000,left_hand,19,0.5529899001,0.6741769910,-0.0571032166,1.0000000000
95,9.6510000000,left_hand,19,0.5461836457,0.6822593808,-0.0532821044,1.0000000000
96,9.7520000000,left_hand,19,0.5449315310,0.6825034022,-0.0595466159,1.0000000000
97,9.8540000000,left_hand,19,0.5424365997,0.6754180789,-0.0541358776,1.0000000000
98,9.9550000000,left_hand,19,0.5327377915,0.6571194530,-0.0422278382,1.0000000000
99,10.0570000000,left_hand,19,0.5373855233,0.6838405132,-0.0533977114,1.0000000000
100,10.1580000000,left_hand,19,0.5397911668,0.6833595634,-0.0542512536,1.0000000000
101,10.2600000000,left_hand,19,0.5446670055,0.6786825657,-0.0509078726,1.0000000000
102,10.3620000000,left_hand,19,0.5453717113,0.6769979000,-0.0556744486,1.0000000000
103,10.4630000000,left_hand,19,0.5465705395,0.6779648066,-0.0577117838,1.0000000000
104,10.5650000000,left_hand,19,0.5436185002,0.6786961555,-0.0545297228,1.0000000000
105,10.6660000000,left_hand,19,0.5422016978,0.6773732901,-0.0557705052,1.0000000000
106,10.7680000000,left_hand,19,0.5351275206,0.6625319123,-0.0449059121,1.0000000000
107,10.8700000000,left_hand,19,0.5329014063,0.6431254148,-0.0351110734,1.0000000000
108,10.9710000000,left_hand,19,0.5503095984,0.6620758176,-0.0526514538,1.0000000000
109,11.0730000000,left_hand,19,0.5494570732,0.6720852852,-0.0511050858,1.0000000000
110,11.1740000000,left_hand,19,0.5485313535,0.6760037541,-0.0578444153,1.0000000000
111,11.2760000000,left_hand,19,0.5419938564,0.6777044535,-0.0515327789,1.0000000000
112,11.3770000000,left_hand,19,0.5423054695,0.6741727591,-0.0519218929,1.0000000000
113,11.4790000000,left_hand,19,0.5422374010,0.6696880460,-0.0555189997,1.0000000000
114,11.5810000000,left_hand,19,0.5381218791,0.6717596054,-0.0546075255,1.0000000000
115,11.6820000000,left_hand,19,0.5383410454,0.6695859432,-0.0544532537,1.0000000000
116,11.7840000000,left_hand,19,0.5423631072,0.6701661348,-0.0553579032,1.0000000000
117,11.8850000000,left_hand,19,0.5504850745,0.6685956717,-0.0530566201,1.0000000000
118,11.9870000000,left_hand,19,0.5500980616,0.6664014459,-0.0538135469,1.0000000000
50,5.0790000000,left_hand,20,0.5086299181,0.7021075487,-0.0412171483,1.0000000000
51,5.1810000000,left_hand,20,0.5178587437,0.6967689395,-0.0420721434,1.0000000000
52,5.2820000000,left_hand,20,0.5239333510,0.6732245684,-0.0374708101,1.0000000000
53,5.3840000000,left_hand,20,0.5261317492,0.6829561392,-0.0413452859,1.0000000000
54,5.4860000000,left_hand,20,0.5283301473,0.6926877101,-0.0452197616,1.0000000000
55,5.5870000000,left_hand,20,0.5305285454,0.7024192810,-0.0490942374,1.0000000000
56,5.6890000000,left_hand,20,0.4252210259,0.4855711460,-0.0365738943,1.0000000000
57,5.7900000000,left_hand,20,0.5346526504,0.6945205331,-0.0528500006,1.0000000000
58,5.8920000000,left_hand,20,0.4385766089,0.4603460729,-0.0463751107,1.0000000000
59,5.9930000000,left_hand,20,0.5120925307,0.6324957609,-0.0363288075,1.0000000000
60,6.0950000000,left_hand,20,0.4602544904,0.4566855133,-0.0558082722,1.0000000000
61,6.1970000000,left_hand,20,0.5086286068,0.6083179712,-0.0446284972,1.0000000000
62,6.2980000000,left_hand,20,0.5036447048,0.5612738132,-0.0511189066,1.0000000000
63,6.4000000000,left_hand,20,0.5191510916,0.7003164887,-0.0562416203,1.0000000000
64,6.5010000000,left_hand,20,0.5175642371,0.7007719874,-0.0646470785,1.0000000000
65,6.6030000000,left_hand,20,0.5173985362,0.7016646266,-0.0548664816,1.0000000000
66,6.7050000000,left_hand,20,0.5171050429,0.6994251013,-0.0525762290,1.0000000000
67,6.8060000000,left_hand,20,0.5226976871,0.7051752210,-0.0612515993,1.0000000000
68,6.9080000000,left_hand,20,0.5265095234,0.7085722089,-0.0499315262,1.0000000000
69,7.0090000000,left_hand,20,0.5251108408,0.7130876184,-0.0498496257,1.0000000000
70,7.1110000000,left_hand,20,0.5279165506,0.7131133676,-0.0536845177,1.0000000000
71,7.2130000000,left_hand,20,0.5138205290,0.6363708377,-0.0366602018,1.0000000000
72,7.3140000000,left_hand,20,0.5288641453,0.6931080818,-0.0458682925,1.0000000000
73,7.4160000000,left_hand,20,0.5404767990,0.6979449987,-0.0575134344,1.0000000000
74,7.5170000000,left_hand,20,0.5366894007,0.6964854002,-0.0450949632,1.0000000000
75,7.6190000000,left_hand,20,0.5291974545,0.6947619915,-0.0577544980,1.0000000000
76,7.7200000000,left_hand,20,0.5207387805,0.6959915161,-0.0492820963,1.0000000000
77,7.8220000000,left_hand,20,0.5189977288,0.7007718086,-0.0517768078,1.0000000000
78,7.9240000000,left_hand,20,0.5200340748,0.7033379078,-0.0531920679,1.0000000000
79,8.0250000000,left_hand,20,0.5202398300,0.7017583251,-0.0518960468,1.0000000000
80,8.1270000000,left_hand,20,0.5185761452,0.7022455931,-0.0497639589,1.0000000000
81,8.2280000000,left_hand,20,0.5184774399,0.6957039833,-0.0547369570,1.0000000000
82,8.3300000000,left_hand,20,0.5179625154,0.6961886883,-0.0500122570,1.0000000000
83,8.4320000000,left_hand,20,0.5209592581,0.6955460310,-0.0614770986,1.0000000000
84,8.5330000000,left_hand,20,0.5205339789,0.6918092966,-0.0589629821,1.0000000000
85,8.6350000000,left_hand,20,0.5054443479,0.5858126879,-0.0553813316,1.0000000000
86,8.7360000000,left_hand,20,0.5515770912,0.6657434702,-0.0505354181,1.0000000000
87,8.8380000000,left_hand,20,0.5386626124,0.6589151621,-0.0456604585,1.0000000000
88,8.9390000000,left_hand,20,0.5496237874,0.6655753851,-0.0459081791,1.0000000000
89,9.0410000000,left_hand,20,0.5173004270,0.5567139983,-0.0295536481,1.0000000000
90,9.1430000000,left_hand,20,0.4523810446,0.4478680193,-0.0627511516,1.0000000000
91,9.2440000000,left_hand,20,0.5243279338,0.6790218949,-0.0659187287,1.0000000000
92,9.3460000000,left_hand,20,0.5195219517,0.6688134074,-0.0533340797,1.0000000000
93,9.4470000000,left_hand,20,0.5279083252,0.6861441135,-0.0712435767,1.0000000000
94,9.5490000000,left_hand,20,0.5432129502,0.6880601048,-0.0571604483,1.0000000000
95,9.6510000000,left_hand,20,0.5335888863,0.6983150244,-0.0541296862,1.0000000000
96,9.7520000000,left_hand,20,0.5312924385,0.6989012361,-0.0608163327,1.0000000000
97,9.8540000000,left_hand,20,0.5285124183,0.6931197643,-0.0552007221,1.0000000000
98,9.9550000000,left_hand,20,0.5175430179,0.6741172075,-0.0424116179,1.0000000000
99,10.0570000000,left_hand,20,0.5230448842,0.6989734769,-0.0545678362,1.0000000000
100,10.1580000000,left_hand,20,0.5244731903,0.6949965954,-0.0552085638,1.0000000000
101,10.2600000000,left_hand,20,0.5305575728,0.6920719147,-0.0517879166,1.0000000000
102,10.3620000000,left_hand,20,0.5307122469,0.6914035082,-0.0568230338,1.0000000000
103,10.4630000000,left_hand,20,0.5327021480,0.6951597929,-0.0592929684,1.0000000000
104,10.5650000000,left_hand,20,0.5285014510,0.6925221086,-0.0556455478,1.0000000000
105,10.6660000000,left_hand,20,0.5272265673,0.6921114922,-0.0566744320,1.0000000000
106,10.7680000000,left_hand,20,0.5208804011,0.6822302341,-0.0466221869,1.0000000000
107,10.8700000000,left_hand,20,0.5205961466,0.6584734917,-0.0354286171,1.0000000000
108,10.9710000000,left_hand,20,0.5387938619,0.6755863428,-0.0531655028,1.0000000000
109,11.0730000000,left_hand,20,0.5364711285,0.6861993670,-0.0517700724,1.0000000000
110,11.1740000000,left_hand,20,0.5352389812,0.6903288960,-0.0590255037,1.0000000000
111,11.2760000000,left_hand,20,0.5279005170,0.6926887631,-0.0525997728,1.0000000000
112,11.3770000000,left_hand,20,0.5289642811,0.6871098876,-0.0527787916,1.0000000000
113,11.4790000000,left_hand,20,0.5278775692,0.6835800409,-0.0568760484,1.0000000000
114,11.5810000000,left_hand,20,0.5243641734,0.6844385266,-0.0563569330,1.0000000000
115,11.6820000000,left_hand,20,0.5243622065,0.6810569763,-0.0557335094,1.0000000000
116,11.7840000000,left_hand,20,0.5288001895,0.6839877963,-0.0568117574,1.0000000000
117,11.8850000000,left_hand,20,0.5377331972,0.6832812428,-0.0535295159,1.0000000000
118,11.9870000000,left_hand,20,0.5372431874,0.6810022593,-0.0547637977,1.0000000000
50,5.0790000000,pose,11,0.6123732924,0.3285897076,-0.2391359657,0.9999592304
51,5.1810000000,pose,11,0.6131341457,0.3276473582,-0.3018183112,0.9999581575
52,5.2820000000,pose,11,0.6154807806,0.3246359825,-0.2908555865,0.9999591112
53,5.3840000000,pose,11,0.6169843674,0.3249942362,-0.2638520002,0.9999629855
54,5.4860000000,pose,11,0.6180360317,0.3266080320,-0.2882508039,0.9999645948
55,5.5870000000,pose,11,0.6147145629,0.3269282579,-0.1515602916,0.9999664426
56,5.6890000000,pose,11,0.6144829988,0.3274037242,-0.1450485140,0.9999669194
57,5.7900000000,pose,11,0.6146389842,0.3307748735,-0.1589803249,0.9999687076
58,5.8920000000,pose,11,0.6143504977,0.3306579590,-0.1206825897,0.9999695420
59,5.9930000000,pose,11,0.6130470037,0.3286858201,-0.1346166283,0.9999703169
60,6.0950000000,pose,11,0.6131194234,0.3308206499,-0.0954052433,0.9999693632
61,6.1970000000,pose,11,0.6107025743,0.3296307325,-0.1990436018,0.9999693036
62,6.2980000000,pose,11,0.6115723252,0.3311491609,-0.1757921129,0.9999706745
63,6.4000000000,pose,11,0.6112226844,0.3273769617,-0.1459810287,0.9999685884
64,6.5010000000,pose,11,0.6113052964,0.3287632465,-0.1384397894,0.9999691844
65,6.6030000000,pose,11,0.6123147607,0.3290125430,-0.1314269155,0.9999693036
66,6.7050000000,pose,11,0.6115759015,0.3285686374,-0.1344051212,0.9999691248
67,6.8060000000,pose,11,0.6114890575,0.3285990357,-0.1821426749,0.9999678135
68,6.9080000000,pose,11,0.6120459437,0.3288308382,-0.1561127454,0.9999679327
69,7.0090000000,pose,11,0.6123755574,0.3293670118,-0.1692107618,0.9999693036
70,7.1110000000,pose,11,0.6128242016,0.3287514448,-0.1099612266,0.9999700785
71,7.2130000000,pose,11,0.6138228178,0.3313980997,-0.1835811287,0.9999706745
72,7.3140000000,pose,11,0.6148316860,0.3312917948,-0.0501367673,0.9999712110
73,7.4160000000,pose,11,0.6148079634,0.3314907551,-0.1364377588,0.9999697208
74,7.5170000000,pose,11,0.6141664982,0.3316540718,-0.1839692295,0.9999709129
75,7.6190000000,pose,11,0.6145049334,0.3309576511,-0.2152829617,0.9999707937
76,7.7200000000,pose,11,0.6135147214,0.3279796243,-0.2023288757,0.9999709129
77,7.8220000000,pose,11,0.6135686636,0.3280299306,-0.2415304035,0.9999710321
78,7.9240000000,pose,11,0.6141278744,0.3287799954,-0.1954317242,0.9999701381
79,8.0250000000,pose,11,0.6138973832,0.3294618130,-0.1996383518,0.9999704957
80,8.1270000000,pose,11,0.6140858531,0.3294879496,-0.1631887406,0.9999703765
81,8.2280000000,pose,11,0.6140879393,0.3296441436,-0.1689243019,0.9999707937
82,8.3300000000,pose,11,0.6145259738,0.3305168748,-0.1712852567,0.9999702573
83,8.4320000000,pose,11,0.6144831777,0.3301309347,-0.1718233079,0.9999707937
84,8.5330000000,pose,11,0.6162360907,0.3326053619,-0.1722635627,0.9999715090
85,8.6350000000,pose,11,0.6151317954,0.3293729722,-0.2092975080,0.9999711514
86,8.7360000000,pose,11,0.6167091727,0.3330746889,-0.1591546535,0.9999718070
87,8.8380000000,pose,11,0.6146980524,0.3320965469,-0.1767540723,0.9999706745
88,8.9390000000,pose,11,0.6152333617,0.3318090439,-0.2226687521,0.9999713302
89,9.0410000000,pose,11,0.6149715781,0.3297143579,-0.2153501064,0.9999720454
90,9.1430000000,pose,11,0.6152444482,0.3296508193,-0.1948446184,0.9999731183
91,9.2440000000,pose,11,0.6149246097,0.3247353137,-0.1700415462,0.9999737144
92,9.3460000000,pose,11,0.6150856018,0.3260206580,-0.1615600735,0.9999713898
93,9.4470000000,pose,11,0.6150928140,0.3238563836,-0.1565972418,0.9999724627
94,9.5490000000,pose,11,0.6154286265,0.3255663812,-0.1871640980,0.9999698997
95,9.6510000000,pose,11,0.6153162122,0.3248683810,-0.1531527489,0.9999712110
96,9.7520000000,pose,11,0.6154987812,0.3258680701,-0.1997577995,0.9999711514
97,9.8540000000,pose,11,0.6156816483,0.3255979717,-0.1825511903,0.9999714494
98,9.9550000000,pose,11,0.6145034432,0.3230857253,-0.1659971327,0.9999721050
99,10.0570000000,pose,11,0.6145876646,0.3260716200,-0.2525406480,0.9999724627
100,10.1580000000,pose,11,0.6159976721,0.3282364607,-0.1962364614,0.9999725819
101,10.2600000000,pose,11,0.6169260144,0.3283473551,-0.1861218512,0.9999725223
102,10.3620000000,pose,11,0.6164698005,0.3283642232,-0.1791717112,0.9999721646
103,10.4630000000,pose,11,0.6157881021,0.3283790350,-0.1337259561,0.9999724627
104,10.5650000000,pose,11,0.6158016324,0.3286980987,-0.1253709048,0.9999724030
105,10.6660000000,pose,11,0.6160367727,0.3229977787,-0.1545895189,0.9999729991
106,10.7680000000,pose,11,0.6159232855,0.3256812394,-0.2088398933,0.9999741912
107,10.8700000000,pose,11,0.6161539555,0.3255733550,-0.2151665092,0.9999743104
108,10.9710000000,pose,11,0.6162303686,0.3263275325,-0.1695492566,0.9999755025
109,11.0730000000,pose,11,0.6161248088,0.3269351423,-0.2405548692,0.9999747276
110,11.1740000000,pose,11,0.6160573363,0.3269559443,-0.1707088202,0.9999747276
111,11.2760000000,pose,11,0.6165478230,0.3269860744,-0.1717064530,0.9999753833
112,11.3770000000,pose,11,0.6169870496,0.3273702562,-0.1699427664,0.9999765158
113,11.4790000000,pose,11,0.6162817478,0.3269759715,-0.1656448543,0.9999771118
114,11.5810000000,pose,11,0.6162539124,0.3269409835,-0.1926014274,0.9999766946
115,11.6820000000,pose,11,0.6166976690,0.3269883394,-0.1182684749,0.9999774098
116,11.7840000000,pose,11,0.6159638166,0.3259643912,-0.2094997317,0.9999775887
117,11.8850000000,pose,11,0.6164677143,0.3316368759,-0.2053781897,0.9999773502
118,11.9870000000,pose,11,0.6164429188,0.3312674165,-0.2042763978,0.9999774694
50,5.0790000000,pose,12,0.3632267714,0.3298139274,-0.1685517877,0.9998545051
51,5.1810000000,pose,12,0.3667441308,0.3296545744,-0.2043591589,0.9998523593
52,5.2820000000,pose,12,0.3679421842,0.3264691532,-0.2080412954,0.9998477101
53,5.3840000000,pose,12,0.3727127910,0.3267645240,-0.1980302334,0.9998546243
54,5.4860000000,pose,12,0.3752418756,0.3258443177,-0.1986585110,0.9998371005
55,5.5870000000,pose,12,0.3740419149,0.3148986399,-0.1026246101,0.9998411536
56,5.6890000000,pose,12,0.3708014488,0.3128513396,-0.1009456068,0.9998455644
57,5.7900000000,pose,12,0.3709351122,0.3129177094,-0.0913290307,0.9998529553
58,5.8920000000,pose,12,0.3707780242,0.3112168908,-0.0652238354,0.9998604059
59,5.9930000000,pose,12,0.3692406714,0.3072558045,-0.0788202584,0.9998677373
60,6.0950000000,pose,12,0.3692899644,0.3070613742,-0.0416475981,0.9998694658
61,6.1970000000,pose,12,0.3692242205,0.3071347475,-0.1410210431,0.9998698235
62,6.2980000000,pose,12,0.3667355180,0.3075239360,-0.1141099557,0.9998818040
63,6.4000000000,pose,12,0.3689039946,0.3047135472,-0.1009924337,0.9998782873
64,6.5010000000,pose,12,0.3691953123,0.3047180772,-0.1009910926,0.9998795390
65,6.6030000000,pose,12,0.3697800338,0.3047470748,-0.0897934288,0.9998763800
66,6.7050000000,pose,12,0.3698140085,0.3046313226,-0.0859495550,0.9998753667
67,6.8060000000,pose,12,0.3697625399,0.3037562370,-0.1452486366,0.9998670220
68,6.9080000000,pose,12,0.3703899682,0.3055641353,-0.1021050736,0.9998720288
69,7.0090000000,pose,12,0.3702442348,0.3061237335,-0.1350796670,0.9998773336
70,7.1110000000,pose,12,0.3702678680,0.3049661219,-0.0554175712,0.9998840094
71,7.2130000000,pose,12,0.3696604073,0.3059772849,-0.1166964471,0.9998872280
72,7.3140000000,pose,12,0.3697799444,0.3060910404,0.0254119597,0.9998926520
73,7.4160000000,pose,12,0.3705147505,0.3050994575,-0.0761718452,0.9998931885
74,7.5170000000,pose,12,0.3705935180,0.3051066399,-0.1322898418,0.9998940825
75,7.6190000000,pose,12,0.3723338246,0.3052071631,-0.1574184448,0.9998949170
76,7.7200000000,pose,12,0.3722733855,0.3037931919,-0.1528667063,0.9998919964
77,7.8220000000,pose,12,0.3715522885,0.3042356372,-0.1793823689,0.9998919368
78,7.9240000000,pose,12,0.3715703785,0.3047849536,-0.1483533680,0.9998908043
79,8.0250000000,pose,12,0.3715045154,0.3055192232,-0.1467807144,0.9998930097
80,8.1270000000,pose,12,0.3714665174,0.3053793013,-0.1028122529,0.9998950958
81,8.2280000000,pose,12,0.3710905015,0.3048331141,-0.1404559910,0.9998963475
82,8.3300000000,pose,12,0.3712019622,0.3047581911,-0.1392530501,0.9998977780
83,8.4320000000,pose,12,0.3701403737,0.3047508001,-0.1220361516,0.9998982549
84,8.5330000000,pose,12,0.3725691140,0.3076407015,-0.1131767556,0.9999017715
85,8.6350000000,pose,12,0.3719958663,0.3057802916,-0.1641199887,0.9998980165
86,8.7360000000,pose,12,0.3716219366,0.3057278395,-0.1102870554,0.9999017119
87,8.8380000000,pose,12,0.3715841174,0.3054946065,-0.1231418625,0.9998974204
88,8.9390000000,pose,12,0.3714393675,0.3052594364,-0.1659134477,0.9998989105
89,9.0410000000,pose,12,0.3711842000,0.3052151203,-0.1622656286,0.9998977780
90,9.1430000000,pose,12,0.3719495237,0.3038923740,-0.1584004313,0.9999007583
91,9.2440000000,pose,12,0.3720287085,0.3036074638,-0.1208773181,0.9999030232
92,9.3460000000,pose,12,0.3723782599,0.3031444550,-0.1242577136,0.9999003410
93,9.4470000000,pose,12,0.3715395033,0.3028224111,-0.0878925025,0.9999024272
94,9.5490000000,pose,12,0.3716285825,0.3027266264,-0.1426840574,0.9998980761
95,9.6510000000,pose,12,0.3719467223,0.3026774526,-0.0780215636,0.9999028444
96,9.7520000000,pose,12,0.3717716038,0.3026404083,-0.1462032050,0.9999035001
97,9.8540000000,pose,12,0.3721935451,0.3023538589,-0.1303455979,0.9999005795
98,9.9550000000,pose,12,0.3718154728,0.3024977148,-0.1172032207,0.9999009967
99,10.0570000000,pose,12,0.3716916442,0.3026539981,-0.2117431462,0.9998995066
100,10.1580000000,pose,12,0.3714363873,0.3036233485,-0.1514278054,0.9999014139
101,10.2600000000,pose,12,0.3717805445,0.3038496375,-0.1445630342,0.9999015331
102,10.3620000000,pose,12,0.3724846542,0.3039959073,-0.1335423589,0.9998985529
103,10.4630000000,pose,12,0.3717404306,0.3044200838,-0.0815672576,0.9998992085
104,10.5650000000,pose,12,0.3727491498,0.3045027554,-0.0704985335,0.9998999834
105,10.6660000000,pose,12,0.3727942705,0.3044625223,-0.1066468060,0.9998977780
106,10.7680000000,pose,12,0.3716805279,0.3045793474,-0.1579678655,0.9998997450
107,10.8700000000,pose,12,0.3716945648,0.3045752645,-0.1637203991,0.9998996258
108,10.9710000000,pose,12,0.3726110458,0.3048016727,-0.0998400822,0.9999043345
109,11.0730000000,pose,12,0.3720530868,0.3046817482,-0.1967030168,0.9999046922
110,11.1740000000,pose,12,0.3720463216,0.3050411940,-0.1278033853,0.9999057055
111,11.2760000000,pose,12,0.3718649745,0.3048833311,-0.1304025799,0.9999079704
112,11.3770000000,pose,12,0.3712372184,0.3062615991,-0.1110486910,0.9999120831
113,11.4790000000,pose,12,0.3714781404,0.3058719933,-0.1239128262,0.9999150038
114,11.5810000000,pose,12,0.3712214828,0.3054972589,-0.1621224582,0.9999122620
115,11.6820000000,pose,12,0.3709529340,0.3039621711,-0.0421707705,0.9999166131
116,11.7840000000,pose,12,0.3706316650,0.3037018478,-0.1372102052,0.9999153018
117,11.8850000000,pose,12,0.3702477813,0.3056710362,-0.1346953660,0.9999171495
118,11.9870000000,pose,12,0.3706182837,0.3057415783,-0.1392229199,0.9999191761
50,5.0790000000,pose,13,0.7223149538,0.6580277085,-0.4063830078,0.9761158228
51,5.1810000000,pose,13,0.7293326855,0.6524336338,-0.4727294147,0.9778375626
52,5.2820000000,pose,13,0.7403500080,0.6387458444,-0.4465764165,0.9792494178
53,5.3840000000,pose,13,0.7490769625,0.6322616339,-0.4235288203,0.9807417393
54,5.4860000000,pose,13,0.7476953268,0.6325257421,-0.4564740062,0.9825962186
55,5.5870000000,pose,13,0.7394058704,0.6334078312,-0.2943436503,0.9834530950
56,5.6890000000,pose,13,0.7327425480,0.6388643384,-0.2857907116,0.9831038713
57,5.7900000000,pose,13,0.7287247777,0.6408021450,-0.2986244261,0.9832082391
58,5.8920000000,pose,13,0.7294991612,0.6549355388,-0.2943240702,0.9833039641
59,5.9930000000,pose,13,0.7293685079,0.6574249864,-0.3064904809,0.9840005636
60,6.0950000000,pose,13,0.7292444110,0.6550753117,-0.2724065185,0.9819562435
61,6.1970000000,pose,13,0.7293016315,0.6542586088,-0.3691383004,0.9822093844
62,6.2980000000,pose,13,0.7276505828,0.6544334292,-0.3528003395,0.9811679721
63,6.4000000000,pose,13,0.7291558981,0.6499215961,-0.3157972693,0.9793862700
64,6.5010000000,pose,13,0.7291669250,0.6511396766,-0.3104690909,0.9800234437
65,6.6030000000,pose,13,0.7283903956,0.6530235410,-0.2669777274,0.9794031382
66,6.7050000000,pose,13,0.7292162776,0.6507614851,-0.2788892388,0.9800291657
67,6.8060000000,pose,13,0.7286552787,0.6511893272,-0.2951219380,0.9795923829
68,6.9080000000,pose,13,0.7283021808,0.6506395340,-0.2959391177,0.9777961373
69,7.0090000000,pose,13,0.7280915380,0.6506394148,-0.3321283758,0.9783746004
70,7.1110000000,pose,13,0.7274749875,0.6533239484,-0.2554115057,0.9786549807
71,7.2130000000,pose,13,0.7274593711,0.6533191800,-0.3440018296,0.9795666337
72,7.3140000000,pose,13,0.7278315425,0.6527028084,-0.1586727649,0.9788519144
73,7.4160000000,pose,13,0.7280547619,0.6516456604,-0.2308024913,0.9764112234
74,7.5170000000,pose,13,0.7285277247,0.6517068148,-0.3217138648,0.9774788618
75,7.6190000000,pose,13,0.7277967930,0.6545670033,-0.3753930628,0.9785478711
76,7.7200000000,pose,13,0.7297965884,0.6545082927,-0.3617656827,0.9792693257
77,7.8220000000,pose,13,0.7302650213,0.6550200582,-0.3927173018,0.9802253842
78,7.9240000000,pose,13,0.7299033403,0.6537644267,-0.3310015798,0.9792556167
79,8.0250000000,pose,13,0.7300207019,0.6536936164,-0.3484094441,0.9796609282
80,8.1270000000,pose,13,0.7287412882,0.6543840170,-0.2736372948,0.9788542390
81,8.2280000000,pose,13,0.7245575786,0.6543303132,-0.3515257239,0.9789050817
82,8.3300000000,pose,13,0.7255313396,0.6547646523,-0.3292223513,0.9773653150
83,8.4320000000,pose,13,0.7275952101,0.6546720266,-0.3265198767,0.9778335094
84,8.5330000000,pose,13,0.7270878553,0.6554561257,-0.3445622623,0.9779261351
85,8.6350000000,pose,13,0.7282143831,0.6555016637,-0.3707994223,0.9780639410
86,8.7360000000,pose,13,0.7280873656,0.6641755700,-0.2909079194,0.9770405889
87,8.8380000000,pose,13,0.7261075974,0.6654071212,-0.3195541799,0.9760434628
88,8.9390000000,pose,13,0.7273339629,0.6646558642,-0.3695068359,0.9771410227
89,9.0410000000,pose,13,0.7270289660,0.6599430442,-0.3666957319,0.9781433940
90,9.1430000000,pose,13,0.7268916368,0.6599380374,-0.3605317473,0.9794176817
91,9.2440000000,pose,13,0.7253232598,0.6602680683,-0.3404375613,0.9799707532
92,9.3460000000,pose,13,0.7226231694,0.6610566974,-0.3293049634,0.9799625874
93,9.4470000000,pose,13,0.7242234349,0.6610807180,-0.2937943637,0.9797899127
94,9.5490000000,pose,13,0.7241791487,0.6613366604,-0.3887181878,0.9794563651
95,9.6510000000,pose,13,0.7254847288,0.6613689065,-0.2846743762,0.9798905253
96,9.7520000000,pose,13,0.7254904509,0.6613865495,-0.3737814128,0.9801294804
97,9.8540000000,pose,13,0.7255464792,0.6615214944,-0.3269942999,0.9803736806
98,9.9550000000,pose,13,0.7256892323,0.6607061028,-0.3056365550,0.9796032310
99,10.0570000000,pose,13,0.7257934213,0.6609141231,-0.4235136807,0.9806866646
100,10.1580000000,pose,13,0.7252281308,0.6616542935,-0.3392595053,0.9801212549
101,10.2600000000,pose,13,0.7252293825,0.6615044475,-0.3220052123,0.9789468646
102,10.3620000000,pose,13,0.7252297997,0.6613492966,-0.3256021738,0.9793820381
103,10.4630000000,pose,13,0.7244775891,0.6602387428,-0.2640497386,0.9781892896
104,10.5650000000,pose,13,0.7235831618,0.6598061919,-0.2807564437,0.9788747430
105,10.6660000000,pose,13,0.7257606387,0.6598861814,-0.2886814475,0.9784367085
106,10.7680000000,pose,13,0.7264063954,0.6610895395,-0.3849794269,0.9796745777
107,10.8700000000,pose,13,0.7262907624,0.6610048413,-0.3786998987,0.9799877405
108,10.9710000000,pose,13,0.7257414460,0.6613008380,-0.3200780153,0.9801836014
109,11.0730000000,pose,13,0.7260411382,0.6624879241,-0.4125652015,0.9802302122
110,11.1740000000,pose,13,0.7242853045,0.6625170112,-0.2996871173,0.9791470170
111,11.2760000000,pose,13,0.7232910395,0.6638912559,-0.3223651946,0.9797710776
112,11.3770000000,pose,13,0.7232662439,0.6660713553,-0.3116014600,0.9803989530
113,11.4790000000,pose,13,0.7171810865,0.6633100510,-0.3477330506,0.9808794260
114,11.5810000000,pose,13,0.7178991437,0.6612977982,-0.3699877560,0.9815167785
115,11.6820000000,pose,13,0.7228158712,0.6618614793,-0.2605905533,0.9820852280
116,11.7840000000,pose,13,0.7228140235,0.6628187895,-0.3653858304,0.9828469753
117,11.8850000000,pose,13,0.7239229679,0.6645174026,-0.3830456138,0.9832561016
118,11.9870000000,pose,13,0.7237289548,0.6647492647,-0.3744788170,0.9837115407
50,5.0790000000,pose,14,0.2929443717,0.7059043646,-0.3409380019,0.5848194361
51,5.1810000000,pose,14,0.2951434553,0.6954922676,-0.3784545660,0.5860729814
52,5.2820000000,pose,14,0.2962480485,0.6884960532,-0.3713331819,0.5917959809
53,5.3840000000,pose,14,0.2973485887,0.6845034361,-0.3704400957,0.5830706358
54,5.4860000000,pose,14,0.3005758822,0.6848638058,-0.4061523080,0.5712710619
55,5.5870000000,pose,14,0.3004430532,0.6816390157,-0.2541620135,0.5854955912
56,5.6890000000,pose,14,0.3004544973,0.6817152500,-0.2739115357,0.5895562172
57,5.7900000000,pose,14,0.2978267670,0.6820782423,-0.3220444620,0.5954816341
58,5.8920000000,pose,14,0.2976535559,0.6865164042,-0.2610611022,0.6102749109
59,5.9930000000,pose,14,0.2993478477,0.6859720945,-0.3098403811,0.6315981746
60,6.0950000000,pose,14,0.3006753623,0.6861867309,-0.2388328016,0.6328173280
61,6.1970000000,pose,14,0.2991128862,0.6805037260,-0.3432226777,0.6406124830
62,6.2980000000,pose,14,0.2976081669,0.6812581420,-0.3152869642,0.6626792550
63,6.4000000000,pose,14,0.3011052012,0.6808865666,-0.3078078628,0.6621420383
64,6.5010000000,pose,14,0.3014747500,0.6807637215,-0.3091935217,0.6713798642
65,6.6030000000,pose,14,0.3014712036,0.6843291521,-0.2567115426,0.6659299731
66,6.7050000000,pose,14,0.3014189303,0.6883070469,-0.2538630068,0.6756492257
67,6.8060000000,pose,14,0.3013529181,0.6877037883,-0.3075074852,0.6730210781
68,6.9080000000,pose,14,0.3019329309,0.6855755448,-0.2991509140,0.6773023009
69,7.0090000000,pose,14,0.3020209372,0.6884853244,-0.3576620221,0.6879462600
70,7.1110000000,pose,14,0.3020191789,0.6810074449,-0.2295065671,0.6994726658
71,7.2130000000,pose,14,0.3016298115,0.6834511757,-0.3095234036,0.7072306871
72,7.3140000000,pose,14,0.3025467694,0.6839278936,-0.1356596500,0.7162725329
73,7.4160000000,pose,14,0.3036193848,0.6842552423,-0.2232796848,0.7126224637
74,7.5170000000,pose,14,0.3035140932,0.6881766319,-0.3197976649,0.7151372433
75,7.6190000000,pose,14,0.3034661710,0.6898088455,-0.3617405891,0.7207152843
76,7.7200000000,pose,14,0.3004415333,0.6889112592,-0.3056644499,0.7212557197
77,7.8220000000,pose,14,0.2983676493,0.6869272590,-0.3675682247,0.7246237397
78,7.9240000000,pose,14,0.2981644869,0.6950304508,-0.3130055666,0.7148311734
79,8.0250000000,pose,14,0.2973160744,0.6933781505,-0.3135862350,0.7141246200
80,8.1270000000,pose,14,0.2976312637,0.6893849373,-0.2427897155,0.7172359228
81,8.2280000000,pose,14,0.3001794219,0.6890009642,-0.3462770879,0.7241171598
82,8.3300000000,pose,14,0.3007856905,0.6883572936,-0.3125731647,0.7195360661
83,8.4320000000,pose,14,0.2981912196,0.6896097660,-0.3044874966,0.7219831347
84,8.5330000000,pose,14,0.2998340428,0.6889038682,-0.2990479767,0.7202898264
85,8.6350000000,pose,14,0.3002178371,0.6890960932,-0.3416315317,0.7132067680
86,8.7360000000,pose,14,0.2982409596,0.6891006231,-0.2563564479,0.7041416168
87,8.8380000000,pose,14,0.2968692183,0.6854910254,-0.2622092366,0.6904028654
88,8.9390000000,pose,14,0.2968062162,0.6819277406,-0.3267406225,0.6917002797
89,9.0410000000,pose,14,0.2970219254,0.6828368306,-0.3257363141,0.6944466829
90,9.1430000000,pose,14,0.2967411876,0.6856157184,-0.3446870446,0.7032637000
91,9.2440000000,pose,14,0.2968567312,0.6856040955,-0.3101432025,0.7127116323
92,9.3460000000,pose,14,0.2978143394,0.6820020080,-0.3358663619,0.7162965536
93,9.4470000000,pose,14,0.2976255119,0.6905915737,-0.2438993901,0.7121649384
94,9.5490000000,pose,14,0.2977766395,0.6852778792,-0.3929766119,0.7143808007
95,9.6510000000,pose,14,0.2977996469,0.6867299080,-0.2460812181,0.7177066803
96,9.7520000000,pose,14,0.2977516055,0.6867237687,-0.3411666453,0.7187836170
97,9.8540000000,pose,14,0.2988021672,0.6883503199,-0.3013931811,0.7098410130
98,9.9550000000,pose,14,0.2981714606,0.6970539689,-0.2663282752,0.6997746825
99,10.0570000000,pose,14,0.2979840934,0.6929357052,-0.4334718287,0.7054976225
100,10.1580000000,pose,14,0.2979286313,0.6981308460,-0.3295471072,0.7022363544
101,10.2600000000,pose,14,0.2977632880,0.6987210512,-0.3056569099,0.6936488152
102,10.3620000000,pose,14,0.3003045917,0.6973442435,-0.3086433113,0.6897858977
103,10.4630000000,pose,14,0.3003736436,0.6995730400,-0.2329497039,0.6835901737
104,10.5650000000,pose,14,0.3000700772,0.6890453696,-0.2498275191,0.6925871372
105,10.6660000000,pose,14,0.3000860810,0.6898726821,-0.2579300404,0.6819278002
106,10.7680000000,pose,14,0.2997324169,0.6954966784,-0.3561476469,0.6892112494
107,10.8700000000,pose,14,0.3005453050,0.6931599975,-0.3594791293,0.6793285608
108,10.9710000000,pose,14,0.3001618087,0.6844882965,-0.2873932123,0.6801108122
109,11.0730000000,pose,14,0.2997752428,0.6845346093,-0.4026778042,0.6849778295
110,11.1740000000,pose,14,0.2996780574,0.6955952644,-0.2772229016,0.6788740158
111,11.2760000000,pose,14,0.3001114130,0.6957386732,-0.2941970527,0.6817209125
112,11.3770000000,pose,14,0.3000010252,0.6983295679,-0.2755200267,0.6883163452
113,11.4790000000,pose,14,0.3003258705,0.6946405768,-0.3733676970,0.6995235682
114,11.5810000000,pose,14,0.3016081154,0.6952119470,-0.3887599409,0.7055956721
115,11.6820000000,pose,14,0.3015939593,0.6945476532,-0.2002245784,0.7137408257
116,11.7840000000,pose,14,0.3016469181,0.6973534226,-0.2935715020,0.7087879181
117,11.8850000000,pose,14,0.2980052531,0.7003827095,-0.3257683218,0.7163656950
118,11.9870000000,pose,14,0.2990285754,0.7004410625,-0.3281408548,0.7202464938
50,5.0790000000,pose,15,0.5984544158,0.6409640908,-0.7832478285,0.9843669534
51,5.1810000000,pose,15,0.6055907011,0.6327185631,-0.8962144256,0.9847581983
52,5.2820000000,pose,15,0.6162188649,0.6217275262,-0.8139219880,0.9856770039
53,5.3840000000,pose,15,0.6220847368,0.6172714233,-0.7936680317,0.9874612093
54,5.4860000000,pose,15,0.6224380732,0.6187334061,-0.8596486449,0.9884464145
55,5.5870000000,pose,15,0.6222481132,0.6315239668,-0.6522290111,0.9895784259
56,5.6890000000,pose,15,0.6216756701,0.6304760575,-0.6503729224,0.9898642898
57,5.7900000000,pose,15,0.6213688254,0.6301587224,-0.7486210465,0.9901256561
58,5.8920000000,pose,15,0.6212358475,0.6313229203,-0.7159000039,0.9907643199
59,5.9930000000,pose,15,0.6166771650,0.6288916469,-0.7569878697,0.9912547469
60,6.0950000000,pose,15,0.6114264131,0.6292425990,-0.6771686077,0.9903123975
61,6.1970000000,pose,15,0.6088787317,0.6248561740,-0.7700803876,0.9902064204
62,6.2980000000,pose,15,0.6065951586,0.6249133348,-0.7450155616,0.9897304773
63,6.4000000000,pose,15,0.6029511690,0.6249253154,-0.7247188091,0.9872949719
64,6.5010000000,pose,15,0.6090793014,0.6244201660,-0.7262977362,0.9878460765
65,6.6030000000,pose,15,0.6093804836,0.6284753084,-0.6218605042,0.9878587127
66,6.7050000000,pose,15,0.6087856293,0.6277344227,-0.6481849551,0.9881733060
67,6.8060000000,pose,15,0.6090106964,0.6279571056,-0.6401974559,0.9882524014
68,6.9080000000,pose,15,0.6074035764,0.6279302239,-0.6773945093,0.9867938161
69,7.0090000000,pose,15,0.6098005176,0.6277526021,-0.7464724779,0.9875467420
70,7.1110000000,pose,15,0.6106429696,0.6275345683,-0.6323398352,0.9882165194
71,7.2130000000,pose,15,0.6081674695,0.6278682351,-0.7186004519,0.9888647795
72,7.3140000000,pose,15,0.6079973578,0.6269804835,-0.4671968818,0.9889130592
73,7.4160000000,pose,15,0.5963076949,0.6210154295,-0.5513246059,0.9864917397
74,7.5170000000,pose,15,0.6072323322,0.6266548634,-0.7088414431,0.9871764779
75,7.6190000000,pose,15,0.6080241799,0.6267000437,-0.7675256133,0.9879980683
76,7.7200000000,pose,15,0.6089435220,0.6258351803,-0.7048577070,0.9886156321
77,7.8220000000,pose,15,0.6090249419,0.6253706813,-0.7617634535,0.9890710711
78,7.9240000000,pose,15,0.6055849195,0.6251018643,-0.6679823399,0.9889903069
79,8.0250000000,pose,15,0.6048243642,0.6244611144,-0.7006559968,0.9892243147
80,8.1270000000,pose,15,0.6080324650,0.6239771247,-0.5743256211,0.9889819026
81,8.2280000000,pose,15,0.6075178385,0.6226521134,-0.7891968489,0.9892086983
82,8.3300000000,pose,15,0.6047760844,0.6228104830,-0.6942474246,0.9888379574
83,8.4320000000,pose,15,0.6068405509,0.6186786890,-0.6917880774,0.9893451333
84,8.5330000000,pose,15,0.6068382859,0.6180492043,-0.7375892401,0.9895817637
85,8.6350000000,pose,15,0.5948516726,0.6095365286,-0.7560248971,0.9894033670
86,8.7360000000,pose,15,0.5952993035,0.6098490357,-0.6296737194,0.9895606041
87,8.8380000000,pose,15,0.5959120393,0.6117537022,-0.6454107761,0.9893060923
88,8.9390000000,pose,15,0.6022035480,0.6110430956,-0.7375451922,0.9897853136
89,9.0410000000,pose,15,0.6068115830,0.6110525131,-0.7167006731,0.9902411699
90,9.1430000000,pose,15,0.6153587103,0.6111066341,-0.7344466448,0.9909451008
91,9.2440000000,pose,15,0.6078298688,0.6071106791,-0.7259044647,0.9916175008
92,9.3460000000,pose,15,0.6072389483,0.6047651768,-0.7359466553,0.9913896918
93,9.4470000000,pose,15,0.6049264073,0.6022498012,-0.6245902181,0.9915041924
94,9.5490000000,pose,15,0.6058262587,0.6053920984,-0.8448307514,0.9910566807
95,9.6510000000,pose,15,0.6092587709,0.6065115929,-0.6113594174,0.9915416837
96,9.7520000000,pose,15,0.6102067828,0.6062055230,-0.7851148248,0.9914374352
97,9.8540000000,pose,15,0.6047695875,0.6067589521,-0.6882696748,0.9917168617
98,9.9550000000,pose,15,0.6054254770,0.6056234241,-0.6486613750,0.9916471839
99,10.0570000000,pose,15,0.6102340221,0.6057419777,-0.8525163531,0.9920047522
100,10.1580000000,pose,15,0.6106258035,0.6143397689,-0.6983368397,0.9919037223
101,10.2600000000,pose,15,0.6074075103,0.6142316461,-0.6639990211,0.9917643070
102,10.3620000000,pose,15,0.6094936132,0.6172434688,-0.6839973330,0.9919253588
103,10.4630000000,pose,15,0.6089548469,0.6141138077,-0.5965067148,0.9918410778
104,10.5650000000,pose,15,0.6180035472,0.6125106215,-0.6731485724,0.9920028448
105,10.6660000000,pose,15,0.6168627143,0.6110376120,-0.6559831500,0.9920611382
106,10.7680000000,pose,15,0.6183724999,0.6107177138,-0.8166226745,0.9925128818
107,10.8700000000,pose,15,0.6132886410,0.6041556001,-0.7664931417,0.9928397536
108,10.9710000000,pose,15,0.6076040864,0.6047063470,-0.6586908698,0.9929982424
109,11.0730000000,pose,15,0.6068927646,0.6042236090,-0.8216486573,0.9925183058
110,11.1740000000,pose,15,0.6063401699,0.5987625122,-0.6294232011,0.9923606515
111,11.2760000000,pose,15,0.6063243151,0.6034481525,-0.6815079451,0.9927061796
112,11.3770000000,pose,15,0.6069084406,0.6036154628,-0.6499677300,0.9930208325
113,11.4790000000,pose,15,0.6055912375,0.6004301310,-0.7985540032,0.9932760000
114,11.5810000000,pose,15,0.6057571173,0.6001482606,-0.8062499166,0.9933581948
115,11.6820000000,pose,15,0.6057701707,0.5994803905,-0.5996521115,0.9935514331
116,11.7840000000,pose,15,0.6029304862,0.5977627039,-0.7316024899,0.9938815832
117,11.8850000000,pose,15,0.6063040495,0.5985144377,-0.7923419476,0.9939086437
118,11.9870000000,pose,15,0.6043820977,0.5986745358,-0.7729942799,0.9941875935
50,5.0790000000,pose,16,0.3296025097,0.5805801749,-0.8226947188,0.9903756380
51,5.1810000000,pose,16,0.3230143487,0.5844603181,-0.8756468296,0.9834116697
52,5.2820000000,pose,16,0.3245299459,0.5894922018,-0.7973066568,0.9825585485
53,5.3840000000,pose,16,0.3344078362,0.5792533159,-0.7874137759,0.9837494493
54,5.4860000000,pose,16,0.3473019600,0.5757846236,-0.8820045590,0.9802432656
55,5.5870000000,pose,16,0.3538140059,0.5300381780,-0.5914275646,0.9825714827
56,5.6890000000,pose,16,0.3643005788,0.5131663084,-0.6466516852,0.9838612676
57,5.7900000000,pose,16,0.3705629110,0.5078129768,-0.8291180730,0.9846827984
58,5.8920000000,pose,16,0.3689923882,0.4954849184,-0.6823876500,0.9861010909
59,5.9930000000,pose,16,0.3709601760,0.4978828132,-0.7866815329,0.9873109460
60,6.0950000000,pose,16,0.3825676143,0.4993029535,-0.6455591917,0.9880060554
61,6.1970000000,pose,16,0.3844768405,0.5026553273,-0.7675240636,0.9885805249
62,6.2980000000,pose,16,0.3878764510,0.4976607859,-0.7491126657,0.9902240634
63,6.4000000000,pose,16,0.3885667920,0.4980372190,-0.7450478673,0.9895702600
64,6.5010000000,pose,16,0.3897102475,0.5081490874,-0.7433255315,0.9899736643
65,6.6030000000,pose,16,0.3896172941,0.5118029714,-0.6210344434,0.9903413653
66,6.7050000000,pose,16,0.3906625211,0.5107491612,-0.6337742209,0.9909049869
67,6.8060000000,pose,16,0.3906854987,0.5107277632,-0.6389093399,0.9913242459
68,6.9080000000,pose,16,0.3907053173,0.5055071115,-0.7007840276,0.9917678237
69,7.0090000000,pose,16,0.3906646669,0.5026846528,-0.8023321629,0.9923127890
70,7.1110000000,pose,16,0.3924559057,0.5026096702,-0.6182574630,0.9929388762
71,7.2130000000,pose,16,0.3929589093,0.5020092726,-0.7101153135,0.9934465289
72,7.3140000000,pose,16,0.3937824070,0.5041961670,-0.4922010303,0.9938162565
73,7.4160000000,pose,16,0.3954776525,0.5025520325,-0.4999438524,0.9937108159
74,7.5170000000,pose,16,0.3943307102,0.5027666688,-0.7267903686,0.9938281775
75,7.6190000000,pose,16,0.3938684464,0.5005175471,-0.7963536978,0.9942197800
76,7.7200000000,pose,16,0.3926172256,0.5006868243,-0.6591653228,0.9944922924
77,7.8220000000,pose,16,0.3927975297,0.5080177188,-0.7887409329,0.9947124124
78,7.9240000000,pose,16,0.3927549124,0.5080641508,-0.6613237858,0.9949143529
79,8.0250000000,pose,16,0.3938516378,0.5131226182,-0.6757966280,0.9950683117
80,8.1270000000,pose,16,0.3937962353,0.5218520761,-0.5627879500,0.9952934980
81,8.2280000000,pose,16,0.3934928179,0.5254257321,-0.7722761035,0.9953091145
82,8.3300000000,pose,16,0.3932732642,0.5283439159,-0.6792336702,0.9955592155
83,8.4320000000,pose,16,0.3934846818,0.5228586197,-0.6797373891,0.9957913160
84,8.5330000000,pose,16,0.3920764029,0.5228164196,-0.6890648603,0.9958950281
85,8.6350000000,pose,16,0.3921406567,0.5229946375,-0.7340465188,0.9956921339
86,8.7360000000,pose,16,0.3920466602,0.5270510912,-0.5985382795,0.9958897829
87,8.8380000000,pose,16,0.3914906681,0.5288361311,-0.6279403567,0.9958091378
88,8.9390000000,pose,16,0.3887461424,0.5288679600,-0.7183814645,0.9959151745
89,9.0410000000,pose,16,0.3918515742,0.5103428960,-0.7167304754,0.9960048199
90,9.1430000000,pose,16,0.3912429810,0.5094668865,-0.7594281435,0.9962243438
91,9.2440000000,pose,16,0.3932277262,0.5097329617,-0.7086802125,0.9964831471
92,9.3460000000,pose,16,0.3940887451,0.5082690716,-0.7858230472,0.9962896109
93,9.4470000000,pose,16,0.3937321901,0.5077653527,-0.5894273520,0.9963752031
94,9.5490000000,pose,16,0.3938462138,0.5029163957,-0.8859309554,0.9962061048
95,9.6510000000,pose,16,0.3943606019,0.4985547066,-0.6020125747,0.9964618087
96,9.7520000000,pose,16,0.3942715526,0.4958664477,-0.7635803223,0.9964605570
97,9.8540000000,pose,16,0.3944398761,0.4973766804,-0.6651139855,0.9963091612
98,9.9550000000,pose,16,0.3934464157,0.4973889887,-0.5932242870,0.9963692427
99,10.0570000000,pose,16,0.3920152783,0.4975000918,-0.8980677128,0.9962823987
100,10.1580000000,pose,16,0.3923254907,0.4988388717,-0.7040644288,0.9964154959
101,10.2600000000,pose,16,0.3930604160,0.5021764636,-0.6416712999,0.9964780211
102,10.3620000000,pose,16,0.3915454149,0.5057592392,-0.6520238519,0.9963666201
103,10.4630000000,pose,16,0.3916017115,0.5057662129,-0.5548220873,0.9963973761
104,10.5650000000,pose,16,0.3917280138,0.5049559474,-0.6334509254,0.9963864088
105,10.6660000000,pose,16,0.3922196329,0.5045567155,-0.6134045124,0.9963070750
106,10.7680000000,pose,16,0.3904959559,0.5022234321,-0.7898757458,0.9963465929
107,10.8700000000,pose,16,0.3892146051,0.5005830526,-0.7461650968,0.9964271784
108,10.9710000000,pose,16,0.3888216019,0.5004055500,-0.6570024490,0.9964925051
109,11.0730000000,pose,16,0.3904727399,0.4998413622,-0.8439914584,0.9965307117
110,11.1740000000,pose,16,0.3924165070,0.5005489588,-0.5942122936,0.9965492487
111,11.2760000000,pose,16,0.3923563361,0.5009266138,-0.6564508677,0.9967008829
112,11.3770000000,pose,16,0.3929341137,0.5011693239,-0.6267703772,0.9968536496
113,11.4790000000,pose,16,0.3908990622,0.5016632676,-0.8524292111,0.9969221354
114,11.5810000000,pose,16,0.3907897174,0.5011787415,-0.8460332155,0.9968267083
115,11.6820000000,pose,16,0.3907012045,0.5020735860,-0.5539671183,0.9969667196
116,11.7840000000,pose,16,0.3883987963,0.5045545697,-0.6210953593,0.9969851971
117,11.8850000000,pose,16,0.3899139762,0.5086669922,-0.7667216063,0.9971311092
118,11.9870000000,pose,16,0.3896134794,0.5086072683,-0.7517254353,0.9972867370
50,5.0790000000,pose,23,0.5483109951,0.9207876325,-0.0145073384,0.9244880080
51,5.1810000000,pose,23,0.5500945449,0.9209981561,-0.0133273359,0.9344548583
52,5.2820000000,pose,23,0.5652570128,0.9134179950,-0.0123908883,0.9401587844
53,5.3840000000,pose,23,0.5684242249,0.9126614332,-0.0029486574,0.9414774776
54,5.4860000000,pose,23,0.5675737858,0.9149087667,-0.0071248268,0.9471305609
55,5.5870000000,pose,23,0.5519696474,0.9195343256,-0.0065349014,0.9499922395
56,5.6890000000,pose,23,0.5482249856,0.9196066856,-0.0047483719,0.9484784007
57,5.7900000000,pose,23,0.5485311747,0.9173403382,-0.0047663972,0.9457116723
58,5.8920000000,pose,23,0.5507154465,0.9221587777,-0.0057291365,0.9463706613
59,5.9930000000,pose,23,0.5490617156,0.9218611121,-0.0038300264,0.9487614036
60,6.0950000000,pose,23,0.5438369513,0.9255163074,-0.0031443040,0.9468340278
61,6.1970000000,pose,23,0.5388851166,0.9256516695,-0.0037466036,0.9478464723
62,6.2980000000,pose,23,0.5433557034,0.9256100059,-0.0051576360,0.9430438876
63,6.4000000000,pose,23,0.5456319451,0.9247386456,-0.0049228501,0.9426342249
64,6.5010000000,pose,23,0.5421705246,0.9281682372,-0.0015172797,0.9439505935
65,6.6030000000,pose,23,0.5440778136,0.9270454049,-0.0033564616,0.9404573441
66,6.7050000000,pose,23,0.5429866910,0.9271857738,-0.0068864999,0.9416727424
67,6.8060000000,pose,23,0.5426501632,0.9234504104,-0.0068332828,0.9392914772
68,6.9080000000,pose,23,0.5503447652,0.9237822890,-0.0094310064,0.9371083975
69,7.0090000000,pose,23,0.5512937903,0.9236965179,-0.0067923903,0.9364508390
70,7.1110000000,pose,23,0.5481330752,0.9231678247,-0.0072100312,0.9345550537
71,7.2130000000,pose,23,0.5482769012,0.9252090454,-0.0078963395,0.9369993210
72,7.3140000000,pose,23,0.5505146384,0.9216081500,-0.0125904223,0.9385833740
73,7.4160000000,pose,23,0.5479367375,0.9305754304,-0.0146482885,0.9362311959
74,7.5170000000,pose,23,0.5522704720,0.9300498366,-0.0105571384,0.9345545173
75,7.6190000000,pose,23,0.5509207249,0.9288297296,-0.0099087302,0.9357641935
76,7.7200000000,pose,23,0.5443389416,0.9243159294,-0.0091760438,0.9370470643
77,7.8220000000,pose,23,0.5444231629,0.9247519374,-0.0103728902,0.9387645721
78,7.9240000000,pose,23,0.5445558429,0.9241319299,-0.0094509432,0.9372404814
79,8.0250000000,pose,23,0.5427961946,0.9239932299,-0.0090046711,0.9341982603
80,8.1270000000,pose,23,0.5456274152,0.9222626686,-0.0132008521,0.9318782091
81,8.2280000000,pose,23,0.5445197821,0.9224359989,-0.0050532813,0.9298291802
82,8.3300000000,pose,23,0.5467363000,0.9228584766,-0.0053829937,0.9271308780
83,8.4320000000,pose,23,0.5456407666,0.9229316115,-0.0074864854,0.9276168346
84,8.5330000000,pose,23,0.5455742478,0.9233393669,-0.0087149031,0.9250010252
85,8.6350000000,pose,23,0.5388764143,0.9233454466,-0.0077751558,0.9250304103
86,8.7360000000,pose,23,0.5353899002,0.9232217669,-0.0071921232,0.9225972891
87,8.8380000000,pose,23,0.5345208049,0.9216132760,-0.0070993961,0.9184871912
88,8.9390000000,pose,23,0.5371819139,0.9216157794,-0.0072589093,0.9171578288
89,9.0410000000,pose,23,0.5442392230,0.9223647118,-0.0094388342,0.9195558429
90,9.1430000000,pose,23,0.5427935719,0.9249651432,-0.0059443419,0.9203079939
91,9.2440000000,pose,23,0.5436449051,0.9223741293,-0.0039506443,0.9195555449
92,9.3460000000,pose,23,0.5436642766,0.9228188992,0.0003483216,0.9238061309
93,9.4470000000,pose,23,0.5468615890,0.9201570749,-0.0099073704,0.9232584834
94,9.5490000000,pose,23,0.5496850610,0.9209451675,-0.0083831530,0.9242718816
95,9.6510000000,pose,23,0.5471122265,0.9168387055,-0.0137610696,0.9221780300
96,9.7520000000,pose,23,0.5471062064,0.9197727442,-0.0087250611,0.9241532683
97,9.8540000000,pose,23,0.5428779721,0.9182684422,-0.0073152422,0.9236779213
98,9.9550000000,pose,23,0.5438486934,0.9163962007,-0.0061151162,0.9212800860
99,10.0570000000,pose,23,0.5431759953,0.9192281961,-0.0024166110,0.9247481823
100,10.1580000000,pose,23,0.5435225964,0.9195982814,-0.0028966425,0.9251566529
101,10.2600000000,pose,23,0.5513995886,0.9190483093,-0.0028672011,0.9238349795
102,10.3620000000,pose,23,0.5508022308,0.9200135469,-0.0022484786,0.9255322218
103,10.4630000000,pose,23,0.5506703258,0.9164219499,-0.0037116269,0.9232714176
104,10.5650000000,pose,23,0.5467578769,0.9212782979,-0.0044759470,0.9251883626
105,10.6660000000,pose,23,0.5471338630,0.9198812842,-0.0040247799,0.9238445759
106,10.7680000000,pose,23,0.5489056706,0.9214896560,-0.0038283714,0.9240997434
107,10.8700000000,pose,23,0.5450739264,0.9205477238,-0.0037804220,0.9228076935
108,10.9710000000,pose,23,0.5452547669,0.9130287170,-0.0072506499,0.9243922234
109,11.0730000000,pose,23,0.5456352234,0.9141532183,-0.0052613551,0.9271942973
110,11.1740000000,pose,23,0.5457457900,0.9145554304,-0.0052871276,0.9254606962
111,11.2760000000,pose,23,0.5462334752,0.9150959253,-0.0051047164,0.9253357053
112,11.3770000000,pose,23,0.5488883257,0.9180424809,-0.0070132888,0.9272038341
113,11.4790000000,pose,23,0.5495548844,0.9168404341,-0.0029759982,0.9286175370
114,11.5810000000,pose,23,0.5468300581,0.9172937870,-0.0010239185,0.9290229678
115,11.6820000000,pose,23,0.5468586683,0.9175021648,-0.0089242673,0.9303345084
116,11.7840000000,pose,23,0.5427157283,0.9167016745,-0.0087246811,0.9291393161
117,11.8850000000,pose,23,0.5441294909,0.9190188646,-0.0085776234,0.9313111305
118,11.9870000000,pose,23,0.5420760512,0.9190400839,-0.0085350722,0.9302404523
50,5.0790000000,pose,24,0.3754268587,0.9042606950,0.0140697807,0.9087116718
51,5.1810000000,pose,24,0.3778574169,0.9087775946,0.0129346466,0.9208284020
52,5.2820000000,pose,24,0.3900513649,0.9063410163,0.0119651873,0.9269678593
53,5.3840000000,pose,24,0.3923751712,0.9062704444,0.0024673778,0.9270728230
54,5.4860000000,pose,24,0.3931836486,0.9064238667,0.0067648208,0.9326733351
55,5.5870000000,pose,24,0.3799384534,0.9036313295,0.0061203507,0.9354611039
56,5.6890000000,pose,24,0.3756971061,0.8977571130,0.0043048430,0.9340129495
57,5.7900000000,pose,24,0.3758142591,0.8972466588,0.0043286025,0.9301214814
58,5.8920000000,pose,24,0.3761897385,0.9015156627,0.0052662948,0.9313517809
59,5.9930000000,pose,24,0.3764083683,0.9013218284,0.0034132143,0.9347811341
60,6.0950000000,pose,24,0.3707843125,0.9000185132,0.0027019286,0.9333224893
61,6.1970000000,pose,24,0.3689898551,0.8997207284,0.0033157954,0.9345821142
62,6.2980000000,pose,24,0.3693535030,0.8999464512,0.0047257459,0.9311559200
63,6.4000000000,pose,24,0.3724743426,0.8984794021,0.0044925720,0.9304865003
64,6.5010000000,pose,24,0.3692585528,0.8984479308,0.0011244372,0.9315745831
65,6.6030000000,pose,24,0.3699144721,0.8962436318,0.0029600339,0.9269641638
66,6.7050000000,pose,24,0.3699237704,0.8961969018,0.0064889505,0.9284122586
67,6.8060000000,pose,24,0.3699443042,0.8949903250,0.0064251642,0.9249932766
68,6.9080000000,pose,24,0.3710519969,0.8949652910,0.0090145823,0.9231578112
69,7.0090000000,pose,24,0.3725625277,0.8953656554,0.0063586901,0.9216611981
70,7.1110000000,pose,24,0.3723243475,0.8938181996,0.0067442679,0.9207736850
71,7.2130000000,pose,24,0.3723667860,0.8999247551,0.0074419877,0.9237000346
72,7.3140000000,pose,24,0.3742319643,0.8982290030,0.0120783336,0.9267162681
73,7.4160000000,pose,24,0.3728398681,0.9012089968,0.0141504193,0.9246295094
74,7.5170000000,pose,24,0.3763332069,0.9015083313,0.0101307668,0.9212012887
75,7.6190000000,pose,24,0.3761831820,0.8991543055,0.0094750114,0.9220935106
76,7.7200000000,pose,24,0.3740911186,0.8955632448,0.0087251468,0.9228869677
77,7.8220000000,pose,24,0.3726634085,0.8980713487,0.0099490909,0.9248093963
78,7.9240000000,pose,24,0.3726582229,0.8954024315,0.0089816488,0.9234458804
79,8.0250000000,pose,24,0.3726471364,0.8950433135,0.0085398210,0.9198693633
80,8.1270000000,pose,24,0.3740495145,0.8947162628,0.0126752881,0.9176373482
81,8.2280000000,pose,24,0.3715771139,0.8954746723,0.0046170582,0.9142798781
82,8.3300000000,pose,24,0.3716250360,0.8958112001,0.0049173268,0.9118473530
83,8.4320000000,pose,24,0.3687002361,0.8958194852,0.0069645727,0.9114341140
84,8.5330000000,pose,24,0.3685471714,0.8942155242,0.0082021924,0.9089065194
85,8.6350000000,pose,24,0.3666992784,0.8941745162,0.0073346449,0.9088549018
86,8.7360000000,pose,24,0.3623382151,0.8926042318,0.0067226049,0.9070333242
87,8.8380000000,pose,24,0.3618011475,0.8914570808,0.0066272938,0.9024136066
88,8.9390000000,pose,24,0.3620896637,0.8915733695,0.0067981775,0.9003073573
89,9.0410000000,pose,24,0.3670032918,0.8957167864,0.0090103913,0.9024823904
90,9.1430000000,pose,24,0.3669332266,0.8994214535,0.0055635870,0.9026975036
91,9.2440000000,pose,24,0.3678444922,0.8985288739,0.0035262790,0.9023729563
92,9.3460000000,pose,24,0.3695317805,0.8985660076,-0.0007360572,0.9079111218
93,9.4470000000,pose,24,0.3731956482,0.8993743062,0.0094018765,0.9071612358
94,9.5490000000,pose,24,0.3733489215,0.8992222548,0.0079043843,0.9081661105
95,9.6510000000,pose,24,0.3732857108,0.8884099126,0.0131882429,0.9057816267
96,9.7520000000,pose,24,0.3731312752,0.8918395042,0.0082852840,0.9083340168
97,9.8540000000,pose,24,0.3730254471,0.8916278481,0.0068397918,0.9067714214
98,9.9550000000,pose,24,0.3729966581,0.8916609883,0.0056122537,0.9035931230
99,10.0570000000,pose,24,0.3716130555,0.8954330087,0.0020218850,0.9072476625
100,10.1580000000,pose,24,0.3715971410,0.8960118294,0.0024677610,0.9081411958
101,10.2600000000,pose,24,0.3742279410,0.8968280554,0.0024190203,0.9064797759
102,10.3620000000,pose,24,0.3748216331,0.8980947137,0.0018217856,0.9081181884
103,10.4630000000,pose,24,0.3750680685,0.8972304463,0.0032074461,0.9047605991
104,10.5650000000,pose,24,0.3728658259,0.8976444602,0.0039959978,0.9070693254
105,10.6660000000,pose,24,0.3729370236,0.8963274956,0.0035270129,0.9048179984
106,10.7680000000,pose,24,0.3739099205,0.8989655375,0.0033612675,0.9041268229
107,10.8700000000,pose,24,0.3721768558,0.8979215622,0.0033028200,0.9018632174
108,10.9710000000,pose,24,0.3727235496,0.8896557689,0.0067297858,0.9040306807
109,11.0730000000,pose,24,0.3726786673,0.8920462132,0.0048489524,0.9081186056
110,11.1740000000,pose,24,0.3734179735,0.8925120831,0.0048551466,0.9066403508
111,11.2760000000,pose,24,0.3728250265,0.8927695155,0.0046609114,0.9063034654
112,11.3770000000,pose,24,0.3768650293,0.8994588852,0.0065362346,0.9088091254
113,11.4790000000,pose,24,0.3769305944,0.8980753422,0.0025213994,0.9103094935
114,11.5810000000,pose,24,0.3755683601,0.8993152976,0.0006391680,0.9104069471
115,11.6820000000,pose,24,0.3749603629,0.8995180726,0.0084259305,0.9127586484
116,11.7840000000,pose,24,0.3704395890,0.8969483972,0.0082277460,0.9106210470
117,11.8850000000,pose,24,0.3705339432,0.9004179835,0.0080877813,0.9137345552
118,11.9870000000,pose,24,0.3693854213,0.8981643319,0.0080479169,0.9126359224
50,5.0790000000,right_hand,0,0.6340508461,0.6018464565,0.0000000375,1.0000000000
51,5.1810000000,right_hand,0,0.6340508461,0.6018464565,0.0000000375,1.0000000000
52,5.2820000000,right_hand,0,0.6340508461,0.6018464565,0.0000000375,1.0000000000
53,5.3840000000,right_hand,0,0.6340508461,0.6018464565,0.0000000375,1.0000000000
54,5.4860000000,right_hand,0,0.6356923580,0.6135976315,-0.0000000311,1.0000000000
55,5.5870000000,right_hand,0,0.3523137569,0.4690962434,0.0000001951,1.0000000000
56,5.6890000000,right_hand,0,0.6170499325,0.6062414050,-0.0000000229,1.0000000000
57,5.7900000000,right_hand,0,0.3477829695,0.4907362461,0.0000002868,1.0000000000
58,5.8920000000,right_hand,0,0.6091763377,0.6019419432,-0.0000000021,1.0000000000
59,5.9930000000,right_hand,0,0.3740692437,0.4980657399,0.0000003213,1.0000000000
60,6.0950000000,right_hand,0,0.5993331671,0.6114041209,0.0000001847,1.0000000000
61,6.1970000000,right_hand,0,0.3774159551,0.4950593114,0.0000003072,1.0000000000
62,6.2980000000,right_hand,0,0.3743647635,0.4925808907,0.0000003315,1.0000000000
63,6.4000000000,right_hand,0,0.3794813752,0.5026824474,0.0000003148,1.0000000000
64,6.5010000000,right_hand,0,0.3813050091,0.4991211891,0.0000003248,1.0000000000
65,6.6030000000,right_hand,0,0.3809445500,0.5009756684,0.0000002861,1.0000000000
66,6.7050000000,right_hand,0,0.3831677437,0.4984340668,0.0000003116,1.0000000000
67,6.8060000000,right_hand,0,0.3866429031,0.5005876422,0.0000003069,1.0000000000
68,6.9080000000,right_hand,0,0.3876984715,0.4964849949,0.0000002893,1.0000000000
69,7.0090000000,right_hand,0,0.3893828094,0.4996318221,0.0000002223,1.0000000000
70,7.1110000000,right_hand,0,0.3896394074,0.4938097000,0.0000002286,1.0000000000
71,7.2130000000,right_hand,0,0.3951233625,0.4942293763,0.0000002332,1.0000000000
72,7.3140000000,right_hand,0,0.3937840760,0.4916273952,0.0000002735,1.0000000000
73,7.4160000000,right_hand,0,0.3925899565,0.4921376109,0.0000003095,1.0000000000
74,7.5170000000,right_hand,0,0.3949095011,0.4970408380,0.0000003351,1.0000000000
75,7.6190000000,right_hand,0,0.3878650963,0.4952793717,0.0000002820,1.0000000000
76,7.7200000000,right_hand,0,0.3811562061,0.4975453615,0.0000003481,1.0000000000
77,7.8220000000,right_hand,0,0.3884020150,0.5089780688,0.0000003265,1.0000000000
78,7.9240000000,right_hand,0,0.3909699619,0.5057812929,0.0000002247,1.0000000000
79,8.0250000000,right_hand,0,0.3959864676,0.5118788481,0.0000003001,1.0000000000
80,8.1270000000,right_hand,0,0.3912729025,0.5146351457,0.0000002714,1.0000000000
81,8.2280000000,right_hand,0,0.3869026601,0.5135034323,0.0000003256,1.0000000000
82,8.3300000000,right_hand,0,0.3859184384,0.5173081160,0.0000003396,1.0000000000
83,8.4320000000,right_hand,0,0.3813259304,0.5140001774,0.0000003445,1.0000000000
84,8.5330000000,right_hand,0,0.3862077892,0.5199745893,0.0000003596,1.0000000000
85,8.6350000000,right_hand,0,0.3916803300,0.5171318054,0.0000002958,1.0000000000
86,8.7360000000,right_hand,0,0.3886399567,0.5082113743,0.0000002188,1.0000000000
87,8.8380000000,right_hand,0,0.3829103410,0.5093369484,0.0000001849,1.0000000000
88,8.9390000000,right_hand,0,0.3872923255,0.5085598230,0.0000002132,1.0000000000
89,9.0410000000,right_hand,0,0.3816343546,0.4963927269,0.0000002032,1.0000000000
90,9.1430000000,right_hand,0,0.5944944024,0.5773810148,0.0000001258,1.0000000000
91,9.2440000000,right_hand,0,0.3758224845,0.4951903224,0.0000002527,1.0000000000
92,9.3460000000,right_hand,0,0.3873562217,0.5047184229,0.0000002291,1.0000000000
93,9.4470000000,right_hand,0,0.3862730265,0.4965190291,0.0000000962,1.0000000000
94,9.5490000000,right_hand,0,0.3851919770,0.4965825081,0.0000001370,1.0000000000
95,9.6510000000,right_hand,0,0.3792352080,0.4970656633,0.0000001098,1.0000000000
96,9.7520000000,right_hand,0,0.3844120800,0.4865418673,0.0000001510,1.0000000000
97,9.8540000000,right_hand,0,0.3874735236,0.4801697433,0.0000001456,1.0000000000
98,9.9550000000,right_hand,0,0.3796800375,0.4904216826,0.0000001774,1.0000000000
99,10.0570000000,right_hand,0,0.3831825852,0.4936873913,0.0000002630,1.0000000000
100,10.1580000000,right_hand,0,0.3869780302,0.4965375662,0.0000002004,1.0000000000
101,10.2600000000,right_hand,0,0.3933895528,0.4923395514,0.0000001186,1.0000000000
102,10.3620000000,right_hand,0,0.3936884701,0.4885186851,0.0000000592,1.0000000000
103,10.4630000000,right_hand,0,0.3889805675,0.4964579344,0.0000000533,1.0000000000
104,10.5650000000,right_hand,0,0.3768648505,0.4973522723,0.0000001523,1.0000000000
105,10.6660000000,right_hand,0,0.3754607141,0.4909618795,0.0000001507,1.0000000000
106,10.7680000000,right_hand,0,0.3788696527,0.4893943071,0.0000002179,1.0000000000
107,10.8700000000,right_hand,0,0.3785802424,0.4893396795,0.0000001665,1.0000000000
108,10.9710000000,right_hand,0,0.3862199187,0.4783941209,0.0000001582,1.0000000000
109,11.0730000000,right_hand,0,0.3904371560,0.4725828469,0.0000000844,1.0000000000
110,11.1740000000,right_hand,0,0.3936991394,0.4748704433,0.0000000626,1.0000000000
111,11.2760000000,right_hand,0,0.3938327432,0.4835356176,0.0000000963,1.0000000000
112,11.3770000000,right_hand,0,0.3938082755,0.4916379452,0.0000001064,1.0000000000
113,11.4790000000,right_hand,0,0.3830577135,0.4817156494,0.0000001779,1.0000000000
114,11.5810000000,right_hand,0,0.3801111281,0.4938741922,0.0000002009,1.0000000000
115,11.6820000000,right_hand,0,0.3801370859,0.4978938103,0.0000001665,1.0000000000
116,11.7840000000,right_hand,0,0.3842194974,0.4878476858,0.0000001188,1.0000000000
117,11.8850000000,right_hand,0,0.3999592960,0.4993616045,0.0000000999,1.0000000000
118,11.9870000000,right_hand,0,0.3935388625,0.5048332810,0.0000000559,1.0000000000
50,5.0790000000,right_hand,1,0.6164948940,0.5841639042,-0.0075900680,1.0000000000
51,5.1810000000,right_hand,1,0.6164948940,0.5841639042,-0.0075900680,1.0000000000
52,5.2820000000,right_hand,1,0.6164948940,0.5841639042,-0.0075900680,1.0000000000
53,5.3840000000,right_hand,1,0.6164948940,0.5841639042,-0.0075900680,1.0000000000
54,5.4860000000,right_hand,1,0.6222199798,0.6468040347,-0.0069073881,1.0000000000
55,5.5870000000,right_hand,1,0.3665884435,0.4599431455,-0.0015099352,1.0000000000
56,5.6890000000,right_hand,1,0.6146714687,0.6367605925,-0.0238064621,1.0000000000
57,5.7900000000,right_hand,1,0.3548153341,0.4548878670,-0.0006530808,1.0000000000
58,5.8920000000,right_hand,1,0.6017303467,0.6313264370,-0.0068260622,1.0000000000
59,5.9930000000,right_hand,1,0.3815968633,0.4531618655,0.0024328188,1.0000000000
60,6.0950000000,right_hand,1,0.5914207697,0.6366631389,-0.0073738671,1.0000000000
61,6.1970000000,right_hand,1,0.3892391324,0.4498811960,0.0014775379,1.0000000000
62,6.2980000000,right_hand,1,0.3883170485,0.4417364001,0.0016601250,1.0000000000
63,6.4000000000,right_hand,1,0.3912578225,0.4481409192,0.0023067626,1.0000000000
64,6.5010000000,right_hand,1,0.3943772912,0.4434689581,0.0014144211,1.0000000000
65,6.6030000000,right_hand,1,0.3952969611,0.4457305372,0.0028066961,1.0000000000
66,6.7050000000,right_hand,1,0.3970462978,0.4414148927,0.0020439019,1.0000000000
67,6.8060000000,right_hand,1,0.4069797099,0.4506755173,0.0001334578,1.0000000000
68,6.9080000000,right_hand,1,0.4047560692,0.4423786104,0.0004541252,1.0000000000
69,7.0090000000,right_hand,1,0.4121133983,0.4522791803,-0.0004496630,1.0000000000
70,7.1110000000,right_hand,1,0.4119331539,0.4426970482,-0.0009525888,1.0000000000
71,7.2130000000,right_hand,1,0.4175488353,0.4443309903,-0.0028650828,1.0000000000
72,7.3140000000,right_hand,1,0.4113356173,0.4364397824,-0.0004216373,1.0000000000
73,7.4160000000,right_hand,1,0.4159815013,0.4460181296,-0.0022147293,1.0000000000
74,7.5170000000,right_hand,1,0.4187225103,0.4538289905,-0.0024228913,1.0000000000
75,7.6190000000,right_hand,1,0.4126682878,0.4528310299,0.0006998099,1.0000000000
76,7.7200000000,right_hand,1,0.4073265791,0.4620053768,0.0003076754,1.0000000000
77,7.8220000000,right_hand,1,0.4187779725,0.4686782360,-0.0036616954,1.0000000000
78,7.9240000000,right_hand,1,0.4162083566,0.4525119066,0.0005531770,1.0000000000
79,8.0250000000,right_hand,1,0.4210824370,0.4591231942,-0.0002403437,1.0000000000
80,8.1270000000,right_hand,1,0.4011490643,0.4577061832,0.0008962562,1.0000000000
81,8.2280000000,right_hand,1,0.3993057609,0.4598940909,-0.0031621701,1.0000000000
82,8.3300000000,right_hand,1,0.3933451176,0.4583739638,0.0020298657,1.0000000000
83,8.4320000000,right_hand,1,0.3940440714,0.4576497674,-0.0001460352,1.0000000000
84,8.5330000000,right_hand,1,0.4031434059,0.4617536664,-0.0013460999,1.0000000000
85,8.6350000000,right_hand,1,0.4154450893,0.4599199891,-0.0023284839,1.0000000000
86,8.7360000000,right_hand,1,0.4116362631,0.4583867192,0.0000092418,1.0000000000
87,8.8380000000,right_hand,1,0.3991879523,0.4546833038,0.0003550858,1.0000000000
88,8.9390000000,right_hand,1,0.4104003012,0.4638562202,-0.0007286683,1.0000000000
89,9.0410000000,right_hand,1,0.4051176012,0.4514155984,0.0016664283,1.0000000000
90,9.1430000000,right_hand,1,0.5897249579,0.6067633629,-0.0078928238,1.0000000000
91,9.2440000000,right_hand,1,0.4141358733,0.4691671133,-0.0001914442,1.0000000000
92,9.3460000000,right_hand,1,0.4236434400,0.4686019123,-0.0014214973,1.0000000000
93,9.4470000000,right_hand,1,0.4216928184,0.4664397538,-0.0023743138,1.0000000000
94,9.5490000000,right_hand,1,0.4154594839,0.4723215699,-0.0047577480,1.0000000000
95,9.6510000000,right_hand,1,0.4096520841,0.4765622914,-0.0026589427,1.0000000000
96,9.7520000000,right_hand,1,0.4161649644,0.4668649733,-0.0021388133,1.0000000000
97,9.8540000000,right_hand,1,0.4217130840,0.4544620514,0.0043113101,1.0000000000
98,9.9550000000,right_hand,1,0.4097867310,0.4731624722,-0.0000095718,1.0000000000
99,10.0570000000,right_hand,1,0.4124501050,0.4669074118,-0.0013239079,1.0000000000
100,10.1580000000,right_hand,1,0.4194574058,0.4651129246,-0.0025102410,1.0000000000
101,10.2600000000,right_hand,1,0.4239172935,0.4602153897,-0.0018724555,1.0000000000
102,10.3620000000,right_hand,1,0.4239290357,0.4600314200,-0.0023066727,1.0000000000
103,10.4630000000,right_hand,1,0.4151787162,0.4661630392,0.0001281960,1.0000000000
104,10.5650000000,right_hand,1,0.4060904682,0.4795396924,0.0016442074,1.0000000000
105,10.6660000000,right_hand,1,0.4066904485,0.4697973430,0.0024598332,1.0000000000
106,10.7680000000,right_hand,1,0.4059605598,0.4709473550,-0.0003022032,1.0000000000
107,10.8700000000,right_hand,1,0.4085045457,0.4691314995,-0.0002425819,1.0000000000
108,10.9710000000,right_hand,1,0.4174372852,0.4600466788,-0.0024454989,1.0000000000
109,11.0730000000,right_hand,1,0.4239133000,0.4480789006,-0.0020450987,1.0000000000
110,11.1740000000,right_hand,1,0.4250611365,0.4561203718,-0.0008410363,1.0000000000
111,11.2760000000,right_hand,1,0.4245347083,0.4637444913,-0.0006506067,1.0000000000
112,11.3770000000,right_hand,1,0.4220124185,0.4735096991,0.0004831597,1.0000000000
113,11.4790000000,right_hand,1,0.4116495252,0.4724993110,0.0017174568,1.0000000000
114,11.5810000000,right_hand,1,0.4106419683,0.4808920622,0.0007459299,1.0000000000
115,11.6820000000,right_hand,1,0.4100761712,0.4815872610,0.0028530867,1.0000000000
116,11.7840000000,right_hand,1,0.4179733992,0.4687637687,-0.0005319720,1.0000000000
117,11.8850000000,right_hand,1,0.4298013747,0.4691082537,-0.0002415772,1.0000000000
118,11.9870000000,right_hand,1,0.4226762652,0.4771135449,0.0018600086,1.0000000000
50,5.0790000000,right_hand,2,0.5939062834,0.5825515985,-0.0142399715,1.0000000000
51,5.1810000000,right_hand,2,0.5939062834,0.5825515985,-0.0142399715,1.0000000000
52,5.2820000000,right_hand,2,0.5939062834,0.5825515985,-0.0142399715,1.0000000000
53,5.3840000000,right_hand,2,0.5939062834,0.5825515985,-0.0142399715,1.0000000000
54,5.4860000000,right_hand,2,0.6030003428,0.6629669070,-0.0139482692,1.0000000000
55,5.5870000000,right_hand,2,0.3862570226,0.4490276873,-0.0064554103,1.0000000000
56,5.6890000000,right_hand,2,0.6034685373,0.6561575532,-0.0413392931,1.0000000000
57,5.7900000000,right_hand,2,0.3694213033,0.4218781590,-0.0066877911,1.0000000000
58,5.8920000000,right_hand,2,0.5868735313,0.6538774371,-0.0135431420,1.0000000000
59,5.9930000000,right_hand,2,0.3937759399,0.4208468497,-0.0042834450,1.0000000000
60,6.0950000000,right_hand,2,0.5761390328,0.6580888033,-0.0166396629,1.0000000000
61,6.1970000000,right_hand,2,0.4062894285,0.4159022570,-0.0063764350,1.0000000000
62,6.2980000000,right_hand,2,0.4067134559,0.4079114497,-0.0069116433,1.0000000000
63,6.4000000000,right_hand,2,0.4085397124,0.4124390185,-0.0066279308,1.0000000000
64,6.5010000000,right_hand,2,0.4128278792,0.4089230597,-0.0078651281,1.0000000000
65,6.6030000000,right_hand,2,0.4132197201,0.4110957086,-0.0062664058,1.0000000000
66,6.7050000000,right_hand,2,0.4157634676,0.4063285589,-0.0077731884,1.0000000000
67,6.8060000000,right_hand,2,0.4250044823,0.4132132828,-0.0106127821,1.0000000000
68,6.9080000000,right_hand,2,0.4239203334,0.4039871097,-0.0098358644,1.0000000000
69,7.0090000000,right_hand,2,0.4294587076,0.4146509171,-0.0095161442,1.0000000000
70,7.1110000000,right_hand,2,0.4310409427,0.4048669934,-0.0104429312,1.0000000000
71,7.2130000000,right_hand,2,0.4344915450,0.4072943628,-0.0130206291,1.0000000000
72,7.3140000000,right_hand,2,0.4273266792,0.4012193680,-0.0111540630,1.0000000000
73,7.4160000000,right_hand,2,0.4346572757,0.4089935124,-0.0140820788,1.0000000000
74,7.5170000000,right_hand,2,0.4366639853,0.4188216627,-0.0142065482,1.0000000000
75,7.6190000000,right_hand,2,0.4345498979,0.4187260568,-0.0092832576,1.0000000000
76,7.7200000000,right_hand,2,0.4286268651,0.4349813461,-0.0092779463,1.0000000000
77,7.8220000000,right_hand,2,0.4401169419,0.4335920811,-0.0167480204,1.0000000000
78,7.9240000000,right_hand,2,0.4401604533,0.4151029885,-0.0095819710,1.0000000000
79,8.0250000000,right_hand,2,0.4412564039,0.4225907326,-0.0109590953,1.0000000000
80,8.1270000000,right_hand,2,0.4158316255,0.4185061157,-0.0069695516,1.0000000000
81,8.2280000000,right_hand,2,0.4174026251,0.4192593992,-0.0133770164,1.0000000000
82,8.3300000000,right_hand,2,0.4073937833,0.4193266034,-0.0079829171,1.0000000000
83,8.4320000000,right_hand,2,0.4136739969,0.4196226895,-0.0109777683,1.0000000000
84,8.5330000000,right_hand,2,0.4224367142,0.4223096371,-0.0130390646,1.0000000000
85,8.6350000000,right_hand,2,0.4291365743,0.4215364158,-0.0129450625,1.0000000000
86,8.7360000000,right_hand,2,0.4249240160,0.4167961478,-0.0073731993,1.0000000000
87,8.8380000000,right_hand,2,0.4148817658,0.4100331366,-0.0076500261,1.0000000000
88,8.9390000000,right_hand,2,0.4291998446,0.4237965047,-0.0095571149,1.0000000000
89,9.0410000000,right_hand,2,0.4241701066,0.4175454676,-0.0058588721,1.0000000000
90,9.1430000000,right_hand,2,0.5767033100,0.6308119893,-0.0152340913,1.0000000000
91,9.2440000000,right_hand,2,0.4409837127,0.4409675002,-0.0080575198,1.0000000000
92,9.3460000000,right_hand,2,0.4471740425,0.4361279011,-0.0081531331,1.0000000000
93,9.4470000000,right_hand,2,0.4471186399,0.4336249232,-0.0080595985,1.0000000000
94,9.5490000000,right_hand,2,0.4417021275,0.4387199581,-0.0123972706,1.0000000000
95,9.6510000000,right_hand,2,0.4309555888,0.4501601458,-0.0088374102,1.0000000000
96,9.7520000000,right_hand,2,0.4410377443,0.4413069785,-0.0081045907,1.0000000000
97,9.8540000000,right_hand,2,0.4442320764,0.4268375039,-0.0005633006,1.0000000000
98,9.9550000000,right_hand,2,0.4297831655,0.4540624917,-0.0066846935,1.0000000000
99,10.0570000000,right_hand,2,0.4340228140,0.4373961985,-0.0097951293,1.0000000000
100,10.1580000000,right_hand,2,0.4416582584,0.4385178983,-0.0107940016,1.0000000000
101,10.2600000000,right_hand,2,0.4458368123,0.4298005998,-0.0075920406,1.0000000000
102,10.3620000000,right_hand,2,0.4463473260,0.4325400889,-0.0077617303,1.0000000000
103,10.4630000000,right_hand,2,0.4353533089,0.4378112853,-0.0049147946,1.0000000000
104,10.5650000000,right_hand,2,0.4267867208,0.4580714107,-0.0031829567,1.0000000000
105,10.6660000000,right_hand,2,0.4245771766,0.4515085816,-0.0027967161,1.0000000000
106,10.7680000000,right_hand,2,0.4243043363,0.4505795240,-0.0073286584,1.0000000000
107,10.8700000000,right_hand,2,0.4292651117,0.4446328282,-0.0071859350,1.0000000000
108,10.9710000000,right_hand,2,0.4409407675,0.4343847334,-0.0086661959,1.0000000000
109,11.0730000000,right_hand,2,0.4487341046,0.4261775315,-0.0089685414,1.0000000000
110,11.1740000000,right_hand,2,0.4476556182,0.4313421845,-0.0062117451,1.0000000000
111,11.2760000000,right_hand,2,0.4458743334,0.4338518381,-0.0055360738,1.0000000000
112,11.3770000000,right_hand,2,0.4389886856,0.4475868046,-0.0035743006,1.0000000000
113,11.4790000000,right_hand,2,0.4301927388,0.4525635242,-0.0026860407,1.0000000000
114,11.5810000000,right_hand,2,0.4315037131,0.4529120028,-0.0044530625,1.0000000000
115,11.6820000000,right_hand,2,0.4305263460,0.4548389316,-0.0016326008,1.0000000000
116,11.7840000000,right_hand,2,0.4430525899,0.4349226952,-0.0053986036,1.0000000000
117,11.8850000000,right_hand,2,0.4505321980,0.4342909157,-0.0037002556,1.0000000000
118,11.9870000000,right_hand,2,0.4457739294,0.4404883683,0.0008613492,1.0000000000
50,5.0790000000,right_hand,3,0.5741938353,0.5948388577,-0.0200524088,1.0000000000
51,5.1810000000,right_hand,3,0.5741938353,0.5948388577,-0.0200524088,1.0000000000
52,5.2820000000,right_hand,3,0.5741938353,0.5948388577,-0.0200524088,1.0000000000
53,5.3840000000,right_hand,3,0.5741938353,0.5948388577,-0.0200524088,1.0000000000
54,5.4860000000,right_hand,3,0.5859536529,0.6707305908,-0.0202896390,1.0000000000
55,5.5870000000,right_hand,3,0.4044069350,0.4446364939,-0.0107200472,1.0000000000
56,5.6890000000,right_hand,3,0.5920799971,0.6673201919,-0.0551626310,1.0000000000
57,5.7900000000,right_hand,3,0.3856564462,0.4033860862,-0.0128466580,1.0000000000
58,5.8920000000,right_hand,3,0.5711016655,0.6712017655,-0.0196911655,1.0000000000
59,5.9930000000,right_hand,3,0.4079108536,0.4044272006,-0.0119168982,1.0000000000
60,6.0950000000,right_hand,3,0.5592826009,0.6691023707,-0.0240702648,1.0000000000
61,6.1970000000,right_hand,3,0.4263206124,0.3989765346,-0.0150074456,1.0000000000
62,6.2980000000,right_hand,3,0.4274814427,0.3930404782,-0.0161731429,1.0000000000
63,6.4000000000,right_hand,3,0.4277363718,0.3968626261,-0.0163017865,1.0000000000
64,6.5010000000,right_hand,3,0.4329865873,0.3951961100,-0.0176105350,1.0000000000
65,6.6030000000,right_hand,3,0.4324339330,0.3953095973,-0.0161166601,1.0000000000
66,6.7050000000,right_hand,3,0.4371701479,0.3926182389,-0.0182076469,1.0000000000
67,6.8060000000,right_hand,3,0.4450014830,0.3947264552,-0.0217340458,1.0000000000
68,6.9080000000,right_hand,3,0.4456174374,0.3903335333,-0.0211800467,1.0000000000
69,7.0090000000,right_hand,3,0.4483244121,0.3956423700,-0.0195225980,1.0000000000
70,7.1110000000,right_hand,3,0.4499255717,0.3882691264,-0.0207221899,1.0000000000
71,7.2130000000,right_hand,3,0.4519549012,0.3928448558,-0.0237072911,1.0000000000
72,7.3140000000,right_hand,3,0.4444196522,0.3908680379,-0.0225730091,1.0000000000
73,7.4160000000,right_hand,3,0.4549406469,0.3961077631,-0.0266490337,1.0000000000
74,7.5170000000,right_hand,3,0.4545894265,0.4029037356,-0.0266790632,1.0000000000
75,7.6190000000,right_hand,3,0.4558101594,0.4029619098,-0.0205021948,1.0000000000
76,7.7200000000,right_hand,3,0.4497447908,0.4287959933,-0.0199380349,1.0000000000
77,7.8220000000,right_hand,3,0.4597371221,0.4160363078,-0.0303688888,1.0000000000
78,7.9240000000,right_hand,3,0.4658659399,0.3999777436,-0.0209412500,1.0000000000
79,8.0250000000,right_hand,3,0.4629633725,0.4047670960,-0.0226098839,1.0000000000
80,8.1270000000,right_hand,3,0.4345327318,0.3992564380,-0.0158279911,1.0000000000
81,8.2280000000,right_hand,3,0.4407697320,0.4008260071,-0.0234342273,1.0000000000
82,8.3300000000,right_hand,3,0.4271259308,0.3981350362,-0.0183329247,1.0000000000
83,8.4320000000,right_hand,3,0.4368159175,0.4013425410,-0.0218920931,1.0000000000
84,8.5330000000,right_hand,3,0.4462235570,0.4043457806,-0.0248870309,1.0000000000
85,8.6350000000,right_hand,3,0.4426943362,0.3990708888,-0.0238319188,1.0000000000
86,8.7360000000,right_hand,3,0.4367471337,0.3936602473,-0.0156436767,1.0000000000
87,8.8380000000,right_hand,3,0.4329319298,0.3845983744,-0.0160137042,1.0000000000
88,8.9390000000,right_hand,3,0.4480015934,0.4011287987,-0.0189673938,1.0000000000
89,9.0410000000,right_hand,3,0.4427119493,0.4000051916,-0.0142054595,1.0000000000
90,9.1430000000,right_hand,3,0.5613516569,0.6455719471,-0.0208640490,1.0000000000
91,9.2440000000,right_hand,3,0.4620057046,0.4270651340,-0.0169220977,1.0000000000
92,9.3460000000,right_hand,3,0.4684013426,0.4160728157,-0.0164530892,1.0000000000
93,9.4470000000,right_hand,3,0.4706072211,0.4165010154,-0.0149449250,1.0000000000
94,9.5490000000,right_hand,3,0.4676069319,0.4191138148,-0.0202746131,1.0000000000
95,9.6510000000,right_hand,3,0.4512570798,0.4337516129,-0.0155706927,1.0000000000
96,9.7520000000,right_hand,3,0.4617139995,0.4258017242,-0.0147330044,1.0000000000
97,9.8540000000,right_hand,3,0.4655776620,0.4115801156,-0.0077199554,1.0000000000
98,9.9550000000,right_hand,3,0.4458741844,0.4447559714,-0.0145600699,1.0000000000
99,10.0570000000,right_hand,3,0.4531141520,0.4227580428,-0.0190561824,1.0000000000
100,10.1580000000,right_hand,3,0.4584514499,0.4221752882,-0.0195560791,1.0000000000
101,10.2600000000,right_hand,3,0.4661853015,0.4125014246,-0.0146433469,1.0000000000
102,10.3620000000,right_hand,3,0.4678188562,0.4169398248,-0.0140490634,1.0000000000
103,10.4630000000,right_hand,3,0.4542976022,0.4218755066,-0.0107819326,1.0000000000
104,10.5650000000,right_hand,3,0.4444961548,0.4473546147,-0.0098383613,1.0000000000
105,10.6660000000,right_hand,3,0.4408710897,0.4422270060,-0.0098848147,1.0000000000
106,10.7680000000,right_hand,3,0.4412797987,0.4408843815,-0.0154072959,1.0000000000
107,10.8700000000,right_hand,3,0.4471130669,0.4330175221,-0.0155574474,1.0000000000
108,10.9710000000,right_hand,3,0.4595120549,0.4181353450,-0.0159703530,1.0000000000
109,11.0730000000,right_hand,3,0.4687688649,0.4119116068,-0.0167015325,1.0000000000
110,11.1740000000,right_hand,3,0.4660705924,0.4165756702,-0.0130463876,1.0000000000
111,11.2760000000,right_hand,3,0.4640617371,0.4157244265,-0.0119334031,1.0000000000
112,11.3770000000,right_hand,3,0.4528181553,0.4334256947,-0.0098691545,1.0000000000
113,11.4790000000,right_hand,3,0.4447144270,0.4422996938,-0.0092417384,1.0000000000
114,11.5810000000,right_hand,3,0.4493127465,0.4346521497,-0.0112150256,1.0000000000
115,11.6820000000,right_hand,3,0.4478577375,0.4418130815,-0.0088741230,1.0000000000
116,11.7840000000,right_hand,3,0.4622221887,0.4145226181,-0.0124263456,1.0000000000
117,11.8850000000,right_hand,3,0.4663816392,0.4119638205,-0.0092382682,1.0000000000
118,11.9870000000,right_hand,3,0.4647897482,0.4187938869,-0.0027575188,1.0000000000
50,5.0790000000,right_hand,4,0.5583450794,0.6068491340,-0.0263854284,1.0000000000
51,5.1810000000,right_hand,4,0.5583450794,0.6068491340,-0.0263854284,1.0000000000
52,5.2820000000,right_hand,4,0.5583450794,0.6068491340,-0.0263854284,1.0000000000
53,5.3840000000,right_hand,4,0.5583450794,0.6068491340,-0.0263854284,1.0000000000
54,5.4860000000,right_hand,4,0.5724216700,0.6752046943,-0.0273650438,1.0000000000
55,5.5870000000,right_hand,4,0.4208759069,0.4510274529,-0.0154603254,1.0000000000
56,5.6890000000,right_hand,4,0.5804079175,0.6723968983,-0.0697019696,1.0000000000
57,5.7900000000,right_hand,4,0.4022294879,0.3974867463,-0.0196772534,1.0000000000
58,5.8920000000,right_hand,4,0.5576514006,0.6779137850,-0.0261282083,1.0000000000
59,5.9930000000,right_hand,4,0.4212659001,0.3988840878,-0.0206773803,1.0000000000
60,6.0950000000,right_hand,4,0.5448206663,0.6710994840,-0.0318947732,1.0000000000
61,6.1970000000,right_hand,4,0.4451875389,0.3939621747,-0.0243889466,1.0000000000
62,6.2980000000,right_hand,4,0.4468284547,0.3905941546,-0.0260278936,1.0000000000
63,6.4000000000,right_hand,4,0.4456490278,0.3933140635,-0.0267228149,1.0000000000
64,6.5010000000,right_hand,4,0.4515159130,0.3946763277,-0.0280292146,1.0000000000
65,6.6030000000,right_hand,4,0.4508312941,0.3932609558,-0.0267461408,1.0000000000
66,6.7050000000,right_hand,4,0.4578414857,0.3931297064,-0.0294006392,1.0000000000
67,6.8060000000,right_hand,4,0.4659590721,0.3882269561,-0.0333759487,1.0000000000
68,6.9080000000,right_hand,4,0.4668511450,0.3923334479,-0.0336332172,1.0000000000
69,7.0090000000,right_hand,4,0.4680708647,0.3877106905,-0.0299835745,1.0000000000
70,7.1110000000,right_hand,4,0.4684443176,0.3839270771,-0.0317175798,1.0000000000
71,7.2130000000,right_hand,4,0.4709766507,0.3930799365,-0.0347772650,1.0000000000
72,7.3140000000,right_hand,4,0.4625434577,0.3908685744,-0.0349638574,1.0000000000
73,7.4160000000,right_hand,4,0.4750712812,0.3977053761,-0.0402104259,1.0000000000
74,7.5170000000,right_hand,4,0.4735915661,0.4023517072,-0.0402292199,1.0000000000
75,7.6190000000,right_hand,4,0.4764103591,0.3997240961,-0.0332732648,1.0000000000
76,7.7200000000,right_hand,4,0.4700198174,0.4309154749,-0.0320631564,1.0000000000
77,7.8220000000,right_hand,4,0.4773521423,0.4011011422,-0.0447245985,1.0000000000
78,7.9240000000,right_hand,4,0.4896296263,0.3930495083,-0.0328770913,1.0000000000
79,8.0250000000,right_hand,4,0.4839726090,0.3976857066,-0.0346969254,1.0000000000
80,8.1270000000,right_hand,4,0.4532356560,0.3952640891,-0.0255515259,1.0000000000
81,8.2280000000,right_hand,4,0.4628036022,0.3947086930,-0.0342832170,1.0000000000
82,8.3300000000,right_hand,4,0.4488948882,0.3939961195,-0.0295302644,1.0000000000
83,8.4320000000,right_hand,4,0.4593391716,0.3980318010,-0.0336754769,1.0000000000
84,8.5330000000,right_hand,4,0.4693319798,0.4005969167,-0.0376003496,1.0000000000
85,8.6350000000,right_hand,4,0.4587433040,0.3882785439,-0.0351475514,1.0000000000
86,8.7360000000,right_hand,4,0.4491693079,0.3809851408,-0.0248596482,1.0000000000
87,8.8380000000,right_hand,4,0.4500015080,0.3719148934,-0.0251422711,1.0000000000
88,8.9390000000,right_hand,4,0.4664965272,0.3875679374,-0.0294783060,1.0000000000
89,9.0410000000,right_hand,4,0.4598979950,0.3952890635,-0.0234129969,1.0000000000
90,9.1430000000,right_hand,4,0.5486887693,0.6520059109,-0.0267675836,1.0000000000
91,9.2440000000,right_hand,4,0.4793849587,0.4143843055,-0.0271258540,1.0000000000
92,9.3460000000,right_hand,4,0.4885069132,0.4030597806,-0.0246529579,1.0000000000
93,9.4470000000,right_hand,4,0.4913298190,0.4034377038,-0.0211848635,1.0000000000
94,9.5490000000,right_hand,4,0.4892542958,0.4028404653,-0.0281194076,1.0000000000
95,9.6510000000,right_hand,4,0.4692999125,0.4244383574,-0.0219142158,1.0000000000
96,9.7520000000,right_hand,4,0.4765914083,0.4126311243,-0.0215870850,1.0000000000
97,9.8540000000,right_hand,4,0.4833877683,0.3993958533,-0.0156485606,1.0000000000
98,9.9550000000,right_hand,4,0.4583039582,0.4371188581,-0.0228595566,1.0000000000
99,10.0570000000,right_hand,4,0.4699333608,0.4111454785,-0.0291765295,1.0000000000
100,10.1580000000,right_hand,4,0.4719298780,0.4087544382,-0.0286193490,1.0000000000
101,10.2600000000,right_hand,4,0.4843279719,0.4027942717,-0.0216822028,1.0000000000
102,10.3620000000,right_hand,4,0.4862707853,0.4076879025,-0.0194539465,1.0000000000
103,10.4630000000,right_hand,4,0.4709681571,0.4166472852,-0.0162392780,1.0000000000
104,10.5650000000,right_hand,4,0.4564147592,0.4360039234,-0.0167789347,1.0000000000
105,10.6660000000,right_hand,4,0.4529965818,0.4336120188,-0.0170671996,1.0000000000
106,10.7680000000,right_hand,4,0.4545104504,0.4314020872,-0.0236714780,1.0000000000
107,10.8700000000,right_hand,4,0.4616252184,0.4212468565,-0.0245698392,1.0000000000
108,10.9710000000,right_hand,4,0.4749479890,0.4055170715,-0.0236713290,1.0000000000
109,11.0730000000,right_hand,4,0.4861721694,0.3991067708,-0.0241078380,1.0000000000
110,11.1740000000,right_hand,4,0.4811335504,0.4021214545,-0.0201611705,1.0000000000
111,11.2760000000,right_hand,4,0.4795868993,0.3999246657,-0.0191253275,1.0000000000
112,11.3770000000,right_hand,4,0.4645114243,0.4193753898,-0.0170085151,1.0000000000
113,11.4790000000,right_hand,4,0.4564983547,0.4321302772,-0.0164530538,1.0000000000
114,11.5810000000,right_hand,4,0.4641430378,0.4191439450,-0.0182227306,1.0000000000
115,11.6820000000,right_hand,4,0.4617956281,0.4281483889,-0.0168381091,1.0000000000
116,11.7840000000,right_hand,4,0.4782799184,0.3966050148,-0.0204864517,1.0000000000
117,11.8850000000,right_hand,4,0.4809461236,0.3983755112,-0.0150629943,1.0000000000
118,11.9870000000,right_hand,4,0.4817138612,0.4037303329,-0.0064436486,1.0000000000
50,5.0790000000,right_hand,5,0.5828570127,0.5844693780,-0.0214724299,1.0000000000
51,5.1810000000,right_hand,5,0.5828570127,0.5844693780,-0.0214724299,1.0000000000
52,5.2820000000,right_hand,5,0.5828570127,0.5844693780,-0.0214724299,1.0000000000
53,5.3840000000,right_hand,5,0.5828570127,0.5844693780,-0.0214724299,1.0000000000
54,5.4860000000,right_hand,5,0.5942270160,0.6391465068,-0.0210732166,1.0000000000
55,5.5870000000,right_hand,5,0.3918720484,0.4367040694,-0.0152502190,1.0000000000
56,5.6890000000,right_hand,5,0.5891894102,0.6399645805,-0.0489580259,1.0000000000
57,5.7900000000,right_hand,5,0.3736951053,0.4137994349,-0.0205352232,1.0000000000
58,5.8920000000,right_hand,5,0.5779716969,0.6421157718,-0.0182530768,1.0000000000
59,5.9930000000,right_hand,5,0.3960615098,0.3980538547,-0.0212813653,1.0000000000
60,6.0950000000,right_hand,5,0.5747423172,0.6510893106,-0.0317594707,1.0000000000
61,6.1970000000,right_hand,5,0.4059713781,0.3932071924,-0.0268031750,1.0000000000
62,6.2980000000,right_hand,5,0.4102040231,0.3831708729,-0.0286039356,1.0000000000
63,6.4000000000,right_hand,5,0.4126511812,0.3883759081,-0.0299475435,1.0000000000
64,6.5010000000,right_hand,5,0.4127910137,0.3815025687,-0.0318214074,1.0000000000
65,6.6030000000,right_hand,5,0.4129283726,0.3844222128,-0.0312957689,1.0000000000
66,6.7050000000,right_hand,5,0.4142676294,0.3780561388,-0.0329917520,1.0000000000
67,6.8060000000,right_hand,5,0.4139864743,0.3737637103,-0.0349801928,1.0000000000
68,6.9080000000,right_hand,5,0.4144207239,0.3712685704,-0.0325447470,1.0000000000
69,7.0090000000,right_hand,5,0.4106005430,0.3749041557,-0.0267034248,1.0000000000
70,7.1110000000,right_hand,5,0.4123930335,0.3709253669,-0.0285208598,1.0000000000
71,7.2130000000,right_hand,5,0.4146674573,0.3677125275,-0.0285607781,1.0000000000
72,7.3140000000,right_hand,5,0.4156022072,0.3683936298,-0.0324402675,1.0000000000
73,7.4160000000,right_hand,5,0.4203781784,0.3725584745,-0.0347702876,1.0000000000
74,7.5170000000,right_hand,5,0.4226962626,0.3710137010,-0.0343575589,1.0000000000
75,7.6190000000,right_hand,5,0.4217446744,0.3750004172,-0.0334832035,1.0000000000
76,7.7200000000,right_hand,5,0.4169942737,0.3785679936,-0.0299094096,1.0000000000
77,7.8220000000,right_hand,5,0.4131267369,0.3850448132,-0.0414016619,1.0000000000
78,7.9240000000,right_hand,5,0.4152413905,0.3773473203,-0.0289390255,1.0000000000
79,8.0250000000,right_hand,5,0.4135585725,0.3836552203,-0.0303395111,1.0000000000
80,8.1270000000,right_hand,5,0.4093028307,0.3918636739,-0.0245516878,1.0000000000
81,8.2280000000,right_hand,5,0.4096467793,0.3917688727,-0.0311396457,1.0000000000
82,8.3300000000,right_hand,5,0.4083148539,0.3987802863,-0.0360257365,1.0000000000
83,8.4320000000,right_hand,5,0.4095206261,0.3971485496,-0.0374245010,1.0000000000
84,8.5330000000,right_hand,5,0.4082365632,0.3999606371,-0.0380809046,1.0000000000
85,8.6350000000,right_hand,5,0.4060008526,0.3869276047,-0.0329520144,1.0000000000
86,8.7360000000,right_hand,5,0.4026808441,0.3770977855,-0.0247362424,1.0000000000
87,8.8380000000,right_hand,5,0.4044661224,0.3814662099,-0.0311799403,1.0000000000
88,8.9390000000,right_hand,5,0.4099765122,0.3822666109,-0.0319222473,1.0000000000
89,9.0410000000,right_hand,5,0.4117900431,0.3786211908,-0.0276848450,1.0000000000
90,9.1430000000,right_hand,5,0.5761721730,0.6211737990,-0.0255845562,1.0000000000
91,9.2440000000,right_hand,5,0.4167935848,0.3785386682,-0.0259927996,1.0000000000
92,9.3460000000,right_hand,5,0.4157199860,0.3653624356,-0.0112244720,1.0000000000
93,9.4470000000,right_hand,5,0.4175399244,0.3568902910,-0.0058027729,1.0000000000
94,9.5490000000,right_hand,5,0.4141878188,0.3707347214,-0.0152128963,1.0000000000
95,9.6510000000,right_hand,5,0.4089982510,0.3717602789,-0.0107638929,1.0000000000
96,9.7520000000,right_hand,5,0.4184288383,0.3700168729,-0.0135246227,1.0000000000
97,9.8540000000,right_hand,5,0.4208839238,0.3618263900,-0.0099541117,1.0000000000
98,9.9550000000,right_hand,5,0.4093884528,0.3925417364,-0.0170386154,1.0000000000
99,10.0570000000,right_hand,5,0.4107845426,0.3915047348,-0.0280454066,1.0000000000
100,10.1580000000,right_hand,5,0.4133258164,0.3745681345,-0.0229895115,1.0000000000
101,10.2600000000,right_hand,5,0.4223856032,0.3690119386,-0.0079976330,1.0000000000
102,10.3620000000,right_hand,5,0.4206750095,0.3613576293,-0.0066463323,1.0000000000
103,10.4630000000,right_hand,5,0.4192403257,0.3835847080,-0.0098453844,1.0000000000
104,10.5650000000,right_hand,5,0.4043385684,0.3917939365,-0.0084636323,1.0000000000
105,10.6660000000,right_hand,5,0.4042222500,0.3893893361,-0.0108084483,1.0000000000
106,10.7680000000,right_hand,5,0.4020886421,0.3947207332,-0.0186339580,1.0000000000
107,10.8700000000,right_hand,5,0.4074176550,0.3977004290,-0.0203108378,1.0000000000
108,10.9710000000,right_hand,5,0.4249824286,0.3741268218,-0.0156153357,1.0000000000
109,11.0730000000,right_hand,5,0.4260643423,0.3610714078,-0.0157983489,1.0000000000
110,11.1740000000,right_hand,5,0.4274861217,0.3763110638,-0.0113801155,1.0000000000
111,11.2760000000,right_hand,5,0.4251022935,0.3924261332,-0.0133622847,1.0000000000
112,11.3770000000,right_hand,5,0.4253480136,0.4081829786,-0.0077240434,1.0000000000
113,11.4790000000,right_hand,5,0.4147776365,0.4010024667,-0.0092972275,1.0000000000
114,11.5810000000,right_hand,5,0.4074054360,0.4134376645,-0.0158105642,1.0000000000
115,11.6820000000,right_hand,5,0.4101725817,0.4066253006,-0.0094964392,1.0000000000
116,11.7840000000,right_hand,5,0.4260665178,0.3915582597,-0.0123501224,1.0000000000
117,11.8850000000,right_hand,5,0.4363986850,0.3818079233,-0.0052034683,1.0000000000
118,11.9870000000,right_hand,5,0.4315776825,0.3890725374,0.0077100787,1.0000000000
50,5.0790000000,right_hand,6,0.5526983738,0.6016302705,-0.0336988159,1.0000000000
51,5.1810000000,right_hand,6,0.5526983738,0.6016302705,-0.0336988159,1.0000000000
52,5.2820000000,right_hand,6,0.5526983738,0.6016302705,-0.0336988159,1.0000000000
53,5.3840000000,right_hand,6,0.5526983738,0.6016302705,-0.0336988159,1.0000000000
54,5.4860000000,right_hand,6,0.5684871078,0.6723811030,-0.0314006582,1.0000000000
55,5.5870000000,right_hand,6,0.4177248478,0.4288416803,-0.0218450483,1.0000000000
56,5.6890000000,right_hand,6,0.5618195534,0.6790611744,-0.0682569891,1.0000000000
57,5.7900000000,right_hand,6,0.4023077786,0.3914143145,-0.0328620337,1.0000000000
58,5.8920000000,right_hand,6,0.5505424738,0.6747943759,-0.0281132217,1.0000000000
59,5.9930000000,right_hand,6,0.4250209033,0.3834692240,-0.0365229845,1.0000000000
60,6.0950000000,right_hand,6,0.5448737144,0.6757711172,-0.0443806127,1.0000000000
61,6.1970000000,right_hand,6,0.4400645494,0.3729659021,-0.0437747762,1.0000000000
62,6.2980000000,right_hand,6,0.4503228366,0.3691788316,-0.0456077531,1.0000000000
63,6.4000000000,right_hand,6,0.4522389472,0.3740749955,-0.0476451293,1.0000000000
64,6.5010000000,right_hand,6,0.4534581006,0.3715106845,-0.0481755510,1.0000000000
65,6.6030000000,right_hand,6,0.4536864758,0.3748857975,-0.0478458330,1.0000000000
66,6.7050000000,right_hand,6,0.4555416703,0.3738625646,-0.0492705479,1.0000000000
67,6.8060000000,right_hand,6,0.4551323056,0.3723945320,-0.0541789196,1.0000000000
68,6.9080000000,right_hand,6,0.4535372257,0.3684141338,-0.0507602356,1.0000000000
69,7.0090000000,right_hand,6,0.4456818998,0.3700187504,-0.0423804186,1.0000000000
70,7.1110000000,right_hand,6,0.4477539957,0.3699609041,-0.0461124517,1.0000000000
71,7.2130000000,right_hand,6,0.4487869143,0.3716465533,-0.0463443249,1.0000000000
72,7.3140000000,right_hand,6,0.4527697563,0.3695527315,-0.0509099364,1.0000000000
73,7.4160000000,right_hand,6,0.4582021832,0.3707681596,-0.0554299392,1.0000000000
74,7.5170000000,right_hand,6,0.4604384303,0.3688045740,-0.0564167127,1.0000000000
75,7.6190000000,right_hand,6,0.4586886168,0.3696210980,-0.0535496362,1.0000000000
76,7.7200000000,right_hand,6,0.4539895058,0.3667130768,-0.0479741395,1.0000000000
77,7.8220000000,right_hand,6,0.4469859302,0.3622558117,-0.0654894486,1.0000000000
78,7.9240000000,right_hand,6,0.4521402121,0.3666386902,-0.0462527759,1.0000000000
79,8.0250000000,right_hand,6,0.4505260289,0.3695834279,-0.0492730141,1.0000000000
80,8.1270000000,right_hand,6,0.4450838268,0.3742015064,-0.0400213525,1.0000000000
81,8.2280000000,right_hand,6,0.4491680264,0.3787146807,-0.0489118397,1.0000000000
82,8.3300000000,right_hand,6,0.4499521554,0.3812924922,-0.0553396605,1.0000000000
83,8.4320000000,right_hand,6,0.4500270188,0.3808908463,-0.0561703630,1.0000000000
84,8.5330000000,right_hand,6,0.4458600581,0.3854854405,-0.0594328903,1.0000000000
85,8.6350000000,right_hand,6,0.4399687052,0.3820511401,-0.0531498268,1.0000000000
86,8.7360000000,right_hand,6,0.4366930127,0.3699221611,-0.0403237827,1.0000000000
87,8.8380000000,right_hand,6,0.4401223063,0.3797519803,-0.0472998135,1.0000000000
88,8.9390000000,right_hand,6,0.4420934618,0.3804444075,-0.0494230129,1.0000000000
89,9.0410000000,right_hand,6,0.4493795633,0.3800455928,-0.0431759469,1.0000000000
90,9.1430000000,right_hand,6,0.5538290739,0.6473123431,-0.0363711193,1.0000000000
91,9.2440000000,right_hand,6,0.4503211677,0.3722215891,-0.0440526083,1.0000000000
92,9.3460000000,right_hand,6,0.4453442991,0.3676964641,-0.0269279312,1.0000000000
93,9.4470000000,right_hand,6,0.4478287697,0.3682894707,-0.0161281303,1.0000000000
94,9.5490000000,right_hand,6,0.4433724284,0.3749648035,-0.0287947804,1.0000000000
95,9.6510000000,right_hand,6,0.4435500801,0.3844155371,-0.0218181331,1.0000000000
96,9.7520000000,right_hand,6,0.4443576038,0.3736484945,-0.0250504985,1.0000000000
97,9.8540000000,right_hand,6,0.4483136833,0.3727274835,-0.0218975097,1.0000000000
98,9.9550000000,right_hand,6,0.4353475273,0.3807181418,-0.0287289526,1.0000000000
99,10.0570000000,right_hand,6,0.4392546117,0.3772882521,-0.0448727459,1.0000000000
100,10.1580000000,right_hand,6,0.4416482151,0.3730161786,-0.0385864526,1.0000000000
101,10.2600000000,right_hand,6,0.4489480853,0.3744513690,-0.0189703275,1.0000000000
102,10.3620000000,right_hand,6,0.4507789612,0.3811351955,-0.0158764496,1.0000000000
103,10.4630000000,right_hand,6,0.4424426854,0.3843148053,-0.0158301182,1.0000000000
104,10.5650000000,right_hand,6,0.4286949337,0.3839880824,-0.0185155179,1.0000000000
105,10.6660000000,right_hand,6,0.4287036359,0.3839060962,-0.0206577387,1.0000000000
106,10.7680000000,right_hand,6,0.4297416210,0.3770797551,-0.0325323083,1.0000000000
107,10.8700000000,right_hand,6,0.4309552908,0.3774276376,-0.0345821120,1.0000000000
108,10.9710000000,right_hand,6,0.4437700510,0.3652225435,-0.0294747259,1.0000000000
109,11.0730000000,right_hand,6,0.4472236335,0.3751900196,-0.0262354743,1.0000000000
110,11.1740000000,right_hand,6,0.4442938864,0.3752334118,-0.0225337874,1.0000000000
111,11.2760000000,right_hand,6,0.4395567775,0.3816353381,-0.0256103892,1.0000000000
112,11.3770000000,right_hand,6,0.4370213747,0.3835360110,-0.0211409051,1.0000000000
113,11.4790000000,right_hand,6,0.4367158115,0.3750122488,-0.0220771264,1.0000000000
114,11.5810000000,right_hand,6,0.4302877486,0.3751870990,-0.0297761261,1.0000000000
115,11.6820000000,right_hand,6,0.4324726760,0.3721519113,-0.0231922157,1.0000000000
116,11.7840000000,right_hand,6,0.4446393549,0.3668520451,-0.0266862158,1.0000000000
117,11.8850000000,right_hand,6,0.4434508979,0.3600960970,-0.0161039047,1.0000000000
118,11.9870000000,right_hand,6,0.4379940331,0.3637649417,0.0021351695,1.0000000000
50,5.0790000000,right_hand,7,0.5340065360,0.6131457090,-0.0407734178,1.0000000000
51,5.1810000000,right_hand,7,0.5340065360,0.6131457090,-0.0407734178,1.0000000000
52,5.2820000000,right_hand,7,0.5340065360,0.6131457090,-0.0407734178,1.0000000000
53,5.3840000000,right_hand,7,0.5340065360,0.6131457090,-0.0407734178,1.0000000000
54,5.4860000000,right_hand,7,0.5515893698,0.6884934902,-0.0369339660,1.0000000000
55,5.5870000000,right_hand,7,0.4319192767,0.4305976927,-0.0245235115,1.0000000000
56,5.6890000000,right_hand,7,0.5440258980,0.6963455677,-0.0792080015,1.0000000000
57,5.7900000000,right_hand,7,0.4238402247,0.3858257532,-0.0393225886,1.0000000000
58,5.8920000000,right_hand,7,0.5316956639,0.6921632886,-0.0329113565,1.0000000000
59,5.9930000000,right_hand,7,0.4450088441,0.3806607723,-0.0457722917,1.0000000000
60,6.0950000000,right_hand,7,0.5269476771,0.6876535416,-0.0493756905,1.0000000000
61,6.1970000000,right_hand,7,0.4625633061,0.3771894574,-0.0534580350,1.0000000000
62,6.2980000000,right_hand,7,0.4733403623,0.3774973154,-0.0548656732,1.0000000000
63,6.4000000000,right_hand,7,0.4748890102,0.3806809187,-0.0573057532,1.0000000000
64,6.5010000000,right_hand,7,0.4764249921,0.3797588646,-0.0563553460,1.0000000000
65,6.6030000000,right_hand,7,0.4760877490,0.3851088881,-0.0557897910,1.0000000000
66,6.7050000000,right_hand,7,0.4786151648,0.3867422640,-0.0569554493,1.0000000000
67,6.8060000000,right_hand,7,0.4788977206,0.3856133223,-0.0647994354,1.0000000000
68,6.9080000000,right_hand,7,0.4757170975,0.3826678693,-0.0603149310,1.0000000000
69,7.0090000000,right_hand,7,0.4656918943,0.3827798367,-0.0503710993,1.0000000000
70,7.1110000000,right_hand,7,0.4694214165,0.3848035634,-0.0562238917,1.0000000000
71,7.2130000000,right_hand,7,0.4694423676,0.3872112036,-0.0565740280,1.0000000000
72,7.3140000000,right_hand,7,0.4747287929,0.3823646605,-0.0604779087,1.0000000000
73,7.4160000000,right_hand,7,0.4803865552,0.3850776553,-0.0668613911,1.0000000000
74,7.5170000000,right_hand,7,0.4833386838,0.3836524189,-0.0698248744,1.0000000000
75,7.6190000000,right_hand,7,0.4812591970,0.3822075129,-0.0650615245,1.0000000000
76,7.7200000000,right_hand,7,0.4768542051,0.3738356233,-0.0587221123,1.0000000000
77,7.8220000000,right_hand,7,0.4697672427,0.3705914617,-0.0794478357,1.0000000000
78,7.9240000000,right_hand,7,0.4731784463,0.3787107766,-0.0557789244,1.0000000000
79,8.0250000000,right_hand,7,0.4728983343,0.3776452839,-0.0606900677,1.0000000000
80,8.1270000000,right_hand,7,0.4662659168,0.3762212396,-0.0491179153,1.0000000000
81,8.2280000000,right_hand,7,0.4719242454,0.3803873360,-0.0599191710,1.0000000000
82,8.3300000000,right_hand,7,0.4745086133,0.3864345253,-0.0654864237,1.0000000000
83,8.4320000000,right_hand,7,0.4739413261,0.3859152198,-0.0651840195,1.0000000000
84,8.5330000000,right_hand,7,0.4697296321,0.3915216029,-0.0722431093,1.0000000000
85,8.6350000000,right_hand,7,0.4613485932,0.3924680352,-0.0651856512,1.0000000000
86,8.7360000000,right_hand,7,0.4577517509,0.3824624121,-0.0490324646,1.0000000000
87,8.8380000000,right_hand,7,0.4604905248,0.3924310803,-0.0545312352,1.0000000000
88,8.9390000000,right_hand,7,0.4606013000,0.3911111355,-0.0582885854,1.0000000000
89,9.0410000000,right_hand,7,0.4692529440,0.3942069113,-0.0509762354,1.0000000000
90,9.1430000000,right_hand,7,0.5370555520,0.6640414596,-0.0406432785,1.0000000000
91,9.2440000000,right_hand,7,0.4703769684,0.3842542768,-0.0561720282,1.0000000000
92,9.3460000000,right_hand,7,0.4644328952,0.3826462328,-0.0388835371,1.0000000000
93,9.4470000000,right_hand,7,0.4657240510,0.3951006234,-0.0244015232,1.0000000000
94,9.5490000000,right_hand,7,0.4619163275,0.3960035145,-0.0386258028,1.0000000000
95,9.6510000000,right_hand,7,0.4624365270,0.4074310660,-0.0298391264,1.0000000000
96,9.7520000000,right_hand,7,0.4615283310,0.3875597715,-0.0344415195,1.0000000000
97,9.8540000000,right_hand,7,0.4665221572,0.3896362185,-0.0308541991,1.0000000000
98,9.9550000000,right_hand,7,0.4525312483,0.3883908391,-0.0357342809,1.0000000000
99,10.0570000000,right_hand,7,0.4588266313,0.3862800300,-0.0542554483,1.0000000000
100,10.1580000000,right_hand,7,0.4599516690,0.3865832984,-0.0487913117,1.0000000000
101,10.2600000000,right_hand,7,0.4656900764,0.3952433169,-0.0273695700,1.0000000000
102,10.3620000000,right_hand,7,0.4630023241,0.4105728865,-0.0221361425,1.0000000000
103,10.4630000000,right_hand,7,0.4543113410,0.4050885439,-0.0182081312,1.0000000000
104,10.5650000000,right_hand,7,0.4473427534,0.3952246904,-0.0260668918,1.0000000000
105,10.6660000000,right_hand,7,0.4458846748,0.3965600729,-0.0272236876,1.0000000000
106,10.7680000000,right_hand,7,0.4485130906,0.3860991001,-0.0412945487,1.0000000000
107,10.8700000000,right_hand,7,0.4500565529,0.3913987577,-0.0428378582,1.0000000000
108,10.9710000000,right_hand,7,0.4592016637,0.3817743063,-0.0381572582,1.0000000000
109,11.0730000000,right_hand,7,0.4583642185,0.4006801844,-0.0316173509,1.0000000000
110,11.1740000000,right_hand,7,0.4569213092,0.3966324925,-0.0293116309,1.0000000000
111,11.2760000000,right_hand,7,0.4534672201,0.3925046921,-0.0340493880,1.0000000000
112,11.3770000000,right_hand,7,0.4510405362,0.3932895064,-0.0314765424,1.0000000000
113,11.4790000000,right_hand,7,0.4538069069,0.3828575015,-0.0312725529,1.0000000000
114,11.5810000000,right_hand,7,0.4513544142,0.3800081313,-0.0375122651,1.0000000000
115,11.6820000000,right_hand,7,0.4522505999,0.3791320920,-0.0326469168,1.0000000000
116,11.7840000000,right_hand,7,0.4605382085,0.3846606016,-0.0367765762,1.0000000000
117,11.8850000000,right_hand,7,0.4570464194,0.3791424036,-0.0242537092,1.0000000000
118,11.9870000000,right_hand,7,0.4498741031,0.3772946000,-0.0033940230,1.0000000000
50,5.0790000000,right_hand,8,0.5195192099,0.6218467951,-0.0452821553,1.0000000000
51,5.1810000000,right_hand,8,0.5195192099,0.6218467951,-0.0452821553,1.0000000000
52,5.2820000000,right_hand,8,0.5195192099,0.6218467951,-0.0452821553,1.0000000000
53,5.3840000000,right_hand,8,0.5195192099,0.6218467951,-0.0452821553,1.0000000000
54,5.4860000000,right_hand,8,0.5378867388,0.6988075972,-0.0403324626,1.0000000000
55,5.5870000000,right_hand,8,0.4421684742,0.4316695333,-0.0260870475,1.0000000000
56,5.6890000000,right_hand,8,0.5295343995,0.7057434320,-0.0861341506,1.0000000000
57,5.7900000000,right_hand,8,0.4403175712,0.3840094209,-0.0428439938,1.0000000000
58,5.8920000000,right_hand,8,0.5169411898,0.7004719377,-0.0356039330,1.0000000000
59,5.9930000000,right_hand,8,0.4607121944,0.3801067173,-0.0511457548,1.0000000000
60,6.0950000000,right_hand,8,0.5136121511,0.6942751408,-0.0513698496,1.0000000000
61,6.1970000000,right_hand,8,0.4793695211,0.3838191628,-0.0590864420,1.0000000000
62,6.2980000000,right_hand,8,0.4894241691,0.3855384588,-0.0601158924,1.0000000000
63,6.4000000000,right_hand,8,0.4911303222,0.3868010640,-0.0628016368,1.0000000000
64,6.5010000000,right_hand,8,0.4926823676,0.3875777423,-0.0609781407,1.0000000000
65,6.6030000000,right_hand,8,0.4911352098,0.3952272832,-0.0601301640,1.0000000000
66,6.7050000000,right_hand,8,0.4947688878,0.3987118006,-0.0613274872,1.0000000000
67,6.8060000000,right_hand,8,0.4959983826,0.3992285132,-0.0713704750,1.0000000000
68,6.9080000000,right_hand,8,0.4910194874,0.3965307474,-0.0660964251,1.0000000000
69,7.0090000000,right_hand,8,0.4803302884,0.3959747553,-0.0553297438,1.0000000000
70,7.1110000000,right_hand,8,0.4857138097,0.3996229768,-0.0623426549,1.0000000000
71,7.2130000000,right_hand,8,0.4851582348,0.4017213881,-0.0628977269,1.0000000000
72,7.3140000000,right_hand,8,0.4898140728,0.3947174847,-0.0661667436,1.0000000000
73,7.4160000000,right_hand,8,0.4971908927,0.3997682631,-0.0739212409,1.0000000000
74,7.5170000000,right_hand,8,0.5003046393,0.3989682794,-0.0781552941,1.0000000000
75,7.6190000000,right_hand,8,0.4983118176,0.3963240683,-0.0725401789,1.0000000000
76,7.7200000000,right_hand,8,0.4944911599,0.3854811788,-0.0658877417,1.0000000000
77,7.8220000000,right_hand,8,0.4867516160,0.3835589588,-0.0882185549,1.0000000000
78,7.9240000000,right_hand,8,0.4887467325,0.3929480016,-0.0617600456,1.0000000000
79,8.0250000000,right_hand,8,0.4900970161,0.3882304132,-0.0678991303,1.0000000000
80,8.1270000000,right_hand,8,0.4826240838,0.3814721406,-0.0547704771,1.0000000000
81,8.2280000000,right_hand,8,0.4892886579,0.3842121661,-0.0669715405,1.0000000000
82,8.3300000000,right_hand,8,0.4914799929,0.3927209079,-0.0713913888,1.0000000000
83,8.4320000000,right_hand,8,0.4900748134,0.3927135766,-0.0703656673,1.0000000000
84,8.5330000000,right_hand,8,0.4886077940,0.4011225104,-0.0804807022,1.0000000000
85,8.6350000000,right_hand,8,0.4782405794,0.4043153226,-0.0728857070,1.0000000000
86,8.7360000000,right_hand,8,0.4728575647,0.3955428004,-0.0545490757,1.0000000000
87,8.8380000000,right_hand,8,0.4755936265,0.4034619629,-0.0588543154,1.0000000000
88,8.9390000000,right_hand,8,0.4744633436,0.4020853043,-0.0640735105,1.0000000000
89,9.0410000000,right_hand,8,0.4836701751,0.4081898928,-0.0558182299,1.0000000000
90,9.1430000000,right_hand,8,0.5243981481,0.6751596928,-0.0424221419,1.0000000000
91,9.2440000000,right_hand,8,0.4859819710,0.3999963701,-0.0644957647,1.0000000000
92,9.3460000000,right_hand,8,0.4778714776,0.4010472000,-0.0467729084,1.0000000000
93,9.4470000000,right_hand,8,0.4753446877,0.4171270728,-0.0296613462,1.0000000000
94,9.5490000000,right_hand,8,0.4738810658,0.4158506393,-0.0449864380,1.0000000000
95,9.6510000000,right_hand,8,0.4720802605,0.4254275858,-0.0354041122,1.0000000000
96,9.7520000000,right_hand,8,0.4736949205,0.4038017690,-0.0411787555,1.0000000000
97,9.8540000000,right_hand,8,0.4785141349,0.4081462026,-0.0370648690,1.0000000000
98,9.9550000000,right_hand,8,0.4643647075,0.4009614587,-0.0406041965,1.0000000000
99,10.0570000000,right_hand,8,0.4729355872,0.3999980986,-0.0603898801,1.0000000000
100,10.1580000000,right_hand,8,0.4725173414,0.4046582282,-0.0556483343,1.0000000000
101,10.2600000000,right_hand,8,0.4744208753,0.4137479067,-0.0329248905,1.0000000000
102,10.3620000000,right_hand,8,0.4646565318,0.4301980138,-0.0262562539,1.0000000000
103,10.4630000000,right_hand,8,0.4561783671,0.4232731164,-0.0202048514,1.0000000000
104,10.5650000000,right_hand,8,0.4592177570,0.4104703367,-0.0313011110,1.0000000000
105,10.6660000000,right_hand,8,0.4561746120,0.4112605453,-0.0318710543,1.0000000000
106,10.7680000000,right_hand,8,0.4612731636,0.4002220035,-0.0467737839,1.0000000000
107,10.8700000000,right_hand,8,0.4618863761,0.4075128138,-0.0478859991,1.0000000000
108,10.9710000000,right_hand,8,0.4680100977,0.3996943235,-0.0434889570,1.0000000000
109,11.0730000000,right_hand,8,0.4599341452,0.4190005660,-0.0352073759,1.0000000000
110,11.1740000000,right_hand,8,0.4612977803,0.4144785404,-0.0335577168,1.0000000000
111,11.2760000000,right_hand,8,0.4628660679,0.4062546492,-0.0401249453,1.0000000000
112,11.3770000000,right_hand,8,0.4616201222,0.4088547230,-0.0380645134,1.0000000000
113,11.4790000000,right_hand,8,0.4648901820,0.3973507881,-0.0371109843,1.0000000000
114,11.5810000000,right_hand,8,0.4655334055,0.3938698173,-0.0418946929,1.0000000000
115,11.6820000000,right_hand,8,0.4653114080,0.3942891359,-0.0384436026,1.0000000000
116,11.7840000000,right_hand,8,0.4708643854,0.4037928879,-0.0431572087,1.0000000000
117,11.8850000000,right_hand,8,0.4663990736,0.4014537632,-0.0292354915,1.0000000000
118,11.9870000000,right_hand,8,0.4576057196,0.3977367878,-0.0067735678,1.0000000000
50,5.0790000000,right_hand,9,0.5823609233,0.6002005935,-0.0236645229,1.0000000000
51,5.1810000000,right_hand,9,0.5823609233,0.6002005935,-0.0236645229,1.0000000000
52,5.2820000000,right_hand,9,0.5823609233,0.6002005935,-0.0236645229,1.0000000000
53,5.3840000000,right_hand,9,0.5823609233,0.6002005935,-0.0236645229,1.0000000000
54,5.4860000000,right_hand,9,0.5883416533,0.6121569872,-0.0226992443,1.0000000000
55,5.5870000000,right_hand,9,0.3868607581,0.4348681867,-0.0177235436,1.0000000000
56,5.6890000000,right_hand,9,0.5817650557,0.6097347140,-0.0446674936,1.0000000000
57,5.7900000000,right_hand,9,0.3734116256,0.4309478700,-0.0261498056,1.0000000000
58,5.8920000000,right_hand,9,0.5728261471,0.6184728146,-0.0197959580,1.0000000000
59,5.9930000000,right_hand,9,0.3913756311,0.4139874876,-0.0295675658,1.0000000000
60,6.0950000000,right_hand,9,0.5721986890,0.6298289895,-0.0330718271,1.0000000000
61,6.1970000000,right_hand,9,0.4014591873,0.4147469103,-0.0354979262,1.0000000000
62,6.2980000000,right_hand,9,0.4061160386,0.4124594927,-0.0374694131,1.0000000000
63,6.4000000000,right_hand,9,0.4083040059,0.4161867499,-0.0392833985,1.0000000000
64,6.5010000000,right_hand,9,0.4073236585,0.4135553539,-0.0403777026,1.0000000000
65,6.6030000000,right_hand,9,0.4078447521,0.4145362973,-0.0406147838,1.0000000000
66,6.7050000000,right_hand,9,0.4077007473,0.4088573754,-0.0421483852,1.0000000000
67,6.8060000000,right_hand,9,0.4056588113,0.4036491513,-0.0441413559,1.0000000000
68,6.9080000000,right_hand,9,0.4049198627,0.4003042877,-0.0424744487,1.0000000000
69,7.0090000000,right_hand,9,0.4019925892,0.4009904265,-0.0352797285,1.0000000000
70,7.1110000000,right_hand,9,0.4029351175,0.4017432332,-0.0370866396,1.0000000000
71,7.2130000000,right_hand,9,0.4050589204,0.3983114660,-0.0363686495,1.0000000000
72,7.3140000000,right_hand,9,0.4097161293,0.3992621303,-0.0418756604,1.0000000000
73,7.4160000000,right_hand,9,0.4104744196,0.4027866125,-0.0444911160,1.0000000000
74,7.5170000000,right_hand,9,0.4117146432,0.3985960186,-0.0441796482,1.0000000000
75,7.6190000000,right_hand,9,0.4123215377,0.4006974697,-0.0449366346,1.0000000000
76,7.7200000000,right_hand,9,0.4057866931,0.3972339630,-0.0409503318,1.0000000000
77,7.8220000000,right_hand,9,0.4025228620,0.4117645025,-0.0517024733,1.0000000000
78,7.9240000000,right_hand,9,0.4056223631,0.4069377184,-0.0388053991,1.0000000000
79,8.0250000000,right_hand,9,0.4041405618,0.4133712053,-0.0399731062,1.0000000000
80,8.1270000000,right_hand,9,0.4041333795,0.4202747941,-0.0330964774,1.0000000000
81,8.2280000000,right_hand,9,0.4063162208,0.4229139984,-0.0386839248,1.0000000000
82,8.3300000000,right_hand,9,0.4044809639,0.4291831851,-0.0458206572,1.0000000000
83,8.4320000000,right_hand,9,0.4052373171,0.4285816550,-0.0467224270,1.0000000000
84,8.5330000000,right_hand,9,0.3993974030,0.4317712784,-0.0477309600,1.0000000000
85,8.6350000000,right_hand,9,0.3952813447,0.4203594327,-0.0421396419,1.0000000000
86,8.7360000000,right_hand,9,0.3967422247,0.4089008272,-0.0335621461,1.0000000000
87,8.8380000000,right_hand,9,0.3983814418,0.4144990742,-0.0399472006,1.0000000000
88,8.9390000000,right_hand,9,0.4003794491,0.4086740613,-0.0412192084,1.0000000000
89,9.0410000000,right_hand,9,0.4044754803,0.4026587605,-0.0369082317,1.0000000000
90,9.1430000000,right_hand,9,0.5709541440,0.5956177711,-0.0259275213,1.0000000000
91,9.2440000000,right_hand,9,0.4043576419,0.3987718225,-0.0361771695,1.0000000000
92,9.3460000000,right_hand,9,0.4038107693,0.3753555715,-0.0186096709,1.0000000000
93,9.4470000000,right_hand,9,0.4062695503,0.3661991060,-0.0105859404,1.0000000000
94,9.5490000000,right_hand,9,0.4030078948,0.3763826787,-0.0198890287,1.0000000000
95,9.6510000000,right_hand,9,0.4035541415,0.3814394474,-0.0157485195,1.0000000000
96,9.7520000000,right_hand,9,0.4083204567,0.3816382587,-0.0192773920,1.0000000000
97,9.8540000000,right_hand,9,0.4103575349,0.3719797432,-0.0196928568,1.0000000000
98,9.9550000000,right_hand,9,0.4009947777,0.4056040347,-0.0245502051,1.0000000000
99,10.0570000000,right_hand,9,0.3999981880,0.4091146588,-0.0366131701,1.0000000000
100,10.1580000000,right_hand,9,0.4021636248,0.3937343955,-0.0302437637,1.0000000000
101,10.2600000000,right_hand,9,0.4117414355,0.3851023912,-0.0136286616,1.0000000000
102,10.3620000000,right_hand,9,0.4102027714,0.3756057918,-0.0114475200,1.0000000000
103,10.4630000000,right_hand,9,0.4108245373,0.3963464797,-0.0153338918,1.0000000000
104,10.5650000000,right_hand,9,0.3972007036,0.4004387558,-0.0158962402,1.0000000000
105,10.6660000000,right_hand,9,0.3965821564,0.4015726149,-0.0187754016,1.0000000000
106,10.7680000000,right_hand,9,0.3933476210,0.4071834981,-0.0258173160,1.0000000000
107,10.8700000000,right_hand,9,0.3973262906,0.4098191857,-0.0285509117,1.0000000000
108,10.9710000000,right_hand,9,0.4114827812,0.3834069371,-0.0217282530,1.0000000000
109,11.0730000000,right_hand,9,0.4116640091,0.3714216053,-0.0216481239,1.0000000000
110,11.1740000000,right_hand,9,0.4157783389,0.3853899240,-0.0178722218,1.0000000000
111,11.2760000000,right_hand,9,0.4142339528,0.4023976326,-0.0205505956,1.0000000000
112,11.3770000000,right_hand,9,0.4160304666,0.4145518243,-0.0152041670,1.0000000000
113,11.4790000000,right_hand,9,0.4071250558,0.4059830904,-0.0173077974,1.0000000000
114,11.5810000000,right_hand,9,0.3996071219,0.4178465605,-0.0231799372,1.0000000000
115,11.6820000000,right_hand,9,0.4016520977,0.4132489860,-0.0187668074,1.0000000000
116,11.7840000000,right_hand,9,0.4128735065,0.4000763297,-0.0201800484,1.0000000000
117,11.8850000000,right_hand,9,0.4217365384,0.3897022307,-0.0110694347,1.0000000000
118,11.9870000000,right_hand,9,0.4186275303,0.3945317566,0.0025489207,1.0000000000
50,5.0790000000,right_hand,10,0.5499313474,0.6236697435,-0.0369043313,1.0000000000
51,5.1810000000,right_hand,10,0.5499313474,0.6236697435,-0.0369043313,1.0000000000
52,5.2820000000,right_hand,10,0.5499313474,0.6236697435,-0.0369043313,1.0000000000
53,5.3840000000,right_hand,10,0.5499313474,0.6236697435,-0.0369043313,1.0000000000
54,5.4860000000,right_hand,10,0.5551151037,0.6419078708,-0.0336912498,1.0000000000
55,5.5870000000,right_hand,10,0.4157550931,0.4335585535,-0.0234805737,1.0000000000
56,5.6890000000,right_hand,10,0.5478846431,0.6487020254,-0.0641528443,1.0000000000
57,5.7900000000,right_hand,10,0.4078016579,0.4167714119,-0.0386457480,1.0000000000
58,5.8920000000,right_hand,10,0.5410760641,0.6514678597,-0.0298958197,1.0000000000
59,5.9930000000,right_hand,10,0.4284876883,0.3993684947,-0.0442070067,1.0000000000
60,6.0950000000,right_hand,10,0.5368458033,0.6485673189,-0.0449220389,1.0000000000
61,6.1970000000,right_hand,10,0.4436325133,0.3996391296,-0.0527641214,1.0000000000
62,6.2980000000,right_hand,10,0.4524039328,0.4026607573,-0.0547309369,1.0000000000
63,6.4000000000,right_hand,10,0.4542439580,0.4056238830,-0.0564186200,1.0000000000
64,6.5010000000,right_hand,10,0.4544301033,0.4064348936,-0.0562882088,1.0000000000
65,6.6030000000,right_hand,10,0.4551239610,0.4087237120,-0.0568926856,1.0000000000
66,6.7050000000,right_hand,10,0.4556333125,0.4081220329,-0.0583602414,1.0000000000
67,6.8060000000,right_hand,10,0.4508906305,0.4027437568,-0.0642220974,1.0000000000
68,6.9080000000,right_hand,10,0.4476496279,0.3986504078,-0.0612562485,1.0000000000
69,7.0090000000,right_hand,10,0.4421779215,0.4016848207,-0.0530248769,1.0000000000
70,7.1110000000,right_hand,10,0.4415607750,0.4040441513,-0.0563186109,1.0000000000
71,7.2130000000,right_hand,10,0.4432093799,0.4074483216,-0.0564942174,1.0000000000
72,7.3140000000,right_hand,10,0.4495353699,0.4011968076,-0.0627184287,1.0000000000
73,7.4160000000,right_hand,10,0.4518331885,0.3996354342,-0.0674063489,1.0000000000
74,7.5170000000,right_hand,10,0.4547180831,0.3970938921,-0.0670097992,1.0000000000
75,7.6190000000,right_hand,10,0.4519385993,0.3941353261,-0.0669525564,1.0000000000
76,7.7200000000,right_hand,10,0.4474118650,0.3859698772,-0.0595100708,1.0000000000
77,7.8220000000,right_hand,10,0.4386811852,0.3921706378,-0.0777038187,1.0000000000
78,7.9240000000,right_hand,10,0.4463233054,0.4029717445,-0.0563790128,1.0000000000
79,8.0250000000,right_hand,10,0.4474813342,0.4045052826,-0.0592724271,1.0000000000
80,8.1270000000,right_hand,10,0.4470631480,0.4095917940,-0.0484064817,1.0000000000
81,8.2280000000,right_hand,10,0.4506795108,0.4110484719,-0.0559770837,1.0000000000
82,8.3300000000,right_hand,10,0.4518295825,0.4114657044,-0.0658764541,1.0000000000
83,8.4320000000,right_hand,10,0.4505928755,0.4142442048,-0.0658844635,1.0000000000
84,8.5330000000,right_hand,10,0.4435121715,0.4244091213,-0.0698624179,1.0000000000
85,8.6350000000,right_hand,10,0.4332817495,0.4189001322,-0.0644560531,1.0000000000
86,8.7360000000,right_hand,10,0.4329818487,0.4056716561,-0.0499650463,1.0000000000
87,8.8380000000,right_hand,10,0.4362234771,0.4138385057,-0.0575382970,1.0000000000
88,8.9390000000,right_hand,10,0.4358599782,0.4099316895,-0.0615316033,1.0000000000
89,9.0410000000,right_hand,10,0.4443409741,0.4042361081,-0.0527344979,1.0000000000
90,9.1430000000,right_hand,10,0.5431513786,0.6146538258,-0.0355708264,1.0000000000
91,9.2440000000,right_hand,10,0.4420115650,0.3942924142,-0.0555886477,1.0000000000
92,9.3460000000,right_hand,10,0.4375859201,0.3844512999,-0.0356325395,1.0000000000
93,9.4470000000,right_hand,10,0.4416107237,0.3880003691,-0.0207849946,1.0000000000
94,9.5490000000,right_hand,10,0.4360340238,0.3853266835,-0.0337304287,1.0000000000
95,9.6510000000,right_hand,10,0.4403421581,0.3985754848,-0.0253522210,1.0000000000
96,9.7520000000,right_hand,10,0.4368461967,0.3891212046,-0.0317200050,1.0000000000
97,9.8540000000,right_hand,10,0.4412556887,0.3832905293,-0.0340962410,1.0000000000
98,9.9550000000,right_hand,10,0.4299305677,0.3902457058,-0.0384118445,1.0000000000
99,10.0570000000,right_hand,10,0.4285475016,0.3944460154,-0.0561860949,1.0000000000
100,10.1580000000,right_hand,10,0.4338184595,0.3947120309,-0.0478308089,1.0000000000
101,10.2600000000,right_hand,10,0.4406969249,0.3965018988,-0.0240181163,1.0000000000
102,10.3620000000,right_hand,10,0.4428204000,0.4007083774,-0.0201423224,1.0000000000
103,10.4630000000,right_hand,10,0.4340878129,0.3993565142,-0.0204371717,1.0000000000
104,10.5650000000,right_hand,10,0.4241992235,0.3965677619,-0.0261875056,1.0000000000
105,10.6660000000,right_hand,10,0.4240576625,0.3943951726,-0.0303336680,1.0000000000
106,10.7680000000,right_hand,10,0.4257242382,0.3885996342,-0.0415691398,1.0000000000
107,10.8700000000,right_hand,10,0.4240808785,0.3874172568,-0.0444396995,1.0000000000
108,10.9710000000,right_hand,10,0.4314750135,0.3832645118,-0.0366166458,1.0000000000
109,11.0730000000,right_hand,10,0.4346635342,0.3924217820,-0.0319565684,1.0000000000
110,11.1740000000,right_hand,10,0.4316148758,0.3871249557,-0.0301772878,1.0000000000
111,11.2760000000,right_hand,10,0.4270472825,0.3918227553,-0.0351328850,1.0000000000
112,11.3770000000,right_hand,10,0.4279864132,0.3878399432,-0.0304210521,1.0000000000
113,11.4790000000,right_hand,10,0.4318645000,0.3808671832,-0.0314945281,1.0000000000
114,11.5810000000,right_hand,10,0.4242965579,0.3791168332,-0.0404580198,1.0000000000
115,11.6820000000,right_hand,10,0.4271515608,0.3795919120,-0.0351873152,1.0000000000
116,11.7840000000,right_hand,10,0.4318983853,0.3747349083,-0.0360768735,1.0000000000
117,11.8850000000,right_hand,10,0.4279680848,0.3722050488,-0.0236991253,1.0000000000
118,11.9870000000,right_hand,10,0.4256714582,0.3755157292,-0.0034444930,1.0000000000
50,5.0790000000,right_hand,11,0.5282467008,0.6382645369,-0.0439175256,1.0000000000
51,5.1810000000,right_hand,11,0.5282467008,0.6382645369,-0.0439175256,1.0000000000
52,5.2820000000,right_hand,11,0.5282467008,0.6382645369,-0.0439175256,1.0000000000
53,5.3840000000,right_hand,11,0.5282467008,0.6382645369,-0.0439175256,1.0000000000
54,5.4860000000,right_hand,11,0.5344823003,0.6567405462,-0.0390755273,1.0000000000
55,5.5870000000,right_hand,11,0.4314782619,0.4356716275,-0.0247449968,1.0000000000
56,5.6890000000,right_hand,11,0.5270206928,0.6674072742,-0.0742235556,1.0000000000
57,5.7900000000,right_hand,11,0.4324804246,0.4145849645,-0.0440886468,1.0000000000
58,5.8920000000,right_hand,11,0.5195234418,0.6672562957,-0.0345277190,1.0000000000
59,5.9930000000,right_hand,11,0.4519029558,0.3984812200,-0.0503109209,1.0000000000
60,6.0950000000,right_hand,11,0.5144192576,0.6580247879,-0.0487354845,1.0000000000
61,6.1970000000,right_hand,11,0.4698294401,0.4045209587,-0.0589958020,1.0000000000
62,6.2980000000,right_hand,11,0.4791172743,0.4078871906,-0.0605514012,1.0000000000
63,6.4000000000,right_hand,11,0.4811267853,0.4100906253,-0.0618693456,1.0000000000
64,6.5010000000,right_hand,11,0.4809575975,0.4107566774,-0.0606894530,1.0000000000
65,6.6030000000,right_hand,11,0.4808651209,0.4159191847,-0.0613048263,1.0000000000
66,6.7050000000,right_hand,11,0.4819291234,0.4170767665,-0.0624764077,1.0000000000
67,6.8060000000,right_hand,11,0.4780132473,0.4146078527,-0.0716354102,1.0000000000
68,6.9080000000,right_hand,11,0.4741885662,0.4105596542,-0.0673850924,1.0000000000
69,7.0090000000,right_hand,11,0.4650207162,0.4161370397,-0.0591864288,1.0000000000
70,7.1110000000,right_hand,11,0.4656449258,0.4181073606,-0.0636312291,1.0000000000
71,7.2130000000,right_hand,11,0.4670693278,0.4219433367,-0.0641101673,1.0000000000
72,7.3140000000,right_hand,11,0.4749156535,0.4116671681,-0.0701384917,1.0000000000
73,7.4160000000,right_hand,11,0.4781578779,0.4148054421,-0.0755852535,1.0000000000
74,7.5170000000,right_hand,11,0.4815231562,0.4095512331,-0.0763788521,1.0000000000
75,7.6190000000,right_hand,11,0.4784732759,0.4063124061,-0.0765684918,1.0000000000
76,7.7200000000,right_hand,11,0.4750438333,0.3939213753,-0.0684058145,1.0000000000
77,7.8220000000,right_hand,11,0.4668949246,0.4007096887,-0.0896450356,1.0000000000
78,7.9240000000,right_hand,11,0.4687095284,0.4154357612,-0.0619161502,1.0000000000
79,8.0250000000,right_hand,11,0.4736357927,0.4106373489,-0.0664741695,1.0000000000
80,8.1270000000,right_hand,11,0.4717796147,0.4125293195,-0.0540822558,1.0000000000
81,8.2280000000,right_hand,11,0.4766496122,0.4117392004,-0.0633306876,1.0000000000
82,8.3300000000,right_hand,11,0.4796499908,0.4140138030,-0.0723656863,1.0000000000
83,8.4320000000,right_hand,11,0.4778497815,0.4163993895,-0.0715172142,1.0000000000
84,8.5330000000,right_hand,11,0.4714850485,0.4286087453,-0.0789875612,1.0000000000
85,8.6350000000,right_hand,11,0.4593841136,0.4286670685,-0.0736330971,1.0000000000
86,8.7360000000,right_hand,11,0.4576762021,0.4143599868,-0.0563167036,1.0000000000
87,8.8380000000,right_hand,11,0.4597303271,0.4233608246,-0.0619666129,1.0000000000
88,8.9390000000,right_hand,11,0.4588752985,0.4226695001,-0.0687941089,1.0000000000
89,9.0410000000,right_hand,11,0.4668217003,0.4163219035,-0.0578935072,1.0000000000
90,9.1430000000,right_hand,11,0.5224900246,0.6259933710,-0.0379188135,1.0000000000
91,9.2440000000,right_hand,11,0.4658036232,0.4080590010,-0.0662696734,1.0000000000
92,9.3460000000,right_hand,11,0.4587432444,0.4038133621,-0.0450976305,1.0000000000
93,9.4470000000,right_hand,11,0.4596982002,0.4160276353,-0.0270104557,1.0000000000
94,9.5490000000,right_hand,11,0.4569148421,0.4080099761,-0.0413869135,1.0000000000
95,9.6510000000,right_hand,11,0.4586164355,0.4213500321,-0.0307460800,1.0000000000
96,9.7520000000,right_hand,11,0.4557859600,0.4060567021,-0.0404834785,1.0000000000
97,9.8540000000,right_hand,11,0.4620980322,0.4021029770,-0.0429370143,1.0000000000
98,9.9550000000,right_hand,11,0.4490478635,0.4016180038,-0.0459533781,1.0000000000
99,10.0570000000,right_hand,11,0.4512709379,0.4075545967,-0.0652751029,1.0000000000
100,10.1580000000,right_hand,11,0.4530834556,0.4112693071,-0.0570801422,1.0000000000
101,10.2600000000,right_hand,11,0.4560119510,0.4205471873,-0.0303900894,1.0000000000
102,10.3620000000,right_hand,11,0.4524220228,0.4279571772,-0.0249457452,1.0000000000
103,10.4630000000,right_hand,11,0.4447174966,0.4235054553,-0.0224848483,1.0000000000
104,10.5650000000,right_hand,11,0.4437153041,0.4126149118,-0.0331899486,1.0000000000
105,10.6660000000,right_hand,11,0.4435098469,0.4107464254,-0.0376088247,1.0000000000
106,10.7680000000,right_hand,11,0.4460276663,0.4041928351,-0.0496015511,1.0000000000
107,10.8700000000,right_hand,11,0.4453464746,0.4051944613,-0.0527428687,1.0000000000
108,10.9710000000,right_hand,11,0.4480509162,0.4098080993,-0.0433019698,1.0000000000
109,11.0730000000,right_hand,11,0.4452572167,0.4171653986,-0.0362511389,1.0000000000
110,11.1740000000,right_hand,11,0.4453863502,0.4137756824,-0.0360862873,1.0000000000
111,11.2760000000,right_hand,11,0.4435130358,0.4105716348,-0.0435263626,1.0000000000
112,11.3770000000,right_hand,11,0.4451726079,0.4033293724,-0.0409855172,1.0000000000
113,11.4790000000,right_hand,11,0.4508609176,0.3973800838,-0.0406318679,1.0000000000
114,11.5810000000,right_hand,11,0.4474596977,0.3946386278,-0.0479274392,1.0000000000
115,11.6820000000,right_hand,11,0.4488983750,0.3968980312,-0.0450849235,1.0000000000
116,11.7840000000,right_hand,11,0.4510196447,0.4004556239,-0.0460305177,1.0000000000
117,11.8850000000,right_hand,11,0.4449773729,0.4001595676,-0.0311080683,1.0000000000
118,11.9870000000,right_hand,11,0.4392718673,0.3981159329,-0.0095386645,1.0000000000
50,5.0790000000,right_hand,12,0.5118964314,0.6472464204,-0.0483395010,1.0000000000
51,5.1810000000,right_hand,12,0.5118964314,0.6472464204,-0.0483395010,1.0000000000
52,5.2820000000,right_hand,12,0.5118964314,0.6472464204,-0.0483395010,1.0000000000
53,5.3840000000,right_hand,12,0.5118964314,0.6472464204,-0.0483395010,1.0000000000
54,5.4860000000,right_hand,12,0.5199962258,0.6670124531,-0.0426245965,1.0000000000
55,5.5870000000,right_hand,12,0.4431700110,0.4376723766,-0.0258012973,1.0000000000
56,5.6890000000,right_hand,12,0.5104852319,0.6783159375,-0.0815434754,1.0000000000
57,5.7900000000,right_hand,12,0.4505895674,0.4146887958,-0.0469637066,1.0000000000
58,5.8920000000,right_hand,12,0.5044218898,0.6766242385,-0.0372563414,1.0000000000
59,5.9930000000,right_hand,12,0.4687958062,0.4000313878,-0.0537668802,1.0000000000
60,6.0950000000,right_hand,12,0.4991476536,0.6639493108,-0.0505618788,1.0000000000
61,6.1970000000,right_hand,12,0.4874413013,0.4110932648,-0.0623091534,1.0000000000
62,6.2980000000,right_hand,12,0.4966992140,0.4131031930,-0.0638919771,1.0000000000
63,6.4000000000,right_hand,12,0.4994367063,0.4144032001,-0.0653495714,1.0000000000
64,6.5010000000,right_hand,12,0.4984673560,0.4155753553,-0.0637318566,1.0000000000
65,6.6030000000,right_hand,12,0.4971623421,0.4233166277,-0.0641588792,1.0000000000
66,6.7050000000,right_hand,12,0.4985670447,0.4262611270,-0.0654546022,1.0000000000
67,6.8060000000,right_hand,12,0.4966102540,0.4267354310,-0.0767435059,1.0000000000
68,6.9080000000,right_hand,12,0.4918549657,0.4232363403,-0.0714732334,1.0000000000
69,7.0090000000,right_hand,12,0.4808718562,0.4305803180,-0.0628477558,1.0000000000
70,7.1110000000,right_hand,12,0.4820038080,0.4331135750,-0.0679218844,1.0000000000
71,7.2130000000,right_hand,12,0.4834920764,0.4358833134,-0.0683044493,1.0000000000
72,7.3140000000,right_hand,12,0.4919701219,0.4244025052,-0.0741131604,1.0000000000
73,7.4160000000,right_hand,12,0.4961130619,0.4303338528,-0.0801348835,1.0000000000
74,7.5170000000,right_hand,12,0.5000667572,0.4229845107,-0.0821345821,1.0000000000
75,7.6190000000,right_hand,12,0.4975669384,0.4210042655,-0.0829049572,1.0000000000
76,7.7200000000,right_hand,12,0.4942559004,0.4080250263,-0.0744865090,1.0000000000
77,7.8220000000,right_hand,12,0.4875809550,0.4119569659,-0.0976607352,1.0000000000
78,7.9240000000,right_hand,12,0.4828751087,0.4301666319,-0.0659675449,1.0000000000
79,8.0250000000,right_hand,12,0.4919772744,0.4212338626,-0.0714017898,1.0000000000
80,8.1270000000,right_hand,12,0.4896771908,0.4186736643,-0.0578605980,1.0000000000
81,8.2280000000,right_hand,12,0.4949315488,0.4162380099,-0.0685313866,1.0000000000
82,8.3300000000,right_hand,12,0.4972584844,0.4201886356,-0.0763324872,1.0000000000
83,8.4320000000,right_hand,12,0.4956259429,0.4221979082,-0.0751823559,1.0000000000
84,8.5330000000,right_hand,12,0.4914194047,0.4370830655,-0.0853925794,1.0000000000
85,8.6350000000,right_hand,12,0.4781543314,0.4422481656,-0.0792055130,1.0000000000
86,8.7360000000,right_hand,12,0.4748540223,0.4265259504,-0.0605854318,1.0000000000
87,8.8380000000,right_hand,12,0.4759761989,0.4355621934,-0.0644360110,1.0000000000
88,8.9390000000,right_hand,12,0.4756423235,0.4371190667,-0.0733600110,1.0000000000
89,9.0410000000,right_hand,12,0.4815612435,0.4310543537,-0.0613344200,1.0000000000
90,9.1430000000,right_hand,12,0.5064206719,0.6331982017,-0.0388935432,1.0000000000
91,9.2440000000,right_hand,12,0.4828149080,0.4247622192,-0.0738484859,1.0000000000
92,9.3460000000,right_hand,12,0.4739840925,0.4250358045,-0.0510231145,1.0000000000
93,9.4470000000,right_hand,12,0.4682543874,0.4379649162,-0.0308278110,1.0000000000
94,9.5490000000,right_hand,12,0.4692483246,0.4305381477,-0.0463141203,1.0000000000
95,9.6510000000,right_hand,12,0.4673624337,0.4377009571,-0.0353970863,1.0000000000
96,9.7520000000,right_hand,12,0.4679511786,0.4235978127,-0.0470730402,1.0000000000
97,9.8540000000,right_hand,12,0.4746567309,0.4243645668,-0.0485457964,1.0000000000
98,9.9550000000,right_hand,12,0.4610196650,0.4173029661,-0.0509925596,1.0000000000
99,10.0570000000,right_hand,12,0.4660961628,0.4238631129,-0.0713138506,1.0000000000
100,10.1580000000,right_hand,12,0.4650110602,0.4300443828,-0.0634526387,1.0000000000
101,10.2600000000,right_hand,12,0.4622233808,0.4391438067,-0.0348980762,1.0000000000
102,10.3620000000,right_hand,12,0.4522383809,0.4442801178,-0.0285185333,1.0000000000
103,10.4630000000,right_hand,12,0.4465516508,0.4387233555,-0.0253373012,1.0000000000
104,10.5650000000,right_hand,12,0.4542726278,0.4295340180,-0.0383470766,1.0000000000
105,10.6660000000,right_hand,12,0.4537581205,0.4274221063,-0.0427301899,1.0000000000
106,10.7680000000,right_hand,12,0.4573697448,0.4215603769,-0.0543626547,1.0000000000
107,10.8700000000,right_hand,12,0.4565733969,0.4224214852,-0.0579230338,1.0000000000
108,10.9710000000,right_hand,12,0.4555576742,0.4311734438,-0.0472672246,1.0000000000
109,11.0730000000,right_hand,12,0.4463631213,0.4338244796,-0.0402066261,1.0000000000
110,11.1740000000,right_hand,12,0.4497216344,0.4338107407,-0.0398072749,1.0000000000
111,11.2760000000,right_hand,12,0.4533936679,0.4283612072,-0.0493985079,1.0000000000
112,11.3770000000,right_hand,12,0.4562905431,0.4217379689,-0.0472957678,1.0000000000
113,11.4790000000,right_hand,12,0.4612423480,0.4154103100,-0.0461913869,1.0000000000
114,11.5810000000,right_hand,12,0.4604736269,0.4147129357,-0.0513342321,1.0000000000
115,11.6820000000,right_hand,12,0.4601442814,0.4175062776,-0.0505176485,1.0000000000
116,11.7840000000,right_hand,12,0.4613993168,0.4224061966,-0.0522354208,1.0000000000
117,11.8850000000,right_hand,12,0.4544816911,0.4259588718,-0.0352557749,1.0000000000
118,11.9870000000,right_hand,12,0.4463064373,0.4218629301,-0.0130985463,1.0000000000
50,5.0790000000,right_hand,13,0.5849621892,0.6185140610,-0.0260743499,1.0000000000
51,5.1810000000,right_hand,13,0.5849621892,0.6185140610,-0.0260743499,1.0000000000
52,5.2820000000,right_hand,13,0.5849621892,0.6185140610,-0.0260743499,1.0000000000
53,5.3840000000,right_hand,13,0.5849621892,0.6185140610,-0.0260743499,1.0000000000
54,5.4860000000,right_hand,13,0.5858430266,0.5902343988,-0.0241612587,1.0000000000
55,5.5870000000,right_hand,13,0.3810656667,0.4398728907,-0.0196419284,1.0000000000
56,5.6890000000,right_hand,13,0.5760403872,0.5838152170,-0.0407116897,1.0000000000
57,5.7900000000,right_hand,13,0.3734140396,0.4566399157,-0.0309787355,1.0000000000
58,5.8920000000,right_hand,13,0.5694294572,0.5960174203,-0.0214685444,1.0000000000
59,5.9930000000,right_hand,13,0.3894067407,0.4394819140,-0.0368805602,1.0000000000
60,6.0950000000,right_hand,13,0.5699913502,0.6066668630,-0.0335716493,1.0000000000
61,6.1970000000,right_hand,13,0.4007512033,0.4462859333,-0.0430794396,1.0000000000
62,6.2980000000,right_hand,13,0.4050515890,0.4485681951,-0.0450246967,1.0000000000
63,6.4000000000,right_hand,13,0.4065373540,0.4515162706,-0.0472237505,1.0000000000
64,6.5010000000,right_hand,13,0.4059633017,0.4515767992,-0.0473537594,1.0000000000
65,6.6030000000,right_hand,13,0.4064921737,0.4507454038,-0.0482437462,1.0000000000
66,6.7050000000,right_hand,13,0.4054044187,0.4463415742,-0.0495712943,1.0000000000
67,6.8060000000,right_hand,13,0.4028535783,0.4409156442,-0.0518716611,1.0000000000
68,6.9080000000,right_hand,13,0.4007214010,0.4379358888,-0.0512818955,1.0000000000
69,7.0090000000,right_hand,13,0.3981368244,0.4351992309,-0.0431072153,1.0000000000
70,7.1110000000,right_hand,13,0.3987005055,0.4380892813,-0.0448784009,1.0000000000
71,7.2130000000,right_hand,13,0.4013921320,0.4362172186,-0.0437064692,1.0000000000
72,7.3140000000,right_hand,13,0.4077317715,0.4372015297,-0.0501245558,1.0000000000
73,7.4160000000,right_hand,13,0.4061849713,0.4405831397,-0.0534548387,1.0000000000
74,7.5170000000,right_hand,13,0.4063265026,0.4362245798,-0.0534173809,1.0000000000
75,7.6190000000,right_hand,13,0.4070182443,0.4355398417,-0.0552373156,1.0000000000
76,7.7200000000,right_hand,13,0.3979345560,0.4325607121,-0.0509317070,1.0000000000
77,7.8220000000,right_hand,13,0.3974659443,0.4478773177,-0.0609935075,1.0000000000
78,7.9240000000,right_hand,13,0.4016154706,0.4449668825,-0.0478900000,1.0000000000
79,8.0250000000,right_hand,13,0.4018620551,0.4507090449,-0.0488413796,1.0000000000
80,8.1270000000,right_hand,13,0.4044092298,0.4557508826,-0.0408050492,1.0000000000
81,8.2280000000,right_hand,13,0.4066998065,0.4610368609,-0.0454938039,1.0000000000
82,8.3300000000,right_hand,13,0.4054616392,0.4676184058,-0.0536877252,1.0000000000
83,8.4320000000,right_hand,13,0.4039715230,0.4669134915,-0.0544417650,1.0000000000
84,8.5330000000,right_hand,13,0.3955745697,0.4706735909,-0.0560805574,1.0000000000
85,8.6350000000,right_hand,13,0.3911493421,0.4615169466,-0.0506411493,1.0000000000
86,8.7360000000,right_hand,13,0.3950409889,0.4487548769,-0.0417860262,1.0000000000
87,8.8380000000,right_hand,13,0.3966937363,0.4535540044,-0.0476091765,1.0000000000
88,8.9390000000,right_hand,13,0.3949223459,0.4441086948,-0.0495957136,1.0000000000
89,9.0410000000,right_hand,13,0.4011066854,0.4363316894,-0.0450009070,1.0000000000
90,9.1430000000,right_hand,13,0.5674924850,0.5714813471,-0.0260389820,1.0000000000
91,9.2440000000,right_hand,13,0.3954904675,0.4312359691,-0.0457224846,1.0000000000
92,9.3460000000,right_hand,13,0.3958809674,0.3984603286,-0.0265018083,1.0000000000
93,9.4470000000,right_hand,13,0.3979160488,0.3881062865,-0.0157796163,1.0000000000
94,9.5490000000,right_hand,13,0.3953727186,0.3955455422,-0.0248284992,1.0000000000
95,9.6510000000,right_hand,13,0.4002863169,0.4035958946,-0.0209835619,1.0000000000
96,9.7520000000,right_hand,13,0.4006460607,0.4037379920,-0.0247661248,1.0000000000
97,9.8540000000,right_hand,13,0.4030573964,0.3940418065,-0.0288280901,1.0000000000
98,9.9550000000,right_hand,13,0.3957275152,0.4273335338,-0.0313906074,1.0000000000
99,10.0570000000,right_hand,13,0.3928786516,0.4365301728,-0.0442270860,1.0000000000
100,10.1580000000,right_hand,13,0.3951694071,0.4220561385,-0.0369886830,1.0000000000
101,10.2600000000,right_hand,13,0.4036128521,0.4104284048,-0.0195597354,1.0000000000
102,10.3620000000,right_hand,13,0.4019919336,0.4000665545,-0.0166613515,1.0000000000
103,10.4630000000,right_hand,13,0.4034730792,0.4196622372,-0.0204089452,1.0000000000
104,10.5650000000,right_hand,13,0.3929364979,0.4203109741,-0.0229353737,1.0000000000
105,10.6660000000,right_hand,13,0.3925163448,0.4230994582,-0.0260142852,1.0000000000
106,10.7680000000,right_hand,13,0.3892824650,0.4280844033,-0.0323854648,1.0000000000
107,10.8700000000,right_hand,13,0.3914477229,0.4310315549,-0.0361494459,1.0000000000
108,10.9710000000,right_hand,13,0.4000262618,0.4044466615,-0.0278795399,1.0000000000
109,11.0730000000,right_hand,13,0.3994811773,0.3933987617,-0.0272155683,1.0000000000
110,11.1740000000,right_hand,13,0.4058960080,0.4045385420,-0.0244318880,1.0000000000
111,11.2760000000,right_hand,13,0.4056285322,0.4219888151,-0.0276986677,1.0000000000
112,11.3770000000,right_hand,13,0.4086410701,0.4292866886,-0.0229979903,1.0000000000
113,11.4790000000,right_hand,13,0.4020072818,0.4203823209,-0.0251959730,1.0000000000
114,11.5810000000,right_hand,13,0.3958878815,0.4306761920,-0.0302529372,1.0000000000
115,11.6820000000,right_hand,13,0.3966467977,0.4280869663,-0.0278875753,1.0000000000
116,11.7840000000,right_hand,13,0.4020281732,0.4183442295,-0.0281092916,1.0000000000
117,11.8850000000,right_hand,13,0.4090187252,0.4082230628,-0.0172035694,1.0000000000
118,11.9870000000,right_hand,13,0.4062609076,0.4096572101,-0.0032683688,1.0000000000
50,5.0790000000,right_hand,14,0.5534405112,0.6411161423,-0.0381431058,1.0000000000
51,5.1810000000,right_hand,14,0.5534405112,0.6411161423,-0.0381431058,1.0000000000
52,5.2820000000,right_hand,14,0.5534405112,0.6411161423,-0.0381431058,1.0000000000
53,5.3840000000,right_hand,14,0.5534405112,0.6411161423,-0.0381431058,1.0000000000
54,5.4860000000,right_hand,14,0.5523438454,0.6083704829,-0.0343480296,1.0000000000
55,5.5870000000,right_hand,14,0.4066644609,0.4402385056,-0.0237065461,1.0000000000
56,5.6890000000,right_hand,14,0.5432015061,0.6078668833,-0.0583226420,1.0000000000
57,5.7900000000,right_hand,14,0.4063141346,0.4448899627,-0.0410655700,1.0000000000
58,5.8920000000,right_hand,14,0.5387384295,0.6216524839,-0.0311358273,1.0000000000
59,5.9930000000,right_hand,14,0.4257794023,0.4283411503,-0.0492357276,1.0000000000
60,6.0950000000,right_hand,14,0.5363956690,0.6227547526,-0.0440491140,1.0000000000
61,6.1970000000,right_hand,14,0.4419244528,0.4322402775,-0.0566912033,1.0000000000
62,6.2980000000,right_hand,14,0.4492066205,0.4396646619,-0.0583621040,1.0000000000
63,6.4000000000,right_hand,14,0.4495455921,0.4422972202,-0.0608323589,1.0000000000
64,6.5010000000,right_hand,14,0.4508070052,0.4431272745,-0.0596575774,1.0000000000
65,6.6030000000,right_hand,14,0.4507026672,0.4429149330,-0.0609782450,1.0000000000
66,6.7050000000,right_hand,14,0.4502235949,0.4421226084,-0.0618710965,1.0000000000
67,6.8060000000,right_hand,14,0.4443365932,0.4371055663,-0.0682242885,1.0000000000
68,6.9080000000,right_hand,14,0.4397998452,0.4342646897,-0.0674692839,1.0000000000
69,7.0090000000,right_hand,14,0.4350400865,0.4331732988,-0.0588393398,1.0000000000
70,7.1110000000,right_hand,14,0.4330364168,0.4359996021,-0.0615823641,1.0000000000
71,7.2130000000,right_hand,14,0.4358394444,0.4382761717,-0.0615556166,1.0000000000
72,7.3140000000,right_hand,14,0.4431020021,0.4351014495,-0.0683893040,1.0000000000
73,7.4160000000,right_hand,14,0.4428538382,0.4364914596,-0.0731534660,1.0000000000
74,7.5170000000,right_hand,14,0.4448506236,0.4332690835,-0.0735896751,1.0000000000
75,7.6190000000,right_hand,14,0.4423412383,0.4294617474,-0.0746425390,1.0000000000
76,7.7200000000,right_hand,14,0.4340935946,0.4166093171,-0.0687850490,1.0000000000
77,7.8220000000,right_hand,14,0.4304539561,0.4332495332,-0.0841377601,1.0000000000
78,7.9240000000,right_hand,14,0.4390129149,0.4403992891,-0.0634319484,1.0000000000
79,8.0250000000,right_hand,14,0.4412924051,0.4393002689,-0.0651305169,1.0000000000
80,8.1270000000,right_hand,14,0.4431995749,0.4445650280,-0.0536876544,1.0000000000
81,8.2280000000,right_hand,14,0.4479775131,0.4474693537,-0.0605507381,1.0000000000
82,8.3300000000,right_hand,14,0.4486767948,0.4469961226,-0.0697047934,1.0000000000
83,8.4320000000,right_hand,14,0.4457385540,0.4538826048,-0.0706763044,1.0000000000
84,8.5330000000,right_hand,14,0.4350330532,0.4631751478,-0.0752020851,1.0000000000
85,8.6350000000,right_hand,14,0.4229086339,0.4536993206,-0.0706775561,1.0000000000
86,8.7360000000,right_hand,14,0.4253076017,0.4422376156,-0.0574293844,1.0000000000
87,8.8380000000,right_hand,14,0.4287289679,0.4452182949,-0.0637992546,1.0000000000
88,8.9390000000,right_hand,14,0.4257837236,0.4397471547,-0.0680412799,1.0000000000
89,9.0410000000,right_hand,14,0.4352352023,0.4341846704,-0.0593463704,1.0000000000
90,9.1430000000,right_hand,14,0.5418173671,0.5844438076,-0.0349566415,1.0000000000
91,9.2440000000,right_hand,14,0.4275332391,0.4248526990,-0.0642517433,1.0000000000
92,9.3460000000,right_hand,14,0.4284672439,0.4087705016,-0.0424940176,1.0000000000
93,9.4470000000,right_hand,14,0.4328247607,0.4106504619,-0.0243625455,1.0000000000
94,9.5490000000,right_hand,14,0.4238082170,0.3980359733,-0.0379444212,1.0000000000
95,9.6510000000,right_hand,14,0.4333843291,0.4159537256,-0.0309255403,1.0000000000
96,9.7520000000,right_hand,14,0.4251698256,0.4085101783,-0.0360354334,1.0000000000
97,9.8540000000,right_hand,14,0.4303166866,0.3969924152,-0.0413065366,1.0000000000
98,9.9550000000,right_hand,14,0.4213085473,0.4113287330,-0.0440328829,1.0000000000
99,10.0570000000,right_hand,14,0.4163793325,0.4221863151,-0.0619419254,1.0000000000
100,10.1580000000,right_hand,14,0.4220720828,0.4198254347,-0.0527103208,1.0000000000
101,10.2600000000,right_hand,14,0.4295298159,0.4224808514,-0.0298344214,1.0000000000
102,10.3620000000,right_hand,14,0.4316388369,0.4226749241,-0.0252879728,1.0000000000
103,10.4630000000,right_hand,14,0.4251401126,0.4217159748,-0.0259347390,1.0000000000
104,10.5650000000,right_hand,14,0.4167818427,0.4151192904,-0.0324100181,1.0000000000
105,10.6660000000,right_hand,14,0.4160773754,0.4141224027,-0.0365288518,1.0000000000
106,10.7680000000,right_hand,14,0.4173433483,0.4105908275,-0.0454000644,1.0000000000
107,10.8700000000,right_hand,14,0.4136850834,0.4091066122,-0.0500327908,1.0000000000
108,10.9710000000,right_hand,14,0.4177848399,0.4092045426,-0.0422559045,1.0000000000
109,11.0730000000,right_hand,14,0.4203122258,0.4111630023,-0.0374543555,1.0000000000
110,11.1740000000,right_hand,14,0.4188107550,0.4042739868,-0.0367353261,1.0000000000
111,11.2760000000,right_hand,14,0.4150961339,0.4092911482,-0.0418126583,1.0000000000
112,11.3770000000,right_hand,14,0.4176609516,0.4038673043,-0.0370751098,1.0000000000
113,11.4790000000,right_hand,14,0.4233435392,0.3976661563,-0.0379537456,1.0000000000
114,11.5810000000,right_hand,14,0.4173485637,0.3916704357,-0.0456166454,1.0000000000
115,11.6820000000,right_hand,14,0.4183665812,0.3944644332,-0.0419322252,1.0000000000
116,11.7840000000,right_hand,14,0.4170691371,0.3942676187,-0.0426616073,1.0000000000
117,11.8850000000,right_hand,14,0.4137753248,0.3919867575,-0.0291315410,1.0000000000
118,11.9870000000,right_hand,14,0.4133293927,0.3968420625,-0.0094553418,1.0000000000
50,5.0790000000,right_hand,15,0.5315200090,0.6546013951,-0.0443568453,1.0000000000
51,5.1810000000,right_hand,15,0.5315200090,0.6546013951,-0.0443568453,1.0000000000
52,5.2820000000,right_hand,15,0.5315200090,0.6546013951,-0.0443568453,1.0000000000
53,5.3840000000,right_hand,15,0.5315200090,0.6546013951,-0.0443568453,1.0000000000
54,5.4860000000,right_hand,15,0.5311734676,0.6193087101,-0.0390718989,1.0000000000
55,5.5870000000,right_hand,15,0.4218997061,0.4443952739,-0.0227478873,1.0000000000
56,5.6890000000,right_hand,15,0.5227143764,0.6223490238,-0.0678521097,1.0000000000
57,5.7900000000,right_hand,15,0.4287151694,0.4433817863,-0.0441209041,1.0000000000
58,5.8920000000,right_hand,15,0.5185752511,0.6365479231,-0.0348735265,1.0000000000
59,5.9930000000,right_hand,15,0.4485517144,0.4283000529,-0.0520261414,1.0000000000
60,6.0950000000,right_hand,15,0.5152937770,0.6320982575,-0.0471814834,1.0000000000
61,6.1970000000,right_hand,15,0.4679087400,0.4342617691,-0.0585107878,1.0000000000
62,6.2980000000,right_hand,15,0.4749034643,0.4420297146,-0.0593758337,1.0000000000
63,6.4000000000,right_hand,15,0.4760590792,0.4443905950,-0.0618241131,1.0000000000
64,6.5010000000,right_hand,15,0.4766787589,0.4440917373,-0.0597287789,1.0000000000
65,6.6030000000,right_hand,15,0.4763598144,0.4463970959,-0.0614099577,1.0000000000
66,6.7050000000,right_hand,15,0.4758424461,0.4474787116,-0.0616159625,1.0000000000
67,6.8060000000,right_hand,15,0.4707885087,0.4445866644,-0.0710476041,1.0000000000
68,6.9080000000,right_hand,15,0.4660789967,0.4444407225,-0.0699549913,1.0000000000
69,7.0090000000,right_hand,15,0.4586323202,0.4443675578,-0.0616857968,1.0000000000
70,7.1110000000,right_hand,15,0.4562041461,0.4456626177,-0.0650300533,1.0000000000
71,7.2130000000,right_hand,15,0.4601559341,0.4470324516,-0.0652225018,1.0000000000
72,7.3140000000,right_hand,15,0.4683973491,0.4426191449,-0.0719633549,1.0000000000
73,7.4160000000,right_hand,15,0.4692769945,0.4476163685,-0.0770751908,1.0000000000
74,7.5170000000,right_hand,15,0.4713315666,0.4420238137,-0.0790528283,1.0000000000
75,7.6190000000,right_hand,15,0.4681008458,0.4381279945,-0.0812555850,1.0000000000
76,7.7200000000,right_hand,15,0.4613564610,0.4212577343,-0.0755190849,1.0000000000
77,7.8220000000,right_hand,15,0.4563144445,0.4426993728,-0.0912479013,1.0000000000
78,7.9240000000,right_hand,15,0.4614788294,0.4489066899,-0.0653650314,1.0000000000
79,8.0250000000,right_hand,15,0.4668044746,0.4429125786,-0.0676949397,1.0000000000
80,8.1270000000,right_hand,15,0.4674769938,0.4447954595,-0.0565008186,1.0000000000
81,8.2280000000,right_hand,15,0.4728819430,0.4467465580,-0.0641947538,1.0000000000
82,8.3300000000,right_hand,15,0.4748895466,0.4445311725,-0.0718198940,1.0000000000
83,8.4320000000,right_hand,15,0.4708514214,0.4525709450,-0.0732381344,1.0000000000
84,8.5330000000,right_hand,15,0.4618816078,0.4641644955,-0.0804975033,1.0000000000
85,8.6350000000,right_hand,15,0.4484696388,0.4575995505,-0.0761197209,1.0000000000
86,8.7360000000,right_hand,15,0.4486783147,0.4471655786,-0.0611945614,1.0000000000
87,8.8380000000,right_hand,15,0.4506666064,0.4505040646,-0.0655302629,1.0000000000
88,8.9390000000,right_hand,15,0.4471647143,0.4474671781,-0.0724387616,1.0000000000
89,9.0410000000,right_hand,15,0.4573516250,0.4421532750,-0.0620593540,1.0000000000
90,9.1430000000,right_hand,15,0.5256432295,0.5930639505,-0.0357828625,1.0000000000
91,9.2440000000,right_hand,15,0.4499830008,0.4329179823,-0.0718937665,1.0000000000
92,9.3460000000,right_hand,15,0.4488290548,0.4282262325,-0.0461790301,1.0000000000
93,9.4470000000,right_hand,15,0.4480559528,0.4339794219,-0.0250566788,1.0000000000
94,9.5490000000,right_hand,15,0.4451217055,0.4178885818,-0.0407167114,1.0000000000
95,9.6510000000,right_hand,15,0.4501396120,0.4358378649,-0.0317925252,1.0000000000
96,9.7520000000,right_hand,15,0.4435002506,0.4224314094,-0.0403018110,1.0000000000
97,9.8540000000,right_hand,15,0.4513088465,0.4107652307,-0.0460487120,1.0000000000
98,9.9550000000,right_hand,15,0.4404240251,0.4208582342,-0.0480749272,1.0000000000
99,10.0570000000,right_hand,15,0.4378009439,0.4323555529,-0.0669488907,1.0000000000
100,10.1580000000,right_hand,15,0.4390528798,0.4332373142,-0.0567064956,1.0000000000
101,10.2600000000,right_hand,15,0.4416495264,0.4424785972,-0.0309278984,1.0000000000
102,10.3620000000,right_hand,15,0.4394712746,0.4443708956,-0.0251996126,1.0000000000
103,10.4630000000,right_hand,15,0.4349634051,0.4414154291,-0.0240610465,1.0000000000
104,10.5650000000,right_hand,15,0.4349052310,0.4301680028,-0.0346589647,1.0000000000
105,10.6660000000,right_hand,15,0.4344736338,0.4284406602,-0.0401209779,1.0000000000
106,10.7680000000,right_hand,15,0.4371077716,0.4212967157,-0.0491258614,1.0000000000
107,10.8700000000,right_hand,15,0.4335598946,0.4233697355,-0.0540777519,1.0000000000
108,10.9710000000,right_hand,15,0.4321556091,0.4335167110,-0.0437535122,1.0000000000
109,11.0730000000,right_hand,15,0.4295479357,0.4328492880,-0.0363967046,1.0000000000
110,11.1740000000,right_hand,15,0.4326446056,0.4282685220,-0.0384592712,1.0000000000
111,11.2760000000,right_hand,15,0.4311278760,0.4253125191,-0.0461124703,1.0000000000
112,11.3770000000,right_hand,15,0.4342279732,0.4171700478,-0.0439770073,1.0000000000
113,11.4790000000,right_hand,15,0.4418784976,0.4124046266,-0.0432924554,1.0000000000
114,11.5810000000,right_hand,15,0.4402310550,0.4038272798,-0.0499219894,1.0000000000
115,11.6820000000,right_hand,15,0.4401285350,0.4084904790,-0.0477170683,1.0000000000
116,11.7840000000,right_hand,15,0.4353483617,0.4162502289,-0.0481266864,1.0000000000
117,11.8850000000,right_hand,15,0.4304135740,0.4175102115,-0.0317973234,1.0000000000
118,11.9870000000,right_hand,15,0.4268614948,0.4183431864,-0.0107624987,1.0000000000
50,5.0790000000,right_hand,16,0.5156884789,0.6633767486,-0.0478357077,1.0000000000
51,5.1810000000,right_hand,16,0.5156884789,0.6633767486,-0.0478357077,1.0000000000
52,5.2820000000,right_hand,16,0.5156884789,0.6633767486,-0.0478357077,1.0000000000
53,5.3840000000,right_hand,16,0.5156884789,0.6633767486,-0.0478357077,1.0000000000
54,5.4860000000,right_hand,16,0.5159862638,0.6280711293,-0.0416002832,1.0000000000
55,5.5870000000,right_hand,16,0.4342658520,0.4492518008,-0.0225521103,1.0000000000
56,5.6890000000,right_hand,16,0.5081907511,0.6342192888,-0.0737251416,1.0000000000
57,5.7900000000,right_hand,16,0.4450227022,0.4413901567,-0.0453752577,1.0000000000
58,5.8920000000,right_hand,16,0.5039557815,0.6471893787,-0.0362702012,1.0000000000
59,5.9930000000,right_hand,16,0.4641826749,0.4258342683,-0.0529486239,1.0000000000
60,6.0950000000,right_hand,16,0.5004662871,0.6390888691,-0.0481028929,1.0000000000
61,6.1970000000,right_hand,16,0.4847002029,0.4347505271,-0.0586657114,1.0000000000
62,6.2980000000,right_hand,16,0.4921901524,0.4415607452,-0.0591265894,1.0000000000
63,6.4000000000,right_hand,16,0.4946234226,0.4441800416,-0.0618363880,1.0000000000
64,6.5010000000,right_hand,16,0.4942683876,0.4433383942,-0.0593400858,1.0000000000
65,6.6030000000,right_hand,16,0.4937161207,0.4478483200,-0.0611360408,1.0000000000
66,6.7050000000,right_hand,16,0.4929462969,0.4504863024,-0.0612390265,1.0000000000
67,6.8060000000,right_hand,16,0.4896288514,0.4509673715,-0.0723038092,1.0000000000
68,6.9080000000,right_hand,16,0.4837063849,0.4515554905,-0.0706958100,1.0000000000
69,7.0090000000,right_hand,16,0.4753112793,0.4535742700,-0.0622350574,1.0000000000
70,7.1110000000,right_hand,16,0.4726340771,0.4545939565,-0.0655900612,1.0000000000
71,7.2130000000,right_hand,16,0.4771308005,0.4537433684,-0.0655746683,1.0000000000
72,7.3140000000,right_hand,16,0.4859662056,0.4481450021,-0.0722581148,1.0000000000
73,7.4160000000,right_hand,16,0.4875212610,0.4547632337,-0.0779456645,1.0000000000
74,7.5170000000,right_hand,16,0.4901670814,0.4463313222,-0.0813333020,1.0000000000
75,7.6190000000,right_hand,16,0.4870139062,0.4450023472,-0.0849925056,1.0000000000
76,7.7200000000,right_hand,16,0.4806460142,0.4262714982,-0.0797177702,1.0000000000
77,7.8220000000,right_hand,16,0.4744585156,0.4505077600,-0.0950490534,1.0000000000
78,7.9240000000,right_hand,16,0.4760811627,0.4564314485,-0.0660205558,1.0000000000
79,8.0250000000,right_hand,16,0.4842804670,0.4463312030,-0.0687092766,1.0000000000
80,8.1270000000,right_hand,16,0.4852055609,0.4439771771,-0.0578165762,1.0000000000
81,8.2280000000,right_hand,16,0.4908858836,0.4446834624,-0.0660762042,1.0000000000
82,8.3300000000,right_hand,16,0.4918250740,0.4426627457,-0.0724729151,1.0000000000
83,8.4320000000,right_hand,16,0.4878141582,0.4510999918,-0.0743554905,1.0000000000
84,8.5330000000,right_hand,16,0.4812825620,0.4638577998,-0.0835576728,1.0000000000
85,8.6350000000,right_hand,16,0.4674629271,0.4615018368,-0.0783389285,1.0000000000
86,8.7360000000,right_hand,16,0.4653874934,0.4524788558,-0.0626878366,1.0000000000
87,8.8380000000,right_hand,16,0.4663296342,0.4556829333,-0.0650977120,1.0000000000
88,8.9390000000,right_hand,16,0.4636400938,0.4552353024,-0.0743884742,1.0000000000
89,9.0410000000,right_hand,16,0.4729691446,0.4497908950,-0.0631618574,1.0000000000
90,9.1430000000,right_hand,16,0.5140486956,0.5989010334,-0.0349490866,1.0000000000
91,9.2440000000,right_hand,16,0.4664161205,0.4427999854,-0.0766718388,1.0000000000
92,9.3460000000,right_hand,16,0.4635803998,0.4468801618,-0.0470782816,1.0000000000
93,9.4470000000,right_hand,16,0.4542906880,0.4512351751,-0.0245267358,1.0000000000
94,9.5490000000,right_hand,16,0.4588587880,0.4375471175,-0.0414253287,1.0000000000
95,9.6510000000,right_hand,16,0.4577121139,0.4524771273,-0.0320001394,1.0000000000
96,9.7520000000,right_hand,16,0.4559220672,0.4397234619,-0.0428843200,1.0000000000
97,9.8540000000,right_hand,16,0.4647261500,0.4275698960,-0.0482961126,1.0000000000
98,9.9550000000,right_hand,16,0.4528649747,0.4340129793,-0.0500913747,1.0000000000
99,10.0570000000,right_hand,16,0.4521788955,0.4454329014,-0.0694489107,1.0000000000
100,10.1580000000,right_hand,16,0.4499321580,0.4490185678,-0.0585503727,1.0000000000
101,10.2600000000,right_hand,16,0.4463628232,0.4569770694,-0.0308243465,1.0000000000
102,10.3620000000,right_hand,16,0.4389787614,0.4554373026,-0.0246022996,1.0000000000
103,10.4630000000,right_hand,16,0.4362444282,0.4557375014,-0.0236608572,1.0000000000
104,10.5650000000,right_hand,16,0.4442940950,0.4464468658,-0.0356550217,1.0000000000
105,10.6660000000,right_hand,16,0.4434938431,0.4440414011,-0.0419524126,1.0000000000
106,10.7680000000,right_hand,16,0.4485801756,0.4345973432,-0.0506653227,1.0000000000
107,10.8700000000,right_hand,16,0.4440154135,0.4382030964,-0.0559532866,1.0000000000
108,10.9710000000,right_hand,16,0.4388439357,0.4520024657,-0.0433687605,1.0000000000
109,11.0730000000,right_hand,16,0.4315467477,0.4467870593,-0.0357950777,1.0000000000
110,11.1740000000,right_hand,16,0.4386741817,0.4462867975,-0.0385873280,1.0000000000
111,11.2760000000,right_hand,16,0.4415577650,0.4416331947,-0.0484438203,1.0000000000
112,11.3770000000,right_hand,16,0.4451385140,0.4337377846,-0.0471435115,1.0000000000
113,11.4790000000,right_hand,16,0.4525639415,0.4283721149,-0.0458396561,1.0000000000
114,11.5810000000,right_hand,16,0.4541123807,0.4207115471,-0.0508645624,1.0000000000
115,11.6820000000,right_hand,16,0.4523792565,0.4265933931,-0.0500688180,1.0000000000
116,11.7840000000,right_hand,16,0.4454487562,0.4371379316,-0.0506567210,1.0000000000
117,11.8850000000,right_hand,16,0.4402460158,0.4420986176,-0.0321589932,1.0000000000
118,11.9870000000,right_hand,16,0.4347478449,0.4414272606,-0.0107145431,1.0000000000
50,5.0790000000,right_hand,17,0.5895666480,0.6391083598,-0.0285652690,1.0000000000
51,5.1810000000,right_hand,17,0.5895666480,0.6391083598,-0.0285652690,1.0000000000
52,5.2820000000,right_hand,17,0.5895666480,0.6391083598,-0.0285652690,1.0000000000
53,5.3840000000,right_hand,17,0.5895666480,0.6391083598,-0.0285652690,1.0000000000
54,5.4860000000,right_hand,17,0.5854788423,0.5741543174,-0.0255427267,1.0000000000
55,5.5870000000,right_hand,17,0.3747832775,0.4488651156,-0.0213575140,1.0000000000
56,5.6890000000,right_hand,17,0.5714631677,0.5624073148,-0.0376930870,1.0000000000
57,5.7900000000,right_hand,17,0.3740360439,0.4843780398,-0.0353291444,1.0000000000
58,5.8920000000,right_hand,17,0.5664972067,0.5748874545,-0.0232421923,1.0000000000
59,5.9930000000,right_hand,17,0.3895651698,0.4675506353,-0.0434978567,1.0000000000
60,6.0950000000,right_hand,17,0.5665128231,0.5853342414,-0.0337026976,1.0000000000
61,6.1970000000,right_hand,17,0.4026842415,0.4793863595,-0.0501031429,1.0000000000
62,6.2980000000,right_hand,17,0.4066767395,0.4849309623,-0.0519776642,1.0000000000
63,6.4000000000,right_hand,17,0.4076695442,0.4879894853,-0.0544422865,1.0000000000
64,6.5010000000,right_hand,17,0.4084106386,0.4879341424,-0.0537512414,1.0000000000
65,6.6030000000,right_hand,17,0.4085612595,0.4862171710,-0.0551057346,1.0000000000
66,6.7050000000,right_hand,17,0.4068018198,0.4824358225,-0.0563744940,1.0000000000
67,6.8060000000,right_hand,17,0.4043621719,0.4772095382,-0.0590336025,1.0000000000
68,6.9080000000,right_hand,17,0.4005876184,0.4751858413,-0.0595705993,1.0000000000
69,7.0090000000,right_hand,17,0.3978385031,0.4686287940,-0.0505369194,1.0000000000
70,7.1110000000,right_hand,17,0.3982141614,0.4722996950,-0.0522786193,1.0000000000
71,7.2130000000,right_hand,17,0.4020142257,0.4716935754,-0.0508402325,1.0000000000
72,7.3140000000,right_hand,17,0.4083084166,0.4754633009,-0.0577277355,1.0000000000
73,7.4160000000,right_hand,17,0.4062544107,0.4773777723,-0.0620201416,1.0000000000
74,7.5170000000,right_hand,17,0.4050458670,0.4727627933,-0.0622252673,1.0000000000
75,7.6190000000,right_hand,17,0.4047043920,0.4713465869,-0.0647872984,1.0000000000
76,7.7200000000,right_hand,17,0.3933311701,0.4716620445,-0.0600332767,1.0000000000
77,7.8220000000,right_hand,17,0.3965095282,0.4846104980,-0.0698635057,1.0000000000
78,7.9240000000,right_hand,17,0.4025942981,0.4822384417,-0.0565351844,1.0000000000
79,8.0250000000,right_hand,17,0.4042382240,0.4854607582,-0.0573808961,1.0000000000
80,8.1270000000,right_hand,17,0.4077684879,0.4898264706,-0.0481171869,1.0000000000
81,8.2280000000,right_hand,17,0.4101805091,0.4972624779,-0.0520392619,1.0000000000
82,8.3300000000,right_hand,17,0.4095866084,0.5049188733,-0.0605699345,1.0000000000
83,8.4320000000,right_hand,17,0.4057774246,0.5049654841,-0.0613609552,1.0000000000
84,8.5330000000,right_hand,17,0.3957542181,0.5070146322,-0.0637699515,1.0000000000
85,8.6350000000,right_hand,17,0.3912428021,0.4980621338,-0.0586917847,1.0000000000
86,8.7360000000,right_hand,17,0.3960745931,0.4866148233,-0.0494195558,1.0000000000
87,8.8380000000,right_hand,17,0.3979682922,0.4889902771,-0.0545672253,1.0000000000
88,8.9390000000,right_hand,17,0.3926005065,0.4797967076,-0.0574040487,1.0000000000
89,9.0410000000,right_hand,17,0.4010497928,0.4700354636,-0.0523518473,1.0000000000
90,9.1430000000,right_hand,17,0.5647151470,0.5500488281,-0.0261772964,1.0000000000
91,9.2440000000,right_hand,17,0.3897569478,0.4661220014,-0.0546349026,1.0000000000
92,9.3460000000,right_hand,17,0.3906241953,0.4279313385,-0.0346154720,1.0000000000
93,9.4470000000,right_hand,17,0.3927288949,0.4157628715,-0.0215462837,1.0000000000
94,9.5490000000,right_hand,17,0.3901686370,0.4218686819,-0.0300105736,1.0000000000
95,9.6510000000,right_hand,17,0.3977814615,0.4305565953,-0.0264436658,1.0000000000
96,9.7520000000,right_hand,17,0.3959588408,0.4303785861,-0.0303839929,1.0000000000
97,9.8540000000,right_hand,17,0.3984079361,0.4209762216,-0.0374582596,1.0000000000
98,9.9550000000,right_hand,17,0.3937433958,0.4525837004,-0.0378059298,1.0000000000
99,10.0570000000,right_hand,17,0.3890610039,0.4672768116,-0.0512872487,1.0000000000
100,10.1580000000,right_hand,17,0.3911653459,0.4516886175,-0.0436127000,1.0000000000
101,10.2600000000,right_hand,17,0.3974819481,0.4387972355,-0.0257133264,1.0000000000
102,10.3620000000,right_hand,17,0.3961131573,0.4288390875,-0.0221471526,1.0000000000
103,10.4630000000,right_hand,17,0.3986990452,0.4483366907,-0.0253470950,1.0000000000
104,10.5650000000,right_hand,17,0.3909948170,0.4449564517,-0.0298287198,1.0000000000
105,10.6660000000,right_hand,17,0.3913375139,0.4476488233,-0.0328186490,1.0000000000
106,10.7680000000,right_hand,17,0.3895248473,0.4516227245,-0.0386405587,1.0000000000
107,10.8700000000,right_hand,17,0.3889067769,0.4560032487,-0.0433891192,1.0000000000
108,10.9710000000,right_hand,17,0.3908361793,0.4318533242,-0.0339904651,1.0000000000
109,11.0730000000,right_hand,17,0.3904053867,0.4196174741,-0.0328409299,1.0000000000
110,11.1740000000,right_hand,17,0.3979288638,0.4293043911,-0.0308212303,1.0000000000
111,11.2760000000,right_hand,17,0.3990141451,0.4473356009,-0.0346428975,1.0000000000
112,11.3770000000,right_hand,17,0.4026384652,0.4495069981,-0.0306051522,1.0000000000
113,11.4790000000,right_hand,17,0.3987019062,0.4408532679,-0.0327116475,1.0000000000
114,11.5810000000,right_hand,17,0.3955405354,0.4491599202,-0.0368667059,1.0000000000
115,11.6820000000,right_hand,17,0.3948496878,0.4485460520,-0.0365624987,1.0000000000
116,11.7840000000,right_hand,17,0.3932704628,0.4425207078,-0.0358666554,1.0000000000
117,11.8850000000,right_hand,17,0.3982108533,0.4336001575,-0.0233557466,1.0000000000
118,11.9870000000,right_hand,17,0.3963586092,0.4335064888,-0.0091647618,1.0000000000
50,5.0790000000,right_hand,18,0.5660746694,0.6605421901,-0.0396998450,1.0000000000
51,5.1810000000,right_hand,18,0.5660746694,0.6605421901,-0.0396998450,1.0000000000
52,5.2820000000,right_hand,18,0.5660746694,0.6605421901,-0.0396998450,1.0000000000
53,5.3840000000,right_hand,18,0.5660746694,0.6605421901,-0.0396998450,1.0000000000
54,5.4860000000,right_hand,18,0.5598664880,0.5829226375,-0.0336105078,1.0000000000
55,5.5870000000,right_hand,18,0.3932411075,0.4487210512,-0.0237310547,1.0000000000
56,5.6890000000,right_hand,18,0.5467482805,0.5730171800,-0.0506145023,1.0000000000
57,5.7900000000,right_hand,18,0.3999581933,0.4774756134,-0.0434361547,1.0000000000
58,5.8920000000,right_hand,18,0.5422363281,0.5890166163,-0.0317746401,1.0000000000
59,5.9930000000,right_hand,18,0.4185274839,0.4632669985,-0.0512965992,1.0000000000
60,6.0950000000,right_hand,18,0.5409693718,0.5982527137,-0.0415811166,1.0000000000
61,6.1970000000,right_hand,18,0.4349809587,0.4728639126,-0.0588110127,1.0000000000
62,6.2980000000,right_hand,18,0.4408525527,0.4787640274,-0.0600187778,1.0000000000
63,6.4000000000,right_hand,18,0.4410358667,0.4799589217,-0.0628346205,1.0000000000
64,6.5010000000,right_hand,18,0.4436348081,0.4800984859,-0.0609370619,1.0000000000
65,6.6030000000,right_hand,18,0.4426160455,0.4779776633,-0.0628591180,1.0000000000
66,6.7050000000,right_hand,18,0.4413729012,0.4757956564,-0.0634797737,1.0000000000
67,6.8060000000,right_hand,18,0.4365737140,0.4721210003,-0.0695846304,1.0000000000
68,6.9080000000,right_hand,18,0.4312404394,0.4688767791,-0.0701728240,1.0000000000
69,7.0090000000,right_hand,18,0.4266332686,0.4655966461,-0.0612618513,1.0000000000
70,7.1110000000,right_hand,18,0.4261348546,0.4678081274,-0.0629841089,1.0000000000
71,7.2130000000,right_hand,18,0.4296703041,0.4686376750,-0.0627604499,1.0000000000
72,7.3140000000,right_hand,18,0.4343647659,0.4710140228,-0.0701859221,1.0000000000
73,7.4160000000,right_hand,18,0.4356783628,0.4736244380,-0.0747400895,1.0000000000
74,7.5170000000,right_hand,18,0.4362685978,0.4752617478,-0.0755423829,1.0000000000
75,7.6190000000,right_hand,18,0.4325302243,0.4729359150,-0.0787494183,1.0000000000
76,7.7200000000,right_hand,18,0.4223319590,0.4735627174,-0.0743146166,1.0000000000
77,7.8220000000,right_hand,18,0.4223837852,0.4791094661,-0.0871757865,1.0000000000
78,7.9240000000,right_hand,18,0.4314883053,0.4771221578,-0.0668634325,1.0000000000
79,8.0250000000,right_hand,18,0.4339031577,0.4781032503,-0.0678279176,1.0000000000
80,8.1270000000,right_hand,18,0.4381324649,0.4848371446,-0.0556660108,1.0000000000
81,8.2280000000,right_hand,18,0.4412359297,0.4922097325,-0.0616031513,1.0000000000
82,8.3300000000,right_hand,18,0.4423048198,0.4963700771,-0.0703835040,1.0000000000
83,8.4320000000,right_hand,18,0.4381054044,0.5014072657,-0.0715975165,1.0000000000
84,8.5330000000,right_hand,18,0.4246091247,0.5059179068,-0.0770300478,1.0000000000
85,8.6350000000,right_hand,18,0.4134352803,0.4985972643,-0.0735594183,1.0000000000
86,8.7360000000,right_hand,18,0.4169417620,0.4854788780,-0.0609998330,1.0000000000
87,8.8380000000,right_hand,18,0.4213483930,0.4835065305,-0.0663342997,1.0000000000
88,8.9390000000,right_hand,18,0.4161887467,0.4771384895,-0.0716652945,1.0000000000
89,9.0410000000,right_hand,18,0.4267387092,0.4738281965,-0.0625834018,1.0000000000
90,9.1430000000,right_hand,18,0.5456964374,0.5569967031,-0.0327765271,1.0000000000
91,9.2440000000,right_hand,18,0.4119197428,0.4673479199,-0.0699822977,1.0000000000
92,9.3460000000,right_hand,18,0.4136790633,0.4350534976,-0.0465305485,1.0000000000
93,9.4470000000,right_hand,18,0.4209067523,0.4340802431,-0.0268812217,1.0000000000
94,9.5490000000,right_hand,18,0.4104597270,0.4220725894,-0.0399869569,1.0000000000
95,9.6510000000,right_hand,18,0.4232470393,0.4387167990,-0.0342310853,1.0000000000
96,9.7520000000,right_hand,18,0.4141576886,0.4320664406,-0.0391308442,1.0000000000
97,9.8540000000,right_hand,18,0.4170686901,0.4177238941,-0.0470751822,1.0000000000
98,9.9550000000,right_hand,18,0.4152927399,0.4450227320,-0.0471005663,1.0000000000
99,10.0570000000,right_hand,18,0.4094742239,0.4600960314,-0.0645594671,1.0000000000
100,10.1580000000,right_hand,18,0.4099831581,0.4491307735,-0.0555495173,1.0000000000
101,10.2600000000,right_hand,18,0.4181451797,0.4513011575,-0.0329565890,1.0000000000
102,10.3620000000,right_hand,18,0.4205757082,0.4475668073,-0.0282518733,1.0000000000
103,10.4630000000,right_hand,18,0.4175657928,0.4528298974,-0.0300085228,1.0000000000
104,10.5650000000,right_hand,18,0.4095726609,0.4399801493,-0.0364849716,1.0000000000
105,10.6660000000,right_hand,18,0.4106550515,0.4418341517,-0.0400602818,1.0000000000
106,10.7680000000,right_hand,18,0.4110048413,0.4414631724,-0.0474399030,1.0000000000
107,10.8700000000,right_hand,18,0.4062244892,0.4448442161,-0.0533537418,1.0000000000
108,10.9710000000,right_hand,18,0.4068911672,0.4417740703,-0.0447820611,1.0000000000
109,11.0730000000,right_hand,18,0.4063199162,0.4331121743,-0.0413160250,1.0000000000
110,11.1740000000,right_hand,18,0.4092126489,0.4325568080,-0.0406539440,1.0000000000
111,11.2760000000,right_hand,18,0.4062421322,0.4400520027,-0.0460306145,1.0000000000
112,11.3770000000,right_hand,18,0.4101029932,0.4347674847,-0.0416380502,1.0000000000
113,11.4790000000,right_hand,18,0.4151639938,0.4292634428,-0.0425590388,1.0000000000
114,11.5810000000,right_hand,18,0.4134226441,0.4263267815,-0.0487656370,1.0000000000
115,11.6820000000,right_hand,18,0.4128950536,0.4269349277,-0.0468752831,1.0000000000
116,11.7840000000,right_hand,18,0.4059200883,0.4277867973,-0.0465757251,1.0000000000
117,11.8850000000,right_hand,18,0.4033645689,0.4238874614,-0.0323751308,1.0000000000
118,11.9870000000,right_hand,18,0.4037949741,0.4252346158,-0.0136986272,1.0000000000
50,5.0790000000,right_hand,19,0.5486597419,0.6723310351,-0.0452600271,1.0000000000
51,5.1810000000,right_hand,19,0.5486597419,0.6723310351,-0.0452600271,1.0000000000
52,5.2820000000,right_hand,19,0.5486597419,0.6723310351,-0.0452600271,1.0000000000
53,5.3840000000,right_hand,19,0.5486597419,0.6723310351,-0.0452600271,1.0000000000
54,5.4860000000,right_hand,19,0.5430470705,0.5910944343,-0.0363744199,1.0000000000
55,5.5870000000,right_hand,19,0.4061920643,0.4528053701,-0.0221687052,1.0000000000
56,5.6890000000,right_hand,19,0.5300527215,0.5820522308,-0.0572124086,1.0000000000
57,5.7900000000,right_hand,19,0.4171257317,0.4737331569,-0.0454928800,1.0000000000
58,5.8920000000,right_hand,19,0.5257471800,0.6002279520,-0.0346014723,1.0000000000
59,5.9930000000,right_hand,19,0.4360339344,0.4597475529,-0.0517448485,1.0000000000
60,6.0950000000,right_hand,19,0.5243805051,0.6065928340,-0.0432079844,1.0000000000
61,6.1970000000,right_hand,19,0.4548814297,0.4676260948,-0.0590226837,1.0000000000
62,6.2980000000,right_hand,19,0.4609661102,0.4739637971,-0.0591707788,1.0000000000
63,6.4000000000,right_hand,19,0.4612319767,0.4750693142,-0.0620622002,1.0000000000
64,6.5010000000,right_hand,19,0.4640341401,0.4742003083,-0.0595379248,1.0000000000
65,6.6030000000,right_hand,19,0.4626858532,0.4730841517,-0.0619066060,1.0000000000
66,6.7050000000,right_hand,19,0.4619713426,0.4725913405,-0.0620201640,1.0000000000
67,6.8060000000,right_hand,19,0.4571354091,0.4696337581,-0.0710358322,1.0000000000
68,6.9080000000,right_hand,19,0.4518651664,0.4693606198,-0.0711230263,1.0000000000
69,7.0090000000,right_hand,19,0.4463046193,0.4655098915,-0.0632477850,1.0000000000
70,7.1110000000,right_hand,19,0.4445205033,0.4665433764,-0.0647129416,1.0000000000
71,7.2130000000,right_hand,19,0.4484289885,0.4662300050,-0.0650335029,1.0000000000
72,7.3140000000,right_hand,19,0.4529668689,0.4682662785,-0.0720070899,1.0000000000
73,7.4160000000,right_hand,19,0.4563059807,0.4739638865,-0.0767548755,1.0000000000
74,7.5170000000,right_hand,19,0.4562660456,0.4787550271,-0.0780128986,1.0000000000
75,7.6190000000,right_hand,19,0.4520593286,0.4769426286,-0.0829656869,1.0000000000
76,7.7200000000,right_hand,19,0.4433351159,0.4751074314,-0.0784160048,1.0000000000
77,7.8220000000,right_hand,19,0.4432278275,0.4783914387,-0.0926993340,1.0000000000
78,7.9240000000,right_hand,19,0.4508261383,0.4776530266,-0.0677149966,1.0000000000
79,8.0250000000,right_hand,19,0.4532704353,0.4739706516,-0.0688524023,1.0000000000
80,8.1270000000,right_hand,19,0.4559926391,0.4816419184,-0.0560440198,1.0000000000
81,8.2280000000,right_hand,19,0.4609722197,0.4871935248,-0.0625969544,1.0000000000
82,8.3300000000,right_hand,19,0.4616751969,0.4912961125,-0.0702989623,1.0000000000
83,8.4320000000,right_hand,19,0.4581317306,0.4984239340,-0.0720857158,1.0000000000
84,8.5330000000,right_hand,19,0.4442641735,0.5026637316,-0.0799838379,1.0000000000
85,8.6350000000,right_hand,19,0.4311724305,0.4949864447,-0.0776420459,1.0000000000
86,8.7360000000,right_hand,19,0.4319381118,0.4841156602,-0.0635439530,1.0000000000
87,8.8380000000,right_hand,19,0.4367054105,0.4808208942,-0.0679913461,1.0000000000
88,8.9390000000,right_hand,19,0.4332838953,0.4747830629,-0.0762077644,1.0000000000
89,9.0410000000,right_hand,19,0.4423766732,0.4744528830,-0.0645625442,1.0000000000
90,9.1430000000,right_hand,19,0.5333426595,0.5625685453,-0.0329233855,1.0000000000
91,9.2440000000,right_hand,19,0.4296245575,0.4693881273,-0.0758694112,1.0000000000
92,9.3460000000,right_hand,19,0.4285804331,0.4444511831,-0.0489435717,1.0000000000
93,9.4470000000,right_hand,19,0.4305250645,0.4492754340,-0.0256478209,1.0000000000
94,9.5490000000,right_hand,19,0.4254320562,0.4324889481,-0.0411795974,1.0000000000
95,9.6510000000,right_hand,19,0.4363975227,0.4512028098,-0.0339702219,1.0000000000
96,9.7520000000,right_hand,19,0.4282321334,0.4379359186,-0.0416450165,1.0000000000
97,9.8540000000,right_hand,19,0.4314535856,0.4204404652,-0.0503089838,1.0000000000
98,9.9550000000,right_hand,19,0.4315174520,0.4462515116,-0.0494149961,1.0000000000
99,10.0570000000,right_hand,19,0.4277766347,0.4612208903,-0.0683886856,1.0000000000
100,10.1580000000,right_hand,19,0.4244113863,0.4523931146,-0.0582847483,1.0000000000
101,10.2600000000,right_hand,19,0.4292314351,0.4642125964,-0.0320861526,1.0000000000
102,10.3620000000,right_hand,19,0.4286898375,0.4615542293,-0.0268198755,1.0000000000
103,10.4630000000,right_hand,19,0.4270756245,0.4649558961,-0.0276805907,1.0000000000
104,10.5650000000,right_hand,19,0.4234836400,0.4464980662,-0.0366229974,1.0000000000
105,10.6660000000,right_hand,19,0.4238619208,0.4469881356,-0.0414075926,1.0000000000
106,10.7680000000,right_hand,19,0.4263250828,0.4420726299,-0.0493706651,1.0000000000
107,10.8700000000,right_hand,19,0.4205958843,0.4481685460,-0.0556870401,1.0000000000
108,10.9710000000,right_hand,19,0.4197131991,0.4567348659,-0.0454277508,1.0000000000
109,11.0730000000,right_hand,19,0.4160043597,0.4469653964,-0.0403070152,1.0000000000
110,11.1740000000,right_hand,19,0.4214909971,0.4467398226,-0.0415292718,1.0000000000
111,11.2760000000,right_hand,19,0.4184659421,0.4469375014,-0.0494370498,1.0000000000
112,11.3770000000,right_hand,19,0.4230565131,0.4375640750,-0.0466700234,1.0000000000
113,11.4790000000,right_hand,19,0.4300486743,0.4317969680,-0.0461573228,1.0000000000
114,11.5810000000,right_hand,19,0.4314030707,0.4283589125,-0.0526932329,1.0000000000
115,11.6820000000,right_hand,19,0.4299286604,0.4280122817,-0.0507275537,1.0000000000
116,11.7840000000,right_hand,19,0.4206083715,0.4357883036,-0.0500173829,1.0000000000
117,11.8850000000,right_hand,19,0.4173928797,0.4391691685,-0.0338883474,1.0000000000
118,11.9870000000,right_hand,19,0.4163497984,0.4376394749,-0.0132794771,1.0000000000
50,5.0790000000,right_hand,20,0.5347867012,0.6807880402,-0.0483249798,1.0000000000
51,5.1810000000,right_hand,20,0.5347867012,0.6807880402,-0.0483249798,1.0000000000
52,5.2820000000,right_hand,20,0.5347867012,0.6807880402,-0.0483249798,1.0000000000
53,5.3840000000,right_hand,20,0.5347867012,0.6807880402,-0.0483249798,1.0000000000
54,5.4860000000,right_hand,20,0.5305414796,0.5994398594,-0.0377466045,1.0000000000
55,5.5870000000,right_hand,20,0.4169287682,0.4570157230,-0.0212742258,1.0000000000
56,5.6890000000,right_hand,20,0.5174791813,0.5909455419,-0.0619469360,1.0000000000
57,5.7900000000,right_hand,20,0.4307117462,0.4691883922,-0.0461355895,1.0000000000
58,5.8920000000,right_hand,20,0.5122909546,0.6100147367,-0.0354236551,1.0000000000
59,5.9930000000,right_hand,20,0.4488548636,0.4546563029,-0.0515356213,1.0000000000
60,6.0950000000,right_hand,20,0.5118983388,0.6138678789,-0.0433081649,1.0000000000
61,6.1970000000,right_hand,20,0.4697624743,0.4621116817,-0.0584008917,1.0000000000
62,6.2980000000,right_hand,20,0.4765186012,0.4674964547,-0.0577943735,1.0000000000
63,6.4000000000,right_hand,20,0.4771569371,0.4687376320,-0.0610048510,1.0000000000
64,6.5010000000,right_hand,20,0.4796496034,0.4673171937,-0.0581817403,1.0000000000
65,6.6030000000,right_hand,20,0.4782830179,0.4671776593,-0.0607563145,1.0000000000
66,6.7050000000,right_hand,20,0.4777552485,0.4688392878,-0.0607897975,1.0000000000
67,6.8060000000,right_hand,20,0.4735117257,0.4666294456,-0.0717834905,1.0000000000
68,6.9080000000,right_hand,20,0.4673073888,0.4696677327,-0.0713717714,1.0000000000
69,7.0090000000,right_hand,20,0.4616732895,0.4651993513,-0.0639020428,1.0000000000
70,7.1110000000,right_hand,20,0.4587101340,0.4658903778,-0.0650387108,1.0000000000
71,7.2130000000,right_hand,20,0.4630677402,0.4632867575,-0.0654408708,1.0000000000
72,7.3140000000,right_hand,20,0.4676406085,0.4652432203,-0.0720455125,1.0000000000
73,7.4160000000,right_hand,20,0.4724549949,0.4726412594,-0.0775100812,1.0000000000
74,7.5170000000,right_hand,20,0.4714533687,0.4789842069,-0.0791816339,1.0000000000
75,7.6190000000,right_hand,20,0.4680012465,0.4790514112,-0.0857520476,1.0000000000
76,7.7200000000,right_hand,20,0.4585332572,0.4764775634,-0.0810255483,1.0000000000
77,7.8220000000,right_hand,20,0.4600362480,0.4780268371,-0.0961864069,1.0000000000
78,7.9240000000,right_hand,20,0.4651005864,0.4786134958,-0.0681064501,1.0000000000
79,8.0250000000,right_hand,20,0.4684110880,0.4704250991,-0.0692846030,1.0000000000
80,8.1270000000,right_hand,20,0.4701309502,0.4766747057,-0.0560940020,1.0000000000
81,8.2280000000,right_hand,20,0.4763051569,0.4805398583,-0.0630944967,1.0000000000
82,8.3300000000,right_hand,20,0.4756329060,0.4857301414,-0.0697473213,1.0000000000
83,8.4320000000,right_hand,20,0.4729871452,0.4949834943,-0.0721961334,1.0000000000
84,8.5330000000,right_hand,20,0.4598987103,0.4989132285,-0.0818960890,1.0000000000
85,8.6350000000,right_hand,20,0.4459577203,0.4910544157,-0.0795700997,1.0000000000
86,8.7360000000,right_hand,20,0.4437956512,0.4834152758,-0.0645883754,1.0000000000
87,8.8380000000,right_hand,20,0.4492669702,0.4786827266,-0.0679975078,1.0000000000
88,8.9390000000,right_hand,20,0.4481966496,0.4740039408,-0.0788470581,1.0000000000
89,9.0410000000,right_hand,20,0.4543264806,0.4748393595,-0.0654719695,1.0000000000
90,9.1430000000,right_hand,20,0.5245164037,0.5675008297,-0.0318994038,1.0000000000
91,9.2440000000,right_hand,20,0.4449169040,0.4741078019,-0.0797358081,1.0000000000
92,9.3460000000,right_hand,20,0.4407736957,0.4545831084,-0.0493461266,1.0000000000
93,9.4470000000,right_hand,20,0.4338454604,0.4597184062,-0.0234927367,1.0000000000
94,9.5490000000,right_hand,20,0.4364822507,0.4445167482,-0.0407615453,1.0000000000
95,9.6510000000,right_hand,20,0.4432516694,0.4628885090,-0.0329122879,1.0000000000
96,9.7520000000,right_hand,20,0.4395737052,0.4473129809,-0.0429822616,1.0000000000
97,9.8540000000,right_hand,20,0.4431644380,0.4277501404,-0.0518876351,1.0000000000
98,9.9550000000,right_hand,20,0.4434820712,0.4510782063,-0.0506707840,1.0000000000
99,10.0570000000,right_hand,20,0.4416061640,0.4666943252,-0.0707209483,1.0000000000
100,10.1580000000,right_hand,20,0.4356814027,0.4597780406,-0.0594813190,1.0000000000
101,10.2600000000,right_hand,20,0.4346242547,0.4744538069,-0.0304035526,1.0000000000
102,10.3620000000,right_hand,20,0.4303465486,0.4690251052,-0.0248006899,1.0000000000
103,10.4630000000,right_hand,20,0.4297125041,0.4742181599,-0.0260223094,1.0000000000
104,10.5650000000,right_hand,20,0.4320033789,0.4570717216,-0.0361660682,1.0000000000
105,10.6660000000,right_hand,20,0.4318679869,0.4557466805,-0.0420710482,1.0000000000
106,10.7680000000,right_hand,20,0.4370572865,0.4456697106,-0.0503089577,1.0000000000
107,10.8700000000,right_hand,20,0.4299332500,0.4547143877,-0.0570453256,1.0000000000
108,10.9710000000,right_hand,20,0.4266319275,0.4691061974,-0.0446190462,1.0000000000
109,11.0730000000,right_hand,20,0.4200825691,0.4567187428,-0.0389436446,1.0000000000
110,11.1740000000,right_hand,20,0.4286161959,0.4595682025,-0.0411136635,1.0000000000
111,11.2760000000,right_hand,20,0.4283762276,0.4569569230,-0.0515557081,1.0000000000
112,11.3770000000,right_hand,20,0.4339427054,0.4450415671,-0.0495070852,1.0000000000
113,11.4790000000,right_hand,20,0.4407588243,0.4378163218,-0.0481914245,1.0000000000
114,11.5810000000,right_hand,20,0.4445917308,0.4363406003,-0.0543738306,1.0000000000
115,11.6820000000,right_hand,20,0.4416961074,0.4354207516,-0.0528016314,1.0000000000
116,11.7840000000,right_hand,20,0.4302873611,0.4476206601,-0.0520281009,1.0000000000
117,11.8850000000,right_hand,20,0.4275412858,0.4569296241,-0.0336844772,1.0000000000
118,11.9870000000,right_hand,20,0.4248080552,0.4538052678,-0.0118804490,1.0000000000
