frame_id,timestamp_sec,landmark_type,landmark_id,x,y,z,visibility
75,5.0050000000,left_hand,0,0.5598314404,0.5904544592,-0.0000001620,1.0000000000
76,5.0720000000,left_hand,0,0.5239055157,0.5236392021,-0.0000002339,1.0000000000
77,5.1390000000,left_hand,0,0.5472692251,0.5879569650,0.0000001928,1.0000000000
78,5.2060000000,left_hand,0,0.5407158732,0.5439442396,-0.0000002187,1.0000000000
79,5.2720000000,left_hand,0,0.3139058053,0.6570940018,0.0000003369,1.0000000000
80,5.3390000000,left_hand,0,0.3162854910,0.6543474197,0.0000003503,1.0000000000
81,5.4060000000,left_hand,0,0.3148786426,0.6593019366,0.0000003433,1.0000000000
82,5.4720000000,left_hand,0,0.5499274731,0.6013240218,-0.0000003045,1.0000000000
83,5.5390000000,left_hand,0,0.5741706491,0.6131751537,-0.0000002729,1.0000000000
84,5.6060000000,left_hand,0,0.5577859282,0.6166703701,-0.0000001600,1.0000000000
85,5.6730000000,left_hand,0,0.5481925607,0.6148249507,-0.0000001333,1.0000000000
86,5.7390000000,left_hand,0,0.5417890549,0.6103879809,-0.0000001112,1.0000000000
87,5.8060000000,left_hand,0,0.5552860498,0.5959142447,-0.0000000831,1.0000000000
88,5.8730000000,left_hand,0,0.5563454628,0.5781973004,-0.0000001015,1.0000000000
89,5.9400000000,left_hand,0,0.5600265265,0.5570448041,-0.0000000848,1.0000000000
90,6.0060000000,left_hand,0,0.6254971027,0.5442447066,-0.0000003511,1.0000000000
91,6.0730000000,left_hand,0,0.6264274120,0.5330638885,-0.0000002069,1.0000000000
92,6.1400000000,left_hand,0,0.6180200577,0.5134947896,-0.0000000733,1.0000000000
93,6.2070000000,left_hand,0,0.6138910651,0.5061947703,-0.0000000676,1.0000000000
94,6.2730000000,left_hand,0,0.6148530841,0.5173732638,-0.0000001306,1.0000000000
95,6.3400000000,left_hand,0,0.6063021421,0.5222623348,-0.0000000805,1.0000000000
96,6.4070000000,left_hand,0,0.6016327143,0.5378733277,-0.0000001391,1.0000000000
97,6.4740000000,left_hand,0,0.5869384408,0.5540184379,-0.0000001027,1.0000000000
98,6.5400000000,left_hand,0,0.5750201344,0.5454604626,-0.0000000799,1.0000000000
99,6.6070000000,left_hand,0,0.5655096173,0.5449497700,-0.0000000697,1.0000000000
100,6.6740000000,left_hand,0,0.5664206743,0.5577446222,-0.0000000655,1.0000000000
101,6.7400000000,left_hand,0,0.5664931536,0.5581691265,-0.0000000733,1.0000000000
102,6.8070000000,left_hand,0,0.5679976344,0.5548666716,-0.0000000871,1.0000000000
103,6.8740000000,left_hand,0,0.5695728064,0.5477213264,-0.0000000911,1.0000000000
104,6.9410000000,left_hand,0,0.5716080070,0.5406435728,-0.0000001106,1.0000000000
105,7.0070000000,left_hand,0,0.5747060776,0.5292591453,-0.0000001024,1.0000000000
106,7.0740000000,left_hand,0,0.5805802941,0.5277643204,-0.0000001165,1.0000000000
107,7.1410000000,left_hand,0,0.5850086808,0.5327275991,-0.0000001547,1.0000000000
108,7.2080000000,left_hand,0,0.5844521523,0.5309651494,-0.0000001294,1.0000000000
109,7.2740000000,left_hand,0,0.5834806561,0.5278881192,-0.0000001144,1.0000000000
110,7.3410000000,left_hand,0,0.5840408802,0.5307278633,-0.0000001205,1.0000000000
111,7.4080000000,left_hand,0,0.5801380873,0.5317207575,-0.0000000813,1.0000000000
112,7.4750000000,left_hand,0,0.5733741522,0.5331973433,-0.0000000894,1.0000000000
113,7.5410000000,left_hand,0,0.5704867244,0.5415678024,-0.0000000742,1.0000000000
114,7.6080000000,left_hand,0,0.5691738725,0.5499513745,-0.0000001100,1.0000000000
115,7.6750000000,left_hand,0,0.5702775121,0.5593096614,-0.0000001351,1.0000000000
116,7.7420000000,left_hand,0,0.5716152191,0.5682702661,-0.0000000971,1.0000000000
117,7.8080000000,left_hand,0,0.5693033934,0.5657094717,-0.0000001131,1.0000000000
118,7.8750000000,left_hand,0,0.5752313733,0.5549468398,-0.0000001312,1.0000000000
119,7.9420000000,left_hand,0,0.5772765875,0.5544301271,-0.0000001508,1.0000000000
120,8.0080000000,left_hand,0,0.5793821216,0.5444242954,-0.0000001236,1.0000000000
121,8.0750000000,left_hand,0,0.5840187669,0.5440568328,-0.0000001274,1.0000000000
122,8.1420000000,left_hand,0,0.5894909501,0.5438774228,-0.0000001420,1.0000000000
123,8.2090000000,left_hand,0,0.5887471437,0.5367211699,-0.0000000972,1.0000000000
124,8.2750000000,left_hand,0,0.5916234255,0.5358787179,-0.0000001158,1.0000000000
125,8.3420000000,left_hand,0,0.5895238519,0.5382991433,-0.0000000819,1.0000000000
126,8.4090000000,left_hand,0,0.5783783793,0.5369199514,-0.0000000954,1.0000000000
127,8.4760000000,left_hand,0,0.5702022910,0.5394333005,-0.0000000796,1.0000000000
128,8.5420000000,left_hand,0,0.5681073070,0.5547646880,-0.0000000491,1.0000000000
129,8.6090000000,left_hand,0,0.5687415004,0.5611088276,-0.0000000833,1.0000000000
130,8.6760000000,left_hand,0,0.5702001452,0.5606863499,-0.0000001038,1.0000000000
131,8.7430000000,left_hand,0,0.5727335215,0.5494162440,-0.0000001164,1.0000000000
132,8.8090000000,left_hand,0,0.5807887912,0.5450280905,-0.0000001007,1.0000000000
133,8.8760000000,left_hand,0,0.5905942321,0.5419961810,-0.0000001293,1.0000000000
134,8.9430000000,left_hand,0,0.5936106443,0.5440424681,-0.0000001187,1.0000000000
135,9.0100000000,left_hand,0,0.5920561552,0.5200695395,-0.0000000930,1.0000000000
136,9.0760000000,left_hand,0,0.5948092937,0.5301664472,-0.0000001055,1.0000000000
137,9.1430000000,left_hand,0,0.5932201147,0.5350310206,-0.0000001070,1.0000000000
138,9.2100000000,left_hand,0,0.5864741802,0.5390265584,-0.0000000928,1.0000000000
139,9.2770000000,left_hand,0,0.5768899322,0.5441647768,-0.0000000941,1.0000000000
140,9.3430000000,left_hand,0,0.5711261630,0.5536336899,-0.0000001003,1.0000000000
141,9.4100000000,left_hand,0,0.5722755790,0.5671905279,-0.0000000954,1.0000000000
142,9.4770000000,left_hand,0,0.5690508485,0.5707138181,-0.0000000940,1.0000000000
143,9.5430000000,left_hand,0,0.5706572533,0.5657253861,-0.0000001064,1.0000000000
144,9.6100000000,left_hand,0,0.5776551962,0.5678703189,-0.0000000994,1.0000000000
145,9.6770000000,left_hand,0,0.5785168409,0.5605922937,-0.0000001705,1.0000000000
146,9.7440000000,left_hand,0,0.5792152286,0.5470471382,-0.0000001420,1.0000000000
147,9.8100000000,left_hand,0,0.5836880803,0.5343287587,-0.0000001291,1.0000000000
148,9.8770000000,left_hand,0,0.5912295580,0.5480602980,-0.0000001379,1.0000000000
149,9.9440000000,left_hand,0,0.5926369429,0.5498851538,-0.0000001099,1.0000000000
150,10.0110000000,left_hand,0,0.5871914625,0.5275669694,-0.0000000952,1.0000000000
151,10.0770000000,left_hand,0,0.5915691853,0.5314639807,-0.0000001018,1.0000000000
152,10.1440000000,left_hand,0,0.5862354040,0.5382040143,-0.0000001392,1.0000000000
153,10.2110000000,left_hand,0,0.5776035786,0.5500285625,-0.0000001615,1.0000000000
154,10.2780000000,left_hand,0,0.5681383014,0.5542994738,-0.0000000936,1.0000000000
155,10.3440000000,left_hand,0,0.5679431558,0.5646551847,-0.0000001062,1.0000000000
156,10.4110000000,left_hand,0,0.5696395040,0.5846588016,-0.0000001178,1.0000000000
157,10.4780000000,left_hand,0,0.5668100119,0.5922487378,-0.0000001453,1.0000000000
158,10.5450000000,left_hand,0,0.5660890341,0.5908387899,-0.0000001146,1.0000000000
159,10.6110000000,left_hand,0,0.5789865255,0.6328833699,-0.0000001382,1.0000000000
160,10.6780000000,left_hand,0,0.5802173018,0.6281818151,-0.0000001558,1.0000000000
161,10.7450000000,left_hand,0,0.5677013993,0.6289498806,-0.0000001384,1.0000000000
162,10.8110000000,left_hand,0,0.5624285936,0.6203821898,-0.0000001673,1.0000000000
163,10.8780000000,left_hand,0,0.5713425875,0.6175453663,-0.0000002359,1.0000000000
164,10.9450000000,left_hand,0,0.5688481331,0.6065137386,-0.0000001750,1.0000000000
165,11.0120000000,left_hand,0,0.5659672618,0.6097296476,-0.0000001577,1.0000000000
166,11.0780000000,left_hand,0,0.5655349493,0.6233417392,-0.0000001922,1.0000000000
167,11.1450000000,left_hand,0,0.5450742841,0.6251396537,-0.0000001678,1.0000000000
168,11.2120000000,left_hand,0,0.5530662537,0.6454448700,-0.0000001868,1.0000000000
169,11.2790000000,left_hand,0,0.5596008301,0.6570326686,-0.0000002456,1.0000000000
170,11.3450000000,left_hand,0,0.5441979170,0.6551690102,-0.0000002042,1.0000000000
171,11.4120000000,left_hand,0,0.5493722558,0.6587199569,-0.0000001678,1.0000000000
172,11.4790000000,left_hand,0,0.5470404625,0.6485358477,-0.0000001491,1.0000000000
173,11.5460000000,left_hand,0,0.5481431484,0.6446939111,-0.0000001667,1.0000000000
174,11.6120000000,left_hand,0,0.5597785711,0.6323702335,-0.0000001301,1.0000000000
175,11.6790000000,left_hand,0,0.5895748138,0.5778163075,-0.0000003026,1.0000000000
176,11.7460000000,left_hand,0,0.5906394124,0.5576723218,-0.0000001623,1.0000000000
177,11.8130000000,left_hand,0,0.5930822492,0.5438885689,-0.0000001350,1.0000000000
178,11.8790000000,left_hand,0,0.6017042398,0.5938660502,-0.0000001617,1.0000000000
179,11.9460000000,left_hand,0,0.5929626226,0.6145592928,-0.0000001426,1.0000000000
75,5.0050000000,left_hand,1,0.5396804214,0.6106392741,-0.0049645593,1.0000000000
76,5.0720000000,left_hand,1,0.5127243996,0.5597071052,-0.0164795537,1.0000000000
77,5.1390000000,left_hand,1,0.5320261121,0.5972924232,-0.0104202898,1.0000000000
78,5.2060000000,left_hand,1,0.5205867290,0.5728998184,-0.0047661522,1.0000000000
79,5.2720000000,left_hand,1,0.3548682630,0.6629391909,0.0019669952,1.0000000000
80,5.3390000000,left_hand,1,0.3569060266,0.6570675373,0.0015825701,1.0000000000
81,5.4060000000,left_hand,1,0.3543606102,0.6586599946,0.0003938649,1.0000000000
82,5.4720000000,left_hand,1,0.5287965536,0.6341167092,-0.0143050384,1.0000000000
83,5.5390000000,left_hand,1,0.5467100143,0.6468228102,-0.0105572147,1.0000000000
84,5.6060000000,left_hand,1,0.5284656882,0.6463359594,-0.0063455943,1.0000000000
85,5.6730000000,left_hand,1,0.5205672383,0.6363835335,-0.0066022491,1.0000000000
86,5.7390000000,left_hand,1,0.5194080472,0.6332818866,-0.0054142950,1.0000000000
87,5.8060000000,left_hand,1,0.5300007463,0.6144080162,-0.0038431303,1.0000000000
88,5.8730000000,left_hand,1,0.5334835649,0.6020142436,-0.0040296623,1.0000000000
89,5.9400000000,left_hand,1,0.5390546322,0.5772752762,-0.0033649555,1.0000000000
90,6.0060000000,left_hand,1,0.6048731208,0.5730561614,-0.0091851139,1.0000000000
91,6.0730000000,left_hand,1,0.5892512202,0.5719782114,-0.0041518239,1.0000000000
92,6.1400000000,left_hand,1,0.5781459212,0.5329053402,-0.0004268809,1.0000000000
93,6.2070000000,left_hand,1,0.5818088651,0.5239397287,-0.0030184428,1.0000000000
94,6.2730000000,left_hand,1,0.5815231800,0.5301135182,0.0014094086,1.0000000000
95,6.3400000000,left_hand,1,0.5738376975,0.5363078713,0.0022789219,1.0000000000
96,6.4070000000,left_hand,1,0.5679343939,0.5481446981,0.0013724032,1.0000000000
97,6.4740000000,left_hand,1,0.5546788573,0.5795364976,-0.0019853807,1.0000000000
98,6.5400000000,left_hand,1,0.5436637402,0.5709779859,-0.0001196368,1.0000000000
99,6.6070000000,left_hand,1,0.5353606343,0.5676774383,0.0019988043,1.0000000000
100,6.6740000000,left_hand,1,0.5389106274,0.5742135644,-0.0015485467,1.0000000000
101,6.7400000000,left_hand,1,0.5378316045,0.5730581880,-0.0008977611,1.0000000000
102,6.8070000000,left_hand,1,0.5376253724,0.5733025074,0.0002766366,1.0000000000
103,6.8740000000,left_hand,1,0.5387508273,0.5665711164,0.0014364349,1.0000000000
104,6.9410000000,left_hand,1,0.5417627096,0.5610445142,0.0010644092,1.0000000000
105,7.0070000000,left_hand,1,0.5448535681,0.5502488613,-0.0016600408,1.0000000000
106,7.0740000000,left_hand,1,0.5511056185,0.5486828685,0.0010286234,1.0000000000
107,7.1410000000,left_hand,1,0.5563686490,0.5537039638,0.0016528754,1.0000000000
108,7.2080000000,left_hand,1,0.5538549423,0.5542767048,-0.0004631471,1.0000000000
109,7.2740000000,left_hand,1,0.5559765100,0.5503448844,0.0003644759,1.0000000000
110,7.3410000000,left_hand,1,0.5572392941,0.5517719984,-0.0018707201,1.0000000000
111,7.4080000000,left_hand,1,0.5513018966,0.5582624674,-0.0024721755,1.0000000000
112,7.4750000000,left_hand,1,0.5469414592,0.5584951043,0.0012078291,1.0000000000
113,7.5410000000,left_hand,1,0.5413415432,0.5637682676,0.0022372806,1.0000000000
114,7.6080000000,left_hand,1,0.5409652591,0.5738739967,0.0025272097,1.0000000000
115,7.6750000000,left_hand,1,0.5416704416,0.5814251900,0.0033969611,1.0000000000
116,7.7420000000,left_hand,1,0.5434930921,0.5882648826,0.0026660752,1.0000000000
117,7.8080000000,left_hand,1,0.5409665704,0.5874372125,0.0035007186,1.0000000000
118,7.8750000000,left_hand,1,0.5475258231,0.5776866674,0.0015217114,1.0000000000
119,7.9420000000,left_hand,1,0.5492642522,0.5744028091,0.0038819083,1.0000000000
120,8.0080000000,left_hand,1,0.5520576835,0.5708800554,0.0005961897,1.0000000000
121,8.0750000000,left_hand,1,0.5581303239,0.5724952221,-0.0011569837,1.0000000000
122,8.1420000000,left_hand,1,0.5611513853,0.5784565806,-0.0024729914,1.0000000000
123,8.2090000000,left_hand,1,0.5589937568,0.5678625107,-0.0019155547,1.0000000000
124,8.2750000000,left_hand,1,0.5627840161,0.5610695481,-0.0021518592,1.0000000000
125,8.3420000000,left_hand,1,0.5585188866,0.5591639280,-0.0039654393,1.0000000000
126,8.4090000000,left_hand,1,0.5477979183,0.5680630803,0.0005750367,1.0000000000
127,8.4760000000,left_hand,1,0.5409942269,0.5639365315,0.0019010312,1.0000000000
128,8.5420000000,left_hand,1,0.5385690928,0.5740288496,-0.0016098233,1.0000000000
129,8.6090000000,left_hand,1,0.5413131714,0.5798236728,0.0017668803,1.0000000000
130,8.6760000000,left_hand,1,0.5420507789,0.5805802345,0.0008613294,1.0000000000
131,8.7430000000,left_hand,1,0.5448001623,0.5789552927,0.0027530540,1.0000000000
132,8.8090000000,left_hand,1,0.5535225868,0.5639765263,-0.0000472985,1.0000000000
133,8.8760000000,left_hand,1,0.5635487437,0.5650480390,-0.0049631461,1.0000000000
134,8.9430000000,left_hand,1,0.5633856654,0.5777064562,-0.0032329306,1.0000000000
135,9.0100000000,left_hand,1,0.5602407455,0.5453745723,-0.0030388513,1.0000000000
136,9.0760000000,left_hand,1,0.5646642447,0.5514241457,-0.0036348191,1.0000000000
137,9.1430000000,left_hand,1,0.5622234941,0.5549133420,-0.0013608338,1.0000000000
138,9.2100000000,left_hand,1,0.5550968647,0.5630522370,0.0014258882,1.0000000000
139,9.2770000000,left_hand,1,0.5477738380,0.5714435577,0.0016789226,1.0000000000
140,9.3430000000,left_hand,1,0.5435827374,0.5767032504,0.0012681391,1.0000000000
141,9.4100000000,left_hand,1,0.5435318947,0.5867986083,0.0006008981,1.0000000000
142,9.4770000000,left_hand,1,0.5407952666,0.5960562229,0.0021976575,1.0000000000
143,9.5430000000,left_hand,1,0.5430731177,0.5867651701,0.0030850202,1.0000000000
144,9.6100000000,left_hand,1,0.5469597578,0.5844532251,0.0000599303,1.0000000000
145,9.6770000000,left_hand,1,0.5498585105,0.5888637900,0.0020766233,1.0000000000
146,9.7440000000,left_hand,1,0.5504596829,0.5754241347,0.0004105128,1.0000000000
147,9.8100000000,left_hand,1,0.5566655397,0.5618554354,-0.0016110691,1.0000000000
148,9.8770000000,left_hand,1,0.5633120537,0.5869017839,-0.0035376397,1.0000000000
149,9.9440000000,left_hand,1,0.5621066689,0.5902920365,-0.0037461095,1.0000000000
150,10.0110000000,left_hand,1,0.5577704310,0.5626792908,-0.0019161059,1.0000000000
151,10.0770000000,left_hand,1,0.5631064177,0.5565515757,-0.0033426224,1.0000000000
152,10.1440000000,left_hand,1,0.5543779135,0.5691156983,-0.0028004518,1.0000000000
153,10.2110000000,left_hand,1,0.5485224128,0.5823733807,-0.0005685560,1.0000000000
154,10.2780000000,left_hand,1,0.5389112830,0.5810535550,0.0004814272,1.0000000000
155,10.3440000000,left_hand,1,0.5412341356,0.5862352848,0.0027383212,1.0000000000
156,10.4110000000,left_hand,1,0.5433965325,0.6026086807,0.0018805066,1.0000000000
157,10.4780000000,left_hand,1,0.5386030078,0.6121400595,0.0017671249,1.0000000000
158,10.5450000000,left_hand,1,0.5378681421,0.6202235222,0.0000649248,1.0000000000
159,10.6110000000,left_hand,1,0.5487542152,0.6673601270,0.0005266255,1.0000000000
160,10.6780000000,left_hand,1,0.5489325523,0.6567787528,-0.0019036951,1.0000000000
161,10.7450000000,left_hand,1,0.5429720283,0.6586822867,-0.0079187779,1.0000000000
162,10.8110000000,left_hand,1,0.5440582037,0.6517022848,-0.0077544246,1.0000000000
163,10.8780000000,left_hand,1,0.5479252934,0.6425848603,-0.0086812964,1.0000000000
164,10.9450000000,left_hand,1,0.5463536978,0.6284434199,-0.0108807292,1.0000000000
165,11.0120000000,left_hand,1,0.5462982059,0.6337327957,-0.0099614710,1.0000000000
166,11.0780000000,left_hand,1,0.5461753607,0.6477075815,-0.0076102093,1.0000000000
167,11.1450000000,left_hand,1,0.5256921053,0.6534032822,-0.0126918014,1.0000000000
168,11.2120000000,left_hand,1,0.5344586968,0.6702848077,-0.0121765314,1.0000000000
169,11.2790000000,left_hand,1,0.5381286740,0.6763699651,-0.0099552693,1.0000000000
170,11.3450000000,left_hand,1,0.5260051489,0.6696630716,-0.0086153941,1.0000000000
171,11.4120000000,left_hand,1,0.5302215219,0.6728650928,-0.0074545969,1.0000000000
172,11.4790000000,left_hand,1,0.5274164081,0.6668239832,-0.0070633837,1.0000000000
173,11.5460000000,left_hand,1,0.5294036865,0.6599040031,-0.0066382173,1.0000000000
174,11.6120000000,left_hand,1,0.5426774621,0.6493887305,-0.0070611732,1.0000000000
175,11.6790000000,left_hand,1,0.5626286268,0.6063031554,-0.0076983608,1.0000000000
176,11.7460000000,left_hand,1,0.5546913147,0.5904921293,-0.0014852008,1.0000000000
177,11.8130000000,left_hand,1,0.5608055592,0.5790323019,-0.0033585972,1.0000000000
178,11.8790000000,left_hand,1,0.5724420547,0.6305187345,-0.0066644466,1.0000000000
179,11.9460000000,left_hand,1,0.5634267926,0.6402896643,-0.0079473602,1.0000000000
75,5.0050000000,left_hand,2,0.5226871967,0.6348216534,-0.0131304692,1.0000000000
76,5.0720000000,left_hand,2,0.5060572028,0.6110962629,-0.0383846574,1.0000000000
77,5.1390000000,left_hand,2,0.5182090998,0.6165723205,-0.0269140769,1.0000000000
78,5.2060000000,left_hand,2,0.5083969235,0.6055778265,-0.0134245027,1.0000000000
79,5.2720000000,left_hand,2,0.3916145861,0.6800348163,-0.0068837013,1.0000000000
80,5.3390000000,left_hand,2,0.3942834437,0.6740186810,-0.0085400166,1.0000000000
81,5.4060000000,left_hand,2,0.3925815821,0.6736575961,-0.0106819887,1.0000000000
82,5.4720000000,left_hand,2,0.5123900771,0.6697005033,-0.0299340487,1.0000000000
83,5.5390000000,left_hand,2,0.5257625580,0.6763612032,-0.0232459735,1.0000000000
84,5.6060000000,left_hand,2,0.5099852085,0.6763870120,-0.0173803009,1.0000000000
85,5.6730000000,left_hand,2,0.5033822656,0.6653811932,-0.0163526572,1.0000000000
86,5.7390000000,left_hand,2,0.5058394670,0.6582923532,-0.0136862900,1.0000000000
87,5.8060000000,left_hand,2,0.5139608383,0.6445953250,-0.0108744558,1.0000000000
88,5.8730000000,left_hand,2,0.5178818107,0.6337682605,-0.0118208323,1.0000000000
89,5.9400000000,left_hand,2,0.5259500146,0.6120297313,-0.0110793030,1.0000000000
90,6.0060000000,left_hand,2,0.5826596618,0.6079341769,-0.0210955981,1.0000000000
91,6.0730000000,left_hand,2,0.5621744394,0.6110980511,-0.0148014370,1.0000000000
92,6.1400000000,left_hand,2,0.5527521968,0.5792610049,-0.0090609845,1.0000000000
93,6.2070000000,left_hand,2,0.5557783842,0.5698610544,-0.0114378361,1.0000000000
94,6.2730000000,left_hand,2,0.5540811419,0.5679482222,-0.0045507490,1.0000000000
95,6.3400000000,left_hand,2,0.5479574800,0.5711125135,-0.0037543846,1.0000000000
96,6.4070000000,left_hand,2,0.5401729345,0.5802282691,-0.0032504171,1.0000000000
97,6.4740000000,left_hand,2,0.5280672312,0.6238763928,-0.0088664042,1.0000000000
98,6.5400000000,left_hand,2,0.5196101665,0.6200846434,-0.0073133693,1.0000000000
99,6.6070000000,left_hand,2,0.5117993951,0.6101974845,-0.0039373706,1.0000000000
100,6.6740000000,left_hand,2,0.5131121278,0.6142108440,-0.0072668791,1.0000000000
101,6.7400000000,left_hand,2,0.5118668079,0.6104670763,-0.0073594083,1.0000000000
102,6.8070000000,left_hand,2,0.5118253231,0.6121528149,-0.0048281327,1.0000000000
103,6.8740000000,left_hand,2,0.5122070909,0.6093258858,-0.0036807708,1.0000000000
104,6.9410000000,left_hand,2,0.5153615475,0.6007190347,-0.0046580900,1.0000000000
105,7.0070000000,left_hand,2,0.5197892785,0.5953362584,-0.0095727062,1.0000000000
106,7.0740000000,left_hand,2,0.5265512466,0.5899218917,-0.0053599151,1.0000000000
107,7.1410000000,left_hand,2,0.5318244696,0.5958887339,-0.0043650977,1.0000000000
108,7.2080000000,left_hand,2,0.5294916034,0.5994589925,-0.0081678824,1.0000000000
109,7.2740000000,left_hand,2,0.5321536660,0.5934383869,-0.0062796320,1.0000000000
110,7.3410000000,left_hand,2,0.5323222876,0.5932803154,-0.0088295378,1.0000000000
111,7.4080000000,left_hand,2,0.5265839696,0.5992822647,-0.0108960345,1.0000000000
112,7.4750000000,left_hand,2,0.5246306062,0.6021882892,-0.0054986114,1.0000000000
113,7.5410000000,left_hand,2,0.5191475749,0.6063753963,-0.0038038059,1.0000000000
114,7.6080000000,left_hand,2,0.5183643103,0.6087245941,-0.0033334042,1.0000000000
115,7.6750000000,left_hand,2,0.5162122846,0.6187368631,-0.0013808216,1.0000000000
116,7.7420000000,left_hand,2,0.5180350542,0.6252063513,-0.0028402426,1.0000000000
117,7.8080000000,left_hand,2,0.5170908570,0.6255129576,-0.0029014796,1.0000000000
118,7.8750000000,left_hand,2,0.5235314369,0.6175457239,-0.0046085538,1.0000000000
119,7.9420000000,left_hand,2,0.5239773989,0.6126363873,-0.0014904529,1.0000000000
120,8.0080000000,left_hand,2,0.5277142525,0.6113724709,-0.0062343809,1.0000000000
121,8.0750000000,left_hand,2,0.5341648459,0.6158447862,-0.0099889515,1.0000000000
122,8.1420000000,left_hand,2,0.5366759896,0.6264005303,-0.0107761687,1.0000000000
123,8.2090000000,left_hand,2,0.5362541080,0.6152959466,-0.0114096282,1.0000000000
124,8.2750000000,left_hand,2,0.5386795998,0.6051514149,-0.0100264875,1.0000000000
125,8.3420000000,left_hand,2,0.5333070159,0.5969604850,-0.0138454642,1.0000000000
126,8.4090000000,left_hand,2,0.5257195830,0.6131204963,-0.0061769825,1.0000000000
127,8.4760000000,left_hand,2,0.5192806125,0.6090158820,-0.0045619970,1.0000000000
128,8.5420000000,left_hand,2,0.5143553615,0.6150726676,-0.0081570530,1.0000000000
129,8.6090000000,left_hand,2,0.5167981982,0.6191835999,-0.0042271144,1.0000000000
130,8.6760000000,left_hand,2,0.5182244182,0.6202158928,-0.0059138830,1.0000000000
131,8.7430000000,left_hand,2,0.5227411985,0.6224285364,-0.0037866109,1.0000000000
132,8.8090000000,left_hand,2,0.5297995806,0.6046053767,-0.0074351728,1.0000000000
133,8.8760000000,left_hand,2,0.5378776789,0.6075757146,-0.0130500775,1.0000000000
134,8.9430000000,left_hand,2,0.5380380750,0.6223817468,-0.0131676104,1.0000000000
135,9.0100000000,left_hand,2,0.5380747914,0.5938272476,-0.0132083278,1.0000000000
136,9.0760000000,left_hand,2,0.5396748781,0.5941272378,-0.0122477077,1.0000000000
137,9.1430000000,left_hand,2,0.5369565487,0.5903037190,-0.0088059958,1.0000000000
138,9.2100000000,left_hand,2,0.5319872499,0.6068691015,-0.0047798902,1.0000000000
139,9.2770000000,left_hand,2,0.5252606869,0.6167097688,-0.0045529627,1.0000000000
140,9.3430000000,left_hand,2,0.5209109187,0.6178252101,-0.0049266843,1.0000000000
141,9.4100000000,left_hand,2,0.5192888379,0.6253046393,-0.0056241588,1.0000000000
142,9.4770000000,left_hand,2,0.5169016123,0.6350030303,-0.0056038443,1.0000000000
143,9.5430000000,left_hand,2,0.5211945772,0.6292558908,-0.0030267264,1.0000000000
144,9.6100000000,left_hand,2,0.5214368105,0.6236918569,-0.0068711522,1.0000000000
145,9.6770000000,left_hand,2,0.5249619484,0.6284434795,-0.0037417375,1.0000000000
146,9.7440000000,left_hand,2,0.5279235244,0.6187093854,-0.0068089897,1.0000000000
147,9.8100000000,left_hand,2,0.5338296890,0.6079126000,-0.0088742515,1.0000000000
148,9.8770000000,left_hand,2,0.5382475257,0.6334844232,-0.0118669793,1.0000000000
149,9.9440000000,left_hand,2,0.5393538475,0.6308285594,-0.0136455577,1.0000000000
150,10.0110000000,left_hand,2,0.5371335745,0.6096901894,-0.0088547505,1.0000000000
151,10.0770000000,left_hand,2,0.5395857096,0.5972235799,-0.0118623516,1.0000000000
152,10.1440000000,left_hand,2,0.5298239589,0.6123936772,-0.0106312968,1.0000000000
153,10.2110000000,left_hand,2,0.5257990360,0.6291498542,-0.0065305578,1.0000000000
154,10.2780000000,left_hand,2,0.5171618462,0.6224834323,-0.0070380163,1.0000000000
155,10.3440000000,left_hand,2,0.5201489329,0.6238719821,-0.0017231914,1.0000000000
156,10.4110000000,left_hand,2,0.5173723698,0.6332748532,-0.0016223934,1.0000000000
157,10.4780000000,left_hand,2,0.5123090148,0.6437430978,-0.0038138286,1.0000000000
158,10.5450000000,left_hand,2,0.5123949051,0.6584768295,-0.0072021908,1.0000000000
159,10.6110000000,left_hand,2,0.5204801559,0.6988634467,-0.0060943328,1.0000000000
160,10.6780000000,left_hand,2,0.5262123346,0.6875941157,-0.0096878419,1.0000000000
161,10.7450000000,left_hand,2,0.5256749392,0.6856114268,-0.0190859027,1.0000000000
162,10.8110000000,left_hand,2,0.5285989046,0.6764199138,-0.0162564889,1.0000000000
163,10.8780000000,left_hand,2,0.5299192667,0.6644734144,-0.0165925995,1.0000000000
164,10.9450000000,left_hand,2,0.5306406617,0.6524932384,-0.0213480573,1.0000000000
165,11.0120000000,left_hand,2,0.5293719769,0.6587670445,-0.0200141557,1.0000000000
166,11.0780000000,left_hand,2,0.5284801126,0.6653410792,-0.0145652853,1.0000000000
167,11.1450000000,left_hand,2,0.5147747993,0.6778408885,-0.0262253787,1.0000000000
168,11.2120000000,left_hand,2,0.5191756487,0.6914837360,-0.0248357262,1.0000000000
169,11.2790000000,left_hand,2,0.5191234946,0.6961896420,-0.0191087350,1.0000000000
170,11.3450000000,left_hand,2,0.5100820661,0.6918505430,-0.0174683668,1.0000000000
171,11.4120000000,left_hand,2,0.5151110888,0.6893522739,-0.0164005980,1.0000000000
172,11.4790000000,left_hand,2,0.5131918192,0.6859969497,-0.0160453897,1.0000000000
173,11.5460000000,left_hand,2,0.5155016780,0.6795973182,-0.0151030347,1.0000000000
174,11.6120000000,left_hand,2,0.5276472569,0.6698692441,-0.0155030461,1.0000000000
175,11.6790000000,left_hand,2,0.5373382568,0.6385588646,-0.0191681162,1.0000000000
176,11.7460000000,left_hand,2,0.5313382149,0.6371595263,-0.0085902289,1.0000000000
177,11.8130000000,left_hand,2,0.5376179814,0.6219609380,-0.0141051281,1.0000000000
178,11.8790000000,left_hand,2,0.5467603207,0.6603640318,-0.0164838172,1.0000000000
179,11.9460000000,left_hand,2,0.5430473685,0.6661036015,-0.0180263948,1.0000000000
75,5.0050000000,left_hand,3,0.5140687823,0.6635730863,-0.0206392854,1.0000000000
76,5.0720000000,left_hand,3,0.5037097335,0.6650869846,-0.0582996011,1.0000000000
77,5.1390000000,left_hand,3,0.5132156610,0.6413356662,-0.0399112068,1.0000000000
78,5.2060000000,left_hand,3,0.5050237775,0.6351644397,-0.0213543437,1.0000000000
79,5.2720000000,left_hand,3,0.4212803841,0.6984265447,-0.0161460768,1.0000000000
80,5.3390000000,left_hand,3,0.4239939153,0.6949938536,-0.0186841860,1.0000000000
81,5.4060000000,left_hand,3,0.4230960608,0.6933304667,-0.0214977656,1.0000000000
82,5.4720000000,left_hand,3,0.5026252270,0.7121573091,-0.0452490933,1.0000000000
83,5.5390000000,left_hand,3,0.5144895315,0.7110673785,-0.0358524658,1.0000000000
84,5.6060000000,left_hand,3,0.5050867796,0.7119454145,-0.0283019003,1.0000000000
85,5.6730000000,left_hand,3,0.5003171563,0.7016693354,-0.0253696516,1.0000000000
86,5.7390000000,left_hand,3,0.5037794709,0.6881533861,-0.0214504134,1.0000000000
87,5.8060000000,left_hand,3,0.5105924010,0.6812354326,-0.0171895958,1.0000000000
88,5.8730000000,left_hand,3,0.5147771239,0.6719287634,-0.0190107655,1.0000000000
89,5.9400000000,left_hand,3,0.5247914791,0.6492758393,-0.0177242961,1.0000000000
90,6.0060000000,left_hand,3,0.5670763254,0.6465029120,-0.0330513604,1.0000000000
91,6.0730000000,left_hand,3,0.5476182103,0.6572335958,-0.0254572183,1.0000000000
92,6.1400000000,left_hand,3,0.5439626575,0.6331615448,-0.0182577409,1.0000000000
93,6.2070000000,left_hand,3,0.5454886556,0.6235298514,-0.0196229797,1.0000000000
94,6.2730000000,left_hand,3,0.5435187221,0.6148069501,-0.0108585013,1.0000000000
95,6.3400000000,left_hand,3,0.5362797379,0.6116683483,-0.0109056346,1.0000000000
96,6.4070000000,left_hand,3,0.5282855034,0.6238394380,-0.0087039815,1.0000000000
97,6.4740000000,left_hand,3,0.5182632804,0.6796624660,-0.0152883055,1.0000000000
98,6.5400000000,left_hand,3,0.5124146342,0.6739488244,-0.0149816498,1.0000000000
99,6.6070000000,left_hand,3,0.5037663579,0.6547559500,-0.0110887093,1.0000000000
100,6.6740000000,left_hand,3,0.5012053847,0.6580499411,-0.0133307781,1.0000000000
101,6.7400000000,left_hand,3,0.4981555045,0.6515769362,-0.0142290350,1.0000000000
102,6.8070000000,left_hand,3,0.4988687336,0.6498709917,-0.0110979853,1.0000000000
103,6.8740000000,left_hand,3,0.5028577447,0.6536794901,-0.0098058004,1.0000000000
104,6.9410000000,left_hand,3,0.5058453679,0.6434548497,-0.0112198768,1.0000000000
105,7.0070000000,left_hand,3,0.5112147331,0.6443851590,-0.0178074781,1.0000000000
106,7.0740000000,left_hand,3,0.5190420747,0.6379184723,-0.0125012398,1.0000000000
107,7.1410000000,left_hand,3,0.5216490626,0.6445946693,-0.0110647753,1.0000000000
108,7.2080000000,left_hand,3,0.5183570385,0.6498393416,-0.0161421876,1.0000000000
109,7.2740000000,left_hand,3,0.5211148858,0.6405680180,-0.0132395625,1.0000000000
110,7.3410000000,left_hand,3,0.5207765102,0.6401375532,-0.0153209437,1.0000000000
111,7.4080000000,left_hand,3,0.5166922808,0.6466001272,-0.0191970691,1.0000000000
112,7.4750000000,left_hand,3,0.5164240003,0.6468133926,-0.0129219042,1.0000000000
113,7.5410000000,left_hand,3,0.5119785070,0.6520776153,-0.0108833555,1.0000000000
114,7.6080000000,left_hand,3,0.5043832064,0.6421449780,-0.0106498813,1.0000000000
115,7.6750000000,left_hand,3,0.5017421842,0.6580039263,-0.0073847389,1.0000000000
116,7.7420000000,left_hand,3,0.5031574965,0.6641275883,-0.0091910856,1.0000000000
117,7.8080000000,left_hand,3,0.5048084259,0.6642464995,-0.0106561016,1.0000000000
118,7.8750000000,left_hand,3,0.5086988211,0.6556308866,-0.0116029223,1.0000000000
119,7.9420000000,left_hand,3,0.5129180551,0.6562393904,-0.0078738648,1.0000000000
120,8.0080000000,left_hand,3,0.5179821849,0.6576421857,-0.0136180688,1.0000000000
121,8.0750000000,left_hand,3,0.5222142339,0.6607176065,-0.0188060794,1.0000000000
122,8.1420000000,left_hand,3,0.5237886310,0.6741725802,-0.0189833473,1.0000000000
123,8.2090000000,left_hand,3,0.5273963213,0.6656262875,-0.0210395474,1.0000000000
124,8.2750000000,left_hand,3,0.5285912156,0.6524692774,-0.0180241670,1.0000000000
125,8.3420000000,left_hand,3,0.5220423937,0.6422910690,-0.0234484654,1.0000000000
126,8.4090000000,left_hand,3,0.5172789693,0.6597262621,-0.0137271294,1.0000000000
127,8.4760000000,left_hand,3,0.5119591951,0.6567285657,-0.0116917994,1.0000000000
128,8.5420000000,left_hand,3,0.5065768361,0.6615205407,-0.0151518602,1.0000000000
129,8.6090000000,left_hand,3,0.5054969192,0.6633210778,-0.0109592183,1.0000000000
130,8.6760000000,left_hand,3,0.5080828071,0.6651119590,-0.0130366897,1.0000000000
131,8.7430000000,left_hand,3,0.5143713951,0.6684778333,-0.0112518333,1.0000000000
132,8.8090000000,left_hand,3,0.5200687647,0.6509803534,-0.0150246499,1.0000000000
133,8.8760000000,left_hand,3,0.5237851143,0.6539856195,-0.0205572806,1.0000000000
134,8.9430000000,left_hand,3,0.5259745717,0.6673353314,-0.0229534581,1.0000000000
135,9.0100000000,left_hand,3,0.5314754248,0.6484025717,-0.0233629532,1.0000000000
136,9.0760000000,left_hand,3,0.5284435749,0.6417779326,-0.0206053425,1.0000000000
137,9.1430000000,left_hand,3,0.5230271816,0.6294949651,-0.0166018158,1.0000000000
138,9.2100000000,left_hand,3,0.5230605602,0.6532550454,-0.0117854988,1.0000000000
139,9.2770000000,left_hand,3,0.5165718794,0.6636352539,-0.0113152722,1.0000000000
140,9.3430000000,left_hand,3,0.5113404989,0.6623079181,-0.0117230620,1.0000000000
141,9.4100000000,left_hand,3,0.5079480410,0.6694456339,-0.0122018447,1.0000000000
142,9.4770000000,left_hand,3,0.5080956221,0.6789678335,-0.0138921123,1.0000000000
143,9.5430000000,left_hand,3,0.5122028589,0.6742206812,-0.0098580988,1.0000000000
144,9.6100000000,left_hand,3,0.5106574297,0.6706675887,-0.0139924297,1.0000000000
145,9.6770000000,left_hand,3,0.5126723051,0.6710873842,-0.0101562217,1.0000000000
146,9.7440000000,left_hand,3,0.5186178684,0.6648318172,-0.0142725604,1.0000000000
147,9.8100000000,left_hand,3,0.5245856047,0.6546772718,-0.0163368974,1.0000000000
148,9.8770000000,left_hand,3,0.5268259048,0.6799197793,-0.0198863521,1.0000000000
149,9.9440000000,left_hand,3,0.5275889039,0.6685383320,-0.0234349929,1.0000000000
150,10.0110000000,left_hand,3,0.5304294825,0.6547936201,-0.0161605086,1.0000000000
151,10.0770000000,left_hand,3,0.5285474658,0.6412197351,-0.0202552136,1.0000000000
152,10.1440000000,left_hand,3,0.5183432102,0.6579554677,-0.0182596855,1.0000000000
153,10.2110000000,left_hand,3,0.5167651176,0.6783028841,-0.0125374142,1.0000000000
154,10.2780000000,left_hand,3,0.5088425875,0.6681587100,-0.0148161566,1.0000000000
155,10.3440000000,left_hand,3,0.5091822147,0.6606278419,-0.0074750008,1.0000000000
156,10.4110000000,left_hand,3,0.4994045794,0.6611056924,-0.0064226049,1.0000000000
157,10.4780000000,left_hand,3,0.4965257049,0.6772623062,-0.0100427456,1.0000000000
158,10.5450000000,left_hand,3,0.4988975227,0.6999955177,-0.0148709379,1.0000000000
159,10.6110000000,left_hand,3,0.5036540031,0.7274739742,-0.0132336915,1.0000000000
160,10.6780000000,left_hand,3,0.5133733749,0.7168395519,-0.0180316605,1.0000000000
161,10.7450000000,left_hand,3,0.5157119632,0.7122406363,-0.0294409133,1.0000000000
162,10.8110000000,left_hand,3,0.5199757218,0.7026637793,-0.0239919573,1.0000000000
163,10.8780000000,left_hand,3,0.5205858946,0.6903880239,-0.0239781272,1.0000000000
164,10.9450000000,left_hand,3,0.5236029029,0.6845164299,-0.0310878549,1.0000000000
165,11.0120000000,left_hand,3,0.5214844942,0.6877606511,-0.0292181652,1.0000000000
166,11.0780000000,left_hand,3,0.5194841027,0.6894339919,-0.0209181104,1.0000000000
167,11.1450000000,left_hand,3,0.5109838247,0.7051975131,-0.0381966159,1.0000000000
168,11.2120000000,left_hand,3,0.5103891492,0.7157099247,-0.0364232697,1.0000000000
169,11.2790000000,left_hand,3,0.5078782439,0.7174075246,-0.0275337249,1.0000000000
170,11.3450000000,left_hand,3,0.5027069449,0.7212070227,-0.0253195539,1.0000000000
171,11.4120000000,left_hand,3,0.5052003264,0.7094002366,-0.0245898161,1.0000000000
172,11.4790000000,left_hand,3,0.5051720738,0.7061840892,-0.0242298581,1.0000000000
173,11.5460000000,left_hand,3,0.5071985126,0.7019737363,-0.0227162782,1.0000000000
174,11.6120000000,left_hand,3,0.5186480284,0.6920025349,-0.0231250059,1.0000000000
175,11.6790000000,left_hand,3,0.5208274722,0.6656259894,-0.0311042648,1.0000000000
176,11.7460000000,left_hand,3,0.5240408182,0.6894687414,-0.0167438388,1.0000000000
177,11.8130000000,left_hand,3,0.5273087621,0.6675807834,-0.0249485299,1.0000000000
178,11.8790000000,left_hand,3,0.5305123925,0.6899585724,-0.0255042426,1.0000000000
179,11.9460000000,left_hand,3,0.5332986116,0.6952202916,-0.0275929738,1.0000000000
75,5.0050000000,left_hand,4,0.5071747303,0.6875268221,-0.0287113246,1.0000000000
76,5.0720000000,left_hand,4,0.5070055127,0.7025811076,-0.0792746320,1.0000000000
77,5.1390000000,left_hand,4,0.5122345090,0.6688281298,-0.0539927371,1.0000000000
78,5.2060000000,left_hand,4,0.5063486099,0.6595913172,-0.0306494217,1.0000000000
79,5.2720000000,left_hand,4,0.4477843642,0.7110124826,-0.0267789699,1.0000000000
80,5.3390000000,left_hand,4,0.4507957697,0.7102682590,-0.0303373914,1.0000000000
81,5.4060000000,left_hand,4,0.4502230287,0.7092912793,-0.0336970910,1.0000000000
82,5.4720000000,left_hand,4,0.4965014160,0.7463755608,-0.0614272580,1.0000000000
83,5.5390000000,left_hand,4,0.5073749423,0.7400807142,-0.0486444160,1.0000000000
84,5.6060000000,left_hand,4,0.5013835430,0.7459865808,-0.0395580344,1.0000000000
85,5.6730000000,left_hand,4,0.5019976497,0.7331945896,-0.0358688682,1.0000000000
86,5.7390000000,left_hand,4,0.5053298473,0.7127811313,-0.0307265110,1.0000000000
87,5.8060000000,left_hand,4,0.5114803910,0.7092885971,-0.0249211490,1.0000000000
88,5.8730000000,left_hand,4,0.5156674981,0.7035988569,-0.0275543462,1.0000000000
89,5.9400000000,left_hand,4,0.5291215181,0.6789972782,-0.0256623775,1.0000000000
90,6.0060000000,left_hand,4,0.5541694164,0.6732547879,-0.0460601412,1.0000000000
91,6.0730000000,left_hand,4,0.5363965631,0.6948189139,-0.0371739194,1.0000000000
92,6.1400000000,left_hand,4,0.5411244631,0.6741405129,-0.0289562009,1.0000000000
93,6.2070000000,left_hand,4,0.5459924936,0.6652643681,-0.0293134879,1.0000000000
94,6.2730000000,left_hand,4,0.5463241339,0.6526605487,-0.0185963288,1.0000000000
95,6.3400000000,left_hand,4,0.5329452753,0.6405511498,-0.0200785603,1.0000000000
96,6.4070000000,left_hand,4,0.5286118388,0.6588725448,-0.0151139637,1.0000000000
97,6.4740000000,left_hand,4,0.5175754428,0.7246364355,-0.0226463508,1.0000000000
98,6.5400000000,left_hand,4,0.5133742094,0.7176560163,-0.0239624828,1.0000000000
99,6.6070000000,left_hand,4,0.5076311827,0.6942107677,-0.0201355536,1.0000000000
100,6.6740000000,left_hand,4,0.5002165437,0.6971186996,-0.0209339876,1.0000000000
101,6.7400000000,left_hand,4,0.4934120774,0.6856815815,-0.0226744656,1.0000000000
102,6.8070000000,left_hand,4,0.4945228696,0.6806938052,-0.0189130101,1.0000000000
103,6.8740000000,left_hand,4,0.5060382485,0.6916783452,-0.0175637510,1.0000000000
104,6.9410000000,left_hand,4,0.5103338361,0.6792553067,-0.0190703794,1.0000000000
105,7.0070000000,left_hand,4,0.5156919956,0.6851423979,-0.0274842605,1.0000000000
106,7.0740000000,left_hand,4,0.5222977400,0.6762881279,-0.0210988261,1.0000000000
107,7.1410000000,left_hand,4,0.5212036371,0.6826487780,-0.0192293208,1.0000000000
108,7.2080000000,left_hand,4,0.5158456564,0.6914601326,-0.0257693436,1.0000000000
109,7.2740000000,left_hand,4,0.5198764801,0.6791748405,-0.0218397491,1.0000000000
110,7.3410000000,left_hand,4,0.5205206275,0.6789087057,-0.0232265163,1.0000000000
111,7.4080000000,left_hand,4,0.5189448595,0.6848930717,-0.0290129986,1.0000000000
112,7.4750000000,left_hand,4,0.5175336003,0.6835491657,-0.0222341437,1.0000000000
113,7.5410000000,left_hand,4,0.5151710510,0.6902838349,-0.0199495014,1.0000000000
114,7.6080000000,left_hand,4,0.4998318255,0.6707735658,-0.0197281484,1.0000000000
115,7.6750000000,left_hand,4,0.5000771880,0.6918120980,-0.0145748192,1.0000000000
116,7.7420000000,left_hand,4,0.4987012148,0.7006517649,-0.0176129676,1.0000000000
117,7.8080000000,left_hand,4,0.5020528436,0.6998816133,-0.0206496026,1.0000000000
118,7.8750000000,left_hand,4,0.5035621524,0.6894421577,-0.0204669088,1.0000000000
119,7.9420000000,left_hand,4,0.5130276084,0.6952636242,-0.0161757115,1.0000000000
120,8.0080000000,left_hand,4,0.5183449984,0.6969752312,-0.0225957874,1.0000000000
121,8.0750000000,left_hand,4,0.5185158849,0.6975668073,-0.0292416438,1.0000000000
122,8.1420000000,left_hand,4,0.5190282464,0.7139486670,-0.0285754986,1.0000000000
123,8.2090000000,left_hand,4,0.5266042948,0.7037715912,-0.0319313928,1.0000000000
124,8.2750000000,left_hand,4,0.5264741182,0.6889508963,-0.0275465231,1.0000000000
125,8.3420000000,left_hand,4,0.5231674910,0.6790804863,-0.0345029794,1.0000000000
126,8.4090000000,left_hand,4,0.5188735723,0.6939969063,-0.0229882374,1.0000000000
127,8.4760000000,left_hand,4,0.5139209032,0.6970915794,-0.0206343550,1.0000000000
128,8.5420000000,left_hand,4,0.5105078816,0.7007184625,-0.0238193832,1.0000000000
129,8.6090000000,left_hand,4,0.5055082440,0.7033494711,-0.0196726155,1.0000000000
130,8.6760000000,left_hand,4,0.5085569620,0.7051490545,-0.0218545571,1.0000000000
131,8.7430000000,left_hand,4,0.5156078339,0.7091419697,-0.0202516019,1.0000000000
132,8.8090000000,left_hand,4,0.5206847787,0.6917211413,-0.0242788196,1.0000000000
133,8.8760000000,left_hand,4,0.5174924135,0.6888700128,-0.0290742591,1.0000000000
134,8.9430000000,left_hand,4,0.5227006674,0.7025129795,-0.0337922722,1.0000000000
135,9.0100000000,left_hand,4,0.5318788886,0.6902989149,-0.0348226056,1.0000000000
136,9.0760000000,left_hand,4,0.5270854831,0.6786209345,-0.0301704314,1.0000000000
137,9.1430000000,left_hand,4,0.5166040659,0.6590050459,-0.0258243401,1.0000000000
138,9.2100000000,left_hand,4,0.5243729949,0.6911146641,-0.0204503071,1.0000000000
139,9.2770000000,left_hand,4,0.5173976421,0.7035305500,-0.0199373085,1.0000000000
140,9.3430000000,left_hand,4,0.5115846395,0.7015481591,-0.0203083120,1.0000000000
141,9.4100000000,left_hand,4,0.5072355270,0.7088749409,-0.0203622784,1.0000000000
142,9.4770000000,left_hand,4,0.5104855299,0.7178517580,-0.0242147688,1.0000000000
143,9.5430000000,left_hand,4,0.5125018358,0.7137334347,-0.0187509526,1.0000000000
144,9.6100000000,left_hand,4,0.5105448961,0.7115536928,-0.0228073839,1.0000000000
145,9.6770000000,left_hand,4,0.5082071424,0.7041627765,-0.0180609990,1.0000000000
146,9.7440000000,left_hand,4,0.5179576874,0.6998373866,-0.0230652299,1.0000000000
147,9.8100000000,left_hand,4,0.5246408582,0.6900414228,-0.0251384433,1.0000000000
148,9.8770000000,left_hand,4,0.5224754810,0.7156542540,-0.0289001372,1.0000000000
149,9.9440000000,left_hand,4,0.5240337849,0.6969186068,-0.0341151915,1.0000000000
150,10.0110000000,left_hand,4,0.5305083990,0.6895208955,-0.0245238952,1.0000000000
151,10.0770000000,left_hand,4,0.5255044103,0.6723284125,-0.0298599936,1.0000000000
152,10.1440000000,left_hand,4,0.5175963640,0.6902734637,-0.0262836255,1.0000000000
153,10.2110000000,left_hand,4,0.5166531205,0.7161270380,-0.0188478660,1.0000000000
154,10.2780000000,left_hand,4,0.5111517906,0.7040239573,-0.0235927049,1.0000000000
155,10.3440000000,left_hand,4,0.5071501136,0.6950685978,-0.0146684339,1.0000000000
156,10.4110000000,left_hand,4,0.4903571904,0.6834438443,-0.0122644966,1.0000000000
157,10.4780000000,left_hand,4,0.4917887449,0.7068669796,-0.0173679385,1.0000000000
158,10.5450000000,left_hand,4,0.4956435263,0.7339042425,-0.0242201015,1.0000000000
159,10.6110000000,left_hand,4,0.4954568148,0.7503753901,-0.0214212630,1.0000000000
160,10.6780000000,left_hand,4,0.5037436485,0.7433245778,-0.0268649776,1.0000000000
161,10.7450000000,left_hand,4,0.5063975453,0.7364400625,-0.0398176797,1.0000000000
162,10.8110000000,left_hand,4,0.5109055042,0.7268076539,-0.0323703736,1.0000000000
163,10.8780000000,left_hand,4,0.5139889717,0.7154407501,-0.0316143259,1.0000000000
164,10.9450000000,left_hand,4,0.5186654329,0.7116222978,-0.0406164117,1.0000000000
165,11.0120000000,left_hand,4,0.5138875842,0.7122511864,-0.0385186672,1.0000000000
166,11.0780000000,left_hand,4,0.5121716857,0.7119864821,-0.0279362202,1.0000000000
167,11.1450000000,left_hand,4,0.5074151754,0.7308858037,-0.0509394147,1.0000000000
168,11.2120000000,left_hand,4,0.5029417276,0.7393692732,-0.0489926897,1.0000000000
169,11.2790000000,left_hand,4,0.5009090304,0.7356916666,-0.0353460759,1.0000000000
170,11.3450000000,left_hand,4,0.4988037944,0.7467491031,-0.0338052064,1.0000000000
171,11.4120000000,left_hand,4,0.4975438416,0.7286190987,-0.0333193280,1.0000000000
172,11.4790000000,left_hand,4,0.4999606907,0.7251662612,-0.0334485285,1.0000000000
173,11.5460000000,left_hand,4,0.5025267601,0.7243834138,-0.0312936753,1.0000000000
174,11.6120000000,left_hand,4,0.5133019090,0.7126941085,-0.0316905752,1.0000000000
175,11.6790000000,left_hand,4,0.5091249347,0.6878269911,-0.0439722948,1.0000000000
176,11.7460000000,left_hand,4,0.5193466544,0.7298888564,-0.0258354004,1.0000000000
177,11.8130000000,left_hand,4,0.5252259374,0.7040623426,-0.0371503085,1.0000000000
178,11.8790000000,left_hand,4,0.5206084251,0.7155041695,-0.0349966213,1.0000000000
179,11.9460000000,left_hand,4,0.5249984264,0.7235155702,-0.0375310965,1.0000000000
75,5.0050000000,left_hand,5,0.5106483698,0.5953340530,-0.0246607978,1.0000000000
76,5.0720000000,left_hand,5,0.5032067895,0.5596941710,-0.0544003397,1.0000000000
77,5.1390000000,left_hand,5,0.5175811052,0.5627722740,-0.0590016618,1.0000000000
78,5.2060000000,left_hand,5,0.5020470619,0.5728098750,-0.0238610525,1.0000000000
79,5.2720000000,left_hand,5,0.3872050345,0.6849056482,-0.0337447189,1.0000000000
80,5.3390000000,left_hand,5,0.3898906708,0.6772924662,-0.0407260247,1.0000000000
81,5.4060000000,left_hand,5,0.3868113458,0.6766471863,-0.0433471091,1.0000000000
82,5.4720000000,left_hand,5,0.5011176467,0.5970019698,-0.0306129176,1.0000000000
83,5.5390000000,left_hand,5,0.5018020868,0.6060452461,-0.0258493721,1.0000000000
84,5.6060000000,left_hand,5,0.4940359592,0.6319499016,-0.0292681642,1.0000000000
85,5.6730000000,left_hand,5,0.4935334027,0.6261654496,-0.0292740110,1.0000000000
86,5.7390000000,left_hand,5,0.4991405904,0.6281195879,-0.0274044182,1.0000000000
87,5.8060000000,left_hand,5,0.5055348873,0.6217681766,-0.0252318028,1.0000000000
88,5.8730000000,left_hand,5,0.5152910948,0.6098614335,-0.0288394950,1.0000000000
89,5.9400000000,left_hand,5,0.5202532411,0.5967485309,-0.0280274116,1.0000000000
90,6.0060000000,left_hand,5,0.5547854304,0.5447941422,-0.0245778318,1.0000000000
91,6.0730000000,left_hand,5,0.5473367572,0.5630049706,-0.0298540536,1.0000000000
92,6.1400000000,left_hand,5,0.5394927263,0.5719596148,-0.0260183625,1.0000000000
93,6.2070000000,left_hand,5,0.5392458439,0.5741778016,-0.0237312727,1.0000000000
94,6.2730000000,left_hand,5,0.5375571251,0.5710566044,-0.0191807263,1.0000000000
95,6.3400000000,left_hand,5,0.5337496400,0.5830090642,-0.0190239772,1.0000000000
96,6.4070000000,left_hand,5,0.5250337720,0.5896793008,-0.0163369440,1.0000000000
97,6.4740000000,left_hand,5,0.5109755397,0.6088120937,-0.0223442763,1.0000000000
98,6.5400000000,left_hand,5,0.5027382374,0.6160295010,-0.0200194959,1.0000000000
99,6.6070000000,left_hand,5,0.4990988970,0.6212553978,-0.0167909022,1.0000000000
100,6.6740000000,left_hand,5,0.4974669218,0.6297857761,-0.0185946524,1.0000000000
101,6.7400000000,left_hand,5,0.4953363538,0.6264616251,-0.0207629092,1.0000000000
102,6.8070000000,left_hand,5,0.4961693883,0.6302224398,-0.0143029913,1.0000000000
103,6.8740000000,left_hand,5,0.4971661270,0.6222191453,-0.0157340765,1.0000000000
104,6.9410000000,left_hand,5,0.4979739785,0.6121399999,-0.0156626999,1.0000000000
105,7.0070000000,left_hand,5,0.5019658804,0.5981082916,-0.0207537916,1.0000000000
106,7.0740000000,left_hand,5,0.5092821121,0.5917469859,-0.0178220775,1.0000000000
107,7.1410000000,left_hand,5,0.5133572817,0.5902384520,-0.0187562071,1.0000000000
108,7.2080000000,left_hand,5,0.5150012374,0.5908744335,-0.0240772478,1.0000000000
109,7.2740000000,left_hand,5,0.5169513822,0.5896852612,-0.0217448100,1.0000000000
110,7.3410000000,left_hand,5,0.5160678029,0.5900866985,-0.0238007959,1.0000000000
111,7.4080000000,left_hand,5,0.5119687915,0.5917052627,-0.0239846129,1.0000000000
112,7.4750000000,left_hand,5,0.5091297626,0.6059008241,-0.0209344178,1.0000000000
113,7.5410000000,left_hand,5,0.5039603710,0.6169030666,-0.0191139597,1.0000000000
114,7.6080000000,left_hand,5,0.5051056147,0.6228966117,-0.0200536568,1.0000000000
115,7.6750000000,left_hand,5,0.5061295629,0.6317763329,-0.0212793928,1.0000000000
116,7.7420000000,left_hand,5,0.5045759082,0.6326020360,-0.0219323412,1.0000000000
117,7.8080000000,left_hand,5,0.5041466355,0.6351684928,-0.0221449584,1.0000000000
118,7.8750000000,left_hand,5,0.5100127459,0.6286365986,-0.0227181446,1.0000000000
119,7.9420000000,left_hand,5,0.5088973045,0.6183152199,-0.0211417228,1.0000000000
120,8.0080000000,left_hand,5,0.5095201731,0.6090366840,-0.0216965340,1.0000000000
121,8.0750000000,left_hand,5,0.5157466531,0.5992684364,-0.0284911115,1.0000000000
122,8.1420000000,left_hand,5,0.5198950768,0.5998972654,-0.0253721625,1.0000000000
123,8.2090000000,left_hand,5,0.5194692016,0.5966025591,-0.0246009175,1.0000000000
124,8.2750000000,left_hand,5,0.5206452012,0.5938927531,-0.0227618217,1.0000000000
125,8.3420000000,left_hand,5,0.5156517029,0.5932462811,-0.0256630909,1.0000000000
126,8.4090000000,left_hand,5,0.5097250342,0.6073046327,-0.0185411107,1.0000000000
127,8.4760000000,left_hand,5,0.5046213865,0.6152058244,-0.0221388638,1.0000000000
128,8.5420000000,left_hand,5,0.5029067397,0.6280200481,-0.0189341586,1.0000000000
129,8.6090000000,left_hand,5,0.5042526126,0.6295324564,-0.0209261328,1.0000000000
130,8.6760000000,left_hand,5,0.5042301416,0.6281049848,-0.0233023334,1.0000000000
131,8.7430000000,left_hand,5,0.5078064203,0.6247619390,-0.0222281367,1.0000000000
132,8.8090000000,left_hand,5,0.5129859447,0.6076784134,-0.0255314428,1.0000000000
133,8.8760000000,left_hand,5,0.5199374557,0.5995356441,-0.0242815558,1.0000000000
134,8.9430000000,left_hand,5,0.5202341676,0.5953317881,-0.0292430315,1.0000000000
135,9.0100000000,left_hand,5,0.5209097266,0.5853896737,-0.0255370550,1.0000000000
136,9.0760000000,left_hand,5,0.5222273469,0.5878109932,-0.0232064500,1.0000000000
137,9.1430000000,left_hand,5,0.5223523378,0.5931788683,-0.0222463589,1.0000000000
138,9.2100000000,left_hand,5,0.5179458857,0.6071827412,-0.0184693914,1.0000000000
139,9.2770000000,left_hand,5,0.5134803653,0.6173767447,-0.0225866325,1.0000000000
140,9.3430000000,left_hand,5,0.5081273317,0.6251578331,-0.0222509019,1.0000000000
141,9.4100000000,left_hand,5,0.5050505996,0.6316027641,-0.0234246962,1.0000000000
142,9.4770000000,left_hand,5,0.5037091374,0.6364967227,-0.0273974091,1.0000000000
143,9.5430000000,left_hand,5,0.5077902079,0.6366163492,-0.0234084316,1.0000000000
144,9.6100000000,left_hand,5,0.5068725348,0.6289206743,-0.0231346451,1.0000000000
145,9.6770000000,left_hand,5,0.5081181526,0.6288134456,-0.0208946280,1.0000000000
146,9.7440000000,left_hand,5,0.5115068555,0.6137742400,-0.0230453480,1.0000000000
147,9.8100000000,left_hand,5,0.5164439678,0.6008356810,-0.0216758531,1.0000000000
148,9.8770000000,left_hand,5,0.5181047916,0.5965005755,-0.0237328410,1.0000000000
149,9.9440000000,left_hand,5,0.5209417939,0.5914091468,-0.0245567840,1.0000000000
150,10.0110000000,left_hand,5,0.5200687051,0.5865133405,-0.0178370606,1.0000000000
151,10.0770000000,left_hand,5,0.5212197900,0.5880996585,-0.0238960106,1.0000000000
152,10.1440000000,left_hand,5,0.5124350786,0.5989625454,-0.0239778440,1.0000000000
153,10.2110000000,left_hand,5,0.5080016851,0.6140919924,-0.0210360996,1.0000000000
154,10.2780000000,left_hand,5,0.5023907423,0.6226201653,-0.0268528908,1.0000000000
155,10.3440000000,left_hand,5,0.5051577687,0.6357928514,-0.0168933049,1.0000000000
156,10.4110000000,left_hand,5,0.5025385022,0.6503055692,-0.0131984456,1.0000000000
157,10.4780000000,left_hand,5,0.4977213442,0.6520330906,-0.0217091125,1.0000000000
158,10.5450000000,left_hand,5,0.4993677437,0.6463205218,-0.0235647783,1.0000000000
159,10.6110000000,left_hand,5,0.5024490952,0.6490551829,-0.0198757946,1.0000000000
160,10.6780000000,left_hand,5,0.5094683766,0.6385247707,-0.0191840231,1.0000000000
161,10.7450000000,left_hand,5,0.5153637528,0.6362396479,-0.0339832269,1.0000000000
162,10.8110000000,left_hand,5,0.5177240968,0.6237202287,-0.0240793824,1.0000000000
163,10.8780000000,left_hand,5,0.5186204314,0.6017225981,-0.0171291623,1.0000000000
164,10.9450000000,left_hand,5,0.5186234713,0.5960406661,-0.0243769884,1.0000000000
165,11.0120000000,left_hand,5,0.5143500566,0.6049671769,-0.0233723875,1.0000000000
166,11.0780000000,left_hand,5,0.5154296160,0.6067446470,-0.0182979517,1.0000000000
167,11.1450000000,left_hand,5,0.5063870549,0.6147832274,-0.0353097841,1.0000000000
168,11.2120000000,left_hand,5,0.5053866506,0.6323404908,-0.0301996917,1.0000000000
169,11.2790000000,left_hand,5,0.5042528510,0.6366760135,-0.0203589909,1.0000000000
170,11.3450000000,left_hand,5,0.5066672564,0.6388490796,-0.0227355454,1.0000000000
171,11.4120000000,left_hand,5,0.5036142468,0.6476259232,-0.0251769442,1.0000000000
172,11.4790000000,left_hand,5,0.5022939444,0.6481356621,-0.0268668979,1.0000000000
173,11.5460000000,left_hand,5,0.5097645521,0.6436989307,-0.0254983623,1.0000000000
174,11.6120000000,left_hand,5,0.5156620145,0.6349848509,-0.0237507168,1.0000000000
175,11.6790000000,left_hand,5,0.5145829320,0.5898070335,-0.0248790011,1.0000000000
176,11.7460000000,left_hand,5,0.5139183998,0.6043815017,-0.0143673671,1.0000000000
177,11.8130000000,left_hand,5,0.5221682787,0.5922446251,-0.0286029950,1.0000000000
178,11.8790000000,left_hand,5,0.5253379345,0.6017380357,-0.0268191490,1.0000000000
179,11.9460000000,left_hand,5,0.5313699245,0.6013595462,-0.0249729101,1.0000000000
75,5.0050000000,left_hand,6,0.5012115240,0.6411588788,-0.0388317369,1.0000000000
76,5.0720000000,left_hand,6,0.5072731972,0.5960727930,-0.0761857703,1.0000000000
77,5.1390000000,left_hand,6,0.5197071433,0.6160581708,-0.0789323524,1.0000000000
78,5.2060000000,left_hand,6,0.5109853745,0.6345657706,-0.0342578813,1.0000000000
79,5.2720000000,left_hand,6,0.4138633609,0.7428433299,-0.0523486510,1.0000000000
80,5.3390000000,left_hand,6,0.4161720276,0.7395218611,-0.0616722740,1.0000000000
81,5.4060000000,left_hand,6,0.4153385758,0.7370920777,-0.0643703043,1.0000000000
82,5.4720000000,left_hand,6,0.4978640079,0.6309059858,-0.0515121743,1.0000000000
83,5.5390000000,left_hand,6,0.4960326254,0.6535410881,-0.0462635309,1.0000000000
84,5.6060000000,left_hand,6,0.4896450639,0.6989707947,-0.0466351733,1.0000000000
85,5.6730000000,left_hand,6,0.4934759140,0.6923785806,-0.0415685587,1.0000000000
86,5.7390000000,left_hand,6,0.4968615472,0.6778129339,-0.0397611074,1.0000000000
87,5.8060000000,left_hand,6,0.5027368069,0.6795356274,-0.0341595039,1.0000000000
88,5.8730000000,left_hand,6,0.5102183819,0.6703908443,-0.0421864055,1.0000000000
89,5.9400000000,left_hand,6,0.5198581219,0.6518296003,-0.0377104133,1.0000000000
90,6.0060000000,left_hand,6,0.5286846161,0.5985875726,-0.0430188105,1.0000000000
91,6.0730000000,left_hand,6,0.5330232978,0.6306123734,-0.0461178720,1.0000000000
92,6.1400000000,left_hand,6,0.5328760743,0.6602637768,-0.0377460979,1.0000000000
93,6.2070000000,left_hand,6,0.5328972936,0.6610171199,-0.0362206548,1.0000000000
94,6.2730000000,left_hand,6,0.5309654474,0.6489961743,-0.0296034534,1.0000000000
95,6.3400000000,left_hand,6,0.5263115168,0.6624030471,-0.0310289953,1.0000000000
96,6.4070000000,left_hand,6,0.5230980515,0.6697595716,-0.0255848207,1.0000000000
97,6.4740000000,left_hand,6,0.5090692043,0.6893613935,-0.0309432466,1.0000000000
98,6.5400000000,left_hand,6,0.5016553998,0.6974209547,-0.0303928144,1.0000000000
99,6.6070000000,left_hand,6,0.4946038127,0.6978918314,-0.0281002857,1.0000000000
100,6.6740000000,left_hand,6,0.4918221831,0.7054622769,-0.0298267622,1.0000000000
101,6.7400000000,left_hand,6,0.4893552661,0.7081965804,-0.0324258879,1.0000000000
102,6.8070000000,left_hand,6,0.4912065268,0.7062304020,-0.0252592936,1.0000000000
103,6.8740000000,left_hand,6,0.4927994311,0.7005059719,-0.0265293028,1.0000000000
104,6.9410000000,left_hand,6,0.4970656633,0.6954884529,-0.0267553423,1.0000000000
105,7.0070000000,left_hand,6,0.5006946325,0.6802635789,-0.0335683040,1.0000000000
106,7.0740000000,left_hand,6,0.5058782697,0.6695733666,-0.0295018349,1.0000000000
107,7.1410000000,left_hand,6,0.5097251534,0.6661651134,-0.0296888668,1.0000000000
108,7.2080000000,left_hand,6,0.5126589537,0.6648873091,-0.0351492688,1.0000000000
109,7.2740000000,left_hand,6,0.5120506287,0.6664062738,-0.0329898484,1.0000000000
110,7.3410000000,left_hand,6,0.5112916231,0.6656458378,-0.0353590287,1.0000000000
111,7.4080000000,left_hand,6,0.5091444254,0.6710953712,-0.0366940498,1.0000000000
112,7.4750000000,left_hand,6,0.5059947371,0.6835849285,-0.0320575684,1.0000000000
113,7.5410000000,left_hand,6,0.5049225688,0.6951322556,-0.0295243151,1.0000000000
114,7.6080000000,left_hand,6,0.5054202080,0.7019209266,-0.0322251245,1.0000000000
115,7.6750000000,left_hand,6,0.5081033707,0.7166164517,-0.0315062255,1.0000000000
116,7.7420000000,left_hand,6,0.4990677834,0.7055242658,-0.0323970802,1.0000000000
117,7.8080000000,left_hand,6,0.4990396202,0.7106828690,-0.0339328907,1.0000000000
118,7.8750000000,left_hand,6,0.5089292526,0.7051953673,-0.0349674225,1.0000000000
119,7.9420000000,left_hand,6,0.5061613321,0.6927120686,-0.0315493792,1.0000000000
120,8.0080000000,left_hand,6,0.5088592172,0.6875543594,-0.0332975984,1.0000000000
121,8.0750000000,left_hand,6,0.5135748386,0.6749069691,-0.0435229503,1.0000000000
122,8.1420000000,left_hand,6,0.5186154246,0.6743022799,-0.0385034122,1.0000000000
123,8.2090000000,left_hand,6,0.5188280344,0.6710255146,-0.0361072682,1.0000000000
124,8.2750000000,left_hand,6,0.5193783045,0.6713643670,-0.0346740335,1.0000000000
125,8.3420000000,left_hand,6,0.5148572326,0.6720480323,-0.0374120846,1.0000000000
126,8.4090000000,left_hand,6,0.5103583932,0.6835463047,-0.0285107289,1.0000000000
127,8.4760000000,left_hand,6,0.5052368641,0.6948626637,-0.0312818810,1.0000000000
128,8.5420000000,left_hand,6,0.5008798838,0.7021871805,-0.0304905567,1.0000000000
129,8.6090000000,left_hand,6,0.4984969497,0.7059128284,-0.0316284411,1.0000000000
130,8.6760000000,left_hand,6,0.4994294345,0.7078937292,-0.0342469849,1.0000000000
131,8.7430000000,left_hand,6,0.5053726435,0.6945335269,-0.0326814428,1.0000000000
132,8.8090000000,left_hand,6,0.5105729699,0.6847276688,-0.0366519205,1.0000000000
133,8.8760000000,left_hand,6,0.5179272890,0.6757655740,-0.0381905437,1.0000000000
134,8.9430000000,left_hand,6,0.5217424631,0.6729606986,-0.0438493975,1.0000000000
135,9.0100000000,left_hand,6,0.5211052895,0.6624001861,-0.0381857529,1.0000000000
136,9.0760000000,left_hand,6,0.5216624737,0.6641017199,-0.0359930769,1.0000000000
137,9.1430000000,left_hand,6,0.5203938484,0.6698269844,-0.0342614092,1.0000000000
138,9.2100000000,left_hand,6,0.5180374384,0.6834943891,-0.0296248551,1.0000000000
139,9.2770000000,left_hand,6,0.5140841007,0.6955587268,-0.0330834053,1.0000000000
140,9.3430000000,left_hand,6,0.5081751943,0.7002797127,-0.0328704156,1.0000000000
141,9.4100000000,left_hand,6,0.5048884153,0.7105982304,-0.0340023078,1.0000000000
142,9.4770000000,left_hand,6,0.5016487241,0.7175741196,-0.0387481488,1.0000000000
143,9.5430000000,left_hand,6,0.5038244128,0.7154993415,-0.0343469828,1.0000000000
144,9.6100000000,left_hand,6,0.5041437149,0.7090985179,-0.0345642045,1.0000000000
145,9.6770000000,left_hand,6,0.5083316565,0.7056149244,-0.0311307050,1.0000000000
146,9.7440000000,left_hand,6,0.5107214451,0.6880986094,-0.0339709632,1.0000000000
147,9.8100000000,left_hand,6,0.5164170265,0.6752514839,-0.0345799848,1.0000000000
148,9.8770000000,left_hand,6,0.5202838182,0.6685024500,-0.0373181514,1.0000000000
149,9.9440000000,left_hand,6,0.5228076577,0.6652593017,-0.0376289077,1.0000000000
150,10.0110000000,left_hand,6,0.5205885172,0.6615212560,-0.0272715669,1.0000000000
151,10.0770000000,left_hand,6,0.5214088559,0.6642080545,-0.0370410345,1.0000000000
152,10.1440000000,left_hand,6,0.5214614868,0.6812599897,-0.0354135633,1.0000000000
153,10.2110000000,left_hand,6,0.5150986314,0.6922137737,-0.0303976256,1.0000000000
154,10.2780000000,left_hand,6,0.5098677278,0.7095481753,-0.0368705690,1.0000000000
155,10.3440000000,left_hand,6,0.5040947199,0.7059702277,-0.0267930534,1.0000000000
156,10.4110000000,left_hand,6,0.5025386214,0.7214150429,-0.0225358307,1.0000000000
157,10.4780000000,left_hand,6,0.4981737733,0.7284296155,-0.0308594815,1.0000000000
158,10.5450000000,left_hand,6,0.4958955050,0.7228637934,-0.0356764905,1.0000000000
159,10.6110000000,left_hand,6,0.4967315793,0.7073088884,-0.0310436338,1.0000000000
160,10.6780000000,left_hand,6,0.5023945570,0.6999047995,-0.0331390090,1.0000000000
161,10.7450000000,left_hand,6,0.5076032877,0.6690909863,-0.0540099554,1.0000000000
162,10.8110000000,left_hand,6,0.5124981999,0.6637105942,-0.0384538062,1.0000000000
163,10.8780000000,left_hand,6,0.5147487521,0.6629514694,-0.0318002366,1.0000000000
164,10.9450000000,left_hand,6,0.5150126219,0.6580808759,-0.0413057804,1.0000000000
165,11.0120000000,left_hand,6,0.5108474493,0.6646227837,-0.0400507376,1.0000000000
166,11.0780000000,left_hand,6,0.5077442527,0.6468600035,-0.0296374969,1.0000000000
167,11.1450000000,left_hand,6,0.5080503821,0.6568070650,-0.0545510165,1.0000000000
168,11.2120000000,left_hand,6,0.5017333627,0.6619373560,-0.0491967537,1.0000000000
169,11.2790000000,left_hand,6,0.4983105361,0.6734046340,-0.0343350545,1.0000000000
170,11.3450000000,left_hand,6,0.4986438453,0.6923721433,-0.0347353183,1.0000000000
171,11.4120000000,left_hand,6,0.4968376160,0.6829287410,-0.0395150408,1.0000000000
172,11.4790000000,left_hand,6,0.4973810613,0.6904977560,-0.0422305614,1.0000000000
173,11.5460000000,left_hand,6,0.5045808554,0.6842603087,-0.0404770449,1.0000000000
174,11.6120000000,left_hand,6,0.5085172653,0.6768407822,-0.0376874879,1.0000000000
175,11.6790000000,left_hand,6,0.4954418540,0.6298130751,-0.0480588712,1.0000000000
176,11.7460000000,left_hand,6,0.5125204325,0.6768581867,-0.0213983748,1.0000000000
177,11.8130000000,left_hand,6,0.5209991336,0.6681956053,-0.0418963209,1.0000000000
178,11.8790000000,left_hand,6,0.5239006281,0.6680514216,-0.0401164256,1.0000000000
179,11.9460000000,left_hand,6,0.5272374153,0.6658227444,-0.0406100005,1.0000000000
75,5.0050000000,left_hand,7,0.5003286600,0.6790888309,-0.0469149984,1.0000000000
76,5.0720000000,left_hand,7,0.5114815831,0.6385418177,-0.0882447585,1.0000000000
77,5.1390000000,left_hand,7,0.5173808336,0.6518856883,-0.0861462578,1.0000000000
78,5.2060000000,left_hand,7,0.5136117339,0.6692939401,-0.0412162207,1.0000000000
79,5.2720000000,left_hand,7,0.4250944257,0.7833240628,-0.0617381930,1.0000000000
80,5.3390000000,left_hand,7,0.4282408357,0.7821353674,-0.0712873787,1.0000000000
81,5.4060000000,left_hand,7,0.4279396832,0.7790660858,-0.0736217424,1.0000000000
82,5.4720000000,left_hand,7,0.5024299622,0.6834083200,-0.0678697228,1.0000000000
83,5.5390000000,left_hand,7,0.5025066733,0.7031509876,-0.0596516319,1.0000000000
84,5.6060000000,left_hand,7,0.4932659864,0.7453151345,-0.0553451069,1.0000000000
85,5.6730000000,left_hand,7,0.4946031570,0.7338244319,-0.0475281999,1.0000000000
86,5.7390000000,left_hand,7,0.4986013472,0.7112247944,-0.0468185842,1.0000000000
87,5.8060000000,left_hand,7,0.5030796528,0.7135095596,-0.0371536762,1.0000000000
88,5.8730000000,left_hand,7,0.5084474087,0.7076321244,-0.0492760912,1.0000000000
89,5.9400000000,left_hand,7,0.5249183774,0.6776263714,-0.0406485684,1.0000000000
90,6.0060000000,left_hand,7,0.5264815092,0.6478518844,-0.0555236116,1.0000000000
91,6.0730000000,left_hand,7,0.5328884721,0.6745027304,-0.0547624342,1.0000000000
92,6.1400000000,left_hand,7,0.5303536654,0.7072721124,-0.0430729501,1.0000000000
93,6.2070000000,left_hand,7,0.5268086791,0.7060428262,-0.0430674441,1.0000000000
94,6.2730000000,left_hand,7,0.5302528143,0.6896942854,-0.0352379680,1.0000000000
95,6.3400000000,left_hand,7,0.5232033134,0.7058951855,-0.0376202352,1.0000000000
96,6.4070000000,left_hand,7,0.5298772454,0.6756824851,-0.0289694015,1.0000000000
97,6.4740000000,left_hand,7,0.5136824250,0.7197240591,-0.0327198543,1.0000000000
98,6.5400000000,left_hand,7,0.5024651289,0.7370414138,-0.0346286520,1.0000000000
99,6.6070000000,left_hand,7,0.4952904880,0.7411170602,-0.0353157632,1.0000000000
100,6.6740000000,left_hand,7,0.4923368096,0.7476034760,-0.0367150828,1.0000000000
101,6.7400000000,left_hand,7,0.4890487790,0.7537600398,-0.0390004143,1.0000000000
102,6.8070000000,left_hand,7,0.4911285937,0.7477977276,-0.0323987640,1.0000000000
103,6.8740000000,left_hand,7,0.4924773872,0.7425293326,-0.0331990272,1.0000000000
104,6.9410000000,left_hand,7,0.4963591695,0.7351081967,-0.0336760171,1.0000000000
105,7.0070000000,left_hand,7,0.5003381968,0.7239540815,-0.0414055511,1.0000000000
106,7.0740000000,left_hand,7,0.5038161874,0.7125969529,-0.0364759639,1.0000000000
107,7.1410000000,left_hand,7,0.5086057186,0.7087656856,-0.0354361981,1.0000000000
108,7.2080000000,left_hand,7,0.5119651556,0.7037904859,-0.0394039229,1.0000000000
109,7.2740000000,left_hand,7,0.5100846887,0.7067970634,-0.0381341167,1.0000000000
110,7.3410000000,left_hand,7,0.5092049241,0.7077066302,-0.0407925025,1.0000000000
111,7.4080000000,left_hand,7,0.5075640678,0.7140470743,-0.0432228707,1.0000000000
112,7.4750000000,left_hand,7,0.5056381226,0.7249317765,-0.0373436809,1.0000000000
113,7.5410000000,left_hand,7,0.5062426925,0.7316246033,-0.0351010785,1.0000000000
114,7.6080000000,left_hand,7,0.5098240972,0.7288179994,-0.0376901552,1.0000000000
115,7.6750000000,left_hand,7,0.5129367709,0.7164139748,-0.0335438289,1.0000000000
116,7.7420000000,left_hand,7,0.5006533861,0.7448548079,-0.0371458083,1.0000000000
117,7.8080000000,left_hand,7,0.4991298318,0.7506338358,-0.0395211205,1.0000000000
118,7.8750000000,left_hand,7,0.5124135017,0.7323721647,-0.0408374704,1.0000000000
119,7.9420000000,left_hand,7,0.5094111562,0.7284784317,-0.0357765183,1.0000000000
120,8.0080000000,left_hand,7,0.5085045695,0.7256946564,-0.0391636305,1.0000000000
121,8.0750000000,left_hand,7,0.5146061182,0.7108222246,-0.0519071929,1.0000000000
122,8.1420000000,left_hand,7,0.5181607604,0.7131447196,-0.0447345935,1.0000000000
123,8.2090000000,left_hand,7,0.5180751085,0.7091447115,-0.0404671431,1.0000000000
124,8.2750000000,left_hand,7,0.5188182592,0.7122862935,-0.0407153182,1.0000000000
125,8.3420000000,left_hand,7,0.5134532452,0.7134616971,-0.0426646024,1.0000000000
126,8.4090000000,left_hand,7,0.5108282566,0.7244297862,-0.0331284888,1.0000000000
127,8.4760000000,left_hand,7,0.5074386001,0.7274794579,-0.0342078172,1.0000000000
128,8.5420000000,left_hand,7,0.5016590953,0.7414242029,-0.0377845727,1.0000000000
129,8.6090000000,left_hand,7,0.4991626143,0.7458582520,-0.0373611115,1.0000000000
130,8.6760000000,left_hand,7,0.5010560751,0.7478722334,-0.0391349122,1.0000000000
131,8.7430000000,left_hand,7,0.5078361034,0.7290287018,-0.0355530530,1.0000000000
132,8.8090000000,left_hand,7,0.5113695860,0.7258889675,-0.0412550233,1.0000000000
133,8.8760000000,left_hand,7,0.5172400475,0.7124655247,-0.0455270819,1.0000000000
134,8.9430000000,left_hand,7,0.5256134868,0.6975868940,-0.0500309728,1.0000000000
135,9.0100000000,left_hand,7,0.5208594203,0.6999976635,-0.0442784578,1.0000000000
136,9.0760000000,left_hand,7,0.5209475160,0.7021701932,-0.0422793962,1.0000000000
137,9.1430000000,left_hand,7,0.5188635588,0.7103737593,-0.0393381454,1.0000000000
138,9.2100000000,left_hand,7,0.5175110102,0.7231526375,-0.0348916426,1.0000000000
139,9.2770000000,left_hand,7,0.5158814192,0.7319445610,-0.0372642316,1.0000000000
140,9.3430000000,left_hand,7,0.5113627315,0.7392623425,-0.0374231115,1.0000000000
141,9.4100000000,left_hand,7,0.5094280839,0.7471793294,-0.0380536243,1.0000000000
142,9.4770000000,left_hand,7,0.5039435029,0.7564046979,-0.0432857312,1.0000000000
143,9.5430000000,left_hand,7,0.5044769049,0.7579880357,-0.0396602042,1.0000000000
144,9.6100000000,left_hand,7,0.5051984787,0.7523040771,-0.0404042527,1.0000000000
145,9.6770000000,left_hand,7,0.5111799836,0.7419950366,-0.0350362733,1.0000000000
146,9.7440000000,left_hand,7,0.5113158822,0.7266916633,-0.0385980643,1.0000000000
147,9.8100000000,left_hand,7,0.5159015656,0.7139244676,-0.0417218767,1.0000000000
148,9.8770000000,left_hand,7,0.5224522948,0.7034555674,-0.0445079319,1.0000000000
149,9.9440000000,left_hand,7,0.5251687169,0.6985205412,-0.0439871214,1.0000000000
150,10.0110000000,left_hand,7,0.5214606524,0.7003042698,-0.0318992026,1.0000000000
151,10.0770000000,left_hand,7,0.5208095908,0.7037751079,-0.0434903987,1.0000000000
152,10.1440000000,left_hand,7,0.5312368274,0.6849082708,-0.0377658643,1.0000000000
153,10.2110000000,left_hand,7,0.5281327963,0.6957238913,-0.0311873686,1.0000000000
154,10.2780000000,left_hand,7,0.5159485936,0.7134441137,-0.0374325924,1.0000000000
155,10.3440000000,left_hand,7,0.5090261698,0.7259454727,-0.0308718011,1.0000000000
156,10.4110000000,left_hand,7,0.5090211034,0.7250868082,-0.0269681122,1.0000000000
157,10.4780000000,left_hand,7,0.5066661835,0.7347868085,-0.0330424272,1.0000000000
158,10.5450000000,left_hand,7,0.4956258535,0.7594436407,-0.0409864672,1.0000000000
159,10.6110000000,left_hand,7,0.4992981553,0.7431308031,-0.0375854596,1.0000000000
160,10.6780000000,left_hand,7,0.5022083521,0.7350992560,-0.0417969637,1.0000000000
161,10.7450000000,left_hand,7,0.5069612265,0.7059361935,-0.0655084401,1.0000000000
162,10.8110000000,left_hand,7,0.5125227571,0.6945471168,-0.0479300432,1.0000000000
163,10.8780000000,left_hand,7,0.5146524310,0.7010274529,-0.0428804904,1.0000000000
164,10.9450000000,left_hand,7,0.5152045488,0.6996101737,-0.0525704734,1.0000000000
165,11.0120000000,left_hand,7,0.5103771091,0.7064870000,-0.0523876399,1.0000000000
166,11.0780000000,left_hand,7,0.5082004666,0.6822193265,-0.0376379602,1.0000000000
167,11.1450000000,left_hand,7,0.5108572245,0.6918995380,-0.0671022981,1.0000000000
168,11.2120000000,left_hand,7,0.5043834448,0.7007885575,-0.0621950775,1.0000000000
169,11.2790000000,left_hand,7,0.5015373826,0.7103947997,-0.0425383300,1.0000000000
170,11.3450000000,left_hand,7,0.4983430505,0.7265902162,-0.0423676968,1.0000000000
171,11.4120000000,left_hand,7,0.4992738664,0.7100679874,-0.0476754606,1.0000000000
172,11.4790000000,left_hand,7,0.4979092777,0.7187081575,-0.0521013625,1.0000000000
173,11.5460000000,left_hand,7,0.5031875372,0.7123133540,-0.0502647758,1.0000000000
174,11.6120000000,left_hand,7,0.5063675046,0.7037737370,-0.0467254817,1.0000000000
175,11.6790000000,left_hand,7,0.4953303337,0.6745064259,-0.0637283623,1.0000000000
176,11.7460000000,left_hand,7,0.5128265023,0.7167859077,-0.0252895504,1.0000000000
177,11.8130000000,left_hand,7,0.5213654637,0.7070417404,-0.0476775356,1.0000000000
178,11.8790000000,left_hand,7,0.5254560113,0.7035076618,-0.0471339114,1.0000000000
179,11.9460000000,left_hand,7,0.5262626410,0.7025568485,-0.0508571491,1.0000000000
75,5.0050000000,left_hand,8,0.5008204579,0.7093709111,-0.0508672595,1.0000000000
76,5.0720000000,left_hand,8,0.5143319964,0.6654393077,-0.0957343057,1.0000000000
77,5.1390000000,left_hand,8,0.5158907175,0.6721717119,-0.0887899846,1.0000000000
78,5.2060000000,left_hand,8,0.5132643580,0.6939114332,-0.0467668697,1.0000000000
79,5.2720000000,left_hand,8,0.4327303469,0.8164716959,-0.0676705539,1.0000000000
80,5.3390000000,left_hand,8,0.4360915720,0.8166710138,-0.0768990070,1.0000000000
81,5.4060000000,left_hand,8,0.4359728694,0.8131222129,-0.0789539143,1.0000000000
82,5.4720000000,left_hand,8,0.5081487894,0.7211155891,-0.0777001232,1.0000000000
83,5.5390000000,left_hand,8,0.5081714988,0.7326346636,-0.0670890436,1.0000000000
84,5.6060000000,left_hand,8,0.4951491356,0.7773272991,-0.0599408299,1.0000000000
85,5.6730000000,left_hand,8,0.4954442680,0.7648340464,-0.0515036471,1.0000000000
86,5.7390000000,left_hand,8,0.4996741116,0.7397264242,-0.0518937409,1.0000000000
87,5.8060000000,left_hand,8,0.5033859015,0.7407996058,-0.0394855812,1.0000000000
88,5.8730000000,left_hand,8,0.5087754726,0.7399556041,-0.0543146990,1.0000000000
89,5.9400000000,left_hand,8,0.5293952227,0.6944442391,-0.0422672257,1.0000000000
90,6.0060000000,left_hand,8,0.5278674960,0.6800847054,-0.0628458038,1.0000000000
91,6.0730000000,left_hand,8,0.5339998007,0.7039910555,-0.0603370480,1.0000000000
92,6.1400000000,left_hand,8,0.5261423588,0.7414206862,-0.0474753305,1.0000000000
93,6.2070000000,left_hand,8,0.5210022926,0.7404721379,-0.0482481457,1.0000000000
94,6.2730000000,left_hand,8,0.5291475058,0.7223443985,-0.0394595377,1.0000000000
95,6.3400000000,left_hand,8,0.5214281678,0.7380089760,-0.0420609675,1.0000000000
96,6.4070000000,left_hand,8,0.5341270566,0.6685817242,-0.0304144081,1.0000000000
97,6.4740000000,left_hand,8,0.5161316395,0.7363381386,-0.0340730250,1.0000000000
98,6.5400000000,left_hand,8,0.5030623078,0.7630332112,-0.0377235040,1.0000000000
99,6.6070000000,left_hand,8,0.4981215596,0.7699298263,-0.0398555063,1.0000000000
100,6.6740000000,left_hand,8,0.4948394001,0.7758035660,-0.0410039872,1.0000000000
101,6.7400000000,left_hand,8,0.4908385873,0.7857636213,-0.0432410538,1.0000000000
102,6.8070000000,left_hand,8,0.4932490289,0.7767406106,-0.0369376130,1.0000000000
103,6.8740000000,left_hand,8,0.4942993522,0.7718894482,-0.0374963060,1.0000000000
104,6.9410000000,left_hand,8,0.4961929023,0.7631081343,-0.0385925919,1.0000000000
105,7.0070000000,left_hand,8,0.5007842183,0.7548383474,-0.0467666574,1.0000000000
106,7.0740000000,left_hand,8,0.5023946762,0.7451221943,-0.0414342098,1.0000000000
107,7.1410000000,left_hand,8,0.5075693130,0.7411230803,-0.0396911949,1.0000000000
108,7.2080000000,left_hand,8,0.5117805600,0.7312023640,-0.0422291271,1.0000000000
109,7.2740000000,left_hand,8,0.5084379911,0.7345216870,-0.0415192433,1.0000000000
110,7.3410000000,left_hand,8,0.5069247484,0.7389786839,-0.0445703715,1.0000000000
111,7.4080000000,left_hand,8,0.5061203241,0.7452849150,-0.0476977415,1.0000000000
112,7.4750000000,left_hand,8,0.5049521923,0.7547870278,-0.0410318188,1.0000000000
113,7.5410000000,left_hand,8,0.5073664188,0.7541942596,-0.0388365276,1.0000000000
114,7.6080000000,left_hand,8,0.5150991082,0.7394655943,-0.0403739810,1.0000000000
115,7.6750000000,left_hand,8,0.5171686411,0.7001769543,-0.0335037261,1.0000000000
116,7.7420000000,left_hand,8,0.5039403439,0.7701482773,-0.0399079397,1.0000000000
117,7.8080000000,left_hand,8,0.5016413927,0.7773771286,-0.0430420488,1.0000000000
118,7.8750000000,left_hand,8,0.5162816644,0.7430871129,-0.0442059264,1.0000000000
119,7.9420000000,left_hand,8,0.5139741898,0.7501676083,-0.0383908935,1.0000000000
120,8.0080000000,left_hand,8,0.5081304908,0.7524158359,-0.0432459265,1.0000000000
121,8.0750000000,left_hand,8,0.5148267746,0.7384780645,-0.0576448552,1.0000000000
122,8.1420000000,left_hand,8,0.5166581273,0.7414303422,-0.0489913449,1.0000000000
123,8.2090000000,left_hand,8,0.5171164274,0.7371529937,-0.0435244292,1.0000000000
124,8.2750000000,left_hand,8,0.5177009702,0.7407670021,-0.0449984148,1.0000000000
125,8.3420000000,left_hand,8,0.5117240548,0.7434492707,-0.0465817600,1.0000000000
126,8.4090000000,left_hand,8,0.5100317001,0.7529829144,-0.0367089845,1.0000000000
127,8.4760000000,left_hand,8,0.5091480017,0.7462218404,-0.0362172276,1.0000000000
128,8.5420000000,left_hand,8,0.5042604804,0.7679153681,-0.0424841046,1.0000000000
129,8.6090000000,left_hand,8,0.5016874075,0.7732053995,-0.0411374755,1.0000000000
130,8.6760000000,left_hand,8,0.5042808056,0.7734689713,-0.0421921983,1.0000000000
131,8.7430000000,left_hand,8,0.5117467046,0.7521377206,-0.0368290134,1.0000000000
132,8.8090000000,left_hand,8,0.5131982565,0.7558968067,-0.0444491804,1.0000000000
133,8.8760000000,left_hand,8,0.5166102648,0.7383419275,-0.0501917601,1.0000000000
134,8.9430000000,left_hand,8,0.5263568163,0.7118469477,-0.0537769981,1.0000000000
135,9.0100000000,left_hand,8,0.5195696950,0.7292660475,-0.0488231592,1.0000000000
136,9.0760000000,left_hand,8,0.5198925734,0.7297689915,-0.0463432260,1.0000000000
137,9.1430000000,left_hand,8,0.5179156065,0.7392118573,-0.0425926782,1.0000000000
138,9.2100000000,left_hand,8,0.5165876746,0.7529170513,-0.0385016389,1.0000000000
139,9.2770000000,left_hand,8,0.5177043676,0.7543334365,-0.0398565121,1.0000000000
140,9.3430000000,left_hand,8,0.5156397820,0.7634818554,-0.0400713310,1.0000000000
141,9.4100000000,left_hand,8,0.5146991014,0.7673316002,-0.0402803123,1.0000000000
142,9.4770000000,left_hand,8,0.5068138838,0.7834602594,-0.0464434735,1.0000000000
143,9.5430000000,left_hand,8,0.5066451430,0.7875530720,-0.0432824716,1.0000000000
144,9.6100000000,left_hand,8,0.5072943568,0.7838624120,-0.0444658846,1.0000000000
145,9.6770000000,left_hand,8,0.5146206021,0.7661018372,-0.0375282131,1.0000000000
146,9.7440000000,left_hand,8,0.5126693249,0.7536064386,-0.0417876095,1.0000000000
147,9.8100000000,left_hand,8,0.5153127313,0.7422181964,-0.0465970337,1.0000000000
148,9.8770000000,left_hand,8,0.5215792060,0.7300406098,-0.0495355092,1.0000000000
149,9.9440000000,left_hand,8,0.5239603519,0.7212069035,-0.0482316352,1.0000000000
150,10.0110000000,left_hand,8,0.5208485723,0.7266667485,-0.0354255363,1.0000000000
151,10.0770000000,left_hand,8,0.5194773078,0.7324903607,-0.0478194766,1.0000000000
152,10.1440000000,left_hand,8,0.5340489149,0.6762204170,-0.0385171846,1.0000000000
153,10.2110000000,left_hand,8,0.5335612893,0.6844257712,-0.0308778323,1.0000000000
154,10.2780000000,left_hand,8,0.5190994740,0.7030873895,-0.0369034894,1.0000000000
155,10.3440000000,left_hand,8,0.5146043301,0.7296198606,-0.0327347666,1.0000000000
156,10.4110000000,left_hand,8,0.5131126046,0.7131582499,-0.0290106330,1.0000000000
157,10.4780000000,left_hand,8,0.5130670071,0.7255655527,-0.0336339176,1.0000000000
158,10.5450000000,left_hand,8,0.4958173931,0.7831351757,-0.0443992242,1.0000000000
159,10.6110000000,left_hand,8,0.5017454624,0.7704594135,-0.0421813503,1.0000000000
160,10.6780000000,left_hand,8,0.5019952059,0.7605258226,-0.0475413874,1.0000000000
161,10.7450000000,left_hand,8,0.5078410506,0.7365217805,-0.0725179985,1.0000000000
162,10.8110000000,left_hand,8,0.5114798546,0.7219560146,-0.0541913398,1.0000000000
163,10.8780000000,left_hand,8,0.5138258338,0.7250991464,-0.0494867489,1.0000000000
164,10.9450000000,left_hand,8,0.5134642124,0.7300625443,-0.0590182692,1.0000000000
165,11.0120000000,left_hand,8,0.5083832741,0.7376692891,-0.0599179417,1.0000000000
166,11.0780000000,left_hand,8,0.5092604756,0.7116074562,-0.0427065119,1.0000000000
167,11.1450000000,left_hand,8,0.5111733079,0.7198368311,-0.0748739988,1.0000000000
168,11.2120000000,left_hand,8,0.5063070059,0.7303870320,-0.0697846413,1.0000000000
169,11.2790000000,left_hand,8,0.5039227605,0.7359837294,-0.0470027477,1.0000000000
170,11.3450000000,left_hand,8,0.4977523088,0.7436556816,-0.0467299148,1.0000000000
171,11.4120000000,left_hand,8,0.5007568598,0.7305484414,-0.0520833023,1.0000000000
172,11.4790000000,left_hand,8,0.4975135624,0.7435883880,-0.0579911359,1.0000000000
173,11.5460000000,left_hand,8,0.5014052391,0.7382324934,-0.0563029312,1.0000000000
174,11.6120000000,left_hand,8,0.5042684674,0.7267244458,-0.0522739328,1.0000000000
175,11.6790000000,left_hand,8,0.4955897927,0.7055730820,-0.0724717155,1.0000000000
176,11.7460000000,left_hand,8,0.5124459863,0.7446717620,-0.0290175043,1.0000000000
177,11.8130000000,left_hand,8,0.5199597478,0.7369093895,-0.0519791171,1.0000000000
178,11.8790000000,left_hand,8,0.5247592330,0.7304670811,-0.0521518998,1.0000000000
179,11.9460000000,left_hand,8,0.5242994428,0.7290812731,-0.0576988570,1.0000000000
75,5.0050000000,left_hand,9,0.5233871937,0.5882411599,-0.0272866692,1.0000000000
76,5.0720000000,left_hand,9,0.5247232318,0.5497511625,-0.0566376783,1.0000000000
77,5.1390000000,left_hand,9,0.5337913036,0.5495480299,-0.0599960908,1.0000000000
78,5.2060000000,left_hand,9,0.5174559355,0.5566197038,-0.0275835935,1.0000000000
79,5.2720000000,left_hand,9,0.3696300685,0.6937310696,-0.0439624265,1.0000000000
80,5.3390000000,left_hand,9,0.3714545071,0.6894048452,-0.0516162068,1.0000000000
81,5.4060000000,left_hand,9,0.3685548604,0.6885737181,-0.0535952561,1.0000000000
82,5.4720000000,left_hand,9,0.5243937969,0.5808656216,-0.0346149281,1.0000000000
83,5.5390000000,left_hand,9,0.5205294490,0.5913271904,-0.0308318175,1.0000000000
84,5.6060000000,left_hand,9,0.5120840669,0.6174820065,-0.0344566107,1.0000000000
85,5.6730000000,left_hand,9,0.5121310353,0.6147876382,-0.0338136144,1.0000000000
86,5.7390000000,left_hand,9,0.5168653131,0.6170665622,-0.0327133276,1.0000000000
87,5.8060000000,left_hand,9,0.5238494277,0.6148759127,-0.0298303384,1.0000000000
88,5.8730000000,left_hand,9,0.5304539800,0.6032505631,-0.0342864878,1.0000000000
89,5.9400000000,left_hand,9,0.5353701115,0.5919511318,-0.0319374502,1.0000000000
90,6.0060000000,left_hand,9,0.5614616275,0.5293297768,-0.0285807177,1.0000000000
91,6.0730000000,left_hand,9,0.5666110516,0.5462563038,-0.0371730216,1.0000000000
92,6.1400000000,left_hand,9,0.5599417686,0.5684999228,-0.0334707648,1.0000000000
93,6.2070000000,left_hand,9,0.5569467545,0.5764416456,-0.0293737277,1.0000000000
94,6.2730000000,left_hand,9,0.5543301105,0.5765911341,-0.0263106730,1.0000000000
95,6.3400000000,left_hand,9,0.5498871803,0.5858057737,-0.0271751955,1.0000000000
96,6.4070000000,left_hand,9,0.5416046977,0.5965920687,-0.0224851929,1.0000000000
97,6.4740000000,left_hand,9,0.5282238126,0.6085618138,-0.0273287669,1.0000000000
98,6.5400000000,left_hand,9,0.5214270353,0.6181566119,-0.0272381194,1.0000000000
99,6.6070000000,left_hand,9,0.5174739361,0.6256818175,-0.0243017543,1.0000000000
100,6.6740000000,left_hand,9,0.5152923465,0.6351682544,-0.0240542591,1.0000000000
101,6.7400000000,left_hand,9,0.5128344297,0.6314915419,-0.0270224009,1.0000000000
102,6.8070000000,left_hand,9,0.5131834745,0.6333053708,-0.0210884754,1.0000000000
103,6.8740000000,left_hand,9,0.5147234797,0.6263839006,-0.0228691492,1.0000000000
104,6.9410000000,left_hand,9,0.5140701532,0.6161680222,-0.0228223018,1.0000000000
105,7.0070000000,left_hand,9,0.5189145803,0.6023897529,-0.0268964991,1.0000000000
106,7.0740000000,left_hand,9,0.5253767967,0.5950793028,-0.0251644496,1.0000000000
107,7.1410000000,left_hand,9,0.5286216140,0.5887688994,-0.0263845045,1.0000000000
108,7.2080000000,left_hand,9,0.5325168371,0.5887768269,-0.0306345839,1.0000000000
109,7.2740000000,left_hand,9,0.5330640078,0.5896613002,-0.0283053499,1.0000000000
110,7.3410000000,left_hand,9,0.5308443904,0.5896073580,-0.0290572885,1.0000000000
111,7.4080000000,left_hand,9,0.5290728211,0.5907629132,-0.0301781297,1.0000000000
112,7.4750000000,left_hand,9,0.5255840421,0.6044505239,-0.0285017975,1.0000000000
113,7.5410000000,left_hand,9,0.5221373439,0.6185218096,-0.0270245261,1.0000000000
114,7.6080000000,left_hand,9,0.5210393071,0.6238398552,-0.0284056235,1.0000000000
115,7.6750000000,left_hand,9,0.5217731595,0.6325354576,-0.0294782650,1.0000000000
116,7.7420000000,left_hand,9,0.5204157233,0.6339365244,-0.0298149940,1.0000000000
117,7.8080000000,left_hand,9,0.5202350020,0.6359751225,-0.0314801075,1.0000000000
118,7.8750000000,left_hand,9,0.5259546638,0.6288992167,-0.0303597059,1.0000000000
119,7.9420000000,left_hand,9,0.5245059729,0.6185410619,-0.0296920184,1.0000000000
120,8.0080000000,left_hand,9,0.5256792307,0.6069898605,-0.0290313885,1.0000000000
121,8.0750000000,left_hand,9,0.5317227840,0.5934849977,-0.0359092504,1.0000000000
122,8.1420000000,left_hand,9,0.5360950828,0.5910844803,-0.0315100774,1.0000000000
123,8.2090000000,left_hand,9,0.5378730297,0.5901128650,-0.0312432926,1.0000000000
124,8.2750000000,left_hand,9,0.5376572013,0.5895093679,-0.0288683940,1.0000000000
125,8.3420000000,left_hand,9,0.5324078202,0.5893641114,-0.0313556604,1.0000000000
126,8.4090000000,left_hand,9,0.5265052319,0.6004272699,-0.0256903488,1.0000000000
127,8.4760000000,left_hand,9,0.5224793553,0.6166248322,-0.0298414603,1.0000000000
128,8.5420000000,left_hand,9,0.5211866498,0.6312834620,-0.0247237775,1.0000000000
129,8.6090000000,left_hand,9,0.5207796693,0.6321092248,-0.0284401365,1.0000000000
130,8.6760000000,left_hand,9,0.5213637352,0.6314600110,-0.0302512273,1.0000000000
131,8.7430000000,left_hand,9,0.5237467289,0.6206821203,-0.0303946193,1.0000000000
132,8.8090000000,left_hand,9,0.5292170048,0.6082867384,-0.0323595293,1.0000000000
133,8.8760000000,left_hand,9,0.5355616212,0.5970134735,-0.0285701137,1.0000000000
134,8.9430000000,left_hand,9,0.5371038318,0.5858336091,-0.0358231030,1.0000000000
135,9.0100000000,left_hand,9,0.5380827785,0.5796065927,-0.0317020118,1.0000000000
136,9.0760000000,left_hand,9,0.5386606455,0.5833799839,-0.0283422694,1.0000000000
137,9.1430000000,left_hand,9,0.5370447040,0.5891311765,-0.0286607482,1.0000000000
138,9.2100000000,left_hand,9,0.5344764590,0.6050443053,-0.0259791613,1.0000000000
139,9.2770000000,left_hand,9,0.5311018229,0.6153197289,-0.0298327636,1.0000000000
140,9.3430000000,left_hand,9,0.5247759819,0.6237663031,-0.0291406643,1.0000000000
141,9.4100000000,left_hand,9,0.5221256614,0.6317683458,-0.0301167481,1.0000000000
142,9.4770000000,left_hand,9,0.5212116838,0.6341490746,-0.0359890610,1.0000000000
143,9.5430000000,left_hand,9,0.5249456167,0.6385517716,-0.0314006172,1.0000000000
144,9.6100000000,left_hand,9,0.5238345861,0.6311965585,-0.0300147608,1.0000000000
145,9.6770000000,left_hand,9,0.5239250064,0.6236692071,-0.0283092204,1.0000000000
146,9.7440000000,left_hand,9,0.5286113620,0.6105772853,-0.0300406422,1.0000000000
147,9.8100000000,left_hand,9,0.5320860744,0.5957995057,-0.0279372633,1.0000000000
148,9.8770000000,left_hand,9,0.5349654555,0.5855686069,-0.0297482181,1.0000000000
149,9.9440000000,left_hand,9,0.5382359028,0.5778174400,-0.0303788856,1.0000000000
150,10.0110000000,left_hand,9,0.5363141894,0.5782441497,-0.0230967030,1.0000000000
151,10.0770000000,left_hand,9,0.5368150473,0.5827714205,-0.0295075364,1.0000000000
152,10.1440000000,left_hand,9,0.5294898152,0.5895699263,-0.0294302870,1.0000000000
153,10.2110000000,left_hand,9,0.5251138806,0.6055522561,-0.0265021343,1.0000000000
154,10.2780000000,left_hand,9,0.5201919079,0.6180323958,-0.0340316780,1.0000000000
155,10.3440000000,left_hand,9,0.5202747583,0.6391139030,-0.0244723521,1.0000000000
156,10.4110000000,left_hand,9,0.5172184706,0.6548901200,-0.0195449367,1.0000000000
157,10.4780000000,left_hand,9,0.5137900710,0.6511595249,-0.0284913238,1.0000000000
158,10.5450000000,left_hand,9,0.5154823065,0.6414459944,-0.0307191852,1.0000000000
159,10.6110000000,left_hand,9,0.5193585157,0.6380442381,-0.0275910255,1.0000000000
160,10.6780000000,left_hand,9,0.5242478848,0.6267129779,-0.0257997829,1.0000000000
161,10.7450000000,left_hand,9,0.5312082171,0.6197468042,-0.0396204256,1.0000000000
162,10.8110000000,left_hand,9,0.5306155682,0.6039122343,-0.0278226566,1.0000000000
163,10.8780000000,left_hand,9,0.5330544114,0.5853825808,-0.0193003118,1.0000000000
164,10.9450000000,left_hand,9,0.5349161029,0.5838220119,-0.0265009496,1.0000000000
165,11.0120000000,left_hand,9,0.5294342041,0.5907357335,-0.0256188456,1.0000000000
166,11.0780000000,left_hand,9,0.5288503766,0.5916326046,-0.0209348593,1.0000000000
167,11.1450000000,left_hand,9,0.5245304704,0.6002821326,-0.0383911021,1.0000000000
168,11.2120000000,left_hand,9,0.5224698782,0.6151261330,-0.0337980166,1.0000000000
169,11.2790000000,left_hand,9,0.5177857876,0.6212986112,-0.0222717021,1.0000000000
170,11.3450000000,left_hand,9,0.5191330910,0.6325372458,-0.0243378859,1.0000000000
171,11.4120000000,left_hand,9,0.5172769427,0.6383410096,-0.0285491440,1.0000000000
172,11.4790000000,left_hand,9,0.5164557099,0.6378254890,-0.0313391685,1.0000000000
173,11.5460000000,left_hand,9,0.5240263343,0.6313959360,-0.0297882799,1.0000000000
174,11.6120000000,left_hand,9,0.5274598002,0.6225898266,-0.0271105375,1.0000000000
175,11.6790000000,left_hand,9,0.5312194824,0.5731490254,-0.0318771861,1.0000000000
176,11.7460000000,left_hand,9,0.5335786939,0.5930173993,-0.0211413708,1.0000000000
177,11.8130000000,left_hand,9,0.5405519605,0.5804524422,-0.0353310145,1.0000000000
178,11.8790000000,left_hand,9,0.5404905677,0.5856992006,-0.0312357191,1.0000000000
179,11.9460000000,left_hand,9,0.5482909679,0.5873681307,-0.0289113875,1.0000000000
75,5.0050000000,left_hand,10,0.5138927102,0.6352747679,-0.0401067548,1.0000000000
76,5.0720000000,left_hand,10,0.5314939022,0.5903360248,-0.0758937970,1.0000000000
77,5.1390000000,left_hand,10,0.5395318270,0.6252610683,-0.0797703713,1.0000000000
78,5.2060000000,left_hand,10,0.5340411663,0.6345088482,-0.0355678946,1.0000000000
79,5.2720000000,left_hand,10,0.3981065154,0.7633446455,-0.0631802157,1.0000000000
80,5.3390000000,left_hand,10,0.4002160132,0.7621142268,-0.0729298815,1.0000000000
81,5.4060000000,left_hand,10,0.3988067508,0.7603608966,-0.0750475898,1.0000000000
82,5.4720000000,left_hand,10,0.5256598592,0.6135023236,-0.0518570542,1.0000000000
83,5.5390000000,left_hand,10,0.5188987851,0.6396175623,-0.0496534482,1.0000000000
84,5.6060000000,left_hand,10,0.5190306306,0.7094033957,-0.0474754386,1.0000000000
85,5.6730000000,left_hand,10,0.5164570212,0.6833154559,-0.0457825176,1.0000000000
86,5.7390000000,left_hand,10,0.5184052587,0.6693196893,-0.0453806780,1.0000000000
87,5.8060000000,left_hand,10,0.5223878622,0.6744209528,-0.0397047736,1.0000000000
88,5.8730000000,left_hand,10,0.5300778151,0.6562469602,-0.0482460707,1.0000000000
89,5.9400000000,left_hand,10,0.5364151001,0.6531310081,-0.0410781726,1.0000000000
90,6.0060000000,left_hand,10,0.5370568037,0.5935312510,-0.0449503250,1.0000000000
91,6.0730000000,left_hand,10,0.5543177724,0.6127785444,-0.0543170907,1.0000000000
92,6.1400000000,left_hand,10,0.5611158013,0.6690509319,-0.0450163111,1.0000000000
93,6.2070000000,left_hand,10,0.5578502417,0.6683973670,-0.0426110104,1.0000000000
94,6.2730000000,left_hand,10,0.5555074811,0.6664037704,-0.0362289324,1.0000000000
95,6.3400000000,left_hand,10,0.5489276052,0.6796907783,-0.0388322510,1.0000000000
96,6.4070000000,left_hand,10,0.5414329767,0.6869156957,-0.0319669023,1.0000000000
97,6.4740000000,left_hand,10,0.5321530700,0.7050763369,-0.0374435112,1.0000000000
98,6.5400000000,left_hand,10,0.5275686383,0.7158333063,-0.0380524471,1.0000000000
99,6.6070000000,left_hand,10,0.5210806131,0.7117158175,-0.0336674079,1.0000000000
100,6.6740000000,left_hand,10,0.5170760751,0.7187315226,-0.0346183628,1.0000000000
101,6.7400000000,left_hand,10,0.5148338079,0.7240204215,-0.0378693826,1.0000000000
102,6.8070000000,left_hand,10,0.5140025020,0.7193245292,-0.0311431587,1.0000000000
103,6.8740000000,left_hand,10,0.5167505145,0.7133795619,-0.0325531960,1.0000000000
104,6.9410000000,left_hand,10,0.5200326443,0.7090212107,-0.0340109318,1.0000000000
105,7.0070000000,left_hand,10,0.5252290964,0.6963554621,-0.0394942425,1.0000000000
106,7.0740000000,left_hand,10,0.5297469497,0.6893856525,-0.0374479853,1.0000000000
107,7.1410000000,left_hand,10,0.5353119373,0.6836532950,-0.0374342799,1.0000000000
108,7.2080000000,left_hand,10,0.5367895961,0.6786740422,-0.0409697071,1.0000000000
109,7.2740000000,left_hand,10,0.5364822149,0.6788703203,-0.0387090743,1.0000000000
110,7.3410000000,left_hand,10,0.5365331173,0.6793103218,-0.0402337462,1.0000000000
111,7.4080000000,left_hand,10,0.5344315171,0.6871529818,-0.0437500626,1.0000000000
112,7.4750000000,left_hand,10,0.5318489075,0.6955059171,-0.0389461480,1.0000000000
113,7.5410000000,left_hand,10,0.5281180739,0.7085793018,-0.0369355083,1.0000000000
114,7.6080000000,left_hand,10,0.5269774795,0.7151698470,-0.0394497849,1.0000000000
115,7.6750000000,left_hand,10,0.5276490450,0.7263604403,-0.0387082882,1.0000000000
116,7.7420000000,left_hand,10,0.5227056146,0.7217529416,-0.0381785035,1.0000000000
117,7.8080000000,left_hand,10,0.5248248577,0.7280273438,-0.0412955210,1.0000000000
118,7.8750000000,left_hand,10,0.5302135944,0.7152241468,-0.0403560549,1.0000000000
119,7.9420000000,left_hand,10,0.5310422182,0.7067474723,-0.0383472592,1.0000000000
120,8.0080000000,left_hand,10,0.5349749327,0.7021856904,-0.0405846760,1.0000000000
121,8.0750000000,left_hand,10,0.5392483473,0.6901071072,-0.0509302467,1.0000000000
122,8.1420000000,left_hand,10,0.5451639295,0.6837565303,-0.0444123708,1.0000000000
123,8.2090000000,left_hand,10,0.5453644991,0.6810501814,-0.0427202433,1.0000000000
124,8.2750000000,left_hand,10,0.5451745391,0.6815017462,-0.0417447463,1.0000000000
125,8.3420000000,left_hand,10,0.5406089425,0.6842659712,-0.0434496179,1.0000000000
126,8.4090000000,left_hand,10,0.5369746685,0.6950144172,-0.0359180979,1.0000000000
127,8.4760000000,left_hand,10,0.5289392471,0.7065804601,-0.0384052470,1.0000000000
128,8.5420000000,left_hand,10,0.5265422463,0.7142561078,-0.0357554294,1.0000000000
129,8.6090000000,left_hand,10,0.5242879391,0.7208451033,-0.0376500934,1.0000000000
130,8.6760000000,left_hand,10,0.5260287523,0.7226797938,-0.0391081721,1.0000000000
131,8.7430000000,left_hand,10,0.5293426514,0.7031722665,-0.0394354761,1.0000000000
132,8.8090000000,left_hand,10,0.5347936153,0.6977708340,-0.0425053760,1.0000000000
133,8.8760000000,left_hand,10,0.5434020162,0.6871918440,-0.0427250899,1.0000000000
134,8.9430000000,left_hand,10,0.5479374528,0.6770312190,-0.0503531620,1.0000000000
135,9.0100000000,left_hand,10,0.5478211045,0.6719173789,-0.0441099815,1.0000000000
136,9.0760000000,left_hand,10,0.5456943512,0.6708982587,-0.0405720249,1.0000000000
137,9.1430000000,left_hand,10,0.5456354022,0.6815066934,-0.0410532132,1.0000000000
138,9.2100000000,left_hand,10,0.5429426432,0.6948873401,-0.0362264849,1.0000000000
139,9.2770000000,left_hand,10,0.5398263931,0.7060345411,-0.0388640389,1.0000000000
140,9.3430000000,left_hand,10,0.5323417783,0.7098097801,-0.0379298218,1.0000000000
141,9.4100000000,left_hand,10,0.5292702317,0.7227799296,-0.0395723805,1.0000000000
142,9.4770000000,left_hand,10,0.5284901857,0.7306243181,-0.0461899228,1.0000000000
143,9.5430000000,left_hand,10,0.5298578143,0.7320227027,-0.0398286283,1.0000000000
144,9.6100000000,left_hand,10,0.5297727585,0.7232321501,-0.0403167158,1.0000000000
145,9.6770000000,left_hand,10,0.5333505273,0.7174382806,-0.0377743617,1.0000000000
146,9.7440000000,left_hand,10,0.5367659926,0.7040854096,-0.0400915965,1.0000000000
147,9.8100000000,left_hand,10,0.5437926054,0.6869722605,-0.0408607498,1.0000000000
148,9.8770000000,left_hand,10,0.5459980965,0.6766566634,-0.0444043428,1.0000000000
149,9.9440000000,left_hand,10,0.5482819676,0.6671446562,-0.0436341949,1.0000000000
150,10.0110000000,left_hand,10,0.5459242463,0.6655521989,-0.0328832977,1.0000000000
151,10.0770000000,left_hand,10,0.5473506451,0.6727405190,-0.0433302596,1.0000000000
152,10.1440000000,left_hand,10,0.5440496206,0.6868932247,-0.0419612862,1.0000000000
153,10.2110000000,left_hand,10,0.5374271274,0.6991966963,-0.0363741852,1.0000000000
154,10.2780000000,left_hand,10,0.5318455696,0.7179159522,-0.0444837473,1.0000000000
155,10.3440000000,left_hand,10,0.5245440602,0.7206020355,-0.0326769464,1.0000000000
156,10.4110000000,left_hand,10,0.5211340785,0.7312763333,-0.0272595976,1.0000000000
157,10.4780000000,left_hand,10,0.5196738839,0.7375141382,-0.0366098471,1.0000000000
158,10.5450000000,left_hand,10,0.5221047401,0.7337738276,-0.0424256250,1.0000000000
159,10.6110000000,left_hand,10,0.5203173161,0.7170395255,-0.0388142876,1.0000000000
160,10.6780000000,left_hand,10,0.5232285261,0.7024222016,-0.0393100791,1.0000000000
161,10.7450000000,left_hand,10,0.5282497406,0.6364414692,-0.0608074702,1.0000000000
162,10.8110000000,left_hand,10,0.5309702158,0.6395593882,-0.0425612666,1.0000000000
163,10.8780000000,left_hand,10,0.5364625454,0.6616995931,-0.0316806771,1.0000000000
164,10.9450000000,left_hand,10,0.5395664573,0.6658219695,-0.0396580622,1.0000000000
165,11.0120000000,left_hand,10,0.5361464024,0.6670295000,-0.0384472273,1.0000000000
166,11.0780000000,left_hand,10,0.5274489522,0.6399416327,-0.0311833844,1.0000000000
167,11.1450000000,left_hand,10,0.5315581560,0.6525565386,-0.0572570786,1.0000000000
168,11.2120000000,left_hand,10,0.5229447484,0.6306170821,-0.0522594228,1.0000000000
169,11.2790000000,left_hand,10,0.5250152349,0.6921132207,-0.0347331502,1.0000000000
170,11.3450000000,left_hand,10,0.5175641775,0.7059407830,-0.0348395742,1.0000000000
171,11.4120000000,left_hand,10,0.5163075924,0.6837880015,-0.0413735472,1.0000000000
172,11.4790000000,left_hand,10,0.5156567097,0.6853901744,-0.0450820252,1.0000000000
173,11.5460000000,left_hand,10,0.5238831043,0.6793472171,-0.0434225127,1.0000000000
174,11.6120000000,left_hand,10,0.5249777436,0.6694182158,-0.0395127088,1.0000000000
175,11.6790000000,left_hand,10,0.5177798271,0.6213819385,-0.0531936139,1.0000000000
176,11.7460000000,left_hand,10,0.5370876193,0.6846287847,-0.0277388934,1.0000000000
177,11.8130000000,left_hand,10,0.5500418544,0.6802619100,-0.0487944074,1.0000000000
178,11.8790000000,left_hand,10,0.5516383052,0.6740738153,-0.0455857888,1.0000000000
179,11.9460000000,left_hand,10,0.5521243811,0.6697468162,-0.0425732993,1.0000000000
75,5.0050000000,left_hand,11,0.5111340880,0.6733727455,-0.0436962582,1.0000000000
76,5.0720000000,left_hand,11,0.5346347690,0.6298018694,-0.0799895748,1.0000000000
77,5.1390000000,left_hand,11,0.5377030373,0.6352296472,-0.0753214955,1.0000000000
78,5.2060000000,left_hand,11,0.5421725512,0.6375348568,-0.0358013436,1.0000000000
79,5.2720000000,left_hand,11,0.4103350937,0.8104714751,-0.0700838938,1.0000000000
80,5.3390000000,left_hand,11,0.4150396883,0.8112549186,-0.0796828941,1.0000000000
81,5.4060000000,left_hand,11,0.4140380323,0.8085256219,-0.0809266940,1.0000000000
82,5.4720000000,left_hand,11,0.5284568071,0.6635499001,-0.0596530400,1.0000000000
83,5.5390000000,left_hand,11,0.5250790715,0.6850767732,-0.0560879596,1.0000000000
84,5.6060000000,left_hand,11,0.5301755071,0.7132532001,-0.0468456931,1.0000000000
85,5.6730000000,left_hand,11,0.5207950473,0.7146893740,-0.0479411520,1.0000000000
86,5.7390000000,left_hand,11,0.5210954547,0.7037903070,-0.0501478091,1.0000000000
87,5.8060000000,left_hand,11,0.5239040852,0.7065744400,-0.0420743600,1.0000000000
88,5.8730000000,left_hand,11,0.5313837528,0.6888372302,-0.0531552359,1.0000000000
89,5.9400000000,left_hand,11,0.5415907502,0.6812132001,-0.0422869958,1.0000000000
90,6.0060000000,left_hand,11,0.5379201770,0.6506043077,-0.0533737428,1.0000000000
91,6.0730000000,left_hand,11,0.5545606017,0.6592543125,-0.0601758957,1.0000000000
92,6.1400000000,left_hand,11,0.5691845417,0.6604160666,-0.0439763591,1.0000000000
93,6.2070000000,left_hand,11,0.5664481521,0.6536560059,-0.0422350205,1.0000000000
94,6.2730000000,left_hand,11,0.5642187595,0.6529248357,-0.0349141546,1.0000000000
95,6.3400000000,left_hand,11,0.5580633879,0.6726804376,-0.0387248173,1.0000000000
96,6.4070000000,left_hand,11,0.5497928262,0.6811266541,-0.0323894806,1.0000000000
97,6.4740000000,left_hand,11,0.5440807939,0.6981772184,-0.0352860913,1.0000000000
98,6.5400000000,left_hand,11,0.5371792316,0.7034720778,-0.0364012010,1.0000000000
99,6.6070000000,left_hand,11,0.5275090933,0.7135419250,-0.0346094519,1.0000000000
100,6.6740000000,left_hand,11,0.5231180191,0.7200337052,-0.0365685038,1.0000000000
101,6.7400000000,left_hand,11,0.5203005075,0.7206419110,-0.0385979712,1.0000000000
102,6.8070000000,left_hand,11,0.5187036395,0.7264348269,-0.0337627865,1.0000000000
103,6.8740000000,left_hand,11,0.5224015117,0.7104312181,-0.0336395688,1.0000000000
104,6.9410000000,left_hand,11,0.5246108174,0.6965670586,-0.0350057743,1.0000000000
105,7.0070000000,left_hand,11,0.5314131379,0.6853529215,-0.0402733982,1.0000000000
106,7.0740000000,left_hand,11,0.5367642641,0.6772968769,-0.0381672531,1.0000000000
107,7.1410000000,left_hand,11,0.5456486344,0.6773806810,-0.0365531370,1.0000000000
108,7.2080000000,left_hand,11,0.5465455055,0.6739203930,-0.0385969058,1.0000000000
109,7.2740000000,left_hand,11,0.5468158126,0.6719737053,-0.0364855379,1.0000000000
110,7.3410000000,left_hand,11,0.5492408276,0.6768319607,-0.0384144932,1.0000000000
111,7.4080000000,left_hand,11,0.5446162820,0.6792744994,-0.0432949476,1.0000000000
112,7.4750000000,left_hand,11,0.5423479676,0.6887930036,-0.0370526798,1.0000000000
113,7.5410000000,left_hand,11,0.5346512794,0.7039963603,-0.0367936827,1.0000000000
114,7.6080000000,left_hand,11,0.5336307287,0.7161756158,-0.0397490971,1.0000000000
115,7.6750000000,left_hand,11,0.5324115753,0.7151797414,-0.0369329229,1.0000000000
116,7.7420000000,left_hand,11,0.5289476514,0.7336177826,-0.0375404917,1.0000000000
117,7.8080000000,left_hand,11,0.5320812464,0.7235270143,-0.0392939001,1.0000000000
118,7.8750000000,left_hand,11,0.5363457203,0.7199678421,-0.0406504720,1.0000000000
119,7.9420000000,left_hand,11,0.5388607383,0.7059351802,-0.0366926342,1.0000000000
120,8.0080000000,left_hand,11,0.5405514240,0.6927494407,-0.0403106064,1.0000000000
121,8.0750000000,left_hand,11,0.5462061763,0.6837460995,-0.0519782789,1.0000000000
122,8.1420000000,left_hand,11,0.5565915108,0.6760116816,-0.0427487977,1.0000000000
123,8.2090000000,left_hand,11,0.5548166037,0.6657186151,-0.0397271663,1.0000000000
124,8.2750000000,left_hand,11,0.5550592542,0.6711280942,-0.0414831489,1.0000000000
125,8.3420000000,left_hand,11,0.5499615669,0.6730311513,-0.0419260748,1.0000000000
126,8.4090000000,left_hand,11,0.5470569730,0.6887089610,-0.0347355455,1.0000000000
127,8.4760000000,left_hand,11,0.5357507467,0.6977514029,-0.0359138884,1.0000000000
128,8.5420000000,left_hand,11,0.5309433937,0.7092514038,-0.0374283083,1.0000000000
129,8.6090000000,left_hand,11,0.5296458602,0.7180909514,-0.0370726809,1.0000000000
130,8.6760000000,left_hand,11,0.5323688984,0.7170022130,-0.0370574556,1.0000000000
131,8.7430000000,left_hand,11,0.5371186733,0.7169895768,-0.0372308493,1.0000000000
132,8.8090000000,left_hand,11,0.5425078869,0.6968371272,-0.0412500203,1.0000000000
133,8.8760000000,left_hand,11,0.5518409014,0.6752403975,-0.0431505553,1.0000000000
134,8.9430000000,left_hand,11,0.5545097589,0.6649305820,-0.0498369709,1.0000000000
135,9.0100000000,left_hand,11,0.5570028424,0.6542004347,-0.0424092934,1.0000000000
136,9.0760000000,left_hand,11,0.5548770428,0.6601188183,-0.0394259803,1.0000000000
137,9.1430000000,left_hand,11,0.5540112853,0.6719684005,-0.0398524702,1.0000000000
138,9.2100000000,left_hand,11,0.5521950722,0.6814842820,-0.0340615064,1.0000000000
139,9.2770000000,left_hand,11,0.5485041738,0.6988981962,-0.0362713076,1.0000000000
140,9.3430000000,left_hand,11,0.5402778983,0.7111009359,-0.0364780463,1.0000000000
141,9.4100000000,left_hand,11,0.5366009474,0.7228898406,-0.0382851362,1.0000000000
142,9.4770000000,left_hand,11,0.5355044007,0.7216466069,-0.0437514037,1.0000000000
143,9.5430000000,left_hand,11,0.5360523462,0.7286276817,-0.0376689173,1.0000000000
144,9.6100000000,left_hand,11,0.5362799168,0.7179578543,-0.0395324901,1.0000000000
145,9.6770000000,left_hand,11,0.5415002108,0.7121174335,-0.0359139256,1.0000000000
146,9.7440000000,left_hand,11,0.5446091890,0.6956946850,-0.0379707962,1.0000000000
147,9.8100000000,left_hand,11,0.5519347191,0.6770808697,-0.0410215519,1.0000000000
148,9.8770000000,left_hand,11,0.5548366308,0.6671729088,-0.0451417789,1.0000000000
149,9.9440000000,left_hand,11,0.5558501482,0.6627728939,-0.0438951962,1.0000000000
150,10.0110000000,left_hand,11,0.5545713902,0.6623314023,-0.0330444761,1.0000000000
151,10.0770000000,left_hand,11,0.5567747951,0.6619648337,-0.0428221449,1.0000000000
152,10.1440000000,left_hand,11,0.5533157587,0.6733229756,-0.0404839180,1.0000000000
153,10.2110000000,left_hand,11,0.5493601561,0.6902408004,-0.0340737887,1.0000000000
154,10.2780000000,left_hand,11,0.5377947688,0.7037516832,-0.0414054394,1.0000000000
155,10.3440000000,left_hand,11,0.5298062563,0.7230532765,-0.0326985158,1.0000000000
156,10.4110000000,left_hand,11,0.5270244479,0.7277401090,-0.0283609163,1.0000000000
157,10.4780000000,left_hand,11,0.5267494917,0.7334485650,-0.0352194123,1.0000000000
158,10.5450000000,left_hand,11,0.5301577449,0.7261508107,-0.0410232954,1.0000000000
159,10.6110000000,left_hand,11,0.5242384672,0.7273036838,-0.0405446962,1.0000000000
160,10.6780000000,left_hand,11,0.5287361741,0.6997929215,-0.0421680659,1.0000000000
161,10.7450000000,left_hand,11,0.5307917595,0.6713405848,-0.0661637932,1.0000000000
162,10.8110000000,left_hand,11,0.5339766145,0.6639494896,-0.0488383807,1.0000000000
163,10.8780000000,left_hand,11,0.5386823416,0.6800680161,-0.0370466299,1.0000000000
164,10.9450000000,left_hand,11,0.5455616117,0.6684613228,-0.0428039618,1.0000000000
165,11.0120000000,left_hand,11,0.5435045362,0.6680725217,-0.0425806344,1.0000000000
166,11.0780000000,left_hand,11,0.5282248855,0.6723579764,-0.0373920314,1.0000000000
167,11.1450000000,left_hand,11,0.5342679024,0.6812168956,-0.0643992126,1.0000000000
168,11.2120000000,left_hand,11,0.5255172849,0.6727713943,-0.0593805239,1.0000000000
169,11.2790000000,left_hand,11,0.5284377933,0.7160719037,-0.0394878350,1.0000000000
170,11.3450000000,left_hand,11,0.5167449713,0.7306180000,-0.0389828868,1.0000000000
171,11.4120000000,left_hand,11,0.5187683702,0.7173341513,-0.0449689366,1.0000000000
172,11.4790000000,left_hand,11,0.5168661475,0.7201865315,-0.0505166911,1.0000000000
173,11.5460000000,left_hand,11,0.5264867544,0.7138754725,-0.0484729968,1.0000000000
174,11.6120000000,left_hand,11,0.5259736180,0.7009285688,-0.0440054014,1.0000000000
175,11.6790000000,left_hand,11,0.5232489705,0.6776072979,-0.0602515154,1.0000000000
176,11.7460000000,left_hand,11,0.5445867181,0.6852366328,-0.0285196304,1.0000000000
177,11.8130000000,left_hand,11,0.5604577661,0.6712501049,-0.0470230393,1.0000000000
178,11.8790000000,left_hand,11,0.5605826378,0.6704429984,-0.0467782728,1.0000000000
179,11.9460000000,left_hand,11,0.5590977669,0.6691424847,-0.0455599204,1.0000000000
75,5.0050000000,left_hand,12,0.5114574432,0.7009469867,-0.0457108915,1.0000000000
76,5.0720000000,left_hand,12,0.5361270905,0.6446690559,-0.0839648023,1.0000000000
77,5.1390000000,left_hand,12,0.5360280275,0.6260199547,-0.0706931204,1.0000000000
78,5.2060000000,left_hand,12,0.5422761440,0.6259992719,-0.0382227898,1.0000000000
79,5.2720000000,left_hand,12,0.4175742865,0.8452947140,-0.0753896460,1.0000000000
80,5.3390000000,left_hand,12,0.4239372015,0.8464798331,-0.0845517144,1.0000000000
81,5.4060000000,left_hand,12,0.4233548641,0.8425214291,-0.0851105154,1.0000000000
82,5.4720000000,left_hand,12,0.5318885446,0.6895982623,-0.0653428957,1.0000000000
83,5.5390000000,left_hand,12,0.5297840834,0.7017946839,-0.0592206605,1.0000000000
84,5.6060000000,left_hand,12,0.5336530805,0.6950492263,-0.0466481894,1.0000000000
85,5.6730000000,left_hand,12,0.5218846202,0.7323542237,-0.0500928909,1.0000000000
86,5.7390000000,left_hand,12,0.5220087767,0.7318491936,-0.0546416342,1.0000000000
87,5.8060000000,left_hand,12,0.5238392353,0.7315921187,-0.0447197333,1.0000000000
88,5.8730000000,left_hand,12,0.5324655771,0.7162021995,-0.0576187931,1.0000000000
89,5.9400000000,left_hand,12,0.5456297994,0.6978406906,-0.0439685285,1.0000000000
90,6.0060000000,left_hand,12,0.5417547226,0.6870814562,-0.0589005649,1.0000000000
91,6.0730000000,left_hand,12,0.5554537773,0.6870825887,-0.0648749843,1.0000000000
92,6.1400000000,left_hand,12,0.5716851354,0.6338166595,-0.0444488451,1.0000000000
93,6.2070000000,left_hand,12,0.5694292188,0.6268122792,-0.0418449640,1.0000000000
94,6.2730000000,left_hand,12,0.5666650534,0.6276521683,-0.0344317555,1.0000000000
95,6.3400000000,left_hand,12,0.5628614426,0.6497462392,-0.0383519009,1.0000000000
96,6.4070000000,left_hand,12,0.5552843809,0.6612498164,-0.0323082171,1.0000000000
97,6.4740000000,left_hand,12,0.5483251810,0.6773967743,-0.0340483524,1.0000000000
98,6.5400000000,left_hand,12,0.5393567681,0.6790527701,-0.0355471186,1.0000000000
99,6.6070000000,left_hand,12,0.5313694477,0.6975995898,-0.0356407687,1.0000000000
100,6.6740000000,left_hand,12,0.5277087688,0.7052047253,-0.0377859287,1.0000000000
101,6.7400000000,left_hand,12,0.5237382054,0.7011198401,-0.0391494855,1.0000000000
102,6.8070000000,left_hand,12,0.5228967071,0.7171020508,-0.0355891734,1.0000000000
103,6.8740000000,left_hand,12,0.5262029767,0.6925464272,-0.0345403068,1.0000000000
104,6.9410000000,left_hand,12,0.5265175104,0.6704736352,-0.0356699079,1.0000000000
105,7.0070000000,left_hand,12,0.5329882503,0.6590409279,-0.0406448394,1.0000000000
106,7.0740000000,left_hand,12,0.5393521786,0.6511710882,-0.0380859002,1.0000000000
107,7.1410000000,left_hand,12,0.5495666265,0.6549723744,-0.0359629914,1.0000000000
108,7.2080000000,left_hand,12,0.5497694016,0.6567432880,-0.0374746770,1.0000000000
109,7.2740000000,left_hand,12,0.5502565503,0.6508465409,-0.0351178646,1.0000000000
110,7.3410000000,left_hand,12,0.5542688370,0.6583665013,-0.0371054560,1.0000000000
111,7.4080000000,left_hand,12,0.5484763384,0.6557858586,-0.0423500687,1.0000000000
112,7.4750000000,left_hand,12,0.5456793904,0.6677652597,-0.0361491814,1.0000000000
113,7.5410000000,left_hand,12,0.5376397371,0.6828882098,-0.0369147137,1.0000000000
114,7.6080000000,left_hand,12,0.5383238196,0.7003836632,-0.0396841317,1.0000000000
115,7.6750000000,left_hand,12,0.5365104675,0.6902623177,-0.0358392298,1.0000000000
116,7.7420000000,left_hand,12,0.5333948135,0.7283454537,-0.0378918536,1.0000000000
117,7.8080000000,left_hand,12,0.5363568664,0.7040399909,-0.0385602824,1.0000000000
118,7.8750000000,left_hand,12,0.5405031443,0.7062280178,-0.0416329280,1.0000000000
119,7.9420000000,left_hand,12,0.5421054363,0.6898535490,-0.0365843065,1.0000000000
120,8.0080000000,left_hand,12,0.5412678719,0.6708795428,-0.0403430052,1.0000000000
121,8.0750000000,left_hand,12,0.5482195616,0.6632745266,-0.0528019071,1.0000000000
122,8.1420000000,left_hand,12,0.5583598018,0.6547215581,-0.0416137055,1.0000000000
123,8.2090000000,left_hand,12,0.5552718639,0.6428453326,-0.0378486961,1.0000000000
124,8.2750000000,left_hand,12,0.5575098991,0.6475909948,-0.0410112813,1.0000000000
125,8.3420000000,left_hand,12,0.5518553257,0.6506506801,-0.0411037393,1.0000000000
126,8.4090000000,left_hand,12,0.5490658283,0.6680077910,-0.0342807546,1.0000000000
127,8.4760000000,left_hand,12,0.5381249785,0.6752034426,-0.0349848904,1.0000000000
128,8.5420000000,left_hand,12,0.5345115066,0.6891866326,-0.0384691097,1.0000000000
129,8.6090000000,left_hand,12,0.5326979160,0.7003512383,-0.0373846851,1.0000000000
130,8.6760000000,left_hand,12,0.5345273018,0.6979161501,-0.0366263390,1.0000000000
131,8.7430000000,left_hand,12,0.5425167084,0.7146170139,-0.0357925221,1.0000000000
132,8.8090000000,left_hand,12,0.5459223986,0.6802379489,-0.0409672782,1.0000000000
133,8.8760000000,left_hand,12,0.5529413223,0.6534677148,-0.0429250188,1.0000000000
134,8.9430000000,left_hand,12,0.5539212823,0.6404349208,-0.0497474037,1.0000000000
135,9.0100000000,left_hand,12,0.5576174259,0.6298815012,-0.0417453423,1.0000000000
136,9.0760000000,left_hand,12,0.5565891862,0.6395949721,-0.0386261791,1.0000000000
137,9.1430000000,left_hand,12,0.5560094118,0.6504712105,-0.0388086773,1.0000000000
138,9.2100000000,left_hand,12,0.5537254810,0.6582790613,-0.0327912346,1.0000000000
139,9.2770000000,left_hand,12,0.5508116484,0.6769733429,-0.0351710171,1.0000000000
140,9.3430000000,left_hand,12,0.5437988639,0.6978613734,-0.0361079611,1.0000000000
141,9.4100000000,left_hand,12,0.5398598909,0.7064239979,-0.0379841663,1.0000000000
142,9.4770000000,left_hand,12,0.5381917357,0.6990552545,-0.0433115847,1.0000000000
143,9.5430000000,left_hand,12,0.5392346382,0.7097771168,-0.0374840945,1.0000000000
144,9.6100000000,left_hand,12,0.5392062068,0.6978054047,-0.0396475494,1.0000000000
145,9.6770000000,left_hand,12,0.5438029170,0.6941476464,-0.0353874527,1.0000000000
146,9.7440000000,left_hand,12,0.5466133356,0.6743280292,-0.0371968113,1.0000000000
147,9.8100000000,left_hand,12,0.5527817011,0.6546499133,-0.0409437492,1.0000000000
148,9.8770000000,left_hand,12,0.5545392036,0.6455545425,-0.0454558693,1.0000000000
149,9.9440000000,left_hand,12,0.5551000834,0.6426790357,-0.0444267653,1.0000000000
150,10.0110000000,left_hand,12,0.5552154183,0.6432647109,-0.0337449424,1.0000000000
151,10.0770000000,left_hand,12,0.5580728054,0.6403371096,-0.0421060175,1.0000000000
152,10.1440000000,left_hand,12,0.5539541841,0.6496740580,-0.0391240604,1.0000000000
153,10.2110000000,left_hand,12,0.5513442755,0.6678057909,-0.0324908234,1.0000000000
154,10.2780000000,left_hand,12,0.5398361087,0.6785798073,-0.0394321568,1.0000000000
155,10.3440000000,left_hand,12,0.5338551402,0.7080435753,-0.0330118053,1.0000000000
156,10.4110000000,left_hand,12,0.5307748914,0.7098810077,-0.0293050278,1.0000000000
157,10.4780000000,left_hand,12,0.5304524899,0.7141060829,-0.0348974876,1.0000000000
158,10.5450000000,left_hand,12,0.5317928791,0.7050935626,-0.0403652117,1.0000000000
159,10.6110000000,left_hand,12,0.5259914398,0.7197982073,-0.0422705300,1.0000000000
160,10.6780000000,left_hand,12,0.5301393270,0.6821811199,-0.0443902314,1.0000000000
161,10.7450000000,left_hand,12,0.5331295729,0.6928402781,-0.0690722615,1.0000000000
162,10.8110000000,left_hand,12,0.5344484448,0.6805258989,-0.0531493798,1.0000000000
163,10.8780000000,left_hand,12,0.5381760597,0.6823965311,-0.0404494442,1.0000000000
164,10.9450000000,left_hand,12,0.5455314517,0.6545155048,-0.0450207181,1.0000000000
165,11.0120000000,left_hand,12,0.5451338291,0.6526225805,-0.0458509773,1.0000000000
166,11.0780000000,left_hand,12,0.5276130438,0.6953775883,-0.0420723893,1.0000000000
167,11.1450000000,left_hand,12,0.5333110094,0.6962662339,-0.0690556243,1.0000000000
168,11.2120000000,left_hand,12,0.5274383426,0.7037646174,-0.0628312826,1.0000000000
169,11.2790000000,left_hand,12,0.5267397761,0.7188901305,-0.0424346663,1.0000000000
170,11.3450000000,left_hand,12,0.5145652294,0.7372282743,-0.0418212302,1.0000000000
171,11.4120000000,left_hand,12,0.5195500851,0.7391088605,-0.0470459647,1.0000000000
172,11.4790000000,left_hand,12,0.5163442492,0.7462632060,-0.0544574372,1.0000000000
173,11.5460000000,left_hand,12,0.5266649127,0.7390217781,-0.0523252971,1.0000000000
174,11.6120000000,left_hand,12,0.5253878832,0.7220585346,-0.0471895449,1.0000000000
175,11.6790000000,left_hand,12,0.5274620056,0.7070205212,-0.0633163378,1.0000000000
176,11.7460000000,left_hand,12,0.5461851358,0.6693313122,-0.0310782995,1.0000000000
177,11.8130000000,left_hand,12,0.5609374046,0.6483917832,-0.0463764966,1.0000000000
178,11.8790000000,left_hand,12,0.5606700182,0.6517043710,-0.0478908792,1.0000000000
179,11.9460000000,left_hand,12,0.5597278476,0.6515896320,-0.0486042053,1.0000000000
75,5.0050000000,left_hand,13,0.5359230638,0.5887581110,-0.0298204031,1.0000000000
76,5.0720000000,left_hand,13,0.5436495543,0.5446087718,-0.0582755879,1.0000000000
77,5.1390000000,left_hand,13,0.5515871048,0.5480196476,-0.0591474734,1.0000000000
78,5.2060000000,left_hand,13,0.5343928337,0.5513863564,-0.0309318174,1.0000000000
79,5.2720000000,left_hand,13,0.3505381644,0.7055972219,-0.0526459552,1.0000000000
80,5.3390000000,left_hand,13,0.3511802554,0.7039372921,-0.0606218129,1.0000000000
81,5.4060000000,left_hand,13,0.3485852480,0.7032097578,-0.0619884692,1.0000000000
82,5.4720000000,left_hand,13,0.5494400263,0.5756421089,-0.0397543497,1.0000000000
83,5.5390000000,left_hand,13,0.5439264178,0.5880640745,-0.0369935706,1.0000000000
84,5.6060000000,left_hand,13,0.5357072353,0.6142261028,-0.0400284603,1.0000000000
85,5.6730000000,left_hand,13,0.5339647532,0.6138338447,-0.0379398130,1.0000000000
86,5.7390000000,left_hand,13,0.5372734666,0.6151991487,-0.0374981537,1.0000000000
87,5.8060000000,left_hand,13,0.5448212624,0.6157909036,-0.0336054042,1.0000000000
88,5.8730000000,left_hand,13,0.5485581160,0.6022121310,-0.0391047969,1.0000000000
89,5.9400000000,left_hand,13,0.5534732938,0.5918855071,-0.0347309150,1.0000000000
90,6.0060000000,left_hand,13,0.5724754333,0.5238364935,-0.0331470743,1.0000000000
91,6.0730000000,left_hand,13,0.5907157063,0.5392274261,-0.0439794548,1.0000000000
92,6.1400000000,left_hand,13,0.5847486854,0.5711125731,-0.0401564986,1.0000000000
93,6.2070000000,left_hand,13,0.5793923140,0.5810265541,-0.0344832018,1.0000000000
94,6.2730000000,left_hand,13,0.5757515430,0.5847924352,-0.0324929282,1.0000000000
95,6.3400000000,left_hand,13,0.5722618699,0.5891662836,-0.0344096161,1.0000000000
96,6.4070000000,left_hand,13,0.5626021624,0.6036772728,-0.0277169887,1.0000000000
97,6.4740000000,left_hand,13,0.5496569276,0.6129595041,-0.0313583314,1.0000000000
98,6.5400000000,left_hand,13,0.5445533991,0.6221485734,-0.0337522365,1.0000000000
99,6.6070000000,left_hand,13,0.5402365327,0.6298639774,-0.0310577359,1.0000000000
100,6.6740000000,left_hand,13,0.5374436975,0.6394311786,-0.0289439168,1.0000000000
101,6.7400000000,left_hand,13,0.5353978872,0.6368957758,-0.0325926840,1.0000000000
102,6.8070000000,left_hand,13,0.5350912213,0.6355836987,-0.0275587160,1.0000000000
103,6.8740000000,left_hand,13,0.5367587209,0.6304493546,-0.0294544939,1.0000000000
104,6.9410000000,left_hand,13,0.5354676247,0.6207032204,-0.0293982960,1.0000000000
105,7.0070000000,left_hand,13,0.5409079194,0.6081414819,-0.0325943306,1.0000000000
106,7.0740000000,left_hand,13,0.5467560887,0.5996592045,-0.0316936597,1.0000000000
107,7.1410000000,left_hand,13,0.5496970415,0.5902941227,-0.0332046822,1.0000000000
108,7.2080000000,left_hand,13,0.5543061495,0.5895508528,-0.0363555513,1.0000000000
109,7.2740000000,left_hand,13,0.5540946126,0.5921012163,-0.0341126435,1.0000000000
110,7.3410000000,left_hand,13,0.5513706207,0.5924617052,-0.0336669013,1.0000000000
111,7.4080000000,left_hand,13,0.5507608652,0.5934631824,-0.0358075127,1.0000000000
112,7.4750000000,left_hand,13,0.5474624634,0.6054940820,-0.0352988727,1.0000000000
113,7.5410000000,left_hand,13,0.5448579192,0.6200221777,-0.0338936336,1.0000000000
114,7.6080000000,left_hand,13,0.5422366261,0.6236188412,-0.0358852930,1.0000000000
115,7.6750000000,left_hand,13,0.5426881313,0.6336920261,-0.0364800543,1.0000000000
116,7.7420000000,left_hand,13,0.5415322781,0.6368499994,-0.0364670418,1.0000000000
117,7.8080000000,left_hand,13,0.5423292518,0.6366453767,-0.0397827849,1.0000000000
118,7.8750000000,left_hand,13,0.5472556949,0.6288471222,-0.0371097177,1.0000000000
119,7.9420000000,left_hand,13,0.5456090569,0.6201589108,-0.0369929299,1.0000000000
120,8.0080000000,left_hand,13,0.5468869805,0.6074951291,-0.0354801640,1.0000000000
121,8.0750000000,left_hand,13,0.5532817245,0.5931648016,-0.0424432866,1.0000000000
122,8.1420000000,left_hand,13,0.5576630831,0.5878970027,-0.0372128934,1.0000000000
123,8.2090000000,left_hand,13,0.5601955652,0.5890994668,-0.0372544825,1.0000000000
124,8.2750000000,left_hand,13,0.5596694350,0.5887995362,-0.0344274454,1.0000000000
125,8.3420000000,left_hand,13,0.5544210076,0.5902497768,-0.0365699083,1.0000000000
126,8.4090000000,left_hand,13,0.5488436222,0.5977769494,-0.0321767516,1.0000000000
127,8.4760000000,left_hand,13,0.5451444387,0.6184334159,-0.0362782776,1.0000000000
128,8.5420000000,left_hand,13,0.5433516502,0.6335089207,-0.0300171431,1.0000000000
129,8.6090000000,left_hand,13,0.5423725247,0.6354520321,-0.0348842740,1.0000000000
130,8.6760000000,left_hand,13,0.5429725051,0.6357113123,-0.0362098888,1.0000000000
131,8.7430000000,left_hand,13,0.5452086329,0.6190168262,-0.0375495180,1.0000000000
132,8.8090000000,left_hand,13,0.5505948663,0.6106296778,-0.0382211804,1.0000000000
133,8.8760000000,left_hand,13,0.5562616587,0.5975463986,-0.0327156596,1.0000000000
134,8.9430000000,left_hand,13,0.5592793822,0.5818190575,-0.0418075025,1.0000000000
135,9.0100000000,left_hand,13,0.5601994991,0.5784529448,-0.0374340564,1.0000000000
136,9.0760000000,left_hand,13,0.5599681139,0.5832101107,-0.0332624130,1.0000000000
137,9.1430000000,left_hand,13,0.5574637651,0.5885497332,-0.0346737914,1.0000000000
138,9.2100000000,left_hand,13,0.5563346744,0.6046880484,-0.0328800417,1.0000000000
139,9.2770000000,left_hand,13,0.5535262823,0.6144504547,-0.0359857306,1.0000000000
140,9.3430000000,left_hand,13,0.5457309484,0.6239576340,-0.0350209139,1.0000000000
141,9.4100000000,left_hand,13,0.5440420508,0.6341825724,-0.0357351638,1.0000000000
142,9.4770000000,left_hand,13,0.5437908173,0.6352479458,-0.0431581475,1.0000000000
143,9.5430000000,left_hand,13,0.5471711755,0.6415244937,-0.0380356908,1.0000000000
144,9.6100000000,left_hand,13,0.5461422801,0.6353076696,-0.0359943919,1.0000000000
145,9.6770000000,left_hand,13,0.5443491340,0.6217816472,-0.0347457938,1.0000000000
146,9.7440000000,left_hand,13,0.5501473546,0.6102333665,-0.0360940471,1.0000000000
147,9.8100000000,left_hand,13,0.5533423424,0.5941292644,-0.0337695256,1.0000000000
148,9.8770000000,left_hand,13,0.5566732287,0.5808281898,-0.0354302675,1.0000000000
149,9.9440000000,left_hand,13,0.5601653457,0.5735375285,-0.0359429158,1.0000000000
150,10.0110000000,left_hand,13,0.5572731495,0.5768449903,-0.0279692300,1.0000000000
151,10.0770000000,left_hand,13,0.5578795671,0.5816342831,-0.0348239914,1.0000000000
152,10.1440000000,left_hand,13,0.5508996248,0.5862603188,-0.0343208127,1.0000000000
153,10.2110000000,left_hand,13,0.5462713242,0.6023101807,-0.0311506782,1.0000000000
154,10.2780000000,left_hand,13,0.5420082211,0.6176100969,-0.0398727767,1.0000000000
155,10.3440000000,left_hand,13,0.5404416323,0.6407108903,-0.0312248170,1.0000000000
156,10.4110000000,left_hand,13,0.5365781188,0.6580314636,-0.0253923945,1.0000000000
157,10.4780000000,left_hand,13,0.5342258215,0.6525305510,-0.0341182947,1.0000000000
158,10.5450000000,left_hand,13,0.5367419124,0.6409036517,-0.0370953754,1.0000000000
159,10.6110000000,left_hand,13,0.5406840444,0.6358885765,-0.0344113261,1.0000000000
160,10.6780000000,left_hand,13,0.5442817211,0.6236807108,-0.0323375091,1.0000000000
161,10.7450000000,left_hand,13,0.5505155325,0.6121451259,-0.0454056263,1.0000000000
162,10.8110000000,left_hand,13,0.5473082662,0.5936295986,-0.0317647159,1.0000000000
163,10.8780000000,left_hand,13,0.5506553650,0.5805655718,-0.0223613642,1.0000000000
164,10.9450000000,left_hand,13,0.5538432002,0.5831399560,-0.0297742244,1.0000000000
165,11.0120000000,left_hand,13,0.5486732125,0.5880950093,-0.0288173892,1.0000000000
166,11.0780000000,left_hand,13,0.5466744900,0.5878581405,-0.0238179956,1.0000000000
167,11.1450000000,left_hand,13,0.5439415574,0.5990830064,-0.0417418033,1.0000000000
168,11.2120000000,left_hand,13,0.5425146818,0.6108723879,-0.0381026603,1.0000000000
169,11.2790000000,left_hand,13,0.5360274911,0.6187946796,-0.0249656271,1.0000000000
170,11.3450000000,left_hand,13,0.5329381824,0.6360641122,-0.0259289928,1.0000000000
171,11.4120000000,left_hand,13,0.5341606736,0.6391177177,-0.0320901312,1.0000000000
172,11.4790000000,left_hand,13,0.5339363813,0.6368111968,-0.0357862934,1.0000000000
173,11.5460000000,left_hand,13,0.5409977436,0.6285502911,-0.0340171903,1.0000000000
174,11.6120000000,left_hand,13,0.5429170728,0.6197674274,-0.0306367371,1.0000000000
175,11.6790000000,left_hand,13,0.5536212921,0.5668624043,-0.0400935337,1.0000000000
176,11.7460000000,left_hand,13,0.5574507117,0.5885358453,-0.0276683792,1.0000000000
177,11.8130000000,left_hand,13,0.5633651614,0.5769284964,-0.0415064059,1.0000000000
178,11.8790000000,left_hand,13,0.5597230196,0.5802739859,-0.0356225669,1.0000000000
179,11.9460000000,left_hand,13,0.5686743259,0.5847165585,-0.0334388539,1.0000000000
75,5.0050000000,left_hand,14,0.5257545710,0.6300088167,-0.0427236632,1.0000000000
76,5.0720000000,left_hand,14,0.5515207052,0.5835289955,-0.0744322389,1.0000000000
77,5.1390000000,left_hand,14,0.5574543476,0.6153836846,-0.0744216293,1.0000000000
78,5.2060000000,left_hand,14,0.5487282872,0.6239354014,-0.0379837677,1.0000000000
79,5.2720000000,left_hand,14,0.3780614138,0.7686387300,-0.0693958923,1.0000000000
80,5.3390000000,left_hand,14,0.3799810410,0.7679432034,-0.0793200955,1.0000000000
81,5.4060000000,left_hand,14,0.3790187836,0.7669704556,-0.0801044330,1.0000000000
82,5.4720000000,left_hand,14,0.5491410494,0.6024914980,-0.0566550083,1.0000000000
83,5.5390000000,left_hand,14,0.5422264338,0.6339914203,-0.0551264957,1.0000000000
84,5.6060000000,left_hand,14,0.5405051112,0.7026751637,-0.0523857363,1.0000000000
85,5.6730000000,left_hand,14,0.5399281383,0.6745691895,-0.0501276255,1.0000000000
86,5.7390000000,left_hand,14,0.5422688127,0.6600293517,-0.0510278381,1.0000000000
87,5.8060000000,left_hand,14,0.5461950302,0.6674968004,-0.0447253175,1.0000000000
88,5.8730000000,left_hand,14,0.5514412522,0.6468850970,-0.0530457944,1.0000000000
89,5.9400000000,left_hand,14,0.5571534038,0.6490508318,-0.0429313667,1.0000000000
90,6.0060000000,left_hand,14,0.5521181822,0.5876132846,-0.0478874147,1.0000000000
91,6.0730000000,left_hand,14,0.5783470869,0.5991659760,-0.0611700527,1.0000000000
92,6.1400000000,left_hand,14,0.5823088288,0.6597189307,-0.0510891266,1.0000000000
93,6.2070000000,left_hand,14,0.5790605545,0.6660478711,-0.0458008572,1.0000000000
94,6.2730000000,left_hand,14,0.5751156211,0.6674659252,-0.0401425883,1.0000000000
95,6.3400000000,left_hand,14,0.5709101558,0.6759163141,-0.0439129286,1.0000000000
96,6.4070000000,left_hand,14,0.5605519414,0.6892375946,-0.0355701596,1.0000000000
97,6.4740000000,left_hand,14,0.5530972481,0.7053764462,-0.0406751335,1.0000000000
98,6.5400000000,left_hand,14,0.5501894355,0.7156511545,-0.0435162820,1.0000000000
99,6.6070000000,left_hand,14,0.5420296788,0.7134177089,-0.0375966504,1.0000000000
100,6.6740000000,left_hand,14,0.5377587080,0.7205775380,-0.0376156420,1.0000000000
101,6.7400000000,left_hand,14,0.5354464054,0.7245779037,-0.0414604135,1.0000000000
102,6.8070000000,left_hand,14,0.5345743299,0.7183869481,-0.0358395949,1.0000000000
103,6.8740000000,left_hand,14,0.5369159579,0.7138196826,-0.0365103856,1.0000000000
104,6.9410000000,left_hand,14,0.5408045053,0.7082464695,-0.0377648063,1.0000000000
105,7.0070000000,left_hand,14,0.5469292998,0.6972419620,-0.0425106362,1.0000000000
106,7.0740000000,left_hand,14,0.5512338877,0.6877373457,-0.0410014205,1.0000000000
107,7.1410000000,left_hand,14,0.5555596948,0.6782194376,-0.0423546098,1.0000000000
108,7.2080000000,left_hand,14,0.5573010445,0.6762569547,-0.0457848795,1.0000000000
109,7.2740000000,left_hand,14,0.5567966104,0.6771460772,-0.0435786135,1.0000000000
110,7.3410000000,left_hand,14,0.5573084950,0.6750330329,-0.0430701897,1.0000000000
111,7.4080000000,left_hand,14,0.5560114980,0.6829155087,-0.0471068993,1.0000000000
112,7.4750000000,left_hand,14,0.5532617569,0.6925477386,-0.0440662280,1.0000000000
113,7.5410000000,left_hand,14,0.5494599938,0.7056487799,-0.0413965769,1.0000000000
114,7.6080000000,left_hand,14,0.5470305085,0.7111772299,-0.0444630049,1.0000000000
115,7.6750000000,left_hand,14,0.5470530391,0.7231585979,-0.0439425111,1.0000000000
116,7.7420000000,left_hand,14,0.5447975397,0.7201554775,-0.0419302247,1.0000000000
117,7.8080000000,left_hand,14,0.5469940305,0.7260471582,-0.0472526290,1.0000000000
118,7.8750000000,left_hand,14,0.5508009791,0.7129154801,-0.0446490049,1.0000000000
119,7.9420000000,left_hand,14,0.5519739389,0.7049851418,-0.0431715921,1.0000000000
120,8.0080000000,left_hand,14,0.5564236641,0.6997590661,-0.0448646471,1.0000000000
121,8.0750000000,left_hand,14,0.5603057146,0.6829989552,-0.0541553199,1.0000000000
122,8.1420000000,left_hand,14,0.5650880933,0.6735070348,-0.0489449203,1.0000000000
123,8.2090000000,left_hand,14,0.5655357242,0.6758474708,-0.0470258370,1.0000000000
124,8.2750000000,left_hand,14,0.5655720234,0.6759755015,-0.0459382497,1.0000000000
125,8.3420000000,left_hand,14,0.5604794621,0.6813681722,-0.0473776273,1.0000000000
126,8.4090000000,left_hand,14,0.5583983660,0.6865293384,-0.0421282873,1.0000000000
127,8.4760000000,left_hand,14,0.5502433777,0.7046778798,-0.0430806875,1.0000000000
128,8.5420000000,left_hand,14,0.5466905832,0.7140313387,-0.0387339406,1.0000000000
129,8.6090000000,left_hand,14,0.5447438955,0.7219229341,-0.0416504443,1.0000000000
130,8.6760000000,left_hand,14,0.5468662381,0.7230498791,-0.0433130525,1.0000000000
131,8.7430000000,left_hand,14,0.5512115359,0.6970198750,-0.0442251526,1.0000000000
132,8.8090000000,left_hand,14,0.5558572412,0.6945070028,-0.0453443527,1.0000000000
133,8.8760000000,left_hand,14,0.5626311302,0.6832192540,-0.0454995073,1.0000000000
134,8.9430000000,left_hand,14,0.5672289729,0.6685628891,-0.0542754121,1.0000000000
135,9.0100000000,left_hand,14,0.5673837066,0.6645817757,-0.0482151657,1.0000000000
136,9.0760000000,left_hand,14,0.5647642612,0.6685250401,-0.0449036881,1.0000000000
137,9.1430000000,left_hand,14,0.5643654466,0.6770074368,-0.0457911938,1.0000000000
138,9.2100000000,left_hand,14,0.5637043118,0.6886351705,-0.0419434570,1.0000000000
139,9.2770000000,left_hand,14,0.5605469346,0.7004147172,-0.0433185622,1.0000000000
140,9.3430000000,left_hand,14,0.5526513457,0.7072179914,-0.0413439348,1.0000000000
141,9.4100000000,left_hand,14,0.5502211452,0.7206874490,-0.0436000377,1.0000000000
142,9.4770000000,left_hand,14,0.5493499637,0.7301003337,-0.0508842617,1.0000000000
143,9.5430000000,left_hand,14,0.5516768098,0.7315517068,-0.0440247692,1.0000000000
144,9.6100000000,left_hand,14,0.5500555634,0.7239946127,-0.0437970906,1.0000000000
145,9.6770000000,left_hand,14,0.5537740588,0.7127395868,-0.0425603501,1.0000000000
146,9.7440000000,left_hand,14,0.5581400394,0.6992251873,-0.0442212597,1.0000000000
147,9.8100000000,left_hand,14,0.5632526278,0.6791589856,-0.0448635258,1.0000000000
148,9.8770000000,left_hand,14,0.5660471320,0.6686272621,-0.0490914918,1.0000000000
149,9.9440000000,left_hand,14,0.5676535964,0.6570948958,-0.0486537516,1.0000000000
150,10.0110000000,left_hand,14,0.5654251575,0.6568757296,-0.0376642942,1.0000000000
151,10.0770000000,left_hand,14,0.5657407641,0.6677343845,-0.0474839807,1.0000000000
152,10.1440000000,left_hand,14,0.5633780956,0.6793344617,-0.0458776504,1.0000000000
153,10.2110000000,left_hand,14,0.5572988987,0.6906002164,-0.0407142043,1.0000000000
154,10.2780000000,left_hand,14,0.5518036485,0.7125667930,-0.0482653007,1.0000000000
155,10.3440000000,left_hand,14,0.5440656543,0.7182393670,-0.0375559554,1.0000000000
156,10.4110000000,left_hand,14,0.5399982333,0.7310640812,-0.0316492654,1.0000000000
157,10.4780000000,left_hand,14,0.5391701460,0.7337328792,-0.0401040912,1.0000000000
158,10.5450000000,left_hand,14,0.5423349738,0.7303457856,-0.0476216972,1.0000000000
159,10.6110000000,left_hand,14,0.5432887077,0.7114933729,-0.0440824293,1.0000000000
160,10.6780000000,left_hand,14,0.5426797867,0.6933300495,-0.0456947945,1.0000000000
161,10.7450000000,left_hand,14,0.5497548580,0.6230120063,-0.0664482191,1.0000000000
162,10.8110000000,left_hand,14,0.5499576330,0.6258000731,-0.0480679795,1.0000000000
163,10.8780000000,left_hand,14,0.5548422933,0.6551632881,-0.0338772014,1.0000000000
164,10.9450000000,left_hand,14,0.5587293506,0.6647236943,-0.0415080003,1.0000000000
165,11.0120000000,left_hand,14,0.5533574820,0.6643140316,-0.0404882394,1.0000000000
166,11.0780000000,left_hand,14,0.5480518937,0.6367989779,-0.0352665409,1.0000000000
167,11.1450000000,left_hand,14,0.5488526225,0.6502329707,-0.0607260205,1.0000000000
168,11.2120000000,left_hand,14,0.5429188013,0.6192087531,-0.0567502379,1.0000000000
169,11.2790000000,left_hand,14,0.5429094434,0.6901138425,-0.0363228917,1.0000000000
170,11.3450000000,left_hand,14,0.5329231024,0.7098075151,-0.0354713798,1.0000000000
171,11.4120000000,left_hand,14,0.5363529921,0.6868542433,-0.0445028916,1.0000000000
172,11.4790000000,left_hand,14,0.5373942256,0.6823633909,-0.0495459549,1.0000000000
173,11.5460000000,left_hand,14,0.5457930565,0.6732307076,-0.0472553149,1.0000000000
174,11.6120000000,left_hand,14,0.5437983274,0.6673586369,-0.0429276451,1.0000000000
175,11.6790000000,left_hand,14,0.5425255299,0.6090564132,-0.0606994256,1.0000000000
176,11.7460000000,left_hand,14,0.5575022101,0.6705824733,-0.0356653929,1.0000000000
177,11.8130000000,left_hand,14,0.5706184506,0.6696513891,-0.0527598336,1.0000000000
178,11.8790000000,left_hand,14,0.5705661774,0.6631036997,-0.0487738214,1.0000000000
179,11.9460000000,left_hand,14,0.5713670254,0.6646538973,-0.0463305749,1.0000000000
75,5.0050000000,left_hand,15,0.5189845562,0.6639577150,-0.0435611121,1.0000000000
76,5.0720000000,left_hand,15,0.5534892678,0.6125559807,-0.0722970963,1.0000000000
77,5.1390000000,left_hand,15,0.5545522571,0.6214149594,-0.0623785369,1.0000000000
78,5.2060000000,left_hand,15,0.5532848239,0.6255245209,-0.0332169533,1.0000000000
79,5.2720000000,left_hand,15,0.3908455372,0.8161079288,-0.0736178756,1.0000000000
80,5.3390000000,left_hand,15,0.3941729665,0.8152301908,-0.0838805586,1.0000000000
81,5.4060000000,left_hand,15,0.3940300047,0.8135895729,-0.0837178379,1.0000000000
82,5.4720000000,left_hand,15,0.5513114929,0.6500646472,-0.0570012219,1.0000000000
83,5.5390000000,left_hand,15,0.5467049479,0.6767776012,-0.0557914339,1.0000000000
84,5.6060000000,left_hand,15,0.5474057198,0.7007757425,-0.0455272906,1.0000000000
85,5.6730000000,left_hand,15,0.5415729880,0.7032788396,-0.0484474637,1.0000000000
86,5.7390000000,left_hand,15,0.5434985161,0.6925649643,-0.0531408638,1.0000000000
87,5.8060000000,left_hand,15,0.5456654429,0.6961120367,-0.0452917702,1.0000000000
88,5.8730000000,left_hand,15,0.5499736071,0.6783433557,-0.0565414913,1.0000000000
89,5.9400000000,left_hand,15,0.5595674515,0.6754435897,-0.0414228812,1.0000000000
90,6.0060000000,left_hand,15,0.5542606711,0.6433609724,-0.0512926392,1.0000000000
91,6.0730000000,left_hand,15,0.5762876868,0.6436882019,-0.0636464804,1.0000000000
92,6.1400000000,left_hand,15,0.5864691138,0.6511144638,-0.0453148149,1.0000000000
93,6.2070000000,left_hand,15,0.5856178403,0.6482986212,-0.0379373282,1.0000000000
94,6.2730000000,left_hand,15,0.5828717351,0.6505258679,-0.0315065272,1.0000000000
95,6.3400000000,left_hand,15,0.5781542063,0.6637683511,-0.0365482867,1.0000000000
96,6.4070000000,left_hand,15,0.5676757693,0.6783018708,-0.0302842278,1.0000000000
97,6.4740000000,left_hand,15,0.5621310472,0.6921480298,-0.0326834470,1.0000000000
98,6.5400000000,left_hand,15,0.5571610332,0.6985024214,-0.0354662053,1.0000000000
99,6.6070000000,left_hand,15,0.5473791957,0.7101016045,-0.0311420299,1.0000000000
100,6.6740000000,left_hand,15,0.5429913998,0.7147355080,-0.0320393816,1.0000000000
101,6.7400000000,left_hand,15,0.5400953293,0.7150359154,-0.0344132520,1.0000000000
102,6.8070000000,left_hand,15,0.5389397740,0.7184188366,-0.0313533805,1.0000000000
103,6.8740000000,left_hand,15,0.5419589281,0.7052960396,-0.0301205367,1.0000000000
104,6.9410000000,left_hand,15,0.5448089838,0.6921920776,-0.0306575019,1.0000000000
105,7.0070000000,left_hand,15,0.5518959165,0.6822333336,-0.0356684960,1.0000000000
106,7.0740000000,left_hand,15,0.5568674803,0.6734341979,-0.0339472517,1.0000000000
107,7.1410000000,left_hand,15,0.5637888908,0.6690018177,-0.0350616090,1.0000000000
108,7.2080000000,left_hand,15,0.5641059279,0.6650173068,-0.0380628631,1.0000000000
109,7.2740000000,left_hand,15,0.5640441775,0.6657981873,-0.0359407216,1.0000000000
110,7.3410000000,left_hand,15,0.5668860674,0.6674016118,-0.0355170667,1.0000000000
111,7.4080000000,left_hand,15,0.5628440976,0.6697962284,-0.0395845436,1.0000000000
112,7.4750000000,left_hand,15,0.5613507032,0.6817296743,-0.0361481868,1.0000000000
113,7.5410000000,left_hand,15,0.5543702841,0.6958578229,-0.0343712792,1.0000000000
114,7.6080000000,left_hand,15,0.5525243282,0.7066095471,-0.0380281471,1.0000000000
115,7.6750000000,left_hand,15,0.5506233573,0.7070596218,-0.0364541300,1.0000000000
116,7.7420000000,left_hand,15,0.5495529771,0.7222248912,-0.0347111747,1.0000000000
117,7.8080000000,left_hand,15,0.5519828200,0.7140737772,-0.0383689068,1.0000000000
118,7.8750000000,left_hand,15,0.5559313893,0.7104727626,-0.0380578190,1.0000000000
119,7.9420000000,left_hand,15,0.5578305125,0.6967415214,-0.0351046547,1.0000000000
120,8.0080000000,left_hand,15,0.5603662133,0.6854585409,-0.0380012132,1.0000000000
121,8.0750000000,left_hand,15,0.5654489994,0.6733351946,-0.0472095497,1.0000000000
122,8.1420000000,left_hand,15,0.5724287629,0.6627224684,-0.0417115577,1.0000000000
123,8.2090000000,left_hand,15,0.5709698796,0.6577153802,-0.0381933115,1.0000000000
124,8.2750000000,left_hand,15,0.5720498562,0.6619275808,-0.0394955724,1.0000000000
125,8.3420000000,left_hand,15,0.5667039752,0.6653041840,-0.0397695042,1.0000000000
126,8.4090000000,left_hand,15,0.5652363300,0.6752046347,-0.0359598547,1.0000000000
127,8.4760000000,left_hand,15,0.5553898215,0.6907243133,-0.0346403830,1.0000000000
128,8.5420000000,left_hand,15,0.5498473644,0.7034477592,-0.0327377580,1.0000000000
129,8.6090000000,left_hand,15,0.5491159558,0.7103050947,-0.0335963182,1.0000000000
130,8.6760000000,left_hand,15,0.5516003370,0.7100478411,-0.0347704142,1.0000000000
131,8.7430000000,left_hand,15,0.5563650727,0.7072564363,-0.0357640944,1.0000000000
132,8.8090000000,left_hand,15,0.5615265369,0.6897701025,-0.0375622436,1.0000000000
133,8.8760000000,left_hand,15,0.5685076714,0.6680545211,-0.0392639637,1.0000000000
134,8.9430000000,left_hand,15,0.5711479783,0.6535339355,-0.0469770357,1.0000000000
135,9.0100000000,left_hand,15,0.5730767250,0.6439340711,-0.0406179130,1.0000000000
136,9.0760000000,left_hand,15,0.5715962052,0.6542620659,-0.0375013687,1.0000000000
137,9.1430000000,left_hand,15,0.5701893568,0.6636155844,-0.0386430845,1.0000000000
138,9.2100000000,left_hand,15,0.5693069100,0.6725987792,-0.0341430642,1.0000000000
139,9.2770000000,left_hand,15,0.5667760968,0.6894969344,-0.0348797478,1.0000000000
140,9.3430000000,left_hand,15,0.5584040880,0.7025707364,-0.0336210579,1.0000000000
141,9.4100000000,left_hand,15,0.5559219718,0.7123568654,-0.0359965041,1.0000000000
142,9.4770000000,left_hand,15,0.5554724336,0.7162886858,-0.0413456522,1.0000000000
143,9.5430000000,left_hand,15,0.5567998886,0.7204074860,-0.0350275710,1.0000000000
144,9.6100000000,left_hand,15,0.5554755330,0.7131624222,-0.0351604223,1.0000000000
145,9.6770000000,left_hand,15,0.5602114797,0.7019095421,-0.0346687846,1.0000000000
146,9.7440000000,left_hand,15,0.5629870892,0.6865529418,-0.0360598788,1.0000000000
147,9.8100000000,left_hand,15,0.5689205527,0.6671210527,-0.0385467261,1.0000000000
148,9.8770000000,left_hand,15,0.5718563199,0.6559451222,-0.0426893979,1.0000000000
149,9.9440000000,left_hand,15,0.5724089146,0.6498197913,-0.0435666814,1.0000000000
150,10.0110000000,left_hand,15,0.5708450675,0.6515660882,-0.0336061642,1.0000000000
151,10.0770000000,left_hand,15,0.5715752840,0.6534445882,-0.0409787409,1.0000000000
152,10.1440000000,left_hand,15,0.5688142180,0.6624660492,-0.0393013358,1.0000000000
153,10.2110000000,left_hand,15,0.5655568838,0.6795084476,-0.0347834304,1.0000000000
154,10.2780000000,left_hand,15,0.5553537607,0.6953514218,-0.0400782265,1.0000000000
155,10.3440000000,left_hand,15,0.5486658812,0.7154217362,-0.0322214738,1.0000000000
156,10.4110000000,left_hand,15,0.5455604196,0.7242655754,-0.0272284746,1.0000000000
157,10.4780000000,left_hand,15,0.5445253253,0.7250152826,-0.0335598513,1.0000000000
158,10.5450000000,left_hand,15,0.5480287671,0.7178921103,-0.0399445593,1.0000000000
159,10.6110000000,left_hand,15,0.5453368425,0.7107661963,-0.0392382480,1.0000000000
160,10.6780000000,left_hand,15,0.5481197834,0.6858052611,-0.0423242152,1.0000000000
161,10.7450000000,left_hand,15,0.5517932773,0.6537780762,-0.0665414408,1.0000000000
162,10.8110000000,left_hand,15,0.5531309843,0.6447933912,-0.0509778373,1.0000000000
163,10.8780000000,left_hand,15,0.5572046638,0.6658469439,-0.0337637700,1.0000000000
164,10.9450000000,left_hand,15,0.5640506148,0.6597060561,-0.0385396220,1.0000000000
165,11.0120000000,left_hand,15,0.5595855117,0.6588444114,-0.0381437019,1.0000000000
166,11.0780000000,left_hand,15,0.5494003892,0.6652061939,-0.0387987606,1.0000000000
167,11.1450000000,left_hand,15,0.5517048836,0.6741325855,-0.0628205091,1.0000000000
168,11.2120000000,left_hand,15,0.5441879630,0.6590844989,-0.0593517460,1.0000000000
169,11.2790000000,left_hand,15,0.5457025170,0.7073820233,-0.0361080766,1.0000000000
170,11.3450000000,left_hand,15,0.5331054926,0.7248429656,-0.0359620973,1.0000000000
171,11.4120000000,left_hand,15,0.5373488665,0.7177535295,-0.0447080657,1.0000000000
172,11.4790000000,left_hand,15,0.5381868482,0.7163799405,-0.0509812124,1.0000000000
173,11.5460000000,left_hand,15,0.5484895706,0.7051163912,-0.0475716777,1.0000000000
174,11.6120000000,left_hand,15,0.5449806452,0.6979491711,-0.0436413027,1.0000000000
175,11.6790000000,left_hand,15,0.5465626121,0.6636025310,-0.0605523847,1.0000000000
176,11.7460000000,left_hand,15,0.5630958676,0.6684315801,-0.0324357674,1.0000000000
177,11.8130000000,left_hand,15,0.5771125555,0.6572883725,-0.0446070172,1.0000000000
178,11.8790000000,left_hand,15,0.5760588050,0.6550641060,-0.0440976694,1.0000000000
179,11.9460000000,left_hand,15,0.5767779946,0.6584657431,-0.0431437455,1.0000000000
75,5.0050000000,left_hand,16,0.5165754557,0.6878483295,-0.0423888899,1.0000000000
76,5.0720000000,left_hand,16,0.5545774698,0.6235297918,-0.0712046921,1.0000000000
77,5.1390000000,left_hand,16,0.5516915321,0.6110481024,-0.0521325842,1.0000000000
78,5.2060000000,left_hand,16,0.5525908470,0.6147712469,-0.0314954333,1.0000000000
79,5.2720000000,left_hand,16,0.4005432725,0.8520981073,-0.0766123161,1.0000000000
80,5.3390000000,left_hand,16,0.4046134651,0.8506875038,-0.0866369829,1.0000000000
81,5.4060000000,left_hand,16,0.4053071141,0.8483801484,-0.0859843120,1.0000000000
82,5.4720000000,left_hand,16,0.5544844866,0.6770921946,-0.0560703315,1.0000000000
83,5.5390000000,left_hand,16,0.5506722927,0.6931666136,-0.0539686754,1.0000000000
84,5.6060000000,left_hand,16,0.5476120710,0.6800208092,-0.0404467955,1.0000000000
85,5.6730000000,left_hand,16,0.5414235592,0.7165036201,-0.0470794663,1.0000000000
86,5.7390000000,left_hand,16,0.5439326167,0.7181564569,-0.0547623746,1.0000000000
87,5.8060000000,left_hand,16,0.5441347361,0.7176439762,-0.0455980115,1.0000000000
88,5.8730000000,left_hand,16,0.5476455092,0.7064397335,-0.0592196621,1.0000000000
89,5.9400000000,left_hand,16,0.5596832037,0.6914327145,-0.0409235805,1.0000000000
90,6.0060000000,left_hand,16,0.5589098930,0.6793651581,-0.0528731719,1.0000000000
91,6.0730000000,left_hand,16,0.5767538548,0.6695800424,-0.0648442954,1.0000000000
92,6.1400000000,left_hand,16,0.5862579942,0.6278588772,-0.0417957269,1.0000000000
93,6.2070000000,left_hand,16,0.5869489312,0.6222730875,-0.0322466716,1.0000000000
94,6.2730000000,left_hand,16,0.5848352313,0.6252759099,-0.0261070710,1.0000000000
95,6.3400000000,left_hand,16,0.5802861452,0.6385484934,-0.0312370826,1.0000000000
96,6.4070000000,left_hand,16,0.5711345077,0.6555197239,-0.0262720026,1.0000000000
97,6.4740000000,left_hand,16,0.5648814440,0.6679800749,-0.0273178238,1.0000000000
98,6.5400000000,left_hand,16,0.5577384830,0.6723043919,-0.0302135516,1.0000000000
99,6.6070000000,left_hand,16,0.5497134924,0.6899867654,-0.0273594894,1.0000000000
100,6.6740000000,left_hand,16,0.5462599397,0.6948488951,-0.0279538278,1.0000000000
101,6.7400000000,left_hand,16,0.5426504612,0.6920376420,-0.0295832362,1.0000000000
102,6.8070000000,left_hand,16,0.5419853330,0.7025411129,-0.0281054918,1.0000000000
103,6.8740000000,left_hand,16,0.5441471934,0.6846837997,-0.0260731261,1.0000000000
104,6.9410000000,left_hand,16,0.5446872711,0.6661511064,-0.0258848872,1.0000000000
105,7.0070000000,left_hand,16,0.5514727235,0.6551876664,-0.0308435317,1.0000000000
106,7.0740000000,left_hand,16,0.5571013093,0.6483857632,-0.0287042744,1.0000000000
107,7.1410000000,left_hand,16,0.5653955340,0.6460147500,-0.0299811065,1.0000000000
108,7.2080000000,left_hand,16,0.5663139224,0.6424081922,-0.0329813361,1.0000000000
109,7.2740000000,left_hand,16,0.5657232404,0.6418345571,-0.0306491684,1.0000000000
110,7.3410000000,left_hand,16,0.5689908266,0.6458407640,-0.0301906392,1.0000000000
111,7.4080000000,left_hand,16,0.5637941360,0.6439939737,-0.0337317437,1.0000000000
112,7.4750000000,left_hand,16,0.5630174279,0.6581699848,-0.0311686769,1.0000000000
113,7.5410000000,left_hand,16,0.5554565787,0.6717415452,-0.0299890526,1.0000000000
114,7.6080000000,left_hand,16,0.5552802086,0.6866557598,-0.0335336365,1.0000000000
115,7.6750000000,left_hand,16,0.5528066754,0.6807942986,-0.0317194723,1.0000000000
116,7.7420000000,left_hand,16,0.5516851544,0.7088996768,-0.0309420060,1.0000000000
117,7.8080000000,left_hand,16,0.5538973808,0.6897239685,-0.0333013162,1.0000000000
118,7.8750000000,left_hand,16,0.5579796433,0.6915331483,-0.0343478061,1.0000000000
119,7.9420000000,left_hand,16,0.5591621399,0.6756157279,-0.0309692994,1.0000000000
120,8.0080000000,left_hand,16,0.5592143536,0.6600179076,-0.0333817787,1.0000000000
121,8.0750000000,left_hand,16,0.5658456683,0.6523460746,-0.0422366150,1.0000000000
122,8.1420000000,left_hand,16,0.5725675821,0.6392447948,-0.0362862758,1.0000000000
123,8.2090000000,left_hand,16,0.5705828667,0.6332019567,-0.0323455110,1.0000000000
124,8.2750000000,left_hand,16,0.5726949573,0.6367604733,-0.0344315171,1.0000000000
125,8.3420000000,left_hand,16,0.5676678419,0.6392902136,-0.0345144942,1.0000000000
126,8.4090000000,left_hand,16,0.5653143525,0.6512283087,-0.0315476023,1.0000000000
127,8.4760000000,left_hand,16,0.5564877391,0.6657621861,-0.0299625769,1.0000000000
128,8.5420000000,left_hand,16,0.5518842340,0.6802600026,-0.0284422450,1.0000000000
129,8.6090000000,left_hand,16,0.5508409142,0.6868444681,-0.0290377419,1.0000000000
130,8.6760000000,left_hand,16,0.5525083542,0.6863222718,-0.0300281812,1.0000000000
131,8.7430000000,left_hand,16,0.5588532090,0.7027198672,-0.0303665251,1.0000000000
132,8.8090000000,left_hand,16,0.5631241202,0.6704074144,-0.0331764854,1.0000000000
133,8.8760000000,left_hand,16,0.5683414340,0.6442278028,-0.0338951796,1.0000000000
134,8.9430000000,left_hand,16,0.5696811676,0.6278941035,-0.0418583453,1.0000000000
135,9.0100000000,left_hand,16,0.5724410415,0.6186978221,-0.0357909240,1.0000000000
136,9.0760000000,left_hand,16,0.5726348162,0.6310765147,-0.0318434685,1.0000000000
137,9.1430000000,left_hand,16,0.5711541772,0.6398382783,-0.0332840048,1.0000000000
138,9.2100000000,left_hand,16,0.5688907504,0.6481789351,-0.0288944952,1.0000000000
139,9.2770000000,left_hand,16,0.5675029159,0.6652637124,-0.0298766252,1.0000000000
140,9.3430000000,left_hand,16,0.5604512691,0.6834372878,-0.0292422306,1.0000000000
141,9.4100000000,left_hand,16,0.5577589273,0.6893072128,-0.0312949196,1.0000000000
142,9.4770000000,left_hand,16,0.5573824048,0.6908397675,-0.0362302214,1.0000000000
143,9.5430000000,left_hand,16,0.5582701564,0.6964792609,-0.0303702112,1.0000000000
144,9.6100000000,left_hand,16,0.5575647354,0.6889736652,-0.0299556926,1.0000000000
145,9.6770000000,left_hand,16,0.5607393980,0.6798400283,-0.0299875829,1.0000000000
146,9.7440000000,left_hand,16,0.5630831718,0.6627531648,-0.0311536361,1.0000000000
147,9.8100000000,left_hand,16,0.5683373809,0.6437157989,-0.0336474031,1.0000000000
148,9.8770000000,left_hand,16,0.5704040527,0.6326597929,-0.0372294933,1.0000000000
149,9.9440000000,left_hand,16,0.5707654357,0.6273708940,-0.0394838005,1.0000000000
150,10.0110000000,left_hand,16,0.5703096986,0.6316187382,-0.0307649765,1.0000000000
151,10.0770000000,left_hand,16,0.5719757080,0.6291555166,-0.0355936028,1.0000000000
152,10.1440000000,left_hand,16,0.5678965449,0.6367023587,-0.0341344662,1.0000000000
153,10.2110000000,left_hand,16,0.5663381219,0.6557482481,-0.0304215271,1.0000000000
154,10.2780000000,left_hand,16,0.5556474328,0.6694023609,-0.0349476710,1.0000000000
155,10.3440000000,left_hand,16,0.5509651899,0.6977505684,-0.0290521458,1.0000000000
156,10.4110000000,left_hand,16,0.5478465557,0.7056373358,-0.0244124904,1.0000000000
157,10.4780000000,left_hand,16,0.5462964773,0.7030087113,-0.0299305562,1.0000000000
158,10.5450000000,left_hand,16,0.5481135845,0.6937190294,-0.0345984437,1.0000000000
159,10.6110000000,left_hand,16,0.5447003245,0.6944341063,-0.0355450138,1.0000000000
160,10.6780000000,left_hand,16,0.5496445298,0.6656421423,-0.0391368791,1.0000000000
161,10.7450000000,left_hand,16,0.5543562770,0.6702065468,-0.0643945262,1.0000000000
162,10.8110000000,left_hand,16,0.5546872020,0.6562197208,-0.0515540726,1.0000000000
163,10.8780000000,left_hand,16,0.5577705503,0.6617910862,-0.0324512310,1.0000000000
164,10.9450000000,left_hand,16,0.5647919178,0.6426895261,-0.0357257500,1.0000000000
165,11.0120000000,left_hand,16,0.5613777041,0.6398034692,-0.0361085199,1.0000000000
166,11.0780000000,left_hand,16,0.5497503877,0.6840841174,-0.0406371430,1.0000000000
167,11.1450000000,left_hand,16,0.5518640876,0.6862963438,-0.0626715049,1.0000000000
168,11.2120000000,left_hand,16,0.5458637476,0.6880961061,-0.0587927029,1.0000000000
169,11.2790000000,left_hand,16,0.5448025465,0.7073682547,-0.0351198278,1.0000000000
170,11.3450000000,left_hand,16,0.5320409536,0.7238525152,-0.0356436670,1.0000000000
171,11.4120000000,left_hand,16,0.5375206470,0.7379156351,-0.0439302847,1.0000000000
172,11.4790000000,left_hand,16,0.5378874540,0.7408940196,-0.0512295887,1.0000000000
173,11.5460000000,left_hand,16,0.5496554971,0.7275872827,-0.0471341833,1.0000000000
174,11.6120000000,left_hand,16,0.5453418493,0.7168446183,-0.0435131192,1.0000000000
175,11.6790000000,left_hand,16,0.5514348149,0.6925609112,-0.0575929396,1.0000000000
176,11.7460000000,left_hand,16,0.5643051267,0.6545540690,-0.0311595649,1.0000000000
177,11.8130000000,left_hand,16,0.5768254399,0.6330537796,-0.0394500941,1.0000000000
178,11.8790000000,left_hand,16,0.5750837326,0.6342761517,-0.0403967723,1.0000000000
179,11.9460000000,left_hand,16,0.5774526596,0.6377472878,-0.0409438908,1.0000000000
75,5.0050000000,left_hand,17,0.5463720560,0.5925486684,-0.0320090316,1.0000000000
76,5.0720000000,left_hand,17,0.5586333275,0.5425649881,-0.0608049072,1.0000000000
77,5.1390000000,left_hand,17,0.5696712136,0.5527396202,-0.0581904165,1.0000000000
78,5.2060000000,left_hand,17,0.5497350693,0.5514591932,-0.0346815623,1.0000000000
79,5.2720000000,left_hand,17,0.3325186968,0.7198433280,-0.0600508451,1.0000000000
80,5.3390000000,left_hand,17,0.3319474459,0.7202007771,-0.0682027563,1.0000000000
81,5.4060000000,left_hand,17,0.3299998045,0.7197344899,-0.0691219494,1.0000000000
82,5.4720000000,left_hand,17,0.5726071596,0.5759857893,-0.0459320545,1.0000000000
83,5.5390000000,left_hand,17,0.5669843554,0.5916365981,-0.0438223034,1.0000000000
84,5.6060000000,left_hand,17,0.5579489470,0.6154205203,-0.0461537726,1.0000000000
85,5.6730000000,left_hand,17,0.5540302396,0.6193777323,-0.0422622785,1.0000000000
86,5.7390000000,left_hand,17,0.5564566255,0.6206198931,-0.0421277136,1.0000000000
87,5.8060000000,left_hand,17,0.5643309951,0.6226230264,-0.0369299129,1.0000000000
88,5.8730000000,left_hand,17,0.5660164356,0.6069427133,-0.0434308872,1.0000000000
89,5.9400000000,left_hand,17,0.5714533329,0.5972766876,-0.0370402411,1.0000000000
90,6.0060000000,left_hand,17,0.5865886807,0.5256472230,-0.0381828807,1.0000000000
91,6.0730000000,left_hand,17,0.6143285036,0.5409111977,-0.0502552427,1.0000000000
92,6.1400000000,left_hand,17,0.6087095737,0.5752153397,-0.0465905741,1.0000000000
93,6.2070000000,left_hand,17,0.6025363207,0.5877357125,-0.0396442413,1.0000000000
94,6.2730000000,left_hand,17,0.5981806517,0.5940986276,-0.0385031216,1.0000000000
95,6.3400000000,left_hand,17,0.5962249637,0.5940183997,-0.0413283072,1.0000000000
96,6.4070000000,left_hand,17,0.5850000978,0.6121364236,-0.0325150192,1.0000000000
97,6.4740000000,left_hand,17,0.5718874335,0.6220616698,-0.0351111107,1.0000000000
98,6.5400000000,left_hand,17,0.5688452721,0.6288612485,-0.0400613621,1.0000000000
99,6.6070000000,left_hand,17,0.5638007522,0.6354182363,-0.0376903191,1.0000000000
100,6.6740000000,left_hand,17,0.5610161424,0.6445828676,-0.0338451862,1.0000000000
101,6.7400000000,left_hand,17,0.5599343181,0.6444755793,-0.0381867029,1.0000000000
102,6.8070000000,left_hand,17,0.5586515665,0.6401534677,-0.0340792350,1.0000000000
103,6.8740000000,left_hand,17,0.5598369837,0.6358153224,-0.0359698273,1.0000000000
104,6.9410000000,left_hand,17,0.5584723949,0.6264088154,-0.0359624363,1.0000000000
105,7.0070000000,left_hand,17,0.5634678602,0.6150723696,-0.0383751541,1.0000000000
106,7.0740000000,left_hand,17,0.5690694451,0.6059795022,-0.0380573161,1.0000000000
107,7.1410000000,left_hand,17,0.5713693500,0.5946349502,-0.0397388488,1.0000000000
108,7.2080000000,left_hand,17,0.5760421753,0.5932177901,-0.0418132916,1.0000000000
109,7.2740000000,left_hand,17,0.5753377080,0.5974131227,-0.0395542867,1.0000000000
110,7.3410000000,left_hand,17,0.5725471973,0.5986738205,-0.0382191464,1.0000000000
111,7.4080000000,left_hand,17,0.5727019906,0.6002410054,-0.0414556190,1.0000000000
112,7.4750000000,left_hand,17,0.5700964928,0.6103768945,-0.0418647826,1.0000000000
113,7.5410000000,left_hand,17,0.5686547160,0.6234862804,-0.0404745936,1.0000000000
114,7.6080000000,left_hand,17,0.5657516718,0.6253385544,-0.0430875309,1.0000000000
115,7.6750000000,left_hand,17,0.5661197305,0.6370158792,-0.0429298766,1.0000000000
116,7.7420000000,left_hand,17,0.5642376542,0.6426759362,-0.0428701267,1.0000000000
117,7.8080000000,left_hand,17,0.5658149719,0.6390951276,-0.0477334782,1.0000000000
118,7.8750000000,left_hand,17,0.5699369311,0.6307973266,-0.0436230190,1.0000000000
119,7.9420000000,left_hand,17,0.5682232976,0.6244731545,-0.0438530855,1.0000000000
120,8.0080000000,left_hand,17,0.5693627000,0.6112125516,-0.0417421162,1.0000000000
121,8.0750000000,left_hand,17,0.5744149685,0.5976921320,-0.0487847030,1.0000000000
122,8.1420000000,left_hand,17,0.5790380836,0.5896046162,-0.0428219214,1.0000000000
123,8.2090000000,left_hand,17,0.5823726058,0.5923523307,-0.0432439521,1.0000000000
124,8.2750000000,left_hand,17,0.5819330812,0.5913591981,-0.0398391262,1.0000000000
125,8.3420000000,left_hand,17,0.5772243738,0.5948964357,-0.0419170596,1.0000000000
126,8.4090000000,left_hand,17,0.5722774267,0.5989915133,-0.0383740067,1.0000000000
127,8.4760000000,left_hand,17,0.5692273974,0.6220081449,-0.0423571728,1.0000000000
128,8.5420000000,left_hand,17,0.5667091012,0.6372092366,-0.0353853069,1.0000000000
129,8.6090000000,left_hand,17,0.5659503341,0.6412245631,-0.0411498435,1.0000000000
130,8.6760000000,left_hand,17,0.5656218529,0.6418619752,-0.0419654883,1.0000000000
131,8.7430000000,left_hand,17,0.5678208470,0.6203578115,-0.0443381555,1.0000000000
132,8.8090000000,left_hand,17,0.5723476410,0.6161099672,-0.0440163016,1.0000000000
133,8.8760000000,left_hand,17,0.5771976709,0.6019552350,-0.0369808786,1.0000000000
134,8.9430000000,left_hand,17,0.5815360546,0.5825622082,-0.0477090031,1.0000000000
135,9.0100000000,left_hand,17,0.5823600888,0.5795178413,-0.0431556180,1.0000000000
136,9.0760000000,left_hand,17,0.5813958645,0.5859653354,-0.0381590128,1.0000000000
137,9.1430000000,left_hand,17,0.5794442892,0.5908132792,-0.0406407751,1.0000000000
138,9.2100000000,left_hand,17,0.5794295073,0.6068505049,-0.0395018682,1.0000000000
139,9.2770000000,left_hand,17,0.5768859982,0.6162067056,-0.0418018512,1.0000000000
140,9.3430000000,left_hand,17,0.5680437088,0.6274608374,-0.0407392271,1.0000000000
141,9.4100000000,left_hand,17,0.5676101446,0.6399043798,-0.0411122292,1.0000000000
142,9.4770000000,left_hand,17,0.5672913790,0.6404004693,-0.0499821268,1.0000000000
143,9.5430000000,left_hand,17,0.5703011751,0.6464455128,-0.0442887433,1.0000000000
144,9.6100000000,left_hand,17,0.5698728561,0.6421159506,-0.0419500805,1.0000000000
145,9.6770000000,left_hand,17,0.5660704970,0.6231940985,-0.0409247987,1.0000000000
146,9.7440000000,left_hand,17,0.5718716979,0.6132766008,-0.0419656634,1.0000000000
147,9.8100000000,left_hand,17,0.5746769309,0.5969149470,-0.0395432860,1.0000000000
148,9.8770000000,left_hand,17,0.5785121918,0.5822855830,-0.0410456173,1.0000000000
149,9.9440000000,left_hand,17,0.5815747380,0.5761401653,-0.0414640382,1.0000000000
150,10.0110000000,left_hand,17,0.5787754059,0.5805498362,-0.0327347368,1.0000000000
151,10.0770000000,left_hand,17,0.5794840455,0.5839124918,-0.0401376002,1.0000000000
152,10.1440000000,left_hand,17,0.5736301541,0.5870976448,-0.0389738567,1.0000000000
153,10.2110000000,left_hand,17,0.5684015155,0.6034991741,-0.0353057906,1.0000000000
154,10.2780000000,left_hand,17,0.5654527545,0.6206538677,-0.0452700667,1.0000000000
155,10.3440000000,left_hand,17,0.5625882149,0.6426683068,-0.0376561470,1.0000000000
156,10.4110000000,left_hand,17,0.5581432581,0.6617513299,-0.0309449099,1.0000000000
157,10.4780000000,left_hand,17,0.5560634136,0.6571670175,-0.0393751785,1.0000000000
158,10.5450000000,left_hand,17,0.5587335229,0.6450752616,-0.0431558043,1.0000000000
159,10.6110000000,left_hand,17,0.5618621111,0.6405724287,-0.0410195924,1.0000000000
160,10.6780000000,left_hand,17,0.5654531121,0.6242449880,-0.0387936644,1.0000000000
161,10.7450000000,left_hand,17,0.5696318150,0.6106969714,-0.0512068979,1.0000000000
162,10.8110000000,left_hand,17,0.5645297170,0.5917327404,-0.0356373861,1.0000000000
163,10.8780000000,left_hand,17,0.5681364536,0.5834141970,-0.0263290331,1.0000000000
164,10.9450000000,left_hand,17,0.5717873573,0.5879790783,-0.0344145522,1.0000000000
165,11.0120000000,left_hand,17,0.5675077438,0.5915879607,-0.0330103002,1.0000000000
166,11.0780000000,left_hand,17,0.5647166967,0.5925179124,-0.0268807504,1.0000000000
167,11.1450000000,left_hand,17,0.5621719956,0.6054743528,-0.0455899201,1.0000000000
168,11.2120000000,left_hand,17,0.5621500611,0.6156985760,-0.0428004824,1.0000000000
169,11.2790000000,left_hand,17,0.5549101233,0.6220269799,-0.0286465883,1.0000000000
170,11.3450000000,left_hand,17,0.5454588532,0.6442940831,-0.0280952528,1.0000000000
171,11.4120000000,left_hand,17,0.5504557490,0.6470952630,-0.0359640308,1.0000000000
172,11.4790000000,left_hand,17,0.5512016416,0.6440581083,-0.0404649489,1.0000000000
173,11.5460000000,left_hand,17,0.5572955608,0.6328672767,-0.0385002308,1.0000000000
174,11.6120000000,left_hand,17,0.5584379435,0.6240767837,-0.0344359279,1.0000000000
175,11.6790000000,left_hand,17,0.5762450099,0.5699372292,-0.0486043282,1.0000000000
176,11.7460000000,left_hand,17,0.5818286538,0.5882587433,-0.0343274623,1.0000000000
177,11.8130000000,left_hand,17,0.5856101513,0.5783993006,-0.0478653610,1.0000000000
178,11.8790000000,left_hand,17,0.5787838697,0.5815062523,-0.0404183753,1.0000000000
179,11.9460000000,left_hand,17,0.5884431005,0.5877349973,-0.0386550985,1.0000000000
75,5.0050000000,left_hand,18,0.5344320536,0.6236295700,-0.0432591103,1.0000000000
76,5.0720000000,left_hand,18,0.5660821199,0.5717177391,-0.0728285238,1.0000000000
77,5.1390000000,left_hand,18,0.5733028054,0.6008521318,-0.0659970641,1.0000000000
78,5.2060000000,left_hand,18,0.5595259666,0.6059494615,-0.0419291407,1.0000000000
79,5.2720000000,left_hand,18,0.3520912230,0.7671902776,-0.0727686659,1.0000000000
80,5.3390000000,left_hand,18,0.3539460897,0.7649275661,-0.0832496658,1.0000000000
81,5.4060000000,left_hand,18,0.3524839878,0.7652898431,-0.0835112035,1.0000000000
82,5.4720000000,left_hand,18,0.5722355843,0.5985785127,-0.0586478785,1.0000000000
83,5.5390000000,left_hand,18,0.5661298633,0.6346016526,-0.0575624667,1.0000000000
84,5.6060000000,left_hand,18,0.5609839559,0.6826426983,-0.0583115183,1.0000000000
85,5.6730000000,left_hand,18,0.5595368147,0.6673957705,-0.0542595647,1.0000000000
86,5.7390000000,left_hand,18,0.5641208887,0.6580287218,-0.0549096204,1.0000000000
87,5.8060000000,left_hand,18,0.5662681460,0.6658913493,-0.0481203161,1.0000000000
88,5.8730000000,left_hand,18,0.5717793107,0.6430069804,-0.0565438308,1.0000000000
89,5.9400000000,left_hand,18,0.5759762526,0.6444300413,-0.0445296280,1.0000000000
90,6.0060000000,left_hand,18,0.5747182965,0.5843358636,-0.0517244004,1.0000000000
91,6.0730000000,left_hand,18,0.6037909985,0.5947154760,-0.0659372807,1.0000000000
92,6.1400000000,left_hand,18,0.6038291454,0.6391466856,-0.0571949594,1.0000000000
93,6.2070000000,left_hand,18,0.5980939865,0.6532696486,-0.0482356362,1.0000000000
94,6.2730000000,left_hand,18,0.5933889747,0.6584413052,-0.0440973751,1.0000000000
95,6.3400000000,left_hand,18,0.5929600596,0.6589959860,-0.0495344996,1.0000000000
96,6.4070000000,left_hand,18,0.5818662047,0.6773133874,-0.0398682319,1.0000000000
97,6.4740000000,left_hand,18,0.5727758408,0.6936242580,-0.0441670530,1.0000000000
98,6.5400000000,left_hand,18,0.5709061027,0.7028231025,-0.0490115434,1.0000000000
99,6.6070000000,left_hand,18,0.5642005205,0.7018357515,-0.0430688448,1.0000000000
100,6.6740000000,left_hand,18,0.5593408346,0.7089860439,-0.0411953032,1.0000000000
101,6.7400000000,left_hand,18,0.5586445928,0.7124832869,-0.0461391695,1.0000000000
102,6.8070000000,left_hand,18,0.5568681955,0.7053830624,-0.0412130319,1.0000000000
103,6.8740000000,left_hand,18,0.5581632853,0.7000718713,-0.0413156562,1.0000000000
104,6.9410000000,left_hand,18,0.5602323413,0.6930424571,-0.0419668332,1.0000000000
105,7.0070000000,left_hand,18,0.5655651689,0.6850946546,-0.0459474288,1.0000000000
106,7.0740000000,left_hand,18,0.5702025294,0.6746271849,-0.0446951129,1.0000000000
107,7.1410000000,left_hand,18,0.5738158226,0.6631209850,-0.0470317192,1.0000000000
108,7.2080000000,left_hand,18,0.5764197111,0.6632802486,-0.0503190234,1.0000000000
109,7.2740000000,left_hand,18,0.5750667453,0.6662656665,-0.0476738214,1.0000000000
110,7.3410000000,left_hand,18,0.5757403374,0.6628184915,-0.0456114784,1.0000000000
111,7.4080000000,left_hand,18,0.5743263960,0.6679696441,-0.0501829647,1.0000000000
112,7.4750000000,left_hand,18,0.5729851723,0.6802483797,-0.0499616601,1.0000000000
113,7.5410000000,left_hand,18,0.5708177090,0.6917152405,-0.0476861335,1.0000000000
114,7.6080000000,left_hand,18,0.5701900125,0.6930897832,-0.0514547974,1.0000000000
115,7.6750000000,left_hand,18,0.5674145818,0.7088419199,-0.0510013252,1.0000000000
116,7.7420000000,left_hand,18,0.5666210055,0.7088091969,-0.0484730862,1.0000000000
117,7.8080000000,left_hand,18,0.5682321787,0.7104803920,-0.0551256128,1.0000000000
118,7.8750000000,left_hand,18,0.5721058249,0.6987678409,-0.0508841090,1.0000000000
119,7.9420000000,left_hand,18,0.5722285509,0.6932120323,-0.0500034802,1.0000000000
120,8.0080000000,left_hand,18,0.5741053820,0.6860040426,-0.0497826897,1.0000000000
121,8.0750000000,left_hand,18,0.5770401359,0.6684519649,-0.0581919923,1.0000000000
122,8.1420000000,left_hand,18,0.5823304653,0.6564726830,-0.0526892394,1.0000000000
123,8.2090000000,left_hand,18,0.5838070512,0.6612709761,-0.0514019430,1.0000000000
124,8.2750000000,left_hand,18,0.5827543139,0.6607893109,-0.0493801385,1.0000000000
125,8.3420000000,left_hand,18,0.5786139369,0.6667299867,-0.0513765886,1.0000000000
126,8.4090000000,left_hand,18,0.5774767995,0.6670143604,-0.0472096093,1.0000000000
127,8.4760000000,left_hand,18,0.5713094473,0.6925298572,-0.0498751588,1.0000000000
128,8.5420000000,left_hand,18,0.5676842332,0.7030361891,-0.0426030383,1.0000000000
129,8.6090000000,left_hand,18,0.5667101741,0.7089136839,-0.0480382293,1.0000000000
130,8.6760000000,left_hand,18,0.5674767494,0.7110462189,-0.0487819016,1.0000000000
131,8.7430000000,left_hand,18,0.5725650787,0.6808956265,-0.0512169041,1.0000000000
132,8.8090000000,left_hand,18,0.5758038163,0.6804156899,-0.0511104390,1.0000000000
133,8.8760000000,left_hand,18,0.5798739791,0.6706244946,-0.0473701879,1.0000000000
134,8.9430000000,left_hand,18,0.5852108002,0.6505512595,-0.0579842627,1.0000000000
135,9.0100000000,left_hand,18,0.5848026276,0.6488000154,-0.0521151274,1.0000000000
136,9.0760000000,left_hand,18,0.5816416144,0.6568138003,-0.0474930070,1.0000000000
137,9.1430000000,left_hand,18,0.5828481317,0.6604582071,-0.0501980186,1.0000000000
138,9.2100000000,left_hand,18,0.5827119946,0.6753979921,-0.0467801914,1.0000000000
139,9.2770000000,left_hand,18,0.5804675817,0.6861888170,-0.0493296012,1.0000000000
140,9.3430000000,left_hand,18,0.5737587214,0.6941623688,-0.0469845422,1.0000000000
141,9.4100000000,left_hand,18,0.5706486702,0.7071170807,-0.0492381230,1.0000000000
142,9.4770000000,left_hand,18,0.5699548125,0.7149631977,-0.0577291138,1.0000000000
143,9.5430000000,left_hand,18,0.5720676780,0.7178257108,-0.0504489727,1.0000000000
144,9.6100000000,left_hand,18,0.5717141628,0.7107385993,-0.0490910634,1.0000000000
145,9.6770000000,left_hand,18,0.5718008280,0.6951676011,-0.0480626486,1.0000000000
146,9.7440000000,left_hand,18,0.5760065317,0.6848241091,-0.0490054414,1.0000000000
147,9.8100000000,left_hand,18,0.5806650519,0.6649268270,-0.0487102792,1.0000000000
148,9.8770000000,left_hand,18,0.5829131603,0.6517575979,-0.0519009642,1.0000000000
149,9.9440000000,left_hand,18,0.5844482183,0.6401036382,-0.0519288145,1.0000000000
150,10.0110000000,left_hand,18,0.5824208260,0.6411417723,-0.0415741093,1.0000000000
151,10.0770000000,left_hand,18,0.5818002224,0.6518100500,-0.0507697277,1.0000000000
152,10.1440000000,left_hand,18,0.5798555613,0.6625345945,-0.0495028235,1.0000000000
153,10.2110000000,left_hand,18,0.5743774772,0.6737974882,-0.0446246602,1.0000000000
154,10.2780000000,left_hand,18,0.5699065924,0.6962949038,-0.0538069978,1.0000000000
155,10.3440000000,left_hand,18,0.5642686486,0.7042111158,-0.0443002209,1.0000000000
156,10.4110000000,left_hand,18,0.5598934889,0.7225639820,-0.0367478877,1.0000000000
157,10.4780000000,left_hand,18,0.5590226054,0.7210671306,-0.0455383435,1.0000000000
158,10.5450000000,left_hand,18,0.5606123209,0.7158619761,-0.0522658490,1.0000000000
159,10.6110000000,left_hand,18,0.5605921745,0.6964083314,-0.0488759093,1.0000000000
160,10.6780000000,left_hand,18,0.5642911196,0.6728862524,-0.0503933579,1.0000000000
161,10.7450000000,left_hand,18,0.5707775950,0.6228278279,-0.0696823820,1.0000000000
162,10.8110000000,left_hand,18,0.5704846978,0.6231945157,-0.0510357656,1.0000000000
163,10.8780000000,left_hand,18,0.5719203949,0.6437094212,-0.0368273780,1.0000000000
164,10.9450000000,left_hand,18,0.5760003328,0.6518166661,-0.0454142839,1.0000000000
165,11.0120000000,left_hand,18,0.5702626705,0.6537090540,-0.0440478548,1.0000000000
166,11.0780000000,left_hand,18,0.5687726736,0.6370660663,-0.0385683961,1.0000000000
167,11.1450000000,left_hand,18,0.5690228343,0.6459960341,-0.0634300634,1.0000000000
168,11.2120000000,left_hand,18,0.5659185052,0.6315523386,-0.0588439405,1.0000000000
169,11.2790000000,left_hand,18,0.5614098907,0.6771305203,-0.0384864137,1.0000000000
170,11.3450000000,left_hand,18,0.5458542109,0.7055153847,-0.0368790515,1.0000000000
171,11.4120000000,left_hand,18,0.5562181473,0.6865997314,-0.0465384461,1.0000000000
172,11.4790000000,left_hand,18,0.5573137999,0.6831114292,-0.0523008630,1.0000000000
173,11.5460000000,left_hand,18,0.5624760389,0.6700585485,-0.0497134067,1.0000000000
174,11.6120000000,left_hand,18,0.5620145202,0.6635760069,-0.0452473611,1.0000000000
175,11.6790000000,left_hand,18,0.5687549710,0.6122608781,-0.0645568818,1.0000000000
176,11.7460000000,left_hand,18,0.5786756873,0.6482384801,-0.0441259369,1.0000000000
177,11.8130000000,left_hand,18,0.5891731977,0.6466587186,-0.0577769168,1.0000000000
178,11.8790000000,left_hand,18,0.5853783488,0.6416702867,-0.0522255264,1.0000000000
179,11.9460000000,left_hand,18,0.5890771747,0.6474999189,-0.0505861603,1.0000000000
75,5.0050000000,left_hand,19,0.5262798667,0.6495466828,-0.0445000716,1.0000000000
76,5.0720000000,left_hand,19,0.5669743419,0.5942138433,-0.0708502457,1.0000000000
77,5.1390000000,left_hand,19,0.5678458214,0.6059317589,-0.0571457669,1.0000000000
78,5.2060000000,left_hand,19,0.5638648272,0.6112868786,-0.0387691893,1.0000000000
79,5.2720000000,left_hand,19,0.3648439348,0.8017234802,-0.0761916861,1.0000000000
80,5.3390000000,left_hand,19,0.3683041036,0.7991961241,-0.0876612440,1.0000000000
81,5.4060000000,left_hand,19,0.3678585887,0.7996691465,-0.0875537843,1.0000000000
82,5.4720000000,left_hand,19,0.5710848570,0.6340319514,-0.0558024123,1.0000000000
83,5.5390000000,left_hand,19,0.5660910010,0.6674217582,-0.0569595769,1.0000000000
84,5.6060000000,left_hand,19,0.5616921782,0.6898838282,-0.0549901053,1.0000000000
85,5.6730000000,left_hand,19,0.5593580008,0.6922442913,-0.0541827939,1.0000000000
86,5.7390000000,left_hand,19,0.5648508072,0.6840766668,-0.0566787831,1.0000000000
87,5.8060000000,left_hand,19,0.5647110343,0.6902533174,-0.0491764583,1.0000000000
88,5.8730000000,left_hand,19,0.5723369718,0.6701285243,-0.0598982833,1.0000000000
89,5.9400000000,left_hand,19,0.5781391263,0.6663572788,-0.0432893485,1.0000000000
90,6.0060000000,left_hand,19,0.5731346011,0.6262867451,-0.0540459827,1.0000000000
91,6.0730000000,left_hand,19,0.5993861556,0.6338154078,-0.0686606541,1.0000000000
92,6.1400000000,left_hand,19,0.6027300954,0.6391420960,-0.0546042919,1.0000000000
93,6.2070000000,left_hand,19,0.6017230749,0.6393976808,-0.0425088853,1.0000000000
94,6.2730000000,left_hand,19,0.5979410410,0.6451725364,-0.0373455733,1.0000000000
95,6.3400000000,left_hand,19,0.5945084095,0.6541368961,-0.0448734052,1.0000000000
96,6.4070000000,left_hand,19,0.5848581791,0.6705309153,-0.0361892283,1.0000000000
97,6.4740000000,left_hand,19,0.5780822039,0.6831429005,-0.0396460742,1.0000000000
98,6.5400000000,left_hand,19,0.5746239424,0.6890546083,-0.0439882912,1.0000000000
99,6.6070000000,left_hand,19,0.5658450127,0.6993049383,-0.0376361944,1.0000000000
100,6.6740000000,left_hand,19,0.5612224936,0.7044876814,-0.0365783498,1.0000000000
101,6.7400000000,left_hand,19,0.5598096848,0.7049524188,-0.0412082933,1.0000000000
102,6.8070000000,left_hand,19,0.5574181676,0.7060379386,-0.0377058201,1.0000000000
103,6.8740000000,left_hand,19,0.5588796139,0.6935257316,-0.0360579900,1.0000000000
104,6.9410000000,left_hand,19,0.5623614788,0.6792575717,-0.0362424329,1.0000000000
105,7.0070000000,left_hand,19,0.5686225295,0.6720225811,-0.0406730510,1.0000000000
106,7.0740000000,left_hand,19,0.5727205276,0.6639394760,-0.0390808582,1.0000000000
107,7.1410000000,left_hand,19,0.5785961747,0.6588115692,-0.0422594473,1.0000000000
108,7.2080000000,left_hand,19,0.5786903501,0.6576091051,-0.0461217277,1.0000000000
109,7.2740000000,left_hand,19,0.5789421201,0.6578242779,-0.0427369550,1.0000000000
110,7.3410000000,left_hand,19,0.5804711580,0.6592497826,-0.0410510637,1.0000000000
111,7.4080000000,left_hand,19,0.5776406527,0.6587133408,-0.0452103466,1.0000000000
112,7.4750000000,left_hand,19,0.5769969821,0.6718582511,-0.0451874211,1.0000000000
113,7.5410000000,left_hand,19,0.5725722909,0.6841350198,-0.0428521112,1.0000000000
114,7.6080000000,left_hand,19,0.5706705451,0.6944909692,-0.0480494648,1.0000000000
115,7.6750000000,left_hand,19,0.5682972074,0.6963779926,-0.0463193357,1.0000000000
116,7.7420000000,left_hand,19,0.5675680041,0.7099473476,-0.0436193421,1.0000000000
117,7.8080000000,left_hand,19,0.5698089004,0.7005254626,-0.0492519774,1.0000000000
118,7.8750000000,left_hand,19,0.5741328597,0.6976631880,-0.0465339012,1.0000000000
119,7.9420000000,left_hand,19,0.5750171542,0.6862944961,-0.0446616374,1.0000000000
120,8.0080000000,left_hand,19,0.5757906437,0.6764491796,-0.0452242047,1.0000000000
121,8.0750000000,left_hand,19,0.5787876844,0.6643643379,-0.0539129861,1.0000000000
122,8.1420000000,left_hand,19,0.5851820707,0.6525906920,-0.0490285307,1.0000000000
123,8.2090000000,left_hand,19,0.5853180885,0.6502889395,-0.0462307222,1.0000000000
124,8.2750000000,left_hand,19,0.5858759284,0.6522502303,-0.0453479402,1.0000000000
125,8.3420000000,left_hand,19,0.5816817284,0.6565985680,-0.0469827875,1.0000000000
126,8.4090000000,left_hand,19,0.5803060532,0.6636725068,-0.0436713658,1.0000000000
127,8.4760000000,left_hand,19,0.5735228658,0.6809353232,-0.0445095114,1.0000000000
128,8.5420000000,left_hand,19,0.5683290362,0.6952222586,-0.0377508737,1.0000000000
129,8.6090000000,left_hand,19,0.5683396459,0.6983182430,-0.0425475016,1.0000000000
130,8.6760000000,left_hand,19,0.5696162581,0.6989776492,-0.0429311506,1.0000000000
131,8.7430000000,left_hand,19,0.5741656423,0.6934853196,-0.0466839448,1.0000000000
132,8.8090000000,left_hand,19,0.5776258111,0.6783167720,-0.0469424427,1.0000000000
133,8.8760000000,left_hand,19,0.5823003054,0.6597322226,-0.0439146571,1.0000000000
134,8.9430000000,left_hand,19,0.5869593024,0.6406258941,-0.0536557361,1.0000000000
135,9.0100000000,left_hand,19,0.5871320963,0.6339867115,-0.0475066379,1.0000000000
136,9.0760000000,left_hand,19,0.5854226947,0.6462762356,-0.0425739326,1.0000000000
137,9.1430000000,left_hand,19,0.5851272941,0.6540381908,-0.0463617221,1.0000000000
138,9.2100000000,left_hand,19,0.5841074586,0.6663280129,-0.0416674539,1.0000000000
139,9.2770000000,left_hand,19,0.5826972723,0.6792320609,-0.0442289524,1.0000000000
140,9.3430000000,left_hand,19,0.5753023028,0.6931709647,-0.0422681086,1.0000000000
141,9.4100000000,left_hand,19,0.5731095076,0.7006314397,-0.0447101779,1.0000000000
142,9.4770000000,left_hand,19,0.5729703307,0.7053095698,-0.0518480130,1.0000000000
143,9.5430000000,left_hand,19,0.5741067529,0.7080682516,-0.0443079807,1.0000000000
144,9.6100000000,left_hand,19,0.5734818578,0.7019807696,-0.0434728228,1.0000000000
145,9.6770000000,left_hand,19,0.5750446320,0.6884830594,-0.0431954302,1.0000000000
146,9.7440000000,left_hand,19,0.5779650211,0.6753279567,-0.0437368304,1.0000000000
147,9.8100000000,left_hand,19,0.5829802752,0.6559440494,-0.0449307747,1.0000000000
148,9.8770000000,left_hand,19,0.5857442021,0.6438539624,-0.0479690582,1.0000000000
149,9.9440000000,left_hand,19,0.5866652727,0.6376882792,-0.0491887853,1.0000000000
150,10.0110000000,left_hand,19,0.5844340324,0.6396138668,-0.0393196158,1.0000000000
151,10.0770000000,left_hand,19,0.5844966173,0.6430513263,-0.0472260714,1.0000000000
152,10.1440000000,left_hand,19,0.5832585692,0.6512762904,-0.0459989533,1.0000000000
153,10.2110000000,left_hand,19,0.5788974762,0.6686675549,-0.0419054702,1.0000000000
154,10.2780000000,left_hand,19,0.5716499090,0.6833249331,-0.0489884168,1.0000000000
155,10.3440000000,left_hand,19,0.5651724339,0.7028406858,-0.0407887027,1.0000000000
156,10.4110000000,left_hand,19,0.5623836517,0.7172781825,-0.0330316834,1.0000000000
157,10.4780000000,left_hand,19,0.5612423420,0.7150252461,-0.0413745977,1.0000000000
158,10.5450000000,left_hand,19,0.5632396340,0.7065445185,-0.0475196354,1.0000000000
159,10.6110000000,left_hand,19,0.5604484081,0.6990550756,-0.0452806577,1.0000000000
160,10.6780000000,left_hand,19,0.5665369034,0.6708052158,-0.0486723669,1.0000000000
161,10.7450000000,left_hand,19,0.5709903836,0.6462323070,-0.0717673972,1.0000000000
162,10.8110000000,left_hand,19,0.5731609464,0.6407902837,-0.0536866635,1.0000000000
163,10.8780000000,left_hand,19,0.5717422962,0.6555600762,-0.0372522436,1.0000000000
164,10.9450000000,left_hand,19,0.5780006051,0.6511405706,-0.0443998016,1.0000000000
165,11.0120000000,left_hand,19,0.5723137856,0.6514944434,-0.0427740403,1.0000000000
166,11.0780000000,left_hand,19,0.5691136718,0.6585870981,-0.0409362763,1.0000000000
167,11.1450000000,left_hand,19,0.5707885623,0.6637852788,-0.0657712221,1.0000000000
168,11.2120000000,left_hand,19,0.5657146573,0.6598400474,-0.0604964942,1.0000000000
169,11.2790000000,left_hand,19,0.5615280271,0.6949900985,-0.0383831337,1.0000000000
170,11.3450000000,left_hand,19,0.5459570885,0.7183427811,-0.0367889144,1.0000000000
171,11.4120000000,left_hand,19,0.5569440126,0.7096716166,-0.0465574339,1.0000000000
172,11.4790000000,left_hand,19,0.5572502613,0.7081896067,-0.0527314916,1.0000000000
173,11.5460000000,left_hand,19,0.5633921027,0.6939682364,-0.0494633541,1.0000000000
174,11.6120000000,left_hand,19,0.5629824400,0.6860920787,-0.0455757454,1.0000000000
175,11.6790000000,left_hand,19,0.5681784749,0.6535909176,-0.0633950010,1.0000000000
176,11.7460000000,left_hand,19,0.5799489021,0.6527705193,-0.0424657725,1.0000000000
177,11.8130000000,left_hand,19,0.5910667777,0.6404404640,-0.0537953451,1.0000000000
178,11.8790000000,left_hand,19,0.5883221626,0.6392811537,-0.0508824438,1.0000000000
179,11.9460000000,left_hand,19,0.5915949941,0.6473190188,-0.0494848862,1.0000000000
75,5.0050000000,left_hand,20,0.5218144059,0.6700047255,-0.0435470492,1.0000000000
76,5.0720000000,left_hand,20,0.5661675930,0.6031459570,-0.0697099566,1.0000000000
77,5.1390000000,left_hand,20,0.5646933913,0.5973984003,-0.0502623878,1.0000000000
78,5.2060000000,left_hand,20,0.5649173856,0.6070719957,-0.0367329456,1.0000000000
79,5.2720000000,left_hand,20,0.3752342761,0.8296195865,-0.0788870454,1.0000000000
80,5.3390000000,left_hand,20,0.3789291680,0.8280392885,-0.0905599147,1.0000000000
81,5.4060000000,left_hand,20,0.3797838688,0.8287870884,-0.0902660862,1.0000000000
82,5.4720000000,left_hand,20,0.5707141757,0.6579095721,-0.0525690019,1.0000000000
83,5.5390000000,left_hand,20,0.5670132637,0.6814065576,-0.0543320104,1.0000000000
84,5.6060000000,left_hand,20,0.5606399179,0.6807901859,-0.0508550964,1.0000000000
85,5.6730000000,left_hand,20,0.5590595007,0.7058141828,-0.0531120896,1.0000000000
86,5.7390000000,left_hand,20,0.5646971464,0.7057399750,-0.0576898530,1.0000000000
87,5.8060000000,left_hand,20,0.5632087588,0.7099897861,-0.0493058078,1.0000000000
88,5.8730000000,left_hand,20,0.5722512603,0.6965276003,-0.0621668398,1.0000000000
89,5.9400000000,left_hand,20,0.5786157846,0.6814888716,-0.0421585962,1.0000000000
90,6.0060000000,left_hand,20,0.5740313530,0.6549959779,-0.0539544299,1.0000000000
91,6.0730000000,left_hand,20,0.5970897675,0.6591431499,-0.0695527345,1.0000000000
92,6.1400000000,left_hand,20,0.6014980674,0.6273692250,-0.0520410202,1.0000000000
93,6.2070000000,left_hand,20,0.6038206220,0.6178708673,-0.0376150981,1.0000000000
94,6.2730000000,left_hand,20,0.6009711027,0.6238577366,-0.0322568603,1.0000000000
95,6.3400000000,left_hand,20,0.5943419337,0.6373789907,-0.0404977091,1.0000000000
96,6.4070000000,left_hand,20,0.5858514905,0.6531404257,-0.0322411917,1.0000000000
97,6.4740000000,left_hand,20,0.5794106126,0.6620113254,-0.0354351252,1.0000000000
98,6.5400000000,left_hand,20,0.5748139024,0.6656237245,-0.0396592543,1.0000000000
99,6.6070000000,left_hand,20,0.5661963820,0.6820093989,-0.0332674272,1.0000000000
100,6.6740000000,left_hand,20,0.5626027584,0.6869620085,-0.0321959443,1.0000000000
101,6.7400000000,left_hand,20,0.5604581833,0.6852300763,-0.0366947465,1.0000000000
102,6.8070000000,left_hand,20,0.5575453043,0.6927146912,-0.0342283919,1.0000000000
103,6.8740000000,left_hand,20,0.5589262843,0.6764476299,-0.0318632908,1.0000000000
104,6.9410000000,left_hand,20,0.5624095798,0.6563571095,-0.0316774175,1.0000000000
105,7.0070000000,left_hand,20,0.5689701438,0.6475268006,-0.0361535214,1.0000000000
106,7.0740000000,left_hand,20,0.5727261901,0.6425341368,-0.0342230313,1.0000000000
107,7.1410000000,left_hand,20,0.5799290538,0.6402863264,-0.0381523110,1.0000000000
108,7.2080000000,left_hand,20,0.5792590976,0.6385400891,-0.0424512513,1.0000000000
109,7.2740000000,left_hand,20,0.5803159475,0.6364122629,-0.0384129807,1.0000000000
110,7.3410000000,left_hand,20,0.5810393095,0.6425565481,-0.0370973349,1.0000000000
111,7.4080000000,left_hand,20,0.5776947737,0.6379003525,-0.0406094454,1.0000000000
112,7.4750000000,left_hand,20,0.5779025555,0.6511566639,-0.0412036143,1.0000000000
113,7.5410000000,left_hand,20,0.5725838542,0.6637830138,-0.0386227742,1.0000000000
114,7.6080000000,left_hand,20,0.5690638423,0.6820006371,-0.0444424078,1.0000000000
115,7.6750000000,left_hand,20,0.5685360432,0.6736842394,-0.0419561565,1.0000000000
116,7.7420000000,left_hand,20,0.5663098097,0.6976429224,-0.0397996232,1.0000000000
117,7.8080000000,left_hand,20,0.5701314807,0.6782416105,-0.0446613654,1.0000000000
118,7.8750000000,left_hand,20,0.5740896463,0.6823498607,-0.0428488813,1.0000000000
119,7.9420000000,left_hand,20,0.5750074387,0.6666607261,-0.0407031290,1.0000000000
120,8.0080000000,left_hand,20,0.5743550062,0.6545203924,-0.0411932692,1.0000000000
121,8.0750000000,left_hand,20,0.5776751637,0.6484224796,-0.0499750562,1.0000000000
122,8.1420000000,left_hand,20,0.5846197605,0.6343228817,-0.0453974381,1.0000000000
123,8.2090000000,left_hand,20,0.5846180916,0.6299807429,-0.0419605039,1.0000000000
124,8.2750000000,left_hand,20,0.5865385532,0.6309451461,-0.0413477384,1.0000000000
125,8.3420000000,left_hand,20,0.5827703476,0.6350143552,-0.0430197529,1.0000000000
126,8.4090000000,left_hand,20,0.5801609755,0.6472644806,-0.0402696058,1.0000000000
127,8.4760000000,left_hand,20,0.5741208196,0.6584953070,-0.0401567854,1.0000000000
128,8.5420000000,left_hand,20,0.5689952374,0.6754348278,-0.0333504416,1.0000000000
129,8.6090000000,left_hand,20,0.5691711307,0.6766781807,-0.0381486714,1.0000000000
130,8.6760000000,left_hand,20,0.5702797771,0.6763601899,-0.0385187268,1.0000000000
131,8.7430000000,left_hand,20,0.5735826492,0.6945898533,-0.0423847698,1.0000000000
132,8.8090000000,left_hand,20,0.5772640705,0.6631602049,-0.0435344800,1.0000000000
133,8.8760000000,left_hand,20,0.5816041827,0.6386598945,-0.0400149263,1.0000000000
134,8.9430000000,left_hand,20,0.5854559541,0.6185958982,-0.0495628491,1.0000000000
135,9.0100000000,left_hand,20,0.5863611698,0.6118164062,-0.0437674336,1.0000000000
136,9.0760000000,left_hand,20,0.5867171884,0.6251233816,-0.0380227156,1.0000000000
137,9.1430000000,left_hand,20,0.5851783752,0.6358961463,-0.0424801409,1.0000000000
138,9.2100000000,left_hand,20,0.5825638771,0.6472340822,-0.0374433622,1.0000000000
139,9.2770000000,left_hand,20,0.5824947357,0.6591971517,-0.0399560630,1.0000000000
140,9.3430000000,left_hand,20,0.5748842955,0.6782232523,-0.0384396799,1.0000000000
141,9.4100000000,left_hand,20,0.5735888481,0.6809448004,-0.0406319648,1.0000000000
142,9.4770000000,left_hand,20,0.5741685033,0.6842520833,-0.0475815199,1.0000000000
143,9.5430000000,left_hand,20,0.5748046637,0.6865949631,-0.0398511477,1.0000000000
144,9.6100000000,left_hand,20,0.5742288232,0.6812542677,-0.0390093587,1.0000000000
145,9.6770000000,left_hand,20,0.5747928619,0.6695938706,-0.0392993316,1.0000000000
146,9.7440000000,left_hand,20,0.5776154399,0.6540436745,-0.0396267138,1.0000000000
147,9.8100000000,left_hand,20,0.5816485882,0.6353716850,-0.0411107801,1.0000000000
148,9.8770000000,left_hand,20,0.5843001604,0.6232640147,-0.0438463129,1.0000000000
149,9.9440000000,left_hand,20,0.5855919123,0.6201864481,-0.0460882671,1.0000000000
150,10.0110000000,left_hand,20,0.5842443109,0.6242697239,-0.0368693434,1.0000000000
151,10.0770000000,left_hand,20,0.5846515894,0.6228546500,-0.0433023795,1.0000000000
152,10.1440000000,left_hand,20,0.5825219154,0.6287329197,-0.0418738127,1.0000000000
153,10.2110000000,left_hand,20,0.5790525079,0.6497080326,-0.0385640301,1.0000000000
154,10.2780000000,left_hand,20,0.5709986091,0.6604945660,-0.0445599891,1.0000000000
155,10.3440000000,left_hand,20,0.5643861890,0.6883161664,-0.0373985507,1.0000000000
156,10.4110000000,left_hand,20,0.5622385144,0.7016341090,-0.0295213014,1.0000000000
157,10.4780000000,left_hand,20,0.5607361794,0.6977448463,-0.0378123447,1.0000000000
158,10.5450000000,left_hand,20,0.5629874468,0.6851353049,-0.0432701632,1.0000000000
159,10.6110000000,left_hand,20,0.5587860346,0.6874157786,-0.0417963378,1.0000000000
160,10.6780000000,left_hand,20,0.5670207739,0.6569662690,-0.0459124856,1.0000000000
161,10.7450000000,left_hand,20,0.5714222193,0.6610669494,-0.0710821748,1.0000000000
162,10.8110000000,left_hand,20,0.5735890865,0.6509554386,-0.0538316667,1.0000000000
163,10.8780000000,left_hand,20,0.5703860521,0.6534397602,-0.0356648341,1.0000000000
164,10.9450000000,left_hand,20,0.5774838924,0.6375268698,-0.0420064516,1.0000000000
165,11.0120000000,left_hand,20,0.5718380809,0.6344153881,-0.0404371843,1.0000000000
166,11.0780000000,left_hand,20,0.5687807202,0.6713752151,-0.0412361100,1.0000000000
167,11.1450000000,left_hand,20,0.5702427626,0.6722255945,-0.0653886348,1.0000000000
168,11.2120000000,left_hand,20,0.5648828149,0.6808477044,-0.0595303997,1.0000000000
169,11.2790000000,left_hand,20,0.5596862435,0.6989169121,-0.0366354957,1.0000000000
170,11.3450000000,left_hand,20,0.5456632376,0.7171937227,-0.0352498516,1.0000000000
171,11.4120000000,left_hand,20,0.5562982559,0.7253719568,-0.0452586897,1.0000000000
172,11.4790000000,left_hand,20,0.5562219620,0.7270987034,-0.0519906022,1.0000000000
173,11.5460000000,left_hand,20,0.5633314848,0.7120926380,-0.0483336225,1.0000000000
174,11.6120000000,left_hand,20,0.5632796884,0.7000899315,-0.0447895564,1.0000000000
175,11.6790000000,left_hand,20,0.5685924888,0.6751324534,-0.0598498620,1.0000000000
176,11.7460000000,left_hand,20,0.5808387995,0.6464501023,-0.0406865440,1.0000000000
177,11.8130000000,left_hand,20,0.5900766850,0.6214956641,-0.0503901802,1.0000000000
178,11.8790000000,left_hand,20,0.5867883563,0.6233083010,-0.0487557761,1.0000000000
179,11.9460000000,left_hand,20,0.5919458866,0.6318470836,-0.0477774478,1.0000000000
75,5.0050000000,pose,11,0.6011289358,0.4247781634,-0.4594707489,0.9999608994
76,5.0720000000,pose,11,0.5990454555,0.4245384634,-0.4807534814,0.9999603629
77,5.1390000000,pose,11,0.5988447070,0.4246464074,-0.4752187431,0.9999590516
78,5.2060000000,pose,11,0.5982322097,0.4252024293,-0.4787404835,0.9999597073
79,5.2720000000,pose,11,0.5987469554,0.4266082942,-0.5034722090,0.9999603033
80,5.3390000000,pose,11,0.6006240845,0.4267062843,-0.4951050580,0.9999606609
81,5.4060000000,pose,11,0.6020869017,0.4267397225,-0.5420944691,0.9999602437
82,5.4720000000,pose,11,0.6029897928,0.4248296022,-0.5694208741,0.9999632835
83,5.5390000000,pose,11,0.6067164540,0.4223929048,-0.5628336072,0.9999639988
84,5.6060000000,pose,11,0.6076765656,0.4207295477,-0.4992514849,0.9999647737
85,5.6730000000,pose,11,0.6075332761,0.4152618051,-0.5020778179,0.9999662638
86,5.7390000000,pose,11,0.6074094772,0.4177945554,-0.5026819706,0.9999685884
87,5.8060000000,pose,11,0.6089668870,0.4180516601,-0.4739714563,0.9999703169
88,5.8730000000,pose,11,0.6094374061,0.4217542112,-0.4025035203,0.9999716878
89,5.9400000000,pose,11,0.6095001698,0.4217203557,-0.3532654345,0.9999703765
90,6.0060000000,pose,11,0.6098775268,0.4235977829,-0.4008605182,0.9999722242
91,6.0730000000,pose,11,0.6098886132,0.4259278178,-0.3929533064,0.9999733567
92,6.1400000000,pose,11,0.6100217104,0.4292498231,-0.3941757977,0.9999744892
93,6.2070000000,pose,11,0.6092232466,0.4313043654,-0.4162401557,0.9999747872
94,6.2730000000,pose,11,0.6092779636,0.4328489900,-0.3607555926,0.9999747872
95,6.3400000000,pose,11,0.6104552746,0.4314697683,-0.3312781453,0.9999752045
96,6.4070000000,pose,11,0.6093502045,0.4349572957,-0.3877984583,0.9999748468
97,6.4740000000,pose,11,0.6078556776,0.4284210503,-0.4674679339,0.9999758005
98,6.5400000000,pose,11,0.6081689596,0.4294281304,-0.4534459710,0.9999746084
99,6.6070000000,pose,11,0.6085180044,0.4294011593,-0.4828473032,0.9999749660
100,6.6740000000,pose,11,0.6085065603,0.4296423495,-0.4095790982,0.9999756813
101,6.7400000000,pose,11,0.6084970832,0.4290952384,-0.4369612336,0.9999766350
102,6.8070000000,pose,11,0.6087421179,0.4284890592,-0.4516934156,0.9999769926
103,6.8740000000,pose,11,0.6080596447,0.4285210669,-0.3819541931,0.9999774098
104,6.9410000000,pose,11,0.6084415317,0.4282372594,-0.4383368194,0.9999784231
105,7.0070000000,pose,11,0.6084438562,0.4279786050,-0.3879205585,0.9999783635
106,7.0740000000,pose,11,0.6082417965,0.4280632734,-0.4141291082,0.9999786615
107,7.1410000000,pose,11,0.6082068682,0.4300440550,-0.4189507365,0.9999784827
108,7.2080000000,pose,11,0.6082695127,0.4330156446,-0.3913599849,0.9999789596
109,7.2740000000,pose,11,0.6077754498,0.4329601228,-0.3357415497,0.9999774694
110,7.3410000000,pose,11,0.6091111302,0.4320391119,-0.3423801661,0.9999783635
111,7.4080000000,pose,11,0.6073439717,0.4364057183,-0.3732310236,0.9999794364
112,7.4750000000,pose,11,0.6069591641,0.4375537932,-0.3866777420,0.9999805093
113,7.5410000000,pose,11,0.6062597036,0.4349281490,-0.3411125541,0.9999803305
114,7.6080000000,pose,11,0.6076044440,0.4328612089,-0.3261941969,0.9999801517
115,7.6750000000,pose,11,0.6092326641,0.4328634441,-0.3340714276,0.9999808073
116,7.7420000000,pose,11,0.6084941030,0.4331962168,-0.3562814593,0.9999804497
117,7.8080000000,pose,11,0.6096774936,0.4322164953,-0.3559145033,0.9999808073
118,7.8750000000,pose,11,0.6099547148,0.4328845143,-0.3302799463,0.9999813437
119,7.9420000000,pose,11,0.6097873449,0.4304178953,-0.3369382620,0.9999817610
120,8.0080000000,pose,11,0.6089680791,0.4306436777,-0.3547833860,0.9999818802
121,8.0750000000,pose,11,0.6085078716,0.4307388961,-0.3856262267,0.9999820590
122,8.1420000000,pose,11,0.6084806919,0.4331614077,-0.4031961560,0.9999819398
123,8.2090000000,pose,11,0.6084669828,0.4336883724,-0.3970420659,0.9999819398
124,8.2750000000,pose,11,0.6087570190,0.4338487685,-0.4083468020,0.9999823570
125,8.3420000000,pose,11,0.6082400680,0.4320704043,-0.4077179134,0.9999821186
126,8.4090000000,pose,11,0.6083678603,0.4326008558,-0.4871312380,0.9999818802
127,8.4760000000,pose,11,0.6067680717,0.4370661974,-0.3989558220,0.9999790788
128,8.5420000000,pose,11,0.6081302166,0.4345205724,-0.3254371881,0.9999794960
129,8.6090000000,pose,11,0.6077135205,0.4345805645,-0.4105623662,0.9999798536
130,8.6760000000,pose,11,0.6077104211,0.4311800599,-0.4134680927,0.9999794960
131,8.7430000000,pose,11,0.6077061296,0.4311764836,-0.4534398913,0.9999794960
132,8.8090000000,pose,11,0.6074047685,0.4315521419,-0.4055767059,0.9999800324
133,8.8760000000,pose,11,0.6060507894,0.4302974939,-0.4359019995,0.9999806881
134,8.9430000000,pose,11,0.6058566570,0.4302407205,-0.5089148283,0.9999805689
135,9.0100000000,pose,11,0.6075596213,0.4300584197,-0.4600032568,0.9999805093
136,9.0760000000,pose,11,0.6076709628,0.4294829369,-0.4169803262,0.9999800324
137,9.1430000000,pose,11,0.6078689694,0.4329211116,-0.3617977202,0.9999802113
138,9.2100000000,pose,11,0.6076118350,0.4344089627,-0.4165548682,0.9999799132
139,9.2770000000,pose,11,0.6075929999,0.4344992042,-0.4351156652,0.9999804497
140,9.3430000000,pose,11,0.6060820818,0.4379633963,-0.3893287480,0.9999787211
141,9.4100000000,pose,11,0.6060937643,0.4352867007,-0.3955087662,0.9999790192
142,9.4770000000,pose,11,0.6067311168,0.4352740645,-0.4107349217,0.9999782443
143,9.5430000000,pose,11,0.6067354083,0.4340347052,-0.4223866463,0.9999776483
144,9.6100000000,pose,11,0.6067767739,0.4341351092,-0.4889070094,0.9999777079
145,9.6770000000,pose,11,0.6068996191,0.4333808422,-0.4389120638,0.9999775290
146,9.7440000000,pose,11,0.6072906852,0.4340219796,-0.3850345314,0.9999770522
147,9.8100000000,pose,11,0.6045378447,0.4284342825,-0.4223067164,0.9999772906
148,9.8770000000,pose,11,0.6045824289,0.4287794232,-0.4114449322,0.9999760389
149,9.9440000000,pose,11,0.6046127677,0.4338947535,-0.5038959980,0.9999766350
150,10.0110000000,pose,11,0.6051883698,0.4345384240,-0.5494995713,0.9999760985
151,10.0770000000,pose,11,0.6053214669,0.4349198937,-0.3453706801,0.9999766350
152,10.1440000000,pose,11,0.6057498455,0.4345889390,-0.3923138082,0.9999758005
153,10.2110000000,pose,11,0.6053867936,0.4321073294,-0.3979572058,0.9999763966
154,10.2780000000,pose,11,0.6055719852,0.4333194494,-0.4245208502,0.9999769330
155,10.3440000000,pose,11,0.6056668162,0.4341682494,-0.4246706963,0.9999773502
156,10.4110000000,pose,11,0.6056745052,0.4355083704,-0.4258843958,0.9999779463
157,10.4780000000,pose,11,0.6058222651,0.4345932603,-0.4622723460,0.9999790192
158,10.5450000000,pose,11,0.6058843732,0.4333861172,-0.4101302922,0.9999800920
159,10.6110000000,pose,11,0.6059395671,0.4334070981,-0.3954401910,0.9999802709
160,10.6780000000,pose,11,0.6063266397,0.4363586009,-0.3815497160,0.9999806881
161,10.7450000000,pose,11,0.6063525677,0.4348895848,-0.3653220832,0.9999806881
162,10.8110000000,pose,11,0.6067075729,0.4338027835,-0.4496028721,0.9999809861
163,10.8780000000,pose,11,0.6065838337,0.4385636151,-0.4378767610,0.9999796748
164,10.9450000000,pose,11,0.6070953012,0.4345880151,-0.3211770952,0.9999793768
165,11.0120000000,pose,11,0.6083050966,0.4349883199,-0.3459640443,0.9999799132
166,11.0780000000,pose,11,0.6083204746,0.4393448234,-0.3786924779,0.9999800324
167,11.1450000000,pose,11,0.6083719134,0.4403645396,-0.4440836608,0.9999799728
168,11.2120000000,pose,11,0.6089195609,0.4404727519,-0.3956161141,0.9999793768
169,11.2790000000,pose,11,0.6088408232,0.4404125512,-0.3974236250,0.9999784231
170,11.3450000000,pose,11,0.6090503931,0.4403941035,-0.4449548721,0.9999784231
171,11.4120000000,pose,11,0.6093965769,0.4392932355,-0.4949212372,0.9999784231
172,11.4790000000,pose,11,0.6094262600,0.4390732348,-0.4711256027,0.9999786615
173,11.5460000000,pose,11,0.6095845103,0.4372903407,-0.4240316749,0.9999787807
174,11.6120000000,pose,11,0.6094795465,0.4377686679,-0.3763525784,0.9999791980
175,11.6790000000,pose,11,0.6089647412,0.4352814555,-0.4440748990,0.9999782443
176,11.7460000000,pose,11,0.6089327335,0.4353267252,-0.4532696009,0.9999779463
177,11.8130000000,pose,11,0.6093136072,0.4310028553,-0.3375867903,0.9999792576
178,11.8790000000,pose,11,0.6092332006,0.4383903146,-0.4551677406,0.9999786615
179,11.9460000000,pose,11,0.6093750000,0.4396758080,-0.6318094134,0.9999784231
75,5.0050000000,pose,12,0.3692739904,0.4295706451,-0.4043992758,0.9999699593
76,5.0720000000,pose,12,0.3700050116,0.4227502644,-0.4225789309,0.9999707341
77,5.1390000000,pose,12,0.3700270355,0.4255910516,-0.4113405347,0.9999696016
78,5.2060000000,pose,12,0.3692713380,0.4259695113,-0.4111186266,0.9999709129
79,5.2720000000,pose,12,0.3692739606,0.4270886779,-0.4592294991,0.9999722838
80,5.3390000000,pose,12,0.3716180623,0.4261729717,-0.4483905733,0.9999713302
81,5.4060000000,pose,12,0.3719486892,0.4261761904,-0.4741996527,0.9999721050
82,5.4720000000,pose,12,0.3724841774,0.4263158143,-0.4938923717,0.9999741316
83,5.5390000000,pose,12,0.3724803627,0.4259266555,-0.4778443873,0.9999742508
84,5.6060000000,pose,12,0.3741935790,0.4257183075,-0.4173851907,0.9999749064
85,5.6730000000,pose,12,0.3741350770,0.4257337451,-0.4103578329,0.9999760389
86,5.7390000000,pose,12,0.3741509616,0.4255671203,-0.4157923758,0.9999776483
87,5.8060000000,pose,12,0.3735857606,0.4252985120,-0.3958485425,0.9999787211
88,5.8730000000,pose,12,0.3735658824,0.4292183220,-0.3465254009,0.9999790788
89,5.9400000000,pose,12,0.3725560904,0.4307955503,-0.3033051491,0.9999776483
90,6.0060000000,pose,12,0.3720465004,0.4336445928,-0.3764728308,0.9999797344
91,6.0730000000,pose,12,0.3720615506,0.4333497286,-0.3332628906,0.9999803305
92,6.1400000000,pose,12,0.3703735471,0.4369644821,-0.3359893858,0.9999807477
93,6.2070000000,pose,12,0.3702673614,0.4332272112,-0.3497630060,0.9999812841
94,6.2730000000,pose,12,0.3703691661,0.4330658019,-0.2817114592,0.9999792576
95,6.3400000000,pose,12,0.3703919351,0.4343968630,-0.2774328887,0.9999793768
96,6.4070000000,pose,12,0.3697960079,0.4343874753,-0.3407282233,0.9999791980
97,6.4740000000,pose,12,0.3684662580,0.4333109856,-0.3880998194,0.9999799132
98,6.5400000000,pose,12,0.3683854043,0.4330427647,-0.3850604296,0.9999773502
99,6.6070000000,pose,12,0.3683887422,0.4328460991,-0.4039264619,0.9999786019
100,6.6740000000,pose,12,0.3665856719,0.4310950935,-0.3459970355,0.9999786019
101,6.7400000000,pose,12,0.3667308092,0.4308726490,-0.3533181548,0.9999789596
102,6.8070000000,pose,12,0.3669188917,0.4308910072,-0.3962831199,0.9999793768
103,6.8740000000,pose,12,0.3669973016,0.4308709502,-0.3403454721,0.9999799132
104,6.9410000000,pose,12,0.3675789535,0.4309700727,-0.3886065781,0.9999808073
105,7.0070000000,pose,12,0.3684201539,0.4309296608,-0.3321020007,0.9999813437
106,7.0740000000,pose,12,0.3690277636,0.4309597015,-0.3345572054,0.9999818206
107,7.1410000000,pose,12,0.3690457046,0.4303350151,-0.3331495225,0.9999823570
108,7.2080000000,pose,12,0.3687024415,0.4344230294,-0.3208707869,0.9999821186
109,7.2740000000,pose,12,0.3689630330,0.4374617040,-0.2790093720,0.9999818206
110,7.3410000000,pose,12,0.3689760566,0.4349053800,-0.2862631381,0.9999823570
111,7.4080000000,pose,12,0.3689756095,0.4348978698,-0.2972573936,0.9999826550
112,7.4750000000,pose,12,0.3697812855,0.4342213869,-0.3348475695,0.9999835491
113,7.5410000000,pose,12,0.3701204956,0.4338920116,-0.2895870507,0.9999824166
114,7.6080000000,pose,12,0.3702692986,0.4320327044,-0.2676440775,0.9999825358
115,7.6750000000,pose,12,0.3706153631,0.4311610460,-0.2721004784,0.9999824166
116,7.7420000000,pose,12,0.3706781268,0.4304893315,-0.2768151462,0.9999824762
117,7.8080000000,pose,12,0.3707382977,0.4292735755,-0.2778100967,0.9999819398
118,7.8750000000,pose,12,0.3695817292,0.4289800227,-0.2581804395,0.9999822974
119,7.9420000000,pose,12,0.3694393039,0.4294268489,-0.2613328695,0.9999829531
120,8.0080000000,pose,12,0.3694406450,0.4294301271,-0.2897999585,0.9999831319
121,8.0750000000,pose,12,0.3695436120,0.4294160903,-0.3143987358,0.9999827147
122,8.1420000000,pose,12,0.3687702715,0.4310589731,-0.3654416502,0.9999825954
123,8.2090000000,pose,12,0.3695406616,0.4307169914,-0.3598328531,0.9999833107
124,8.2750000000,pose,12,0.3697433472,0.4302015901,-0.3436299264,0.9999837875
125,8.3420000000,pose,12,0.3697533309,0.4297427535,-0.3394913673,0.9999837875
126,8.4090000000,pose,12,0.3697837889,0.4304649532,-0.4217998683,0.9999836683
127,8.4760000000,pose,12,0.3695459366,0.4304326475,-0.3335852325,0.9999829531
128,8.5420000000,pose,12,0.3696331084,0.4293038547,-0.2689065933,0.9999825358
129,8.6090000000,pose,12,0.3691476583,0.4295642376,-0.3718216121,0.9999832511
130,8.6760000000,pose,12,0.3691465557,0.4311473966,-0.3365331888,0.9999829531
131,8.7430000000,pose,12,0.3682307601,0.4311940968,-0.3827962875,0.9999833703
132,8.8090000000,pose,12,0.3681925535,0.4317536056,-0.3611012697,0.9999836087
133,8.8760000000,pose,12,0.3678038418,0.4309861660,-0.3595109284,0.9999842048
134,8.9430000000,pose,12,0.3672922850,0.4309907556,-0.4471074641,0.9999846816
135,9.0100000000,pose,12,0.3672637939,0.4311173558,-0.3929409981,0.9999845624
136,9.0760000000,pose,12,0.3667470813,0.4286915064,-0.3695904613,0.9999848604
137,9.1430000000,pose,12,0.3671563268,0.4320884049,-0.3185223937,0.9999850988
138,9.2100000000,pose,12,0.3671679795,0.4319922030,-0.3707482517,0.9999853373
139,9.2770000000,pose,12,0.3671247661,0.4320854247,-0.3888847232,0.9999858141
140,9.3430000000,pose,12,0.3666366041,0.4313086569,-0.3640940785,0.9999851584
141,9.4100000000,pose,12,0.3663989305,0.4310989976,-0.3256432116,0.9999852777
142,9.4770000000,pose,12,0.3663853109,0.4307070971,-0.3328604698,0.9999845624
143,9.5430000000,pose,12,0.3666667640,0.4306251407,-0.3396082520,0.9999839664
144,9.6100000000,pose,12,0.3669081330,0.4310194552,-0.4326251745,0.9999842644
145,9.6770000000,pose,12,0.3665325940,0.4306693673,-0.3707855940,0.9999841452
146,9.7440000000,pose,12,0.3665895760,0.4332736731,-0.3337129951,0.9999833107
147,9.8100000000,pose,12,0.3659634888,0.4324218333,-0.3776889145,0.9999835491
148,9.8770000000,pose,12,0.3661672473,0.4322542548,-0.3768206239,0.9999824762
149,9.9440000000,pose,12,0.3655780256,0.4335398972,-0.4507468343,0.9999831319
150,10.0110000000,pose,12,0.3649692535,0.4334270954,-0.5071602464,0.9999833703
151,10.0770000000,pose,12,0.3645902574,0.4331856370,-0.3013457954,0.9999814034
152,10.1440000000,pose,12,0.3665622175,0.4329978526,-0.3268647194,0.9999819398
153,10.2110000000,pose,12,0.3668452799,0.4300608337,-0.3352349102,0.9999822974
154,10.2780000000,pose,12,0.3668381870,0.4284369648,-0.3575654924,0.9999822378
155,10.3440000000,pose,12,0.3669028282,0.4287174046,-0.3582878411,0.9999822974
156,10.4110000000,pose,12,0.3669229150,0.4287108183,-0.3621791899,0.9999828935
157,10.4780000000,pose,12,0.3676025569,0.4284313023,-0.4065748751,0.9999836087
158,10.5450000000,pose,12,0.3676040769,0.4286035299,-0.3401778340,0.9999843836
159,10.6110000000,pose,12,0.3681471646,0.4293110967,-0.3047979474,0.9999841452
160,10.6780000000,pose,12,0.3674797714,0.4318891764,-0.3088356853,0.9999849796
161,10.7450000000,pose,12,0.3684944212,0.4330931306,-0.2992384732,0.9999852180
162,10.8110000000,pose,12,0.3685789704,0.4323401153,-0.3818400502,0.9999858141
163,10.8780000000,pose,12,0.3690593839,0.4339952767,-0.3783791959,0.9999856949
164,10.9450000000,pose,12,0.3700956106,0.4334602058,-0.2414482534,0.9999851584
165,11.0120000000,pose,12,0.3697342575,0.4335094094,-0.2789038718,0.9999849796
166,11.0780000000,pose,12,0.3711549342,0.4334636629,-0.3180053830,0.9999853373
167,11.1450000000,pose,12,0.3711476624,0.4337305129,-0.3734345734,0.9999852180
168,11.2120000000,pose,12,0.3712780774,0.4330106080,-0.3373595178,0.9999842644
169,11.2790000000,pose,12,0.3699795902,0.4305796027,-0.3483437002,0.9999827147
170,11.3450000000,pose,12,0.3708555996,0.4309073985,-0.3798281848,0.9999824166
171,11.4120000000,pose,12,0.3706859946,0.4304674566,-0.4232192636,0.9999820590
172,11.4790000000,pose,12,0.3706746399,0.4304338992,-0.4098991156,0.9999819994
173,11.5460000000,pose,12,0.3698466718,0.4304556847,-0.3626709282,0.9999812841
174,11.6120000000,pose,12,0.3698020875,0.4300333560,-0.3142811358,0.9999817610
175,11.6790000000,pose,12,0.3692460060,0.4301641583,-0.3768695593,0.9999814034
176,11.7460000000,pose,12,0.3691515923,0.4300512671,-0.3922186196,0.9999816418
177,11.8130000000,pose,12,0.3689070344,0.4307737350,-0.2657204866,0.9999822378
178,11.8790000000,pose,12,0.3683867455,0.4310240746,-0.4099012017,0.9999823570
179,11.9460000000,pose,12,0.3681308031,0.4321778715,-0.5926649570,0.9999826550
75,5.0050000000,pose,13,0.7823755145,0.5974110365,-0.8420650363,0.9958341718
76,5.0720000000,pose,13,0.7820095420,0.5927965641,-0.8645865321,0.9958446622
77,5.1390000000,pose,13,0.7909591198,0.6007258892,-0.8340297937,0.9956480265
78,5.2060000000,pose,13,0.7900215983,0.5988686085,-0.8519077897,0.9955838323
79,5.2720000000,pose,13,0.7914318442,0.6019970179,-0.9010900855,0.9959412813
80,5.3390000000,pose,13,0.7871289849,0.6051782370,-0.8402847648,0.9958830476
81,5.4060000000,pose,13,0.7899280787,0.6068266034,-0.9414368272,0.9961495399
82,5.4720000000,pose,13,0.7853736877,0.6182830930,-0.9591883421,0.9964849949
83,5.5390000000,pose,13,0.7852247357,0.6183317304,-0.9322035909,0.9965558648
84,5.6060000000,pose,13,0.7852607965,0.6221310496,-0.8462044001,0.9966740608
85,5.6730000000,pose,13,0.7835757136,0.6251241565,-0.8374139071,0.9967870116
86,5.7390000000,pose,13,0.7835552692,0.6261406541,-0.8441367745,0.9969112873
87,5.8060000000,pose,13,0.7843316793,0.6290580630,-0.7775027156,0.9970328808
88,5.8730000000,pose,13,0.7848485708,0.6288484931,-0.6989857554,0.9969811440
89,5.9400000000,pose,13,0.7876404524,0.6282114387,-0.6967070699,0.9969056845
90,6.0060000000,pose,13,0.7882906199,0.6280696392,-0.7903185487,0.9971398711
91,6.0730000000,pose,13,0.7908980250,0.6259490252,-0.7472347021,0.9973553419
92,6.1400000000,pose,13,0.7934005857,0.6255888343,-0.7557284832,0.9974222183
93,6.2070000000,pose,13,0.7944895029,0.6263664365,-0.8128854632,0.9975047112
94,6.2730000000,pose,13,0.7946388125,0.6250124574,-0.7318317294,0.9973727465
95,6.3400000000,pose,13,0.7947460413,0.6250070930,-0.6457423568,0.9972931147
96,6.4070000000,pose,13,0.7925113440,0.6241297126,-0.7239946723,0.9973539114
97,6.4740000000,pose,13,0.7875516415,0.6222879291,-0.8524481654,0.9975236058
98,6.5400000000,pose,13,0.7875242233,0.6222488284,-0.8161855936,0.9975066781
99,6.6070000000,pose,13,0.7859262824,0.6224424839,-0.8444015384,0.9975715280
100,6.6740000000,pose,13,0.7818211913,0.6224113703,-0.7499533892,0.9976110458
101,6.7400000000,pose,13,0.7814049125,0.6230832338,-0.7588151097,0.9975452423
102,6.8070000000,pose,13,0.7803956270,0.6230593920,-0.7865279913,0.9974931479
103,6.8740000000,pose,13,0.7802091837,0.6239945889,-0.7161457539,0.9975129962
104,6.9410000000,pose,13,0.7812680602,0.6237656474,-0.7848699689,0.9975875616
105,7.0070000000,pose,13,0.7808322906,0.6236806512,-0.7291731238,0.9975438118
106,7.0740000000,pose,13,0.7808511257,0.6217173934,-0.7402560711,0.9975882173
107,7.1410000000,pose,13,0.7805728912,0.6217307448,-0.7890726328,0.9975805879
108,7.2080000000,pose,13,0.7821465135,0.6240931153,-0.7430535555,0.9975101948
109,7.2740000000,pose,13,0.7829064727,0.6277084351,-0.6686807871,0.9973437190
110,7.3410000000,pose,13,0.7833579779,0.6296342015,-0.6817884445,0.9973931909
111,7.4080000000,pose,13,0.7828931212,0.6318929791,-0.7367554307,0.9974601269
112,7.4750000000,pose,13,0.7834655046,0.6327077150,-0.7341133952,0.9975423813
113,7.5410000000,pose,13,0.7829919457,0.6313735247,-0.6283607483,0.9974669814
114,7.6080000000,pose,13,0.7831247449,0.6334142089,-0.6331071854,0.9973495007
115,7.6750000000,pose,13,0.7827934027,0.6363477111,-0.6435714960,0.9974361658
116,7.7420000000,pose,13,0.7822777033,0.6388797164,-0.6517591476,0.9973475933
117,7.8080000000,pose,13,0.7823154926,0.6414254904,-0.6641471982,0.9974226356
118,7.8750000000,pose,13,0.7822053432,0.6421781778,-0.6120368242,0.9974256754
119,7.9420000000,pose,13,0.7808370590,0.6421142220,-0.6184425354,0.9974050522
120,8.0080000000,pose,13,0.7819862962,0.6406334639,-0.6498602629,0.9974200726
121,8.0750000000,pose,13,0.7832678556,0.6387238503,-0.7215088010,0.9974826574
122,8.1420000000,pose,13,0.7851924300,0.6388701200,-0.7583073378,0.9975349307
123,8.2090000000,pose,13,0.7860081792,0.6388114691,-0.7349329591,0.9976164699
124,8.2750000000,pose,13,0.7861213088,0.6385424733,-0.7381415963,0.9975364208
125,8.3420000000,pose,13,0.7861779928,0.6382017732,-0.7548848391,0.9975668788
126,8.4090000000,pose,13,0.7860792279,0.6351287365,-0.8487729430,0.9976737499
127,8.4760000000,pose,13,0.7851240635,0.6350610256,-0.7418922186,0.9974015355
128,8.5420000000,pose,13,0.7825648189,0.6354374290,-0.6399083734,0.9974324703
129,8.6090000000,pose,13,0.7814623117,0.6348517537,-0.7395585179,0.9974020123
130,8.6760000000,pose,13,0.7797033787,0.6346857548,-0.7400181890,0.9973618388
131,8.7430000000,pose,13,0.7800433040,0.6334079504,-0.8052560091,0.9973348379
132,8.8090000000,pose,13,0.7809185386,0.6330284476,-0.7147567272,0.9973520637
133,8.8760000000,pose,13,0.7809166312,0.6321644783,-0.7624453902,0.9974663854
134,8.9430000000,pose,13,0.7820196152,0.6321335435,-0.8807618618,0.9975255728
135,9.0100000000,pose,13,0.7826711535,0.6331036687,-0.8360430598,0.9976223707
136,9.0760000000,pose,13,0.7825794816,0.6333835721,-0.7832506299,0.9976260662
137,9.1430000000,pose,13,0.7830665112,0.6334518790,-0.7003681660,0.9976163507
138,9.2100000000,pose,13,0.7831277847,0.6324226260,-0.7797952890,0.9977657199
139,9.2770000000,pose,13,0.7829932570,0.6311161518,-0.7795267105,0.9978774190
140,9.3430000000,pose,13,0.7806808949,0.6309837103,-0.7391259670,0.9978426695
141,9.4100000000,pose,13,0.7803001404,0.6299711466,-0.7562320232,0.9978655577
142,9.4770000000,pose,13,0.7786890268,0.6331809759,-0.7575119138,0.9978468418
143,9.5430000000,pose,13,0.7781155705,0.6360505223,-0.7544239759,0.9978339672
144,9.6100000000,pose,13,0.7776739597,0.6370159388,-0.8416070342,0.9978209138
145,9.6770000000,pose,13,0.7779711485,0.6375942826,-0.7712042928,0.9977134466
146,9.7440000000,pose,13,0.7784661651,0.6369179487,-0.6933193803,0.9974429607
147,9.8100000000,pose,13,0.7782493234,0.6333861947,-0.7852953076,0.9976087213
148,9.8770000000,pose,13,0.7791720629,0.6339215040,-0.7532101870,0.9973919392
149,9.9440000000,pose,13,0.7802478671,0.6338034272,-0.8934897184,0.9974745512
150,10.0110000000,pose,13,0.7812117338,0.6339592934,-0.9418156147,0.9973962307
151,10.0770000000,pose,13,0.7816883326,0.6344043016,-0.6678869724,0.9974238873
152,10.1440000000,pose,13,0.7822485566,0.6343911290,-0.7311851382,0.9974449873
153,10.2110000000,pose,13,0.7825613618,0.6336649060,-0.7313774824,0.9975024462
154,10.2780000000,pose,13,0.7829658389,0.6334160566,-0.7494057417,0.9974272847
155,10.3440000000,pose,13,0.7822117209,0.6336199045,-0.7453380227,0.9974153042
156,10.4110000000,pose,13,0.7798541188,0.6337265372,-0.7781890631,0.9975346327
157,10.4780000000,pose,13,0.7768315673,0.6355301738,-0.8027211428,0.9975482821
158,10.5450000000,pose,13,0.7768414617,0.6394968033,-0.7298803329,0.9976419806
159,10.6110000000,pose,13,0.7768734694,0.6398299932,-0.7162052989,0.9975413084
160,10.6780000000,pose,13,0.7792182565,0.6401750445,-0.7160796523,0.9975315928
161,10.7450000000,pose,13,0.7799547315,0.6362661719,-0.6876154542,0.9974153638
162,10.8110000000,pose,13,0.7828838825,0.6363738179,-0.8221002817,0.9975087047
163,10.8780000000,pose,13,0.7850728631,0.6364740729,-0.7915439010,0.9975125790
164,10.9450000000,pose,13,0.7850998044,0.6365166306,-0.6071794629,0.9973353744
165,11.0120000000,pose,13,0.7853160501,0.6384220719,-0.6642850041,0.9972523451
166,11.0780000000,pose,13,0.7857344151,0.6383653879,-0.7593597770,0.9973216057
167,11.1450000000,pose,13,0.7859507799,0.6383806467,-0.8015910983,0.9974728823
168,11.2120000000,pose,13,0.7859497666,0.6388121843,-0.7673079371,0.9975104332
169,11.2790000000,pose,13,0.7843653560,0.6428611875,-0.7629171610,0.9974761605
170,11.3450000000,pose,13,0.7806708813,0.6428634524,-0.8255674243,0.9976062179
171,11.4120000000,pose,13,0.7801610231,0.6437289715,-0.8544337749,0.9976866245
172,11.4790000000,pose,13,0.7789380550,0.6460499167,-0.8328216076,0.9977450967
173,11.5460000000,pose,13,0.7791923881,0.6462984085,-0.7474669814,0.9976298809
174,11.6120000000,pose,13,0.7795677185,0.6460914016,-0.6987150311,0.9976075292
175,11.6790000000,pose,13,0.7818669081,0.6443868279,-0.7734235525,0.9974899888
176,11.7460000000,pose,13,0.7823528647,0.6418604255,-0.8035186529,0.9975532889
177,11.8130000000,pose,13,0.7836495042,0.6385311484,-0.6322368383,0.9976107478
178,11.8790000000,pose,13,0.7908474207,0.6394107342,-0.8332473040,0.9976186752
179,11.9460000000,pose,13,0.7921217084,0.6409817934,-1.0618172884,0.9977005720
75,5.0050000000,pose,14,0.1838397086,0.6254281402,-0.7352401614,0.9634695649
76,5.0720000000,pose,14,0.1927272677,0.6282318234,-0.7355511785,0.9626844525
77,5.1390000000,pose,14,0.1948096454,0.6304784417,-0.7341575027,0.9612712860
78,5.2060000000,pose,14,0.1935277283,0.6281029582,-0.7410201430,0.9623781443
79,5.2720000000,pose,14,0.1930718422,0.6273648739,-0.7851599455,0.9654270411
80,5.3390000000,pose,14,0.1935641915,0.6254375577,-0.7735947371,0.9635287523
81,5.4060000000,pose,14,0.1915602535,0.6252745986,-0.8113582730,0.9662463069
82,5.4720000000,pose,14,0.1938377470,0.6251698136,-0.8377674818,0.9691250920
83,5.5390000000,pose,14,0.1941701621,0.6278460026,-0.8075172305,0.9699797630
84,5.6060000000,pose,14,0.1935018897,0.6269482374,-0.7184234262,0.9712496400
85,5.6730000000,pose,14,0.1922176778,0.6269180179,-0.7036587000,0.9724659324
86,5.7390000000,pose,14,0.1929496825,0.6268532276,-0.7163084149,0.9734503031
87,5.8060000000,pose,14,0.1945423931,0.6286606193,-0.6715568900,0.9743561745
88,5.8730000000,pose,14,0.1943053454,0.6308675408,-0.6275587082,0.9732930660
89,5.9400000000,pose,14,0.1914505512,0.6309409142,-0.6111778617,0.9719873667
90,6.0060000000,pose,14,0.1882305890,0.6306074262,-0.7096248865,0.9746344090
91,6.0730000000,pose,14,0.1884463429,0.6281245947,-0.6475350857,0.9761198163
92,6.1400000000,pose,14,0.1901766360,0.6332302094,-0.6645281911,0.9759705663
93,6.2070000000,pose,14,0.1886484027,0.6330730915,-0.6996825933,0.9762104750
94,6.2730000000,pose,14,0.1978027076,0.6363579631,-0.6174159646,0.9729366302
95,6.3400000000,pose,14,0.1895237565,0.6362752914,-0.5729430318,0.9711333513
96,6.4070000000,pose,14,0.1788710803,0.6314300299,-0.6275669932,0.9719310403
97,6.4740000000,pose,14,0.1794149429,0.6314584613,-0.7377165556,0.9732267857
98,6.5400000000,pose,14,0.1901145279,0.6355918050,-0.7238825560,0.9719048142
99,6.6070000000,pose,14,0.1900783479,0.6338865757,-0.7326473594,0.9734836221
100,6.6740000000,pose,14,0.1900274307,0.6374645233,-0.6602408886,0.9730818868
101,6.7400000000,pose,14,0.1901508272,0.6396573782,-0.6672156453,0.9711777568
102,6.8070000000,pose,14,0.1875428557,0.6374103427,-0.7209204435,0.9704909921
103,6.8740000000,pose,14,0.1878867149,0.6363255382,-0.6512213349,0.9708159566
104,6.9410000000,pose,14,0.1855897903,0.6288412213,-0.6864668727,0.9723024368
105,7.0070000000,pose,14,0.1853934973,0.6279678345,-0.6417610049,0.9726890326
106,7.0740000000,pose,14,0.1813596934,0.6250998378,-0.6469632983,0.9732703567
107,7.1410000000,pose,14,0.1881405562,0.6282314062,-0.6526730061,0.9730381966
108,7.2080000000,pose,14,0.1875385940,0.6314320564,-0.6327685118,0.9725027084
109,7.2740000000,pose,14,0.1865386069,0.6301874518,-0.5749870539,0.9715415835
110,7.3410000000,pose,14,0.1865370572,0.6301959753,-0.5823475718,0.9708457589
111,7.4080000000,pose,14,0.1910673976,0.6316167116,-0.6265438199,0.9695982337
112,7.4750000000,pose,14,0.1909325123,0.6312438846,-0.6371763945,0.9703215361
113,7.5410000000,pose,14,0.1908438504,0.6320596933,-0.5542714596,0.9676705599
114,7.6080000000,pose,14,0.1926841736,0.6320493221,-0.5552924275,0.9653713703
115,7.6750000000,pose,14,0.1993365884,0.6334749460,-0.5678523779,0.9634703398
116,7.7420000000,pose,14,0.1974083036,0.6334222555,-0.5726689696,0.9620416760
117,7.8080000000,pose,14,0.1988115162,0.6341121793,-0.5851315260,0.9604017735
118,7.8750000000,pose,14,0.1980474442,0.6346204281,-0.5447342396,0.9597964883
119,7.9420000000,pose,14,0.1970398426,0.6346481442,-0.5533422232,0.9605185390
120,8.0080000000,pose,14,0.1944308281,0.6365112066,-0.5812568069,0.9610370398
121,8.0750000000,pose,14,0.1939976960,0.6367170811,-0.6267281771,0.9606708288
122,8.1420000000,pose,14,0.1873157471,0.6362922192,-0.6784831882,0.9620258808
123,8.2090000000,pose,14,0.1923176199,0.6381863356,-0.6647287607,0.9636570811
124,8.2750000000,pose,14,0.1928963214,0.6376856565,-0.6493133307,0.9625735879
125,8.3420000000,pose,14,0.1921113431,0.6365336776,-0.6512263417,0.9637368321
126,8.4090000000,pose,14,0.1920111179,0.6363586783,-0.7626035810,0.9658233523
127,8.4760000000,pose,14,0.1919166595,0.6364735961,-0.6489886642,0.9649007320
128,8.5420000000,pose,14,0.1930162460,0.6401371360,-0.5757782459,0.9632102251
129,8.6090000000,pose,14,0.1867337972,0.6356676817,-0.6826162338,0.9648567438
130,8.6760000000,pose,14,0.1872762144,0.6364198327,-0.6362713575,0.9644804001
131,8.7430000000,pose,14,0.1873546690,0.6398183107,-0.7223644257,0.9655225873
132,8.8090000000,pose,14,0.1877941340,0.6399931312,-0.6440613270,0.9659064412
133,8.8760000000,pose,14,0.1892322153,0.6407618523,-0.6642605066,0.9673603773
134,8.9430000000,pose,14,0.1893189996,0.6424713731,-0.7806113958,0.9692854285
135,9.0100000000,pose,14,0.1895185113,0.6425468922,-0.7759544253,0.9708064795
136,9.0760000000,pose,14,0.1872070134,0.6425330043,-0.7012113929,0.9715122581
137,9.1430000000,pose,14,0.1873056293,0.6407387257,-0.6374050975,0.9721136689
138,9.2100000000,pose,14,0.1873447448,0.6403966546,-0.7048552632,0.9740614891
139,9.2770000000,pose,14,0.1843887269,0.6401487589,-0.7108465433,0.9756127596
140,9.3430000000,pose,14,0.1873982996,0.6414582729,-0.6888088584,0.9759941101
141,9.4100000000,pose,14,0.1899406910,0.6427755952,-0.6579621434,0.9753695130
142,9.4770000000,pose,14,0.1903569400,0.6427693963,-0.6620747447,0.9749532342
143,9.5430000000,pose,14,0.1906720996,0.6432672143,-0.6609140038,0.9747992754
144,9.6100000000,pose,14,0.1904430687,0.6430636644,-0.7730845809,0.9756884575
145,9.6770000000,pose,14,0.1905417442,0.6450577378,-0.6822798252,0.9742617607
146,9.7440000000,pose,14,0.1894541383,0.6431396008,-0.6194695830,0.9731963873
147,9.8100000000,pose,14,0.1889659464,0.6410538554,-0.7214519978,0.9746573567
148,9.8770000000,pose,14,0.1904749572,0.6411523223,-0.7021898031,0.9721053243
149,9.9440000000,pose,14,0.1876550466,0.6420021057,-0.8038409352,0.9736091495
150,10.0110000000,pose,14,0.1857328862,0.6417439580,-0.8551501632,0.9745456576
151,10.0770000000,pose,14,0.1865124106,0.6417568922,-0.6136538982,0.9697226286
152,10.1440000000,pose,14,0.1882536113,0.6387336850,-0.6685942411,0.9711069465
153,10.2110000000,pose,14,0.1905474961,0.6399177313,-0.6593039036,0.9710031152
154,10.2780000000,pose,14,0.1905459911,0.6417231560,-0.6679640412,0.9700609446
155,10.3440000000,pose,14,0.1908541769,0.6424087882,-0.6756637096,0.9699793458
156,10.4110000000,pose,14,0.1908626258,0.6408733726,-0.6964145899,0.9710739255
157,10.4780000000,pose,14,0.1907729357,0.6403489709,-0.7314846516,0.9711686373
158,10.5450000000,pose,14,0.1907707602,0.6403174996,-0.6331793070,0.9718508720
159,10.6110000000,pose,14,0.1940509975,0.6403506398,-0.5977143049,0.9698455930
160,10.6780000000,pose,14,0.1904086918,0.6404985785,-0.6142979860,0.9706337452
161,10.7450000000,pose,14,0.1899249852,0.6374231577,-0.5900086761,0.9701882005
162,10.8110000000,pose,14,0.1887471676,0.6347402930,-0.7131822705,0.9715206027
163,10.8780000000,pose,14,0.1886165142,0.6331443191,-0.6949470639,0.9726204276
164,10.9450000000,pose,14,0.1913420558,0.6332215071,-0.5091823936,0.9696862698
165,11.0120000000,pose,14,0.1919632554,0.6331043243,-0.5665594935,0.9669880867
166,11.0780000000,pose,14,0.1926651299,0.6307773590,-0.6344678998,0.9671374559
167,11.1450000000,pose,14,0.1926045865,0.6339836121,-0.6972148418,0.9690046310
168,11.2120000000,pose,14,0.1929380894,0.6336760521,-0.6625630260,0.9679479003
169,11.2790000000,pose,14,0.1924651116,0.6321449876,-0.6664291620,0.9670941830
170,11.3450000000,pose,14,0.1945140362,0.6321650743,-0.7322444916,0.9681503773
171,11.4120000000,pose,14,0.1942266077,0.6321359277,-0.7630731463,0.9685922265
172,11.4790000000,pose,14,0.1942549497,0.6346164942,-0.7391980886,0.9692628980
173,11.5460000000,pose,14,0.1916050017,0.6369644403,-0.6940916181,0.9659007788
174,11.6120000000,pose,14,0.1916096061,0.6369467378,-0.6257797480,0.9649493098
175,11.6790000000,pose,14,0.1913892478,0.6405150890,-0.6929627657,0.9660922289
176,11.7460000000,pose,14,0.1907546222,0.6405361891,-0.7140572071,0.9673753381
177,11.8130000000,pose,14,0.1917648464,0.6419845819,-0.5420650840,0.9656145573
178,11.8790000000,pose,14,0.1880315840,0.6400555372,-0.7483870387,0.9673050642
179,11.9460000000,pose,14,0.1881594062,0.6447557211,-0.9839953184,0.9694290161
75,5.0050000000,pose,15,0.5894306302,0.5459904075,-1.1351466179,0.9958634973
76,5.0720000000,pose,15,0.5818921328,0.5405378342,-1.2589275837,0.9958748221
77,5.1390000000,pose,15,0.6080437899,0.5475778580,-1.2501484156,0.9958792925
78,5.2060000000,pose,15,0.6069718003,0.5435876250,-1.2672080994,0.9958323836
79,5.2720000000,pose,15,0.6076764464,0.5435176492,-1.3340889215,0.9961924553
80,5.3390000000,pose,15,0.6067568660,0.5457903743,-1.2656805515,0.9960510731
81,5.4060000000,pose,15,0.6124055386,0.5672920942,-1.3841607571,0.9963765144
82,5.4720000000,pose,15,0.6058145761,0.5713208914,-1.4021553993,0.9968168139
83,5.5390000000,pose,15,0.6030960679,0.5706893802,-1.3352445364,0.9968723655
84,5.6060000000,pose,15,0.5973622799,0.5774670243,-1.2151701450,0.9969365597
85,5.6730000000,pose,15,0.5930299163,0.5834851265,-1.2240939140,0.9971356392
86,5.7390000000,pose,15,0.5930837989,0.5859173536,-1.2271633148,0.9973039031
87,5.8060000000,pose,15,0.6001524329,0.5929666162,-1.1512436867,0.9974602461
88,5.8730000000,pose,15,0.6025578976,0.5921694636,-1.0664546490,0.9973139763
89,5.9400000000,pose,15,0.6064735055,0.5741603971,-1.0490539074,0.9973582029
90,6.0060000000,pose,15,0.6074191928,0.5637896061,-1.2118382454,0.9976614118
91,6.0730000000,pose,15,0.6162812710,0.5498664379,-1.1232746840,0.9978649616
92,6.1400000000,pose,15,0.6189501882,0.5420508385,-1.1650863886,0.9979707003
93,6.2070000000,pose,15,0.6224120855,0.5433871746,-1.2470784187,0.9980930090
94,6.2730000000,pose,15,0.6221011281,0.5421473980,-1.1800352335,0.9980282784
95,6.3400000000,pose,15,0.6219610572,0.5440254211,-0.9985685349,0.9980459213
96,6.4070000000,pose,15,0.6198059916,0.5496195555,-1.0854629278,0.9981061220
97,6.4740000000,pose,15,0.6105172038,0.5590448976,-1.2811802626,0.9982473850
98,6.5400000000,pose,15,0.5937511921,0.5612872839,-1.2426037788,0.9980955720
99,6.6070000000,pose,15,0.5919505954,0.5673298836,-1.2318097353,0.9981698990
100,6.6740000000,pose,15,0.5892964005,0.5757401586,-1.1085821390,0.9981655478
101,6.7400000000,pose,15,0.5879343152,0.5828426480,-1.1228458881,0.9978474379
102,6.8070000000,pose,15,0.5886002779,0.5860257745,-1.1878849268,0.9978778362
103,6.8740000000,pose,15,0.5889992118,0.5838633776,-1.0604622364,0.9979079962
104,6.9410000000,pose,15,0.5875087380,0.5727963448,-1.1480157375,0.9979892969
105,7.0070000000,pose,15,0.5876916051,0.5604033470,-1.0669833422,0.9979850650
106,7.0740000000,pose,15,0.5882824659,0.5561755300,-1.0826128721,0.9980159998
107,7.1410000000,pose,15,0.5908747911,0.5528523326,-1.1759690046,0.9980462790
108,7.2080000000,pose,15,0.5915318727,0.5517564416,-1.1145637035,0.9980522394
109,7.2740000000,pose,15,0.5969924927,0.5513389707,-1.0213000774,0.9980061054
110,7.3410000000,pose,15,0.5978679061,0.5514488220,-1.0559250116,0.9980590343
111,7.4080000000,pose,15,0.5990573168,0.5608006120,-1.1392790079,0.9981429577
112,7.4750000000,pose,15,0.6009446383,0.5673735738,-1.1346700191,0.9982500076
113,7.5410000000,pose,15,0.6009794474,0.5704771280,-0.9669715166,0.9981404543
114,7.6080000000,pose,15,0.6002825499,0.5800778270,-0.9877526164,0.9980640411
115,7.6750000000,pose,15,0.5982417464,0.5858064890,-0.9976609349,0.9979978800
116,7.7420000000,pose,15,0.5971612930,0.5884912014,-1.0049439669,0.9978369474
117,7.8080000000,pose,15,0.5958264470,0.5898835063,-1.0232543945,0.9978097081
118,7.8750000000,pose,15,0.5961026549,0.5919079185,-0.9421475530,0.9977269769
119,7.9420000000,pose,15,0.5975942612,0.5909707546,-1.0064066648,0.9978162646
120,8.0080000000,pose,15,0.5983091593,0.5842792392,-1.0141792297,0.9978402257
121,8.0750000000,pose,15,0.5984833241,0.5740329027,-1.0993708372,0.9979033470
122,8.1420000000,pose,15,0.6039544344,0.5648765564,-1.1637643576,0.9979926348
123,8.2090000000,pose,15,0.6067457199,0.5588126183,-1.1215252876,0.9980908036
124,8.2750000000,pose,15,0.6072809100,0.5560759306,-1.1131303310,0.9980692267
125,8.3420000000,pose,15,0.6072100997,0.5562527776,-1.1446901560,0.9981312752
126,8.4090000000,pose,15,0.6040505767,0.5569091439,-1.2635710239,0.9982078671
127,8.4760000000,pose,15,0.5953748226,0.5626430511,-1.1368621588,0.9977746606
128,8.5420000000,pose,15,0.5946910977,0.5799658298,-1.0070350170,0.9976985455
129,8.6090000000,pose,15,0.5941230655,0.5857076645,-1.1192132235,0.9976640940
130,8.6760000000,pose,15,0.5909068584,0.5854182839,-1.1174093485,0.9976432920
131,8.7430000000,pose,15,0.5922526717,0.5852059126,-1.2096474171,0.9976725578
132,8.8090000000,pose,15,0.5971270800,0.5805518627,-1.0770491362,0.9976820946
133,8.8760000000,pose,15,0.5993305445,0.5712471008,-1.1551336050,0.9978479743
134,8.9430000000,pose,15,0.6048743725,0.5652378798,-1.3315930367,0.9979658127
135,9.0100000000,pose,15,0.6056784391,0.5568741560,-1.2584514618,0.9980646968
136,9.0760000000,pose,15,0.6060846448,0.5527818799,-1.1860450506,0.9981476665
137,9.1430000000,pose,15,0.6064016223,0.5616488457,-1.0793361664,0.9982023239
138,9.2100000000,pose,15,0.6048691869,0.5614124537,-1.1685502529,0.9983273149
139,9.2770000000,pose,15,0.6055538654,0.5724545121,-1.1684881449,0.9984205365
140,9.3430000000,pose,15,0.6027392745,0.5833556056,-1.1407294273,0.9983773828
141,9.4100000000,pose,15,0.6000921130,0.5852813125,-1.1436500549,0.9984011650
142,9.4770000000,pose,15,0.5947754979,0.5918848515,-1.1460858583,0.9982794523
143,9.5430000000,pose,15,0.5941776633,0.5914859772,-1.1458052397,0.9982656240
144,9.6100000000,pose,15,0.5939152241,0.5935268998,-1.2660585642,0.9982652068
145,9.6770000000,pose,15,0.5952305198,0.5920906067,-1.1571934223,0.9981338382
146,9.7440000000,pose,15,0.5962435007,0.5888837576,-1.0733933449,0.9978109002
147,9.8100000000,pose,15,0.6001540422,0.5763673782,-1.1949115992,0.9979741573
148,9.8770000000,pose,15,0.5999983549,0.5597911477,-1.1539130211,0.9976278543
149,9.9440000000,pose,15,0.6021860838,0.5551317930,-1.3452106714,0.9977932572
150,10.0110000000,pose,15,0.6095392704,0.5529149771,-1.4131776094,0.9978601933
151,10.0770000000,pose,15,0.6120100021,0.5606499910,-1.0439193249,0.9978278875
152,10.1440000000,pose,15,0.6116502881,0.5601585507,-1.1297422647,0.9978781939
153,10.2110000000,pose,15,0.6092615724,0.5646028519,-1.1162961721,0.9979171753
154,10.2780000000,pose,15,0.6061488986,0.5771390796,-1.1328564882,0.9977322221
155,10.3440000000,pose,15,0.5894083381,0.5847284794,-1.1215856075,0.9976144433
156,10.4110000000,pose,15,0.5798157454,0.5865804553,-1.1286839247,0.9976494312
157,10.4780000000,pose,15,0.5818847418,0.5968866944,-1.1838130951,0.9976754785
158,10.5450000000,pose,15,0.5829579234,0.6009219289,-1.0792907476,0.9978022575
159,10.6110000000,pose,15,0.5835702419,0.5956891179,-1.0800694227,0.9975881577
160,10.6780000000,pose,15,0.5888950825,0.5832587481,-1.0828096867,0.9976611733
161,10.7450000000,pose,15,0.5938702822,0.5740195513,-1.0713303089,0.9976816773
162,10.8110000000,pose,15,0.5988852382,0.5677918792,-1.2321654558,0.9978007078
163,10.8780000000,pose,15,0.6021730304,0.5555323958,-1.1871774197,0.9978286624
164,10.9450000000,pose,15,0.6024177074,0.5498318076,-0.9395506382,0.9976596236
165,11.0120000000,pose,15,0.6099702120,0.5524932742,-0.9990460277,0.9977258444
166,11.0780000000,pose,15,0.6093470454,0.5533798933,-1.1619418859,0.9977871180
167,11.1450000000,pose,15,0.6085615754,0.5575426817,-1.1702297926,0.9978777170
168,11.2120000000,pose,15,0.6061767340,0.5578071475,-1.1209465265,0.9979079366
169,11.2790000000,pose,15,0.6011009216,0.5756214261,-1.1245225668,0.9977489710
170,11.3450000000,pose,15,0.5849940777,0.5783468485,-1.2118604183,0.9977917075
171,11.4120000000,pose,15,0.5860331059,0.5978479981,-1.2588577271,0.9977467060
172,11.4790000000,pose,15,0.5825756192,0.5962104797,-1.2423804998,0.9976990819
173,11.5460000000,pose,15,0.5832424164,0.5961543918,-1.1210685968,0.9972907901
174,11.6120000000,pose,15,0.5858469009,0.5956771374,-1.0618253946,0.9972673655
175,11.6790000000,pose,15,0.5914189219,0.5849899650,-1.1709690094,0.9972500801
176,11.7460000000,pose,15,0.6022335291,0.5764927268,-1.2088173628,0.9973549843
177,11.8130000000,pose,15,0.6052988172,0.5710617304,-0.9968156219,0.9974976778
178,11.8790000000,pose,15,0.6211071014,0.5828372240,-1.2732310295,0.9976756573
179,11.9460000000,pose,15,0.6199144125,0.5851707458,-1.5703203678,0.9978202581
75,5.0050000000,pose,16,0.3299478292,0.6475181580,-1.0433312654,0.9993770123
76,5.0720000000,pose,16,0.3283155262,0.6450273991,-1.1210601330,0.9994208813
77,5.1390000000,pose,16,0.3271433413,0.6456204653,-1.1557676792,0.9994460344
78,5.2060000000,pose,16,0.3257781863,0.6462392211,-1.1774655581,0.9994817376
79,5.2720000000,pose,16,0.3268492818,0.6532807946,-1.2160637379,0.9995281696
80,5.3390000000,pose,16,0.3289246261,0.6507335901,-1.1791915894,0.9994657636
81,5.4060000000,pose,16,0.3290117383,0.6500689983,-1.2710915804,0.9995136857
82,5.4720000000,pose,16,0.3291130364,0.6487007141,-1.3211784363,0.9995785356
83,5.5390000000,pose,16,0.3288306594,0.6498666406,-1.2755311728,0.9995962381
84,5.6060000000,pose,16,0.3288807571,0.6502799988,-1.1145863533,0.9996116757
85,5.6730000000,pose,16,0.3290156126,0.6531308889,-1.1452152729,0.9996401072
86,5.7390000000,pose,16,0.3292123079,0.6512107849,-1.1583589315,0.9996624589
87,5.8060000000,pose,16,0.3280571103,0.6516895294,-1.1075218916,0.9996830225
88,5.8730000000,pose,16,0.3283463717,0.6458077431,-1.0343364477,0.9996160269
89,5.9400000000,pose,16,0.3283608854,0.6460256577,-0.9839039445,0.9996207952
90,6.0060000000,pose,16,0.3274658322,0.6463466883,-1.1710859537,0.9996730089
91,6.0730000000,pose,16,0.3296543360,0.6463960409,-1.0684542656,0.9996993542
92,6.1400000000,pose,16,0.3266121745,0.6463218927,-1.1268291473,0.9997079372
93,6.2070000000,pose,16,0.3266381323,0.6464781165,-1.1873146296,0.9997277260
94,6.2730000000,pose,16,0.3277749419,0.6449623108,-1.1081614494,0.9996718168
95,6.3400000000,pose,16,0.3282265961,0.6449797750,-0.9682039022,0.9996631742
96,6.4070000000,pose,16,0.3282478452,0.6456725001,-1.0224250555,0.9996733665
97,6.4740000000,pose,16,0.3217218816,0.6463020444,-1.2292281389,0.9996982813
98,6.5400000000,pose,16,0.3219188452,0.6440621614,-1.1951642036,0.9996497035
99,6.6070000000,pose,16,0.3220660388,0.6446557641,-1.1899068356,0.9996780157
100,6.6740000000,pose,16,0.3218356967,0.6449413896,-1.0584739447,0.9996655583
101,6.7400000000,pose,16,0.3218556941,0.6437602043,-1.0794512033,0.9995887876
102,6.8070000000,pose,16,0.3221971393,0.6436214447,-1.1807246208,0.9996002316
103,6.8740000000,pose,16,0.3219956458,0.6439692378,-1.0281653404,0.9996150136
104,6.9410000000,pose,16,0.3253502548,0.6457717419,-1.0660778284,0.9996342063
105,7.0070000000,pose,16,0.3254498243,0.6459007263,-1.0355508327,0.9996449351
106,7.0740000000,pose,16,0.3252406418,0.6470957398,-1.0632427931,0.9996550083
107,7.1410000000,pose,16,0.3253909349,0.6473796964,-1.1058669090,0.9996740222
108,7.2080000000,pose,16,0.3252430260,0.6455636621,-1.0363994837,0.9996739030
109,7.2740000000,pose,16,0.3254860342,0.6453171372,-0.9743067026,0.9996735454
110,7.3410000000,pose,16,0.3280678988,0.6453394890,-0.9921415448,0.9996649623
111,7.4080000000,pose,16,0.3280498087,0.6429865360,-1.0713232756,0.9996703863
112,7.4750000000,pose,16,0.3271595240,0.6429100037,-1.0657963753,0.9996918440
113,7.5410000000,pose,16,0.3272047937,0.6431066394,-0.9149352908,0.9996419549
114,7.6080000000,pose,16,0.3277190626,0.6438937187,-0.9601038694,0.9996309280
115,7.6750000000,pose,16,0.3271978796,0.6439070106,-0.9723692536,0.9995507002
116,7.7420000000,pose,16,0.3272526860,0.6436741948,-1.0167415142,0.9995412230
117,7.8080000000,pose,16,0.3276209533,0.6437571049,-1.0233522654,0.9994717836
118,7.8750000000,pose,16,0.3276238441,0.6431537867,-0.9487878084,0.9994372129
119,7.9420000000,pose,16,0.3269005418,0.6435272694,-0.9878035188,0.9994663596
120,8.0080000000,pose,16,0.3269215524,0.6436673999,-1.0029138327,0.9994823933
121,8.0750000000,pose,16,0.3268899024,0.6454298496,-1.0503072739,0.9994900823
122,8.1420000000,pose,16,0.3288028836,0.6454426050,-1.0829236507,0.9995117188
123,8.2090000000,pose,16,0.3303046525,0.6462335587,-1.0739054680,0.9995478392
124,8.2750000000,pose,16,0.3338406682,0.6510387659,-1.0515514612,0.9995558262
125,8.3420000000,pose,16,0.3306209147,0.6512295604,-1.0907307863,0.9995747209
126,8.4090000000,pose,16,0.3306471705,0.6507235765,-1.2347458601,0.9995991588
127,8.4760000000,pose,16,0.3301849365,0.6506870389,-1.1235421896,0.9995663166
128,8.5420000000,pose,16,0.3308943212,0.6502844095,-1.0058704615,0.9994987249
129,8.6090000000,pose,16,0.3309900463,0.6512226462,-1.0947524309,0.9995211959
130,8.6760000000,pose,16,0.3309709132,0.6497513652,-1.0819336176,0.9995195270
131,8.7430000000,pose,16,0.3307543993,0.6495795846,-1.2155331373,0.9995483160
132,8.8090000000,pose,16,0.3309078813,0.6497396827,-1.0347535610,0.9995481968
133,8.8760000000,pose,16,0.3308422863,0.6500095725,-1.1397260427,0.9995828271
134,8.9430000000,pose,16,0.3308874071,0.6516930461,-1.2856757641,0.9996163249
135,9.0100000000,pose,16,0.3337095678,0.6500494480,-1.1915752888,0.9996396899
136,9.0760000000,pose,16,0.3336081803,0.6501634121,-1.1097728014,0.9996644855
137,9.1430000000,pose,16,0.3332481682,0.6489181519,-1.0457082987,0.9996796250
138,9.2100000000,pose,16,0.3331333697,0.6491152644,-1.1465824842,0.9997050166
139,9.2770000000,pose,16,0.3331075907,0.6489994526,-1.1447298527,0.9997240305
140,9.3430000000,pose,16,0.3344319165,0.6489312053,-1.1277016401,0.9997245073
141,9.4100000000,pose,16,0.3330454528,0.6484150887,-1.1080648899,0.9997338057
142,9.4770000000,pose,16,0.3294702172,0.6461145878,-1.1113859415,0.9997191429
143,9.5430000000,pose,16,0.3303992152,0.6461703777,-1.1179922819,0.9997124672
144,9.6100000000,pose,16,0.3301907182,0.6481792927,-1.2649236917,0.9997244477
145,9.6770000000,pose,16,0.3305302560,0.6491079926,-1.1233090162,0.9997034669
146,9.7440000000,pose,16,0.3328898251,0.6474441886,-1.0144447088,0.9996286035
147,9.8100000000,pose,16,0.3334736228,0.6482244134,-1.1663799286,0.9996523261
148,9.8770000000,pose,16,0.3327137530,0.6475892067,-1.1310271025,0.9995627999
149,9.9440000000,pose,16,0.3305422962,0.6474902034,-1.3064848185,0.9995998740
150,10.0110000000,pose,16,0.3307875991,0.6474636793,-1.3591643572,0.9996283650
151,10.0770000000,pose,16,0.3308032751,0.6475755572,-1.0137591362,0.9994430542
152,10.1440000000,pose,16,0.3296014369,0.6484801173,-1.1027990580,0.9994837642
153,10.2110000000,pose,16,0.3295712769,0.6501114368,-1.1142650843,0.9995031953
154,10.2780000000,pose,16,0.3279119730,0.6477095485,-1.1222100258,0.9994869828
155,10.3440000000,pose,16,0.3286860585,0.6477705240,-1.1214514971,0.9994683862
156,10.4110000000,pose,16,0.3286985159,0.6476890445,-1.1204068661,0.9995001554
157,10.4780000000,pose,16,0.3285226226,0.6466899514,-1.1565635204,0.9995192885
158,10.5450000000,pose,16,0.3281296194,0.6449891329,-1.0279427767,0.9995478988
159,10.6110000000,pose,16,0.3271446228,0.6454972625,-1.0338417292,0.9995066524
160,10.6780000000,pose,16,0.3257789314,0.6467022896,-1.0513824224,0.9995428324
161,10.7450000000,pose,16,0.3257313371,0.6461078525,-1.0240409374,0.9995616674
162,10.8110000000,pose,16,0.3253282905,0.6462033987,-1.1811121702,0.9995916486
163,10.8780000000,pose,16,0.3261262774,0.6505109668,-1.1516128778,0.9996132851
164,10.9450000000,pose,16,0.3235947788,0.6513175368,-0.9221080542,0.9995700121
165,11.0120000000,pose,16,0.3256941140,0.6512864232,-0.9977819920,0.9995647073
166,11.0780000000,pose,16,0.3264892697,0.6520209312,-1.0674897432,0.9995835423
167,11.1450000000,pose,16,0.3284409344,0.6520925760,-1.1265275478,0.9996072054
168,11.2120000000,pose,16,0.3286228776,0.6500692368,-1.0386351347,0.9996066689
169,11.2790000000,pose,16,0.3274602294,0.6500023007,-1.0760883093,0.9995567799
170,11.3450000000,pose,16,0.3290423155,0.6486980915,-1.1740375757,0.9995667934
171,11.4120000000,pose,16,0.3318896592,0.6498921514,-1.2247780561,0.9995489120
172,11.4790000000,pose,16,0.3297868669,0.6497794390,-1.1829340458,0.9995391369
173,11.5460000000,pose,16,0.3291954994,0.6500112414,-1.1461429596,0.9993782043
174,11.6120000000,pose,16,0.3288091123,0.6501423717,-1.0644698143,0.9993776679
175,11.6790000000,pose,16,0.3287458122,0.6509058475,-1.1726061106,0.9994197488
176,11.7460000000,pose,16,0.3314923346,0.6508185267,-1.1800456047,0.9994542003
177,11.8130000000,pose,16,0.3312211037,0.6517187953,-0.9574775100,0.9994533062
178,11.8790000000,pose,16,0.3310619593,0.6523738503,-1.2172985077,0.9995002151
179,11.9460000000,pose,16,0.3315429389,0.6523321867,-1.5081893206,0.9995440841
75,5.0050000000,pose,23,0.5568860769,0.9673020244,0.0069070361,0.7727670670
76,5.0720000000,pose,23,0.5531290174,0.9501889944,0.0068715010,0.7969969511
77,5.1390000000,pose,23,0.5525903702,0.9607237577,0.0068721059,0.7955287695
78,5.2060000000,pose,23,0.5471749902,0.9571843743,0.0042100037,0.8019404411
79,5.2720000000,pose,23,0.5446060896,0.9598264098,0.0064828401,0.8161397576
80,5.3390000000,pose,23,0.5594904423,0.9620963931,0.0056503313,0.8234561682
81,5.4060000000,pose,23,0.5569018722,0.9629473686,0.0022652447,0.8280162215
82,5.4720000000,pose,23,0.5580037832,0.9639976025,-0.0001018876,0.8476459384
83,5.5390000000,pose,23,0.5581015944,0.9652978778,-0.0079097506,0.8529506922
84,5.6060000000,pose,23,0.5586379170,0.9688116908,-0.0072860038,0.8620439172
85,5.6730000000,pose,23,0.5585803390,0.9687242508,-0.0068599326,0.8680670261
86,5.7390000000,pose,23,0.5572183728,0.9742328525,-0.0067419722,0.8659582734
87,5.8060000000,pose,23,0.5546042323,0.9739232659,-0.0063208197,0.8672197461
88,5.8730000000,pose,23,0.5591840744,0.9860025048,-0.0015942272,0.8596084714
89,5.9400000000,pose,23,0.5545027256,0.9932674766,0.0028110598,0.8382509351
90,6.0060000000,pose,23,0.5542557836,0.9925330281,0.0075398264,0.8340393305
91,6.0730000000,pose,23,0.5436398983,0.9925441146,0.0072910856,0.8271309733
92,6.1400000000,pose,23,0.5438407660,0.9942944646,0.0078022620,0.8063930869
93,6.2070000000,pose,23,0.5377773643,0.9934283495,0.0072112102,0.7935006022
94,6.2730000000,pose,23,0.5439851284,0.9944585562,0.0018014625,0.7821072340
95,6.3400000000,pose,23,0.5441739559,0.9945703745,0.0059907753,0.7651670575
96,6.4070000000,pose,23,0.5393555760,1.0010411739,0.0066628400,0.7622501850
97,6.4740000000,pose,23,0.5379082561,0.9892112613,0.0049169837,0.7662417889
98,6.5400000000,pose,23,0.5443871021,0.9896548986,0.0061030700,0.7749429345
99,6.6070000000,pose,23,0.5428315401,0.9876289368,0.0060345321,0.7819964886
100,6.6740000000,pose,23,0.5404373407,0.9903452396,0.0086724572,0.7910132408
101,6.7400000000,pose,23,0.5478104949,0.9904284477,0.0055958382,0.7957261801
102,6.8070000000,pose,23,0.5476981997,0.9894439578,0.0133863436,0.7950171828
103,6.8740000000,pose,23,0.5449721217,0.9918351769,0.0171656068,0.7971088290
104,6.9410000000,pose,23,0.5494166017,0.9931703806,0.0168337636,0.7960121632
105,7.0070000000,pose,23,0.5479861498,0.9928969741,0.0166699309,0.7930020690
106,7.0740000000,pose,23,0.5478942990,0.9937593937,0.0121615091,0.7964143157
107,7.1410000000,pose,23,0.5442877412,0.9926185012,0.0052948571,0.7940242887
108,7.2080000000,pose,23,0.5500890613,0.9932114482,0.0049655805,0.7806671262
109,7.2740000000,pose,23,0.5476902723,0.9935953617,0.0078384746,0.7654899359
110,7.3410000000,pose,23,0.5451465845,0.9934890270,0.0109036015,0.7647930384
111,7.4080000000,pose,23,0.5449060202,0.9930953383,0.0062822402,0.7640597820
112,7.4750000000,pose,23,0.5437591076,0.9930563569,0.0091144759,0.7672719955
113,7.5410000000,pose,23,0.5438154340,0.9971014857,0.0091128666,0.7737371325
114,7.6080000000,pose,23,0.5425701737,0.9944678545,0.0097914869,0.7777038217
115,7.6750000000,pose,23,0.5432973504,0.9948456883,0.0099426573,0.7930410504
116,7.7420000000,pose,23,0.5377190113,0.9946628213,0.0064361417,0.7958991528
117,7.8080000000,pose,23,0.5378251672,0.9914574623,0.0062077511,0.8067347407
118,7.8750000000,pose,23,0.5469527841,0.9914662838,0.0063801231,0.8172848225
119,7.9420000000,pose,23,0.5522544384,0.9915264249,0.0064169490,0.8052263856
120,8.0080000000,pose,23,0.5441251397,0.9922415018,0.0066868658,0.8085806370
121,8.0750000000,pose,23,0.5450220108,0.9909550548,0.0052815606,0.8178533316
122,8.1420000000,pose,23,0.5459722281,0.9911298752,0.0090237232,0.8147423267
123,8.2090000000,pose,23,0.5440843105,0.9921147227,0.0094689745,0.8127382994
124,8.2750000000,pose,23,0.5532163382,0.9918122292,0.0003968444,0.8038444519
125,8.3420000000,pose,23,0.5479714870,0.9902592301,0.0007480067,0.7920541763
126,8.4090000000,pose,23,0.5550866723,0.9904416800,0.0018558485,0.8015114665
127,8.4760000000,pose,23,0.5421833396,0.9890050888,0.0053142933,0.7924984097
128,8.5420000000,pose,23,0.5445893407,0.9907572269,0.0135763977,0.7994524837
129,8.6090000000,pose,23,0.5512295961,0.9911617637,0.0144455982,0.7963564992
130,8.6760000000,pose,23,0.5517757535,0.9903821945,0.0052363495,0.7935776114
131,8.7430000000,pose,23,0.5493018031,0.9869599342,0.0053323214,0.7805905938
132,8.8090000000,pose,23,0.5489423275,0.9854340553,0.0071371594,0.7833146453
133,8.8760000000,pose,23,0.5493841767,0.9836605787,0.0030107966,0.7853571773
134,8.9430000000,pose,23,0.5493643284,0.9697012305,0.0031067086,0.7852951288
135,9.0100000000,pose,23,0.5601437688,0.9702382684,0.0032475383,0.7968845963
136,9.0760000000,pose,23,0.5598328114,0.9692447186,0.0097425599,0.7971290350
137,9.1430000000,pose,23,0.5640802383,0.9687128067,0.0119464360,0.7971041203
138,9.2100000000,pose,23,0.5555089712,0.9786295295,0.0135462862,0.8045886755
139,9.2770000000,pose,23,0.5593317151,0.9803546071,0.0134958718,0.8140829206
140,9.3430000000,pose,23,0.5531704426,0.9847795367,0.0249446593,0.8233315349
141,9.4100000000,pose,23,0.5532247424,0.9822039604,0.0147708701,0.8227340579
142,9.4770000000,pose,23,0.5532420278,0.9871122241,0.0132479025,0.8344922662
143,9.5430000000,pose,23,0.5531725287,0.9869387150,0.0107179796,0.8244211078
144,9.6100000000,pose,23,0.5536456704,0.9852687120,0.0110444548,0.8312491775
145,9.6770000000,pose,23,0.5512551665,0.9849912524,0.0108523685,0.8310785294
146,9.7440000000,pose,23,0.5622259974,0.9894503951,0.0103432061,0.8222942948
147,9.8100000000,pose,23,0.5592637658,0.9818192124,0.0161750242,0.8299661875
148,9.8770000000,pose,23,0.5531535745,0.9804257751,0.0160044916,0.8286455870
149,9.9440000000,pose,23,0.5541366935,0.9797859192,0.0141190672,0.8222849369
150,10.0110000000,pose,23,0.5500610471,0.9783119559,0.0140884602,0.8075087070
151,10.0770000000,pose,23,0.5518481135,0.9769920111,0.0143981408,0.8185040951
152,10.1440000000,pose,23,0.5487579703,0.9806864262,0.0175620206,0.8203616738
153,10.2110000000,pose,23,0.5429492593,0.9815593362,0.0148366503,0.8228989840
154,10.2780000000,pose,23,0.5413798690,0.9839815497,0.0133152250,0.8222396970
155,10.3440000000,pose,23,0.5416115522,0.9872317910,0.0137334894,0.8099344373
156,10.4110000000,pose,23,0.5401676893,0.9873518348,0.0140565578,0.8236338496
157,10.4780000000,pose,23,0.5400618315,0.9801640511,0.0140980054,0.8326907754
158,10.5450000000,pose,23,0.5399760604,0.9812088609,0.0133133484,0.8329654336
159,10.6110000000,pose,23,0.5447465181,0.9938305020,0.0061048227,0.8198994994
160,10.6780000000,pose,23,0.5436573029,0.9977874756,0.0076228180,0.8135671616
161,10.7450000000,pose,23,0.5505249500,0.9975685477,0.0068544811,0.8008432984
162,10.8110000000,pose,23,0.5501700044,0.9956371188,0.0069755367,0.7965692878
163,10.8780000000,pose,23,0.5454170704,0.9955682755,0.0074321581,0.7862479091
164,10.9450000000,pose,23,0.5453951955,0.9953918457,0.0037828481,0.7687394023
165,11.0120000000,pose,23,0.5454383492,0.9944382310,0.0039384393,0.7573534846
166,11.0780000000,pose,23,0.5403097272,0.9961028099,0.0066124424,0.7593318224
167,11.1450000000,pose,23,0.5393553972,0.9974826574,0.0043691667,0.7748378515
168,11.2120000000,pose,23,0.5390288830,0.9960218668,0.0073229042,0.7831100225
169,11.2790000000,pose,23,0.5357259512,0.9990712404,0.0118524879,0.7845512033
170,11.3450000000,pose,23,0.5357983112,0.9997738600,0.0118883727,0.7976734638
171,11.4120000000,pose,23,0.5358449817,0.9996655583,0.0092881061,0.8091987371
172,11.4790000000,pose,23,0.5364723206,0.9997491837,0.0125309573,0.8122543097
173,11.5460000000,pose,23,0.5389225483,0.9955970049,0.0110025015,0.8139891624
174,11.6120000000,pose,23,0.5378459096,0.9945814610,0.0112103233,0.8038059473
175,11.6790000000,pose,23,0.5380008817,0.9948769808,0.0110300211,0.7982552052
176,11.7460000000,pose,23,0.5413590670,0.9886147976,0.0110418610,0.7950488925
177,11.8130000000,pose,23,0.5536578894,0.9890230298,0.0088556986,0.7918400168
178,11.8790000000,pose,23,0.5463415980,0.9778693318,0.0091656484,0.7766243815
179,11.9460000000,pose,23,0.5464846492,0.9691396356,0.0056727445,0.7830026150
75,5.0050000000,pose,24,0.3842214346,0.9465175867,-0.0075475317,0.7850774527
76,5.0720000000,pose,24,0.3749003410,0.9288961887,-0.0075026900,0.8102355003
77,5.1390000000,pose,24,0.3740504980,0.9328713417,-0.0075046918,0.8077338934
78,5.2060000000,pose,24,0.3693656623,0.9297134280,-0.0048660603,0.8157880902
79,5.2720000000,pose,24,0.3695534468,0.9300448298,-0.0070792669,0.8300803304
80,5.3390000000,pose,24,0.3885088861,0.9375236034,-0.0062497896,0.8365125060
81,5.4060000000,pose,24,0.3871551156,0.9413841963,-0.0029210974,0.8420118093
82,5.4720000000,pose,24,0.3862375021,0.9414142966,-0.0005210791,0.8605501652
83,5.5390000000,pose,24,0.3858202994,0.9414558411,0.0072999350,0.8664288521
84,5.6060000000,pose,24,0.3859565854,0.9418429136,0.0067129140,0.8753654957
85,5.6730000000,pose,24,0.3791428506,0.9412716031,0.0062557203,0.8812741637
86,5.7390000000,pose,24,0.3788424134,0.9432193041,0.0061490093,0.8805278540
87,5.8060000000,pose,24,0.3769752085,0.9425097704,0.0057243207,0.8815918565
88,5.8730000000,pose,24,0.3856436312,0.9587940574,0.0010186040,0.8745036125
89,5.9400000000,pose,24,0.3829390109,0.9644106030,-0.0034246729,0.8520060778
90,6.0060000000,pose,24,0.3827067912,0.9635428190,-0.0081305262,0.8519257903
91,6.0730000000,pose,24,0.3750160336,0.9560685754,-0.0078698210,0.8449032307
92,6.1400000000,pose,24,0.3749441504,0.9569239616,-0.0083778566,0.8248850107
93,6.2070000000,pose,24,0.3653818667,0.9500404596,-0.0077926423,0.8138945103
94,6.2730000000,pose,24,0.3750325143,0.9571053982,-0.0024394391,0.7999235392
95,6.3400000000,pose,24,0.3744899333,0.9564492702,-0.0066401274,0.7815710902
96,6.4070000000,pose,24,0.3696502745,0.9622892141,-0.0072919047,0.7785649300
97,6.4740000000,pose,24,0.3647387922,0.9540735483,-0.0055209626,0.7840831876
98,6.5400000000,pose,24,0.3690730333,0.9540134072,-0.0066617080,0.7924659848
99,6.6070000000,pose,24,0.3673588634,0.9474024177,-0.0065977285,0.8017680049
100,6.6740000000,pose,24,0.3625612259,0.9507117271,-0.0092113037,0.8096664548
101,6.7400000000,pose,24,0.3664138913,0.9511064291,-0.0061134328,0.8145756125
102,6.8070000000,pose,24,0.3665768504,0.9505921602,-0.0139600066,0.8142826557
103,6.8740000000,pose,24,0.3664536178,0.9511929154,-0.0176942926,0.8170001507
104,6.9410000000,pose,24,0.3721079528,0.9593703747,-0.0173655841,0.8173320293
105,7.0070000000,pose,24,0.3708586395,0.9588925838,-0.0172090456,0.8158431649
106,7.0740000000,pose,24,0.3749181032,0.9596377015,-0.0127251856,0.8201786280
107,7.1410000000,pose,24,0.3704860806,0.9552496076,-0.0058900323,0.8195611238
108,7.2080000000,pose,24,0.3753016889,0.9627010822,-0.0055780355,0.8046070933
109,7.2740000000,pose,24,0.3748573363,0.9614757299,-0.0084562432,0.7907277346
110,7.3410000000,pose,24,0.3711682260,0.9588893056,-0.0114954291,0.7898080945
111,7.4080000000,pose,24,0.3727522492,0.9570955634,-0.0068519423,0.7868731022
112,7.4750000000,pose,24,0.3722801507,0.9542754292,-0.0096731381,0.7897869945
113,7.5410000000,pose,24,0.3761586547,0.9629694223,-0.0096699707,0.7942768931
114,7.6080000000,pose,24,0.3728165925,0.9579456449,-0.0103524989,0.7977254987
115,7.6750000000,pose,24,0.3765811026,0.9562407136,-0.0104838014,0.8118422031
116,7.7420000000,pose,24,0.3717627823,0.9537121654,-0.0069749770,0.8152737617
117,7.8080000000,pose,24,0.3728745282,0.9482030869,-0.0067327865,0.8251699805
118,7.8750000000,pose,24,0.3774209619,0.9540992975,-0.0069083669,0.8353369832
119,7.9420000000,pose,24,0.3764609993,0.9570495486,-0.0069461945,0.8248777390
120,8.0080000000,pose,24,0.3731748164,0.9559221268,-0.0072164033,0.8277444243
121,8.0750000000,pose,24,0.3751935065,0.9542317986,-0.0058097397,0.8358066678
122,8.1420000000,pose,24,0.3764915168,0.9576866031,-0.0095734699,0.8322009444
123,8.2090000000,pose,24,0.3764143884,0.9562233090,-0.0100111356,0.8322848678
124,8.2750000000,pose,24,0.3818512559,0.9565511346,-0.0010142321,0.8244639039
125,8.3420000000,pose,24,0.3769592643,0.9510712624,-0.0013526565,0.8132132888
126,8.4090000000,pose,24,0.3836153746,0.9530794621,-0.0024477926,0.8224673867
127,8.4760000000,pose,24,0.3710854948,0.9490035176,-0.0059115854,0.8150553703
128,8.5420000000,pose,24,0.3713496625,0.9509691000,-0.0141190020,0.8211214542
129,8.6090000000,pose,24,0.3758666813,0.9559870958,-0.0150127877,0.8204916120
130,8.6760000000,pose,24,0.3759093285,0.9566518068,-0.0058010519,0.8177792430
131,8.7430000000,pose,24,0.3750592768,0.9531360865,-0.0059042480,0.8080320358
132,8.8090000000,pose,24,0.3751045763,0.9531517029,-0.0076912739,0.8096705079
133,8.8760000000,pose,24,0.3779568672,0.9505674243,-0.0036274730,0.8116179705
134,8.9430000000,pose,24,0.3774345517,0.9422899485,-0.0037303565,0.8136860728
135,9.0100000000,pose,24,0.3862463534,0.9468275905,-0.0038612396,0.8242504597
136,9.0760000000,pose,24,0.3852402270,0.9461108446,-0.0103686554,0.8249956965
137,9.1430000000,pose,24,0.3878674507,0.9460507035,-0.0125780562,0.8252631426
138,9.2100000000,pose,24,0.3837403059,0.9461948872,-0.0140994815,0.8325686455
139,9.2770000000,pose,24,0.3890798390,0.9516744018,-0.0140507668,0.8413316607
140,9.3430000000,pose,24,0.3811044395,0.9522045851,-0.0254728794,0.8496976495
141,9.4100000000,pose,24,0.3775068223,0.9496927857,-0.0153167713,0.8498143554
142,9.4770000000,pose,24,0.3769583702,0.9574725032,-0.0137477396,0.8602309823
143,9.5430000000,pose,24,0.3770171106,0.9533789754,-0.0112347687,0.8514624834
144,9.6100000000,pose,24,0.3781476319,0.9541739225,-0.0115660029,0.8584186435
145,9.6770000000,pose,24,0.3756623566,0.9515849948,-0.0113802645,0.8580299020
146,9.7440000000,pose,24,0.3920519650,0.9673450589,-0.0109097380,0.8493188620
147,9.8100000000,pose,24,0.3916788399,0.9656541348,-0.0167592168,0.8562002778
148,9.8770000000,pose,24,0.3874724209,0.9517304301,-0.0165866837,0.8545054793
149,9.9440000000,pose,24,0.3856294453,0.9501397014,-0.0147118410,0.8500545621
150,10.0110000000,pose,24,0.3775516450,0.9418243170,-0.0146787399,0.8377369642
151,10.0770000000,pose,24,0.3815854192,0.9419921041,-0.0149728628,0.8453886509
152,10.1440000000,pose,24,0.3791986108,0.9421267509,-0.0180681217,0.8487802744
153,10.2110000000,pose,24,0.3753203154,0.9420939684,-0.0153487986,0.8509049416
154,10.2780000000,pose,24,0.3719574213,0.9421372414,-0.0138262808,0.8496713638
155,10.3440000000,pose,24,0.3689843714,0.9441484213,-0.0142446868,0.8384558558
156,10.4110000000,pose,24,0.3665176332,0.9441193342,-0.0145463143,0.8507232666
157,10.4780000000,pose,24,0.3666563034,0.9435641170,-0.0145912683,0.8582981825
158,10.5450000000,pose,24,0.3653330505,0.9434092045,-0.0138083780,0.8582082391
159,10.6110000000,pose,24,0.3680394292,0.9555981755,-0.0066203503,0.8461050987
160,10.6780000000,pose,24,0.3686038256,0.9587410092,-0.0081707453,0.8427537680
161,10.7450000000,pose,24,0.3758600652,0.9607130289,-0.0074446271,0.8312559724
162,10.8110000000,pose,24,0.3777427971,0.9590728879,-0.0075636110,0.8294151425
163,10.8780000000,pose,24,0.3772483766,0.9575577378,-0.0080166021,0.8215752840
164,10.9450000000,pose,24,0.3771006167,0.9573947191,-0.0043743132,0.8041997552
165,11.0120000000,pose,24,0.3767052591,0.9571158886,-0.0045312424,0.7892014384
166,11.0780000000,pose,24,0.3763857186,0.9570258260,-0.0071548433,0.7926214933
167,11.1450000000,pose,24,0.3761811554,0.9582309127,-0.0048781717,0.8066400886
168,11.2120000000,pose,24,0.3750268519,0.9532495737,-0.0078490060,0.8129774928
169,11.2790000000,pose,24,0.3682107925,0.9558036327,-0.0123246033,0.8134458065
170,11.3450000000,pose,24,0.3682815135,0.9560121894,-0.0123580359,0.8255748749
171,11.4120000000,pose,24,0.3678669631,0.9537415504,-0.0097404253,0.8359831572
172,11.4790000000,pose,24,0.3642893434,0.9536226392,-0.0129631283,0.8390337229
173,11.5460000000,pose,24,0.3666329086,0.9532521367,-0.0114707164,0.8394088745
174,11.6120000000,pose,24,0.3661197424,0.9507591128,-0.0116947442,0.8304888606
175,11.6790000000,pose,24,0.3679121435,0.9547462463,-0.0115175303,0.8271375299
176,11.7460000000,pose,24,0.3693665266,0.9498708248,-0.0115337111,0.8253273964
177,11.8130000000,pose,24,0.3774156570,0.9572455287,-0.0093844747,0.8195078969
178,11.8790000000,pose,24,0.3679665923,0.9508833289,-0.0097376043,0.8042786717
179,11.9460000000,pose,24,0.3676768839,0.9335753322,-0.0063182656,0.8111208677
75,5.0050000000,right_hand,0,0.3137375712,0.6479889750,0.0000003047,1.0000000000
76,5.0720000000,right_hand,0,0.3134319782,0.6483446360,0.0000003559,1.0000000000
77,5.1390000000,right_hand,0,0.3133534193,0.6538862586,0.0000003502,1.0000000000
78,5.2060000000,right_hand,0,0.3124649227,0.6517176032,0.0000003403,1.0000000000
79,5.2720000000,right_hand,0,0.5251806974,0.5625860691,-0.0000001668,1.0000000000
80,5.3390000000,right_hand,0,0.5269321203,0.5687291026,-0.0000000720,1.0000000000
81,5.4060000000,right_hand,0,0.5244474411,0.5675147772,-0.0000000175,1.0000000000
82,5.4720000000,right_hand,0,0.3195533454,0.6623331904,0.0000003688,1.0000000000
83,5.5390000000,right_hand,0,0.3187171221,0.6544941664,0.0000003609,1.0000000000
84,5.6060000000,right_hand,0,0.3190161586,0.6550549865,0.0000003743,1.0000000000
85,5.6730000000,right_hand,0,0.3148360550,0.6653960943,0.0000003633,1.0000000000
86,5.7390000000,right_hand,0,0.3139705956,0.6636191010,0.0000003855,1.0000000000
87,5.8060000000,right_hand,0,0.3190764487,0.6488523483,0.0000003468,1.0000000000
88,5.8730000000,right_hand,0,0.3156669736,0.6595189571,0.0000003278,1.0000000000
89,5.9400000000,right_hand,0,0.3193444312,0.6594253778,0.0000004067,1.0000000000
90,6.0060000000,right_hand,0,0.3221001327,0.6505877972,0.0000004018,1.0000000000
91,6.0730000000,right_hand,0,0.3232647181,0.6537182331,0.0000003895,1.0000000000
92,6.1400000000,right_hand,0,0.3197584450,0.6538331509,0.0000003719,1.0000000000
93,6.2070000000,right_hand,0,0.3219282627,0.6639476418,0.0000003949,1.0000000000
94,6.2730000000,right_hand,0,0.3230203092,0.6682449579,0.0000003612,1.0000000000
95,6.3400000000,right_hand,0,0.3177779615,0.6739706993,0.0000002651,1.0000000000
96,6.4070000000,right_hand,0,0.3242797852,0.6474225521,0.0000003723,1.0000000000
97,6.4740000000,right_hand,0,0.3260339200,0.6460935473,0.0000003498,1.0000000000
98,6.5400000000,right_hand,0,0.3198350668,0.6414778233,0.0000003277,1.0000000000
99,6.6070000000,right_hand,0,0.3191925883,0.6419436932,0.0000003380,1.0000000000
100,6.6740000000,right_hand,0,0.3164897263,0.6443092823,0.0000003231,1.0000000000
101,6.7400000000,right_hand,0,0.3168312907,0.6447529793,0.0000003381,1.0000000000
102,6.8070000000,right_hand,0,0.3151836395,0.6504200101,0.0000003386,1.0000000000
103,6.8740000000,right_hand,0,0.3116070330,0.6447705626,0.0000003141,1.0000000000
104,6.9410000000,right_hand,0,0.3122450411,0.6466962099,0.0000003169,1.0000000000
105,7.0070000000,right_hand,0,0.3122150004,0.6507682204,0.0000003204,1.0000000000
106,7.0740000000,right_hand,0,0.3129769564,0.6492156386,0.0000003129,1.0000000000
107,7.1410000000,right_hand,0,0.3144221306,0.6466454268,0.0000003375,1.0000000000
108,7.2080000000,right_hand,0,0.3112107217,0.6529194713,0.0000003290,1.0000000000
109,7.2740000000,right_hand,0,0.3142689466,0.6491972804,0.0000003498,1.0000000000
110,7.3410000000,right_hand,0,0.3155009449,0.6507600546,0.0000003670,1.0000000000
111,7.4080000000,right_hand,0,0.3112300038,0.6577416658,0.0000003231,1.0000000000
112,7.4750000000,right_hand,0,0.3163099289,0.6536605358,0.0000003991,1.0000000000
113,7.5410000000,right_hand,0,0.3173746765,0.6605697274,0.0000003931,1.0000000000
114,7.6080000000,right_hand,0,0.3194773793,0.6584872603,0.0000003976,1.0000000000
115,7.6750000000,right_hand,0,0.3172512352,0.6622695327,0.0000003915,1.0000000000
116,7.7420000000,right_hand,0,0.3183956444,0.6577011347,0.0000003920,1.0000000000
117,7.8080000000,right_hand,0,0.3134123981,0.6573641300,0.0000003926,1.0000000000
118,7.8750000000,right_hand,0,0.3169610500,0.6616517305,0.0000004613,1.0000000000
119,7.9420000000,right_hand,0,0.3161913455,0.6687618494,0.0000003865,1.0000000000
120,8.0080000000,right_hand,0,0.3175900280,0.6642791629,0.0000003602,1.0000000000
121,8.0750000000,right_hand,0,0.3220988810,0.6630441546,0.0000004046,1.0000000000
122,8.1420000000,right_hand,0,0.3200284243,0.6610810757,0.0000003989,1.0000000000
123,8.2090000000,right_hand,0,0.3201986551,0.6637418866,0.0000003665,1.0000000000
124,8.2750000000,right_hand,0,0.3208243549,0.6671689153,0.0000003853,1.0000000000
125,8.3420000000,right_hand,0,0.3236789107,0.6640081406,0.0000004149,1.0000000000
126,8.4090000000,right_hand,0,0.3202570975,0.6651021242,0.0000003593,1.0000000000
127,8.4760000000,right_hand,0,0.3213331699,0.6683297157,0.0000003449,1.0000000000
128,8.5420000000,right_hand,0,0.3245870173,0.6599422097,0.0000003846,1.0000000000
129,8.6090000000,right_hand,0,0.3249539435,0.6574141979,0.0000003676,1.0000000000
130,8.6760000000,right_hand,0,0.3239421546,0.6595814824,0.0000003750,1.0000000000
131,8.7430000000,right_hand,0,0.3214003146,0.6566234231,0.0000003676,1.0000000000
132,8.8090000000,right_hand,0,0.3219627738,0.6498284936,0.0000003427,1.0000000000
133,8.8760000000,right_hand,0,0.3240823448,0.6523345709,0.0000004038,1.0000000000
134,8.9430000000,right_hand,0,0.3235209286,0.6543465257,0.0000003397,1.0000000000
135,9.0100000000,right_hand,0,0.3258783519,0.6454576254,0.0000003554,1.0000000000
136,9.0760000000,right_hand,0,0.3253023922,0.6462936997,0.0000003228,1.0000000000
137,9.1430000000,right_hand,0,0.3246725798,0.6447757483,0.0000003077,1.0000000000
138,9.2100000000,right_hand,0,0.3235323429,0.6470100880,0.0000003111,1.0000000000
139,9.2770000000,right_hand,0,0.3235761523,0.6496156454,0.0000003147,1.0000000000
140,9.3430000000,right_hand,0,0.3266491890,0.6466439962,0.0000003124,1.0000000000
141,9.4100000000,right_hand,0,0.3225219250,0.6444066167,0.0000003404,1.0000000000
142,9.4770000000,right_hand,0,0.3235125840,0.6489222646,0.0000003410,1.0000000000
143,9.5430000000,right_hand,0,0.3219511211,0.6558139920,0.0000003080,1.0000000000
144,9.6100000000,right_hand,0,0.3258737326,0.6542668939,0.0000003300,1.0000000000
145,9.6770000000,right_hand,0,0.3229390383,0.6573241949,0.0000003394,1.0000000000
146,9.7440000000,right_hand,0,0.3225289583,0.6545846462,0.0000003242,1.0000000000
147,9.8100000000,right_hand,0,0.3225020170,0.6448600292,0.0000003526,1.0000000000
148,9.8770000000,right_hand,0,0.3158077002,0.6563491821,0.0000002413,1.0000000000
149,9.9440000000,right_hand,0,0.3232640028,0.6421057582,0.0000004038,1.0000000000
150,10.0110000000,right_hand,0,0.3202728033,0.6544471979,0.0000003267,1.0000000000
151,10.0770000000,right_hand,0,0.3279157579,0.6450681686,0.0000004160,1.0000000000
152,10.1440000000,right_hand,0,0.3183517158,0.6509501934,0.0000003251,1.0000000000
153,10.2110000000,right_hand,0,0.3233367205,0.6461086869,0.0000003852,1.0000000000
154,10.2780000000,right_hand,0,0.3211906254,0.6511018872,0.0000003635,1.0000000000
155,10.3440000000,right_hand,0,0.3212408125,0.6497075558,0.0000003547,1.0000000000
156,10.4110000000,right_hand,0,0.3200783134,0.6430103779,0.0000003298,1.0000000000
157,10.4780000000,right_hand,0,0.3197039366,0.6446322799,0.0000003433,1.0000000000
158,10.5450000000,right_hand,0,0.3159780502,0.6524491906,0.0000003734,1.0000000000
159,10.6110000000,right_hand,0,0.3163512349,0.6541346908,0.0000003744,1.0000000000
160,10.6780000000,right_hand,0,0.3149415255,0.6490105391,0.0000003625,1.0000000000
161,10.7450000000,right_hand,0,0.3155002892,0.6605093479,0.0000003680,1.0000000000
162,10.8110000000,right_hand,0,0.3119209409,0.6617485285,0.0000003633,1.0000000000
163,10.8780000000,right_hand,0,0.3127705753,0.6598375440,0.0000003946,1.0000000000
164,10.9450000000,right_hand,0,0.3146147132,0.6555845141,0.0000003998,1.0000000000
165,11.0120000000,right_hand,0,0.3194333315,0.6534897089,0.0000003817,1.0000000000
166,11.0780000000,right_hand,0,0.3168344498,0.6639257669,0.0000004134,1.0000000000
167,11.1450000000,right_hand,0,0.3143863976,0.6634601355,0.0000004130,1.0000000000
168,11.2120000000,right_hand,0,0.3144449890,0.6672465205,0.0000003971,1.0000000000
169,11.2790000000,right_hand,0,0.3192369640,0.6695022583,0.0000004189,1.0000000000
170,11.3450000000,right_hand,0,0.3176587820,0.6655476093,0.0000004452,1.0000000000
171,11.4120000000,right_hand,0,0.3197891712,0.6486063600,0.0000004488,1.0000000000
172,11.4790000000,right_hand,0,0.3166510463,0.6615527868,0.0000004469,1.0000000000
173,11.5460000000,right_hand,0,0.3150686622,0.6599000692,0.0000004221,1.0000000000
174,11.6120000000,right_hand,0,0.3186281323,0.6596168876,0.0000004485,1.0000000000
175,11.6790000000,right_hand,0,0.3159244061,0.6533602476,0.0000004263,1.0000000000
176,11.7460000000,right_hand,0,0.3164948523,0.6551534534,0.0000004282,1.0000000000
177,11.8130000000,right_hand,0,0.3207691014,0.6574860811,0.0000004145,1.0000000000
178,11.8790000000,right_hand,0,0.3241459429,0.6545299888,0.0000004323,1.0000000000
179,11.9460000000,right_hand,0,0.3214191794,0.6554175615,0.0000003976,1.0000000000
75,5.0050000000,right_hand,1,0.3534658253,0.6488763094,0.0005830475,1.0000000000
76,5.0720000000,right_hand,1,0.3529320657,0.6524883509,-0.0008787850,1.0000000000
77,5.1390000000,right_hand,1,0.3536768854,0.6562150717,0.0023402018,1.0000000000
78,5.2060000000,right_hand,1,0.3502109051,0.6549383402,-0.0024044781,1.0000000000
79,5.2720000000,right_hand,1,0.5281877518,0.5841744542,-0.0042355489,1.0000000000
80,5.3390000000,right_hand,1,0.5353552103,0.5749287605,-0.0129275220,1.0000000000
81,5.4060000000,right_hand,1,0.5328105092,0.5756176114,-0.0069540818,1.0000000000
82,5.4720000000,right_hand,1,0.3575583100,0.6653024554,-0.0038727468,1.0000000000
83,5.5390000000,right_hand,1,0.3575507998,0.6586065888,-0.0008443816,1.0000000000
84,5.6060000000,right_hand,1,0.3569715321,0.6558837295,0.0012541773,1.0000000000
85,5.6730000000,right_hand,1,0.3536700904,0.6647886634,0.0006004937,1.0000000000
86,5.7390000000,right_hand,1,0.3484495282,0.6647303104,-0.0028751243,1.0000000000
87,5.8060000000,right_hand,1,0.3219758272,0.6902356744,-0.0175952818,1.0000000000
88,5.8730000000,right_hand,1,0.3538245559,0.6576775312,0.0087874886,1.0000000000
89,5.9400000000,right_hand,1,0.3585969210,0.6582230926,0.0026042934,1.0000000000
90,6.0060000000,right_hand,1,0.3609146178,0.6429899931,-0.0037328743,1.0000000000
91,6.0730000000,right_hand,1,0.3598645329,0.6565011144,-0.0026337607,1.0000000000
92,6.1400000000,right_hand,1,0.3495279551,0.6575644016,-0.0043541961,1.0000000000
93,6.2070000000,right_hand,1,0.3521652818,0.6784323454,0.0063050869,1.0000000000
94,6.2730000000,right_hand,1,0.3595313132,0.6803860068,0.0106284944,1.0000000000
95,6.3400000000,right_hand,1,0.3557541072,0.6900371909,0.0187602621,1.0000000000
96,6.4070000000,right_hand,1,0.3636643291,0.6527019143,0.0058523403,1.0000000000
97,6.4740000000,right_hand,1,0.3650303781,0.6483948827,0.0023081987,1.0000000000
98,6.5400000000,right_hand,1,0.3576598167,0.6431809664,0.0024980186,1.0000000000
99,6.6070000000,right_hand,1,0.3581757247,0.6436884999,0.0006567218,1.0000000000
100,6.6740000000,right_hand,1,0.3581904769,0.6460136771,0.0042989287,1.0000000000
101,6.7400000000,right_hand,1,0.3593645692,0.6476568580,0.0052801268,1.0000000000
102,6.8070000000,right_hand,1,0.3585342169,0.6512693167,0.0071711740,1.0000000000
103,6.8740000000,right_hand,1,0.3554943800,0.6496487856,0.0132404799,1.0000000000
104,6.9410000000,right_hand,1,0.3548046947,0.6481512189,0.0041589336,1.0000000000
105,7.0070000000,right_hand,1,0.3531202376,0.6511628628,0.0028925487,1.0000000000
106,7.0740000000,right_hand,1,0.3566281796,0.6519825459,0.0073305801,1.0000000000
107,7.1410000000,right_hand,1,0.3559620976,0.6496012211,0.0027899269,1.0000000000
108,7.2080000000,right_hand,1,0.3551950455,0.6581530571,0.0077878409,1.0000000000
109,7.2740000000,right_hand,1,0.3529364467,0.6481050253,0.0004693486,1.0000000000
110,7.3410000000,right_hand,1,0.3546249568,0.6527786851,0.0000317246,1.0000000000
111,7.4080000000,right_hand,1,0.3435140848,0.6649843454,0.0015359370,1.0000000000
112,7.4750000000,right_hand,1,0.3499854505,0.6533460617,-0.0063382164,1.0000000000
113,7.5410000000,right_hand,1,0.3539125919,0.6607026458,-0.0049490882,1.0000000000
114,7.6080000000,right_hand,1,0.3563491404,0.6584429145,-0.0028148640,1.0000000000
115,7.6750000000,right_hand,1,0.3554659188,0.6628257036,-0.0017701618,1.0000000000
116,7.7420000000,right_hand,1,0.3564431071,0.6618089676,-0.0003384041,1.0000000000
117,7.8080000000,right_hand,1,0.3361984491,0.6851685047,-0.0027207888,1.0000000000
118,7.8750000000,right_hand,1,0.3393296003,0.6766842008,-0.0082071126,1.0000000000
119,7.9420000000,right_hand,1,0.3466698825,0.6755749583,0.0031631424,1.0000000000
120,8.0080000000,right_hand,1,0.3521182835,0.6725186706,0.0084260581,1.0000000000
121,8.0750000000,right_hand,1,0.3598618209,0.6615326405,0.0028220133,1.0000000000
122,8.1420000000,right_hand,1,0.3555982709,0.6627279520,-0.0020157322,1.0000000000
123,8.2090000000,right_hand,1,0.3353165388,0.6904452443,-0.0035188883,1.0000000000
124,8.2750000000,right_hand,1,0.3524309099,0.6815212965,0.0073052566,1.0000000000
125,8.3420000000,right_hand,1,0.3556318283,0.6637613177,-0.0000930028,1.0000000000
126,8.4090000000,right_hand,1,0.3541470766,0.6686257124,0.0062596365,1.0000000000
127,8.4760000000,right_hand,1,0.3577345312,0.6751216650,0.0096241189,1.0000000000
128,8.5420000000,right_hand,1,0.3672877252,0.6622745395,0.0099659292,1.0000000000
129,8.6090000000,right_hand,1,0.3631734550,0.6574214697,0.0011498996,1.0000000000
130,8.6760000000,right_hand,1,0.3628225923,0.6574479938,0.0018270694,1.0000000000
131,8.7430000000,right_hand,1,0.3600289822,0.6559563279,0.0005001258,1.0000000000
132,8.8090000000,right_hand,1,0.3552267551,0.6530016065,0.0024583093,1.0000000000
133,8.8760000000,right_hand,1,0.3624399900,0.6527568698,-0.0028995378,1.0000000000
134,8.9430000000,right_hand,1,0.3667379022,0.6560247540,0.0115148369,1.0000000000
135,9.0100000000,right_hand,1,0.3658215404,0.6456730366,0.0033881569,1.0000000000
136,9.0760000000,right_hand,1,0.3647870421,0.6453186274,0.0019822414,1.0000000000
137,9.1430000000,right_hand,1,0.3643700480,0.6463879347,0.0045668595,1.0000000000
138,9.2100000000,right_hand,1,0.3650904596,0.6472639441,0.0043350789,1.0000000000
139,9.2770000000,right_hand,1,0.3663214445,0.6513017416,0.0045782244,1.0000000000
140,9.3430000000,right_hand,1,0.3666109741,0.6476259828,0.0025820073,1.0000000000
141,9.4100000000,right_hand,1,0.3613177240,0.6385294795,0.0001991754,1.0000000000
142,9.4770000000,right_hand,1,0.3652933836,0.6499595642,0.0034380911,1.0000000000
143,9.5430000000,right_hand,1,0.3635543585,0.6544642448,0.0061487798,1.0000000000
144,9.6100000000,right_hand,1,0.3654523492,0.6569023132,0.0020409345,1.0000000000
145,9.6770000000,right_hand,1,0.3620542586,0.6558567882,-0.0007305366,1.0000000000
146,9.7440000000,right_hand,1,0.3636573255,0.6539009809,0.0081312284,1.0000000000
147,9.8100000000,right_hand,1,0.3607759476,0.6456131935,-0.0013533044,1.0000000000
148,9.8770000000,right_hand,1,0.3541769981,0.6637679935,0.0148722110,1.0000000000
149,9.9440000000,right_hand,1,0.3604803681,0.6367130876,0.0019932159,1.0000000000
150,10.0110000000,right_hand,1,0.3456102610,0.6632205844,0.0033412157,1.0000000000
151,10.0770000000,right_hand,1,0.3639610112,0.6482352614,-0.0022187359,1.0000000000
152,10.1440000000,right_hand,1,0.3556857705,0.6497380137,0.0111791780,1.0000000000
153,10.2110000000,right_hand,1,0.3637540638,0.6477110386,0.0045318571,1.0000000000
154,10.2780000000,right_hand,1,0.3614043593,0.6520853043,0.0016915599,1.0000000000
155,10.3440000000,right_hand,1,0.3594015837,0.6492724419,-0.0000109397,1.0000000000
156,10.4110000000,right_hand,1,0.3570711613,0.6436485052,-0.0008942182,1.0000000000
157,10.4780000000,right_hand,1,0.3584818840,0.6431464553,-0.0012293559,1.0000000000
158,10.5450000000,right_hand,1,0.3552173972,0.6518005133,-0.0000462840,1.0000000000
159,10.6110000000,right_hand,1,0.3590835035,0.6590384841,0.0029053227,1.0000000000
160,10.6780000000,right_hand,1,0.3556903303,0.6523270011,0.0018907529,1.0000000000
161,10.7450000000,right_hand,1,0.3561998010,0.6604031324,-0.0007244769,1.0000000000
162,10.8110000000,right_hand,1,0.3493204713,0.6681675315,0.0051174760,1.0000000000
163,10.8780000000,right_hand,1,0.3467711508,0.6703903079,-0.0036343271,1.0000000000
164,10.9450000000,right_hand,1,0.3510004580,0.6626112461,-0.0028354356,1.0000000000
165,11.0120000000,right_hand,1,0.3257677555,0.6914030910,-0.0097822249,1.0000000000
166,11.0780000000,right_hand,1,0.3565501869,0.6674436331,0.0025712340,1.0000000000
167,11.1450000000,right_hand,1,0.3514590859,0.6712058783,0.0035089997,1.0000000000
168,11.2120000000,right_hand,1,0.3512281477,0.6805244088,0.0047605126,1.0000000000
169,11.2790000000,right_hand,1,0.3516035974,0.6870427132,0.0037106776,1.0000000000
170,11.3450000000,right_hand,1,0.3446872532,0.6902588010,0.0019187731,1.0000000000
171,11.4120000000,right_hand,1,0.3557302356,0.6498423219,0.0013328742,1.0000000000
172,11.4790000000,right_hand,1,0.3566477597,0.6631413698,0.0002688263,1.0000000000
173,11.5460000000,right_hand,1,0.3464242816,0.6698949337,-0.0025519270,1.0000000000
174,11.6120000000,right_hand,1,0.3561969399,0.6632446647,-0.0000096771,1.0000000000
175,11.6790000000,right_hand,1,0.3514398932,0.6531012058,-0.0016827749,1.0000000000
176,11.7460000000,right_hand,1,0.3545844257,0.6599565744,0.0004457098,1.0000000000
177,11.8130000000,right_hand,1,0.3313279748,0.6850134134,-0.0136960158,1.0000000000
178,11.8790000000,right_hand,1,0.3575692177,0.6590316892,0.0012504361,1.0000000000
179,11.9460000000,right_hand,1,0.3566201031,0.6507511139,-0.0006258309,1.0000000000
75,5.0050000000,right_hand,2,0.3924328685,0.6684904099,-0.0081977583,1.0000000000
76,5.0720000000,right_hand,2,0.3919076324,0.6704562902,-0.0112953857,1.0000000000
77,5.1390000000,right_hand,2,0.3906789720,0.6734097600,-0.0071987417,1.0000000000
78,5.2060000000,right_hand,2,0.3901284933,0.6749393940,-0.0103459600,1.0000000000
79,5.2720000000,right_hand,2,0.5304977298,0.6060333848,-0.0110219819,1.0000000000
80,5.3390000000,right_hand,2,0.5408147573,0.5945172310,-0.0218129940,1.0000000000
81,5.4060000000,right_hand,2,0.5386662483,0.5941526890,-0.0103205470,1.0000000000
82,5.4720000000,right_hand,2,0.3951556683,0.6784215569,-0.0131431771,1.0000000000
83,5.5390000000,right_hand,2,0.3944724202,0.6747552156,-0.0118198469,1.0000000000
84,5.6060000000,right_hand,2,0.3951742351,0.6730374098,-0.0088994140,1.0000000000
85,5.6730000000,right_hand,2,0.3915629089,0.6764038205,-0.0092676105,1.0000000000
86,5.7390000000,right_hand,2,0.3815927207,0.6793001890,-0.0132657997,1.0000000000
87,5.8060000000,right_hand,2,0.3336774707,0.7387689352,-0.0325938761,1.0000000000
88,5.8730000000,right_hand,2,0.3839597106,0.6721180677,0.0006395504,1.0000000000
89,5.9400000000,right_hand,2,0.3918385506,0.6739873886,-0.0085129207,1.0000000000
90,6.0060000000,right_hand,2,0.3995259702,0.6625218391,-0.0149896108,1.0000000000
91,6.0730000000,right_hand,2,0.3974896669,0.6748185754,-0.0130996471,1.0000000000
92,6.1400000000,right_hand,2,0.3849615157,0.6786201596,-0.0153302569,1.0000000000
93,6.2070000000,right_hand,2,0.3754211962,0.7047547698,-0.0054937033,1.0000000000
94,6.2730000000,right_hand,2,0.3874695897,0.6982662678,0.0024190759,1.0000000000
95,6.3400000000,right_hand,2,0.3830378950,0.7058792710,0.0136026554,1.0000000000
96,6.4070000000,right_hand,2,0.3961422443,0.6714570522,-0.0038776940,1.0000000000
97,6.4740000000,right_hand,2,0.3996507525,0.6710477471,-0.0079226056,1.0000000000
98,6.5400000000,right_hand,2,0.3937583268,0.6648453474,-0.0063606119,1.0000000000
99,6.6070000000,right_hand,2,0.3941794038,0.6654157639,-0.0090102470,1.0000000000
100,6.6740000000,right_hand,2,0.3932224512,0.6678503156,-0.0050815903,1.0000000000
101,6.7400000000,right_hand,2,0.3946170509,0.6700159907,-0.0044167964,1.0000000000
102,6.8070000000,right_hand,2,0.3915750086,0.6701332331,-0.0031976635,1.0000000000
103,6.8740000000,right_hand,2,0.3881553411,0.6701874733,0.0063089500,1.0000000000
104,6.9410000000,right_hand,2,0.3918089271,0.6707761884,-0.0050505898,1.0000000000
105,7.0070000000,right_hand,2,0.3905978799,0.6706973314,-0.0056534135,1.0000000000
106,7.0740000000,right_hand,2,0.3915037513,0.6733641028,-0.0017651429,1.0000000000
107,7.1410000000,right_hand,2,0.3930390477,0.6724121571,-0.0071231597,1.0000000000
108,7.2080000000,right_hand,2,0.3896394968,0.6776150465,-0.0020641030,1.0000000000
109,7.2740000000,right_hand,2,0.3911744952,0.6704612374,-0.0083174882,1.0000000000
110,7.3410000000,right_hand,2,0.3928940296,0.6734942794,-0.0101162242,1.0000000000
111,7.4080000000,right_hand,2,0.3765914142,0.6877315044,-0.0066049988,1.0000000000
112,7.4750000000,right_hand,2,0.3859009743,0.6739482284,-0.0163963810,1.0000000000
113,7.5410000000,right_hand,2,0.3921658993,0.6781514883,-0.0142728705,1.0000000000
114,7.6080000000,right_hand,2,0.3935915828,0.6737055182,-0.0127318539,1.0000000000
115,7.6750000000,right_hand,2,0.3923457861,0.6761683822,-0.0128563596,1.0000000000
116,7.7420000000,right_hand,2,0.3915246129,0.6798930168,-0.0106839035,1.0000000000
117,7.8080000000,right_hand,2,0.3571796715,0.7246640325,-0.0151554914,1.0000000000
118,7.8750000000,right_hand,2,0.3589952886,0.7066076994,-0.0226911977,1.0000000000
119,7.9420000000,right_hand,2,0.3696779013,0.6973699331,-0.0072396705,1.0000000000
120,8.0080000000,right_hand,2,0.3749715686,0.6964284778,-0.0009470977,1.0000000000
121,8.0750000000,right_hand,2,0.3929331899,0.6775963902,-0.0072168023,1.0000000000
122,8.1420000000,right_hand,2,0.3907704651,0.6797548532,-0.0130021181,1.0000000000
123,8.2090000000,right_hand,2,0.3515686393,0.7251155972,-0.0175279155,1.0000000000
124,8.2750000000,right_hand,2,0.3760358691,0.7117712498,-0.0040655313,1.0000000000
125,8.3420000000,right_hand,2,0.3815068901,0.6864209175,-0.0112664932,1.0000000000
126,8.4090000000,right_hand,2,0.3782376349,0.6892707348,-0.0034091356,1.0000000000
127,8.4760000000,right_hand,2,0.3859286308,0.6932872534,0.0014103084,1.0000000000
128,8.5420000000,right_hand,2,0.3972431719,0.6751099229,-0.0005773347,1.0000000000
129,8.6090000000,right_hand,2,0.4004573226,0.6766961217,-0.0081515089,1.0000000000
130,8.6760000000,right_hand,2,0.3993749917,0.6739861965,-0.0065232366,1.0000000000
131,8.7430000000,right_hand,2,0.3965570033,0.6736307144,-0.0081981756,1.0000000000
132,8.8090000000,right_hand,2,0.3868077695,0.6735872626,-0.0059907855,1.0000000000
133,8.8760000000,right_hand,2,0.4002173543,0.6732510924,-0.0133157261,1.0000000000
134,8.9430000000,right_hand,2,0.3987590075,0.6728543639,0.0032125802,1.0000000000
135,9.0100000000,right_hand,2,0.4030761719,0.6671816707,-0.0046926662,1.0000000000
136,9.0760000000,right_hand,2,0.4036258161,0.6671305895,-0.0048898039,1.0000000000
137,9.1430000000,right_hand,2,0.4023475349,0.6700356603,-0.0021494133,1.0000000000
138,9.2100000000,right_hand,2,0.4032451510,0.6682962775,-0.0027436947,1.0000000000
139,9.2770000000,right_hand,2,0.4035990238,0.6713762879,-0.0040418226,1.0000000000
140,9.3430000000,right_hand,2,0.4048579335,0.6699957848,-0.0045103854,1.0000000000
141,9.4100000000,right_hand,2,0.3991966844,0.6588394642,-0.0087615745,1.0000000000
142,9.4770000000,right_hand,2,0.4018892348,0.6692980528,-0.0056176204,1.0000000000
143,9.5430000000,right_hand,2,0.3998349905,0.6709093451,-0.0018889164,1.0000000000
144,9.6100000000,right_hand,2,0.4025862217,0.6739481091,-0.0065377094,1.0000000000
145,9.6770000000,right_hand,2,0.4006878138,0.6733647585,-0.0096970992,1.0000000000
146,9.7440000000,right_hand,2,0.3988345563,0.6710914969,0.0015551400,1.0000000000
147,9.8100000000,right_hand,2,0.3991995752,0.6673132777,-0.0104571395,1.0000000000
148,9.8770000000,right_hand,2,0.3853314519,0.6824696064,0.0089373095,1.0000000000
149,9.9440000000,right_hand,2,0.3933857381,0.6567026973,-0.0063500679,1.0000000000
150,10.0110000000,right_hand,2,0.3706037700,0.6811357141,-0.0052349968,1.0000000000
151,10.0770000000,right_hand,2,0.3999191821,0.6701489687,-0.0113437548,1.0000000000
152,10.1440000000,right_hand,2,0.3859968483,0.6684989333,0.0038792256,1.0000000000
153,10.2110000000,right_hand,2,0.3984836638,0.6676540375,-0.0042378153,1.0000000000
154,10.2780000000,right_hand,2,0.3986781836,0.6741018295,-0.0083641168,1.0000000000
155,10.3440000000,right_hand,2,0.3974076807,0.6708104610,-0.0089196982,1.0000000000
156,10.4110000000,right_hand,2,0.3961296082,0.6678559780,-0.0086088376,1.0000000000
157,10.4780000000,right_hand,2,0.3974439502,0.6680664420,-0.0098324800,1.0000000000
158,10.5450000000,right_hand,2,0.3938659132,0.6731433868,-0.0097060520,1.0000000000
159,10.6110000000,right_hand,2,0.3953752518,0.6793959141,-0.0088789957,1.0000000000
160,10.6780000000,right_hand,2,0.3938848078,0.6761446595,-0.0084588146,1.0000000000
161,10.7450000000,right_hand,2,0.3939669728,0.6781193018,-0.0129984152,1.0000000000
162,10.8110000000,right_hand,2,0.3805198371,0.6907171607,-0.0047665332,1.0000000000
163,10.8780000000,right_hand,2,0.3823166192,0.6925231218,-0.0126812812,1.0000000000
164,10.9450000000,right_hand,2,0.3845526278,0.6864070296,-0.0135308523,1.0000000000
165,11.0120000000,right_hand,2,0.3374431133,0.7380883694,-0.0254393388,1.0000000000
166,11.0780000000,right_hand,2,0.3911325634,0.6858765483,-0.0082279574,1.0000000000
167,11.1450000000,right_hand,2,0.3807685077,0.6931491494,-0.0079254610,1.0000000000
168,11.2120000000,right_hand,2,0.3759490252,0.7067308426,-0.0066147512,1.0000000000
169,11.2790000000,right_hand,2,0.3751942217,0.7146385908,-0.0086117601,1.0000000000
170,11.3450000000,right_hand,2,0.3645224869,0.7252752185,-0.0105717853,1.0000000000
171,11.4120000000,right_hand,2,0.3865789175,0.6717210412,-0.0077671860,1.0000000000
172,11.4790000000,right_hand,2,0.3913775086,0.6824798584,-0.0113095269,1.0000000000
173,11.5460000000,right_hand,2,0.3758715391,0.6941562891,-0.0127745299,1.0000000000
174,11.6120000000,right_hand,2,0.3890392780,0.6816428304,-0.0102379210,1.0000000000
175,11.6790000000,right_hand,2,0.3875364363,0.6725690365,-0.0105720749,1.0000000000
176,11.7460000000,right_hand,2,0.3893004358,0.6810897589,-0.0090222796,1.0000000000
177,11.8130000000,right_hand,2,0.3500234187,0.7257456779,-0.0262211934,1.0000000000
178,11.8790000000,right_hand,2,0.3867002428,0.6845691800,-0.0081673944,1.0000000000
179,11.9460000000,right_hand,2,0.3900060654,0.6632942557,-0.0092847040,1.0000000000
75,5.0050000000,right_hand,3,0.4229810834,0.6918694377,-0.0169938076,1.0000000000
76,5.0720000000,right_hand,3,0.4222816229,0.6908390522,-0.0215586666,1.0000000000
77,5.1390000000,right_hand,3,0.4207845032,0.6942969561,-0.0173641406,1.0000000000
78,5.2060000000,right_hand,3,0.4215385616,0.6960815787,-0.0175982174,1.0000000000
79,5.2720000000,right_hand,3,0.5322216153,0.6275596619,-0.0173414759,1.0000000000
80,5.3390000000,right_hand,3,0.5421309471,0.6168287992,-0.0275652166,1.0000000000
81,5.4060000000,right_hand,3,0.5413558483,0.6129125953,-0.0125349425,1.0000000000
82,5.4720000000,right_hand,3,0.4244316220,0.6965170503,-0.0213580169,1.0000000000
83,5.5390000000,right_hand,3,0.4237014949,0.6935671568,-0.0223806128,1.0000000000
84,5.6060000000,right_hand,3,0.4251327813,0.6940395832,-0.0186656471,1.0000000000
85,5.6730000000,right_hand,3,0.4219507575,0.6929084659,-0.0193028990,1.0000000000
86,5.7390000000,right_hand,3,0.4066412151,0.7007594705,-0.0227928832,1.0000000000
87,5.8060000000,right_hand,3,0.3501007259,0.7819555402,-0.0435870998,1.0000000000
88,5.8730000000,right_hand,3,0.4096547663,0.6904801726,-0.0079740901,1.0000000000
89,5.9400000000,right_hand,3,0.4173484743,0.6933493614,-0.0192667693,1.0000000000
90,6.0060000000,right_hand,3,0.4284775555,0.6891306639,-0.0245063081,1.0000000000
91,6.0730000000,right_hand,3,0.4261583090,0.6971500516,-0.0225403905,1.0000000000
92,6.1400000000,right_hand,3,0.4122736752,0.7041802406,-0.0244322810,1.0000000000
93,6.2070000000,right_hand,3,0.3920976818,0.7399747968,-0.0176498871,1.0000000000
94,6.2730000000,right_hand,3,0.4104690850,0.7167306542,-0.0074916515,1.0000000000
95,6.3400000000,right_hand,3,0.4062544107,0.7220027447,0.0051315296,1.0000000000
96,6.4070000000,right_hand,3,0.4231352508,0.6926254034,-0.0143749574,1.0000000000
97,6.4740000000,right_hand,3,0.4277847707,0.6943413615,-0.0179699510,1.0000000000
98,6.5400000000,right_hand,3,0.4225670397,0.6888967156,-0.0155442385,1.0000000000
99,6.6070000000,right_hand,3,0.4226618111,0.6908046007,-0.0183449686,1.0000000000
100,6.6740000000,right_hand,3,0.4213129878,0.6911920309,-0.0148262521,1.0000000000
101,6.7400000000,right_hand,3,0.4226699769,0.6937668324,-0.0147702331,1.0000000000
102,6.8070000000,right_hand,3,0.4189655781,0.6921916604,-0.0135664968,1.0000000000
103,6.8740000000,right_hand,3,0.4158939123,0.6928273439,-0.0027269856,1.0000000000
104,6.9410000000,right_hand,3,0.4212161899,0.6945705414,-0.0150595782,1.0000000000
105,7.0070000000,right_hand,3,0.4203779697,0.6936593056,-0.0143838217,1.0000000000
106,7.0740000000,right_hand,3,0.4207614660,0.6968380213,-0.0119086551,1.0000000000
107,7.1410000000,right_hand,3,0.4226337671,0.6966537237,-0.0170974936,1.0000000000
108,7.2080000000,right_hand,3,0.4167747200,0.6958665252,-0.0130709335,1.0000000000
109,7.2740000000,right_hand,3,0.4201709926,0.6945065856,-0.0166010112,1.0000000000
110,7.3410000000,right_hand,3,0.4230406880,0.6965261698,-0.0196487624,1.0000000000
111,7.4080000000,right_hand,3,0.4022691846,0.7144238353,-0.0144105162,1.0000000000
112,7.4750000000,right_hand,3,0.4126894474,0.7024793625,-0.0243676174,1.0000000000
113,7.5410000000,right_hand,3,0.4211541712,0.6990177631,-0.0220413934,1.0000000000
114,7.6080000000,right_hand,3,0.4224410355,0.6948047876,-0.0216400903,1.0000000000
115,7.6750000000,right_hand,3,0.4215657115,0.6954056025,-0.0232872330,1.0000000000
116,7.7420000000,right_hand,3,0.4189078808,0.7022309899,-0.0206492227,1.0000000000
117,7.8080000000,right_hand,3,0.3701483607,0.7716018558,-0.0267980527,1.0000000000
118,7.8750000000,right_hand,3,0.3716579080,0.7505391240,-0.0343386754,1.0000000000
119,7.9420000000,right_hand,3,0.3856114149,0.7285231948,-0.0175671186,1.0000000000
120,8.0080000000,right_hand,3,0.3919879198,0.7234157324,-0.0111429030,1.0000000000
121,8.0750000000,right_hand,3,0.4196997285,0.6997460723,-0.0170822423,1.0000000000
122,8.1420000000,right_hand,3,0.4193168581,0.6990473866,-0.0227747541,1.0000000000
123,8.2090000000,right_hand,3,0.3655835688,0.7615320086,-0.0303903203,1.0000000000
124,8.2750000000,right_hand,3,0.3918937147,0.7476426363,-0.0156393498,1.0000000000
125,8.3420000000,right_hand,3,0.3998000026,0.7181420326,-0.0215527657,1.0000000000
126,8.4090000000,right_hand,3,0.3962608576,0.7148879170,-0.0134137738,1.0000000000
127,8.4760000000,right_hand,3,0.4103199244,0.7090557814,-0.0084664905,1.0000000000
128,8.5420000000,right_hand,3,0.4223368764,0.6950375438,-0.0115209837,1.0000000000
129,8.6090000000,right_hand,3,0.4297315478,0.6996295452,-0.0172290578,1.0000000000
130,8.6760000000,right_hand,3,0.4274757206,0.6966956258,-0.0149364816,1.0000000000
131,8.7430000000,right_hand,3,0.4256011248,0.6951473355,-0.0169346500,1.0000000000
132,8.8090000000,right_hand,3,0.4100673497,0.7028661370,-0.0139086554,1.0000000000
133,8.8760000000,right_hand,3,0.4289524257,0.6993511319,-0.0226868633,1.0000000000
134,8.9430000000,right_hand,3,0.4237981141,0.6941551566,-0.0067835208,1.0000000000
135,9.0100000000,right_hand,3,0.4319337904,0.6945556998,-0.0130440239,1.0000000000
136,9.0760000000,right_hand,3,0.4328369498,0.6944665313,-0.0120572140,1.0000000000
137,9.1430000000,right_hand,3,0.4316478670,0.6953545213,-0.0096076578,1.0000000000
138,9.2100000000,right_hand,3,0.4323707521,0.6942430735,-0.0105254026,1.0000000000
139,9.2770000000,right_hand,3,0.4330341518,0.6958849430,-0.0133575834,1.0000000000
140,9.3430000000,right_hand,3,0.4342799485,0.6960921884,-0.0118153132,1.0000000000
141,9.4100000000,right_hand,3,0.4273547530,0.6844691038,-0.0171040557,1.0000000000
142,9.4770000000,right_hand,3,0.4309940040,0.6937373877,-0.0150689809,1.0000000000
143,9.5430000000,right_hand,3,0.4276229143,0.6911944151,-0.0110398019,1.0000000000
144,9.6100000000,right_hand,3,0.4314391017,0.6944345236,-0.0153915761,1.0000000000
145,9.6770000000,right_hand,3,0.4306929708,0.6966948509,-0.0184043739,1.0000000000
146,9.7440000000,right_hand,3,0.4268535376,0.6941832900,-0.0060485154,1.0000000000
147,9.8100000000,right_hand,3,0.4287729263,0.6956054568,-0.0190663096,1.0000000000
148,9.8770000000,right_hand,3,0.4106491208,0.7060791850,0.0011101518,1.0000000000
149,9.9440000000,right_hand,3,0.4169023931,0.6866810322,-0.0144678475,1.0000000000
150,10.0110000000,right_hand,3,0.3906465471,0.7050686479,-0.0134545723,1.0000000000
151,10.0770000000,right_hand,3,0.4272383153,0.6955281496,-0.0196087286,1.0000000000
152,10.1440000000,right_hand,3,0.4100432098,0.6950032711,-0.0045614541,1.0000000000
153,10.2110000000,right_hand,3,0.4262641966,0.6952289939,-0.0135012660,1.0000000000
154,10.2780000000,right_hand,3,0.4269531965,0.6986848712,-0.0183655433,1.0000000000
155,10.3440000000,right_hand,3,0.4268733859,0.6961585879,-0.0174303390,1.0000000000
156,10.4110000000,right_hand,3,0.4263323545,0.6956301928,-0.0159261320,1.0000000000
157,10.4780000000,right_hand,3,0.4262797534,0.6965032220,-0.0177459698,1.0000000000
158,10.5450000000,right_hand,3,0.4233635664,0.6976124644,-0.0187878758,1.0000000000
159,10.6110000000,right_hand,3,0.4232224822,0.6997391582,-0.0205908604,1.0000000000
160,10.6780000000,right_hand,3,0.4231777787,0.7012846470,-0.0186333247,1.0000000000
161,10.7450000000,right_hand,3,0.4227504432,0.6998471618,-0.0245671440,1.0000000000
162,10.8110000000,right_hand,3,0.4035655856,0.7202162147,-0.0145973498,1.0000000000
163,10.8780000000,right_hand,3,0.4090866148,0.7186625600,-0.0200086571,1.0000000000
164,10.9450000000,right_hand,3,0.4106266499,0.7137275338,-0.0222266689,1.0000000000
165,11.0120000000,right_hand,3,0.3509160876,0.7836638689,-0.0384799875,1.0000000000
166,11.0780000000,right_hand,3,0.4186350405,0.7056553364,-0.0188962948,1.0000000000
167,11.1450000000,right_hand,3,0.4025211036,0.7169162035,-0.0191644803,1.0000000000
168,11.2120000000,right_hand,3,0.3918870389,0.7386879325,-0.0180105716,1.0000000000
169,11.2790000000,right_hand,3,0.3885028362,0.7499051094,-0.0209382121,1.0000000000
170,11.3450000000,right_hand,3,0.3752284050,0.7678952217,-0.0235897079,1.0000000000
171,11.4120000000,right_hand,3,0.4082783759,0.7008763552,-0.0164926071,1.0000000000
172,11.4790000000,right_hand,3,0.4163133204,0.7103424668,-0.0219897330,1.0000000000
173,11.5460000000,right_hand,3,0.3956612349,0.7286290526,-0.0223487839,1.0000000000
174,11.6120000000,right_hand,3,0.4130587876,0.7079746127,-0.0195390899,1.0000000000
175,11.6790000000,right_hand,3,0.4140894413,0.6987535954,-0.0187850483,1.0000000000
176,11.7460000000,right_hand,3,0.4144812226,0.7105228305,-0.0179805234,1.0000000000
177,11.8130000000,right_hand,3,0.3669208586,0.7664820552,-0.0356571488,1.0000000000
178,11.8790000000,right_hand,3,0.4060786366,0.7192686200,-0.0173966568,1.0000000000
179,11.9460000000,right_hand,3,0.4146595895,0.6842978001,-0.0171567090,1.0000000000
75,5.0050000000,right_hand,4,0.4492537379,0.7080333829,-0.0269734003,1.0000000000
76,5.0720000000,right_hand,4,0.4491292238,0.7038704157,-0.0330119319,1.0000000000
77,5.1390000000,right_hand,4,0.4480857849,0.7093483210,-0.0288947783,1.0000000000
78,5.2060000000,right_hand,4,0.4478630424,0.7098005414,-0.0255835075,1.0000000000
79,5.2720000000,right_hand,4,0.5328267217,0.6441250443,-0.0238538813,1.0000000000
80,5.3390000000,right_hand,4,0.5415836573,0.6346261501,-0.0333290808,1.0000000000
81,5.4060000000,right_hand,4,0.5410897136,0.6281111836,-0.0142067233,1.0000000000
82,5.4720000000,right_hand,4,0.4498518407,0.7096341252,-0.0299645569,1.0000000000
83,5.5390000000,right_hand,4,0.4498609304,0.7085288763,-0.0341341086,1.0000000000
84,5.6060000000,right_hand,4,0.4507719874,0.7088871002,-0.0297826529,1.0000000000
85,5.6730000000,right_hand,4,0.4485450089,0.7099096775,-0.0304434765,1.0000000000
86,5.7390000000,right_hand,4,0.4264852405,0.7222304344,-0.0331734791,1.0000000000
87,5.8060000000,right_hand,4,0.3644215465,0.8179622293,-0.0543641523,1.0000000000
88,5.8730000000,right_hand,4,0.4311995804,0.7072695494,-0.0180542823,1.0000000000
89,5.9400000000,right_hand,4,0.4408537149,0.7085216641,-0.0318628997,1.0000000000
90,6.0060000000,right_hand,4,0.4528160393,0.7060310245,-0.0352211036,1.0000000000
91,6.0730000000,right_hand,4,0.4511871934,0.7133499980,-0.0330060050,1.0000000000
92,6.1400000000,right_hand,4,0.4350762963,0.7238757610,-0.0344460197,1.0000000000
93,6.2070000000,right_hand,4,0.4039116502,0.7785693407,-0.0314545073,1.0000000000
94,6.2730000000,right_hand,4,0.4312147200,0.7375193834,-0.0190197118,1.0000000000
95,6.3400000000,right_hand,4,0.4287179708,0.7393729687,-0.0054553738,1.0000000000
96,6.4070000000,right_hand,4,0.4485709667,0.7090376616,-0.0270604696,1.0000000000
97,6.4740000000,right_hand,4,0.4533473253,0.7092906833,-0.0297548771,1.0000000000
98,6.5400000000,right_hand,4,0.4483770132,0.7075948119,-0.0266214088,1.0000000000
99,6.6070000000,right_hand,4,0.4484551549,0.7093988657,-0.0292690359,1.0000000000
100,6.6740000000,right_hand,4,0.4468917251,0.7092336416,-0.0263640974,1.0000000000
101,6.7400000000,right_hand,4,0.4487500787,0.7120515704,-0.0270960964,1.0000000000
102,6.8070000000,right_hand,4,0.4436188340,0.7104113698,-0.0256732572,1.0000000000
103,6.8740000000,right_hand,4,0.4408100247,0.7116993666,-0.0137374904,1.0000000000
104,6.9410000000,right_hand,4,0.4483116567,0.7139209509,-0.0271226224,1.0000000000
105,7.0070000000,right_hand,4,0.4458798170,0.7117787600,-0.0243565757,1.0000000000
106,7.0740000000,right_hand,4,0.4482587278,0.7130264044,-0.0238982327,1.0000000000
107,7.1410000000,right_hand,4,0.4486362338,0.7130090594,-0.0284756310,1.0000000000
108,7.2080000000,right_hand,4,0.4425653815,0.7123479843,-0.0258663539,1.0000000000
109,7.2740000000,right_hand,4,0.4441117942,0.7130138874,-0.0258465447,1.0000000000
110,7.3410000000,right_hand,4,0.4490654469,0.7137427330,-0.0303098783,1.0000000000
111,7.4080000000,right_hand,4,0.4218386114,0.7390010357,-0.0230053533,1.0000000000
112,7.4750000000,right_hand,4,0.4337577820,0.7254825830,-0.0329879895,1.0000000000
113,7.5410000000,right_hand,4,0.4447579980,0.7162796259,-0.0304745790,1.0000000000
114,7.6080000000,right_hand,4,0.4459284842,0.7144219875,-0.0312845372,1.0000000000
115,7.6750000000,right_hand,4,0.4460010529,0.7138802409,-0.0346594639,1.0000000000
116,7.7420000000,right_hand,4,0.4427574277,0.7195293307,-0.0317846052,1.0000000000
117,7.8080000000,right_hand,4,0.3798364103,0.8160770535,-0.0393399000,1.0000000000
118,7.8750000000,right_hand,4,0.3806020617,0.7952300906,-0.0460497439,1.0000000000
119,7.9420000000,right_hand,4,0.3950100243,0.7651628256,-0.0287491195,1.0000000000
120,8.0080000000,right_hand,4,0.4039812088,0.7560033798,-0.0227179769,1.0000000000
121,8.0750000000,right_hand,4,0.4426302910,0.7194707394,-0.0282132681,1.0000000000
122,8.1420000000,right_hand,4,0.4434092343,0.7173177004,-0.0335699543,1.0000000000
123,8.2090000000,right_hand,4,0.3773013353,0.7983338833,-0.0442647785,1.0000000000
124,8.2750000000,right_hand,4,0.4050647318,0.7862611413,-0.0287004020,1.0000000000
125,8.3420000000,right_hand,4,0.4112960696,0.7544237375,-0.0326718055,1.0000000000
126,8.4090000000,right_hand,4,0.4090572298,0.7454400659,-0.0248940699,1.0000000000
127,8.4760000000,right_hand,4,0.4332502484,0.7255414724,-0.0201598369,1.0000000000
128,8.5420000000,right_hand,4,0.4463197589,0.7155028582,-0.0243563727,1.0000000000
129,8.6090000000,right_hand,4,0.4552363157,0.7159784436,-0.0277505256,1.0000000000
130,8.6760000000,right_hand,4,0.4506898522,0.7146837711,-0.0247032698,1.0000000000
131,8.7430000000,right_hand,4,0.4491716027,0.7138332725,-0.0269370172,1.0000000000
132,8.8090000000,right_hand,4,0.4263853133,0.7310132980,-0.0231277384,1.0000000000
133,8.8760000000,right_hand,4,0.4536965191,0.7191542387,-0.0331160389,1.0000000000
134,8.9430000000,right_hand,4,0.4451579452,0.7152758241,-0.0190523099,1.0000000000
135,9.0100000000,right_hand,4,0.4569648802,0.7140212655,-0.0228018761,1.0000000000
136,9.0760000000,right_hand,4,0.4577175379,0.7136915326,-0.0203126017,1.0000000000
137,9.1430000000,right_hand,4,0.4557912052,0.7166890502,-0.0183896087,1.0000000000
138,9.2100000000,right_hand,4,0.4567998052,0.7141090631,-0.0197490677,1.0000000000
139,9.2770000000,right_hand,4,0.4586763978,0.7150308490,-0.0242057294,1.0000000000
140,9.3430000000,right_hand,4,0.4596112669,0.7131551504,-0.0202673115,1.0000000000
141,9.4100000000,right_hand,4,0.4497973919,0.7065158486,-0.0266039576,1.0000000000
142,9.4770000000,right_hand,4,0.4567211270,0.7144693732,-0.0260586087,1.0000000000
143,9.5430000000,right_hand,4,0.4519179165,0.7104443312,-0.0218458772,1.0000000000
144,9.6100000000,right_hand,4,0.4554494917,0.7154588699,-0.0254964884,1.0000000000
145,9.6770000000,right_hand,4,0.4559595585,0.7155506015,-0.0281498227,1.0000000000
146,9.7440000000,right_hand,4,0.4496515095,0.7137902379,-0.0152456397,1.0000000000
147,9.8100000000,right_hand,4,0.4537883997,0.7170953155,-0.0288528800,1.0000000000
148,9.8770000000,right_hand,4,0.4307587743,0.7293515205,-0.0085127736,1.0000000000
149,9.9440000000,right_hand,4,0.4334827363,0.7157065272,-0.0238085240,1.0000000000
150,10.0110000000,right_hand,4,0.4056106806,0.7295687199,-0.0228980109,1.0000000000
151,10.0770000000,right_hand,4,0.4499318302,0.7136200070,-0.0289432090,1.0000000000
152,10.1440000000,right_hand,4,0.4273148775,0.7232930660,-0.0146784550,1.0000000000
153,10.2110000000,right_hand,4,0.4501951933,0.7159702182,-0.0243735015,1.0000000000
154,10.2780000000,right_hand,4,0.4525803924,0.7182571888,-0.0302108470,1.0000000000
155,10.3440000000,right_hand,4,0.4520351589,0.7152851224,-0.0272709336,1.0000000000
156,10.4110000000,right_hand,4,0.4512633085,0.7162269950,-0.0241901260,1.0000000000
157,10.4780000000,right_hand,4,0.4508007765,0.7156886458,-0.0269498657,1.0000000000
158,10.5450000000,right_hand,4,0.4491204023,0.7156074047,-0.0291531589,1.0000000000
159,10.6110000000,right_hand,4,0.4495453238,0.7182632089,-0.0341917723,1.0000000000
160,10.6780000000,right_hand,4,0.4494941831,0.7207397223,-0.0305539370,1.0000000000
161,10.7450000000,right_hand,4,0.4485364854,0.7180023789,-0.0378450751,1.0000000000
162,10.8110000000,right_hand,4,0.4205583036,0.7517518401,-0.0256079771,1.0000000000
163,10.8780000000,right_hand,4,0.4300702810,0.7409372330,-0.0278197490,1.0000000000
164,10.9450000000,right_hand,4,0.4328990579,0.7349606752,-0.0318789594,1.0000000000
165,11.0120000000,right_hand,4,0.3630524576,0.8243671656,-0.0520116910,1.0000000000
166,11.0780000000,right_hand,4,0.4428071976,0.7223896384,-0.0306130480,1.0000000000
167,11.1450000000,right_hand,4,0.4207290411,0.7413806915,-0.0319680944,1.0000000000
168,11.2120000000,right_hand,4,0.4033293724,0.7746631503,-0.0307993609,1.0000000000
169,11.2790000000,right_hand,4,0.3992640376,0.7888778448,-0.0344753824,1.0000000000
170,11.3450000000,right_hand,4,0.3827432096,0.8115134239,-0.0379956588,1.0000000000
171,11.4120000000,right_hand,4,0.4229160845,0.7290819287,-0.0265555512,1.0000000000
172,11.4790000000,right_hand,4,0.4385870993,0.7335260510,-0.0340895019,1.0000000000
173,11.5460000000,right_hand,4,0.4091538787,0.7631725073,-0.0328244716,1.0000000000
174,11.6120000000,right_hand,4,0.4318505526,0.7320727110,-0.0298418757,1.0000000000
175,11.6790000000,right_hand,4,0.4338387251,0.7230777740,-0.0279554874,1.0000000000
176,11.7460000000,right_hand,4,0.4341707826,0.7357586026,-0.0282645077,1.0000000000
177,11.8130000000,right_hand,4,0.3802420795,0.7997683287,-0.0452894494,1.0000000000
178,11.8790000000,right_hand,4,0.4177148640,0.7543917298,-0.0279744230,1.0000000000
179,11.9460000000,right_hand,4,0.4336451888,0.7044518590,-0.0261481795,1.0000000000
75,5.0050000000,right_hand,5,0.3891583681,0.6734728217,-0.0348122753,1.0000000000
76,5.0720000000,right_hand,5,0.3900984228,0.6716048717,-0.0387695692,1.0000000000
77,5.1390000000,right_hand,5,0.3894953728,0.6730368733,-0.0363008119,1.0000000000
78,5.2060000000,right_hand,5,0.3881110549,0.6733180881,-0.0304740164,1.0000000000
79,5.2720000000,right_hand,5,0.5189283490,0.5754221678,-0.0207695384,1.0000000000
80,5.3390000000,right_hand,5,0.5307186842,0.5826870203,-0.0299503095,1.0000000000
81,5.4060000000,right_hand,5,0.5274868011,0.6056817770,-0.0081804777,1.0000000000
82,5.4720000000,right_hand,5,0.3925206065,0.6792547703,-0.0332777351,1.0000000000
83,5.5390000000,right_hand,5,0.3867547512,0.6796972156,-0.0423690118,1.0000000000
84,5.6060000000,right_hand,5,0.3886762559,0.6750890017,-0.0419855751,1.0000000000
85,5.6730000000,right_hand,5,0.3874855340,0.6838684082,-0.0368520170,1.0000000000
86,5.7390000000,right_hand,5,0.3862566054,0.6836314201,-0.0374181867,1.0000000000
87,5.8060000000,right_hand,5,0.3616887629,0.7081891894,-0.0429743752,1.0000000000
88,5.8730000000,right_hand,5,0.3819352686,0.6841874123,-0.0390409082,1.0000000000
89,5.9400000000,right_hand,5,0.3858932555,0.6817633510,-0.0468069650,1.0000000000
90,6.0060000000,right_hand,5,0.3889765441,0.6683113575,-0.0468428843,1.0000000000
91,6.0730000000,right_hand,5,0.3904759586,0.6805260777,-0.0411492996,1.0000000000
92,6.1400000000,right_hand,5,0.3821884990,0.6818305850,-0.0414549075,1.0000000000
93,6.2070000000,right_hand,5,0.3832749724,0.6909800768,-0.0420489497,1.0000000000
94,6.2730000000,right_hand,5,0.3872698545,0.6965073943,-0.0333781391,1.0000000000
95,6.3400000000,right_hand,5,0.3823584616,0.7118863463,-0.0282626692,1.0000000000
96,6.4070000000,right_hand,5,0.3908969760,0.6801909804,-0.0422283262,1.0000000000
97,6.4740000000,right_hand,5,0.3929420710,0.6772516370,-0.0435144193,1.0000000000
98,6.5400000000,right_hand,5,0.3885564804,0.6748065352,-0.0375873074,1.0000000000
99,6.6070000000,right_hand,5,0.3884658515,0.6769943237,-0.0419083163,1.0000000000
100,6.6740000000,right_hand,5,0.3883941770,0.6799215078,-0.0420643985,1.0000000000
101,6.7400000000,right_hand,5,0.3896105886,0.6786242723,-0.0417141207,1.0000000000
102,6.8070000000,right_hand,5,0.3891759515,0.6757119894,-0.0500230677,1.0000000000
103,6.8740000000,right_hand,5,0.3854589164,0.6854950190,-0.0348105691,1.0000000000
104,6.9410000000,right_hand,5,0.3873455524,0.6812831163,-0.0398308262,1.0000000000
105,7.0070000000,right_hand,5,0.3870630562,0.6799694300,-0.0368810929,1.0000000000
106,7.0740000000,right_hand,5,0.3879037499,0.6850414276,-0.0399447083,1.0000000000
107,7.1410000000,right_hand,5,0.3875056505,0.6791750193,-0.0420790501,1.0000000000
108,7.2080000000,right_hand,5,0.3857406676,0.6898649931,-0.0425521061,1.0000000000
109,7.2740000000,right_hand,5,0.3876734376,0.6788229942,-0.0359685048,1.0000000000
110,7.3410000000,right_hand,5,0.3889791369,0.6789627075,-0.0407717749,1.0000000000
111,7.4080000000,right_hand,5,0.3804911971,0.6873517036,-0.0306094438,1.0000000000
112,7.4750000000,right_hand,5,0.3877674639,0.6841152906,-0.0371631943,1.0000000000
113,7.5410000000,right_hand,5,0.3913222849,0.6846265197,-0.0348317623,1.0000000000
114,7.6080000000,right_hand,5,0.3918500841,0.6832461357,-0.0373573564,1.0000000000
115,7.6750000000,right_hand,5,0.3901445568,0.6813880205,-0.0414645448,1.0000000000
116,7.7420000000,right_hand,5,0.3918146491,0.6837108731,-0.0393500514,1.0000000000
117,7.8080000000,right_hand,5,0.3798609972,0.6985840201,-0.0361624323,1.0000000000
118,7.8750000000,right_hand,5,0.3794599473,0.6953285933,-0.0452200510,1.0000000000
119,7.9420000000,right_hand,5,0.3785074949,0.6974676251,-0.0354955271,1.0000000000
120,8.0080000000,right_hand,5,0.3791681230,0.6990999579,-0.0370930657,1.0000000000
121,8.0750000000,right_hand,5,0.3900420964,0.6857386231,-0.0403181911,1.0000000000
122,8.1420000000,right_hand,5,0.3862759769,0.6888858080,-0.0420250595,1.0000000000
123,8.2090000000,right_hand,5,0.3699173331,0.7065187693,-0.0428073555,1.0000000000
124,8.2750000000,right_hand,5,0.3830048442,0.6980249882,-0.0440613292,1.0000000000
125,8.3420000000,right_hand,5,0.3854607940,0.6908582449,-0.0379054248,1.0000000000
126,8.4090000000,right_hand,5,0.3819415569,0.6965855956,-0.0375434421,1.0000000000
127,8.4760000000,right_hand,5,0.3835712075,0.6992478371,-0.0345486552,1.0000000000
128,8.5420000000,right_hand,5,0.3950227797,0.6883953810,-0.0515971296,1.0000000000
129,8.6090000000,right_hand,5,0.3961511552,0.6810131669,-0.0384692252,1.0000000000
130,8.6760000000,right_hand,5,0.3998860717,0.6800390482,-0.0346008092,1.0000000000
131,8.7430000000,right_hand,5,0.3964575827,0.6837781072,-0.0338917822,1.0000000000
132,8.8090000000,right_hand,5,0.3921419084,0.6850513220,-0.0347006805,1.0000000000
133,8.8760000000,right_hand,5,0.3974439800,0.6816852689,-0.0413585864,1.0000000000
134,8.9430000000,right_hand,5,0.3990252614,0.6856980920,-0.0393741839,1.0000000000
135,9.0100000000,right_hand,5,0.4018918574,0.6778057814,-0.0350233503,1.0000000000
136,9.0760000000,right_hand,5,0.4022572935,0.6776915789,-0.0285118353,1.0000000000
137,9.1430000000,right_hand,5,0.4021537006,0.6788083911,-0.0283246115,1.0000000000
138,9.2100000000,right_hand,5,0.4026938677,0.6791845560,-0.0309706442,1.0000000000
139,9.2770000000,right_hand,5,0.4017460644,0.6807386875,-0.0361475125,1.0000000000
140,9.3430000000,right_hand,5,0.4025380611,0.6803949475,-0.0289541390,1.0000000000
141,9.4100000000,right_hand,5,0.3994949758,0.6769947410,-0.0375584140,1.0000000000
142,9.4770000000,right_hand,5,0.3988113999,0.6789280176,-0.0388847627,1.0000000000
143,9.5430000000,right_hand,5,0.4002355635,0.6854194403,-0.0335638076,1.0000000000
144,9.6100000000,right_hand,5,0.4013879299,0.6830402613,-0.0335517265,1.0000000000
145,9.6770000000,right_hand,5,0.3982127309,0.6818860769,-0.0352228843,1.0000000000
146,9.7440000000,right_hand,5,0.3992101848,0.6789410710,-0.0305461809,1.0000000000
147,9.8100000000,right_hand,5,0.3983339071,0.6765231490,-0.0363995694,1.0000000000
148,9.8770000000,right_hand,5,0.3905682266,0.6898783445,-0.0328346007,1.0000000000
149,9.9440000000,right_hand,5,0.3979097009,0.6746816635,-0.0335111842,1.0000000000
150,10.0110000000,right_hand,5,0.3817064166,0.6922355294,-0.0343454070,1.0000000000
151,10.0770000000,right_hand,5,0.3999336660,0.6800982952,-0.0356730111,1.0000000000
152,10.1440000000,right_hand,5,0.3899609149,0.6811192632,-0.0330274291,1.0000000000
153,10.2110000000,right_hand,5,0.3958857656,0.6781091690,-0.0370211415,1.0000000000
154,10.2780000000,right_hand,5,0.3949851990,0.6811012030,-0.0425395705,1.0000000000
155,10.3440000000,right_hand,5,0.3947482705,0.6815527081,-0.0370627157,1.0000000000
156,10.4110000000,right_hand,5,0.3923461139,0.6785783768,-0.0317661539,1.0000000000
157,10.4780000000,right_hand,5,0.3942673206,0.6788011789,-0.0361424424,1.0000000000
158,10.5450000000,right_hand,5,0.3905667365,0.6800413728,-0.0399584137,1.0000000000
159,10.6110000000,right_hand,5,0.3900281191,0.6879926920,-0.0490140058,1.0000000000
160,10.6780000000,right_hand,5,0.3884010315,0.6827637553,-0.0439643264,1.0000000000
161,10.7450000000,right_hand,5,0.3889339566,0.6858525872,-0.0494595766,1.0000000000
162,10.8110000000,right_hand,5,0.3838711977,0.6890206933,-0.0405811220,1.0000000000
163,10.8780000000,right_hand,5,0.3839836419,0.6913275123,-0.0344789177,1.0000000000
164,10.9450000000,right_hand,5,0.3823366165,0.6930445433,-0.0432078764,1.0000000000
165,11.0120000000,right_hand,5,0.3592932522,0.7125452757,-0.0477616750,1.0000000000
166,11.0780000000,right_hand,5,0.3836050332,0.6901952028,-0.0429456159,1.0000000000
167,11.1450000000,right_hand,5,0.3824126720,0.6943323612,-0.0453516096,1.0000000000
168,11.2120000000,right_hand,5,0.3805223107,0.7030976415,-0.0427272618,1.0000000000
169,11.2790000000,right_hand,5,0.3858366311,0.7011671066,-0.0405407734,1.0000000000
170,11.3450000000,right_hand,5,0.3843993247,0.7014924288,-0.0360053591,1.0000000000
171,11.4120000000,right_hand,5,0.3907542229,0.6812735200,-0.0343946554,1.0000000000
172,11.4790000000,right_hand,5,0.3898263574,0.6852758527,-0.0476358645,1.0000000000
173,11.5460000000,right_hand,5,0.3855046034,0.6913112998,-0.0330754630,1.0000000000
174,11.6120000000,right_hand,5,0.3913788199,0.6878209710,-0.0389278345,1.0000000000
175,11.6790000000,right_hand,5,0.3908714056,0.6810687780,-0.0322647244,1.0000000000
176,11.7460000000,right_hand,5,0.3924968541,0.6813077331,-0.0377956890,1.0000000000
177,11.8130000000,right_hand,5,0.3777994215,0.7051156759,-0.0351926237,1.0000000000
178,11.8790000000,right_hand,5,0.3950923383,0.6867556572,-0.0329260305,1.0000000000
179,11.9460000000,right_hand,5,0.3938731849,0.6814098358,-0.0339459069,1.0000000000
75,5.0050000000,right_hand,6,0.4164065719,0.7353968620,-0.0534516051,1.0000000000
76,5.0720000000,right_hand,6,0.4152982533,0.7385340333,-0.0589420535,1.0000000000
77,5.1390000000,right_hand,6,0.4175260961,0.7378185391,-0.0563167520,1.0000000000
78,5.2060000000,right_hand,6,0.4133881927,0.7392041087,-0.0463184528,1.0000000000
79,5.2720000000,right_hand,6,0.5198385119,0.6171045303,-0.0298453644,1.0000000000
80,5.3390000000,right_hand,6,0.5349322557,0.6157780290,-0.0382364951,1.0000000000
81,5.4060000000,right_hand,6,0.5305909514,0.6329554915,-0.0120187011,1.0000000000
82,5.4720000000,right_hand,6,0.4168742597,0.7424967289,-0.0504993014,1.0000000000
83,5.5390000000,right_hand,6,0.4140698612,0.7375550866,-0.0638652667,1.0000000000
84,5.6060000000,right_hand,6,0.4158310294,0.7382685542,-0.0614241250,1.0000000000
85,5.6730000000,right_hand,6,0.4161179662,0.7429996729,-0.0569914095,1.0000000000
86,5.7390000000,right_hand,6,0.4120742381,0.7445867658,-0.0572596677,1.0000000000
87,5.8060000000,right_hand,6,0.3842730224,0.7676761746,-0.0603935644,1.0000000000
88,5.8730000000,right_hand,6,0.4039253592,0.7435159087,-0.0546684563,1.0000000000
89,5.9400000000,right_hand,6,0.4097084403,0.7386189699,-0.0687722787,1.0000000000
90,6.0060000000,right_hand,6,0.4102205336,0.7368654609,-0.0658701211,1.0000000000
91,6.0730000000,right_hand,6,0.4168492556,0.7412588596,-0.0607624352,1.0000000000
92,6.1400000000,right_hand,6,0.4024331868,0.7487195134,-0.0606929064,1.0000000000
93,6.2070000000,right_hand,6,0.4030940235,0.7510677576,-0.0633203685,1.0000000000
94,6.2730000000,right_hand,6,0.4107623696,0.7498482466,-0.0522078536,1.0000000000
95,6.3400000000,right_hand,6,0.4055414498,0.7584573030,-0.0469569489,1.0000000000
96,6.4070000000,right_hand,6,0.4162410796,0.7401875257,-0.0640597194,1.0000000000
97,6.4740000000,right_hand,6,0.4186975062,0.7391508222,-0.0626058802,1.0000000000
98,6.5400000000,right_hand,6,0.4158610702,0.7345589399,-0.0571625084,1.0000000000
99,6.6070000000,right_hand,6,0.4161657691,0.7375507951,-0.0619135424,1.0000000000
100,6.6740000000,right_hand,6,0.4150553942,0.7392053604,-0.0628468916,1.0000000000
101,6.7400000000,right_hand,6,0.4152398705,0.7405008078,-0.0626408458,1.0000000000
102,6.8070000000,right_hand,6,0.4141980410,0.7397057414,-0.0688849092,1.0000000000
103,6.8740000000,right_hand,6,0.4133250117,0.7441933155,-0.0517015718,1.0000000000
104,6.9410000000,right_hand,6,0.4143862426,0.7415339947,-0.0612446927,1.0000000000
105,7.0070000000,right_hand,6,0.4141310155,0.7422222495,-0.0540320873,1.0000000000
106,7.0740000000,right_hand,6,0.4141255319,0.7446742058,-0.0591649450,1.0000000000
107,7.1410000000,right_hand,6,0.4135255814,0.7432832122,-0.0613153502,1.0000000000
108,7.2080000000,right_hand,6,0.4108198583,0.7460142374,-0.0638255328,1.0000000000
109,7.2740000000,right_hand,6,0.4129330516,0.7432221174,-0.0520898476,1.0000000000
110,7.3410000000,right_hand,6,0.4156394601,0.7426266670,-0.0590227954,1.0000000000
111,7.4080000000,right_hand,6,0.4090225697,0.7484010458,-0.0453686789,1.0000000000
112,7.4750000000,right_hand,6,0.4109771252,0.7493606210,-0.0547091551,1.0000000000
113,7.5410000000,right_hand,6,0.4145036340,0.7497059703,-0.0512574725,1.0000000000
114,7.6080000000,right_hand,6,0.4175975323,0.7499040365,-0.0558155738,1.0000000000
115,7.6750000000,right_hand,6,0.4172885716,0.7438701391,-0.0623365566,1.0000000000
116,7.7420000000,right_hand,6,0.4173017740,0.7467297316,-0.0596075319,1.0000000000
117,7.8080000000,right_hand,6,0.4033485353,0.7594878674,-0.0562332533,1.0000000000
118,7.8750000000,right_hand,6,0.4027765989,0.7567931414,-0.0660241023,1.0000000000
119,7.9420000000,right_hand,6,0.4005778134,0.7560417056,-0.0546781532,1.0000000000
120,8.0080000000,right_hand,6,0.4028503299,0.7551207542,-0.0558652468,1.0000000000
121,8.0750000000,right_hand,6,0.4143974781,0.7443379164,-0.0590161271,1.0000000000
122,8.1420000000,right_hand,6,0.4121235013,0.7504702806,-0.0608522519,1.0000000000
123,8.2090000000,right_hand,6,0.3943089247,0.7670028806,-0.0634994954,1.0000000000
124,8.2750000000,right_hand,6,0.4034962058,0.7575030327,-0.0637964979,1.0000000000
125,8.3420000000,right_hand,6,0.4068512022,0.7493393421,-0.0558278114,1.0000000000
126,8.4090000000,right_hand,6,0.4053364396,0.7502219081,-0.0554018654,1.0000000000
127,8.4760000000,right_hand,6,0.4117244780,0.7509752512,-0.0534264930,1.0000000000
128,8.5420000000,right_hand,6,0.4207318127,0.7419341803,-0.0736249536,1.0000000000
129,8.6090000000,right_hand,6,0.4230915904,0.7422701120,-0.0566611215,1.0000000000
130,8.6760000000,right_hand,6,0.4249805808,0.7417733073,-0.0531045720,1.0000000000
131,8.7430000000,right_hand,6,0.4223793745,0.7481936216,-0.0532511398,1.0000000000
132,8.8090000000,right_hand,6,0.4184020758,0.7505150437,-0.0508114249,1.0000000000
133,8.8760000000,right_hand,6,0.4241147935,0.7437968850,-0.0616487190,1.0000000000
134,8.9430000000,right_hand,6,0.4254351556,0.7482585907,-0.0584028326,1.0000000000
135,9.0100000000,right_hand,6,0.4293160439,0.7450866103,-0.0514023937,1.0000000000
136,9.0760000000,right_hand,6,0.4306524098,0.7419881821,-0.0443908758,1.0000000000
137,9.1430000000,right_hand,6,0.4309077561,0.7433775067,-0.0435412601,1.0000000000
138,9.2100000000,right_hand,6,0.4308733344,0.7441416383,-0.0477702953,1.0000000000
139,9.2770000000,right_hand,6,0.4296586514,0.7443006635,-0.0554947481,1.0000000000
140,9.3430000000,right_hand,6,0.4300192595,0.7433269024,-0.0433898978,1.0000000000
141,9.4100000000,right_hand,6,0.4241839051,0.7447676063,-0.0535922237,1.0000000000
142,9.4770000000,right_hand,6,0.4283392429,0.7397419810,-0.0590595268,1.0000000000
143,9.5430000000,right_hand,6,0.4269359410,0.7461558580,-0.0518676080,1.0000000000
144,9.6100000000,right_hand,6,0.4297637641,0.7447936535,-0.0514291748,1.0000000000
145,9.6770000000,right_hand,6,0.4256891608,0.7434875369,-0.0534534194,1.0000000000
146,9.7440000000,right_hand,6,0.4275532365,0.7432403564,-0.0454865023,1.0000000000
147,9.8100000000,right_hand,6,0.4260908961,0.7440001965,-0.0547954217,1.0000000000
148,9.8770000000,right_hand,6,0.4144010842,0.7538071275,-0.0484225824,1.0000000000
149,9.9440000000,right_hand,6,0.4214527607,0.7426114678,-0.0505215973,1.0000000000
150,10.0110000000,right_hand,6,0.4029934406,0.7599030137,-0.0520710908,1.0000000000
151,10.0770000000,right_hand,6,0.4234984815,0.7432202697,-0.0541505553,1.0000000000
152,10.1440000000,right_hand,6,0.4117195606,0.7502757311,-0.0490346514,1.0000000000
153,10.2110000000,right_hand,6,0.4223237634,0.7430466413,-0.0570627414,1.0000000000
154,10.2780000000,right_hand,6,0.4206927717,0.7446697354,-0.0632475987,1.0000000000
155,10.3440000000,right_hand,6,0.4218898416,0.7459016442,-0.0545712709,1.0000000000
156,10.4110000000,right_hand,6,0.4212203026,0.7421313524,-0.0478752218,1.0000000000
157,10.4780000000,right_hand,6,0.4198257327,0.7434165478,-0.0531681441,1.0000000000
158,10.5450000000,right_hand,6,0.4177983999,0.7452256083,-0.0588809885,1.0000000000
159,10.6110000000,right_hand,6,0.4172162712,0.7479931116,-0.0727573857,1.0000000000
160,10.6780000000,right_hand,6,0.4150654972,0.7467216849,-0.0655579343,1.0000000000
161,10.7450000000,right_hand,6,0.4158565998,0.7488076687,-0.0730051994,1.0000000000
162,10.8110000000,right_hand,6,0.4098755419,0.7525541186,-0.0603565201,1.0000000000
163,10.8780000000,right_hand,6,0.4068723917,0.7576453090,-0.0508943610,1.0000000000
164,10.9450000000,right_hand,6,0.4040602148,0.7598518133,-0.0622618236,1.0000000000
165,11.0120000000,right_hand,6,0.3833499551,0.7746726871,-0.0683901086,1.0000000000
166,11.0780000000,right_hand,6,0.4047257304,0.7543256283,-0.0636041760,1.0000000000
167,11.1450000000,right_hand,6,0.4035806060,0.7602621317,-0.0676210597,1.0000000000
168,11.2120000000,right_hand,6,0.4000533819,0.7624685764,-0.0653110668,1.0000000000
169,11.2790000000,right_hand,6,0.4057638347,0.7628135085,-0.0613030717,1.0000000000
170,11.3450000000,right_hand,6,0.4072696567,0.7587215304,-0.0579850264,1.0000000000
171,11.4120000000,right_hand,6,0.4119572937,0.7480351329,-0.0538222603,1.0000000000
172,11.4790000000,right_hand,6,0.4118494689,0.7483270764,-0.0709627196,1.0000000000
173,11.5460000000,right_hand,6,0.4078153372,0.7551417351,-0.0525262468,1.0000000000
174,11.6120000000,right_hand,6,0.4121277034,0.7535853982,-0.0587238744,1.0000000000
175,11.6790000000,right_hand,6,0.4124038815,0.7528885007,-0.0501997992,1.0000000000
176,11.7460000000,right_hand,6,0.4136626124,0.7508348823,-0.0588455945,1.0000000000
177,11.8130000000,right_hand,6,0.3988530934,0.7732708454,-0.0521367453,1.0000000000
178,11.8790000000,right_hand,6,0.4185786843,0.7484374642,-0.0520004295,1.0000000000
179,11.9460000000,right_hand,6,0.4207701683,0.7442445159,-0.0510476492,1.0000000000
75,5.0050000000,right_hand,7,0.4282937348,0.7782176137,-0.0622638464,1.0000000000
76,5.0720000000,right_hand,7,0.4258851409,0.7818186879,-0.0682906583,1.0000000000
77,5.1390000000,right_hand,7,0.4278060794,0.7815070748,-0.0658474863,1.0000000000
78,5.2060000000,right_hand,7,0.4249599278,0.7829852104,-0.0537304617,1.0000000000
79,5.2720000000,right_hand,7,0.5193855762,0.6462441087,-0.0345600806,1.0000000000
80,5.3390000000,right_hand,7,0.5375137925,0.6362729669,-0.0413160436,1.0000000000
81,5.4060000000,right_hand,7,0.5325576067,0.6508560777,-0.0144628212,1.0000000000
82,5.4720000000,right_hand,7,0.4270173013,0.7850179672,-0.0586098209,1.0000000000
83,5.5390000000,right_hand,7,0.4260288477,0.7794186473,-0.0737513900,1.0000000000
84,5.6060000000,right_hand,7,0.4276442528,0.7814797163,-0.0695805624,1.0000000000
85,5.6730000000,right_hand,7,0.4276376069,0.7843257785,-0.0669295937,1.0000000000
86,5.7390000000,right_hand,7,0.4234831333,0.7874641418,-0.0673871413,1.0000000000
87,5.8060000000,right_hand,7,0.3934291005,0.8088476062,-0.0693976507,1.0000000000
88,5.8730000000,right_hand,7,0.4130598009,0.7863762379,-0.0585171916,1.0000000000
89,5.9400000000,right_hand,7,0.4212101400,0.7825755477,-0.0792847872,1.0000000000
90,6.0060000000,right_hand,7,0.4207593203,0.7848358750,-0.0728404149,1.0000000000
91,6.0730000000,right_hand,7,0.4280369580,0.7847125530,-0.0701134503,1.0000000000
92,6.1400000000,right_hand,7,0.4115720987,0.7950458527,-0.0693558455,1.0000000000
93,6.2070000000,right_hand,7,0.4131261110,0.7962389588,-0.0736803636,1.0000000000
94,6.2730000000,right_hand,7,0.4229004979,0.7907775044,-0.0609955005,1.0000000000
95,6.3400000000,right_hand,7,0.4182684422,0.7972702384,-0.0555788428,1.0000000000
96,6.4070000000,right_hand,7,0.4284919798,0.7845216990,-0.0746245682,1.0000000000
97,6.4740000000,right_hand,7,0.4308008552,0.7818362117,-0.0698488876,1.0000000000
98,6.5400000000,right_hand,7,0.4288787544,0.7769641876,-0.0664902404,1.0000000000
99,6.6070000000,right_hand,7,0.4298946857,0.7792149186,-0.0710774809,1.0000000000
100,6.6740000000,right_hand,7,0.4273858070,0.7824658155,-0.0718153864,1.0000000000
101,6.7400000000,right_hand,7,0.4275521636,0.7840234041,-0.0721315220,1.0000000000
102,6.8070000000,right_hand,7,0.4258787334,0.7846130729,-0.0733761117,1.0000000000
103,6.8740000000,right_hand,7,0.4255244732,0.7854985595,-0.0570331924,1.0000000000
104,6.9410000000,right_hand,7,0.4267290831,0.7844761014,-0.0718161613,1.0000000000
105,7.0070000000,right_hand,7,0.4257091880,0.7846199274,-0.0604861863,1.0000000000
106,7.0740000000,right_hand,7,0.4259609580,0.7864378691,-0.0663506538,1.0000000000
107,7.1410000000,right_hand,7,0.4250347912,0.7865828276,-0.0685842559,1.0000000000
108,7.2080000000,right_hand,7,0.4225779474,0.7892038226,-0.0726711303,1.0000000000
109,7.2740000000,right_hand,7,0.4235830307,0.7866493464,-0.0582458936,1.0000000000
110,7.3410000000,right_hand,7,0.4267658293,0.7867154479,-0.0659917966,1.0000000000
111,7.4080000000,right_hand,7,0.4206207693,0.7890245318,-0.0514027476,1.0000000000
112,7.4750000000,right_hand,7,0.4220281839,0.7927931547,-0.0635333285,1.0000000000
113,7.5410000000,right_hand,7,0.4253907204,0.7921717763,-0.0592476577,1.0000000000
114,7.6080000000,right_hand,7,0.4275124073,0.7934060693,-0.0643728077,1.0000000000
115,7.6750000000,right_hand,7,0.4274101555,0.7868797183,-0.0723210797,1.0000000000
116,7.7420000000,right_hand,7,0.4277010262,0.7894774079,-0.0693904981,1.0000000000
117,7.8080000000,right_hand,7,0.4142498076,0.8048852682,-0.0680718720,1.0000000000
118,7.8750000000,right_hand,7,0.4143483937,0.8029872775,-0.0770971552,1.0000000000
119,7.9420000000,right_hand,7,0.4112983346,0.7993476987,-0.0645136461,1.0000000000
120,8.0080000000,right_hand,7,0.4141852856,0.7966765165,-0.0632888526,1.0000000000
121,8.0750000000,right_hand,7,0.4239811599,0.7888005972,-0.0664428622,1.0000000000
122,8.1420000000,right_hand,7,0.4245348573,0.7936802506,-0.0684697777,1.0000000000
123,8.2090000000,right_hand,7,0.4040266871,0.8108493090,-0.0735464543,1.0000000000
124,8.2750000000,right_hand,7,0.4135568738,0.8013754487,-0.0714743733,1.0000000000
125,8.3420000000,right_hand,7,0.4174023569,0.7926267982,-0.0638024956,1.0000000000
126,8.4090000000,right_hand,7,0.4165180922,0.7914228439,-0.0623901933,1.0000000000
127,8.4760000000,right_hand,7,0.4243691564,0.7915619016,-0.0616901778,1.0000000000
128,8.5420000000,right_hand,7,0.4327151775,0.7858055830,-0.0817184970,1.0000000000
129,8.6090000000,right_hand,7,0.4359135628,0.7846810818,-0.0646981224,1.0000000000
130,8.6760000000,right_hand,7,0.4366613030,0.7838543057,-0.0625582188,1.0000000000
131,8.7430000000,right_hand,7,0.4343932867,0.7912115455,-0.0629862323,1.0000000000
132,8.8090000000,right_hand,7,0.4290436804,0.7938907743,-0.0575206429,1.0000000000
133,8.8760000000,right_hand,7,0.4362284541,0.7889372110,-0.0717952773,1.0000000000
134,8.9430000000,right_hand,7,0.4362654090,0.7913977504,-0.0662880242,1.0000000000
135,9.0100000000,right_hand,7,0.4408724010,0.7894122601,-0.0574823022,1.0000000000
136,9.0760000000,right_hand,7,0.4414621890,0.7848485708,-0.0518363230,1.0000000000
137,9.1430000000,right_hand,7,0.4429134727,0.7860158682,-0.0500139222,1.0000000000
138,9.2100000000,right_hand,7,0.4423957467,0.7861722112,-0.0553418659,1.0000000000
139,9.2770000000,right_hand,7,0.4418103397,0.7866855860,-0.0641688034,1.0000000000
140,9.3430000000,right_hand,7,0.4413374960,0.7844315171,-0.0494641475,1.0000000000
141,9.4100000000,right_hand,7,0.4340609014,0.7879846692,-0.0592909865,1.0000000000
142,9.4770000000,right_hand,7,0.4412451684,0.7834083438,-0.0681758299,1.0000000000
143,9.5430000000,right_hand,7,0.4385924339,0.7863653302,-0.0604684725,1.0000000000
144,9.6100000000,right_hand,7,0.4412210584,0.7861364484,-0.0596762300,1.0000000000
145,9.6770000000,right_hand,7,0.4378630817,0.7847225070,-0.0619237833,1.0000000000
146,9.7440000000,right_hand,7,0.4385893047,0.7842226028,-0.0512352735,1.0000000000
147,9.8100000000,right_hand,7,0.4378390014,0.7872147560,-0.0632904172,1.0000000000
148,9.8770000000,right_hand,7,0.4249362350,0.7948407531,-0.0516704470,1.0000000000
149,9.9440000000,right_hand,7,0.4322715700,0.7877779007,-0.0589325726,1.0000000000
150,10.0110000000,right_hand,7,0.4117317498,0.8036908507,-0.0602749549,1.0000000000
151,10.0770000000,right_hand,7,0.4343691170,0.7883331776,-0.0637495369,1.0000000000
152,10.1440000000,right_hand,7,0.4211241901,0.7968270183,-0.0540680289,1.0000000000
153,10.2110000000,right_hand,7,0.4338750243,0.7891359329,-0.0672551692,1.0000000000
154,10.2780000000,right_hand,7,0.4322081208,0.7897764444,-0.0728847012,1.0000000000
155,10.3440000000,right_hand,7,0.4332467914,0.7884460092,-0.0621639453,1.0000000000
156,10.4110000000,right_hand,7,0.4321461618,0.7849779129,-0.0548893921,1.0000000000
157,10.4780000000,right_hand,7,0.4301337600,0.7859544158,-0.0607246719,1.0000000000
158,10.5450000000,right_hand,7,0.4288256168,0.7896237969,-0.0672102571,1.0000000000
159,10.6110000000,right_hand,7,0.4290065467,0.7920977473,-0.0837985501,1.0000000000
160,10.6780000000,right_hand,7,0.4261347651,0.7923448086,-0.0754088759,1.0000000000
161,10.7450000000,right_hand,7,0.4268995523,0.7916406989,-0.0841539800,1.0000000000
162,10.8110000000,right_hand,7,0.4206046164,0.7960793972,-0.0686219335,1.0000000000
163,10.8780000000,right_hand,7,0.4175459146,0.8013015985,-0.0583458990,1.0000000000
164,10.9450000000,right_hand,7,0.4138087332,0.8037990332,-0.0707605556,1.0000000000
165,11.0120000000,right_hand,7,0.3936095536,0.8194860220,-0.0780035034,1.0000000000
166,11.0780000000,right_hand,7,0.4148437977,0.8007286787,-0.0727881417,1.0000000000
167,11.1450000000,right_hand,7,0.4129866660,0.8066194057,-0.0774933249,1.0000000000
168,11.2120000000,right_hand,7,0.4111181498,0.8074561954,-0.0770966709,1.0000000000
169,11.2790000000,right_hand,7,0.4156524837,0.8059505820,-0.0715539753,1.0000000000
170,11.3450000000,right_hand,7,0.4197150171,0.8024189472,-0.0713912547,1.0000000000
171,11.4120000000,right_hand,7,0.4239967465,0.7932093740,-0.0643930808,1.0000000000
172,11.4790000000,right_hand,7,0.4238056839,0.7943606377,-0.0827012733,1.0000000000
173,11.5460000000,right_hand,7,0.4206709266,0.7996557951,-0.0636811927,1.0000000000
174,11.6120000000,right_hand,7,0.4235804677,0.7980531454,-0.0687371194,1.0000000000
175,11.6790000000,right_hand,7,0.4237728119,0.7990981936,-0.0594149753,1.0000000000
176,11.7460000000,right_hand,7,0.4260949790,0.7975113392,-0.0705450326,1.0000000000
177,11.8130000000,right_hand,7,0.4098913670,0.8189209700,-0.0622936115,1.0000000000
178,11.8790000000,right_hand,7,0.4305265546,0.7927036881,-0.0630118996,1.0000000000
179,11.9460000000,right_hand,7,0.4328665137,0.7860085368,-0.0599205382,1.0000000000
75,5.0050000000,right_hand,8,0.4351768792,0.8134363294,-0.0671148673,1.0000000000
76,5.0720000000,right_hand,8,0.4331845641,0.8165507317,-0.0738203451,1.0000000000
77,5.1390000000,right_hand,8,0.4339025617,0.8170262575,-0.0716633052,1.0000000000
78,5.2060000000,right_hand,8,0.4323579073,0.8167767525,-0.0579257756,1.0000000000
79,5.2720000000,right_hand,8,0.5193391442,0.6727956533,-0.0376010649,1.0000000000
80,5.3390000000,right_hand,8,0.5389316678,0.6528031230,-0.0433944650,1.0000000000
81,5.4060000000,right_hand,8,0.5337544084,0.6638910174,-0.0161546282,1.0000000000
82,5.4720000000,right_hand,8,0.4330443740,0.8184534907,-0.0631576926,1.0000000000
83,5.5390000000,right_hand,8,0.4340324700,0.8132486939,-0.0794676691,1.0000000000
84,5.6060000000,right_hand,8,0.4355633557,0.8155480027,-0.0744228587,1.0000000000
85,5.6730000000,right_hand,8,0.4355096817,0.8179901838,-0.0729656443,1.0000000000
86,5.7390000000,right_hand,8,0.4311514795,0.8211761713,-0.0731407776,1.0000000000
87,5.8060000000,right_hand,8,0.4001848400,0.8409908414,-0.0738493726,1.0000000000
88,5.8730000000,right_hand,8,0.4189886451,0.8186331987,-0.0605235882,1.0000000000
89,5.9400000000,right_hand,8,0.4297950268,0.8168460727,-0.0860748366,1.0000000000
90,6.0060000000,right_hand,8,0.4280745685,0.8202006817,-0.0766368955,1.0000000000
91,6.0730000000,right_hand,8,0.4360426068,0.8194535971,-0.0758613944,1.0000000000
92,6.1400000000,right_hand,8,0.4178987145,0.8324410915,-0.0736659095,1.0000000000
93,6.2070000000,right_hand,8,0.4199564755,0.8332499862,-0.0799050629,1.0000000000
94,6.2730000000,right_hand,8,0.4313248694,0.8242613673,-0.0666562766,1.0000000000
95,6.3400000000,right_hand,8,0.4262756407,0.8300447464,-0.0609972589,1.0000000000
96,6.4070000000,right_hand,8,0.4371656179,0.8210709691,-0.0813223198,1.0000000000
97,6.4740000000,right_hand,8,0.4392703474,0.8149910569,-0.0739154965,1.0000000000
98,6.5400000000,right_hand,8,0.4378754199,0.8112835288,-0.0719726756,1.0000000000
99,6.6070000000,right_hand,8,0.4396499693,0.8124701381,-0.0764680356,1.0000000000
100,6.6740000000,right_hand,8,0.4359146059,0.8172999620,-0.0770426318,1.0000000000
101,6.7400000000,right_hand,8,0.4361479878,0.8188825846,-0.0778500289,1.0000000000
102,6.8070000000,right_hand,8,0.4337603450,0.8180883527,-0.0756547228,1.0000000000
103,6.8740000000,right_hand,8,0.4337176681,0.8183716536,-0.0599521920,1.0000000000
104,6.9410000000,right_hand,8,0.4345188141,0.8201282620,-0.0781877190,1.0000000000
105,7.0070000000,right_hand,8,0.4330281913,0.8175730109,-0.0641196370,1.0000000000
106,7.0740000000,right_hand,8,0.4332588911,0.8198858500,-0.0703475252,1.0000000000
107,7.1410000000,right_hand,8,0.4326796830,0.8205510378,-0.0725481734,1.0000000000
108,7.2080000000,right_hand,8,0.4306869507,0.8240927458,-0.0779638365,1.0000000000
109,7.2740000000,right_hand,8,0.4310628176,0.8203939795,-0.0617502443,1.0000000000
110,7.3410000000,right_hand,8,0.4335357249,0.8205015063,-0.0698062032,1.0000000000
111,7.4080000000,right_hand,8,0.4282107353,0.8216642141,-0.0543773510,1.0000000000
112,7.4750000000,right_hand,8,0.4294200540,0.8266387582,-0.0684948638,1.0000000000
113,7.5410000000,right_hand,8,0.4328931570,0.8247150183,-0.0639379844,1.0000000000
114,7.6080000000,right_hand,8,0.4336472154,0.8269887567,-0.0691416711,1.0000000000
115,7.6750000000,right_hand,8,0.4341049194,0.8213307261,-0.0781702623,1.0000000000
116,7.7420000000,right_hand,8,0.4346590340,0.8240190744,-0.0749859959,1.0000000000
117,7.8080000000,right_hand,8,0.4221594334,0.8412252069,-0.0751539171,1.0000000000
118,7.8750000000,right_hand,8,0.4213854671,0.8398550749,-0.0832997784,1.0000000000
119,7.9420000000,right_hand,8,0.4182259440,0.8343114853,-0.0703638047,1.0000000000
120,8.0080000000,right_hand,8,0.4210433364,0.8304480314,-0.0673311800,1.0000000000
121,8.0750000000,right_hand,8,0.4307261109,0.8234056830,-0.0707893893,1.0000000000
122,8.1420000000,right_hand,8,0.4330846667,0.8276166916,-0.0725208074,1.0000000000
123,8.2090000000,right_hand,8,0.4109623134,0.8470251560,-0.0787078962,1.0000000000
124,8.2750000000,right_hand,8,0.4204194844,0.8376883268,-0.0762495548,1.0000000000
125,8.3420000000,right_hand,8,0.4240784049,0.8277629614,-0.0684322193,1.0000000000
126,8.4090000000,right_hand,8,0.4236799479,0.8245288730,-0.0661693215,1.0000000000
127,8.4760000000,right_hand,8,0.4334727526,0.8250368237,-0.0667737424,1.0000000000
128,8.5420000000,right_hand,8,0.4410088062,0.8202123642,-0.0867538229,1.0000000000
129,8.6090000000,right_hand,8,0.4450356066,0.8176103234,-0.0696208477,1.0000000000
130,8.6760000000,right_hand,8,0.4451197684,0.8168545365,-0.0687229484,1.0000000000
131,8.7430000000,right_hand,8,0.4428841770,0.8254050612,-0.0688207299,1.0000000000
132,8.8090000000,right_hand,8,0.4362431169,0.8276847601,-0.0607877225,1.0000000000
133,8.8760000000,right_hand,8,0.4443914890,0.8249237537,-0.0778775439,1.0000000000
134,8.9430000000,right_hand,8,0.4439601600,0.8249533176,-0.0714995638,1.0000000000
135,9.0100000000,right_hand,8,0.4482505322,0.8226401210,-0.0608255230,1.0000000000
136,9.0760000000,right_hand,8,0.4482082725,0.8182510734,-0.0562870279,1.0000000000
137,9.1430000000,right_hand,8,0.4502287507,0.8197256327,-0.0538555868,1.0000000000
138,9.2100000000,right_hand,8,0.4498315454,0.8192622662,-0.0597496070,1.0000000000
139,9.2770000000,right_hand,8,0.4495241046,0.8207440376,-0.0690769851,1.0000000000
140,9.3430000000,right_hand,8,0.4487871230,0.8170160055,-0.0531135276,1.0000000000
141,9.4100000000,right_hand,8,0.4417323470,0.8217194080,-0.0624086857,1.0000000000
142,9.4770000000,right_hand,8,0.4493145347,0.8181079626,-0.0734215081,1.0000000000
143,9.5430000000,right_hand,8,0.4471632242,0.8188549876,-0.0659912527,1.0000000000
144,9.6100000000,right_hand,8,0.4483427107,0.8186300993,-0.0646109283,1.0000000000
145,9.6770000000,right_hand,8,0.4459686577,0.8180228472,-0.0670191944,1.0000000000
146,9.7440000000,right_hand,8,0.4458718300,0.8150269985,-0.0549697280,1.0000000000
147,9.8100000000,right_hand,8,0.4453321397,0.8216983080,-0.0683841705,1.0000000000
148,9.8770000000,right_hand,8,0.4316895902,0.8284916282,-0.0527857356,1.0000000000
149,9.9440000000,right_hand,8,0.4401000142,0.8215438128,-0.0639684945,1.0000000000
150,10.0110000000,right_hand,8,0.4178547263,0.8393517733,-0.0640662014,1.0000000000
151,10.0770000000,right_hand,8,0.4415442944,0.8229959011,-0.0695760101,1.0000000000
152,10.1440000000,right_hand,8,0.4265162945,0.8331468105,-0.0563967191,1.0000000000
153,10.2110000000,right_hand,8,0.4415012896,0.8250259757,-0.0734030232,1.0000000000
154,10.2780000000,right_hand,8,0.4399133325,0.8259613514,-0.0790325850,1.0000000000
155,10.3440000000,right_hand,8,0.4411284029,0.8218065500,-0.0667911842,1.0000000000
156,10.4110000000,right_hand,8,0.4387941957,0.8187159896,-0.0589565746,1.0000000000
157,10.4780000000,right_hand,8,0.4372771680,0.8200039864,-0.0654211938,1.0000000000
158,10.5450000000,right_hand,8,0.4358205795,0.8248096108,-0.0724039599,1.0000000000
159,10.6110000000,right_hand,8,0.4367020726,0.8276000619,-0.0909122378,1.0000000000
160,10.6780000000,right_hand,8,0.4329146445,0.8288615346,-0.0813178942,1.0000000000
161,10.7450000000,right_hand,8,0.4337617457,0.8271783590,-0.0909965038,1.0000000000
162,10.8110000000,right_hand,8,0.4276117086,0.8321317434,-0.0733722225,1.0000000000
163,10.8780000000,right_hand,8,0.4247345924,0.8359616995,-0.0623137802,1.0000000000
164,10.9450000000,right_hand,8,0.4199807942,0.8393292427,-0.0756765455,1.0000000000
165,11.0120000000,right_hand,8,0.4015154541,0.8553596735,-0.0825495943,1.0000000000
166,11.0780000000,right_hand,8,0.4216717482,0.8374319673,-0.0783864707,1.0000000000
167,11.1450000000,right_hand,8,0.4184980392,0.8444785476,-0.0831280425,1.0000000000
168,11.2120000000,right_hand,8,0.4178934693,0.8452044725,-0.0843282491,1.0000000000
169,11.2790000000,right_hand,8,0.4224016070,0.8425581455,-0.0779714435,1.0000000000
170,11.3450000000,right_hand,8,0.4283675551,0.8391339183,-0.0801846385,1.0000000000
171,11.4120000000,right_hand,8,0.4325627089,0.8282123208,-0.0707153603,1.0000000000
172,11.4790000000,right_hand,8,0.4328720272,0.8329032660,-0.0902120396,1.0000000000
173,11.5460000000,right_hand,8,0.4301877916,0.8351655006,-0.0703980252,1.0000000000
174,11.6120000000,right_hand,8,0.4318245649,0.8326668739,-0.0746402666,1.0000000000
175,11.6790000000,right_hand,8,0.4323257804,0.8343861103,-0.0646911114,1.0000000000
176,11.7460000000,right_hand,8,0.4348169565,0.8346232176,-0.0778554529,1.0000000000
177,11.8130000000,right_hand,8,0.4183895588,0.8537508249,-0.0676370785,1.0000000000
178,11.8790000000,right_hand,8,0.4386321902,0.8275450468,-0.0699772760,1.0000000000
179,11.9460000000,right_hand,8,0.4418983459,0.8182663321,-0.0655626431,1.0000000000
75,5.0050000000,right_hand,9,0.3716811836,0.6871183515,-0.0439669117,1.0000000000
76,5.0720000000,right_hand,9,0.3717437983,0.6799182892,-0.0483715422,1.0000000000
77,5.1390000000,right_hand,9,0.3712155223,0.6855219007,-0.0480792597,1.0000000000
78,5.2060000000,right_hand,9,0.3707451224,0.6837626696,-0.0368265212,1.0000000000
79,5.2720000000,right_hand,9,0.5162261128,0.5723828673,-0.0232155286,1.0000000000
80,5.3390000000,right_hand,9,0.5203725100,0.5867621303,-0.0262692738,1.0000000000
81,5.4060000000,right_hand,9,0.5218752623,0.6090987921,-0.0064612660,1.0000000000
82,5.4720000000,right_hand,9,0.3752458990,0.6891664267,-0.0393392108,1.0000000000
83,5.5390000000,right_hand,9,0.3689967096,0.6885737181,-0.0520204194,1.0000000000
84,5.6060000000,right_hand,9,0.3710044622,0.6853918433,-0.0524717681,1.0000000000
85,5.6730000000,right_hand,9,0.3704340756,0.6903282404,-0.0471199416,1.0000000000
86,5.7390000000,right_hand,9,0.3716845214,0.6888926625,-0.0443567038,1.0000000000
87,5.8060000000,right_hand,9,0.3733236194,0.6873200536,-0.0390280113,1.0000000000
88,5.8730000000,right_hand,9,0.3665700853,0.6970117092,-0.0519101657,1.0000000000
89,5.9400000000,right_hand,9,0.3681943119,0.6943763494,-0.0586082079,1.0000000000
90,6.0060000000,right_hand,9,0.3701852858,0.6821377277,-0.0542067774,1.0000000000
91,6.0730000000,right_hand,9,0.3726863861,0.6894971728,-0.0492808521,1.0000000000
92,6.1400000000,right_hand,9,0.3719912171,0.6864506006,-0.0467177927,1.0000000000
93,6.2070000000,right_hand,9,0.3738974929,0.6892179847,-0.0548002124,1.0000000000
94,6.2730000000,right_hand,9,0.3732309937,0.7015050054,-0.0485026613,1.0000000000
95,6.3400000000,right_hand,9,0.3690542281,0.7188894749,-0.0475807860,1.0000000000
96,6.4070000000,right_hand,9,0.3736350834,0.6924890280,-0.0559018962,1.0000000000
97,6.4740000000,right_hand,9,0.3743476868,0.6897557378,-0.0545655489,1.0000000000
98,6.5400000000,right_hand,9,0.3713746071,0.6871913671,-0.0487962216,1.0000000000
99,6.6070000000,right_hand,9,0.3709885478,0.6903667450,-0.0518265702,1.0000000000
100,6.6740000000,right_hand,9,0.3703337312,0.6933211684,-0.0546044298,1.0000000000
101,6.7400000000,right_hand,9,0.3714604974,0.6912458539,-0.0551104993,1.0000000000
102,6.8070000000,right_hand,9,0.3704569340,0.6906124353,-0.0634324700,1.0000000000
103,6.8740000000,right_hand,9,0.3687991500,0.6988708973,-0.0513336658,1.0000000000
104,6.9410000000,right_hand,9,0.3693270385,0.6923630238,-0.0527261756,1.0000000000
105,7.0070000000,right_hand,9,0.3697489202,0.6922036409,-0.0477089211,1.0000000000
106,7.0740000000,right_hand,9,0.3696037233,0.6986206770,-0.0538895093,1.0000000000
107,7.1410000000,right_hand,9,0.3692270517,0.6894830465,-0.0535869189,1.0000000000
108,7.2080000000,right_hand,9,0.3677188456,0.7001548409,-0.0574789643,1.0000000000
109,7.2740000000,right_hand,9,0.3705406189,0.6891257167,-0.0447275341,1.0000000000
110,7.3410000000,right_hand,9,0.3711582422,0.6881754398,-0.0500110202,1.0000000000
111,7.4080000000,right_hand,9,0.3700260222,0.6902168989,-0.0379397906,1.0000000000
112,7.4750000000,right_hand,9,0.3740078509,0.6908550858,-0.0411453620,1.0000000000
113,7.5410000000,right_hand,9,0.3747965693,0.6905342340,-0.0399151146,1.0000000000
114,7.6080000000,right_hand,9,0.3743278980,0.6886165142,-0.0444209240,1.0000000000
115,7.6750000000,right_hand,9,0.3728988171,0.6866928935,-0.0502700917,1.0000000000
116,7.7420000000,right_hand,9,0.3749599159,0.6876127720,-0.0484793559,1.0000000000
117,7.8080000000,right_hand,9,0.3741373718,0.6878590584,-0.0428778417,1.0000000000
118,7.8750000000,right_hand,9,0.3723098636,0.6924771667,-0.0480228476,1.0000000000
119,7.9420000000,right_hand,9,0.3688581586,0.6995616555,-0.0454231463,1.0000000000
120,8.0080000000,right_hand,9,0.3668193817,0.7017626166,-0.0502576120,1.0000000000
121,8.0750000000,right_hand,9,0.3742828369,0.6936735511,-0.0515737720,1.0000000000
122,8.1420000000,right_hand,9,0.3701198697,0.6957636476,-0.0496479608,1.0000000000
123,8.2090000000,right_hand,9,0.3717669249,0.6929499507,-0.0491070636,1.0000000000
124,8.2750000000,right_hand,9,0.3714111745,0.6997064352,-0.0574615411,1.0000000000
125,8.3420000000,right_hand,9,0.3741092086,0.6979643703,-0.0461991653,1.0000000000
126,8.4090000000,right_hand,9,0.3690859675,0.7051880956,-0.0492388904,1.0000000000
127,8.4760000000,right_hand,9,0.3702307343,0.7073575258,-0.0493954569,1.0000000000
128,8.5420000000,right_hand,9,0.3769688010,0.7022398710,-0.0667684078,1.0000000000
129,8.6090000000,right_hand,9,0.3784391284,0.6906481385,-0.0486191846,1.0000000000
130,8.6760000000,right_hand,9,0.3824003339,0.6894078255,-0.0448411927,1.0000000000
131,8.7430000000,right_hand,9,0.3800592422,0.6915190220,-0.0435248613,1.0000000000
132,8.8090000000,right_hand,9,0.3812184334,0.6906194091,-0.0425958075,1.0000000000
133,8.8760000000,right_hand,9,0.3801000714,0.6896256804,-0.0493237637,1.0000000000
134,8.9430000000,right_hand,9,0.3818805516,0.6984048486,-0.0558125265,1.0000000000
135,9.0100000000,right_hand,9,0.3845775723,0.6878008842,-0.0458296798,1.0000000000
136,9.0760000000,right_hand,9,0.3865834475,0.6896982193,-0.0380267575,1.0000000000
137,9.1430000000,right_hand,9,0.3867082298,0.6900471449,-0.0390634239,1.0000000000
138,9.2100000000,right_hand,9,0.3859966099,0.6925057173,-0.0420320183,1.0000000000
139,9.2770000000,right_hand,9,0.3845202625,0.6933948994,-0.0481443889,1.0000000000
140,9.3430000000,right_hand,9,0.3861519098,0.6931759119,-0.0384035595,1.0000000000
141,9.4100000000,right_hand,9,0.3828481138,0.6896244884,-0.0462936014,1.0000000000
142,9.4770000000,right_hand,9,0.3815566599,0.6920235753,-0.0506648719,1.0000000000
143,9.5430000000,right_hand,9,0.3835856318,0.6961387992,-0.0468197502,1.0000000000
144,9.6100000000,right_hand,9,0.3847362995,0.6945524812,-0.0439114720,1.0000000000
145,9.6770000000,right_hand,9,0.3813953698,0.6941823363,-0.0441563018,1.0000000000
146,9.7440000000,right_hand,9,0.3827933669,0.6923620105,-0.0433253720,1.0000000000
147,9.8100000000,right_hand,9,0.3810446858,0.6883425713,-0.0450968668,1.0000000000
148,9.8770000000,right_hand,9,0.3790494800,0.6953515410,-0.0484338291,1.0000000000
149,9.9440000000,right_hand,9,0.3822578788,0.6861907244,-0.0428532735,1.0000000000
150,10.0110000000,right_hand,9,0.3797717094,0.6905497909,-0.0422357433,1.0000000000
151,10.0770000000,right_hand,9,0.3827813566,0.6882336140,-0.0435116552,1.0000000000
152,10.1440000000,right_hand,9,0.3784519136,0.6891085505,-0.0467045158,1.0000000000
153,10.2110000000,right_hand,9,0.3787331283,0.6886488795,-0.0492664799,1.0000000000
154,10.2780000000,right_hand,9,0.3765028119,0.6914709806,-0.0543701164,1.0000000000
155,10.3440000000,right_hand,9,0.3774868250,0.6918495297,-0.0463758111,1.0000000000
156,10.4110000000,right_hand,9,0.3757645190,0.6897245049,-0.0399346612,1.0000000000
157,10.4780000000,right_hand,9,0.3762638569,0.6896020174,-0.0448102206,1.0000000000
158,10.5450000000,right_hand,9,0.3728787005,0.6904007196,-0.0498949513,1.0000000000
159,10.6110000000,right_hand,9,0.3711658120,0.6963776946,-0.0623013750,1.0000000000
160,10.6780000000,right_hand,9,0.3700918555,0.6921138763,-0.0554462560,1.0000000000
161,10.7450000000,right_hand,9,0.3701446950,0.6944643855,-0.0601053052,1.0000000000
162,10.8110000000,right_hand,9,0.3699439466,0.6905470490,-0.0521742702,1.0000000000
163,10.8780000000,right_hand,9,0.3699421585,0.6902635694,-0.0395099297,1.0000000000
164,10.9450000000,right_hand,9,0.3674974442,0.6980688572,-0.0496218316,1.0000000000
165,11.0120000000,right_hand,9,0.3691486716,0.6915802956,-0.0498305336,1.0000000000
166,11.0780000000,right_hand,9,0.3665756881,0.6951897144,-0.0545937046,1.0000000000
167,11.1450000000,right_hand,9,0.3673579991,0.6957144737,-0.0572742783,1.0000000000
168,11.2120000000,right_hand,9,0.3657735288,0.7048789263,-0.0547545850,1.0000000000
169,11.2790000000,right_hand,9,0.3740364909,0.6977410913,-0.0523850992,1.0000000000
170,11.3450000000,right_hand,9,0.3736727238,0.6922538280,-0.0475816205,1.0000000000
171,11.4120000000,right_hand,9,0.3749525547,0.6845012307,-0.0436973758,1.0000000000
172,11.4790000000,right_hand,9,0.3726231754,0.6888450384,-0.0582092218,1.0000000000
173,11.5460000000,right_hand,9,0.3728584647,0.6885641217,-0.0404601544,1.0000000000
174,11.6120000000,right_hand,9,0.3751489520,0.6897910237,-0.0475297421,1.0000000000
175,11.6790000000,right_hand,9,0.3744060099,0.6844120622,-0.0400784872,1.0000000000
176,11.7460000000,right_hand,9,0.3752357066,0.6874100566,-0.0473908260,1.0000000000
177,11.8130000000,right_hand,9,0.3826374412,0.6893122792,-0.0337495133,1.0000000000
178,11.8790000000,right_hand,9,0.3810279965,0.6902100444,-0.0426575243,1.0000000000
179,11.9460000000,right_hand,9,0.3785570562,0.6921685338,-0.0420258977,1.0000000000
75,5.0050000000,right_hand,10,0.4002656937,0.7593637705,-0.0610270388,1.0000000000
76,5.0720000000,right_hand,10,0.3995382488,0.7591595650,-0.0688655153,1.0000000000
77,5.1390000000,right_hand,10,0.4002885818,0.7614488006,-0.0692564845,1.0000000000
78,5.2060000000,right_hand,10,0.3983040452,0.7603452206,-0.0513592474,1.0000000000
79,5.2720000000,right_hand,10,0.5235383511,0.6115366220,-0.0332400128,1.0000000000
80,5.3390000000,right_hand,10,0.5261151195,0.6242175698,-0.0342589915,1.0000000000
81,5.4060000000,right_hand,10,0.5261974335,0.6354877949,-0.0099503938,1.0000000000
82,5.4720000000,right_hand,10,0.4014267921,0.7639014721,-0.0564887524,1.0000000000
83,5.5390000000,right_hand,10,0.3980564177,0.7622115016,-0.0746253431,1.0000000000
84,5.6060000000,right_hand,10,0.4015226066,0.7614889741,-0.0732764378,1.0000000000
85,5.6730000000,right_hand,10,0.4000844359,0.7637283802,-0.0688834786,1.0000000000
86,5.7390000000,right_hand,10,0.4011220336,0.7632863522,-0.0650995746,1.0000000000
87,5.8060000000,right_hand,10,0.3995782137,0.7610468268,-0.0553530790,1.0000000000
88,5.8730000000,right_hand,10,0.3953817487,0.7658009529,-0.0718688816,1.0000000000
89,5.9400000000,right_hand,10,0.3953374624,0.7622587085,-0.0845764205,1.0000000000
90,6.0060000000,right_hand,10,0.3971495032,0.7588609457,-0.0745144561,1.0000000000
91,6.0730000000,right_hand,10,0.4019393027,0.7639074922,-0.0697655603,1.0000000000
92,6.1400000000,right_hand,10,0.4010375440,0.7634077668,-0.0648635328,1.0000000000
93,6.2070000000,right_hand,10,0.4030828178,0.7620374560,-0.0788465142,1.0000000000
94,6.2730000000,right_hand,10,0.4001617730,0.7651334405,-0.0722200051,1.0000000000
95,6.3400000000,right_hand,10,0.3986266851,0.7702171206,-0.0725714415,1.0000000000
96,6.4070000000,right_hand,10,0.4003908634,0.7617142200,-0.0813019499,1.0000000000
97,6.4740000000,right_hand,10,0.4018068314,0.7623990178,-0.0753486529,1.0000000000
98,6.5400000000,right_hand,10,0.3998251557,0.7586939335,-0.0696345344,1.0000000000
99,6.6070000000,right_hand,10,0.3981293440,0.7612178326,-0.0737706199,1.0000000000
100,6.6740000000,right_hand,10,0.3981726766,0.7629751563,-0.0782124251,1.0000000000
101,6.7400000000,right_hand,10,0.3991617262,0.7631381154,-0.0783563778,1.0000000000
102,6.8070000000,right_hand,10,0.3984989822,0.7627645731,-0.0868216679,1.0000000000
103,6.8740000000,right_hand,10,0.3990617692,0.7671225071,-0.0733530149,1.0000000000
104,6.9410000000,right_hand,10,0.3971603513,0.7620275617,-0.0753414556,1.0000000000
105,7.0070000000,right_hand,10,0.3990645707,0.7651337981,-0.0665596649,1.0000000000
106,7.0740000000,right_hand,10,0.3984716833,0.7674942613,-0.0748631060,1.0000000000
107,7.1410000000,right_hand,10,0.3984189928,0.7647901773,-0.0741520002,1.0000000000
108,7.2080000000,right_hand,10,0.3960129917,0.7651547194,-0.0833916888,1.0000000000
109,7.2740000000,right_hand,10,0.3989458680,0.7657465339,-0.0616460294,1.0000000000
110,7.3410000000,right_hand,10,0.4007199705,0.7650723457,-0.0689289421,1.0000000000
111,7.4080000000,right_hand,10,0.4014778733,0.7655078173,-0.0524436943,1.0000000000
112,7.4750000000,right_hand,10,0.4005415738,0.7702389359,-0.0582777634,1.0000000000
113,7.5410000000,right_hand,10,0.4003272355,0.7696337104,-0.0563596375,1.0000000000
114,7.6080000000,right_hand,10,0.4017012119,0.7692435980,-0.0631709322,1.0000000000
115,7.6750000000,right_hand,10,0.4018352926,0.7640348077,-0.0721965879,1.0000000000
116,7.7420000000,right_hand,10,0.4012625217,0.7669932842,-0.0701624677,1.0000000000
117,7.8080000000,right_hand,10,0.4015263319,0.7643921971,-0.0631518215,1.0000000000
118,7.8750000000,right_hand,10,0.4012597501,0.7662978172,-0.0710635334,1.0000000000
119,7.9420000000,right_hand,10,0.3980300725,0.7700114250,-0.0667606816,1.0000000000
120,8.0080000000,right_hand,10,0.3963303268,0.7699590325,-0.0731751472,1.0000000000
121,8.0750000000,right_hand,10,0.4019671082,0.7652124166,-0.0733283386,1.0000000000
122,8.1420000000,right_hand,10,0.3998631537,0.7698358297,-0.0694602430,1.0000000000
123,8.2090000000,right_hand,10,0.4034870565,0.7669698000,-0.0696238577,1.0000000000
124,8.2750000000,right_hand,10,0.4011197090,0.7692868710,-0.0820829570,1.0000000000
125,8.3420000000,right_hand,10,0.4019644260,0.7692644000,-0.0665512756,1.0000000000
126,8.4090000000,right_hand,10,0.3984573483,0.7718380690,-0.0703128725,1.0000000000
127,8.4760000000,right_hand,10,0.4008699954,0.7702434063,-0.0723698214,1.0000000000
128,8.5420000000,right_hand,10,0.4044078887,0.7650527954,-0.0964171439,1.0000000000
129,8.6090000000,right_hand,10,0.4071077406,0.7653236389,-0.0681304932,1.0000000000
130,8.6760000000,right_hand,10,0.4087005556,0.7638884783,-0.0648660734,1.0000000000
131,8.7430000000,right_hand,10,0.4084330797,0.7660461068,-0.0642087311,1.0000000000
132,8.8090000000,right_hand,10,0.4113564491,0.7673612833,-0.0592654720,1.0000000000
133,8.8760000000,right_hand,10,0.4088573158,0.7655463219,-0.0708669573,1.0000000000
134,8.9430000000,right_hand,10,0.4109050632,0.7690405250,-0.0788225010,1.0000000000
135,9.0100000000,right_hand,10,0.4140228927,0.7659248114,-0.0639897436,1.0000000000
136,9.0760000000,right_hand,10,0.4171845615,0.7657906413,-0.0541317239,1.0000000000
137,9.1430000000,right_hand,10,0.4174780846,0.7663402557,-0.0545404032,1.0000000000
138,9.2100000000,right_hand,10,0.4159381390,0.7684724927,-0.0591329820,1.0000000000
139,9.2770000000,right_hand,10,0.4141285121,0.7665140033,-0.0677662566,1.0000000000
140,9.3430000000,right_hand,10,0.4157769978,0.7684876919,-0.0525714122,1.0000000000
141,9.4100000000,right_hand,10,0.4129338562,0.7667735815,-0.0632909238,1.0000000000
142,9.4770000000,right_hand,10,0.4122190773,0.7629485726,-0.0722307488,1.0000000000
143,9.5430000000,right_hand,10,0.4127594233,0.7665583491,-0.0669466406,1.0000000000
144,9.6100000000,right_hand,10,0.4153017998,0.7675091028,-0.0622886270,1.0000000000
145,9.6770000000,right_hand,10,0.4101807475,0.7662805319,-0.0630306825,1.0000000000
146,9.7440000000,right_hand,10,0.4112753272,0.7676734924,-0.0598465130,1.0000000000
147,9.8100000000,right_hand,10,0.4096146524,0.7668789029,-0.0640853271,1.0000000000
148,9.8770000000,right_hand,10,0.4102933109,0.7666592002,-0.0681077018,1.0000000000
149,9.9440000000,right_hand,10,0.4092396796,0.7667034268,-0.0608978309,1.0000000000
150,10.0110000000,right_hand,10,0.4094073772,0.7664406300,-0.0612666793,1.0000000000
151,10.0770000000,right_hand,10,0.4074753821,0.7673568726,-0.0628873631,1.0000000000
152,10.1440000000,right_hand,10,0.4084371328,0.7669491172,-0.0664742067,1.0000000000
153,10.2110000000,right_hand,10,0.4054296613,0.7669491172,-0.0705374852,1.0000000000
154,10.2780000000,right_hand,10,0.4048155546,0.7658401728,-0.0771610439,1.0000000000
155,10.3440000000,right_hand,10,0.4057542384,0.7689461708,-0.0648149550,1.0000000000
156,10.4110000000,right_hand,10,0.4045877457,0.7657440901,-0.0560413599,1.0000000000
157,10.4780000000,right_hand,10,0.4035165310,0.7671982050,-0.0627203509,1.0000000000
158,10.5450000000,right_hand,10,0.4024306834,0.7691050768,-0.0702904537,1.0000000000
159,10.6110000000,right_hand,10,0.3999328017,0.7709617615,-0.0889476016,1.0000000000
160,10.6780000000,right_hand,10,0.3989717364,0.7682615519,-0.0782455802,1.0000000000
161,10.7450000000,right_hand,10,0.3980683684,0.7690981030,-0.0850673690,1.0000000000
162,10.8110000000,right_hand,10,0.4009689987,0.7671027780,-0.0750524327,1.0000000000
163,10.8780000000,right_hand,10,0.3976290226,0.7703289390,-0.0557111874,1.0000000000
164,10.9450000000,right_hand,10,0.3959689438,0.7741951346,-0.0704606846,1.0000000000
165,11.0120000000,right_hand,10,0.3977377117,0.7679333687,-0.0694428235,1.0000000000
166,11.0780000000,right_hand,10,0.3955011368,0.7633440495,-0.0788504779,1.0000000000
167,11.1450000000,right_hand,10,0.3961738050,0.7705581784,-0.0830550790,1.0000000000
168,11.2120000000,right_hand,10,0.3927794099,0.7728186250,-0.0813343674,1.0000000000
169,11.2790000000,right_hand,10,0.4000366926,0.7688795328,-0.0769732147,1.0000000000
170,11.3450000000,right_hand,10,0.3992622495,0.7668222785,-0.0720736459,1.0000000000
171,11.4120000000,right_hand,10,0.3994509876,0.7650884986,-0.0649772659,1.0000000000
172,11.4790000000,right_hand,10,0.3988002241,0.7630470395,-0.0866192654,1.0000000000
173,11.5460000000,right_hand,10,0.3994120657,0.7659378052,-0.0606664605,1.0000000000
174,11.6120000000,right_hand,10,0.4001249671,0.7690736055,-0.0701759160,1.0000000000
175,11.6790000000,right_hand,10,0.4020872712,0.7664759755,-0.0580729283,1.0000000000
176,11.7460000000,right_hand,10,0.4008342326,0.7671535015,-0.0706446469,1.0000000000
177,11.8130000000,right_hand,10,0.4077803493,0.7674074173,-0.0494652689,1.0000000000
178,11.8790000000,right_hand,10,0.4062877595,0.7699631453,-0.0627842471,1.0000000000
179,11.9460000000,right_hand,10,0.4068261683,0.7679457664,-0.0597306751,1.0000000000
75,5.0050000000,right_hand,11,0.4146288335,0.8086478114,-0.0661204830,1.0000000000
76,5.0720000000,right_hand,11,0.4125801027,0.8103600740,-0.0754658058,1.0000000000
77,5.1390000000,right_hand,11,0.4128254056,0.8123890162,-0.0765338466,1.0000000000
78,5.2060000000,right_hand,11,0.4108066559,0.8091438413,-0.0561840385,1.0000000000
79,5.2720000000,right_hand,11,0.5269054770,0.6389420629,-0.0368409865,1.0000000000
80,5.3390000000,right_hand,11,0.5304114223,0.6484170556,-0.0366458856,1.0000000000
81,5.4060000000,right_hand,11,0.5290381312,0.6530960798,-0.0117962202,1.0000000000
82,5.4720000000,right_hand,11,0.4135151207,0.8118056655,-0.0626319721,1.0000000000
83,5.5390000000,right_hand,11,0.4127423167,0.8106253743,-0.0817005113,1.0000000000
84,5.6060000000,right_hand,11,0.4158340991,0.8109340668,-0.0795628577,1.0000000000
85,5.6730000000,right_hand,11,0.4136050045,0.8130617738,-0.0767214522,1.0000000000
86,5.7390000000,right_hand,11,0.4144122601,0.8127361536,-0.0725579336,1.0000000000
87,5.8060000000,right_hand,11,0.4094091654,0.8083192110,-0.0604555532,1.0000000000
88,5.8730000000,right_hand,11,0.4098972976,0.8123586178,-0.0762446597,1.0000000000
89,5.9400000000,right_hand,11,0.4109529257,0.8104101419,-0.0950784311,1.0000000000
90,6.0060000000,right_hand,11,0.4126199782,0.8097640872,-0.0804827958,1.0000000000
91,6.0730000000,right_hand,11,0.4160969853,0.8137197495,-0.0769752190,1.0000000000
92,6.1400000000,right_hand,11,0.4165777862,0.8138937354,-0.0700701475,1.0000000000
93,6.2070000000,right_hand,11,0.4186414182,0.8130489588,-0.0873757750,1.0000000000
94,6.2730000000,right_hand,11,0.4144741893,0.8130136132,-0.0808378235,1.0000000000
95,6.3400000000,right_hand,11,0.4145452976,0.8124807477,-0.0821750313,1.0000000000
96,6.4070000000,right_hand,11,0.4146170318,0.8117238879,-0.0906677619,1.0000000000
97,6.4740000000,right_hand,11,0.4174226522,0.8099716306,-0.0807265639,1.0000000000
98,6.5400000000,right_hand,11,0.4160962999,0.8073022962,-0.0771075860,1.0000000000
99,6.6070000000,right_hand,11,0.4138654768,0.8082869649,-0.0818093866,1.0000000000
100,6.6740000000,right_hand,11,0.4136533737,0.8103207350,-0.0858469605,1.0000000000
101,6.7400000000,right_hand,11,0.4145810008,0.8102912307,-0.0860949010,1.0000000000
102,6.8070000000,right_hand,11,0.4130992889,0.8102254868,-0.0912050679,1.0000000000
103,6.8740000000,right_hand,11,0.4143508673,0.8137204647,-0.0791930854,1.0000000000
104,6.9410000000,right_hand,11,0.4128794372,0.8102753162,-0.0838382617,1.0000000000
105,7.0070000000,right_hand,11,0.4131214619,0.8126286864,-0.0719389170,1.0000000000
106,7.0740000000,right_hand,11,0.4129207730,0.8135789633,-0.0800804272,1.0000000000
107,7.1410000000,right_hand,11,0.4137075841,0.8131207824,-0.0792737752,1.0000000000
108,7.2080000000,right_hand,11,0.4112004042,0.8117503524,-0.0919725001,1.0000000000
109,7.2740000000,right_hand,11,0.4121856689,0.8130860329,-0.0661314204,1.0000000000
110,7.3410000000,right_hand,11,0.4139560163,0.8153414726,-0.0739506260,1.0000000000
111,7.4080000000,right_hand,11,0.4138449728,0.8119394183,-0.0558833629,1.0000000000
112,7.4750000000,right_hand,11,0.4126231372,0.8188244104,-0.0646199957,1.0000000000
113,7.5410000000,right_hand,11,0.4121476412,0.8176637888,-0.0625442117,1.0000000000
114,7.6080000000,right_hand,11,0.4136366248,0.8196679354,-0.0691092759,1.0000000000
115,7.6750000000,right_hand,11,0.4142705500,0.8146905303,-0.0795183778,1.0000000000
116,7.7420000000,right_hand,11,0.4137247801,0.8168423176,-0.0773821250,1.0000000000
117,7.8080000000,right_hand,11,0.4140077233,0.8151924610,-0.0715651438,1.0000000000
118,7.8750000000,right_hand,11,0.4151035249,0.8173686266,-0.0811257064,1.0000000000
119,7.9420000000,right_hand,11,0.4128590226,0.8181549311,-0.0751751885,1.0000000000
120,8.0080000000,right_hand,11,0.4101205766,0.8161782026,-0.0795248896,1.0000000000
121,8.0750000000,right_hand,11,0.4150699377,0.8142125010,-0.0806249902,1.0000000000
122,8.1420000000,right_hand,11,0.4148440957,0.8181043863,-0.0750812963,1.0000000000
123,8.2090000000,right_hand,11,0.4166748822,0.8162205815,-0.0757197291,1.0000000000
124,8.2750000000,right_hand,11,0.4160134792,0.8170646429,-0.0901869908,1.0000000000
125,8.3420000000,right_hand,11,0.4153878689,0.8168716431,-0.0736262798,1.0000000000
126,8.4090000000,right_hand,11,0.4134401679,0.8172533512,-0.0765099972,1.0000000000
127,8.4760000000,right_hand,11,0.4164709151,0.8158936501,-0.0804502890,1.0000000000
128,8.5420000000,right_hand,11,0.4198132157,0.8130753040,-0.1063109860,1.0000000000
129,8.6090000000,right_hand,11,0.4223451614,0.8126947284,-0.0742410868,1.0000000000
130,8.6760000000,right_hand,11,0.4222333133,0.8127296567,-0.0726027936,1.0000000000
131,8.7430000000,right_hand,11,0.4220900536,0.8154181242,-0.0716878101,1.0000000000
132,8.8090000000,right_hand,11,0.4242334366,0.8165178895,-0.0633641854,1.0000000000
133,8.8760000000,right_hand,11,0.4231501222,0.8166980743,-0.0795854703,1.0000000000
134,8.9430000000,right_hand,11,0.4253411293,0.8182866573,-0.0861764997,1.0000000000
135,9.0100000000,right_hand,11,0.4279828072,0.8161925673,-0.0690848455,1.0000000000
136,9.0760000000,right_hand,11,0.4305138290,0.8154456615,-0.0602414422,1.0000000000
137,9.1430000000,right_hand,11,0.4305742681,0.8149593472,-0.0594640821,1.0000000000
138,9.2100000000,right_hand,11,0.4306058884,0.8172798157,-0.0648519993,1.0000000000
139,9.2770000000,right_hand,11,0.4297514558,0.8153483868,-0.0735235885,1.0000000000
140,9.3430000000,right_hand,11,0.4299352765,0.8160485625,-0.0570246540,1.0000000000
141,9.4100000000,right_hand,11,0.4276216030,0.8144178987,-0.0675521046,1.0000000000
142,9.4770000000,right_hand,11,0.4273930788,0.8131603599,-0.0796925575,1.0000000000
143,9.5430000000,right_hand,11,0.4263280630,0.8148409724,-0.0738669038,1.0000000000
144,9.6100000000,right_hand,11,0.4295802712,0.8160250783,-0.0688042045,1.0000000000
145,9.6770000000,right_hand,11,0.4254682958,0.8147034049,-0.0697258860,1.0000000000
146,9.7440000000,right_hand,11,0.4241605997,0.8156676888,-0.0640949234,1.0000000000
147,9.8100000000,right_hand,11,0.4236360490,0.8175197244,-0.0709466413,1.0000000000
148,9.8770000000,right_hand,11,0.4263499975,0.8124459982,-0.0700143725,1.0000000000
149,9.9440000000,right_hand,11,0.4232112169,0.8166456223,-0.0675281733,1.0000000000
150,10.0110000000,right_hand,11,0.4245318770,0.8160735369,-0.0669580251,1.0000000000
151,10.0770000000,right_hand,11,0.4199323356,0.8182896972,-0.0707599893,1.0000000000
152,10.1440000000,right_hand,11,0.4234788418,0.8172142506,-0.0709668919,1.0000000000
153,10.2110000000,right_hand,11,0.4187183678,0.8192229271,-0.0784865767,1.0000000000
154,10.2780000000,right_hand,11,0.4193387628,0.8163428903,-0.0860133171,1.0000000000
155,10.3440000000,right_hand,11,0.4187874496,0.8184373379,-0.0710816607,1.0000000000
156,10.4110000000,right_hand,11,0.4185386002,0.8149905801,-0.0610863678,1.0000000000
157,10.4780000000,right_hand,11,0.4172093868,0.8154435158,-0.0689721629,1.0000000000
158,10.5450000000,right_hand,11,0.4161449969,0.8199372888,-0.0777179822,1.0000000000
159,10.6110000000,right_hand,11,0.4139615595,0.8198454380,-0.0988922566,1.0000000000
160,10.6780000000,right_hand,11,0.4130491614,0.8190908432,-0.0865512863,1.0000000000
161,10.7450000000,right_hand,11,0.4122245014,0.8176499605,-0.0941964686,1.0000000000
162,10.8110000000,right_hand,11,0.4154254198,0.8174841404,-0.0825849846,1.0000000000
163,10.8780000000,right_hand,11,0.4105901718,0.8192140460,-0.0611620061,1.0000000000
164,10.9450000000,right_hand,11,0.4096526504,0.8224856257,-0.0788172334,1.0000000000
165,11.0120000000,right_hand,11,0.4107861519,0.8172342777,-0.0744647086,1.0000000000
166,11.0780000000,right_hand,11,0.4112178683,0.8133547902,-0.0884741917,1.0000000000
167,11.1450000000,right_hand,11,0.4108734429,0.8203985095,-0.0922280550,1.0000000000
168,11.2120000000,right_hand,11,0.4073737562,0.8225367069,-0.0928900540,1.0000000000
169,11.2790000000,right_hand,11,0.4139572680,0.8177303076,-0.0876202881,1.0000000000
170,11.3450000000,right_hand,11,0.4123848975,0.8191201091,-0.0840166435,1.0000000000
171,11.4120000000,right_hand,11,0.4132772684,0.8168809414,-0.0737605393,1.0000000000
172,11.4790000000,right_hand,11,0.4149833024,0.8151162267,-0.0999707580,1.0000000000
173,11.5460000000,right_hand,11,0.4136551321,0.8166280389,-0.0696103945,1.0000000000
174,11.6120000000,right_hand,11,0.4141309261,0.8199622631,-0.0797058120,1.0000000000
175,11.6790000000,right_hand,11,0.4167590141,0.8172046542,-0.0649785176,1.0000000000
176,11.7460000000,right_hand,11,0.4154421985,0.8188522458,-0.0811601207,1.0000000000
177,11.8130000000,right_hand,11,0.4204274416,0.8164644837,-0.0559198745,1.0000000000
178,11.8790000000,right_hand,11,0.4197470844,0.8213837147,-0.0718324110,1.0000000000
179,11.9460000000,right_hand,11,0.4211208522,0.8167572618,-0.0671220720,1.0000000000
75,5.0050000000,right_hand,12,0.4228916764,0.8447147608,-0.0700375438,1.0000000000
76,5.0720000000,right_hand,12,0.4202793241,0.8473657370,-0.0800665468,1.0000000000
77,5.1390000000,right_hand,12,0.4204095006,0.8486930132,-0.0817577392,1.0000000000
78,5.2060000000,right_hand,12,0.4183809459,0.8438373208,-0.0599578880,1.0000000000
79,5.2720000000,right_hand,12,0.5298341513,0.6604791880,-0.0399187393,1.0000000000
80,5.3390000000,right_hand,12,0.5345312357,0.6658068895,-0.0391983539,1.0000000000
81,5.4060000000,right_hand,12,0.5310155749,0.6664237976,-0.0131103480,1.0000000000
82,5.4720000000,right_hand,12,0.4207247794,0.8468288183,-0.0670391396,1.0000000000
83,5.5390000000,right_hand,12,0.4219892025,0.8454713225,-0.0863417685,1.0000000000
84,5.6060000000,right_hand,12,0.4246478975,0.8460950851,-0.0838553160,1.0000000000
85,5.6730000000,right_hand,12,0.4221440852,0.8479716778,-0.0818104446,1.0000000000
86,5.7390000000,right_hand,12,0.4230469465,0.8483452201,-0.0770530105,1.0000000000
87,5.8060000000,right_hand,12,0.4157595336,0.8436679244,-0.0634577274,1.0000000000
88,5.8730000000,right_hand,12,0.4185756147,0.8450844288,-0.0791956559,1.0000000000
89,5.9400000000,right_hand,12,0.4221529067,0.8439642191,-0.1026120186,1.0000000000
90,6.0060000000,right_hand,12,0.4231599867,0.8430742025,-0.0846585855,1.0000000000
91,6.0730000000,right_hand,12,0.4258064628,0.8492543697,-0.0820952132,1.0000000000
92,6.1400000000,right_hand,12,0.4260616004,0.8515900970,-0.0735030696,1.0000000000
93,6.2070000000,right_hand,12,0.4284540117,0.8496327400,-0.0930364504,1.0000000000
94,6.2730000000,right_hand,12,0.4238898158,0.8485843539,-0.0864706561,1.0000000000
95,6.3400000000,right_hand,12,0.4244650304,0.8455201387,-0.0885350183,1.0000000000
96,6.4070000000,right_hand,12,0.4230786264,0.8480449319,-0.0970184356,1.0000000000
97,6.4740000000,right_hand,12,0.4275438488,0.8419786692,-0.0843991339,1.0000000000
98,6.5400000000,right_hand,12,0.4266186357,0.8418696523,-0.0820278302,1.0000000000
99,6.6070000000,right_hand,12,0.4244458079,0.8423877954,-0.0873860791,1.0000000000
100,6.6740000000,right_hand,12,0.4238309264,0.8444381952,-0.0909060165,1.0000000000
101,6.7400000000,right_hand,12,0.4246032238,0.8440744281,-0.0915859044,1.0000000000
102,6.8070000000,right_hand,12,0.4224290848,0.8427675962,-0.0943019688,1.0000000000
103,6.8740000000,right_hand,12,0.4231937826,0.8475888968,-0.0827738345,1.0000000000
104,6.9410000000,right_hand,12,0.4226245880,0.8469049931,-0.0900005326,1.0000000000
105,7.0070000000,right_hand,12,0.4215722978,0.8462502360,-0.0756471902,1.0000000000
106,7.0740000000,right_hand,12,0.4209465981,0.8470857143,-0.0839919746,1.0000000000
107,7.1410000000,right_hand,12,0.4227847159,0.8468304276,-0.0827756599,1.0000000000
108,7.2080000000,right_hand,12,0.4214062989,0.8465975523,-0.0977948532,1.0000000000
109,7.2740000000,right_hand,12,0.4211552739,0.8465153575,-0.0692082942,1.0000000000
110,7.3410000000,right_hand,12,0.4214822948,0.8506748080,-0.0775490403,1.0000000000
111,7.4080000000,right_hand,12,0.4202086926,0.8461937904,-0.0579512976,1.0000000000
112,7.4750000000,right_hand,12,0.4201044738,0.8544944525,-0.0689428002,1.0000000000
113,7.5410000000,right_hand,12,0.4197410643,0.8522682190,-0.0669770390,1.0000000000
114,7.6080000000,right_hand,12,0.4203790724,0.8551272750,-0.0729861259,1.0000000000
115,7.6750000000,right_hand,12,0.4214719832,0.8508275747,-0.0842765346,1.0000000000
116,7.7420000000,right_hand,12,0.4214576483,0.8530274034,-0.0818820372,1.0000000000
117,7.8080000000,right_hand,12,0.4218899608,0.8526937962,-0.0774744004,1.0000000000
118,7.8750000000,right_hand,12,0.4235183597,0.8556775451,-0.0876086131,1.0000000000
119,7.9420000000,right_hand,12,0.4221887887,0.8542950153,-0.0807741880,1.0000000000
120,8.0080000000,right_hand,12,0.4180315435,0.8508745432,-0.0830621347,1.0000000000
121,8.0750000000,right_hand,12,0.4237613380,0.8492662311,-0.0854376331,1.0000000000
122,8.1420000000,right_hand,12,0.4243585169,0.8527259827,-0.0786168799,1.0000000000
123,8.2090000000,right_hand,12,0.4244688153,0.8525285721,-0.0792253092,1.0000000000
124,8.2750000000,right_hand,12,0.4253539741,0.8523156047,-0.0959328786,1.0000000000
125,8.3420000000,right_hand,12,0.4237181842,0.8523116708,-0.0780731216,1.0000000000
126,8.4090000000,right_hand,12,0.4225006104,0.8502084017,-0.0801457837,1.0000000000
127,8.4760000000,right_hand,12,0.4270560741,0.8503519297,-0.0857373402,1.0000000000
128,8.5420000000,right_hand,12,0.4291800261,0.8466386199,-0.1130686104,1.0000000000
129,8.6090000000,right_hand,12,0.4325852990,0.8453021646,-0.0785383806,1.0000000000
130,8.6760000000,right_hand,12,0.4313686788,0.8473765850,-0.0780191645,1.0000000000
131,8.7430000000,right_hand,12,0.4308775663,0.8512529135,-0.0763514861,1.0000000000
132,8.8090000000,right_hand,12,0.4311993420,0.8519964218,-0.0656867698,1.0000000000
133,8.8760000000,right_hand,12,0.4329361022,0.8539818525,-0.0854520723,1.0000000000
134,8.9430000000,right_hand,12,0.4340633452,0.8531297445,-0.0915110409,1.0000000000
135,9.0100000000,right_hand,12,0.4364398718,0.8510636687,-0.0724234581,1.0000000000
136,9.0760000000,right_hand,12,0.4386609495,0.8514871597,-0.0646288916,1.0000000000
137,9.1430000000,right_hand,12,0.4378810525,0.8510750532,-0.0629209056,1.0000000000
138,9.2100000000,right_hand,12,0.4397552907,0.8522154093,-0.0688813925,1.0000000000
139,9.2770000000,right_hand,12,0.4389473200,0.8509673476,-0.0775374696,1.0000000000
140,9.3430000000,right_hand,12,0.4387680888,0.8503230214,-0.0605994463,1.0000000000
141,9.4100000000,right_hand,12,0.4379367828,0.8475785255,-0.0702225268,1.0000000000
142,9.4770000000,right_hand,12,0.4365091324,0.8489447832,-0.0848029107,1.0000000000
143,9.5430000000,right_hand,12,0.4352218211,0.8502778411,-0.0788105801,1.0000000000
144,9.6100000000,right_hand,12,0.4384573102,0.8505644798,-0.0733781233,1.0000000000
145,9.6770000000,right_hand,12,0.4355733991,0.8501960039,-0.0744439512,1.0000000000
146,9.7440000000,right_hand,12,0.4317626357,0.8486351967,-0.0673053414,1.0000000000
147,9.8100000000,right_hand,12,0.4322791100,0.8538352251,-0.0757645294,1.0000000000
148,9.8770000000,right_hand,12,0.4353013039,0.8466054201,-0.0705391318,1.0000000000
149,9.9440000000,right_hand,12,0.4325276315,0.8518137932,-0.0716624781,1.0000000000
150,10.0110000000,right_hand,12,0.4333882928,0.8537740707,-0.0698687509,1.0000000000
151,10.0770000000,right_hand,12,0.4284394085,0.8549426794,-0.0760464668,1.0000000000
152,10.1440000000,right_hand,12,0.4318729043,0.8528763056,-0.0733458921,1.0000000000
153,10.2110000000,right_hand,12,0.4268536568,0.8558403254,-0.0838629454,1.0000000000
154,10.2780000000,right_hand,12,0.4294153750,0.8530284762,-0.0924756899,1.0000000000
155,10.3440000000,right_hand,12,0.4272994995,0.8534207344,-0.0756227151,1.0000000000
156,10.4110000000,right_hand,12,0.4274556041,0.8501952887,-0.0645851865,1.0000000000
157,10.4780000000,right_hand,12,0.4268505871,0.8502699137,-0.0734439120,1.0000000000
158,10.5450000000,right_hand,12,0.4251165986,0.8569617271,-0.0831520259,1.0000000000
159,10.6110000000,right_hand,12,0.4229718745,0.8549783230,-0.1063527092,1.0000000000
160,10.6780000000,right_hand,12,0.4218371809,0.8560752869,-0.0926916301,1.0000000000
161,10.7450000000,right_hand,12,0.4221322536,0.8540136218,-0.1007971466,1.0000000000
162,10.8110000000,right_hand,12,0.4236547351,0.8549649715,-0.0874091238,1.0000000000
163,10.8780000000,right_hand,12,0.4186227322,0.8563805819,-0.0647722855,1.0000000000
164,10.9450000000,right_hand,12,0.4181677103,0.8598237038,-0.0848800465,1.0000000000
165,11.0120000000,right_hand,12,0.4191626906,0.8538533449,-0.0772461593,1.0000000000
166,11.0780000000,right_hand,12,0.4209934771,0.8509654999,-0.0952083319,1.0000000000
167,11.1450000000,right_hand,12,0.4197713733,0.8574568033,-0.0980543941,1.0000000000
168,11.2120000000,right_hand,12,0.4163864851,0.8613755107,-0.1008486673,1.0000000000
169,11.2790000000,right_hand,12,0.4233669639,0.8560811281,-0.0949535966,1.0000000000
170,11.3450000000,right_hand,12,0.4215140343,0.8594065905,-0.0921440572,1.0000000000
171,11.4120000000,right_hand,12,0.4228366017,0.8558741212,-0.0791404545,1.0000000000
172,11.4790000000,right_hand,12,0.4267218709,0.8548862338,-0.1090420261,1.0000000000
173,11.5460000000,right_hand,12,0.4232187569,0.8557668328,-0.0751753300,1.0000000000
174,11.6120000000,right_hand,12,0.4233497083,0.8570548296,-0.0858436376,1.0000000000
175,11.6790000000,right_hand,12,0.4271292686,0.8548481464,-0.0692620128,1.0000000000
176,11.7460000000,right_hand,12,0.4253439307,0.8570120335,-0.0882128924,1.0000000000
177,11.8130000000,right_hand,12,0.4291573167,0.8533831239,-0.0599399693,1.0000000000
178,11.8790000000,right_hand,12,0.4289755225,0.8599970341,-0.0776256099,1.0000000000
179,11.9460000000,right_hand,12,0.4312775731,0.8532117605,-0.0720772371,1.0000000000
75,5.0050000000,right_hand,13,0.3520390987,0.7022802234,-0.0517141670,1.0000000000
76,5.0720000000,right_hand,13,0.3514826894,0.6928386092,-0.0565445907,1.0000000000
77,5.1390000000,right_hand,13,0.3511274457,0.7017456889,-0.0581582189,1.0000000000
78,5.2060000000,right_hand,13,0.3515852690,0.6982294917,-0.0421422943,1.0000000000
79,5.2720000000,right_hand,13,0.5136392713,0.5759586692,-0.0252717342,1.0000000000
80,5.3390000000,right_hand,13,0.5126269460,0.5925841928,-0.0223355945,1.0000000000
81,5.4060000000,right_hand,13,0.5178238750,0.6112046838,-0.0053467476,1.0000000000
82,5.4720000000,right_hand,13,0.3557170630,0.7027925253,-0.0443205088,1.0000000000
83,5.5390000000,right_hand,13,0.3493176699,0.7014529109,-0.0599490292,1.0000000000
84,5.6060000000,right_hand,13,0.3509336114,0.6985940337,-0.0607520640,1.0000000000
85,5.6730000000,right_hand,13,0.3501876891,0.7028126121,-0.0557524487,1.0000000000
86,5.7390000000,right_hand,13,0.3541636467,0.7001847029,-0.0499938168,1.0000000000
87,5.8060000000,right_hand,13,0.3815008700,0.6728570461,-0.0350537784,1.0000000000
88,5.8730000000,right_hand,13,0.3489092886,0.7108551860,-0.0614354536,1.0000000000
89,5.9400000000,right_hand,13,0.3482586443,0.7084065676,-0.0674714223,1.0000000000
90,6.0060000000,right_hand,13,0.3494919538,0.6985891461,-0.0595654696,1.0000000000
91,6.0730000000,right_hand,13,0.3528354466,0.7012926936,-0.0558021069,1.0000000000
92,6.1400000000,right_hand,13,0.3592615724,0.6945292950,-0.0505792536,1.0000000000
93,6.2070000000,right_hand,13,0.3614596725,0.6941152215,-0.0644965768,1.0000000000
94,6.2730000000,right_hand,13,0.3555013835,0.7117321491,-0.0605529994,1.0000000000
95,6.3400000000,right_hand,13,0.3528482020,0.7275975943,-0.0631477013,1.0000000000
96,6.4070000000,right_hand,13,0.3531198800,0.7066372037,-0.0667865351,1.0000000000
97,6.4740000000,right_hand,13,0.3536798954,0.7031788230,-0.0631622896,1.0000000000
98,6.5400000000,right_hand,13,0.3511758745,0.7002081275,-0.0580435172,1.0000000000
99,6.6070000000,right_hand,13,0.3507727087,0.7036164999,-0.0595021807,1.0000000000
100,6.6740000000,right_hand,13,0.3499685526,0.7069049478,-0.0646033511,1.0000000000
101,6.7400000000,right_hand,13,0.3511134982,0.7048182487,-0.0659235716,1.0000000000
102,6.8070000000,right_hand,13,0.3495341241,0.7062265873,-0.0730753541,1.0000000000
103,6.8740000000,right_hand,13,0.3492504060,0.7129724026,-0.0642852560,1.0000000000
104,6.9410000000,right_hand,13,0.3486335278,0.7042180300,-0.0634523630,1.0000000000
105,7.0070000000,right_hand,13,0.3499172628,0.7060644627,-0.0563506894,1.0000000000
106,7.0740000000,right_hand,13,0.3492329419,0.7120097280,-0.0651288927,1.0000000000
107,7.1410000000,right_hand,13,0.3486195803,0.7015748024,-0.0628017187,1.0000000000
108,7.2080000000,right_hand,13,0.3475798965,0.7110481858,-0.0693073571,1.0000000000
109,7.2740000000,right_hand,13,0.3505418003,0.7020601630,-0.0515710600,1.0000000000
110,7.3410000000,right_hand,13,0.3509722352,0.7005581856,-0.0571951158,1.0000000000
111,7.4080000000,right_hand,13,0.3564132154,0.6974607706,-0.0435677543,1.0000000000
112,7.4750000000,right_hand,13,0.3574035764,0.7015774846,-0.0439783931,1.0000000000
113,7.5410000000,right_hand,13,0.3554234207,0.7008641958,-0.0437299050,1.0000000000
114,7.6080000000,right_hand,13,0.3539117873,0.6989224553,-0.0499780104,1.0000000000
115,7.6750000000,right_hand,13,0.3527407348,0.6981481910,-0.0574057847,1.0000000000
116,7.7420000000,right_hand,13,0.3547283113,0.6979693174,-0.0557567365,1.0000000000
117,7.8080000000,right_hand,13,0.3642935455,0.6847279668,-0.0481593534,1.0000000000
118,7.8750000000,right_hand,13,0.3611792922,0.6984861493,-0.0489996932,1.0000000000
119,7.9420000000,right_hand,13,0.3555924594,0.7074193954,-0.0530753620,1.0000000000
120,8.0080000000,right_hand,13,0.3511188626,0.7099931240,-0.0604392439,1.0000000000
121,8.0750000000,right_hand,13,0.3547581732,0.7059004307,-0.0602665097,1.0000000000
122,8.1420000000,right_hand,13,0.3515561819,0.7070318460,-0.0553199202,1.0000000000
123,8.2090000000,right_hand,13,0.3709807992,0.6849969029,-0.0538547002,1.0000000000
124,8.2750000000,right_hand,13,0.3567866981,0.7064630389,-0.0674532801,1.0000000000
125,8.3420000000,right_hand,13,0.3582909703,0.7099750042,-0.0523206741,1.0000000000
126,8.4090000000,right_hand,13,0.3527538478,0.7172778845,-0.0580470040,1.0000000000
127,8.4760000000,right_hand,13,0.3532244563,0.7176843882,-0.0613002554,1.0000000000
128,8.5420000000,right_hand,13,0.3561376631,0.7169544101,-0.0774556622,1.0000000000
129,8.6090000000,right_hand,13,0.3576700687,0.7035776973,-0.0568019785,1.0000000000
130,8.6760000000,right_hand,13,0.3609978259,0.7024297714,-0.0532864854,1.0000000000
131,8.7430000000,right_hand,13,0.3602387309,0.7040830851,-0.0516890958,1.0000000000
132,8.8090000000,right_hand,13,0.3671035767,0.6986864805,-0.0483463667,1.0000000000
133,8.8760000000,right_hand,13,0.3594945967,0.7019411922,-0.0554030091,1.0000000000
134,8.9430000000,right_hand,13,0.3614276946,0.7115809917,-0.0688229725,1.0000000000
135,9.0100000000,right_hand,13,0.3637673259,0.7006205320,-0.0544622131,1.0000000000
136,9.0760000000,right_hand,13,0.3677885234,0.7032281756,-0.0461010374,1.0000000000
137,9.1430000000,right_hand,13,0.3674889803,0.7034250498,-0.0479566716,1.0000000000
138,9.2100000000,right_hand,13,0.3657723963,0.7070951462,-0.0512346216,1.0000000000
139,9.2770000000,right_hand,13,0.3641400337,0.7069967985,-0.0581364594,1.0000000000
140,9.3430000000,right_hand,13,0.3665860295,0.7067046762,-0.0461831130,1.0000000000
141,9.4100000000,right_hand,13,0.3623269796,0.7036711574,-0.0530730151,1.0000000000
142,9.4770000000,right_hand,13,0.3612726033,0.7063905597,-0.0602934584,1.0000000000
143,9.5430000000,right_hand,13,0.3633915782,0.7076456547,-0.0579856075,1.0000000000
144,9.6100000000,right_hand,13,0.3648186326,0.7081800699,-0.0525743663,1.0000000000
145,9.6770000000,right_hand,13,0.3615590930,0.7086896896,-0.0516995788,1.0000000000
146,9.7440000000,right_hand,13,0.3625493944,0.7064159513,-0.0536930785,1.0000000000
147,9.8100000000,right_hand,13,0.3603448272,0.7029582262,-0.0523463786,1.0000000000
148,9.8770000000,right_hand,13,0.3647729158,0.7010288239,-0.0606981292,1.0000000000
149,9.9440000000,right_hand,13,0.3622222245,0.7009785175,-0.0501760878,1.0000000000
150,10.0110000000,right_hand,13,0.3753501773,0.6906260252,-0.0479207188,1.0000000000
151,10.0770000000,right_hand,13,0.3622502685,0.6998886466,-0.0498244837,1.0000000000
152,10.1440000000,right_hand,13,0.3634561300,0.6992416978,-0.0571797937,1.0000000000
153,10.2110000000,right_hand,13,0.3580087721,0.7028617263,-0.0591486357,1.0000000000
154,10.2780000000,right_hand,13,0.3548152149,0.7027965784,-0.0639402121,1.0000000000
155,10.3440000000,right_hand,13,0.3569103777,0.7039777637,-0.0538865812,1.0000000000
156,10.4110000000,right_hand,13,0.3555298448,0.7015761137,-0.0469811521,1.0000000000
157,10.4780000000,right_hand,13,0.3547305465,0.7001184821,-0.0519446060,1.0000000000
158,10.5450000000,right_hand,13,0.3521754742,0.7013593316,-0.0578980222,1.0000000000
159,10.6110000000,right_hand,13,0.3492305279,0.7044180036,-0.0728995949,1.0000000000
160,10.6780000000,right_hand,13,0.3487610221,0.7017030120,-0.0645738468,1.0000000000
161,10.7450000000,right_hand,13,0.3484786749,0.7047880292,-0.0684837997,1.0000000000
162,10.8110000000,right_hand,13,0.3524087071,0.6966969371,-0.0609979481,1.0000000000
163,10.8780000000,right_hand,13,0.3527849317,0.6940379739,-0.0431217737,1.0000000000
164,10.9450000000,right_hand,13,0.3508844078,0.7053897381,-0.0537849031,1.0000000000
165,11.0120000000,right_hand,13,0.3756466210,0.6769876480,-0.0507421754,1.0000000000
166,11.0780000000,right_hand,13,0.3469334543,0.7049277425,-0.0634720474,1.0000000000
167,11.1450000000,right_hand,13,0.3486184478,0.7013247609,-0.0662812814,1.0000000000
168,11.2120000000,right_hand,13,0.3484163582,0.7108106613,-0.0637036860,1.0000000000
169,11.2790000000,right_hand,13,0.3578834236,0.6995572448,-0.0613605082,1.0000000000
170,11.3450000000,right_hand,13,0.3580918014,0.6915080547,-0.0571855940,1.0000000000
171,11.4120000000,right_hand,13,0.3547085822,0.6926894784,-0.0509396456,1.0000000000
172,11.4790000000,right_hand,13,0.3511858284,0.6981838942,-0.0658205748,1.0000000000
173,11.5460000000,right_hand,13,0.3555133343,0.6932104230,-0.0465652496,1.0000000000
174,11.6120000000,right_hand,13,0.3550941050,0.6973485947,-0.0537067614,1.0000000000
175,11.6790000000,right_hand,13,0.3537484407,0.6927333474,-0.0466017388,1.0000000000
176,11.7460000000,right_hand,13,0.3542833030,0.6979900002,-0.0548945107,1.0000000000
177,11.8130000000,right_hand,13,0.3834411204,0.6797286272,-0.0322404131,1.0000000000
178,11.8790000000,right_hand,13,0.3618158996,0.6981725693,-0.0506118946,1.0000000000
179,11.9460000000,right_hand,13,0.3583079875,0.7040021420,-0.0483833589,1.0000000000
75,5.0050000000,right_hand,14,0.3804841936,0.7676919699,-0.0667166784,1.0000000000
76,5.0720000000,right_hand,14,0.3795104027,0.7641845345,-0.0734849796,1.0000000000
77,5.1390000000,right_hand,14,0.3806779385,0.7695098519,-0.0756373107,1.0000000000
78,5.2060000000,right_hand,14,0.3791096807,0.7676550746,-0.0547244884,1.0000000000
79,5.2720000000,right_hand,14,0.5173401833,0.6136961579,-0.0344180726,1.0000000000
80,5.3390000000,right_hand,14,0.5176271796,0.6268864870,-0.0295075346,1.0000000000
81,5.4060000000,right_hand,14,0.5214022398,0.6347694397,-0.0087074209,1.0000000000
82,5.4720000000,right_hand,14,0.3805141151,0.7696033716,-0.0590053834,1.0000000000
83,5.5390000000,right_hand,14,0.3778393567,0.7678551078,-0.0791658908,1.0000000000
84,5.6060000000,right_hand,14,0.3825804293,0.7669422626,-0.0781798288,1.0000000000
85,5.6730000000,right_hand,14,0.3798450530,0.7693980932,-0.0737183169,1.0000000000
86,5.7390000000,right_hand,14,0.3823081255,0.7668668032,-0.0670689940,1.0000000000
87,5.8060000000,right_hand,14,0.4099085629,0.7306032181,-0.0471638367,1.0000000000
88,5.8730000000,right_hand,14,0.3782595694,0.7734802365,-0.0768637657,1.0000000000
89,5.9400000000,right_hand,14,0.3756267428,0.7692771554,-0.0889081135,1.0000000000
90,6.0060000000,right_hand,14,0.3781642020,0.7665113211,-0.0765375122,1.0000000000
91,6.0730000000,right_hand,14,0.3806306422,0.7703099251,-0.0723195076,1.0000000000
92,6.1400000000,right_hand,14,0.3910109699,0.7613834739,-0.0641107857,1.0000000000
93,6.2070000000,right_hand,14,0.3953141570,0.7561730742,-0.0817856267,1.0000000000
94,6.2730000000,right_hand,14,0.3828101158,0.7685160637,-0.0790863410,1.0000000000
95,6.3400000000,right_hand,14,0.3821675181,0.7724277377,-0.0833995268,1.0000000000
96,6.4070000000,right_hand,14,0.3802328408,0.7686761022,-0.0872896984,1.0000000000
97,6.4740000000,right_hand,14,0.3824068010,0.7706942558,-0.0803110823,1.0000000000
98,6.5400000000,right_hand,14,0.3793361187,0.7665838599,-0.0757289976,1.0000000000
99,6.6070000000,right_hand,14,0.3764764667,0.7682253122,-0.0784546360,1.0000000000
100,6.6740000000,right_hand,14,0.3778681457,0.7701288462,-0.0846038535,1.0000000000
101,6.7400000000,right_hand,14,0.3789313436,0.7695474029,-0.0854935646,1.0000000000
102,6.8070000000,right_hand,14,0.3769625127,0.7696278095,-0.0923182741,1.0000000000
103,6.8740000000,right_hand,14,0.3783238530,0.7742586732,-0.0819570124,1.0000000000
104,6.9410000000,right_hand,14,0.3758524656,0.7682538033,-0.0831283629,1.0000000000
105,7.0070000000,right_hand,14,0.3790653944,0.7727630138,-0.0721054822,1.0000000000
106,7.0740000000,right_hand,14,0.3768608272,0.7736098766,-0.0834143013,1.0000000000
107,7.1410000000,right_hand,14,0.3772041500,0.7711467743,-0.0802530348,1.0000000000
108,7.2080000000,right_hand,14,0.3748343587,0.7696388364,-0.0909298733,1.0000000000
109,7.2740000000,right_hand,14,0.3799514174,0.7717233300,-0.0649896190,1.0000000000
110,7.3410000000,right_hand,14,0.3813005984,0.7702001929,-0.0726953447,1.0000000000
111,7.4080000000,right_hand,14,0.3881835639,0.7647981644,-0.0535386316,1.0000000000
112,7.4750000000,right_hand,14,0.3832553029,0.7746853828,-0.0579496995,1.0000000000
113,7.5410000000,right_hand,14,0.3806819916,0.7718531489,-0.0570432767,1.0000000000
114,7.6080000000,right_hand,14,0.3808560073,0.7725946903,-0.0655004531,1.0000000000
115,7.6750000000,right_hand,14,0.3807548583,0.7682347298,-0.0753067508,1.0000000000
116,7.7420000000,right_hand,14,0.3809946477,0.7716332674,-0.0738984868,1.0000000000
117,7.8080000000,right_hand,14,0.3904634714,0.7534971237,-0.0630048364,1.0000000000
118,7.8750000000,right_hand,14,0.3871309757,0.7676935196,-0.0664323941,1.0000000000
119,7.9420000000,right_hand,14,0.3845118582,0.7715892196,-0.0685415864,1.0000000000
120,8.0080000000,right_hand,14,0.3800154626,0.7725598216,-0.0781911239,1.0000000000
121,8.0750000000,right_hand,14,0.3838000298,0.7709358335,-0.0771419406,1.0000000000
122,8.1420000000,right_hand,14,0.3818787634,0.7738558650,-0.0712517574,1.0000000000
123,8.2090000000,right_hand,14,0.4068864584,0.7437440157,-0.0683531836,1.0000000000
124,8.2750000000,right_hand,14,0.3863210082,0.7693641186,-0.0863202438,1.0000000000
125,8.3420000000,right_hand,14,0.3868054748,0.7749396563,-0.0679726675,1.0000000000
126,8.4090000000,right_hand,14,0.3822902441,0.7775015235,-0.0741697028,1.0000000000
127,8.4760000000,right_hand,14,0.3815485537,0.7775834203,-0.0790480003,1.0000000000
128,8.5420000000,right_hand,14,0.3823928535,0.7728511691,-0.1011336893,1.0000000000
129,8.6090000000,right_hand,14,0.3864346743,0.7726221085,-0.0727615133,1.0000000000
130,8.6760000000,right_hand,14,0.3860578835,0.7702584863,-0.0700823665,1.0000000000
131,8.7430000000,right_hand,14,0.3866795599,0.7732424736,-0.0693761632,1.0000000000
132,8.8090000000,right_hand,14,0.3986445665,0.7649158835,-0.0602547973,1.0000000000
133,8.8760000000,right_hand,14,0.3881249726,0.7711566687,-0.0728925616,1.0000000000
134,8.9430000000,right_hand,14,0.3902990818,0.7745942473,-0.0872414634,1.0000000000
135,9.0100000000,right_hand,14,0.3930177987,0.7721249461,-0.0691244677,1.0000000000
136,9.0760000000,right_hand,14,0.3981340528,0.7711768746,-0.0594507195,1.0000000000
137,9.1430000000,right_hand,14,0.3990643620,0.7723481059,-0.0607678890,1.0000000000
138,9.2100000000,right_hand,14,0.3953325450,0.7753651142,-0.0659193173,1.0000000000
139,9.2770000000,right_hand,14,0.3928092122,0.7734045386,-0.0751653090,1.0000000000
140,9.3430000000,right_hand,14,0.3962065876,0.7745517492,-0.0577546321,1.0000000000
141,9.4100000000,right_hand,14,0.3951181173,0.7713152766,-0.0667814016,1.0000000000
142,9.4770000000,right_hand,14,0.3912161887,0.7709595561,-0.0791185573,1.0000000000
143,9.5430000000,right_hand,14,0.3921843171,0.7721599340,-0.0750364438,1.0000000000
144,9.6100000000,right_hand,14,0.3946609199,0.7732287645,-0.0682121962,1.0000000000
145,9.6770000000,right_hand,14,0.3884554803,0.7741145492,-0.0678782687,1.0000000000
146,9.7440000000,right_hand,14,0.3919396400,0.7740718126,-0.0673369914,1.0000000000
147,9.8100000000,right_hand,14,0.3874844313,0.7739238739,-0.0683470666,1.0000000000
148,9.8770000000,right_hand,14,0.4001274109,0.7593456507,-0.0755180642,1.0000000000
149,9.9440000000,right_hand,14,0.3908680081,0.7734336853,-0.0646527261,1.0000000000
150,10.0110000000,right_hand,14,0.4108281732,0.7498042583,-0.0608325824,1.0000000000
151,10.0770000000,right_hand,14,0.3872688413,0.7725715637,-0.0657436624,1.0000000000
152,10.1440000000,right_hand,14,0.3980949819,0.7657752037,-0.0707415715,1.0000000000
153,10.2110000000,right_hand,14,0.3863993883,0.7723199129,-0.0764380395,1.0000000000
154,10.2780000000,right_hand,14,0.3833098412,0.7703215480,-0.0833989978,1.0000000000
155,10.3440000000,right_hand,14,0.3843276501,0.7738417387,-0.0690680891,1.0000000000
156,10.4110000000,right_hand,14,0.3836145997,0.7716857195,-0.0613583326,1.0000000000
157,10.4780000000,right_hand,14,0.3818650842,0.7716560364,-0.0674524456,1.0000000000
158,10.5450000000,right_hand,14,0.3816623986,0.7734493613,-0.0752149224,1.0000000000
159,10.6110000000,right_hand,14,0.3767169714,0.7718613148,-0.0969481021,1.0000000000
160,10.6780000000,right_hand,14,0.3782256842,0.7693500519,-0.0852715895,1.0000000000
161,10.7450000000,right_hand,14,0.3768286109,0.7715122700,-0.0911935121,1.0000000000
162,10.8110000000,right_hand,14,0.3827195764,0.7649271488,-0.0794309154,1.0000000000
163,10.8780000000,right_hand,14,0.3794771731,0.7672449946,-0.0566658974,1.0000000000
164,10.9450000000,right_hand,14,0.3799650967,0.7723968625,-0.0714157969,1.0000000000
165,11.0120000000,right_hand,14,0.4081931114,0.7390348315,-0.0644707978,1.0000000000
166,11.0780000000,right_hand,14,0.3769425154,0.7650008202,-0.0825090259,1.0000000000
167,11.1450000000,right_hand,14,0.3780215979,0.7671597004,-0.0872438625,1.0000000000
168,11.2120000000,right_hand,14,0.3744778633,0.7704477906,-0.0844586045,1.0000000000
169,11.2790000000,right_hand,14,0.3850843012,0.7633413672,-0.0803407505,1.0000000000
170,11.3450000000,right_hand,14,0.3835054338,0.7597826123,-0.0767366961,1.0000000000
171,11.4120000000,right_hand,14,0.3796508014,0.7662354708,-0.0683850348,1.0000000000
172,11.4790000000,right_hand,14,0.3781925738,0.7633008361,-0.0892670825,1.0000000000
173,11.5460000000,right_hand,14,0.3810931742,0.7635014653,-0.0629819185,1.0000000000
174,11.6120000000,right_hand,14,0.3802301288,0.7665171027,-0.0720433146,1.0000000000
175,11.6790000000,right_hand,14,0.3812925220,0.7671723366,-0.0614514276,1.0000000000
176,11.7460000000,right_hand,14,0.3807428479,0.7680689692,-0.0744336024,1.0000000000
177,11.8130000000,right_hand,14,0.4107114077,0.7423799038,-0.0432662293,1.0000000000
178,11.8790000000,right_hand,14,0.3876684606,0.7711330056,-0.0669388920,1.0000000000
179,11.9460000000,right_hand,14,0.3875520825,0.7724534273,-0.0635111555,1.0000000000
75,5.0050000000,right_hand,15,0.3937150836,0.8136724234,-0.0700666010,1.0000000000
76,5.0720000000,right_hand,15,0.3924995661,0.8137090206,-0.0765815228,1.0000000000
77,5.1390000000,right_hand,15,0.3933700919,0.8171004057,-0.0787509903,1.0000000000
78,5.2060000000,right_hand,15,0.3922185898,0.8150547743,-0.0570144393,1.0000000000
79,5.2720000000,right_hand,15,0.5176604986,0.6463587284,-0.0362334810,1.0000000000
80,5.3390000000,right_hand,15,0.5214617252,0.6490768194,-0.0316684283,1.0000000000
81,5.4060000000,right_hand,15,0.5243604183,0.6499518156,-0.0099658426,1.0000000000
82,5.4720000000,right_hand,15,0.3932944238,0.8171599507,-0.0616075173,1.0000000000
83,5.5390000000,right_hand,15,0.3923895657,0.8155191541,-0.0827773884,1.0000000000
84,5.6060000000,right_hand,15,0.3960956931,0.8152030706,-0.0819779858,1.0000000000
85,5.6730000000,right_hand,15,0.3927214444,0.8183556199,-0.0773113146,1.0000000000
86,5.7390000000,right_hand,15,0.3945773542,0.8151503801,-0.0703412890,1.0000000000
87,5.8060000000,right_hand,15,0.4202409089,0.7780361176,-0.0490033925,1.0000000000
88,5.8730000000,right_hand,15,0.3916361034,0.8193306327,-0.0781106502,1.0000000000
89,5.9400000000,right_hand,15,0.3905363679,0.8156834841,-0.0955803171,1.0000000000
90,6.0060000000,right_hand,15,0.3926449418,0.8146232963,-0.0806524009,1.0000000000
91,6.0730000000,right_hand,15,0.3937075138,0.8192155361,-0.0757268891,1.0000000000
92,6.1400000000,right_hand,15,0.4069311619,0.8097116351,-0.0663032979,1.0000000000
93,6.2070000000,right_hand,15,0.4112525880,0.8018256426,-0.0843261555,1.0000000000
94,6.2730000000,right_hand,15,0.3956888914,0.8159151077,-0.0820363984,1.0000000000
95,6.3400000000,right_hand,15,0.3973368108,0.8128525615,-0.0878980756,1.0000000000
96,6.4070000000,right_hand,15,0.3933446407,0.8152861595,-0.0921742469,1.0000000000
97,6.4740000000,right_hand,15,0.3975941837,0.8143848181,-0.0831667781,1.0000000000
98,6.5400000000,right_hand,15,0.3942773938,0.8123235106,-0.0806602091,1.0000000000
99,6.6070000000,right_hand,15,0.3903362751,0.8126864433,-0.0840981230,1.0000000000
100,6.6740000000,right_hand,15,0.3929004073,0.8135266304,-0.0895176381,1.0000000000
101,6.7400000000,right_hand,15,0.3940263391,0.8142223358,-0.0905952975,1.0000000000
102,6.8070000000,right_hand,15,0.3913814425,0.8144462705,-0.0948551744,1.0000000000
103,6.8740000000,right_hand,15,0.3925377727,0.8189381361,-0.0841376856,1.0000000000
104,6.9410000000,right_hand,15,0.3904985785,0.8131875396,-0.0897067785,1.0000000000
105,7.0070000000,right_hand,15,0.3920538723,0.8188118935,-0.0752174258,1.0000000000
106,7.0740000000,right_hand,15,0.3915289938,0.8180439472,-0.0871485844,1.0000000000
107,7.1410000000,right_hand,15,0.3909248412,0.8182882667,-0.0833956376,1.0000000000
108,7.2080000000,right_hand,15,0.3899189234,0.8149527907,-0.0962456316,1.0000000000
109,7.2740000000,right_hand,15,0.3924576044,0.8179995418,-0.0661528111,1.0000000000
110,7.3410000000,right_hand,15,0.3942685127,0.8186677098,-0.0751015842,1.0000000000
111,7.4080000000,right_hand,15,0.4006214738,0.8099681139,-0.0531273410,1.0000000000
112,7.4750000000,right_hand,15,0.3941030204,0.8216103315,-0.0604103431,1.0000000000
113,7.5410000000,right_hand,15,0.3924135268,0.8193211555,-0.0594398044,1.0000000000
114,7.6080000000,right_hand,15,0.3928407431,0.8216350675,-0.0675772429,1.0000000000
115,7.6750000000,right_hand,15,0.3927665353,0.8185425997,-0.0786056072,1.0000000000
116,7.7420000000,right_hand,15,0.3936187327,0.8216515779,-0.0767918453,1.0000000000
117,7.8080000000,right_hand,15,0.4011840522,0.8036640882,-0.0649064705,1.0000000000
118,7.8750000000,right_hand,15,0.3983805776,0.8155634403,-0.0712739304,1.0000000000
119,7.9420000000,right_hand,15,0.3962622285,0.8179326057,-0.0714137480,1.0000000000
120,8.0080000000,right_hand,15,0.3927479684,0.8176770806,-0.0801949650,1.0000000000
121,8.0750000000,right_hand,15,0.3956791162,0.8188204169,-0.0797445551,1.0000000000
122,8.1420000000,right_hand,15,0.3962134123,0.8212973475,-0.0733271241,1.0000000000
123,8.2090000000,right_hand,15,0.4221592546,0.7930619717,-0.0702872351,1.0000000000
124,8.2750000000,right_hand,15,0.4008373022,0.8154456615,-0.0901019499,1.0000000000
125,8.3420000000,right_hand,15,0.3989211619,0.8198642135,-0.0700853318,1.0000000000
126,8.4090000000,right_hand,15,0.3965374231,0.8203055263,-0.0762099773,1.0000000000
127,8.4760000000,right_hand,15,0.3947394788,0.8209367990,-0.0821676627,1.0000000000
128,8.5420000000,right_hand,15,0.3965415955,0.8182995319,-0.1066939682,1.0000000000
129,8.6090000000,right_hand,15,0.4000894427,0.8180031180,-0.0757073760,1.0000000000
130,8.6760000000,right_hand,15,0.3986245990,0.8178738356,-0.0743420497,1.0000000000
131,8.7430000000,right_hand,15,0.3997748494,0.8209018707,-0.0728620589,1.0000000000
132,8.8090000000,right_hand,15,0.4121305943,0.8124783635,-0.0604719445,1.0000000000
133,8.8760000000,right_hand,15,0.4013775289,0.8198677897,-0.0771690011,1.0000000000
134,8.9430000000,right_hand,15,0.4039510190,0.8221194148,-0.0910817832,1.0000000000
135,9.0100000000,right_hand,15,0.4057375789,0.8212767839,-0.0715496913,1.0000000000
136,9.0760000000,right_hand,15,0.4105424285,0.8195548058,-0.0631801337,1.0000000000
137,9.1430000000,right_hand,15,0.4120240510,0.8190284967,-0.0633285940,1.0000000000
138,9.2100000000,right_hand,15,0.4091026783,0.8215073943,-0.0696647614,1.0000000000
139,9.2770000000,right_hand,15,0.4075782001,0.8197773695,-0.0791109130,1.0000000000
140,9.3430000000,right_hand,15,0.4092064500,0.8210432529,-0.0598317944,1.0000000000
141,9.4100000000,right_hand,15,0.4114070237,0.8169401288,-0.0686586723,1.0000000000
142,9.4770000000,right_hand,15,0.4051625133,0.8188226223,-0.0848011822,1.0000000000
143,9.5430000000,right_hand,15,0.4053411484,0.8207017183,-0.0795855671,1.0000000000
144,9.6100000000,right_hand,15,0.4087923467,0.8203260899,-0.0724158883,1.0000000000
145,9.6770000000,right_hand,15,0.4024836421,0.8201744556,-0.0720019117,1.0000000000
146,9.7440000000,right_hand,15,0.4051822126,0.8205586076,-0.0695005357,1.0000000000
147,9.8100000000,right_hand,15,0.4012830853,0.8228484392,-0.0725494549,1.0000000000
148,9.8770000000,right_hand,15,0.4196354747,0.8015196919,-0.0751094446,1.0000000000
149,9.9440000000,right_hand,15,0.4048157632,0.8203791976,-0.0672041327,1.0000000000
150,10.0110000000,right_hand,15,0.4281415641,0.7960106730,-0.0625161678,1.0000000000
151,10.0770000000,right_hand,15,0.3998980224,0.8214601278,-0.0695141107,1.0000000000
152,10.1440000000,right_hand,15,0.4156159759,0.8114094138,-0.0711212233,1.0000000000
153,10.2110000000,right_hand,15,0.3992535770,0.8221188188,-0.0802589282,1.0000000000
154,10.2780000000,right_hand,15,0.3976488113,0.8190456629,-0.0899511650,1.0000000000
155,10.3440000000,right_hand,15,0.3967762887,0.8214626312,-0.0724391639,1.0000000000
156,10.4110000000,right_hand,15,0.3973046243,0.8198076487,-0.0651838630,1.0000000000
157,10.4780000000,right_hand,15,0.3950922787,0.8189376593,-0.0716391876,1.0000000000
158,10.5450000000,right_hand,15,0.3941799998,0.8229175210,-0.0803666264,1.0000000000
159,10.6110000000,right_hand,15,0.3909370601,0.8221190572,-0.1055378690,1.0000000000
160,10.6780000000,right_hand,15,0.3925454319,0.8189230561,-0.0924910009,1.0000000000
161,10.7450000000,right_hand,15,0.3910529017,0.8195142746,-0.0992178172,1.0000000000
162,10.8110000000,right_hand,15,0.3961855471,0.8165279031,-0.0835219622,1.0000000000
163,10.8780000000,right_hand,15,0.3913176060,0.8170557618,-0.0587245077,1.0000000000
164,10.9450000000,right_hand,15,0.3938470781,0.8209175467,-0.0773328468,1.0000000000
165,11.0120000000,right_hand,15,0.4225429296,0.7878546715,-0.0661871955,1.0000000000
166,11.0780000000,right_hand,15,0.3903361857,0.8137771487,-0.0873785391,1.0000000000
167,11.1450000000,right_hand,15,0.3925890923,0.8147886395,-0.0923323184,1.0000000000
168,11.2120000000,right_hand,15,0.3877774775,0.8175993562,-0.0910456032,1.0000000000
169,11.2790000000,right_hand,15,0.3979249597,0.8098650575,-0.0853927806,1.0000000000
170,11.3450000000,right_hand,15,0.3952719569,0.8117671013,-0.0820479318,1.0000000000
171,11.4120000000,right_hand,15,0.3924895525,0.8163992167,-0.0719773024,1.0000000000
172,11.4790000000,right_hand,15,0.3936805725,0.8138900399,-0.0981382728,1.0000000000
173,11.5460000000,right_hand,15,0.3940029740,0.8136025667,-0.0666726455,1.0000000000
174,11.6120000000,right_hand,15,0.3932670653,0.8172477484,-0.0761654526,1.0000000000
175,11.6790000000,right_hand,15,0.3950612843,0.8164739609,-0.0643078387,1.0000000000
176,11.7460000000,right_hand,15,0.3946859241,0.8177456260,-0.0802746043,1.0000000000
177,11.8130000000,right_hand,15,0.4241867065,0.7897235155,-0.0454286933,1.0000000000
178,11.8790000000,right_hand,15,0.4003252983,0.8207694888,-0.0714861751,1.0000000000
179,11.9460000000,right_hand,15,0.4008346796,0.8202581406,-0.0679997727,1.0000000000
75,5.0050000000,right_hand,16,0.4029998183,0.8478255272,-0.0722280070,1.0000000000
76,5.0720000000,right_hand,16,0.4027293921,0.8511236906,-0.0784741566,1.0000000000
77,5.1390000000,right_hand,16,0.4037073255,0.8514207006,-0.0808788165,1.0000000000
78,5.2060000000,right_hand,16,0.4018509984,0.8505247235,-0.0586230531,1.0000000000
79,5.2720000000,right_hand,16,0.5200001597,0.6733368635,-0.0375874378,1.0000000000
80,5.3390000000,right_hand,16,0.5257795453,0.6650820971,-0.0336206593,1.0000000000
81,5.4060000000,right_hand,16,0.5269454122,0.6615883708,-0.0105354888,1.0000000000
82,5.4720000000,right_hand,16,0.4034301341,0.8532062769,-0.0631508008,1.0000000000
83,5.5390000000,right_hand,16,0.4039868712,0.8507704139,-0.0846340060,1.0000000000
84,5.6060000000,right_hand,16,0.4063135684,0.8517171144,-0.0844399780,1.0000000000
85,5.6730000000,right_hand,16,0.4033121467,0.8524379134,-0.0792521313,1.0000000000
86,5.7390000000,right_hand,16,0.4040441215,0.8508866429,-0.0716698766,1.0000000000
87,5.8060000000,right_hand,16,0.4265628457,0.8149293661,-0.0497991890,1.0000000000
88,5.8730000000,right_hand,16,0.4018072188,0.8535066247,-0.0793291703,1.0000000000
89,5.9400000000,right_hand,16,0.4025357962,0.8500652909,-0.1001631618,1.0000000000
90,6.0060000000,right_hand,16,0.4046648741,0.8485916853,-0.0834500492,1.0000000000
91,6.0730000000,right_hand,16,0.4046385884,0.8549355268,-0.0781475753,1.0000000000
92,6.1400000000,right_hand,16,0.4178563058,0.8486019969,-0.0679264069,1.0000000000
93,6.2070000000,right_hand,16,0.4223231375,0.8354972005,-0.0863221511,1.0000000000
94,6.2730000000,right_hand,16,0.4057545066,0.8522800803,-0.0839412659,1.0000000000
95,6.3400000000,right_hand,16,0.4087906182,0.8470121622,-0.0906535611,1.0000000000
96,6.4070000000,right_hand,16,0.4039353728,0.8499950171,-0.0953994617,1.0000000000
97,6.4740000000,right_hand,16,0.4099538028,0.8465254307,-0.0851111487,1.0000000000
98,6.5400000000,right_hand,16,0.4061488807,0.8468431830,-0.0835921317,1.0000000000
99,6.6070000000,right_hand,16,0.4010708034,0.8458686471,-0.0874690413,1.0000000000
100,6.6740000000,right_hand,16,0.4047415257,0.8465358615,-0.0923540816,1.0000000000
101,6.7400000000,right_hand,16,0.4054962397,0.8483225107,-0.0940029547,1.0000000000
102,6.8070000000,right_hand,16,0.4019694924,0.8474377394,-0.0967036113,1.0000000000
103,6.8740000000,right_hand,16,0.4028239846,0.8523994088,-0.0852545127,1.0000000000
104,6.9410000000,right_hand,16,0.4014293253,0.8474619985,-0.0940565243,1.0000000000
105,7.0070000000,right_hand,16,0.4014807045,0.8525849581,-0.0772515461,1.0000000000
106,7.0740000000,right_hand,16,0.4020012021,0.8516210914,-0.0897267908,1.0000000000
107,7.1410000000,right_hand,16,0.4011428058,0.8529247046,-0.0853478983,1.0000000000
108,7.2080000000,right_hand,16,0.4010695517,0.8504134417,-0.0994682238,1.0000000000
109,7.2740000000,right_hand,16,0.4020881057,0.8526040316,-0.0670401081,1.0000000000
110,7.3410000000,right_hand,16,0.4035747051,0.8558112979,-0.0768707767,1.0000000000
111,7.4080000000,right_hand,16,0.4087235034,0.8459129333,-0.0531510971,1.0000000000
112,7.4750000000,right_hand,16,0.4017817974,0.8574826121,-0.0619340055,1.0000000000
113,7.5410000000,right_hand,16,0.4011764526,0.8556537628,-0.0610903427,1.0000000000
114,7.6080000000,right_hand,16,0.4023361802,0.8577972054,-0.0685697719,1.0000000000
115,7.6750000000,right_hand,16,0.4022704959,0.8551517725,-0.0803867429,1.0000000000
116,7.7420000000,right_hand,16,0.4040989280,0.8591024876,-0.0780129358,1.0000000000
117,7.8080000000,right_hand,16,0.4073540866,0.8428837061,-0.0663109049,1.0000000000
118,7.8750000000,right_hand,16,0.4050903916,0.8543075323,-0.0740285814,1.0000000000
119,7.9420000000,right_hand,16,0.4038662910,0.8544163704,-0.0734426081,1.0000000000
120,8.0080000000,right_hand,16,0.4016351700,0.8542072773,-0.0810812041,1.0000000000
121,8.0750000000,right_hand,16,0.4053208530,0.8552072048,-0.0815263465,1.0000000000
122,8.1420000000,right_hand,16,0.4070217013,0.8570985794,-0.0744238868,1.0000000000
123,8.2090000000,right_hand,16,0.4314849675,0.8320440650,-0.0714968294,1.0000000000
124,8.2750000000,right_hand,16,0.4108015597,0.8515669107,-0.0932475626,1.0000000000
125,8.3420000000,right_hand,16,0.4077285826,0.8555281758,-0.0713963732,1.0000000000
126,8.4090000000,right_hand,16,0.4066466093,0.8537487388,-0.0774284899,1.0000000000
127,8.4760000000,right_hand,16,0.4054733217,0.8548467159,-0.0843386948,1.0000000000
128,8.5420000000,right_hand,16,0.4072194099,0.8513388038,-0.1104076579,1.0000000000
129,8.6090000000,right_hand,16,0.4113045037,0.8510960937,-0.0778096840,1.0000000000
130,8.6760000000,right_hand,16,0.4097121060,0.8525555730,-0.0770885721,1.0000000000
131,8.7430000000,right_hand,16,0.4114456475,0.8564115763,-0.0743842199,1.0000000000
132,8.8090000000,right_hand,16,0.4209942520,0.8491743207,-0.0605378821,1.0000000000
133,8.8760000000,right_hand,16,0.4117181897,0.8555821776,-0.0796811208,1.0000000000
134,8.9430000000,right_hand,16,0.4144643247,0.8571504354,-0.0941449478,1.0000000000
135,9.0100000000,right_hand,16,0.4153128266,0.8568317890,-0.0730537847,1.0000000000
136,9.0760000000,right_hand,16,0.4194527864,0.8569029570,-0.0658236519,1.0000000000
137,9.1430000000,right_hand,16,0.4212373197,0.8563086390,-0.0652955100,1.0000000000
138,9.2100000000,right_hand,16,0.4196460247,0.8559391499,-0.0721044540,1.0000000000
139,9.2770000000,right_hand,16,0.4188262820,0.8550016880,-0.0815754160,1.0000000000
140,9.3430000000,right_hand,16,0.4188852310,0.8563182950,-0.0618037991,1.0000000000
141,9.4100000000,right_hand,16,0.4243817031,0.8510935307,-0.0698979273,1.0000000000
142,9.4770000000,right_hand,16,0.4156004488,0.8542909622,-0.0882461667,1.0000000000
143,9.5430000000,right_hand,16,0.4159188867,0.8577629328,-0.0827167928,1.0000000000
144,9.6100000000,right_hand,16,0.4199489355,0.8558797240,-0.0752585158,1.0000000000
145,9.6770000000,right_hand,16,0.4141117334,0.8545802832,-0.0746305808,1.0000000000
146,9.7440000000,right_hand,16,0.4162241817,0.8546494246,-0.0715339929,1.0000000000
147,9.8100000000,right_hand,16,0.4127287269,0.8594588041,-0.0753316954,1.0000000000
148,9.8770000000,right_hand,16,0.4336053431,0.8362196088,-0.0748736486,1.0000000000
149,9.9440000000,right_hand,16,0.4161114395,0.8549940586,-0.0685106143,1.0000000000
150,10.0110000000,right_hand,16,0.4398028553,0.8340525031,-0.0633509308,1.0000000000
151,10.0770000000,right_hand,16,0.4102858901,0.8586382866,-0.0717266873,1.0000000000
152,10.1440000000,right_hand,16,0.4281565845,0.8468797207,-0.0716403946,1.0000000000
153,10.2110000000,right_hand,16,0.4095159173,0.8588738441,-0.0825912580,1.0000000000
154,10.2780000000,right_hand,16,0.4092791378,0.8565745950,-0.0946634263,1.0000000000
155,10.3440000000,right_hand,16,0.4069342017,0.8569880724,-0.0749593452,1.0000000000
156,10.4110000000,right_hand,16,0.4083986282,0.8561702371,-0.0676932111,1.0000000000
157,10.4780000000,right_hand,16,0.4061088562,0.8555949926,-0.0745858923,1.0000000000
158,10.5450000000,right_hand,16,0.4044019282,0.8613062501,-0.0841872841,1.0000000000
159,10.6110000000,right_hand,16,0.4025600255,0.8612174988,-0.1114433259,1.0000000000
160,10.6780000000,right_hand,16,0.4034855366,0.8576573133,-0.0973146409,1.0000000000
161,10.7450000000,right_hand,16,0.4026689529,0.8571561575,-0.1043807268,1.0000000000
162,10.8110000000,right_hand,16,0.4060589075,0.8569384813,-0.0861455128,1.0000000000
163,10.8780000000,right_hand,16,0.4002557397,0.8573290706,-0.0598674901,1.0000000000
164,10.9450000000,right_hand,16,0.4039548039,0.8598095179,-0.0814590007,1.0000000000
165,11.0120000000,right_hand,16,0.4319380820,0.8267280459,-0.0672089607,1.0000000000
166,11.0780000000,right_hand,16,0.4006711841,0.8522300720,-0.0908183008,1.0000000000
167,11.1450000000,right_hand,16,0.4034694731,0.8530367017,-0.0953614190,1.0000000000
168,11.2120000000,right_hand,16,0.3966563344,0.8556665778,-0.0954759493,1.0000000000
169,11.2790000000,right_hand,16,0.4072379768,0.8480637670,-0.0889330134,1.0000000000
170,11.3450000000,right_hand,16,0.4039525688,0.8530422449,-0.0854919478,1.0000000000
171,11.4120000000,right_hand,16,0.4031375051,0.8560959697,-0.0735030249,1.0000000000
172,11.4790000000,right_hand,16,0.4065741897,0.8519963026,-0.1036569476,1.0000000000
173,11.5460000000,right_hand,16,0.4038388431,0.8532782197,-0.0684504434,1.0000000000
174,11.6120000000,right_hand,16,0.4035310745,0.8556962609,-0.0782623962,1.0000000000
175,11.6790000000,right_hand,16,0.4067162573,0.8550241590,-0.0657467097,1.0000000000
176,11.7460000000,right_hand,16,0.4061302543,0.8555800915,-0.0835519657,1.0000000000
177,11.8130000000,right_hand,16,0.4325489104,0.8282651901,-0.0468044057,1.0000000000
178,11.8790000000,right_hand,16,0.4103038311,0.8598629832,-0.0741202757,1.0000000000
179,11.9460000000,right_hand,16,0.4124478102,0.8571763635,-0.0708439797,1.0000000000
75,5.0050000000,right_hand,17,0.3326900005,0.7197228074,-0.0583969913,1.0000000000
76,5.0720000000,right_hand,17,0.3323750198,0.7083660960,-0.0638927370,1.0000000000
77,5.1390000000,right_hand,17,0.3322252929,0.7201489210,-0.0671258867,1.0000000000
78,5.2060000000,right_hand,17,0.3326573670,0.7153761983,-0.0468100607,1.0000000000
79,5.2720000000,right_hand,17,0.5110177994,0.5851176381,-0.0272906236,1.0000000000
80,5.3390000000,right_hand,17,0.5069388151,0.5978566408,-0.0188881084,1.0000000000
81,5.4060000000,right_hand,17,0.5150235295,0.6118121743,-0.0048035192,1.0000000000
82,5.4720000000,right_hand,17,0.3369721770,0.7184613347,-0.0487274490,1.0000000000
83,5.5390000000,right_hand,17,0.3309257627,0.7168078423,-0.0667624772,1.0000000000
84,5.6060000000,right_hand,17,0.3315427601,0.7135326266,-0.0676231459,1.0000000000
85,5.6730000000,right_hand,17,0.3318602145,0.7173205018,-0.0633299872,1.0000000000
86,5.7390000000,right_hand,17,0.3370332122,0.7135082483,-0.0549270287,1.0000000000
87,5.8060000000,right_hand,17,0.3881123364,0.6590895653,-0.0319416486,1.0000000000
88,5.8730000000,right_hand,17,0.3316238821,0.7265859842,-0.0688463077,1.0000000000
89,5.9400000000,right_hand,17,0.3291614056,0.7230708599,-0.0745060071,1.0000000000
90,6.0060000000,right_hand,17,0.3294421732,0.7160816193,-0.0639097989,1.0000000000
91,6.0730000000,right_hand,17,0.3344603479,0.7140970826,-0.0615316816,1.0000000000
92,6.1400000000,right_hand,17,0.3457790017,0.7049847245,-0.0539015681,1.0000000000
93,6.2070000000,right_hand,17,0.3497218788,0.7037044168,-0.0724823698,1.0000000000
94,6.2730000000,right_hand,17,0.3385033607,0.7256302834,-0.0705765709,1.0000000000
95,6.3400000000,right_hand,17,0.3366532624,0.7391799092,-0.0756577179,1.0000000000
96,6.4070000000,right_hand,17,0.3330766559,0.7214586735,-0.0757986233,1.0000000000
97,6.4740000000,right_hand,17,0.3333064020,0.7167826891,-0.0702366680,1.0000000000
98,6.5400000000,right_hand,17,0.3309026361,0.7131671309,-0.0658399463,1.0000000000
99,6.6070000000,right_hand,17,0.3305837512,0.7164219022,-0.0656747892,1.0000000000
100,6.6740000000,right_hand,17,0.3298064172,0.7203730345,-0.0728160143,1.0000000000
101,6.7400000000,right_hand,17,0.3311347365,0.7181004882,-0.0748849288,1.0000000000
102,6.8070000000,right_hand,17,0.3289368749,0.7211552858,-0.0803775489,1.0000000000
103,6.8740000000,right_hand,17,0.3302004635,0.7260515094,-0.0746982396,1.0000000000
104,6.9410000000,right_hand,17,0.3277282715,0.7167817950,-0.0724435225,1.0000000000
105,7.0070000000,right_hand,17,0.3299119473,0.7206972837,-0.0635477379,1.0000000000
106,7.0740000000,right_hand,17,0.3293823600,0.7252346873,-0.0742445514,1.0000000000
107,7.1410000000,right_hand,17,0.3281374276,0.7146972418,-0.0704746470,1.0000000000
108,7.2080000000,right_hand,17,0.3279807568,0.7221097350,-0.0788961649,1.0000000000
109,7.2740000000,right_hand,17,0.3303344846,0.7159855962,-0.0574647523,1.0000000000
110,7.3410000000,right_hand,17,0.3310227394,0.7150791883,-0.0632037669,1.0000000000
111,7.4080000000,right_hand,17,0.3420675397,0.7067930698,-0.0483677089,1.0000000000
112,7.4750000000,right_hand,17,0.3402281106,0.7140614986,-0.0464065000,1.0000000000
113,7.5410000000,right_hand,17,0.3363969028,0.7133320570,-0.0470481962,1.0000000000
114,7.6080000000,right_hand,17,0.3343748748,0.7120811939,-0.0547476709,1.0000000000
115,7.6750000000,right_hand,17,0.3337548673,0.7121206522,-0.0636447072,1.0000000000
116,7.7420000000,right_hand,17,0.3349643648,0.7114392519,-0.0619342215,1.0000000000
117,7.8080000000,right_hand,17,0.3528643548,0.6859682202,-0.0529403612,1.0000000000
118,7.8750000000,right_hand,17,0.3482527733,0.7090964913,-0.0494117923,1.0000000000
119,7.9420000000,right_hand,17,0.3413907588,0.7198720574,-0.0595193431,1.0000000000
120,8.0080000000,right_hand,17,0.3350107968,0.7228140831,-0.0686400905,1.0000000000
121,8.0750000000,right_hand,17,0.3351955712,0.7202295661,-0.0676115304,1.0000000000
122,8.1420000000,right_hand,17,0.3333054185,0.7211694717,-0.0599728450,1.0000000000
123,8.2090000000,right_hand,17,0.3699508309,0.6800563335,-0.0580043383,1.0000000000
124,8.2750000000,right_hand,17,0.3418425918,0.7180398703,-0.0753414333,1.0000000000
125,8.3420000000,right_hand,17,0.3411409259,0.7248969078,-0.0573835559,1.0000000000
126,8.4090000000,right_hand,17,0.3359588981,0.7316754460,-0.0650925413,1.0000000000
127,8.4760000000,right_hand,17,0.3359334767,0.7304204106,-0.0712975785,1.0000000000
128,8.5420000000,right_hand,17,0.3368865848,0.7326557040,-0.0852517933,1.0000000000
129,8.6090000000,right_hand,17,0.3371244073,0.7175522447,-0.0638290644,1.0000000000
130,8.6760000000,right_hand,17,0.3399051130,0.7164226174,-0.0605309457,1.0000000000
131,8.7430000000,right_hand,17,0.3403571546,0.7186326385,-0.0588137843,1.0000000000
132,8.8090000000,right_hand,17,0.3527360260,0.7064725161,-0.0529826544,1.0000000000
133,8.8760000000,right_hand,17,0.3395035863,0.7156537175,-0.0606301054,1.0000000000
134,8.9430000000,right_hand,17,0.3413325846,0.7243511081,-0.0794416219,1.0000000000
135,9.0100000000,right_hand,17,0.3424647152,0.7141216993,-0.0617601946,1.0000000000
136,9.0760000000,right_hand,17,0.3481681943,0.7168725729,-0.0531723537,1.0000000000
137,9.1430000000,right_hand,17,0.3467052579,0.7178584933,-0.0555469729,1.0000000000
138,9.2100000000,right_hand,17,0.3445552588,0.7218428850,-0.0589924157,1.0000000000
139,9.2770000000,right_hand,17,0.3431569040,0.7217910886,-0.0665192604,1.0000000000
140,9.3430000000,right_hand,17,0.3460676074,0.7201311588,-0.0529343449,1.0000000000
141,9.4100000000,right_hand,17,0.3408111334,0.7177795768,-0.0588040613,1.0000000000
142,9.4770000000,right_hand,17,0.3408907354,0.7214983106,-0.0682164431,1.0000000000
143,9.5430000000,right_hand,17,0.3429773450,0.7197974324,-0.0674851462,1.0000000000
144,9.6100000000,right_hand,17,0.3441854715,0.7230549455,-0.0599980801,1.0000000000
145,9.6770000000,right_hand,17,0.3415437043,0.7237530947,-0.0583017506,1.0000000000
146,9.7440000000,right_hand,17,0.3419629931,0.7206448913,-0.0622289367,1.0000000000
147,9.8100000000,right_hand,17,0.3394267261,0.7183188200,-0.0586930960,1.0000000000
148,9.8770000000,right_hand,17,0.3509042561,0.7066485882,-0.0705063045,1.0000000000
149,9.9440000000,right_hand,17,0.3416303992,0.7162522078,-0.0563238040,1.0000000000
150,10.0110000000,right_hand,17,0.3711315989,0.6900079250,-0.0524298474,1.0000000000
151,10.0770000000,right_hand,17,0.3419990540,0.7127739787,-0.0553533845,1.0000000000
152,10.1440000000,right_hand,17,0.3479621708,0.7097424865,-0.0656317174,1.0000000000
153,10.2110000000,right_hand,17,0.3376905620,0.7187723517,-0.0674613342,1.0000000000
154,10.2780000000,right_hand,17,0.3331778646,0.7142621279,-0.0719620585,1.0000000000
155,10.3440000000,right_hand,17,0.3361643851,0.7162867785,-0.0603262521,1.0000000000
156,10.4110000000,right_hand,17,0.3349106610,0.7139940262,-0.0530453473,1.0000000000
157,10.4780000000,right_hand,17,0.3325328231,0.7101026177,-0.0580504052,1.0000000000
158,10.5450000000,right_hand,17,0.3312850595,0.7125644684,-0.0646208823,1.0000000000
159,10.6110000000,right_hand,17,0.3278152347,0.7129762173,-0.0813144222,1.0000000000
160,10.6780000000,right_hand,17,0.3276106715,0.7120199203,-0.0717931762,1.0000000000
161,10.7450000000,right_hand,17,0.3274571300,0.7169903517,-0.0750876144,1.0000000000
162,10.8110000000,right_hand,17,0.3356898129,0.7055223584,-0.0679448545,1.0000000000
163,10.8780000000,right_hand,17,0.3351285458,0.7010186315,-0.0459846109,1.0000000000
164,10.9450000000,right_hand,17,0.3343161941,0.7142155766,-0.0565730669,1.0000000000
165,11.0120000000,right_hand,17,0.3808518052,0.6668688059,-0.0516020358,1.0000000000
166,11.0780000000,right_hand,17,0.3281120062,0.7193138599,-0.0708284751,1.0000000000
167,11.1450000000,right_hand,17,0.3297038972,0.7100054622,-0.0734467879,1.0000000000
168,11.2120000000,right_hand,17,0.3316561580,0.7204781771,-0.0707255229,1.0000000000
169,11.2790000000,right_hand,17,0.3412910998,0.7066153884,-0.0686586499,1.0000000000
170,11.3450000000,right_hand,17,0.3418068588,0.6972827315,-0.0656241477,1.0000000000
171,11.4120000000,right_hand,17,0.3339799345,0.7036026120,-0.0569317937,1.0000000000
172,11.4790000000,right_hand,17,0.3307493329,0.7100237012,-0.0717356652,1.0000000000
173,11.5460000000,right_hand,17,0.3375231624,0.7014592290,-0.0520520620,1.0000000000
174,11.6120000000,right_hand,17,0.3354545832,0.7073339224,-0.0585529059,1.0000000000
175,11.6790000000,right_hand,17,0.3323909342,0.7042918205,-0.0523888655,1.0000000000
176,11.7460000000,right_hand,17,0.3334556520,0.7103142142,-0.0610413961,1.0000000000
177,11.8130000000,right_hand,17,0.3827164769,0.6709357500,-0.0314907469,1.0000000000
178,11.8790000000,right_hand,17,0.3415805697,0.7079823613,-0.0574434698,1.0000000000
179,11.9460000000,right_hand,17,0.3372237086,0.7148920894,-0.0536546670,1.0000000000
75,5.0050000000,right_hand,18,0.3549471498,0.7660094500,-0.0701429918,1.0000000000
76,5.0720000000,right_hand,18,0.3538870215,0.7582864165,-0.0771872327,1.0000000000
77,5.1390000000,right_hand,18,0.3537004590,0.7674012780,-0.0808623210,1.0000000000
78,5.2060000000,right_hand,18,0.3537262678,0.7657912374,-0.0561268777,1.0000000000
79,5.2720000000,right_hand,18,0.5121678114,0.6200553775,-0.0352427028,1.0000000000
80,5.3390000000,right_hand,18,0.5107691884,0.6243560314,-0.0253963117,1.0000000000
81,5.4060000000,right_hand,18,0.5170478225,0.6305596232,-0.0081408806,1.0000000000
82,5.4720000000,right_hand,18,0.3552935421,0.7671200037,-0.0594757088,1.0000000000
83,5.5390000000,right_hand,18,0.3513683677,0.7641352415,-0.0816419870,1.0000000000
84,5.6060000000,right_hand,18,0.3527875543,0.7622396350,-0.0819062293,1.0000000000
85,5.6730000000,right_hand,18,0.3515338302,0.7650087476,-0.0772772878,1.0000000000
86,5.7390000000,right_hand,18,0.3558332622,0.7628136277,-0.0672224686,1.0000000000
87,5.8060000000,right_hand,18,0.4178411663,0.6857965589,-0.0388525166,1.0000000000
88,5.8730000000,right_hand,18,0.3510212898,0.7710861564,-0.0817250684,1.0000000000
89,5.9400000000,right_hand,18,0.3470213711,0.7677937150,-0.0932415426,1.0000000000
90,6.0060000000,right_hand,18,0.3487519324,0.7650392056,-0.0791743770,1.0000000000
91,6.0730000000,right_hand,18,0.3524512947,0.7635757327,-0.0750774816,1.0000000000
92,6.1400000000,right_hand,18,0.3694155216,0.7498434186,-0.0641238093,1.0000000000
93,6.2070000000,right_hand,18,0.3731348813,0.7466790080,-0.0850656331,1.0000000000
94,6.2730000000,right_hand,18,0.3565234542,0.7682422996,-0.0854223371,1.0000000000
95,6.3400000000,right_hand,18,0.3562580943,0.7739644647,-0.0916439593,1.0000000000
96,6.4070000000,right_hand,18,0.3521313965,0.7692739964,-0.0933352262,1.0000000000
97,6.4740000000,right_hand,18,0.3525341749,0.7679027319,-0.0849660411,1.0000000000
98,6.5400000000,right_hand,18,0.3512861729,0.7633022666,-0.0807739496,1.0000000000
99,6.6070000000,right_hand,18,0.3497762978,0.7654372454,-0.0808308274,1.0000000000
100,6.6740000000,right_hand,18,0.3500621617,0.7679607272,-0.0893427208,1.0000000000
101,6.7400000000,right_hand,18,0.3508867025,0.7662378550,-0.0910232440,1.0000000000
102,6.8070000000,right_hand,18,0.3488404155,0.7693836689,-0.0961062238,1.0000000000
103,6.8740000000,right_hand,18,0.3520036638,0.7724508047,-0.0880343765,1.0000000000
104,6.9410000000,right_hand,18,0.3474624753,0.7651470304,-0.0886318535,1.0000000000
105,7.0070000000,right_hand,18,0.3501617908,0.7699890137,-0.0764168873,1.0000000000
106,7.0740000000,right_hand,18,0.3495386541,0.7717342377,-0.0883189738,1.0000000000
107,7.1410000000,right_hand,18,0.3479988873,0.7660444975,-0.0847737640,1.0000000000
108,7.2080000000,right_hand,18,0.3479829133,0.7673106194,-0.0958988816,1.0000000000
109,7.2740000000,right_hand,18,0.3507978618,0.7658625245,-0.0687176734,1.0000000000
110,7.3410000000,right_hand,18,0.3514822423,0.7649662495,-0.0755932182,1.0000000000
111,7.4080000000,right_hand,18,0.3645229340,0.7527481914,-0.0546256267,1.0000000000
112,7.4750000000,right_hand,18,0.3570947647,0.7666133642,-0.0562389828,1.0000000000
113,7.5410000000,right_hand,18,0.3535465598,0.7652155757,-0.0568975210,1.0000000000
114,7.6080000000,right_hand,18,0.3519479334,0.7658892870,-0.0662178919,1.0000000000
115,7.6750000000,right_hand,18,0.3520357013,0.7626453638,-0.0773861334,1.0000000000
116,7.7420000000,right_hand,18,0.3525739014,0.7668294907,-0.0753127486,1.0000000000
117,7.8080000000,right_hand,18,0.3712488711,0.7362403870,-0.0614961311,1.0000000000
118,7.8750000000,right_hand,18,0.3630358279,0.7619124055,-0.0603008270,1.0000000000
119,7.9420000000,right_hand,18,0.3582991362,0.7678849697,-0.0704942718,1.0000000000
120,8.0080000000,right_hand,18,0.3528514206,0.7708479166,-0.0817162842,1.0000000000
121,8.0750000000,right_hand,18,0.3542879224,0.7673370838,-0.0816913694,1.0000000000
122,8.1420000000,right_hand,18,0.3529482782,0.7706288695,-0.0718109161,1.0000000000
123,8.2090000000,right_hand,18,0.3998973072,0.7093904614,-0.0676791891,1.0000000000
124,8.2750000000,right_hand,18,0.3599125445,0.7673345804,-0.0895664841,1.0000000000
125,8.3420000000,right_hand,18,0.3575952649,0.7722421885,-0.0691973269,1.0000000000
126,8.4090000000,right_hand,18,0.3538595438,0.7774549723,-0.0776925683,1.0000000000
127,8.4760000000,right_hand,18,0.3535852432,0.7740141153,-0.0864630118,1.0000000000
128,8.5420000000,right_hand,18,0.3535700738,0.7749229074,-0.1052825749,1.0000000000
129,8.6090000000,right_hand,18,0.3560428619,0.7689223289,-0.0777433962,1.0000000000
130,8.6760000000,right_hand,18,0.3561529815,0.7694696188,-0.0746351033,1.0000000000
131,8.7430000000,right_hand,18,0.3588419259,0.7710158825,-0.0724363774,1.0000000000
132,8.8090000000,right_hand,18,0.3778271079,0.7494050860,-0.0608651713,1.0000000000
133,8.8760000000,right_hand,18,0.3581493199,0.7675749063,-0.0746403709,1.0000000000
134,8.9430000000,right_hand,18,0.3614345491,0.7718218565,-0.0950029716,1.0000000000
135,9.0100000000,right_hand,18,0.3634110689,0.7691916227,-0.0735840276,1.0000000000
136,9.0760000000,right_hand,18,0.3693460822,0.7655742168,-0.0641721040,1.0000000000
137,9.1430000000,right_hand,18,0.3676937222,0.7667220831,-0.0661891326,1.0000000000
138,9.2100000000,right_hand,18,0.3657370210,0.7716478109,-0.0710013956,1.0000000000
139,9.2770000000,right_hand,18,0.3636352718,0.7709240317,-0.0801711380,1.0000000000
140,9.3430000000,right_hand,18,0.3666099608,0.7690800428,-0.0630250797,1.0000000000
141,9.4100000000,right_hand,18,0.3635542691,0.7668421268,-0.0701020733,1.0000000000
142,9.4770000000,right_hand,18,0.3609815240,0.7689648867,-0.0836135149,1.0000000000
143,9.5430000000,right_hand,18,0.3639291525,0.7667729855,-0.0816244557,1.0000000000
144,9.6100000000,right_hand,18,0.3639869392,0.7706326246,-0.0729889572,1.0000000000
145,9.6770000000,right_hand,18,0.3599872589,0.7728516459,-0.0712924376,1.0000000000
146,9.7440000000,right_hand,18,0.3606380224,0.7721600533,-0.0740884915,1.0000000000
147,9.8100000000,right_hand,18,0.3587099910,0.7697560787,-0.0715378523,1.0000000000
148,9.8770000000,right_hand,18,0.3804905713,0.7392837405,-0.0832270309,1.0000000000
149,9.9440000000,right_hand,18,0.3593135476,0.7723298073,-0.0672120750,1.0000000000
150,10.0110000000,right_hand,18,0.4016016126,0.7202352285,-0.0614748113,1.0000000000
151,10.0770000000,right_hand,18,0.3586379588,0.7676674128,-0.0680873469,1.0000000000
152,10.1440000000,right_hand,18,0.3743000925,0.7527531981,-0.0762693286,1.0000000000
153,10.2110000000,right_hand,18,0.3572612703,0.7699369192,-0.0810235217,1.0000000000
154,10.2780000000,right_hand,18,0.3516753912,0.7623984814,-0.0890477076,1.0000000000
155,10.3440000000,right_hand,18,0.3544116020,0.7664729953,-0.0727793276,1.0000000000
156,10.4110000000,right_hand,18,0.3529658914,0.7649160624,-0.0654369518,1.0000000000
157,10.4780000000,right_hand,18,0.3503145874,0.7622337937,-0.0717267618,1.0000000000
158,10.5450000000,right_hand,18,0.3487534523,0.7628352642,-0.0798364654,1.0000000000
159,10.6110000000,right_hand,18,0.3442771733,0.7602847219,-0.1013895124,1.0000000000
160,10.6780000000,right_hand,18,0.3462804258,0.7605494261,-0.0889755413,1.0000000000
161,10.7450000000,right_hand,18,0.3450567126,0.7628897429,-0.0940325856,1.0000000000
162,10.8110000000,right_hand,18,0.3553665578,0.7528699040,-0.0821569338,1.0000000000
163,10.8780000000,right_hand,18,0.3512441218,0.7530901432,-0.0556338206,1.0000000000
164,10.9450000000,right_hand,18,0.3509575725,0.7614247799,-0.0699692816,1.0000000000
165,11.0120000000,right_hand,18,0.4107901752,0.7001280189,-0.0607126765,1.0000000000
166,11.0780000000,right_hand,18,0.3447791934,0.7639091015,-0.0863965824,1.0000000000
167,11.1450000000,right_hand,18,0.3465328217,0.7571983337,-0.0900749639,1.0000000000
168,11.2120000000,right_hand,18,0.3472609818,0.7653648257,-0.0864086822,1.0000000000
169,11.2790000000,right_hand,18,0.3590533733,0.7492812872,-0.0834790915,1.0000000000
170,11.3450000000,right_hand,18,0.3567555547,0.7482823133,-0.0792500153,1.0000000000
171,11.4120000000,right_hand,18,0.3489284515,0.7585393786,-0.0692266673,1.0000000000
172,11.4790000000,right_hand,18,0.3461492360,0.7581410408,-0.0909303650,1.0000000000
173,11.5460000000,right_hand,18,0.3523866236,0.7544686794,-0.0636095107,1.0000000000
174,11.6120000000,right_hand,18,0.3506593406,0.7594285607,-0.0714371353,1.0000000000
175,11.6790000000,right_hand,18,0.3492871523,0.7598090768,-0.0635810643,1.0000000000
176,11.7460000000,right_hand,18,0.3501498401,0.7631052732,-0.0760484263,1.0000000000
177,11.8130000000,right_hand,18,0.4071202278,0.7061699033,-0.0378999002,1.0000000000
178,11.8790000000,right_hand,18,0.3567138016,0.7613840103,-0.0694900006,1.0000000000
179,11.9460000000,right_hand,18,0.3534529209,0.7650853395,-0.0667646080,1.0000000000
75,5.0050000000,right_hand,19,0.3683594465,0.7984803915,-0.0727828890,1.0000000000
76,5.0720000000,right_hand,19,0.3680298626,0.7941209078,-0.0805446729,1.0000000000
77,5.1390000000,right_hand,19,0.3672642410,0.8005501628,-0.0837788060,1.0000000000
78,5.2060000000,right_hand,19,0.3658245504,0.8002595901,-0.0574560426,1.0000000000
79,5.2720000000,right_hand,19,0.5128276348,0.6462207437,-0.0366083160,1.0000000000
80,5.3390000000,right_hand,19,0.5141943097,0.6416513324,-0.0277660415,1.0000000000
81,5.4060000000,right_hand,19,0.5191094279,0.6425058842,-0.0094041275,1.0000000000
82,5.4720000000,right_hand,19,0.3673199415,0.8012629747,-0.0609329343,1.0000000000
83,5.5390000000,right_hand,19,0.3651245832,0.7997058630,-0.0849702135,1.0000000000
84,5.6060000000,right_hand,19,0.3671250939,0.7974946499,-0.0860255733,1.0000000000
85,5.6730000000,right_hand,19,0.3648301363,0.8008313179,-0.0806290135,1.0000000000
86,5.7390000000,right_hand,19,0.3673502803,0.7976565957,-0.0695457906,1.0000000000
87,5.8060000000,right_hand,19,0.4335757792,0.7075718045,-0.0400669761,1.0000000000
88,5.8730000000,right_hand,19,0.3640331924,0.8031491041,-0.0847132653,1.0000000000
89,5.9400000000,right_hand,19,0.3604310751,0.8039161563,-0.1003347337,1.0000000000
90,6.0060000000,right_hand,19,0.3627671599,0.8009727001,-0.0844151303,1.0000000000
91,6.0730000000,right_hand,19,0.3651652634,0.7997547984,-0.0787572265,1.0000000000
92,6.1400000000,right_hand,19,0.3847090602,0.7837919593,-0.0665916428,1.0000000000
93,6.2070000000,right_hand,19,0.3888810873,0.7773317099,-0.0877989158,1.0000000000
94,6.2730000000,right_hand,19,0.3697937727,0.8036231995,-0.0893117338,1.0000000000
95,6.3400000000,right_hand,19,0.3707004189,0.8047961593,-0.0965603292,1.0000000000
96,6.4070000000,right_hand,19,0.3657116294,0.8046978712,-0.0990277156,1.0000000000
97,6.4740000000,right_hand,19,0.3665257394,0.8038722277,-0.0888225213,1.0000000000
98,6.5400000000,right_hand,19,0.3651875854,0.7996641994,-0.0853874013,1.0000000000
99,6.6070000000,right_hand,19,0.3627670705,0.8016663790,-0.0855385363,1.0000000000
100,6.6740000000,right_hand,19,0.3639882207,0.8031087518,-0.0943944231,1.0000000000
101,6.7400000000,right_hand,19,0.3648183048,0.8023803830,-0.0960614309,1.0000000000
102,6.8070000000,right_hand,19,0.3625677824,0.8045721054,-0.0998615697,1.0000000000
103,6.8740000000,right_hand,19,0.3653928041,0.8068379760,-0.0900508761,1.0000000000
104,6.9410000000,right_hand,19,0.3608541489,0.8011452556,-0.0943745300,1.0000000000
105,7.0070000000,right_hand,19,0.3629159331,0.8046152592,-0.0793433115,1.0000000000
106,7.0740000000,right_hand,19,0.3634648025,0.8060105443,-0.0915512890,1.0000000000
107,7.1410000000,right_hand,19,0.3608732224,0.8026173115,-0.0882606655,1.0000000000
108,7.2080000000,right_hand,19,0.3620059490,0.8037920594,-0.1009907424,1.0000000000
109,7.2740000000,right_hand,19,0.3631996214,0.8013498783,-0.0705725402,1.0000000000
110,7.3410000000,right_hand,19,0.3645577431,0.8016619682,-0.0781839490,1.0000000000
111,7.4080000000,right_hand,19,0.3762739897,0.7859920263,-0.0538861752,1.0000000000
112,7.4750000000,right_hand,19,0.3666920662,0.8017878532,-0.0574476793,1.0000000000
113,7.5410000000,right_hand,19,0.3640891612,0.8016029596,-0.0582550056,1.0000000000
114,7.6080000000,right_hand,19,0.3632232547,0.8024662733,-0.0673701689,1.0000000000
115,7.6750000000,right_hand,19,0.3642491698,0.7995058894,-0.0804551020,1.0000000000
116,7.7420000000,right_hand,19,0.3638892174,0.8046430349,-0.0770484209,1.0000000000
117,7.8080000000,right_hand,19,0.3800852895,0.7744438648,-0.0612985492,1.0000000000
118,7.8750000000,right_hand,19,0.3716531098,0.7985609174,-0.0628384426,1.0000000000
119,7.9420000000,right_hand,19,0.3685979545,0.8019618988,-0.0728875324,1.0000000000
120,8.0080000000,right_hand,19,0.3648028374,0.8061140180,-0.0841839984,1.0000000000
121,8.0750000000,right_hand,19,0.3677378893,0.8045015335,-0.0852572694,1.0000000000
122,8.1420000000,right_hand,19,0.3656113446,0.8064025044,-0.0736138374,1.0000000000
123,8.2090000000,right_hand,19,0.4183310270,0.7365573645,-0.0696793273,1.0000000000
124,8.2750000000,right_hand,19,0.3725109696,0.8045481443,-0.0939774141,1.0000000000
125,8.3420000000,right_hand,19,0.3691349924,0.8067942262,-0.0713457763,1.0000000000
126,8.4090000000,right_hand,19,0.3666235805,0.8114547729,-0.0802137479,1.0000000000
127,8.4760000000,right_hand,19,0.3657951057,0.8085706830,-0.0909229741,1.0000000000
128,8.5420000000,right_hand,19,0.3663471639,0.8101837039,-0.1121676117,1.0000000000
129,8.6090000000,right_hand,19,0.3691349328,0.8055258393,-0.0815970749,1.0000000000
130,8.6760000000,right_hand,19,0.3682928383,0.8058457375,-0.0787318423,1.0000000000
131,8.7430000000,right_hand,19,0.3708084226,0.8064185381,-0.0750417858,1.0000000000
132,8.8090000000,right_hand,19,0.3924424946,0.7805876732,-0.0606937073,1.0000000000
133,8.8760000000,right_hand,19,0.3709956110,0.8055973053,-0.0783302337,1.0000000000
134,8.9430000000,right_hand,19,0.3750400543,0.8063154221,-0.0992470458,1.0000000000
135,9.0100000000,right_hand,19,0.3763104081,0.8069131970,-0.0759089366,1.0000000000
136,9.0760000000,right_hand,19,0.3821963072,0.8013727069,-0.0673688650,1.0000000000
137,9.1430000000,right_hand,19,0.3805630803,0.8014276624,-0.0685863122,1.0000000000
138,9.2100000000,right_hand,19,0.3787930310,0.8063259721,-0.0739672780,1.0000000000
139,9.2770000000,right_hand,19,0.3773419559,0.8062106371,-0.0836340636,1.0000000000
140,9.3430000000,right_hand,19,0.3791314662,0.8041626215,-0.0652559102,1.0000000000
141,9.4100000000,right_hand,19,0.3784186244,0.8006616831,-0.0720040798,1.0000000000
142,9.4770000000,right_hand,19,0.3747751713,0.8046177030,-0.0886297598,1.0000000000
143,9.5430000000,right_hand,19,0.3777766526,0.8012143373,-0.0859992430,1.0000000000
144,9.6100000000,right_hand,19,0.3774694204,0.8050864339,-0.0766530856,1.0000000000
145,9.6770000000,right_hand,19,0.3725754917,0.8067620397,-0.0747527108,1.0000000000
146,9.7440000000,right_hand,19,0.3729141057,0.8064085245,-0.0766920969,1.0000000000
147,9.8100000000,right_hand,19,0.3715872467,0.8042903543,-0.0749828815,1.0000000000
148,9.8770000000,right_hand,19,0.4019596577,0.7646692991,-0.0861992240,1.0000000000
149,9.9440000000,right_hand,19,0.3710650206,0.8077878356,-0.0684746504,1.0000000000
150,10.0110000000,right_hand,19,0.4207454026,0.7454638481,-0.0632580370,1.0000000000
151,10.0770000000,right_hand,19,0.3707035184,0.8050654531,-0.0709981769,1.0000000000
152,10.1440000000,right_hand,19,0.3918885291,0.7835118771,-0.0781120136,1.0000000000
153,10.2110000000,right_hand,19,0.3698448539,0.8057791591,-0.0837738067,1.0000000000
154,10.2780000000,right_hand,19,0.3655040562,0.7986313701,-0.0953886509,1.0000000000
155,10.3440000000,right_hand,19,0.3665272892,0.8021554947,-0.0757815316,1.0000000000
156,10.4110000000,right_hand,19,0.3642224967,0.8004862070,-0.0687147751,1.0000000000
157,10.4780000000,right_hand,19,0.3620547950,0.7988228202,-0.0757489577,1.0000000000
158,10.5450000000,right_hand,19,0.3599937260,0.7991162539,-0.0850249082,1.0000000000
159,10.6110000000,right_hand,19,0.3569660187,0.7975766659,-0.1091732234,1.0000000000
160,10.6780000000,right_hand,19,0.3592739999,0.7977097631,-0.0950714797,1.0000000000
161,10.7450000000,right_hand,19,0.3573014140,0.7988765836,-0.1010493040,1.0000000000
162,10.8110000000,right_hand,19,0.3676760495,0.7876726985,-0.0860351846,1.0000000000
163,10.8780000000,right_hand,19,0.3606887162,0.7905527353,-0.0564125739,1.0000000000
164,10.9450000000,right_hand,19,0.3615106642,0.7959151268,-0.0741977394,1.0000000000
165,11.0120000000,right_hand,19,0.4273415506,0.7263233066,-0.0626745224,1.0000000000
166,11.0780000000,right_hand,19,0.3567657471,0.7991790175,-0.0915710032,1.0000000000
167,11.1450000000,right_hand,19,0.3588726521,0.7938474417,-0.0949378461,1.0000000000
168,11.2120000000,right_hand,19,0.3580382764,0.8002337813,-0.0918614864,1.0000000000
169,11.2790000000,right_hand,19,0.3712059855,0.7831929326,-0.0880716071,1.0000000000
170,11.3450000000,right_hand,19,0.3665501773,0.7866458297,-0.0823048875,1.0000000000
171,11.4120000000,right_hand,19,0.3602425754,0.7964686155,-0.0707985461,1.0000000000
172,11.4790000000,right_hand,19,0.3581087589,0.7944744229,-0.0985691249,1.0000000000
173,11.5460000000,right_hand,19,0.3623182774,0.7915151119,-0.0652514547,1.0000000000
174,11.6120000000,right_hand,19,0.3609688878,0.7974465489,-0.0733640566,1.0000000000
175,11.6790000000,right_hand,19,0.3607615530,0.7966604233,-0.0651339069,1.0000000000
176,11.7460000000,right_hand,19,0.3616662323,0.7990626097,-0.0800089240,1.0000000000
177,11.8130000000,right_hand,19,0.4194694161,0.7348229885,-0.0386588685,1.0000000000
178,11.8790000000,right_hand,19,0.3679771423,0.7970767617,-0.0720057264,1.0000000000
179,11.9460000000,right_hand,19,0.3643237352,0.7990343571,-0.0701524541,1.0000000000
75,5.0050000000,right_hand,20,0.3781177104,0.8241994381,-0.0744629949,1.0000000000
76,5.0720000000,right_hand,20,0.3794802129,0.8244332075,-0.0826463625,1.0000000000
77,5.1390000000,right_hand,20,0.3785204589,0.8268362284,-0.0856576189,1.0000000000
78,5.2060000000,right_hand,20,0.3750864267,0.8273442984,-0.0582944117,1.0000000000
79,5.2720000000,right_hand,20,0.5144836307,0.6695939302,-0.0373103097,1.0000000000
80,5.3390000000,right_hand,20,0.5177314281,0.6546811461,-0.0295409169,1.0000000000
81,5.4060000000,right_hand,20,0.5208951831,0.6515578628,-0.0098311529,1.0000000000
82,5.4720000000,right_hand,20,0.3771157861,0.8287064433,-0.0616692975,1.0000000000
83,5.5390000000,right_hand,20,0.3759298325,0.8288225532,-0.0869057849,1.0000000000
84,5.6060000000,right_hand,20,0.3784158826,0.8278216124,-0.0887267143,1.0000000000
85,5.6730000000,right_hand,20,0.3759881556,0.8298308253,-0.0825693011,1.0000000000
86,5.7390000000,right_hand,20,0.3768304288,0.8252640367,-0.0705472976,1.0000000000
87,5.8060000000,right_hand,20,0.4442414939,0.7251858115,-0.0408188775,1.0000000000
88,5.8730000000,right_hand,20,0.3756399453,0.8291712999,-0.0868980363,1.0000000000
89,5.9400000000,right_hand,20,0.3726302087,0.8337900639,-0.1052289680,1.0000000000
90,6.0060000000,right_hand,20,0.3749663532,0.8305445313,-0.0877138600,1.0000000000
91,6.0730000000,right_hand,20,0.3761167228,0.8300799131,-0.0812307894,1.0000000000
92,6.1400000000,right_hand,20,0.3965455294,0.8135576844,-0.0683379918,1.0000000000
93,6.2070000000,right_hand,20,0.4017560780,0.8017528057,-0.0899522156,1.0000000000
94,6.2730000000,right_hand,20,0.3819654882,0.8334198594,-0.0919736400,1.0000000000
95,6.3400000000,right_hand,20,0.3839846849,0.8312334418,-0.1001449823,1.0000000000
96,6.4070000000,right_hand,20,0.3772556782,0.8334642649,-0.1028812006,1.0000000000
97,6.4740000000,right_hand,20,0.3783458173,0.8332636952,-0.0912104025,1.0000000000
98,6.5400000000,right_hand,20,0.3765956759,0.8301920295,-0.0881436244,1.0000000000
99,6.6070000000,right_hand,20,0.3732933104,0.8312603831,-0.0885669664,1.0000000000
100,6.6740000000,right_hand,20,0.3752759397,0.8324713707,-0.0975617245,1.0000000000
101,6.7400000000,right_hand,20,0.3758364022,0.8329173923,-0.0995695964,1.0000000000
102,6.8070000000,right_hand,20,0.3734396696,0.8329865336,-0.1025045961,1.0000000000
103,6.8740000000,right_hand,20,0.3759026229,0.8346305490,-0.0912140235,1.0000000000
104,6.9410000000,right_hand,20,0.3714012504,0.8309527636,-0.0984380767,1.0000000000
105,7.0070000000,right_hand,20,0.3728405833,0.8317844272,-0.0811361074,1.0000000000
106,7.0740000000,right_hand,20,0.3740612566,0.8335582018,-0.0940272361,1.0000000000
107,7.1410000000,right_hand,20,0.3705110550,0.8318070769,-0.0904593542,1.0000000000
108,7.2080000000,right_hand,20,0.3732102811,0.8340401649,-0.1045421734,1.0000000000
109,7.2740000000,right_hand,20,0.3729605675,0.8307482600,-0.0715014860,1.0000000000
110,7.3410000000,right_hand,20,0.3744695485,0.8326251507,-0.0798440948,1.0000000000
111,7.4080000000,right_hand,20,0.3851017058,0.8137006760,-0.0533632562,1.0000000000
112,7.4750000000,right_hand,20,0.3743591309,0.8295121193,-0.0581201129,1.0000000000
113,7.5410000000,right_hand,20,0.3724077642,0.8307859898,-0.0590304434,1.0000000000
114,7.6080000000,right_hand,20,0.3722483814,0.8312680125,-0.0676710606,1.0000000000
115,7.6750000000,right_hand,20,0.3743983209,0.8295671940,-0.0821487159,1.0000000000
116,7.7420000000,right_hand,20,0.3735354543,0.8346008062,-0.0775910765,1.0000000000
117,7.8080000000,right_hand,20,0.3866471648,0.8038079739,-0.0615600422,1.0000000000
118,7.8750000000,right_hand,20,0.3787590861,0.8276244402,-0.0645731390,1.0000000000
119,7.9420000000,right_hand,20,0.3777176738,0.8288648725,-0.0746839419,1.0000000000
120,8.0080000000,right_hand,20,0.3752357662,0.8351843357,-0.0856918916,1.0000000000
121,8.0750000000,right_hand,20,0.3796347678,0.8361073136,-0.0874795765,1.0000000000
122,8.1420000000,right_hand,20,0.3757889271,0.8353282809,-0.0745512992,1.0000000000
123,8.2090000000,right_hand,20,0.4317538738,0.7596334815,-0.0711432472,1.0000000000
124,8.2750000000,right_hand,20,0.3838509321,0.8343365192,-0.0978471860,1.0000000000
125,8.3420000000,right_hand,20,0.3797800243,0.8350728154,-0.0726502538,1.0000000000
126,8.4090000000,right_hand,20,0.3779446185,0.8395497203,-0.0816995651,1.0000000000
127,8.4760000000,right_hand,20,0.3768237829,0.8372246623,-0.0939230025,1.0000000000
128,8.5420000000,right_hand,20,0.3787375391,0.8377592564,-0.1169560701,1.0000000000
129,8.6090000000,right_hand,20,0.3805185854,0.8362102509,-0.0839940831,1.0000000000
130,8.6760000000,right_hand,20,0.3798941970,0.8355747461,-0.0812211037,1.0000000000
131,8.7430000000,right_hand,20,0.3814028502,0.8350051045,-0.0761386156,1.0000000000
132,8.8090000000,right_hand,20,0.4037450552,0.8063839078,-0.0603724308,1.0000000000
133,8.8760000000,right_hand,20,0.3816393614,0.8365914822,-0.0803970620,1.0000000000
134,8.9430000000,right_hand,20,0.3866850436,0.8346805573,-0.1023415700,1.0000000000
135,9.0100000000,right_hand,20,0.3862743974,0.8368477225,-0.0771246031,1.0000000000
136,9.0760000000,right_hand,20,0.3919677734,0.8320943117,-0.0694648474,1.0000000000
137,9.1430000000,right_hand,20,0.3905172944,0.8315438032,-0.0700759813,1.0000000000
138,9.2100000000,right_hand,20,0.3891358972,0.8345668912,-0.0757309645,1.0000000000
139,9.2770000000,right_hand,20,0.3882459402,0.8354917169,-0.0858073235,1.0000000000
140,9.3430000000,right_hand,20,0.3890467584,0.8333700299,-0.0667516515,1.0000000000
141,9.4100000000,right_hand,20,0.3909292221,0.8283708692,-0.0728645027,1.0000000000
142,9.4770000000,right_hand,20,0.3858398199,0.8341745734,-0.0918077379,1.0000000000
143,9.5430000000,right_hand,20,0.3896794021,0.8300262094,-0.0890450254,1.0000000000
144,9.6100000000,right_hand,20,0.3886068761,0.8334782124,-0.0789602250,1.0000000000
145,9.6770000000,right_hand,20,0.3833052516,0.8344407082,-0.0769164190,1.0000000000
146,9.7440000000,right_hand,20,0.3842535913,0.8341107368,-0.0784763619,1.0000000000
147,9.8100000000,right_hand,20,0.3824498355,0.8327269554,-0.0771335736,1.0000000000
148,9.8770000000,right_hand,20,0.4192214012,0.7885628939,-0.0880711973,1.0000000000
149,9.9440000000,right_hand,20,0.3814754188,0.8359893560,-0.0687090233,1.0000000000
150,10.0110000000,right_hand,20,0.4356912374,0.7687842250,-0.0641739219,1.0000000000
151,10.0770000000,right_hand,20,0.3812715709,0.8360114694,-0.0725068226,1.0000000000
152,10.1440000000,right_hand,20,0.4065814316,0.8102706075,-0.0792373270,1.0000000000
153,10.2110000000,right_hand,20,0.3807075918,0.8357048035,-0.0852441415,1.0000000000
154,10.2780000000,right_hand,20,0.3772791624,0.8291997910,-0.0998486206,1.0000000000
155,10.3440000000,right_hand,20,0.3767035306,0.8312540054,-0.0778043643,1.0000000000
156,10.4110000000,right_hand,20,0.3737906218,0.8292915821,-0.0706420839,1.0000000000
157,10.4780000000,right_hand,20,0.3721987307,0.8294530511,-0.0782799646,1.0000000000
158,10.5450000000,right_hand,20,0.3700760305,0.8296169043,-0.0885961354,1.0000000000
159,10.6110000000,right_hand,20,0.3683234453,0.8289439678,-0.1149502471,1.0000000000
160,10.6780000000,right_hand,20,0.3700465262,0.8284730911,-0.0994434655,1.0000000000
161,10.7450000000,right_hand,20,0.3674185276,0.8293846250,-0.1058971584,1.0000000000
162,10.8110000000,right_hand,20,0.3785988688,0.8161619306,-0.0886832625,1.0000000000
163,10.8780000000,right_hand,20,0.3687150776,0.8211669326,-0.0566425212,1.0000000000
164,10.9450000000,right_hand,20,0.3710172176,0.8242796063,-0.0773914084,1.0000000000
165,11.0120000000,right_hand,20,0.4393064678,0.7478615642,-0.0639357492,1.0000000000
166,11.0780000000,right_hand,20,0.3673388660,0.8291055560,-0.0951743945,1.0000000000
167,11.1450000000,right_hand,20,0.3698062301,0.8246865273,-0.0980208740,1.0000000000
168,11.2120000000,right_hand,20,0.3679909706,0.8283076882,-0.0959194601,1.0000000000
169,11.2790000000,right_hand,20,0.3826877177,0.8120287657,-0.0913554654,1.0000000000
170,11.3450000000,right_hand,20,0.3759167194,0.8174643517,-0.0846767426,1.0000000000
171,11.4120000000,right_hand,20,0.3711012900,0.8275665045,-0.0712451711,1.0000000000
172,11.4790000000,right_hand,20,0.3702391982,0.8237862587,-0.1036034450,1.0000000000
173,11.5460000000,right_hand,20,0.3713082969,0.8207145333,-0.0659033656,1.0000000000
174,11.6120000000,right_hand,20,0.3706052005,0.8263841271,-0.0742314234,1.0000000000
175,11.6790000000,right_hand,20,0.3712459207,0.8263112307,-0.0656636208,1.0000000000
176,11.7460000000,right_hand,20,0.3726029992,0.8274760842,-0.0822404251,1.0000000000
177,11.8130000000,right_hand,20,0.4272710383,0.7588374615,-0.0391938090,1.0000000000
178,11.8790000000,right_hand,20,0.3783125281,0.8267809749,-0.0733456165,1.0000000000
179,11.9460000000,right_hand,20,0.3748933971,0.8270185590,-0.0718582198,1.0000000000
