frame_id,timestamp_sec,landmark_type,landmark_id,x,y,z,visibility
75,5.0000000000,left_hand,0,0.5949980617,0.6050868034,-0.0000001045,1.0000000000
76,5.0670000000,left_hand,0,0.5970549583,0.6041584611,-0.0000000603,1.0000000000
77,5.1330000000,left_hand,0,0.6014086008,0.6084340215,-0.0000000266,1.0000000000
78,5.2000000000,left_hand,0,0.6080242395,0.5992639661,-0.0000000247,1.0000000000
79,5.2670000000,left_hand,0,0.6092511415,0.5938762426,-0.0000000036,1.0000000000
80,5.3330000000,left_hand,0,0.6152513027,0.5861637592,-0.0000000605,1.0000000000
81,5.4000000000,left_hand,0,0.6158626080,0.5903393030,-0.0000000186,1.0000000000
82,5.4670000000,left_hand,0,0.6141210794,0.5945016742,-0.0000000331,1.0000000000
83,5.5330000000,left_hand,0,0.6051692367,0.6061535478,0.0000000271,1.0000000000
84,5.6000000000,left_hand,0,0.6000573635,0.6095307469,-0.0000000298,1.0000000000
85,5.6670000000,left_hand,0,0.6012573242,0.6099002361,-0.0000000578,1.0000000000
86,5.7330000000,left_hand,0,0.6022878885,0.6052023768,-0.0000000353,1.0000000000
87,5.8000000000,left_hand,0,0.6041533351,0.5990539789,-0.0000000526,1.0000000000
88,5.8670000000,left_hand,0,0.6053838730,0.5913842916,-0.0000000333,1.0000000000
89,5.9330000000,left_hand,0,0.6048772931,0.5872254968,-0.0000000646,1.0000000000
90,6.0000000000,left_hand,0,0.6055352688,0.5841519833,-0.0000000473,1.0000000000
91,6.0670000000,left_hand,0,0.6079743505,0.5818238258,-0.0000000658,1.0000000000
92,6.1330000000,left_hand,0,0.6089995503,0.5752102137,-0.0000000449,1.0000000000
93,6.2000000000,left_hand,0,0.6118847132,0.5723473430,-0.0000000396,1.0000000000
94,6.2670000000,left_hand,0,0.6183336377,0.5671885014,-0.0000000454,1.0000000000
95,6.3330000000,left_hand,0,0.6242552996,0.5614410043,-0.0000000406,1.0000000000
96,6.4000000000,left_hand,0,0.6258235574,0.5609283447,-0.0000000284,1.0000000000
97,6.4670000000,left_hand,0,0.6243674159,0.5641775131,0.0000000222,1.0000000000
98,6.5330000000,left_hand,0,0.6203793883,0.5716100931,-0.0000000054,1.0000000000
99,6.6000000000,left_hand,0,0.6136604548,0.5804818273,-0.0000000262,1.0000000000
100,6.6670000000,left_hand,0,0.6099761724,0.5920054913,-0.0000001124,1.0000000000
101,6.7330000000,left_hand,0,0.6030760407,0.6027173996,-0.0000000737,1.0000000000
102,6.8000000000,left_hand,0,0.6015225649,0.6030953526,-0.0000000920,1.0000000000
103,6.8670000000,left_hand,0,0.6027276516,0.6029018760,-0.0000001021,1.0000000000
104,6.9330000000,left_hand,0,0.6062868834,0.5979037285,-0.0000000346,1.0000000000
105,7.0000000000,left_hand,0,0.6088140011,0.5901011825,-0.0000000498,1.0000000000
106,7.0670000000,left_hand,0,0.6114230156,0.5816720724,-0.0000000282,1.0000000000
107,7.1330000000,left_hand,0,0.6141131520,0.5687501431,-0.0000000119,1.0000000000
108,7.2000000000,left_hand,0,0.6184619069,0.5565927029,-0.0000000473,1.0000000000
109,7.2670000000,left_hand,0,0.6228908896,0.5480446815,-0.0000000391,1.0000000000
110,7.3330000000,left_hand,0,0.6237094402,0.5438250303,-0.0000000337,1.0000000000
111,7.4000000000,left_hand,0,0.6223990917,0.5476201177,-0.0000000387,1.0000000000
112,7.4670000000,left_hand,0,0.6189192533,0.5602207780,-0.0000000040,1.0000000000
113,7.5330000000,left_hand,0,0.6151082516,0.5717033148,-0.0000000061,1.0000000000
114,7.6000000000,left_hand,0,0.6103683114,0.5820665359,-0.0000000124,1.0000000000
115,7.6670000000,left_hand,0,0.6068352461,0.5925506353,-0.0000000654,1.0000000000
116,7.7330000000,left_hand,0,0.6036433578,0.6028797626,-0.0000000082,1.0000000000
117,7.8000000000,left_hand,0,0.6017557979,0.6065307856,-0.0000000608,1.0000000000
118,7.8670000000,left_hand,0,0.5997833014,0.6079286337,-0.0000000711,1.0000000000
119,7.9330000000,left_hand,0,0.6020769477,0.6076998711,-0.0000000710,1.0000000000
120,8.0000000000,left_hand,0,0.6061159372,0.6033095717,-0.0000000645,1.0000000000
121,8.0670000000,left_hand,0,0.6082023978,0.5942826271,-0.0000001275,1.0000000000
122,8.1330000000,left_hand,0,0.6102325916,0.5872884393,-0.0000000710,1.0000000000
123,8.2000000000,left_hand,0,0.6121587753,0.5780280828,-0.0000000372,1.0000000000
124,8.2670000000,left_hand,0,0.6142293811,0.5688843727,-0.0000000474,1.0000000000
125,8.3330000000,left_hand,0,0.6178344488,0.5605599880,-0.0000000515,1.0000000000
126,8.4000000000,left_hand,0,0.6192905307,0.5550420880,-0.0000000542,1.0000000000
127,8.4670000000,left_hand,0,0.6171953678,0.5564926863,-0.0000000381,1.0000000000
128,8.5330000000,left_hand,0,0.6153265238,0.5590422750,-0.0000000052,1.0000000000
129,8.6000000000,left_hand,0,0.6114892364,0.5637441278,-0.0000000048,1.0000000000
130,8.6670000000,left_hand,0,0.6077384353,0.5691338181,-0.0000000066,1.0000000000
131,8.7330000000,left_hand,0,0.6054629087,0.5766884685,-0.0000000478,1.0000000000
132,8.8000000000,left_hand,0,0.6003692746,0.5836491585,-0.0000000110,1.0000000000
133,8.8670000000,left_hand,0,0.6022061706,0.5947046280,-0.0000000064,1.0000000000
134,8.9330000000,left_hand,0,0.6037027836,0.6040467024,-0.0000000705,1.0000000000
135,9.0000000000,left_hand,0,0.6035394669,0.6076704860,-0.0000000709,1.0000000000
136,9.0670000000,left_hand,0,0.6050680876,0.6012704968,-0.0000000424,1.0000000000
137,9.1330000000,left_hand,0,0.6093122363,0.5938649774,-0.0000000497,1.0000000000
138,9.2000000000,left_hand,0,0.6118183136,0.5834247470,-0.0000000592,1.0000000000
139,9.2670000000,left_hand,0,0.6140189767,0.5737264752,-0.0000000499,1.0000000000
140,9.3330000000,left_hand,0,0.6150971055,0.5595094562,-0.0000000630,1.0000000000
141,9.4000000000,left_hand,0,0.6183053255,0.5521375537,-0.0000000580,1.0000000000
142,9.4670000000,left_hand,0,0.6201106906,0.5436231494,-0.0000000526,1.0000000000
143,9.5330000000,left_hand,0,0.6232464314,0.5502624512,-0.0000000221,1.0000000000
144,9.6000000000,left_hand,0,0.6204123497,0.5605280995,-0.0000000168,1.0000000000
145,9.6670000000,left_hand,0,0.6171609163,0.5666478276,-0.0000000356,1.0000000000
146,9.7330000000,left_hand,0,0.6139176488,0.5722435117,-0.0000000125,1.0000000000
147,9.8000000000,left_hand,0,0.6088300943,0.5804861784,-0.0000000157,1.0000000000
148,9.8670000000,left_hand,0,0.6089732051,0.5987508893,-0.0000000106,1.0000000000
149,9.9330000000,left_hand,0,0.6053280830,0.6081197262,-0.0000000965,1.0000000000
150,10.0000000000,left_hand,0,0.6017125845,0.6158916950,-0.0000000665,1.0000000000
151,10.0670000000,left_hand,0,0.5946823359,0.6143339872,-0.0000000498,1.0000000000
152,10.1330000000,left_hand,0,0.5945125222,0.6143655181,-0.0000000707,1.0000000000
153,10.2000000000,left_hand,0,0.5945467949,0.6131054163,-0.0000000463,1.0000000000
154,10.2670000000,left_hand,0,0.5956817269,0.6107884645,-0.0000001296,1.0000000000
155,10.3330000000,left_hand,0,0.5985323787,0.6091983914,-0.0000001393,1.0000000000
156,10.4000000000,left_hand,0,0.6009484529,0.6015914679,-0.0000000863,1.0000000000
157,10.4670000000,left_hand,0,0.6055514216,0.5986772180,-0.0000000166,1.0000000000
158,10.5330000000,left_hand,0,0.6099054217,0.5940070152,-0.0000000576,1.0000000000
159,10.6000000000,left_hand,0,0.6138596535,0.5844786167,-0.0000000499,1.0000000000
160,10.6670000000,left_hand,0,0.6154284477,0.5815873742,-0.0000000478,1.0000000000
161,10.7330000000,left_hand,0,0.6163992286,0.5745570064,-0.0000000615,1.0000000000
162,10.8000000000,left_hand,0,0.6166780591,0.5768831372,-0.0000000385,1.0000000000
163,10.8670000000,left_hand,0,0.6148067713,0.5801359415,-0.0000000073,1.0000000000
164,10.9330000000,left_hand,0,0.6145265698,0.5834617019,-0.0000000063,1.0000000000
165,11.0000000000,left_hand,0,0.6110491157,0.5903040767,-0.0000000275,1.0000000000
166,11.0670000000,left_hand,0,0.6069698930,0.6057751775,-0.0000000266,1.0000000000
167,11.1330000000,left_hand,0,0.6047662497,0.6115752459,-0.0000000440,1.0000000000
168,11.2000000000,left_hand,0,0.6008108854,0.6191529632,-0.0000001156,1.0000000000
169,11.2670000000,left_hand,0,0.5954369307,0.6224439740,-0.0000000839,1.0000000000
170,11.3330000000,left_hand,0,0.5953825712,0.6241002083,-0.0000000885,1.0000000000
171,11.4000000000,left_hand,0,0.5942368507,0.6244739890,-0.0000000887,1.0000000000
172,11.4670000000,left_hand,0,0.5938289165,0.6256198287,-0.0000000929,1.0000000000
173,11.5330000000,left_hand,0,0.5949658155,0.6207639575,-0.0000000902,1.0000000000
174,11.6000000000,left_hand,0,0.5944573879,0.6114238501,-0.0000000614,1.0000000000
175,11.6670000000,left_hand,0,0.5975296497,0.6166664362,-0.0000000715,1.0000000000
176,11.7330000000,left_hand,0,0.5987034440,0.6090701222,-0.0000000843,1.0000000000
177,11.8000000000,left_hand,0,0.6005363464,0.6081861258,-0.0000001380,1.0000000000
178,11.8670000000,left_hand,0,0.6013762355,0.6000503302,-0.0000001076,1.0000000000
179,11.9330000000,left_hand,0,0.5993000865,0.5987800956,-0.0000000818,1.0000000000
180,12.0000000000,left_hand,0,0.6017286777,0.5952793360,-0.0000000841,1.0000000000
75,5.0000000000,left_hand,1,0.5639292002,0.6094559431,0.0043051452,1.0000000000
76,5.0670000000,left_hand,1,0.5672143698,0.6087470651,0.0024437425,1.0000000000
77,5.1330000000,left_hand,1,0.5741871595,0.6100082397,0.0000596342,1.0000000000
78,5.2000000000,left_hand,1,0.5794547796,0.6030523777,-0.0004045235,1.0000000000
79,5.2670000000,left_hand,1,0.5812456012,0.6003371477,0.0002125885,1.0000000000
80,5.3330000000,left_hand,1,0.5870568752,0.5953105092,-0.0019474399,1.0000000000
81,5.4000000000,left_hand,1,0.5882830620,0.6005482674,0.0003697436,1.0000000000
82,5.4670000000,left_hand,1,0.5859682560,0.6037979126,0.0026331940,1.0000000000
83,5.5330000000,left_hand,1,0.5791235566,0.6136908531,-0.0003084319,1.0000000000
84,5.6000000000,left_hand,1,0.5702602267,0.6149870753,0.0000841355,1.0000000000
85,5.6670000000,left_hand,1,0.5713124871,0.6162238121,0.0004786103,1.0000000000
86,5.7330000000,left_hand,1,0.5715165734,0.6127923131,-0.0002293074,1.0000000000
87,5.8000000000,left_hand,1,0.5739392042,0.6071031094,-0.0002967202,1.0000000000
88,5.8670000000,left_hand,1,0.5737839937,0.5997481346,0.0004362520,1.0000000000
89,5.9330000000,left_hand,1,0.5739601851,0.5948348045,0.0005425322,1.0000000000
90,6.0000000000,left_hand,1,0.5738708973,0.5934357047,0.0006846535,1.0000000000
91,6.0670000000,left_hand,1,0.5756579638,0.5917154551,0.0002718776,1.0000000000
92,6.1330000000,left_hand,1,0.5766247511,0.5876295567,0.0007166520,1.0000000000
93,6.2000000000,left_hand,1,0.5809428692,0.5835347772,0.0005223980,1.0000000000
94,6.2670000000,left_hand,1,0.5872186422,0.5744498372,-0.0014197504,1.0000000000
95,6.3330000000,left_hand,1,0.5910838842,0.5693200231,0.0003997053,1.0000000000
96,6.4000000000,left_hand,1,0.5939165950,0.5653552413,-0.0004401094,1.0000000000
97,6.4670000000,left_hand,1,0.5918796659,0.5683119893,-0.0028625100,1.0000000000
98,6.5330000000,left_hand,1,0.5883657336,0.5763803720,-0.0009267748,1.0000000000
99,6.6000000000,left_hand,1,0.5821164846,0.5890926719,0.0025857333,1.0000000000
100,6.6670000000,left_hand,1,0.5772778988,0.5965642333,0.0025295967,1.0000000000
101,6.7330000000,left_hand,1,0.5715718269,0.6085308194,0.0015874817,1.0000000000
102,6.8000000000,left_hand,1,0.5700402856,0.6138030291,0.0017183943,1.0000000000
103,6.8670000000,left_hand,1,0.5699580312,0.6120374203,0.0006387606,1.0000000000
104,6.9330000000,left_hand,1,0.5748253465,0.6050924659,-0.0005728370,1.0000000000
105,7.0000000000,left_hand,1,0.5777517557,0.5984586477,0.0022797047,1.0000000000
106,7.0670000000,left_hand,1,0.5793164968,0.5898631215,0.0002198686,1.0000000000
107,7.1330000000,left_hand,1,0.5807245970,0.5777205825,-0.0019149715,1.0000000000
108,7.2000000000,left_hand,1,0.5864354968,0.5664160252,-0.0019167054,1.0000000000
109,7.2670000000,left_hand,1,0.5902683139,0.5584092736,-0.0001951596,1.0000000000
110,7.3330000000,left_hand,1,0.5915791988,0.5532430410,-0.0006172318,1.0000000000
111,7.4000000000,left_hand,1,0.5905048847,0.5552793741,0.0013078369,1.0000000000
112,7.4670000000,left_hand,1,0.5868660212,0.5660824180,-0.0011934428,1.0000000000
113,7.5330000000,left_hand,1,0.5822198391,0.5769939423,0.0006361383,1.0000000000
114,7.6000000000,left_hand,1,0.5778340101,0.5870286822,0.0004409153,1.0000000000
115,7.6670000000,left_hand,1,0.5742766857,0.5985236168,0.0019838936,1.0000000000
116,7.7330000000,left_hand,1,0.5715570450,0.6073843837,0.0015277263,1.0000000000
117,7.8000000000,left_hand,1,0.5699212551,0.6118178368,0.0034614252,1.0000000000
118,7.8670000000,left_hand,1,0.5702028871,0.6161826849,0.0021705583,1.0000000000
119,7.9330000000,left_hand,1,0.5691932440,0.6160185933,0.0012357759,1.0000000000
120,8.0000000000,left_hand,1,0.5733502507,0.6102243662,0.0006584122,1.0000000000
121,8.0670000000,left_hand,1,0.5740309358,0.6035180092,0.0001216142,1.0000000000
122,8.1330000000,left_hand,1,0.5781008005,0.5964665413,0.0001361303,1.0000000000
123,8.2000000000,left_hand,1,0.5800430179,0.5885646939,0.0002904707,1.0000000000
124,8.2670000000,left_hand,1,0.5826436877,0.5784748197,-0.0008099654,1.0000000000
125,8.3330000000,left_hand,1,0.5863182545,0.5697493553,0.0007198983,1.0000000000
126,8.4000000000,left_hand,1,0.5874563456,0.5664724112,0.0010630116,1.0000000000
127,8.4670000000,left_hand,1,0.5858542323,0.5662710667,-0.0005927830,1.0000000000
128,8.5330000000,left_hand,1,0.5847023129,0.5669108629,-0.0040911334,1.0000000000
129,8.6000000000,left_hand,1,0.5786956549,0.5751098394,-0.0009941752,1.0000000000
130,8.6670000000,left_hand,1,0.5766119361,0.5803625584,0.0004988399,1.0000000000
131,8.7330000000,left_hand,1,0.5740550756,0.5852317810,0.0022568444,1.0000000000
132,8.8000000000,left_hand,1,0.5687599778,0.5952250957,0.0031670933,1.0000000000
133,8.8670000000,left_hand,1,0.5704430938,0.6048570871,0.0027549446,1.0000000000
134,8.9330000000,left_hand,1,0.5710576773,0.6132097244,0.0031614858,1.0000000000
135,9.0000000000,left_hand,1,0.5715106130,0.6137003303,0.0006961198,1.0000000000
136,9.0670000000,left_hand,1,0.5730705857,0.6113512516,-0.0009604427,1.0000000000
137,9.1330000000,left_hand,1,0.5773657560,0.6011240482,0.0017591955,1.0000000000
138,9.2000000000,left_hand,1,0.5790542960,0.5931740999,0.0017466338,1.0000000000
139,9.2670000000,left_hand,1,0.5811730623,0.5825321674,-0.0017418498,1.0000000000
140,9.3330000000,left_hand,1,0.5838443637,0.5709331036,-0.0005520887,1.0000000000
141,9.4000000000,left_hand,1,0.5863977075,0.5633569360,-0.0001806168,1.0000000000
142,9.4670000000,left_hand,1,0.5893192887,0.5560136437,0.0013595487,1.0000000000
143,9.5330000000,left_hand,1,0.5917486548,0.5572888255,0.0006136752,1.0000000000
144,9.6000000000,left_hand,1,0.5879535079,0.5681760311,0.0005318834,1.0000000000
145,9.6670000000,left_hand,1,0.5850210786,0.5729438066,0.0014369021,1.0000000000
146,9.7330000000,left_hand,1,0.5805701613,0.5816112757,-0.0006760760,1.0000000000
147,9.8000000000,left_hand,1,0.5764780045,0.5895324349,0.0012220070,1.0000000000
148,9.8670000000,left_hand,1,0.5761216283,0.6042749882,0.0029144690,1.0000000000
149,9.9330000000,left_hand,1,0.5711958408,0.6137104034,0.0045818952,1.0000000000
150,10.0000000000,left_hand,1,0.5697143674,0.6178537011,0.0042628990,1.0000000000
151,10.0670000000,left_hand,1,0.5638946295,0.6208158135,0.0063571329,1.0000000000
152,10.1330000000,left_hand,1,0.5641778111,0.6207599044,0.0018300328,1.0000000000
153,10.2000000000,left_hand,1,0.5633237958,0.6199231148,0.0003588455,1.0000000000
154,10.2670000000,left_hand,1,0.5629618168,0.6185347438,0.0002080976,1.0000000000
155,10.3330000000,left_hand,1,0.5657355189,0.6164152622,0.0017157508,1.0000000000
156,10.4000000000,left_hand,1,0.5655233860,0.6090277433,0.0004395666,1.0000000000
157,10.4670000000,left_hand,1,0.5721334219,0.6057292819,0.0011821751,1.0000000000
158,10.5330000000,left_hand,1,0.5790871382,0.5985767841,-0.0001300953,1.0000000000
159,10.6000000000,left_hand,1,0.5805944204,0.5913594365,0.0003911185,1.0000000000
160,10.6670000000,left_hand,1,0.5838578939,0.5870776772,0.0001232833,1.0000000000
161,10.7330000000,left_hand,1,0.5856462717,0.5834129453,0.0019000452,1.0000000000
162,10.8000000000,left_hand,1,0.5865433812,0.5848841071,0.0017477202,1.0000000000
163,10.8670000000,left_hand,1,0.5853644609,0.5842379332,-0.0006941750,1.0000000000
164,10.9330000000,left_hand,1,0.5832503438,0.5899615288,0.0009425763,1.0000000000
165,11.0000000000,left_hand,1,0.5813825727,0.5963153243,0.0024040546,1.0000000000
166,11.0670000000,left_hand,1,0.5770578384,0.6083506346,0.0015996448,1.0000000000
167,11.1330000000,left_hand,1,0.5744941235,0.6151527166,0.0021835037,1.0000000000
168,11.2000000000,left_hand,1,0.5688257813,0.6228559017,0.0024731071,1.0000000000
169,11.2670000000,left_hand,1,0.5655838847,0.6302406192,0.0022802071,1.0000000000
170,11.3330000000,left_hand,1,0.5644964576,0.6290051341,0.0027222121,1.0000000000
171,11.4000000000,left_hand,1,0.5634658337,0.6295257807,0.0011961396,1.0000000000
172,11.4670000000,left_hand,1,0.5634036064,0.6329302788,0.0022864356,1.0000000000
173,11.5330000000,left_hand,1,0.5635276437,0.6259179711,0.0020427976,1.0000000000
174,11.6000000000,left_hand,1,0.5630844831,0.6215049028,0.0021225712,1.0000000000
175,11.6670000000,left_hand,1,0.5671213269,0.6244464517,-0.0003689961,1.0000000000
176,11.7330000000,left_hand,1,0.5658414364,0.6189084649,0.0000927588,1.0000000000
177,11.8000000000,left_hand,1,0.5679317713,0.6161067486,0.0011961631,1.0000000000
178,11.8670000000,left_hand,1,0.5694690347,0.6082412601,0.0009719135,1.0000000000
179,11.9330000000,left_hand,1,0.5680927038,0.6087937355,0.0039403038,1.0000000000
180,12.0000000000,left_hand,1,0.5694496632,0.6034433246,0.0017778116,1.0000000000
75,5.0000000000,left_hand,2,0.5397592187,0.6315464377,0.0009600159,1.0000000000
76,5.0670000000,left_hand,2,0.5420824289,0.6344766021,-0.0023689424,1.0000000000
77,5.1330000000,left_hand,2,0.5494932532,0.6330371499,-0.0058677690,1.0000000000
78,5.2000000000,left_hand,2,0.5553227067,0.6308228970,-0.0070908573,1.0000000000
79,5.2670000000,left_hand,2,0.5565252304,0.6302062869,-0.0052654608,1.0000000000
80,5.3330000000,left_hand,2,0.5603433251,0.6276668310,-0.0085066473,1.0000000000
81,5.4000000000,left_hand,2,0.5617231727,0.6330030560,-0.0045502046,1.0000000000
82,5.4670000000,left_hand,2,0.5603638887,0.6305497289,-0.0016814210,1.0000000000
83,5.5330000000,left_hand,2,0.5541054606,0.6437343955,-0.0051977383,1.0000000000
84,5.6000000000,left_hand,2,0.5422344804,0.6431421041,-0.0061353296,1.0000000000
85,5.6670000000,left_hand,2,0.5447780490,0.6462950706,-0.0049066008,1.0000000000
86,5.7330000000,left_hand,2,0.5437157750,0.6425226927,-0.0067629851,1.0000000000
87,5.8000000000,left_hand,2,0.5459185243,0.6384543180,-0.0058085583,1.0000000000
88,5.8670000000,left_hand,2,0.5460934639,0.6318743825,-0.0054884991,1.0000000000
89,5.9330000000,left_hand,2,0.5469025970,0.6262752414,-0.0046321494,1.0000000000
90,6.0000000000,left_hand,2,0.5463848710,0.6268871427,-0.0047520953,1.0000000000
91,6.0670000000,left_hand,2,0.5473659635,0.6273838878,-0.0038969114,1.0000000000
92,6.1330000000,left_hand,2,0.5494996905,0.6253764629,-0.0031530403,1.0000000000
93,6.2000000000,left_hand,2,0.5546948910,0.6201446652,-0.0043308334,1.0000000000
94,6.2670000000,left_hand,2,0.5609151125,0.6097483635,-0.0065489630,1.0000000000
95,6.3330000000,left_hand,2,0.5625531077,0.6049500704,-0.0044463226,1.0000000000
96,6.4000000000,left_hand,2,0.5664448142,0.6008757353,-0.0056487960,1.0000000000
97,6.4670000000,left_hand,2,0.5675346851,0.6015114784,-0.0108842049,1.0000000000
98,6.5330000000,left_hand,2,0.5615541339,0.6120546460,-0.0075187371,1.0000000000
99,6.6000000000,left_hand,2,0.5542131662,0.6215502024,-0.0017303724,1.0000000000
100,6.6670000000,left_hand,2,0.5488424301,0.6262299418,0.0005076399,1.0000000000
101,6.7330000000,left_hand,2,0.5423135161,0.6387075782,-0.0018836631,1.0000000000
102,6.8000000000,left_hand,2,0.5407181382,0.6476387978,-0.0015446242,1.0000000000
103,6.8670000000,left_hand,2,0.5387556553,0.6485247016,-0.0036824190,1.0000000000
104,6.9330000000,left_hand,2,0.5445196033,0.6391278505,-0.0042669140,1.0000000000
105,7.0000000000,left_hand,2,0.5492513776,0.6315202713,-0.0011796324,1.0000000000
106,7.0670000000,left_hand,2,0.5502516031,0.6240055561,-0.0046048993,1.0000000000
107,7.1330000000,left_hand,2,0.5540106297,0.6134575605,-0.0080708954,1.0000000000
108,7.2000000000,left_hand,2,0.5589865446,0.6033721566,-0.0071685058,1.0000000000
109,7.2670000000,left_hand,2,0.5629107952,0.5973370075,-0.0042518396,1.0000000000
110,7.3330000000,left_hand,2,0.5642204881,0.5928507447,-0.0052953176,1.0000000000
111,7.4000000000,left_hand,2,0.5639733076,0.5949922800,-0.0022134192,1.0000000000
112,7.4670000000,left_hand,2,0.5611183047,0.6003565788,-0.0074881115,1.0000000000
113,7.5330000000,left_hand,2,0.5545530319,0.6136953235,-0.0042758570,1.0000000000
114,7.6000000000,left_hand,2,0.5501661897,0.6183682084,-0.0047225012,1.0000000000
115,7.6670000000,left_hand,2,0.5450252891,0.6302851439,-0.0021927527,1.0000000000
116,7.7330000000,left_hand,2,0.5429342389,0.6393941045,-0.0032043050,1.0000000000
117,7.8000000000,left_hand,2,0.5415574312,0.6444370151,0.0010955874,1.0000000000
118,7.8670000000,left_hand,2,0.5406671762,0.6461003423,-0.0020889028,1.0000000000
119,7.9330000000,left_hand,2,0.5411739945,0.6490974426,-0.0034704250,1.0000000000
120,8.0000000000,left_hand,2,0.5434067249,0.6442246437,-0.0031824529,1.0000000000
121,8.0670000000,left_hand,2,0.5444062352,0.6364724636,-0.0048905732,1.0000000000
122,8.1330000000,left_hand,2,0.5481484532,0.6309388280,-0.0043232124,1.0000000000
123,8.2000000000,left_hand,2,0.5502753854,0.6256771088,-0.0051968475,1.0000000000
124,8.2670000000,left_hand,2,0.5551466346,0.6142826080,-0.0063371263,1.0000000000
125,8.3330000000,left_hand,2,0.5570673347,0.6062312126,-0.0028308814,1.0000000000
126,8.4000000000,left_hand,2,0.5601741672,0.6043379903,-0.0034576103,1.0000000000
127,8.4670000000,left_hand,2,0.5600619912,0.6046829820,-0.0059610670,1.0000000000
128,8.5330000000,left_hand,2,0.5582189560,0.6043740511,-0.0097159613,1.0000000000
129,8.6000000000,left_hand,2,0.5519473553,0.6161941290,-0.0071337330,1.0000000000
130,8.6670000000,left_hand,2,0.5493674874,0.6170281172,-0.0044194106,1.0000000000
131,8.7330000000,left_hand,2,0.5473831296,0.6193015575,-0.0007969888,1.0000000000
132,8.8000000000,left_hand,2,0.5431283712,0.6301634312,0.0001208070,1.0000000000
133,8.8670000000,left_hand,2,0.5417340398,0.6373326778,-0.0001791593,1.0000000000
134,8.9330000000,left_hand,2,0.5413433313,0.6453808546,0.0003531907,1.0000000000
135,9.0000000000,left_hand,2,0.5422025323,0.6475932598,-0.0034471767,1.0000000000
136,9.0670000000,left_hand,2,0.5427362323,0.6463067532,-0.0058462182,1.0000000000
137,9.1330000000,left_hand,2,0.5467423797,0.6352354288,-0.0023255285,1.0000000000
138,9.2000000000,left_hand,2,0.5492405295,0.6271026134,-0.0026498111,1.0000000000
139,9.2670000000,left_hand,2,0.5523015261,0.6190251708,-0.0081627388,1.0000000000
140,9.3330000000,left_hand,2,0.5574147701,0.6086878181,-0.0060348464,1.0000000000
141,9.4000000000,left_hand,2,0.5584960580,0.6019684076,-0.0049572363,1.0000000000
142,9.4670000000,left_hand,2,0.5631498694,0.5937179327,-0.0024826361,1.0000000000
143,9.5330000000,left_hand,2,0.5667660832,0.5969936252,-0.0036032838,1.0000000000
144,9.6000000000,left_hand,2,0.5623921156,0.6044309735,-0.0044488306,1.0000000000
145,9.6670000000,left_hand,2,0.5574300289,0.6101304293,-0.0026304205,1.0000000000
146,9.7330000000,left_hand,2,0.5511001348,0.6196879745,-0.0059706182,1.0000000000
147,9.8000000000,left_hand,2,0.5490645170,0.6241471171,-0.0024312288,1.0000000000
148,9.8670000000,left_hand,2,0.5463623405,0.6346670389,0.0006113776,1.0000000000
149,9.9330000000,left_hand,2,0.5427029133,0.6412952542,0.0027765569,1.0000000000
150,10.0000000000,left_hand,2,0.5433641672,0.6455582976,0.0022745780,1.0000000000
151,10.0670000000,left_hand,2,0.5385249853,0.6511051059,0.0045232270,1.0000000000
152,10.1330000000,left_hand,2,0.5353859067,0.6530977488,-0.0016490979,1.0000000000
153,10.2000000000,left_hand,2,0.5352687836,0.6533949375,-0.0050221938,1.0000000000
154,10.2670000000,left_hand,2,0.5344824195,0.6519213915,-0.0048898440,1.0000000000
155,10.3330000000,left_hand,2,0.5366663933,0.6465938091,-0.0023946641,1.0000000000
156,10.4000000000,left_hand,2,0.5342018008,0.6401222348,-0.0029152173,1.0000000000
157,10.4670000000,left_hand,2,0.5400030017,0.6370778084,-0.0024786498,1.0000000000
158,10.5330000000,left_hand,2,0.5492310524,0.6313015223,-0.0046254979,1.0000000000
159,10.6000000000,left_hand,2,0.5515097380,0.6238523722,-0.0046262746,1.0000000000
160,10.6670000000,left_hand,2,0.5539746881,0.6210507154,-0.0044563012,1.0000000000
161,10.7330000000,left_hand,2,0.5560856462,0.6159899235,-0.0017661999,1.0000000000
162,10.8000000000,left_hand,2,0.5590410829,0.6199004054,-0.0016172187,1.0000000000
163,10.8670000000,left_hand,2,0.5564400554,0.6154851913,-0.0050343005,1.0000000000
164,10.9330000000,left_hand,2,0.5553405881,0.6231642962,-0.0038765788,1.0000000000
165,11.0000000000,left_hand,2,0.5547990203,0.6252920032,-0.0017318566,1.0000000000
166,11.0670000000,left_hand,2,0.5490595102,0.6350299716,-0.0029407186,1.0000000000
167,11.1330000000,left_hand,2,0.5474067330,0.6428893209,-0.0027702311,1.0000000000
168,11.2000000000,left_hand,2,0.5409945250,0.6493248940,-0.0021535999,1.0000000000
169,11.2670000000,left_hand,2,0.5380691886,0.6599539518,-0.0019556026,1.0000000000
170,11.3330000000,left_hand,2,0.5376098156,0.6549183130,-0.0018612702,1.0000000000
171,11.4000000000,left_hand,2,0.5363698602,0.6564032435,-0.0034846230,1.0000000000
172,11.4670000000,left_hand,2,0.5363646746,0.6592566371,-0.0036077942,1.0000000000
173,11.5330000000,left_hand,2,0.5363240242,0.6517404318,-0.0032596183,1.0000000000
174,11.6000000000,left_hand,2,0.5370383859,0.6530781984,-0.0022052692,1.0000000000
175,11.6670000000,left_hand,2,0.5365314484,0.6545319557,-0.0063630226,1.0000000000
176,11.7330000000,left_hand,2,0.5380789638,0.6502678394,-0.0061771027,1.0000000000
177,11.8000000000,left_hand,2,0.5401913524,0.6462059617,-0.0045882701,1.0000000000
178,11.8670000000,left_hand,2,0.5448763967,0.6396958828,-0.0038840314,1.0000000000
179,11.9330000000,left_hand,2,0.5434628129,0.6402990818,-0.0014659811,1.0000000000
180,12.0000000000,left_hand,2,0.5429767966,0.6339744925,-0.0035063862,1.0000000000
75,5.0000000000,left_hand,3,0.5243195295,0.6581701040,-0.0034042075,1.0000000000
76,5.0670000000,left_hand,3,0.5285299420,0.6695533991,-0.0072826059,1.0000000000
77,5.1330000000,left_hand,3,0.5367928743,0.6716535091,-0.0113022989,1.0000000000
78,5.2000000000,left_hand,3,0.5434597135,0.6678660512,-0.0138704423,1.0000000000
79,5.2670000000,left_hand,3,0.5466056466,0.6702624559,-0.0104122218,1.0000000000
80,5.3330000000,left_hand,3,0.5473608971,0.6693096161,-0.0145143727,1.0000000000
81,5.4000000000,left_hand,3,0.5497854352,0.6729947925,-0.0093766712,1.0000000000
82,5.4670000000,left_hand,3,0.5458502173,0.6645793319,-0.0063831471,1.0000000000
83,5.5330000000,left_hand,3,0.5415806174,0.6828559041,-0.0099078389,1.0000000000
84,5.6000000000,left_hand,3,0.5297254324,0.6863113642,-0.0121018309,1.0000000000
85,5.6670000000,left_hand,3,0.5326839685,0.6863587499,-0.0099160727,1.0000000000
86,5.7330000000,left_hand,3,0.5319775343,0.6843487620,-0.0127945738,1.0000000000
87,5.8000000000,left_hand,3,0.5351876020,0.6809777021,-0.0113262543,1.0000000000
88,5.8670000000,left_hand,3,0.5351666212,0.6751844287,-0.0112612285,1.0000000000
89,5.9330000000,left_hand,3,0.5366570950,0.6694388390,-0.0100307912,1.0000000000
90,6.0000000000,left_hand,3,0.5358798504,0.6713730097,-0.0101083806,1.0000000000
91,6.0670000000,left_hand,3,0.5360971689,0.6742826700,-0.0078595290,1.0000000000
92,6.1330000000,left_hand,3,0.5397275686,0.6707969308,-0.0070156679,1.0000000000
93,6.2000000000,left_hand,3,0.5447904468,0.6653835177,-0.0093609737,1.0000000000
94,6.2670000000,left_hand,3,0.5515415072,0.6547263861,-0.0110937357,1.0000000000
95,6.3330000000,left_hand,3,0.5491506457,0.6511276364,-0.0088295704,1.0000000000
96,6.4000000000,left_hand,3,0.5572174191,0.6477016211,-0.0099924859,1.0000000000
97,6.4670000000,left_hand,3,0.5580853224,0.6476701498,-0.0182668176,1.0000000000
98,6.5330000000,left_hand,3,0.5499666929,0.6571562290,-0.0138461264,1.0000000000
99,6.6000000000,left_hand,3,0.5424830914,0.6640393138,-0.0064343307,1.0000000000
100,6.6670000000,left_hand,3,0.5365038514,0.6686944366,-0.0022445272,1.0000000000
101,6.7330000000,left_hand,3,0.5297273993,0.6814647317,-0.0058035478,1.0000000000
102,6.8000000000,left_hand,3,0.5274434686,0.6939749122,-0.0047722948,1.0000000000
103,6.8670000000,left_hand,3,0.5242115259,0.7002773881,-0.0073499247,1.0000000000
104,6.9330000000,left_hand,3,0.5312342048,0.6844986677,-0.0074472358,1.0000000000
105,7.0000000000,left_hand,3,0.5370771289,0.6743775606,-0.0050333543,1.0000000000
106,7.0670000000,left_hand,3,0.5381037593,0.6689862609,-0.0093539748,1.0000000000
107,7.1330000000,left_hand,3,0.5436319709,0.6580191255,-0.0136027150,1.0000000000
108,7.2000000000,left_hand,3,0.5475371480,0.6504121423,-0.0117586609,1.0000000000
109,7.2670000000,left_hand,3,0.5529019833,0.6434052587,-0.0082527837,1.0000000000
110,7.3330000000,left_hand,3,0.5535540581,0.6401108503,-0.0097239362,1.0000000000
111,7.4000000000,left_hand,3,0.5534464717,0.6431199312,-0.0057426631,1.0000000000
112,7.4670000000,left_hand,3,0.5514860749,0.6447805762,-0.0131215956,1.0000000000
113,7.5330000000,left_hand,3,0.5440950990,0.6606862545,-0.0088154739,1.0000000000
114,7.6000000000,left_hand,3,0.5395270586,0.6620513797,-0.0098413434,1.0000000000
115,7.6670000000,left_hand,3,0.5328717828,0.6746084690,-0.0064598112,1.0000000000
116,7.7330000000,left_hand,3,0.5296673775,0.6818729639,-0.0079988139,1.0000000000
117,7.8000000000,left_hand,3,0.5281250477,0.6881465316,-0.0019217288,1.0000000000
118,7.8670000000,left_hand,3,0.5282655954,0.6907374859,-0.0066267028,1.0000000000
119,7.9330000000,left_hand,3,0.5284638405,0.6930031776,-0.0082635125,1.0000000000
120,8.0000000000,left_hand,3,0.5283148289,0.6890054941,-0.0070748748,1.0000000000
121,8.0670000000,left_hand,3,0.5312361121,0.6812501550,-0.0101083647,1.0000000000
122,8.1330000000,left_hand,3,0.5352307558,0.6767258644,-0.0087416461,1.0000000000
123,8.2000000000,left_hand,3,0.5370208621,0.6717904210,-0.0104327267,1.0000000000
124,8.2670000000,left_hand,3,0.5447256565,0.6583265662,-0.0117665101,1.0000000000
125,8.3330000000,left_hand,3,0.5455391407,0.6538245082,-0.0061878012,1.0000000000
126,8.4000000000,left_hand,3,0.5508521795,0.6517360806,-0.0080006607,1.0000000000
127,8.4670000000,left_hand,3,0.5507024527,0.6515653133,-0.0114151509,1.0000000000
128,8.5330000000,left_hand,3,0.5510367155,0.6543185711,-0.0152602885,1.0000000000
129,8.6000000000,left_hand,3,0.5439131260,0.6653162837,-0.0128840795,1.0000000000
130,8.6670000000,left_hand,3,0.5395449996,0.6613736153,-0.0092426278,1.0000000000
131,8.7330000000,left_hand,3,0.5365758538,0.6630166173,-0.0045080059,1.0000000000
132,8.8000000000,left_hand,3,0.5350339413,0.6717210412,-0.0037783738,1.0000000000
133,8.8670000000,left_hand,3,0.5300917029,0.6786597371,-0.0034848067,1.0000000000
134,8.9330000000,left_hand,3,0.5278446674,0.6880213022,-0.0030889921,1.0000000000
135,9.0000000000,left_hand,3,0.5304747820,0.6953996420,-0.0076165339,1.0000000000
136,9.0670000000,left_hand,3,0.5291578770,0.6935563684,-0.0104639204,1.0000000000
137,9.1330000000,left_hand,3,0.5344942212,0.6816047430,-0.0063092406,1.0000000000
138,9.2000000000,left_hand,3,0.5358864069,0.6714221239,-0.0072287237,1.0000000000
139,9.2670000000,left_hand,3,0.5403894186,0.6656979918,-0.0143005662,1.0000000000
140,9.3330000000,left_hand,3,0.5457670093,0.6527693868,-0.0116717927,1.0000000000
141,9.4000000000,left_hand,3,0.5465417504,0.6489114165,-0.0095790215,1.0000000000
142,9.4670000000,left_hand,3,0.5525181890,0.6383191347,-0.0066433251,1.0000000000
143,9.5330000000,left_hand,3,0.5567305088,0.6468151212,-0.0076390081,1.0000000000
144,9.6000000000,left_hand,3,0.5520633459,0.6487164497,-0.0092611741,1.0000000000
145,9.6670000000,left_hand,3,0.5456118584,0.6565490365,-0.0066259410,1.0000000000
146,9.7330000000,left_hand,3,0.5398991704,0.6687794924,-0.0107747791,1.0000000000
147,9.8000000000,left_hand,3,0.5370964408,0.6670885682,-0.0061286031,1.0000000000
148,9.8670000000,left_hand,3,0.5331225395,0.6771963835,-0.0021131448,1.0000000000
149,9.9330000000,left_hand,3,0.5292615294,0.6807212234,-0.0001300775,1.0000000000
150,10.0000000000,left_hand,3,0.5300398469,0.6832949519,-0.0008554568,1.0000000000
151,10.0670000000,left_hand,3,0.5267024040,0.6891046762,0.0012492205,1.0000000000
152,10.1330000000,left_hand,3,0.5227950811,0.6977759600,-0.0054940954,1.0000000000
153,10.2000000000,left_hand,3,0.5232318044,0.6995369196,-0.0107651995,1.0000000000
154,10.2670000000,left_hand,3,0.5209899545,0.7005017400,-0.0101811858,1.0000000000
155,10.3330000000,left_hand,3,0.5220494270,0.6912821531,-0.0069677439,1.0000000000
156,10.4000000000,left_hand,3,0.5189418197,0.6842321157,-0.0066606300,1.0000000000
157,10.4670000000,left_hand,3,0.5243111253,0.6801972985,-0.0059459694,1.0000000000
158,10.5330000000,left_hand,3,0.5360758901,0.6757814288,-0.0088573731,1.0000000000
159,10.6000000000,left_hand,3,0.5395792127,0.6681920290,-0.0096454127,1.0000000000
160,10.6670000000,left_hand,3,0.5410007238,0.6657627821,-0.0090421569,1.0000000000
161,10.7330000000,left_hand,3,0.5437251925,0.6615393758,-0.0054831766,1.0000000000
162,10.8000000000,left_hand,3,0.5487840176,0.6643381715,-0.0050567514,1.0000000000
163,10.8670000000,left_hand,3,0.5447176695,0.6612206101,-0.0091135586,1.0000000000
164,10.9330000000,left_hand,3,0.5454853177,0.6675447822,-0.0084778126,1.0000000000
165,11.0000000000,left_hand,3,0.5441725850,0.6644937992,-0.0064570783,1.0000000000
166,11.0670000000,left_hand,3,0.5379357934,0.6762410998,-0.0076111141,1.0000000000
167,11.1330000000,left_hand,3,0.5354896784,0.6838054061,-0.0081656538,1.0000000000
168,11.2000000000,left_hand,3,0.5275780559,0.6908456087,-0.0073702689,1.0000000000
169,11.2670000000,left_hand,3,0.5246818066,0.7014393210,-0.0065709157,1.0000000000
170,11.3330000000,left_hand,3,0.5246635675,0.6922791600,-0.0071845395,1.0000000000
171,11.4000000000,left_hand,3,0.5240629911,0.6980530024,-0.0086010955,1.0000000000
172,11.4670000000,left_hand,3,0.5238764882,0.6990029216,-0.0099130515,1.0000000000
173,11.5330000000,left_hand,3,0.5241022706,0.6913002133,-0.0089035807,1.0000000000
174,11.6000000000,left_hand,3,0.5263104439,0.6931255460,-0.0072183879,1.0000000000
175,11.6670000000,left_hand,3,0.5216466784,0.7002279758,-0.0117829433,1.0000000000
176,11.7330000000,left_hand,3,0.5263170600,0.6941225529,-0.0124939037,1.0000000000
177,11.8000000000,left_hand,3,0.5281146765,0.6921973228,-0.0101164030,1.0000000000
178,11.8670000000,left_hand,3,0.5347786546,0.6820722818,-0.0091417655,1.0000000000
179,11.9330000000,left_hand,3,0.5341245532,0.6812127233,-0.0075375317,1.0000000000
180,12.0000000000,left_hand,3,0.5331979990,0.6761755347,-0.0093522482,1.0000000000
75,5.0000000000,left_hand,4,0.5152698755,0.6838505864,-0.0094239311,1.0000000000
76,5.0670000000,left_hand,4,0.5243890882,0.7028770447,-0.0139412470,1.0000000000
77,5.1330000000,left_hand,4,0.5342094898,0.7068648934,-0.0183434989,1.0000000000
78,5.2000000000,left_hand,4,0.5389345288,0.7015547156,-0.0225717966,1.0000000000
79,5.2670000000,left_hand,4,0.5470908880,0.7058942914,-0.0173223671,1.0000000000
80,5.3330000000,left_hand,4,0.5466995239,0.7071848512,-0.0218865350,1.0000000000
81,5.4000000000,left_hand,4,0.5513302684,0.7098565698,-0.0158565044,1.0000000000
82,5.4670000000,left_hand,4,0.5415265560,0.6972724199,-0.0127463313,1.0000000000
83,5.5330000000,left_hand,4,0.5397999287,0.7186502218,-0.0166920237,1.0000000000
84,5.6000000000,left_hand,4,0.5285804868,0.7252129316,-0.0198832769,1.0000000000
85,5.6670000000,left_hand,4,0.5321887136,0.7223260403,-0.0165890511,1.0000000000
86,5.7330000000,left_hand,4,0.5329249501,0.7222470045,-0.0206344612,1.0000000000
87,5.8000000000,left_hand,4,0.5366926193,0.7192043662,-0.0185530279,1.0000000000
88,5.8670000000,left_hand,4,0.5362804532,0.7138445377,-0.0189311318,1.0000000000
89,5.9330000000,left_hand,4,0.5388221741,0.7065339684,-0.0171352401,1.0000000000
90,6.0000000000,left_hand,4,0.5372957587,0.7095235586,-0.0172337946,1.0000000000
91,6.0670000000,left_hand,4,0.5370540619,0.7129724622,-0.0131664611,1.0000000000
92,6.1330000000,left_hand,4,0.5425400138,0.7082716823,-0.0123666981,1.0000000000
93,6.2000000000,left_hand,4,0.5465112329,0.7034255266,-0.0160203408,1.0000000000
94,6.2670000000,left_hand,4,0.5544192195,0.6915071607,-0.0170171838,1.0000000000
95,6.3330000000,left_hand,4,0.5493082404,0.6895311475,-0.0146849416,1.0000000000
96,6.4000000000,left_hand,4,0.5592087507,0.6834767461,-0.0158196427,1.0000000000
97,6.4670000000,left_hand,4,0.5585768223,0.6860814691,-0.0270787608,1.0000000000
98,6.5330000000,left_hand,4,0.5482932329,0.6954877973,-0.0218569133,1.0000000000
99,6.6000000000,left_hand,4,0.5449955463,0.7028527856,-0.0130483536,1.0000000000
100,6.6670000000,left_hand,4,0.5361420512,0.7045091987,-0.0058819838,1.0000000000
101,6.7330000000,left_hand,4,0.5303151011,0.7189058661,-0.0109953005,1.0000000000
102,6.8000000000,left_hand,4,0.5263869762,0.7320983410,-0.0092514912,1.0000000000
103,6.8670000000,left_hand,4,0.5207861662,0.7412747741,-0.0117504075,1.0000000000
104,6.9330000000,left_hand,4,0.5306188464,0.7230883241,-0.0120706391,1.0000000000
105,7.0000000000,left_hand,4,0.5372098088,0.7120032310,-0.0104171140,1.0000000000
106,7.0670000000,left_hand,4,0.5397180915,0.7092890143,-0.0156366322,1.0000000000
107,7.1330000000,left_hand,4,0.5459285975,0.6969810724,-0.0207971204,1.0000000000
108,7.2000000000,left_hand,4,0.5489318371,0.6892242432,-0.0176909827,1.0000000000
109,7.2670000000,left_hand,4,0.5561342239,0.6803814173,-0.0134246135,1.0000000000
110,7.3330000000,left_hand,4,0.5564939380,0.6765534282,-0.0154605582,1.0000000000
111,7.4000000000,left_hand,4,0.5563238859,0.6799709797,-0.0105897654,1.0000000000
112,7.4670000000,left_hand,4,0.5548909903,0.6823158860,-0.0204101168,1.0000000000
113,7.5330000000,left_hand,4,0.5432182550,0.6982145309,-0.0149671435,1.0000000000
114,7.6000000000,left_hand,4,0.5407696366,0.6996057034,-0.0164700747,1.0000000000
115,7.6670000000,left_hand,4,0.5324351788,0.7114402056,-0.0119245257,1.0000000000
116,7.7330000000,left_hand,4,0.5276747942,0.7206606269,-0.0145896766,1.0000000000
117,7.8000000000,left_hand,4,0.5275277495,0.7262583375,-0.0065072160,1.0000000000
118,7.8670000000,left_hand,4,0.5279228687,0.7288049459,-0.0129748248,1.0000000000
119,7.9330000000,left_hand,4,0.5258291960,0.7305296063,-0.0145854624,1.0000000000
120,8.0000000000,left_hand,4,0.5246582031,0.7280977368,-0.0124807246,1.0000000000
121,8.0670000000,left_hand,4,0.5337408185,0.7199353576,-0.0157359894,1.0000000000
122,8.1330000000,left_hand,4,0.5356274843,0.7165328264,-0.0144738313,1.0000000000
123,8.2000000000,left_hand,4,0.5364119411,0.7118139267,-0.0174176097,1.0000000000
124,8.2670000000,left_hand,4,0.5473196507,0.6975778937,-0.0189691707,1.0000000000
125,8.3330000000,left_hand,4,0.5474041104,0.6923839450,-0.0109767988,1.0000000000
126,8.4000000000,left_hand,4,0.5535413027,0.6885150671,-0.0141051980,1.0000000000
127,8.4670000000,left_hand,4,0.5529139042,0.6893670559,-0.0182556920,1.0000000000
128,8.5330000000,left_hand,4,0.5558143258,0.6925196052,-0.0215062499,1.0000000000
129,8.6000000000,left_hand,4,0.5473055243,0.7034775615,-0.0202022493,1.0000000000
130,8.6670000000,left_hand,4,0.5429852605,0.6994084120,-0.0157947708,1.0000000000
131,8.7330000000,left_hand,4,0.5373274088,0.6994673014,-0.0095251231,1.0000000000
132,8.8000000000,left_hand,4,0.5374454260,0.7066180706,-0.0094192326,1.0000000000
133,8.8670000000,left_hand,4,0.5310634375,0.7157027721,-0.0085302209,1.0000000000
134,8.9330000000,left_hand,4,0.5279232264,0.7262357473,-0.0079852408,1.0000000000
135,9.0000000000,left_hand,4,0.5310284495,0.7338622808,-0.0130168134,1.0000000000
136,9.0670000000,left_hand,4,0.5288486481,0.7344633937,-0.0163999125,1.0000000000
137,9.1330000000,left_hand,4,0.5359147787,0.7206029296,-0.0119608436,1.0000000000
138,9.2000000000,left_hand,4,0.5364745259,0.7108987570,-0.0133702084,1.0000000000
139,9.2670000000,left_hand,4,0.5423570871,0.7072950006,-0.0219739918,1.0000000000
140,9.3330000000,left_hand,4,0.5484233499,0.6910422444,-0.0187528953,1.0000000000
141,9.4000000000,left_hand,4,0.5474092960,0.6878733039,-0.0155250225,1.0000000000
142,9.4670000000,left_hand,4,0.5543961525,0.6748752594,-0.0122239068,1.0000000000
143,9.5330000000,left_hand,4,0.5578203201,0.6834285855,-0.0128888441,1.0000000000
144,9.6000000000,left_hand,4,0.5538468957,0.6854932904,-0.0155866090,1.0000000000
145,9.6670000000,left_hand,4,0.5455799103,0.6939414144,-0.0122866770,1.0000000000
146,9.7330000000,left_hand,4,0.5414934754,0.7078083754,-0.0170011818,1.0000000000
147,9.8000000000,left_hand,4,0.5368306041,0.7035096884,-0.0113050016,1.0000000000
148,9.8670000000,left_hand,4,0.5333934426,0.7133491635,-0.0062241047,1.0000000000
149,9.9330000000,left_hand,4,0.5299118161,0.7161098123,-0.0039024295,1.0000000000
150,10.0000000000,left_hand,4,0.5280516148,0.7183841467,-0.0051191412,1.0000000000
151,10.0670000000,left_hand,4,0.5252861977,0.7246131897,-0.0037616382,1.0000000000
152,10.1330000000,left_hand,4,0.5207080245,0.7365396619,-0.0108115459,1.0000000000
153,10.2000000000,left_hand,4,0.5231218338,0.7400757074,-0.0181713682,1.0000000000
154,10.2670000000,left_hand,4,0.5190764070,0.7412459850,-0.0160921365,1.0000000000
155,10.3330000000,left_hand,4,0.5196235776,0.7302964926,-0.0124513516,1.0000000000
156,10.4000000000,left_hand,4,0.5185685754,0.7226171494,-0.0113568585,1.0000000000
157,10.4670000000,left_hand,4,0.5241166949,0.7188660502,-0.0108645409,1.0000000000
158,10.5330000000,left_hand,4,0.5363809466,0.7140702009,-0.0144823240,1.0000000000
159,10.6000000000,left_hand,4,0.5411931872,0.7073288560,-0.0161061175,1.0000000000
160,10.6670000000,left_hand,4,0.5413411856,0.7042757869,-0.0151379798,1.0000000000
161,10.7330000000,left_hand,4,0.5435240269,0.6990588307,-0.0107008610,1.0000000000
162,10.8000000000,left_hand,4,0.5504859686,0.6988744140,-0.0099164797,1.0000000000
163,10.8670000000,left_hand,4,0.5454762578,0.6986656785,-0.0144091258,1.0000000000
164,10.9330000000,left_hand,4,0.5478341579,0.7039648294,-0.0147508727,1.0000000000
165,11.0000000000,left_hand,4,0.5461862683,0.7000565529,-0.0129981292,1.0000000000
166,11.0670000000,left_hand,4,0.5387102962,0.7125563622,-0.0141311605,1.0000000000
167,11.1330000000,left_hand,4,0.5339019299,0.7204250693,-0.0152794216,1.0000000000
168,11.2000000000,left_hand,4,0.5252496004,0.7272520661,-0.0134159960,1.0000000000
169,11.2670000000,left_hand,4,0.5227124691,0.7382640243,-0.0128430100,1.0000000000
170,11.3330000000,left_hand,4,0.5217403173,0.7273483276,-0.0143401809,1.0000000000
171,11.4000000000,left_hand,4,0.5221371651,0.7343332767,-0.0153503846,1.0000000000
172,11.4670000000,left_hand,4,0.5216108561,0.7351161838,-0.0180608742,1.0000000000
173,11.5330000000,left_hand,4,0.5233476162,0.7282726169,-0.0164111853,1.0000000000
174,11.6000000000,left_hand,4,0.5273969769,0.7314084768,-0.0141134486,1.0000000000
175,11.6670000000,left_hand,4,0.5192729235,0.7410498857,-0.0185884647,1.0000000000
176,11.7330000000,left_hand,4,0.5261203051,0.7309886217,-0.0203255303,1.0000000000
177,11.8000000000,left_hand,4,0.5286688805,0.7310192585,-0.0165047385,1.0000000000
178,11.8670000000,left_hand,4,0.5346837640,0.7177258134,-0.0156560298,1.0000000000
179,11.9330000000,left_hand,4,0.5361002088,0.7180581093,-0.0155022852,1.0000000000
180,12.0000000000,left_hand,4,0.5364664793,0.7136836052,-0.0166683644,1.0000000000
75,5.0000000000,left_hand,5,0.5292018652,0.6348313689,-0.0135170138,1.0000000000
76,5.0670000000,left_hand,5,0.5361956954,0.6373658776,-0.0201833341,1.0000000000
77,5.1330000000,left_hand,5,0.5425528884,0.6323290467,-0.0252932329,1.0000000000
78,5.2000000000,left_hand,5,0.5496746302,0.6343166232,-0.0242741760,1.0000000000
79,5.2670000000,left_hand,5,0.5498636365,0.6328759193,-0.0232666656,1.0000000000
80,5.3330000000,left_hand,5,0.5555818677,0.6286371350,-0.0227689408,1.0000000000
81,5.4000000000,left_hand,5,0.5590205789,0.6350716352,-0.0193883143,1.0000000000
82,5.4670000000,left_hand,5,0.5591226816,0.6419674754,-0.0201003999,1.0000000000
83,5.5330000000,left_hand,5,0.5457507372,0.6455470920,-0.0221704151,1.0000000000
84,5.6000000000,left_hand,5,0.5399599671,0.6454275846,-0.0252263341,1.0000000000
85,5.6670000000,left_hand,5,0.5395440459,0.6482014656,-0.0243686493,1.0000000000
86,5.7330000000,left_hand,5,0.5399770737,0.6469861269,-0.0258388389,1.0000000000
87,5.8000000000,left_hand,5,0.5399749279,0.6436975598,-0.0203602724,1.0000000000
88,5.8670000000,left_hand,5,0.5426579118,0.6366950870,-0.0234761685,1.0000000000
89,5.9330000000,left_hand,5,0.5396009684,0.6341058016,-0.0198152810,1.0000000000
90,6.0000000000,left_hand,5,0.5410313010,0.6319205761,-0.0214430001,1.0000000000
91,6.0670000000,left_hand,5,0.5426163673,0.6316104531,-0.0175502077,1.0000000000
92,6.1330000000,left_hand,5,0.5452031493,0.6305323839,-0.0156679265,1.0000000000
93,6.2000000000,left_hand,5,0.5465196371,0.6255918741,-0.0176837370,1.0000000000
94,6.2670000000,left_hand,5,0.5540810227,0.6153702736,-0.0200179890,1.0000000000
95,6.3330000000,left_hand,5,0.5617290735,0.6095570922,-0.0214395132,1.0000000000
96,6.4000000000,left_hand,5,0.5616744757,0.6047872305,-0.0227988567,1.0000000000
97,6.4670000000,left_hand,5,0.5605012178,0.6110275984,-0.0249131471,1.0000000000
98,6.5330000000,left_hand,5,0.5553684235,0.6184324622,-0.0238032565,1.0000000000
99,6.6000000000,left_hand,5,0.5483194590,0.6282277107,-0.0179816131,1.0000000000
100,6.6670000000,left_hand,5,0.5405450463,0.6388223767,-0.0110214865,1.0000000000
101,6.7330000000,left_hand,5,0.5361482501,0.6492965817,-0.0147954291,1.0000000000
102,6.8000000000,left_hand,5,0.5368197560,0.6528159976,-0.0171826016,1.0000000000
103,6.8670000000,left_hand,5,0.5367075205,0.6490042806,-0.0230223127,1.0000000000
104,6.9330000000,left_hand,5,0.5415524244,0.6485490203,-0.0176710933,1.0000000000
105,7.0000000000,left_hand,5,0.5434125066,0.6378222704,-0.0151499342,1.0000000000
106,7.0670000000,left_hand,5,0.5457211733,0.6287434697,-0.0177769177,1.0000000000
107,7.1330000000,left_hand,5,0.5487354994,0.6191005707,-0.0208481885,1.0000000000
108,7.2000000000,left_hand,5,0.5532235503,0.6052646637,-0.0203861371,1.0000000000
109,7.2670000000,left_hand,5,0.5565597415,0.5969051123,-0.0146624660,1.0000000000
110,7.3330000000,left_hand,5,0.5593329668,0.5946439505,-0.0179855861,1.0000000000
111,7.4000000000,left_hand,5,0.5574946404,0.5937354565,-0.0157952774,1.0000000000
112,7.4670000000,left_hand,5,0.5540668368,0.6042205095,-0.0228589252,1.0000000000
113,7.5330000000,left_hand,5,0.5504140258,0.6149697900,-0.0212219674,1.0000000000
114,7.6000000000,left_hand,5,0.5437440276,0.6275740862,-0.0186957326,1.0000000000
115,7.6670000000,left_hand,5,0.5395544767,0.6380859017,-0.0194989629,1.0000000000
116,7.7330000000,left_hand,5,0.5341633558,0.6473401785,-0.0195870940,1.0000000000
117,7.8000000000,left_hand,5,0.5312308073,0.6499790549,-0.0114715360,1.0000000000
118,7.8670000000,left_hand,5,0.5304939747,0.6513652205,-0.0188014433,1.0000000000
119,7.9330000000,left_hand,5,0.5332974195,0.6554247737,-0.0191636253,1.0000000000
120,8.0000000000,left_hand,5,0.5381247997,0.6528697014,-0.0175624304,1.0000000000
121,8.0670000000,left_hand,5,0.5388022661,0.6438810825,-0.0176798012,1.0000000000
122,8.1330000000,left_hand,5,0.5430209041,0.6367515922,-0.0167764910,1.0000000000
123,8.2000000000,left_hand,5,0.5486677885,0.6281275153,-0.0216406900,1.0000000000
124,8.2670000000,left_hand,5,0.5480781794,0.6201308370,-0.0203631427,1.0000000000
125,8.3330000000,left_hand,5,0.5530253053,0.6089869142,-0.0166699588,1.0000000000
126,8.4000000000,left_hand,5,0.5542194843,0.6045458317,-0.0178079829,1.0000000000
127,8.4670000000,left_hand,5,0.5515576005,0.6058785319,-0.0163714141,1.0000000000
128,8.5330000000,left_hand,5,0.5503321886,0.6101697087,-0.0125918398,1.0000000000
129,8.6000000000,left_hand,5,0.5473856926,0.6145839095,-0.0206949133,1.0000000000
130,8.6670000000,left_hand,5,0.5451424122,0.6202162504,-0.0193291139,1.0000000000
131,8.7330000000,left_hand,5,0.5399718285,0.6260375977,-0.0121828578,1.0000000000
132,8.8000000000,left_hand,5,0.5373433232,0.6391581893,-0.0125991087,1.0000000000
133,8.8670000000,left_hand,5,0.5376473069,0.6483309269,-0.0152961574,1.0000000000
134,8.9330000000,left_hand,5,0.5365701318,0.6552971601,-0.0143078677,1.0000000000
135,9.0000000000,left_hand,5,0.5341144800,0.6548517346,-0.0163818151,1.0000000000
136,9.0670000000,left_hand,5,0.5404793024,0.6544300318,-0.0182227045,1.0000000000
137,9.1330000000,left_hand,5,0.5416662097,0.6423797607,-0.0184087679,1.0000000000
138,9.2000000000,left_hand,5,0.5449120998,0.6349020004,-0.0176446959,1.0000000000
139,9.2670000000,left_hand,5,0.5462787747,0.6249926090,-0.0210166797,1.0000000000
140,9.3330000000,left_hand,5,0.5495029092,0.6143242717,-0.0176800173,1.0000000000
141,9.4000000000,left_hand,5,0.5521951914,0.6027833223,-0.0182636064,1.0000000000
142,9.4670000000,left_hand,5,0.5563331246,0.5992084742,-0.0159354396,1.0000000000
143,9.5330000000,left_hand,5,0.5577722192,0.5985833406,-0.0168308932,1.0000000000
144,9.6000000000,left_hand,5,0.5556899309,0.6072604656,-0.0194382537,1.0000000000
145,9.6670000000,left_hand,5,0.5508912206,0.6115024686,-0.0188570563,1.0000000000
146,9.7330000000,left_hand,5,0.5492621660,0.6189081073,-0.0187615231,1.0000000000
147,9.8000000000,left_hand,5,0.5450631380,0.6317476630,-0.0161726959,1.0000000000
148,9.8670000000,left_hand,5,0.5434736013,0.6483175755,-0.0124244252,1.0000000000
149,9.9330000000,left_hand,5,0.5362730026,0.6529672742,-0.0093785664,1.0000000000
150,10.0000000000,left_hand,5,0.5315517187,0.6509611607,-0.0100133298,1.0000000000
151,10.0670000000,left_hand,5,0.5269929171,0.6572858095,-0.0106309885,1.0000000000
152,10.1330000000,left_hand,5,0.5256367922,0.6578330398,-0.0150837870,1.0000000000
153,10.2000000000,left_hand,5,0.5259351134,0.6564065218,-0.0180991739,1.0000000000
154,10.2670000000,left_hand,5,0.5241054296,0.6543700099,-0.0195443667,1.0000000000
155,10.3330000000,left_hand,5,0.5281580687,0.6507710814,-0.0166905038,1.0000000000
156,10.4000000000,left_hand,5,0.5372899175,0.6554324627,-0.0138048818,1.0000000000
157,10.4670000000,left_hand,5,0.5412495136,0.6463367939,-0.0174455754,1.0000000000
158,10.5330000000,left_hand,5,0.5412419438,0.6342797875,-0.0182289165,1.0000000000
159,10.6000000000,left_hand,5,0.5477262139,0.6312472224,-0.0175558198,1.0000000000
160,10.6670000000,left_hand,5,0.5481364727,0.6238991022,-0.0170598794,1.0000000000
161,10.7330000000,left_hand,5,0.5520534515,0.6165671945,-0.0163681097,1.0000000000
162,10.8000000000,left_hand,5,0.5528253913,0.6202185154,-0.0151807750,1.0000000000
163,10.8670000000,left_hand,5,0.5526723862,0.6220325828,-0.0159312822,1.0000000000
164,10.9330000000,left_hand,5,0.5522105098,0.6250807047,-0.0191304050,1.0000000000
165,11.0000000000,left_hand,5,0.5478586555,0.6298558712,-0.0161808450,1.0000000000
166,11.0670000000,left_hand,5,0.5424174070,0.6437786818,-0.0193889830,1.0000000000
167,11.1330000000,left_hand,5,0.5376404524,0.6469772458,-0.0186900496,1.0000000000
168,11.2000000000,left_hand,5,0.5318393111,0.6527256966,-0.0194706563,1.0000000000
169,11.2670000000,left_hand,5,0.5271322131,0.6558669806,-0.0182038955,1.0000000000
170,11.3330000000,left_hand,5,0.5263200402,0.6575722694,-0.0174016245,1.0000000000
171,11.4000000000,left_hand,5,0.5247494578,0.6575503945,-0.0173715092,1.0000000000
172,11.4670000000,left_hand,5,0.5247193575,0.6588063836,-0.0203128178,1.0000000000
173,11.5330000000,left_hand,5,0.5252888203,0.6592779756,-0.0205237474,1.0000000000
174,11.6000000000,left_hand,5,0.5264401436,0.6573271751,-0.0158942789,1.0000000000
175,11.6670000000,left_hand,5,0.5283800960,0.6537676454,-0.0233746115,1.0000000000
176,11.7330000000,left_hand,5,0.5301258564,0.6541563272,-0.0219342224,1.0000000000
177,11.8000000000,left_hand,5,0.5288846493,0.6468807459,-0.0234270617,1.0000000000
178,11.8670000000,left_hand,5,0.5321946144,0.6403670907,-0.0168839749,1.0000000000
179,11.9330000000,left_hand,5,0.5336621404,0.6435055733,-0.0208927039,1.0000000000
180,12.0000000000,left_hand,5,0.5335204005,0.6399304867,-0.0173127595,1.0000000000
75,5.0000000000,left_hand,6,0.5192231536,0.6990907192,-0.0207412150,1.0000000000
76,5.0670000000,left_hand,6,0.5239149928,0.7031159401,-0.0279809274,1.0000000000
77,5.1330000000,left_hand,6,0.5240217447,0.6982851028,-0.0349633470,1.0000000000
78,5.2000000000,left_hand,6,0.5327623487,0.6977322698,-0.0360573158,1.0000000000
79,5.2670000000,left_hand,6,0.5325322747,0.6965187788,-0.0323356837,1.0000000000
80,5.3330000000,left_hand,6,0.5454794765,0.7006044984,-0.0325269848,1.0000000000
81,5.4000000000,left_hand,6,0.5437041521,0.6993985176,-0.0274335574,1.0000000000
82,5.4670000000,left_hand,6,0.5474883318,0.7087273598,-0.0293791965,1.0000000000
83,5.5330000000,left_hand,6,0.5299059749,0.7072198391,-0.0319377631,1.0000000000
84,5.6000000000,left_hand,6,0.5265158415,0.7196973562,-0.0348502547,1.0000000000
85,5.6670000000,left_hand,6,0.5244942307,0.7193058133,-0.0336533375,1.0000000000
86,5.7330000000,left_hand,6,0.5239234567,0.7164311409,-0.0360546000,1.0000000000
87,5.8000000000,left_hand,6,0.5257028341,0.7112243176,-0.0307123084,1.0000000000
88,5.8670000000,left_hand,6,0.5267142057,0.7061215639,-0.0341132917,1.0000000000
89,5.9330000000,left_hand,6,0.5248196721,0.7033497691,-0.0299844965,1.0000000000
90,6.0000000000,left_hand,6,0.5261740088,0.7050966024,-0.0303057991,1.0000000000
91,6.0670000000,left_hand,6,0.5305650234,0.7059416175,-0.0254751779,1.0000000000
92,6.1330000000,left_hand,6,0.5323614478,0.6997516155,-0.0237411968,1.0000000000
93,6.2000000000,left_hand,6,0.5346272588,0.6932255626,-0.0267989598,1.0000000000
94,6.2670000000,left_hand,6,0.5389772654,0.6850255728,-0.0285006873,1.0000000000
95,6.3330000000,left_hand,6,0.5479002595,0.6826122403,-0.0296443235,1.0000000000
96,6.4000000000,left_hand,6,0.5468543172,0.6752712131,-0.0306925680,1.0000000000
97,6.4670000000,left_hand,6,0.5451291203,0.6822481751,-0.0345905572,1.0000000000
98,6.5330000000,left_hand,6,0.5406501293,0.6904395223,-0.0334085673,1.0000000000
99,6.6000000000,left_hand,6,0.5334888697,0.6977168322,-0.0262417849,1.0000000000
100,6.6670000000,left_hand,6,0.5308611989,0.7081282139,-0.0178279672,1.0000000000
101,6.7330000000,left_hand,6,0.5238499045,0.7205681205,-0.0227835737,1.0000000000
102,6.8000000000,left_hand,6,0.5238954425,0.7257847190,-0.0252869427,1.0000000000
103,6.8670000000,left_hand,6,0.5253777504,0.7299160957,-0.0304071140,1.0000000000
104,6.9330000000,left_hand,6,0.5253533721,0.7166790366,-0.0253572594,1.0000000000
105,7.0000000000,left_hand,6,0.5271627903,0.7047464848,-0.0229669008,1.0000000000
106,7.0670000000,left_hand,6,0.5303125381,0.6984800696,-0.0253132954,1.0000000000
107,7.1330000000,left_hand,6,0.5341146588,0.6875573397,-0.0295814183,1.0000000000
108,7.2000000000,left_hand,6,0.5392671824,0.6737670898,-0.0299658068,1.0000000000
109,7.2670000000,left_hand,6,0.5425075293,0.6653469205,-0.0219465587,1.0000000000
110,7.3330000000,left_hand,6,0.5450536609,0.6633496284,-0.0266033858,1.0000000000
111,7.4000000000,left_hand,6,0.5430894494,0.6628660560,-0.0229222402,1.0000000000
112,7.4670000000,left_hand,6,0.5394326448,0.6730810404,-0.0326895490,1.0000000000
113,7.5330000000,left_hand,6,0.5332326293,0.6867811680,-0.0286982860,1.0000000000
114,7.6000000000,left_hand,6,0.5285698175,0.6978343725,-0.0266210102,1.0000000000
115,7.6670000000,left_hand,6,0.5256792903,0.7122672796,-0.0276402961,1.0000000000
116,7.7330000000,left_hand,6,0.5174775720,0.7184626460,-0.0272933152,1.0000000000
117,7.8000000000,left_hand,6,0.5156797767,0.7183050513,-0.0176960323,1.0000000000
118,7.8670000000,left_hand,6,0.5135660768,0.7238582969,-0.0271445736,1.0000000000
119,7.9330000000,left_hand,6,0.5175278187,0.7299103737,-0.0277099013,1.0000000000
120,8.0000000000,left_hand,6,0.5222494006,0.7235733271,-0.0255991798,1.0000000000
121,8.0670000000,left_hand,6,0.5289494395,0.7201398611,-0.0277990643,1.0000000000
122,8.1330000000,left_hand,6,0.5302767754,0.7095479369,-0.0253345091,1.0000000000
123,8.2000000000,left_hand,6,0.5335535407,0.6982585788,-0.0303298458,1.0000000000
124,8.2670000000,left_hand,6,0.5354970098,0.6869911551,-0.0300211944,1.0000000000
125,8.3330000000,left_hand,6,0.5384054184,0.6769623160,-0.0239913259,1.0000000000
126,8.4000000000,left_hand,6,0.5403363705,0.6749436259,-0.0255947597,1.0000000000
127,8.4670000000,left_hand,6,0.5388604999,0.6747635603,-0.0242934581,1.0000000000
128,8.5330000000,left_hand,6,0.5369659066,0.6752883196,-0.0216438472,1.0000000000
129,8.6000000000,left_hand,6,0.5334428549,0.6824069619,-0.0296654683,1.0000000000
130,8.6670000000,left_hand,6,0.5294620991,0.6903458238,-0.0279859845,1.0000000000
131,8.7330000000,left_hand,6,0.5272784829,0.6934253573,-0.0197253432,1.0000000000
132,8.8000000000,left_hand,6,0.5231422782,0.7074356675,-0.0197884273,1.0000000000
133,8.8670000000,left_hand,6,0.5221690536,0.7159309983,-0.0226296857,1.0000000000
134,8.9330000000,left_hand,6,0.5245093703,0.7289649844,-0.0224807188,1.0000000000
135,9.0000000000,left_hand,6,0.5207790136,0.7292727828,-0.0246469975,1.0000000000
136,9.0670000000,left_hand,6,0.5263248086,0.7276935577,-0.0276521780,1.0000000000
137,9.1330000000,left_hand,6,0.5254222751,0.7124316692,-0.0252269953,1.0000000000
138,9.2000000000,left_hand,6,0.5299746394,0.7069186568,-0.0256781131,1.0000000000
139,9.2670000000,left_hand,6,0.5318571329,0.6954453588,-0.0303479694,1.0000000000
140,9.3330000000,left_hand,6,0.5354244113,0.6838284135,-0.0264148545,1.0000000000
141,9.4000000000,left_hand,6,0.5386152864,0.6734485626,-0.0258709360,1.0000000000
142,9.4670000000,left_hand,6,0.5432270169,0.6696227789,-0.0235859770,1.0000000000
143,9.5330000000,left_hand,6,0.5427477360,0.6691917777,-0.0241540577,1.0000000000
144,9.6000000000,left_hand,6,0.5401268005,0.6776926517,-0.0278201886,1.0000000000
145,9.6670000000,left_hand,6,0.5349527001,0.6817910075,-0.0270693786,1.0000000000
146,9.7330000000,left_hand,6,0.5340847373,0.6888880730,-0.0266048126,1.0000000000
147,9.8000000000,left_hand,6,0.5285114646,0.6989448667,-0.0229213070,1.0000000000
148,9.8670000000,left_hand,6,0.5278065801,0.7149074078,-0.0179815367,1.0000000000
149,9.9330000000,left_hand,6,0.5246059299,0.7192472816,-0.0154695846,1.0000000000
150,10.0000000000,left_hand,6,0.5169352293,0.7140009403,-0.0161838066,1.0000000000
151,10.0670000000,left_hand,6,0.5108069181,0.7224876285,-0.0165322293,1.0000000000
152,10.1330000000,left_hand,6,0.5100758076,0.7273913622,-0.0226690676,1.0000000000
153,10.2000000000,left_hand,6,0.5105096102,0.7304595113,-0.0272348076,1.0000000000
154,10.2670000000,left_hand,6,0.5124734044,0.7362068892,-0.0283592995,1.0000000000
155,10.3330000000,left_hand,6,0.5147569180,0.7275710106,-0.0244300347,1.0000000000
156,10.4000000000,left_hand,6,0.5246537328,0.7284315825,-0.0224985518,1.0000000000
157,10.4670000000,left_hand,6,0.5243070126,0.7159407735,-0.0244959798,1.0000000000
158,10.5330000000,left_hand,6,0.5236209631,0.7034512162,-0.0261636283,1.0000000000
159,10.6000000000,left_hand,6,0.5311209559,0.6989801526,-0.0262884554,1.0000000000
160,10.6670000000,left_hand,6,0.5321366191,0.6896817684,-0.0256198198,1.0000000000
161,10.7330000000,left_hand,6,0.5360148549,0.6832250357,-0.0238002297,1.0000000000
162,10.8000000000,left_hand,6,0.5367791057,0.6828397512,-0.0221386738,1.0000000000
163,10.8670000000,left_hand,6,0.5365325809,0.6857622266,-0.0232087336,1.0000000000
164,10.9330000000,left_hand,6,0.5352190733,0.6903103590,-0.0261337776,1.0000000000
165,11.0000000000,left_hand,6,0.5321812630,0.6906034350,-0.0245145559,1.0000000000
166,11.0670000000,left_hand,6,0.5267654657,0.7114483118,-0.0278203059,1.0000000000
167,11.1330000000,left_hand,6,0.5212479830,0.7154929638,-0.0266723204,1.0000000000
168,11.2000000000,left_hand,6,0.5191546679,0.7283005118,-0.0273885708,1.0000000000
169,11.2670000000,left_hand,6,0.5129009485,0.7294951677,-0.0259228610,1.0000000000
170,11.3330000000,left_hand,6,0.5113484263,0.7253285050,-0.0261436850,1.0000000000
171,11.4000000000,left_hand,6,0.5103953481,0.7265778184,-0.0260635223,1.0000000000
172,11.4670000000,left_hand,6,0.5096768141,0.7283721566,-0.0296147112,1.0000000000
173,11.5330000000,left_hand,6,0.5107134581,0.7314625978,-0.0289367847,1.0000000000
174,11.6000000000,left_hand,6,0.5108987093,0.7263742685,-0.0237840600,1.0000000000
175,11.6670000000,left_hand,6,0.5137160420,0.7302178741,-0.0320909172,1.0000000000
176,11.7330000000,left_hand,6,0.5180565119,0.7307880521,-0.0315888040,1.0000000000
177,11.8000000000,left_hand,6,0.5185949802,0.7250150442,-0.0305678807,1.0000000000
178,11.8670000000,left_hand,6,0.5204284787,0.7061579227,-0.0252844244,1.0000000000
179,11.9330000000,left_hand,6,0.5203993320,0.7124100327,-0.0291562434,1.0000000000
180,12.0000000000,left_hand,6,0.5204179287,0.7123918533,-0.0258753747,1.0000000000
75,5.0000000000,left_hand,7,0.5187886357,0.7317933440,-0.0247346107,1.0000000000
76,5.0670000000,left_hand,7,0.5204068422,0.7392035723,-0.0310555603,1.0000000000
77,5.1330000000,left_hand,7,0.5165458918,0.7339751720,-0.0384906754,1.0000000000
78,5.2000000000,left_hand,7,0.5246257782,0.7332271934,-0.0420333780,1.0000000000
79,5.2670000000,left_hand,7,0.5233939290,0.7301598191,-0.0363293923,1.0000000000
80,5.3330000000,left_hand,7,0.5405901670,0.7275676131,-0.0367482305,1.0000000000
81,5.4000000000,left_hand,7,0.5337291360,0.7313370109,-0.0309867542,1.0000000000
82,5.4670000000,left_hand,7,0.5454322100,0.7292386293,-0.0332140438,1.0000000000
83,5.5330000000,left_hand,7,0.5223128796,0.7451254725,-0.0369226523,1.0000000000
84,5.6000000000,left_hand,7,0.5210171938,0.7502681017,-0.0382054672,1.0000000000
85,5.6670000000,left_hand,7,0.5191143751,0.7534216642,-0.0368514434,1.0000000000
86,5.7330000000,left_hand,7,0.5158153772,0.7516877651,-0.0399037339,1.0000000000
87,5.8000000000,left_hand,7,0.5202936530,0.7444208264,-0.0357330255,1.0000000000
88,5.8670000000,left_hand,7,0.5190702081,0.7415869236,-0.0389295332,1.0000000000
89,5.9330000000,left_hand,7,0.5207639337,0.7356492281,-0.0346056670,1.0000000000
90,6.0000000000,left_hand,7,0.5189504027,0.7446508408,-0.0336279422,1.0000000000
91,6.0670000000,left_hand,7,0.5261872411,0.7373108864,-0.0287895761,1.0000000000
92,6.1330000000,left_hand,7,0.5251497626,0.7382708192,-0.0275678113,1.0000000000
93,6.2000000000,left_hand,7,0.5275698304,0.7308706641,-0.0314224288,1.0000000000
94,6.2670000000,left_hand,7,0.5313048363,0.7234178185,-0.0321889631,1.0000000000
95,6.3330000000,left_hand,7,0.5386383533,0.7172183394,-0.0325595997,1.0000000000
96,6.4000000000,left_hand,7,0.5384783149,0.7112836838,-0.0336222574,1.0000000000
97,6.4670000000,left_hand,7,0.5360191464,0.7173899412,-0.0381877944,1.0000000000
98,6.5330000000,left_hand,7,0.5331352353,0.7249095440,-0.0373122357,1.0000000000
99,6.6000000000,left_hand,7,0.5277537704,0.7322874665,-0.0298585519,1.0000000000
100,6.6670000000,left_hand,7,0.5382438898,0.7194002867,-0.0205997471,1.0000000000
101,6.7330000000,left_hand,7,0.5259959698,0.7382822037,-0.0262030903,1.0000000000
102,6.8000000000,left_hand,7,0.5252530575,0.7492540479,-0.0283726640,1.0000000000
103,6.8670000000,left_hand,7,0.5287793875,0.7432599664,-0.0313207805,1.0000000000
104,6.9330000000,left_hand,7,0.5160309076,0.7532687187,-0.0289313607,1.0000000000
105,7.0000000000,left_hand,7,0.5186603069,0.7403091192,-0.0263989363,1.0000000000
106,7.0670000000,left_hand,7,0.5222151875,0.7358105183,-0.0291129667,1.0000000000
107,7.1330000000,left_hand,7,0.5257145762,0.7265147567,-0.0338114575,1.0000000000
108,7.2000000000,left_hand,7,0.5315068960,0.7111185789,-0.0346859656,1.0000000000
109,7.2670000000,left_hand,7,0.5349574089,0.7044046521,-0.0254818406,1.0000000000
110,7.3330000000,left_hand,7,0.5367929339,0.7008477449,-0.0309804622,1.0000000000
111,7.4000000000,left_hand,7,0.5354579687,0.7012506723,-0.0261582471,1.0000000000
112,7.4670000000,left_hand,7,0.5307443142,0.7108600140,-0.0373952277,1.0000000000
113,7.5330000000,left_hand,7,0.5244605541,0.7246436477,-0.0314116254,1.0000000000
114,7.6000000000,left_hand,7,0.5229073167,0.7334606051,-0.0298149753,1.0000000000
115,7.6670000000,left_hand,7,0.5282962918,0.7282874584,-0.0302448813,1.0000000000
116,7.7330000000,left_hand,7,0.5102009177,0.7560498714,-0.0303043164,1.0000000000
117,7.8000000000,left_hand,7,0.5095369816,0.7549999952,-0.0206603594,1.0000000000
118,7.8670000000,left_hand,7,0.5077536702,0.7612457871,-0.0305275079,1.0000000000
119,7.9330000000,left_hand,7,0.5123664737,0.7644422650,-0.0313371308,1.0000000000
120,8.0000000000,left_hand,7,0.5136722326,0.7590399384,-0.0290894713,1.0000000000
121,8.0670000000,left_hand,7,0.5362272263,0.7137589455,-0.0319956392,1.0000000000
122,8.1330000000,left_hand,7,0.5244700909,0.7413711548,-0.0294664130,1.0000000000
123,8.2000000000,left_hand,7,0.5250078440,0.7344946861,-0.0342053771,1.0000000000
124,8.2670000000,left_hand,7,0.5292353630,0.7227444053,-0.0347869992,1.0000000000
125,8.3330000000,left_hand,7,0.5302559733,0.7153977752,-0.0273995176,1.0000000000
126,8.4000000000,left_hand,7,0.5329477787,0.7134862542,-0.0288549531,1.0000000000
127,8.4670000000,left_hand,7,0.5319622755,0.7131514549,-0.0279125478,1.0000000000
128,8.5330000000,left_hand,7,0.5293573141,0.7119190097,-0.0274411384,1.0000000000
129,8.6000000000,left_hand,7,0.5257982016,0.7197291255,-0.0342053734,1.0000000000
130,8.6670000000,left_hand,7,0.5218009949,0.7293600440,-0.0321328305,1.0000000000
131,8.7330000000,left_hand,7,0.5236050487,0.7248489857,-0.0235476475,1.0000000000
132,8.8000000000,left_hand,7,0.5162173510,0.7442066669,-0.0233989935,1.0000000000
133,8.8670000000,left_hand,7,0.5144675374,0.7492457032,-0.0255606882,1.0000000000
134,8.9330000000,left_hand,7,0.5244680643,0.7513260245,-0.0263784640,1.0000000000
135,9.0000000000,left_hand,7,0.5192499757,0.7551625967,-0.0284606162,1.0000000000
136,9.0670000000,left_hand,7,0.5196191669,0.7590423822,-0.0322400033,1.0000000000
137,9.1330000000,left_hand,7,0.5166075230,0.7495226264,-0.0277068000,1.0000000000
138,9.2000000000,left_hand,7,0.5208382607,0.7441222072,-0.0289319176,1.0000000000
139,9.2670000000,left_hand,7,0.5243827105,0.7323246598,-0.0343527161,1.0000000000
140,9.3330000000,left_hand,7,0.5274021626,0.7228840590,-0.0306004379,1.0000000000
141,9.4000000000,left_hand,7,0.5309813619,0.7131935358,-0.0289637204,1.0000000000
142,9.4670000000,left_hand,7,0.5358178616,0.7071201801,-0.0272315685,1.0000000000
143,9.5330000000,left_hand,7,0.5343322754,0.7065569162,-0.0276505742,1.0000000000
144,9.6000000000,left_hand,7,0.5314928293,0.7157151699,-0.0320006013,1.0000000000
145,9.6670000000,left_hand,7,0.5267725587,0.7204195857,-0.0305744018,1.0000000000
146,9.7330000000,left_hand,7,0.5248325467,0.7256226540,-0.0302550197,1.0000000000
147,9.8000000000,left_hand,7,0.5210335851,0.7344824672,-0.0256249160,1.0000000000
148,9.8670000000,left_hand,7,0.5194353461,0.7442878485,-0.0197332334,1.0000000000
149,9.9330000000,left_hand,7,0.5309985876,0.7216978073,-0.0177580379,1.0000000000
150,10.0000000000,left_hand,7,0.5196523070,0.7365674973,-0.0183716789,1.0000000000
151,10.0670000000,left_hand,7,0.5082132220,0.7522678375,-0.0186510086,1.0000000000
152,10.1330000000,left_hand,7,0.5060234070,0.7609352469,-0.0258520208,1.0000000000
153,10.2000000000,left_hand,7,0.5035175085,0.7658100128,-0.0316158086,1.0000000000
154,10.2670000000,left_hand,7,0.5191934109,0.7426746488,-0.0307125412,1.0000000000
155,10.3330000000,left_hand,7,0.5197532773,0.7425113320,-0.0270582791,1.0000000000
156,10.4000000000,left_hand,7,0.5237780213,0.7355513573,-0.0267637856,1.0000000000
157,10.4670000000,left_hand,7,0.5130184889,0.7481845617,-0.0267948583,1.0000000000
158,10.5330000000,left_hand,7,0.5140077472,0.7407513261,-0.0294312071,1.0000000000
159,10.6000000000,left_hand,7,0.5213366151,0.7331963778,-0.0304852147,1.0000000000
160,10.6670000000,left_hand,7,0.5228990316,0.7242398262,-0.0296942908,1.0000000000
161,10.7330000000,left_hand,7,0.5268899202,0.7189262509,-0.0268680416,1.0000000000
162,10.8000000000,left_hand,7,0.5278327465,0.7175038457,-0.0253573358,1.0000000000
163,10.8670000000,left_hand,7,0.5271549225,0.7196999788,-0.0271576457,1.0000000000
164,10.9330000000,left_hand,7,0.5251352191,0.7243006229,-0.0289792847,1.0000000000
165,11.0000000000,left_hand,7,0.5256680250,0.7240873575,-0.0286657959,1.0000000000
166,11.0670000000,left_hand,7,0.5207678080,0.7431579232,-0.0309145171,1.0000000000
167,11.1330000000,left_hand,7,0.5139775872,0.7503892779,-0.0295359995,1.0000000000
168,11.2000000000,left_hand,7,0.5274081230,0.7321565151,-0.0290376954,1.0000000000
169,11.2670000000,left_hand,7,0.5081551671,0.7647325993,-0.0283667594,1.0000000000
170,11.3330000000,left_hand,7,0.5073627830,0.7591694593,-0.0302270986,1.0000000000
171,11.4000000000,left_hand,7,0.5060518384,0.7615715861,-0.0298045296,1.0000000000
172,11.4670000000,left_hand,7,0.5039680004,0.7655914426,-0.0333377607,1.0000000000
173,11.5330000000,left_hand,7,0.5070574880,0.7641210556,-0.0318706632,1.0000000000
174,11.6000000000,left_hand,7,0.5040588975,0.7631132603,-0.0275843423,1.0000000000
175,11.6670000000,left_hand,7,0.5064037442,0.7658189535,-0.0347368233,1.0000000000
176,11.7330000000,left_hand,7,0.5145068169,0.7562403083,-0.0353013538,1.0000000000
177,11.8000000000,left_hand,7,0.5248617530,0.7420644760,-0.0308778584,1.0000000000
178,11.8670000000,left_hand,7,0.5228468180,0.7330242395,-0.0290198866,1.0000000000
179,11.9330000000,left_hand,7,0.5191816092,0.7423185706,-0.0319910198,1.0000000000
180,12.0000000000,left_hand,7,0.5192922354,0.7388452888,-0.0291450024,1.0000000000
75,5.0000000000,left_hand,8,0.5180984139,0.7538332939,-0.0271766949,1.0000000000
76,5.0670000000,left_hand,8,0.5176631808,0.7638439536,-0.0327975042,1.0000000000
77,5.1330000000,left_hand,8,0.5117367506,0.7596153021,-0.0402231924,1.0000000000
78,5.2000000000,left_hand,8,0.5195712447,0.7593898773,-0.0455962308,1.0000000000
79,5.2670000000,left_hand,8,0.5172576904,0.7554123402,-0.0388432071,1.0000000000
80,5.3330000000,left_hand,8,0.5373852849,0.7434098721,-0.0392097570,1.0000000000
81,5.4000000000,left_hand,8,0.5263960361,0.7545182705,-0.0333752036,1.0000000000
82,5.4670000000,left_hand,8,0.5457176566,0.7367030382,-0.0345831327,1.0000000000
83,5.5330000000,left_hand,8,0.5179004073,0.7730284333,-0.0398604199,1.0000000000
84,5.6000000000,left_hand,8,0.5179095864,0.7669541240,-0.0398620963,1.0000000000
85,5.6670000000,left_hand,8,0.5159651637,0.7740505934,-0.0386173427,1.0000000000
86,5.7330000000,left_hand,8,0.5104193687,0.7761613131,-0.0421541631,1.0000000000
87,5.8000000000,left_hand,8,0.5181403756,0.7637840509,-0.0385550857,1.0000000000
88,5.8670000000,left_hand,8,0.5152627230,0.7656611800,-0.0416833386,1.0000000000
89,5.9330000000,left_hand,8,0.5198512673,0.7548284531,-0.0372445397,1.0000000000
90,6.0000000000,left_hand,8,0.5143310428,0.7732924223,-0.0357845798,1.0000000000
91,6.0670000000,left_hand,8,0.5237798691,0.7557131052,-0.0307731554,1.0000000000
92,6.1330000000,left_hand,8,0.5208640695,0.7662015557,-0.0300244037,1.0000000000
93,6.2000000000,left_hand,8,0.5232962966,0.7578150630,-0.0344023369,1.0000000000
94,6.2670000000,left_hand,8,0.5259559751,0.7525895834,-0.0345607251,1.0000000000
95,6.3330000000,left_hand,8,0.5319495201,0.7431152463,-0.0343565531,1.0000000000
96,6.4000000000,left_hand,8,0.5318620801,0.7392899394,-0.0356537625,1.0000000000
97,6.4670000000,left_hand,8,0.5299537182,0.7426946163,-0.0402048528,1.0000000000
98,6.5330000000,left_hand,8,0.5282380581,0.7499951720,-0.0397397317,1.0000000000
99,6.6000000000,left_hand,8,0.5243467093,0.7547940016,-0.0319289714,1.0000000000
100,6.6670000000,left_hand,8,0.5449112654,0.7132258415,-0.0216045957,1.0000000000
101,6.7330000000,left_hand,8,0.5287380219,0.7418030500,-0.0278686378,1.0000000000
102,6.8000000000,left_hand,8,0.5281873941,0.7568966746,-0.0298122820,1.0000000000
103,6.8670000000,left_hand,8,0.5331918001,0.7399160862,-0.0311646927,1.0000000000
104,6.9330000000,left_hand,8,0.5098916292,0.7800770402,-0.0312262755,1.0000000000
105,7.0000000000,left_hand,8,0.5130594373,0.7655447721,-0.0285003334,1.0000000000
106,7.0670000000,left_hand,8,0.5170378089,0.7636743188,-0.0316912159,1.0000000000
107,7.1330000000,left_hand,8,0.5198721886,0.7551699281,-0.0364684872,1.0000000000
108,7.2000000000,left_hand,8,0.5256808400,0.7399016619,-0.0378848352,1.0000000000
109,7.2670000000,left_hand,8,0.5295783877,0.7337544560,-0.0281068012,1.0000000000
110,7.3330000000,left_hand,8,0.5308460593,0.7310722470,-0.0342577994,1.0000000000
111,7.4000000000,left_hand,8,0.5296568274,0.7309451699,-0.0285707172,1.0000000000
112,7.4670000000,left_hand,8,0.5241485238,0.7404411435,-0.0404769592,1.0000000000
113,7.5330000000,left_hand,8,0.5183229446,0.7548415065,-0.0333807506,1.0000000000
114,7.6000000000,left_hand,8,0.5194122791,0.7572060227,-0.0316314735,1.0000000000
115,7.6670000000,left_hand,8,0.5315473676,0.7284573317,-0.0310791321,1.0000000000
116,7.7330000000,left_hand,8,0.5056413412,0.7819451094,-0.0321234204,1.0000000000
117,7.8000000000,left_hand,8,0.5059307218,0.7797803879,-0.0225344431,1.0000000000
118,7.8670000000,left_hand,8,0.5037037134,0.7868523598,-0.0329621844,1.0000000000
119,7.9330000000,left_hand,8,0.5082750320,0.7857688665,-0.0337270908,1.0000000000
120,8.0000000000,left_hand,8,0.5070900321,0.7840827703,-0.0314660408,1.0000000000
121,8.0670000000,left_hand,8,0.5407170653,0.6942381263,-0.0336186104,1.0000000000
122,8.1330000000,left_hand,8,0.5203105211,0.7616295815,-0.0320793688,1.0000000000
123,8.2000000000,left_hand,8,0.5195916295,0.7615324855,-0.0368015431,1.0000000000
124,8.2670000000,left_hand,8,0.5252216458,0.7481349707,-0.0379012749,1.0000000000
125,8.3330000000,left_hand,8,0.5249082446,0.7456336617,-0.0300198048,1.0000000000
126,8.4000000000,left_hand,8,0.5277400613,0.7424622774,-0.0312253945,1.0000000000
127,8.4670000000,left_hand,8,0.5271204710,0.7420368195,-0.0306735206,1.0000000000
128,8.5330000000,left_hand,8,0.5242301822,0.7409496307,-0.0317330658,1.0000000000
129,8.6000000000,left_hand,8,0.5209524632,0.7497489452,-0.0375741161,1.0000000000
130,8.6670000000,left_hand,8,0.5170555711,0.7590594888,-0.0348498374,1.0000000000
131,8.7330000000,left_hand,8,0.5225740075,0.7427263856,-0.0256798025,1.0000000000
132,8.8000000000,left_hand,8,0.5120045543,0.7707526684,-0.0257165320,1.0000000000
133,8.8670000000,left_hand,8,0.5095770359,0.7706827521,-0.0270147827,1.0000000000
134,8.9330000000,left_hand,8,0.5270917416,0.7553031445,-0.0279370639,1.0000000000
135,9.0000000000,left_hand,8,0.5196467042,0.7653992176,-0.0304808654,1.0000000000
136,9.0670000000,left_hand,8,0.5146805048,0.7769403458,-0.0350260064,1.0000000000
137,9.1330000000,left_hand,8,0.5106346607,0.7776214480,-0.0294937808,1.0000000000
138,9.2000000000,left_hand,8,0.5143297911,0.7717624903,-0.0311446171,1.0000000000
139,9.2670000000,left_hand,8,0.5196852684,0.7587476969,-0.0369376875,1.0000000000
140,9.3330000000,left_hand,8,0.5219956040,0.7528240085,-0.0335771441,1.0000000000
141,9.4000000000,left_hand,8,0.5254446268,0.7441126704,-0.0314021446,1.0000000000
142,9.4670000000,left_hand,8,0.5302671790,0.7361143231,-0.0299778245,1.0000000000
143,9.5330000000,left_hand,8,0.5276497006,0.7353727818,-0.0302463919,1.0000000000
144,9.6000000000,left_hand,8,0.5251119137,0.7458150983,-0.0349460952,1.0000000000
145,9.6670000000,left_hand,8,0.5210441947,0.7497093081,-0.0329401270,1.0000000000
146,9.7330000000,left_hand,8,0.5179974437,0.7543955445,-0.0329259932,1.0000000000
147,9.8000000000,left_hand,8,0.5161837935,0.7613992691,-0.0273976550,1.0000000000
148,9.8670000000,left_hand,8,0.5137823820,0.7636569738,-0.0206653345,1.0000000000
149,9.9330000000,left_hand,8,0.5372698903,0.7074997425,-0.0182687324,1.0000000000
150,10.0000000000,left_hand,8,0.5240682364,0.7418995500,-0.0189906135,1.0000000000
151,10.0670000000,left_hand,8,0.5085780025,0.7672952414,-0.0196890589,1.0000000000
152,10.1330000000,left_hand,8,0.5037099123,0.7815933228,-0.0279804207,1.0000000000
153,10.2000000000,left_hand,8,0.4984665513,0.7881788015,-0.0345461480,1.0000000000
154,10.2670000000,left_hand,8,0.5233989358,0.7330379486,-0.0316149928,1.0000000000
155,10.3330000000,left_hand,8,0.5232899189,0.7415769100,-0.0284500793,1.0000000000
156,10.4000000000,left_hand,8,0.5246219039,0.7297284007,-0.0287820045,1.0000000000
157,10.4670000000,left_hand,8,0.5054093003,0.7701697350,-0.0280177146,1.0000000000
158,10.5330000000,left_hand,8,0.5075204968,0.7687574625,-0.0315920711,1.0000000000
159,10.6000000000,left_hand,8,0.5145410895,0.7596010566,-0.0332475081,1.0000000000
160,10.6670000000,left_hand,8,0.5164009333,0.7510580420,-0.0325936228,1.0000000000
161,10.7330000000,left_hand,8,0.5204522610,0.7462319136,-0.0291192867,1.0000000000
162,10.8000000000,left_hand,8,0.5215786695,0.7445428967,-0.0277375635,1.0000000000
163,10.8670000000,left_hand,8,0.5209131241,0.7462518811,-0.0301294010,1.0000000000
164,10.9330000000,left_hand,8,0.5181494951,0.7508816123,-0.0310888998,1.0000000000
165,11.0000000000,left_hand,8,0.5223954916,0.7471267581,-0.0311388206,1.0000000000
166,11.0670000000,left_hand,8,0.5175071359,0.7621657252,-0.0325226821,1.0000000000
167,11.1330000000,left_hand,8,0.5086742043,0.7739464045,-0.0313876458,1.0000000000
168,11.2000000000,left_hand,8,0.5344994068,0.7206059098,-0.0292450935,1.0000000000
169,11.2670000000,left_hand,8,0.5046861768,0.7865235806,-0.0300172269,1.0000000000
170,11.3330000000,left_hand,8,0.5057675242,0.7791093588,-0.0327894315,1.0000000000
171,11.4000000000,left_hand,8,0.5038021803,0.7828744650,-0.0320809670,1.0000000000
172,11.4670000000,left_hand,8,0.5000520349,0.7897006869,-0.0359161235,1.0000000000
173,11.5330000000,left_hand,8,0.5060500503,0.7818959951,-0.0336369090,1.0000000000
174,11.6000000000,left_hand,8,0.5002514720,0.7871128321,-0.0300151315,1.0000000000
175,11.6670000000,left_hand,8,0.5001980662,0.7897849679,-0.0365650840,1.0000000000
176,11.7330000000,left_hand,8,0.5107824802,0.7694779634,-0.0376759581,1.0000000000
177,11.8000000000,left_hand,8,0.5292020440,0.7433549762,-0.0307528172,1.0000000000
178,11.8670000000,left_hand,8,0.5260012150,0.7462008595,-0.0310230199,1.0000000000
179,11.9330000000,left_hand,8,0.5194761753,0.7597362399,-0.0337821357,1.0000000000
180,12.0000000000,left_hand,8,0.5202038288,0.7500509024,-0.0310410038,1.0000000000
75,5.0000000000,left_hand,9,0.5448666215,0.6403478980,-0.0199350305,1.0000000000
76,5.0670000000,left_hand,9,0.5536215305,0.6486749649,-0.0258528478,1.0000000000
77,5.1330000000,left_hand,9,0.5580810308,0.6401556730,-0.0299432911,1.0000000000
78,5.2000000000,left_hand,9,0.5656833053,0.6435812712,-0.0299598295,1.0000000000
79,5.2670000000,left_hand,9,0.5663213134,0.6433100700,-0.0283050686,1.0000000000
80,5.3330000000,left_hand,9,0.5726776123,0.6375585198,-0.0266691595,1.0000000000
81,5.4000000000,left_hand,9,0.5756102204,0.6426565647,-0.0242624599,1.0000000000
82,5.4670000000,left_hand,9,0.5766512752,0.6502985954,-0.0254957583,1.0000000000
83,5.5330000000,left_hand,9,0.5613302588,0.6560286283,-0.0266454052,1.0000000000
84,5.6000000000,left_hand,9,0.5597078204,0.6549347639,-0.0305885505,1.0000000000
85,5.6670000000,left_hand,9,0.5582978129,0.6586667299,-0.0295398831,1.0000000000
86,5.7330000000,left_hand,9,0.5582282543,0.6571884751,-0.0313149244,1.0000000000
87,5.8000000000,left_hand,9,0.5571225882,0.6554513574,-0.0255534910,1.0000000000
88,5.8670000000,left_hand,9,0.5609278083,0.6488431692,-0.0291646589,1.0000000000
89,5.9330000000,left_hand,9,0.5574844480,0.6446428299,-0.0256334245,1.0000000000
90,6.0000000000,left_hand,9,0.5592278838,0.6423451304,-0.0272332933,1.0000000000
91,6.0670000000,left_hand,9,0.5610568523,0.6429508328,-0.0220217016,1.0000000000
92,6.1330000000,left_hand,9,0.5631631017,0.6418524384,-0.0207791068,1.0000000000
93,6.2000000000,left_hand,9,0.5634250045,0.6356229186,-0.0227822140,1.0000000000
94,6.2670000000,left_hand,9,0.5715340972,0.6273139119,-0.0238809045,1.0000000000
95,6.3330000000,left_hand,9,0.5802346468,0.6223453283,-0.0260337517,1.0000000000
96,6.4000000000,left_hand,9,0.5801278353,0.6198695898,-0.0268508289,1.0000000000
97,6.4670000000,left_hand,9,0.5788760781,0.6231153011,-0.0287307352,1.0000000000
98,6.5330000000,left_hand,9,0.5741388202,0.6304426193,-0.0288357511,1.0000000000
99,6.6000000000,left_hand,9,0.5665977597,0.6385735273,-0.0240444914,1.0000000000
100,6.6670000000,left_hand,9,0.5575149059,0.6515154243,-0.0158465281,1.0000000000
101,6.7330000000,left_hand,9,0.5534039140,0.6598211527,-0.0198975354,1.0000000000
102,6.8000000000,left_hand,9,0.5553622246,0.6636415720,-0.0222652256,1.0000000000
103,6.8670000000,left_hand,9,0.5569320321,0.6612830162,-0.0275039673,1.0000000000
104,6.9330000000,left_hand,9,0.5590040684,0.6622321010,-0.0213958770,1.0000000000
105,7.0000000000,left_hand,9,0.5600430369,0.6520767212,-0.0209008101,1.0000000000
106,7.0670000000,left_hand,9,0.5640456676,0.6431409121,-0.0225429013,1.0000000000
107,7.1330000000,left_hand,9,0.5673359632,0.6332574487,-0.0245668832,1.0000000000
108,7.2000000000,left_hand,9,0.5712853670,0.6185608506,-0.0243013557,1.0000000000
109,7.2670000000,left_hand,9,0.5738960505,0.6093668938,-0.0191922747,1.0000000000
110,7.3330000000,left_hand,9,0.5765231848,0.6055795550,-0.0229051299,1.0000000000
111,7.4000000000,left_hand,9,0.5739976764,0.6049758196,-0.0207088161,1.0000000000
112,7.4670000000,left_hand,9,0.5714203119,0.6171605587,-0.0275384989,1.0000000000
113,7.5330000000,left_hand,9,0.5697953105,0.6295936108,-0.0260949861,1.0000000000
114,7.6000000000,left_hand,9,0.5627482533,0.6419551969,-0.0233215448,1.0000000000
115,7.6670000000,left_hand,9,0.5593086481,0.6511616111,-0.0246043112,1.0000000000
116,7.7330000000,left_hand,9,0.5526130199,0.6626155376,-0.0249962639,1.0000000000
117,7.8000000000,left_hand,9,0.5471379757,0.6627699137,-0.0171091314,1.0000000000
118,7.8670000000,left_hand,9,0.5476071835,0.6619989276,-0.0252770707,1.0000000000
119,7.9330000000,left_hand,9,0.5517736673,0.6693398952,-0.0248662438,1.0000000000
120,8.0000000000,left_hand,9,0.5556958914,0.6651921868,-0.0226197336,1.0000000000
121,8.0670000000,left_hand,9,0.5574118495,0.6577832103,-0.0226390231,1.0000000000
122,8.1330000000,left_hand,9,0.5608526468,0.6495853662,-0.0217866637,1.0000000000
123,8.2000000000,left_hand,9,0.5680441260,0.6401395798,-0.0267783031,1.0000000000
124,8.2670000000,left_hand,9,0.5655930638,0.6292516589,-0.0252956282,1.0000000000
125,8.3330000000,left_hand,9,0.5706904531,0.6223274469,-0.0215000752,1.0000000000
126,8.4000000000,left_hand,9,0.5720235705,0.6143056154,-0.0232494418,1.0000000000
127,8.4670000000,left_hand,9,0.5681917667,0.6157712936,-0.0213675071,1.0000000000
128,8.5330000000,left_hand,9,0.5673404336,0.6226917505,-0.0163071081,1.0000000000
129,8.6000000000,left_hand,9,0.5668162107,0.6251142621,-0.0258686002,1.0000000000
130,8.6670000000,left_hand,9,0.5632491112,0.6321347952,-0.0246223900,1.0000000000
131,8.7330000000,left_hand,9,0.5575155616,0.6392160654,-0.0173545647,1.0000000000
132,8.8000000000,left_hand,9,0.5551345348,0.6518799067,-0.0187464133,1.0000000000
133,8.8670000000,left_hand,9,0.5555080175,0.6614664793,-0.0205920395,1.0000000000
134,8.9330000000,left_hand,9,0.5547987819,0.6682630777,-0.0197540279,1.0000000000
135,9.0000000000,left_hand,9,0.5531599522,0.6684991717,-0.0211317670,1.0000000000
136,9.0670000000,left_hand,9,0.5583862066,0.6670674086,-0.0227988083,1.0000000000
137,9.1330000000,left_hand,9,0.5589388013,0.6545639634,-0.0237228125,1.0000000000
138,9.2000000000,left_hand,9,0.5628346801,0.6480290890,-0.0235519558,1.0000000000
139,9.2670000000,left_hand,9,0.5644965172,0.6376355886,-0.0254566967,1.0000000000
140,9.3330000000,left_hand,9,0.5663208365,0.6264678836,-0.0227711350,1.0000000000
141,9.4000000000,left_hand,9,0.5701624155,0.6145547032,-0.0228485949,1.0000000000
142,9.4670000000,left_hand,9,0.5722509027,0.6100903749,-0.0212283973,1.0000000000
143,9.5330000000,left_hand,9,0.5741765499,0.6106041074,-0.0210543722,1.0000000000
144,9.6000000000,left_hand,9,0.5725120902,0.6199786663,-0.0240882076,1.0000000000
145,9.6670000000,left_hand,9,0.5682458878,0.6237009168,-0.0241936333,1.0000000000
146,9.7330000000,left_hand,9,0.5681813955,0.6305403709,-0.0232048184,1.0000000000
147,9.8000000000,left_hand,9,0.5633545518,0.6446462274,-0.0206236914,1.0000000000
148,9.8670000000,left_hand,9,0.5606889129,0.6614025831,-0.0173455011,1.0000000000
149,9.9330000000,left_hand,9,0.5535573959,0.6686620116,-0.0150077250,1.0000000000
150,10.0000000000,left_hand,9,0.5481181741,0.6646948457,-0.0158184394,1.0000000000
151,10.0670000000,left_hand,9,0.5427588820,0.6713325381,-0.0179799069,1.0000000000
152,10.1330000000,left_hand,9,0.5418670774,0.6706402898,-0.0209919419,1.0000000000
153,10.2000000000,left_hand,9,0.5431162715,0.6684485674,-0.0241639428,1.0000000000
154,10.2670000000,left_hand,9,0.5419770479,0.6659495234,-0.0249505769,1.0000000000
155,10.3330000000,left_hand,9,0.5450810790,0.6635606885,-0.0222517867,1.0000000000
156,10.4000000000,left_hand,9,0.5548274517,0.6673235893,-0.0183122605,1.0000000000
157,10.4670000000,left_hand,9,0.5593824983,0.6606733203,-0.0219350159,1.0000000000
158,10.5330000000,left_hand,9,0.5574448705,0.6482800245,-0.0227830298,1.0000000000
159,10.6000000000,left_hand,9,0.5650169849,0.6452131867,-0.0227162484,1.0000000000
160,10.6670000000,left_hand,9,0.5646229386,0.6382226348,-0.0223280378,1.0000000000
161,10.7330000000,left_hand,9,0.5687219501,0.6295390725,-0.0219667796,1.0000000000
162,10.8000000000,left_hand,9,0.5688969493,0.6324858665,-0.0202639308,1.0000000000
163,10.8670000000,left_hand,9,0.5697894692,0.6355062723,-0.0199322123,1.0000000000
164,10.9330000000,left_hand,9,0.5695430040,0.6384674311,-0.0239260755,1.0000000000
165,11.0000000000,left_hand,9,0.5648234487,0.6428256631,-0.0221429281,1.0000000000
166,11.0670000000,left_hand,9,0.5600100160,0.6562206149,-0.0249754079,1.0000000000
167,11.1330000000,left_hand,9,0.5541166067,0.6605721712,-0.0250237193,1.0000000000
168,11.2000000000,left_hand,9,0.5503747463,0.6658447385,-0.0256548785,1.0000000000
169,11.2670000000,left_hand,9,0.5433675051,0.6661638021,-0.0244916342,1.0000000000
170,11.3330000000,left_hand,9,0.5427110195,0.6683287024,-0.0242855102,1.0000000000
171,11.4000000000,left_hand,9,0.5414054394,0.6659683585,-0.0231947601,1.0000000000
172,11.4670000000,left_hand,9,0.5416453481,0.6694596410,-0.0274617579,1.0000000000
173,11.5330000000,left_hand,9,0.5429453850,0.6682797074,-0.0268071461,1.0000000000
174,11.6000000000,left_hand,9,0.5437086821,0.6682310700,-0.0217772294,1.0000000000
175,11.6670000000,left_hand,9,0.5454681516,0.6634866595,-0.0283746142,1.0000000000
176,11.7330000000,left_hand,9,0.5489937067,0.6620576978,-0.0276630223,1.0000000000
177,11.8000000000,left_hand,9,0.5474556088,0.6564579010,-0.0289574489,1.0000000000
178,11.8670000000,left_hand,9,0.5500334501,0.6488419771,-0.0222391207,1.0000000000
179,11.9330000000,left_hand,9,0.5514094830,0.6535418630,-0.0284222625,1.0000000000
180,12.0000000000,left_hand,9,0.5511031151,0.6505807042,-0.0235816240,1.0000000000
75,5.0000000000,left_hand,10,0.5362876654,0.7117479444,-0.0253287293,1.0000000000
76,5.0670000000,left_hand,10,0.5438801050,0.7247298360,-0.0317502879,1.0000000000
77,5.1330000000,left_hand,10,0.5436281562,0.7186355591,-0.0391413458,1.0000000000
78,5.2000000000,left_hand,10,0.5539368391,0.7178259492,-0.0405765139,1.0000000000
79,5.2670000000,left_hand,10,0.5554850698,0.7201504111,-0.0357899405,1.0000000000
80,5.3330000000,left_hand,10,0.5687999129,0.7181082964,-0.0364400223,1.0000000000
81,5.4000000000,left_hand,10,0.5703969598,0.7214487195,-0.0333893634,1.0000000000
82,5.4670000000,left_hand,10,0.5688148737,0.7262589931,-0.0331669077,1.0000000000
83,5.5330000000,left_hand,10,0.5514088869,0.7318105102,-0.0359685048,1.0000000000
84,5.6000000000,left_hand,10,0.5522946119,0.7403689027,-0.0397851840,1.0000000000
85,5.6670000000,left_hand,10,0.5518699884,0.7422027588,-0.0378257968,1.0000000000
86,5.7330000000,left_hand,10,0.5491992831,0.7408212423,-0.0409243666,1.0000000000
87,5.8000000000,left_hand,10,0.5492970347,0.7326663733,-0.0344839878,1.0000000000
88,5.8670000000,left_hand,10,0.5503054857,0.7315967679,-0.0391881503,1.0000000000
89,5.9330000000,left_hand,10,0.5504453778,0.7291141748,-0.0357237123,1.0000000000
90,6.0000000000,left_hand,10,0.5513588786,0.7255688906,-0.0361507684,1.0000000000
91,6.0670000000,left_hand,10,0.5548918247,0.7243810296,-0.0304915179,1.0000000000
92,6.1330000000,left_hand,10,0.5574619174,0.7216438055,-0.0293166321,1.0000000000
93,6.2000000000,left_hand,10,0.5593338013,0.7169834971,-0.0325044692,1.0000000000
94,6.2670000000,left_hand,10,0.5634325147,0.7063067555,-0.0334436893,1.0000000000
95,6.3330000000,left_hand,10,0.5717465878,0.7054196000,-0.0341287851,1.0000000000
96,6.4000000000,left_hand,10,0.5708125234,0.6979326010,-0.0357411876,1.0000000000
97,6.4670000000,left_hand,10,0.5700236559,0.7024559975,-0.0382829271,1.0000000000
98,6.5330000000,left_hand,10,0.5648259521,0.7094171047,-0.0389237627,1.0000000000
99,6.6000000000,left_hand,10,0.5584081411,0.7184264064,-0.0316959508,1.0000000000
100,6.6670000000,left_hand,10,0.5498647094,0.7278728485,-0.0216657557,1.0000000000
101,6.7330000000,left_hand,10,0.5459066629,0.7404672503,-0.0272042323,1.0000000000
102,6.8000000000,left_hand,10,0.5464366674,0.7450610399,-0.0295348540,1.0000000000
103,6.8670000000,left_hand,10,0.5466861725,0.7461230755,-0.0335479937,1.0000000000
104,6.9330000000,left_hand,10,0.5491628051,0.7397023439,-0.0297737736,1.0000000000
105,7.0000000000,left_hand,10,0.5494329333,0.7312544584,-0.0301557090,1.0000000000
106,7.0670000000,left_hand,10,0.5532776117,0.7207150459,-0.0311000068,1.0000000000
107,7.1330000000,left_hand,10,0.5576563478,0.7082157135,-0.0328663476,1.0000000000
108,7.2000000000,left_hand,10,0.5648471117,0.6990142465,-0.0345435180,1.0000000000
109,7.2670000000,left_hand,10,0.5665996075,0.6859946251,-0.0282067042,1.0000000000
110,7.3330000000,left_hand,10,0.5682069063,0.6839761734,-0.0329921842,1.0000000000
111,7.4000000000,left_hand,10,0.5642669797,0.6844643354,-0.0287306271,1.0000000000
112,7.4670000000,left_hand,10,0.5618722439,0.6961805224,-0.0370868817,1.0000000000
113,7.5330000000,left_hand,10,0.5599021912,0.7087792158,-0.0344724655,1.0000000000
114,7.6000000000,left_hand,10,0.5517433286,0.7173308134,-0.0315345116,1.0000000000
115,7.6670000000,left_hand,10,0.5479418039,0.7304932475,-0.0320735052,1.0000000000
116,7.7330000000,left_hand,10,0.5409143567,0.7400107980,-0.0324924998,1.0000000000
117,7.8000000000,left_hand,10,0.5366060138,0.7410202622,-0.0231695604,1.0000000000
118,7.8670000000,left_hand,10,0.5373639464,0.7468477488,-0.0342587829,1.0000000000
119,7.9330000000,left_hand,10,0.5417866707,0.7493990660,-0.0332326218,1.0000000000
120,8.0000000000,left_hand,10,0.5481340289,0.7446042895,-0.0312683657,1.0000000000
121,8.0670000000,left_hand,10,0.5485609770,0.7380417585,-0.0315452293,1.0000000000
122,8.1330000000,left_hand,10,0.5534839630,0.7282515168,-0.0310347397,1.0000000000
123,8.2000000000,left_hand,10,0.5596593618,0.7193374038,-0.0354411490,1.0000000000
124,8.2670000000,left_hand,10,0.5607002974,0.7079499960,-0.0344400033,1.0000000000
125,8.3330000000,left_hand,10,0.5622559190,0.7005281448,-0.0299973991,1.0000000000
126,8.4000000000,left_hand,10,0.5662998557,0.6956344247,-0.0325548574,1.0000000000
127,8.4670000000,left_hand,10,0.5629614592,0.6956304908,-0.0305180755,1.0000000000
128,8.5330000000,left_hand,10,0.5604524016,0.6970993280,-0.0294595063,1.0000000000
129,8.6000000000,left_hand,10,0.5619833469,0.7067035437,-0.0362136588,1.0000000000
130,8.6670000000,left_hand,10,0.5542604923,0.7128745914,-0.0339812562,1.0000000000
131,8.7330000000,left_hand,10,0.5508216619,0.7162567973,-0.0251266900,1.0000000000
132,8.8000000000,left_hand,10,0.5467883945,0.7283278704,-0.0265918709,1.0000000000
133,8.8670000000,left_hand,10,0.5449281335,0.7380259633,-0.0280489232,1.0000000000
134,8.9330000000,left_hand,10,0.5477781892,0.7462529540,-0.0256597381,1.0000000000
135,9.0000000000,left_hand,10,0.5447837710,0.7491495013,-0.0288721416,1.0000000000
136,9.0670000000,left_hand,10,0.5481820107,0.7462750673,-0.0327938572,1.0000000000
137,9.1330000000,left_hand,10,0.5482793450,0.7344599962,-0.0318863131,1.0000000000
138,9.2000000000,left_hand,10,0.5547060966,0.7293414474,-0.0324166864,1.0000000000
139,9.2670000000,left_hand,10,0.5593345165,0.7158063054,-0.0351495668,1.0000000000
140,9.3330000000,left_hand,10,0.5625243783,0.7051029801,-0.0325986519,1.0000000000
141,9.4000000000,left_hand,10,0.5658618808,0.6950089335,-0.0323266983,1.0000000000
142,9.4670000000,left_hand,10,0.5678125620,0.6863348484,-0.0291644968,1.0000000000
143,9.5330000000,left_hand,10,0.5660362840,0.6856499314,-0.0295472071,1.0000000000
144,9.6000000000,left_hand,10,0.5648882985,0.6982795000,-0.0329436660,1.0000000000
145,9.6670000000,left_hand,10,0.5591583848,0.7042343020,-0.0332962349,1.0000000000
146,9.7330000000,left_hand,10,0.5582324862,0.7118078470,-0.0331262834,1.0000000000
147,9.8000000000,left_hand,10,0.5557612181,0.7182855606,-0.0285826866,1.0000000000
148,9.8670000000,left_hand,10,0.5506833792,0.7362373471,-0.0239514932,1.0000000000
149,9.9330000000,left_hand,10,0.5427763462,0.7411201596,-0.0195041671,1.0000000000
150,10.0000000000,left_hand,10,0.5363600850,0.7349736691,-0.0214565061,1.0000000000
151,10.0670000000,left_hand,10,0.5307944417,0.7462694645,-0.0226662178,1.0000000000
152,10.1330000000,left_hand,10,0.5319208503,0.7496635318,-0.0288787447,1.0000000000
153,10.2000000000,left_hand,10,0.5337588787,0.7508310676,-0.0335198306,1.0000000000
154,10.2670000000,left_hand,10,0.5334291458,0.7526321411,-0.0336730182,1.0000000000
155,10.3330000000,left_hand,10,0.5357471704,0.7442963123,-0.0295301862,1.0000000000
156,10.4000000000,left_hand,10,0.5436088443,0.7444285750,-0.0264668912,1.0000000000
157,10.4670000000,left_hand,10,0.5476799011,0.7383011580,-0.0301232468,1.0000000000
158,10.5330000000,left_hand,10,0.5491169691,0.7281825542,-0.0325703025,1.0000000000
159,10.6000000000,left_hand,10,0.5560045838,0.7257437110,-0.0323877968,1.0000000000
160,10.6670000000,left_hand,10,0.5561595559,0.7170652151,-0.0325402431,1.0000000000
161,10.7330000000,left_hand,10,0.5588272810,0.7116480470,-0.0309980530,1.0000000000
162,10.8000000000,left_hand,10,0.5610582829,0.7084006667,-0.0284736082,1.0000000000
163,10.8670000000,left_hand,10,0.5585165620,0.7110505104,-0.0293217916,1.0000000000
164,10.9330000000,left_hand,10,0.5598673224,0.7156103849,-0.0321279019,1.0000000000
165,11.0000000000,left_hand,10,0.5558531880,0.7161614299,-0.0306965411,1.0000000000
166,11.0670000000,left_hand,10,0.5515195131,0.7345852256,-0.0334257968,1.0000000000
167,11.1330000000,left_hand,10,0.5453177094,0.7404831052,-0.0337465703,1.0000000000
168,11.2000000000,left_hand,10,0.5405638218,0.7484511137,-0.0323751420,1.0000000000
169,11.2670000000,left_hand,10,0.5359199643,0.7525615692,-0.0323878676,1.0000000000
170,11.3330000000,left_hand,10,0.5327989459,0.7499267459,-0.0320220962,1.0000000000
171,11.4000000000,left_hand,10,0.5329343081,0.7482078075,-0.0317109339,1.0000000000
172,11.4670000000,left_hand,10,0.5332278609,0.7566574812,-0.0365435854,1.0000000000
173,11.5330000000,left_hand,10,0.5352355838,0.7532347441,-0.0344273448,1.0000000000
174,11.6000000000,left_hand,10,0.5360197425,0.7478525043,-0.0287192315,1.0000000000
175,11.6670000000,left_hand,10,0.5372275710,0.7522872090,-0.0385695025,1.0000000000
176,11.7330000000,left_hand,10,0.5432120562,0.7478496432,-0.0374662392,1.0000000000
177,11.8000000000,left_hand,10,0.5410549045,0.7451646328,-0.0361455977,1.0000000000
178,11.8670000000,left_hand,10,0.5422445536,0.7217237353,-0.0291835368,1.0000000000
179,11.9330000000,left_hand,10,0.5451364517,0.7393989563,-0.0363320410,1.0000000000
180,12.0000000000,left_hand,10,0.5459850430,0.7341153622,-0.0322149210,1.0000000000
75,5.0000000000,left_hand,11,0.5354570150,0.7439643741,-0.0266165938,1.0000000000
76,5.0670000000,left_hand,11,0.5449005961,0.7439219356,-0.0297452193,1.0000000000
77,5.1330000000,left_hand,11,0.5462317467,0.7382819057,-0.0383426659,1.0000000000
78,5.2000000000,left_hand,11,0.5565744638,0.7266844511,-0.0402746685,1.0000000000
79,5.2670000000,left_hand,11,0.5576079488,0.7244653106,-0.0343777873,1.0000000000
80,5.3330000000,left_hand,11,0.5720220804,0.7077665329,-0.0355241187,1.0000000000
81,5.4000000000,left_hand,11,0.5744766593,0.7125624418,-0.0320622623,1.0000000000
82,5.4670000000,left_hand,11,0.5697349310,0.7274951935,-0.0320127271,1.0000000000
83,5.5330000000,left_hand,11,0.5558270216,0.7379631400,-0.0362048596,1.0000000000
84,5.6000000000,left_hand,11,0.5553175211,0.7353837490,-0.0377990454,1.0000000000
85,5.6670000000,left_hand,11,0.5578401685,0.7377746701,-0.0350571424,1.0000000000
86,5.7330000000,left_hand,11,0.5548641682,0.7322206497,-0.0382662900,1.0000000000
87,5.8000000000,left_hand,11,0.5548790097,0.7280384898,-0.0336990468,1.0000000000
88,5.8670000000,left_hand,11,0.5552139878,0.7231444120,-0.0379536524,1.0000000000
89,5.9330000000,left_hand,11,0.5576165915,0.7230614424,-0.0351078622,1.0000000000
90,6.0000000000,left_hand,11,0.5572854877,0.7161196470,-0.0338479206,1.0000000000
91,6.0670000000,left_hand,11,0.5588732958,0.7141553164,-0.0296661761,1.0000000000
92,6.1330000000,left_hand,11,0.5621255040,0.7117844224,-0.0284650754,1.0000000000
93,6.2000000000,left_hand,11,0.5650892854,0.7121121287,-0.0325742438,1.0000000000
94,6.2670000000,left_hand,11,0.5694264770,0.7005389929,-0.0329465531,1.0000000000
95,6.3330000000,left_hand,11,0.5744152665,0.6923357248,-0.0312086698,1.0000000000
96,6.4000000000,left_hand,11,0.5749323368,0.6860738993,-0.0336965956,1.0000000000
97,6.4670000000,left_hand,11,0.5738437772,0.6915621758,-0.0354302786,1.0000000000
98,6.5330000000,left_hand,11,0.5685226321,0.6970788240,-0.0374328271,1.0000000000
99,6.6000000000,left_hand,11,0.5633942485,0.7136524320,-0.0299388785,1.0000000000
100,6.6670000000,left_hand,11,0.5563401580,0.7250645757,-0.0214589555,1.0000000000
101,6.7330000000,left_hand,11,0.5515652299,0.7318329811,-0.0263212938,1.0000000000
102,6.8000000000,left_hand,11,0.5522593856,0.7401963472,-0.0281979237,1.0000000000
103,6.8670000000,left_hand,11,0.5505532026,0.7375417352,-0.0307148155,1.0000000000
104,6.9330000000,left_hand,11,0.5526108146,0.7325652242,-0.0293567255,1.0000000000
105,7.0000000000,left_hand,11,0.5537881851,0.7217303514,-0.0296950135,1.0000000000
106,7.0670000000,left_hand,11,0.5557206869,0.7122237682,-0.0309636686,1.0000000000
107,7.1330000000,left_hand,11,0.5614874959,0.7019197345,-0.0319642648,1.0000000000
108,7.2000000000,left_hand,11,0.5699778199,0.6914781928,-0.0341156088,1.0000000000
109,7.2670000000,left_hand,11,0.5711493492,0.6782602072,-0.0281260647,1.0000000000
110,7.3330000000,left_hand,11,0.5724079609,0.6719473600,-0.0324189886,1.0000000000
111,7.4000000000,left_hand,11,0.5692289472,0.6772154570,-0.0270446949,1.0000000000
112,7.4670000000,left_hand,11,0.5686445832,0.6873593926,-0.0351491608,1.0000000000
113,7.5330000000,left_hand,11,0.5633956790,0.6962934136,-0.0323790014,1.0000000000
114,7.6000000000,left_hand,11,0.5564625263,0.7094764709,-0.0302229542,1.0000000000
115,7.6670000000,left_hand,11,0.5526477098,0.7224829197,-0.0305024087,1.0000000000
116,7.7330000000,left_hand,11,0.5454885364,0.7329325676,-0.0305711646,1.0000000000
117,7.8000000000,left_hand,11,0.5410621762,0.7436851263,-0.0226411577,1.0000000000
118,7.8670000000,left_hand,11,0.5441077352,0.7426751256,-0.0332017094,1.0000000000
119,7.9330000000,left_hand,11,0.5479540229,0.7420977354,-0.0316931084,1.0000000000
120,8.0000000000,left_hand,11,0.5530663729,0.7369971871,-0.0302193388,1.0000000000
121,8.0670000000,left_hand,11,0.5542721748,0.7246307135,-0.0313658826,1.0000000000
122,8.1330000000,left_hand,11,0.5575836897,0.7182216644,-0.0307758525,1.0000000000
123,8.2000000000,left_hand,11,0.5625506043,0.7083209157,-0.0338593684,1.0000000000
124,8.2670000000,left_hand,11,0.5658373237,0.7004582882,-0.0335537978,1.0000000000
125,8.3330000000,left_hand,11,0.5662591457,0.6903600693,-0.0291500743,1.0000000000
126,8.4000000000,left_hand,11,0.5717065334,0.6856718063,-0.0314129740,1.0000000000
127,8.4670000000,left_hand,11,0.5688128471,0.6854050159,-0.0293644760,1.0000000000
128,8.5330000000,left_hand,11,0.5647057891,0.6816590428,-0.0324843451,1.0000000000
129,8.6000000000,left_hand,11,0.5659277439,0.6932651997,-0.0357354246,1.0000000000
130,8.6670000000,left_hand,11,0.5585553050,0.7037557960,-0.0333449058,1.0000000000
131,8.7330000000,left_hand,11,0.5552129745,0.7108254433,-0.0251423772,1.0000000000
132,8.8000000000,left_hand,11,0.5512572527,0.7207083702,-0.0264980029,1.0000000000
133,8.8670000000,left_hand,11,0.5487493277,0.7313027382,-0.0270122457,1.0000000000
134,8.9330000000,left_hand,11,0.5516409278,0.7438105941,-0.0249863155,1.0000000000
135,9.0000000000,left_hand,11,0.5499284863,0.7408030033,-0.0281887036,1.0000000000
136,9.0670000000,left_hand,11,0.5528002977,0.7363942862,-0.0327002741,1.0000000000
137,9.1330000000,left_hand,11,0.5525420904,0.7252324224,-0.0304202419,1.0000000000
138,9.2000000000,left_hand,11,0.5599055290,0.7156271338,-0.0305260215,1.0000000000
139,9.2670000000,left_hand,11,0.5655592680,0.7048575282,-0.0337040573,1.0000000000
140,9.3330000000,left_hand,11,0.5688620210,0.6940278411,-0.0315549187,1.0000000000
141,9.4000000000,left_hand,11,0.5709646940,0.6835416555,-0.0310544744,1.0000000000
142,9.4670000000,left_hand,11,0.5724659562,0.6769116521,-0.0279046092,1.0000000000
143,9.5330000000,left_hand,11,0.5711640120,0.6816797853,-0.0284981858,1.0000000000
144,9.6000000000,left_hand,11,0.5700826645,0.6912426949,-0.0317904428,1.0000000000
145,9.6670000000,left_hand,11,0.5646834373,0.6950022578,-0.0318930559,1.0000000000
146,9.7330000000,left_hand,11,0.5625338554,0.6972935200,-0.0324219279,1.0000000000
147,9.8000000000,left_hand,11,0.5607355237,0.7082494497,-0.0273302421,1.0000000000
148,9.8670000000,left_hand,11,0.5536952019,0.7261623144,-0.0223927982,1.0000000000
149,9.9330000000,left_hand,11,0.5483644605,0.7366077304,-0.0190055743,1.0000000000
150,10.0000000000,left_hand,11,0.5396845937,0.7498421073,-0.0215732027,1.0000000000
151,10.0670000000,left_hand,11,0.5346041322,0.7528512478,-0.0211257767,1.0000000000
152,10.1330000000,left_hand,11,0.5383631587,0.7425314188,-0.0277314689,1.0000000000
153,10.2000000000,left_hand,11,0.5390308499,0.7449972630,-0.0331654996,1.0000000000
154,10.2670000000,left_hand,11,0.5406129360,0.7424458265,-0.0325299278,1.0000000000
155,10.3330000000,left_hand,11,0.5430172682,0.7357131243,-0.0283298772,1.0000000000
156,10.4000000000,left_hand,11,0.5458760858,0.7314779758,-0.0273117926,1.0000000000
157,10.4670000000,left_hand,11,0.5509117842,0.7245049477,-0.0284011792,1.0000000000
158,10.5330000000,left_hand,11,0.5553172231,0.7189387083,-0.0318903215,1.0000000000
159,10.6000000000,left_hand,11,0.5606977344,0.7111514211,-0.0313929133,1.0000000000
160,10.6670000000,left_hand,11,0.5612030029,0.7045629621,-0.0320244581,1.0000000000
161,10.7330000000,left_hand,11,0.5639845729,0.7012102008,-0.0298677869,1.0000000000
162,10.8000000000,left_hand,11,0.5664269924,0.7001889348,-0.0276808422,1.0000000000
163,10.8670000000,left_hand,11,0.5607510805,0.6991404295,-0.0299639106,1.0000000000
164,10.9330000000,left_hand,11,0.5638883114,0.7043695450,-0.0307112150,1.0000000000
165,11.0000000000,left_hand,11,0.5605890155,0.7168512940,-0.0309258755,1.0000000000
166,11.0670000000,left_hand,11,0.5569275022,0.7286843657,-0.0318957791,1.0000000000
167,11.1330000000,left_hand,11,0.5519217849,0.7357711196,-0.0321477577,1.0000000000
168,11.2000000000,left_hand,11,0.5467728972,0.7420024276,-0.0307222325,1.0000000000
169,11.2670000000,left_hand,11,0.5437238216,0.7471653223,-0.0301062614,1.0000000000
170,11.3330000000,left_hand,11,0.5387237072,0.7533231378,-0.0313683376,1.0000000000
171,11.4000000000,left_hand,11,0.5393438935,0.7543091774,-0.0315527059,1.0000000000
172,11.4670000000,left_hand,11,0.5422618389,0.7507247925,-0.0341901779,1.0000000000
173,11.5330000000,left_hand,11,0.5406474471,0.7531804442,-0.0326682478,1.0000000000
174,11.6000000000,left_hand,11,0.5414528847,0.7487103343,-0.0279438123,1.0000000000
175,11.6670000000,left_hand,11,0.5442555547,0.7424616814,-0.0364916734,1.0000000000
176,11.7330000000,left_hand,11,0.5485758185,0.7364459634,-0.0359679051,1.0000000000
177,11.8000000000,left_hand,11,0.5483782887,0.7388558388,-0.0327373222,1.0000000000
178,11.8670000000,left_hand,11,0.5460428596,0.7376399040,-0.0299743898,1.0000000000
179,11.9330000000,left_hand,11,0.5514550805,0.7353595495,-0.0341166928,1.0000000000
180,12.0000000000,left_hand,11,0.5529264808,0.7247899771,-0.0306384098,1.0000000000
75,5.0000000000,left_hand,12,0.5350708365,0.7628520131,-0.0287044626,1.0000000000
76,5.0670000000,left_hand,12,0.5452464223,0.7469863892,-0.0291588996,1.0000000000
77,5.1330000000,left_hand,12,0.5497782230,0.7400193214,-0.0373638831,1.0000000000
78,5.2000000000,left_hand,12,0.5593168736,0.7212979794,-0.0398687199,1.0000000000
79,5.2670000000,left_hand,12,0.5598473549,0.7148945332,-0.0337917320,1.0000000000
80,5.3330000000,left_hand,12,0.5738154054,0.6861448288,-0.0349623375,1.0000000000
81,5.4000000000,left_hand,12,0.5773708820,0.6906542778,-0.0307743382,1.0000000000
82,5.4670000000,left_hand,12,0.5713635087,0.7146990299,-0.0310369004,1.0000000000
83,5.5330000000,left_hand,12,0.5605363846,0.7271092534,-0.0358648114,1.0000000000
84,5.6000000000,left_hand,12,0.5580281615,0.7155329585,-0.0365563296,1.0000000000
85,5.6670000000,left_hand,12,0.5611636043,0.7183853984,-0.0334788635,1.0000000000
86,5.7330000000,left_hand,12,0.5586413145,0.7104572058,-0.0362611227,1.0000000000
87,5.8000000000,left_hand,12,0.5590459704,0.7091062069,-0.0331548713,1.0000000000
88,5.8670000000,left_hand,12,0.5602567196,0.7012550235,-0.0366572812,1.0000000000
89,5.9330000000,left_hand,12,0.5627186298,0.7032095790,-0.0341380574,1.0000000000
90,6.0000000000,left_hand,12,0.5612188578,0.6930411458,-0.0321342349,1.0000000000
91,6.0670000000,left_hand,12,0.5620777011,0.6921599507,-0.0288470332,1.0000000000
92,6.1330000000,left_hand,12,0.5659596920,0.6895777583,-0.0273282640,1.0000000000
93,6.2000000000,left_hand,12,0.5701928735,0.6918358207,-0.0319251604,1.0000000000
94,6.2670000000,left_hand,12,0.5744493604,0.6812171936,-0.0317075960,1.0000000000
95,6.3330000000,left_hand,12,0.5770950913,0.6687444448,-0.0289643332,1.0000000000
96,6.4000000000,left_hand,12,0.5789787173,0.6628432274,-0.0317350850,1.0000000000
97,6.4670000000,left_hand,12,0.5766276121,0.6689552665,-0.0327819102,1.0000000000
98,6.5330000000,left_hand,12,0.5722215176,0.6737114787,-0.0360555574,1.0000000000
99,6.6000000000,left_hand,12,0.5675355196,0.6942306757,-0.0286472216,1.0000000000
100,6.6670000000,left_hand,12,0.5619649887,0.7069522738,-0.0211334676,1.0000000000
101,6.7330000000,left_hand,12,0.5561532974,0.7109888792,-0.0256126057,1.0000000000
102,6.8000000000,left_hand,12,0.5570284724,0.7204594016,-0.0273923837,1.0000000000
103,6.8670000000,left_hand,12,0.5554968119,0.7156662941,-0.0295241680,1.0000000000
104,6.9330000000,left_hand,12,0.5572464466,0.7121238708,-0.0285384227,1.0000000000
105,7.0000000000,left_hand,12,0.5594071150,0.6989523768,-0.0282641575,1.0000000000
106,7.0670000000,left_hand,12,0.5612238646,0.6903705597,-0.0304102097,1.0000000000
107,7.1330000000,left_hand,12,0.5659837127,0.6808493733,-0.0309597421,1.0000000000
108,7.2000000000,left_hand,12,0.5736836791,0.6705890298,-0.0331281349,1.0000000000
109,7.2670000000,left_hand,12,0.5751050115,0.6561270952,-0.0272268038,1.0000000000
110,7.3330000000,left_hand,12,0.5760760307,0.6485822201,-0.0313625708,1.0000000000
111,7.4000000000,left_hand,12,0.5734919906,0.6554038525,-0.0253507644,1.0000000000
112,7.4670000000,left_hand,12,0.5741282105,0.6648471355,-0.0331968367,1.0000000000
113,7.5330000000,left_hand,12,0.5675256848,0.6730625629,-0.0307042841,1.0000000000
114,7.6000000000,left_hand,12,0.5611948371,0.6890985370,-0.0288694967,1.0000000000
115,7.6670000000,left_hand,12,0.5578931570,0.7009062767,-0.0292795878,1.0000000000
116,7.7330000000,left_hand,12,0.5503991246,0.7115849853,-0.0290914010,1.0000000000
117,7.8000000000,left_hand,12,0.5459030271,0.7298268676,-0.0221419130,1.0000000000
118,7.8670000000,left_hand,12,0.5495643020,0.7231826186,-0.0325525403,1.0000000000
119,7.9330000000,left_hand,12,0.5521826744,0.7204477191,-0.0309158843,1.0000000000
120,8.0000000000,left_hand,12,0.5568073988,0.7158626318,-0.0293499809,1.0000000000
121,8.0670000000,left_hand,12,0.5587980151,0.6994400024,-0.0309394170,1.0000000000
122,8.1330000000,left_hand,12,0.5612709522,0.6960557699,-0.0302811060,1.0000000000
123,8.2000000000,left_hand,12,0.5659862757,0.6848604083,-0.0329352133,1.0000000000
124,8.2670000000,left_hand,12,0.5697815418,0.6789940000,-0.0328037888,1.0000000000
125,8.3330000000,left_hand,12,0.5708433390,0.6677179337,-0.0281512849,1.0000000000
126,8.4000000000,left_hand,12,0.5753476620,0.6626219153,-0.0300178751,1.0000000000
127,8.4670000000,left_hand,12,0.5724271536,0.6627834439,-0.0279662274,1.0000000000
128,8.5330000000,left_hand,12,0.5692353845,0.6571391821,-0.0325697362,1.0000000000
129,8.6000000000,left_hand,12,0.5693929195,0.6698121428,-0.0349963754,1.0000000000
130,8.6670000000,left_hand,12,0.5636321306,0.6813665628,-0.0322814025,1.0000000000
131,8.7330000000,left_hand,12,0.5593618155,0.6916298866,-0.0245579723,1.0000000000
132,8.8000000000,left_hand,12,0.5560002327,0.7001610398,-0.0258609764,1.0000000000
133,8.8670000000,left_hand,12,0.5532142520,0.7102263570,-0.0255812909,1.0000000000
134,8.9330000000,left_hand,12,0.5557231903,0.7256590128,-0.0247377120,1.0000000000
135,9.0000000000,left_hand,12,0.5546500683,0.7182540298,-0.0276050121,1.0000000000
136,9.0670000000,left_hand,12,0.5566129684,0.7126519680,-0.0320967697,1.0000000000
137,9.1330000000,left_hand,12,0.5585812926,0.7035064697,-0.0288885888,1.0000000000
138,9.2000000000,left_hand,12,0.5645014048,0.6905874610,-0.0287019610,1.0000000000
139,9.2670000000,left_hand,12,0.5697818398,0.6824716330,-0.0323294811,1.0000000000
140,9.3330000000,left_hand,12,0.5731617212,0.6708542109,-0.0301315561,1.0000000000
141,9.4000000000,left_hand,12,0.5749255419,0.6590548754,-0.0294297859,1.0000000000
142,9.4670000000,left_hand,12,0.5754678845,0.6550877094,-0.0270020608,1.0000000000
143,9.5330000000,left_hand,12,0.5752168894,0.6634312272,-0.0271304008,1.0000000000
144,9.6000000000,left_hand,12,0.5749244690,0.6708500385,-0.0306061674,1.0000000000
145,9.6670000000,left_hand,12,0.5697774291,0.6712052822,-0.0302537438,1.0000000000
146,9.7330000000,left_hand,12,0.5671781301,0.6714983582,-0.0311080981,1.0000000000
147,9.8000000000,left_hand,12,0.5655422211,0.6875013113,-0.0259408802,1.0000000000
148,9.8670000000,left_hand,12,0.5582090020,0.7052661180,-0.0206761267,1.0000000000
149,9.9330000000,left_hand,12,0.5544604659,0.7173164487,-0.0186978616,1.0000000000
150,10.0000000000,left_hand,12,0.5437021852,0.7480310798,-0.0213236641,1.0000000000
151,10.0670000000,left_hand,12,0.5389824510,0.7423731089,-0.0202560201,1.0000000000
152,10.1330000000,left_hand,12,0.5435132980,0.7217853665,-0.0268272720,1.0000000000
153,10.2000000000,left_hand,12,0.5434471369,0.7244749069,-0.0328523405,1.0000000000
154,10.2670000000,left_hand,12,0.5459297299,0.7186648846,-0.0317933746,1.0000000000
155,10.3330000000,left_hand,12,0.5481898189,0.7131428123,-0.0279604625,1.0000000000
156,10.4000000000,left_hand,12,0.5504051447,0.7077038288,-0.0277064033,1.0000000000
157,10.4670000000,left_hand,12,0.5557525754,0.7006564140,-0.0264140051,1.0000000000
158,10.5330000000,left_hand,12,0.5614562631,0.6971532702,-0.0304271206,1.0000000000
159,10.6000000000,left_hand,12,0.5646699667,0.6867993474,-0.0300650150,1.0000000000
160,10.6670000000,left_hand,12,0.5657805204,0.6807304621,-0.0308875944,1.0000000000
161,10.7330000000,left_hand,12,0.5688121915,0.6782343984,-0.0284569040,1.0000000000
162,10.8000000000,left_hand,12,0.5709882975,0.6800147891,-0.0265721008,1.0000000000
163,10.8670000000,left_hand,12,0.5658574700,0.6768651605,-0.0295454003,1.0000000000
164,10.9330000000,left_hand,12,0.5692023039,0.6821248531,-0.0293328706,1.0000000000
165,11.0000000000,left_hand,12,0.5650491714,0.7035961747,-0.0305710007,1.0000000000
166,11.0670000000,left_hand,12,0.5613629818,0.7092958093,-0.0306071211,1.0000000000
167,11.1330000000,left_hand,12,0.5574224591,0.7158352733,-0.0307176113,1.0000000000
168,11.2000000000,left_hand,12,0.5519154072,0.7215224504,-0.0301996525,1.0000000000
169,11.2670000000,left_hand,12,0.5484835505,0.7260062695,-0.0286840107,1.0000000000
170,11.3330000000,left_hand,12,0.5437012911,0.7401342988,-0.0313701108,1.0000000000
171,11.4000000000,left_hand,12,0.5438912511,0.7441259027,-0.0313567445,1.0000000000
172,11.4670000000,left_hand,12,0.5478757024,0.7292522788,-0.0327809975,1.0000000000
173,11.5330000000,left_hand,12,0.5446129441,0.7372913957,-0.0320775062,1.0000000000
174,11.6000000000,left_hand,12,0.5451905727,0.7338193059,-0.0277226493,1.0000000000
175,11.6670000000,left_hand,12,0.5491692424,0.7185006142,-0.0345527567,1.0000000000
176,11.7330000000,left_hand,12,0.5510309339,0.7128880620,-0.0352531970,1.0000000000
177,11.8000000000,left_hand,12,0.5526690483,0.7185177803,-0.0309873465,1.0000000000
178,11.8670000000,left_hand,12,0.5489510298,0.7390620112,-0.0311394185,1.0000000000
179,11.9330000000,left_hand,12,0.5563473105,0.7171250582,-0.0331226625,1.0000000000
180,12.0000000000,left_hand,12,0.5569925308,0.7023552656,-0.0294859782,1.0000000000
75,5.0000000000,left_hand,13,0.5627521873,0.6499545574,-0.0252688918,1.0000000000
76,5.0670000000,left_hand,13,0.5715650916,0.6616998315,-0.0301369485,1.0000000000
77,5.1330000000,left_hand,13,0.5753037333,0.6520694494,-0.0331415161,1.0000000000
78,5.2000000000,left_hand,13,0.5848419666,0.6547687054,-0.0346917398,1.0000000000
79,5.2670000000,left_hand,13,0.5853538513,0.6547949910,-0.0319694765,1.0000000000
80,5.3330000000,left_hand,13,0.5911853313,0.6479483247,-0.0297086593,1.0000000000
81,5.4000000000,left_hand,13,0.5941283703,0.6513648033,-0.0279814303,1.0000000000
82,5.4670000000,left_hand,13,0.5950717330,0.6583437324,-0.0295647457,1.0000000000
83,5.5330000000,left_hand,13,0.5801355839,0.6673908830,-0.0298036877,1.0000000000
84,5.6000000000,left_hand,13,0.5798875093,0.6654589176,-0.0346640758,1.0000000000
85,5.6670000000,left_hand,13,0.5787072182,0.6694115996,-0.0334151350,1.0000000000
86,5.7330000000,left_hand,13,0.5782464743,0.6681623459,-0.0354977138,1.0000000000
87,5.8000000000,left_hand,13,0.5767762065,0.6674593687,-0.0299492404,1.0000000000
88,5.8670000000,left_hand,13,0.5812570453,0.6603549123,-0.0335656963,1.0000000000
89,5.9330000000,left_hand,13,0.5778116584,0.6542402506,-0.0305164233,1.0000000000
90,6.0000000000,left_hand,13,0.5797973871,0.6535718441,-0.0318479650,1.0000000000
91,6.0670000000,left_hand,13,0.5809741616,0.6541272402,-0.0254564658,1.0000000000
92,6.1330000000,left_hand,13,0.5836462379,0.6527576447,-0.0249555372,1.0000000000
93,6.2000000000,left_hand,13,0.5830326676,0.6461523175,-0.0269163325,1.0000000000
94,6.2670000000,left_hand,13,0.5911659598,0.6391255856,-0.0267146714,1.0000000000
95,6.3330000000,left_hand,13,0.5999099612,0.6339066029,-0.0293286555,1.0000000000
96,6.4000000000,left_hand,13,0.5996278524,0.6345016956,-0.0294249207,1.0000000000
97,6.4670000000,left_hand,13,0.5988510251,0.6344177723,-0.0316569358,1.0000000000
98,6.5330000000,left_hand,13,0.5946336389,0.6421736479,-0.0326955914,1.0000000000
99,6.6000000000,left_hand,13,0.5876311660,0.6494725347,-0.0287854094,1.0000000000
100,6.6670000000,left_hand,13,0.5766883492,0.6634852290,-0.0197949335,1.0000000000
101,6.7330000000,left_hand,13,0.5726125240,0.6708490252,-0.0241078790,1.0000000000
102,6.8000000000,left_hand,13,0.5754082203,0.6746917963,-0.0262475982,1.0000000000
103,6.8670000000,left_hand,13,0.5776411295,0.6739482284,-0.0304532237,1.0000000000
104,6.9330000000,left_hand,13,0.5779411793,0.6754328609,-0.0240136422,1.0000000000
105,7.0000000000,left_hand,13,0.5794460177,0.6656683087,-0.0253429282,1.0000000000
106,7.0670000000,left_hand,13,0.5839133859,0.6575418115,-0.0260963347,1.0000000000
107,7.1330000000,left_hand,13,0.5877638459,0.6469634175,-0.0273554642,1.0000000000
108,7.2000000000,left_hand,13,0.5914496183,0.6304844022,-0.0273311771,1.0000000000
109,7.2670000000,left_hand,13,0.5934516788,0.6223244667,-0.0228837412,1.0000000000
110,7.3330000000,left_hand,13,0.5960791707,0.6174774170,-0.0269169342,1.0000000000
111,7.4000000000,left_hand,13,0.5929339528,0.6178358793,-0.0244734529,1.0000000000
112,7.4670000000,left_hand,13,0.5912221670,0.6303745508,-0.0311803054,1.0000000000
113,7.5330000000,left_hand,13,0.5901613235,0.6429486871,-0.0294770524,1.0000000000
114,7.6000000000,left_hand,13,0.5829067826,0.6557614207,-0.0267264619,1.0000000000
115,7.6670000000,left_hand,13,0.5799157619,0.6644345522,-0.0282809921,1.0000000000
116,7.7330000000,left_hand,13,0.5733372569,0.6771994233,-0.0289830789,1.0000000000
117,7.8000000000,left_hand,13,0.5661335588,0.6769088507,-0.0215784106,1.0000000000
118,7.8670000000,left_hand,13,0.5679266453,0.6749939919,-0.0304587837,1.0000000000
119,7.9330000000,left_hand,13,0.5724485517,0.6834353805,-0.0294259805,1.0000000000
120,8.0000000000,left_hand,13,0.5755252838,0.6773570776,-0.0266327690,1.0000000000
121,8.0670000000,left_hand,13,0.5774797201,0.6717358828,-0.0268473886,1.0000000000
122,8.1330000000,left_hand,13,0.5804898739,0.6621646285,-0.0259264149,1.0000000000
123,8.2000000000,left_hand,13,0.5884684324,0.6523258090,-0.0306591168,1.0000000000
124,8.2670000000,left_hand,13,0.5857719779,0.6401395202,-0.0295198597,1.0000000000
125,8.3330000000,left_hand,13,0.5903002620,0.6354371905,-0.0252475329,1.0000000000
126,8.4000000000,left_hand,13,0.5919442773,0.6248738766,-0.0274638161,1.0000000000
127,8.4670000000,left_hand,13,0.5877993703,0.6270005107,-0.0256532971,1.0000000000
128,8.5330000000,left_hand,13,0.5862678885,0.6340981722,-0.0198353324,1.0000000000
129,8.6000000000,left_hand,13,0.5879985094,0.6364755630,-0.0299572870,1.0000000000
130,8.6670000000,left_hand,13,0.5837624669,0.6438219547,-0.0286502987,1.0000000000
131,8.7330000000,left_hand,13,0.5770992041,0.6512762308,-0.0215892587,1.0000000000
132,8.8000000000,left_hand,13,0.5751901269,0.6633975506,-0.0236638337,1.0000000000
133,8.8670000000,left_hand,13,0.5756000280,0.6731940508,-0.0244776085,1.0000000000
134,8.9330000000,left_hand,13,0.5749789476,0.6802460551,-0.0240705218,1.0000000000
135,9.0000000000,left_hand,13,0.5738053322,0.6816940904,-0.0249342993,1.0000000000
136,9.0670000000,left_hand,13,0.5778052211,0.6796222925,-0.0265492238,1.0000000000
137,9.1330000000,left_hand,13,0.5786079764,0.6677237749,-0.0274862107,1.0000000000
138,9.2000000000,left_hand,13,0.5827252269,0.6606472731,-0.0282487143,1.0000000000
139,9.2670000000,left_hand,13,0.5848037601,0.6504630446,-0.0291474033,1.0000000000
140,9.3330000000,left_hand,13,0.5858277082,0.6386962533,-0.0270870831,1.0000000000
141,9.4000000000,left_hand,13,0.5901671052,0.6264303923,-0.0263405833,1.0000000000
142,9.4670000000,left_hand,13,0.5912452340,0.6213275194,-0.0255042519,1.0000000000
143,9.5330000000,left_hand,13,0.5930013657,0.6234740019,-0.0241168477,1.0000000000
144,9.6000000000,left_hand,13,0.5915414691,0.6334702373,-0.0274945218,1.0000000000
145,9.6670000000,left_hand,13,0.5883262753,0.6364780664,-0.0282345582,1.0000000000
146,9.7330000000,left_hand,13,0.5880355239,0.6432109475,-0.0264326166,1.0000000000
147,9.8000000000,left_hand,13,0.5836769342,0.6571671367,-0.0238313675,1.0000000000
148,9.8670000000,left_hand,13,0.5798448920,0.6736981273,-0.0209886283,1.0000000000
149,9.9330000000,left_hand,13,0.5730392933,0.6834813952,-0.0195538700,1.0000000000
150,10.0000000000,left_hand,13,0.5675089955,0.6790114641,-0.0206571948,1.0000000000
151,10.0670000000,left_hand,13,0.5623366833,0.6857293844,-0.0240475554,1.0000000000
152,10.1330000000,left_hand,13,0.5615861416,0.6848074198,-0.0259494018,1.0000000000
153,10.2000000000,left_hand,13,0.5632123947,0.6821693778,-0.0293278154,1.0000000000
154,10.2670000000,left_hand,13,0.5621345639,0.6795412302,-0.0293800738,1.0000000000
155,10.3330000000,left_hand,13,0.5640569329,0.6780782342,-0.0267768297,1.0000000000
156,10.4000000000,left_hand,13,0.5730661154,0.6782813072,-0.0221395474,1.0000000000
157,10.4670000000,left_hand,13,0.5784576535,0.6736444831,-0.0250409469,1.0000000000
158,10.5330000000,left_hand,13,0.5761715174,0.6635293365,-0.0261879154,1.0000000000
159,10.6000000000,left_hand,13,0.5840471387,0.6586067080,-0.0268494505,1.0000000000
160,10.6670000000,left_hand,13,0.5835056305,0.6531009078,-0.0266744159,1.0000000000
161,10.7330000000,left_hand,13,0.5874650478,0.6434894204,-0.0262961499,1.0000000000
162,10.8000000000,left_hand,13,0.5874453187,0.6465327740,-0.0240847301,1.0000000000
163,10.8670000000,left_hand,13,0.5881931782,0.6488867402,-0.0228252225,1.0000000000
164,10.9330000000,left_hand,13,0.5883921981,0.6525481343,-0.0272288639,1.0000000000
165,11.0000000000,left_hand,13,0.5844410658,0.6556561589,-0.0268309861,1.0000000000
166,11.0670000000,left_hand,13,0.5799543858,0.6683682799,-0.0293117538,1.0000000000
167,11.1330000000,left_hand,13,0.5735661387,0.6752377152,-0.0300905537,1.0000000000
168,11.2000000000,left_hand,13,0.5705204010,0.6802080870,-0.0305375997,1.0000000000
169,11.2670000000,left_hand,13,0.5630877018,0.6795353889,-0.0296622049,1.0000000000
170,11.3330000000,left_hand,13,0.5626918674,0.6809128523,-0.0300505366,1.0000000000
171,11.4000000000,left_hand,13,0.5609978437,0.6765816212,-0.0280530080,1.0000000000
172,11.4670000000,left_hand,13,0.5617485642,0.6819463372,-0.0334220938,1.0000000000
173,11.5330000000,left_hand,13,0.5632332563,0.6789748073,-0.0317981467,1.0000000000
174,11.6000000000,left_hand,13,0.5639707446,0.6795777082,-0.0266145580,1.0000000000
175,11.6670000000,left_hand,13,0.5646784902,0.6757451296,-0.0320602991,1.0000000000
176,11.7330000000,left_hand,13,0.5695965290,0.6710717082,-0.0323460847,1.0000000000
177,11.8000000000,left_hand,13,0.5674659014,0.6685799360,-0.0329505466,1.0000000000
178,11.8670000000,left_hand,13,0.5702039003,0.6584753394,-0.0266859736,1.0000000000
179,11.9330000000,left_hand,13,0.5716051459,0.6641547084,-0.0343114771,1.0000000000
180,12.0000000000,left_hand,13,0.5710928440,0.6611998677,-0.0289001428,1.0000000000
75,5.0000000000,left_hand,14,0.5544352531,0.7135188580,-0.0290410817,1.0000000000
76,5.0670000000,left_hand,14,0.5626643896,0.7300925255,-0.0342127495,1.0000000000
77,5.1330000000,left_hand,14,0.5636265874,0.7245230079,-0.0395749882,1.0000000000
78,5.2000000000,left_hand,14,0.5730166435,0.7246083021,-0.0429821052,1.0000000000
79,5.2670000000,left_hand,14,0.5752769709,0.7264485359,-0.0378633551,1.0000000000
80,5.3330000000,left_hand,14,0.5850023031,0.7233914733,-0.0373438857,1.0000000000
81,5.4000000000,left_hand,14,0.5861744881,0.7263054848,-0.0359109752,1.0000000000
82,5.4670000000,left_hand,14,0.5851594806,0.7284379601,-0.0352514572,1.0000000000
83,5.5330000000,left_hand,14,0.5707253814,0.7408745289,-0.0372943059,1.0000000000
84,5.6000000000,left_hand,14,0.5697776079,0.7435622811,-0.0425291546,1.0000000000
85,5.6670000000,left_hand,14,0.5707836747,0.7453259230,-0.0408708639,1.0000000000
86,5.7330000000,left_hand,14,0.5683799982,0.7459197044,-0.0436450131,1.0000000000
87,5.8000000000,left_hand,14,0.5679576993,0.7419432402,-0.0376007706,1.0000000000
88,5.8670000000,left_hand,14,0.5697960854,0.7391576171,-0.0416290574,1.0000000000
89,5.9330000000,left_hand,14,0.5693073869,0.7343455553,-0.0390460938,1.0000000000
90,6.0000000000,left_hand,14,0.5709942579,0.7320951819,-0.0393397473,1.0000000000
91,6.0670000000,left_hand,14,0.5731256008,0.7304659486,-0.0326808952,1.0000000000
92,6.1330000000,left_hand,14,0.5770727992,0.7285237908,-0.0325381942,1.0000000000
93,6.2000000000,left_hand,14,0.5774309039,0.7230778337,-0.0341923870,1.0000000000
94,6.2670000000,left_hand,14,0.5825382471,0.7127830386,-0.0339046083,1.0000000000
95,6.3330000000,left_hand,14,0.5889307857,0.7098509669,-0.0354337022,1.0000000000
96,6.4000000000,left_hand,14,0.5889403820,0.7062124610,-0.0354362577,1.0000000000
97,6.4670000000,left_hand,14,0.5881165862,0.7079842687,-0.0390227847,1.0000000000
98,6.5330000000,left_hand,14,0.5830719471,0.7159612775,-0.0402723812,1.0000000000
99,6.6000000000,left_hand,14,0.5779489875,0.7240749598,-0.0346059799,1.0000000000
100,6.6670000000,left_hand,14,0.5687415004,0.7354531288,-0.0248840936,1.0000000000
101,6.7330000000,left_hand,14,0.5637592673,0.7462290525,-0.0306189954,1.0000000000
102,6.8000000000,left_hand,14,0.5656673908,0.7494763136,-0.0326609425,1.0000000000
103,6.8670000000,left_hand,14,0.5644457340,0.7514941096,-0.0357410386,1.0000000000
104,6.9330000000,left_hand,14,0.5663869381,0.7473017573,-0.0309749823,1.0000000000
105,7.0000000000,left_hand,14,0.5682018399,0.7390100956,-0.0326750278,1.0000000000
106,7.0670000000,left_hand,14,0.5717712641,0.7291839719,-0.0318479389,1.0000000000
107,7.1330000000,left_hand,14,0.5774305463,0.7171995640,-0.0333549418,1.0000000000
108,7.2000000000,left_hand,14,0.5838779211,0.7040637732,-0.0354760699,1.0000000000
109,7.2670000000,left_hand,14,0.5842068195,0.6916772723,-0.0301344935,1.0000000000
110,7.3330000000,left_hand,14,0.5859586596,0.6883509755,-0.0351109095,1.0000000000
111,7.4000000000,left_hand,14,0.5814896226,0.6901122928,-0.0307444558,1.0000000000
112,7.4670000000,left_hand,14,0.5827968121,0.7002362013,-0.0381177701,1.0000000000
113,7.5330000000,left_hand,14,0.5790469050,0.7144068480,-0.0352342352,1.0000000000
114,7.6000000000,left_hand,14,0.5711169243,0.7251143456,-0.0325812399,1.0000000000
115,7.6670000000,left_hand,14,0.5675968528,0.7374759912,-0.0337794162,1.0000000000
116,7.7330000000,left_hand,14,0.5613963604,0.7483878136,-0.0339606255,1.0000000000
117,7.8000000000,left_hand,14,0.5564591289,0.7489502430,-0.0256961472,1.0000000000
118,7.8670000000,left_hand,14,0.5567250848,0.7556598783,-0.0384366773,1.0000000000
119,7.9330000000,left_hand,14,0.5616050363,0.7572050095,-0.0364495441,1.0000000000
120,8.0000000000,left_hand,14,0.5660395622,0.7504252195,-0.0336128324,1.0000000000
121,8.0670000000,left_hand,14,0.5671810508,0.7452571392,-0.0341361240,1.0000000000
122,8.1330000000,left_hand,14,0.5705943704,0.7353456616,-0.0336955413,1.0000000000
123,8.2000000000,left_hand,14,0.5771875978,0.7259034514,-0.0371754132,1.0000000000
124,8.2670000000,left_hand,14,0.5790393949,0.7160686255,-0.0371622480,1.0000000000
125,8.3330000000,left_hand,14,0.5799251199,0.7072991133,-0.0319641382,1.0000000000
126,8.4000000000,left_hand,14,0.5857001543,0.7007179856,-0.0350363702,1.0000000000
127,8.4670000000,left_hand,14,0.5820690989,0.7004249096,-0.0334861502,1.0000000000
128,8.5330000000,left_hand,14,0.5783094764,0.7017006874,-0.0315255448,1.0000000000
129,8.6000000000,left_hand,14,0.5804800987,0.7117131352,-0.0381643549,1.0000000000
130,8.6670000000,left_hand,14,0.5736352801,0.7193534970,-0.0357155576,1.0000000000
131,8.7330000000,left_hand,14,0.5684160590,0.7228981853,-0.0273699127,1.0000000000
132,8.8000000000,left_hand,14,0.5653840899,0.7347290516,-0.0295874476,1.0000000000
133,8.8670000000,left_hand,14,0.5648121834,0.7454948425,-0.0299353506,1.0000000000
134,8.9330000000,left_hand,14,0.5670477152,0.7517387271,-0.0280831140,1.0000000000
135,9.0000000000,left_hand,14,0.5634820461,0.7569550872,-0.0315951630,1.0000000000
136,9.0670000000,left_hand,14,0.5666370392,0.7529080510,-0.0352340452,1.0000000000
137,9.1330000000,left_hand,14,0.5660719872,0.7428504825,-0.0331477337,1.0000000000
138,9.2000000000,left_hand,14,0.5732803345,0.7345715165,-0.0350487083,1.0000000000
139,9.2670000000,left_hand,14,0.5783113241,0.7227340937,-0.0368027389,1.0000000000
140,9.3330000000,left_hand,14,0.5809479952,0.7103372812,-0.0343724042,1.0000000000
141,9.4000000000,left_hand,14,0.5840048790,0.7002025247,-0.0338135436,1.0000000000
142,9.4670000000,left_hand,14,0.5853350163,0.6908665299,-0.0311416872,1.0000000000
143,9.5330000000,left_hand,14,0.5838491321,0.6900107265,-0.0295557138,1.0000000000
144,9.6000000000,left_hand,14,0.5840352178,0.7024008632,-0.0332318172,1.0000000000
145,9.6670000000,left_hand,14,0.5787436962,0.7111366391,-0.0350821428,1.0000000000
146,9.7330000000,left_hand,14,0.5769057274,0.7168417573,-0.0342613645,1.0000000000
147,9.8000000000,left_hand,14,0.5751103759,0.7263975143,-0.0296250787,1.0000000000
148,9.8670000000,left_hand,14,0.5678959489,0.7433296442,-0.0256472211,1.0000000000
149,9.9330000000,left_hand,14,0.5623712540,0.7497590780,-0.0225057639,1.0000000000
150,10.0000000000,left_hand,14,0.5573891401,0.7438483238,-0.0244058259,1.0000000000
151,10.0670000000,left_hand,14,0.5512455106,0.7564318776,-0.0270725358,1.0000000000
152,10.1330000000,left_hand,14,0.5506920218,0.7595793605,-0.0325996764,1.0000000000
153,10.2000000000,left_hand,14,0.5527279973,0.7583675385,-0.0375553556,1.0000000000
154,10.2670000000,left_hand,14,0.5530707836,0.7580035925,-0.0371400416,1.0000000000
155,10.3330000000,left_hand,14,0.5533151627,0.7527509928,-0.0329147689,1.0000000000
156,10.4000000000,left_hand,14,0.5595482588,0.7496479750,-0.0291510113,1.0000000000
157,10.4670000000,left_hand,14,0.5654587150,0.7454827428,-0.0309004914,1.0000000000
158,10.5330000000,left_hand,14,0.5670320392,0.7368927002,-0.0337168053,1.0000000000
159,10.6000000000,left_hand,14,0.5736264586,0.7329933047,-0.0344574340,1.0000000000
160,10.6670000000,left_hand,14,0.5738968849,0.7265948653,-0.0352208167,1.0000000000
161,10.7330000000,left_hand,14,0.5769492984,0.7204409838,-0.0337987505,1.0000000000
162,10.8000000000,left_hand,14,0.5794283748,0.7163575292,-0.0305713788,1.0000000000
163,10.8670000000,left_hand,14,0.5767121315,0.7184687257,-0.0304702874,1.0000000000
164,10.9330000000,left_hand,14,0.5776236653,0.7240316868,-0.0332257599,1.0000000000
165,11.0000000000,left_hand,14,0.5748437047,0.7252471447,-0.0334073044,1.0000000000
166,11.0670000000,left_hand,14,0.5703020096,0.7420929074,-0.0364923999,1.0000000000
167,11.1330000000,left_hand,14,0.5651532412,0.7499901652,-0.0368676782,1.0000000000
168,11.2000000000,left_hand,14,0.5598427057,0.7549288273,-0.0362045579,1.0000000000
169,11.2670000000,left_hand,14,0.5552969575,0.7601127625,-0.0366572663,1.0000000000
170,11.3330000000,left_hand,14,0.5534783602,0.7597413063,-0.0365455262,1.0000000000
171,11.4000000000,left_hand,14,0.5540759563,0.7551707029,-0.0353761129,1.0000000000
172,11.4670000000,left_hand,14,0.5545820594,0.7639207840,-0.0413210168,1.0000000000
173,11.5330000000,left_hand,14,0.5556338429,0.7602097988,-0.0382514521,1.0000000000
174,11.6000000000,left_hand,14,0.5560939312,0.7562921047,-0.0320695750,1.0000000000
175,11.6670000000,left_hand,14,0.5577737093,0.7555858493,-0.0403887108,1.0000000000
176,11.7330000000,left_hand,14,0.5618146062,0.7520443201,-0.0410215780,1.0000000000
177,11.8000000000,left_hand,14,0.5611063838,0.7487974167,-0.0386464894,1.0000000000
178,11.8670000000,left_hand,14,0.5635135174,0.7252171040,-0.0320344232,1.0000000000
179,11.9330000000,left_hand,14,0.5657660365,0.7415070534,-0.0398146771,1.0000000000
180,12.0000000000,left_hand,14,0.5661857128,0.7376748323,-0.0354057625,1.0000000000
75,5.0000000000,left_hand,15,0.5524129868,0.7409822941,-0.0266020205,1.0000000000
76,5.0670000000,left_hand,15,0.5645281076,0.7334855199,-0.0269019883,1.0000000000
77,5.1330000000,left_hand,15,0.5662015080,0.7384158969,-0.0337904245,1.0000000000
78,5.2000000000,left_hand,15,0.5750782490,0.7281890512,-0.0364003032,1.0000000000
79,5.2670000000,left_hand,15,0.5791719556,0.7181679606,-0.0306324381,1.0000000000
80,5.3330000000,left_hand,15,0.5876038074,0.7113823891,-0.0307473000,1.0000000000
81,5.4000000000,left_hand,15,0.5893015265,0.7139502168,-0.0290221553,1.0000000000
82,5.4670000000,left_hand,15,0.5853236914,0.7248909473,-0.0285288952,1.0000000000
83,5.5330000000,left_hand,15,0.5755109191,0.7368590832,-0.0313251652,1.0000000000
84,5.6000000000,left_hand,15,0.5721397996,0.7324431539,-0.0351130068,1.0000000000
85,5.6670000000,left_hand,15,0.5753313899,0.7350449562,-0.0332274623,1.0000000000
86,5.7330000000,left_hand,15,0.5727375746,0.7324607968,-0.0352516174,1.0000000000
87,5.8000000000,left_hand,15,0.5728372931,0.7312557697,-0.0310846921,1.0000000000
88,5.8670000000,left_hand,15,0.5739646554,0.7260053158,-0.0338132940,1.0000000000
89,5.9330000000,left_hand,15,0.5748527646,0.7220137119,-0.0319989584,1.0000000000
90,6.0000000000,left_hand,15,0.5761624575,0.7178293467,-0.0312314518,1.0000000000
91,6.0670000000,left_hand,15,0.5767115951,0.7161467671,-0.0262051504,1.0000000000
92,6.1330000000,left_hand,15,0.5808386803,0.7142291069,-0.0258610398,1.0000000000
93,6.2000000000,left_hand,15,0.5816679001,0.7125000954,-0.0276800636,1.0000000000
94,6.2670000000,left_hand,15,0.5871460438,0.7021895647,-0.0274917856,1.0000000000
95,6.3330000000,left_hand,15,0.5909544826,0.6950343847,-0.0268091410,1.0000000000
96,6.4000000000,left_hand,15,0.5921854973,0.6907734871,-0.0273318440,1.0000000000
97,6.4670000000,left_hand,15,0.5905784369,0.6936509609,-0.0300006084,1.0000000000
98,6.5330000000,left_hand,15,0.5861393809,0.7007295489,-0.0319823511,1.0000000000
99,6.6000000000,left_hand,15,0.5816577673,0.7138320208,-0.0267918054,1.0000000000
100,6.6670000000,left_hand,15,0.5734376311,0.7268432379,-0.0200336780,1.0000000000
101,6.7330000000,left_hand,15,0.5681130290,0.7334060073,-0.0244134534,1.0000000000
102,6.8000000000,left_hand,15,0.5701656938,0.7395523787,-0.0260338597,1.0000000000
103,6.8670000000,left_hand,15,0.5675925016,0.7374501824,-0.0278554689,1.0000000000
104,6.9330000000,left_hand,15,0.5697550178,0.7354601026,-0.0245861169,1.0000000000
105,7.0000000000,left_hand,15,0.5715605617,0.7240209579,-0.0255099908,1.0000000000
106,7.0670000000,left_hand,15,0.5736010671,0.7161664963,-0.0251853541,1.0000000000
107,7.1330000000,left_hand,15,0.5804021358,0.7061419487,-0.0266939849,1.0000000000
108,7.2000000000,left_hand,15,0.5871123075,0.6917021871,-0.0285750423,1.0000000000
109,7.2670000000,left_hand,15,0.5882450938,0.6794251204,-0.0241710600,1.0000000000
110,7.3330000000,left_hand,15,0.5891973376,0.6728615165,-0.0281357840,1.0000000000
111,7.4000000000,left_hand,15,0.5853624940,0.6787034273,-0.0231748447,1.0000000000
112,7.4670000000,left_hand,15,0.5875278115,0.6868333220,-0.0301051214,1.0000000000
113,7.5330000000,left_hand,15,0.5816470981,0.6985670328,-0.0270398986,1.0000000000
114,7.6000000000,left_hand,15,0.5747778416,0.7128621936,-0.0251945611,1.0000000000
115,7.6670000000,left_hand,15,0.5710906386,0.7256616354,-0.0267813168,1.0000000000
116,7.7330000000,left_hand,15,0.5654593110,0.7368506193,-0.0257247724,1.0000000000
117,7.8000000000,left_hand,15,0.5606112480,0.7441358566,-0.0195733607,1.0000000000
118,7.8670000000,left_hand,15,0.5629054904,0.7439798117,-0.0312520862,1.0000000000
119,7.9330000000,left_hand,15,0.5669574142,0.7450675964,-0.0288690291,1.0000000000
120,8.0000000000,left_hand,15,0.5703915954,0.7384629250,-0.0262203105,1.0000000000
121,8.0670000000,left_hand,15,0.5716044903,0.7290537357,-0.0280344281,1.0000000000
122,8.1330000000,left_hand,15,0.5739690065,0.7215429544,-0.0271112695,1.0000000000
123,8.2000000000,left_hand,15,0.5801382065,0.7119082808,-0.0291942265,1.0000000000
124,8.2670000000,left_hand,15,0.5827813148,0.7020794749,-0.0303185582,1.0000000000
125,8.3330000000,left_hand,15,0.5834580064,0.6936609745,-0.0251112878,1.0000000000
126,8.4000000000,left_hand,15,0.5901795030,0.6856825352,-0.0278086383,1.0000000000
127,8.4670000000,left_hand,15,0.5870999694,0.6846943498,-0.0263246130,1.0000000000
128,8.5330000000,left_hand,15,0.5823304057,0.6821632981,-0.0266330671,1.0000000000
129,8.6000000000,left_hand,15,0.5831839442,0.6940162182,-0.0307951905,1.0000000000
130,8.6670000000,left_hand,15,0.5771180987,0.7053241134,-0.0283141639,1.0000000000
131,8.7330000000,left_hand,15,0.5719447732,0.7140223980,-0.0212194975,1.0000000000
132,8.8000000000,left_hand,15,0.5693372488,0.7239048481,-0.0229365900,1.0000000000
133,8.8670000000,left_hand,15,0.5682423711,0.7353347540,-0.0227970555,1.0000000000
134,8.9330000000,left_hand,15,0.5706775188,0.7432160378,-0.0218088850,1.0000000000
135,9.0000000000,left_hand,15,0.5680349469,0.7435790300,-0.0250004679,1.0000000000
136,9.0670000000,left_hand,15,0.5712327361,0.7403768897,-0.0285576601,1.0000000000
137,9.1330000000,left_hand,15,0.5693543553,0.7285249829,-0.0253117327,1.0000000000
138,9.2000000000,left_hand,15,0.5770760775,0.7176459432,-0.0268962681,1.0000000000
139,9.2670000000,left_hand,15,0.5829807520,0.7057924271,-0.0291508548,1.0000000000
140,9.3330000000,left_hand,15,0.5849486589,0.6938660145,-0.0270372368,1.0000000000
141,9.4000000000,left_hand,15,0.5879015326,0.6840721369,-0.0264601558,1.0000000000
142,9.4670000000,left_hand,15,0.5892497897,0.6777203083,-0.0239089187,1.0000000000
143,9.5330000000,left_hand,15,0.5879652500,0.6821950078,-0.0223046020,1.0000000000
144,9.6000000000,left_hand,15,0.5877420902,0.6893422008,-0.0259347651,1.0000000000
145,9.6670000000,left_hand,15,0.5833860040,0.6982229948,-0.0274885595,1.0000000000
146,9.7330000000,left_hand,15,0.5802935958,0.6995505095,-0.0270237494,1.0000000000
147,9.8000000000,left_hand,15,0.5786038041,0.7126955986,-0.0224562902,1.0000000000
148,9.8670000000,left_hand,15,0.5701682568,0.7312501073,-0.0185785517,1.0000000000
149,9.9330000000,left_hand,15,0.5669376850,0.7415098548,-0.0171812996,1.0000000000
150,10.0000000000,left_hand,15,0.5593907237,0.7539944649,-0.0199803915,1.0000000000
151,10.0670000000,left_hand,15,0.5541524887,0.7559539080,-0.0207450427,1.0000000000
152,10.1330000000,left_hand,15,0.5565229058,0.7462075949,-0.0252958965,1.0000000000
153,10.2000000000,left_hand,15,0.5578465462,0.7464175224,-0.0306606293,1.0000000000
154,10.2670000000,left_hand,15,0.5593824387,0.7424947619,-0.0302934349,1.0000000000
155,10.3330000000,left_hand,15,0.5599561930,0.7400276661,-0.0262548365,1.0000000000
156,10.4000000000,left_hand,15,0.5618171692,0.7351704836,-0.0241934527,1.0000000000
157,10.4670000000,left_hand,15,0.5677399635,0.7299316525,-0.0230896045,1.0000000000
158,10.5330000000,left_hand,15,0.5719668865,0.7219638228,-0.0266696569,1.0000000000
159,10.6000000000,left_hand,15,0.5772286654,0.7164964676,-0.0270156860,1.0000000000
160,10.6670000000,left_hand,15,0.5786859989,0.7100671530,-0.0279113539,1.0000000000
161,10.7330000000,left_hand,15,0.5818516612,0.7062570453,-0.0264616832,1.0000000000
162,10.8000000000,left_hand,15,0.5844734311,0.7040567994,-0.0239625368,1.0000000000
163,10.8670000000,left_hand,15,0.5793818831,0.7029839754,-0.0243605226,1.0000000000
164,10.9330000000,left_hand,15,0.5805743337,0.7083600760,-0.0258454978,1.0000000000
165,11.0000000000,left_hand,15,0.5787980556,0.7211013436,-0.0274946429,1.0000000000
166,11.0670000000,left_hand,15,0.5743797421,0.7318909764,-0.0295570008,1.0000000000
167,11.1330000000,left_hand,15,0.5708608031,0.7395527959,-0.0294197798,1.0000000000
168,11.2000000000,left_hand,15,0.5649209023,0.7425972223,-0.0297928602,1.0000000000
169,11.2670000000,left_hand,15,0.5615091324,0.7492484450,-0.0295333508,1.0000000000
170,11.3330000000,left_hand,15,0.5589241982,0.7527905703,-0.0303556416,1.0000000000
171,11.4000000000,left_hand,15,0.5597594380,0.7512862682,-0.0298903398,1.0000000000
172,11.4670000000,left_hand,15,0.5618131757,0.7506828904,-0.0333164409,1.0000000000
173,11.5330000000,left_hand,15,0.5599317551,0.7529069185,-0.0315532163,1.0000000000
174,11.6000000000,left_hand,15,0.5607951283,0.7510107756,-0.0260219034,1.0000000000
175,11.6670000000,left_hand,15,0.5640152097,0.7408263683,-0.0323481299,1.0000000000
176,11.7330000000,left_hand,15,0.5662415028,0.7376623154,-0.0340019725,1.0000000000
177,11.8000000000,left_hand,15,0.5665312409,0.7354801893,-0.0307020117,1.0000000000
178,11.8670000000,left_hand,15,0.5657957792,0.7353870869,-0.0279415920,1.0000000000
179,11.9330000000,left_hand,15,0.5705011487,0.7289209366,-0.0318327658,1.0000000000
180,12.0000000000,left_hand,15,0.5711265802,0.7239241004,-0.0279775877,1.0000000000
75,5.0000000000,left_hand,16,0.5505797863,0.7570679784,-0.0261169076,1.0000000000
76,5.0670000000,left_hand,16,0.5659205317,0.7234874368,-0.0224811044,1.0000000000
77,5.1330000000,left_hand,16,0.5690936446,0.7352225184,-0.0295144208,1.0000000000
78,5.2000000000,left_hand,16,0.5772514343,0.7177374959,-0.0314835049,1.0000000000
79,5.2670000000,left_hand,16,0.5823006630,0.6995044947,-0.0257573966,1.0000000000
80,5.3330000000,left_hand,16,0.5894111991,0.6906268597,-0.0263106674,1.0000000000
81,5.4000000000,left_hand,16,0.5919188261,0.6918760538,-0.0237096995,1.0000000000
82,5.4670000000,left_hand,16,0.5867393017,0.7096728683,-0.0236473884,1.0000000000
83,5.5330000000,left_hand,16,0.5800462365,0.7187865973,-0.0265300795,1.0000000000
84,5.6000000000,left_hand,16,0.5748525262,0.7107580900,-0.0298832003,1.0000000000
85,5.6670000000,left_hand,16,0.5780436993,0.7140702605,-0.0280394573,1.0000000000
86,5.7330000000,left_hand,16,0.5758689046,0.7099804282,-0.0293063335,1.0000000000
87,5.8000000000,left_hand,16,0.5764591694,0.7103368044,-0.0265316013,1.0000000000
88,5.8670000000,left_hand,16,0.5782102942,0.7032746673,-0.0280953515,1.0000000000
89,5.9330000000,left_hand,16,0.5789048672,0.6992897987,-0.0265475716,1.0000000000
90,6.0000000000,left_hand,16,0.5797492266,0.6939998269,-0.0256187115,1.0000000000
91,6.0670000000,left_hand,16,0.5797802806,0.6941087842,-0.0214562472,1.0000000000
92,6.1330000000,left_hand,16,0.5837284327,0.6918002367,-0.0206528921,1.0000000000
93,6.2000000000,left_hand,16,0.5853466392,0.6908704638,-0.0227173716,1.0000000000
94,6.2670000000,left_hand,16,0.5905702114,0.6818451881,-0.0224039666,1.0000000000
95,6.3330000000,left_hand,16,0.5942778587,0.6724339128,-0.0208265539,1.0000000000
96,6.4000000000,left_hand,16,0.5957564712,0.6682289243,-0.0216812678,1.0000000000
97,6.4670000000,left_hand,16,0.5937764645,0.6705485582,-0.0234666951,1.0000000000
98,6.5330000000,left_hand,16,0.5899855494,0.6778191328,-0.0262058545,1.0000000000
99,6.6000000000,left_hand,16,0.5849717855,0.6930402517,-0.0215232782,1.0000000000
100,6.6670000000,left_hand,16,0.5776121020,0.7063828707,-0.0163903460,1.0000000000
101,6.7330000000,left_hand,16,0.5721205473,0.7116894722,-0.0198283307,1.0000000000
102,6.8000000000,left_hand,16,0.5734813809,0.7188633680,-0.0214303043,1.0000000000
103,6.8670000000,left_hand,16,0.5721243620,0.7149778605,-0.0230263527,1.0000000000
104,6.9330000000,left_hand,16,0.5741699934,0.7142972946,-0.0196111724,1.0000000000
105,7.0000000000,left_hand,16,0.5760998130,0.7012279630,-0.0196965225,1.0000000000
106,7.0670000000,left_hand,16,0.5781878233,0.6946471930,-0.0205354467,1.0000000000
107,7.1330000000,left_hand,16,0.5841532946,0.6848571897,-0.0220757574,1.0000000000
108,7.2000000000,left_hand,16,0.5901880860,0.6697922349,-0.0231927596,1.0000000000
109,7.2670000000,left_hand,16,0.5917629600,0.6572535634,-0.0192047562,1.0000000000
110,7.3330000000,left_hand,16,0.5928257108,0.6499517560,-0.0226258021,1.0000000000
111,7.4000000000,left_hand,16,0.5895580053,0.6561077833,-0.0175033007,1.0000000000
112,7.4670000000,left_hand,16,0.5914074183,0.6646060944,-0.0244596098,1.0000000000
113,7.5330000000,left_hand,16,0.5852438211,0.6764638424,-0.0215414520,1.0000000000
114,7.6000000000,left_hand,16,0.5789088607,0.6916610599,-0.0200194344,1.0000000000
115,7.6670000000,left_hand,16,0.5757266879,0.7042460442,-0.0219324660,1.0000000000
116,7.7330000000,left_hand,16,0.5700153112,0.7154985666,-0.0204393752,1.0000000000
117,7.8000000000,left_hand,16,0.5645258427,0.7264806032,-0.0155634796,1.0000000000
118,7.8670000000,left_hand,16,0.5677509904,0.7210934758,-0.0262659341,1.0000000000
119,7.9330000000,left_hand,16,0.5710257292,0.7228520513,-0.0239695422,1.0000000000
120,8.0000000000,left_hand,16,0.5740029812,0.7169327140,-0.0210529268,1.0000000000
121,8.0670000000,left_hand,16,0.5755868554,0.7046957016,-0.0233999193,1.0000000000
122,8.1330000000,left_hand,16,0.5772604346,0.6993646026,-0.0221789256,1.0000000000
123,8.2000000000,left_hand,16,0.5839721560,0.6893260479,-0.0239357371,1.0000000000
124,8.2670000000,left_hand,16,0.5860997438,0.6788019538,-0.0254509132,1.0000000000
125,8.3330000000,left_hand,16,0.5873222351,0.6717539430,-0.0200052802,1.0000000000
126,8.4000000000,left_hand,16,0.5930451751,0.6624115109,-0.0222771186,1.0000000000
127,8.4670000000,left_hand,16,0.5903298259,0.6610934734,-0.0208826941,1.0000000000
128,8.5330000000,left_hand,16,0.5866773129,0.6585080624,-0.0209656246,1.0000000000
129,8.6000000000,left_hand,16,0.5866179466,0.6707489491,-0.0252652764,1.0000000000
130,8.6670000000,left_hand,16,0.5812912583,0.6822183728,-0.0228139851,1.0000000000
131,8.7330000000,left_hand,16,0.5755217075,0.6946653128,-0.0165070929,1.0000000000
132,8.8000000000,left_hand,16,0.5736411810,0.7034634948,-0.0179081466,1.0000000000
133,8.8670000000,left_hand,16,0.5722177029,0.7140691876,-0.0174648054,1.0000000000
134,8.9330000000,left_hand,16,0.5743455887,0.7237031460,-0.0179366693,1.0000000000
135,9.0000000000,left_hand,16,0.5723456144,0.7205768824,-0.0202891584,1.0000000000
136,9.0670000000,left_hand,16,0.5751599073,0.7177432179,-0.0233625323,1.0000000000
137,9.1330000000,left_hand,16,0.5745090246,0.7060900331,-0.0198599175,1.0000000000
138,9.2000000000,left_hand,16,0.5806382895,0.6939783096,-0.0210981127,1.0000000000
139,9.2670000000,left_hand,16,0.5864918828,0.6820086241,-0.0237468127,1.0000000000
140,9.3330000000,left_hand,16,0.5878900886,0.6700901389,-0.0217438005,1.0000000000
141,9.4000000000,left_hand,16,0.5908839107,0.6595082879,-0.0207564868,1.0000000000
142,9.4670000000,left_hand,16,0.5920524001,0.6555301547,-0.0191794261,1.0000000000
143,9.5330000000,left_hand,16,0.5919115543,0.6631513834,-0.0170445647,1.0000000000
144,9.6000000000,left_hand,16,0.5914720297,0.6669263244,-0.0209064931,1.0000000000
145,9.6670000000,left_hand,16,0.5873111486,0.6749666929,-0.0218578223,1.0000000000
146,9.7330000000,left_hand,16,0.5842819214,0.6753251553,-0.0213061366,1.0000000000
147,9.8000000000,left_hand,16,0.5823325515,0.6909373999,-0.0172593854,1.0000000000
148,9.8670000000,left_hand,16,0.5746340752,0.7109542489,-0.0134341577,1.0000000000
149,9.9330000000,left_hand,16,0.5718803406,0.7226959467,-0.0138528999,1.0000000000
150,10.0000000000,left_hand,16,0.5617672205,0.7497323751,-0.0168901440,1.0000000000
151,10.0670000000,left_hand,16,0.5567253232,0.7415140271,-0.0169553403,1.0000000000
152,10.1330000000,left_hand,16,0.5610848665,0.7240876555,-0.0203496534,1.0000000000
153,10.2000000000,left_hand,16,0.5621882677,0.7242525220,-0.0257535819,1.0000000000
154,10.2670000000,left_hand,16,0.5642483234,0.7184296250,-0.0254941657,1.0000000000
155,10.3330000000,left_hand,16,0.5651890039,0.7176628113,-0.0221008416,1.0000000000
156,10.4000000000,left_hand,16,0.5660802126,0.7126704454,-0.0203670375,1.0000000000
157,10.4670000000,left_hand,16,0.5721664429,0.7070443034,-0.0173966549,1.0000000000
158,10.5330000000,left_hand,16,0.5766507983,0.6997419000,-0.0211260822,1.0000000000
159,10.6000000000,left_hand,16,0.5809507370,0.6937687993,-0.0213809703,1.0000000000
160,10.6670000000,left_hand,16,0.5827700496,0.6868469119,-0.0222488046,1.0000000000
161,10.7330000000,left_hand,16,0.5858621001,0.6836675406,-0.0208600704,1.0000000000
162,10.8000000000,left_hand,16,0.5882418752,0.6838412285,-0.0189313348,1.0000000000
163,10.8670000000,left_hand,16,0.5843254924,0.6808894873,-0.0192475449,1.0000000000
164,10.9330000000,left_hand,16,0.5850642323,0.6857246161,-0.0206298102,1.0000000000
165,11.0000000000,left_hand,16,0.5824874640,0.7046958804,-0.0229387116,1.0000000000
166,11.0670000000,left_hand,16,0.5781148076,0.7111161351,-0.0244870726,1.0000000000
167,11.1330000000,left_hand,16,0.5750925541,0.7178977728,-0.0242792126,1.0000000000
168,11.2000000000,left_hand,16,0.5690402389,0.7200850248,-0.0259181466,1.0000000000
169,11.2670000000,left_hand,16,0.5649758577,0.7266589403,-0.0248144027,1.0000000000
170,11.3330000000,left_hand,16,0.5628890395,0.7324071527,-0.0265395530,1.0000000000
171,11.4000000000,left_hand,16,0.5629922152,0.7331051230,-0.0259346012,1.0000000000
172,11.4670000000,left_hand,16,0.5655246973,0.7269412279,-0.0281178094,1.0000000000
173,11.5330000000,left_hand,16,0.5626750588,0.7330145836,-0.0275504906,1.0000000000
174,11.6000000000,left_hand,16,0.5638740063,0.7317895889,-0.0221777279,1.0000000000
175,11.6670000000,left_hand,16,0.5679203272,0.7166224718,-0.0264390614,1.0000000000
176,11.7330000000,left_hand,16,0.5685272813,0.7136925459,-0.0292135943,1.0000000000
177,11.8000000000,left_hand,16,0.5701164603,0.7133207321,-0.0259830225,1.0000000000
178,11.8670000000,left_hand,16,0.5670004487,0.7320281267,-0.0255952533,1.0000000000
179,11.9330000000,left_hand,16,0.5736035705,0.7079477906,-0.0271905903,1.0000000000
180,12.0000000000,left_hand,16,0.5737860203,0.7019389868,-0.0231671594,1.0000000000
75,5.0000000000,left_hand,17,0.5811440945,0.6621722579,-0.0300747827,1.0000000000
76,5.0670000000,left_hand,17,0.5888752341,0.6751727462,-0.0340896063,1.0000000000
77,5.1330000000,left_hand,17,0.5926626325,0.6677131057,-0.0360350162,1.0000000000
78,5.2000000000,left_hand,17,0.6037960052,0.6679039598,-0.0391964875,1.0000000000
79,5.2670000000,left_hand,17,0.6046096683,0.6664117575,-0.0352753140,1.0000000000
80,5.3330000000,left_hand,17,0.6091132760,0.6602601409,-0.0325537510,1.0000000000
81,5.4000000000,left_hand,17,0.6124805212,0.6612898707,-0.0312651731,1.0000000000
82,5.4670000000,left_hand,17,0.6130734682,0.6666958332,-0.0330210291,1.0000000000
83,5.5330000000,left_hand,17,0.5999434590,0.6798041463,-0.0325495675,1.0000000000
84,5.6000000000,left_hand,17,0.5994098783,0.6774969101,-0.0382506885,1.0000000000
85,5.6670000000,left_hand,17,0.5985771418,0.6802356243,-0.0367745981,1.0000000000
86,5.7330000000,left_hand,17,0.5979284048,0.6794903278,-0.0392668322,1.0000000000
87,5.8000000000,left_hand,17,0.5967073441,0.6796519160,-0.0340048224,1.0000000000
88,5.8670000000,left_hand,17,0.6016305089,0.6715721488,-0.0375276618,1.0000000000
89,5.9330000000,left_hand,17,0.5984027386,0.6638143063,-0.0350347124,1.0000000000
90,6.0000000000,left_hand,17,0.6004728079,0.6656007171,-0.0360754989,1.0000000000
91,6.0670000000,left_hand,17,0.6009111404,0.6655418873,-0.0284675360,1.0000000000
92,6.1330000000,left_hand,17,0.6044510603,0.6632875800,-0.0286939554,1.0000000000
93,6.2000000000,left_hand,17,0.6021701694,0.6565988660,-0.0306915771,1.0000000000
94,6.2670000000,left_hand,17,0.6107668281,0.6507377625,-0.0293485820,1.0000000000
95,6.3330000000,left_hand,17,0.6191976666,0.6450513005,-0.0323395953,1.0000000000
96,6.4000000000,left_hand,17,0.6184682846,0.6473183036,-0.0317366160,1.0000000000
97,6.4670000000,left_hand,17,0.6184910536,0.6449778080,-0.0345919877,1.0000000000
98,6.5330000000,left_hand,17,0.6146240830,0.6537162066,-0.0363566652,1.0000000000
99,6.6000000000,left_hand,17,0.6087152958,0.6607024670,-0.0329650193,1.0000000000
100,6.6670000000,left_hand,17,0.5967961550,0.6754863858,-0.0231427569,1.0000000000
101,6.7330000000,left_hand,17,0.5923839808,0.6836366057,-0.0277937930,1.0000000000
102,6.8000000000,left_hand,17,0.5959337950,0.6870760322,-0.0296177156,1.0000000000
103,6.8670000000,left_hand,17,0.5986807942,0.6878207922,-0.0328049585,1.0000000000
104,6.9330000000,left_hand,17,0.5969616175,0.6883332729,-0.0263354722,1.0000000000
105,7.0000000000,left_hand,17,0.5995272994,0.6784843802,-0.0292634107,1.0000000000
106,7.0670000000,left_hand,17,0.6030946970,0.6718592644,-0.0294182636,1.0000000000
107,7.1330000000,left_hand,17,0.6070106626,0.6593894362,-0.0300047416,1.0000000000
108,7.2000000000,left_hand,17,0.6111636758,0.6412947178,-0.0302665420,1.0000000000
109,7.2670000000,left_hand,17,0.6128657460,0.6348833442,-0.0263770130,1.0000000000
110,7.3330000000,left_hand,17,0.6154560447,0.6297020316,-0.0307761412,1.0000000000
111,7.4000000000,left_hand,17,0.6122573018,0.6316747069,-0.0279285349,1.0000000000
112,7.4670000000,left_hand,17,0.6106320620,0.6429219246,-0.0346714519,1.0000000000
113,7.5330000000,left_hand,17,0.6096379757,0.6554897428,-0.0325032771,1.0000000000
114,7.6000000000,left_hand,17,0.6024429202,0.6690688729,-0.0297966115,1.0000000000
115,7.6670000000,left_hand,17,0.6002659202,0.6781127453,-0.0313237868,1.0000000000
116,7.7330000000,left_hand,17,0.5940017700,0.6912503839,-0.0326013453,1.0000000000
117,7.8000000000,left_hand,17,0.5860050917,0.6921992898,-0.0255827699,1.0000000000
118,7.8670000000,left_hand,17,0.5894648433,0.6908392906,-0.0350704566,1.0000000000
119,7.9330000000,left_hand,17,0.5932976007,0.6977877617,-0.0335910544,1.0000000000
120,8.0000000000,left_hand,17,0.5954796076,0.6895900369,-0.0303826891,1.0000000000
121,8.0670000000,left_hand,17,0.5975120068,0.6857900620,-0.0307091195,1.0000000000
122,8.1330000000,left_hand,17,0.6002727151,0.6748492122,-0.0297895297,1.0000000000
123,8.2000000000,left_hand,17,0.6079691648,0.6648684144,-0.0342136286,1.0000000000
124,8.2670000000,left_hand,17,0.6057284474,0.6513482928,-0.0335204378,1.0000000000
125,8.3330000000,left_hand,17,0.6097721457,0.6485329270,-0.0286447220,1.0000000000
126,8.4000000000,left_hand,17,0.6119886637,0.6357625723,-0.0312530324,1.0000000000
127,8.4670000000,left_hand,17,0.6080316901,0.6393117309,-0.0297900513,1.0000000000
128,8.5330000000,left_hand,17,0.6058591008,0.6454292536,-0.0235497411,1.0000000000
129,8.6000000000,left_hand,17,0.6086407900,0.6477306485,-0.0338030271,1.0000000000
130,8.6670000000,left_hand,17,0.6044651866,0.6554034352,-0.0323237926,1.0000000000
131,8.7330000000,left_hand,17,0.5969735980,0.6629542708,-0.0254047699,1.0000000000
132,8.8000000000,left_hand,17,0.5957403183,0.6739681959,-0.0280821640,1.0000000000
133,8.8670000000,left_hand,17,0.5964016914,0.6838566065,-0.0277677458,1.0000000000
134,8.9330000000,left_hand,17,0.5958299637,0.6916860342,-0.0278515182,1.0000000000
135,9.0000000000,left_hand,17,0.5951030254,0.6948434711,-0.0282980017,1.0000000000
136,9.0670000000,left_hand,17,0.5974866152,0.6932657957,-0.0300541669,1.0000000000
137,9.1330000000,left_hand,17,0.5985682607,0.6817747355,-0.0307919662,1.0000000000
138,9.2000000000,left_hand,17,0.6026836634,0.6730821133,-0.0325936861,1.0000000000
139,9.2670000000,left_hand,17,0.6046559811,0.6627792716,-0.0327696912,1.0000000000
140,9.3330000000,left_hand,17,0.6051275730,0.6502732635,-0.0313798971,1.0000000000
141,9.4000000000,left_hand,17,0.6097379923,0.6380160451,-0.0295938142,1.0000000000
142,9.4670000000,left_hand,17,0.6108517647,0.6329293251,-0.0296130870,1.0000000000
143,9.5330000000,left_hand,17,0.6119648814,0.6363064051,-0.0269876253,1.0000000000
144,9.6000000000,left_hand,17,0.6104149818,0.6466733813,-0.0306965727,1.0000000000
145,9.6670000000,left_hand,17,0.6088764071,0.6492626667,-0.0318163224,1.0000000000
146,9.7330000000,left_hand,17,0.6071008444,0.6570442915,-0.0293557197,1.0000000000
147,9.8000000000,left_hand,17,0.6037772298,0.6683247685,-0.0266180094,1.0000000000
148,9.8670000000,left_hand,17,0.5995450020,0.6856356263,-0.0241476595,1.0000000000
149,9.9330000000,left_hand,17,0.5932745934,0.6971812844,-0.0233932696,1.0000000000
150,10.0000000000,left_hand,17,0.5877082944,0.6932994723,-0.0248594657,1.0000000000
151,10.0670000000,left_hand,17,0.5832168460,0.6998721361,-0.0293498747,1.0000000000
152,10.1330000000,left_hand,17,0.5826677084,0.7001950741,-0.0304994695,1.0000000000
153,10.2000000000,left_hand,17,0.5842328072,0.6979256272,-0.0342013314,1.0000000000
154,10.2670000000,left_hand,17,0.5833825469,0.6952602267,-0.0333783105,1.0000000000
155,10.3330000000,left_hand,17,0.5838534236,0.6948232055,-0.0308697708,1.0000000000
156,10.4000000000,left_hand,17,0.5917094946,0.6903746128,-0.0256818421,1.0000000000
157,10.4670000000,left_hand,17,0.5973547101,0.6860755086,-0.0277728532,1.0000000000
158,10.5330000000,left_hand,17,0.5951980352,0.6790512204,-0.0293042567,1.0000000000
159,10.6000000000,left_hand,17,0.6028345823,0.6720996499,-0.0307373740,1.0000000000
160,10.6670000000,left_hand,17,0.6027265787,0.6681635976,-0.0307302512,1.0000000000
161,10.7330000000,left_hand,17,0.6065552235,0.6584593058,-0.0301041715,1.0000000000
162,10.8000000000,left_hand,17,0.6065204740,0.6609473825,-0.0273919180,1.0000000000
163,10.8670000000,left_hand,17,0.6066354513,0.6626434326,-0.0254567657,1.0000000000
164,10.9330000000,left_hand,17,0.6069888473,0.6665686369,-0.0300541222,1.0000000000
165,11.0000000000,left_hand,17,0.6045715809,0.6683220863,-0.0309232511,1.0000000000
166,11.0670000000,left_hand,17,0.6003407240,0.6811634302,-0.0330571644,1.0000000000
167,11.1330000000,left_hand,17,0.5937054157,0.6900146604,-0.0346412584,1.0000000000
168,11.2000000000,left_hand,17,0.5912420750,0.6959874630,-0.0347372033,1.0000000000
169,11.2670000000,left_hand,17,0.5838114023,0.6952199340,-0.0342587903,1.0000000000
170,11.3330000000,left_hand,17,0.5837453008,0.6951328516,-0.0353269316,1.0000000000
171,11.4000000000,left_hand,17,0.5814644694,0.6900315881,-0.0325182751,1.0000000000
172,11.4670000000,left_hand,17,0.5823408365,0.6963612437,-0.0388429910,1.0000000000
173,11.5330000000,left_hand,17,0.5837150812,0.6915691495,-0.0362634733,1.0000000000
174,11.6000000000,left_hand,17,0.5848055482,0.6920107007,-0.0310547836,1.0000000000
175,11.6670000000,left_hand,17,0.5839723349,0.6908022165,-0.0353840888,1.0000000000
176,11.7330000000,left_hand,17,0.5900938511,0.6820933819,-0.0366403535,1.0000000000
177,11.8000000000,left_hand,17,0.5873873234,0.6823999286,-0.0363978669,1.0000000000
178,11.8670000000,left_hand,17,0.5905169845,0.6701168418,-0.0307848658,1.0000000000
179,11.9330000000,left_hand,17,0.5915560126,0.6746937037,-0.0395653285,1.0000000000
180,12.0000000000,left_hand,17,0.5910558105,0.6720463037,-0.0338608623,1.0000000000
75,5.0000000000,left_hand,18,0.5728960037,0.7060393691,-0.0341484994,1.0000000000
76,5.0670000000,left_hand,18,0.5786409974,0.7255834341,-0.0374517776,1.0000000000
77,5.1330000000,left_hand,18,0.5826138854,0.7200495005,-0.0413136072,1.0000000000
78,5.2000000000,left_hand,18,0.5928571224,0.7216220498,-0.0456659906,1.0000000000
79,5.2670000000,left_hand,18,0.5942920446,0.7198249102,-0.0400939174,1.0000000000
80,5.3330000000,left_hand,18,0.6008785963,0.7172383666,-0.0385033935,1.0000000000
81,5.4000000000,left_hand,18,0.6031692624,0.7178938389,-0.0375627391,1.0000000000
82,5.4670000000,left_hand,18,0.6023123860,0.7190284729,-0.0370512120,1.0000000000
83,5.5330000000,left_hand,18,0.5895574689,0.7372257113,-0.0389403217,1.0000000000
84,5.6000000000,left_hand,18,0.5877746344,0.7357834578,-0.0449799821,1.0000000000
85,5.6670000000,left_hand,18,0.5884537697,0.7378205657,-0.0430592224,1.0000000000
86,5.7330000000,left_hand,18,0.5861785412,0.7392498851,-0.0456339456,1.0000000000
87,5.8000000000,left_hand,18,0.5866802931,0.7391889095,-0.0401403084,1.0000000000
88,5.8670000000,left_hand,18,0.5891638994,0.7321578860,-0.0436690412,1.0000000000
89,5.9330000000,left_hand,18,0.5893746614,0.7261086702,-0.0421511456,1.0000000000
90,6.0000000000,left_hand,18,0.5898263454,0.7258986831,-0.0422290675,1.0000000000
91,6.0670000000,left_hand,18,0.5910717845,0.7225068808,-0.0342901722,1.0000000000
92,6.1330000000,left_hand,18,0.5954247713,0.7218979597,-0.0341304950,1.0000000000
93,6.2000000000,left_hand,18,0.5945405364,0.7174461484,-0.0362495594,1.0000000000
94,6.2670000000,left_hand,18,0.6020658612,0.7061032057,-0.0342462994,1.0000000000
95,6.3330000000,left_hand,18,0.6065496802,0.7014696598,-0.0367768519,1.0000000000
96,6.4000000000,left_hand,18,0.6062068939,0.6997156143,-0.0355462991,1.0000000000
97,6.4670000000,left_hand,18,0.6076312661,0.6977269053,-0.0403344408,1.0000000000
98,6.5330000000,left_hand,18,0.6016676426,0.7099472284,-0.0424818769,1.0000000000
99,6.6000000000,left_hand,18,0.5962337852,0.7188705206,-0.0373004191,1.0000000000
100,6.6670000000,left_hand,18,0.5872786045,0.7314646840,-0.0274956264,1.0000000000
101,6.7330000000,left_hand,18,0.5818389058,0.7435175776,-0.0333446190,1.0000000000
102,6.8000000000,left_hand,18,0.5848545432,0.7448704243,-0.0347409360,1.0000000000
103,6.8670000000,left_hand,18,0.5836942792,0.7458912730,-0.0376822129,1.0000000000
104,6.9330000000,left_hand,18,0.5842173696,0.7433141470,-0.0316572115,1.0000000000
105,7.0000000000,left_hand,18,0.5856435299,0.7343744040,-0.0344648473,1.0000000000
106,7.0670000000,left_hand,18,0.5882170796,0.7267060876,-0.0333476104,1.0000000000
107,7.1330000000,left_hand,18,0.5953471065,0.7142360806,-0.0338053890,1.0000000000
108,7.2000000000,left_hand,18,0.6022262573,0.6967159510,-0.0361479819,1.0000000000
109,7.2670000000,left_hand,18,0.6014988422,0.6859689355,-0.0310618822,1.0000000000
110,7.3330000000,left_hand,18,0.6032080054,0.6838195324,-0.0366503932,1.0000000000
111,7.4000000000,left_hand,18,0.5987313986,0.6863409281,-0.0324771665,1.0000000000
112,7.4670000000,left_hand,18,0.6003436446,0.6959984899,-0.0392621197,1.0000000000
113,7.5330000000,left_hand,18,0.5962168574,0.7106353045,-0.0365655683,1.0000000000
114,7.6000000000,left_hand,18,0.5893499851,0.7227267623,-0.0339018889,1.0000000000
115,7.6670000000,left_hand,18,0.5860442519,0.7351049781,-0.0354796015,1.0000000000
116,7.7330000000,left_hand,18,0.5803074241,0.7453092337,-0.0364267081,1.0000000000
117,7.8000000000,left_hand,18,0.5751767755,0.7477823496,-0.0285015367,1.0000000000
118,7.8670000000,left_hand,18,0.5777537227,0.7528775930,-0.0424104668,1.0000000000
119,7.9330000000,left_hand,18,0.5799108148,0.7550243139,-0.0393271856,1.0000000000
120,8.0000000000,left_hand,18,0.5836363435,0.7456552982,-0.0357101187,1.0000000000
121,8.0670000000,left_hand,18,0.5855920315,0.7409091592,-0.0360008478,1.0000000000
122,8.1330000000,left_hand,18,0.5881804228,0.7292472720,-0.0355203412,1.0000000000
123,8.2000000000,left_hand,18,0.5943788290,0.7211160660,-0.0388193764,1.0000000000
124,8.2670000000,left_hand,18,0.5971552730,0.7111052275,-0.0399079472,1.0000000000
125,8.3330000000,left_hand,18,0.5974344015,0.7029136419,-0.0332515799,1.0000000000
126,8.4000000000,left_hand,18,0.6025870442,0.6938450336,-0.0363885500,1.0000000000
127,8.4670000000,left_hand,18,0.6007301807,0.6939422488,-0.0361101627,1.0000000000
128,8.5330000000,left_hand,18,0.5954223275,0.6936553717,-0.0315970667,1.0000000000
129,8.6000000000,left_hand,18,0.5981382728,0.7053598166,-0.0397217907,1.0000000000
130,8.6670000000,left_hand,18,0.5916187763,0.7138806581,-0.0375991464,1.0000000000
131,8.7330000000,left_hand,18,0.5863385201,0.7169556022,-0.0293251630,1.0000000000
132,8.8000000000,left_hand,18,0.5833594799,0.7312884331,-0.0321803242,1.0000000000
133,8.8670000000,left_hand,18,0.5834624767,0.7422931790,-0.0314391553,1.0000000000
134,8.9330000000,left_hand,18,0.5856887698,0.7479987144,-0.0308163296,1.0000000000
135,9.0000000000,left_hand,18,0.5830757618,0.7519602180,-0.0338716172,1.0000000000
136,9.0670000000,left_hand,18,0.5843548179,0.7489245534,-0.0366419517,1.0000000000
137,9.1330000000,left_hand,18,0.5843275785,0.7396023273,-0.0351613015,1.0000000000
138,9.2000000000,left_hand,18,0.5905966759,0.7293341160,-0.0373101458,1.0000000000
139,9.2670000000,left_hand,18,0.5959335566,0.7180166245,-0.0383188166,1.0000000000
140,9.3330000000,left_hand,18,0.5983417034,0.7044969201,-0.0365537405,1.0000000000
141,9.4000000000,left_hand,18,0.6015776396,0.6935379505,-0.0348852836,1.0000000000
142,9.4670000000,left_hand,18,0.6029900908,0.6857496500,-0.0336850844,1.0000000000
143,9.5330000000,left_hand,18,0.6018829346,0.6854146123,-0.0301885139,1.0000000000
144,9.6000000000,left_hand,18,0.6013967395,0.6984051466,-0.0345758833,1.0000000000
145,9.6670000000,left_hand,18,0.5985801220,0.7047955990,-0.0366630927,1.0000000000
146,9.7330000000,left_hand,18,0.5937635899,0.7125664353,-0.0347065739,1.0000000000
147,9.8000000000,left_hand,18,0.5918297768,0.7233816981,-0.0303767230,1.0000000000
148,9.8670000000,left_hand,18,0.5865467787,0.7396852970,-0.0275654197,1.0000000000
149,9.9330000000,left_hand,18,0.5825125575,0.7494889498,-0.0253399685,1.0000000000
150,10.0000000000,left_hand,18,0.5781126618,0.7448075414,-0.0271964502,1.0000000000
151,10.0670000000,left_hand,18,0.5737521052,0.7542314529,-0.0318644270,1.0000000000
152,10.1330000000,left_hand,18,0.5716333985,0.7568023801,-0.0363032557,1.0000000000
153,10.2000000000,left_hand,18,0.5718629956,0.7563016415,-0.0412013084,1.0000000000
154,10.2670000000,left_hand,18,0.5715733767,0.7532916069,-0.0403180383,1.0000000000
155,10.3330000000,left_hand,18,0.5717387199,0.7506110668,-0.0364405960,1.0000000000
156,10.4000000000,left_hand,18,0.5782226324,0.7455204129,-0.0310959257,1.0000000000
157,10.4670000000,left_hand,18,0.5839062929,0.7400538325,-0.0318127088,1.0000000000
158,10.5330000000,left_hand,18,0.5838654041,0.7339773774,-0.0347458459,1.0000000000
159,10.6000000000,left_hand,18,0.5904054046,0.7265219688,-0.0359370932,1.0000000000
160,10.6670000000,left_hand,18,0.5912917256,0.7231468558,-0.0370251313,1.0000000000
161,10.7330000000,left_hand,18,0.5944322348,0.7149614692,-0.0355338641,1.0000000000
162,10.8000000000,left_hand,18,0.5964169502,0.7133347988,-0.0316922292,1.0000000000
163,10.8670000000,left_hand,18,0.5935682058,0.7137326598,-0.0311232135,1.0000000000
164,10.9330000000,left_hand,18,0.5938119888,0.7214756608,-0.0344293788,1.0000000000
165,11.0000000000,left_hand,18,0.5946263075,0.7224666476,-0.0352962017,1.0000000000
166,11.0670000000,left_hand,18,0.5887295604,0.7391757369,-0.0389518477,1.0000000000
167,11.1330000000,left_hand,18,0.5848489404,0.7456585765,-0.0402118154,1.0000000000
168,11.2000000000,left_hand,18,0.5803977847,0.7510770559,-0.0402621590,1.0000000000
169,11.2670000000,left_hand,18,0.5758577585,0.7561592460,-0.0406143628,1.0000000000
170,11.3330000000,left_hand,18,0.5750104189,0.7547578812,-0.0415349565,1.0000000000
171,11.4000000000,left_hand,18,0.5759274960,0.7489007115,-0.0389298163,1.0000000000
172,11.4670000000,left_hand,18,0.5742747784,0.7581439614,-0.0456334762,1.0000000000
173,11.5330000000,left_hand,18,0.5762267113,0.7525043488,-0.0421802178,1.0000000000
174,11.6000000000,left_hand,18,0.5772473812,0.7510701418,-0.0354884714,1.0000000000
175,11.6670000000,left_hand,18,0.5763565898,0.7483506799,-0.0419528596,1.0000000000
176,11.7330000000,left_hand,18,0.5809143186,0.7424262762,-0.0437247306,1.0000000000
177,11.8000000000,left_hand,18,0.5794018507,0.7406117916,-0.0415752232,1.0000000000
178,11.8670000000,left_hand,18,0.5840757489,0.7209315300,-0.0349457450,1.0000000000
179,11.9330000000,left_hand,18,0.5833081603,0.7326183915,-0.0441295356,1.0000000000
180,12.0000000000,left_hand,18,0.5841177702,0.7292298675,-0.0388607159,1.0000000000
75,5.0000000000,left_hand,19,0.5693275332,0.7252119184,-0.0324846059,1.0000000000
76,5.0670000000,left_hand,19,0.5786693692,0.7257627249,-0.0316258334,1.0000000000
77,5.1330000000,left_hand,19,0.5817514658,0.7301031351,-0.0376325734,1.0000000000
78,5.2000000000,left_hand,19,0.5913205147,0.7236478925,-0.0408699736,1.0000000000
79,5.2670000000,left_hand,19,0.5952993631,0.7109875679,-0.0342455395,1.0000000000
80,5.3330000000,left_hand,19,0.6021797061,0.7039167881,-0.0335585847,1.0000000000
81,5.4000000000,left_hand,19,0.6045367718,0.7053474188,-0.0322319455,1.0000000000
82,5.4670000000,left_hand,19,0.6004254222,0.7141098976,-0.0311641525,1.0000000000
83,5.5330000000,left_hand,19,0.5914947391,0.7312782407,-0.0341034494,1.0000000000
84,5.6000000000,left_hand,19,0.5880633593,0.7232486010,-0.0396105610,1.0000000000
85,5.6670000000,left_hand,19,0.5898544192,0.7271522880,-0.0373772718,1.0000000000
86,5.7330000000,left_hand,19,0.5873769522,0.7253600359,-0.0392443128,1.0000000000
87,5.8000000000,left_hand,19,0.5886775255,0.7267154455,-0.0347185209,1.0000000000
88,5.8670000000,left_hand,19,0.5902146697,0.7195513844,-0.0373619460,1.0000000000
89,5.9330000000,left_hand,19,0.5911377668,0.7146636844,-0.0369455107,1.0000000000
90,6.0000000000,left_hand,19,0.5921950936,0.7114726305,-0.0361288190,1.0000000000
91,6.0670000000,left_hand,19,0.5923337936,0.7085955143,-0.0290883761,1.0000000000
92,6.1330000000,left_hand,19,0.5968436003,0.7073231339,-0.0280800033,1.0000000000
93,6.2000000000,left_hand,19,0.5958447456,0.7075765133,-0.0310628470,1.0000000000
94,6.2670000000,left_hand,19,0.6027837396,0.6962154508,-0.0289792586,1.0000000000
95,6.3330000000,left_hand,19,0.6061180234,0.6893924475,-0.0305899568,1.0000000000
96,6.4000000000,left_hand,19,0.6072509885,0.6854067445,-0.0291098878,1.0000000000
97,6.4670000000,left_hand,19,0.6071617603,0.6844570637,-0.0340992324,1.0000000000
98,6.5330000000,left_hand,19,0.6022945642,0.6955785751,-0.0363826118,1.0000000000
99,6.6000000000,left_hand,19,0.5971630812,0.7077156305,-0.0305235814,1.0000000000
100,6.6670000000,left_hand,19,0.5885983706,0.7230647802,-0.0228616353,1.0000000000
101,6.7330000000,left_hand,19,0.5839165449,0.7309683561,-0.0279808939,1.0000000000
102,6.8000000000,left_hand,19,0.5873931050,0.7330997586,-0.0289190728,1.0000000000
103,6.8670000000,left_hand,19,0.5848819613,0.7321047187,-0.0315658674,1.0000000000
104,6.9330000000,left_hand,19,0.5857388377,0.7311460376,-0.0261707250,1.0000000000
105,7.0000000000,left_hand,19,0.5867059827,0.7205184698,-0.0280175898,1.0000000000
106,7.0670000000,left_hand,19,0.5880241990,0.7145388126,-0.0273836609,1.0000000000
107,7.1330000000,left_hand,19,0.5956775546,0.7026813030,-0.0277856849,1.0000000000
108,7.2000000000,left_hand,19,0.6029744744,0.6843122244,-0.0308005791,1.0000000000
109,7.2670000000,left_hand,19,0.6030747890,0.6740464568,-0.0258614626,1.0000000000
110,7.3330000000,left_hand,19,0.6040938497,0.6690117121,-0.0311044585,1.0000000000
111,7.4000000000,left_hand,19,0.5998113155,0.6747216582,-0.0265375748,1.0000000000
112,7.4670000000,left_hand,19,0.6023193598,0.6820673347,-0.0325668082,1.0000000000
113,7.5330000000,left_hand,19,0.5970330238,0.6965789199,-0.0300125517,1.0000000000
114,7.6000000000,left_hand,19,0.5902752280,0.7105968595,-0.0277247280,1.0000000000
115,7.6670000000,left_hand,19,0.5868996382,0.7238520384,-0.0293437392,1.0000000000
116,7.7330000000,left_hand,19,0.5824196935,0.7336388826,-0.0296219196,1.0000000000
117,7.8000000000,left_hand,19,0.5772253275,0.7418393493,-0.0228745379,1.0000000000
118,7.8670000000,left_hand,19,0.5813325047,0.7397014499,-0.0371414237,1.0000000000
119,7.9330000000,left_hand,19,0.5833300948,0.7419986129,-0.0331671648,1.0000000000
120,8.0000000000,left_hand,19,0.5861143470,0.7341365218,-0.0298323222,1.0000000000
121,8.0670000000,left_hand,19,0.5880073309,0.7264428735,-0.0303844567,1.0000000000
122,8.1330000000,left_hand,19,0.5892021060,0.7160344124,-0.0299949180,1.0000000000
123,8.2000000000,left_hand,19,0.5953693986,0.7075340152,-0.0323135778,1.0000000000
124,8.2670000000,left_hand,19,0.5978320837,0.6975296140,-0.0347519740,1.0000000000
125,8.3330000000,left_hand,19,0.5985765457,0.6901624203,-0.0275549013,1.0000000000
126,8.4000000000,left_hand,19,0.6043524742,0.6795805097,-0.0303433482,1.0000000000
127,8.4670000000,left_hand,19,0.6031318307,0.6782721877,-0.0308621991,1.0000000000
128,8.5330000000,left_hand,19,0.5968285203,0.6768152714,-0.0270200409,1.0000000000
129,8.6000000000,left_hand,19,0.5985536575,0.6890974045,-0.0336208530,1.0000000000
130,8.6670000000,left_hand,19,0.5926837921,0.7007616162,-0.0312596075,1.0000000000
131,8.7330000000,left_hand,19,0.5863234997,0.7099059820,-0.0238520652,1.0000000000
132,8.8000000000,left_hand,19,0.5841707587,0.7216699123,-0.0258532912,1.0000000000
133,8.8670000000,left_hand,19,0.5847402811,0.7327291965,-0.0247642417,1.0000000000
134,8.9330000000,left_hand,19,0.5875831246,0.7382206321,-0.0246738624,1.0000000000
135,9.0000000000,left_hand,19,0.5859587789,0.7375720143,-0.0281445179,1.0000000000
136,9.0670000000,left_hand,19,0.5880163908,0.7349894047,-0.0309333913,1.0000000000
137,9.1330000000,left_hand,19,0.5852346420,0.7261576653,-0.0288852863,1.0000000000
138,9.2000000000,left_hand,19,0.5919846296,0.7142811418,-0.0306764748,1.0000000000
139,9.2670000000,left_hand,19,0.5979126096,0.7025188208,-0.0324118249,1.0000000000
140,9.3330000000,left_hand,19,0.6002445817,0.6893867850,-0.0307822861,1.0000000000
141,9.4000000000,left_hand,19,0.6033967137,0.6795663238,-0.0293501113,1.0000000000
142,9.4670000000,left_hand,19,0.6049495339,0.6732747555,-0.0280639660,1.0000000000
143,9.5330000000,left_hand,19,0.6027999520,0.6771032214,-0.0245966446,1.0000000000
144,9.6000000000,left_hand,19,0.6023231745,0.6863727570,-0.0288417302,1.0000000000
145,9.6670000000,left_hand,19,0.6001427174,0.6922915578,-0.0305983461,1.0000000000
146,9.7330000000,left_hand,19,0.5951316953,0.6959529519,-0.0285452697,1.0000000000
147,9.8000000000,left_hand,19,0.5925111175,0.7121723890,-0.0242004674,1.0000000000
148,9.8670000000,left_hand,19,0.5860869884,0.7291305065,-0.0218098611,1.0000000000
149,9.9330000000,left_hand,19,0.5839675069,0.7420275211,-0.0197914317,1.0000000000
150,10.0000000000,left_hand,19,0.5779990554,0.7504668236,-0.0225011706,1.0000000000
151,10.0670000000,left_hand,19,0.5749348402,0.7509666085,-0.0260918699,1.0000000000
152,10.1330000000,left_hand,19,0.5749813914,0.7425922155,-0.0306089725,1.0000000000
153,10.2000000000,left_hand,19,0.5748841166,0.7422769666,-0.0354993492,1.0000000000
154,10.2670000000,left_hand,19,0.5755527616,0.7384451032,-0.0349620469,1.0000000000
155,10.3330000000,left_hand,19,0.5758007169,0.7386242151,-0.0312829614,1.0000000000
156,10.4000000000,left_hand,19,0.5780251622,0.7334167957,-0.0266581457,1.0000000000
157,10.4670000000,left_hand,19,0.5842937827,0.7266386151,-0.0256107766,1.0000000000
158,10.5330000000,left_hand,19,0.5866065621,0.7198359966,-0.0289080180,1.0000000000
159,10.6000000000,left_hand,19,0.5910120010,0.7116414309,-0.0298692733,1.0000000000
160,10.6670000000,left_hand,19,0.5946571231,0.7065320611,-0.0311074164,1.0000000000
161,10.7330000000,left_hand,19,0.5972201824,0.7007574439,-0.0295530576,1.0000000000
162,10.8000000000,left_hand,19,0.5994504690,0.6999405622,-0.0256454796,1.0000000000
163,10.8670000000,left_hand,19,0.5947735906,0.6996618509,-0.0258742850,1.0000000000
164,10.9330000000,left_hand,19,0.5950245261,0.7062541842,-0.0282241609,1.0000000000
165,11.0000000000,left_hand,19,0.5953490138,0.7176657319,-0.0296943486,1.0000000000
166,11.0670000000,left_hand,19,0.5898149610,0.7282393575,-0.0334504172,1.0000000000
167,11.1330000000,left_hand,19,0.5877853036,0.7340610623,-0.0345077105,1.0000000000
168,11.2000000000,left_hand,19,0.5831174850,0.7386503816,-0.0351684280,1.0000000000
169,11.2670000000,left_hand,19,0.5786346793,0.7452915907,-0.0356458277,1.0000000000
170,11.3330000000,left_hand,19,0.5768612027,0.7462568283,-0.0369294062,1.0000000000
171,11.4000000000,left_hand,19,0.5777958632,0.7439545393,-0.0350463502,1.0000000000
172,11.4670000000,left_hand,19,0.5782944560,0.7443425655,-0.0397941694,1.0000000000
173,11.5330000000,left_hand,19,0.5779369473,0.7427226305,-0.0371533744,1.0000000000
174,11.6000000000,left_hand,19,0.5783147812,0.7448636293,-0.0303576402,1.0000000000
175,11.6670000000,left_hand,19,0.5794744492,0.7349925041,-0.0365397111,1.0000000000
176,11.7330000000,left_hand,19,0.5830646157,0.7284684181,-0.0386278667,1.0000000000
177,11.8000000000,left_hand,19,0.5819026232,0.7274926901,-0.0360691361,1.0000000000
178,11.8670000000,left_hand,19,0.5834744573,0.7266551256,-0.0311813690,1.0000000000
179,11.9330000000,left_hand,19,0.5855658054,0.7202457786,-0.0378032550,1.0000000000
180,12.0000000000,left_hand,19,0.5866564512,0.7145332694,-0.0329955816,1.0000000000
75,5.0000000000,left_hand,20,0.5657600164,0.7381125093,-0.0312679522,1.0000000000
76,5.0670000000,left_hand,20,0.5793658495,0.7157160640,-0.0270561762,1.0000000000
77,5.1330000000,left_hand,20,0.5822040439,0.7280718088,-0.0340694860,1.0000000000
78,5.2000000000,left_hand,20,0.5911937356,0.7153810859,-0.0365170985,1.0000000000
79,5.2670000000,left_hand,20,0.5977780223,0.6952698231,-0.0293998960,1.0000000000
80,5.3330000000,left_hand,20,0.6045063734,0.6849210858,-0.0295493677,1.0000000000
81,5.4000000000,left_hand,20,0.6075924635,0.6857702732,-0.0274966843,1.0000000000
82,5.4670000000,left_hand,20,0.6005957723,0.7015664577,-0.0260626078,1.0000000000
83,5.5330000000,left_hand,20,0.5950272083,0.7144513130,-0.0293546394,1.0000000000
84,5.6000000000,left_hand,20,0.5909107327,0.7041472197,-0.0349744000,1.0000000000
85,5.6670000000,left_hand,20,0.5926268101,0.7087901235,-0.0326630510,1.0000000000
86,5.7330000000,left_hand,20,0.5906115174,0.7055584192,-0.0339804627,1.0000000000
87,5.8000000000,left_hand,20,0.5920899510,0.7069075704,-0.0301539730,1.0000000000
88,5.8670000000,left_hand,20,0.5939330459,0.7002117634,-0.0320607424,1.0000000000
89,5.9330000000,left_hand,20,0.5940061808,0.6950044036,-0.0321329311,1.0000000000
90,6.0000000000,left_hand,20,0.5960939527,0.6903207898,-0.0310992002,1.0000000000
91,6.0670000000,left_hand,20,0.5952739120,0.6895601749,-0.0245456398,1.0000000000
92,6.1330000000,left_hand,20,0.5998154283,0.6871570349,-0.0228747316,1.0000000000
93,6.2000000000,left_hand,20,0.5984770656,0.6885581017,-0.0263627395,1.0000000000
94,6.2670000000,left_hand,20,0.6048905849,0.6790962219,-0.0243213307,1.0000000000
95,6.3330000000,left_hand,20,0.6092055440,0.6718639731,-0.0256601255,1.0000000000
96,6.4000000000,left_hand,20,0.6105769277,0.6674287915,-0.0240868945,1.0000000000
97,6.4670000000,left_hand,20,0.6096142530,0.6658006310,-0.0287339669,1.0000000000
98,6.5330000000,left_hand,20,0.6058913469,0.6758520007,-0.0313047953,1.0000000000
99,6.6000000000,left_hand,20,0.6002838612,0.6892469525,-0.0250938106,1.0000000000
100,6.6670000000,left_hand,20,0.5910624266,0.7057433724,-0.0185235720,1.0000000000
101,6.7330000000,left_hand,20,0.5875263810,0.7113717198,-0.0231370330,1.0000000000
102,6.8000000000,left_hand,20,0.5909338593,0.7140880823,-0.0240646470,1.0000000000
103,6.8670000000,left_hand,20,0.5891688466,0.7134774923,-0.0268397350,1.0000000000
104,6.9330000000,left_hand,20,0.5902709365,0.7126834989,-0.0212573446,1.0000000000
105,7.0000000000,left_hand,20,0.5911844373,0.7009674907,-0.0222907346,1.0000000000
106,7.0670000000,left_hand,20,0.5920711756,0.6966587305,-0.0226356126,1.0000000000
107,7.1330000000,left_hand,20,0.5989198089,0.6844044328,-0.0230533909,1.0000000000
108,7.2000000000,left_hand,20,0.6055394411,0.6654815674,-0.0260771662,1.0000000000
109,7.2670000000,left_hand,20,0.6066349745,0.6554681659,-0.0213067550,1.0000000000
110,7.3330000000,left_hand,20,0.6077821851,0.6492906809,-0.0263469201,1.0000000000
111,7.4000000000,left_hand,20,0.6038326025,0.6554651856,-0.0215553120,1.0000000000
112,7.4670000000,left_hand,20,0.6060898900,0.6632275581,-0.0272843558,1.0000000000
113,7.5330000000,left_hand,20,0.6003495455,0.6783588529,-0.0249178708,1.0000000000
114,7.6000000000,left_hand,20,0.5937084556,0.6920619011,-0.0226825085,1.0000000000
115,7.6670000000,left_hand,20,0.5906733274,0.7058733106,-0.0242173225,1.0000000000
116,7.7330000000,left_hand,20,0.5866880417,0.7154139280,-0.0242587607,1.0000000000
117,7.8000000000,left_hand,20,0.5805132985,0.7263140678,-0.0183155313,1.0000000000
118,7.8670000000,left_hand,20,0.5857183933,0.7188143134,-0.0325264297,1.0000000000
119,7.9330000000,left_hand,20,0.5882184505,0.7219145894,-0.0282868184,1.0000000000
120,8.0000000000,left_hand,20,0.5902342796,0.7155689597,-0.0249357484,1.0000000000
121,8.0670000000,left_hand,20,0.5918035507,0.7067739367,-0.0253987946,1.0000000000
122,8.1330000000,left_hand,20,0.5926268101,0.6972715259,-0.0253006835,1.0000000000
123,8.2000000000,left_hand,20,0.5995604396,0.6885155439,-0.0273409709,1.0000000000
124,8.2670000000,left_hand,20,0.6007417440,0.6767644882,-0.0303545911,1.0000000000
125,8.3330000000,left_hand,20,0.6021614671,0.6721369624,-0.0228675101,1.0000000000
126,8.4000000000,left_hand,20,0.6069848537,0.6592882276,-0.0253197383,1.0000000000
127,8.4670000000,left_hand,20,0.6062173843,0.6576991081,-0.0262369551,1.0000000000
128,8.5330000000,left_hand,20,0.6002333760,0.6575343609,-0.0220844559,1.0000000000
129,8.6000000000,left_hand,20,0.6019680500,0.6691985130,-0.0285402648,1.0000000000
130,8.6670000000,left_hand,20,0.5968977213,0.6813910007,-0.0259029642,1.0000000000
131,8.7330000000,left_hand,20,0.5881980062,0.6954482794,-0.0190784559,1.0000000000
132,8.8000000000,left_hand,20,0.5877626538,0.7043165565,-0.0204421561,1.0000000000
133,8.8670000000,left_hand,20,0.5889329910,0.7147357464,-0.0190901607,1.0000000000
134,8.9330000000,left_hand,20,0.5908948779,0.7206876278,-0.0197924543,1.0000000000
135,9.0000000000,left_hand,20,0.5906989574,0.7171057463,-0.0231986735,1.0000000000
136,9.0670000000,left_hand,20,0.5932424068,0.7149341702,-0.0259195901,1.0000000000
137,9.1330000000,left_hand,20,0.5898762941,0.7075725794,-0.0237553623,1.0000000000
138,9.2000000000,left_hand,20,0.5954728723,0.6949129701,-0.0253340192,1.0000000000
139,9.2670000000,left_hand,20,0.6013068557,0.6820800304,-0.0276116412,1.0000000000
140,9.3330000000,left_hand,20,0.6032689810,0.6686760783,-0.0259847790,1.0000000000
141,9.4000000000,left_hand,20,0.6062060595,0.6593790054,-0.0245381538,1.0000000000
142,9.4670000000,left_hand,20,0.6081311107,0.6544821262,-0.0236530975,1.0000000000
143,9.5330000000,left_hand,20,0.6050465703,0.6620131731,-0.0200248361,1.0000000000
144,9.6000000000,left_hand,20,0.6048443317,0.6680824161,-0.0242298767,1.0000000000
145,9.6670000000,left_hand,20,0.6031318903,0.6729696989,-0.0255174339,1.0000000000
146,9.7330000000,left_hand,20,0.5988727808,0.6753039360,-0.0233395975,1.0000000000
147,9.8000000000,left_hand,20,0.5956363082,0.6940789819,-0.0190759040,1.0000000000
148,9.8670000000,left_hand,20,0.5896215439,0.7123609185,-0.0169218481,1.0000000000
149,9.9330000000,left_hand,20,0.5869401693,0.7270725369,-0.0153442677,1.0000000000
150,10.0000000000,left_hand,20,0.5789185762,0.7451223731,-0.0184439532,1.0000000000
151,10.0670000000,left_hand,20,0.5767590404,0.7368726730,-0.0214580391,1.0000000000
152,10.1330000000,left_hand,20,0.5794867873,0.7227684259,-0.0258441325,1.0000000000
153,10.2000000000,left_hand,20,0.5798335075,0.7216095924,-0.0305681285,1.0000000000
154,10.2670000000,left_hand,20,0.5802429914,0.7181314826,-0.0301619470,1.0000000000
155,10.3330000000,left_hand,20,0.5808734298,0.7201376557,-0.0270306431,1.0000000000
156,10.4000000000,left_hand,20,0.5808500051,0.7155123353,-0.0227125138,1.0000000000
157,10.4670000000,left_hand,20,0.5882558227,0.7083014846,-0.0205117278,1.0000000000
158,10.5330000000,left_hand,20,0.5912523866,0.7006486654,-0.0237382464,1.0000000000
159,10.6000000000,left_hand,20,0.5938686132,0.6926252246,-0.0247440413,1.0000000000
160,10.6670000000,left_hand,20,0.5991716385,0.6858800650,-0.0260220934,1.0000000000
161,10.7330000000,left_hand,20,0.6012005210,0.6812882423,-0.0244604740,1.0000000000
162,10.8000000000,left_hand,20,0.6033888459,0.6822190881,-0.0205501113,1.0000000000
163,10.8670000000,left_hand,20,0.5991975069,0.6819307804,-0.0210932083,1.0000000000
164,10.9330000000,left_hand,20,0.5991419554,0.6869335175,-0.0232046619,1.0000000000
165,11.0000000000,left_hand,20,0.5971725583,0.7038109303,-0.0248195548,1.0000000000
166,11.0670000000,left_hand,20,0.5926287174,0.7095838189,-0.0286272541,1.0000000000
167,11.1330000000,left_hand,20,0.5912593603,0.7151654959,-0.0296665747,1.0000000000
168,11.2000000000,left_hand,20,0.5862963796,0.7194774747,-0.0308833849,1.0000000000
169,11.2670000000,left_hand,20,0.5816155672,0.7254598737,-0.0314564407,1.0000000000
170,11.3330000000,left_hand,20,0.5793204308,0.7270708084,-0.0330413058,1.0000000000
171,11.4000000000,left_hand,20,0.5790696144,0.7274751067,-0.0313558057,1.0000000000
172,11.4670000000,left_hand,20,0.5811852813,0.7227525115,-0.0351241827,1.0000000000
173,11.5330000000,left_hand,20,0.5799583793,0.7231318951,-0.0331171006,1.0000000000
174,11.6000000000,left_hand,20,0.5802028179,0.7275509238,-0.0261362307,1.0000000000
175,11.6670000000,left_hand,20,0.5823042393,0.7155559659,-0.0318305269,1.0000000000
176,11.7330000000,left_hand,20,0.5856096148,0.7074366212,-0.0343613178,1.0000000000
177,11.8000000000,left_hand,20,0.5841006041,0.7086779475,-0.0318129472,1.0000000000
178,11.8670000000,left_hand,20,0.5825185776,0.7227826715,-0.0280724484,1.0000000000
179,11.9330000000,left_hand,20,0.5877663493,0.7019842267,-0.0331036970,1.0000000000
180,12.0000000000,left_hand,20,0.5889021754,0.6950435042,-0.0283972044,1.0000000000
75,5.0000000000,pose,11,0.6108556986,0.3920186162,-0.2533165216,0.9999799728
76,5.0670000000,pose,11,0.6107813716,0.3928185701,-0.2480960786,0.9999796152
77,5.1330000000,pose,11,0.6108070612,0.3934895694,-0.2526006997,0.9999798536
78,5.2000000000,pose,11,0.6111653447,0.3954305053,-0.2489846349,0.9999797344
79,5.2670000000,pose,11,0.6123039126,0.3963259161,-0.2485026568,0.9999799728
80,5.3330000000,pose,11,0.6126177907,0.3963331282,-0.2344358861,0.9999797940
81,5.4000000000,pose,11,0.6131267548,0.3963420689,-0.2520703077,0.9999802113
82,5.4670000000,pose,11,0.6141915917,0.3962614238,-0.2263399214,0.9999798536
83,5.5330000000,pose,11,0.6142627597,0.3968759775,-0.2025838196,0.9999790788
84,5.6000000000,pose,11,0.6142822504,0.3967319429,-0.2325526178,0.9999788404
85,5.6670000000,pose,11,0.6146631241,0.3967245519,-0.2260274589,0.9999792576
86,5.7330000000,pose,11,0.6147499681,0.3982470632,-0.2070300579,0.9999794364
87,5.8000000000,pose,11,0.6137946844,0.3951643407,-0.2084736675,0.9999796152
88,5.8670000000,pose,11,0.6140615940,0.3936693966,-0.2561828494,0.9999791384
89,5.9330000000,pose,11,0.6145248413,0.3935408890,-0.2224834859,0.9999781251
90,6.0000000000,pose,11,0.6146795154,0.3913452923,-0.2437508553,0.9999782443
91,6.0670000000,pose,11,0.6149597764,0.3913066983,-0.2439948916,0.9999783039
92,6.1330000000,pose,11,0.6160819530,0.3915772140,-0.3076491058,0.9999789596
93,6.2000000000,pose,11,0.6162774563,0.3910531700,-0.2957403064,0.9999794364
94,6.2670000000,pose,11,0.6158638000,0.3910108209,-0.2492624819,0.9999793768
95,6.3330000000,pose,11,0.6161403656,0.3901486993,-0.2803443968,0.9999792576
96,6.4000000000,pose,11,0.6162528396,0.3901311159,-0.2790855169,0.9999786019
97,6.4670000000,pose,11,0.6166750789,0.3902839422,-0.2271482646,0.9999787211
98,6.5330000000,pose,11,0.6167142987,0.3900164366,-0.2292419523,0.9999790192
99,6.6000000000,pose,11,0.6169576645,0.3904428780,-0.2157213092,0.9999795556
100,6.6670000000,pose,11,0.6173936725,0.3901267350,-0.2147732675,0.9999801517
101,6.7330000000,pose,11,0.6173344254,0.3935482204,-0.3192761838,0.9999809861
102,6.8000000000,pose,11,0.6174937487,0.3938372433,-0.2924004197,0.9999817610
103,6.8670000000,pose,11,0.6174471974,0.3926992416,-0.2846516669,0.9999814034
104,6.9330000000,pose,11,0.6174501777,0.3921434283,-0.2635807395,0.9999818802
105,7.0000000000,pose,11,0.6179783344,0.3907728493,-0.2616367042,0.9999818802
106,7.0670000000,pose,11,0.6180149317,0.3902597427,-0.2496575415,0.9999812245
107,7.1330000000,pose,11,0.6182727218,0.3904612362,-0.1875797808,0.9999819994
108,7.2000000000,pose,11,0.6184490919,0.3912908733,-0.2016895860,0.9999814034
109,7.2670000000,pose,11,0.6184677482,0.3918624520,-0.2090855390,0.9999804497
110,7.3330000000,pose,11,0.6183038354,0.3915415704,-0.2573098838,0.9999806881
111,7.4000000000,pose,11,0.6183005571,0.3926129341,-0.2536130250,0.9999804497
112,7.4670000000,pose,11,0.6187239289,0.3921918869,-0.2545119524,0.9999793172
113,7.5330000000,pose,11,0.6188586354,0.3932295442,-0.2700318396,0.9999796748
114,7.6000000000,pose,11,0.6194540262,0.3936237097,-0.2274238616,0.9999789596
115,7.6670000000,pose,11,0.6195524931,0.3934088647,-0.2654401660,0.9999788404
116,7.7330000000,pose,11,0.6195065379,0.3939807713,-0.2651723027,0.9999791980
117,7.8000000000,pose,11,0.6190225482,0.3910024464,-0.2636977434,0.9999792576
118,7.8670000000,pose,11,0.6191438437,0.3922747970,-0.2610397637,0.9999797344
119,7.9330000000,pose,11,0.6196738482,0.3909043074,-0.2438682467,0.9999792576
120,8.0000000000,pose,11,0.6195161343,0.3909139633,-0.2050336897,0.9999797344
121,8.0670000000,pose,11,0.6195217967,0.3906908035,-0.2034232467,0.9999800324
122,8.1330000000,pose,11,0.6194276810,0.3899715841,-0.2440283000,0.9999805689
123,8.2000000000,pose,11,0.6193408370,0.3907301724,-0.1549813449,0.9999804497
124,8.2670000000,pose,11,0.6200847030,0.3903654218,-0.1716816723,0.9999806285
125,8.3330000000,pose,11,0.6193558574,0.3945462406,-0.1832731813,0.9999809861
126,8.4000000000,pose,11,0.6193611026,0.3945448995,-0.1941388696,0.9999811649
127,8.4670000000,pose,11,0.6195820570,0.3959161937,-0.1828513443,0.9999817014
128,8.5330000000,pose,11,0.6195112467,0.3963731229,-0.2178969532,0.9999813437
129,8.6000000000,pose,11,0.6196505427,0.3957535625,-0.2176416367,0.9999809861
130,8.6670000000,pose,11,0.6187054515,0.3961068094,-0.2385885715,0.9999811649
131,8.7330000000,pose,11,0.6186935902,0.3956929445,-0.2476423830,0.9999808073
132,8.8000000000,pose,11,0.6179054976,0.3961952925,-0.2143852562,0.9999804497
133,8.8670000000,pose,11,0.6183065176,0.3963825405,-0.2448852658,0.9999808073
134,8.9330000000,pose,11,0.6182043552,0.3949547708,-0.2331241816,0.9999803901
135,9.0000000000,pose,11,0.6177288294,0.3957807124,-0.2478864491,0.9999800920
136,9.0670000000,pose,11,0.6176599860,0.3936958611,-0.1759016514,0.9999806285
137,9.1330000000,pose,11,0.6204568744,0.3919522166,-0.2951847315,0.9999808073
138,9.2000000000,pose,11,0.6196541190,0.3921280503,-0.2775151432,0.9999809265
139,9.2670000000,pose,11,0.6188974977,0.3921323121,-0.2648981810,0.9999816418
140,9.3330000000,pose,11,0.6186784506,0.3919190466,-0.1624259055,0.9999812245
141,9.4000000000,pose,11,0.6184684634,0.3914720118,-0.1254976839,0.9999814630
142,9.4670000000,pose,11,0.6184232831,0.3920344710,-0.1510568261,0.9999814630
143,9.5330000000,pose,11,0.6182079315,0.3918075860,-0.1977666169,0.9999814034
144,9.6000000000,pose,11,0.6173637509,0.3929059207,-0.2019293010,0.9999814034
145,9.6670000000,pose,11,0.6161481142,0.3937848806,-0.2518959939,0.9999818206
146,9.7330000000,pose,11,0.6160125732,0.3932079673,-0.1466559768,0.9999820590
147,9.8000000000,pose,11,0.6159800291,0.3944556415,-0.1809945703,0.9999817610
148,9.8670000000,pose,11,0.6150779128,0.3945820034,-0.2488576472,0.9999818206
149,9.9330000000,pose,11,0.6166435480,0.3945914507,-0.2717526257,0.9999821782
150,10.0000000000,pose,11,0.6159593463,0.3948827684,-0.2355479151,0.9999812245
151,10.0670000000,pose,11,0.6154242754,0.3954804540,-0.2802697122,0.9999809265
152,10.1330000000,pose,11,0.6153446436,0.3982855678,-0.2689626813,0.9999814034
153,10.2000000000,pose,11,0.6161668897,0.4006586373,-0.2564290762,0.9999810457
154,10.2670000000,pose,11,0.6161485910,0.3998391926,-0.1777358502,0.9999808073
155,10.3330000000,pose,11,0.6175193191,0.3997766078,-0.1860994697,0.9999794960
156,10.4000000000,pose,11,0.6172502041,0.3981615305,-0.1951113641,0.9999790192
157,10.4670000000,pose,11,0.6172332168,0.3992458582,-0.2166549861,0.9999786615
158,10.5330000000,pose,11,0.6185500622,0.3991907537,-0.2457301617,0.9999789596
159,10.6000000000,pose,11,0.6180614233,0.3988969326,-0.2263024747,0.9999788404
160,10.6670000000,pose,11,0.6179764271,0.3993206918,-0.2466688603,0.9999791980
161,10.7330000000,pose,11,0.6177429557,0.3993124366,-0.2332331389,0.9999790192
162,10.8000000000,pose,11,0.6181430221,0.3996548951,-0.2468629181,0.9999786019
163,10.8670000000,pose,11,0.6181321740,0.3969160020,-0.2005231827,0.9999789596
164,10.9330000000,pose,11,0.6179580688,0.3968130052,-0.2980216444,0.9999796152
165,11.0000000000,pose,11,0.6180657744,0.3992394209,-0.2199152559,0.9999802113
166,11.0670000000,pose,11,0.6181402802,0.3990848362,-0.2369198501,0.9999802113
167,11.1330000000,pose,11,0.6181836724,0.3992351890,-0.2651394308,0.9999800324
168,11.2000000000,pose,11,0.6185243130,0.3993025720,-0.2637916803,0.9999802709
169,11.2670000000,pose,11,0.6185236573,0.3961164951,-0.2623723745,0.9999804497
170,11.3330000000,pose,11,0.6174449325,0.3960036635,-0.2485805303,0.9999803901
171,11.4000000000,pose,11,0.6159957051,0.3976891637,-0.2800802886,0.9999794364
172,11.4670000000,pose,11,0.6158333421,0.4005461931,-0.2306326330,0.9999796748
173,11.5330000000,pose,11,0.6159582138,0.4005478919,-0.1963697970,0.9999802113
174,11.6000000000,pose,11,0.6155951023,0.4016046524,-0.2108427137,0.9999804497
175,11.6670000000,pose,11,0.6157115698,0.4037323594,-0.2425238788,0.9999802113
176,11.7330000000,pose,11,0.6158800721,0.4029286504,-0.2231801152,0.9999794960
177,11.8000000000,pose,11,0.6158666611,0.4029209316,-0.2189508528,0.9999799132
178,11.8670000000,pose,11,0.6163715124,0.4061086178,-0.2226990163,0.9999796152
179,11.9330000000,pose,11,0.6163732409,0.4077293277,-0.3146767616,0.9999794960
180,12.0000000000,pose,11,0.6163786650,0.4075611532,-0.2487401217,0.9999799132
75,5.0000000000,pose,12,0.3672975004,0.3852052987,-0.1787409037,0.9999591112
76,5.0670000000,pose,12,0.3678027391,0.3853554428,-0.1695069224,0.9999578595
77,5.1330000000,pose,12,0.3696319759,0.3851205409,-0.1710804552,0.9999588728
78,5.2000000000,pose,12,0.3699328005,0.3846744597,-0.1670875400,0.9999577403
79,5.2670000000,pose,12,0.3699168265,0.3839749098,-0.1693592221,0.9999577403
80,5.3330000000,pose,12,0.3698702455,0.3840217292,-0.1532666832,0.9999570847
81,5.4000000000,pose,12,0.3696575761,0.3855623305,-0.1628818959,0.9999570847
82,5.4670000000,pose,12,0.3699809611,0.3855210245,-0.1542825699,0.9999552369
83,5.5330000000,pose,12,0.3718012273,0.3842789531,-0.1370550543,0.9999538660
84,5.6000000000,pose,12,0.3712837994,0.3843207359,-0.1634377539,0.9999523759
85,5.6670000000,pose,12,0.3701443672,0.3842349052,-0.1386987567,0.9999531507
86,5.7330000000,pose,12,0.3701735735,0.3841125965,-0.1208633706,0.9999536276
87,5.8000000000,pose,12,0.3697343767,0.3778592050,-0.1483580470,0.9999538660
88,5.8670000000,pose,12,0.3697118461,0.3723058403,-0.1611136645,0.9999520183
89,5.9330000000,pose,12,0.3699252307,0.3717176318,-0.1430203468,0.9999492764
90,6.0000000000,pose,12,0.3712763786,0.3710323274,-0.1625174880,0.9999500513
91,6.0670000000,pose,12,0.3716196120,0.3683120012,-0.1746754348,0.9999509454
92,6.1330000000,pose,12,0.3724158406,0.3684199154,-0.2497716993,0.9999527931
93,6.2000000000,pose,12,0.3714305162,0.3689390719,-0.2449952215,0.9999543428
94,6.2670000000,pose,12,0.3714429140,0.3688298762,-0.1920044273,0.9999541044
95,6.3330000000,pose,12,0.3709245324,0.3697985113,-0.2359303385,0.9999544621
96,6.4000000000,pose,12,0.3708922565,0.3687139153,-0.2213033289,0.9999555349
97,6.4670000000,pose,12,0.3723565936,0.3687223792,-0.1329059303,0.9999555945
98,6.5330000000,pose,12,0.3724795282,0.3695746660,-0.1523875296,0.9999562502
99,6.6000000000,pose,12,0.3727109730,0.3698243201,-0.1194627807,0.9999568462
100,6.6670000000,pose,12,0.3727181554,0.3723576665,-0.1276762933,0.9999576211
101,6.7330000000,pose,12,0.3726976514,0.3734099567,-0.2760167420,0.9999600053
102,6.8000000000,pose,12,0.3728103042,0.3731721938,-0.2380258590,0.9999615550
103,6.8670000000,pose,12,0.3725204468,0.3718136847,-0.2256933749,0.9999606609
104,6.9330000000,pose,12,0.3732886910,0.3717510104,-0.2238909453,0.9999613762
105,7.0000000000,pose,12,0.3738845885,0.3713953793,-0.1755654812,0.9999620318
106,7.0670000000,pose,12,0.3742530942,0.3708737195,-0.1494311839,0.9999623299
107,7.1330000000,pose,12,0.3742643297,0.3708952963,-0.0941606462,0.9999643564
108,7.2000000000,pose,12,0.3740891218,0.3718099892,-0.1152456775,0.9999639988
109,7.2670000000,pose,12,0.3739156127,0.3734211624,-0.1217445210,0.9999641776
110,7.3330000000,pose,12,0.3733615577,0.3724158704,-0.1845567226,0.9999657273
111,7.4000000000,pose,12,0.3733880818,0.3718812466,-0.1910727769,0.9999657273
112,7.4670000000,pose,12,0.3731569350,0.3728550971,-0.1917379051,0.9999648929
113,7.5330000000,pose,12,0.3734724820,0.3729830682,-0.2198473066,0.9999651313
114,7.6000000000,pose,12,0.3734330833,0.3732829988,-0.1530254334,0.9999649525
115,7.6670000000,pose,12,0.3741094470,0.3733401000,-0.2083465308,0.9999651313
116,7.7330000000,pose,12,0.3741670549,0.3724860847,-0.2239809632,0.9999651313
117,7.8000000000,pose,12,0.3741704524,0.3696407080,-0.2270027846,0.9999651909
118,7.8670000000,pose,12,0.3739539385,0.3707353771,-0.2326572090,0.9999658465
119,7.9330000000,pose,12,0.3745349050,0.3715469241,-0.1995809525,0.9999659061
120,8.0000000000,pose,12,0.3743051291,0.3715710044,-0.1610961109,0.9999659657
121,8.0670000000,pose,12,0.3752721250,0.3758741319,-0.1710761935,0.9999662638
122,8.1330000000,pose,12,0.3752989471,0.3738086820,-0.2097726613,0.9999660850
123,8.2000000000,pose,12,0.3756256402,0.3729137480,-0.1111551821,0.9999637604
124,8.2670000000,pose,12,0.3756777644,0.3719719946,-0.1349054873,0.9999629855
125,8.3330000000,pose,12,0.3756800294,0.3720726967,-0.1424800605,0.9999635220
126,8.4000000000,pose,12,0.3756843507,0.3729214072,-0.1457721889,0.9999632835
127,8.4670000000,pose,12,0.3752546310,0.3729701042,-0.1424295455,0.9999639392
128,8.5330000000,pose,12,0.3742987514,0.3732559979,-0.2103570551,0.9999643564
129,8.6000000000,pose,12,0.3742964864,0.3749411404,-0.1957739294,0.9999635220
130,8.6670000000,pose,12,0.3742876053,0.3749110699,-0.2059398144,0.9999634624
131,8.7330000000,pose,12,0.3739957809,0.3750638068,-0.2200843990,0.9999630451
132,8.8000000000,pose,12,0.3740901351,0.3741680086,-0.1819943041,0.9999625683
133,8.8670000000,pose,12,0.3740542233,0.3749796748,-0.2210951149,0.9999628067
134,8.9330000000,pose,12,0.3735093474,0.3749415576,-0.1779905856,0.9999621511
135,9.0000000000,pose,12,0.3742387593,0.3759849072,-0.2290886045,0.9999629855
136,9.0670000000,pose,12,0.3741646111,0.3758864403,-0.1748018712,0.9999634624
137,9.1330000000,pose,12,0.3741721213,0.3773500025,-0.2659026086,0.9999648333
138,9.2000000000,pose,12,0.3741624057,0.3770467937,-0.2481771111,0.9999657869
139,9.2670000000,pose,12,0.3743952811,0.3758116961,-0.2448755056,0.9999674559
140,9.3330000000,pose,12,0.3746870756,0.3745172620,-0.1461084932,0.9999668598
141,9.4000000000,pose,12,0.3744817376,0.3749314547,-0.1234703511,0.9999661446
142,9.4670000000,pose,12,0.3746186793,0.3762346208,-0.1511977017,0.9999663830
143,9.5330000000,pose,12,0.3746140897,0.3756269813,-0.1577427387,0.9999660850
144,9.6000000000,pose,12,0.3737023771,0.3759456277,-0.1588986665,0.9999650121
145,9.6670000000,pose,12,0.3737281263,0.3763006628,-0.1959352791,0.9999650717
146,9.7330000000,pose,12,0.3735786378,0.3762883246,-0.0947916508,0.9999651313
147,9.8000000000,pose,12,0.3735916913,0.3771930635,-0.1587265432,0.9999647141
148,9.8670000000,pose,12,0.3724095225,0.3770839870,-0.2333658785,0.9999644756
149,9.9330000000,pose,12,0.3724152446,0.3791114986,-0.2331789434,0.9999651909
150,10.0000000000,pose,12,0.3724009693,0.3809303641,-0.1857570112,0.9999619722
151,10.0670000000,pose,12,0.3723884821,0.3798314631,-0.2324395627,0.9999617338
152,10.1330000000,pose,12,0.3720450997,0.3805209994,-0.2270988375,0.9999622703
153,10.2000000000,pose,12,0.3720952272,0.3805528283,-0.1927368790,0.9999615550
154,10.2670000000,pose,12,0.3722511828,0.3807051182,-0.1436543465,0.9999616742
155,10.3330000000,pose,12,0.3721414506,0.3802340329,-0.1412368417,0.9999607801
156,10.4000000000,pose,12,0.3723133802,0.3806067407,-0.1498877406,0.9999593496
157,10.4670000000,pose,12,0.3722881377,0.3800226152,-0.1669526845,0.9999595881
158,10.5330000000,pose,12,0.3724487722,0.3803784549,-0.2011866271,0.9999610186
159,10.6000000000,pose,12,0.3724222779,0.3804095685,-0.1780179143,0.9999610186
160,10.6670000000,pose,12,0.3723827600,0.3804392219,-0.2065728307,0.9999620914
161,10.7330000000,pose,12,0.3723490536,0.3804930449,-0.1763212979,0.9999626875
162,10.8000000000,pose,12,0.3727015555,0.3804490268,-0.1862940639,0.9999623299
163,10.8670000000,pose,12,0.3731303811,0.3784400523,-0.1421445012,0.9999625087
164,10.9330000000,pose,12,0.3733853698,0.3779898584,-0.2511011362,0.9999642968
165,11.0000000000,pose,12,0.3731449544,0.3817919791,-0.1910559237,0.9999656677
166,11.0670000000,pose,12,0.3740260899,0.3820420206,-0.1909450889,0.9999654293
167,11.1330000000,pose,12,0.3741058707,0.3819755912,-0.2205960304,0.9999659657
168,11.2000000000,pose,12,0.3743007481,0.3834892213,-0.2168385088,0.9999668002
169,11.2670000000,pose,12,0.3742744625,0.3795199096,-0.1937439442,0.9999668002
170,11.3330000000,pose,12,0.3738512695,0.3793089688,-0.2015196830,0.9999647737
171,11.4000000000,pose,12,0.3742775023,0.3798324168,-0.2086009830,0.9999640584
172,11.4670000000,pose,12,0.3745009303,0.3806839585,-0.1312061846,0.9999628067
173,11.5330000000,pose,12,0.3745033443,0.3807269633,-0.0877233222,0.9999623299
174,11.6000000000,pose,12,0.3746936619,0.3800665438,-0.1172949970,0.9999613762
175,11.6670000000,pose,12,0.3745128214,0.3798687756,-0.1656332165,0.9999598861
176,11.7330000000,pose,12,0.3746311069,0.3795652390,-0.1639490873,0.9999575019
177,11.8000000000,pose,12,0.3746236265,0.3806951642,-0.1201111451,0.9999591708
178,11.8670000000,pose,12,0.3753615618,0.3808740973,-0.1514373869,0.9999588132
179,11.9330000000,pose,12,0.3755030632,0.3809345961,-0.2709091902,0.9999587536
180,12.0000000000,pose,12,0.3764994442,0.3809446692,-0.1901369244,0.9999594688
75,5.0000000000,pose,13,0.7528465986,0.6580090523,-0.4554916024,0.9922233820
76,5.0670000000,pose,13,0.7535940409,0.6568964124,-0.4912481606,0.9923709035
77,5.1330000000,pose,13,0.7557497621,0.6555150151,-0.4914092720,0.9927983880
78,5.2000000000,pose,13,0.7562410831,0.6550469995,-0.4779691994,0.9930452704
79,5.2670000000,pose,13,0.7617215514,0.6548903584,-0.4789260924,0.9934019446
80,5.3330000000,pose,13,0.7635115981,0.6503798366,-0.4714046121,0.9935982823
81,5.4000000000,pose,13,0.7650499344,0.6499722600,-0.4789496064,0.9938426018
82,5.4670000000,pose,13,0.7656026483,0.6483868361,-0.4509450197,0.9939815402
83,5.5330000000,pose,13,0.7645412683,0.6485813260,-0.3869390488,0.9937186837
84,5.6000000000,pose,13,0.7584889531,0.6592769623,-0.4255238771,0.9937773943
85,5.6670000000,pose,13,0.7532346845,0.6650516987,-0.4091544747,0.9936609864
86,5.7330000000,pose,13,0.7535601258,0.6646893620,-0.3471467793,0.9937632084
87,5.8000000000,pose,13,0.7537435889,0.6536054611,-0.3721166849,0.9939134121
88,5.8670000000,pose,13,0.7578483224,0.6450040340,-0.4856047332,0.9941628575
89,5.9330000000,pose,13,0.7599366307,0.6394311190,-0.3918031752,0.9941602945
90,6.0000000000,pose,13,0.7612294555,0.6378610134,-0.4607817531,0.9942855835
91,6.0670000000,pose,13,0.7651579380,0.6379517317,-0.4726813138,0.9943909049
92,6.1330000000,pose,13,0.7652348876,0.6371065378,-0.5872383118,0.9946595430
93,6.2000000000,pose,13,0.7653087378,0.6369432807,-0.5601018071,0.9950014353
94,6.2670000000,pose,13,0.7679901123,0.6361523271,-0.5043492913,0.9952604771
95,6.3330000000,pose,13,0.7686832547,0.6331515312,-0.5348488688,0.9954760671
96,6.4000000000,pose,13,0.7709214687,0.6324133873,-0.5518694520,0.9955517054
97,6.4670000000,pose,13,0.7721015215,0.6316726804,-0.4566549063,0.9955608249
98,6.5330000000,pose,13,0.7713484168,0.6319798827,-0.4483398795,0.9954875112
99,6.6000000000,pose,13,0.7687634230,0.6349296570,-0.4361359477,0.9954481721
100,6.6670000000,pose,13,0.7648065090,0.6404014230,-0.3875618875,0.9953922629
101,6.7330000000,pose,13,0.7630205154,0.6444432139,-0.5656338334,0.9956207275
102,6.8000000000,pose,13,0.7604054213,0.6455391049,-0.5254748464,0.9958187342
103,6.8670000000,pose,13,0.7604818344,0.6460708380,-0.5263434052,0.9959408641
104,6.9330000000,pose,13,0.7603129148,0.6461598277,-0.4390111268,0.9960868955
105,7.0000000000,pose,13,0.7603382468,0.6459539533,-0.4902166724,0.9959891438
106,7.0670000000,pose,13,0.7623177171,0.6452923417,-0.4566991925,0.9958876967
107,7.1330000000,pose,13,0.7650564909,0.6407776475,-0.3745020032,0.9958233833
108,7.2000000000,pose,13,0.7721219659,0.6403251290,-0.3960840106,0.9955692887
109,7.2670000000,pose,13,0.7719250321,0.6388187408,-0.4272233248,0.9954825044
110,7.3330000000,pose,13,0.7721349001,0.6386480927,-0.5380331874,0.9954262376
111,7.4000000000,pose,13,0.7737885714,0.6386608481,-0.5229668021,0.9955312610
112,7.4670000000,pose,13,0.7736482620,0.6387909055,-0.5203826427,0.9955143332
113,7.5330000000,pose,13,0.7724894285,0.6389238834,-0.5100800991,0.9957289100
114,7.6000000000,pose,13,0.7712123990,0.6404497027,-0.4853039980,0.9954110384
115,7.6670000000,pose,13,0.7656355500,0.6499296427,-0.4909475446,0.9953263998
116,7.7330000000,pose,13,0.7605844140,0.6525470018,-0.4689673483,0.9954258800
117,7.8000000000,pose,13,0.7584081292,0.6543381810,-0.4753430486,0.9955396056
118,7.8670000000,pose,13,0.7571439147,0.6578388214,-0.4621585310,0.9956949949
119,7.9330000000,pose,13,0.7572724819,0.6584381461,-0.4720991552,0.9955851436
120,8.0000000000,pose,13,0.7574642301,0.6583891511,-0.3999110460,0.9954516888
121,8.0670000000,pose,13,0.7575570941,0.6577847600,-0.4014317691,0.9950680137
122,8.1330000000,pose,13,0.7582762837,0.6568596959,-0.4840408564,0.9951869249
123,8.2000000000,pose,13,0.7606014013,0.6524039507,-0.3672314286,0.9949007034
124,8.2670000000,pose,13,0.7627121806,0.6521809101,-0.3907956779,0.9949539304
125,8.3330000000,pose,13,0.7654474378,0.6498516798,-0.3883457184,0.9947612286
126,8.4000000000,pose,13,0.7677186131,0.6498300433,-0.4459295571,0.9944925904
127,8.4670000000,pose,13,0.7677084208,0.6498187780,-0.4156395197,0.9942465425
128,8.5330000000,pose,13,0.7667686939,0.6523984075,-0.4394171834,0.9943348765
129,8.6000000000,pose,13,0.7667306662,0.6519576907,-0.4618378878,0.9941550493
130,8.6670000000,pose,13,0.7655720115,0.6526175141,-0.5119430423,0.9943103194
131,8.7330000000,pose,13,0.7661306262,0.6540779471,-0.4935297668,0.9944029450
132,8.8000000000,pose,13,0.7639863491,0.6541971564,-0.3905963898,0.9941796660
133,8.8670000000,pose,13,0.7636429667,0.6550999284,-0.4395063519,0.9943434000
134,8.9330000000,pose,13,0.7629649639,0.6558379531,-0.4359620512,0.9940135479
135,9.0000000000,pose,13,0.7617777586,0.6570359468,-0.4546934664,0.9940870404
136,9.0670000000,pose,13,0.7601311207,0.6576349735,-0.3332432806,0.9941778779
137,9.1330000000,pose,13,0.7596520782,0.6584095359,-0.5206674933,0.9942049384
138,9.2000000000,pose,13,0.7599019408,0.6573091149,-0.5077388883,0.9940925241
139,9.2670000000,pose,13,0.7602941394,0.6565285325,-0.4919705689,0.9937867522
140,9.3330000000,pose,13,0.7603005171,0.6553751230,-0.4031847715,0.9928938746
141,9.4000000000,pose,13,0.7602785230,0.6550633907,-0.3664980829,0.9927032590
142,9.4670000000,pose,13,0.7605553865,0.6532475948,-0.4211922288,0.9927504063
143,9.5330000000,pose,13,0.7604452968,0.6540792584,-0.4452532232,0.9920169711
144,9.6000000000,pose,13,0.7598937154,0.6553912163,-0.4340911806,0.9919648767
145,9.6670000000,pose,13,0.7588827014,0.6550216675,-0.4959290922,0.9922932386
146,9.7330000000,pose,13,0.7572472692,0.6549202204,-0.3444403410,0.9914287329
147,9.8000000000,pose,13,0.7560697198,0.6533771157,-0.4136567414,0.9916127920
148,9.8670000000,pose,13,0.7573264241,0.6531820297,-0.4508668184,0.9921774268
149,9.9330000000,pose,13,0.7575305104,0.6537892818,-0.5180341601,0.9926872849
150,10.0000000000,pose,13,0.7575290799,0.6540625691,-0.4015577435,0.9928339124
151,10.0670000000,pose,13,0.7574542165,0.6542994976,-0.5209842920,0.9932279587
152,10.1330000000,pose,13,0.7567438483,0.6545777917,-0.5144240260,0.9936090708
153,10.2000000000,pose,13,0.7561577559,0.6586160660,-0.5036519170,0.9937999249
154,10.2670000000,pose,13,0.7561501265,0.6586731672,-0.2553605735,0.9940363169
155,10.3330000000,pose,13,0.7569068074,0.6593263745,-0.3392224312,0.9936953187
156,10.4000000000,pose,13,0.7583014965,0.6564725637,-0.3893685639,0.9938912988
157,10.4670000000,pose,13,0.7614826560,0.6547870040,-0.4417276382,0.9939468503
158,10.5330000000,pose,13,0.7632167935,0.6506471038,-0.4878014922,0.9941314459
159,10.6000000000,pose,13,0.7656930089,0.6442718506,-0.4823876023,0.9941368699
160,10.6670000000,pose,13,0.7667787671,0.6418722868,-0.4972280860,0.9943931699
161,10.7330000000,pose,13,0.7679693699,0.6411435604,-0.4892346263,0.9944719076
162,10.8000000000,pose,13,0.7714350820,0.6364353895,-0.4898848236,0.9945337176
163,10.8670000000,pose,13,0.7715868354,0.6354488730,-0.3414002955,0.9948056340
164,10.9330000000,pose,13,0.7712363601,0.6358353496,-0.5171756148,0.9951114655
165,11.0000000000,pose,13,0.7695416808,0.6395063996,-0.4418098629,0.9952110052
166,11.0670000000,pose,13,0.7692424655,0.6457972527,-0.4623908997,0.9953608513
167,11.1330000000,pose,13,0.7655336261,0.6531543732,-0.5041400194,0.9954898953
168,11.2000000000,pose,13,0.7598723769,0.6569139957,-0.4941002727,0.9956991076
169,11.2670000000,pose,13,0.7575104237,0.6603860855,-0.4997266531,0.9957988858
170,11.3330000000,pose,13,0.7531089783,0.6651161909,-0.4106114507,0.9958031774
171,11.4000000000,pose,13,0.7532536983,0.6649744511,-0.5224319100,0.9958879948
172,11.4670000000,pose,13,0.7534427643,0.6647406220,-0.4702610672,0.9959563017
173,11.5330000000,pose,13,0.7534990907,0.6675313711,-0.3814863265,0.9960139394
174,11.6000000000,pose,13,0.7529537082,0.6674126387,-0.4668983817,0.9961512685
175,11.6670000000,pose,13,0.7530802488,0.6688461304,-0.4715148509,0.9961007237
176,11.7330000000,pose,13,0.7529265285,0.6687675118,-0.4393378794,0.9958804846
177,11.8000000000,pose,13,0.7527168393,0.6707668900,-0.4216695130,0.9957996607
178,11.8670000000,pose,13,0.7542787194,0.6712867618,-0.4390671849,0.9955651760
179,11.9330000000,pose,13,0.7555372119,0.6730076075,-0.5672391653,0.9955284595
180,12.0000000000,pose,13,0.7554983497,0.6756840944,-0.4781871438,0.9953635335
75,5.0000000000,pose,14,0.2340894490,0.6585664749,-0.3600071371,0.8774839044
76,5.0670000000,pose,14,0.2348751575,0.6594141126,-0.3902935982,0.8720293641
77,5.1330000000,pose,14,0.2349079549,0.6550332308,-0.3994280994,0.8760778308
78,5.2000000000,pose,14,0.2351291776,0.6543657780,-0.3843116760,0.8776114583
79,5.2670000000,pose,14,0.2344975024,0.6543329954,-0.3860655725,0.8808810711
80,5.3330000000,pose,14,0.2346107960,0.6546227336,-0.3847402334,0.8823909760
81,5.4000000000,pose,14,0.2344004512,0.6542741656,-0.3818874955,0.8823381662
82,5.4670000000,pose,14,0.2343862355,0.6547937393,-0.3783398867,0.8820348978
83,5.5330000000,pose,14,0.2371687442,0.6543859839,-0.3181746304,0.8827776909
84,5.6000000000,pose,14,0.2361094356,0.6530654430,-0.3615362346,0.8816374540
85,5.6670000000,pose,14,0.2360910624,0.6556046009,-0.3124064803,0.8794820905
86,5.7330000000,pose,14,0.2359711230,0.6543878913,-0.2704143822,0.8831419349
87,5.8000000000,pose,14,0.2359524518,0.6495075226,-0.3185705543,0.8873491287
88,5.8670000000,pose,14,0.2359856665,0.6388202906,-0.3729814589,0.8860439658
89,5.9330000000,pose,14,0.2359777540,0.6294620633,-0.3173266649,0.8876774907
90,6.0000000000,pose,14,0.2356368154,0.6298016310,-0.3669373393,0.8897363544
91,6.0670000000,pose,14,0.2355992496,0.6302296519,-0.3942734003,0.8890314102
92,6.1330000000,pose,14,0.2367968112,0.6292343140,-0.5187068582,0.8914612532
93,6.2000000000,pose,14,0.2361869961,0.6315084100,-0.5013857484,0.8958485723
94,6.2670000000,pose,14,0.2374475747,0.6317640543,-0.4619991481,0.8970474005
95,6.3330000000,pose,14,0.2374917418,0.6305000186,-0.5015338063,0.8993371725
96,6.4000000000,pose,14,0.2374733239,0.6333996654,-0.4829428494,0.8981487751
97,6.4670000000,pose,14,0.2386987507,0.6333047152,-0.3557436764,0.8966009617
98,6.5330000000,pose,14,0.2385893017,0.6333116889,-0.3860175908,0.8907040358
99,6.6000000000,pose,14,0.2380313575,0.6353352070,-0.3373427987,0.8885803223
100,6.6670000000,pose,14,0.2380194068,0.6359729171,-0.3128904402,0.8884719014
101,6.7330000000,pose,14,0.2378772348,0.6370119452,-0.5217059255,0.8930228353
102,6.8000000000,pose,14,0.2381238937,0.6371579170,-0.4659834206,0.8945240974
103,6.8670000000,pose,14,0.2380972058,0.6378468871,-0.4711495042,0.8909926414
104,6.9330000000,pose,14,0.2404685915,0.6362615228,-0.4524100125,0.8951274753
105,7.0000000000,pose,14,0.2404038161,0.6347770691,-0.4120593071,0.8865427375
106,7.0670000000,pose,14,0.2402367145,0.6344715357,-0.3480249047,0.8852425218
107,7.1330000000,pose,14,0.2402157933,0.6350235343,-0.2769728601,0.8881618977
108,7.2000000000,pose,14,0.2395782471,0.6359934211,-0.3207390904,0.8868946433
109,7.2670000000,pose,14,0.2392313778,0.6354500651,-0.3553287387,0.8892379403
110,7.3330000000,pose,14,0.2386398315,0.6364033818,-0.4522969127,0.8896225691
111,7.4000000000,pose,14,0.2389578521,0.6356086135,-0.4461586177,0.8898400664
112,7.4670000000,pose,14,0.2389397174,0.6360108256,-0.4480079710,0.8900659084
113,7.5330000000,pose,14,0.2391595691,0.6354020834,-0.4726359546,0.8924302459
114,7.6000000000,pose,14,0.2391579598,0.6354379058,-0.3995964229,0.8879845142
115,7.6670000000,pose,14,0.2392376214,0.6332861781,-0.4469458163,0.8858740330
116,7.7330000000,pose,14,0.2396470904,0.6336272359,-0.4520671666,0.8886348605
117,7.8000000000,pose,14,0.2397867888,0.6341591477,-0.4617564380,0.8925985098
118,7.8670000000,pose,14,0.2398078293,0.6340339780,-0.4666703343,0.8946620226
119,7.9330000000,pose,14,0.2413486391,0.6358439326,-0.4496486485,0.8951084614
120,8.0000000000,pose,14,0.2411634326,0.6355541945,-0.3952504396,0.8939150572
121,8.0670000000,pose,14,0.2426804155,0.6357078552,-0.4039692283,0.8935222030
122,8.1330000000,pose,14,0.2426977158,0.6338081360,-0.4497292936,0.8940795660
123,8.2000000000,pose,14,0.2426064163,0.6335633993,-0.3116380870,0.8950746059
124,8.2670000000,pose,14,0.2430526614,0.6325585842,-0.3359268606,0.8954589367
125,8.3330000000,pose,14,0.2439582348,0.6328903437,-0.3401910067,0.8962024450
126,8.4000000000,pose,14,0.2433905005,0.6331453323,-0.3526237905,0.8920644522
127,8.4670000000,pose,14,0.2434039265,0.6331503987,-0.3564226031,0.8894644976
128,8.5330000000,pose,14,0.2434172779,0.6327544451,-0.4507565498,0.8926156163
129,8.6000000000,pose,14,0.2418763638,0.6348560452,-0.4334832430,0.8904611468
130,8.6670000000,pose,14,0.2418608069,0.6346592903,-0.4750821292,0.8910655975
131,8.7330000000,pose,14,0.2415842265,0.6339465380,-0.4617462158,0.8918328285
132,8.8000000000,pose,14,0.2433375567,0.6364083290,-0.3619143367,0.8949583173
133,8.8670000000,pose,14,0.2433283180,0.6385918856,-0.4435639977,0.8959583044
134,8.9330000000,pose,14,0.2432390749,0.6390521526,-0.4167460799,0.8933125138
135,9.0000000000,pose,14,0.2434911877,0.6373021007,-0.4568243325,0.8984825611
136,9.0670000000,pose,14,0.2434214652,0.6375331283,-0.3619274795,0.9020346403
137,9.1330000000,pose,14,0.2439687252,0.6397974491,-0.5155905485,0.9033147693
138,9.2000000000,pose,14,0.2441780567,0.6419284344,-0.4890818596,0.9033060074
139,9.2670000000,pose,14,0.2442405373,0.6416734457,-0.4818273783,0.9015955329
140,9.3330000000,pose,14,0.2469281107,0.6359149218,-0.3841552734,0.8943725228
141,9.4000000000,pose,14,0.2470169514,0.6336446404,-0.3496341705,0.8972268701
142,9.4670000000,pose,14,0.2468534261,0.6336926222,-0.3859286010,0.8953027129
143,9.5330000000,pose,14,0.2426792681,0.6357422471,-0.3839330971,0.8886153102
144,9.6000000000,pose,14,0.2427206486,0.6343999505,-0.3862636983,0.8883467317
145,9.6670000000,pose,14,0.2423232198,0.6396222115,-0.4291510284,0.8886115551
146,9.7330000000,pose,14,0.2420972437,0.6397042274,-0.2898505926,0.8880149126
147,9.8000000000,pose,14,0.2419659048,0.6398565173,-0.3806944489,0.8843592405
148,9.8670000000,pose,14,0.2415492386,0.6426309347,-0.4559249580,0.8890390396
149,9.9330000000,pose,14,0.2419667691,0.6432435513,-0.4879363775,0.8918997049
150,10.0000000000,pose,14,0.2421058267,0.6441361308,-0.3672980368,0.8942514062
151,10.0670000000,pose,14,0.2420092672,0.6441537738,-0.4785409868,0.8943083286
152,10.1330000000,pose,14,0.2418943793,0.6453027129,-0.4687803984,0.8965060115
153,10.2000000000,pose,14,0.2414460331,0.6452509761,-0.4240619242,0.8953796625
154,10.2670000000,pose,14,0.2413252741,0.6454973817,-0.2934335768,0.9017148018
155,10.3330000000,pose,14,0.2389857322,0.6487568021,-0.3343406916,0.8989297748
156,10.4000000000,pose,14,0.2389517277,0.6452234387,-0.3401360810,0.8990046978
157,10.4670000000,pose,14,0.2391209155,0.6452811956,-0.3932395279,0.9002941251
158,10.5330000000,pose,14,0.2398237437,0.6433339119,-0.4567076564,0.9024641514
159,10.6000000000,pose,14,0.2398256958,0.6438755989,-0.4375372827,0.8921968341
160,10.6670000000,pose,14,0.2398926318,0.6404711008,-0.4575485587,0.8950558901
161,10.7330000000,pose,14,0.2397745401,0.6421209574,-0.4537906945,0.8963819742
162,10.8000000000,pose,14,0.2416183650,0.6418144107,-0.4460107982,0.8927636147
163,10.8670000000,pose,14,0.2424436063,0.6405590177,-0.3169730306,0.8957105279
164,10.9330000000,pose,14,0.2411810905,0.6421151161,-0.4887240529,0.9005560875
165,11.0000000000,pose,14,0.2399967462,0.6443301439,-0.4281249046,0.9035011530
166,11.0670000000,pose,14,0.2404894680,0.6436018348,-0.4200301468,0.9055652618
167,11.1330000000,pose,14,0.2411668301,0.6451774240,-0.4656142592,0.9065764546
168,11.2000000000,pose,14,0.2411760241,0.6454774141,-0.4592690170,0.9093716145
169,11.2670000000,pose,14,0.2411828488,0.6479055285,-0.4250379503,0.9046446085
170,11.3330000000,pose,14,0.2411888540,0.6475346088,-0.4046525061,0.9048433304
171,11.4000000000,pose,14,0.2427534163,0.6471678019,-0.4534726143,0.9057239294
172,11.4670000000,pose,14,0.2426720560,0.6471288800,-0.3441601992,0.9068054557
173,11.5330000000,pose,14,0.2411151826,0.6472635865,-0.2620221078,0.9099695086
174,11.6000000000,pose,14,0.2411351800,0.6475949287,-0.2833109498,0.9105704427
175,11.6670000000,pose,14,0.2414879203,0.6458662748,-0.3654488921,0.9081512690
176,11.7330000000,pose,14,0.2419266850,0.6459116936,-0.3682364225,0.9019135833
177,11.8000000000,pose,14,0.2421925962,0.6467042565,-0.3085682690,0.9053723216
178,11.8670000000,pose,14,0.2423812747,0.6467883587,-0.3592269123,0.9007712603
179,11.9330000000,pose,14,0.2423984557,0.6469900608,-0.5295202732,0.8999248743
180,12.0000000000,pose,14,0.2437245548,0.6471662521,-0.3783934712,0.8960682154
75,5.0000000000,pose,15,0.5916048288,0.6212736368,-0.7298163176,0.9917311668
76,5.0670000000,pose,15,0.5968953371,0.6200339198,-0.8204123974,0.9918664694
77,5.1330000000,pose,15,0.6020109057,0.6187794209,-0.7901077867,0.9923606515
78,5.2000000000,pose,15,0.6080763340,0.6191677451,-0.7730231881,0.9927655458
79,5.2670000000,pose,15,0.6136826873,0.6162995100,-0.7848211527,0.9932497740
80,5.3330000000,pose,15,0.6219233871,0.6168078780,-0.8010944128,0.9935980439
81,5.4000000000,pose,15,0.6221405864,0.6146863699,-0.7947728038,0.9939061403
82,5.4670000000,pose,15,0.6234059930,0.6151576042,-0.7870182395,0.9941660762
83,5.5330000000,pose,15,0.6238734126,0.6218549013,-0.6918331981,0.9941366911
84,5.6000000000,pose,15,0.6215206385,0.6248062849,-0.7048603296,0.9940550327
85,5.6670000000,pose,15,0.6166620851,0.6247451901,-0.6858386397,0.9940956831
86,5.7330000000,pose,15,0.6153510809,0.6245362163,-0.5931704640,0.9941459894
87,5.8000000000,pose,15,0.6152853370,0.6181663871,-0.6045514941,0.9942962527
88,5.8670000000,pose,15,0.6153789163,0.6155465245,-0.7800768018,0.9944361448
89,5.9330000000,pose,15,0.6170271635,0.6105232835,-0.6392480135,0.9942252040
90,6.0000000000,pose,15,0.6205170155,0.6096559763,-0.7391822934,0.9942029715
91,6.0670000000,pose,15,0.6226875782,0.6095544696,-0.8055503368,0.9942802787
92,6.1330000000,pose,15,0.6226931214,0.6057768464,-0.9504300952,0.9945435524
93,6.2000000000,pose,15,0.6228719354,0.6004475951,-0.9206774235,0.9949045181
94,6.2670000000,pose,15,0.6236850619,0.5979498029,-0.9113834500,0.9951790571
95,6.3330000000,pose,15,0.6253214478,0.5961501598,-0.9307949543,0.9954028130
96,6.4000000000,pose,15,0.6259205341,0.5915212631,-0.9402810335,0.9955506921
97,6.4670000000,pose,15,0.6268276572,0.5899279118,-0.7582229972,0.9955580235
98,6.5330000000,pose,15,0.6273329854,0.5952409506,-0.7556149960,0.9953493476
99,6.6000000000,pose,15,0.6278776526,0.6005559564,-0.7156798840,0.9954490662
100,6.6670000000,pose,15,0.6248779297,0.6007079482,-0.6357376575,0.9954541922
101,6.7330000000,pose,15,0.6192395687,0.6066145301,-0.9635957479,0.9957397580
102,6.8000000000,pose,15,0.6193135977,0.6135128736,-0.8725559115,0.9959676862
103,6.8670000000,pose,15,0.6162872910,0.6142976284,-0.8902807236,0.9959450364
104,6.9330000000,pose,15,0.6179598570,0.6172167659,-0.7931259274,0.9961435199
105,7.0000000000,pose,15,0.6190177202,0.6170720458,-0.8800903559,0.9961095452
106,7.0670000000,pose,15,0.6220397949,0.6113485694,-0.7665024996,0.9959516525
107,7.1330000000,pose,15,0.6236634851,0.5979041457,-0.6388313770,0.9960396290
108,7.2000000000,pose,15,0.6238826513,0.5859693289,-0.7108215094,0.9957861900
109,7.2670000000,pose,15,0.6250792146,0.5774096847,-0.7547053099,0.9958407283
110,7.3330000000,pose,15,0.6304490566,0.5788910985,-0.9473726749,0.9959725142
111,7.4000000000,pose,15,0.6292474270,0.5796201825,-0.8806040883,0.9960553646
112,7.4670000000,pose,15,0.6258892417,0.5780652761,-0.8866213560,0.9960635304
113,7.5330000000,pose,15,0.6245747209,0.5797175765,-0.8826145530,0.9961990118
114,7.6000000000,pose,15,0.6238943338,0.5881926417,-0.8659423590,0.9957896471
115,7.6670000000,pose,15,0.6216459870,0.5993849635,-0.8651525974,0.9957151413
116,7.7330000000,pose,15,0.6182203293,0.6134188771,-0.8257033229,0.9958341718
117,7.8000000000,pose,15,0.6103612185,0.6145134568,-0.8655961752,0.9959137440
118,7.8670000000,pose,15,0.6108656526,0.6212348938,-0.8383311629,0.9960174561
119,7.9330000000,pose,15,0.6111361384,0.6210220456,-0.8594292998,0.9959423542
120,8.0000000000,pose,15,0.6127510667,0.6215587258,-0.7421161532,0.9958340526
121,8.0670000000,pose,15,0.6136003137,0.6212388277,-0.7336556911,0.9955053329
122,8.1330000000,pose,15,0.6153576374,0.6175202727,-0.8326987028,0.9955568910
123,8.2000000000,pose,15,0.6207442880,0.6116107702,-0.6600140929,0.9954556227
124,8.2670000000,pose,15,0.6251789331,0.5995243192,-0.7032622695,0.9954177737
125,8.3330000000,pose,15,0.6275151372,0.5978914499,-0.7103863955,0.9952499866
126,8.4000000000,pose,15,0.6276428699,0.5937532187,-0.7776941061,0.9950847030
127,8.4670000000,pose,15,0.6275891662,0.5916063786,-0.7469065785,0.9949303865
128,8.5330000000,pose,15,0.6275415421,0.5860055685,-0.7995892167,0.9949783683
129,8.6000000000,pose,15,0.6251572371,0.5857796669,-0.8312784433,0.9945857525
130,8.6670000000,pose,15,0.6248223782,0.5859192014,-0.8991804719,0.9947642088
131,8.7330000000,pose,15,0.6192301512,0.5857135057,-0.8523871303,0.9947004914
132,8.8000000000,pose,15,0.6192868352,0.5949549079,-0.6921910644,0.9945870042
133,8.8670000000,pose,15,0.6166574955,0.6017209888,-0.7617864609,0.9947146773
134,8.9330000000,pose,15,0.6151336432,0.6189120412,-0.7680200338,0.9943186641
135,9.0000000000,pose,15,0.6139926314,0.6216482520,-0.8170837760,0.9944481254
136,9.0670000000,pose,15,0.6150915027,0.6205836535,-0.6546791792,0.9946422577
137,9.1330000000,pose,15,0.6154443622,0.6178753972,-0.9132996202,0.9946787953
138,9.2000000000,pose,15,0.6165851355,0.6147388220,-0.8913925290,0.9946247935
139,9.2670000000,pose,15,0.6187790632,0.6056042314,-0.8630367517,0.9945841432
140,9.3330000000,pose,15,0.6197940707,0.5922062993,-0.7770846486,0.9938808680
141,9.4000000000,pose,15,0.6228085756,0.5771926045,-0.7225263715,0.9938045740
142,9.4670000000,pose,15,0.6291811466,0.5758904815,-0.7427842021,0.9939527512
143,9.5330000000,pose,15,0.6293823719,0.5756828785,-0.7566024065,0.9934164882
144,9.6000000000,pose,15,0.6292445660,0.5757695436,-0.7311333418,0.9935379624
145,9.6670000000,pose,15,0.6291558743,0.5854023099,-0.8229598403,0.9938135147
146,9.7330000000,pose,15,0.6294996142,0.5906986594,-0.6371175051,0.9932270050
147,9.8000000000,pose,15,0.6291590333,0.5974361897,-0.7822917700,0.9932728410
148,9.8670000000,pose,15,0.6249902248,0.6112309694,-0.8139883280,0.9936897755
149,9.9330000000,pose,15,0.6173122525,0.6149763465,-0.8774287105,0.9940987229
150,10.0000000000,pose,15,0.6137030721,0.6218833923,-0.7088703513,0.9941928387
151,10.0670000000,pose,15,0.6050360203,0.6226881742,-0.8811739087,0.9944019914
152,10.1330000000,pose,15,0.6056925654,0.6258664131,-0.8679583073,0.9947206378
153,10.2000000000,pose,15,0.6064822674,0.6259916425,-0.8570804000,0.9947994351
154,10.2670000000,pose,15,0.6068857312,0.6271275282,-0.5276345015,0.9949681163
155,10.3330000000,pose,15,0.6071394682,0.6280025840,-0.7266970873,0.9946517348
156,10.4000000000,pose,15,0.6085174680,0.6254397035,-0.7600382566,0.9947126508
157,10.4670000000,pose,15,0.6125834584,0.6251308322,-0.8055792451,0.9947350621
158,10.5330000000,pose,15,0.6170150042,0.6194529533,-0.8712641597,0.9949782491
159,10.6000000000,pose,15,0.6180527210,0.6139975786,-0.8811735511,0.9948707819
160,10.6670000000,pose,15,0.6201993823,0.6109165549,-0.8756030798,0.9951187372
161,10.7330000000,pose,15,0.6205456853,0.6081181765,-0.8674133420,0.9952175021
162,10.8000000000,pose,15,0.6287773848,0.6074008346,-0.8615716100,0.9952566624
163,10.8670000000,pose,15,0.6299525499,0.6050605774,-0.6220284700,0.9954623580
164,10.9330000000,pose,15,0.6281567812,0.6016360521,-0.8832502961,0.9957342148
165,11.0000000000,pose,15,0.6281481981,0.6029388309,-0.8129580021,0.9959685802
166,11.0670000000,pose,15,0.6244478822,0.6067429781,-0.8122993708,0.9960448146
167,11.1330000000,pose,15,0.6148312092,0.6099527478,-0.8641617894,0.9960960746
168,11.2000000000,pose,15,0.6148684621,0.6238805652,-0.8491761684,0.9962149262
169,11.2670000000,pose,15,0.6109768748,0.6264731288,-0.8664574027,0.9962333441
170,11.3330000000,pose,15,0.6065675020,0.6292511821,-0.7209922671,0.9960461259
171,11.4000000000,pose,15,0.6017844081,0.6301816702,-0.8655746579,0.9959442019
172,11.4670000000,pose,15,0.6014061570,0.6331130862,-0.7441303730,0.9959126711
173,11.5330000000,pose,15,0.6008015275,0.6339216232,-0.6980081797,0.9959483147
174,11.6000000000,pose,15,0.6025577188,0.6352799535,-0.8170788884,0.9960398674
175,11.6670000000,pose,15,0.6027423739,0.6313863397,-0.8084850907,0.9959816337
176,11.7330000000,pose,15,0.6025955677,0.6322783232,-0.7999446392,0.9958048463
177,11.8000000000,pose,15,0.6002986431,0.6312886477,-0.7360830903,0.9956904054
178,11.8670000000,pose,15,0.6046078205,0.6287418604,-0.7787201405,0.9954925776
179,11.9330000000,pose,15,0.6046183109,0.6256380677,-0.9399489760,0.9952814579
180,12.0000000000,pose,15,0.6056559086,0.6214504838,-0.8053910732,0.9951725602
75,5.0000000000,pose,16,0.3713376820,0.6645720601,-0.6343088150,0.9950043559
76,5.0670000000,pose,16,0.3707357645,0.6646705866,-0.7341424823,0.9949982166
77,5.1330000000,pose,16,0.3714568019,0.6619037390,-0.7382460833,0.9953137040
78,5.2000000000,pose,16,0.3726127744,0.6611972451,-0.7094046474,0.9955437183
79,5.2670000000,pose,16,0.3725136518,0.6612943411,-0.7159498930,0.9958285093
80,5.3330000000,pose,16,0.3709951639,0.6618390679,-0.7441771626,0.9960792065
81,5.4000000000,pose,16,0.3710848689,0.6622964740,-0.7341484427,0.9962103963
82,5.4670000000,pose,16,0.3710765541,0.6639432311,-0.7316413522,0.9963225722
83,5.5330000000,pose,16,0.3708525002,0.6639705896,-0.6315048337,0.9963563681
84,5.6000000000,pose,16,0.3714197576,0.6639847755,-0.6572972536,0.9960978627
85,5.6670000000,pose,16,0.3671195209,0.6640023589,-0.6211122870,0.9961224198
86,5.7330000000,pose,16,0.3670388162,0.6615371704,-0.5728006363,0.9962139726
87,5.8000000000,pose,16,0.3670806587,0.6600602865,-0.6389128566,0.9963344336
88,5.8670000000,pose,16,0.3673366606,0.6584952474,-0.7075625658,0.9963062406
89,5.9330000000,pose,16,0.3681114316,0.6534186006,-0.5988413095,0.9959958196
90,6.0000000000,pose,16,0.3698029518,0.6500960588,-0.6630103588,0.9960510135
91,6.0670000000,pose,16,0.3688086569,0.6497254372,-0.7508095503,0.9961785674
92,6.1330000000,pose,16,0.3690078557,0.6491810679,-0.9066152573,0.9963482618
93,6.2000000000,pose,16,0.3707814217,0.6490958333,-0.8781014085,0.9965654612
94,6.2670000000,pose,16,0.3707345426,0.6491593719,-0.8334627151,0.9966920614
95,6.3330000000,pose,16,0.3702063262,0.6502704620,-0.9302486181,0.9968125224
96,6.4000000000,pose,16,0.3703878820,0.6500493884,-0.9134971499,0.9969632030
97,6.4670000000,pose,16,0.3702440560,0.6506502032,-0.7094653845,0.9968803525
98,6.5330000000,pose,16,0.3710717559,0.6518551707,-0.7484818101,0.9966993332
99,6.6000000000,pose,16,0.3710742593,0.6517121792,-0.6605579257,0.9967359304
100,6.6670000000,pose,16,0.3666571081,0.6507639289,-0.6155745983,0.9966422915
101,6.7330000000,pose,16,0.3666086495,0.6492031813,-0.9445648193,0.9968295097
102,6.8000000000,pose,16,0.3671670258,0.6502968669,-0.8489654064,0.9968820214
103,6.8670000000,pose,16,0.3691493869,0.6510605812,-0.8720590472,0.9965522289
104,6.9330000000,pose,16,0.3645705581,0.6505613923,-0.8636612296,0.9966320992
105,7.0000000000,pose,16,0.3651801348,0.6506097317,-0.8459096551,0.9965311885
106,7.0670000000,pose,16,0.3684890866,0.6497936845,-0.7238600254,0.9965790510
107,7.1330000000,pose,16,0.3685081899,0.6490778327,-0.6025186777,0.9967944026
108,7.2000000000,pose,16,0.3687768579,0.6490775943,-0.6678314209,0.9968470335
109,7.2670000000,pose,16,0.3684381247,0.6495473981,-0.7458367944,0.9970492125
110,7.3330000000,pose,16,0.3674814403,0.6499994993,-0.9083236456,0.9972530007
111,7.4000000000,pose,16,0.3673036993,0.6499953270,-0.8531132936,0.9973298907
112,7.4670000000,pose,16,0.3696290255,0.6498110294,-0.8539545536,0.9974062443
113,7.5330000000,pose,16,0.3695961535,0.6503044963,-0.8761833310,0.9974157810
114,7.6000000000,pose,16,0.3694702387,0.6503875852,-0.8253175616,0.9972900152
115,7.6670000000,pose,16,0.3683896661,0.6490736008,-0.8712618351,0.9972224236
116,7.7330000000,pose,16,0.3693929911,0.6484999061,-0.8624292612,0.9972330928
117,7.8000000000,pose,16,0.3694010675,0.6500251889,-0.8750364184,0.9973001480
118,7.8670000000,pose,16,0.3654909432,0.6501101851,-0.8746196628,0.9973269701
119,7.9330000000,pose,16,0.3672495484,0.6510857344,-0.8687422276,0.9974041581
120,8.0000000000,pose,16,0.3672580421,0.6507137418,-0.7950999141,0.9973491430
121,8.0670000000,pose,16,0.3682848811,0.6512567997,-0.7804290056,0.9972832203
122,8.1330000000,pose,16,0.3686099648,0.6512548327,-0.7828616500,0.9971979260
123,8.2000000000,pose,16,0.3687440157,0.6506854296,-0.6029338837,0.9970892072
124,8.2670000000,pose,16,0.3699072897,0.6500512362,-0.6560234427,0.9970296621
125,8.3330000000,pose,16,0.3692733049,0.6500470042,-0.6728570461,0.9970787168
126,8.4000000000,pose,16,0.3693152666,0.6498429179,-0.6867724061,0.9971067309
127,8.4670000000,pose,16,0.3693254292,0.6502948403,-0.7005897164,0.9970756173
128,8.5330000000,pose,16,0.3717209995,0.6504611373,-0.8482592702,0.9972026944
129,8.6000000000,pose,16,0.3701921701,0.6503573656,-0.8220736384,0.9970737696
130,8.6670000000,pose,16,0.3701817691,0.6503410935,-0.8742741942,0.9971540570
131,8.7330000000,pose,16,0.3703326881,0.6505701542,-0.8419255614,0.9970921874
132,8.8000000000,pose,16,0.3703363538,0.6506146193,-0.6623229384,0.9971377254
133,8.8670000000,pose,16,0.3705946505,0.6506772041,-0.7887623906,0.9970965981
134,8.9330000000,pose,16,0.3701575398,0.6508671641,-0.7961766124,0.9969273806
135,9.0000000000,pose,16,0.3696520030,0.6508203149,-0.8466808796,0.9971097708
136,9.0670000000,pose,16,0.3695049286,0.6520372629,-0.6964949965,0.9971306324
137,9.1330000000,pose,16,0.3682670891,0.6523486376,-0.9601899981,0.9972413182
138,9.2000000000,pose,16,0.3684095740,0.6523111463,-0.8943472505,0.9973397255
139,9.2670000000,pose,16,0.3708693683,0.6525046825,-0.8779745698,0.9974101782
140,9.3330000000,pose,16,0.3674037158,0.6524764299,-0.7615238428,0.9971227050
141,9.4000000000,pose,16,0.3673121035,0.6515960693,-0.6699101925,0.9970327020
142,9.4670000000,pose,16,0.3650511503,0.6506374478,-0.7176275849,0.9971453547
143,9.5330000000,pose,16,0.3653966486,0.6505854130,-0.7120042443,0.9969944954
144,9.6000000000,pose,16,0.3657603264,0.6507025957,-0.6948543787,0.9970214963
145,9.6670000000,pose,16,0.3672694266,0.6525458097,-0.7594070435,0.9970765114
146,9.7330000000,pose,16,0.3679161370,0.6540382504,-0.5861722827,0.9968221784
147,9.8000000000,pose,16,0.3643814027,0.6540554762,-0.7520705462,0.9966710210
148,9.8670000000,pose,16,0.3645330966,0.6541445255,-0.8325918317,0.9968293905
149,9.9330000000,pose,16,0.3647279739,0.6541852355,-0.8777951598,0.9969744682
150,10.0000000000,pose,16,0.3682790995,0.6563256979,-0.6858132482,0.9969316721
151,10.0670000000,pose,16,0.3682362139,0.6564061642,-0.8653926849,0.9969476461
152,10.1330000000,pose,16,0.3678923845,0.6575383544,-0.8511584997,0.9970686436
153,10.2000000000,pose,16,0.3678737581,0.6575191617,-0.8074406385,0.9970096350
154,10.2670000000,pose,16,0.3677176535,0.6570435762,-0.6480271220,0.9971035719
155,10.3330000000,pose,16,0.3664433658,0.6583163738,-0.7051691413,0.9970670938
156,10.4000000000,pose,16,0.3650862277,0.6574238539,-0.7550533414,0.9970399141
157,10.4670000000,pose,16,0.3646199405,0.6582159996,-0.8013209105,0.9971910715
158,10.5330000000,pose,16,0.3657692969,0.6576408744,-0.8846923113,0.9973618984
159,10.6000000000,pose,16,0.3644762933,0.6565214396,-0.8621453047,0.9971232414
160,10.6670000000,pose,16,0.3620924652,0.6566357017,-0.8705305457,0.9972823858
161,10.7330000000,pose,16,0.3621139824,0.6548359990,-0.8646084070,0.9974417686
162,10.8000000000,pose,16,0.3629721403,0.6557607055,-0.8633482456,0.9974555373
163,10.8670000000,pose,16,0.3694995642,0.6568465233,-0.6718330383,0.9974495173
164,10.9330000000,pose,16,0.3699196279,0.6563856006,-0.9091929197,0.9976161122
165,11.0000000000,pose,16,0.3674154878,0.6565619111,-0.8371953964,0.9977641702
166,11.0670000000,pose,16,0.3681134284,0.6570340991,-0.7848596573,0.9977697134
167,11.1330000000,pose,16,0.3682901561,0.6570104361,-0.8682677150,0.9978342652
168,11.2000000000,pose,16,0.3689633012,0.6570512056,-0.8577517271,0.9978865981
169,11.2670000000,pose,16,0.3677854240,0.6570608616,-0.8345881701,0.9976611733
170,11.3330000000,pose,16,0.3704701066,0.6577310562,-0.7369531393,0.9972735047
171,11.4000000000,pose,16,0.3714343309,0.6576957703,-0.8429858088,0.9972673059
172,11.4670000000,pose,16,0.3718901873,0.6584112644,-0.6545262933,0.9971922040
173,11.5330000000,pose,16,0.3717605472,0.6585217118,-0.6241203547,0.9971911311
174,11.6000000000,pose,16,0.3718051910,0.6612156630,-0.6764546633,0.9971318841
175,11.6670000000,pose,16,0.3693623245,0.6612139940,-0.7163296342,0.9970760345
176,11.7330000000,pose,16,0.3703757226,0.6640978456,-0.7384846807,0.9965618253
177,11.8000000000,pose,16,0.3703403771,0.6611836553,-0.6699753404,0.9967150688
178,11.8670000000,pose,16,0.3700780272,0.6613208055,-0.7299565673,0.9966397285
179,11.9330000000,pose,16,0.3733921945,0.6608388424,-0.9250689149,0.9966042638
180,12.0000000000,pose,16,0.3733509779,0.6608206034,-0.6892582178,0.9965167046
75,5.0000000000,pose,23,0.5417354107,0.9425554276,-0.0083883377,0.9500138760
76,5.0670000000,pose,23,0.5414317250,0.9370614290,-0.0072500878,0.9505558610
77,5.1330000000,pose,23,0.5408611894,0.9366927147,-0.0048260326,0.9523828030
78,5.2000000000,pose,23,0.5405158997,0.9387494326,-0.0049390807,0.9498145580
79,5.2670000000,pose,23,0.5397209525,0.9397497773,-0.0047963336,0.9472156167
80,5.3330000000,pose,23,0.5426793694,0.9377399087,-0.0054798522,0.9425488710
81,5.4000000000,pose,23,0.5465803146,0.9377055764,-0.0077071758,0.9408468604
82,5.4670000000,pose,23,0.5478725433,0.9385413527,-0.0064632562,0.9394444823
83,5.5330000000,pose,23,0.5467003584,0.9371034503,-0.0064423583,0.9334889054
84,5.6000000000,pose,23,0.5460700393,0.9380353689,-0.0047791926,0.9350520968
85,5.6670000000,pose,23,0.5414746404,0.9430431128,-0.0069967140,0.9363275766
86,5.7330000000,pose,23,0.5329107046,0.9483336210,-0.0111860204,0.9325422645
87,5.8000000000,pose,23,0.5286701322,0.9487621188,-0.0081475256,0.9298674464
88,5.8670000000,pose,23,0.5312604904,0.9444879889,-0.0082990434,0.9322972894
89,5.9330000000,pose,23,0.5314362049,0.9457143545,-0.0078847781,0.9325018525
90,6.0000000000,pose,23,0.5317299366,0.9460546374,-0.0073044300,0.9344117641
91,6.0670000000,pose,23,0.5316242576,0.9460404515,-0.0034812721,0.9344753623
92,6.1330000000,pose,23,0.5370293260,0.9449105859,0.0024791090,0.9345548749
93,6.2000000000,pose,23,0.5370546579,0.9449138045,0.0082504284,0.9364439249
94,6.2670000000,pose,23,0.5367795229,0.9466584921,0.0080096228,0.9384379983
95,6.3330000000,pose,23,0.5439494848,0.9467002749,0.0084093651,0.9390360713
96,6.4000000000,pose,23,0.5445586443,0.9426919222,0.0081629241,0.9410941005
97,6.4670000000,pose,23,0.5443985462,0.9325214028,0.0003989352,0.9436221123
98,6.5330000000,pose,23,0.5443592668,0.9317861199,0.0051377346,0.9446835518
99,6.6000000000,pose,23,0.5516367555,0.9312717915,-0.0039349180,0.9461016059
100,6.6670000000,pose,23,0.5513095260,0.9343347549,-0.0038255260,0.9480346441
101,6.7330000000,pose,23,0.5493978858,0.9402747154,0.0117373792,0.9497782588
102,6.8000000000,pose,23,0.5466455221,0.9469202757,0.0118690850,0.9517133236
103,6.8670000000,pose,23,0.5457031131,0.9465906024,0.0114246877,0.9535392523
104,6.9330000000,pose,23,0.5462847948,0.9435457587,0.0140769975,0.9526147246
105,7.0000000000,pose,23,0.5453425646,0.9309107661,0.0056474069,0.9530416131
106,7.0670000000,pose,23,0.5470477343,0.9274496436,0.0012497447,0.9513938427
107,7.1330000000,pose,23,0.5454787016,0.9276279807,-0.0044155759,0.9494894743
108,7.2000000000,pose,23,0.5424878001,0.9277694821,-0.0056957291,0.9470072985
109,7.2670000000,pose,23,0.5425891876,0.9359666109,-0.0057853437,0.9397037029
110,7.3330000000,pose,23,0.5425813794,0.9359231591,-0.0047917846,0.9357784986
111,7.4000000000,pose,23,0.5427427292,0.9398401380,0.0041544992,0.9328588247
112,7.4670000000,pose,23,0.5414196253,0.9406442046,0.0040295511,0.9308832884
113,7.5330000000,pose,23,0.5417082906,0.9450652003,0.0080385236,0.9327169061
114,7.6000000000,pose,23,0.5416800976,0.9389479756,0.0071070087,0.9357969165
115,7.6670000000,pose,23,0.5444576740,0.9408177137,0.0068524228,0.9362585545
116,7.7330000000,pose,23,0.5442950726,0.9445534945,0.0079872888,0.9387279749
117,7.8000000000,pose,23,0.5424178243,0.9445129633,0.0115736863,0.9408612251
118,7.8670000000,pose,23,0.5425759554,0.9527034163,0.0164302569,0.9424201846
119,7.9330000000,pose,23,0.5433856249,0.9520494342,0.0116166351,0.9438193440
120,8.0000000000,pose,23,0.5467827916,0.9454045892,0.0103277247,0.9438490868
121,8.0670000000,pose,23,0.5469196439,0.9387626648,0.0104342317,0.9451871514
122,8.1330000000,pose,23,0.5460129976,0.9352497458,0.0121396026,0.9481135011
123,8.2000000000,pose,23,0.5445352793,0.9317098260,0.0089252479,0.9502441287
124,8.2670000000,pose,23,0.5444471836,0.9342603087,0.0047873557,0.9497373104
125,8.3330000000,pose,23,0.5440405011,0.9346783757,0.0046977471,0.9467819929
126,8.4000000000,pose,23,0.5425024033,0.9290184379,0.0004420308,0.9435203075
127,8.4670000000,pose,23,0.5415006876,0.9232705235,0.0031626474,0.9448686242
128,8.5330000000,pose,23,0.5413630605,0.9369817376,0.0085007939,0.9388912916
129,8.6000000000,pose,23,0.5380964875,0.9374004006,0.0082342755,0.9404511452
130,8.6670000000,pose,23,0.5374915600,0.9367163777,0.0086583858,0.9380388856
131,8.7330000000,pose,23,0.5404282212,0.9411000013,0.0100226570,0.9383952022
132,8.8000000000,pose,23,0.5404151082,0.9412236214,0.0085938070,0.9350589514
133,8.8670000000,pose,23,0.5433823466,0.9455311894,0.0118696718,0.9387277961
134,8.9330000000,pose,23,0.5435851812,0.9384882450,0.0044918777,0.9415414929
135,9.0000000000,pose,23,0.5436969399,0.9426500797,0.0093540186,0.9414124489
136,9.0670000000,pose,23,0.5456082821,0.9438460469,0.0133673046,0.9375374317
137,9.1330000000,pose,23,0.5507875085,0.9441200495,0.0137317665,0.9401588440
138,9.2000000000,pose,23,0.5506197214,0.9399133921,0.0117653692,0.9410563707
139,9.2670000000,pose,23,0.5483808517,0.9203821421,0.0139546553,0.9408290386
140,9.3330000000,pose,23,0.5469464064,0.9160825610,0.0146430125,0.9437037110
141,9.4000000000,pose,23,0.5499217510,0.9125707150,0.0160711464,0.9475878477
142,9.4670000000,pose,23,0.5491313934,0.9203701019,0.0190223437,0.9454650283
143,9.5330000000,pose,23,0.5476614237,0.9184817076,0.0059283036,0.9453132153
144,9.6000000000,pose,23,0.5476346612,0.9221876264,0.0053595048,0.9418602586
145,9.6670000000,pose,23,0.5466460586,0.9211952686,0.0051972507,0.9424187541
146,9.7330000000,pose,23,0.5495106578,0.9106981158,0.0041808924,0.9453532100
147,9.8000000000,pose,23,0.5480377078,0.9330947399,0.0106202709,0.9461378455
148,9.8670000000,pose,23,0.5443161726,0.9460332394,0.0135783553,0.9459706545
149,9.9330000000,pose,23,0.5462747812,0.9448079467,0.0144101493,0.9481362104
150,10.0000000000,pose,23,0.5458558202,0.9487817883,0.0068321773,0.9475438595
151,10.0670000000,pose,23,0.5412221551,0.9481143355,0.0083589498,0.9499629140
152,10.1330000000,pose,23,0.5387926698,0.9477224350,0.0079610767,0.9500315785
153,10.2000000000,pose,23,0.5392757654,0.9479119778,0.0050216881,0.9499975443
154,10.2670000000,pose,23,0.5358516574,0.9527010322,0.0027223495,0.9490199685
155,10.3330000000,pose,23,0.5360197425,0.9527437687,0.0024005719,0.9419255257
156,10.4000000000,pose,23,0.5330455303,0.9527416229,-0.0009768482,0.9406059980
157,10.4670000000,pose,23,0.5340350270,0.9535391331,-0.0008777831,0.9362105727
158,10.5330000000,pose,23,0.5451869369,0.9526866674,0.0046600020,0.9309201837
159,10.6000000000,pose,23,0.5423856378,0.9526047111,0.0086326124,0.9336348176
160,10.6670000000,pose,23,0.5422028303,0.9521647096,0.0098628532,0.9261564016
161,10.7330000000,pose,23,0.5423730016,0.9420492649,0.0078305835,0.9253152609
162,10.8000000000,pose,23,0.5441390276,0.9355154037,0.0071447608,0.9233611226
163,10.8670000000,pose,23,0.5437890887,0.9387865663,0.0056658075,0.9249855876
164,10.9330000000,pose,23,0.5460982919,0.9389020205,0.0066976468,0.9261354208
165,11.0000000000,pose,23,0.5457187295,0.9440400004,0.0095930435,0.9261332750
166,11.0670000000,pose,23,0.5454828739,0.9457623959,0.0071941707,0.9293869138
167,11.1330000000,pose,23,0.5434791446,0.9471502900,0.0091360072,0.9314109683
168,11.2000000000,pose,23,0.5474351645,0.9502016306,0.0093138060,0.9346364141
169,11.2670000000,pose,23,0.5436279774,0.9501811862,0.0069479654,0.9389183521
170,11.3330000000,pose,23,0.5434903502,0.9530464411,0.0070319921,0.9402378201
171,11.4000000000,pose,23,0.5442841053,0.9524872899,0.0041851220,0.9439164400
172,11.4670000000,pose,23,0.5390164256,0.9519404769,-0.0090857381,0.9481754899
173,11.5330000000,pose,23,0.5383596420,0.9525647163,-0.0197334029,0.9492549300
174,11.6000000000,pose,23,0.5352237225,0.9514898062,-0.0174166579,0.9520371556
175,11.6670000000,pose,23,0.5375974774,0.9544367194,-0.0167120285,0.9510089755
176,11.7330000000,pose,23,0.5373232961,0.9550961852,-0.0069417348,0.9529391527
177,11.8000000000,pose,23,0.5381125212,0.9517520666,-0.0140608381,0.9540982246
178,11.8670000000,pose,23,0.5358480215,0.9494628906,-0.0104214568,0.9545566440
179,11.9330000000,pose,23,0.5367715359,0.9494218826,-0.0030897621,0.9551540017
180,12.0000000000,pose,23,0.5342960954,0.9499027729,-0.0030704583,0.9551569223
75,5.0000000000,pose,24,0.3682981431,0.9150374532,0.0078619691,0.9508692026
76,5.0670000000,pose,24,0.3682660162,0.9104317427,0.0067536952,0.9514340758
77,5.1330000000,pose,24,0.3684711158,0.9076064229,0.0043742876,0.9533793330
78,5.2000000000,pose,24,0.3672144115,0.9085194468,0.0044797342,0.9505025744
79,5.2670000000,pose,24,0.3670155704,0.9091740251,0.0043264781,0.9477629662
80,5.3330000000,pose,24,0.3670248389,0.9073967338,0.0049940306,0.9431726933
81,5.4000000000,pose,24,0.3678059876,0.9074467421,0.0071968199,0.9409989119
82,5.4670000000,pose,24,0.3683287799,0.9105296135,0.0059541347,0.9389874935
83,5.5330000000,pose,24,0.3700919151,0.9086121321,0.0059279115,0.9327445030
84,5.6000000000,pose,24,0.3702994287,0.9109726548,0.0043243240,0.9342617393
85,5.6670000000,pose,24,0.3679493070,0.9110910892,0.0065396754,0.9356001616
86,5.7330000000,pose,24,0.3635344803,0.9111735225,0.0106942253,0.9313819408
87,5.8000000000,pose,24,0.3622606695,0.9111553431,0.0076561654,0.9281775951
88,5.8670000000,pose,24,0.3641731441,0.9074867964,0.0078276955,0.9311578870
89,5.9330000000,pose,24,0.3643614352,0.9087954760,0.0074007348,0.9310224652
90,6.0000000000,pose,24,0.3645983636,0.9091929793,0.0068414635,0.9333961010
91,6.0670000000,pose,24,0.3632102609,0.9080751538,0.0029940880,0.9336075783
92,6.1330000000,pose,24,0.3651804030,0.9081054330,-0.0029187731,0.9339225888
93,6.2000000000,pose,24,0.3657543361,0.9081760049,-0.0086513925,0.9358475208
94,6.2670000000,pose,24,0.3658768833,0.9109347463,-0.0083935279,0.9378035069
95,6.3330000000,pose,24,0.3720788360,0.9165279269,-0.0087941056,0.9388152957
96,6.4000000000,pose,24,0.3720489144,0.9110402465,-0.0085433712,0.9414168596
97,6.4670000000,pose,24,0.3726109266,0.9028913975,-0.0008205763,0.9441900253
98,6.5330000000,pose,24,0.3725801110,0.9020410776,-0.0055221189,0.9457066059
99,6.6000000000,pose,24,0.3726414740,0.9021223187,0.0034724106,0.9471874833
100,6.6670000000,pose,24,0.3732686043,0.9064490199,0.0033610808,0.9489310980
101,6.7330000000,pose,24,0.3730223775,0.9086998701,-0.0121675711,0.9507311583
102,6.8000000000,pose,24,0.3732128739,0.9117719531,-0.0122810183,0.9525422454
103,6.8670000000,pose,24,0.3732154965,0.9107792974,-0.0118302731,0.9544881582
104,6.9330000000,pose,24,0.3768667579,0.9101818800,-0.0144872833,0.9534239173
105,7.0000000000,pose,24,0.3760009706,0.8972821236,-0.0061132279,0.9541051388
106,7.0670000000,pose,24,0.3747170568,0.8934242725,-0.0016896578,0.9534844160
107,7.1330000000,pose,24,0.3720757663,0.8937832713,0.0039524338,0.9522831440
108,7.2000000000,pose,24,0.3701445460,0.8945728540,0.0052073100,0.9501093626
109,7.2670000000,pose,24,0.3676163256,0.9008061290,0.0052844146,0.9437347054
110,7.3330000000,pose,24,0.3676151633,0.9007888436,0.0042858622,0.9412812591
111,7.4000000000,pose,24,0.3679126799,0.9056945443,-0.0046210275,0.9384213686
112,7.4670000000,pose,24,0.3678089976,0.9062691927,-0.0044989563,0.9368825555
113,7.5330000000,pose,24,0.3691459298,0.9130645990,-0.0084485281,0.9384539723
114,7.6000000000,pose,24,0.3690580428,0.9067930579,-0.0075246310,0.9417116642
115,7.6670000000,pose,24,0.3697491288,0.9068004489,-0.0072766668,0.9420231581
116,7.7330000000,pose,24,0.3706081510,0.9098594189,-0.0084118778,0.9437528849
117,7.8000000000,pose,24,0.3707523942,0.9094701409,-0.0119893048,0.9455762506
118,7.8670000000,pose,24,0.3717896044,0.9158256650,-0.0167993978,0.9470353127
119,7.9330000000,pose,24,0.3718274534,0.9157174230,-0.0120072681,0.9485748410
120,8.0000000000,pose,24,0.3749229312,0.9112141728,-0.0107252877,0.9486023784
121,8.0670000000,pose,24,0.3756958842,0.9093636274,-0.0108355572,0.9497008324
122,8.1330000000,pose,24,0.3757434785,0.9058597684,-0.0125228250,0.9520369172
123,8.2000000000,pose,24,0.3753095567,0.8961338997,-0.0093197040,0.9538567066
124,8.2670000000,pose,24,0.3748132586,0.8991077542,-0.0051653730,0.9534903169
125,8.3330000000,pose,24,0.3737521768,0.9004102349,-0.0051022363,0.9504130483
126,8.4000000000,pose,24,0.3721116483,0.8974065781,-0.0008965937,0.9468728304
127,8.4670000000,pose,24,0.3720906675,0.8918222189,-0.0035811444,0.9483210444
128,8.5330000000,pose,24,0.3690690398,0.9025835991,-0.0089020887,0.9434796572
129,8.6000000000,pose,24,0.3690343499,0.9015820026,-0.0086257244,0.9453143477
130,8.6670000000,pose,24,0.3684984148,0.9012617469,-0.0090554254,0.9425627589
131,8.7330000000,pose,24,0.3692021370,0.9061848521,-0.0104296664,0.9429066181
132,8.8000000000,pose,24,0.3700803816,0.9077370167,-0.0090328762,0.9391149282
133,8.8670000000,pose,24,0.3722254932,0.9111000299,-0.0122778909,0.9424762130
134,8.9330000000,pose,24,0.3724161685,0.9058998823,-0.0049212500,0.9452528954
135,9.0000000000,pose,24,0.3723658621,0.9116397500,-0.0098100882,0.9451313615
136,9.0670000000,pose,24,0.3743985891,0.9133746028,-0.0138176428,0.9405066371
137,9.1330000000,pose,24,0.3759969473,0.9152635932,-0.0141778402,0.9433140159
138,9.2000000000,pose,24,0.3759971261,0.9141219854,-0.0122079551,0.9442915320
139,9.2670000000,pose,24,0.3759930432,0.8969472051,-0.0143801756,0.9444694519
140,9.3330000000,pose,24,0.3759898543,0.8899806738,-0.0150623918,0.9475160837
141,9.4000000000,pose,24,0.3756057918,0.8890405297,-0.0164603088,0.9512615204
142,9.4670000000,pose,24,0.3753032088,0.8925807476,-0.0193703715,0.9498687387
143,9.5330000000,pose,24,0.3735295832,0.8918640614,-0.0064045181,0.9497531056
144,9.6000000000,pose,24,0.3728494942,0.8955436945,-0.0058292854,0.9454642534
145,9.6670000000,pose,24,0.3736072183,0.8955939412,-0.0056579425,0.9455372095
146,9.7330000000,pose,24,0.3771715462,0.8903384209,-0.0046272697,0.9485442638
147,9.8000000000,pose,24,0.3754301965,0.9034012556,-0.0110192066,0.9492259622
148,9.8670000000,pose,24,0.3752457500,0.9097215533,-0.0139586506,0.9485666156
149,9.9330000000,pose,24,0.3749921620,0.9094280005,-0.0147966240,0.9505763650
150,10.0000000000,pose,24,0.3732128441,0.9143761992,-0.0072909198,0.9491353035
151,10.0670000000,pose,24,0.3721683621,0.9125873446,-0.0087785767,0.9515115619
152,10.1330000000,pose,24,0.3700696826,0.9124305844,-0.0083812894,0.9511029124
153,10.2000000000,pose,24,0.3689246178,0.9122243524,-0.0054532350,0.9509786963
154,10.2670000000,pose,24,0.3689622283,0.9134472609,-0.0032072437,0.9501112103
155,10.3330000000,pose,24,0.3670381606,0.9136564136,-0.0029004072,0.9435253143
156,10.4000000000,pose,24,0.3657054901,0.9128863215,0.0005064867,0.9421141744
157,10.4670000000,pose,24,0.3645760119,0.9158738852,0.0004056073,0.9381248355
158,10.5330000000,pose,24,0.3721838892,0.9175716043,-0.0051329797,0.9342529774
159,10.6000000000,pose,24,0.3711192310,0.9167029262,-0.0090791322,0.9368536472
160,10.6670000000,pose,24,0.3698050082,0.9165222645,-0.0103088263,0.9295231104
161,10.7330000000,pose,24,0.3696873784,0.9099719524,-0.0082713114,0.9296660423
162,10.8000000000,pose,24,0.3713291287,0.9048036337,-0.0075873150,0.9277817607
163,10.8670000000,pose,24,0.3729325831,0.9078637958,-0.0061114114,0.9288989902
164,10.9330000000,pose,24,0.3768254519,0.9091007710,-0.0071335617,0.9302862883
165,11.0000000000,pose,24,0.3752819300,0.9139143825,-0.0100726299,0.9297311306
166,11.0670000000,pose,24,0.3751929402,0.9138798714,-0.0076640793,0.9326477051
167,11.1330000000,pose,24,0.3750999272,0.9157319665,-0.0095771896,0.9349181652
168,11.2000000000,pose,24,0.3794990480,0.9231290221,-0.0097438181,0.9384412766
169,11.2670000000,pose,24,0.3744728267,0.9184262753,-0.0073451898,0.9424674511
170,11.3330000000,pose,24,0.3773211241,0.9222308397,-0.0074286251,0.9431911111
171,11.4000000000,pose,24,0.3775596917,0.9205847383,-0.0045661414,0.9468476176
172,11.4670000000,pose,24,0.3741307259,0.9123144150,0.0087463763,0.9508234262
173,11.5330000000,pose,24,0.3711962998,0.9103148580,0.0192998219,0.9518448114
174,11.6000000000,pose,24,0.3686164916,0.9057618380,0.0170002338,0.9545194507
175,11.6670000000,pose,24,0.3686900139,0.9116589427,0.0162141994,0.9530643225
176,11.7330000000,pose,24,0.3686524034,0.9121513367,0.0064554471,0.9547096491
177,11.8000000000,pose,24,0.3681465089,0.9093162417,0.0135984477,0.9565876722
178,11.8670000000,pose,24,0.3651539683,0.9039742351,0.0099717584,0.9570664167
179,11.9330000000,pose,24,0.3674373925,0.9043127894,0.0026537939,0.9575735331
180,12.0000000000,pose,24,0.3669404387,0.9041993022,0.0026304773,0.9574168324
75,5.0000000000,right_hand,0,0.3579705656,0.6890741587,0.0000002985,1.0000000000
76,5.0670000000,right_hand,0,0.3574544489,0.6904237270,0.0000002898,1.0000000000
77,5.1330000000,right_hand,0,0.3547559083,0.6891079545,0.0000002968,1.0000000000
78,5.2000000000,right_hand,0,0.3571402133,0.6849780083,0.0000003309,1.0000000000
79,5.2670000000,right_hand,0,0.3594763577,0.6888922453,0.0000003267,1.0000000000
80,5.3330000000,right_hand,0,0.3595043123,0.6894119978,0.0000003152,1.0000000000
81,5.4000000000,right_hand,0,0.3562934399,0.6878625154,0.0000003173,1.0000000000
82,5.4670000000,right_hand,0,0.3581257463,0.6898878813,0.0000003164,1.0000000000
83,5.5330000000,right_hand,0,0.3572466373,0.6921489835,0.0000003091,1.0000000000
84,5.6000000000,right_hand,0,0.3565533757,0.6911197305,0.0000003416,1.0000000000
85,5.6670000000,right_hand,0,0.3586753607,0.6964908838,0.0000003326,1.0000000000
86,5.7330000000,right_hand,0,0.3580674231,0.6877137423,0.0000003422,1.0000000000
87,5.8000000000,right_hand,0,0.3607167602,0.6893249750,0.0000003525,1.0000000000
88,5.8670000000,right_hand,0,0.3563334346,0.6731412411,0.0000003719,1.0000000000
89,5.9330000000,right_hand,0,0.3605661094,0.6758487821,0.0000003723,1.0000000000
90,6.0000000000,right_hand,0,0.3632875383,0.6768802404,0.0000003791,1.0000000000
91,6.0670000000,right_hand,0,0.3626614809,0.6760817170,0.0000003574,1.0000000000
92,6.1330000000,right_hand,0,0.3630065322,0.6782397628,0.0000003331,1.0000000000
93,6.2000000000,right_hand,0,0.3622176051,0.6787263155,0.0000003309,1.0000000000
94,6.2670000000,right_hand,0,0.3622795641,0.6780747771,0.0000003401,1.0000000000
95,6.3330000000,right_hand,0,0.3632389009,0.6789923310,0.0000003319,1.0000000000
96,6.4000000000,right_hand,0,0.3633410931,0.6789249778,0.0000003426,1.0000000000
97,6.4670000000,right_hand,0,0.3636872172,0.6718111038,0.0000003293,1.0000000000
98,6.5330000000,right_hand,0,0.3611787260,0.6739252210,0.0000002994,1.0000000000
99,6.6000000000,right_hand,0,0.3620163202,0.6747101545,0.0000003204,1.0000000000
100,6.6670000000,right_hand,0,0.3619060814,0.6717530489,0.0000003123,1.0000000000
101,6.7330000000,right_hand,0,0.3620043993,0.6729227901,0.0000003228,1.0000000000
102,6.8000000000,right_hand,0,0.3601515591,0.6729248762,0.0000003044,1.0000000000
103,6.8670000000,right_hand,0,0.3603079319,0.6774492860,0.0000003465,1.0000000000
104,6.9330000000,right_hand,0,0.3638531864,0.6775959730,0.0000003565,1.0000000000
105,7.0000000000,right_hand,0,0.3619375229,0.6800996661,0.0000003231,1.0000000000
106,7.0670000000,right_hand,0,0.3597485423,0.6772366166,0.0000003303,1.0000000000
107,7.1330000000,right_hand,0,0.3602775931,0.6775580049,0.0000003391,1.0000000000
108,7.2000000000,right_hand,0,0.3615302444,0.6779094934,0.0000003603,1.0000000000
109,7.2670000000,right_hand,0,0.3621723652,0.6797603965,0.0000003473,1.0000000000
110,7.3330000000,right_hand,0,0.3611519337,0.6808074713,0.0000003388,1.0000000000
111,7.4000000000,right_hand,0,0.3570654392,0.6751974821,0.0000003177,1.0000000000
112,7.4670000000,right_hand,0,0.3591415882,0.6696502566,0.0000003426,1.0000000000
113,7.5330000000,right_hand,0,0.3597654998,0.6740324497,0.0000003553,1.0000000000
114,7.6000000000,right_hand,0,0.3593653738,0.6806677580,0.0000003444,1.0000000000
115,7.6670000000,right_hand,0,0.3617735207,0.6822549105,0.0000003531,1.0000000000
116,7.7330000000,right_hand,0,0.3586291671,0.6821985245,0.0000003321,1.0000000000
117,7.8000000000,right_hand,0,0.3603732586,0.6828358173,0.0000003411,1.0000000000
118,7.8670000000,right_hand,0,0.3619760871,0.6822267771,0.0000003429,1.0000000000
119,7.9330000000,right_hand,0,0.3610653877,0.6806898117,0.0000003377,1.0000000000
120,8.0000000000,right_hand,0,0.3605802059,0.6801633239,0.0000003203,1.0000000000
121,8.0670000000,right_hand,0,0.3657696247,0.6802922487,0.0000003565,1.0000000000
122,8.1330000000,right_hand,0,0.3620765507,0.6772362590,0.0000003162,1.0000000000
123,8.2000000000,right_hand,0,0.3633388281,0.6715027094,0.0000003130,1.0000000000
124,8.2670000000,right_hand,0,0.3618687093,0.6724823713,0.0000003179,1.0000000000
125,8.3330000000,right_hand,0,0.3630344272,0.6699637175,0.0000003402,1.0000000000
126,8.4000000000,right_hand,0,0.3656122983,0.6761985421,0.0000003699,1.0000000000
127,8.4670000000,right_hand,0,0.3641508222,0.6719143987,0.0000003181,1.0000000000
128,8.5330000000,right_hand,0,0.3610060811,0.6781964898,0.0000003266,1.0000000000
129,8.6000000000,right_hand,0,0.3645102382,0.6792010665,0.0000003517,1.0000000000
130,8.6670000000,right_hand,0,0.3641316593,0.6769968867,0.0000003337,1.0000000000
131,8.7330000000,right_hand,0,0.3631173968,0.6787685156,0.0000003239,1.0000000000
132,8.8000000000,right_hand,0,0.3621493578,0.6775128245,0.0000003102,1.0000000000
133,8.8670000000,right_hand,0,0.3609609902,0.6781483889,0.0000003072,1.0000000000
134,8.9330000000,right_hand,0,0.3610734642,0.6773202419,0.0000003135,1.0000000000
135,9.0000000000,right_hand,0,0.3607769310,0.6810142994,0.0000003285,1.0000000000
136,9.0670000000,right_hand,0,0.3613536656,0.6818599105,0.0000003423,1.0000000000
137,9.1330000000,right_hand,0,0.3603368700,0.6794447303,0.0000003374,1.0000000000
138,9.2000000000,right_hand,0,0.3632471859,0.6809288263,0.0000003505,1.0000000000
139,9.2670000000,right_hand,0,0.3623754978,0.6817144156,0.0000003159,1.0000000000
140,9.3330000000,right_hand,0,0.3626714349,0.6814634800,0.0000003328,1.0000000000
141,9.4000000000,right_hand,0,0.3652187884,0.6808820367,0.0000003420,1.0000000000
142,9.4670000000,right_hand,0,0.3624590635,0.6801558733,0.0000003319,1.0000000000
143,9.5330000000,right_hand,0,0.3650465012,0.6797876954,0.0000003477,1.0000000000
144,9.6000000000,right_hand,0,0.3627059460,0.6832488775,0.0000003416,1.0000000000
145,9.6670000000,right_hand,0,0.3655838966,0.6862579584,0.0000003591,1.0000000000
146,9.7330000000,right_hand,0,0.3668487966,0.6849828362,0.0000003504,1.0000000000
147,9.8000000000,right_hand,0,0.3637025356,0.6763501763,0.0000003096,1.0000000000
148,9.8670000000,right_hand,0,0.3592724204,0.6821666956,0.0000003101,1.0000000000
149,9.9330000000,right_hand,0,0.3608502746,0.6822498441,0.0000003347,1.0000000000
150,10.0000000000,right_hand,0,0.3616122603,0.6800865531,0.0000003359,1.0000000000
151,10.0670000000,right_hand,0,0.3594845533,0.6759961843,0.0000003206,1.0000000000
152,10.1330000000,right_hand,0,0.3572274446,0.6770516038,0.0000003702,1.0000000000
153,10.2000000000,right_hand,0,0.3576866388,0.6809068918,0.0000003533,1.0000000000
154,10.2670000000,right_hand,0,0.3607721031,0.6813527346,0.0000003524,1.0000000000
155,10.3330000000,right_hand,0,0.3568129539,0.6769049168,0.0000003194,1.0000000000
156,10.4000000000,right_hand,0,0.3576285839,0.6848965287,0.0000003414,1.0000000000
157,10.4670000000,right_hand,0,0.3585794568,0.6856536865,0.0000003301,1.0000000000
158,10.5330000000,right_hand,0,0.3563095629,0.6878570914,0.0000003484,1.0000000000
159,10.6000000000,right_hand,0,0.3555177450,0.6804612279,0.0000003540,1.0000000000
160,10.6670000000,right_hand,0,0.3576430976,0.6790309548,0.0000003828,1.0000000000
161,10.7330000000,right_hand,0,0.3589094281,0.6818970442,0.0000003705,1.0000000000
162,10.8000000000,right_hand,0,0.3571629524,0.6795212626,0.0000003859,1.0000000000
163,10.8670000000,right_hand,0,0.3580766916,0.6832894087,0.0000003808,1.0000000000
164,10.9330000000,right_hand,0,0.3601334989,0.6868834496,0.0000003662,1.0000000000
165,11.0000000000,right_hand,0,0.3603197932,0.6864255071,0.0000003676,1.0000000000
166,11.0670000000,right_hand,0,0.3589572310,0.6880446076,0.0000003582,1.0000000000
167,11.1330000000,right_hand,0,0.3598510325,0.6875389218,0.0000003531,1.0000000000
168,11.2000000000,right_hand,0,0.3594932854,0.6898124218,0.0000003466,1.0000000000
169,11.2670000000,right_hand,0,0.3571316600,0.6854446530,0.0000003479,1.0000000000
170,11.3330000000,right_hand,0,0.3580714464,0.6841287613,0.0000003749,1.0000000000
171,11.4000000000,right_hand,0,0.3573538661,0.6858211756,0.0000003493,1.0000000000
172,11.4670000000,right_hand,0,0.3569448590,0.6871281862,0.0000003828,1.0000000000
173,11.5330000000,right_hand,0,0.3592295051,0.6860671043,0.0000004025,1.0000000000
174,11.6000000000,right_hand,0,0.3603126109,0.6881653666,0.0000003779,1.0000000000
175,11.6670000000,right_hand,0,0.3605591953,0.6861400008,0.0000003636,1.0000000000
176,11.7330000000,right_hand,0,0.3592665493,0.6874020100,0.0000003742,1.0000000000
177,11.8000000000,right_hand,0,0.3599738777,0.6838111281,0.0000003445,1.0000000000
178,11.8670000000,right_hand,0,0.3607844710,0.6783232093,0.0000003529,1.0000000000
179,11.9330000000,right_hand,0,0.3611875176,0.6794580221,0.0000003474,1.0000000000
180,12.0000000000,right_hand,0,0.3625802100,0.6836428642,0.0000003759,1.0000000000
75,5.0000000000,right_hand,1,0.3905573487,0.6842082739,-0.0020470836,1.0000000000
76,5.0670000000,right_hand,1,0.3901399076,0.6852030158,-0.0030125706,1.0000000000
77,5.1330000000,right_hand,1,0.3864463866,0.6816110611,-0.0001437786,1.0000000000
78,5.2000000000,right_hand,1,0.3897142112,0.6786028147,0.0001637734,1.0000000000
79,5.2670000000,right_hand,1,0.3918023109,0.6834440827,-0.0015199825,1.0000000000
80,5.3330000000,right_hand,1,0.3912808895,0.6837289333,-0.0025346573,1.0000000000
81,5.4000000000,right_hand,1,0.3892078698,0.6824027300,-0.0018679062,1.0000000000
82,5.4670000000,right_hand,1,0.3905854225,0.6848514676,-0.0022393342,1.0000000000
83,5.5330000000,right_hand,1,0.3881564736,0.6845344305,-0.0012846647,1.0000000000
84,5.6000000000,right_hand,1,0.3864431977,0.6810810566,-0.0012579528,1.0000000000
85,5.6670000000,right_hand,1,0.3900694847,0.6882709265,-0.0032172480,1.0000000000
86,5.7330000000,right_hand,1,0.3892967701,0.6821521521,-0.0031106567,1.0000000000
87,5.8000000000,right_hand,1,0.3919421434,0.6821053028,-0.0052714199,1.0000000000
88,5.8670000000,right_hand,1,0.3831903338,0.6704916954,-0.0068897242,1.0000000000
89,5.9330000000,right_hand,1,0.3928211927,0.6674845219,-0.0023332639,1.0000000000
90,6.0000000000,right_hand,1,0.3955706358,0.6706175208,-0.0048852116,1.0000000000
91,6.0670000000,right_hand,1,0.3947752416,0.6725762486,-0.0057460428,1.0000000000
92,6.1330000000,right_hand,1,0.3957136273,0.6704141498,-0.0034371563,1.0000000000
93,6.2000000000,right_hand,1,0.3945597410,0.6728222966,-0.0033713412,1.0000000000
94,6.2670000000,right_hand,1,0.3955283463,0.6711099148,-0.0028199847,1.0000000000
95,6.3330000000,right_hand,1,0.3971912265,0.6730664372,-0.0041635693,1.0000000000
96,6.4000000000,right_hand,1,0.3976250887,0.6750549078,-0.0043924139,1.0000000000
97,6.4670000000,right_hand,1,0.3982540369,0.6673266888,-0.0040491722,1.0000000000
98,6.5330000000,right_hand,1,0.3948426843,0.6700664163,-0.0012665755,1.0000000000
99,6.6000000000,right_hand,1,0.3959659338,0.6695529222,-0.0032436359,1.0000000000
100,6.6670000000,right_hand,1,0.3954304457,0.6661517620,-0.0026956131,1.0000000000
101,6.7330000000,right_hand,1,0.3953462243,0.6672951579,-0.0045009539,1.0000000000
102,6.8000000000,right_hand,1,0.3933186233,0.6669009924,-0.0022732879,1.0000000000
103,6.8670000000,right_hand,1,0.3937576115,0.6708076596,-0.0031927775,1.0000000000
104,6.9330000000,right_hand,1,0.3960124552,0.6709401608,-0.0044019711,1.0000000000
105,7.0000000000,right_hand,1,0.3940215111,0.6736801267,-0.0034835781,1.0000000000
106,7.0670000000,right_hand,1,0.3914171159,0.6677014232,-0.0029950296,1.0000000000
107,7.1330000000,right_hand,1,0.3919498324,0.6687977314,-0.0030092259,1.0000000000
108,7.2000000000,right_hand,1,0.3943049610,0.6703660488,-0.0033593923,1.0000000000
109,7.2670000000,right_hand,1,0.3937111199,0.6730352640,-0.0042726044,1.0000000000
110,7.3330000000,right_hand,1,0.3944263458,0.6746888161,-0.0040997919,1.0000000000
111,7.4000000000,right_hand,1,0.3898432553,0.6674446464,-0.0009282209,1.0000000000
112,7.4670000000,right_hand,1,0.3922780156,0.6612743735,-0.0032398119,1.0000000000
113,7.5330000000,right_hand,1,0.3914799988,0.6658896804,-0.0039212368,1.0000000000
114,7.6000000000,right_hand,1,0.3922660947,0.6713817716,-0.0029181635,1.0000000000
115,7.6670000000,right_hand,1,0.3947420716,0.6732010841,-0.0049238601,1.0000000000
116,7.7330000000,right_hand,1,0.3908823431,0.6715286374,-0.0021152950,1.0000000000
117,7.8000000000,right_hand,1,0.3921795487,0.6747201085,-0.0023349456,1.0000000000
118,7.8670000000,right_hand,1,0.3940651119,0.6749327183,-0.0040295352,1.0000000000
119,7.9330000000,right_hand,1,0.3938989341,0.6729366779,-0.0037290102,1.0000000000
120,8.0000000000,right_hand,1,0.3923507929,0.6703194976,-0.0033404347,1.0000000000
121,8.0670000000,right_hand,1,0.3979533613,0.6726353765,-0.0058373180,1.0000000000
122,8.1330000000,right_hand,1,0.3949626386,0.6715874076,-0.0038599640,1.0000000000
123,8.2000000000,right_hand,1,0.3965335190,0.6679707766,-0.0036670147,1.0000000000
124,8.2670000000,right_hand,1,0.3951299191,0.6663783789,-0.0031811697,1.0000000000
125,8.3330000000,right_hand,1,0.3961165845,0.6626559496,-0.0032480173,1.0000000000
126,8.4000000000,right_hand,1,0.3972156942,0.6669548154,-0.0050186338,1.0000000000
127,8.4670000000,right_hand,1,0.3969443440,0.6675604582,-0.0034105370,1.0000000000
128,8.5330000000,right_hand,1,0.3936303258,0.6676872969,-0.0015793506,1.0000000000
129,8.6000000000,right_hand,1,0.3960928023,0.6735724807,-0.0049533397,1.0000000000
130,8.6670000000,right_hand,1,0.3970870674,0.6729172468,-0.0047836252,1.0000000000
131,8.7330000000,right_hand,1,0.3962696493,0.6737655997,-0.0050820666,1.0000000000
132,8.8000000000,right_hand,1,0.3949699104,0.6720125079,-0.0045740749,1.0000000000
133,8.8670000000,right_hand,1,0.3943202198,0.6717669964,-0.0027742235,1.0000000000
134,8.9330000000,right_hand,1,0.3943421841,0.6706048250,-0.0025296048,1.0000000000
135,9.0000000000,right_hand,1,0.3937968910,0.6745742559,-0.0027890152,1.0000000000
136,9.0670000000,right_hand,1,0.3936217725,0.6716672182,-0.0023650280,1.0000000000
137,9.1330000000,right_hand,1,0.3918963373,0.6704733372,0.0004039145,1.0000000000
138,9.2000000000,right_hand,1,0.3962938786,0.6740784049,-0.0032972586,1.0000000000
139,9.2670000000,right_hand,1,0.3949541450,0.6750060916,-0.0010094700,1.0000000000
140,9.3330000000,right_hand,1,0.3961147964,0.6744613647,-0.0026252065,1.0000000000
141,9.4000000000,right_hand,1,0.3981285095,0.6747682691,-0.0038358013,1.0000000000
142,9.4670000000,right_hand,1,0.3956320882,0.6725236773,-0.0017524648,1.0000000000
143,9.5330000000,right_hand,1,0.3976120055,0.6748300195,-0.0041863173,1.0000000000
144,9.6000000000,right_hand,1,0.3964065313,0.6742019057,-0.0008882034,1.0000000000
145,9.6670000000,right_hand,1,0.3980438411,0.6784048676,-0.0026974443,1.0000000000
146,9.7330000000,right_hand,1,0.3996032774,0.6758063436,-0.0040974929,1.0000000000
147,9.8000000000,right_hand,1,0.3964597583,0.6709441543,-0.0033051257,1.0000000000
148,9.8670000000,right_hand,1,0.3921034336,0.6749544144,-0.0024318213,1.0000000000
149,9.9330000000,right_hand,1,0.3925771117,0.6750795245,-0.0031136395,1.0000000000
150,10.0000000000,right_hand,1,0.3933880329,0.6725842357,-0.0038203413,1.0000000000
151,10.0670000000,right_hand,1,0.3892165720,0.6683869958,-0.0006038797,1.0000000000
152,10.1330000000,right_hand,1,0.3871650994,0.6654636264,-0.0029119020,1.0000000000
153,10.2000000000,right_hand,1,0.3883842528,0.6710584760,-0.0023719396,1.0000000000
154,10.2670000000,right_hand,1,0.3921348155,0.6755660772,-0.0055154706,1.0000000000
155,10.3330000000,right_hand,1,0.3869503140,0.6696947813,-0.0032442564,1.0000000000
156,10.4000000000,right_hand,1,0.3884368539,0.6763944626,-0.0037820938,1.0000000000
157,10.4670000000,right_hand,1,0.3890703022,0.6768786907,-0.0040391758,1.0000000000
158,10.5330000000,right_hand,1,0.3867505789,0.6773790717,-0.0046516145,1.0000000000
159,10.6000000000,right_hand,1,0.3851437569,0.6703087687,-0.0029871222,1.0000000000
160,10.6670000000,right_hand,1,0.3826030195,0.6730706692,-0.0053519020,1.0000000000
161,10.7330000000,right_hand,1,0.3883730471,0.6709827185,-0.0031525397,1.0000000000
162,10.8000000000,right_hand,1,0.3832485676,0.6690849662,-0.0052028634,1.0000000000
163,10.8670000000,right_hand,1,0.3877574503,0.6726920009,-0.0026735498,1.0000000000
164,10.9330000000,right_hand,1,0.3895948827,0.6758750081,-0.0036924165,1.0000000000
165,11.0000000000,right_hand,1,0.3906448781,0.6746487021,-0.0031348451,1.0000000000
166,11.0670000000,right_hand,1,0.3888217807,0.6769012809,-0.0017505976,1.0000000000
167,11.1330000000,right_hand,1,0.3906341493,0.6778247356,-0.0031951077,1.0000000000
168,11.2000000000,right_hand,1,0.3919320405,0.6795715094,-0.0029557112,1.0000000000
169,11.2670000000,right_hand,1,0.3885950744,0.6755490899,-0.0022978592,1.0000000000
170,11.3330000000,right_hand,1,0.3897849619,0.6755337119,-0.0041108904,1.0000000000
171,11.4000000000,right_hand,1,0.3882997036,0.6755004525,-0.0018808992,1.0000000000
172,11.4670000000,right_hand,1,0.3857190013,0.6756218076,-0.0036611578,1.0000000000
173,11.5330000000,right_hand,1,0.3885940611,0.6782293916,-0.0043348619,1.0000000000
174,11.6000000000,right_hand,1,0.3905186653,0.6776743531,-0.0026699607,1.0000000000
175,11.6670000000,right_hand,1,0.3892609775,0.6760615110,-0.0022723798,1.0000000000
176,11.7330000000,right_hand,1,0.3895035386,0.6766200066,-0.0017678667,1.0000000000
177,11.8000000000,right_hand,1,0.3899425864,0.6761834621,-0.0018388409,1.0000000000
178,11.8670000000,right_hand,1,0.3915775120,0.6734714508,-0.0025087898,1.0000000000
179,11.9330000000,right_hand,1,0.3912963867,0.6718735099,-0.0030733703,1.0000000000
180,12.0000000000,right_hand,1,0.3928880990,0.6757276058,-0.0030679535,1.0000000000
75,5.0000000000,right_hand,2,0.4260149896,0.6928476095,-0.0095314970,1.0000000000
76,5.0670000000,right_hand,2,0.4253669679,0.6912382841,-0.0100235352,1.0000000000
77,5.1330000000,right_hand,2,0.4167783856,0.6852687001,-0.0074191475,1.0000000000
78,5.2000000000,right_hand,2,0.4200378060,0.6860021949,-0.0070336354,1.0000000000
79,5.2670000000,right_hand,2,0.4248164296,0.6923891306,-0.0092062401,1.0000000000
80,5.3330000000,right_hand,2,0.4260708094,0.6914175749,-0.0096347416,1.0000000000
81,5.4000000000,right_hand,2,0.4230666161,0.6896743178,-0.0097577656,1.0000000000
82,5.4670000000,right_hand,2,0.4240867198,0.6918545365,-0.0098423976,1.0000000000
83,5.5330000000,right_hand,2,0.4196855724,0.6900070310,-0.0089701954,1.0000000000
84,5.6000000000,right_hand,2,0.4140420258,0.6870543361,-0.0097803054,1.0000000000
85,5.6670000000,right_hand,2,0.4219599068,0.6924659014,-0.0113435322,1.0000000000
86,5.7330000000,right_hand,2,0.4195736647,0.6878193021,-0.0117145544,1.0000000000
87,5.8000000000,right_hand,2,0.4252052605,0.6871836782,-0.0138859386,1.0000000000
88,5.8670000000,right_hand,2,0.4118177295,0.6821883917,-0.0172098074,1.0000000000
89,5.9330000000,right_hand,2,0.4227390289,0.6762217283,-0.0111643570,1.0000000000
90,6.0000000000,right_hand,2,0.4289681911,0.6784451008,-0.0141480826,1.0000000000
91,6.0670000000,right_hand,2,0.4299357533,0.6809788346,-0.0144340852,1.0000000000
92,6.1330000000,right_hand,2,0.4290024638,0.6783140898,-0.0120239127,1.0000000000
93,6.2000000000,right_hand,2,0.4291272461,0.6806493998,-0.0111403624,1.0000000000
94,6.2670000000,right_hand,2,0.4293212891,0.6795754433,-0.0111983893,1.0000000000
95,6.3330000000,right_hand,2,0.4321472943,0.6816960573,-0.0127547048,1.0000000000
96,6.4000000000,right_hand,2,0.4334566593,0.6836770773,-0.0128925480,1.0000000000
97,6.4670000000,right_hand,2,0.4345038831,0.6797933578,-0.0117719937,1.0000000000
98,6.5330000000,right_hand,2,0.4308890104,0.6811504960,-0.0084643485,1.0000000000
99,6.6000000000,right_hand,2,0.4314065576,0.6800153255,-0.0112687983,1.0000000000
100,6.6670000000,right_hand,2,0.4309400618,0.6780728102,-0.0105795842,1.0000000000
101,6.7330000000,right_hand,2,0.4307882488,0.6800875068,-0.0120886983,1.0000000000
102,6.8000000000,right_hand,2,0.4270856082,0.6773707867,-0.0100135477,1.0000000000
103,6.8670000000,right_hand,2,0.4260845184,0.6785331964,-0.0114801088,1.0000000000
104,6.9330000000,right_hand,2,0.4301669300,0.6820752621,-0.0128112361,1.0000000000
105,7.0000000000,right_hand,2,0.4285645187,0.6829249263,-0.0115517471,1.0000000000
106,7.0670000000,right_hand,2,0.4242614508,0.6756613851,-0.0106789479,1.0000000000
107,7.1330000000,right_hand,2,0.4240456522,0.6767728329,-0.0110173840,1.0000000000
108,7.2000000000,right_hand,2,0.4266655743,0.6798485518,-0.0123029184,1.0000000000
109,7.2670000000,right_hand,2,0.4287114739,0.6828047633,-0.0122291017,1.0000000000
110,7.3330000000,right_hand,2,0.4297347665,0.6843236089,-0.0131486086,1.0000000000
111,7.4000000000,right_hand,2,0.4202831984,0.6755755544,-0.0088648414,1.0000000000
112,7.4670000000,right_hand,2,0.4235235751,0.6719209552,-0.0118353963,1.0000000000
113,7.5330000000,right_hand,2,0.4260803163,0.6747559309,-0.0119760875,1.0000000000
114,7.6000000000,right_hand,2,0.4251090288,0.6777870059,-0.0113419434,1.0000000000
115,7.6670000000,right_hand,2,0.4291490912,0.6816233397,-0.0136836991,1.0000000000
116,7.7330000000,right_hand,2,0.4220000803,0.6760553718,-0.0105725070,1.0000000000
117,7.8000000000,right_hand,2,0.4237094522,0.6803532839,-0.0107550845,1.0000000000
118,7.8670000000,right_hand,2,0.4282079339,0.6824831367,-0.0122214835,1.0000000000
119,7.9330000000,right_hand,2,0.4277028143,0.6802857518,-0.0129296547,1.0000000000
120,8.0000000000,right_hand,2,0.4243150949,0.6774702072,-0.0114648426,1.0000000000
121,8.0670000000,right_hand,2,0.4322924912,0.6830183864,-0.0143628297,1.0000000000
122,8.1330000000,right_hand,2,0.4305453897,0.6820178032,-0.0118629755,1.0000000000
123,8.2000000000,right_hand,2,0.4316105545,0.6799398065,-0.0113498205,1.0000000000
124,8.2670000000,right_hand,2,0.4292680025,0.6766445637,-0.0116920918,1.0000000000
125,8.3330000000,right_hand,2,0.4283487201,0.6730476022,-0.0118261399,1.0000000000
126,8.4000000000,right_hand,2,0.4326619506,0.6768907905,-0.0133789610,1.0000000000
127,8.4670000000,right_hand,2,0.4315522313,0.6784310341,-0.0110723320,1.0000000000
128,8.5330000000,right_hand,2,0.4239001572,0.6722266078,-0.0100883981,1.0000000000
129,8.6000000000,right_hand,2,0.4305360317,0.6823565960,-0.0135564394,1.0000000000
130,8.6670000000,right_hand,2,0.4323588014,0.6837854981,-0.0132486466,1.0000000000
131,8.7330000000,right_hand,2,0.4326137602,0.6825196147,-0.0129159652,1.0000000000
132,8.8000000000,right_hand,2,0.4313845336,0.6811876893,-0.0127723841,1.0000000000
133,8.8670000000,right_hand,2,0.4294045269,0.6813631058,-0.0101747541,1.0000000000
134,8.9330000000,right_hand,2,0.4285432994,0.6799866557,-0.0102302572,1.0000000000
135,9.0000000000,right_hand,2,0.4266179204,0.6824275255,-0.0115070948,1.0000000000
136,9.0670000000,right_hand,2,0.4252288342,0.6790230870,-0.0109101515,1.0000000000
137,9.1330000000,right_hand,2,0.4194835722,0.6797390580,-0.0079218615,1.0000000000
138,9.2000000000,right_hand,2,0.4302066267,0.6829031706,-0.0125509687,1.0000000000
139,9.2670000000,right_hand,2,0.4287813306,0.6835287213,-0.0085891718,1.0000000000
140,9.3330000000,right_hand,2,0.4292309284,0.6838020682,-0.0107795186,1.0000000000
141,9.4000000000,right_hand,2,0.4327819645,0.6858602762,-0.0125234500,1.0000000000
142,9.4670000000,right_hand,2,0.4274122119,0.6787647605,-0.0104090879,1.0000000000
143,9.5330000000,right_hand,2,0.4325928092,0.6845801473,-0.0127008753,1.0000000000
144,9.6000000000,right_hand,2,0.4276133180,0.6804832816,-0.0103768641,1.0000000000
145,9.6670000000,right_hand,2,0.4312733412,0.6860151887,-0.0115635162,1.0000000000
146,9.7330000000,right_hand,2,0.4340679348,0.6850027442,-0.0126487091,1.0000000000
147,9.8000000000,right_hand,2,0.4320532084,0.6824113727,-0.0110439453,1.0000000000
148,9.8670000000,right_hand,2,0.4252201319,0.6823473573,-0.0102344304,1.0000000000
149,9.9330000000,right_hand,2,0.4253606796,0.6844705343,-0.0098994104,1.0000000000
150,10.0000000000,right_hand,2,0.4263365865,0.6812572479,-0.0113385171,1.0000000000
151,10.0670000000,right_hand,2,0.4175559580,0.6751377583,-0.0078663807,1.0000000000
152,10.1330000000,right_hand,2,0.4146822393,0.6723678708,-0.0120801209,1.0000000000
153,10.2000000000,right_hand,2,0.4178499579,0.6733254790,-0.0108658830,1.0000000000
154,10.2670000000,right_hand,2,0.4264211953,0.6867556572,-0.0132617839,1.0000000000
155,10.3330000000,right_hand,2,0.4179572463,0.6802158952,-0.0115917707,1.0000000000
156,10.4000000000,right_hand,2,0.4220461845,0.6851519942,-0.0114186769,1.0000000000
157,10.4670000000,right_hand,2,0.4222619236,0.6842153668,-0.0119541092,1.0000000000
158,10.5330000000,right_hand,2,0.4180108905,0.6812945604,-0.0134204347,1.0000000000
159,10.6000000000,right_hand,2,0.4118853807,0.6784805655,-0.0110514434,1.0000000000
160,10.6670000000,right_hand,2,0.4088324010,0.6834478974,-0.0149543509,1.0000000000
161,10.7330000000,right_hand,2,0.4159286916,0.6799538732,-0.0125459386,1.0000000000
162,10.8000000000,right_hand,2,0.4088395536,0.6769234538,-0.0151255205,1.0000000000
163,10.8670000000,right_hand,2,0.4151757658,0.6811440587,-0.0115437610,1.0000000000
164,10.9330000000,right_hand,2,0.4173525870,0.6809526682,-0.0131368469,1.0000000000
165,11.0000000000,right_hand,2,0.4191780388,0.6798716187,-0.0124467779,1.0000000000
166,11.0670000000,right_hand,2,0.4156596363,0.6840473413,-0.0105506042,1.0000000000
167,11.1330000000,right_hand,2,0.4226819277,0.6839795709,-0.0114916954,1.0000000000
168,11.2000000000,right_hand,2,0.4229788482,0.6872024536,-0.0114035541,1.0000000000
169,11.2670000000,right_hand,2,0.4175838232,0.6833000779,-0.0113513712,1.0000000000
170,11.3330000000,right_hand,2,0.4186630845,0.6802586317,-0.0135647468,1.0000000000
171,11.4000000000,right_hand,2,0.4152033329,0.6797415018,-0.0105493963,1.0000000000
172,11.4670000000,right_hand,2,0.4116165638,0.6828855276,-0.0133502027,1.0000000000
173,11.5330000000,right_hand,2,0.4142969251,0.6867413521,-0.0151609164,1.0000000000
174,11.6000000000,right_hand,2,0.4164364338,0.6844961047,-0.0125146238,1.0000000000
175,11.6670000000,right_hand,2,0.4151087701,0.6835581064,-0.0117553519,1.0000000000
176,11.7330000000,right_hand,2,0.4162430465,0.6809859276,-0.0112885358,1.0000000000
177,11.8000000000,right_hand,2,0.4179598987,0.6858791709,-0.0106558586,1.0000000000
178,11.8670000000,right_hand,2,0.4208765030,0.6818387508,-0.0110352170,1.0000000000
179,11.9330000000,right_hand,2,0.4222016931,0.6795086265,-0.0116179651,1.0000000000
180,12.0000000000,right_hand,2,0.4213392437,0.6845456362,-0.0138141159,1.0000000000
75,5.0000000000,right_hand,3,0.4547417462,0.7096590996,-0.0162285306,1.0000000000
76,5.0670000000,right_hand,3,0.4535659850,0.7058541775,-0.0161507931,1.0000000000
77,5.1330000000,right_hand,3,0.4405085742,0.6986567378,-0.0145703321,1.0000000000
78,5.2000000000,right_hand,3,0.4440086484,0.7014650106,-0.0139405103,1.0000000000
79,5.2670000000,right_hand,3,0.4510377645,0.7092555165,-0.0162732583,1.0000000000
80,5.3330000000,right_hand,3,0.4540084898,0.7071387172,-0.0160578694,1.0000000000
81,5.4000000000,right_hand,3,0.4499968886,0.7064927220,-0.0169567224,1.0000000000
82,5.4670000000,right_hand,3,0.4512371123,0.7068472505,-0.0167125408,1.0000000000
83,5.5330000000,right_hand,3,0.4445004761,0.7050734162,-0.0162133034,1.0000000000
84,5.6000000000,right_hand,3,0.4347245991,0.7075110674,-0.0180560201,1.0000000000
85,5.6670000000,right_hand,3,0.4472301602,0.7063297033,-0.0187169164,1.0000000000
86,5.7330000000,right_hand,3,0.4431074560,0.7010473609,-0.0195748229,1.0000000000
87,5.8000000000,right_hand,3,0.4520454109,0.7008225322,-0.0211610980,1.0000000000
88,5.8670000000,right_hand,3,0.4338516593,0.7081177235,-0.0257466231,1.0000000000
89,5.9330000000,right_hand,3,0.4462932348,0.6982789040,-0.0190481339,1.0000000000
90,6.0000000000,right_hand,3,0.4552708864,0.6968726516,-0.0218777843,1.0000000000
91,6.0670000000,right_hand,3,0.4576265514,0.6984904408,-0.0214579999,1.0000000000
92,6.1330000000,right_hand,3,0.4560959935,0.6975359917,-0.0194090754,1.0000000000
93,6.2000000000,right_hand,3,0.4571630061,0.6970831752,-0.0177289899,1.0000000000
94,6.2670000000,right_hand,3,0.4565384686,0.6984452009,-0.0184786748,1.0000000000
95,6.3330000000,right_hand,3,0.4601849914,0.6994484663,-0.0200983826,1.0000000000
96,6.4000000000,right_hand,3,0.4623335302,0.7021649480,-0.0202642120,1.0000000000
97,6.4670000000,right_hand,3,0.4633973241,0.7001342177,-0.0183103774,1.0000000000
98,6.5330000000,right_hand,3,0.4593669772,0.7014404535,-0.0150170876,1.0000000000
99,6.6000000000,right_hand,3,0.4600941241,0.7000139356,-0.0182183050,1.0000000000
100,6.6670000000,right_hand,3,0.4601967931,0.6997842193,-0.0173948798,1.0000000000
101,6.7330000000,right_hand,3,0.4600086808,0.7027388811,-0.0182342846,1.0000000000
102,6.8000000000,right_hand,3,0.4549375176,0.6979604363,-0.0168039668,1.0000000000
103,6.8670000000,right_hand,3,0.4521014690,0.6973393559,-0.0187520087,1.0000000000
104,6.9330000000,right_hand,3,0.4583728909,0.7014576197,-0.0197210889,1.0000000000
105,7.0000000000,right_hand,3,0.4566218257,0.7028501034,-0.0183963962,1.0000000000
106,7.0670000000,right_hand,3,0.4503585398,0.6967614889,-0.0172667466,1.0000000000
107,7.1330000000,right_hand,3,0.4495486915,0.6948897243,-0.0177967399,1.0000000000
108,7.2000000000,right_hand,3,0.4527833462,0.6993592978,-0.0197928622,1.0000000000
109,7.2670000000,right_hand,3,0.4572526515,0.7011362314,-0.0188932475,1.0000000000
110,7.3330000000,right_hand,3,0.4580115974,0.7042084932,-0.0206658021,1.0000000000
111,7.4000000000,right_hand,3,0.4433884621,0.6958230734,-0.0163866356,1.0000000000
112,7.4670000000,right_hand,3,0.4478390217,0.6955883503,-0.0193188190,1.0000000000
113,7.5330000000,right_hand,3,0.4541003108,0.6955537796,-0.0185770523,1.0000000000
114,7.6000000000,right_hand,3,0.4521244168,0.6966110468,-0.0186221488,1.0000000000
115,7.6670000000,right_hand,3,0.4574281275,0.6993395686,-0.0207597688,1.0000000000
116,7.7330000000,right_hand,3,0.4471096098,0.6929266453,-0.0181565639,1.0000000000
117,7.8000000000,right_hand,3,0.4493073523,0.6956154108,-0.0182374362,1.0000000000
118,7.8670000000,right_hand,3,0.4558894336,0.6989266276,-0.0190396197,1.0000000000
119,7.9330000000,right_hand,3,0.4551933110,0.6990497708,-0.0206570961,1.0000000000
120,8.0000000000,right_hand,3,0.4498386085,0.6961280704,-0.0183450952,1.0000000000
121,8.0670000000,right_hand,3,0.4606446922,0.7014034986,-0.0211254712,1.0000000000
122,8.1330000000,right_hand,3,0.4590221047,0.7019172907,-0.0185288843,1.0000000000
123,8.2000000000,right_hand,3,0.4601370096,0.6991385818,-0.0178163853,1.0000000000
124,8.2670000000,right_hand,3,0.4570183754,0.6964440942,-0.0187797379,1.0000000000
125,8.3330000000,right_hand,3,0.4532686174,0.6946697235,-0.0190397333,1.0000000000
126,8.4000000000,right_hand,3,0.4611392319,0.6991823316,-0.0202176590,1.0000000000
127,8.4670000000,right_hand,3,0.4592257440,0.6992475986,-0.0175803900,1.0000000000
128,8.5330000000,right_hand,3,0.4473184049,0.6919310689,-0.0177259147,1.0000000000
129,8.6000000000,right_hand,3,0.4588530660,0.6994381547,-0.0205131397,1.0000000000
130,8.6670000000,right_hand,3,0.4607040584,0.7042276263,-0.0201313347,1.0000000000
131,8.7330000000,right_hand,3,0.4620564878,0.7008928061,-0.0193459112,1.0000000000
132,8.8000000000,right_hand,3,0.4610658884,0.7002955675,-0.0194474850,1.0000000000
133,8.8670000000,right_hand,3,0.4582397640,0.7014999986,-0.0166281331,1.0000000000
134,8.9330000000,right_hand,3,0.4565491676,0.6991510391,-0.0168977398,1.0000000000
135,9.0000000000,right_hand,3,0.4529520571,0.7008372545,-0.0190933626,1.0000000000
136,9.0670000000,right_hand,3,0.4505279958,0.6966909170,-0.0184372459,1.0000000000
137,9.1330000000,right_hand,3,0.4403717220,0.7017414570,-0.0159255452,1.0000000000
138,9.2000000000,right_hand,3,0.4572509527,0.7010678053,-0.0204422697,1.0000000000
139,9.2670000000,right_hand,3,0.4560711086,0.7009909153,-0.0153239844,1.0000000000
140,9.3330000000,right_hand,3,0.4561387002,0.7028507590,-0.0178704392,1.0000000000
141,9.4000000000,right_hand,3,0.4612455070,0.7047764659,-0.0198806878,1.0000000000
142,9.4670000000,right_hand,3,0.4523429573,0.6976159215,-0.0183342677,1.0000000000
143,9.5330000000,right_hand,3,0.4608326554,0.7019983530,-0.0199202299,1.0000000000
144,9.6000000000,right_hand,3,0.4517032802,0.6989031434,-0.0193211287,1.0000000000
145,9.6670000000,right_hand,3,0.4580059052,0.7031424642,-0.0193615966,1.0000000000
146,9.7330000000,right_hand,3,0.4629096389,0.7044742107,-0.0196912419,1.0000000000
147,9.8000000000,right_hand,3,0.4604655206,0.7025664449,-0.0175702609,1.0000000000
148,9.8670000000,right_hand,3,0.4517330825,0.7007058263,-0.0171214230,1.0000000000
149,9.9330000000,right_hand,3,0.4525066018,0.7032253742,-0.0155219436,1.0000000000
150,10.0000000000,right_hand,3,0.4535719156,0.6997343898,-0.0174983162,1.0000000000
151,10.0670000000,right_hand,3,0.4397602081,0.6930510402,-0.0147723434,1.0000000000
152,10.1330000000,right_hand,3,0.4346582592,0.6945650578,-0.0200455617,1.0000000000
153,10.2000000000,right_hand,3,0.4410337806,0.6887907982,-0.0184552204,1.0000000000
154,10.2670000000,right_hand,3,0.4543057680,0.7051190138,-0.0193639398,1.0000000000
155,10.3330000000,right_hand,3,0.4407911003,0.7034870386,-0.0190718025,1.0000000000
156,10.4000000000,right_hand,3,0.4492799640,0.7040168047,-0.0177458171,1.0000000000
157,10.4670000000,right_hand,3,0.4492895305,0.7007198930,-0.0185884014,1.0000000000
158,10.5330000000,right_hand,3,0.4424204528,0.6975658536,-0.0208314322,1.0000000000
159,10.6000000000,right_hand,3,0.4319690168,0.7028027177,-0.0182552002,1.0000000000
160,10.6670000000,right_hand,3,0.4283410311,0.7102606297,-0.0229124241,1.0000000000
161,10.7330000000,right_hand,3,0.4354586601,0.7052676678,-0.0209399369,1.0000000000
162,10.8000000000,right_hand,3,0.4269781709,0.7029644251,-0.0234306697,1.0000000000
163,10.8670000000,right_hand,3,0.4349002242,0.7085579634,-0.0193066839,1.0000000000
164,10.9330000000,right_hand,3,0.4379960299,0.7035118341,-0.0213130563,1.0000000000
165,11.0000000000,right_hand,3,0.4404502511,0.6998364329,-0.0206571165,1.0000000000
166,11.0670000000,right_hand,3,0.4357952476,0.7070711851,-0.0185821317,1.0000000000
167,11.1330000000,right_hand,3,0.4476186633,0.7014521956,-0.0186563972,1.0000000000
168,11.2000000000,right_hand,3,0.4478167295,0.7064493299,-0.0187440794,1.0000000000
169,11.2670000000,right_hand,3,0.4402950704,0.7026012540,-0.0196069591,1.0000000000
170,11.3330000000,right_hand,3,0.4406815767,0.6973299980,-0.0215438325,1.0000000000
171,11.4000000000,right_hand,3,0.4352754951,0.6975266933,-0.0183454361,1.0000000000
172,11.4670000000,right_hand,3,0.4302134216,0.7104253173,-0.0216417667,1.0000000000
173,11.5330000000,right_hand,3,0.4318527877,0.7115423083,-0.0248922240,1.0000000000
174,11.6000000000,right_hand,3,0.4356905818,0.7062760592,-0.0213434193,1.0000000000
175,11.6670000000,right_hand,3,0.4332651794,0.7062065601,-0.0204605125,1.0000000000
176,11.7330000000,right_hand,3,0.4363639653,0.6998809576,-0.0200928953,1.0000000000
177,11.8000000000,right_hand,3,0.4382975101,0.7102300525,-0.0188474171,1.0000000000
178,11.8670000000,right_hand,3,0.4435304403,0.6998329759,-0.0188593362,1.0000000000
179,11.9330000000,right_hand,3,0.4459001422,0.6985132694,-0.0192302223,1.0000000000
180,12.0000000000,right_hand,3,0.4416041374,0.7075902820,-0.0235825926,1.0000000000
75,5.0000000000,right_hand,4,0.4766656160,0.7234054804,-0.0233633127,1.0000000000
76,5.0670000000,right_hand,4,0.4747938216,0.7199627757,-0.0225362573,1.0000000000
77,5.1330000000,right_hand,4,0.4574731588,0.7159122825,-0.0222549997,1.0000000000
78,5.2000000000,right_hand,4,0.4625815153,0.7137328982,-0.0215003286,1.0000000000
79,5.2670000000,right_hand,4,0.4711721241,0.7233162522,-0.0239838641,1.0000000000
80,5.3330000000,right_hand,4,0.4756067991,0.7190332413,-0.0229995269,1.0000000000
81,5.4000000000,right_hand,4,0.4707592428,0.7224956751,-0.0247802697,1.0000000000
82,5.4670000000,right_hand,4,0.4728999734,0.7179903984,-0.0241075139,1.0000000000
83,5.5330000000,right_hand,4,0.4630956948,0.7196274996,-0.0239136610,1.0000000000
84,5.6000000000,right_hand,4,0.4482920170,0.7317183614,-0.0269338489,1.0000000000
85,5.6670000000,right_hand,4,0.4666107893,0.7201388478,-0.0264757313,1.0000000000
86,5.7330000000,right_hand,4,0.4618173242,0.7129771113,-0.0280698128,1.0000000000
87,5.8000000000,right_hand,4,0.4734947085,0.7116591334,-0.0288976785,1.0000000000
88,5.8670000000,right_hand,4,0.4495374262,0.7340002060,-0.0348634385,1.0000000000
89,5.9330000000,right_hand,4,0.4633227587,0.7190462947,-0.0275691710,1.0000000000
90,6.0000000000,right_hand,4,0.4762308300,0.7124712467,-0.0301782023,1.0000000000
91,6.0670000000,right_hand,4,0.4798759818,0.7127810717,-0.0287885070,1.0000000000
92,6.1330000000,right_hand,4,0.4765301049,0.7155216932,-0.0270230956,1.0000000000
93,6.2000000000,right_hand,4,0.4789178371,0.7103601694,-0.0246243272,1.0000000000
94,6.2670000000,right_hand,4,0.4775494039,0.7139779925,-0.0260885544,1.0000000000
95,6.3330000000,right_hand,4,0.4824227691,0.7140752673,-0.0277613532,1.0000000000
96,6.4000000000,right_hand,4,0.4852129817,0.7178496122,-0.0279628374,1.0000000000
97,6.4670000000,right_hand,4,0.4857825339,0.7149297595,-0.0252557602,1.0000000000
98,6.5330000000,right_hand,4,0.4811431766,0.7168166637,-0.0219274964,1.0000000000
99,6.6000000000,right_hand,4,0.4818396568,0.7169896364,-0.0254210215,1.0000000000
100,6.6670000000,right_hand,4,0.4835216403,0.7147976756,-0.0245731622,1.0000000000
101,6.7330000000,right_hand,4,0.4825825989,0.7184863091,-0.0246105921,1.0000000000
102,6.8000000000,right_hand,4,0.4758603871,0.7132907510,-0.0238701366,1.0000000000
103,6.8670000000,right_hand,4,0.4707882404,0.7162270546,-0.0263701845,1.0000000000
104,6.9330000000,right_hand,4,0.4815258682,0.7136622667,-0.0270898454,1.0000000000
105,7.0000000000,right_hand,4,0.4780167639,0.7185800672,-0.0254931599,1.0000000000
106,7.0670000000,right_hand,4,0.4693541527,0.7150795460,-0.0240821801,1.0000000000
107,7.1330000000,right_hand,4,0.4680069089,0.7103756070,-0.0248260815,1.0000000000
108,7.2000000000,right_hand,4,0.4736019373,0.7125185728,-0.0277975779,1.0000000000
109,7.2670000000,right_hand,4,0.4798548222,0.7137776613,-0.0258888192,1.0000000000
110,7.3330000000,right_hand,4,0.4807984829,0.7186110020,-0.0286057405,1.0000000000
111,7.4000000000,right_hand,4,0.4602124095,0.7167901993,-0.0244220626,1.0000000000
112,7.4670000000,right_hand,4,0.4647839069,0.7166721225,-0.0272479486,1.0000000000
113,7.5330000000,right_hand,4,0.4754250050,0.7118530869,-0.0255238693,1.0000000000
114,7.6000000000,right_hand,4,0.4719310701,0.7151912451,-0.0261648856,1.0000000000
115,7.6670000000,right_hand,4,0.4795114994,0.7135074735,-0.0280576739,1.0000000000
116,7.7330000000,right_hand,4,0.4648998976,0.7128903270,-0.0260464437,1.0000000000
117,7.8000000000,right_hand,4,0.4687865078,0.7109045386,-0.0261145309,1.0000000000
118,7.8670000000,right_hand,4,0.4771844149,0.7133027911,-0.0262822900,1.0000000000
119,7.9330000000,right_hand,4,0.4756627083,0.7185966372,-0.0286878087,1.0000000000
120,8.0000000000,right_hand,4,0.4683997333,0.7147768140,-0.0254545119,1.0000000000
121,8.0670000000,right_hand,4,0.4839239717,0.7128834724,-0.0282348879,1.0000000000
122,8.1330000000,right_hand,4,0.4806792736,0.7167787552,-0.0255916379,1.0000000000
123,8.2000000000,right_hand,4,0.4816700816,0.7157320380,-0.0245869122,1.0000000000
124,8.2670000000,right_hand,4,0.4773917794,0.7126666307,-0.0262234434,1.0000000000
125,8.3330000000,right_hand,4,0.4712945819,0.7123590708,-0.0266821403,1.0000000000
126,8.4000000000,right_hand,4,0.4838893116,0.7148068547,-0.0274242796,1.0000000000
127,8.4670000000,right_hand,4,0.4797868431,0.7167602181,-0.0243167095,1.0000000000
128,8.5330000000,right_hand,4,0.4627950490,0.7143270969,-0.0256907307,1.0000000000
129,8.6000000000,right_hand,4,0.4814796150,0.7119914293,-0.0278913509,1.0000000000
130,8.6670000000,right_hand,4,0.4825215042,0.7195174694,-0.0274247639,1.0000000000
131,8.7330000000,right_hand,4,0.4841747284,0.7168791890,-0.0260334890,1.0000000000
132,8.8000000000,right_hand,4,0.4831229448,0.7178089619,-0.0263218228,1.0000000000
133,8.8670000000,right_hand,4,0.4798546433,0.7189356089,-0.0233338978,1.0000000000
134,8.9330000000,right_hand,4,0.4770786762,0.7170171738,-0.0239582751,1.0000000000
135,9.0000000000,right_hand,4,0.4729209840,0.7189632654,-0.0271123368,1.0000000000
136,9.0670000000,right_hand,4,0.4699397385,0.7114102840,-0.0265052523,1.0000000000
137,9.1330000000,right_hand,4,0.4545785487,0.7258894444,-0.0246212557,1.0000000000
138,9.2000000000,right_hand,4,0.4783570170,0.7175416946,-0.0288116261,1.0000000000
139,9.2670000000,right_hand,4,0.4768552482,0.7162697315,-0.0225140862,1.0000000000
140,9.3330000000,right_hand,4,0.4775962830,0.7161533237,-0.0255034976,1.0000000000
141,9.4000000000,right_hand,4,0.4845788479,0.7177106142,-0.0277612880,1.0000000000
142,9.4670000000,right_hand,4,0.4704857171,0.7178116441,-0.0266816951,1.0000000000
143,9.5330000000,right_hand,4,0.4833904207,0.7158616185,-0.0276716929,1.0000000000
144,9.6000000000,right_hand,4,0.4694865644,0.7176522017,-0.0290078055,1.0000000000
145,9.6670000000,right_hand,4,0.4790851474,0.7178971171,-0.0276837759,1.0000000000
146,9.7330000000,right_hand,4,0.4859568775,0.7185900807,-0.0270284861,1.0000000000
147,9.8000000000,right_hand,4,0.4817183018,0.7208857536,-0.0244935304,1.0000000000
148,9.8670000000,right_hand,4,0.4723133743,0.7137411237,-0.0244469568,1.0000000000
149,9.9330000000,right_hand,4,0.4733138978,0.7167032957,-0.0215962380,1.0000000000
150,10.0000000000,right_hand,4,0.4740082026,0.7140869498,-0.0240023788,1.0000000000
151,10.0670000000,right_hand,4,0.4545513690,0.7125930786,-0.0222315956,1.0000000000
152,10.1330000000,right_hand,4,0.4463942945,0.7179144025,-0.0286691915,1.0000000000
153,10.2000000000,right_hand,4,0.4573126733,0.7086479664,-0.0264096037,1.0000000000
154,10.2670000000,right_hand,4,0.4767605960,0.7171073556,-0.0258648880,1.0000000000
155,10.3330000000,right_hand,4,0.4566047192,0.7256860733,-0.0269737933,1.0000000000
156,10.4000000000,right_hand,4,0.4705721140,0.7157402039,-0.0244975220,1.0000000000
157,10.4670000000,right_hand,4,0.4693371654,0.7170177102,-0.0255179591,1.0000000000
158,10.5330000000,right_hand,4,0.4593428373,0.7164945006,-0.0284805708,1.0000000000
159,10.6000000000,right_hand,4,0.4452510774,0.7271771431,-0.0259857476,1.0000000000
160,10.6670000000,right_hand,4,0.4408888221,0.7396385670,-0.0312741175,1.0000000000
161,10.7330000000,right_hand,4,0.4466859400,0.7315056324,-0.0299881268,1.0000000000
162,10.8000000000,right_hand,4,0.4370650053,0.7325445414,-0.0322686881,1.0000000000
163,10.8670000000,right_hand,4,0.4466304779,0.7375587225,-0.0277293362,1.0000000000
164,10.9330000000,right_hand,4,0.4507797360,0.7299238443,-0.0298580900,1.0000000000
165,11.0000000000,right_hand,4,0.4537786543,0.7237165570,-0.0294220038,1.0000000000
166,11.0670000000,right_hand,4,0.4473987222,0.7332550883,-0.0270836633,1.0000000000
167,11.1330000000,right_hand,4,0.4655162692,0.7189946175,-0.0262924209,1.0000000000
168,11.2000000000,right_hand,4,0.4661848247,0.7222241759,-0.0264858976,1.0000000000
169,11.2670000000,right_hand,4,0.4558066130,0.7226734757,-0.0285160951,1.0000000000
170,11.3330000000,right_hand,4,0.4565668404,0.7163594961,-0.0298690274,1.0000000000
171,11.4000000000,right_hand,4,0.4479065835,0.7173684835,-0.0267198794,1.0000000000
172,11.4670000000,right_hand,4,0.4400977790,0.7426178455,-0.0304497946,1.0000000000
173,11.5330000000,right_hand,4,0.4418526292,0.7391131520,-0.0354111232,1.0000000000
174,11.6000000000,right_hand,4,0.4476350546,0.7301448584,-0.0308654401,1.0000000000
175,11.6670000000,right_hand,4,0.4424728453,0.7348321676,-0.0299492013,1.0000000000
176,11.7330000000,right_hand,4,0.4491858780,0.7226920724,-0.0295239557,1.0000000000
177,11.8000000000,right_hand,4,0.4509341717,0.7372299433,-0.0277630109,1.0000000000
178,11.8670000000,right_hand,4,0.4598766863,0.7169401646,-0.0275573190,1.0000000000
179,11.9330000000,right_hand,4,0.4630283415,0.7171424031,-0.0274707302,1.0000000000
180,12.0000000000,right_hand,4,0.4540112317,0.7326421738,-0.0342786647,1.0000000000
75,5.0000000000,right_hand,5,0.4217226803,0.6831209660,-0.0299805887,1.0000000000
76,5.0670000000,right_hand,5,0.4222950339,0.6857624650,-0.0271635689,1.0000000000
77,5.1330000000,right_hand,5,0.4203691185,0.6886936426,-0.0264866054,1.0000000000
78,5.2000000000,right_hand,5,0.4206661582,0.6851376891,-0.0290312916,1.0000000000
79,5.2670000000,right_hand,5,0.4220133424,0.6855474710,-0.0311732925,1.0000000000
80,5.3330000000,right_hand,5,0.4215576053,0.6850283146,-0.0284594204,1.0000000000
81,5.4000000000,right_hand,5,0.4205997586,0.6858204603,-0.0314470306,1.0000000000
82,5.4670000000,right_hand,5,0.4200953841,0.6860919595,-0.0306838248,1.0000000000
83,5.5330000000,right_hand,5,0.4208414257,0.6854417324,-0.0290434919,1.0000000000
84,5.6000000000,right_hand,5,0.4207170010,0.6865140200,-0.0300194789,1.0000000000
85,5.6670000000,right_hand,5,0.4203210771,0.6859315038,-0.0306310952,1.0000000000
86,5.7330000000,right_hand,5,0.4208762348,0.6822249889,-0.0326995701,1.0000000000
87,5.8000000000,right_hand,5,0.4211707115,0.6750685573,-0.0325791128,1.0000000000
88,5.8670000000,right_hand,5,0.4184136391,0.6735278368,-0.0359870307,1.0000000000
89,5.9330000000,right_hand,5,0.4232411087,0.6712576151,-0.0348139070,1.0000000000
90,6.0000000000,right_hand,5,0.4258942008,0.6719995737,-0.0377557911,1.0000000000
91,6.0670000000,right_hand,5,0.4267097116,0.6703227162,-0.0346202068,1.0000000000
92,6.1330000000,right_hand,5,0.4272748828,0.6734800339,-0.0335026383,1.0000000000
93,6.2000000000,right_hand,5,0.4255203605,0.6749799848,-0.0321348608,1.0000000000
94,6.2670000000,right_hand,5,0.4268897176,0.6732648611,-0.0341581441,1.0000000000
95,6.3330000000,right_hand,5,0.4264020622,0.6751242280,-0.0341186672,1.0000000000
96,6.4000000000,right_hand,5,0.4276082218,0.6734171510,-0.0326724760,1.0000000000
97,6.4670000000,right_hand,5,0.4285283983,0.6728235483,-0.0310771037,1.0000000000
98,6.5330000000,right_hand,5,0.4270607531,0.6743870974,-0.0289578252,1.0000000000
99,6.6000000000,right_hand,5,0.4260195792,0.6765145659,-0.0328518860,1.0000000000
100,6.6670000000,right_hand,5,0.4254984260,0.6730341911,-0.0325632207,1.0000000000
101,6.7330000000,right_hand,5,0.4262325168,0.6730771661,-0.0314051770,1.0000000000
102,6.8000000000,right_hand,5,0.4247420132,0.6737898588,-0.0310416259,1.0000000000
103,6.8670000000,right_hand,5,0.4244740605,0.6761199236,-0.0327664018,1.0000000000
104,6.9330000000,right_hand,5,0.4245496988,0.6756810546,-0.0355351418,1.0000000000
105,7.0000000000,right_hand,5,0.4245648086,0.6747233272,-0.0328972600,1.0000000000
106,7.0670000000,right_hand,5,0.4246936738,0.6719122529,-0.0306478348,1.0000000000
107,7.1330000000,right_hand,5,0.4227320850,0.6767985821,-0.0326985493,1.0000000000
108,7.2000000000,right_hand,5,0.4236217439,0.6743213534,-0.0378147177,1.0000000000
109,7.2670000000,right_hand,5,0.4243639112,0.6762414575,-0.0326509066,1.0000000000
110,7.3330000000,right_hand,5,0.4249236584,0.6753070354,-0.0383539870,1.0000000000
111,7.4000000000,right_hand,5,0.4234189689,0.6794986129,-0.0292887371,1.0000000000
112,7.4670000000,right_hand,5,0.4222216010,0.6742157340,-0.0334329754,1.0000000000
113,7.5330000000,right_hand,5,0.4213315248,0.6730894446,-0.0332830474,1.0000000000
114,7.6000000000,right_hand,5,0.4219795763,0.6770354509,-0.0341577604,1.0000000000
115,7.6670000000,right_hand,5,0.4227313101,0.6751965880,-0.0365328602,1.0000000000
116,7.7330000000,right_hand,5,0.4233767688,0.6758029461,-0.0327595063,1.0000000000
117,7.8000000000,right_hand,5,0.4241947830,0.6778357029,-0.0325284600,1.0000000000
118,7.8670000000,right_hand,5,0.4234977961,0.6790243983,-0.0332501382,1.0000000000
119,7.9330000000,right_hand,5,0.4238835573,0.6740283966,-0.0373982489,1.0000000000
120,8.0000000000,right_hand,5,0.4242220223,0.6742758751,-0.0311938412,1.0000000000
121,8.0670000000,right_hand,5,0.4251719415,0.6742982268,-0.0354934037,1.0000000000
122,8.1330000000,right_hand,5,0.4252559841,0.6742501855,-0.0334028788,1.0000000000
123,8.2000000000,right_hand,5,0.4260160923,0.6764076352,-0.0318023898,1.0000000000
124,8.2670000000,right_hand,5,0.4238250852,0.6741594672,-0.0355206542,1.0000000000
125,8.3330000000,right_hand,5,0.4248752892,0.6749709845,-0.0351207219,1.0000000000
126,8.4000000000,right_hand,5,0.4255481660,0.6720936894,-0.0343226492,1.0000000000
127,8.4670000000,right_hand,5,0.4266423583,0.6763743162,-0.0311805606,1.0000000000
128,8.5330000000,right_hand,5,0.4255493283,0.6774638295,-0.0330632068,1.0000000000
129,8.6000000000,right_hand,5,0.4244230092,0.6781542897,-0.0359717868,1.0000000000
130,8.6670000000,right_hand,5,0.4259155989,0.6754034162,-0.0349151678,1.0000000000
131,8.7330000000,right_hand,5,0.4248875380,0.6792212129,-0.0305838529,1.0000000000
132,8.8000000000,right_hand,5,0.4244185686,0.6756951809,-0.0336029753,1.0000000000
133,8.8670000000,right_hand,5,0.4251766205,0.6770421863,-0.0298917424,1.0000000000
134,8.9330000000,right_hand,5,0.4247692525,0.6763619184,-0.0312014464,1.0000000000
135,9.0000000000,right_hand,5,0.4239418507,0.6797453165,-0.0346224494,1.0000000000
136,9.0670000000,right_hand,5,0.4247225225,0.6783694625,-0.0348385945,1.0000000000
137,9.1330000000,right_hand,5,0.4250861406,0.6803379059,-0.0317204483,1.0000000000
138,9.2000000000,right_hand,5,0.4253227711,0.6788952351,-0.0378537849,1.0000000000
139,9.2670000000,right_hand,5,0.4263060093,0.6780807376,-0.0318291932,1.0000000000
140,9.3330000000,right_hand,5,0.4266799986,0.6789973378,-0.0345411748,1.0000000000
141,9.4000000000,right_hand,5,0.4269263744,0.6782274246,-0.0358833894,1.0000000000
142,9.4670000000,right_hand,5,0.4262561202,0.6833541393,-0.0336154439,1.0000000000
143,9.5330000000,right_hand,5,0.4257770777,0.6815444827,-0.0351234674,1.0000000000
144,9.6000000000,right_hand,5,0.4268865287,0.6792338490,-0.0371908098,1.0000000000
145,9.6670000000,right_hand,5,0.4279516041,0.6827160716,-0.0363495052,1.0000000000
146,9.7330000000,right_hand,5,0.4274892509,0.6790876389,-0.0362071916,1.0000000000
147,9.8000000000,right_hand,5,0.4273245633,0.6792429686,-0.0323145278,1.0000000000
148,9.8670000000,right_hand,5,0.4241288006,0.6807437539,-0.0318943523,1.0000000000
149,9.9330000000,right_hand,5,0.4234324992,0.6821013093,-0.0291296318,1.0000000000
150,10.0000000000,right_hand,5,0.4225389659,0.6802337170,-0.0320274979,1.0000000000
151,10.0670000000,right_hand,5,0.4206480086,0.6785581112,-0.0270768665,1.0000000000
152,10.1330000000,right_hand,5,0.4185349345,0.6786312461,-0.0344140567,1.0000000000
153,10.2000000000,right_hand,5,0.4184373319,0.6787401438,-0.0317949727,1.0000000000
154,10.2670000000,right_hand,5,0.4206925035,0.6784039140,-0.0328390151,1.0000000000
155,10.3330000000,right_hand,5,0.4191099107,0.6776103377,-0.0305975862,1.0000000000
156,10.4000000000,right_hand,5,0.4180970192,0.6790400743,-0.0324215405,1.0000000000
157,10.4670000000,right_hand,5,0.4207397401,0.6774013638,-0.0307715349,1.0000000000
158,10.5330000000,right_hand,5,0.4191345572,0.6785083413,-0.0319074132,1.0000000000
159,10.6000000000,right_hand,5,0.4180807471,0.6811828613,-0.0291962046,1.0000000000
160,10.6670000000,right_hand,5,0.4160594642,0.6809860468,-0.0323698111,1.0000000000
161,10.7330000000,right_hand,5,0.4182458222,0.6810625196,-0.0340157114,1.0000000000
162,10.8000000000,right_hand,5,0.4161394238,0.6792496443,-0.0345426351,1.0000000000
163,10.8670000000,right_hand,5,0.4195165634,0.6769897342,-0.0330733433,1.0000000000
164,10.9330000000,right_hand,5,0.4197947383,0.6809669733,-0.0334786102,1.0000000000
165,11.0000000000,right_hand,5,0.4210036099,0.6831920147,-0.0342608280,1.0000000000
166,11.0670000000,right_hand,5,0.4206469059,0.6816457510,-0.0314664319,1.0000000000
167,11.1330000000,right_hand,5,0.4211752117,0.6827229857,-0.0321520343,1.0000000000
168,11.2000000000,right_hand,5,0.4203935564,0.6834876537,-0.0340694264,1.0000000000
169,11.2670000000,right_hand,5,0.4188818336,0.6836467981,-0.0329539552,1.0000000000
170,11.3330000000,right_hand,5,0.4176250994,0.6811898947,-0.0351528339,1.0000000000
171,11.4000000000,right_hand,5,0.4174436927,0.6812878847,-0.0322451182,1.0000000000
172,11.4670000000,right_hand,5,0.4159329832,0.6813244820,-0.0344675481,1.0000000000
173,11.5330000000,right_hand,5,0.4181105793,0.6813536286,-0.0366252623,1.0000000000
174,11.6000000000,right_hand,5,0.4192178249,0.6828989983,-0.0359177887,1.0000000000
175,11.6670000000,right_hand,5,0.4193090498,0.6869025230,-0.0333820730,1.0000000000
176,11.7330000000,right_hand,5,0.4201966524,0.6798251271,-0.0343248285,1.0000000000
177,11.8000000000,right_hand,5,0.4212005436,0.6848118305,-0.0312136132,1.0000000000
178,11.8670000000,right_hand,5,0.4216099977,0.6822987795,-0.0327564292,1.0000000000
179,11.9330000000,right_hand,5,0.4213217199,0.6772742867,-0.0328207463,1.0000000000
180,12.0000000000,right_hand,5,0.4215638041,0.6818207502,-0.0387897491,1.0000000000
75,5.0000000000,right_hand,6,0.4464732707,0.7413483262,-0.0435496755,1.0000000000
76,5.0670000000,right_hand,6,0.4469441175,0.7427415848,-0.0404266529,1.0000000000
77,5.1330000000,right_hand,6,0.4465803802,0.7433797121,-0.0407620743,1.0000000000
78,5.2000000000,right_hand,6,0.4467581809,0.7420142293,-0.0433966517,1.0000000000
79,5.2670000000,right_hand,6,0.4469677508,0.7421863675,-0.0462291613,1.0000000000
80,5.3330000000,right_hand,6,0.4458661973,0.7413923740,-0.0428978689,1.0000000000
81,5.4000000000,right_hand,6,0.4460589588,0.7429146767,-0.0469904132,1.0000000000
82,5.4670000000,right_hand,6,0.4455942512,0.7403966784,-0.0454054251,1.0000000000
83,5.5330000000,right_hand,6,0.4463890791,0.7404869199,-0.0433489941,1.0000000000
84,5.6000000000,right_hand,6,0.4458904862,0.7402836084,-0.0453629270,1.0000000000
85,5.6670000000,right_hand,6,0.4442208707,0.7396604419,-0.0457096770,1.0000000000
86,5.7330000000,right_hand,6,0.4448872507,0.7386018634,-0.0485256314,1.0000000000
87,5.8000000000,right_hand,6,0.4433145225,0.7336969972,-0.0480645299,1.0000000000
88,5.8670000000,right_hand,6,0.4441424608,0.7355536222,-0.0515898950,1.0000000000
89,5.9330000000,right_hand,6,0.4469973445,0.7321196795,-0.0500520021,1.0000000000
90,6.0000000000,right_hand,6,0.4490658939,0.7329246402,-0.0538675934,1.0000000000
91,6.0670000000,right_hand,6,0.4494594634,0.7326598167,-0.0492419079,1.0000000000
92,6.1330000000,right_hand,6,0.4524394274,0.7343774438,-0.0475372113,1.0000000000
93,6.2000000000,right_hand,6,0.4501751959,0.7347247005,-0.0460005440,1.0000000000
94,6.2670000000,right_hand,6,0.4516034424,0.7337889671,-0.0485688373,1.0000000000
95,6.3330000000,right_hand,6,0.4496949017,0.7343617082,-0.0493710116,1.0000000000
96,6.4000000000,right_hand,6,0.4520365000,0.7354537249,-0.0480637141,1.0000000000
97,6.4670000000,right_hand,6,0.4526268840,0.7355988026,-0.0449425466,1.0000000000
98,6.5330000000,right_hand,6,0.4535432458,0.7320273519,-0.0426258370,1.0000000000
99,6.6000000000,right_hand,6,0.4520588815,0.7346446514,-0.0466522090,1.0000000000
100,6.6670000000,right_hand,6,0.4518996179,0.7336088419,-0.0454900749,1.0000000000
101,6.7330000000,right_hand,6,0.4507993758,0.7341871858,-0.0442599170,1.0000000000
102,6.8000000000,right_hand,6,0.4506942630,0.7338935733,-0.0441646837,1.0000000000
103,6.8670000000,right_hand,6,0.4480527043,0.7357239127,-0.0465703979,1.0000000000
104,6.9330000000,right_hand,6,0.4494112730,0.7360951900,-0.0500418283,1.0000000000
105,7.0000000000,right_hand,6,0.4497914910,0.7339763641,-0.0471180119,1.0000000000
106,7.0670000000,right_hand,6,0.4493220448,0.7348665595,-0.0441217721,1.0000000000
107,7.1330000000,right_hand,6,0.4481198788,0.7357235551,-0.0460765138,1.0000000000
108,7.2000000000,right_hand,6,0.4482936859,0.7354300022,-0.0533312634,1.0000000000
109,7.2670000000,right_hand,6,0.4491906464,0.7357897162,-0.0467948876,1.0000000000
110,7.3330000000,right_hand,6,0.4496577382,0.7345587015,-0.0539059639,1.0000000000
111,7.4000000000,right_hand,6,0.4498723745,0.7372900248,-0.0433718227,1.0000000000
112,7.4670000000,right_hand,6,0.4465470016,0.7364541292,-0.0474514589,1.0000000000
113,7.5330000000,right_hand,6,0.4475944340,0.7342817187,-0.0468861014,1.0000000000
114,7.6000000000,right_hand,6,0.4480485022,0.7368832231,-0.0483734198,1.0000000000
115,7.6670000000,right_hand,6,0.4468443394,0.7342399359,-0.0511491522,1.0000000000
116,7.7330000000,right_hand,6,0.4484376311,0.7370382547,-0.0472238064,1.0000000000
117,7.8000000000,right_hand,6,0.4484875202,0.7363887429,-0.0473124497,1.0000000000
118,7.8670000000,right_hand,6,0.4470613599,0.7376702428,-0.0479329117,1.0000000000
119,7.9330000000,right_hand,6,0.4480747581,0.7344028950,-0.0525641404,1.0000000000
120,8.0000000000,right_hand,6,0.4486120641,0.7352356315,-0.0441468470,1.0000000000
121,8.0670000000,right_hand,6,0.4477814436,0.7347946167,-0.0500487722,1.0000000000
122,8.1330000000,right_hand,6,0.4494390190,0.7356448174,-0.0478983037,1.0000000000
123,8.2000000000,right_hand,6,0.4503410161,0.7376150489,-0.0451596528,1.0000000000
124,8.2670000000,right_hand,6,0.4496936202,0.7335640192,-0.0494756587,1.0000000000
125,8.3330000000,right_hand,6,0.4486331940,0.7360634804,-0.0494639017,1.0000000000
126,8.4000000000,right_hand,6,0.4498504400,0.7342051268,-0.0491243079,1.0000000000
127,8.4670000000,right_hand,6,0.4512994885,0.7355270982,-0.0454056226,1.0000000000
128,8.5330000000,right_hand,6,0.4495499432,0.7345799208,-0.0478725322,1.0000000000
129,8.6000000000,right_hand,6,0.4496316016,0.7369140983,-0.0506214499,1.0000000000
130,8.6670000000,right_hand,6,0.4491756558,0.7345981598,-0.0497615673,1.0000000000
131,8.7330000000,right_hand,6,0.4497374594,0.7393876314,-0.0442263968,1.0000000000
132,8.8000000000,right_hand,6,0.4495393932,0.7356688976,-0.0468521193,1.0000000000
133,8.8670000000,right_hand,6,0.4498454332,0.7367916703,-0.0434075780,1.0000000000
134,8.9330000000,right_hand,6,0.4497069716,0.7358732224,-0.0447293110,1.0000000000
135,9.0000000000,right_hand,6,0.4490485787,0.7380935550,-0.0495605022,1.0000000000
136,9.0670000000,right_hand,6,0.4500445426,0.7366573215,-0.0498205200,1.0000000000
137,9.1330000000,right_hand,6,0.4504067898,0.7372626066,-0.0468499362,1.0000000000
138,9.2000000000,right_hand,6,0.4515698254,0.7398957610,-0.0528570488,1.0000000000
139,9.2670000000,right_hand,6,0.4510558546,0.7372982502,-0.0450427122,1.0000000000
140,9.3330000000,right_hand,6,0.4520021081,0.7365239263,-0.0496550314,1.0000000000
141,9.4000000000,right_hand,6,0.4516718090,0.7380927205,-0.0510792583,1.0000000000
142,9.4670000000,right_hand,6,0.4527444839,0.7395386100,-0.0488171950,1.0000000000
143,9.5330000000,right_hand,6,0.4523843527,0.7406570911,-0.0503478348,1.0000000000
144,9.6000000000,right_hand,6,0.4520959556,0.7378436327,-0.0541115329,1.0000000000
145,9.6670000000,right_hand,6,0.4542523026,0.7406649590,-0.0519098565,1.0000000000
146,9.7330000000,right_hand,6,0.4533027112,0.7382507920,-0.0505510606,1.0000000000
147,9.8000000000,right_hand,6,0.4517593980,0.7385194898,-0.0457586534,1.0000000000
148,9.8670000000,right_hand,6,0.4486271441,0.7355965376,-0.0466880798,1.0000000000
149,9.9330000000,right_hand,6,0.4474978149,0.7394260764,-0.0416524410,1.0000000000
150,10.0000000000,right_hand,6,0.4470919073,0.7391577959,-0.0451306291,1.0000000000
151,10.0670000000,right_hand,6,0.4454007149,0.7343683839,-0.0404589251,1.0000000000
152,10.1330000000,right_hand,6,0.4439587593,0.7367548347,-0.0487260334,1.0000000000
153,10.2000000000,right_hand,6,0.4435731471,0.7368909717,-0.0460411087,1.0000000000
154,10.2670000000,right_hand,6,0.4427410662,0.7384061813,-0.0469956137,1.0000000000
155,10.3330000000,right_hand,6,0.4435926080,0.7352841496,-0.0449704826,1.0000000000
156,10.4000000000,right_hand,6,0.4420738816,0.7378124595,-0.0467322245,1.0000000000
157,10.4670000000,right_hand,6,0.4444955885,0.7375113368,-0.0442800969,1.0000000000
158,10.5330000000,right_hand,6,0.4425429106,0.7407141924,-0.0462271310,1.0000000000
159,10.6000000000,right_hand,6,0.4414741993,0.7384359837,-0.0430282205,1.0000000000
160,10.6670000000,right_hand,6,0.4420792758,0.7378559709,-0.0471112356,1.0000000000
161,10.7330000000,right_hand,6,0.4428088069,0.7395753860,-0.0489655137,1.0000000000
162,10.8000000000,right_hand,6,0.4420659840,0.7363461256,-0.0498713069,1.0000000000
163,10.8670000000,right_hand,6,0.4432927072,0.7366607189,-0.0483199470,1.0000000000
164,10.9330000000,right_hand,6,0.4442909062,0.7404980659,-0.0483705513,1.0000000000
165,11.0000000000,right_hand,6,0.4452745020,0.7397086024,-0.0497872196,1.0000000000
166,11.0670000000,right_hand,6,0.4453193247,0.7411146760,-0.0462100841,1.0000000000
167,11.1330000000,right_hand,6,0.4460279047,0.7407506108,-0.0464845560,1.0000000000
168,11.2000000000,right_hand,6,0.4431784749,0.7412315011,-0.0491708815,1.0000000000
169,11.2670000000,right_hand,6,0.4426879585,0.7417900562,-0.0485028401,1.0000000000
170,11.3330000000,right_hand,6,0.4415743947,0.7411676049,-0.0497134365,1.0000000000
171,11.4000000000,right_hand,6,0.4404633939,0.7379762530,-0.0469425879,1.0000000000
172,11.4670000000,right_hand,6,0.4396062493,0.7381562591,-0.0504553169,1.0000000000
173,11.5330000000,right_hand,6,0.4406763911,0.7416393161,-0.0536782965,1.0000000000
174,11.6000000000,right_hand,6,0.4424695671,0.7405732870,-0.0520277433,1.0000000000
175,11.6670000000,right_hand,6,0.4441132545,0.7415269017,-0.0488060787,1.0000000000
176,11.7330000000,right_hand,6,0.4446187615,0.7353796959,-0.0506528765,1.0000000000
177,11.8000000000,right_hand,6,0.4457350373,0.7391252518,-0.0459159426,1.0000000000
178,11.8670000000,right_hand,6,0.4455494583,0.7384579778,-0.0483259000,1.0000000000
179,11.9330000000,right_hand,6,0.4462622702,0.7355660796,-0.0473505370,1.0000000000
180,12.0000000000,right_hand,6,0.4466194510,0.7350078821,-0.0561746098,1.0000000000
75,5.0000000000,right_hand,7,0.4578371048,0.7764892578,-0.0492020026,1.0000000000
76,5.0670000000,right_hand,7,0.4583114982,0.7795281410,-0.0467172377,1.0000000000
77,5.1330000000,right_hand,7,0.4581445754,0.7794210315,-0.0481593646,1.0000000000
78,5.2000000000,right_hand,7,0.4582208991,0.7790660858,-0.0504991859,1.0000000000
79,5.2670000000,right_hand,7,0.4582060874,0.7793006897,-0.0533174463,1.0000000000
80,5.3330000000,right_hand,7,0.4575281143,0.7788478136,-0.0497710891,1.0000000000
81,5.4000000000,right_hand,7,0.4580221474,0.7799598575,-0.0544865094,1.0000000000
82,5.4670000000,right_hand,7,0.4575207829,0.7766941190,-0.0523239933,1.0000000000
83,5.5330000000,right_hand,7,0.4577412009,0.7767043114,-0.0504168868,1.0000000000
84,5.6000000000,right_hand,7,0.4571078420,0.7774869204,-0.0536173992,1.0000000000
85,5.6670000000,right_hand,7,0.4555877149,0.7760210037,-0.0533805452,1.0000000000
86,5.7330000000,right_hand,7,0.4561323524,0.7766889930,-0.0569886006,1.0000000000
87,5.8000000000,right_hand,7,0.4543451071,0.7709800601,-0.0557671636,1.0000000000
88,5.8670000000,right_hand,7,0.4572226107,0.7742356062,-0.0597342215,1.0000000000
89,5.9330000000,right_hand,7,0.4588255286,0.7705672979,-0.0572817810,1.0000000000
90,6.0000000000,right_hand,7,0.4609649181,0.7726088166,-0.0613572821,1.0000000000
91,6.0670000000,right_hand,7,0.4605654180,0.7707542777,-0.0554295294,1.0000000000
92,6.1330000000,right_hand,7,0.4631260335,0.7730767131,-0.0533781908,1.0000000000
93,6.2000000000,right_hand,7,0.4618571997,0.7726325393,-0.0519057624,1.0000000000
94,6.2670000000,right_hand,7,0.4631670713,0.7721738815,-0.0544504300,1.0000000000
95,6.3330000000,right_hand,7,0.4617431760,0.7725437880,-0.0563075356,1.0000000000
96,6.4000000000,right_hand,7,0.4637154043,0.7737710476,-0.0551184826,1.0000000000
97,6.4670000000,right_hand,7,0.4643841088,0.7734785080,-0.0510130264,1.0000000000
98,6.5330000000,right_hand,7,0.4654613137,0.7703045607,-0.0485081747,1.0000000000
99,6.6000000000,right_hand,7,0.4639176726,0.7717288136,-0.0519932210,1.0000000000
100,6.6670000000,right_hand,7,0.4641632736,0.7702783346,-0.0494800806,1.0000000000
101,6.7330000000,right_hand,7,0.4628987014,0.7707815170,-0.0490528122,1.0000000000
102,6.8000000000,right_hand,7,0.4622308016,0.7709996104,-0.0490587503,1.0000000000
103,6.8670000000,right_hand,7,0.4591184855,0.7724498510,-0.0521817021,1.0000000000
104,6.9330000000,right_hand,7,0.4616788030,0.7741603851,-0.0558383502,1.0000000000
105,7.0000000000,right_hand,7,0.4613014162,0.7715831995,-0.0529235005,1.0000000000
106,7.0670000000,right_hand,7,0.4606846869,0.7737068534,-0.0501551814,1.0000000000
107,7.1330000000,right_hand,7,0.4595125020,0.7744176984,-0.0514343679,1.0000000000
108,7.2000000000,right_hand,7,0.4605954587,0.7740844488,-0.0600124113,1.0000000000
109,7.2670000000,right_hand,7,0.4605226219,0.7736086249,-0.0528139472,1.0000000000
110,7.3330000000,right_hand,7,0.4615391791,0.7724883556,-0.0602679178,1.0000000000
111,7.4000000000,right_hand,7,0.4619040191,0.7749466896,-0.0501394980,1.0000000000
112,7.4670000000,right_hand,7,0.4583366513,0.7739551067,-0.0534828119,1.0000000000
113,7.5330000000,right_hand,7,0.4603861272,0.7712551951,-0.0520746112,1.0000000000
114,7.6000000000,right_hand,7,0.4592787325,0.7743688226,-0.0540172532,1.0000000000
115,7.6670000000,right_hand,7,0.4589894712,0.7724204063,-0.0567188077,1.0000000000
116,7.7330000000,right_hand,7,0.4604500234,0.7740243673,-0.0535747185,1.0000000000
117,7.8000000000,right_hand,7,0.4598203897,0.7740935683,-0.0543525070,1.0000000000
118,7.8670000000,right_hand,7,0.4594783485,0.7752168775,-0.0545646250,1.0000000000
119,7.9330000000,right_hand,7,0.4600673020,0.7720874548,-0.0584064312,1.0000000000
120,8.0000000000,right_hand,7,0.4605223536,0.7722794414,-0.0495559797,1.0000000000
121,8.0670000000,right_hand,7,0.4603208303,0.7727277875,-0.0560133792,1.0000000000
122,8.1330000000,right_hand,7,0.4613293111,0.7730641365,-0.0540655442,1.0000000000
123,8.2000000000,right_hand,7,0.4618017375,0.7750862241,-0.0505754128,1.0000000000
124,8.2670000000,right_hand,7,0.4617960751,0.7706664205,-0.0545891859,1.0000000000
125,8.3330000000,right_hand,7,0.4613289535,0.7729433179,-0.0555598997,1.0000000000
126,8.4000000000,right_hand,7,0.4634105265,0.7718417048,-0.0551172197,1.0000000000
127,8.4670000000,right_hand,7,0.4631346464,0.7737336159,-0.0518483594,1.0000000000
128,8.5330000000,right_hand,7,0.4607240558,0.7711125612,-0.0548108704,1.0000000000
129,8.6000000000,right_hand,7,0.4621222615,0.7743318677,-0.0564654879,1.0000000000
130,8.6670000000,right_hand,7,0.4612478018,0.7712436318,-0.0562466197,1.0000000000
131,8.7330000000,right_hand,7,0.4619041085,0.7750233412,-0.0501368865,1.0000000000
132,8.8000000000,right_hand,7,0.4620186090,0.7722574472,-0.0513987541,1.0000000000
133,8.8670000000,right_hand,7,0.4618329108,0.7736585736,-0.0490162745,1.0000000000
134,8.9330000000,right_hand,7,0.4617639482,0.7721669078,-0.0504291095,1.0000000000
135,9.0000000000,right_hand,7,0.4609877169,0.7736538649,-0.0562451966,1.0000000000
136,9.0670000000,right_hand,7,0.4619441330,0.7743149996,-0.0567686521,1.0000000000
137,9.1330000000,right_hand,7,0.4623209834,0.7750850916,-0.0545108020,1.0000000000
138,9.2000000000,right_hand,7,0.4629765749,0.7787371874,-0.0587798953,1.0000000000
139,9.2670000000,right_hand,7,0.4621676803,0.7740638256,-0.0500901490,1.0000000000
140,9.3330000000,right_hand,7,0.4641430080,0.7751116753,-0.0563022308,1.0000000000
141,9.4000000000,right_hand,7,0.4636356235,0.7757095695,-0.0571075976,1.0000000000
142,9.4670000000,right_hand,7,0.4647631049,0.7766162157,-0.0557235368,1.0000000000
143,9.5330000000,right_hand,7,0.4651491344,0.7784415483,-0.0568373017,1.0000000000
144,9.6000000000,right_hand,7,0.4639458358,0.7757439017,-0.0621405393,1.0000000000
145,9.6670000000,right_hand,7,0.4666206837,0.7791236043,-0.0583585501,1.0000000000
146,9.7330000000,right_hand,7,0.4654762745,0.7767316103,-0.0557017364,1.0000000000
147,9.8000000000,right_hand,7,0.4641124904,0.7752487659,-0.0509476997,1.0000000000
148,9.8670000000,right_hand,7,0.4606908858,0.7713570595,-0.0536825657,1.0000000000
149,9.9330000000,right_hand,7,0.4600101709,0.7750891447,-0.0468819886,1.0000000000
150,10.0000000000,right_hand,7,0.4592511356,0.7754434347,-0.0501546077,1.0000000000
151,10.0670000000,right_hand,7,0.4568840861,0.7689347267,-0.0470744111,1.0000000000
152,10.1330000000,right_hand,7,0.4565884471,0.7728574276,-0.0553808808,1.0000000000
153,10.2000000000,right_hand,7,0.4559024274,0.7719788551,-0.0527065881,1.0000000000
154,10.2670000000,right_hand,7,0.4549545646,0.7761681676,-0.0532709584,1.0000000000
155,10.3330000000,right_hand,7,0.4552350044,0.7716137767,-0.0519300513,1.0000000000
156,10.4000000000,right_hand,7,0.4536934495,0.7749090195,-0.0531455241,1.0000000000
157,10.4670000000,right_hand,7,0.4554214180,0.7756428719,-0.0504701361,1.0000000000
158,10.5330000000,right_hand,7,0.4542368054,0.7787773609,-0.0534033440,1.0000000000
159,10.6000000000,right_hand,7,0.4530782402,0.7760382891,-0.0506712347,1.0000000000
160,10.6670000000,right_hand,7,0.4552716911,0.7746728659,-0.0549772717,1.0000000000
161,10.7330000000,right_hand,7,0.4551275074,0.7761313915,-0.0561933778,1.0000000000
162,10.8000000000,right_hand,7,0.4559309781,0.7724761367,-0.0580406450,1.0000000000
163,10.8670000000,right_hand,7,0.4560968876,0.7747134566,-0.0565058701,1.0000000000
164,10.9330000000,right_hand,7,0.4568618834,0.7777269483,-0.0559381545,1.0000000000
165,11.0000000000,right_hand,7,0.4568993151,0.7780755758,-0.0579542071,1.0000000000
166,11.0670000000,right_hand,7,0.4569312632,0.7796728611,-0.0538463704,1.0000000000
167,11.1330000000,right_hand,7,0.4575289488,0.7787091136,-0.0532381684,1.0000000000
168,11.2000000000,right_hand,7,0.4545630217,0.7787936330,-0.0562448874,1.0000000000
169,11.2670000000,right_hand,7,0.4539400935,0.7792646885,-0.0564018004,1.0000000000
170,11.3330000000,right_hand,7,0.4533351660,0.7783148289,-0.0564854965,1.0000000000
171,11.4000000000,right_hand,7,0.4523108006,0.7741727233,-0.0545691065,1.0000000000
172,11.4670000000,right_hand,7,0.4520880282,0.7745230794,-0.0593057275,1.0000000000
173,11.5330000000,right_hand,7,0.4528843462,0.7792708278,-0.0629994869,1.0000000000
174,11.6000000000,right_hand,7,0.4544379413,0.7774147391,-0.0604916364,1.0000000000
175,11.6670000000,right_hand,7,0.4559666514,0.7775060534,-0.0569578409,1.0000000000
176,11.7330000000,right_hand,7,0.4575537145,0.7710085511,-0.0592311546,1.0000000000
177,11.8000000000,right_hand,7,0.4577531815,0.7761614323,-0.0535341240,1.0000000000
178,11.8670000000,right_hand,7,0.4585317075,0.7738695741,-0.0562665649,1.0000000000
179,11.9330000000,right_hand,7,0.4589021802,0.7717554569,-0.0538119562,1.0000000000
180,12.0000000000,right_hand,7,0.4594193101,0.7717459202,-0.0649160817,1.0000000000
75,5.0000000000,right_hand,8,0.4663872123,0.8035174608,-0.0523105748,1.0000000000
76,5.0670000000,right_hand,8,0.4656245410,0.8079636097,-0.0502820574,1.0000000000
77,5.1330000000,right_hand,8,0.4660352468,0.8070917726,-0.0524255037,1.0000000000
78,5.2000000000,right_hand,8,0.4665321410,0.8071985841,-0.0544669442,1.0000000000
79,5.2670000000,right_hand,8,0.4662843943,0.8081320524,-0.0573508963,1.0000000000
80,5.3330000000,right_hand,8,0.4657478034,0.8076806068,-0.0535818003,1.0000000000
81,5.4000000000,right_hand,8,0.4663273692,0.8092625141,-0.0588231348,1.0000000000
82,5.4670000000,right_hand,8,0.4664156735,0.8051438928,-0.0562165827,1.0000000000
83,5.5330000000,right_hand,8,0.4657940865,0.8041896820,-0.0544041693,1.0000000000
84,5.6000000000,right_hand,8,0.4653718472,0.8058459759,-0.0584207550,1.0000000000
85,5.6670000000,right_hand,8,0.4642336965,0.8045139313,-0.0578229539,1.0000000000
86,5.7330000000,right_hand,8,0.4646341205,0.8056495190,-0.0620421171,1.0000000000
87,5.8000000000,right_hand,8,0.4630284309,0.8002296090,-0.0603356138,1.0000000000
88,5.8670000000,right_hand,8,0.4671078622,0.8028997779,-0.0645214170,1.0000000000
89,5.9330000000,right_hand,8,0.4681232572,0.8003302217,-0.0614283644,1.0000000000
90,6.0000000000,right_hand,8,0.4699653983,0.8032330871,-0.0656462461,1.0000000000
91,6.0670000000,right_hand,8,0.4689289331,0.8000967503,-0.0589058325,1.0000000000
92,6.1330000000,right_hand,8,0.4709388614,0.8020991087,-0.0565629974,1.0000000000
93,6.2000000000,right_hand,8,0.4705785215,0.8011621833,-0.0550131053,1.0000000000
94,6.2670000000,right_hand,8,0.4720613658,0.8011126518,-0.0576002449,1.0000000000
95,6.3330000000,right_hand,8,0.4708766937,0.8016924858,-0.0601846427,1.0000000000
96,6.4000000000,right_hand,8,0.4719952643,0.8040798306,-0.0590403602,1.0000000000
97,6.4670000000,right_hand,8,0.4723629653,0.8029668927,-0.0544358119,1.0000000000
98,6.5330000000,right_hand,8,0.4739105999,0.8000912666,-0.0517326854,1.0000000000
99,6.6000000000,right_hand,8,0.4724874794,0.7999218702,-0.0548594594,1.0000000000
100,6.6670000000,right_hand,8,0.4732396007,0.7976537943,-0.0513735451,1.0000000000
101,6.7330000000,right_hand,8,0.4719051123,0.7979907393,-0.0514693260,1.0000000000
102,6.8000000000,right_hand,8,0.4709789157,0.7987599373,-0.0515405200,1.0000000000
103,6.8670000000,right_hand,8,0.4684210718,0.7998182774,-0.0552738905,1.0000000000
104,6.9330000000,right_hand,8,0.4708453715,0.8039047122,-0.0589243472,1.0000000000
105,7.0000000000,right_hand,8,0.4701872766,0.8010495305,-0.0560415760,1.0000000000
106,7.0670000000,right_hand,8,0.4689335525,0.8036282063,-0.0534420609,1.0000000000
107,7.1330000000,right_hand,8,0.4676592946,0.8030616045,-0.0541035905,1.0000000000
108,7.2000000000,right_hand,8,0.4702050388,0.8040841818,-0.0637878701,1.0000000000
109,7.2670000000,right_hand,8,0.4691248536,0.8027195930,-0.0559781604,1.0000000000
110,7.3330000000,right_hand,8,0.4707685709,0.8025103807,-0.0638533980,1.0000000000
111,7.4000000000,right_hand,8,0.4702788889,0.8038018346,-0.0539399385,1.0000000000
112,7.4670000000,right_hand,8,0.4677045941,0.8025014997,-0.0567725711,1.0000000000
113,7.5330000000,right_hand,8,0.4700377285,0.7997130156,-0.0548305176,1.0000000000
114,7.6000000000,right_hand,8,0.4676927030,0.8033226132,-0.0570510291,1.0000000000
115,7.6670000000,right_hand,8,0.4681236744,0.8017443419,-0.0596719943,1.0000000000
116,7.7330000000,right_hand,8,0.4693281054,0.8023489714,-0.0570278987,1.0000000000
117,7.8000000000,right_hand,8,0.4686130881,0.8026726842,-0.0583510995,1.0000000000
118,7.8670000000,right_hand,8,0.4687170684,0.8043797016,-0.0583374314,1.0000000000
119,7.9330000000,right_hand,8,0.4693028927,0.8014034629,-0.0616230853,1.0000000000
120,8.0000000000,right_hand,8,0.4692880511,0.8003100157,-0.0524629690,1.0000000000
121,8.0670000000,right_hand,8,0.4696570039,0.8022196889,-0.0593053587,1.0000000000
122,8.1330000000,right_hand,8,0.4700969756,0.8026570678,-0.0575514995,1.0000000000
123,8.2000000000,right_hand,8,0.4703093469,0.8039585948,-0.0535548702,1.0000000000
124,8.2670000000,right_hand,8,0.4711468220,0.7987022400,-0.0572842732,1.0000000000
125,8.3330000000,right_hand,8,0.4716220200,0.8007083535,-0.0589975119,1.0000000000
126,8.4000000000,right_hand,8,0.4736272097,0.8014581800,-0.0582999438,1.0000000000
127,8.4670000000,right_hand,8,0.4717960358,0.8032871485,-0.0553865358,1.0000000000
128,8.5330000000,right_hand,8,0.4701793194,0.7987768054,-0.0587964617,1.0000000000
129,8.6000000000,right_hand,8,0.4716081917,0.8030680418,-0.0596619099,1.0000000000
130,8.6670000000,right_hand,8,0.4708518982,0.7994599938,-0.0599600188,1.0000000000
131,8.7330000000,right_hand,8,0.4711717069,0.8023749590,-0.0535232872,1.0000000000
132,8.8000000000,right_hand,8,0.4712046981,0.7999819517,-0.0536684096,1.0000000000
133,8.8670000000,right_hand,8,0.4708024859,0.8025138378,-0.0520530827,1.0000000000
134,8.9330000000,right_hand,8,0.4709603190,0.8000449538,-0.0535483025,1.0000000000
135,9.0000000000,right_hand,8,0.4707592130,0.8012432456,-0.0600659251,1.0000000000
136,9.0670000000,right_hand,8,0.4711315632,0.8031930923,-0.0606926233,1.0000000000
137,9.1330000000,right_hand,8,0.4712277651,0.8043351769,-0.0590605848,1.0000000000
138,9.2000000000,right_hand,8,0.4715136886,0.8083882332,-0.0620428026,1.0000000000
139,9.2670000000,right_hand,8,0.4703118205,0.8019312620,-0.0528774597,1.0000000000
140,9.3330000000,right_hand,8,0.4729877412,0.8053214550,-0.0599466562,1.0000000000
141,9.4000000000,right_hand,8,0.4727966785,0.8054690957,-0.0603737608,1.0000000000
142,9.4670000000,right_hand,8,0.4739076793,0.8054575324,-0.0596241206,1.0000000000
143,9.5330000000,right_hand,8,0.4746289253,0.8077220917,-0.0605690554,1.0000000000
144,9.6000000000,right_hand,8,0.4734455049,0.8046909571,-0.0669061467,1.0000000000
145,9.6670000000,right_hand,8,0.4756678939,0.8087362051,-0.0618803091,1.0000000000
146,9.7330000000,right_hand,8,0.4741785824,0.8061763644,-0.0583986007,1.0000000000
147,9.8000000000,right_hand,8,0.4732803702,0.8037842512,-0.0537968613,1.0000000000
148,9.8670000000,right_hand,8,0.4708187580,0.7995706797,-0.0577080846,1.0000000000
149,9.9330000000,right_hand,8,0.4700365067,0.8025370240,-0.0496910512,1.0000000000
150,10.0000000000,right_hand,8,0.4689209163,0.8027929068,-0.0528259277,1.0000000000
151,10.0670000000,right_hand,8,0.4660781026,0.7954793572,-0.0508427992,1.0000000000
152,10.1330000000,right_hand,8,0.4663633704,0.8001638651,-0.0590705238,1.0000000000
153,10.2000000000,right_hand,8,0.4658146501,0.7987505794,-0.0564839467,1.0000000000
154,10.2670000000,right_hand,8,0.4642846584,0.8058088422,-0.0566653162,1.0000000000
155,10.3330000000,right_hand,8,0.4643133283,0.8003054857,-0.0558625162,1.0000000000
156,10.4000000000,right_hand,8,0.4628052711,0.8038600683,-0.0566312857,1.0000000000
157,10.4670000000,right_hand,8,0.4633137882,0.8045818806,-0.0538749062,1.0000000000
158,10.5330000000,right_hand,8,0.4627726376,0.8084621429,-0.0574047118,1.0000000000
159,10.6000000000,right_hand,8,0.4621149004,0.8047870994,-0.0551595949,1.0000000000
160,10.6670000000,right_hand,8,0.4650487006,0.8023068309,-0.0594143495,1.0000000000
161,10.7330000000,right_hand,8,0.4643394947,0.8041996360,-0.0602656715,1.0000000000
162,10.8000000000,right_hand,8,0.4663242400,0.7999907732,-0.0626982972,1.0000000000
163,10.8670000000,right_hand,8,0.4660539925,0.8040856719,-0.0614201240,1.0000000000
164,10.9330000000,right_hand,8,0.4665727019,0.8063753843,-0.0602629185,1.0000000000
165,11.0000000000,right_hand,8,0.4656101763,0.8066509366,-0.0627406985,1.0000000000
166,11.0670000000,right_hand,8,0.4650933146,0.8090767860,-0.0581820309,1.0000000000
167,11.1330000000,right_hand,8,0.4656745195,0.8075187206,-0.0569996499,1.0000000000
168,11.2000000000,right_hand,8,0.4638021588,0.8076948524,-0.0602067187,1.0000000000
169,11.2670000000,right_hand,8,0.4625921845,0.8081853390,-0.0610178597,1.0000000000
170,11.3330000000,right_hand,8,0.4628175497,0.8061881661,-0.0603868775,1.0000000000
171,11.4000000000,right_hand,8,0.4619915187,0.8022313118,-0.0590191595,1.0000000000
172,11.4670000000,right_hand,8,0.4618685246,0.8028541207,-0.0646471530,1.0000000000
173,11.5330000000,right_hand,8,0.4624140859,0.8088972569,-0.0686040595,1.0000000000
174,11.6000000000,right_hand,8,0.4639902413,0.8058029413,-0.0654762611,1.0000000000
175,11.6670000000,right_hand,8,0.4644282758,0.8050408959,-0.0617568754,1.0000000000
176,11.7330000000,right_hand,8,0.4677186608,0.7986502051,-0.0643099323,1.0000000000
177,11.8000000000,right_hand,8,0.4663834572,0.8047406673,-0.0579333045,1.0000000000
178,11.8670000000,right_hand,8,0.4691887796,0.8016425371,-0.0609291941,1.0000000000
179,11.9330000000,right_hand,8,0.4688622355,0.8001381159,-0.0573433526,1.0000000000
180,12.0000000000,right_hand,8,0.4689550400,0.8010699153,-0.0700284243,1.0000000000
75,5.0000000000,right_hand,9,0.4050890207,0.6929481626,-0.0355902947,1.0000000000
76,5.0670000000,right_hand,9,0.4068369567,0.6957905889,-0.0317934826,1.0000000000
77,5.1330000000,right_hand,9,0.4059423804,0.6971207857,-0.0329512618,1.0000000000
78,5.2000000000,right_hand,9,0.4047093093,0.6946080923,-0.0358418263,1.0000000000
79,5.2670000000,right_hand,9,0.4058783352,0.6942414641,-0.0373339690,1.0000000000
80,5.3330000000,right_hand,9,0.4053180814,0.6948400140,-0.0340067521,1.0000000000
81,5.4000000000,right_hand,9,0.4038501978,0.6964197755,-0.0377000198,1.0000000000
82,5.4670000000,right_hand,9,0.4039329588,0.6954100132,-0.0363446996,1.0000000000
83,5.5330000000,right_hand,9,0.4056138694,0.6943585277,-0.0350432880,1.0000000000
84,5.6000000000,right_hand,9,0.4044523537,0.6941047311,-0.0364921391,1.0000000000
85,5.6670000000,right_hand,9,0.4034877717,0.6952264309,-0.0358674750,1.0000000000
86,5.7330000000,right_hand,9,0.4033119380,0.6898560524,-0.0383280180,1.0000000000
87,5.8000000000,right_hand,9,0.4041117728,0.6857439280,-0.0369069241,1.0000000000
88,5.8670000000,right_hand,9,0.4042913616,0.6779642105,-0.0391148776,1.0000000000
89,5.9330000000,right_hand,9,0.4054857492,0.6809867024,-0.0406484008,1.0000000000
90,6.0000000000,right_hand,9,0.4073084295,0.6813753247,-0.0424068570,1.0000000000
91,6.0670000000,right_hand,9,0.4084112942,0.6805509925,-0.0384925455,1.0000000000
92,6.1330000000,right_hand,9,0.4097011387,0.6842687130,-0.0382881612,1.0000000000
93,6.2000000000,right_hand,9,0.4080609083,0.6854676604,-0.0366722047,1.0000000000
94,6.2670000000,right_hand,9,0.4089829624,0.6842092276,-0.0394586585,1.0000000000
95,6.3330000000,right_hand,9,0.4078998268,0.6855027676,-0.0389143005,1.0000000000
96,6.4000000000,right_hand,9,0.4088457227,0.6841834188,-0.0375697874,1.0000000000
97,6.4670000000,right_hand,9,0.4101369679,0.6850373149,-0.0357811935,1.0000000000
98,6.5330000000,right_hand,9,0.4107855558,0.6853964329,-0.0349232182,1.0000000000
99,6.6000000000,right_hand,9,0.4087450802,0.6872937679,-0.0379504748,1.0000000000
100,6.6670000000,right_hand,9,0.4083623290,0.6868548989,-0.0378362760,1.0000000000
101,6.7330000000,right_hand,9,0.4088020325,0.6865592003,-0.0353956446,1.0000000000
102,6.8000000000,right_hand,9,0.4085540473,0.6880927086,-0.0362090319,1.0000000000
103,6.8670000000,right_hand,9,0.4079323113,0.6867968440,-0.0378646925,1.0000000000
104,6.9330000000,right_hand,9,0.4059610367,0.6869040728,-0.0400631763,1.0000000000
105,7.0000000000,right_hand,9,0.4076277018,0.6872595549,-0.0377433337,1.0000000000
106,7.0670000000,right_hand,9,0.4076565802,0.6854261160,-0.0352873951,1.0000000000
107,7.1330000000,right_hand,9,0.4059347212,0.6886976957,-0.0373441167,1.0000000000
108,7.2000000000,right_hand,9,0.4055698514,0.6856279969,-0.0429923870,1.0000000000
109,7.2670000000,right_hand,9,0.4070717096,0.6868069768,-0.0370621271,1.0000000000
110,7.3330000000,right_hand,9,0.4058150053,0.6859017611,-0.0435349494,1.0000000000
111,7.4000000000,right_hand,9,0.4078363776,0.6914104223,-0.0354201533,1.0000000000
112,7.4670000000,right_hand,9,0.4051316381,0.6877400875,-0.0383647345,1.0000000000
113,7.5330000000,right_hand,9,0.4054257870,0.6865335703,-0.0375961885,1.0000000000
114,7.6000000000,right_hand,9,0.4049913287,0.6884735227,-0.0393472090,1.0000000000
115,7.6670000000,right_hand,9,0.4046333432,0.6875411868,-0.0407278202,1.0000000000
116,7.7330000000,right_hand,9,0.4063171148,0.6874762774,-0.0382805131,1.0000000000
117,7.8000000000,right_hand,9,0.4076217115,0.6878594160,-0.0379998311,1.0000000000
118,7.8670000000,right_hand,9,0.4065267444,0.6898702979,-0.0378270745,1.0000000000
119,7.9330000000,right_hand,9,0.4058320522,0.6857800484,-0.0424571186,1.0000000000
120,8.0000000000,right_hand,9,0.4073212445,0.6884164810,-0.0354121998,1.0000000000
121,8.0670000000,right_hand,9,0.4062515199,0.6877101660,-0.0393223986,1.0000000000
122,8.1330000000,right_hand,9,0.4080095291,0.6857321262,-0.0381862931,1.0000000000
123,8.2000000000,right_hand,9,0.4082566500,0.6871317029,-0.0362852626,1.0000000000
124,8.2670000000,right_hand,9,0.4068684876,0.6871925592,-0.0403549969,1.0000000000
125,8.3330000000,right_hand,9,0.4082896709,0.6874260306,-0.0400082879,1.0000000000
126,8.4000000000,right_hand,9,0.4082225263,0.6865320206,-0.0386489071,1.0000000000
127,8.4670000000,right_hand,9,0.4095091820,0.6881042719,-0.0358081125,1.0000000000
128,8.5330000000,right_hand,9,0.4094955027,0.6876758337,-0.0387600623,1.0000000000
129,8.6000000000,right_hand,9,0.4073249102,0.6890343428,-0.0401552245,1.0000000000
130,8.6670000000,right_hand,9,0.4081884325,0.6855795979,-0.0393697172,1.0000000000
131,8.7330000000,right_hand,9,0.4082117975,0.6896258593,-0.0344582684,1.0000000000
132,8.8000000000,right_hand,9,0.4068208933,0.6882119775,-0.0375269018,1.0000000000
133,8.8670000000,right_hand,9,0.4078595936,0.6881572604,-0.0349532999,1.0000000000
134,8.9330000000,right_hand,9,0.4071339369,0.6887324452,-0.0363463685,1.0000000000
135,9.0000000000,right_hand,9,0.4064843059,0.6886281967,-0.0399968140,1.0000000000
136,9.0670000000,right_hand,9,0.4071885347,0.6881227493,-0.0404811166,1.0000000000
137,9.1330000000,right_hand,9,0.4091739953,0.6894214153,-0.0388528518,1.0000000000
138,9.2000000000,right_hand,9,0.4075088203,0.6895945072,-0.0430367030,1.0000000000
139,9.2670000000,right_hand,9,0.4099770486,0.6882562637,-0.0378734432,1.0000000000
140,9.3330000000,right_hand,9,0.4085064530,0.6907455921,-0.0400881656,1.0000000000
141,9.4000000000,right_hand,9,0.4090087712,0.6888993979,-0.0411195941,1.0000000000
142,9.4670000000,right_hand,9,0.4093309939,0.6925055385,-0.0397433825,1.0000000000
143,9.5330000000,right_hand,9,0.4094213247,0.6932972074,-0.0399895012,1.0000000000
144,9.6000000000,right_hand,9,0.4103120565,0.6893177629,-0.0446708947,1.0000000000
145,9.6670000000,right_hand,9,0.4106913209,0.6923221350,-0.0422171652,1.0000000000
146,9.7330000000,right_hand,9,0.4093952775,0.6917376518,-0.0410524271,1.0000000000
147,9.8000000000,right_hand,9,0.4095267653,0.6923660040,-0.0372292101,1.0000000000
148,9.8670000000,right_hand,9,0.4076098502,0.6924953461,-0.0373165831,1.0000000000
149,9.9330000000,right_hand,9,0.4075241387,0.6962494850,-0.0335985124,1.0000000000
150,10.0000000000,right_hand,9,0.4060503542,0.6949244738,-0.0362135172,1.0000000000
151,10.0670000000,right_hand,9,0.4059122801,0.6914942861,-0.0330592096,1.0000000000
152,10.1330000000,right_hand,9,0.4030855000,0.6937291026,-0.0393956490,1.0000000000
153,10.2000000000,right_hand,9,0.4023501873,0.6924460530,-0.0369694047,1.0000000000
154,10.2670000000,right_hand,9,0.4024651349,0.6909592152,-0.0365266539,1.0000000000
155,10.3330000000,right_hand,9,0.4027450681,0.6894341707,-0.0357596315,1.0000000000
156,10.4000000000,right_hand,9,0.4013308883,0.6913477778,-0.0369798839,1.0000000000
157,10.4670000000,right_hand,9,0.4033936858,0.6898021102,-0.0348878242,1.0000000000
158,10.5330000000,right_hand,9,0.4018020630,0.6912891865,-0.0357104279,1.0000000000
159,10.6000000000,right_hand,9,0.4017689228,0.6925923824,-0.0339085683,1.0000000000
160,10.6670000000,right_hand,9,0.4053492248,0.6878414154,-0.0352876149,1.0000000000
161,10.7330000000,right_hand,9,0.4033019245,0.6926998496,-0.0391467325,1.0000000000
162,10.8000000000,right_hand,9,0.4042560458,0.6901987195,-0.0379038639,1.0000000000
163,10.8670000000,right_hand,9,0.4041188359,0.6894010901,-0.0383053981,1.0000000000
164,10.9330000000,right_hand,9,0.4038999677,0.6916524768,-0.0378844514,1.0000000000
165,11.0000000000,right_hand,9,0.4046759903,0.6920618415,-0.0393060781,1.0000000000
166,11.0670000000,right_hand,9,0.4051452577,0.6946098208,-0.0369730443,1.0000000000
167,11.1330000000,right_hand,9,0.4050455689,0.6936420202,-0.0369688049,1.0000000000
168,11.2000000000,right_hand,9,0.4025493562,0.6941620708,-0.0393498801,1.0000000000
169,11.2670000000,right_hand,9,0.4025647044,0.6952531338,-0.0388394780,1.0000000000
170,11.3330000000,right_hand,9,0.4008330703,0.6942240000,-0.0394151248,1.0000000000
171,11.4000000000,right_hand,9,0.4016978741,0.6950649619,-0.0376230553,1.0000000000
172,11.4670000000,right_hand,9,0.4020674825,0.6941138506,-0.0390007496,1.0000000000
173,11.5330000000,right_hand,9,0.4020067751,0.6924936771,-0.0419056341,1.0000000000
174,11.6000000000,right_hand,9,0.4029220045,0.6926860809,-0.0415563546,1.0000000000
175,11.6670000000,right_hand,9,0.4044883847,0.6962122321,-0.0389711186,1.0000000000
176,11.7330000000,right_hand,9,0.4046273232,0.6908262372,-0.0405255295,1.0000000000
177,11.8000000000,right_hand,9,0.4046342969,0.6954512596,-0.0370538644,1.0000000000
178,11.8670000000,right_hand,9,0.4056516290,0.6927829981,-0.0387459621,1.0000000000
179,11.9330000000,right_hand,9,0.4048150182,0.6903238893,-0.0380136557,1.0000000000
180,12.0000000000,right_hand,9,0.4051666260,0.6925981641,-0.0449915007,1.0000000000
75,5.0000000000,right_hand,10,0.4332255721,0.7626762390,-0.0483558849,1.0000000000
76,5.0670000000,right_hand,10,0.4321557283,0.7629871964,-0.0435299017,1.0000000000
77,5.1330000000,right_hand,10,0.4330200553,0.7637258172,-0.0461187176,1.0000000000
78,5.2000000000,right_hand,10,0.4328521490,0.7647435665,-0.0498563722,1.0000000000
79,5.2670000000,right_hand,10,0.4325206876,0.7605934739,-0.0528522246,1.0000000000
80,5.3330000000,right_hand,10,0.4330019653,0.7619637251,-0.0476743281,1.0000000000
81,5.4000000000,right_hand,10,0.4307488799,0.7615818977,-0.0531406365,1.0000000000
82,5.4670000000,right_hand,10,0.4318501949,0.7624963522,-0.0506571420,1.0000000000
83,5.5330000000,right_hand,10,0.4326144457,0.7633205652,-0.0486055277,1.0000000000
84,5.6000000000,right_hand,10,0.4316000044,0.7622654438,-0.0516707823,1.0000000000
85,5.6670000000,right_hand,10,0.4297510087,0.7615950108,-0.0510427207,1.0000000000
86,5.7330000000,right_hand,10,0.4292169809,0.7579925060,-0.0538592190,1.0000000000
87,5.8000000000,right_hand,10,0.4300526977,0.7547419667,-0.0525026098,1.0000000000
88,5.8670000000,right_hand,10,0.4313003719,0.7524549365,-0.0546372235,1.0000000000
89,5.9330000000,right_hand,10,0.4317806661,0.7544939518,-0.0565941297,1.0000000000
90,6.0000000000,right_hand,10,0.4330391288,0.7532148957,-0.0594592728,1.0000000000
91,6.0670000000,right_hand,10,0.4344197214,0.7541370392,-0.0537788384,1.0000000000
92,6.1330000000,right_hand,10,0.4368572831,0.7556405663,-0.0522822812,1.0000000000
93,6.2000000000,right_hand,10,0.4356616437,0.7571519613,-0.0503370874,1.0000000000
94,6.2670000000,right_hand,10,0.4365875721,0.7566434145,-0.0541806407,1.0000000000
95,6.3330000000,right_hand,10,0.4347077012,0.7552163005,-0.0542146936,1.0000000000
96,6.4000000000,right_hand,10,0.4367583096,0.7545893788,-0.0526992604,1.0000000000
97,6.4670000000,right_hand,10,0.4378691614,0.7555865645,-0.0490002073,1.0000000000
98,6.5330000000,right_hand,10,0.4395299852,0.7546360493,-0.0474416800,1.0000000000
99,6.6000000000,right_hand,10,0.4373520315,0.7561427355,-0.0520239621,1.0000000000
100,6.6670000000,right_hand,10,0.4380471110,0.7557129264,-0.0504406206,1.0000000000
101,6.7330000000,right_hand,10,0.4371654093,0.7556465864,-0.0476605110,1.0000000000
102,6.8000000000,right_hand,10,0.4376119673,0.7579301596,-0.0484438129,1.0000000000
103,6.8670000000,right_hand,10,0.4349100888,0.7573254704,-0.0526902303,1.0000000000
104,6.9330000000,right_hand,10,0.4342297316,0.7558878660,-0.0551519543,1.0000000000
105,7.0000000000,right_hand,10,0.4361584187,0.7558876276,-0.0515617840,1.0000000000
106,7.0670000000,right_hand,10,0.4351477921,0.7568904757,-0.0479229018,1.0000000000
107,7.1330000000,right_hand,10,0.4339864552,0.7601004839,-0.0505511425,1.0000000000
108,7.2000000000,right_hand,10,0.4323899746,0.7550199628,-0.0597346872,1.0000000000
109,7.2670000000,right_hand,10,0.4351773560,0.7570014596,-0.0511718467,1.0000000000
110,7.3330000000,right_hand,10,0.4336809516,0.7559077740,-0.0599650927,1.0000000000
111,7.4000000000,right_hand,10,0.4358406663,0.7595745921,-0.0490879864,1.0000000000
112,7.4670000000,right_hand,10,0.4327242970,0.7574034929,-0.0527158231,1.0000000000
113,7.5330000000,right_hand,10,0.4338610768,0.7547765374,-0.0518801846,1.0000000000
114,7.6000000000,right_hand,10,0.4336078763,0.7581652403,-0.0546868034,1.0000000000
115,7.6670000000,right_hand,10,0.4322436154,0.7561652064,-0.0560090542,1.0000000000
116,7.7330000000,right_hand,10,0.4347607791,0.7587114573,-0.0525758192,1.0000000000
117,7.8000000000,right_hand,10,0.4344275594,0.7580241561,-0.0525998361,1.0000000000
118,7.8670000000,right_hand,10,0.4328109622,0.7576409578,-0.0523300655,1.0000000000
119,7.9330000000,right_hand,10,0.4342705011,0.7562493086,-0.0583665520,1.0000000000
120,8.0000000000,right_hand,10,0.4342031479,0.7589777708,-0.0475101434,1.0000000000
121,8.0670000000,right_hand,10,0.4320169985,0.7543822527,-0.0544287339,1.0000000000
122,8.1330000000,right_hand,10,0.4356095791,0.7561633587,-0.0521220267,1.0000000000
123,8.2000000000,right_hand,10,0.4356422424,0.7578133345,-0.0492222197,1.0000000000
124,8.2670000000,right_hand,10,0.4360685945,0.7565417886,-0.0543794073,1.0000000000
125,8.3330000000,right_hand,10,0.4351259768,0.7580065131,-0.0548875928,1.0000000000
126,8.4000000000,right_hand,10,0.4360074699,0.7539826035,-0.0538205393,1.0000000000
127,8.4670000000,right_hand,10,0.4369677901,0.7553756237,-0.0497809350,1.0000000000
128,8.5330000000,right_hand,10,0.4368275702,0.7569448948,-0.0543030277,1.0000000000
129,8.6000000000,right_hand,10,0.4350554943,0.7572461963,-0.0555839576,1.0000000000
130,8.6670000000,right_hand,10,0.4354674518,0.7553752065,-0.0544449762,1.0000000000
131,8.7330000000,right_hand,10,0.4365175366,0.7585590482,-0.0474426523,1.0000000000
132,8.8000000000,right_hand,10,0.4355840981,0.7567601204,-0.0501966067,1.0000000000
133,8.8670000000,right_hand,10,0.4356000125,0.7574705482,-0.0479690619,1.0000000000
134,8.9330000000,right_hand,10,0.4355025589,0.7581667304,-0.0495030694,1.0000000000
135,9.0000000000,right_hand,10,0.4341109693,0.7589120865,-0.0555143617,1.0000000000
136,9.0670000000,right_hand,10,0.4344249070,0.7585882545,-0.0559897423,1.0000000000
137,9.1330000000,right_hand,10,0.4344846904,0.7601343989,-0.0547813885,1.0000000000
138,9.2000000000,right_hand,10,0.4358158112,0.7596772909,-0.0588976666,1.0000000000
139,9.2670000000,right_hand,10,0.4375640154,0.7596169710,-0.0518745854,1.0000000000
140,9.3330000000,right_hand,10,0.4358232915,0.7587578893,-0.0556901991,1.0000000000
141,9.4000000000,right_hand,10,0.4376263320,0.7579629421,-0.0568914637,1.0000000000
142,9.4670000000,right_hand,10,0.4382593632,0.7610259056,-0.0558173992,1.0000000000
143,9.5330000000,right_hand,10,0.4380396903,0.7609543800,-0.0558146238,1.0000000000
144,9.6000000000,right_hand,10,0.4388232827,0.7604180574,-0.0629942492,1.0000000000
145,9.6670000000,right_hand,10,0.4392430782,0.7614489794,-0.0587725081,1.0000000000
146,9.7330000000,right_hand,10,0.4382794499,0.7613293529,-0.0561342090,1.0000000000
147,9.8000000000,right_hand,10,0.4372272491,0.7611190081,-0.0504432134,1.0000000000
148,9.8670000000,right_hand,10,0.4353938103,0.7611023188,-0.0521890633,1.0000000000
149,9.9330000000,right_hand,10,0.4344679117,0.7626935244,-0.0462783165,1.0000000000
150,10.0000000000,right_hand,10,0.4327726066,0.7622476816,-0.0498694964,1.0000000000
151,10.0670000000,right_hand,10,0.4326314628,0.7584899068,-0.0462741666,1.0000000000
152,10.1330000000,right_hand,10,0.4309098125,0.7623652220,-0.0541055948,1.0000000000
153,10.2000000000,right_hand,10,0.4296396077,0.7602187991,-0.0516945347,1.0000000000
154,10.2670000000,right_hand,10,0.4283387661,0.7588350177,-0.0508841388,1.0000000000
155,10.3330000000,right_hand,10,0.4303178787,0.7591152191,-0.0492571928,1.0000000000
156,10.4000000000,right_hand,10,0.4290282130,0.7589884996,-0.0513878278,1.0000000000
157,10.4670000000,right_hand,10,0.4297679663,0.7616276741,-0.0476774238,1.0000000000
158,10.5330000000,right_hand,10,0.4288195968,0.7623372674,-0.0490664914,1.0000000000
159,10.6000000000,right_hand,10,0.4278531969,0.7625205517,-0.0470165350,1.0000000000
160,10.6670000000,right_hand,10,0.4332518876,0.7587891817,-0.0491370820,1.0000000000
161,10.7330000000,right_hand,10,0.4311314225,0.7616703510,-0.0543007851,1.0000000000
162,10.8000000000,right_hand,10,0.4319386482,0.7596547604,-0.0529368334,1.0000000000
163,10.8670000000,right_hand,10,0.4308019876,0.7592784166,-0.0539884903,1.0000000000
164,10.9330000000,right_hand,10,0.4312804937,0.7619854808,-0.0528401360,1.0000000000
165,11.0000000000,right_hand,10,0.4317583740,0.7619133592,-0.0549026206,1.0000000000
166,11.0670000000,right_hand,10,0.4326831996,0.7638690472,-0.0512951612,1.0000000000
167,11.1330000000,right_hand,10,0.4329797029,0.7636536956,-0.0507937260,1.0000000000
168,11.2000000000,right_hand,10,0.4297567606,0.7637307048,-0.0551343746,1.0000000000
169,11.2670000000,right_hand,10,0.4297986925,0.7645803690,-0.0541786179,1.0000000000
170,11.3330000000,right_hand,10,0.4277849793,0.7650834918,-0.0546930470,1.0000000000
171,11.4000000000,right_hand,10,0.4276576340,0.7611707449,-0.0525469854,1.0000000000
172,11.4670000000,right_hand,10,0.4284140766,0.7606032491,-0.0552476980,1.0000000000
173,11.5330000000,right_hand,10,0.4279061556,0.7611439824,-0.0594397038,1.0000000000
174,11.6000000000,right_hand,10,0.4295321405,0.7610956430,-0.0584020205,1.0000000000
175,11.6670000000,right_hand,10,0.4316869080,0.7622315884,-0.0543534011,1.0000000000
176,11.7330000000,right_hand,10,0.4316710532,0.7567378283,-0.0582065769,1.0000000000
177,11.8000000000,right_hand,10,0.4323454797,0.7635982633,-0.0510225147,1.0000000000
178,11.8670000000,right_hand,10,0.4319584966,0.7592247128,-0.0548542179,1.0000000000
179,11.9330000000,right_hand,10,0.4322891831,0.7577854395,-0.0527840629,1.0000000000
180,12.0000000000,right_hand,10,0.4333999455,0.7594147325,-0.0630718321,1.0000000000
75,5.0000000000,right_hand,11,0.4464651048,0.8035797477,-0.0510260984,1.0000000000
76,5.0670000000,right_hand,11,0.4454691112,0.8047701716,-0.0467988737,1.0000000000
77,5.1330000000,right_hand,11,0.4468468130,0.8052398562,-0.0503428429,1.0000000000
78,5.2000000000,right_hand,11,0.4467785954,0.8068806529,-0.0545113869,1.0000000000
79,5.2670000000,right_hand,11,0.4463350177,0.8029361963,-0.0577552654,1.0000000000
80,5.3330000000,right_hand,11,0.4470771551,0.8040789366,-0.0517515913,1.0000000000
81,5.4000000000,right_hand,11,0.4455392361,0.8040425181,-0.0578463897,1.0000000000
82,5.4670000000,right_hand,11,0.4458021522,0.8041325212,-0.0549885891,1.0000000000
83,5.5330000000,right_hand,11,0.4459468126,0.8052700758,-0.0526001863,1.0000000000
84,5.6000000000,right_hand,11,0.4457713962,0.8047516942,-0.0567802712,1.0000000000
85,5.6670000000,right_hand,11,0.4439350367,0.8032954335,-0.0561547093,1.0000000000
86,5.7330000000,right_hand,11,0.4437973797,0.8016816378,-0.0591453128,1.0000000000
87,5.8000000000,right_hand,11,0.4437524378,0.7969964743,-0.0575438812,1.0000000000
88,5.8670000000,right_hand,11,0.4463843107,0.7969154119,-0.0599631295,1.0000000000
89,5.9330000000,right_hand,11,0.4464354515,0.7986799479,-0.0617292188,1.0000000000
90,6.0000000000,right_hand,11,0.4478225708,0.7978320122,-0.0650715977,1.0000000000
91,6.0670000000,right_hand,11,0.4487514496,0.7972852588,-0.0583151542,1.0000000000
92,6.1330000000,right_hand,11,0.4504953623,0.7987653017,-0.0555988327,1.0000000000
93,6.2000000000,right_hand,11,0.4505374432,0.7999939322,-0.0541059226,1.0000000000
94,6.2670000000,right_hand,11,0.4510613382,0.8002632260,-0.0579842627,1.0000000000
95,6.3330000000,right_hand,11,0.4496946633,0.7986410260,-0.0588396192,1.0000000000
96,6.4000000000,right_hand,11,0.4516303241,0.7985817194,-0.0570588112,1.0000000000
97,6.4670000000,right_hand,11,0.4532480836,0.7980987430,-0.0525984168,1.0000000000
98,6.5330000000,right_hand,11,0.4533104300,0.7973719835,-0.0501930192,1.0000000000
99,6.6000000000,right_hand,11,0.4522995353,0.7982001305,-0.0556802750,1.0000000000
100,6.6670000000,right_hand,11,0.4530365765,0.7959780693,-0.0525302142,1.0000000000
101,6.7330000000,right_hand,11,0.4526704848,0.7955408096,-0.0505981967,1.0000000000
102,6.8000000000,right_hand,11,0.4511463046,0.7985382676,-0.0507725701,1.0000000000
103,6.8670000000,right_hand,11,0.4500799775,0.7985719442,-0.0574560538,1.0000000000
104,6.9330000000,right_hand,11,0.4497301877,0.7978293896,-0.0594272353,1.0000000000
105,7.0000000000,right_hand,11,0.4502468407,0.7973697782,-0.0548392348,1.0000000000
106,7.0670000000,right_hand,11,0.4492296576,0.7999271154,-0.0511529446,1.0000000000
107,7.1330000000,right_hand,11,0.4480616748,0.8028340936,-0.0536356159,1.0000000000
108,7.2000000000,right_hand,11,0.4478984773,0.7968507409,-0.0650709122,1.0000000000
109,7.2670000000,right_hand,11,0.4496305883,0.7991229296,-0.0551621839,1.0000000000
110,7.3330000000,right_hand,11,0.4487553239,0.7994607091,-0.0645483285,1.0000000000
111,7.4000000000,right_hand,11,0.4503935874,0.8012595773,-0.0529694483,1.0000000000
112,7.4670000000,right_hand,11,0.4484179616,0.7990383506,-0.0569558665,1.0000000000
113,7.5330000000,right_hand,11,0.4496599436,0.7968956828,-0.0557496585,1.0000000000
114,7.6000000000,right_hand,11,0.4486228824,0.7997925282,-0.0590315312,1.0000000000
115,7.6670000000,right_hand,11,0.4476109445,0.7988703847,-0.0601506010,1.0000000000
116,7.7330000000,right_hand,11,0.4500617683,0.8003357649,-0.0563912690,1.0000000000
117,7.8000000000,right_hand,11,0.4484925568,0.8002967238,-0.0572235920,1.0000000000
118,7.8670000000,right_hand,11,0.4473370910,0.7999038100,-0.0566504970,1.0000000000
119,7.9330000000,right_hand,11,0.4494286776,0.7979816794,-0.0624975637,1.0000000000
120,8.0000000000,right_hand,11,0.4482471347,0.8000052571,-0.0501954928,1.0000000000
121,8.0670000000,right_hand,11,0.4468264282,0.7968389988,-0.0588418953,1.0000000000
122,8.1330000000,right_hand,11,0.4502310157,0.7974975705,-0.0555464663,1.0000000000
123,8.2000000000,right_hand,11,0.4502694011,0.8000651598,-0.0523831919,1.0000000000
124,8.2670000000,right_hand,11,0.4510671496,0.7977379560,-0.0575616062,1.0000000000
125,8.3330000000,right_hand,11,0.4509192109,0.7986360192,-0.0593161806,1.0000000000
126,8.4000000000,right_hand,11,0.4524551034,0.7966480851,-0.0580880046,1.0000000000
127,8.4670000000,right_hand,11,0.4516653419,0.7982586622,-0.0537481532,1.0000000000
128,8.5330000000,right_hand,11,0.4517299533,0.7982462645,-0.0595627464,1.0000000000
129,8.6000000000,right_hand,11,0.4502058625,0.7991055846,-0.0601332933,1.0000000000
130,8.6670000000,right_hand,11,0.4504997134,0.7974276543,-0.0589499138,1.0000000000
131,8.7330000000,right_hand,11,0.4514514804,0.7994643450,-0.0508293211,1.0000000000
132,8.8000000000,right_hand,11,0.4507830739,0.7979708314,-0.0522502027,1.0000000000
133,8.8670000000,right_hand,11,0.4504965246,0.7988594770,-0.0511697680,1.0000000000
134,8.9330000000,right_hand,11,0.4503128529,0.7988216281,-0.0527698770,1.0000000000
135,9.0000000000,right_hand,11,0.4490296245,0.7990899086,-0.0600015149,1.0000000000
136,9.0670000000,right_hand,11,0.4495415092,0.8008908033,-0.0609401427,1.0000000000
137,9.1330000000,right_hand,11,0.4481832087,0.8026750684,-0.0602441244,1.0000000000
138,9.2000000000,right_hand,11,0.4501079321,0.8024460077,-0.0629793853,1.0000000000
139,9.2670000000,right_hand,11,0.4518449008,0.8015120625,-0.0556151569,1.0000000000
140,9.3330000000,right_hand,11,0.4507467449,0.8021250367,-0.0603566431,1.0000000000
141,9.4000000000,right_hand,11,0.4526558816,0.7998044491,-0.0611552522,1.0000000000
142,9.4670000000,right_hand,11,0.4541392624,0.8028950691,-0.0607690215,1.0000000000
143,9.5330000000,right_hand,11,0.4534157515,0.8024061918,-0.0609088019,1.0000000000
144,9.6000000000,right_hand,11,0.4549333453,0.8026185632,-0.0695029050,1.0000000000
145,9.6670000000,right_hand,11,0.4544578791,0.8044114709,-0.0636168048,1.0000000000
146,9.7330000000,right_hand,11,0.4535616934,0.8039546013,-0.0599501580,1.0000000000
147,9.8000000000,right_hand,11,0.4525075257,0.8022958040,-0.0534436107,1.0000000000
148,9.8670000000,right_hand,11,0.4510181844,0.8015094399,-0.0572381467,1.0000000000
149,9.9330000000,right_hand,11,0.4504743814,0.8021212220,-0.0504259579,1.0000000000
150,10.0000000000,right_hand,11,0.4483791292,0.8020062447,-0.0539240278,1.0000000000
151,10.0670000000,right_hand,11,0.4473031163,0.7978432775,-0.0508549586,1.0000000000
152,10.1330000000,right_hand,11,0.4465202093,0.8028194904,-0.0591251291,1.0000000000
153,10.2000000000,right_hand,11,0.4449540675,0.8009853959,-0.0566437729,1.0000000000
154,10.2670000000,right_hand,11,0.4433884621,0.8009876013,-0.0555908494,1.0000000000
155,10.3330000000,right_hand,11,0.4442795813,0.7997287512,-0.0532920659,1.0000000000
156,10.4000000000,right_hand,11,0.4442327619,0.8001222014,-0.0561581999,1.0000000000
157,10.4670000000,right_hand,11,0.4434578419,0.8032148480,-0.0513795465,1.0000000000
158,10.5330000000,right_hand,11,0.4434092045,0.8042661548,-0.0532907918,1.0000000000
159,10.6000000000,right_hand,11,0.4419310689,0.8043427467,-0.0520589426,1.0000000000
160,10.6670000000,right_hand,11,0.4478275478,0.8009269238,-0.0544100739,1.0000000000
161,10.7330000000,right_hand,11,0.4459267557,0.8032084703,-0.0594470948,1.0000000000
162,10.8000000000,right_hand,11,0.4469048381,0.8015210629,-0.0586012676,1.0000000000
163,10.8670000000,right_hand,11,0.4464298487,0.8015236855,-0.0602892078,1.0000000000
164,10.9330000000,right_hand,11,0.4458488226,0.8038895130,-0.0577433966,1.0000000000
165,11.0000000000,right_hand,11,0.4462668300,0.8044745922,-0.0605389625,1.0000000000
166,11.0670000000,right_hand,11,0.4463811219,0.8059069514,-0.0561586805,1.0000000000
167,11.1330000000,right_hand,11,0.4470338225,0.8058592081,-0.0549700819,1.0000000000
168,11.2000000000,right_hand,11,0.4445764422,0.8055977225,-0.0603864938,1.0000000000
169,11.2670000000,right_hand,11,0.4440216124,0.8055055737,-0.0591510125,1.0000000000
170,11.3330000000,right_hand,11,0.4423361123,0.8055059910,-0.0602330193,1.0000000000
171,11.4000000000,right_hand,11,0.4421486259,0.8014662266,-0.0581625886,1.0000000000
172,11.4670000000,right_hand,11,0.4431360066,0.8018076420,-0.0618015714,1.0000000000
173,11.5330000000,right_hand,11,0.4426632226,0.8029167652,-0.0662680864,1.0000000000
174,11.6000000000,right_hand,11,0.4443688393,0.8024585247,-0.0645631254,1.0000000000
175,11.6670000000,right_hand,11,0.4456623495,0.8023471832,-0.0597291477,1.0000000000
176,11.7330000000,right_hand,11,0.4476289153,0.7976793051,-0.0651793107,1.0000000000
177,11.8000000000,right_hand,11,0.4464553595,0.8047520518,-0.0555087924,1.0000000000
178,11.8670000000,right_hand,11,0.4479692876,0.7991385460,-0.0608857274,1.0000000000
179,11.9330000000,right_hand,11,0.4479619265,0.7982090116,-0.0571323819,1.0000000000
180,12.0000000000,right_hand,11,0.4488521814,0.8010302782,-0.0691845492,1.0000000000
75,5.0000000000,right_hand,12,0.4554727376,0.8323578835,-0.0532359444,1.0000000000
76,5.0670000000,right_hand,12,0.4540027678,0.8350507617,-0.0496843569,1.0000000000
77,5.1330000000,right_hand,12,0.4561486840,0.8355246186,-0.0534935370,1.0000000000
78,5.2000000000,right_hand,12,0.4560219347,0.8357728720,-0.0576765090,1.0000000000
79,5.2670000000,right_hand,12,0.4554369152,0.8326789737,-0.0611023493,1.0000000000
80,5.3330000000,right_hand,12,0.4559377730,0.8336707950,-0.0546968170,1.0000000000
81,5.4000000000,right_hand,12,0.4555635452,0.8351596594,-0.0612807535,1.0000000000
82,5.4670000000,right_hand,12,0.4551212192,0.8332158923,-0.0581101254,1.0000000000
83,5.5330000000,right_hand,12,0.4545952678,0.8345106244,-0.0554060414,1.0000000000
84,5.6000000000,right_hand,12,0.4552494884,0.8343073130,-0.0601014048,1.0000000000
85,5.6670000000,right_hand,12,0.4533034861,0.8327012658,-0.0595956631,1.0000000000
86,5.7330000000,right_hand,12,0.4533205330,0.8321020603,-0.0630111024,1.0000000000
87,5.8000000000,right_hand,12,0.4527536631,0.8274627924,-0.0610779673,1.0000000000
88,5.8670000000,right_hand,12,0.4564236403,0.8277708292,-0.0637453794,1.0000000000
89,5.9330000000,right_hand,12,0.4560455978,0.8295356035,-0.0650970042,1.0000000000
90,6.0000000000,right_hand,12,0.4574498236,0.8284642100,-0.0689309835,1.0000000000
91,6.0670000000,right_hand,12,0.4583815932,0.8279557228,-0.0615417436,1.0000000000
92,6.1330000000,right_hand,12,0.4590946436,0.8279674053,-0.0581287220,1.0000000000
93,6.2000000000,right_hand,12,0.4603531659,0.8288604021,-0.0568357855,1.0000000000
94,6.2670000000,right_hand,12,0.4605868459,0.8299104571,-0.0606636181,1.0000000000
95,6.3330000000,right_hand,12,0.4595577121,0.8283182383,-0.0622400232,1.0000000000
96,6.4000000000,right_hand,12,0.4610528648,0.8300909996,-0.0602915995,1.0000000000
97,6.4670000000,right_hand,12,0.4630886614,0.8286899924,-0.0556116141,1.0000000000
98,6.5330000000,right_hand,12,0.4625245333,0.8277401328,-0.0524454974,1.0000000000
99,6.6000000000,right_hand,12,0.4619739056,0.8270535469,-0.0583584234,1.0000000000
100,6.6670000000,right_hand,12,0.4628741741,0.8237234354,-0.0543932691,1.0000000000
101,6.7330000000,right_hand,12,0.4629903436,0.8232210875,-0.0530354120,1.0000000000
102,6.8000000000,right_hand,12,0.4604926109,0.8264025450,-0.0526865497,1.0000000000
103,6.8670000000,right_hand,12,0.4608662426,0.8266509771,-0.0606961623,1.0000000000
104,6.9330000000,right_hand,12,0.4598867893,0.8270239830,-0.0625696182,1.0000000000
105,7.0000000000,right_hand,12,0.4597582519,0.8269064426,-0.0572743304,1.0000000000
106,7.0670000000,right_hand,12,0.4586138427,0.8303248286,-0.0536344200,1.0000000000
107,7.1330000000,right_hand,12,0.4570317566,0.8311947584,-0.0556838997,1.0000000000
108,7.2000000000,right_hand,12,0.4585995674,0.8256214261,-0.0688330084,1.0000000000
109,7.2670000000,right_hand,12,0.4587025046,0.8280308843,-0.0578713715,1.0000000000
110,7.3330000000,right_hand,12,0.4584403932,0.8300705552,-0.0679244101,1.0000000000
111,7.4000000000,right_hand,12,0.4601587951,0.8306336999,-0.0557043888,1.0000000000
112,7.4670000000,right_hand,12,0.4592826664,0.8279864788,-0.0598869771,1.0000000000
113,7.5330000000,right_hand,12,0.4603377283,0.8271106482,-0.0583425499,1.0000000000
114,7.6000000000,right_hand,12,0.4583078027,0.8281121254,-0.0618705377,1.0000000000
115,7.6670000000,right_hand,12,0.4574299753,0.8285797238,-0.0631241575,1.0000000000
116,7.7330000000,right_hand,12,0.4600515068,0.8300628066,-0.0589997880,1.0000000000
117,7.8000000000,right_hand,12,0.4579619765,0.8291471601,-0.0605403595,1.0000000000
118,7.8670000000,right_hand,12,0.4568752348,0.8302266598,-0.0599273480,1.0000000000
119,7.9330000000,right_hand,12,0.4594371319,0.8272647858,-0.0654996857,1.0000000000
120,8.0000000000,right_hand,12,0.4577350616,0.8285245299,-0.0524671450,1.0000000000
121,8.0670000000,right_hand,12,0.4564327598,0.8266137838,-0.0622188114,1.0000000000
122,8.1330000000,right_hand,12,0.4599223137,0.8273611665,-0.0583368875,1.0000000000
123,8.2000000000,right_hand,12,0.4601458609,0.8296329379,-0.0550874546,1.0000000000
124,8.2670000000,right_hand,12,0.4612808824,0.8258965015,-0.0599601567,1.0000000000
125,8.3330000000,right_hand,12,0.4621522725,0.8265428543,-0.0624964200,1.0000000000
126,8.4000000000,right_hand,12,0.4637098908,0.8275544643,-0.0610108860,1.0000000000
127,8.4670000000,right_hand,12,0.4616194367,0.8285560608,-0.0566579737,1.0000000000
128,8.5330000000,right_hand,12,0.4619127214,0.8268361092,-0.0630524307,1.0000000000
129,8.6000000000,right_hand,12,0.4602968693,0.8276921511,-0.0634787232,1.0000000000
130,8.6670000000,right_hand,12,0.4605672956,0.8273902535,-0.0622060187,1.0000000000
131,8.7330000000,right_hand,12,0.4613711238,0.8291153312,-0.0535342582,1.0000000000
132,8.8000000000,right_hand,12,0.4608276784,0.8267450333,-0.0541132204,1.0000000000
133,8.8670000000,right_hand,12,0.4606239200,0.8283962011,-0.0537315868,1.0000000000
134,8.9330000000,right_hand,12,0.4604207873,0.8273915052,-0.0553293936,1.0000000000
135,9.0000000000,right_hand,12,0.4596059918,0.8267670870,-0.0630760938,1.0000000000
136,9.0670000000,right_hand,12,0.4596517980,0.8297504187,-0.0643248335,1.0000000000
137,9.1330000000,right_hand,12,0.4578120112,0.8323146105,-0.0638415217,1.0000000000
138,9.2000000000,right_hand,12,0.4594948888,0.8309931755,-0.0659624189,1.0000000000
139,9.2670000000,right_hand,12,0.4611519873,0.8302785158,-0.0583212040,1.0000000000
140,9.3330000000,right_hand,12,0.4603680372,0.8322915435,-0.0636140555,1.0000000000
141,9.4000000000,right_hand,12,0.4624024928,0.8291347623,-0.0642293021,1.0000000000
142,9.4670000000,right_hand,12,0.4648677707,0.8322867155,-0.0639125928,1.0000000000
143,9.5330000000,right_hand,12,0.4639028907,0.8310005665,-0.0647222474,1.0000000000
144,9.6000000000,right_hand,12,0.4661236405,0.8310957551,-0.0737589002,1.0000000000
145,9.6670000000,right_hand,12,0.4641231000,0.8335840702,-0.0668731108,1.0000000000
146,9.7330000000,right_hand,12,0.4628101885,0.8331097960,-0.0627911538,1.0000000000
147,9.8000000000,right_hand,12,0.4630501568,0.8316172361,-0.0558957458,1.0000000000
148,9.8670000000,right_hand,12,0.4623374343,0.8301281929,-0.0608486533,1.0000000000
149,9.9330000000,right_hand,12,0.4623291194,0.8303607702,-0.0534270592,1.0000000000
150,10.0000000000,right_hand,12,0.4598128498,0.8295955658,-0.0568145588,1.0000000000
151,10.0670000000,right_hand,12,0.4582978487,0.8266452551,-0.0538564436,1.0000000000
152,10.1330000000,right_hand,12,0.4573121071,0.8311060071,-0.0623289980,1.0000000000
153,10.2000000000,right_hand,12,0.4563669264,0.8299851418,-0.0597911477,1.0000000000
154,10.2670000000,right_hand,12,0.4536249936,0.8312382102,-0.0589259081,1.0000000000
155,10.3330000000,right_hand,12,0.4540245831,0.8293766975,-0.0561499000,1.0000000000
156,10.4000000000,right_hand,12,0.4545991421,0.8293048143,-0.0594724119,1.0000000000
157,10.4670000000,right_hand,12,0.4522291720,0.8317095041,-0.0541992560,1.0000000000
158,10.5330000000,right_hand,12,0.4527730346,0.8340774179,-0.0563816056,1.0000000000
159,10.6000000000,right_hand,12,0.4513237774,0.8334209919,-0.0555859134,1.0000000000
160,10.6670000000,right_hand,12,0.4575630426,0.8313001990,-0.0578422844,1.0000000000
161,10.7330000000,right_hand,12,0.4557464421,0.8329049349,-0.0626811907,1.0000000000
162,10.8000000000,right_hand,12,0.4568200111,0.8324126005,-0.0621940941,1.0000000000
163,10.8670000000,right_hand,12,0.4577050507,0.8320801854,-0.0644263998,1.0000000000
164,10.9330000000,right_hand,12,0.4558384717,0.8334926367,-0.0609318241,1.0000000000
165,11.0000000000,right_hand,12,0.4561060071,0.8327772617,-0.0642814189,1.0000000000
166,11.0670000000,right_hand,12,0.4553065896,0.8350763321,-0.0593664981,1.0000000000
167,11.1330000000,right_hand,12,0.4560509622,0.8345680237,-0.0578430444,1.0000000000
168,11.2000000000,right_hand,12,0.4542477131,0.8341035247,-0.0637602732,1.0000000000
169,11.2670000000,right_hand,12,0.4537328184,0.8337872624,-0.0625683293,1.0000000000
170,11.3330000000,right_hand,12,0.4527215660,0.8334047794,-0.0641215816,1.0000000000
171,11.4000000000,right_hand,12,0.4524445832,0.8302305341,-0.0619455650,1.0000000000
172,11.4670000000,right_hand,12,0.4533424973,0.8319839835,-0.0661176816,1.0000000000
173,11.5330000000,right_hand,12,0.4528945386,0.8333217502,-0.0707445890,1.0000000000
174,11.6000000000,right_hand,12,0.4546621144,0.8315644264,-0.0685083196,1.0000000000
175,11.6670000000,right_hand,12,0.4551545680,0.8302426934,-0.0632051751,1.0000000000
176,11.7330000000,right_hand,12,0.4591090977,0.8274303675,-0.0696075335,1.0000000000
177,11.8000000000,right_hand,12,0.4558486342,0.8330743313,-0.0586255118,1.0000000000
178,11.8670000000,right_hand,12,0.4598262310,0.8276663423,-0.0647578388,1.0000000000
179,11.9330000000,right_hand,12,0.4593567550,0.8271367550,-0.0598659925,1.0000000000
180,12.0000000000,right_hand,12,0.4594429731,0.8302937746,-0.0730070770,1.0000000000
75,5.0000000000,right_hand,13,0.3883649111,0.7101796269,-0.0400761776,1.0000000000
76,5.0670000000,right_hand,13,0.3901890218,0.7119899988,-0.0355768614,1.0000000000
77,5.1330000000,right_hand,13,0.3898338377,0.7124922872,-0.0382481776,1.0000000000
78,5.2000000000,right_hand,13,0.3876969218,0.7116741538,-0.0411275886,1.0000000000
79,5.2670000000,right_hand,13,0.3890571296,0.7104276419,-0.0421635211,1.0000000000
80,5.3330000000,right_hand,13,0.3883007169,0.7123787999,-0.0386178270,1.0000000000
81,5.4000000000,right_hand,13,0.3863048255,0.7132475376,-0.0427172557,1.0000000000
82,5.4670000000,right_hand,13,0.3870408237,0.7129935026,-0.0408056267,1.0000000000
83,5.5330000000,right_hand,13,0.3893978000,0.7117250562,-0.0398334898,1.0000000000
84,5.6000000000,right_hand,13,0.3872360289,0.7115358114,-0.0417128056,1.0000000000
85,5.6670000000,right_hand,13,0.3867469132,0.7136568427,-0.0400259197,1.0000000000
86,5.7330000000,right_hand,13,0.3854498565,0.7071955204,-0.0427729897,1.0000000000
87,5.8000000000,right_hand,13,0.3875100017,0.7052782178,-0.0403883047,1.0000000000
88,5.8670000000,right_hand,13,0.3896628916,0.6924061179,-0.0412313007,1.0000000000
89,5.9330000000,right_hand,13,0.3874052167,0.7000061274,-0.0448139049,1.0000000000
90,6.0000000000,right_hand,13,0.3886991739,0.7003100514,-0.0455503762,1.0000000000
91,6.0670000000,right_hand,13,0.3902661502,0.6993243098,-0.0412582234,1.0000000000
92,6.1330000000,right_hand,13,0.3921536207,0.7031886578,-0.0417332686,1.0000000000
93,6.2000000000,right_hand,13,0.3908098936,0.7053729296,-0.0398863889,1.0000000000
94,6.2670000000,right_hand,13,0.3911914527,0.7037994266,-0.0432398841,1.0000000000
95,6.3330000000,right_hand,13,0.3899298906,0.7054046392,-0.0424778499,1.0000000000
96,6.4000000000,right_hand,13,0.3907352686,0.7025313377,-0.0415026322,1.0000000000
97,6.4670000000,right_hand,13,0.3921785951,0.7029824257,-0.0395295098,1.0000000000
98,6.5330000000,right_hand,13,0.3937990665,0.7021163702,-0.0397330523,1.0000000000
99,6.6000000000,right_hand,13,0.3911665380,0.7051901817,-0.0417369343,1.0000000000
100,6.6670000000,right_hand,13,0.3911912739,0.7063279748,-0.0418174267,1.0000000000
101,6.7330000000,right_hand,13,0.3916120231,0.7059528232,-0.0383826494,1.0000000000
102,6.8000000000,right_hand,13,0.3920779228,0.7077546716,-0.0400847979,1.0000000000
103,6.8670000000,right_hand,13,0.3904429674,0.7052921057,-0.0414710902,1.0000000000
104,6.9330000000,right_hand,13,0.3878003359,0.7064433694,-0.0431735180,1.0000000000
105,7.0000000000,right_hand,13,0.3910082281,0.7064758539,-0.0413729362,1.0000000000
106,7.0670000000,right_hand,13,0.3908227384,0.7052459717,-0.0387457944,1.0000000000
107,7.1330000000,right_hand,13,0.3888137341,0.7086248398,-0.0405109003,1.0000000000
108,7.2000000000,right_hand,13,0.3878111839,0.7053006291,-0.0463802032,1.0000000000
109,7.2670000000,right_hand,13,0.3896482289,0.7063680887,-0.0402663089,1.0000000000
110,7.3330000000,right_hand,13,0.3873995543,0.7050869465,-0.0471480265,1.0000000000
111,7.4000000000,right_hand,13,0.3910531104,0.7093924284,-0.0402036533,1.0000000000
112,7.4670000000,right_hand,13,0.3882729709,0.7075297236,-0.0418734625,1.0000000000
113,7.5330000000,right_hand,13,0.3890600204,0.7059997916,-0.0405579507,1.0000000000
114,7.6000000000,right_hand,13,0.3878125846,0.7076745033,-0.0429547876,1.0000000000
115,7.6670000000,right_hand,13,0.3872039914,0.7085508108,-0.0434936136,1.0000000000
116,7.7330000000,right_hand,13,0.3892296553,0.7074376941,-0.0423127152,1.0000000000
117,7.8000000000,right_hand,13,0.3904344738,0.7069697976,-0.0419888906,1.0000000000
118,7.8670000000,right_hand,13,0.3896098733,0.7085306048,-0.0411517024,1.0000000000
119,7.9330000000,right_hand,13,0.3884878159,0.7060537934,-0.0458979309,1.0000000000
120,8.0000000000,right_hand,13,0.3908791840,0.7090623975,-0.0383951887,1.0000000000
121,8.0670000000,right_hand,13,0.3883741498,0.7084812522,-0.0420046970,1.0000000000
122,8.1330000000,right_hand,13,0.3909205794,0.7039295435,-0.0418413803,1.0000000000
123,8.2000000000,right_hand,13,0.3906716406,0.7044278383,-0.0396169461,1.0000000000
124,8.2670000000,right_hand,13,0.3901259899,0.7062762976,-0.0436124317,1.0000000000
125,8.3330000000,right_hand,13,0.3917985857,0.7064015269,-0.0433104001,1.0000000000
126,8.4000000000,right_hand,13,0.3911987543,0.7061662078,-0.0419032723,1.0000000000
127,8.4670000000,right_hand,13,0.3925066292,0.7059310675,-0.0392737612,1.0000000000
128,8.5330000000,right_hand,13,0.3927210569,0.7062979341,-0.0427739359,1.0000000000
129,8.6000000000,right_hand,13,0.3902180493,0.7076746225,-0.0429590605,1.0000000000
130,8.6670000000,right_hand,13,0.3908221126,0.7039101720,-0.0426044576,1.0000000000
131,8.7330000000,right_hand,13,0.3916991651,0.7060075402,-0.0375642404,1.0000000000
132,8.8000000000,right_hand,13,0.3901974559,0.7066631913,-0.0403634757,1.0000000000
133,8.8670000000,right_hand,13,0.3906987906,0.7060973048,-0.0389532894,1.0000000000
134,8.9330000000,right_hand,13,0.3900237978,0.7078276873,-0.0402127542,1.0000000000
135,9.0000000000,right_hand,13,0.3890611529,0.7062589526,-0.0438602231,1.0000000000
136,9.0670000000,right_hand,13,0.3893693984,0.7071965337,-0.0444482267,1.0000000000
137,9.1330000000,right_hand,13,0.3919058740,0.7077140808,-0.0441911072,1.0000000000
138,9.2000000000,right_hand,13,0.3896202147,0.7082068324,-0.0464414023,1.0000000000
139,9.2670000000,right_hand,13,0.3927634060,0.7064810991,-0.0422136672,1.0000000000
140,9.3330000000,right_hand,13,0.3905381858,0.7106487751,-0.0441280864,1.0000000000
141,9.4000000000,right_hand,13,0.3911454082,0.7079430223,-0.0449838452,1.0000000000
142,9.4670000000,right_hand,13,0.3915896714,0.7099354863,-0.0442482829,1.0000000000
143,9.5330000000,right_hand,13,0.3926837146,0.7116752863,-0.0435363539,1.0000000000
144,9.6000000000,right_hand,13,0.3931350112,0.7088313103,-0.0502674766,1.0000000000
145,9.6670000000,right_hand,13,0.3929269314,0.7112326026,-0.0464059748,1.0000000000
146,9.7330000000,right_hand,13,0.3917195499,0.7124680877,-0.0444404371,1.0000000000
147,9.8000000000,right_hand,13,0.3918114305,0.7114635706,-0.0408800803,1.0000000000
148,9.8670000000,right_hand,13,0.3907605708,0.7118256092,-0.0414033383,1.0000000000
149,9.9330000000,right_hand,13,0.3912446201,0.7163293362,-0.0368364826,1.0000000000
150,10.0000000000,right_hand,13,0.3894731104,0.7158020139,-0.0390692130,1.0000000000
151,10.0670000000,right_hand,13,0.3902712464,0.7105459571,-0.0377541855,1.0000000000
152,10.1330000000,right_hand,13,0.3868962526,0.7141887546,-0.0426868834,1.0000000000
153,10.2000000000,right_hand,13,0.3858918846,0.7124730945,-0.0406532399,1.0000000000
154,10.2670000000,right_hand,13,0.3847314417,0.7103548050,-0.0391807221,1.0000000000
155,10.3330000000,right_hand,13,0.3861894608,0.7072887421,-0.0398812704,1.0000000000
156,10.4000000000,right_hand,13,0.3848756254,0.7108247876,-0.0402602963,1.0000000000
157,10.4670000000,right_hand,13,0.3859255016,0.7098604441,-0.0378838852,1.0000000000
158,10.5330000000,right_hand,13,0.3851884007,0.7114513516,-0.0383996405,1.0000000000
159,10.6000000000,right_hand,13,0.3849631548,0.7119560242,-0.0374758206,1.0000000000
160,10.6670000000,right_hand,13,0.3926109076,0.7032139301,-0.0370827392,1.0000000000
161,10.7330000000,right_hand,13,0.3877482414,0.7122495770,-0.0427636467,1.0000000000
162,10.8000000000,right_hand,13,0.3911395073,0.7091028690,-0.0399439409,1.0000000000
163,10.8670000000,right_hand,13,0.3882478476,0.7093322277,-0.0419915020,1.0000000000
164,10.9330000000,right_hand,13,0.3882165253,0.7110155821,-0.0408904143,1.0000000000
165,11.0000000000,right_hand,13,0.3882642388,0.7107751966,-0.0428148992,1.0000000000
166,11.0670000000,right_hand,13,0.3897067010,0.7156879902,-0.0409294702,1.0000000000
167,11.1330000000,right_hand,13,0.3885506094,0.7125035524,-0.0404202528,1.0000000000
168,11.2000000000,right_hand,13,0.3852234185,0.7146503329,-0.0430689789,1.0000000000
169,11.2670000000,right_hand,13,0.3859762847,0.7143689990,-0.0432853401,1.0000000000
170,11.3330000000,right_hand,13,0.3841545284,0.7138580084,-0.0420113131,1.0000000000
171,11.4000000000,right_hand,13,0.3856652081,0.7158565521,-0.0413317457,1.0000000000
172,11.4670000000,right_hand,13,0.3875944316,0.7138357162,-0.0420027077,1.0000000000
173,11.5330000000,right_hand,13,0.3859913349,0.7112380266,-0.0457709804,1.0000000000
174,11.6000000000,right_hand,13,0.3865703642,0.7117418647,-0.0454351567,1.0000000000
175,11.6670000000,right_hand,13,0.3888254762,0.7139860392,-0.0429739319,1.0000000000
176,11.7330000000,right_hand,13,0.3885385990,0.7100518346,-0.0449767634,1.0000000000
177,11.8000000000,right_hand,13,0.3876335919,0.7138937712,-0.0415370129,1.0000000000
178,11.8670000000,right_hand,13,0.3885890245,0.7103272080,-0.0433075987,1.0000000000
179,11.9330000000,right_hand,13,0.3880488276,0.7092111111,-0.0418968238,1.0000000000
180,12.0000000000,right_hand,13,0.3884485364,0.7110964656,-0.0494636185,1.0000000000
75,5.0000000000,right_hand,14,0.4163480401,0.7749961615,-0.0508081503,1.0000000000
76,5.0670000000,right_hand,14,0.4141453207,0.7749927640,-0.0457783528,1.0000000000
77,5.1330000000,right_hand,14,0.4147332907,0.7748249173,-0.0489437468,1.0000000000
78,5.2000000000,right_hand,14,0.4148538709,0.7756911516,-0.0523474701,1.0000000000
79,5.2670000000,right_hand,14,0.4148279428,0.7718047500,-0.0548016243,1.0000000000
80,5.3330000000,right_hand,14,0.4152830243,0.7735466361,-0.0503310487,1.0000000000
81,5.4000000000,right_hand,14,0.4120402634,0.7743856311,-0.0556760095,1.0000000000
82,5.4670000000,right_hand,14,0.4142659605,0.7739179730,-0.0527324341,1.0000000000
83,5.5330000000,right_hand,14,0.4149032533,0.7756285667,-0.0507389419,1.0000000000
84,5.6000000000,right_hand,14,0.4139240086,0.7732222080,-0.0535082333,1.0000000000
85,5.6670000000,right_hand,14,0.4122767746,0.7743946314,-0.0523543172,1.0000000000
86,5.7330000000,right_hand,14,0.4101419449,0.7709398866,-0.0555568077,1.0000000000
87,5.8000000000,right_hand,14,0.4139784575,0.7664390802,-0.0533734076,1.0000000000
88,5.8670000000,right_hand,14,0.4153532982,0.7613188624,-0.0540235117,1.0000000000
89,5.9330000000,right_hand,14,0.4129993916,0.7669818997,-0.0573099628,1.0000000000
90,6.0000000000,right_hand,14,0.4142757952,0.7660787106,-0.0592015088,1.0000000000
91,6.0670000000,right_hand,14,0.4163155258,0.7658320665,-0.0541786663,1.0000000000
92,6.1330000000,right_hand,14,0.4184237123,0.7683942318,-0.0526464432,1.0000000000
93,6.2000000000,right_hand,14,0.4183402658,0.7687543035,-0.0507292561,1.0000000000
94,6.2670000000,right_hand,14,0.4186977148,0.7690314651,-0.0549116954,1.0000000000
95,6.3330000000,right_hand,14,0.4167137444,0.7675798535,-0.0548520200,1.0000000000
96,6.4000000000,right_hand,14,0.4179487824,0.7681055069,-0.0541810840,1.0000000000
97,6.4670000000,right_hand,14,0.4184466600,0.7692371607,-0.0509719104,1.0000000000
98,6.5330000000,right_hand,14,0.4212501049,0.7665033937,-0.0500936657,1.0000000000
99,6.6000000000,right_hand,14,0.4182881713,0.7693090439,-0.0533284433,1.0000000000
100,6.6670000000,right_hand,14,0.4197028279,0.7707743645,-0.0521109290,1.0000000000
101,6.7330000000,right_hand,14,0.4191413820,0.7701489925,-0.0486309119,1.0000000000
102,6.8000000000,right_hand,14,0.4200551212,0.7721352577,-0.0498625226,1.0000000000
103,6.8670000000,right_hand,14,0.4155186713,0.7697012424,-0.0532823354,1.0000000000
104,6.9330000000,right_hand,14,0.4154425561,0.7690261602,-0.0554685518,1.0000000000
105,7.0000000000,right_hand,14,0.4187553525,0.7694774866,-0.0526909083,1.0000000000
106,7.0670000000,right_hand,14,0.4171876609,0.7699239850,-0.0487520583,1.0000000000
107,7.1330000000,right_hand,14,0.4167136252,0.7718970180,-0.0508570224,1.0000000000
108,7.2000000000,right_hand,14,0.4141761363,0.7691074610,-0.0593392104,1.0000000000
109,7.2670000000,right_hand,14,0.4177328944,0.7699033022,-0.0516129956,1.0000000000
110,7.3330000000,right_hand,14,0.4147945046,0.7692161202,-0.0602966808,1.0000000000
111,7.4000000000,right_hand,14,0.4168376625,0.7735471129,-0.0508134998,1.0000000000
112,7.4670000000,right_hand,14,0.4152882993,0.7708119154,-0.0531223565,1.0000000000
113,7.5330000000,right_hand,14,0.4170292318,0.7683432698,-0.0514976792,1.0000000000
114,7.6000000000,right_hand,14,0.4154005051,0.7700623870,-0.0547354519,1.0000000000
115,7.6670000000,right_hand,14,0.4143313468,0.7703396082,-0.0558957532,1.0000000000
116,7.7330000000,right_hand,14,0.4164327979,0.7723736763,-0.0533879548,1.0000000000
117,7.8000000000,right_hand,14,0.4166814089,0.7699036598,-0.0534230992,1.0000000000
118,7.8670000000,right_hand,14,0.4155119359,0.7705563903,-0.0530835688,1.0000000000
119,7.9330000000,right_hand,14,0.4164045155,0.7699430585,-0.0585083105,1.0000000000
120,8.0000000000,right_hand,14,0.4164919257,0.7725375295,-0.0479675345,1.0000000000
121,8.0670000000,right_hand,14,0.4141660929,0.7690661550,-0.0546052828,1.0000000000
122,8.1330000000,right_hand,14,0.4175043702,0.7694246173,-0.0535302609,1.0000000000
123,8.2000000000,right_hand,14,0.4165020585,0.7690159678,-0.0504841954,1.0000000000
124,8.2670000000,right_hand,14,0.4186397195,0.7687198520,-0.0547776967,1.0000000000
125,8.3330000000,right_hand,14,0.4176575243,0.7698200345,-0.0547251329,1.0000000000
126,8.4000000000,right_hand,14,0.4183352292,0.7682063580,-0.0541794151,1.0000000000
127,8.4670000000,right_hand,14,0.4187823832,0.7684209943,-0.0507953875,1.0000000000
128,8.5330000000,right_hand,14,0.4198977053,0.7680180073,-0.0546131246,1.0000000000
129,8.6000000000,right_hand,14,0.4176009595,0.7702614665,-0.0554885268,1.0000000000
130,8.6670000000,right_hand,14,0.4185845256,0.7667021155,-0.0551718920,1.0000000000
131,8.7330000000,right_hand,14,0.4184223711,0.7702821493,-0.0485955998,1.0000000000
132,8.8000000000,right_hand,14,0.4179833531,0.7694343925,-0.0508391559,1.0000000000
133,8.8670000000,right_hand,14,0.4171879590,0.7691292763,-0.0497872531,1.0000000000
134,8.9330000000,right_hand,14,0.4176161289,0.7712412477,-0.0507336333,1.0000000000
135,9.0000000000,right_hand,14,0.4162404537,0.7700772882,-0.0559372604,1.0000000000
136,9.0670000000,right_hand,14,0.4163314104,0.7697088718,-0.0564630963,1.0000000000
137,9.1330000000,right_hand,14,0.4175468981,0.7716906667,-0.0562393069,1.0000000000
138,9.2000000000,right_hand,14,0.4166273773,0.7724450827,-0.0585625879,1.0000000000
139,9.2670000000,right_hand,14,0.4206342399,0.7701373100,-0.0533304103,1.0000000000
140,9.3330000000,right_hand,14,0.4178750217,0.7714039683,-0.0566442795,1.0000000000
141,9.4000000000,right_hand,14,0.4202461541,0.7699786425,-0.0578006729,1.0000000000
142,9.4670000000,right_hand,14,0.4193000197,0.7725596428,-0.0567274131,1.0000000000
143,9.5330000000,right_hand,14,0.4199397266,0.7730879188,-0.0562412851,1.0000000000
144,9.6000000000,right_hand,14,0.4218450487,0.7715567946,-0.0645141676,1.0000000000
145,9.6670000000,right_hand,14,0.4208333790,0.7732892632,-0.0595078953,1.0000000000
146,9.7330000000,right_hand,14,0.4203106463,0.7746892571,-0.0566282906,1.0000000000
147,9.8000000000,right_hand,14,0.4183420837,0.7756571174,-0.0519735403,1.0000000000
148,9.8670000000,right_hand,14,0.4180400372,0.7743227482,-0.0531708337,1.0000000000
149,9.9330000000,right_hand,14,0.4167637527,0.7776730657,-0.0473987460,1.0000000000
150,10.0000000000,right_hand,14,0.4152405858,0.7770497799,-0.0500540920,1.0000000000
151,10.0670000000,right_hand,14,0.4160179496,0.7730351686,-0.0482194535,1.0000000000
152,10.1330000000,right_hand,14,0.4130290449,0.7773504853,-0.0535798520,1.0000000000
153,10.2000000000,right_hand,14,0.4122760594,0.7731425166,-0.0518976673,1.0000000000
154,10.2670000000,right_hand,14,0.4104371369,0.7718022466,-0.0512364879,1.0000000000
155,10.3330000000,right_hand,14,0.4119667411,0.7711520195,-0.0507673025,1.0000000000
156,10.4000000000,right_hand,14,0.4117203653,0.7718635201,-0.0518063046,1.0000000000
157,10.4670000000,right_hand,14,0.4113265574,0.7734164000,-0.0482943431,1.0000000000
158,10.5330000000,right_hand,14,0.4110614657,0.7749969959,-0.0488617569,1.0000000000
159,10.6000000000,right_hand,14,0.4101356566,0.7746217847,-0.0477148071,1.0000000000
160,10.6670000000,right_hand,14,0.4195533693,0.7681332827,-0.0474685058,1.0000000000
161,10.7330000000,right_hand,14,0.4153262079,0.7738620043,-0.0544516146,1.0000000000
162,10.8000000000,right_hand,14,0.4173323810,0.7732297778,-0.0509286374,1.0000000000
163,10.8670000000,right_hand,14,0.4146009088,0.7725246549,-0.0537884012,1.0000000000
164,10.9330000000,right_hand,14,0.4146022797,0.7744026184,-0.0521029271,1.0000000000
165,11.0000000000,right_hand,14,0.4139072001,0.7739688754,-0.0545016378,1.0000000000
166,11.0670000000,right_hand,14,0.4161647260,0.7777811885,-0.0514506884,1.0000000000
167,11.1330000000,right_hand,14,0.4156324863,0.7762085199,-0.0511894114,1.0000000000
168,11.2000000000,right_hand,14,0.4123698473,0.7759026885,-0.0553208068,1.0000000000
169,11.2670000000,right_hand,14,0.4117036760,0.7776182890,-0.0551113188,1.0000000000
170,11.3330000000,right_hand,14,0.4080854058,0.7779738903,-0.0536261760,1.0000000000
171,11.4000000000,right_hand,14,0.4108037353,0.7756561637,-0.0525441393,1.0000000000
172,11.4670000000,right_hand,14,0.4129767716,0.7753446698,-0.0540652201,1.0000000000
173,11.5330000000,right_hand,14,0.4106509686,0.7746539712,-0.0591180325,1.0000000000
174,11.6000000000,right_hand,14,0.4121079445,0.7743917108,-0.0579392910,1.0000000000
175,11.6670000000,right_hand,14,0.4151961803,0.7742924094,-0.0545537472,1.0000000000
176,11.7330000000,right_hand,14,0.4145883918,0.7706504464,-0.0581715778,1.0000000000
177,11.8000000000,right_hand,14,0.4146489203,0.7753180861,-0.0523568057,1.0000000000
178,11.8670000000,right_hand,14,0.4138961434,0.7710551620,-0.0563230850,1.0000000000
179,11.9330000000,right_hand,14,0.4139695466,0.7710768580,-0.0535069369,1.0000000000
180,12.0000000000,right_hand,14,0.4159154296,0.7716002464,-0.0631677061,1.0000000000
75,5.0000000000,right_hand,15,0.4305402637,0.8144961596,-0.0510601550,1.0000000000
76,5.0670000000,right_hand,15,0.4276823103,0.8149042726,-0.0467333831,1.0000000000
77,5.1330000000,right_hand,15,0.4280893207,0.8152098060,-0.0501225293,1.0000000000
78,5.2000000000,right_hand,15,0.4289535284,0.8174555898,-0.0537171811,1.0000000000
79,5.2670000000,right_hand,15,0.4289951324,0.8131017089,-0.0567810722,1.0000000000
80,5.3330000000,right_hand,15,0.4300663769,0.8141047955,-0.0517197438,1.0000000000
81,5.4000000000,right_hand,15,0.4262370765,0.8142446876,-0.0572280101,1.0000000000
82,5.4670000000,right_hand,15,0.4287024140,0.8152509928,-0.0542770959,1.0000000000
83,5.5330000000,right_hand,15,0.4281664789,0.8159999847,-0.0515009314,1.0000000000
84,5.6000000000,right_hand,15,0.4284083843,0.8139292002,-0.0546448976,1.0000000000
85,5.6670000000,right_hand,15,0.4268071055,0.8142753243,-0.0539607704,1.0000000000
86,5.7330000000,right_hand,15,0.4243423343,0.8134105802,-0.0571704283,1.0000000000
87,5.8000000000,right_hand,15,0.4289074242,0.8061184287,-0.0552056059,1.0000000000
88,5.8670000000,right_hand,15,0.4299814701,0.8031100035,-0.0562686026,1.0000000000
89,5.9330000000,right_hand,15,0.4277484417,0.8099490404,-0.0585467368,1.0000000000
90,6.0000000000,right_hand,15,0.4292122126,0.8088886142,-0.0608270094,1.0000000000
91,6.0670000000,right_hand,15,0.4307621121,0.8071773052,-0.0556062125,1.0000000000
92,6.1330000000,right_hand,15,0.4328433573,0.8090208769,-0.0526026748,1.0000000000
93,6.2000000000,right_hand,15,0.4335380197,0.8095579147,-0.0514352918,1.0000000000
94,6.2670000000,right_hand,15,0.4340342879,0.8103897572,-0.0553973578,1.0000000000
95,6.3330000000,right_hand,15,0.4328173101,0.8092863560,-0.0562871657,1.0000000000
96,6.4000000000,right_hand,15,0.4333707988,0.8094484210,-0.0554597937,1.0000000000
97,6.4670000000,right_hand,15,0.4342198074,0.8096154332,-0.0523734428,1.0000000000
98,6.5330000000,right_hand,15,0.4354456961,0.8074800372,-0.0503586642,1.0000000000
99,6.6000000000,right_hand,15,0.4335819781,0.8107544184,-0.0544601232,1.0000000000
100,6.6670000000,right_hand,15,0.4341296256,0.8100013733,-0.0521973409,1.0000000000
101,6.7330000000,right_hand,15,0.4346617758,0.8080567122,-0.0497925207,1.0000000000
102,6.8000000000,right_hand,15,0.4339495599,0.8103558421,-0.0498998873,1.0000000000
103,6.8670000000,right_hand,15,0.4297487438,0.8099032044,-0.0547573715,1.0000000000
104,6.9330000000,right_hand,15,0.4314316511,0.8100267053,-0.0570221506,1.0000000000
105,7.0000000000,right_hand,15,0.4331076741,0.8083441854,-0.0535213575,1.0000000000
106,7.0670000000,right_hand,15,0.4315239191,0.8090076447,-0.0493198670,1.0000000000
107,7.1330000000,right_hand,15,0.4316835105,0.8123981357,-0.0511249080,1.0000000000
108,7.2000000000,right_hand,15,0.4299140573,0.8094944954,-0.0613471791,1.0000000000
109,7.2670000000,right_hand,15,0.4331247807,0.8103622198,-0.0527675226,1.0000000000
110,7.3330000000,right_hand,15,0.4306009710,0.8102273941,-0.0620162748,1.0000000000
111,7.4000000000,right_hand,15,0.4312179685,0.8120288849,-0.0510603413,1.0000000000
112,7.4670000000,right_hand,15,0.4312618375,0.8098562956,-0.0547951087,1.0000000000
113,7.5330000000,right_hand,15,0.4327426851,0.8084670901,-0.0529984646,1.0000000000
114,7.6000000000,right_hand,15,0.4306580424,0.8101896644,-0.0557407327,1.0000000000
115,7.6670000000,right_hand,15,0.4302875102,0.8107067347,-0.0572027117,1.0000000000
116,7.7330000000,right_hand,15,0.4312950373,0.8111707568,-0.0539226942,1.0000000000
117,7.8000000000,right_hand,15,0.4311738312,0.8104691505,-0.0542352162,1.0000000000
118,7.8670000000,right_hand,15,0.4302247763,0.8109361529,-0.0541556627,1.0000000000
119,7.9330000000,right_hand,15,0.4315039515,0.8094928265,-0.0594064854,1.0000000000
120,8.0000000000,right_hand,15,0.4303935468,0.8103262782,-0.0478938408,1.0000000000
121,8.0670000000,right_hand,15,0.4297780395,0.8096597195,-0.0563458093,1.0000000000
122,8.1330000000,right_hand,15,0.4323061407,0.8093937039,-0.0546511039,1.0000000000
123,8.2000000000,right_hand,15,0.4313865602,0.8096256256,-0.0515106246,1.0000000000
124,8.2670000000,right_hand,15,0.4342507422,0.8082311153,-0.0557788536,1.0000000000
125,8.3330000000,right_hand,15,0.4333510101,0.8091056943,-0.0564375333,1.0000000000
126,8.4000000000,right_hand,15,0.4339187145,0.8091643453,-0.0563344397,1.0000000000
127,8.4670000000,right_hand,15,0.4336129725,0.8086466789,-0.0519299395,1.0000000000
128,8.5330000000,right_hand,15,0.4350807369,0.8080449104,-0.0564597659,1.0000000000
129,8.6000000000,right_hand,15,0.4332466125,0.8112326264,-0.0572154112,1.0000000000
130,8.6670000000,right_hand,15,0.4346799850,0.8071455359,-0.0573502965,1.0000000000
131,8.7330000000,right_hand,15,0.4333167374,0.8096090555,-0.0499377921,1.0000000000
132,8.8000000000,right_hand,15,0.4334404171,0.8077777624,-0.0510620661,1.0000000000
133,8.8670000000,right_hand,15,0.4323645532,0.8079768419,-0.0506125204,1.0000000000
134,8.9330000000,right_hand,15,0.4325295091,0.8088574409,-0.0512665287,1.0000000000
135,9.0000000000,right_hand,15,0.4315006435,0.8094840050,-0.0569360815,1.0000000000
136,9.0670000000,right_hand,15,0.4319258928,0.8108859062,-0.0580189675,1.0000000000
137,9.1330000000,right_hand,15,0.4316867888,0.8131211400,-0.0575542450,1.0000000000
138,9.2000000000,right_hand,15,0.4311241508,0.8136678934,-0.0589829758,1.0000000000
139,9.2670000000,right_hand,15,0.4347625077,0.8113009334,-0.0541041046,1.0000000000
140,9.3330000000,right_hand,15,0.4334743917,0.8122138381,-0.0583852120,1.0000000000
141,9.4000000000,right_hand,15,0.4357198179,0.8106331229,-0.0591290891,1.0000000000
142,9.4670000000,right_hand,15,0.4352602065,0.8124904633,-0.0580432862,1.0000000000
143,9.5330000000,right_hand,15,0.4355098307,0.8137062788,-0.0585540868,1.0000000000
144,9.6000000000,right_hand,15,0.4380166531,0.8126341701,-0.0676120892,1.0000000000
145,9.6670000000,right_hand,15,0.4362326264,0.8158078790,-0.0608097911,1.0000000000
146,9.7330000000,right_hand,15,0.4362096488,0.8159058094,-0.0579044744,1.0000000000
147,9.8000000000,right_hand,15,0.4336852729,0.8146383166,-0.0526032336,1.0000000000
148,9.8670000000,right_hand,15,0.4336735308,0.8134678006,-0.0551545806,1.0000000000
149,9.9330000000,right_hand,15,0.4321369827,0.8158963919,-0.0490108542,1.0000000000
150,10.0000000000,right_hand,15,0.4306840599,0.8162657619,-0.0517035164,1.0000000000
151,10.0670000000,right_hand,15,0.4304927289,0.8113180399,-0.0499707423,1.0000000000
152,10.1330000000,right_hand,15,0.4277964234,0.8153606057,-0.0553456768,1.0000000000
153,10.2000000000,right_hand,15,0.4268470705,0.8128752708,-0.0534376130,1.0000000000
154,10.2670000000,right_hand,15,0.4254970551,0.8127517700,-0.0533766821,1.0000000000
155,10.3330000000,right_hand,15,0.4262057543,0.8097096086,-0.0520986430,1.0000000000
156,10.4000000000,right_hand,15,0.4272418916,0.8112885356,-0.0537713133,1.0000000000
157,10.4670000000,right_hand,15,0.4259331822,0.8121662736,-0.0493451133,1.0000000000
158,10.5330000000,right_hand,15,0.4255712330,0.8137611151,-0.0497302413,1.0000000000
159,10.6000000000,right_hand,15,0.4248938859,0.8148320913,-0.0495525748,1.0000000000
160,10.6670000000,right_hand,15,0.4334716797,0.8072040677,-0.0496965125,1.0000000000
161,10.7330000000,right_hand,15,0.4305611849,0.8139092922,-0.0565342903,1.0000000000
162,10.8000000000,right_hand,15,0.4316451550,0.8109565973,-0.0533059388,1.0000000000
163,10.8670000000,right_hand,15,0.4299631417,0.8120078444,-0.0564584471,1.0000000000
164,10.9330000000,right_hand,15,0.4295763075,0.8149384260,-0.0534062311,1.0000000000
165,11.0000000000,right_hand,15,0.4291157722,0.8151927590,-0.0562166013,1.0000000000
166,11.0670000000,right_hand,15,0.4295431674,0.8165494204,-0.0520943999,1.0000000000
167,11.1330000000,right_hand,15,0.4300068021,0.8159993887,-0.0516637973,1.0000000000
168,11.2000000000,right_hand,15,0.4280505478,0.8161244988,-0.0568465479,1.0000000000
169,11.2670000000,right_hand,15,0.4259781837,0.8160745502,-0.0559623279,1.0000000000
170,11.3330000000,right_hand,15,0.4225674272,0.8172467351,-0.0555148348,1.0000000000
171,11.4000000000,right_hand,15,0.4252108932,0.8140853643,-0.0544493534,1.0000000000
172,11.4670000000,right_hand,15,0.4269959331,0.8131402135,-0.0565117411,1.0000000000
173,11.5330000000,right_hand,15,0.4251781702,0.8140280843,-0.0618063025,1.0000000000
174,11.6000000000,right_hand,15,0.4269180000,0.8139042854,-0.0597504005,1.0000000000
175,11.6670000000,right_hand,15,0.4291832745,0.8120018244,-0.0559071153,1.0000000000
176,11.7330000000,right_hand,15,0.4293575287,0.8098068237,-0.0605474412,1.0000000000
177,11.8000000000,right_hand,15,0.4286070168,0.8149675727,-0.0531360954,1.0000000000
178,11.8670000000,right_hand,15,0.4291695654,0.8100414276,-0.0589810833,1.0000000000
179,11.9330000000,right_hand,15,0.4290535450,0.8103322983,-0.0550017841,1.0000000000
180,12.0000000000,right_hand,15,0.4314627647,0.8110312223,-0.0653208047,1.0000000000
75,5.0000000000,right_hand,16,0.4419147074,0.8419080973,-0.0511947833,1.0000000000
76,5.0670000000,right_hand,16,0.4377780557,0.8434317708,-0.0473949276,1.0000000000
77,5.1330000000,right_hand,16,0.4383956790,0.8431900144,-0.0507986210,1.0000000000
78,5.2000000000,right_hand,16,0.4399294257,0.8453651667,-0.0544094816,1.0000000000
79,5.2670000000,right_hand,16,0.4399572909,0.8410003185,-0.0577477925,1.0000000000
80,5.3330000000,right_hand,16,0.4410760403,0.8413931727,-0.0522773564,1.0000000000
81,5.4000000000,right_hand,16,0.4375830889,0.8420087695,-0.0579353310,1.0000000000
82,5.4670000000,right_hand,16,0.4397056401,0.8427732587,-0.0550549105,1.0000000000
83,5.5330000000,right_hand,16,0.4380901456,0.8426924348,-0.0517568998,1.0000000000
84,5.6000000000,right_hand,16,0.4392155707,0.8403841257,-0.0549077392,1.0000000000
85,5.6670000000,right_hand,16,0.4377985597,0.8399306536,-0.0545147583,1.0000000000
86,5.7330000000,right_hand,16,0.4347724617,0.8406814337,-0.0578863770,1.0000000000
87,5.8000000000,right_hand,16,0.4400087595,0.8330429792,-0.0559423491,1.0000000000
88,5.8670000000,right_hand,16,0.4411497414,0.8322018981,-0.0574186593,1.0000000000
89,5.9330000000,right_hand,16,0.4388557076,0.8381223083,-0.0588266663,1.0000000000
90,6.0000000000,right_hand,16,0.4401870072,0.8363333941,-0.0613344796,1.0000000000
91,6.0670000000,right_hand,16,0.4416420758,0.8348934650,-0.0560048334,1.0000000000
92,6.1330000000,right_hand,16,0.4434725344,0.8355576396,-0.0524542890,1.0000000000
93,6.2000000000,right_hand,16,0.4445747137,0.8354021311,-0.0516052023,1.0000000000
94,6.2670000000,right_hand,16,0.4456225038,0.8370653391,-0.0554243140,1.0000000000
95,6.3330000000,right_hand,16,0.4445613623,0.8362182975,-0.0568664372,1.0000000000
96,6.4000000000,right_hand,16,0.4451265335,0.8369349241,-0.0559179485,1.0000000000
97,6.4670000000,right_hand,16,0.4465675056,0.8379398584,-0.0532173850,1.0000000000
98,6.5330000000,right_hand,16,0.4463374019,0.8361923695,-0.0506050438,1.0000000000
99,6.6000000000,right_hand,16,0.4451379776,0.8380465508,-0.0549829006,1.0000000000
100,6.6670000000,right_hand,16,0.4451405406,0.8361539841,-0.0524176247,1.0000000000
101,6.7330000000,right_hand,16,0.4464656711,0.8331529498,-0.0506218038,1.0000000000
102,6.8000000000,right_hand,16,0.4446646571,0.8359625340,-0.0500633121,1.0000000000
103,6.8670000000,right_hand,16,0.4413417280,0.8350543976,-0.0553442948,1.0000000000
104,6.9330000000,right_hand,16,0.4434108138,0.8368399739,-0.0578287356,1.0000000000
105,7.0000000000,right_hand,16,0.4443609416,0.8345481753,-0.0539169349,1.0000000000
106,7.0670000000,right_hand,16,0.4425904751,0.8353645802,-0.0496091247,1.0000000000
107,7.1330000000,right_hand,16,0.4426315129,0.8388051391,-0.0510174669,1.0000000000
108,7.2000000000,right_hand,16,0.4420633912,0.8359086514,-0.0624549203,1.0000000000
109,7.2670000000,right_hand,16,0.4443466067,0.8361335993,-0.0532256477,1.0000000000
110,7.3330000000,right_hand,16,0.4428738952,0.8365718126,-0.0629847646,1.0000000000
111,7.4000000000,right_hand,16,0.4423962533,0.8388210535,-0.0510156453,1.0000000000
112,7.4670000000,right_hand,16,0.4440372586,0.8352604508,-0.0556897037,1.0000000000
113,7.5330000000,right_hand,16,0.4445615411,0.8363164067,-0.0538213104,1.0000000000
114,7.6000000000,right_hand,16,0.4423674643,0.8354861736,-0.0560990572,1.0000000000
115,7.6670000000,right_hand,16,0.4421677291,0.8369467258,-0.0577713996,1.0000000000
116,7.7330000000,right_hand,16,0.4425983429,0.8370425701,-0.0539491028,1.0000000000
117,7.8000000000,right_hand,16,0.4420577288,0.8371331692,-0.0545638651,1.0000000000
118,7.8670000000,right_hand,16,0.4410342872,0.8387517333,-0.0546626076,1.0000000000
119,7.9330000000,right_hand,16,0.4429826140,0.8353175521,-0.0597759001,1.0000000000
120,8.0000000000,right_hand,16,0.4410988688,0.8358510137,-0.0478463136,1.0000000000
121,8.0670000000,right_hand,16,0.4414940178,0.8366335630,-0.0572633073,1.0000000000
122,8.1330000000,right_hand,16,0.4437750876,0.8372167349,-0.0553039201,1.0000000000
123,8.2000000000,right_hand,16,0.4427524805,0.8367445469,-0.0521120690,1.0000000000
124,8.2670000000,right_hand,16,0.4461981654,0.8344535232,-0.0564316809,1.0000000000
125,8.3330000000,right_hand,16,0.4457160532,0.8353563547,-0.0574693047,1.0000000000
126,8.4000000000,right_hand,16,0.4458461702,0.8376417160,-0.0573978163,1.0000000000
127,8.4670000000,right_hand,16,0.4449653029,0.8358604908,-0.0523474999,1.0000000000
128,8.5330000000,right_hand,16,0.4467143118,0.8338903785,-0.0573057793,1.0000000000
129,8.6000000000,right_hand,16,0.4448816180,0.8382053971,-0.0581488535,1.0000000000
130,8.6670000000,right_hand,16,0.4471262991,0.8345759511,-0.0584932566,1.0000000000
131,8.7330000000,right_hand,16,0.4447381794,0.8369921446,-0.0507066250,1.0000000000
132,8.8000000000,right_hand,16,0.4450299144,0.8340393305,-0.0512046814,1.0000000000
133,8.8670000000,right_hand,16,0.4442423582,0.8345775604,-0.0510446839,1.0000000000
134,8.9330000000,right_hand,16,0.4442977011,0.8340141773,-0.0515533537,1.0000000000
135,9.0000000000,right_hand,16,0.4434534311,0.8349081278,-0.0572555661,1.0000000000
136,9.0670000000,right_hand,16,0.4437212646,0.8374788165,-0.0587614551,1.0000000000
137,9.1330000000,right_hand,16,0.4425170124,0.8415325880,-0.0580281168,1.0000000000
138,9.2000000000,right_hand,16,0.4420145750,0.8400791287,-0.0591360964,1.0000000000
139,9.2670000000,right_hand,16,0.4455420971,0.8386426568,-0.0545255803,1.0000000000
140,9.3330000000,right_hand,16,0.4450310469,0.8390313983,-0.0591705628,1.0000000000
141,9.4000000000,right_hand,16,0.4474879801,0.8373675346,-0.0597731471,1.0000000000
142,9.4670000000,right_hand,16,0.4476325214,0.8384190798,-0.0584203675,1.0000000000
143,9.5330000000,right_hand,16,0.4475586712,0.8409376740,-0.0600982718,1.0000000000
144,9.6000000000,right_hand,16,0.4505972862,0.8388324976,-0.0693096593,1.0000000000
145,9.6670000000,right_hand,16,0.4476422668,0.8433919549,-0.0613225847,1.0000000000
146,9.7330000000,right_hand,16,0.4479812384,0.8424112201,-0.0586979575,1.0000000000
147,9.8000000000,right_hand,16,0.4456736147,0.8411334753,-0.0528563373,1.0000000000
148,9.8670000000,right_hand,16,0.4458818138,0.8389719725,-0.0562566146,1.0000000000
149,9.9330000000,right_hand,16,0.4447320998,0.8419803381,-0.0497924276,1.0000000000
150,10.0000000000,right_hand,16,0.4431635141,0.8425061107,-0.0525833443,1.0000000000
151,10.0670000000,right_hand,16,0.4427440166,0.8380055428,-0.0507362001,1.0000000000
152,10.1330000000,right_hand,16,0.4395574033,0.8409439921,-0.0561921038,1.0000000000
153,10.2000000000,right_hand,16,0.4388737082,0.8394916058,-0.0539901629,1.0000000000
154,10.2670000000,right_hand,16,0.4368244410,0.8403007984,-0.0543051921,1.0000000000
155,10.3330000000,right_hand,16,0.4375417531,0.8367210031,-0.0527417548,1.0000000000
156,10.4000000000,right_hand,16,0.4391129315,0.8380718231,-0.0547578707,1.0000000000
157,10.4670000000,right_hand,16,0.4369890094,0.8374521732,-0.0499046445,1.0000000000
158,10.5330000000,right_hand,16,0.4360854328,0.8394765854,-0.0500120223,1.0000000000
159,10.6000000000,right_hand,16,0.4361497760,0.8414983153,-0.0504791178,1.0000000000
160,10.6670000000,right_hand,16,0.4436481595,0.8359335065,-0.0510198325,1.0000000000
161,10.7330000000,right_hand,16,0.4420900941,0.8418100476,-0.0575040840,1.0000000000
162,10.8000000000,right_hand,16,0.4422524571,0.8388297558,-0.0546264388,1.0000000000
163,10.8670000000,right_hand,16,0.4420688450,0.8398029208,-0.0578248464,1.0000000000
164,10.9330000000,right_hand,16,0.4410488904,0.8427903652,-0.0538509227,1.0000000000
165,11.0000000000,right_hand,16,0.4407444894,0.8418405056,-0.0570182763,1.0000000000
166,11.0670000000,right_hand,16,0.4394626021,0.8422434926,-0.0522288270,1.0000000000
167,11.1330000000,right_hand,16,0.4406439364,0.8417576551,-0.0517682359,1.0000000000
168,11.2000000000,right_hand,16,0.4396247566,0.8405814171,-0.0573101453,1.0000000000
169,11.2670000000,right_hand,16,0.4372807145,0.8408330679,-0.0562943965,1.0000000000
170,11.3330000000,right_hand,16,0.4341683686,0.8428187966,-0.0566000231,1.0000000000
171,11.4000000000,right_hand,16,0.4364537299,0.8399945498,-0.0553745069,1.0000000000
172,11.4670000000,right_hand,16,0.4380601048,0.8398777246,-0.0577565916,1.0000000000
173,11.5330000000,right_hand,16,0.4367921948,0.8413183093,-0.0631272718,1.0000000000
174,11.6000000000,right_hand,16,0.4384509027,0.8402510881,-0.0605005547,1.0000000000
175,11.6670000000,right_hand,16,0.4399772584,0.8376697898,-0.0564213805,1.0000000000
176,11.7330000000,right_hand,16,0.4411221147,0.8366461992,-0.0615186132,1.0000000000
177,11.8000000000,right_hand,16,0.4388437867,0.8407875299,-0.0533475392,1.0000000000
178,11.8670000000,right_hand,16,0.4418840408,0.8363469243,-0.0601721033,1.0000000000
179,11.9330000000,right_hand,16,0.4410379529,0.8369207382,-0.0554593429,1.0000000000
180,12.0000000000,right_hand,16,0.4434492290,0.8376803398,-0.0662569106,1.0000000000
75,5.0000000000,right_hand,17,0.3738882244,0.7304086089,-0.0441184863,1.0000000000
76,5.0670000000,right_hand,17,0.3753602803,0.7310633063,-0.0390611105,1.0000000000
77,5.1330000000,right_hand,17,0.3752752841,0.7309753895,-0.0430479720,1.0000000000
78,5.2000000000,right_hand,17,0.3729898334,0.7308046818,-0.0457328111,1.0000000000
79,5.2670000000,right_hand,17,0.3745697439,0.7291532755,-0.0464112647,1.0000000000
80,5.3330000000,right_hand,17,0.3737362623,0.7327391505,-0.0428304970,1.0000000000
81,5.4000000000,right_hand,17,0.3708599210,0.7321203947,-0.0472057275,1.0000000000
82,5.4670000000,right_hand,17,0.3728765845,0.7328760624,-0.0447930843,1.0000000000
83,5.5330000000,right_hand,17,0.3755739927,0.7320655584,-0.0442057587,1.0000000000
84,5.6000000000,right_hand,17,0.3730275929,0.7315462232,-0.0465411842,1.0000000000
85,5.6670000000,right_hand,17,0.3737140596,0.7340129018,-0.0438926406,1.0000000000
86,5.7330000000,right_hand,17,0.3712781072,0.7267360687,-0.0468865409,1.0000000000
87,5.8000000000,right_hand,17,0.3745020032,0.7267050743,-0.0436690487,1.0000000000
88,5.8670000000,right_hand,17,0.3774935305,0.7099038959,-0.0432345197,1.0000000000
89,5.9330000000,right_hand,17,0.3726089001,0.7213274240,-0.0484550111,1.0000000000
90,6.0000000000,right_hand,17,0.3741605282,0.7211497426,-0.0482997708,1.0000000000
91,6.0670000000,right_hand,17,0.3761459589,0.7201159596,-0.0437339135,1.0000000000
92,6.1330000000,right_hand,17,0.3781419992,0.7243114114,-0.0448675156,1.0000000000
93,6.2000000000,right_hand,17,0.3775544763,0.7271451354,-0.0427222885,1.0000000000
94,6.2670000000,right_hand,17,0.3771648407,0.7253484726,-0.0465713665,1.0000000000
95,6.3330000000,right_hand,17,0.3761877418,0.7275464535,-0.0457091220,1.0000000000
96,6.4000000000,right_hand,17,0.3765061200,0.7226128578,-0.0451551601,1.0000000000
97,6.4670000000,right_hand,17,0.3773140311,0.7224278450,-0.0429472737,1.0000000000
98,6.5330000000,right_hand,17,0.3783900142,0.7217926383,-0.0440669991,1.0000000000
99,6.6000000000,right_hand,17,0.3768317997,0.7251818180,-0.0450969078,1.0000000000
100,6.6670000000,right_hand,17,0.3766422272,0.7273825407,-0.0453575887,1.0000000000
101,6.7330000000,right_hand,17,0.3775908947,0.7265498638,-0.0410952903,1.0000000000
102,6.8000000000,right_hand,17,0.3778600097,0.7286706567,-0.0435732156,1.0000000000
103,6.8670000000,right_hand,17,0.3764313161,0.7250541449,-0.0446493551,1.0000000000
104,6.9330000000,right_hand,17,0.3736722469,0.7277683020,-0.0458473675,1.0000000000
105,7.0000000000,right_hand,17,0.3773801625,0.7275959849,-0.0446650572,1.0000000000
106,7.0670000000,right_hand,17,0.3770363331,0.7263587713,-0.0418972559,1.0000000000
107,7.1330000000,right_hand,17,0.3748004735,0.7299116254,-0.0432247221,1.0000000000
108,7.2000000000,right_hand,17,0.3737083972,0.7266049981,-0.0492144674,1.0000000000
109,7.2670000000,right_hand,17,0.3760875165,0.7279995084,-0.0431472026,1.0000000000
110,7.3330000000,right_hand,17,0.3732093275,0.7259541154,-0.0502914339,1.0000000000
111,7.4000000000,right_hand,17,0.3759070039,0.7294241190,-0.0445145220,1.0000000000
112,7.4670000000,right_hand,17,0.3747979403,0.7280814052,-0.0449756980,1.0000000000
113,7.5330000000,right_hand,17,0.3753702343,0.7267645597,-0.0431407392,1.0000000000
114,7.6000000000,right_hand,17,0.3742112219,0.7279736400,-0.0460928306,1.0000000000
115,7.6670000000,right_hand,17,0.3739640415,0.7308263779,-0.0458931886,1.0000000000
116,7.7330000000,right_hand,17,0.3755487502,0.7288866043,-0.0459316447,1.0000000000
117,7.8000000000,right_hand,17,0.3765611947,0.7283867002,-0.0455250517,1.0000000000
118,7.8670000000,right_hand,17,0.3757321239,0.7292411923,-0.0441175364,1.0000000000
119,7.9330000000,right_hand,17,0.3748436868,0.7278869152,-0.0488883145,1.0000000000
120,8.0000000000,right_hand,17,0.3776317239,0.7309796214,-0.0410767607,1.0000000000
121,8.0670000000,right_hand,17,0.3747600019,0.7305750847,-0.0444089659,1.0000000000
122,8.1330000000,right_hand,17,0.3767333925,0.7243981361,-0.0451501012,1.0000000000
123,8.2000000000,right_hand,17,0.3765444756,0.7235776186,-0.0426065736,1.0000000000
124,8.2670000000,right_hand,17,0.3762231469,0.7264685631,-0.0463713109,1.0000000000
125,8.3330000000,right_hand,17,0.3781844676,0.7266237736,-0.0461906604,1.0000000000
126,8.4000000000,right_hand,17,0.3772383928,0.7274891734,-0.0448579304,1.0000000000
127,8.4670000000,right_hand,17,0.3784517944,0.7257815003,-0.0423737243,1.0000000000
128,8.5330000000,right_hand,17,0.3791155517,0.7266672254,-0.0462348200,1.0000000000
129,8.6000000000,right_hand,17,0.3766805530,0.7283463478,-0.0453567207,1.0000000000
130,8.6670000000,right_hand,17,0.3769737482,0.7244571447,-0.0454920083,1.0000000000
131,8.7330000000,right_hand,17,0.3779373467,0.7242350578,-0.0405007340,1.0000000000
132,8.8000000000,right_hand,17,0.3769654334,0.7268620133,-0.0429478213,1.0000000000
133,8.8670000000,right_hand,17,0.3766539097,0.7265475988,-0.0426188149,1.0000000000
134,8.9330000000,right_hand,17,0.3761334121,0.7282978296,-0.0436883681,1.0000000000
135,9.0000000000,right_hand,17,0.3753937185,0.7259449959,-0.0472940505,1.0000000000
136,9.0670000000,right_hand,17,0.3752063811,0.7278763056,-0.0478905104,1.0000000000
137,9.1330000000,right_hand,17,0.3769893348,0.7292516828,-0.0488297604,1.0000000000
138,9.2000000000,right_hand,17,0.3754872382,0.7291263342,-0.0493409447,1.0000000000
139,9.2670000000,right_hand,17,0.3782860041,0.7272698283,-0.0458810255,1.0000000000
140,9.3330000000,right_hand,17,0.3759902120,0.7322941422,-0.0476410985,1.0000000000
141,9.4000000000,right_hand,17,0.3768796027,0.7290707827,-0.0484192185,1.0000000000
142,9.4670000000,right_hand,17,0.3769447505,0.7297775745,-0.0482163206,1.0000000000
143,9.5330000000,right_hand,17,0.3787862062,0.7314782143,-0.0466549173,1.0000000000
144,9.6000000000,right_hand,17,0.3792090714,0.7303692102,-0.0551276281,1.0000000000
145,9.6670000000,right_hand,17,0.3787365854,0.7324520350,-0.0500045158,1.0000000000
146,9.7330000000,right_hand,17,0.3779568076,0.7343910336,-0.0473670028,1.0000000000
147,9.8000000000,right_hand,17,0.3768290281,0.7320272326,-0.0441064239,1.0000000000
148,9.8670000000,right_hand,17,0.3771373034,0.7327912450,-0.0450582206,1.0000000000
149,9.9330000000,right_hand,17,0.3775919974,0.7374150753,-0.0396337435,1.0000000000
150,10.0000000000,right_hand,17,0.3762663007,0.7371638417,-0.0415109321,1.0000000000
151,10.0670000000,right_hand,17,0.3767431974,0.7309551835,-0.0419073254,1.0000000000
152,10.1330000000,right_hand,17,0.3732148707,0.7346917391,-0.0454723239,1.0000000000
153,10.2000000000,right_hand,17,0.3727751374,0.7330212593,-0.0438579768,1.0000000000
154,10.2670000000,right_hand,17,0.3708635569,0.7308583856,-0.0415434018,1.0000000000
155,10.3330000000,right_hand,17,0.3722464442,0.7268947363,-0.0437432379,1.0000000000
156,10.4000000000,right_hand,17,0.3719062507,0.7321656346,-0.0431543067,1.0000000000
157,10.4670000000,right_hand,17,0.3720175624,0.7315818071,-0.0405468941,1.0000000000
158,10.5330000000,right_hand,17,0.3724486232,0.7329418063,-0.0409147218,1.0000000000
159,10.6000000000,right_hand,17,0.3714497685,0.7323127985,-0.0407198332,1.0000000000
160,10.6670000000,right_hand,17,0.3807502985,0.7212725878,-0.0386824384,1.0000000000
161,10.7330000000,right_hand,17,0.3746747673,0.7340630889,-0.0459366590,1.0000000000
162,10.8000000000,right_hand,17,0.3791333437,0.7298088670,-0.0417783000,1.0000000000
163,10.8670000000,right_hand,17,0.3748657405,0.7310183048,-0.0452199653,1.0000000000
164,10.9330000000,right_hand,17,0.3759821057,0.7329078317,-0.0435701571,1.0000000000
165,11.0000000000,right_hand,17,0.3754125535,0.7318801284,-0.0459019244,1.0000000000
166,11.0670000000,right_hand,17,0.3769742548,0.7385165095,-0.0444554873,1.0000000000
167,11.1330000000,right_hand,17,0.3747814000,0.7335649133,-0.0434794165,1.0000000000
168,11.2000000000,right_hand,17,0.3722938597,0.7367244959,-0.0463400334,1.0000000000
169,11.2670000000,right_hand,17,0.3721169829,0.7348923087,-0.0472913645,1.0000000000
170,11.3330000000,right_hand,17,0.3713429868,0.7342085838,-0.0441566370,1.0000000000
171,11.4000000000,right_hand,17,0.3726503253,0.7376953363,-0.0445044450,1.0000000000
172,11.4670000000,right_hand,17,0.3751849830,0.7349414825,-0.0446142219,1.0000000000
173,11.5330000000,right_hand,17,0.3729647994,0.7321362495,-0.0493302979,1.0000000000
174,11.6000000000,right_hand,17,0.3735316694,0.7331700921,-0.0488395318,1.0000000000
175,11.6670000000,right_hand,17,0.3756725490,0.7347285151,-0.0465160049,1.0000000000
176,11.7330000000,right_hand,17,0.3753767908,0.7311733961,-0.0488874689,1.0000000000
177,11.8000000000,right_hand,17,0.3737251163,0.7345592380,-0.0455859117,1.0000000000
178,11.8670000000,right_hand,17,0.3737179935,0.7292770147,-0.0473787002,1.0000000000
179,11.9330000000,right_hand,17,0.3739744425,0.7293749452,-0.0453883447,1.0000000000
180,12.0000000000,right_hand,17,0.3745646179,0.7318801284,-0.0534416549,1.0000000000
75,5.0000000000,right_hand,18,0.3951980770,0.7770085335,-0.0520146005,1.0000000000
76,5.0670000000,right_hand,18,0.3938655853,0.7763862014,-0.0468253233,1.0000000000
77,5.1330000000,right_hand,18,0.3943910897,0.7755300999,-0.0508174933,1.0000000000
78,5.2000000000,right_hand,18,0.3929760754,0.7770105600,-0.0539328903,1.0000000000
79,5.2670000000,right_hand,18,0.3949944675,0.7741579413,-0.0556968153,1.0000000000
80,5.3330000000,right_hand,18,0.3942623138,0.7782859802,-0.0516206697,1.0000000000
81,5.4000000000,right_hand,18,0.3904218674,0.7770367265,-0.0571494736,1.0000000000
82,5.4670000000,right_hand,18,0.3933787346,0.7765638232,-0.0537597612,1.0000000000
83,5.5330000000,right_hand,18,0.3956132531,0.7777119279,-0.0520396568,1.0000000000
84,5.6000000000,right_hand,18,0.3936341405,0.7771775723,-0.0543909296,1.0000000000
85,5.6670000000,right_hand,18,0.3931512535,0.7795528769,-0.0526176989,1.0000000000
86,5.7330000000,right_hand,18,0.3909448981,0.7739822268,-0.0561316572,1.0000000000
87,5.8000000000,right_hand,18,0.3945981264,0.7722017169,-0.0531699769,1.0000000000
88,5.8670000000,right_hand,18,0.3972725272,0.7642593384,-0.0520365760,1.0000000000
89,5.9330000000,right_hand,18,0.3935943246,0.7709653378,-0.0569965951,1.0000000000
90,6.0000000000,right_hand,18,0.3949982524,0.7707940340,-0.0579615012,1.0000000000
91,6.0670000000,right_hand,18,0.3963218033,0.7695264816,-0.0533566922,1.0000000000
92,6.1330000000,right_hand,18,0.3986121416,0.7722723484,-0.0524383038,1.0000000000
93,6.2000000000,right_hand,18,0.3987666368,0.7737007737,-0.0504082218,1.0000000000
94,6.2670000000,right_hand,18,0.3985196054,0.7737309933,-0.0549719222,1.0000000000
95,6.3330000000,right_hand,18,0.3974361718,0.7732850313,-0.0544399731,1.0000000000
96,6.4000000000,right_hand,18,0.3967047334,0.7711691856,-0.0542605929,1.0000000000
97,6.4670000000,right_hand,18,0.3964000344,0.7719962597,-0.0513919182,1.0000000000
98,6.5330000000,right_hand,18,0.3992487490,0.7686957121,-0.0518735833,1.0000000000
99,6.6000000000,right_hand,18,0.3973913193,0.7726529837,-0.0538281091,1.0000000000
100,6.6670000000,right_hand,18,0.3984511495,0.7737448215,-0.0532991327,1.0000000000
101,6.7330000000,right_hand,18,0.3979235291,0.7754622102,-0.0490607508,1.0000000000
102,6.8000000000,right_hand,18,0.3988561928,0.7749888897,-0.0509265624,1.0000000000
103,6.8670000000,right_hand,18,0.3959479630,0.7737500668,-0.0531231165,1.0000000000
104,6.9330000000,right_hand,18,0.3954541087,0.7756465077,-0.0548850484,1.0000000000
105,7.0000000000,right_hand,18,0.3986293674,0.7729535699,-0.0532770753,1.0000000000
106,7.0670000000,right_hand,18,0.3978447914,0.7735618949,-0.0488915965,1.0000000000
107,7.1330000000,right_hand,18,0.3957842290,0.7783626914,-0.0504576899,1.0000000000
108,7.2000000000,right_hand,18,0.3945591748,0.7760963440,-0.0584531873,1.0000000000
109,7.2670000000,right_hand,18,0.3964133859,0.7766133547,-0.0514841117,1.0000000000
110,7.3330000000,right_hand,18,0.3944810331,0.7737560272,-0.0598846339,1.0000000000
111,7.4000000000,right_hand,18,0.3955547810,0.7758856416,-0.0517521836,1.0000000000
112,7.4670000000,right_hand,18,0.3957751691,0.7772021890,-0.0532964505,1.0000000000
113,7.5330000000,right_hand,18,0.3965585828,0.7727932334,-0.0515738055,1.0000000000
114,7.6000000000,right_hand,18,0.3950496614,0.7749205828,-0.0545427166,1.0000000000
115,7.6670000000,right_hand,18,0.3943897188,0.7773968577,-0.0549788065,1.0000000000
116,7.7330000000,right_hand,18,0.3962827027,0.7766871452,-0.0536094904,1.0000000000
117,7.8000000000,right_hand,18,0.3967381716,0.7747597098,-0.0536613837,1.0000000000
118,7.8670000000,right_hand,18,0.3954022229,0.7759967446,-0.0527701601,1.0000000000
119,7.9330000000,right_hand,18,0.3967052102,0.7753431201,-0.0579634607,1.0000000000
120,8.0000000000,right_hand,18,0.3984446228,0.7756056190,-0.0477119386,1.0000000000
121,8.0670000000,right_hand,18,0.3951434791,0.7768012881,-0.0536556765,1.0000000000
122,8.1330000000,right_hand,18,0.3971940577,0.7725436091,-0.0539602861,1.0000000000
123,8.2000000000,right_hand,18,0.3973655999,0.7710664272,-0.0505361743,1.0000000000
124,8.2670000000,right_hand,18,0.3982923329,0.7732774019,-0.0548945852,1.0000000000
125,8.3330000000,right_hand,18,0.3985460997,0.7749076486,-0.0546101741,1.0000000000
126,8.4000000000,right_hand,18,0.3982791007,0.7724785805,-0.0544429645,1.0000000000
127,8.4670000000,right_hand,18,0.3987681568,0.7723686099,-0.0507328361,1.0000000000
128,8.5330000000,right_hand,18,0.4005073011,0.7750024796,-0.0548070744,1.0000000000
129,8.6000000000,right_hand,18,0.3979264200,0.7753834724,-0.0546091944,1.0000000000
130,8.6670000000,right_hand,18,0.3973653615,0.7716540694,-0.0551859364,1.0000000000
131,8.7330000000,right_hand,18,0.3964939117,0.7712705731,-0.0488927849,1.0000000000
132,8.8000000000,right_hand,18,0.3983643651,0.7729800344,-0.0507921688,1.0000000000
133,8.8670000000,right_hand,18,0.3971804380,0.7733116150,-0.0506109707,1.0000000000
134,8.9330000000,right_hand,18,0.3975863159,0.7742006183,-0.0512234271,1.0000000000
135,9.0000000000,right_hand,18,0.3965329230,0.7728816867,-0.0559560917,1.0000000000
136,9.0670000000,right_hand,18,0.3968643248,0.7742728591,-0.0564846136,1.0000000000
137,9.1330000000,right_hand,18,0.3975593150,0.7762690187,-0.0569361746,1.0000000000
138,9.2000000000,right_hand,18,0.3975262344,0.7749505043,-0.0576713085,1.0000000000
139,9.2670000000,right_hand,18,0.3995132148,0.7717512846,-0.0542786643,1.0000000000
140,9.3330000000,right_hand,18,0.3978671134,0.7786109447,-0.0568660721,1.0000000000
141,9.4000000000,right_hand,18,0.3994202912,0.7732128501,-0.0580260232,1.0000000000
142,9.4670000000,right_hand,18,0.3977655768,0.7771470547,-0.0572704673,1.0000000000
143,9.5330000000,right_hand,18,0.3991814256,0.7767538428,-0.0563178137,1.0000000000
144,9.6000000000,right_hand,18,0.4005314708,0.7779350877,-0.0659187138,1.0000000000
145,9.6670000000,right_hand,18,0.4001218081,0.7786445618,-0.0595607460,1.0000000000
146,9.7330000000,right_hand,18,0.3988443613,0.7810324430,-0.0565944128,1.0000000000
147,9.8000000000,right_hand,18,0.3976511955,0.7800599337,-0.0523297079,1.0000000000
148,9.8670000000,right_hand,18,0.3987103105,0.7806878686,-0.0538226441,1.0000000000
149,9.9330000000,right_hand,18,0.3981784284,0.7836634517,-0.0473983809,1.0000000000
150,10.0000000000,right_hand,18,0.3963212073,0.7837113738,-0.0496178828,1.0000000000
151,10.0670000000,right_hand,18,0.3961471617,0.7783839107,-0.0495693721,1.0000000000
152,10.1330000000,right_hand,18,0.3934829831,0.7833710313,-0.0529703945,1.0000000000
153,10.2000000000,right_hand,18,0.3932212591,0.7788920999,-0.0520924255,1.0000000000
154,10.2670000000,right_hand,18,0.3918310404,0.7773561478,-0.0503350049,1.0000000000
155,10.3330000000,right_hand,18,0.3930569291,0.7733901143,-0.0514106527,1.0000000000
156,10.4000000000,right_hand,18,0.3930408359,0.7779546380,-0.0515605509,1.0000000000
157,10.4670000000,right_hand,18,0.3925042450,0.7773390412,-0.0481000729,1.0000000000
158,10.5330000000,right_hand,18,0.3933892548,0.7790040374,-0.0479038544,1.0000000000
159,10.6000000000,right_hand,18,0.3909829855,0.7807646394,-0.0474465676,1.0000000000
160,10.6670000000,right_hand,18,0.3987972736,0.7714341283,-0.0460122600,1.0000000000
161,10.7330000000,right_hand,18,0.3957979381,0.7804338336,-0.0541929640,1.0000000000
162,10.8000000000,right_hand,18,0.3982982635,0.7789983749,-0.0490769222,1.0000000000
163,10.8670000000,right_hand,18,0.3957025409,0.7782708406,-0.0533902310,1.0000000000
164,10.9330000000,right_hand,18,0.3974012733,0.7793042660,-0.0507637747,1.0000000000
165,11.0000000000,right_hand,18,0.3959009051,0.7804576755,-0.0534356423,1.0000000000
166,11.0670000000,right_hand,18,0.3972548544,0.7848157883,-0.0509706289,1.0000000000
167,11.1330000000,right_hand,18,0.3955433965,0.7813168168,-0.0508394502,1.0000000000
168,11.2000000000,right_hand,18,0.3933358490,0.7837617993,-0.0547405034,1.0000000000
169,11.2670000000,right_hand,18,0.3920204639,0.7814422250,-0.0552326813,1.0000000000
170,11.3330000000,right_hand,18,0.3904767632,0.7804433107,-0.0518831760,1.0000000000
171,11.4000000000,right_hand,18,0.3933140635,0.7823472619,-0.0519478396,1.0000000000
172,11.4670000000,right_hand,18,0.3943559825,0.7820556760,-0.0525832623,1.0000000000
173,11.5330000000,right_hand,18,0.3923012316,0.7798934579,-0.0580706857,1.0000000000
174,11.6000000000,right_hand,18,0.3938299716,0.7797737718,-0.0568420701,1.0000000000
175,11.6670000000,right_hand,18,0.3960975409,0.7800765038,-0.0539317802,1.0000000000
176,11.7330000000,right_hand,18,0.3965704739,0.7763602734,-0.0575983934,1.0000000000
177,11.8000000000,right_hand,18,0.3953623474,0.7783598900,-0.0526336208,1.0000000000
178,11.8670000000,right_hand,18,0.3938201368,0.7755241394,-0.0570369288,1.0000000000
179,11.9330000000,right_hand,18,0.3959412873,0.7746073604,-0.0536686778,1.0000000000
180,12.0000000000,right_hand,18,0.3965654671,0.7777397037,-0.0628509447,1.0000000000
75,5.0000000000,right_hand,19,0.4084506035,0.8051396608,-0.0524817072,1.0000000000
76,5.0670000000,right_hand,19,0.4062180817,0.8050898314,-0.0475751720,1.0000000000
77,5.1330000000,right_hand,19,0.4063613415,0.8034802675,-0.0512298048,1.0000000000
78,5.2000000000,right_hand,19,0.4059188366,0.8054692745,-0.0543815903,1.0000000000
79,5.2670000000,right_hand,19,0.4082984328,0.8025132418,-0.0573041216,1.0000000000
80,5.3330000000,right_hand,19,0.4077904522,0.8069558740,-0.0527460948,1.0000000000
81,5.4000000000,right_hand,19,0.4035204947,0.8052166104,-0.0585733168,1.0000000000
82,5.4670000000,right_hand,19,0.4065767229,0.8041829467,-0.0550727621,1.0000000000
83,5.5330000000,right_hand,19,0.4082517326,0.8056875467,-0.0524363071,1.0000000000
84,5.6000000000,right_hand,19,0.4065550268,0.8051381111,-0.0544203967,1.0000000000
85,5.6670000000,right_hand,19,0.4065109193,0.8073756099,-0.0536914840,1.0000000000
86,5.7330000000,right_hand,19,0.4036614895,0.8034855127,-0.0569496639,1.0000000000
87,5.8000000000,right_hand,19,0.4085620046,0.7999600768,-0.0548975617,1.0000000000
88,5.8670000000,right_hand,19,0.4099476635,0.7955136895,-0.0531276800,1.0000000000
89,5.9330000000,right_hand,19,0.4071942270,0.8003804088,-0.0573404394,1.0000000000
90,6.0000000000,right_hand,19,0.4088784158,0.8004859090,-0.0590996929,1.0000000000
91,6.0670000000,right_hand,19,0.4098557532,0.7994409204,-0.0547307283,1.0000000000
92,6.1330000000,right_hand,19,0.4115740657,0.8013740778,-0.0523054488,1.0000000000
93,6.2000000000,right_hand,19,0.4124603570,0.8021728992,-0.0508441813,1.0000000000
94,6.2670000000,right_hand,19,0.4120543897,0.8033403158,-0.0553619862,1.0000000000
95,6.3330000000,right_hand,19,0.4120755792,0.8019604683,-0.0556184687,1.0000000000
96,6.4000000000,right_hand,19,0.4104366004,0.8004914522,-0.0553159192,1.0000000000
97,6.4670000000,right_hand,19,0.4098036587,0.8015092611,-0.0524237454,1.0000000000
98,6.5330000000,right_hand,19,0.4121375382,0.7986323237,-0.0524470657,1.0000000000
99,6.6000000000,right_hand,19,0.4104969203,0.8018525839,-0.0549658909,1.0000000000
100,6.6670000000,right_hand,19,0.4116388261,0.8027633429,-0.0540373772,1.0000000000
101,6.7330000000,right_hand,19,0.4110296965,0.8035055995,-0.0503205471,1.0000000000
102,6.8000000000,right_hand,19,0.4114924371,0.8027870655,-0.0514364354,1.0000000000
103,6.8670000000,right_hand,19,0.4083983004,0.8027762771,-0.0539140403,1.0000000000
104,6.9330000000,right_hand,19,0.4092937708,0.8042238951,-0.0560270883,1.0000000000
105,7.0000000000,right_hand,19,0.4115888476,0.8005888462,-0.0544493906,1.0000000000
106,7.0670000000,right_hand,19,0.4110566080,0.8007400632,-0.0491575375,1.0000000000
107,7.1330000000,right_hand,19,0.4087317586,0.8071022034,-0.0502032675,1.0000000000
108,7.2000000000,right_hand,19,0.4083811939,0.8049212098,-0.0599604063,1.0000000000
109,7.2670000000,right_hand,19,0.4097866416,0.8059446812,-0.0523411334,1.0000000000
110,7.3330000000,right_hand,19,0.4089382589,0.8025997877,-0.0614998527,1.0000000000
111,7.4000000000,right_hand,19,0.4082331955,0.8037347198,-0.0513517596,1.0000000000
112,7.4670000000,right_hand,19,0.4093785882,0.8058124781,-0.0545722432,1.0000000000
113,7.5330000000,right_hand,19,0.4105759561,0.8002997041,-0.0534292348,1.0000000000
114,7.6000000000,right_hand,19,0.4083889723,0.8024724126,-0.0552528389,1.0000000000
115,7.6670000000,right_hand,19,0.4083990157,0.8049758077,-0.0563018471,1.0000000000
116,7.7330000000,right_hand,19,0.4094839692,0.8037889600,-0.0538078472,1.0000000000
117,7.8000000000,right_hand,19,0.4099140465,0.8032545447,-0.0540727153,1.0000000000
118,7.8670000000,right_hand,19,0.4082702398,0.8048564792,-0.0536792353,1.0000000000
119,7.9330000000,right_hand,19,0.4102281332,0.8031556010,-0.0590250716,1.0000000000
120,8.0000000000,right_hand,19,0.4115054905,0.8022404909,-0.0476280376,1.0000000000
121,8.0670000000,right_hand,19,0.4089355171,0.8052561283,-0.0551900007,1.0000000000
122,8.1330000000,right_hand,19,0.4106583893,0.8010627031,-0.0553635024,1.0000000000
123,8.2000000000,right_hand,19,0.4110806286,0.7997009158,-0.0514676981,1.0000000000
124,8.2670000000,right_hand,19,0.4118023813,0.8017317057,-0.0561884940,1.0000000000
125,8.3330000000,right_hand,19,0.4119388163,0.8035144806,-0.0561624020,1.0000000000
126,8.4000000000,right_hand,19,0.4128903151,0.7999824286,-0.0569906384,1.0000000000
127,8.4670000000,right_hand,19,0.4117669761,0.8008371592,-0.0516652241,1.0000000000
128,8.5330000000,right_hand,19,0.4134351611,0.8032324910,-0.0561403967,1.0000000000
129,8.6000000000,right_hand,19,0.4119463265,0.8042729497,-0.0562000833,1.0000000000
130,8.6670000000,right_hand,19,0.4114928842,0.8003725410,-0.0574311018,1.0000000000
131,8.7330000000,right_hand,19,0.4100912809,0.7997702956,-0.0505445935,1.0000000000
132,8.8000000000,right_hand,19,0.4121876061,0.8012876511,-0.0517598577,1.0000000000
133,8.8670000000,right_hand,19,0.4106366634,0.8015650511,-0.0515571758,1.0000000000
134,8.9330000000,right_hand,19,0.4112984240,0.8016222715,-0.0517065674,1.0000000000
135,9.0000000000,right_hand,19,0.4104506075,0.8014966249,-0.0569192842,1.0000000000
136,9.0670000000,right_hand,19,0.4107862115,0.8025224805,-0.0573515594,1.0000000000
137,9.1330000000,right_hand,19,0.4108262360,0.8051837683,-0.0572676100,1.0000000000
138,9.2000000000,right_hand,19,0.4113402367,0.8030697107,-0.0579974353,1.0000000000
139,9.2670000000,right_hand,19,0.4128037691,0.7998512983,-0.0551231466,1.0000000000
140,9.3330000000,right_hand,19,0.4121508300,0.8072063327,-0.0582499914,1.0000000000
141,9.4000000000,right_hand,19,0.4138566554,0.8013693094,-0.0595979430,1.0000000000
142,9.4670000000,right_hand,19,0.4116963446,0.8057233095,-0.0582270436,1.0000000000
143,9.5330000000,right_hand,19,0.4126310647,0.8051731586,-0.0585319959,1.0000000000
144,9.6000000000,right_hand,19,0.4149687588,0.8062256575,-0.0685814619,1.0000000000
145,9.6670000000,right_hand,19,0.4140761495,0.8074894547,-0.0605580099,1.0000000000
146,9.7330000000,right_hand,19,0.4127403200,0.8094707727,-0.0578862056,1.0000000000
147,9.8000000000,right_hand,19,0.4111924469,0.8080757260,-0.0529296175,1.0000000000
148,9.8670000000,right_hand,19,0.4126026630,0.8096867204,-0.0555215590,1.0000000000
149,9.9330000000,right_hand,19,0.4110690355,0.8102768064,-0.0480861999,1.0000000000
150,10.0000000000,right_hand,19,0.4088911712,0.8106557727,-0.0507072583,1.0000000000
151,10.0670000000,right_hand,19,0.4087370932,0.8057018518,-0.0504620150,1.0000000000
152,10.1330000000,right_hand,19,0.4060521424,0.8109667897,-0.0535238795,1.0000000000
153,10.2000000000,right_hand,19,0.4060362279,0.8063580990,-0.0531046316,1.0000000000
154,10.2670000000,right_hand,19,0.4056603312,0.8056288362,-0.0518067740,1.0000000000
155,10.3330000000,right_hand,19,0.4065195024,0.8000680208,-0.0521844141,1.0000000000
156,10.4000000000,right_hand,19,0.4066098928,0.8053455949,-0.0528656468,1.0000000000
157,10.4670000000,right_hand,19,0.4061422050,0.8040587306,-0.0486367606,1.0000000000
158,10.5330000000,right_hand,19,0.4066954553,0.8053727150,-0.0480801500,1.0000000000
159,10.6000000000,right_hand,19,0.4034106135,0.8075731397,-0.0476184376,1.0000000000
160,10.6670000000,right_hand,19,0.4108769596,0.8003296256,-0.0473186485,1.0000000000
161,10.7330000000,right_hand,19,0.4088563919,0.8075835109,-0.0552642159,1.0000000000
162,10.8000000000,right_hand,19,0.4104556739,0.8056098223,-0.0502687581,1.0000000000
163,10.8670000000,right_hand,19,0.4089968503,0.8043105602,-0.0547153950,1.0000000000
164,10.9330000000,right_hand,19,0.4103512168,0.8056867719,-0.0510673374,1.0000000000
165,11.0000000000,right_hand,19,0.4090979397,0.8086124659,-0.0538150519,1.0000000000
166,11.0670000000,right_hand,19,0.4087909758,0.8109232187,-0.0503811724,1.0000000000
167,11.1330000000,right_hand,19,0.4077125788,0.8093357682,-0.0505614989,1.0000000000
168,11.2000000000,right_hand,19,0.4072862566,0.8112444282,-0.0555597804,1.0000000000
169,11.2670000000,right_hand,19,0.4046806991,0.8082755208,-0.0552554466,1.0000000000
170,11.3330000000,right_hand,19,0.4028493762,0.8075178266,-0.0525692143,1.0000000000
171,11.4000000000,right_hand,19,0.4062045813,0.8084690571,-0.0525917485,1.0000000000
172,11.4670000000,right_hand,19,0.4065363109,0.8083098531,-0.0536566712,1.0000000000
173,11.5330000000,right_hand,19,0.4056099951,0.8075333238,-0.0593423098,1.0000000000
174,11.6000000000,right_hand,19,0.4066019952,0.8063673973,-0.0571864992,1.0000000000
175,11.6670000000,right_hand,19,0.4085181355,0.8061131835,-0.0539351255,1.0000000000
176,11.7330000000,right_hand,19,0.4097050726,0.8031148911,-0.0586775057,1.0000000000
177,11.8000000000,right_hand,19,0.4080642164,0.8055299520,-0.0523563288,1.0000000000
178,11.8670000000,right_hand,19,0.4068542421,0.8034693599,-0.0586534217,1.0000000000
179,11.9330000000,right_hand,19,0.4097586870,0.8026844263,-0.0548184887,1.0000000000
180,12.0000000000,right_hand,19,0.4105540514,0.8054782748,-0.0640845895,1.0000000000
75,5.0000000000,right_hand,20,0.4193130434,0.8268073201,-0.0526119322,1.0000000000
76,5.0670000000,right_hand,20,0.4157789052,0.8280283809,-0.0477918349,1.0000000000
77,5.1330000000,right_hand,20,0.4161208570,0.8250774145,-0.0511281453,1.0000000000
78,5.2000000000,right_hand,20,0.4166947305,0.8268674612,-0.0541906692,1.0000000000
79,5.2670000000,right_hand,20,0.4189892113,0.8238636851,-0.0580378063,1.0000000000
80,5.3330000000,right_hand,20,0.4183965027,0.8286325336,-0.0531119257,1.0000000000
81,5.4000000000,right_hand,20,0.4144465923,0.8270097375,-0.0590634309,1.0000000000
82,5.4670000000,right_hand,20,0.4170494974,0.8250739574,-0.0556201264,1.0000000000
83,5.5330000000,right_hand,20,0.4180536270,0.8270504475,-0.0522590615,1.0000000000
84,5.6000000000,right_hand,20,0.4168199301,0.8257978559,-0.0538927726,1.0000000000
85,5.6670000000,right_hand,20,0.4168704450,0.8281669617,-0.0539162159,1.0000000000
86,5.7330000000,right_hand,20,0.4133717418,0.8251259923,-0.0570469275,1.0000000000
87,5.8000000000,right_hand,20,0.4197673500,0.8215574026,-0.0556606464,1.0000000000
88,5.8670000000,right_hand,20,0.4203987420,0.8190297484,-0.0535807498,1.0000000000
89,5.9330000000,right_hand,20,0.4179554880,0.8220784068,-0.0569650494,1.0000000000
90,6.0000000000,right_hand,20,0.4194535017,0.8217821717,-0.0593320020,1.0000000000
91,6.0670000000,right_hand,20,0.4207299352,0.8218495846,-0.0551102944,1.0000000000
92,6.1330000000,right_hand,20,0.4215292037,0.8225886822,-0.0518450253,1.0000000000
93,6.2000000000,right_hand,20,0.4230016768,0.8228873014,-0.0506974384,1.0000000000
94,6.2670000000,right_hand,20,0.4226870537,0.8249796033,-0.0551489592,1.0000000000
95,6.3330000000,right_hand,20,0.4233330786,0.8231550455,-0.0561007634,1.0000000000
96,6.4000000000,right_hand,20,0.4213154912,0.8221895099,-0.0556627735,1.0000000000
97,6.4670000000,right_hand,20,0.4208234251,0.8246259093,-0.0529065207,1.0000000000
98,6.5330000000,right_hand,20,0.4226284325,0.8221518993,-0.0526614673,1.0000000000
99,6.6000000000,right_hand,20,0.4207719862,0.8237645626,-0.0553603023,1.0000000000
100,6.6670000000,right_hand,20,0.4221338332,0.8250235915,-0.0544034764,1.0000000000
101,6.7330000000,right_hand,20,0.4216307402,0.8243306279,-0.0509532541,1.0000000000
102,6.8000000000,right_hand,20,0.4217375815,0.8243198395,-0.0515762307,1.0000000000
103,6.8670000000,right_hand,20,0.4182769358,0.8236060143,-0.0539445281,1.0000000000
104,6.9330000000,right_hand,20,0.4203377068,0.8243824840,-0.0564835221,1.0000000000
105,7.0000000000,right_hand,20,0.4221668839,0.8222712874,-0.0548924431,1.0000000000
106,7.0670000000,right_hand,20,0.4217982590,0.8215988874,-0.0490057245,1.0000000000
107,7.1330000000,right_hand,20,0.4186257720,0.8279022574,-0.0494891666,1.0000000000
108,7.2000000000,right_hand,20,0.4194903374,0.8261364102,-0.0606793836,1.0000000000
109,7.2670000000,right_hand,20,0.4202857316,0.8269456625,-0.0524466410,1.0000000000
110,7.3330000000,right_hand,20,0.4207987785,0.8237079382,-0.0623786114,1.0000000000
111,7.4000000000,right_hand,20,0.4186841547,0.8251724839,-0.0506193489,1.0000000000
112,7.4670000000,right_hand,20,0.4204698503,0.8270527720,-0.0550335422,1.0000000000
113,7.5330000000,right_hand,20,0.4218723774,0.8216223121,-0.0543709621,1.0000000000
114,7.6000000000,right_hand,20,0.4192596376,0.8217920065,-0.0552872047,1.0000000000
115,7.6670000000,right_hand,20,0.4194455743,0.8255982399,-0.0568558648,1.0000000000
116,7.7330000000,right_hand,20,0.4202529490,0.8247863054,-0.0534304380,1.0000000000
117,7.8000000000,right_hand,20,0.4205120504,0.8246737719,-0.0538869500,1.0000000000
118,7.8670000000,right_hand,20,0.4182496667,0.8271251917,-0.0540011972,1.0000000000
119,7.9330000000,right_hand,20,0.4210264981,0.8240086436,-0.0594589375,1.0000000000
120,8.0000000000,right_hand,20,0.4220359921,0.8230518699,-0.0473063439,1.0000000000
121,8.0670000000,right_hand,20,0.4198588729,0.8265566230,-0.0559674464,1.0000000000
122,8.1330000000,right_hand,20,0.4216186106,0.8234929442,-0.0561397523,1.0000000000
123,8.2000000000,right_hand,20,0.4219396412,0.8214992881,-0.0519348122,1.0000000000
124,8.2670000000,right_hand,20,0.4224760532,0.8229282498,-0.0568426251,1.0000000000
125,8.3330000000,right_hand,20,0.4227933586,0.8256444335,-0.0569653660,1.0000000000
126,8.4000000000,right_hand,20,0.4249391258,0.8217461705,-0.0583678707,1.0000000000
127,8.4670000000,right_hand,20,0.4223174155,0.8221035600,-0.0519205704,1.0000000000
128,8.5330000000,right_hand,20,0.4242684841,0.8238735199,-0.0565390736,1.0000000000
129,8.6000000000,right_hand,20,0.4230781794,0.8252626061,-0.0570326596,1.0000000000
130,8.6670000000,right_hand,20,0.4230862856,0.8225765228,-0.0586193129,1.0000000000
131,8.7330000000,right_hand,20,0.4212618172,0.8224135637,-0.0514865033,1.0000000000
132,8.8000000000,right_hand,20,0.4231948853,0.8236914873,-0.0522770770,1.0000000000
133,8.8670000000,right_hand,20,0.4216504395,0.8237575889,-0.0519675724,1.0000000000
134,8.9330000000,right_hand,20,0.4223280847,0.8230708838,-0.0517731905,1.0000000000
135,9.0000000000,right_hand,20,0.4216925204,0.8229174018,-0.0571631715,1.0000000000
136,9.0670000000,right_hand,20,0.4216895998,0.8237838149,-0.0574704260,1.0000000000
137,9.1330000000,right_hand,20,0.4219541252,0.8279635906,-0.0569539964,1.0000000000
138,9.2000000000,right_hand,20,0.4218077064,0.8237047195,-0.0579914115,1.0000000000
139,9.2670000000,right_hand,20,0.4237371385,0.8213225603,-0.0553473607,1.0000000000
140,9.3330000000,right_hand,20,0.4233822525,0.8288223743,-0.0587015972,1.0000000000
141,9.4000000000,right_hand,20,0.4253297150,0.8227483034,-0.0603973158,1.0000000000
142,9.4670000000,right_hand,20,0.4235410392,0.8265803456,-0.0582774952,1.0000000000
143,9.5330000000,right_hand,20,0.4233832955,0.8269291520,-0.0599480905,1.0000000000
144,9.6000000000,right_hand,20,0.4267876744,0.8275524974,-0.0699555874,1.0000000000
145,9.6670000000,right_hand,20,0.4250600934,0.8282613158,-0.0607521310,1.0000000000
146,9.7330000000,right_hand,20,0.4239782393,0.8302487135,-0.0584893599,1.0000000000
147,9.8000000000,right_hand,20,0.4223164022,0.8289756179,-0.0530192591,1.0000000000
148,9.8670000000,right_hand,20,0.4240675569,0.8316364288,-0.0563569292,1.0000000000
149,9.9330000000,right_hand,20,0.4216123223,0.8302500844,-0.0480879918,1.0000000000
150,10.0000000000,right_hand,20,0.4188795984,0.8309401274,-0.0510965660,1.0000000000
151,10.0670000000,right_hand,20,0.4197064042,0.8273571134,-0.0504970662,1.0000000000
152,10.1330000000,right_hand,20,0.4164491296,0.8323351741,-0.0533742607,1.0000000000
153,10.2000000000,right_hand,20,0.4167985618,0.8280526400,-0.0531516410,1.0000000000
154,10.2670000000,right_hand,20,0.4163279235,0.8268335462,-0.0523781106,1.0000000000
155,10.3330000000,right_hand,20,0.4179347754,0.8210778236,-0.0524143651,1.0000000000
156,10.4000000000,right_hand,20,0.4174163640,0.8262012005,-0.0533767417,1.0000000000
157,10.4670000000,right_hand,20,0.4170881808,0.8239432573,-0.0486077070,1.0000000000
158,10.5330000000,right_hand,20,0.4170988202,0.8255434632,-0.0477720909,1.0000000000
159,10.6000000000,right_hand,20,0.4137786925,0.8271965384,-0.0473068468,1.0000000000
160,10.6670000000,right_hand,20,0.4212279022,0.8232071400,-0.0478639789,1.0000000000
161,10.7330000000,right_hand,20,0.4195606709,0.8289670944,-0.0554794148,1.0000000000
162,10.8000000000,right_hand,20,0.4204616845,0.8275502920,-0.0507168137,1.0000000000
163,10.8670000000,right_hand,20,0.4198921025,0.8253525496,-0.0551199876,1.0000000000
164,10.9330000000,right_hand,20,0.4211495519,0.8258035779,-0.0508854948,1.0000000000
165,11.0000000000,right_hand,20,0.4196235836,0.8295354843,-0.0537227355,1.0000000000
166,11.0670000000,right_hand,20,0.4182013273,0.8302459121,-0.0495060906,1.0000000000
167,11.1330000000,right_hand,20,0.4168652594,0.8293768167,-0.0499678962,1.0000000000
168,11.2000000000,right_hand,20,0.4183307588,0.8305464387,-0.0556082539,1.0000000000
169,11.2670000000,right_hand,20,0.4150680006,0.8279824257,-0.0549107492,1.0000000000
170,11.3330000000,right_hand,20,0.4128488898,0.8275858760,-0.0527897365,1.0000000000
171,11.4000000000,right_hand,20,0.4169781506,0.8289722800,-0.0526335202,1.0000000000
172,11.4670000000,right_hand,20,0.4169153869,0.8291578293,-0.0539587140,1.0000000000
173,11.5330000000,right_hand,20,0.4168933034,0.8293959498,-0.0598719642,1.0000000000
174,11.6000000000,right_hand,20,0.4170640707,0.8265995383,-0.0569875278,1.0000000000
175,11.6670000000,right_hand,20,0.4187041223,0.8260554075,-0.0535123907,1.0000000000
176,11.7330000000,right_hand,20,0.4204721153,0.8244270682,-0.0588815212,1.0000000000
177,11.8000000000,right_hand,20,0.4178805649,0.8258424997,-0.0517932139,1.0000000000
178,11.8670000000,right_hand,20,0.4175584316,0.8247460127,-0.0591613092,1.0000000000
179,11.9330000000,right_hand,20,0.4204193652,0.8246481419,-0.0551126897,1.0000000000
180,12.0000000000,right_hand,20,0.4215288758,0.8268994093,-0.0645059496,1.0000000000
