frame_id,timestamp_sec,landmark_type,landmark_id,x,y,z,visibility
75,5.0040000000,left_hand,0,0.6303324103,0.5683159828,0.0000001757,1.0000000000
76,5.0710000000,left_hand,0,0.6281262040,0.5638738871,0.0000001673,1.0000000000
77,5.1380000000,left_hand,0,0.6271918416,0.5758771896,0.0000001597,1.0000000000
78,5.2040000000,left_hand,0,0.6078393459,0.5641844869,0.0000001243,1.0000000000
79,5.2710000000,left_hand,0,0.6105453968,0.5498399138,0.0000002005,1.0000000000
80,5.3380000000,left_hand,0,0.5872131348,0.5535214663,0.0000001300,1.0000000000
81,5.4050000000,left_hand,0,0.5638808727,0.5572030187,0.0000000595,1.0000000000
82,5.4710000000,left_hand,0,0.5405486107,0.5608845711,-0.0000000110,1.0000000000
83,5.5380000000,left_hand,0,0.5172163486,0.5645661235,-0.0000000815,1.0000000000
84,5.6050000000,left_hand,0,0.4938840866,0.5682476759,-0.0000001520,1.0000000000
85,5.6710000000,left_hand,0,0.5455304384,0.5453717709,-0.0000001178,1.0000000000
86,5.7380000000,left_hand,0,0.5971767902,0.5224958658,-0.0000000837,1.0000000000
87,5.8050000000,left_hand,0,0.5861167312,0.5286005735,0.0000001302,1.0000000000
88,5.8720000000,left_hand,0,0.5727916360,0.5469071865,0.0000002496,1.0000000000
89,5.9380000000,left_hand,0,0.5659255385,0.5446320772,0.0000002346,1.0000000000
90,6.0050000000,left_hand,0,0.5620760322,0.5491291285,0.0000002668,1.0000000000
91,6.0720000000,left_hand,0,0.5648549199,0.5499722958,0.0000001035,1.0000000000
92,6.1390000000,left_hand,0,0.3324436843,0.5837798715,-0.0000001261,1.0000000000
93,6.2050000000,left_hand,0,0.6210983992,0.5930612087,0.0000000884,1.0000000000
94,6.2720000000,left_hand,0,0.6214376688,0.5839039087,-0.0000000000,1.0000000000
95,6.3390000000,left_hand,0,0.6081764102,0.5826437473,0.0000000195,1.0000000000
96,6.4050000000,left_hand,0,0.6125258207,0.5774734616,0.0000000499,1.0000000000
97,6.4720000000,left_hand,0,0.6202986836,0.5762427449,0.0000001248,1.0000000000
98,6.5390000000,left_hand,0,0.6258300543,0.5817551017,0.0000000742,1.0000000000
99,6.6060000000,left_hand,0,0.6226022840,0.5762695074,0.0000001743,1.0000000000
100,6.6720000000,left_hand,0,0.6251804829,0.5639075041,0.0000000806,1.0000000000
101,6.7390000000,left_hand,0,0.6277953386,0.5682644844,-0.0000000027,1.0000000000
102,6.8060000000,left_hand,0,0.6251966357,0.5637661219,-0.0000000010,1.0000000000
103,6.8720000000,left_hand,0,0.6252035499,0.5607596040,0.0000000035,1.0000000000
104,6.9390000000,left_hand,0,0.6260225773,0.5467760563,0.0000001320,1.0000000000
105,7.0060000000,left_hand,0,0.6256437898,0.5494874716,0.0000000655,1.0000000000
106,7.0730000000,left_hand,0,0.6279807091,0.5426874161,0.0000000025,1.0000000000
107,7.1390000000,left_hand,0,0.6332183480,0.5455598235,0.0000001071,1.0000000000
108,7.2060000000,left_hand,0,0.6247907281,0.5548791885,0.0000001699,1.0000000000
109,7.2730000000,left_hand,0,0.6275773644,0.5470440388,0.0000002625,1.0000000000
110,7.3400000000,left_hand,0,0.6191487312,0.5542731881,0.0000002934,1.0000000000
111,7.4060000000,left_hand,0,0.6048277020,0.5594844222,0.0000002736,1.0000000000
112,7.4730000000,left_hand,0,0.5899556875,0.5557627678,0.0000002807,1.0000000000
113,7.5400000000,left_hand,0,0.5761510730,0.5623854399,0.0000002142,1.0000000000
114,7.6060000000,left_hand,0,0.5675092340,0.5547922850,0.0000001747,1.0000000000
115,7.6730000000,left_hand,0,0.5654534698,0.5488986969,0.0000001421,1.0000000000
116,7.7400000000,left_hand,0,0.5612040758,0.5505013466,0.0000001513,1.0000000000
117,7.8070000000,left_hand,0,0.5656600595,0.5534905195,0.0000001765,1.0000000000
118,7.8730000000,left_hand,0,0.5758632421,0.5567471981,0.0000001967,1.0000000000
119,7.9400000000,left_hand,0,0.5991808772,0.5565836430,0.0000000410,1.0000000000
120,8.0070000000,left_hand,0,0.6209610105,0.5708631873,-0.0000000576,1.0000000000
121,8.0740000000,left_hand,0,0.6274648309,0.5746439695,-0.0000000565,1.0000000000
122,8.1400000000,left_hand,0,0.6447453499,0.5867189765,0.0000002086,1.0000000000
123,8.2070000000,left_hand,0,0.6437118053,0.5944524407,0.0000001025,1.0000000000
124,8.2740000000,left_hand,0,0.6526520848,0.5786948800,0.0000001878,1.0000000000
125,8.3400000000,left_hand,0,0.6562056541,0.5921056867,0.0000002033,1.0000000000
126,8.4070000000,left_hand,0,0.6436436772,0.5870465636,0.0000002564,1.0000000000
127,8.4740000000,left_hand,0,0.6252993345,0.5775321126,0.0000002146,1.0000000000
128,8.5410000000,left_hand,0,0.6107710004,0.5705034137,0.0000002567,1.0000000000
129,8.6070000000,left_hand,0,0.5958309174,0.5654128194,0.0000002422,1.0000000000
130,8.6740000000,left_hand,0,0.5846518874,0.5727375150,0.0000002338,1.0000000000
131,8.7410000000,left_hand,0,0.5822018981,0.5718346834,0.0000002130,1.0000000000
132,8.8070000000,left_hand,0,0.5809497833,0.5755232573,0.0000001583,1.0000000000
133,8.8740000000,left_hand,0,0.5855082870,0.5695967674,0.0000001255,1.0000000000
134,8.9410000000,left_hand,0,0.5899753571,0.5742852092,0.0000001057,1.0000000000
135,9.0080000000,left_hand,0,0.6098126173,0.5701456666,-0.0000000078,1.0000000000
136,9.0740000000,left_hand,0,0.6223098636,0.5679335594,0.0000000249,1.0000000000
137,9.1410000000,left_hand,0,0.6351099610,0.5703029037,0.0000000374,1.0000000000
138,9.2080000000,left_hand,0,0.6397364736,0.5817537308,0.0000001626,1.0000000000
139,9.2750000000,left_hand,0,0.6386443973,0.5807143450,0.0000001300,1.0000000000
140,9.3410000000,left_hand,0,0.6419953704,0.5880644321,0.0000000367,1.0000000000
141,9.4080000000,left_hand,0,0.6439731121,0.5866967440,0.0000000487,1.0000000000
142,9.4750000000,left_hand,0,0.6425415277,0.5744422078,0.0000000569,1.0000000000
143,9.5410000000,left_hand,0,0.6432650685,0.5605584383,0.0000000752,1.0000000000
144,9.6080000000,left_hand,0,0.6389936209,0.5559988022,0.0000001162,1.0000000000
145,9.6750000000,left_hand,0,0.2888235152,0.5584301949,0.0000003701,1.0000000000
146,9.7420000000,left_hand,0,0.2816931903,0.5743697286,0.0000001841,1.0000000000
147,9.8080000000,left_hand,0,0.6134355664,0.5272954106,0.0000002205,1.0000000000
148,9.8750000000,left_hand,0,0.6115770340,0.5423467755,0.0000002215,1.0000000000
149,9.9420000000,left_hand,0,0.6093140244,0.5318416357,0.0000001917,1.0000000000
150,10.0080000000,left_hand,0,0.5962904096,0.5237872005,0.0000002014,1.0000000000
151,10.0750000000,left_hand,0,0.5810075402,0.5397613049,0.0000002183,1.0000000000
152,10.1420000000,left_hand,0,0.5679738522,0.5592973232,0.0000002323,1.0000000000
153,10.2090000000,left_hand,0,0.5578402281,0.5829070807,0.0000001471,1.0000000000
154,10.2750000000,left_hand,0,0.5636882186,0.5608521104,0.0000000663,1.0000000000
155,10.3420000000,left_hand,0,0.5776705742,0.5787631869,0.0000000967,1.0000000000
156,10.4090000000,left_hand,0,0.5973029137,0.5741881132,0.0000000300,1.0000000000
157,10.4760000000,left_hand,0,0.6059437990,0.5644937754,-0.0000000509,1.0000000000
158,10.5420000000,left_hand,0,0.6092780232,0.5829436779,0.0000001275,1.0000000000
159,10.6090000000,left_hand,0,0.6209235191,0.5870054960,0.0000002120,1.0000000000
160,10.6760000000,left_hand,0,0.6250515580,0.5768213272,0.0000001988,1.0000000000
161,10.7420000000,left_hand,0,0.6257867813,0.5913308859,0.0000000743,1.0000000000
162,10.8090000000,left_hand,0,0.6285007596,0.5804041624,0.0000000373,1.0000000000
163,10.8760000000,left_hand,0,0.6177133918,0.5326282382,-0.0000002545,1.0000000000
164,10.9430000000,left_hand,0,0.6173731089,0.5201775432,0.0000000953,1.0000000000
165,11.0090000000,left_hand,0,0.6095294952,0.5235424042,0.0000001981,1.0000000000
166,11.0760000000,left_hand,0,0.6137047410,0.4998827577,0.0000001411,1.0000000000
167,11.1430000000,left_hand,0,0.6054614186,0.5004427433,0.0000002167,1.0000000000
168,11.2100000000,left_hand,0,0.5914670229,0.5021190047,0.0000001919,1.0000000000
169,11.2760000000,left_hand,0,0.5827736259,0.5141003132,0.0000001855,1.0000000000
170,11.3430000000,left_hand,0,0.5746805072,0.5201188922,0.0000001602,1.0000000000
171,11.4100000000,left_hand,0,0.5685534477,0.5296147466,0.0000001225,1.0000000000
172,11.4760000000,left_hand,0,0.5746840239,0.5360129476,0.0000001058,1.0000000000
173,11.5430000000,left_hand,0,0.5855101347,0.5373630524,0.0000001378,1.0000000000
174,11.6100000000,left_hand,0,0.5983852744,0.5516265631,0.0000001926,1.0000000000
175,11.6770000000,left_hand,0,0.6079723835,0.5497979522,0.0000000903,1.0000000000
176,11.7430000000,left_hand,0,0.6174787879,0.5616109371,0.0000000118,1.0000000000
177,11.8100000000,left_hand,0,0.6190723777,0.5746133327,0.0000001047,1.0000000000
178,11.8770000000,left_hand,0,0.6278613210,0.5792135596,0.0000000959,1.0000000000
179,11.9430000000,left_hand,0,0.6259310246,0.5814842582,0.0000002114,1.0000000000
75,5.0040000000,left_hand,1,0.6013931036,0.5652345419,-0.0063831070,1.0000000000
76,5.0710000000,left_hand,1,0.6075144410,0.5771219730,-0.0090348180,1.0000000000
77,5.1380000000,left_hand,1,0.5992873311,0.5699977875,-0.0053449967,1.0000000000
78,5.2040000000,left_hand,1,0.5847516656,0.5804070234,-0.0120469341,1.0000000000
79,5.2710000000,left_hand,1,0.5821096897,0.5635737181,-0.0086821010,1.0000000000
80,5.3380000000,left_hand,1,0.5652197897,0.5561435580,-0.0126801204,1.0000000000
81,5.4050000000,left_hand,1,0.5483298898,0.5487133980,-0.0166781398,1.0000000000
82,5.4710000000,left_hand,1,0.5314399898,0.5412832379,-0.0206761591,1.0000000000
83,5.5380000000,left_hand,1,0.5145500898,0.5338530779,-0.0246741785,1.0000000000
84,5.6050000000,left_hand,1,0.4976601899,0.5264229178,-0.0286721978,1.0000000000
85,5.6710000000,left_hand,1,0.5379228741,0.5062444061,-0.0172362044,1.0000000000
86,5.7380000000,left_hand,1,0.5781855583,0.4860658944,-0.0058002109,1.0000000000
87,5.8050000000,left_hand,1,0.5631188750,0.4918256998,-0.0070014568,1.0000000000
88,5.8720000000,left_hand,1,0.5487186313,0.5003274083,-0.0111702420,1.0000000000
89,5.9380000000,left_hand,1,0.5403590798,0.5024213791,-0.0109028453,1.0000000000
90,6.0050000000,left_hand,1,0.5347098708,0.5076966286,-0.0073510637,1.0000000000
91,6.0720000000,left_hand,1,0.5364629030,0.5183015466,0.0007534470,1.0000000000
92,6.1390000000,left_hand,1,0.3299541473,0.6124387980,-0.0162587985,1.0000000000
93,6.2050000000,left_hand,1,0.6096239686,0.6201251745,-0.0098587954,1.0000000000
94,6.2720000000,left_hand,1,0.5933625102,0.5946230888,-0.0016518206,1.0000000000
95,6.3390000000,left_hand,1,0.5733922124,0.5905149579,-0.0034829772,1.0000000000
96,6.4050000000,left_hand,1,0.5764528513,0.5902712345,-0.0004279614,1.0000000000
97,6.4720000000,left_hand,1,0.5802108645,0.5814295411,-0.0030845839,1.0000000000
98,6.5390000000,left_hand,1,0.5963982344,0.5934138298,-0.0067556971,1.0000000000
99,6.6060000000,left_hand,1,0.5826720595,0.5754391551,-0.0037314019,1.0000000000
100,6.6720000000,left_hand,1,0.5855289102,0.5617457032,-0.0059277709,1.0000000000
101,6.7390000000,left_hand,1,0.5938959122,0.5681520700,-0.0026482914,1.0000000000
102,6.8060000000,left_hand,1,0.5920087099,0.5603951812,-0.0069556176,1.0000000000
103,6.8720000000,left_hand,1,0.6056539416,0.5752963424,-0.0147467088,1.0000000000
104,6.9390000000,left_hand,1,0.5889155865,0.5393066406,-0.0057271877,1.0000000000
105,7.0060000000,left_hand,1,0.5896624923,0.5402675867,-0.0001132003,1.0000000000
106,7.0730000000,left_hand,1,0.5911902189,0.5336207151,-0.0033663043,1.0000000000
107,7.1390000000,left_hand,1,0.5962596536,0.5223877430,-0.0038610939,1.0000000000
108,7.2060000000,left_hand,1,0.5937386155,0.5271369219,-0.0081886519,1.0000000000
109,7.2730000000,left_hand,1,0.5941262245,0.5171279311,-0.0110029820,1.0000000000
110,7.3400000000,left_hand,1,0.5899649858,0.5189715028,-0.0095692882,1.0000000000
111,7.4060000000,left_hand,1,0.5761910677,0.5163481832,-0.0074015688,1.0000000000
112,7.4730000000,left_hand,1,0.5581944585,0.5161120296,-0.0054481421,1.0000000000
113,7.5400000000,left_hand,1,0.5439933538,0.5251886249,-0.0050200499,1.0000000000
114,7.6060000000,left_hand,1,0.5351713300,0.5222250223,-0.0056595863,1.0000000000
115,7.6730000000,left_hand,1,0.5313542485,0.5208477974,-0.0007999970,1.0000000000
116,7.7400000000,left_hand,1,0.5278269053,0.5223526955,-0.0027179825,1.0000000000
117,7.8070000000,left_hand,1,0.5335377455,0.5257671475,-0.0052976231,1.0000000000
118,7.8730000000,left_hand,1,0.5402998924,0.5312137604,-0.0032852585,1.0000000000
119,7.9400000000,left_hand,1,0.5632237792,0.5419694185,0.0078538880,1.0000000000
120,8.0070000000,left_hand,1,0.5802192688,0.5781320333,-0.0018478753,1.0000000000
121,8.0740000000,left_hand,1,0.5876119733,0.5809006691,-0.0041322378,1.0000000000
122,8.1400000000,left_hand,1,0.6128142476,0.5727350712,-0.0143718068,1.0000000000
123,8.2070000000,left_hand,1,0.6105788350,0.5884162188,0.0040153484,1.0000000000
124,8.2740000000,left_hand,1,0.6165761948,0.5626426339,-0.0059400499,1.0000000000
125,8.3400000000,left_hand,1,0.6283645630,0.5527848601,-0.0055583827,1.0000000000
126,8.4070000000,left_hand,1,0.6181428432,0.5447706580,-0.0101953354,1.0000000000
127,8.4740000000,left_hand,1,0.5971620679,0.5340812206,-0.0020286310,1.0000000000
128,8.5410000000,left_hand,1,0.5798267126,0.5317292213,-0.0004755786,1.0000000000
129,8.6070000000,left_hand,1,0.5628330708,0.5368226171,-0.0003397101,1.0000000000
130,8.6740000000,left_hand,1,0.5517474413,0.5423882604,0.0033650543,1.0000000000
131,8.7410000000,left_hand,1,0.5471284389,0.5442143083,0.0015303692,1.0000000000
132,8.8070000000,left_hand,1,0.5455067158,0.5442365408,0.0043030744,1.0000000000
133,8.8740000000,left_hand,1,0.5471283197,0.5433699489,0.0035451297,1.0000000000
134,8.9410000000,left_hand,1,0.5542603731,0.5463824868,0.0054780152,1.0000000000
135,9.0080000000,left_hand,1,0.5714230537,0.5483010411,-0.0006412374,1.0000000000
136,9.0740000000,left_hand,1,0.5807216763,0.5698577762,-0.0110776173,1.0000000000
137,9.1410000000,left_hand,1,0.5979919434,0.5777380466,-0.0047462769,1.0000000000
138,9.2080000000,left_hand,1,0.6019723415,0.5848766565,-0.0079827756,1.0000000000
139,9.2750000000,left_hand,1,0.6028882265,0.5832117200,-0.0065147360,1.0000000000
140,9.3410000000,left_hand,1,0.6467824578,0.6361382604,-0.0086586764,1.0000000000
141,9.4080000000,left_hand,1,0.6451474428,0.6360265017,-0.0059119049,1.0000000000
142,9.4750000000,left_hand,1,0.6200444698,0.5898889899,0.0032737320,1.0000000000
143,9.5410000000,left_hand,1,0.6183929443,0.5702525377,-0.0029918805,1.0000000000
144,9.6080000000,left_hand,1,0.6134050488,0.5543801785,-0.0023891337,1.0000000000
145,9.6750000000,left_hand,1,0.2845742702,0.5829131603,-0.0281350687,1.0000000000
146,9.7420000000,left_hand,1,0.2861829102,0.5917593837,-0.0143698053,1.0000000000
147,9.8080000000,left_hand,1,0.5837227702,0.4933900833,-0.0076190885,1.0000000000
148,9.8750000000,left_hand,1,0.5873920918,0.4988905489,-0.0069621950,1.0000000000
149,9.9420000000,left_hand,1,0.5829861164,0.4943944216,-0.0060528885,1.0000000000
150,10.0080000000,left_hand,1,0.5669869184,0.4854068458,-0.0079986854,1.0000000000
151,10.0750000000,left_hand,1,0.5523387790,0.4944970310,-0.0073245945,1.0000000000
152,10.1420000000,left_hand,1,0.5399881005,0.5072033405,-0.0087036993,1.0000000000
153,10.2090000000,left_hand,1,0.5302904844,0.5335125923,-0.0054292288,1.0000000000
154,10.2750000000,left_hand,1,0.5320770144,0.5281357169,-0.0024753397,1.0000000000
155,10.3420000000,left_hand,1,0.5468820930,0.5470398068,-0.0025828723,1.0000000000
156,10.4090000000,left_hand,1,0.5594021678,0.5549170375,0.0013398078,1.0000000000
157,10.4760000000,left_hand,1,0.5621528625,0.5744066834,-0.0087971902,1.0000000000
158,10.5420000000,left_hand,1,0.5713847280,0.6005405784,-0.0097495923,1.0000000000
159,10.6090000000,left_hand,1,0.5820295215,0.6071140766,-0.0061546057,1.0000000000
160,10.6760000000,left_hand,1,0.5834870934,0.5907495618,-0.0042784358,1.0000000000
161,10.7420000000,left_hand,1,0.6268547773,0.6403924227,-0.0058580581,1.0000000000
162,10.8090000000,left_hand,1,0.6344985366,0.6351122260,-0.0061394181,1.0000000000
163,10.8760000000,left_hand,1,0.6101037860,0.5640593171,0.0015547668,1.0000000000
164,10.9430000000,left_hand,1,0.5821400881,0.5163444877,-0.0057264906,1.0000000000
165,11.0090000000,left_hand,1,0.5745152235,0.5090070963,-0.0008031013,1.0000000000
166,11.0760000000,left_hand,1,0.5777954459,0.4811326265,-0.0031306883,1.0000000000
167,11.1430000000,left_hand,1,0.5714495182,0.4725928307,-0.0050361524,1.0000000000
168,11.2100000000,left_hand,1,0.5565308928,0.4683395922,-0.0035747774,1.0000000000
169,11.2760000000,left_hand,1,0.5482486486,0.4754005075,-0.0054156836,1.0000000000
170,11.3430000000,left_hand,1,0.5406547189,0.4825832248,-0.0038187443,1.0000000000
171,11.4100000000,left_hand,1,0.5350407362,0.4965312183,-0.0028963373,1.0000000000
172,11.4760000000,left_hand,1,0.5405327678,0.5027284622,-0.0027343242,1.0000000000
173,11.5430000000,left_hand,1,0.5498204827,0.5044177771,-0.0005330571,1.0000000000
174,11.6100000000,left_hand,1,0.5593501329,0.5244234800,-0.0076603438,1.0000000000
175,11.6770000000,left_hand,1,0.5662195086,0.5416839719,0.0047806269,1.0000000000
176,11.7430000000,left_hand,1,0.5755097270,0.5699626207,-0.0014017259,1.0000000000
177,11.8100000000,left_hand,1,0.5785216093,0.5877056122,0.0018440738,1.0000000000
178,11.8770000000,left_hand,1,0.5910123587,0.5832794309,0.0010064549,1.0000000000
179,11.9430000000,left_hand,1,0.5852193832,0.5892918706,-0.0037433999,1.0000000000
75,5.0040000000,left_hand,2,0.5736525059,0.5888822079,-0.0140174888,1.0000000000
76,5.0710000000,left_hand,2,0.5852951407,0.6083113551,-0.0175535716,1.0000000000
77,5.1380000000,left_hand,2,0.5701047778,0.5894085169,-0.0105349002,1.0000000000
78,5.2040000000,left_hand,2,0.5591452122,0.6082150340,-0.0136114927,1.0000000000
79,5.2710000000,left_hand,2,0.5597150326,0.5919389725,-0.0130700506,1.0000000000
80,5.3380000000,left_hand,2,0.5509271979,0.5737372279,-0.0179760598,1.0000000000
81,5.4050000000,left_hand,2,0.5421393633,0.5555354834,-0.0228820689,1.0000000000
82,5.4710000000,left_hand,2,0.5333515286,0.5373337388,-0.0277880780,1.0000000000
83,5.5380000000,left_hand,2,0.5245636940,0.5191319942,-0.0326940872,1.0000000000
84,5.6050000000,left_hand,2,0.5157758594,0.5009302497,-0.0376000963,1.0000000000
85,5.6710000000,left_hand,2,0.5320148468,0.4768982679,-0.0245409091,1.0000000000
86,5.7380000000,left_hand,2,0.5482538342,0.4528662860,-0.0114817219,1.0000000000
87,5.8050000000,left_hand,2,0.5300167799,0.4612130225,-0.0130854435,1.0000000000
88,5.8720000000,left_hand,2,0.5119460225,0.4716475904,-0.0211392455,1.0000000000
89,5.9380000000,left_hand,2,0.5039496422,0.4770955741,-0.0214551073,1.0000000000
90,6.0050000000,left_hand,2,0.4980367124,0.4887254834,-0.0162266456,1.0000000000
91,6.0720000000,left_hand,2,0.5015383959,0.5118627548,-0.0048389994,1.0000000000
92,6.1390000000,left_hand,2,0.3328532577,0.6381747127,-0.0303999688,1.0000000000
93,6.2050000000,left_hand,2,0.5941963792,0.6468791366,-0.0184181146,1.0000000000
94,6.2720000000,left_hand,2,0.5685309172,0.6177800298,-0.0085638082,1.0000000000
95,6.3390000000,left_hand,2,0.5455605388,0.6279933453,-0.0131618064,1.0000000000
96,6.4050000000,left_hand,2,0.5471041203,0.6245853305,-0.0083007598,1.0000000000
97,6.4720000000,left_hand,2,0.5479249358,0.6187592745,-0.0131450212,1.0000000000
98,6.5390000000,left_hand,2,0.5765480399,0.6383244991,-0.0204020329,1.0000000000
99,6.6060000000,left_hand,2,0.5546289086,0.6064367890,-0.0139376475,1.0000000000
100,6.6720000000,left_hand,2,0.5551201105,0.5930655003,-0.0193333179,1.0000000000
101,6.7390000000,left_hand,2,0.5610103011,0.6007480025,-0.0082602398,1.0000000000
102,6.8060000000,left_hand,2,0.5599144101,0.5865015984,-0.0165994912,1.0000000000
103,6.8720000000,left_hand,2,0.5835956931,0.6116017103,-0.0287925731,1.0000000000
104,6.9390000000,left_hand,2,0.5549111366,0.5641928911,-0.0136761134,1.0000000000
105,7.0060000000,left_hand,2,0.5550070405,0.5675811768,-0.0060872883,1.0000000000
106,7.0730000000,left_hand,2,0.5550665259,0.5518293381,-0.0124374162,1.0000000000
107,7.1390000000,left_hand,2,0.5624217391,0.5404213667,-0.0099888323,1.0000000000
108,7.2060000000,left_hand,2,0.5547285676,0.5299616456,-0.0150076225,1.0000000000
109,7.2730000000,left_hand,2,0.5534496903,0.5144190788,-0.0227319710,1.0000000000
110,7.3400000000,left_hand,2,0.5485222340,0.5026631951,-0.0198175665,1.0000000000
111,7.4060000000,left_hand,2,0.5353499651,0.4980908334,-0.0154072056,1.0000000000
112,7.4730000000,left_hand,2,0.5201725960,0.5007691979,-0.0129045984,1.0000000000
113,7.5400000000,left_hand,2,0.5048734546,0.5114739537,-0.0107747382,1.0000000000
114,7.6060000000,left_hand,2,0.4967322350,0.5144151449,-0.0120416535,1.0000000000
115,7.6730000000,left_hand,2,0.4921737909,0.5155954361,-0.0049676434,1.0000000000
116,7.7400000000,left_hand,2,0.4879008234,0.5195441842,-0.0086200079,1.0000000000
117,7.8070000000,left_hand,2,0.4944256544,0.5236859918,-0.0111023569,1.0000000000
118,7.8730000000,left_hand,2,0.5009754300,0.5394369960,-0.0095806550,1.0000000000
119,7.9400000000,left_hand,2,0.5297450423,0.5633963346,0.0050130207,1.0000000000
120,8.0070000000,left_hand,2,0.5497515202,0.6147118807,-0.0141878873,1.0000000000
121,8.0740000000,left_hand,2,0.5550032258,0.6143811941,-0.0159169529,1.0000000000
122,8.1400000000,left_hand,2,0.5820026398,0.5903927684,-0.0249132495,1.0000000000
123,8.2070000000,left_hand,2,0.5833941102,0.6084494591,-0.0002076695,1.0000000000
124,8.2740000000,left_hand,2,0.5868466496,0.5750088692,-0.0161655918,1.0000000000
125,8.3400000000,left_hand,2,0.5962108374,0.5500489473,-0.0115466490,1.0000000000
126,8.4070000000,left_hand,2,0.5785703063,0.5270565152,-0.0191011224,1.0000000000
127,8.4740000000,left_hand,2,0.5578089952,0.5161868334,-0.0073163840,1.0000000000
128,8.5410000000,left_hand,2,0.5425065160,0.5194677711,-0.0048995134,1.0000000000
129,8.6070000000,left_hand,2,0.5250903964,0.5301827192,-0.0053500589,1.0000000000
130,8.6740000000,left_hand,2,0.5165067315,0.5365331173,-0.0001060326,1.0000000000
131,8.7410000000,left_hand,2,0.5084689260,0.5408470631,-0.0030870603,1.0000000000
132,8.8070000000,left_hand,2,0.5082544088,0.5452637076,0.0008205537,1.0000000000
133,8.8740000000,left_hand,2,0.5068106055,0.5452771187,0.0013110832,1.0000000000
134,8.9410000000,left_hand,2,0.5182613134,0.5501865745,0.0042345375,1.0000000000
135,9.0080000000,left_hand,2,0.5309262872,0.5583172441,-0.0034077042,1.0000000000
136,9.0740000000,left_hand,2,0.5464640856,0.5983316302,-0.0273250677,1.0000000000
137,9.1410000000,left_hand,2,0.5697748661,0.6100434065,-0.0129505098,1.0000000000
138,9.2080000000,left_hand,2,0.5677199960,0.6150770783,-0.0182042047,1.0000000000
139,9.2750000000,left_hand,2,0.5693160295,0.6143289804,-0.0142454701,1.0000000000
140,9.3410000000,left_hand,2,0.6388759613,0.6914489865,-0.0177749712,1.0000000000
141,9.4080000000,left_hand,2,0.6345414519,0.6870801449,-0.0106441667,1.0000000000
142,9.4750000000,left_hand,2,0.6045352221,0.6269770861,0.0033819494,1.0000000000
143,9.5410000000,left_hand,2,0.5985304713,0.6009951234,-0.0058960146,1.0000000000
144,9.6080000000,left_hand,2,0.5898870230,0.5776318312,-0.0034491301,1.0000000000
145,9.6750000000,left_hand,2,0.2884138227,0.6054524183,-0.0500232689,1.0000000000
146,9.7420000000,left_hand,2,0.2979255021,0.6115171313,-0.0254286472,1.0000000000
147,9.8080000000,left_hand,2,0.5481781363,0.4904582500,-0.0167556815,1.0000000000
148,9.8750000000,left_hand,2,0.5512261987,0.4848294854,-0.0132102780,1.0000000000
149,9.9420000000,left_hand,2,0.5500576496,0.4796543717,-0.0151737155,1.0000000000
150,10.0080000000,left_hand,2,0.5244813561,0.4674149454,-0.0142591130,1.0000000000
151,10.0750000000,left_hand,2,0.5116152167,0.4714946747,-0.0133701358,1.0000000000
152,10.1420000000,left_hand,2,0.5010973811,0.4770135283,-0.0155443558,1.0000000000
153,10.2090000000,left_hand,2,0.4917432666,0.5017446280,-0.0109568574,1.0000000000
154,10.2750000000,left_hand,2,0.4941016734,0.5113877058,-0.0070154537,1.0000000000
155,10.3420000000,left_hand,2,0.5081911087,0.5371868610,-0.0074439328,1.0000000000
156,10.4090000000,left_hand,2,0.5210866928,0.5709838271,-0.0030028254,1.0000000000
157,10.4760000000,left_hand,2,0.5279501081,0.6149066091,-0.0240972862,1.0000000000
158,10.5420000000,left_hand,2,0.5400382876,0.6428354979,-0.0222901609,1.0000000000
159,10.6090000000,left_hand,2,0.5493736863,0.6493751407,-0.0161177851,1.0000000000
160,10.6760000000,left_hand,2,0.5489766002,0.6265665293,-0.0127578638,1.0000000000
161,10.7420000000,left_hand,2,0.6170927882,0.6942389011,-0.0131940106,1.0000000000
162,10.8090000000,left_hand,2,0.6283705235,0.6923646331,-0.0120505122,1.0000000000
163,10.8760000000,left_hand,2,0.5951429009,0.6079450846,-0.0039250837,1.0000000000
164,10.9430000000,left_hand,2,0.5509730577,0.5410759449,-0.0153599605,1.0000000000
165,11.0090000000,left_hand,2,0.5441874862,0.5264153481,-0.0087861726,1.0000000000
166,11.0760000000,left_hand,2,0.5408076644,0.4929775000,-0.0102579687,1.0000000000
167,11.1430000000,left_hand,2,0.5299600959,0.4728354514,-0.0134325735,1.0000000000
168,11.2100000000,left_hand,2,0.5159176588,0.4660605192,-0.0099083865,1.0000000000
169,11.2760000000,left_hand,2,0.5066499114,0.4669097662,-0.0118885161,1.0000000000
170,11.3430000000,left_hand,2,0.4990760088,0.4750943184,-0.0094890697,1.0000000000
171,11.4100000000,left_hand,2,0.4953117967,0.4852255583,-0.0085799359,1.0000000000
172,11.4760000000,left_hand,2,0.4988169074,0.4950834811,-0.0081886854,1.0000000000
173,11.5430000000,left_hand,2,0.5102218390,0.5039960146,-0.0056935344,1.0000000000
174,11.6100000000,left_hand,2,0.5200546384,0.5330190659,-0.0151406620,1.0000000000
175,11.6770000000,left_hand,2,0.5330030918,0.5684683919,-0.0000094591,1.0000000000
176,11.7430000000,left_hand,2,0.5393407345,0.6013396978,-0.0088110967,1.0000000000
177,11.8100000000,left_hand,2,0.5443901420,0.6277734041,-0.0034996504,1.0000000000
178,11.8770000000,left_hand,2,0.5605099797,0.6191323996,-0.0038160835,1.0000000000
179,11.9430000000,left_hand,2,0.5497570634,0.6177483797,-0.0124418652,1.0000000000
75,5.0040000000,left_hand,3,0.5557424426,0.6198256612,-0.0195389614,1.0000000000
76,5.0710000000,left_hand,3,0.5704017282,0.6444178820,-0.0233962145,1.0000000000
77,5.1380000000,left_hand,3,0.5483812094,0.6184741259,-0.0136954291,1.0000000000
78,5.2040000000,left_hand,3,0.5373045206,0.6353819966,-0.0113846837,1.0000000000
79,5.2710000000,left_hand,3,0.5401683450,0.6186913252,-0.0154188685,1.0000000000
80,5.3380000000,left_hand,3,0.5385793209,0.5919507504,-0.0195213914,1.0000000000
81,5.4050000000,left_hand,3,0.5369902968,0.5652101755,-0.0236239143,1.0000000000
82,5.4710000000,left_hand,3,0.5354012728,0.5384696007,-0.0277264372,1.0000000000
83,5.5380000000,left_hand,3,0.5338122487,0.5117290258,-0.0318289600,1.0000000000
84,5.6050000000,left_hand,3,0.5322232246,0.4849884510,-0.0359314829,1.0000000000
85,5.6710000000,left_hand,3,0.5282624662,0.4589471668,-0.0259757750,1.0000000000
86,5.7380000000,left_hand,3,0.5243017077,0.4329058826,-0.0160200670,1.0000000000
87,5.8050000000,left_hand,3,0.5024985075,0.4416099787,-0.0176332518,1.0000000000
88,5.8720000000,left_hand,3,0.4807057381,0.4533743858,-0.0283305123,1.0000000000
89,5.9380000000,left_hand,3,0.4713142514,0.4631728828,-0.0291687734,1.0000000000
90,6.0050000000,left_hand,3,0.4654014707,0.4821267426,-0.0229986124,1.0000000000
91,6.0720000000,left_hand,3,0.4708470404,0.5177235007,-0.0100646615,1.0000000000
92,6.1390000000,left_hand,3,0.3394396901,0.6537464857,-0.0417203121,1.0000000000
93,6.2050000000,left_hand,3,0.5838302970,0.6716094613,-0.0263991076,1.0000000000
94,6.2720000000,left_hand,3,0.5531062484,0.6460951567,-0.0160955265,1.0000000000
95,6.3390000000,left_hand,3,0.5332483649,0.6778079271,-0.0216633938,1.0000000000
96,6.4050000000,left_hand,3,0.5322221518,0.6691824198,-0.0148677621,1.0000000000
97,6.4720000000,left_hand,3,0.5281106830,0.6644833684,-0.0216351449,1.0000000000
98,6.5390000000,left_hand,3,0.5697809458,0.6974638700,-0.0319289193,1.0000000000
99,6.6060000000,left_hand,3,0.5394787192,0.6487305760,-0.0220321380,1.0000000000
100,6.6720000000,left_hand,3,0.5390170217,0.6365880966,-0.0310333986,1.0000000000
101,6.7390000000,left_hand,3,0.5381953716,0.6470934749,-0.0125169763,1.0000000000
102,6.8060000000,left_hand,3,0.5384311676,0.6258852482,-0.0241709556,1.0000000000
103,6.8720000000,left_hand,3,0.5692439079,0.6607708931,-0.0396439172,1.0000000000
104,6.9390000000,left_hand,3,0.5339428186,0.6000973582,-0.0202773809,1.0000000000
105,7.0060000000,left_hand,3,0.5321282148,0.6046802402,-0.0115770604,1.0000000000
106,7.0730000000,left_hand,3,0.5295367837,0.5825495124,-0.0203505941,1.0000000000
107,7.1390000000,left_hand,3,0.5365460515,0.5679668188,-0.0156786367,1.0000000000
108,7.2060000000,left_hand,3,0.5217428207,0.5377697945,-0.0206688195,1.0000000000
109,7.2730000000,left_hand,3,0.5185263157,0.5137413740,-0.0326693617,1.0000000000
110,7.3400000000,left_hand,3,0.5135995150,0.4931336939,-0.0282952748,1.0000000000
111,7.4060000000,left_hand,3,0.4992145598,0.4870157838,-0.0222580973,1.0000000000
112,7.4730000000,left_hand,3,0.4853129983,0.4934800267,-0.0193355326,1.0000000000
113,7.5400000000,left_hand,3,0.4701026678,0.5099056959,-0.0157471858,1.0000000000
114,7.6060000000,left_hand,3,0.4616148472,0.5170748830,-0.0172581524,1.0000000000
115,7.6730000000,left_hand,3,0.4589331448,0.5189570785,-0.0086431596,1.0000000000
116,7.7400000000,left_hand,3,0.4558410048,0.5337782502,-0.0131529393,1.0000000000
117,7.8070000000,left_hand,3,0.4618062973,0.5386518240,-0.0155038582,1.0000000000
118,7.8730000000,left_hand,3,0.4661605656,0.5648389459,-0.0138282841,1.0000000000
119,7.9400000000,left_hand,3,0.5072193146,0.5944271088,0.0016943846,1.0000000000
120,8.0070000000,left_hand,3,0.5290961862,0.6573009491,-0.0261142496,1.0000000000
121,8.0740000000,left_hand,3,0.5354438424,0.6585978270,-0.0270585921,1.0000000000
122,8.1400000000,left_hand,3,0.5611211658,0.6190685034,-0.0329368860,1.0000000000
123,8.2070000000,left_hand,3,0.5636928082,0.6369359493,-0.0061261342,1.0000000000
124,8.2740000000,left_hand,3,0.5646989346,0.5945645571,-0.0260750800,1.0000000000
125,8.3400000000,left_hand,3,0.5685905814,0.5634298325,-0.0163230877,1.0000000000
126,8.4070000000,left_hand,3,0.5444427133,0.5189728141,-0.0260230303,1.0000000000
127,8.4740000000,left_hand,3,0.5231923461,0.5106233358,-0.0119105503,1.0000000000
128,8.5410000000,left_hand,3,0.5085864067,0.5128073692,-0.0088887569,1.0000000000
129,8.6070000000,left_hand,3,0.4914240241,0.5285934210,-0.0100986334,1.0000000000
130,8.6740000000,left_hand,3,0.4847754240,0.5387631655,-0.0037956978,1.0000000000
131,8.7410000000,left_hand,3,0.4755747914,0.5486748815,-0.0075632958,1.0000000000
132,8.8070000000,left_hand,3,0.4780794382,0.5650627613,-0.0026875969,1.0000000000
133,8.8740000000,left_hand,3,0.4736737311,0.5664296746,-0.0011199625,1.0000000000
134,8.9410000000,left_hand,3,0.4887994230,0.5737829208,0.0025405732,1.0000000000
135,9.0080000000,left_hand,3,0.5015251637,0.5864750147,-0.0064603253,1.0000000000
136,9.0740000000,left_hand,3,0.5233702660,0.6317093968,-0.0422640443,1.0000000000
137,9.1410000000,left_hand,3,0.5511621237,0.6427167654,-0.0205521211,1.0000000000
138,9.2080000000,left_hand,3,0.5422546864,0.6464703083,-0.0264639147,1.0000000000
139,9.2750000000,left_hand,3,0.5448164940,0.6468031406,-0.0207562298,1.0000000000
140,9.3410000000,left_hand,3,0.6287145019,0.7393569350,-0.0251330063,1.0000000000
141,9.4080000000,left_hand,3,0.6218898892,0.7284511328,-0.0140348794,1.0000000000
142,9.4750000000,left_hand,3,0.5958321691,0.6620265245,0.0020850881,1.0000000000
143,9.5410000000,left_hand,3,0.5863566995,0.6324170232,-0.0091115721,1.0000000000
144,9.6080000000,left_hand,3,0.5747175217,0.6090967655,-0.0043489225,1.0000000000
145,9.6750000000,left_hand,3,0.2970365882,0.6299651265,-0.0668371841,1.0000000000
146,9.7420000000,left_hand,3,0.3102780581,0.6361629367,-0.0335386656,1.0000000000
147,9.8080000000,left_hand,3,0.5183888078,0.4946665168,-0.0242142882,1.0000000000
148,9.8750000000,left_hand,3,0.5199955106,0.4887855053,-0.0176651180,1.0000000000
149,9.9420000000,left_hand,3,0.5205447674,0.4783876836,-0.0236414000,1.0000000000
150,10.0080000000,left_hand,3,0.4887470305,0.4602835774,-0.0189684667,1.0000000000
151,10.0750000000,left_hand,3,0.4748122990,0.4624018669,-0.0176682491,1.0000000000
152,10.1420000000,left_hand,3,0.4652970731,0.4696330428,-0.0199877135,1.0000000000
153,10.2090000000,left_hand,3,0.4562761784,0.4886695743,-0.0155849056,1.0000000000
154,10.2750000000,left_hand,3,0.4591417313,0.5065593719,-0.0108540859,1.0000000000
155,10.3420000000,left_hand,3,0.4759655595,0.5502451658,-0.0106664998,1.0000000000
156,10.4090000000,left_hand,3,0.4923849106,0.6016539931,-0.0066294433,1.0000000000
157,10.4760000000,left_hand,3,0.5091097951,0.6639177799,-0.0378388539,1.0000000000
158,10.5420000000,left_hand,3,0.5154405832,0.6836106181,-0.0324562900,1.0000000000
159,10.6090000000,left_hand,3,0.5257879496,0.6941925287,-0.0243219938,1.0000000000
160,10.6760000000,left_hand,3,0.5260263085,0.6676733494,-0.0198286008,1.0000000000
161,10.7420000000,left_hand,3,0.6044011712,0.7451047301,-0.0190489590,1.0000000000
162,10.8090000000,left_hand,3,0.6173385382,0.7417779565,-0.0173154641,1.0000000000
163,10.8760000000,left_hand,3,0.5805051923,0.6518785357,-0.0100291716,1.0000000000
164,10.9430000000,left_hand,3,0.5267402530,0.5725575686,-0.0230611637,1.0000000000
165,11.0090000000,left_hand,3,0.5192840695,0.5544872284,-0.0157270655,1.0000000000
166,11.0760000000,left_hand,3,0.5098983049,0.5095888972,-0.0170904901,1.0000000000
167,11.1430000000,left_hand,3,0.4931885898,0.4805763960,-0.0207647849,1.0000000000
168,11.2100000000,left_hand,3,0.4799571633,0.4733966589,-0.0154709993,1.0000000000
169,11.2760000000,left_hand,3,0.4706533253,0.4743370116,-0.0172396488,1.0000000000
170,11.3430000000,left_hand,3,0.4629933834,0.4813277125,-0.0143491002,1.0000000000
171,11.4100000000,left_hand,3,0.4605977237,0.4906681478,-0.0135514773,1.0000000000
172,11.4760000000,left_hand,3,0.4629692435,0.5035787821,-0.0129513759,1.0000000000
173,11.5430000000,left_hand,3,0.4744181931,0.5168948770,-0.0104916226,1.0000000000
174,11.6100000000,left_hand,3,0.4875935614,0.5567579269,-0.0202245545,1.0000000000
175,11.6770000000,left_hand,3,0.5098102093,0.6034447551,-0.0049779708,1.0000000000
176,11.7430000000,left_hand,3,0.5150620341,0.6420899630,-0.0152240824,1.0000000000
177,11.8100000000,left_hand,3,0.5194052458,0.6730836630,-0.0084602945,1.0000000000
178,11.8770000000,left_hand,3,0.5422028899,0.6627027392,-0.0079747308,1.0000000000
179,11.9430000000,left_hand,3,0.5258218646,0.6560932994,-0.0193318967,1.0000000000
75,5.0040000000,left_hand,4,0.5475772023,0.6515357494,-0.0266235340,1.0000000000
76,5.0710000000,left_hand,4,0.5631821156,0.6749804020,-0.0300075356,1.0000000000
77,5.1380000000,left_hand,4,0.5359594822,0.6490069032,-0.0179629065,1.0000000000
78,5.2040000000,left_hand,4,0.5205485225,0.6600595713,-0.0078326864,1.0000000000
79,5.2710000000,left_hand,4,0.5235525966,0.6331363320,-0.0173517317,1.0000000000
80,5.3380000000,left_hand,4,0.5277244568,0.6026856303,-0.0199393533,1.0000000000
81,5.4050000000,left_hand,4,0.5318963170,0.5722349286,-0.0225269750,1.0000000000
82,5.4710000000,left_hand,4,0.5360681772,0.5417842269,-0.0251145966,1.0000000000
83,5.5380000000,left_hand,4,0.5402400374,0.5113335252,-0.0277022183,1.0000000000
84,5.6050000000,left_hand,4,0.5444118977,0.4808828235,-0.0302898400,1.0000000000
85,5.6710000000,left_hand,4,0.5245775282,0.4507480115,-0.0265265275,1.0000000000
86,5.7380000000,left_hand,4,0.5047431588,0.4206131995,-0.0227632150,1.0000000000
87,5.8050000000,left_hand,4,0.4800237715,0.4315575063,-0.0233512633,1.0000000000
88,5.8720000000,left_hand,4,0.4562041163,0.4434129596,-0.0367007814,1.0000000000
89,5.9380000000,left_hand,4,0.4475634992,0.4498453140,-0.0381305851,1.0000000000
90,6.0050000000,left_hand,4,0.4413271546,0.4705280662,-0.0310006011,1.0000000000
91,6.0720000000,left_hand,4,0.4460566342,0.5259258747,-0.0170370638,1.0000000000
92,6.1390000000,left_hand,4,0.3442930877,0.6581645608,-0.0533569530,1.0000000000
93,6.2050000000,left_hand,4,0.5760379434,0.6911670566,-0.0349149406,1.0000000000
94,6.2720000000,left_hand,4,0.5428868532,0.6732316613,-0.0257731304,1.0000000000
95,6.3390000000,left_hand,4,0.5305675268,0.7234145403,-0.0332077518,1.0000000000
96,6.4050000000,left_hand,4,0.5298456550,0.7092828751,-0.0243107378,1.0000000000
97,6.4720000000,left_hand,4,0.5138299465,0.7028736472,-0.0327824391,1.0000000000
98,6.5390000000,left_hand,4,0.5672517419,0.7503699660,-0.0452098399,1.0000000000
99,6.6060000000,left_hand,4,0.5326774716,0.6889992952,-0.0324181765,1.0000000000
100,6.6720000000,left_hand,4,0.5299965739,0.6820183396,-0.0452210642,1.0000000000
101,6.7390000000,left_hand,4,0.5217555761,0.6893092990,-0.0181861818,1.0000000000
102,6.8060000000,left_hand,4,0.5253711939,0.6643490791,-0.0335340872,1.0000000000
103,6.8720000000,left_hand,4,0.5608908534,0.7043201923,-0.0515239276,1.0000000000
104,6.9390000000,left_hand,4,0.5213720202,0.6325786710,-0.0290043224,1.0000000000
105,7.0060000000,left_hand,4,0.5180378556,0.6378618479,-0.0198157318,1.0000000000
106,7.0730000000,left_hand,4,0.5129714608,0.6153810024,-0.0308300965,1.0000000000
107,7.1390000000,left_hand,4,0.5166638494,0.5950665474,-0.0230774414,1.0000000000
108,7.2060000000,left_hand,4,0.4966194630,0.5385670066,-0.0270659216,1.0000000000
109,7.2730000000,left_hand,4,0.4899429381,0.5052373409,-0.0442798734,1.0000000000
110,7.3400000000,left_hand,4,0.4877817631,0.4809300303,-0.0382171012,1.0000000000
111,7.4060000000,left_hand,4,0.4720705748,0.4705301523,-0.0303176492,1.0000000000
112,7.4730000000,left_hand,4,0.4589711130,0.4806787074,-0.0269377287,1.0000000000
113,7.5400000000,left_hand,4,0.4441918731,0.4986024797,-0.0215063374,1.0000000000
114,7.6060000000,left_hand,4,0.4348278642,0.5102839470,-0.0234242976,1.0000000000
115,7.6730000000,left_hand,4,0.4339765310,0.5207809210,-0.0136631196,1.0000000000
116,7.7400000000,left_hand,4,0.4312556088,0.5411797166,-0.0191911291,1.0000000000
117,7.8070000000,left_hand,4,0.4363033772,0.5500664711,-0.0210420042,1.0000000000
118,7.8730000000,left_hand,4,0.4425679445,0.5941985846,-0.0193888005,1.0000000000
119,7.9400000000,left_hand,4,0.4935700297,0.6312642694,-0.0032237065,1.0000000000
120,8.0070000000,left_hand,4,0.5160951614,0.7004170418,-0.0405829735,1.0000000000
121,8.0740000000,left_hand,4,0.5263143778,0.7024502754,-0.0408278815,1.0000000000
122,8.1400000000,left_hand,4,0.5474593639,0.6495078802,-0.0419623926,1.0000000000
123,8.2070000000,left_hand,4,0.5479624867,0.6660692096,-0.0139783947,1.0000000000
124,8.2740000000,left_hand,4,0.5445955396,0.6142319441,-0.0375985391,1.0000000000
125,8.3400000000,left_hand,4,0.5476499200,0.5731800795,-0.0210231338,1.0000000000
126,8.4070000000,left_hand,4,0.5191695690,0.5104123950,-0.0339246616,1.0000000000
127,8.4740000000,left_hand,4,0.4984352887,0.4962429106,-0.0175650064,1.0000000000
128,8.5410000000,left_hand,4,0.4841219187,0.5042355061,-0.0142876636,1.0000000000
129,8.6070000000,left_hand,4,0.4660789967,0.5260295868,-0.0166206695,1.0000000000
130,8.6740000000,left_hand,4,0.4610922635,0.5430479646,-0.0093701882,1.0000000000
131,8.7410000000,left_hand,4,0.4498849809,0.5541914701,-0.0138843358,1.0000000000
132,8.8070000000,left_hand,4,0.4569262862,0.5868546963,-0.0082453759,1.0000000000
133,8.8740000000,left_hand,4,0.4504518807,0.5886896253,-0.0053559104,1.0000000000
134,8.9410000000,left_hand,4,0.4698729515,0.5969293714,-0.0008211471,1.0000000000
135,9.0080000000,left_hand,4,0.4857968092,0.6232469082,-0.0107976766,1.0000000000
136,9.0740000000,left_hand,4,0.5109530687,0.6693260074,-0.0594970658,1.0000000000
137,9.1410000000,left_hand,4,0.5401113033,0.6773570776,-0.0301726889,1.0000000000
138,9.2080000000,left_hand,4,0.5237340927,0.6766667366,-0.0364704505,1.0000000000
139,9.2750000000,left_hand,4,0.5266665220,0.6721463203,-0.0289803203,1.0000000000
140,9.3410000000,left_hand,4,0.6201578975,0.7777770758,-0.0334501602,1.0000000000
141,9.4080000000,left_hand,4,0.6123117805,0.7572959661,-0.0170892701,1.0000000000
142,9.4750000000,left_hand,4,0.5918141603,0.6899235249,-0.0001935217,1.0000000000
143,9.5410000000,left_hand,4,0.5792225599,0.6618728638,-0.0132149737,1.0000000000
144,9.6080000000,left_hand,4,0.5677102804,0.6373583674,-0.0054995869,1.0000000000
145,9.6750000000,left_hand,4,0.3065430522,0.6585057974,-0.0835261941,1.0000000000
146,9.7420000000,left_hand,4,0.3210106790,0.6605035663,-0.0407722071,1.0000000000
147,9.8080000000,left_hand,4,0.4942165911,0.5033630729,-0.0335543491,1.0000000000
148,9.8750000000,left_hand,4,0.4989024997,0.5048816800,-0.0234754924,1.0000000000
149,9.9420000000,left_hand,4,0.4974403977,0.4886888266,-0.0337782614,1.0000000000
150,10.0080000000,left_hand,4,0.4626709819,0.4584652781,-0.0249030069,1.0000000000
151,10.0750000000,left_hand,4,0.4475747645,0.4608071446,-0.0230158065,1.0000000000
152,10.1420000000,left_hand,4,0.4383866191,0.4781838655,-0.0253573209,1.0000000000
153,10.2090000000,left_hand,4,0.4284864068,0.4844346046,-0.0215091798,1.0000000000
154,10.2750000000,left_hand,4,0.4322202802,0.5080711842,-0.0162347276,1.0000000000
155,10.3420000000,left_hand,4,0.4550015926,0.5745446086,-0.0143099325,1.0000000000
156,10.4090000000,left_hand,4,0.4782629311,0.6394403577,-0.0121024111,1.0000000000
157,10.4760000000,left_hand,4,0.5002098680,0.7093262672,-0.0542533956,1.0000000000
158,10.5420000000,left_hand,4,0.4962250888,0.7222393155,-0.0447655730,1.0000000000
159,10.6090000000,left_hand,4,0.5069543123,0.7321969271,-0.0343867987,1.0000000000
160,10.6760000000,left_hand,4,0.5103548169,0.7042203546,-0.0290391203,1.0000000000
161,10.7420000000,left_hand,4,0.5909551978,0.7881792784,-0.0247810930,1.0000000000
162,10.8090000000,left_hand,4,0.6058052778,0.7793005705,-0.0227982141,1.0000000000
163,10.8760000000,left_hand,4,0.5717751384,0.6904616952,-0.0179450884,1.0000000000
164,10.9430000000,left_hand,4,0.5097261667,0.6002616286,-0.0328766666,1.0000000000
165,11.0090000000,left_hand,4,0.4987540245,0.5702707171,-0.0244347528,1.0000000000
166,11.0760000000,left_hand,4,0.4854821563,0.5166963339,-0.0258734841,1.0000000000
167,11.1430000000,left_hand,4,0.4651841521,0.4829551578,-0.0300730914,1.0000000000
168,11.2100000000,left_hand,4,0.4526950717,0.4732872248,-0.0228928942,1.0000000000
169,11.2760000000,left_hand,4,0.4434791505,0.4772475958,-0.0241772234,1.0000000000
170,11.3430000000,left_hand,4,0.4354724884,0.4889437854,-0.0209605675,1.0000000000
171,11.4100000000,left_hand,4,0.4331340492,0.4993711710,-0.0201926045,1.0000000000
172,11.4760000000,left_hand,4,0.4342107177,0.5150910020,-0.0193646215,1.0000000000
173,11.5430000000,left_hand,4,0.4463947713,0.5342339873,-0.0168171655,1.0000000000
174,11.6100000000,left_hand,4,0.4605599940,0.5796687603,-0.0259816218,1.0000000000
175,11.6770000000,left_hand,4,0.4993280768,0.6470865607,-0.0115720285,1.0000000000
176,11.7430000000,left_hand,4,0.5017831922,0.6817903519,-0.0241501071,1.0000000000
177,11.8100000000,left_hand,4,0.5014514327,0.7103096247,-0.0158483740,1.0000000000
178,11.8770000000,left_hand,4,0.5331228375,0.7029139996,-0.0141032552,1.0000000000
179,11.9430000000,left_hand,4,0.5106500387,0.6948606968,-0.0281409994,1.0000000000
75,5.0040000000,left_hand,5,0.5784546733,0.5929784179,-0.0332414620,1.0000000000
76,5.0710000000,left_hand,5,0.5791798234,0.5924826860,-0.0329155624,1.0000000000
77,5.1380000000,left_hand,5,0.5742897987,0.5949279666,-0.0270833839,1.0000000000
78,5.2040000000,left_hand,5,0.5580712557,0.6332697272,-0.0075437245,1.0000000000
79,5.2710000000,left_hand,5,0.5752301812,0.6283628345,-0.0093985917,1.0000000000
80,5.3380000000,left_hand,5,0.5683649182,0.6120264411,-0.0186726540,1.0000000000
81,5.4050000000,left_hand,5,0.5614996552,0.5956900477,-0.0279467164,1.0000000000
82,5.4710000000,left_hand,5,0.5546343923,0.5793536544,-0.0372207787,1.0000000000
83,5.5380000000,left_hand,5,0.5477691293,0.5630172610,-0.0464948410,1.0000000000
84,5.6050000000,left_hand,5,0.5409038663,0.5466808677,-0.0557689033,1.0000000000
85,5.6710000000,left_hand,5,0.5409718752,0.5029187202,-0.0413157195,1.0000000000
86,5.7380000000,left_hand,5,0.5410398841,0.4591565728,-0.0268625356,1.0000000000
87,5.8050000000,left_hand,5,0.5234153271,0.4916853905,-0.0228373669,1.0000000000
88,5.8720000000,left_hand,5,0.5136772394,0.4974839091,-0.0377182364,1.0000000000
89,5.9380000000,left_hand,5,0.5066658258,0.5050389767,-0.0397240818,1.0000000000
90,6.0050000000,left_hand,5,0.5008020401,0.5156683326,-0.0337662250,1.0000000000
91,6.0720000000,left_hand,5,0.4965795577,0.5225224495,-0.0230093952,1.0000000000
92,6.1390000000,left_hand,5,0.3329063058,0.6164748669,-0.0401409678,1.0000000000
93,6.2050000000,left_hand,5,0.5660818815,0.6121671796,-0.0144319767,1.0000000000
94,6.2720000000,left_hand,5,0.5591579080,0.6167334914,-0.0240140334,1.0000000000
95,6.3390000000,left_hand,5,0.5450360179,0.6280487776,-0.0412003696,1.0000000000
96,6.4050000000,left_hand,5,0.5548513532,0.6348720789,-0.0407509878,1.0000000000
97,6.4720000000,left_hand,5,0.5517405272,0.6195886135,-0.0488312170,1.0000000000
98,6.5390000000,left_hand,5,0.5639933944,0.6266224384,-0.0513300449,1.0000000000
99,6.6060000000,left_hand,5,0.5569021106,0.6185900569,-0.0467042625,1.0000000000
100,6.6720000000,left_hand,5,0.5558701754,0.5981037617,-0.0527353734,1.0000000000
101,6.7390000000,left_hand,5,0.5601953268,0.6023894548,-0.0299701542,1.0000000000
102,6.8060000000,left_hand,5,0.5601055622,0.5856828094,-0.0407733656,1.0000000000
103,6.8720000000,left_hand,5,0.5785637498,0.6042904258,-0.0452920496,1.0000000000
104,6.9390000000,left_hand,5,0.5608247519,0.5788739920,-0.0363189168,1.0000000000
105,7.0060000000,left_hand,5,0.5555677414,0.5686168671,-0.0341318175,1.0000000000
106,7.0730000000,left_hand,5,0.5615707040,0.5608515143,-0.0402441360,1.0000000000
107,7.1390000000,left_hand,5,0.5622292757,0.5591730475,-0.0256934557,1.0000000000
108,7.2060000000,left_hand,5,0.5581972599,0.5655632019,-0.0242516939,1.0000000000
109,7.2730000000,left_hand,5,0.5573571324,0.5362011194,-0.0409856960,1.0000000000
110,7.3400000000,left_hand,5,0.5476444364,0.5237002969,-0.0373981670,1.0000000000
111,7.4060000000,left_hand,5,0.5325627327,0.5300544500,-0.0260028243,1.0000000000
112,7.4730000000,left_hand,5,0.5164018869,0.5338231921,-0.0241985712,1.0000000000
113,7.5400000000,left_hand,5,0.5028604865,0.5453028083,-0.0162417032,1.0000000000
114,7.6060000000,left_hand,5,0.4953907430,0.5523660183,-0.0179704912,1.0000000000
115,7.6730000000,left_hand,5,0.4911830425,0.5438822508,-0.0173980892,1.0000000000
116,7.7400000000,left_hand,5,0.4893987179,0.5425057411,-0.0282676369,1.0000000000
117,7.8070000000,left_hand,5,0.4933288991,0.5554320216,-0.0234898217,1.0000000000
118,7.8730000000,left_hand,5,0.5024235845,0.5548381805,-0.0302881170,1.0000000000
119,7.9400000000,left_hand,5,0.5218051076,0.5655999780,-0.0196211822,1.0000000000
120,8.0070000000,left_hand,5,0.5398906469,0.6007094979,-0.0507143699,1.0000000000
121,8.0740000000,left_hand,5,0.5599257350,0.6167709231,-0.0459832028,1.0000000000
122,8.1400000000,left_hand,5,0.5763429403,0.6091315746,-0.0370729528,1.0000000000
123,8.2070000000,left_hand,5,0.5803166628,0.6183882356,-0.0203131177,1.0000000000
124,8.2740000000,left_hand,5,0.5924720764,0.6061308384,-0.0373791344,1.0000000000
125,8.3400000000,left_hand,5,0.5916420817,0.5880046487,-0.0198483970,1.0000000000
126,8.4070000000,left_hand,5,0.5761234164,0.5620503426,-0.0317415372,1.0000000000
127,8.4740000000,left_hand,5,0.5571661592,0.5431241989,-0.0206750259,1.0000000000
128,8.5410000000,left_hand,5,0.5403860211,0.5420330167,-0.0214166678,1.0000000000
129,8.6070000000,left_hand,5,0.5229399800,0.5550907850,-0.0240773074,1.0000000000
130,8.6740000000,left_hand,5,0.5089482665,0.5595337152,-0.0223056264,1.0000000000
131,8.7410000000,left_hand,5,0.5037294626,0.5619736314,-0.0251001902,1.0000000000
132,8.8070000000,left_hand,5,0.5033261180,0.5487861633,-0.0250155907,1.0000000000
133,8.8740000000,left_hand,5,0.5046948791,0.5558254123,-0.0189370997,1.0000000000
134,8.9410000000,left_hand,5,0.5098456144,0.5667430162,-0.0160393529,1.0000000000
135,9.0080000000,left_hand,5,0.5276754498,0.5640583038,-0.0126710935,1.0000000000
136,9.0740000000,left_hand,5,0.5488713980,0.5957910419,-0.0561280102,1.0000000000
137,9.1410000000,left_hand,5,0.5746826530,0.6356591582,-0.0345064886,1.0000000000
138,9.2080000000,left_hand,5,0.5817147493,0.6312211752,-0.0475804470,1.0000000000
139,9.2750000000,left_hand,5,0.5811332464,0.6293709278,-0.0359587930,1.0000000000
140,9.3410000000,left_hand,5,0.6251704693,0.6678258181,-0.0362048112,1.0000000000
141,9.4080000000,left_hand,5,0.6270000935,0.6728962064,-0.0182324946,1.0000000000
142,9.4750000000,left_hand,5,0.6005178690,0.6438478827,-0.0046904557,1.0000000000
143,9.5410000000,left_hand,5,0.5984483957,0.6300867200,-0.0107225971,1.0000000000
144,9.6080000000,left_hand,5,0.5846374035,0.5961933732,-0.0066058724,1.0000000000
145,9.6750000000,left_hand,5,0.3164656758,0.5648774505,-0.0529517494,1.0000000000
146,9.7420000000,left_hand,5,0.3130389154,0.5685741901,-0.0282809194,1.0000000000
147,9.8080000000,left_hand,5,0.5519207716,0.5060177445,-0.0366984867,1.0000000000
148,9.8750000000,left_hand,5,0.5451937318,0.4928246439,-0.0296045542,1.0000000000
149,9.9420000000,left_hand,5,0.5417551994,0.4831089973,-0.0285112429,1.0000000000
150,10.0080000000,left_hand,5,0.5243096352,0.4879018664,-0.0273071676,1.0000000000
151,10.0750000000,left_hand,5,0.5103430152,0.4997396171,-0.0272883214,1.0000000000
152,10.1420000000,left_hand,5,0.5000986457,0.5032272339,-0.0317255370,1.0000000000
153,10.2090000000,left_hand,5,0.4901255965,0.5239817500,-0.0220619850,1.0000000000
154,10.2750000000,left_hand,5,0.4948353767,0.5261508226,-0.0202770270,1.0000000000
155,10.3420000000,left_hand,5,0.5056918263,0.5693451762,-0.0212412886,1.0000000000
156,10.4090000000,left_hand,5,0.5235334039,0.5740816593,-0.0204221047,1.0000000000
157,10.4760000000,left_hand,5,0.5378057361,0.6178658605,-0.0570347607,1.0000000000
158,10.5420000000,left_hand,5,0.5548139811,0.6483795643,-0.0530117452,1.0000000000
159,10.6090000000,left_hand,5,0.5671012402,0.6577919126,-0.0436385199,1.0000000000
160,10.6760000000,left_hand,5,0.5624905229,0.6352343559,-0.0399187393,1.0000000000
161,10.7420000000,left_hand,5,0.5953209400,0.6784204841,-0.0249064788,1.0000000000
162,10.8090000000,left_hand,5,0.6066038609,0.6864523292,-0.0155303013,1.0000000000
163,10.8760000000,left_hand,5,0.5817126036,0.5864710212,-0.0209821817,1.0000000000
164,10.9430000000,left_hand,5,0.5607684255,0.5491137505,-0.0427903458,1.0000000000
165,11.0090000000,left_hand,5,0.5460062027,0.5281401277,-0.0355951861,1.0000000000
166,11.0760000000,left_hand,5,0.5439710021,0.5149878263,-0.0297645908,1.0000000000
167,11.1430000000,left_hand,5,0.5316450596,0.4887984097,-0.0339356549,1.0000000000
168,11.2100000000,left_hand,5,0.5176556706,0.4938209653,-0.0280897226,1.0000000000
169,11.2760000000,left_hand,5,0.5053356290,0.4953275621,-0.0281357914,1.0000000000
170,11.3430000000,left_hand,5,0.4967758656,0.4995092154,-0.0270887371,1.0000000000
171,11.4100000000,left_hand,5,0.4914447367,0.5136909485,-0.0251538511,1.0000000000
172,11.4760000000,left_hand,5,0.4965789616,0.5232389569,-0.0254351553,1.0000000000
173,11.5430000000,left_hand,5,0.5085755587,0.5329712629,-0.0231298022,1.0000000000
174,11.6100000000,left_hand,5,0.5220215321,0.5736363530,-0.0277568810,1.0000000000
175,11.6770000000,left_hand,5,0.5292506218,0.5865508914,-0.0251163598,1.0000000000
176,11.7430000000,left_hand,5,0.5473868251,0.6267516017,-0.0363612697,1.0000000000
177,11.8100000000,left_hand,5,0.5515995622,0.6419400573,-0.0326451920,1.0000000000
178,11.8770000000,left_hand,5,0.5586082935,0.6355138421,-0.0308982488,1.0000000000
179,11.9430000000,left_hand,5,0.5566281676,0.6306241751,-0.0443666726,1.0000000000
75,5.0040000000,left_hand,6,0.5543497205,0.6500562429,-0.0456930213,1.0000000000
76,5.0710000000,left_hand,6,0.5546090603,0.6518787146,-0.0446955040,1.0000000000
77,5.1380000000,left_hand,6,0.5477957726,0.6420122385,-0.0359298773,1.0000000000
78,5.2040000000,left_hand,6,0.5358573198,0.6808700562,-0.0035999471,1.0000000000
79,5.2710000000,left_hand,6,0.5572244525,0.6711938381,-0.0105444547,1.0000000000
80,5.3380000000,left_hand,6,0.5611538291,0.6391813159,-0.0204711646,1.0000000000
81,5.4050000000,left_hand,6,0.5650832057,0.6071687937,-0.0303978745,1.0000000000
82,5.4710000000,left_hand,6,0.5690125823,0.5751562715,-0.0403245844,1.0000000000
83,5.5380000000,left_hand,6,0.5729419589,0.5431437492,-0.0502512943,1.0000000000
84,5.6050000000,left_hand,6,0.5768713355,0.5111312270,-0.0601780042,1.0000000000
85,5.6710000000,left_hand,6,0.5404289365,0.4972667843,-0.0496960226,1.0000000000
86,5.7380000000,left_hand,6,0.5039865375,0.4834023416,-0.0392140411,1.0000000000
87,5.8050000000,left_hand,6,0.4871187508,0.5172394514,-0.0325625800,1.0000000000
88,5.8720000000,left_hand,6,0.4716712832,0.5286931992,-0.0515052713,1.0000000000
89,5.9380000000,left_hand,6,0.4639990628,0.5338947177,-0.0543703698,1.0000000000
90,6.0050000000,left_hand,6,0.4554968774,0.5383005738,-0.0451332740,1.0000000000
91,6.0720000000,left_hand,6,0.4535739124,0.5522383451,-0.0331951976,1.0000000000
92,6.1390000000,left_hand,6,0.3500448465,0.6416134238,-0.0546382554,1.0000000000
93,6.2050000000,left_hand,6,0.5418446064,0.6131868958,-0.0246230718,1.0000000000
94,6.2720000000,left_hand,6,0.5389279723,0.6554304957,-0.0402443223,1.0000000000
95,6.3390000000,left_hand,6,0.5331108570,0.7046486139,-0.0584113896,1.0000000000
96,6.4050000000,left_hand,6,0.5400009751,0.7153590322,-0.0563884452,1.0000000000
97,6.4720000000,left_hand,6,0.5320823193,0.7006391883,-0.0678396001,1.0000000000
98,6.5390000000,left_hand,6,0.5409355760,0.7069277763,-0.0713299289,1.0000000000
99,6.6060000000,left_hand,6,0.5363084674,0.6936563253,-0.0646249503,1.0000000000
100,6.6720000000,left_hand,6,0.5353450775,0.6803084016,-0.0744867772,1.0000000000
101,6.7390000000,left_hand,6,0.5369389653,0.6764718294,-0.0423011184,1.0000000000
102,6.8060000000,left_hand,6,0.5369784236,0.6574818492,-0.0571778342,1.0000000000
103,6.8720000000,left_hand,6,0.5571407676,0.6802289486,-0.0630988628,1.0000000000
104,6.9390000000,left_hand,6,0.5385315418,0.6469160318,-0.0503513366,1.0000000000
105,7.0060000000,left_hand,6,0.5302423835,0.6356572509,-0.0479051843,1.0000000000
106,7.0730000000,left_hand,6,0.5358764529,0.6345372200,-0.0562869832,1.0000000000
107,7.1390000000,left_hand,6,0.5339090824,0.6101284027,-0.0376347117,1.0000000000
108,7.2060000000,left_hand,6,0.5264787078,0.6051030755,-0.0342600867,1.0000000000
109,7.2730000000,left_hand,6,0.5217199326,0.5713760853,-0.0588309467,1.0000000000
110,7.3400000000,left_hand,6,0.5089578629,0.5605702996,-0.0529180206,1.0000000000
111,7.4060000000,left_hand,6,0.4957669675,0.5524147153,-0.0378726162,1.0000000000
112,7.4730000000,left_hand,6,0.4751807153,0.5619127750,-0.0348589793,1.0000000000
113,7.5400000000,left_hand,6,0.4653494954,0.5752679706,-0.0246818513,1.0000000000
114,7.6060000000,left_hand,6,0.4587475657,0.5981763601,-0.0262801293,1.0000000000
115,7.6730000000,left_hand,6,0.4552995861,0.5841238499,-0.0246197134,1.0000000000
116,7.7400000000,left_hand,6,0.4503002465,0.5876661539,-0.0387383923,1.0000000000
117,7.8070000000,left_hand,6,0.4547694921,0.5961135030,-0.0332206152,1.0000000000
118,7.8730000000,left_hand,6,0.4599061906,0.6037176847,-0.0396521464,1.0000000000
119,7.9400000000,left_hand,6,0.4871503115,0.6209505796,-0.0276721623,1.0000000000
120,8.0070000000,left_hand,6,0.5153642297,0.6643576622,-0.0734251514,1.0000000000
121,8.0740000000,left_hand,6,0.5395020843,0.6897842288,-0.0661883503,1.0000000000
122,8.1400000000,left_hand,6,0.5527346730,0.6657259464,-0.0527837202,1.0000000000
123,8.2070000000,left_hand,6,0.5497124791,0.6614144444,-0.0325167812,1.0000000000
124,8.2740000000,left_hand,6,0.5628031492,0.6528892517,-0.0559524447,1.0000000000
125,8.3400000000,left_hand,6,0.5582661629,0.6179208159,-0.0291986614,1.0000000000
126,8.4070000000,left_hand,6,0.5334896445,0.5891907811,-0.0448242947,1.0000000000
127,8.4740000000,left_hand,6,0.5205774307,0.5629726052,-0.0291830786,1.0000000000
128,8.5410000000,left_hand,6,0.5022279620,0.5572902560,-0.0304353368,1.0000000000
129,8.6070000000,left_hand,6,0.4846838713,0.5709649324,-0.0350639150,1.0000000000
130,8.6740000000,left_hand,6,0.4671573043,0.5786616802,-0.0320168510,1.0000000000
131,8.7410000000,left_hand,6,0.4617346525,0.5866513252,-0.0361905880,1.0000000000
132,8.8070000000,left_hand,6,0.4586326182,0.5762773156,-0.0355017446,1.0000000000
133,8.8740000000,left_hand,6,0.4622341692,0.5895530581,-0.0277071539,1.0000000000
134,8.9410000000,left_hand,6,0.4693630934,0.6004588604,-0.0236385148,1.0000000000
135,9.0080000000,left_hand,6,0.4948254824,0.6029071808,-0.0215885211,1.0000000000
136,9.0740000000,left_hand,6,0.5215849876,0.6404318213,-0.0853261128,1.0000000000
137,9.1410000000,left_hand,6,0.5550724268,0.7060822248,-0.0510968864,1.0000000000
138,9.2080000000,left_hand,6,0.5637084246,0.6963865161,-0.0660247058,1.0000000000
139,9.2750000000,left_hand,6,0.5625387430,0.6911298633,-0.0494679064,1.0000000000
140,9.3410000000,left_hand,6,0.6173421144,0.7315654755,-0.0510299988,1.0000000000
141,9.4080000000,left_hand,6,0.6160831451,0.7321404219,-0.0269641317,1.0000000000
142,9.4750000000,left_hand,6,0.5875225067,0.6939728260,-0.0105335843,1.0000000000
143,9.5410000000,left_hand,6,0.5870602727,0.6751582623,-0.0205266532,1.0000000000
144,9.6080000000,left_hand,6,0.5666818023,0.6399173141,-0.0113499574,1.0000000000
145,9.6750000000,left_hand,6,0.3315453827,0.6091421247,-0.0734859630,1.0000000000
146,9.7420000000,left_hand,6,0.3309038281,0.5992358923,-0.0396333039,1.0000000000
147,9.8080000000,left_hand,6,0.5150150061,0.5337117910,-0.0506075434,1.0000000000
148,9.8750000000,left_hand,6,0.5049004555,0.5082451105,-0.0411127768,1.0000000000
149,9.9420000000,left_hand,6,0.5031078458,0.4806606174,-0.0420560725,1.0000000000
150,10.0080000000,left_hand,6,0.4827700853,0.5104522705,-0.0376588479,1.0000000000
151,10.0750000000,left_hand,6,0.4662110806,0.5174964070,-0.0371934101,1.0000000000
152,10.1420000000,left_hand,6,0.4540902674,0.5179859996,-0.0426086262,1.0000000000
153,10.2090000000,left_hand,6,0.4473241270,0.5377228260,-0.0320008174,1.0000000000
154,10.2750000000,left_hand,6,0.4528209567,0.5505890846,-0.0291709695,1.0000000000
155,10.3420000000,left_hand,6,0.4649030268,0.6015503407,-0.0303854328,1.0000000000
156,10.4090000000,left_hand,6,0.4930855334,0.6290471554,-0.0278725885,1.0000000000
157,10.4760000000,left_hand,6,0.5236217380,0.7003642321,-0.0821999237,1.0000000000
158,10.5420000000,left_hand,6,0.5437762141,0.7318122387,-0.0731183887,1.0000000000
159,10.6090000000,left_hand,6,0.5521073937,0.7389131188,-0.0593471490,1.0000000000
160,10.6760000000,left_hand,6,0.5446346998,0.7185149789,-0.0554296598,1.0000000000
161,10.7420000000,left_hand,6,0.5732913613,0.7547302246,-0.0331040025,1.0000000000
162,10.8090000000,left_hand,6,0.5921349525,0.7482935786,-0.0239945017,1.0000000000
163,10.8760000000,left_hand,6,0.5624381900,0.6616469026,-0.0279312506,1.0000000000
164,10.9430000000,left_hand,6,0.5353651047,0.6148349047,-0.0581651069,1.0000000000
165,11.0090000000,left_hand,6,0.5114932656,0.5868611336,-0.0474395379,1.0000000000
166,11.0760000000,left_hand,6,0.5076951981,0.5557196736,-0.0427213982,1.0000000000
167,11.1430000000,left_hand,6,0.4914447367,0.5310872793,-0.0464371927,1.0000000000
168,11.2100000000,left_hand,6,0.4757816195,0.5329574943,-0.0388907753,1.0000000000
169,11.2760000000,left_hand,6,0.4649390578,0.5319615006,-0.0391546078,1.0000000000
170,11.3430000000,left_hand,6,0.4555365145,0.5344462991,-0.0382247455,1.0000000000
171,11.4100000000,left_hand,6,0.4493724108,0.5544637442,-0.0353116132,1.0000000000
172,11.4760000000,left_hand,6,0.4551832080,0.5625303984,-0.0367501639,1.0000000000
173,11.5430000000,left_hand,6,0.4656397700,0.5761821270,-0.0325076655,1.0000000000
174,11.6100000000,left_hand,6,0.4847586453,0.6318139434,-0.0378038995,1.0000000000
175,11.6770000000,left_hand,6,0.4977999628,0.6586225629,-0.0354352407,1.0000000000
176,11.7430000000,left_hand,6,0.5260692835,0.7091018558,-0.0508293696,1.0000000000
177,11.8100000000,left_hand,6,0.5309001803,0.7225701809,-0.0449811853,1.0000000000
178,11.8770000000,left_hand,6,0.5351606011,0.7125750184,-0.0421949439,1.0000000000
179,11.9430000000,left_hand,6,0.5314353704,0.7018032074,-0.0598177500,1.0000000000
75,5.0040000000,left_hand,7,0.5393145680,0.6847912669,-0.0513931960,1.0000000000
76,5.0710000000,left_hand,7,0.5412532091,0.6890624762,-0.0499032475,1.0000000000
77,5.1380000000,left_hand,7,0.5335744619,0.6738535762,-0.0387075357,1.0000000000
78,5.2040000000,left_hand,7,0.5260403156,0.7007452846,0.0004954500,1.0000000000
79,5.2710000000,left_hand,7,0.5463235378,0.6829115152,-0.0103397351,1.0000000000
80,5.3380000000,left_hand,7,0.5529585004,0.6431603670,-0.0183597825,1.0000000000
81,5.4050000000,left_hand,7,0.5595934629,0.6034092188,-0.0263798300,1.0000000000
82,5.4710000000,left_hand,7,0.5662284255,0.5636580706,-0.0343998775,1.0000000000
83,5.5380000000,left_hand,7,0.5728633881,0.5239069223,-0.0424199250,1.0000000000
84,5.6050000000,left_hand,7,0.5794983506,0.4841557741,-0.0504399724,1.0000000000
85,5.6710000000,left_hand,7,0.5312514305,0.4933882654,-0.0486083683,1.0000000000
86,5.7380000000,left_hand,7,0.4830045104,0.5026207566,-0.0467767641,1.0000000000
87,5.8050000000,left_hand,7,0.4644711316,0.5316240191,-0.0382143743,1.0000000000
88,5.8720000000,left_hand,7,0.4457584620,0.5464187860,-0.0575094745,1.0000000000
89,5.9380000000,left_hand,7,0.4378326237,0.5510202050,-0.0606340989,1.0000000000
90,6.0050000000,left_hand,7,0.4302119017,0.5504209995,-0.0487869978,1.0000000000
91,6.0720000000,left_hand,7,0.4321894944,0.5760427713,-0.0360842310,1.0000000000
92,6.1390000000,left_hand,7,0.3607023358,0.6512615085,-0.0626443028,1.0000000000
93,6.2050000000,left_hand,7,0.5262498260,0.6157258153,-0.0329878256,1.0000000000
94,6.2720000000,left_hand,7,0.5265074372,0.6847136617,-0.0517662168,1.0000000000
95,6.3390000000,left_hand,7,0.5274106860,0.7543723583,-0.0674864128,1.0000000000
96,6.4050000000,left_hand,7,0.5324609280,0.7669457197,-0.0630915463,1.0000000000
97,6.4720000000,left_hand,7,0.5230956674,0.7530778050,-0.0750055984,1.0000000000
98,6.5390000000,left_hand,7,0.5306416154,0.7586073875,-0.0801497847,1.0000000000
99,6.6060000000,left_hand,7,0.5257186294,0.7424464822,-0.0715031475,1.0000000000
100,6.6720000000,left_hand,7,0.5255342722,0.7320615053,-0.0849065334,1.0000000000
101,6.7390000000,left_hand,7,0.5259447694,0.7224937081,-0.0476668403,1.0000000000
102,6.8060000000,left_hand,7,0.5259195566,0.7039250731,-0.0656138882,1.0000000000
103,6.8720000000,left_hand,7,0.5469083786,0.7275535464,-0.0722797886,1.0000000000
104,6.9390000000,left_hand,7,0.5264222026,0.6896594763,-0.0564153753,1.0000000000
105,7.0060000000,left_hand,7,0.5173143148,0.6800130606,-0.0541166142,1.0000000000
106,7.0730000000,left_hand,7,0.5230130553,0.6803926229,-0.0637356564,1.0000000000
107,7.1390000000,left_hand,7,0.5187997222,0.6411531568,-0.0429822952,1.0000000000
108,7.2060000000,left_hand,7,0.5073505044,0.6299408078,-0.0378337353,1.0000000000
109,7.2730000000,left_hand,7,0.4980107248,0.5974694490,-0.0671823919,1.0000000000
110,7.3400000000,left_hand,7,0.4837343693,0.5808562636,-0.0590756312,1.0000000000
111,7.4060000000,left_hand,7,0.4705985188,0.5699799657,-0.0427754670,1.0000000000
112,7.4730000000,left_hand,7,0.4494231343,0.5802269578,-0.0389185697,1.0000000000
113,7.5400000000,left_hand,7,0.4446521699,0.5944521427,-0.0286359712,1.0000000000
114,7.6060000000,left_hand,7,0.4387369454,0.6257879734,-0.0298061259,1.0000000000
115,7.6730000000,left_hand,7,0.4376682043,0.6101555824,-0.0269205626,1.0000000000
116,7.7400000000,left_hand,7,0.4289438725,0.6145532727,-0.0421483964,1.0000000000
117,7.8070000000,left_hand,7,0.4342176318,0.6202752590,-0.0370159410,1.0000000000
118,7.8730000000,left_hand,7,0.4378321171,0.6326218247,-0.0411997810,1.0000000000
119,7.9400000000,left_hand,7,0.4707554281,0.6596472263,-0.0284627825,1.0000000000
120,8.0070000000,left_hand,7,0.5028709769,0.7068551183,-0.0837948993,1.0000000000
121,8.0740000000,left_hand,7,0.5304916501,0.7377576232,-0.0768879130,1.0000000000
122,8.1400000000,left_hand,7,0.5391692519,0.7039680481,-0.0609170273,1.0000000000
123,8.2070000000,left_hand,7,0.5335993767,0.6901856661,-0.0378252976,1.0000000000
124,8.2740000000,left_hand,7,0.5433402061,0.6757385135,-0.0642875209,1.0000000000
125,8.3400000000,left_hand,7,0.5386032462,0.6283864379,-0.0315157957,1.0000000000
126,8.4070000000,left_hand,7,0.5073909760,0.6085527539,-0.0498655066,1.0000000000
127,8.4740000000,left_hand,7,0.4991486371,0.5749001503,-0.0319100358,1.0000000000
128,8.5410000000,left_hand,7,0.4789286852,0.5668233037,-0.0337479115,1.0000000000
129,8.6070000000,left_hand,7,0.4619190097,0.5802955031,-0.0392003320,1.0000000000
130,8.6740000000,left_hand,7,0.4435516894,0.5903083086,-0.0349723063,1.0000000000
131,8.7410000000,left_hand,7,0.4371347129,0.6021769643,-0.0399959609,1.0000000000
132,8.8070000000,left_hand,7,0.4348032773,0.5960138440,-0.0380484611,1.0000000000
133,8.8740000000,left_hand,7,0.4384865165,0.6087136865,-0.0306282658,1.0000000000
134,8.9410000000,left_hand,7,0.4477958679,0.6213958263,-0.0259277485,1.0000000000
135,9.0080000000,left_hand,7,0.4778271317,0.6334452629,-0.0277947169,1.0000000000
136,9.0740000000,left_hand,7,0.5073975325,0.6797247529,-0.1038267463,1.0000000000
137,9.1410000000,left_hand,7,0.5445010662,0.7519239187,-0.0598977059,1.0000000000
138,9.2080000000,left_hand,7,0.5527566075,0.7382389903,-0.0733866021,1.0000000000
139,9.2750000000,left_hand,7,0.5529635549,0.7294487953,-0.0545862913,1.0000000000
140,9.3410000000,left_hand,7,0.6099337339,0.7723668814,-0.0567683838,1.0000000000
141,9.4080000000,left_hand,7,0.6087862849,0.7679666877,-0.0303160138,1.0000000000
142,9.4750000000,left_hand,7,0.5803139210,0.7245364189,-0.0137527734,1.0000000000
143,9.5410000000,left_hand,7,0.5801584721,0.7056966424,-0.0270466506,1.0000000000
144,9.6080000000,left_hand,7,0.5574844480,0.6686371565,-0.0135833500,1.0000000000
145,9.6750000000,left_hand,7,0.3416292965,0.6418833137,-0.0856629238,1.0000000000
146,9.7420000000,left_hand,7,0.3370797634,0.6214482784,-0.0447813272,1.0000000000
147,9.8080000000,left_hand,7,0.4911426902,0.5535123944,-0.0561867245,1.0000000000
148,9.8750000000,left_hand,7,0.4801867604,0.5235562325,-0.0458811931,1.0000000000
149,9.9420000000,left_hand,7,0.4772924483,0.4843682647,-0.0489975624,1.0000000000
150,10.0080000000,left_hand,7,0.4580243826,0.5226683617,-0.0422591902,1.0000000000
151,10.0750000000,left_hand,7,0.4410810173,0.5281144381,-0.0409117639,1.0000000000
152,10.1420000000,left_hand,7,0.4273728728,0.5293684602,-0.0463021733,1.0000000000
153,10.2090000000,left_hand,7,0.4222294390,0.5479063392,-0.0364436060,1.0000000000
154,10.2750000000,left_hand,7,0.4294489026,0.5646474361,-0.0335127376,1.0000000000
155,10.3420000000,left_hand,7,0.4489056170,0.6105717421,-0.0328771174,1.0000000000
156,10.4090000000,left_hand,7,0.4803455174,0.6606131196,-0.0303636417,1.0000000000
157,10.4760000000,left_hand,7,0.5188277364,0.7520833015,-0.0952436328,1.0000000000
158,10.5420000000,left_hand,7,0.5380539298,0.7862907648,-0.0831743553,1.0000000000
159,10.6090000000,left_hand,7,0.5445798039,0.7859576344,-0.0645027608,1.0000000000
160,10.6760000000,left_hand,7,0.5356827974,0.7713939548,-0.0610334761,1.0000000000
161,10.7420000000,left_hand,7,0.5644136667,0.7943826914,-0.0338060558,1.0000000000
162,10.8090000000,left_hand,7,0.5841360688,0.7833232880,-0.0277155396,1.0000000000
163,10.8760000000,left_hand,7,0.5537814498,0.7080646753,-0.0294962786,1.0000000000
164,10.9430000000,left_hand,7,0.5208285451,0.6546900272,-0.0651368424,1.0000000000
165,11.0090000000,left_hand,7,0.4944114089,0.6208026409,-0.0495653674,1.0000000000
166,11.0760000000,left_hand,7,0.4863025248,0.5822919607,-0.0481793210,1.0000000000
167,11.1430000000,left_hand,7,0.4685876071,0.5564857125,-0.0507034250,1.0000000000
168,11.2100000000,left_hand,7,0.4509243667,0.5570524335,-0.0426739343,1.0000000000
169,11.2760000000,left_hand,7,0.4401796162,0.5578042865,-0.0433303043,1.0000000000
170,11.3430000000,left_hand,7,0.4323967993,0.5607165098,-0.0422787927,1.0000000000
171,11.4100000000,left_hand,7,0.4266679585,0.5821816921,-0.0390656926,1.0000000000
172,11.4760000000,left_hand,7,0.4327168167,0.5885648727,-0.0411280096,1.0000000000
173,11.5430000000,left_hand,7,0.4437537789,0.5983849168,-0.0347495154,1.0000000000
174,11.6100000000,left_hand,7,0.4649983943,0.6608272791,-0.0404202677,1.0000000000
175,11.6770000000,left_hand,7,0.4888475835,0.7071307898,-0.0371704362,1.0000000000
176,11.7430000000,left_hand,7,0.5161448717,0.7610017657,-0.0578850657,1.0000000000
177,11.8100000000,left_hand,7,0.5208635330,0.7695056200,-0.0489315279,1.0000000000
178,11.8770000000,left_hand,7,0.5234180093,0.7573744059,-0.0462362394,1.0000000000
179,11.9430000000,left_hand,7,0.5183007717,0.7453345060,-0.0647102296,1.0000000000
75,5.0040000000,left_hand,8,0.5283396244,0.7106786966,-0.0543619879,1.0000000000
76,5.0710000000,left_hand,8,0.5310201049,0.7185344696,-0.0525447540,1.0000000000
77,5.1380000000,left_hand,8,0.5237942338,0.6977273822,-0.0398592763,1.0000000000
78,5.2040000000,left_hand,8,0.5208855867,0.7117986083,0.0039478536,1.0000000000
79,5.2710000000,left_hand,8,0.5392669439,0.6870867610,-0.0097238980,1.0000000000
80,5.3380000000,left_hand,8,0.5455333471,0.6432828605,-0.0158309236,1.0000000000
81,5.4050000000,left_hand,8,0.5517997503,0.5994789600,-0.0219379492,1.0000000000
82,5.4710000000,left_hand,8,0.5580661535,0.5556750596,-0.0280449748,1.0000000000
83,5.5380000000,left_hand,8,0.5643325567,0.5118711591,-0.0341520004,1.0000000000
84,5.6050000000,left_hand,8,0.5705989599,0.4680672586,-0.0402590260,1.0000000000
85,5.6710000000,left_hand,8,0.5185823441,0.4927314073,-0.0460556541,1.0000000000
86,5.7380000000,left_hand,8,0.4665657282,0.5173955560,-0.0518522821,1.0000000000
87,5.8050000000,left_hand,8,0.4475555420,0.5417245030,-0.0416977145,1.0000000000
88,5.8720000000,left_hand,8,0.4258333445,0.5589919090,-0.0601037852,1.0000000000
89,5.9380000000,left_hand,8,0.4168422520,0.5644484758,-0.0637096390,1.0000000000
90,6.0050000000,left_hand,8,0.4113363624,0.5580052137,-0.0500430726,1.0000000000
91,6.0720000000,left_hand,8,0.4213085175,0.5950311422,-0.0364441872,1.0000000000
92,6.1390000000,left_hand,8,0.3696064055,0.6581086516,-0.0669441670,1.0000000000
93,6.2050000000,left_hand,8,0.5139444470,0.6171931624,-0.0386541039,1.0000000000
94,6.2720000000,left_hand,8,0.5166795254,0.7125035524,-0.0598642267,1.0000000000
95,6.3390000000,left_hand,8,0.5238001347,0.7937365770,-0.0731190518,1.0000000000
96,6.4050000000,left_hand,8,0.5278975964,0.8073629141,-0.0668095052,1.0000000000
97,6.4720000000,left_hand,8,0.5175479054,0.7951973677,-0.0787878856,1.0000000000
98,6.5390000000,left_hand,8,0.5250099897,0.7989564538,-0.0852324739,1.0000000000
99,6.6060000000,left_hand,8,0.5193337202,0.7801332474,-0.0747169480,1.0000000000
100,6.6720000000,left_hand,8,0.5197145939,0.7733669281,-0.0912395418,1.0000000000
101,6.7390000000,left_hand,8,0.5196086764,0.7570335269,-0.0504274853,1.0000000000
102,6.8060000000,left_hand,8,0.5192916393,0.7415474653,-0.0708684772,1.0000000000
103,6.8720000000,left_hand,8,0.5395172238,0.7636414766,-0.0778229237,1.0000000000
104,6.9390000000,left_hand,8,0.5180376768,0.7228028178,-0.0602617227,1.0000000000
105,7.0060000000,left_hand,8,0.5090304613,0.7156469226,-0.0581748560,1.0000000000
106,7.0730000000,left_hand,8,0.5143292546,0.7172074318,-0.0683257654,1.0000000000
107,7.1390000000,left_hand,8,0.5089859366,0.6640598774,-0.0461509712,1.0000000000
108,7.2060000000,left_hand,8,0.4944308102,0.6492114663,-0.0396808647,1.0000000000
109,7.2730000000,left_hand,8,0.4804339707,0.6185825467,-0.0717162266,1.0000000000
110,7.3400000000,left_hand,8,0.4656060338,0.5923258662,-0.0615583695,1.0000000000
111,7.4060000000,left_hand,8,0.4512718320,0.5822724700,-0.0453683771,1.0000000000
112,7.4730000000,left_hand,8,0.4300245643,0.5926515460,-0.0407823361,1.0000000000
113,7.5400000000,left_hand,8,0.4290387034,0.6071678996,-0.0306891631,1.0000000000
114,7.6060000000,left_hand,8,0.4235054553,0.6452118754,-0.0315782875,1.0000000000
115,7.6730000000,left_hand,8,0.4253968894,0.6284843683,-0.0277473796,1.0000000000
116,7.7400000000,left_hand,8,0.4130630791,0.6340473890,-0.0432471111,1.0000000000
117,7.8070000000,left_hand,8,0.4194212556,0.6376906633,-0.0385570750,1.0000000000
118,7.8730000000,left_hand,8,0.4232957065,0.6531058550,-0.0405554026,1.0000000000
119,7.9400000000,left_hand,8,0.4629515409,0.6875742674,-0.0274630822,1.0000000000
120,8.0070000000,left_hand,8,0.4955394864,0.7449622154,-0.0899868980,1.0000000000
121,8.0740000000,left_hand,8,0.5235649943,0.7794209719,-0.0838843510,1.0000000000
122,8.1400000000,left_hand,8,0.5290294290,0.7337567806,-0.0661946088,1.0000000000
123,8.2070000000,left_hand,8,0.5222517848,0.7125414610,-0.0411415212,1.0000000000
124,8.2740000000,left_hand,8,0.5280600190,0.6892988086,-0.0691636726,1.0000000000
125,8.3400000000,left_hand,8,0.5283920169,0.6307597160,-0.0311608464,1.0000000000
126,8.4070000000,left_hand,8,0.4896512330,0.6226355433,-0.0518198721,1.0000000000
127,8.4740000000,left_hand,8,0.4830907881,0.5824850798,-0.0330233350,1.0000000000
128,8.5410000000,left_hand,8,0.4610756040,0.5724217892,-0.0353497937,1.0000000000
129,8.6070000000,left_hand,8,0.4447550178,0.5861852169,-0.0412105024,1.0000000000
130,8.6740000000,left_hand,8,0.4255927205,0.5974029899,-0.0362829715,1.0000000000
131,8.7410000000,left_hand,8,0.4180147648,0.6121268868,-0.0418103784,1.0000000000
132,8.8070000000,left_hand,8,0.4179700911,0.6101316214,-0.0385371260,1.0000000000
133,8.8740000000,left_hand,8,0.4201514125,0.6218660474,-0.0319379084,1.0000000000
134,8.9410000000,left_hand,8,0.4326521754,0.6353869438,-0.0265576672,1.0000000000
135,9.0080000000,left_hand,8,0.4665383101,0.6595152020,-0.0317776836,1.0000000000
136,9.0740000000,left_hand,8,0.4961879253,0.7148954868,-0.1157720387,1.0000000000
137,9.1410000000,left_hand,8,0.5365819335,0.7893562913,-0.0655308664,1.0000000000
138,9.2080000000,left_hand,8,0.5425744057,0.7707085609,-0.0781796724,1.0000000000
139,9.2750000000,left_hand,8,0.5446267128,0.7589591742,-0.0581179634,1.0000000000
140,9.3410000000,left_hand,8,0.6024281979,0.8039890528,-0.0596671440,1.0000000000
141,9.4080000000,left_hand,8,0.6023228765,0.7944531441,-0.0317027941,1.0000000000
142,9.4750000000,left_hand,8,0.5753590465,0.7469418645,-0.0159667917,1.0000000000
143,9.5410000000,left_hand,8,0.5751210451,0.7276685238,-0.0315080322,1.0000000000
144,9.6080000000,left_hand,8,0.5518665314,0.6881229281,-0.0146002639,1.0000000000
145,9.6750000000,left_hand,8,0.3504838347,0.6688316464,-0.0932905152,1.0000000000
146,9.7420000000,left_hand,8,0.3404473364,0.6357477903,-0.0474986471,1.0000000000
147,9.8080000000,left_hand,8,0.4739592969,0.5683256388,-0.0594289601,1.0000000000
148,9.8750000000,left_hand,8,0.4621630013,0.5358495712,-0.0480632298,1.0000000000
149,9.9420000000,left_hand,8,0.4583383203,0.4890006483,-0.0530516803,1.0000000000
150,10.0080000000,left_hand,8,0.4393015802,0.5298895240,-0.0450403653,1.0000000000
151,10.0750000000,left_hand,8,0.4221753478,0.5348157287,-0.0426672995,1.0000000000
152,10.1420000000,left_hand,8,0.4073655903,0.5363691449,-0.0478150956,1.0000000000
153,10.2090000000,left_hand,8,0.4036898017,0.5550156236,-0.0387991592,1.0000000000
154,10.2750000000,left_hand,8,0.4123612046,0.5744399428,-0.0363895670,1.0000000000
155,10.3420000000,left_hand,8,0.4436741471,0.6129804254,-0.0321548097,1.0000000000
156,10.4090000000,left_hand,8,0.4735145271,0.6815162301,-0.0312348921,1.0000000000
157,10.4760000000,left_hand,8,0.5170159340,0.7933126092,-0.1031492725,1.0000000000
158,10.5420000000,left_hand,8,0.5326561928,0.8313402534,-0.0903352872,1.0000000000
159,10.6090000000,left_hand,8,0.5377243161,0.8230069876,-0.0676786378,1.0000000000
160,10.6760000000,left_hand,8,0.5288364887,0.8109076619,-0.0644615442,1.0000000000
161,10.7420000000,left_hand,8,0.5586088896,0.8230698109,-0.0331259593,1.0000000000
162,10.8090000000,left_hand,8,0.5777686238,0.8073664308,-0.0297673829,1.0000000000
163,10.8760000000,left_hand,8,0.5459503531,0.7428388596,-0.0310158115,1.0000000000
164,10.9430000000,left_hand,8,0.5102392435,0.6860651970,-0.0701816902,1.0000000000
165,11.0090000000,left_hand,8,0.4843808115,0.6457440257,-0.0498377383,1.0000000000
166,11.0760000000,left_hand,8,0.4701323509,0.6038678288,-0.0519583412,1.0000000000
167,11.1430000000,left_hand,8,0.4516842365,0.5758413672,-0.0530838892,1.0000000000
168,11.2100000000,left_hand,8,0.4325905442,0.5750464797,-0.0449531674,1.0000000000
169,11.2760000000,left_hand,8,0.4217562079,0.5773087144,-0.0459551439,1.0000000000
170,11.3430000000,left_hand,8,0.4165179133,0.5799272060,-0.0445207730,1.0000000000
171,11.4100000000,left_hand,8,0.4102955759,0.6030704975,-0.0411046892,1.0000000000
172,11.4760000000,left_hand,8,0.4169640541,0.6081021428,-0.0431935862,1.0000000000
173,11.5430000000,left_hand,8,0.4303516150,0.6111664176,-0.0353549942,1.0000000000
174,11.6100000000,left_hand,8,0.4526541829,0.6787278056,-0.0403058417,1.0000000000
175,11.6770000000,left_hand,8,0.4894387126,0.7405217886,-0.0367466398,1.0000000000
176,11.7430000000,left_hand,8,0.5097991228,0.8007192016,-0.0623380952,1.0000000000
177,11.8100000000,left_hand,8,0.5131123066,0.8056644797,-0.0514697246,1.0000000000
178,11.8770000000,left_hand,8,0.5148768425,0.7919742465,-0.0485257618,1.0000000000
179,11.9430000000,left_hand,8,0.5078944564,0.7802451253,-0.0671358854,1.0000000000
75,5.0040000000,left_hand,9,0.5927804112,0.6134521961,-0.0350212567,1.0000000000
76,5.0710000000,left_hand,9,0.5876218677,0.6019282341,-0.0330057815,1.0000000000
77,5.1380000000,left_hand,9,0.5890829563,0.6175292730,-0.0278859604,1.0000000000
78,5.2040000000,left_hand,9,0.5649139881,0.6370934844,0.0012612416,1.0000000000
79,5.2710000000,left_hand,9,0.5909054279,0.6383630633,-0.0059154863,1.0000000000
80,5.3380000000,left_hand,9,0.5817910194,0.6250463367,-0.0121104315,1.0000000000
81,5.4050000000,left_hand,9,0.5726766109,0.6117296100,-0.0183053767,1.0000000000
82,5.4710000000,left_hand,9,0.5635622025,0.5984128833,-0.0245003220,1.0000000000
83,5.5380000000,left_hand,9,0.5544477940,0.5850961566,-0.0306952672,1.0000000000
84,5.6050000000,left_hand,9,0.5453333855,0.5717794299,-0.0368902124,1.0000000000
85,5.6710000000,left_hand,9,0.5462467372,0.5298790187,-0.0334758880,1.0000000000
86,5.7380000000,left_hand,9,0.5471600890,0.4879786074,-0.0300615635,1.0000000000
87,5.8050000000,left_hand,9,0.5292995572,0.5256326199,-0.0244161375,1.0000000000
88,5.8720000000,left_hand,9,0.5206599832,0.5404300690,-0.0377096012,1.0000000000
89,5.9380000000,left_hand,9,0.5128574967,0.5472716689,-0.0400913134,1.0000000000
90,6.0050000000,left_hand,9,0.5099945664,0.5572339296,-0.0350264944,1.0000000000
91,6.0720000000,left_hand,9,0.5046317577,0.5555106401,-0.0281341430,1.0000000000
92,6.1390000000,left_hand,9,0.3426493704,0.5943875909,-0.0376676545,1.0000000000
93,6.2050000000,left_hand,9,0.5675514340,0.5915875435,-0.0156659167,1.0000000000
94,6.2720000000,left_hand,9,0.5690144897,0.6186296344,-0.0322283767,1.0000000000
95,6.3390000000,left_hand,9,0.5668416023,0.6345012188,-0.0472176410,1.0000000000
96,6.4050000000,left_hand,9,0.5780528784,0.6441717148,-0.0465818048,1.0000000000
97,6.4720000000,left_hand,9,0.5747075081,0.6314281821,-0.0553556383,1.0000000000
98,6.5390000000,left_hand,9,0.5753949881,0.6342127919,-0.0557897426,1.0000000000
99,6.6060000000,left_hand,9,0.5789383054,0.6343628168,-0.0512718745,1.0000000000
100,6.6720000000,left_hand,9,0.5754790306,0.6148220897,-0.0592551865,1.0000000000
101,6.7390000000,left_hand,9,0.5755249858,0.6153187156,-0.0335455947,1.0000000000
102,6.8060000000,left_hand,9,0.5743759274,0.6031748652,-0.0440230779,1.0000000000
103,6.8720000000,left_hand,9,0.5836711526,0.6089248061,-0.0446018837,1.0000000000
104,6.9390000000,left_hand,9,0.5812503695,0.5989183784,-0.0405855514,1.0000000000
105,7.0060000000,left_hand,9,0.5732377768,0.5865203142,-0.0411618613,1.0000000000
106,7.0730000000,left_hand,9,0.5794072747,0.5810785890,-0.0462975092,1.0000000000
107,7.1390000000,left_hand,9,0.5758681893,0.5870722532,-0.0299160555,1.0000000000
108,7.2060000000,left_hand,9,0.5701120496,0.6012202501,-0.0252214633,1.0000000000
109,7.2730000000,left_hand,9,0.5715327263,0.5736805201,-0.0434443541,1.0000000000
110,7.3400000000,left_hand,9,0.5582305193,0.5650936365,-0.0394449756,1.0000000000
111,7.4060000000,left_hand,9,0.5403980017,0.5736849308,-0.0287537612,1.0000000000
112,7.4730000000,left_hand,9,0.5251330137,0.5746076107,-0.0267364718,1.0000000000
113,7.5400000000,left_hand,9,0.5119795799,0.5831865668,-0.0185233951,1.0000000000
114,7.6060000000,left_hand,9,0.5063125491,0.5859743953,-0.0196678266,1.0000000000
115,7.6730000000,left_hand,9,0.5024670362,0.5746619701,-0.0213439614,1.0000000000
116,7.7400000000,left_hand,9,0.5030432940,0.5742150545,-0.0317719989,1.0000000000
117,7.8070000000,left_hand,9,0.5064916015,0.5862671137,-0.0255463067,1.0000000000
118,7.8730000000,left_hand,9,0.5192745924,0.5882893205,-0.0319463201,1.0000000000
119,7.9400000000,left_hand,9,0.5358874798,0.5820769668,-0.0273943543,1.0000000000
120,8.0070000000,left_hand,9,0.5577191710,0.6084358096,-0.0603574775,1.0000000000
121,8.0740000000,left_hand,9,0.5809183121,0.6286785603,-0.0533884279,1.0000000000
122,8.1400000000,left_hand,9,0.5915048718,0.6349747777,-0.0378086790,1.0000000000
123,8.2070000000,left_hand,9,0.5904532671,0.6358366609,-0.0301213041,1.0000000000
124,8.2740000000,left_hand,9,0.6062893271,0.6336546540,-0.0435467586,1.0000000000
125,8.3400000000,left_hand,9,0.5991966128,0.6243907213,-0.0199968666,1.0000000000
126,8.4070000000,left_hand,9,0.5819430947,0.6054643393,-0.0320803262,1.0000000000
127,8.4740000000,left_hand,9,0.5615279078,0.5839278698,-0.0242423303,1.0000000000
128,8.5410000000,left_hand,9,0.5446187854,0.5830895901,-0.0254781563,1.0000000000
129,8.6070000000,left_hand,9,0.5289499164,0.5897002220,-0.0292035528,1.0000000000
130,8.6740000000,left_hand,9,0.5152023435,0.5915812254,-0.0288506206,1.0000000000
131,8.7410000000,left_hand,9,0.5132498145,0.5937427282,-0.0315232240,1.0000000000
132,8.8070000000,left_hand,9,0.5133083463,0.5833637714,-0.0323902182,1.0000000000
133,8.8740000000,left_hand,9,0.5142591000,0.5896872282,-0.0257358272,1.0000000000
134,8.9410000000,left_hand,9,0.5196197033,0.5992375612,-0.0223855190,1.0000000000
135,9.0080000000,left_hand,9,0.5417367816,0.5935477018,-0.0164502393,1.0000000000
136,9.0740000000,left_hand,9,0.5707266331,0.6112447977,-0.0626537576,1.0000000000
137,9.1410000000,left_hand,9,0.5912891626,0.6465463638,-0.0405862853,1.0000000000
138,9.2080000000,left_hand,9,0.6010290980,0.6498060822,-0.0517809391,1.0000000000
139,9.2750000000,left_hand,9,0.6014498472,0.6454761028,-0.0397622585,1.0000000000
140,9.3410000000,left_hand,9,0.6107283831,0.6507180333,-0.0386959128,1.0000000000
141,9.4080000000,left_hand,9,0.6156380177,0.6562642455,-0.0187814757,1.0000000000
142,9.4750000000,left_hand,9,0.6084482074,0.6503531933,-0.0110212127,1.0000000000
143,9.5410000000,left_hand,9,0.6073579192,0.6368118525,-0.0151027795,1.0000000000
144,9.6080000000,left_hand,9,0.5949425101,0.6133933663,-0.0080658477,1.0000000000
145,9.6750000000,left_hand,9,0.3300530314,0.5555604100,-0.0461410508,1.0000000000
146,9.7420000000,left_hand,9,0.3218999505,0.5609270334,-0.0245519914,1.0000000000
147,9.8080000000,left_hand,9,0.5648717284,0.5423671603,-0.0399405807,1.0000000000
148,9.8750000000,left_hand,9,0.5512979031,0.5314311981,-0.0310334805,1.0000000000
149,9.9420000000,left_hand,9,0.5474133492,0.5171402097,-0.0325023085,1.0000000000
150,10.0080000000,left_hand,9,0.5331968665,0.5247805715,-0.0289945547,1.0000000000
151,10.0750000000,left_hand,9,0.5170716643,0.5404728055,-0.0281705353,1.0000000000
152,10.1420000000,left_hand,9,0.5057780147,0.5453314185,-0.0319623388,1.0000000000
153,10.2090000000,left_hand,9,0.4951260388,0.5617718101,-0.0242058374,1.0000000000
154,10.2750000000,left_hand,9,0.5034280419,0.5611060262,-0.0241102893,1.0000000000
155,10.3420000000,left_hand,9,0.5172985792,0.6071228385,-0.0221370105,1.0000000000
156,10.4090000000,left_hand,9,0.5426278710,0.6002162695,-0.0243960880,1.0000000000
157,10.4760000000,left_hand,9,0.5637111068,0.6217948794,-0.0644118413,1.0000000000
158,10.5420000000,left_hand,9,0.5784675479,0.6573204994,-0.0575574823,1.0000000000
159,10.6090000000,left_hand,9,0.5906779766,0.6635625362,-0.0482957922,1.0000000000
160,10.6760000000,left_hand,9,0.5853894353,0.6449459791,-0.0468381308,1.0000000000
161,10.7420000000,left_hand,9,0.5827369094,0.6618708372,-0.0262661353,1.0000000000
162,10.8090000000,left_hand,9,0.5886731148,0.6648917794,-0.0173298847,1.0000000000
163,10.8760000000,left_hand,9,0.5715109706,0.5696110725,-0.0270849913,1.0000000000
164,10.9430000000,left_hand,9,0.5826594234,0.5680230260,-0.0473613851,1.0000000000
165,11.0090000000,left_hand,9,0.5620710850,0.5530684590,-0.0411653519,1.0000000000
166,11.0760000000,left_hand,9,0.5572919250,0.5458116531,-0.0360758640,1.0000000000
167,11.1430000000,left_hand,9,0.5459464192,0.5238502026,-0.0381344780,1.0000000000
168,11.2100000000,left_hand,9,0.5286949873,0.5314526558,-0.0324139893,1.0000000000
169,11.2760000000,left_hand,9,0.5158045292,0.5353410244,-0.0314132757,1.0000000000
170,11.3430000000,left_hand,9,0.5069391727,0.5388290882,-0.0312046651,1.0000000000
171,11.4100000000,left_hand,9,0.5024138689,0.5497646332,-0.0295745730,1.0000000000
172,11.4760000000,left_hand,9,0.5064425468,0.5596772432,-0.0299171526,1.0000000000
173,11.5430000000,left_hand,9,0.5205874443,0.5721317530,-0.0284108818,1.0000000000
174,11.6100000000,left_hand,9,0.5411418080,0.6094709635,-0.0275092740,1.0000000000
175,11.6770000000,left_hand,9,0.5482928157,0.6116557717,-0.0329724774,1.0000000000
176,11.7430000000,left_hand,9,0.5704810619,0.6427538395,-0.0418013856,1.0000000000
177,11.8100000000,left_hand,9,0.5733593106,0.6541076303,-0.0403000601,1.0000000000
178,11.8770000000,left_hand,9,0.5758198500,0.6504733562,-0.0378012992,1.0000000000
179,11.9430000000,left_hand,9,0.5805917978,0.6459085941,-0.0494815148,1.0000000000
75,5.0040000000,left_hand,10,0.5650786161,0.6732351184,-0.0467080288,1.0000000000
76,5.0710000000,left_hand,10,0.5615076423,0.6630989909,-0.0447723977,1.0000000000
77,5.1380000000,left_hand,10,0.5667102933,0.6773716807,-0.0371279120,1.0000000000
78,5.2040000000,left_hand,10,0.5424418449,0.6804944277,0.0085890973,1.0000000000
79,5.2710000000,left_hand,10,0.5736900568,0.6827542186,-0.0044774255,1.0000000000
80,5.3380000000,left_hand,10,0.5754540324,0.6532703400,-0.0120654888,1.0000000000
81,5.4050000000,left_hand,10,0.5772180080,0.6237864614,-0.0196535522,1.0000000000
82,5.4710000000,left_hand,10,0.5789819837,0.5943025827,-0.0272416156,1.0000000000
83,5.5380000000,left_hand,10,0.5807459593,0.5648187041,-0.0348296789,1.0000000000
84,5.6050000000,left_hand,10,0.5825099349,0.5353348255,-0.0424177423,1.0000000000
85,5.6710000000,left_hand,10,0.5452760756,0.5276382864,-0.0411752071,1.0000000000
86,5.7380000000,left_hand,10,0.5080422163,0.5199417472,-0.0399326719,1.0000000000
87,5.8050000000,left_hand,10,0.4905365109,0.5534586906,-0.0321751758,1.0000000000
88,5.8720000000,left_hand,10,0.4723144770,0.5748314857,-0.0508121774,1.0000000000
89,5.9380000000,left_hand,10,0.4635452330,0.5828158855,-0.0553077534,1.0000000000
90,6.0050000000,left_hand,10,0.4597459733,0.5943999290,-0.0466300324,1.0000000000
91,6.0720000000,left_hand,10,0.4573420882,0.5974910259,-0.0357889086,1.0000000000
92,6.1390000000,left_hand,10,0.3625153899,0.6177090406,-0.0509850457,1.0000000000
93,6.2050000000,left_hand,10,0.5415548086,0.5905973911,-0.0242534615,1.0000000000
94,6.2720000000,left_hand,10,0.5480377674,0.6568990350,-0.0478254259,1.0000000000
95,6.3390000000,left_hand,10,0.5613549352,0.7302262187,-0.0625735894,1.0000000000
96,6.4050000000,left_hand,10,0.5687167645,0.7427138686,-0.0621495098,1.0000000000
97,6.4720000000,left_hand,10,0.5530622005,0.7232125998,-0.0760039613,1.0000000000
98,6.5390000000,left_hand,10,0.5539587736,0.7281057239,-0.0786834657,1.0000000000
99,6.6060000000,left_hand,10,0.5568858385,0.7227945924,-0.0712050349,1.0000000000
100,6.6720000000,left_hand,10,0.5554347038,0.7070633769,-0.0836982056,1.0000000000
101,6.7390000000,left_hand,10,0.5543105006,0.6987104416,-0.0450890288,1.0000000000
102,6.8060000000,left_hand,10,0.5532737374,0.6841736436,-0.0599642359,1.0000000000
103,6.8720000000,left_hand,10,0.5633689761,0.6940217018,-0.0625628233,1.0000000000
104,6.9390000000,left_hand,10,0.5636000037,0.6785276532,-0.0567288660,1.0000000000
105,7.0060000000,left_hand,10,0.5504006743,0.6681011319,-0.0557979532,1.0000000000
106,7.0730000000,left_hand,10,0.5540158153,0.6661713123,-0.0613385662,1.0000000000
107,7.1390000000,left_hand,10,0.5497713089,0.6539595127,-0.0419229269,1.0000000000
108,7.2060000000,left_hand,10,0.5414136052,0.6558726430,-0.0358119160,1.0000000000
109,7.2730000000,left_hand,10,0.5364071727,0.6215376258,-0.0623050034,1.0000000000
110,7.3400000000,left_hand,10,0.5154013038,0.6218084097,-0.0554994494,1.0000000000
111,7.4060000000,left_hand,10,0.4961775839,0.6196120381,-0.0420901142,1.0000000000
112,7.4730000000,left_hand,10,0.4789991677,0.6236954927,-0.0393727273,1.0000000000
113,7.5400000000,left_hand,10,0.4689069986,0.6285485029,-0.0273319110,1.0000000000
114,7.6060000000,left_hand,10,0.4636486471,0.6343212128,-0.0273793265,1.0000000000
115,7.6730000000,left_hand,10,0.4607928395,0.6232007742,-0.0285061970,1.0000000000
116,7.7400000000,left_hand,10,0.4581053555,0.6273997426,-0.0419655256,1.0000000000
117,7.8070000000,left_hand,10,0.4637312293,0.6340084672,-0.0352587774,1.0000000000
118,7.8730000000,left_hand,10,0.4744076729,0.6513265371,-0.0406279080,1.0000000000
119,7.9400000000,left_hand,10,0.5017713308,0.6480366588,-0.0356596559,1.0000000000
120,8.0070000000,left_hand,10,0.5373322964,0.6842791438,-0.0856040567,1.0000000000
121,8.0740000000,left_hand,10,0.5642489195,0.7106015682,-0.0738153756,1.0000000000
122,8.1400000000,left_hand,10,0.5671052933,0.6971802711,-0.0550230667,1.0000000000
123,8.2070000000,left_hand,10,0.5630204082,0.6973198056,-0.0445783697,1.0000000000
124,8.2740000000,left_hand,10,0.5760874152,0.6911372542,-0.0644112900,1.0000000000
125,8.3400000000,left_hand,10,0.5633264780,0.6611842513,-0.0284609143,1.0000000000
126,8.4070000000,left_hand,10,0.5366852880,0.6416030526,-0.0446189195,1.0000000000
127,8.4740000000,left_hand,10,0.5169501901,0.6202050447,-0.0326007828,1.0000000000
128,8.5410000000,left_hand,10,0.5001332760,0.6138293743,-0.0338687561,1.0000000000
129,8.6070000000,left_hand,10,0.4850685000,0.6295699477,-0.0398405716,1.0000000000
130,8.6740000000,left_hand,10,0.4702678621,0.6323846579,-0.0393407233,1.0000000000
131,8.7410000000,left_hand,10,0.4664412141,0.6346939206,-0.0437504128,1.0000000000
132,8.8070000000,left_hand,10,0.4632325470,0.6272590756,-0.0434491858,1.0000000000
133,8.8740000000,left_hand,10,0.4672609568,0.6326332092,-0.0337935165,1.0000000000
134,8.9410000000,left_hand,10,0.4749383628,0.6496757269,-0.0291456282,1.0000000000
135,9.0080000000,left_hand,10,0.5173764825,0.6314491034,-0.0240244698,1.0000000000
136,9.0740000000,left_hand,10,0.5551976562,0.6744551063,-0.0970133543,1.0000000000
137,9.1410000000,left_hand,10,0.5725498199,0.7218374610,-0.0583730862,1.0000000000
138,9.2080000000,left_hand,10,0.5796885490,0.7215626836,-0.0746470317,1.0000000000
139,9.2750000000,left_hand,10,0.5878053308,0.7104021907,-0.0564038977,1.0000000000
140,9.3410000000,left_hand,10,0.5942349434,0.7192208767,-0.0549395755,1.0000000000
141,9.4080000000,left_hand,10,0.6019163728,0.7180497050,-0.0272463001,1.0000000000
142,9.4750000000,left_hand,10,0.5999451280,0.7079990506,-0.0177468285,1.0000000000
143,9.5410000000,left_hand,10,0.5967201591,0.6864376664,-0.0243290197,1.0000000000
144,9.6080000000,left_hand,10,0.5792501569,0.6604710221,-0.0118302992,1.0000000000
145,9.6750000000,left_hand,10,0.3540007472,0.6086384058,-0.0650088638,1.0000000000
146,9.7420000000,left_hand,10,0.3446526527,0.5985887051,-0.0344947092,1.0000000000
147,9.8080000000,left_hand,10,0.5272489190,0.5931257606,-0.0538167097,1.0000000000
148,9.8750000000,left_hand,10,0.5118839145,0.5675364137,-0.0415704772,1.0000000000
149,9.9420000000,left_hand,10,0.5058178306,0.5464411974,-0.0441019088,1.0000000000
150,10.0080000000,left_hand,10,0.4909551144,0.5687134862,-0.0396022499,1.0000000000
151,10.0750000000,left_hand,10,0.4708321691,0.5791189671,-0.0390723646,1.0000000000
152,10.1420000000,left_hand,10,0.4565802515,0.5865969658,-0.0451725088,1.0000000000
153,10.2090000000,left_hand,10,0.4493345618,0.5985257626,-0.0348860659,1.0000000000
154,10.2750000000,left_hand,10,0.4581507742,0.6068410277,-0.0327766389,1.0000000000
155,10.3420000000,left_hand,10,0.4723054469,0.6571470499,-0.0284471586,1.0000000000
156,10.4090000000,left_hand,10,0.5130819678,0.6593813896,-0.0294321552,1.0000000000
157,10.4760000000,left_hand,10,0.5561776161,0.7032951713,-0.0922012478,1.0000000000
158,10.5420000000,left_hand,10,0.5679393411,0.7469444275,-0.0817059427,1.0000000000
159,10.6090000000,left_hand,10,0.5807057619,0.7518483996,-0.0679170489,1.0000000000
160,10.6760000000,left_hand,10,0.5628567338,0.7352422476,-0.0650402680,1.0000000000
161,10.7420000000,left_hand,10,0.5582761168,0.7468436956,-0.0355322249,1.0000000000
162,10.8090000000,left_hand,10,0.5670717359,0.7321437001,-0.0256474465,1.0000000000
163,10.8760000000,left_hand,10,0.5524023175,0.6552892327,-0.0349446423,1.0000000000
164,10.9430000000,left_hand,10,0.5633984804,0.6487549543,-0.0646992475,1.0000000000
165,11.0090000000,left_hand,10,0.5271909237,0.6233963370,-0.0539547317,1.0000000000
166,11.0760000000,left_hand,10,0.5224646330,0.6011984944,-0.0496643074,1.0000000000
167,11.1430000000,left_hand,10,0.5072299838,0.5763351321,-0.0504074730,1.0000000000
168,11.2100000000,left_hand,10,0.4863945842,0.5838868618,-0.0425006114,1.0000000000
169,11.2760000000,left_hand,10,0.4749681354,0.5853417516,-0.0423229374,1.0000000000
170,11.3430000000,left_hand,10,0.4638104439,0.5943297744,-0.0426828377,1.0000000000
171,11.4100000000,left_hand,10,0.4584633112,0.6033381820,-0.0393885076,1.0000000000
172,11.4760000000,left_hand,10,0.4618583322,0.6096370816,-0.0406187549,1.0000000000
173,11.5430000000,left_hand,10,0.4769072831,0.6301798224,-0.0369015783,1.0000000000
174,11.6100000000,left_hand,10,0.5027665496,0.6749082208,-0.0349922292,1.0000000000
175,11.6770000000,left_hand,10,0.5197427273,0.6952692270,-0.0448800996,1.0000000000
176,11.7430000000,left_hand,10,0.5550673604,0.7394645810,-0.0555011965,1.0000000000
177,11.8100000000,left_hand,10,0.5537340641,0.7463135719,-0.0538836047,1.0000000000
178,11.8770000000,left_hand,10,0.5509814024,0.7387097478,-0.0501079038,1.0000000000
179,11.9430000000,left_hand,10,0.5596925020,0.7365049720,-0.0687989369,1.0000000000
75,5.0040000000,left_hand,11,0.5459535122,0.7076959610,-0.0503316037,1.0000000000
76,5.0710000000,left_hand,11,0.5438722372,0.7044231892,-0.0492423624,1.0000000000
77,5.1380000000,left_hand,11,0.5514112115,0.7107685208,-0.0399562344,1.0000000000
78,5.2040000000,left_hand,11,0.5323022604,0.6984242797,0.0126995705,1.0000000000
79,5.2710000000,left_hand,11,0.5594946146,0.6942077279,-0.0043760152,1.0000000000
80,5.3380000000,left_hand,11,0.5633954406,0.6567867160,-0.0099684555,1.0000000000
81,5.4050000000,left_hand,11,0.5672962666,0.6193657041,-0.0155608959,1.0000000000
82,5.4710000000,left_hand,11,0.5711970925,0.5819446921,-0.0211533362,1.0000000000
83,5.5380000000,left_hand,11,0.5750979185,0.5445236802,-0.0267457766,1.0000000000
84,5.6050000000,left_hand,11,0.5789987445,0.5071026683,-0.0323382169,1.0000000000
85,5.6710000000,left_hand,11,0.5309726745,0.5248496532,-0.0390843432,1.0000000000
86,5.7380000000,left_hand,11,0.4829466045,0.5425966382,-0.0458304696,1.0000000000
87,5.8050000000,left_hand,11,0.4659814835,0.5671080947,-0.0353845842,1.0000000000
88,5.8720000000,left_hand,11,0.4427987337,0.5928761363,-0.0551677532,1.0000000000
89,5.9380000000,left_hand,11,0.4322702289,0.6029832363,-0.0609049276,1.0000000000
90,6.0050000000,left_hand,11,0.4290875196,0.6141248941,-0.0505832918,1.0000000000
91,6.0720000000,left_hand,11,0.4347642064,0.6243706942,-0.0359757580,1.0000000000
92,6.1390000000,left_hand,11,0.3727722764,0.6306731105,-0.0562969483,1.0000000000
93,6.2050000000,left_hand,11,0.5238784552,0.5912061930,-0.0309523679,1.0000000000
94,6.2720000000,left_hand,11,0.5335276127,0.6933789253,-0.0572799332,1.0000000000
95,6.3390000000,left_hand,11,0.5567368269,0.7908279896,-0.0684508458,1.0000000000
96,6.4050000000,left_hand,11,0.5609552860,0.8014459610,-0.0666946471,1.0000000000
97,6.4720000000,left_hand,11,0.5408723354,0.7832133770,-0.0827784017,1.0000000000
98,6.5390000000,left_hand,11,0.5422481298,0.7872758508,-0.0874420330,1.0000000000
99,6.6060000000,left_hand,11,0.5422884822,0.7791824937,-0.0774981380,1.0000000000
100,6.6720000000,left_hand,11,0.5437970757,0.7674190402,-0.0934808776,1.0000000000
101,6.7390000000,left_hand,11,0.5422263145,0.7507854700,-0.0488103293,1.0000000000
102,6.8060000000,left_hand,11,0.5411902666,0.7373352051,-0.0665940940,1.0000000000
103,6.8720000000,left_hand,11,0.5493436456,0.7455585003,-0.0700312778,1.0000000000
104,6.9390000000,left_hand,11,0.5513471961,0.7309396863,-0.0645615086,1.0000000000
105,7.0060000000,left_hand,11,0.5382382870,0.7187302709,-0.0620880872,1.0000000000
106,7.0730000000,left_hand,11,0.5403850675,0.7182015181,-0.0667045563,1.0000000000
107,7.1390000000,left_hand,11,0.5339695811,0.6894415021,-0.0469689965,1.0000000000
108,7.2060000000,left_hand,11,0.5211629272,0.6850011349,-0.0398311876,1.0000000000
109,7.2730000000,left_hand,11,0.5086136460,0.6525769830,-0.0701760426,1.0000000000
110,7.3400000000,left_hand,11,0.4861461520,0.6464030743,-0.0607022233,1.0000000000
111,7.4060000000,left_hand,11,0.4656465054,0.6450082660,-0.0477828421,1.0000000000
112,7.4730000000,left_hand,11,0.4489127994,0.6493735313,-0.0450582579,1.0000000000
113,7.5400000000,left_hand,11,0.4422411025,0.6553251147,-0.0322768390,1.0000000000
114,7.6060000000,left_hand,11,0.4389784932,0.6614943743,-0.0310192872,1.0000000000
115,7.6730000000,left_hand,11,0.4383738041,0.6508772373,-0.0311044715,1.0000000000
116,7.7400000000,left_hand,11,0.4320902824,0.6586800814,-0.0446923561,1.0000000000
117,7.8070000000,left_hand,11,0.4386326075,0.6630056500,-0.0391648822,1.0000000000
118,7.8730000000,left_hand,11,0.4512892962,0.6855310798,-0.0401637591,1.0000000000
119,7.9400000000,left_hand,11,0.4856656492,0.6892976761,-0.0346768051,1.0000000000
120,8.0070000000,left_hand,11,0.5323613286,0.7395405769,-0.0934448168,1.0000000000
121,8.0740000000,left_hand,11,0.5536285043,0.7665383220,-0.0819369927,1.0000000000
122,8.1400000000,left_hand,11,0.5511760116,0.7409540415,-0.0649784505,1.0000000000
123,8.2070000000,left_hand,11,0.5451278687,0.7368457317,-0.0513875932,1.0000000000
124,8.2740000000,left_hand,11,0.5524995923,0.7220626473,-0.0730812699,1.0000000000
125,8.3400000000,left_hand,11,0.5426477790,0.6694479585,-0.0293088611,1.0000000000
126,8.4070000000,left_hand,11,0.5073075891,0.6585358381,-0.0488632880,1.0000000000
127,8.4740000000,left_hand,11,0.4895412624,0.6422061920,-0.0353219695,1.0000000000
128,8.5410000000,left_hand,11,0.4717798233,0.6300117373,-0.0371150039,1.0000000000
129,8.6070000000,left_hand,11,0.4582232535,0.6511501074,-0.0435860418,1.0000000000
130,8.6740000000,left_hand,11,0.4437188208,0.6557234526,-0.0432767160,1.0000000000
131,8.7410000000,left_hand,11,0.4377476275,0.6589486003,-0.0481670387,1.0000000000
132,8.8070000000,left_hand,11,0.4349868298,0.6545646191,-0.0460973904,1.0000000000
133,8.8740000000,left_hand,11,0.4384897649,0.6573788524,-0.0366332382,1.0000000000
134,8.9410000000,left_hand,11,0.4498739243,0.6771104932,-0.0306973755,1.0000000000
135,9.0080000000,left_hand,11,0.5041454434,0.6549052596,-0.0279622711,1.0000000000
136,9.0740000000,left_hand,11,0.5474638939,0.7342959642,-0.1136970744,1.0000000000
137,9.1410000000,left_hand,11,0.5616658926,0.7715472579,-0.0667302236,1.0000000000
138,9.2080000000,left_hand,11,0.5631843805,0.7732037306,-0.0855854526,1.0000000000
139,9.2750000000,left_hand,11,0.5767405033,0.7543797493,-0.0642134994,1.0000000000
140,9.3410000000,left_hand,11,0.5813623071,0.7659056783,-0.0612309389,1.0000000000
141,9.4080000000,left_hand,11,0.5925129056,0.7551856637,-0.0295514911,1.0000000000
142,9.4750000000,left_hand,11,0.5936327577,0.7435435653,-0.0224908367,1.0000000000
143,9.5410000000,left_hand,11,0.5894497037,0.7176955938,-0.0307210367,1.0000000000
144,9.6080000000,left_hand,11,0.5713514686,0.6876991391,-0.0142574469,1.0000000000
145,9.6750000000,left_hand,11,0.3658147156,0.6483358741,-0.0730974898,1.0000000000
146,9.7420000000,left_hand,11,0.3486437500,0.6213517189,-0.0367012285,1.0000000000
147,9.8080000000,left_hand,11,0.5025022626,0.6129527688,-0.0588840730,1.0000000000
148,9.8750000000,left_hand,11,0.4870805740,0.5878818631,-0.0450540110,1.0000000000
149,9.9420000000,left_hand,11,0.4802939892,0.5664914846,-0.0481626131,1.0000000000
150,10.0080000000,left_hand,11,0.4618967474,0.5900049210,-0.0449897125,1.0000000000
151,10.0750000000,left_hand,11,0.4410845041,0.5993249416,-0.0441432893,1.0000000000
152,10.1420000000,left_hand,11,0.4261972606,0.6087151766,-0.0508217029,1.0000000000
153,10.2090000000,left_hand,11,0.4194611907,0.6207417846,-0.0403084941,1.0000000000
154,10.2750000000,left_hand,11,0.4308572114,0.6330472827,-0.0378388315,1.0000000000
155,10.3420000000,left_hand,11,0.4560769498,0.6682886481,-0.0264916215,1.0000000000
156,10.4090000000,left_hand,11,0.5008134842,0.6903843880,-0.0292446204,1.0000000000
157,10.4760000000,left_hand,11,0.5537865758,0.7635498643,-0.1039992720,1.0000000000
158,10.5420000000,left_hand,11,0.5593783855,0.8093840480,-0.0949705169,1.0000000000
159,10.6090000000,left_hand,11,0.5715088844,0.8121279478,-0.0772037432,1.0000000000
160,10.6760000000,left_hand,11,0.5491815805,0.7967818975,-0.0735290498,1.0000000000
161,10.7420000000,left_hand,11,0.5474236012,0.7940810323,-0.0367337950,1.0000000000
162,10.8090000000,left_hand,11,0.5545550585,0.7730998993,-0.0297323521,1.0000000000
163,10.8760000000,left_hand,11,0.5449213386,0.7058513165,-0.0377866440,1.0000000000
164,10.9430000000,left_hand,11,0.5514208674,0.6951785684,-0.0719325989,1.0000000000
165,11.0090000000,left_hand,11,0.5089760423,0.6619374156,-0.0558314398,1.0000000000
166,11.0760000000,left_hand,11,0.4990839362,0.6350404024,-0.0561440140,1.0000000000
167,11.1430000000,left_hand,11,0.4833496809,0.6060810089,-0.0548990592,1.0000000000
168,11.2100000000,left_hand,11,0.4604036510,0.6163617969,-0.0466575921,1.0000000000
169,11.2760000000,left_hand,11,0.4480503201,0.6174638867,-0.0473785847,1.0000000000
170,11.3430000000,left_hand,11,0.4366205037,0.6279591322,-0.0481136180,1.0000000000
171,11.4100000000,left_hand,11,0.4326702952,0.6372168660,-0.0436896197,1.0000000000
172,11.4760000000,left_hand,11,0.4351600707,0.6421956420,-0.0449440256,1.0000000000
173,11.5430000000,left_hand,11,0.4506070018,0.6627864838,-0.0398793854,1.0000000000
174,11.6100000000,left_hand,11,0.4807663560,0.7038516402,-0.0345032103,1.0000000000
175,11.6770000000,left_hand,11,0.5098238587,0.7440336347,-0.0469141826,1.0000000000
176,11.7430000000,left_hand,11,0.5462171435,0.7980979681,-0.0611834787,1.0000000000
177,11.8100000000,left_hand,11,0.5427154303,0.8047525883,-0.0590416417,1.0000000000
178,11.8770000000,left_hand,11,0.5368052721,0.7945210338,-0.0552967601,1.0000000000
179,11.9430000000,left_hand,11,0.5456514359,0.7949271798,-0.0769486651,1.0000000000
75,5.0040000000,left_hand,12,0.5320902467,0.7282227278,-0.0525036007,1.0000000000
76,5.0710000000,left_hand,12,0.5300955772,0.7330960035,-0.0519903675,1.0000000000
77,5.1380000000,left_hand,12,0.5401084423,0.7319973707,-0.0417277701,1.0000000000
78,5.2040000000,left_hand,12,0.5264092088,0.7095773220,0.0149237597,1.0000000000
79,5.2710000000,left_hand,12,0.5490682125,0.6972125769,-0.0049156863,1.0000000000
80,5.3380000000,left_hand,12,0.5528248072,0.6564789712,-0.0084838297,1.0000000000
81,5.4050000000,left_hand,12,0.5565814018,0.6157453656,-0.0120519731,1.0000000000
82,5.4710000000,left_hand,12,0.5603379965,0.5750117600,-0.0156201165,1.0000000000
83,5.5380000000,left_hand,12,0.5640945911,0.5342781544,-0.0191882599,1.0000000000
84,5.6050000000,left_hand,12,0.5678511858,0.4935445487,-0.0227564033,1.0000000000
85,5.6710000000,left_hand,12,0.5155608207,0.5271796435,-0.0373277282,1.0000000000
86,5.7380000000,left_hand,12,0.4632704556,0.5608147383,-0.0518990532,1.0000000000
87,5.8050000000,left_hand,12,0.4486009777,0.5747924447,-0.0382265076,1.0000000000
88,5.8720000000,left_hand,12,0.4235155582,0.6020925641,-0.0573700592,1.0000000000
89,5.9380000000,left_hand,12,0.4105004668,0.6161013842,-0.0639780536,1.0000000000
90,6.0050000000,left_hand,12,0.4075540006,0.6246827245,-0.0526804589,1.0000000000
91,6.0720000000,left_hand,12,0.4220890403,0.6409270167,-0.0357613340,1.0000000000
92,6.1390000000,left_hand,12,0.3785445690,0.6376112103,-0.0605812296,1.0000000000
93,6.2050000000,left_hand,12,0.5096492171,0.5924669504,-0.0357959978,1.0000000000
94,6.2720000000,left_hand,12,0.5232420564,0.7263410091,-0.0647460297,1.0000000000
95,6.3390000000,left_hand,12,0.5532116294,0.8317004442,-0.0741196722,1.0000000000
96,6.4050000000,left_hand,12,0.5544972420,0.8386064172,-0.0702997148,1.0000000000
97,6.4720000000,left_hand,12,0.5318557024,0.8241625428,-0.0873195305,1.0000000000
98,6.5390000000,left_hand,12,0.5346525311,0.8277635574,-0.0931434706,1.0000000000
99,6.6060000000,left_hand,12,0.5322584510,0.8159227371,-0.0812110007,1.0000000000
100,6.6720000000,left_hand,12,0.5353125334,0.8086326122,-0.1002799943,1.0000000000
101,6.7390000000,left_hand,12,0.5339407921,0.7852671146,-0.0518822297,1.0000000000
102,6.8060000000,left_hand,12,0.5328871012,0.7748212814,-0.0720757246,1.0000000000
103,6.8720000000,left_hand,12,0.5399956107,0.7825793028,-0.0755788609,1.0000000000
104,6.9390000000,left_hand,12,0.5410524607,0.7687400579,-0.0700703114,1.0000000000
105,7.0060000000,left_hand,12,0.5293056369,0.7545089126,-0.0670112967,1.0000000000
106,7.0730000000,left_hand,12,0.5313687325,0.7527393103,-0.0713510439,1.0000000000
107,7.1390000000,left_hand,12,0.5232869983,0.7121319771,-0.0505113862,1.0000000000
108,7.2060000000,left_hand,12,0.5064536333,0.7038415074,-0.0422862433,1.0000000000
109,7.2730000000,left_hand,12,0.4870347381,0.6758533120,-0.0749570578,1.0000000000
110,7.3400000000,left_hand,12,0.4655340314,0.6575637460,-0.0629343987,1.0000000000
111,7.4060000000,left_hand,12,0.4433577061,0.6606667638,-0.0509909168,1.0000000000
112,7.4730000000,left_hand,12,0.4268594980,0.6643198729,-0.0479692295,1.0000000000
113,7.5400000000,left_hand,12,0.4223831296,0.6724917889,-0.0352544263,1.0000000000
114,7.6060000000,left_hand,12,0.4198133051,0.6781324744,-0.0333529934,1.0000000000
115,7.6730000000,left_hand,12,0.4225177765,0.6684557199,-0.0325978659,1.0000000000
116,7.7400000000,left_hand,12,0.4129840136,0.6783583164,-0.0461185835,1.0000000000
117,7.8070000000,left_hand,12,0.4196740389,0.6831427217,-0.0413705632,1.0000000000
118,7.8730000000,left_hand,12,0.4350811839,0.7059063911,-0.0389486067,1.0000000000
119,7.9400000000,left_hand,12,0.4775534272,0.7171517015,-0.0330680609,1.0000000000
120,8.0070000000,left_hand,12,0.5319704413,0.7822869420,-0.0989137962,1.0000000000
121,8.0740000000,left_hand,12,0.5462028980,0.8086534739,-0.0892156363,1.0000000000
122,8.1400000000,left_hand,12,0.5383459330,0.7755681872,-0.0717107654,1.0000000000
123,8.2070000000,left_hand,12,0.5329607129,0.7638654709,-0.0560964569,1.0000000000
124,8.2740000000,left_hand,12,0.5345894694,0.7400257587,-0.0785991251,1.0000000000
125,8.3400000000,left_hand,12,0.5307306647,0.6698764563,-0.0282926429,1.0000000000
126,8.4070000000,left_hand,12,0.4869493246,0.6683927178,-0.0507177860,1.0000000000
127,8.4740000000,left_hand,12,0.4698251784,0.6563030481,-0.0369769111,1.0000000000
128,8.5410000000,left_hand,12,0.4518404007,0.6383461356,-0.0393981896,1.0000000000
129,8.6070000000,left_hand,12,0.4390158653,0.6632787585,-0.0460985452,1.0000000000
130,8.6740000000,left_hand,12,0.4247447848,0.6698798537,-0.0457814075,1.0000000000
131,8.7410000000,left_hand,12,0.4165533781,0.6744326949,-0.0508831404,1.0000000000
132,8.8070000000,left_hand,12,0.4150509834,0.6720532179,-0.0471448079,1.0000000000
133,8.8740000000,left_hand,12,0.4173504114,0.6725173593,-0.0388111882,1.0000000000
134,8.9410000000,left_hand,12,0.4318373203,0.6938427687,-0.0315803625,1.0000000000
135,9.0080000000,left_hand,12,0.4968310595,0.6715006232,-0.0312603451,1.0000000000
136,9.0740000000,left_hand,12,0.5433579087,0.7812039852,-0.1250044405,1.0000000000
137,9.1410000000,left_hand,12,0.5528826118,0.8084815145,-0.0727075189,1.0000000000
138,9.2080000000,left_hand,12,0.5492637753,0.8096144795,-0.0937400684,1.0000000000
139,9.2750000000,left_hand,12,0.5658447146,0.7871792316,-0.0699176714,1.0000000000
140,9.3410000000,left_hand,12,0.5713961124,0.7997589111,-0.0652359724,1.0000000000
141,9.4080000000,left_hand,12,0.5852768421,0.7810468078,-0.0304322839,1.0000000000
142,9.4750000000,left_hand,12,0.5882152319,0.7688749433,-0.0256860182,1.0000000000
143,9.5410000000,left_hand,12,0.5832743049,0.7420641780,-0.0354145132,1.0000000000
144,9.6080000000,left_hand,12,0.5659336448,0.7065554261,-0.0156258978,1.0000000000
145,9.6750000000,left_hand,12,0.3755888939,0.6787943244,-0.0789572746,1.0000000000
146,9.7420000000,left_hand,12,0.3505163491,0.6347517967,-0.0380734839,1.0000000000
147,9.8080000000,left_hand,12,0.4857910275,0.6213057041,-0.0623114407,1.0000000000
148,9.8750000000,left_hand,12,0.4698779881,0.6008821130,-0.0469297841,1.0000000000
149,9.9420000000,left_hand,12,0.4622567594,0.5807988644,-0.0511408262,1.0000000000
150,10.0080000000,left_hand,12,0.4413771927,0.6016366482,-0.0489443876,1.0000000000
151,10.0750000000,left_hand,12,0.4200045764,0.6106082797,-0.0473665074,1.0000000000
152,10.1420000000,left_hand,12,0.4044392705,0.6224710941,-0.0536350124,1.0000000000
153,10.2090000000,left_hand,12,0.3981353045,0.6344252229,-0.0441853106,1.0000000000
154,10.2750000000,left_hand,12,0.4120725989,0.6507433653,-0.0422666408,1.0000000000
155,10.3420000000,left_hand,12,0.4510347843,0.6696844101,-0.0240990333,1.0000000000
156,10.4090000000,left_hand,12,0.4936068058,0.7073704004,-0.0297961608,1.0000000000
157,10.4760000000,left_hand,12,0.5533109903,0.8070591092,-0.1128855422,1.0000000000
158,10.5420000000,left_hand,12,0.5520883799,0.8558104038,-0.1059382558,1.0000000000
159,10.6090000000,left_hand,12,0.5623213053,0.8541699052,-0.0842939615,1.0000000000
160,10.6760000000,left_hand,12,0.5381876230,0.8381714225,-0.0793194324,1.0000000000
161,10.7420000000,left_hand,12,0.5412417650,0.8250310421,-0.0368130058,1.0000000000
162,10.8090000000,left_hand,12,0.5461763144,0.8025388122,-0.0326196328,1.0000000000
163,10.8760000000,left_hand,12,0.5395672321,0.7448002100,-0.0415909030,1.0000000000
164,10.9430000000,left_hand,12,0.5420546532,0.7271923423,-0.0777399912,1.0000000000
165,11.0090000000,left_hand,12,0.4977788031,0.6851235032,-0.0563001521,1.0000000000
166,11.0760000000,left_hand,12,0.4809553623,0.6583438516,-0.0609570146,1.0000000000
167,11.1430000000,left_hand,12,0.4655719995,0.6266733408,-0.0582432710,1.0000000000
168,11.2100000000,left_hand,12,0.4410017729,0.6376211643,-0.0499294735,1.0000000000
169,11.2760000000,left_hand,12,0.4272734225,0.6382554173,-0.0512368307,1.0000000000
170,11.3430000000,left_hand,12,0.4160714746,0.6500329971,-0.0521601625,1.0000000000
171,11.4100000000,left_hand,12,0.4133105278,0.6600857377,-0.0472219028,1.0000000000
172,11.4760000000,left_hand,12,0.4152374566,0.6634265780,-0.0479241796,1.0000000000
173,11.5430000000,left_hand,12,0.4319727421,0.6814717054,-0.0423489921,1.0000000000
174,11.6100000000,left_hand,12,0.4673580825,0.7173258662,-0.0333718918,1.0000000000
175,11.6770000000,left_hand,12,0.5106850266,0.7727169991,-0.0472445525,1.0000000000
176,11.7430000000,left_hand,12,0.5404006839,0.8374137878,-0.0663425773,1.0000000000
177,11.8100000000,left_hand,12,0.5335322618,0.8473631144,-0.0633867979,1.0000000000
178,11.8770000000,left_hand,12,0.5261819363,0.8354210854,-0.0591114722,1.0000000000
179,11.9430000000,left_hand,12,0.5347190499,0.8368123770,-0.0824935511,1.0000000000
75,5.0040000000,left_hand,13,0.6073767543,0.6339164972,-0.0356438234,1.0000000000
76,5.0710000000,left_hand,13,0.5975398421,0.6145836115,-0.0322285108,1.0000000000
77,5.1380000000,left_hand,13,0.6028842926,0.6389275789,-0.0276182070,1.0000000000
78,5.2040000000,left_hand,13,0.5718100667,0.6401371956,0.0092506576,1.0000000000
79,5.2710000000,left_hand,13,0.6035239100,0.6415550113,-0.0029244653,1.0000000000
80,5.3380000000,left_hand,13,0.5925488949,0.6303907514,-0.0058966560,1.0000000000
81,5.4050000000,left_hand,13,0.5815738797,0.6192264915,-0.0088688467,1.0000000000
82,5.4710000000,left_hand,13,0.5705988646,0.6080622315,-0.0118410374,1.0000000000
83,5.5380000000,left_hand,13,0.5596238494,0.5968979716,-0.0148132281,1.0000000000
84,5.6050000000,left_hand,13,0.5486488342,0.5857337117,-0.0177854188,1.0000000000
85,5.6710000000,left_hand,13,0.5512485504,0.5539250076,-0.0252218749,1.0000000000
86,5.7380000000,left_hand,13,0.5538482666,0.5221163034,-0.0326583311,1.0000000000
87,5.8050000000,left_hand,13,0.5363510251,0.5580771565,-0.0257418118,1.0000000000
88,5.8720000000,left_hand,13,0.5264168978,0.5784229040,-0.0368000939,1.0000000000
89,5.9380000000,left_hand,13,0.5180386305,0.5852121711,-0.0393304154,1.0000000000
90,6.0050000000,left_hand,13,0.5183154941,0.5926938057,-0.0349598117,1.0000000000
91,6.0720000000,left_hand,13,0.5148203969,0.5907564759,-0.0321181081,1.0000000000
92,6.1390000000,left_hand,13,0.3513827324,0.5742697716,-0.0346762761,1.0000000000
93,6.2050000000,left_hand,13,0.5721148849,0.5730795264,-0.0179615039,1.0000000000
94,6.2720000000,left_hand,13,0.5851887465,0.6219673157,-0.0399953835,1.0000000000
95,6.3390000000,left_hand,13,0.5895577073,0.6423020959,-0.0514958017,1.0000000000
96,6.4050000000,left_hand,13,0.6001965404,0.6532737613,-0.0500773266,1.0000000000
97,6.4720000000,left_hand,13,0.5976258516,0.6460003853,-0.0596050285,1.0000000000
98,6.5390000000,left_hand,13,0.5890079141,0.6437371373,-0.0579967573,1.0000000000
99,6.6060000000,left_hand,13,0.6011996865,0.6505951285,-0.0534426570,1.0000000000
100,6.6720000000,left_hand,13,0.5969488621,0.6332905293,-0.0636224374,1.0000000000
101,6.7390000000,left_hand,13,0.5927636623,0.6306492686,-0.0358620994,1.0000000000
102,6.8060000000,left_hand,13,0.5914937854,0.6227211356,-0.0459589027,1.0000000000
103,6.8720000000,left_hand,13,0.5893177390,0.6150503755,-0.0434247889,1.0000000000
104,6.9390000000,left_hand,13,0.6017236114,0.6149929166,-0.0434674472,1.0000000000
105,7.0060000000,left_hand,13,0.5936996341,0.6049118042,-0.0461673662,1.0000000000
106,7.0730000000,left_hand,13,0.5985498428,0.6018767953,-0.0506645143,1.0000000000
107,7.1390000000,left_hand,13,0.5919278860,0.6119090915,-0.0336120240,1.0000000000
108,7.2060000000,left_hand,13,0.5823779702,0.6294760704,-0.0261269305,1.0000000000
109,7.2730000000,left_hand,13,0.5859048367,0.6053951979,-0.0451522768,1.0000000000
110,7.3400000000,left_hand,13,0.5695906281,0.6008088589,-0.0407535620,1.0000000000
111,7.4060000000,left_hand,13,0.5493433475,0.6127457023,-0.0309689138,1.0000000000
112,7.4730000000,left_hand,13,0.5342851877,0.6118158102,-0.0283606797,1.0000000000
113,7.5400000000,left_hand,13,0.5217118859,0.6166519523,-0.0205137040,1.0000000000
114,7.6060000000,left_hand,13,0.5174906254,0.6173066497,-0.0211087950,1.0000000000
115,7.6730000000,left_hand,13,0.5150863528,0.6055465341,-0.0243854914,1.0000000000
116,7.7400000000,left_hand,13,0.5158345103,0.6039939523,-0.0338727832,1.0000000000
117,7.8070000000,left_hand,13,0.5194215178,0.6137394309,-0.0268775970,1.0000000000
118,7.8730000000,left_hand,13,0.5351660252,0.6187433004,-0.0320062377,1.0000000000
119,7.9400000000,left_hand,13,0.5538907647,0.6034624577,-0.0330619812,1.0000000000
120,8.0070000000,left_hand,13,0.5793296099,0.6219402552,-0.0678870901,1.0000000000
121,8.0740000000,left_hand,13,0.6026791930,0.6411566138,-0.0591453165,1.0000000000
122,8.1400000000,left_hand,13,0.6082079411,0.6558367014,-0.0385132208,1.0000000000
123,8.2070000000,left_hand,13,0.6035248041,0.6505125165,-0.0387731493,1.0000000000
124,8.2740000000,left_hand,13,0.6198239923,0.6545080543,-0.0491441414,1.0000000000
125,8.3400000000,left_hand,13,0.6065396070,0.6536948681,-0.0199173503,1.0000000000
126,8.4070000000,left_hand,13,0.5884128213,0.6421123147,-0.0319042653,1.0000000000
127,8.4740000000,left_hand,13,0.5669392943,0.6229445338,-0.0268159788,1.0000000000
128,8.5410000000,left_hand,13,0.5522415042,0.6229891777,-0.0282362066,1.0000000000
129,8.6070000000,left_hand,13,0.5390296578,0.6250872016,-0.0330902264,1.0000000000
130,8.6740000000,left_hand,13,0.5261349082,0.6244192719,-0.0335835516,1.0000000000
131,8.7410000000,left_hand,13,0.5261805654,0.6249803305,-0.0361844040,1.0000000000
132,8.8070000000,left_hand,13,0.5256268978,0.6201671958,-0.0377111100,1.0000000000
133,8.8740000000,left_hand,13,0.5264716148,0.6247405410,-0.0310592279,1.0000000000
134,8.9410000000,left_hand,13,0.5327559114,0.6306003332,-0.0269711521,1.0000000000
135,9.0080000000,left_hand,13,0.5586392283,0.6236301661,-0.0198670905,1.0000000000
136,9.0740000000,left_hand,13,0.5949590206,0.6255843639,-0.0675886348,1.0000000000
137,9.1410000000,left_hand,13,0.6106091142,0.6551539898,-0.0455335304,1.0000000000
138,9.2080000000,left_hand,13,0.6195794344,0.6646100283,-0.0541720875,1.0000000000
139,9.2750000000,left_hand,13,0.6210075021,0.6575973034,-0.0424059331,1.0000000000
140,9.3410000000,left_hand,13,0.5957918763,0.6329787374,-0.0403880551,1.0000000000
141,9.4080000000,left_hand,13,0.6046690345,0.6388114691,-0.0191635694,1.0000000000
142,9.4750000000,left_hand,13,0.6182217598,0.6530748010,-0.0170163512,1.0000000000
143,9.5410000000,left_hand,13,0.6191464067,0.6367487907,-0.0198340900,1.0000000000
144,9.6080000000,left_hand,13,0.6073927879,0.6262272596,-0.0095489789,1.0000000000
145,9.6750000000,left_hand,13,0.3393747807,0.5525955558,-0.0401266478,1.0000000000
146,9.7420000000,left_hand,13,0.3277588189,0.5617633462,-0.0212399308,1.0000000000
147,9.8080000000,left_hand,13,0.5791723132,0.5708553791,-0.0420715399,1.0000000000
148,9.8750000000,left_hand,13,0.5595761538,0.5683331490,-0.0315872245,1.0000000000
149,9.9420000000,left_hand,13,0.5558358431,0.5519603491,-0.0360700339,1.0000000000
150,10.0080000000,left_hand,13,0.5437614918,0.5568584800,-0.0301521346,1.0000000000
151,10.0750000000,left_hand,13,0.5249584913,0.5761476159,-0.0282306783,1.0000000000
152,10.1420000000,left_hand,13,0.5115439892,0.5823988914,-0.0309708882,1.0000000000
153,10.2090000000,left_hand,13,0.4999363124,0.5984326601,-0.0259416923,1.0000000000
154,10.2750000000,left_hand,13,0.5128777027,0.5959517956,-0.0272160340,1.0000000000
155,10.3420000000,left_hand,13,0.5284056067,0.6392619610,-0.0222854391,1.0000000000
156,10.4090000000,left_hand,13,0.5617635846,0.6289179921,-0.0269716997,1.0000000000
157,10.4760000000,left_hand,13,0.5888808966,0.6285409927,-0.0699243993,1.0000000000
158,10.5420000000,left_hand,13,0.6016174555,0.6650027037,-0.0598351844,1.0000000000
159,10.6090000000,left_hand,13,0.6129612923,0.6672578454,-0.0510929711,1.0000000000
160,10.6760000000,left_hand,13,0.6087700725,0.6532045007,-0.0521522909,1.0000000000
161,10.7420000000,left_hand,13,0.5737515092,0.6470211148,-0.0270397533,1.0000000000
162,10.8090000000,left_hand,13,0.5751283765,0.6418280005,-0.0193416495,1.0000000000
163,10.8760000000,left_hand,13,0.5645017028,0.5632030368,-0.0316405669,1.0000000000
164,10.9430000000,left_hand,13,0.6032374501,0.5822574496,-0.0500833876,1.0000000000
165,11.0090000000,left_hand,13,0.5790639520,0.5782617927,-0.0447149500,1.0000000000
166,11.0760000000,left_hand,13,0.5735778213,0.5716118813,-0.0413574465,1.0000000000
167,11.1430000000,left_hand,13,0.5627073050,0.5546590686,-0.0411326773,1.0000000000
168,11.2100000000,left_hand,13,0.5434318185,0.5647324324,-0.0355128348,1.0000000000
169,11.2760000000,left_hand,13,0.5293125510,0.5716472864,-0.0337125398,1.0000000000
170,11.3430000000,left_hand,13,0.5199769735,0.5762698054,-0.0342506841,1.0000000000
171,11.4100000000,left_hand,13,0.5152820945,0.5852120519,-0.0329390615,1.0000000000
172,11.4760000000,left_hand,13,0.5187635422,0.5950549841,-0.0334105603,1.0000000000
173,11.5430000000,left_hand,13,0.5352531075,0.6060631275,-0.0325613618,1.0000000000
174,11.6100000000,left_hand,13,0.5592931509,0.6360550523,-0.0268658530,1.0000000000
175,11.6770000000,left_hand,13,0.5714232922,0.6337001324,-0.0387465619,1.0000000000
176,11.7430000000,left_hand,13,0.5932077765,0.6555134058,-0.0452935398,1.0000000000
177,11.8100000000,left_hand,13,0.5969845653,0.6639058590,-0.0458030552,1.0000000000
178,11.8770000000,left_hand,13,0.5962466002,0.6637625694,-0.0425421149,1.0000000000
179,11.9430000000,left_hand,13,0.6042675376,0.6578845978,-0.0520157702,1.0000000000
75,5.0040000000,left_hand,14,0.5815050602,0.6910414100,-0.0445015617,1.0000000000
76,5.0710000000,left_hand,14,0.5719663501,0.6696833372,-0.0416307040,1.0000000000
77,5.1380000000,left_hand,14,0.5821676850,0.6956144571,-0.0350633636,1.0000000000
78,5.2040000000,left_hand,14,0.5524176359,0.6765555143,0.0158243626,1.0000000000
79,5.2710000000,left_hand,14,0.5914835930,0.6854076385,-0.0019853739,1.0000000000
80,5.3380000000,left_hand,14,0.5896174192,0.6607436657,-0.0064470679,1.0000000000
81,5.4050000000,left_hand,14,0.5877512455,0.6360796928,-0.0109087618,1.0000000000
82,5.4710000000,left_hand,14,0.5858850718,0.6114157200,-0.0153704558,1.0000000000
83,5.5380000000,left_hand,14,0.5840188980,0.5867517471,-0.0198321497,1.0000000000
84,5.6050000000,left_hand,14,0.5821527243,0.5620877743,-0.0242938437,1.0000000000
85,5.6710000000,left_hand,14,0.5510982573,0.5566857159,-0.0328753330,1.0000000000
86,5.7380000000,left_hand,14,0.5200437903,0.5512836576,-0.0414568223,1.0000000000
87,5.8050000000,left_hand,14,0.5014083982,0.5804881454,-0.0318580270,1.0000000000
88,5.8720000000,left_hand,14,0.4796341062,0.6047269702,-0.0466858409,1.0000000000
89,5.9380000000,left_hand,14,0.4711207747,0.6151287556,-0.0511126369,1.0000000000
90,6.0050000000,left_hand,14,0.4718613923,0.6250777245,-0.0434934758,1.0000000000
91,6.0720000000,left_hand,14,0.4699994028,0.6335343122,-0.0375989042,1.0000000000
92,6.1390000000,left_hand,14,0.3709606826,0.5900113583,-0.0473224148,1.0000000000
93,6.2050000000,left_hand,14,0.5478029251,0.5706414580,-0.0254662521,1.0000000000
94,6.2720000000,left_hand,14,0.5672742724,0.6598173380,-0.0549287237,1.0000000000
95,6.3390000000,left_hand,14,0.5865424871,0.7340610623,-0.0643882230,1.0000000000
96,6.4050000000,left_hand,14,0.5927453041,0.7459105253,-0.0623036213,1.0000000000
97,6.4720000000,left_hand,14,0.5809787512,0.7355421782,-0.0770373419,1.0000000000
98,6.5390000000,left_hand,14,0.5722697377,0.7338829041,-0.0761598498,1.0000000000
99,6.6060000000,left_hand,14,0.5871218443,0.7368603349,-0.0700088739,1.0000000000
100,6.6720000000,left_hand,14,0.5782517195,0.7199779749,-0.0840416029,1.0000000000
101,6.7390000000,left_hand,14,0.5740284324,0.7088435292,-0.0454372652,1.0000000000
102,6.8060000000,left_hand,14,0.5718884468,0.7002587318,-0.0593666174,1.0000000000
103,6.8720000000,left_hand,14,0.5672561526,0.6923348308,-0.0581138842,1.0000000000
104,6.9390000000,left_hand,14,0.5855702758,0.6905485988,-0.0581473894,1.0000000000
105,7.0060000000,left_hand,14,0.5740307570,0.6850495934,-0.0595779940,1.0000000000
106,7.0730000000,left_hand,14,0.5754414201,0.6819165945,-0.0629173815,1.0000000000
107,7.1390000000,left_hand,14,0.5685182810,0.6769950390,-0.0440402664,1.0000000000
108,7.2060000000,left_hand,14,0.5560864210,0.6826341152,-0.0351348780,1.0000000000
109,7.2730000000,left_hand,14,0.5535387993,0.6476502419,-0.0596275479,1.0000000000
110,7.3400000000,left_hand,14,0.5300911069,0.6491533518,-0.0531984381,1.0000000000
111,7.4060000000,left_hand,14,0.5068209171,0.6551974416,-0.0427429155,1.0000000000
112,7.4730000000,left_hand,14,0.4906465113,0.6557207108,-0.0389074460,1.0000000000
113,7.5400000000,left_hand,14,0.4815781116,0.6594157219,-0.0281666592,1.0000000000
114,7.6060000000,left_hand,14,0.4774583578,0.6593409181,-0.0270119011,1.0000000000
115,7.6730000000,left_hand,14,0.4754563570,0.6511610150,-0.0299006179,1.0000000000
116,7.7400000000,left_hand,14,0.4738424122,0.6522886157,-0.0412646160,1.0000000000
117,7.8070000000,left_hand,14,0.4797455966,0.6567414999,-0.0341868922,1.0000000000
118,7.8730000000,left_hand,14,0.4934487045,0.6735961437,-0.0376098156,1.0000000000
119,7.9400000000,left_hand,14,0.5272287130,0.6672105193,-0.0375610478,1.0000000000
120,8.0070000000,left_hand,14,0.5644406676,0.6929180622,-0.0906642973,1.0000000000
121,8.0740000000,left_hand,14,0.5898612738,0.7207576036,-0.0756300166,1.0000000000
122,8.1400000000,left_hand,14,0.5889918208,0.7161246538,-0.0544162616,1.0000000000
123,8.2070000000,left_hand,14,0.5805088878,0.7108644247,-0.0516214333,1.0000000000
124,8.2740000000,left_hand,14,0.5940628648,0.7125105262,-0.0666427985,1.0000000000
125,8.3400000000,left_hand,14,0.5751469135,0.6932007074,-0.0262376945,1.0000000000
126,8.4070000000,left_hand,14,0.5460476279,0.6745046973,-0.0414460301,1.0000000000
127,8.4740000000,left_hand,14,0.5247941017,0.6572340131,-0.0336104557,1.0000000000
128,8.5410000000,left_hand,14,0.5130361915,0.6635789275,-0.0353712253,1.0000000000
129,8.6070000000,left_hand,14,0.5007008910,0.6738357544,-0.0425641388,1.0000000000
130,8.6740000000,left_hand,14,0.4896316230,0.6768956780,-0.0423227064,1.0000000000
131,8.7410000000,left_hand,14,0.4862002432,0.6756514907,-0.0458824635,1.0000000000
132,8.8070000000,left_hand,14,0.4818763733,0.6717335582,-0.0464676879,1.0000000000
133,8.8740000000,left_hand,14,0.4852401316,0.6767454147,-0.0378755480,1.0000000000
134,8.9410000000,left_hand,14,0.4949983358,0.6836865544,-0.0316785164,1.0000000000
135,9.0080000000,left_hand,14,0.5380582213,0.6576123834,-0.0255401880,1.0000000000
136,9.0740000000,left_hand,14,0.5852992535,0.6855116487,-0.0973950326,1.0000000000
137,9.1410000000,left_hand,14,0.5990507603,0.7304853201,-0.0612644553,1.0000000000
138,9.2080000000,left_hand,14,0.6033372879,0.7321157455,-0.0737208128,1.0000000000
139,9.2750000000,left_hand,14,0.6118644476,0.7240822315,-0.0575752445,1.0000000000
140,9.3410000000,left_hand,14,0.5713903308,0.6921987534,-0.0555287674,1.0000000000
141,9.4080000000,left_hand,14,0.5892605782,0.6960404515,-0.0270546544,1.0000000000
142,9.4750000000,left_hand,14,0.6096278429,0.7077459693,-0.0239641406,1.0000000000
143,9.5410000000,left_hand,14,0.6093614101,0.6814567447,-0.0295652580,1.0000000000
144,9.6080000000,left_hand,14,0.5967496037,0.6692647934,-0.0127905617,1.0000000000
145,9.6750000000,left_hand,14,0.3640888333,0.5978647470,-0.0559025072,1.0000000000
146,9.7420000000,left_hand,14,0.3490122855,0.5976942182,-0.0300386250,1.0000000000
147,9.8080000000,left_hand,14,0.5467563272,0.6231760979,-0.0543432981,1.0000000000
148,9.8750000000,left_hand,14,0.5242081285,0.6041334867,-0.0396722965,1.0000000000
149,9.9420000000,left_hand,14,0.5172625780,0.5860804319,-0.0460681990,1.0000000000
150,10.0080000000,left_hand,14,0.5051436424,0.5965964794,-0.0397714674,1.0000000000
151,10.0750000000,left_hand,14,0.4810390472,0.6098240018,-0.0377486907,1.0000000000
152,10.1420000000,left_hand,14,0.4661359489,0.6198516488,-0.0423032716,1.0000000000
153,10.2090000000,left_hand,14,0.4558782876,0.6288695931,-0.0346967466,1.0000000000
154,10.2750000000,left_hand,14,0.4698001444,0.6376527548,-0.0351835676,1.0000000000
155,10.3420000000,left_hand,14,0.4863274693,0.6816321611,-0.0268969256,1.0000000000
156,10.4090000000,left_hand,14,0.5368971825,0.6815893054,-0.0300607570,1.0000000000
157,10.4760000000,left_hand,14,0.5844724178,0.7068972588,-0.0947847664,1.0000000000
158,10.5420000000,left_hand,14,0.5975356698,0.7493174672,-0.0793023780,1.0000000000
159,10.6090000000,left_hand,14,0.6081524491,0.7491545081,-0.0676021054,1.0000000000
160,10.6760000000,left_hand,14,0.5921739936,0.7375605106,-0.0687789097,1.0000000000
161,10.7420000000,left_hand,14,0.5495656729,0.7274025679,-0.0346734039,1.0000000000
162,10.8090000000,left_hand,14,0.5509597659,0.7044535279,-0.0278450940,1.0000000000
163,10.8760000000,left_hand,14,0.5395412445,0.6368651986,-0.0389472954,1.0000000000
164,10.9430000000,left_hand,14,0.5909798145,0.6573716998,-0.0648134053,1.0000000000
165,11.0090000000,left_hand,14,0.5479269028,0.6472107172,-0.0547690317,1.0000000000
166,11.0760000000,left_hand,14,0.5435080528,0.6298549175,-0.0536047518,1.0000000000
167,11.1430000000,left_hand,14,0.5305484533,0.6104359031,-0.0510102399,1.0000000000
168,11.2100000000,left_hand,14,0.5062448978,0.6197465062,-0.0445834324,1.0000000000
169,11.2760000000,left_hand,14,0.4915356934,0.6212835908,-0.0436955430,1.0000000000
170,11.3430000000,left_hand,14,0.4802457094,0.6308283806,-0.0444294848,1.0000000000
171,11.4100000000,left_hand,14,0.4754350781,0.6348997951,-0.0410763510,1.0000000000
172,11.4760000000,left_hand,14,0.4772326946,0.6426486373,-0.0420877934,1.0000000000
173,11.5430000000,left_hand,14,0.4957241118,0.6598702669,-0.0394686162,1.0000000000
174,11.6100000000,left_hand,14,0.5254568458,0.6950834990,-0.0329126678,1.0000000000
175,11.6770000000,left_hand,14,0.5534257293,0.7177358866,-0.0470047258,1.0000000000
176,11.7430000000,left_hand,14,0.5851631165,0.7496250868,-0.0557648093,1.0000000000
177,11.8100000000,left_hand,14,0.5879976749,0.7537074685,-0.0579601824,1.0000000000
178,11.8770000000,left_hand,14,0.5753964782,0.7441058755,-0.0533995107,1.0000000000
179,11.9430000000,left_hand,14,0.5988663435,0.7433192730,-0.0692687184,1.0000000000
75,5.0040000000,left_hand,15,0.5641682148,0.7223324776,-0.0457455739,1.0000000000
76,5.0710000000,left_hand,15,0.5532485247,0.7056108713,-0.0451389365,1.0000000000
77,5.1380000000,left_hand,15,0.5678536892,0.7238622904,-0.0361226909,1.0000000000
78,5.2040000000,left_hand,15,0.5429446697,0.6900503039,0.0182952322,1.0000000000
79,5.2710000000,left_hand,15,0.5806900859,0.6963419914,-0.0020707722,1.0000000000
80,5.3380000000,left_hand,15,0.5802650809,0.6649487615,-0.0056123925,1.0000000000
81,5.4050000000,left_hand,15,0.5798400760,0.6335555315,-0.0091540128,1.0000000000
82,5.4710000000,left_hand,15,0.5794150710,0.6021623015,-0.0126956332,1.0000000000
83,5.5380000000,left_hand,15,0.5789900661,0.5707690716,-0.0162372535,1.0000000000
84,5.6050000000,left_hand,15,0.5785650611,0.5393758416,-0.0197788738,1.0000000000
85,5.6710000000,left_hand,15,0.5380242765,0.5544908047,-0.0322944019,1.0000000000
86,5.7380000000,left_hand,15,0.4974834919,0.5696057677,-0.0448099300,1.0000000000
87,5.8050000000,left_hand,15,0.4800060391,0.5930578709,-0.0311795697,1.0000000000
88,5.8720000000,left_hand,15,0.4522777796,0.6176806688,-0.0487181768,1.0000000000
89,5.9380000000,left_hand,15,0.4421921074,0.6294961572,-0.0547100380,1.0000000000
90,6.0050000000,left_hand,15,0.4431113005,0.6379070282,-0.0462585948,1.0000000000
91,6.0720000000,left_hand,15,0.4486303627,0.6558263302,-0.0343368649,1.0000000000
92,6.1390000000,left_hand,15,0.3767237663,0.5962175727,-0.0495010950,1.0000000000
93,6.2050000000,left_hand,15,0.5301240087,0.5714440346,-0.0293793958,1.0000000000
94,6.2720000000,left_hand,15,0.5547404289,0.6920593381,-0.0620870367,1.0000000000
95,6.3390000000,left_hand,15,0.5826781392,0.7879912853,-0.0671615303,1.0000000000
96,6.4050000000,left_hand,15,0.5855264068,0.7989502549,-0.0637701377,1.0000000000
97,6.4720000000,left_hand,15,0.5707581639,0.7942657471,-0.0826802403,1.0000000000
98,6.5390000000,left_hand,15,0.5620242953,0.7899488807,-0.0815675929,1.0000000000
99,6.6060000000,left_hand,15,0.5755077004,0.7905753255,-0.0740381405,1.0000000000
100,6.6720000000,left_hand,15,0.5659265518,0.7761303782,-0.0904529616,1.0000000000
101,6.7390000000,left_hand,15,0.5626084208,0.7575019598,-0.0474723279,1.0000000000
102,6.8060000000,left_hand,15,0.5602680445,0.7470642924,-0.0637200251,1.0000000000
103,6.8720000000,left_hand,15,0.5537640452,0.7382279038,-0.0624828860,1.0000000000
104,6.9390000000,left_hand,15,0.5733229518,0.7418338060,-0.0647564605,1.0000000000
105,7.0060000000,left_hand,15,0.5635322332,0.7338210940,-0.0644037500,1.0000000000
106,7.0730000000,left_hand,15,0.5629683733,0.7289028168,-0.0652088374,1.0000000000
107,7.1390000000,left_hand,15,0.5534258485,0.7082852125,-0.0470062196,1.0000000000
108,7.2060000000,left_hand,15,0.5356756449,0.7085249424,-0.0384791791,1.0000000000
109,7.2730000000,left_hand,15,0.5285811424,0.6706401706,-0.0632592067,1.0000000000
110,7.3400000000,left_hand,15,0.5014176965,0.6719993949,-0.0560453162,1.0000000000
111,7.4060000000,left_hand,15,0.4773559570,0.6745252013,-0.0468945168,1.0000000000
112,7.4730000000,left_hand,15,0.4608677030,0.6763560772,-0.0434041917,1.0000000000
113,7.5400000000,left_hand,15,0.4559909701,0.6827318072,-0.0314762145,1.0000000000
114,7.6060000000,left_hand,15,0.4530124366,0.6837547421,-0.0288442597,1.0000000000
115,7.6730000000,left_hand,15,0.4531054199,0.6769988537,-0.0313315503,1.0000000000
116,7.7400000000,left_hand,15,0.4492033124,0.6799687147,-0.0426494218,1.0000000000
117,7.8070000000,left_hand,15,0.4560320079,0.6830763817,-0.0361101106,1.0000000000
118,7.8730000000,left_hand,15,0.4708489180,0.7002599239,-0.0346230157,1.0000000000
119,7.9400000000,left_hand,15,0.5128846169,0.7055957913,-0.0320693329,1.0000000000
120,8.0070000000,left_hand,15,0.5583106279,0.7477376461,-0.0952003449,1.0000000000
121,8.0740000000,left_hand,15,0.5791191459,0.7734901309,-0.0792395920,1.0000000000
122,8.1400000000,left_hand,15,0.5755959749,0.7560831308,-0.0632177070,1.0000000000
123,8.2070000000,left_hand,15,0.5649011135,0.7465921044,-0.0564620495,1.0000000000
124,8.2740000000,left_hand,15,0.5721690059,0.7432484031,-0.0731903762,1.0000000000
125,8.3400000000,left_hand,15,0.5539602637,0.7015479803,-0.0257502384,1.0000000000
126,8.4070000000,left_hand,15,0.5185417533,0.6859666109,-0.0435751677,1.0000000000
127,8.4740000000,left_hand,15,0.4980336726,0.6755752563,-0.0359739587,1.0000000000
128,8.5410000000,left_hand,15,0.4876616597,0.6840229034,-0.0386725031,1.0000000000
129,8.6070000000,left_hand,15,0.4759855866,0.6998012066,-0.0463553369,1.0000000000
130,8.6740000000,left_hand,15,0.4661432207,0.7061065435,-0.0471421070,1.0000000000
131,8.7410000000,left_hand,15,0.4609383345,0.7045149803,-0.0495934337,1.0000000000
132,8.8070000000,left_hand,15,0.4561818242,0.7026047707,-0.0493457988,1.0000000000
133,8.8740000000,left_hand,15,0.4593330026,0.7044841051,-0.0410057157,1.0000000000
134,8.9410000000,left_hand,15,0.4740028083,0.7124307156,-0.0325667895,1.0000000000
135,9.0080000000,left_hand,15,0.5261167288,0.6757260561,-0.0253594983,1.0000000000
136,9.0740000000,left_hand,15,0.5782054663,0.7425040007,-0.1062342674,1.0000000000
137,9.1410000000,left_hand,15,0.5893495083,0.7800099254,-0.0668932572,1.0000000000
138,9.2080000000,left_hand,15,0.5884667635,0.7816827893,-0.0834672898,1.0000000000
139,9.2750000000,left_hand,15,0.6011965871,0.7699033618,-0.0648986846,1.0000000000
140,9.3410000000,left_hand,15,0.5556648970,0.7319386601,-0.0617624000,1.0000000000
141,9.4080000000,left_hand,15,0.5806404948,0.7300240397,-0.0274836775,1.0000000000
142,9.4750000000,left_hand,15,0.6026279330,0.7393190861,-0.0283243172,1.0000000000
143,9.5410000000,left_hand,15,0.6035130024,0.7053275108,-0.0340185538,1.0000000000
144,9.6080000000,left_hand,15,0.5931428671,0.6921587586,-0.0132247871,1.0000000000
145,9.6750000000,left_hand,15,0.3757201433,0.6358720660,-0.0619847588,1.0000000000
146,9.7420000000,left_hand,15,0.3509092331,0.6168059707,-0.0309365187,1.0000000000
147,9.8080000000,left_hand,15,0.5238956809,0.6426615715,-0.0573875420,1.0000000000
148,9.8750000000,left_hand,15,0.5016528368,0.6201106310,-0.0409343429,1.0000000000
149,9.9420000000,left_hand,15,0.4943799675,0.6063899398,-0.0465105847,1.0000000000
150,10.0080000000,left_hand,15,0.4785257876,0.6147535443,-0.0436788164,1.0000000000
151,10.0750000000,left_hand,15,0.4524254799,0.6255752444,-0.0423717201,1.0000000000
152,10.1420000000,left_hand,15,0.4381512105,0.6367793083,-0.0462105833,1.0000000000
153,10.2090000000,left_hand,15,0.4267786145,0.6457194090,-0.0381856710,1.0000000000
154,10.2750000000,left_hand,15,0.4428735077,0.6589863896,-0.0381197110,1.0000000000
155,10.3420000000,left_hand,15,0.4702696800,0.6890093684,-0.0212919377,1.0000000000
156,10.4090000000,left_hand,15,0.5242773294,0.7095738649,-0.0264930129,1.0000000000
157,10.4760000000,left_hand,15,0.5809650421,0.7670608759,-0.1022564396,1.0000000000
158,10.5420000000,left_hand,15,0.5898786783,0.8110711575,-0.0883620232,1.0000000000
159,10.6090000000,left_hand,15,0.6009185910,0.8042885661,-0.0759365633,1.0000000000
160,10.6760000000,left_hand,15,0.5782008171,0.7960658669,-0.0775499791,1.0000000000
161,10.7420000000,left_hand,15,0.5397655368,0.7714532018,-0.0347858556,1.0000000000
162,10.8090000000,left_hand,15,0.5380439758,0.7437376380,-0.0310792811,1.0000000000
163,10.8760000000,left_hand,15,0.5285935998,0.6832524538,-0.0414900109,1.0000000000
164,10.9430000000,left_hand,15,0.5817672014,0.6997765899,-0.0690002441,1.0000000000
165,11.0090000000,left_hand,15,0.5306426287,0.6841318011,-0.0556974635,1.0000000000
166,11.0760000000,left_hand,15,0.5214665532,0.6622797251,-0.0591462664,1.0000000000
167,11.1430000000,left_hand,15,0.5097013116,0.6458369493,-0.0551792458,1.0000000000
168,11.2100000000,left_hand,15,0.4827206135,0.6544826627,-0.0487494320,1.0000000000
169,11.2760000000,left_hand,15,0.4658009112,0.6547788978,-0.0496061929,1.0000000000
170,11.3430000000,left_hand,15,0.4543961287,0.6645329595,-0.0503999703,1.0000000000
171,11.4100000000,left_hand,15,0.4518390000,0.6657502055,-0.0446529686,1.0000000000
172,11.4760000000,left_hand,15,0.4511991143,0.6719729900,-0.0455079824,1.0000000000
173,11.5430000000,left_hand,15,0.4705092609,0.6886784434,-0.0417027697,1.0000000000
174,11.6100000000,left_hand,15,0.5031573176,0.7217826843,-0.0305937342,1.0000000000
175,11.6770000000,left_hand,15,0.5435164571,0.7655287385,-0.0460740253,1.0000000000
176,11.7430000000,left_hand,15,0.5777259469,0.8061203957,-0.0592954755,1.0000000000
177,11.8100000000,left_hand,15,0.5810588598,0.8088124394,-0.0625825375,1.0000000000
178,11.8770000000,left_hand,15,0.5611453652,0.7923703194,-0.0581641160,1.0000000000
179,11.9430000000,left_hand,15,0.5955020189,0.7969812751,-0.0760309547,1.0000000000
75,5.0040000000,left_hand,16,0.5509991050,0.7407354116,-0.0460965633,1.0000000000
76,5.0710000000,left_hand,16,0.5392127633,0.7300222516,-0.0468920209,1.0000000000
77,5.1380000000,left_hand,16,0.5569511056,0.7408832908,-0.0362988412,1.0000000000
78,5.2040000000,left_hand,16,0.5372107625,0.6986774802,0.0190084856,1.0000000000
79,5.2710000000,left_hand,16,0.5723035932,0.6981540918,-0.0027524706,1.0000000000
80,5.3380000000,left_hand,16,0.5716193676,0.6643526912,-0.0049703717,1.0000000000
81,5.4050000000,left_hand,16,0.5709351420,0.6305512905,-0.0071882729,1.0000000000
82,5.4710000000,left_hand,16,0.5702509165,0.5967498899,-0.0094061741,1.0000000000
83,5.5380000000,left_hand,16,0.5695666909,0.5629484892,-0.0116240752,1.0000000000
84,5.6050000000,left_hand,16,0.5688824654,0.5291470885,-0.0138419764,1.0000000000
85,5.6710000000,left_hand,16,0.5249681622,0.5551652610,-0.0311912023,1.0000000000
86,5.7380000000,left_hand,16,0.4810538590,0.5811834335,-0.0485404283,1.0000000000
87,5.8050000000,left_hand,16,0.4647020102,0.5990697145,-0.0309914630,1.0000000000
88,5.8720000000,left_hand,16,0.4349630475,0.6235356927,-0.0491055064,1.0000000000
89,5.9380000000,left_hand,16,0.4226066768,0.6381736994,-0.0561900511,1.0000000000
90,6.0050000000,left_hand,16,0.4229379594,0.6423988342,-0.0476077683,1.0000000000
91,6.0720000000,left_hand,16,0.4348600507,0.6679970622,-0.0320873186,1.0000000000
92,6.1390000000,left_hand,16,0.3807737529,0.6018189788,-0.0507483371,1.0000000000
93,6.2050000000,left_hand,16,0.5165770054,0.5735356808,-0.0317413919,1.0000000000
94,6.2720000000,left_hand,16,0.5445883274,0.7173125744,-0.0671115741,1.0000000000
95,6.3390000000,left_hand,16,0.5788277984,0.8217256069,-0.0699989423,1.0000000000
96,6.4050000000,left_hand,16,0.5781500936,0.8310297132,-0.0646019578,1.0000000000
97,6.4720000000,left_hand,16,0.5621802807,0.8343752623,-0.0859695524,1.0000000000
98,6.5390000000,left_hand,16,0.5552184582,0.8293080926,-0.0845609456,1.0000000000
99,6.6060000000,left_hand,16,0.5660747290,0.8246393800,-0.0756463036,1.0000000000
100,6.6720000000,left_hand,16,0.5565162897,0.8145482540,-0.0943525061,1.0000000000
101,6.7390000000,left_hand,16,0.5543682575,0.7916781902,-0.0489971489,1.0000000000
102,6.8060000000,left_hand,16,0.5517345071,0.7805641890,-0.0672138259,1.0000000000
103,6.8720000000,left_hand,16,0.5450773835,0.7733367682,-0.0650693625,1.0000000000
104,6.9390000000,left_hand,16,0.5628615618,0.7793241143,-0.0687337816,1.0000000000
105,7.0060000000,left_hand,16,0.5553625822,0.7689538002,-0.0678451657,1.0000000000
106,7.0730000000,left_hand,16,0.5530797243,0.7605834007,-0.0676491782,1.0000000000
107,7.1390000000,left_hand,16,0.5420513749,0.7287548780,-0.0491466820,1.0000000000
108,7.2060000000,left_hand,16,0.5200001001,0.7251359820,-0.0405042022,1.0000000000
109,7.2730000000,left_hand,16,0.5094990134,0.6856428385,-0.0648410991,1.0000000000
110,7.3400000000,left_hand,16,0.4809904397,0.6823449731,-0.0566231459,1.0000000000
111,7.4060000000,left_hand,16,0.4556199908,0.6843588948,-0.0484757647,1.0000000000
112,7.4730000000,left_hand,16,0.4379018247,0.6875793934,-0.0453132950,1.0000000000
113,7.5400000000,left_hand,16,0.4357325733,0.6973100901,-0.0332175456,1.0000000000
114,7.6060000000,left_hand,16,0.4339762032,0.6985235214,-0.0300207045,1.0000000000
115,7.6730000000,left_hand,16,0.4365106821,0.6935819983,-0.0322406366,1.0000000000
116,7.7400000000,left_hand,16,0.4307027161,0.6972560287,-0.0432776771,1.0000000000
117,7.8070000000,left_hand,16,0.4376032054,0.7008957267,-0.0370691493,1.0000000000
118,7.8730000000,left_hand,16,0.4547469318,0.7138001919,-0.0318533778,1.0000000000
119,7.9400000000,left_hand,16,0.5038365126,0.7302602530,-0.0280274637,1.0000000000
120,8.0070000000,left_hand,16,0.5573254228,0.7881250381,-0.0976449624,1.0000000000
121,8.0740000000,left_hand,16,0.5703549385,0.8113826513,-0.0827222019,1.0000000000
122,8.1400000000,left_hand,16,0.5645980835,0.7864439487,-0.0686272904,1.0000000000
123,8.2070000000,left_hand,16,0.5532025099,0.7724252343,-0.0597990640,1.0000000000
124,8.2740000000,left_hand,16,0.5547652841,0.7616768479,-0.0770709962,1.0000000000
125,8.3400000000,left_hand,16,0.5401874185,0.7025864720,-0.0243436806,1.0000000000
126,8.4070000000,left_hand,16,0.4996183217,0.6908581257,-0.0440097861,1.0000000000
127,8.4740000000,left_hand,16,0.4783053100,0.6868797541,-0.0375255980,1.0000000000
128,8.5410000000,left_hand,16,0.4692827463,0.6951918602,-0.0411167517,1.0000000000
129,8.6070000000,left_hand,16,0.4576965272,0.7151035070,-0.0488568284,1.0000000000
130,8.6740000000,left_hand,16,0.4484451711,0.7246956229,-0.0506676808,1.0000000000
131,8.7410000000,left_hand,16,0.4412385523,0.7221800685,-0.0520667955,1.0000000000
132,8.8070000000,left_hand,16,0.4362134933,0.7218451500,-0.0509213321,1.0000000000
133,8.8740000000,left_hand,16,0.4390144646,0.7196110487,-0.0435442105,1.0000000000
134,8.9410000000,left_hand,16,0.4578763843,0.7298313975,-0.0334659703,1.0000000000
135,9.0080000000,left_hand,16,0.5197874308,0.6876525879,-0.0255099125,1.0000000000
136,9.0740000000,left_hand,16,0.5743334293,0.7858923078,-0.1102196276,1.0000000000
137,9.1410000000,left_hand,16,0.5806213617,0.8164306283,-0.0704982206,1.0000000000
138,9.2080000000,left_hand,16,0.5754143000,0.8170629740,-0.0900932476,1.0000000000
139,9.2750000000,left_hand,16,0.5907930732,0.8045384884,-0.0698072985,1.0000000000
140,9.3410000000,left_hand,16,0.5442804098,0.7621033788,-0.0645917505,1.0000000000
141,9.4080000000,left_hand,16,0.5743595362,0.7537151575,-0.0263709165,1.0000000000
142,9.4750000000,left_hand,16,0.5965353847,0.7616094947,-0.0310922228,1.0000000000
143,9.5410000000,left_hand,16,0.5987472534,0.7235862017,-0.0368750505,1.0000000000
144,9.6080000000,left_hand,16,0.5907753110,0.7068044543,-0.0132217929,1.0000000000
145,9.6750000000,left_hand,16,0.3837077022,0.6659306288,-0.0659267679,1.0000000000
146,9.7420000000,left_hand,16,0.3514938056,0.6284513474,-0.0311235953,1.0000000000
147,9.8080000000,left_hand,16,0.5067666173,0.6488215327,-0.0592410304,1.0000000000
148,9.8750000000,left_hand,16,0.4863056540,0.6292808652,-0.0412574746,1.0000000000
149,9.9420000000,left_hand,16,0.4782995880,0.6211070418,-0.0467067249,1.0000000000
150,10.0080000000,left_hand,16,0.4590528011,0.6237421632,-0.0462409779,1.0000000000
151,10.0750000000,left_hand,16,0.4315847754,0.6334381700,-0.0450601056,1.0000000000
152,10.1420000000,left_hand,16,0.4174661040,0.6466261148,-0.0475809462,1.0000000000
153,10.2090000000,left_hand,16,0.4058082998,0.6548587084,-0.0402402058,1.0000000000
154,10.2750000000,left_hand,16,0.4231826961,0.6712951064,-0.0406505615,1.0000000000
155,10.3420000000,left_hand,16,0.4641574621,0.6887326837,-0.0159939844,1.0000000000
156,10.4090000000,left_hand,16,0.5156022310,0.7230630517,-0.0247429367,1.0000000000
157,10.4760000000,left_hand,16,0.5781124234,0.8095752001,-0.1068199351,1.0000000000
158,10.5420000000,left_hand,16,0.5830399394,0.8563039303,-0.0957278237,1.0000000000
159,10.6090000000,left_hand,16,0.5926315188,0.8429378271,-0.0818206519,1.0000000000
160,10.6760000000,left_hand,16,0.5657181740,0.8376230001,-0.0832309797,1.0000000000
161,10.7420000000,left_hand,16,0.5339249372,0.8029870987,-0.0341491401,1.0000000000
162,10.8090000000,left_hand,16,0.5294597745,0.7742427588,-0.0328418091,1.0000000000
163,10.8760000000,left_hand,16,0.5217097998,0.7228788137,-0.0446986593,1.0000000000
164,10.9430000000,left_hand,16,0.5735557675,0.7277085781,-0.0722466186,1.0000000000
165,11.0090000000,left_hand,16,0.5187865496,0.7079083920,-0.0559599176,1.0000000000
166,11.0760000000,left_hand,16,0.5030870438,0.6842846274,-0.0633692220,1.0000000000
167,11.1430000000,left_hand,16,0.4931782484,0.6710146666,-0.0585804656,1.0000000000
168,11.2100000000,left_hand,16,0.4630200267,0.6777701378,-0.0521875396,1.0000000000
169,11.2760000000,left_hand,16,0.4446614981,0.6768637896,-0.0540798530,1.0000000000
170,11.3430000000,left_hand,16,0.4332933426,0.6872558594,-0.0549609587,1.0000000000
171,11.4100000000,left_hand,16,0.4333757162,0.6864070892,-0.0477971807,1.0000000000
172,11.4760000000,left_hand,16,0.4305833876,0.6907970905,-0.0480311178,1.0000000000
173,11.5430000000,left_hand,16,0.4511633217,0.7040680647,-0.0440442562,1.0000000000
174,11.6100000000,left_hand,16,0.4878718853,0.7335130572,-0.0280488227,1.0000000000
175,11.6770000000,left_hand,16,0.5405752659,0.7952303290,-0.0450527854,1.0000000000
176,11.7430000000,left_hand,16,0.5710627437,0.8437053561,-0.0629156008,1.0000000000
177,11.8100000000,left_hand,16,0.5735914111,0.8487042189,-0.0663174912,1.0000000000
178,11.8770000000,left_hand,16,0.5499218106,0.8276168108,-0.0614242442,1.0000000000
179,11.9430000000,left_hand,16,0.5927493572,0.8326029778,-0.0796904191,1.0000000000
75,5.0040000000,left_hand,17,0.6214387417,0.6527628899,-0.0359641351,1.0000000000
76,5.0710000000,left_hand,17,0.6073613763,0.6301819682,-0.0313185304,1.0000000000
77,5.1380000000,left_hand,17,0.6147038937,0.6566916108,-0.0269556530,1.0000000000
78,5.2040000000,left_hand,17,0.5778720379,0.6432025433,0.0163421445,1.0000000000
79,5.2710000000,left_hand,17,0.6118633151,0.6402790546,-0.0004497731,1.0000000000
80,5.3380000000,left_hand,17,0.5998275995,0.6306386590,-0.0002559763,1.0000000000
81,5.4050000000,left_hand,17,0.5877918839,0.6209982634,-0.0000621795,1.0000000000
82,5.4710000000,left_hand,17,0.5757561684,0.6113578677,0.0001316173,1.0000000000
83,5.5380000000,left_hand,17,0.5637204528,0.6017174721,0.0003254142,1.0000000000
84,5.6050000000,left_hand,17,0.5516847372,0.5920770764,0.0005192110,1.0000000000
85,5.6710000000,left_hand,17,0.5557983816,0.5746349990,-0.0173096533,1.0000000000
86,5.7380000000,left_hand,17,0.5599120259,0.5571929216,-0.0351385176,1.0000000000
87,5.8050000000,left_hand,17,0.5441014767,0.5869860649,-0.0274166111,1.0000000000
88,5.8720000000,left_hand,17,0.5307878852,0.6093240976,-0.0360080004,1.0000000000
89,5.9380000000,left_hand,17,0.5223833919,0.6164803505,-0.0384897999,1.0000000000
90,6.0050000000,left_hand,17,0.5248510242,0.6190962791,-0.0345241316,1.0000000000
91,6.0720000000,left_hand,17,0.5267391205,0.6255066395,-0.0353461690,1.0000000000
92,6.1390000000,left_hand,17,0.3597208261,0.5590165257,-0.0324617811,1.0000000000
93,6.2050000000,left_hand,17,0.5786593556,0.5570630431,-0.0211342499,1.0000000000
94,6.2720000000,left_hand,17,0.6043220758,0.6274918318,-0.0471622869,1.0000000000
95,6.3390000000,left_hand,17,0.6108424664,0.6526229978,-0.0551187731,1.0000000000
96,6.4050000000,left_hand,17,0.6200593114,0.6609531641,-0.0524631888,1.0000000000
97,6.4720000000,left_hand,17,0.6190226674,0.6603081226,-0.0625302345,1.0000000000
98,6.5390000000,left_hand,17,0.6028354168,0.6559107900,-0.0592373684,1.0000000000
99,6.6060000000,left_hand,17,0.6217187047,0.6650496721,-0.0542994477,1.0000000000
100,6.6720000000,left_hand,17,0.6182709932,0.6515998244,-0.0668142959,1.0000000000
101,6.7390000000,left_hand,17,0.6106007695,0.6475090981,-0.0374321006,1.0000000000
102,6.8060000000,left_hand,17,0.6101073623,0.6446043253,-0.0473783612,1.0000000000
103,6.8720000000,left_hand,17,0.5938778520,0.6217052937,-0.0425639935,1.0000000000
104,6.9390000000,left_hand,17,0.6202775240,0.6275071502,-0.0455734655,1.0000000000
105,7.0060000000,left_hand,17,0.6145187616,0.6241190434,-0.0498494245,1.0000000000
106,7.0730000000,left_hand,17,0.6169482470,0.6215503812,-0.0543250069,1.0000000000
107,7.1390000000,left_hand,17,0.6070674062,0.6308974624,-0.0367891788,1.0000000000
108,7.2060000000,left_hand,17,0.5927718282,0.6485877037,-0.0271286592,1.0000000000
109,7.2730000000,left_hand,17,0.5986854434,0.6285051703,-0.0470397696,1.0000000000
110,7.3400000000,left_hand,17,0.5801964402,0.6296249032,-0.0419654511,1.0000000000
111,7.4060000000,left_hand,17,0.5580630302,0.6444274783,-0.0329768285,1.0000000000
112,7.4730000000,left_hand,17,0.5429226756,0.6413657665,-0.0295260474,1.0000000000
113,7.5400000000,left_hand,17,0.5309078097,0.6438158751,-0.0223831013,1.0000000000
114,7.6060000000,left_hand,17,0.5273293853,0.6448470950,-0.0225626845,1.0000000000
115,7.6730000000,left_hand,17,0.5278464556,0.6342560649,-0.0268337596,1.0000000000
116,7.7400000000,left_hand,17,0.5279174447,0.6311594248,-0.0354051292,1.0000000000
117,7.8070000000,left_hand,17,0.5315270424,0.6366469264,-0.0280091185,1.0000000000
118,7.8730000000,left_hand,17,0.5493596196,0.6433198452,-0.0314788185,1.0000000000
119,7.9400000000,left_hand,17,0.5725370049,0.6269968152,-0.0372303165,1.0000000000
120,8.0070000000,left_hand,17,0.6014688015,0.6436213851,-0.0742240176,1.0000000000
121,8.0740000000,left_hand,17,0.6226570010,0.6552591920,-0.0643871427,1.0000000000
122,8.1400000000,left_hand,17,0.6245402098,0.6729056239,-0.0393888801,1.0000000000
123,8.2070000000,left_hand,17,0.6156363487,0.6601747870,-0.0462190695,1.0000000000
124,8.2740000000,left_hand,17,0.6312032938,0.6678830385,-0.0543556325,1.0000000000
125,8.3400000000,left_hand,17,0.6133560538,0.6748575568,-0.0196697153,1.0000000000
126,8.4070000000,left_hand,17,0.5943861604,0.6696344614,-0.0318831541,1.0000000000
127,8.4740000000,left_hand,17,0.5729408264,0.6573050022,-0.0288112331,1.0000000000
128,8.5410000000,left_hand,17,0.5625308752,0.6557955146,-0.0301272124,1.0000000000
129,8.6070000000,left_hand,17,0.5519644022,0.6558064818,-0.0360103995,1.0000000000
130,8.6740000000,left_hand,17,0.5402656794,0.6534589529,-0.0369446762,1.0000000000
131,8.7410000000,left_hand,17,0.5413450003,0.6535226703,-0.0397356004,1.0000000000
132,8.8070000000,left_hand,17,0.5398786068,0.6541402936,-0.0415026993,1.0000000000
133,8.8740000000,left_hand,17,0.5408894420,0.6576850414,-0.0352283083,1.0000000000
134,8.9410000000,left_hand,17,0.5487934947,0.6576050520,-0.0303539783,1.0000000000
135,9.0080000000,left_hand,17,0.5763612986,0.6537228823,-0.0231366903,1.0000000000
136,9.0740000000,left_hand,17,0.6157059669,0.6405760050,-0.0720473230,1.0000000000
137,9.1410000000,left_hand,17,0.6307088137,0.6625177860,-0.0500398763,1.0000000000
138,9.2080000000,left_hand,17,0.6365668774,0.6760071516,-0.0558067635,1.0000000000
139,9.2750000000,left_hand,17,0.6377965212,0.6667074561,-0.0444312915,1.0000000000
140,9.3410000000,left_hand,17,0.5822425485,0.6159025431,-0.0416802838,1.0000000000
141,9.4080000000,left_hand,17,0.5946911573,0.6231821775,-0.0195789486,1.0000000000
142,9.4750000000,left_hand,17,0.6281657219,0.6518903971,-0.0223303195,1.0000000000
143,9.5410000000,left_hand,17,0.6327586770,0.6310171485,-0.0245168172,1.0000000000
144,9.6080000000,left_hand,17,0.6199113131,0.6343427896,-0.0110562341,1.0000000000
145,9.6750000000,left_hand,17,0.3456773460,0.5536756516,-0.0357000157,1.0000000000
146,9.7420000000,left_hand,17,0.3308233023,0.5675953031,-0.0185838286,1.0000000000
147,9.8080000000,left_hand,17,0.5920647979,0.5888067484,-0.0438180231,1.0000000000
148,9.8750000000,left_hand,17,0.5679913163,0.5991151333,-0.0320173316,1.0000000000
149,9.9420000000,left_hand,17,0.5654448867,0.5831450820,-0.0395930186,1.0000000000
150,10.0080000000,left_hand,17,0.5546931028,0.5827332735,-0.0312501974,1.0000000000
151,10.0750000000,left_hand,17,0.5327587724,0.6026689410,-0.0279421620,1.0000000000
152,10.1420000000,left_hand,17,0.5173373818,0.6097492576,-0.0295912828,1.0000000000
153,10.2090000000,left_hand,17,0.5037776828,0.6295188069,-0.0275396090,1.0000000000
154,10.2750000000,left_hand,17,0.5220125318,0.6261587143,-0.0297799241,1.0000000000
155,10.3420000000,left_hand,17,0.5388631225,0.6639032364,-0.0220880527,1.0000000000
156,10.4090000000,left_hand,17,0.5798165798,0.6567438841,-0.0287786946,1.0000000000
157,10.4760000000,left_hand,17,0.6093536019,0.6410289407,-0.0746105835,1.0000000000
158,10.5420000000,left_hand,17,0.6217389107,0.6741946340,-0.0615600869,1.0000000000
159,10.6090000000,left_hand,17,0.6311072707,0.6705791950,-0.0529445522,1.0000000000
160,10.6760000000,left_hand,17,0.6305064559,0.6610258222,-0.0563019030,1.0000000000
161,10.7420000000,left_hand,17,0.5670344234,0.6361545324,-0.0275049675,1.0000000000
162,10.8090000000,left_hand,17,0.5649321675,0.6191400290,-0.0212975834,1.0000000000
163,10.8760000000,left_hand,17,0.5584157109,0.5632057190,-0.0352157764,1.0000000000
164,10.9430000000,left_hand,17,0.6196452975,0.5914360881,-0.0520665683,1.0000000000
165,11.0090000000,left_hand,17,0.5950261950,0.6012039781,-0.0469936468,1.0000000000
166,11.0760000000,left_hand,17,0.5898851752,0.5890855789,-0.0458717160,1.0000000000
167,11.1430000000,left_hand,17,0.5786551237,0.5798311830,-0.0435637794,1.0000000000
168,11.2100000000,left_hand,17,0.5596538186,0.5906434059,-0.0379574932,1.0000000000
169,11.2760000000,left_hand,17,0.5438611507,0.6007664204,-0.0354783051,1.0000000000
170,11.3430000000,left_hand,17,0.5336404443,0.6069269776,-0.0365612991,1.0000000000
171,11.4100000000,left_hand,17,0.5289731622,0.6167241931,-0.0357440561,1.0000000000
172,11.4760000000,left_hand,17,0.5323216915,0.6259081960,-0.0363091752,1.0000000000
173,11.5430000000,left_hand,17,0.5503293276,0.6311255693,-0.0358882174,1.0000000000
174,11.6100000000,left_hand,17,0.5741364360,0.6531606317,-0.0262204409,1.0000000000
175,11.6770000000,left_hand,17,0.5939971209,0.6507506371,-0.0430340320,1.0000000000
176,11.7430000000,left_hand,17,0.6144107580,0.6644794941,-0.0480062254,1.0000000000
177,11.8100000000,left_hand,17,0.6207727194,0.6709276438,-0.0499735847,1.0000000000
178,11.8770000000,left_hand,17,0.6183274984,0.6756881475,-0.0459099598,1.0000000000
179,11.9430000000,left_hand,17,0.6254587173,0.6653247476,-0.0532258973,1.0000000000
75,5.0040000000,left_hand,18,0.6011714935,0.6937621832,-0.0434035994,1.0000000000
76,5.0710000000,left_hand,18,0.5858314037,0.6692100167,-0.0394972153,1.0000000000
77,5.1380000000,left_hand,18,0.5971840024,0.7001388669,-0.0332736038,1.0000000000
78,5.2040000000,left_hand,18,0.5639493465,0.6749957204,0.0212964937,1.0000000000
79,5.2710000000,left_hand,18,0.6082521677,0.6800916195,-0.0002444835,1.0000000000
80,5.3380000000,left_hand,18,0.6014146209,0.6588670015,-0.0017532014,1.0000000000
81,5.4050000000,left_hand,18,0.5945770741,0.6376423836,-0.0032619194,1.0000000000
82,5.4710000000,left_hand,18,0.5877395272,0.6164177656,-0.0047706374,1.0000000000
83,5.5380000000,left_hand,18,0.5809019804,0.5951931477,-0.0062793553,1.0000000000
84,5.6050000000,left_hand,18,0.5740644336,0.5739685297,-0.0077880733,1.0000000000
85,5.6710000000,left_hand,18,0.5550266504,0.5776482522,-0.0256502759,1.0000000000
86,5.7380000000,left_hand,18,0.5359888673,0.5813279748,-0.0435124785,1.0000000000
87,5.8050000000,left_hand,18,0.5177344680,0.6029343605,-0.0329812393,1.0000000000
88,5.8720000000,left_hand,18,0.4925237894,0.6236558557,-0.0432142615,1.0000000000
89,5.9380000000,left_hand,18,0.4847232997,0.6342563629,-0.0471646301,1.0000000000
90,6.0050000000,left_hand,18,0.4891516566,0.6410785317,-0.0411516987,1.0000000000
91,6.0720000000,left_hand,18,0.4933548570,0.6571184993,-0.0416556448,1.0000000000
92,6.1390000000,left_hand,18,0.3754497170,0.5625229478,-0.0419913009,1.0000000000
93,6.2050000000,left_hand,18,0.5588794351,0.5560910702,-0.0271377526,1.0000000000
94,6.2720000000,left_hand,18,0.5947324038,0.6677154303,-0.0608190000,1.0000000000
95,6.3390000000,left_hand,18,0.6084928513,0.7176548839,-0.0669576079,1.0000000000
96,6.4050000000,left_hand,18,0.6106923819,0.7298108339,-0.0628571659,1.0000000000
97,6.4720000000,left_hand,18,0.6069720387,0.7332130075,-0.0788216293,1.0000000000
98,6.5390000000,left_hand,18,0.5922250152,0.7237311602,-0.0748966634,1.0000000000
99,6.6060000000,left_hand,18,0.6101258993,0.7325655818,-0.0683616251,1.0000000000
100,6.6720000000,left_hand,18,0.6053569317,0.7185438871,-0.0842524767,1.0000000000
101,6.7390000000,left_hand,18,0.5971727967,0.7092548609,-0.0474075116,1.0000000000
102,6.8060000000,left_hand,18,0.5981535912,0.7052379847,-0.0609766021,1.0000000000
103,6.8720000000,left_hand,18,0.5750186443,0.6760568023,-0.0559663810,1.0000000000
104,6.9390000000,left_hand,18,0.6064846516,0.6895559430,-0.0598406345,1.0000000000
105,7.0060000000,left_hand,18,0.6002812982,0.6841550469,-0.0637084693,1.0000000000
106,7.0730000000,left_hand,18,0.6019146442,0.6819871664,-0.0667117462,1.0000000000
107,7.1390000000,left_hand,18,0.5910444856,0.6816834807,-0.0469736271,1.0000000000
108,7.2060000000,left_hand,18,0.5716637969,0.6899336576,-0.0348960496,1.0000000000
109,7.2730000000,left_hand,18,0.5716687441,0.6629890203,-0.0574190170,1.0000000000
110,7.3400000000,left_hand,18,0.5471619964,0.6610434651,-0.0495319963,1.0000000000
111,7.4060000000,left_hand,18,0.5216373801,0.6744351387,-0.0419700332,1.0000000000
112,7.4730000000,left_hand,18,0.5068621635,0.6714385152,-0.0376379080,1.0000000000
113,7.5400000000,left_hand,18,0.4985294342,0.6755352616,-0.0287450571,1.0000000000
114,7.6060000000,left_hand,18,0.4940332174,0.6756511927,-0.0271327272,1.0000000000
115,7.6730000000,left_hand,18,0.4954525232,0.6701666117,-0.0312975645,1.0000000000
116,7.7400000000,left_hand,18,0.4936016500,0.6687431335,-0.0414416343,1.0000000000
117,7.8070000000,left_hand,18,0.4994836748,0.6694698930,-0.0337530300,1.0000000000
118,7.8730000000,left_hand,18,0.5163488984,0.6834194064,-0.0347606912,1.0000000000
119,7.9400000000,left_hand,18,0.5554310083,0.6777775884,-0.0411042273,1.0000000000
120,8.0070000000,left_hand,18,0.5948719978,0.7008640766,-0.0948702767,1.0000000000
121,8.0740000000,left_hand,18,0.6122893095,0.7204093933,-0.0790128633,1.0000000000
122,8.1400000000,left_hand,18,0.6117319465,0.7212182283,-0.0537112169,1.0000000000
123,8.2070000000,left_hand,18,0.6012303233,0.7083837390,-0.0592889041,1.0000000000
124,8.2740000000,left_hand,18,0.6117922068,0.7152978778,-0.0691868514,1.0000000000
125,8.3400000000,left_hand,18,0.5893524885,0.7098554373,-0.0234848615,1.0000000000
126,8.4070000000,left_hand,18,0.5593699813,0.6933673024,-0.0386522785,1.0000000000
127,8.4740000000,left_hand,18,0.5389407873,0.6802932620,-0.0340723582,1.0000000000
128,8.5410000000,left_hand,18,0.5324046612,0.6839662790,-0.0364305638,1.0000000000
129,8.6070000000,left_hand,18,0.5215332508,0.6934210062,-0.0445775986,1.0000000000
130,8.6740000000,left_hand,18,0.5143439770,0.6959750652,-0.0452430248,1.0000000000
131,8.7410000000,left_hand,18,0.5132407546,0.6977161765,-0.0484069474,1.0000000000
132,8.8070000000,left_hand,18,0.5077174306,0.6978321075,-0.0493074134,1.0000000000
133,8.8740000000,left_hand,18,0.5088469386,0.7003946304,-0.0420242436,1.0000000000
134,8.9410000000,left_hand,18,0.5232514739,0.6991322637,-0.0343852751,1.0000000000
135,9.0080000000,left_hand,18,0.5582695603,0.6804373264,-0.0273242556,1.0000000000
136,9.0740000000,left_hand,18,0.6082397699,0.6926459074,-0.0946955234,1.0000000000
137,9.1410000000,left_hand,18,0.6255980134,0.7250995636,-0.0639962554,1.0000000000
138,9.2080000000,left_hand,18,0.6276472807,0.7347322702,-0.0745104253,1.0000000000
139,9.2750000000,left_hand,18,0.6310411692,0.7228350043,-0.0588729531,1.0000000000
140,9.3410000000,left_hand,18,0.5555867553,0.6562786698,-0.0537760593,1.0000000000
141,9.4080000000,left_hand,18,0.5801917315,0.6688212752,-0.0255938191,1.0000000000
142,9.4750000000,left_hand,18,0.6209049225,0.6905816197,-0.0293909255,1.0000000000
143,9.5410000000,left_hand,18,0.6271495223,0.6581257582,-0.0342650749,1.0000000000
144,9.6080000000,left_hand,18,0.6108528972,0.6670458913,-0.0134601053,1.0000000000
145,9.6750000000,left_hand,18,0.3665776253,0.5806235671,-0.0458358377,1.0000000000
146,9.7420000000,left_hand,18,0.3460860848,0.5949561000,-0.0243442971,1.0000000000
147,9.8080000000,left_hand,18,0.5691975355,0.6305545568,-0.0553574674,1.0000000000
148,9.8750000000,left_hand,18,0.5408718586,0.6238720417,-0.0382679254,1.0000000000
149,9.9420000000,left_hand,18,0.5364475846,0.6116672158,-0.0488463119,1.0000000000
150,10.0080000000,left_hand,18,0.5255694985,0.6096565127,-0.0403657481,1.0000000000
151,10.0750000000,left_hand,18,0.4994160533,0.6213800907,-0.0358391516,1.0000000000
152,10.1420000000,left_hand,18,0.4824447632,0.6317011714,-0.0382100269,1.0000000000
153,10.2090000000,left_hand,18,0.4663021564,0.6494245529,-0.0349721536,1.0000000000
154,10.2750000000,left_hand,18,0.4889879525,0.6550723314,-0.0379628576,1.0000000000
155,10.3420000000,left_hand,18,0.5032660961,0.6924555302,-0.0243596192,1.0000000000
156,10.4090000000,left_hand,18,0.5620611906,0.6990796924,-0.0312475190,1.0000000000
157,10.4760000000,left_hand,18,0.6070936322,0.7056937814,-0.0938998833,1.0000000000
158,10.5420000000,left_hand,18,0.6220731735,0.7431569099,-0.0783198103,1.0000000000
159,10.6090000000,left_hand,18,0.6284567714,0.7354701757,-0.0683652610,1.0000000000
160,10.6760000000,left_hand,18,0.6246483326,0.7295239568,-0.0724208578,1.0000000000
161,10.7420000000,left_hand,18,0.5480796695,0.6931041479,-0.0343347602,1.0000000000
162,10.8090000000,left_hand,18,0.5433749557,0.6581441164,-0.0290210545,1.0000000000
163,10.8760000000,left_hand,18,0.5311837792,0.6017537117,-0.0429960638,1.0000000000
164,10.9430000000,left_hand,18,0.6126617193,0.6454929113,-0.0657182038,1.0000000000
165,11.0090000000,left_hand,18,0.5759022832,0.6575433612,-0.0560249202,1.0000000000
166,11.0760000000,left_hand,18,0.5733972192,0.6434056759,-0.0580443442,1.0000000000
167,11.1430000000,left_hand,18,0.5579382777,0.6302490830,-0.0533189476,1.0000000000
168,11.2100000000,left_hand,18,0.5381923318,0.6437577009,-0.0485509783,1.0000000000
169,11.2760000000,left_hand,18,0.5215579271,0.6490061283,-0.0469726101,1.0000000000
170,11.3430000000,left_hand,18,0.5091471672,0.6567376852,-0.0477569103,1.0000000000
171,11.4100000000,left_hand,18,0.5006021857,0.6647363901,-0.0442522019,1.0000000000
172,11.4760000000,left_hand,18,0.5018847585,0.6692734361,-0.0452737808,1.0000000000
173,11.5430000000,left_hand,18,0.5235244036,0.6760192513,-0.0435947552,1.0000000000
174,11.6100000000,left_hand,18,0.5491934419,0.6991176009,-0.0319973789,1.0000000000
175,11.6770000000,left_hand,18,0.5851831436,0.7187453508,-0.0505496226,1.0000000000
176,11.7430000000,left_hand,18,0.6090453267,0.7343102098,-0.0577317812,1.0000000000
177,11.8100000000,left_hand,18,0.6153138280,0.7422078252,-0.0630508363,1.0000000000
178,11.8770000000,left_hand,18,0.6061079502,0.7407163382,-0.0571513958,1.0000000000
179,11.9430000000,left_hand,18,0.6174533963,0.7306671739,-0.0673369840,1.0000000000
75,5.0040000000,left_hand,19,0.5878779888,0.7153373361,-0.0440474674,1.0000000000
76,5.0710000000,left_hand,19,0.5710464716,0.6936590075,-0.0420577005,1.0000000000
77,5.1380000000,left_hand,19,0.5857468843,0.7203717828,-0.0339023881,1.0000000000
78,5.2040000000,left_hand,19,0.5559535027,0.6863218546,0.0239874981,1.0000000000
79,5.2710000000,left_hand,19,0.6017105579,0.6948475242,0.0006903858,1.0000000000
80,5.3380000000,left_hand,19,0.5965806842,0.6683508635,-0.0015025585,1.0000000000
81,5.4050000000,left_hand,19,0.5914508104,0.6418542027,-0.0036955028,1.0000000000
82,5.4710000000,left_hand,19,0.5863209367,0.6153575420,-0.0058884471,1.0000000000
83,5.5380000000,left_hand,19,0.5811910629,0.5888608813,-0.0080813914,1.0000000000
84,5.6050000000,left_hand,19,0.5760611892,0.5623642206,-0.0102743357,1.0000000000
85,5.6710000000,left_hand,19,0.5477750301,0.5778526366,-0.0278524943,1.0000000000
86,5.7380000000,left_hand,19,0.5194888711,0.5933410525,-0.0454306528,1.0000000000
87,5.8050000000,left_hand,19,0.5016245842,0.6106172204,-0.0317144021,1.0000000000
88,5.8720000000,left_hand,19,0.4715763032,0.6301023960,-0.0437007211,1.0000000000
89,5.9380000000,left_hand,19,0.4625464678,0.6421201825,-0.0493281409,1.0000000000
90,6.0050000000,left_hand,19,0.4673327208,0.6489878893,-0.0427500010,1.0000000000
91,6.0720000000,left_hand,19,0.4741962850,0.6730101109,-0.0399692692,1.0000000000
92,6.1390000000,left_hand,19,0.3799742460,0.5678486824,-0.0423667505,1.0000000000
93,6.2050000000,left_hand,19,0.5444116592,0.5571603179,-0.0287513286,1.0000000000
94,6.2720000000,left_hand,19,0.5860045552,0.6957066059,-0.0659172907,1.0000000000
95,6.3390000000,left_hand,19,0.6039937735,0.7572261691,-0.0695469305,1.0000000000
96,6.4050000000,left_hand,19,0.6026586890,0.7679759264,-0.0645778850,1.0000000000
97,6.4720000000,left_hand,19,0.5978900194,0.7769608498,-0.0855004564,1.0000000000
98,6.5390000000,left_hand,19,0.5856688619,0.7678492069,-0.0802385956,1.0000000000
99,6.6060000000,left_hand,19,0.6003170609,0.7714151144,-0.0725682527,1.0000000000
100,6.6720000000,left_hand,19,0.5956325531,0.7604782581,-0.0901444703,1.0000000000
101,6.7390000000,left_hand,19,0.5881161094,0.7475247383,-0.0504998416,1.0000000000
102,6.8060000000,left_hand,19,0.5904631019,0.7432945371,-0.0660151765,1.0000000000
103,6.8720000000,left_hand,19,0.5629811883,0.7126957774,-0.0607456975,1.0000000000
104,6.9390000000,left_hand,19,0.5966627002,0.7294862270,-0.0661922917,1.0000000000
105,7.0060000000,left_hand,19,0.5924878120,0.7204858065,-0.0685543120,1.0000000000
106,7.0730000000,left_hand,19,0.5926834345,0.7182236314,-0.0698050186,1.0000000000
107,7.1390000000,left_hand,19,0.5792908669,0.7068383694,-0.0500163734,1.0000000000
108,7.2060000000,left_hand,19,0.5550342798,0.7118315101,-0.0381221250,1.0000000000
109,7.2730000000,left_hand,19,0.5521757007,0.6790562272,-0.0595891923,1.0000000000
110,7.3400000000,left_hand,19,0.5251720548,0.6762871742,-0.0500134937,1.0000000000
111,7.4060000000,left_hand,19,0.4970966280,0.6871939898,-0.0447225124,1.0000000000
112,7.4730000000,left_hand,19,0.4833385050,0.6857526302,-0.0404051505,1.0000000000
113,7.5400000000,left_hand,19,0.4783706367,0.6924915314,-0.0305266045,1.0000000000
114,7.6060000000,left_hand,19,0.4749693573,0.6921532154,-0.0273953360,1.0000000000
115,7.6730000000,left_hand,19,0.4777156115,0.6886186004,-0.0313987620,1.0000000000
116,7.7400000000,left_hand,19,0.4745697975,0.6886913776,-0.0419554673,1.0000000000
117,7.8070000000,left_hand,19,0.4810664058,0.6873905063,-0.0342803560,1.0000000000
118,7.8730000000,left_hand,19,0.4983224571,0.7011789680,-0.0313232839,1.0000000000
119,7.9400000000,left_hand,19,0.5449631214,0.7035166621,-0.0368577540,1.0000000000
120,8.0070000000,left_hand,19,0.5906735063,0.7457684875,-0.1012338102,1.0000000000
121,8.0740000000,left_hand,19,0.6023718715,0.7621921897,-0.0835824832,1.0000000000
122,8.1400000000,left_hand,19,0.6024416089,0.7505967617,-0.0609883443,1.0000000000
123,8.2070000000,left_hand,19,0.5905856490,0.7368675470,-0.0645073503,1.0000000000
124,8.2740000000,left_hand,19,0.5950610042,0.7406150103,-0.0758872181,1.0000000000
125,8.3400000000,left_hand,19,0.5725806355,0.7205470800,-0.0223297402,1.0000000000
126,8.4070000000,left_hand,19,0.5363831520,0.7013124228,-0.0393488593,1.0000000000
127,8.4740000000,left_hand,19,0.5173107982,0.6917604804,-0.0354430340,1.0000000000
128,8.5410000000,left_hand,19,0.5142049789,0.6989594102,-0.0386448689,1.0000000000
129,8.6070000000,left_hand,19,0.5036194921,0.7145456076,-0.0475920551,1.0000000000
130,8.6740000000,left_hand,19,0.4988727868,0.7202355862,-0.0490025096,1.0000000000
131,8.7410000000,left_hand,19,0.4954737425,0.7202236056,-0.0515437312,1.0000000000
132,8.8070000000,left_hand,19,0.4894276857,0.7210444808,-0.0513042323,1.0000000000
133,8.8740000000,left_hand,19,0.4905720651,0.7224063873,-0.0442092717,1.0000000000
134,8.9410000000,left_hand,19,0.5096703768,0.7221961021,-0.0340700038,1.0000000000
135,9.0080000000,left_hand,19,0.5484554768,0.6919384003,-0.0259307381,1.0000000000
136,9.0740000000,left_hand,19,0.6023840308,0.7349135876,-0.1010352671,1.0000000000
137,9.1410000000,left_hand,19,0.6198310852,0.7655928135,-0.0688133240,1.0000000000
138,9.2080000000,left_hand,19,0.6201177239,0.7745127082,-0.0850657001,1.0000000000
139,9.2750000000,left_hand,19,0.6239679456,0.7598626614,-0.0666964501,1.0000000000
140,9.3410000000,left_hand,19,0.5385845900,0.6833189726,-0.0585478246,1.0000000000
141,9.4080000000,left_hand,19,0.5726888180,0.6970644593,-0.0257198885,1.0000000000
142,9.4750000000,left_hand,19,0.6148084998,0.7112887502,-0.0324754156,1.0000000000
143,9.5410000000,left_hand,19,0.6220096946,0.6755591631,-0.0379222445,1.0000000000
144,9.6080000000,left_hand,19,0.6069768071,0.6838893890,-0.0124714682,1.0000000000
145,9.6750000000,left_hand,19,0.3776065707,0.6071540713,-0.0503084511,1.0000000000
146,9.7420000000,left_hand,19,0.3485690653,0.6117719412,-0.0249659773,1.0000000000
147,9.8080000000,left_hand,19,0.5517094731,0.6480684280,-0.0587707199,1.0000000000
148,9.8750000000,left_hand,19,0.5233426094,0.6335521936,-0.0383805968,1.0000000000
149,9.9420000000,left_hand,19,0.5186013579,0.6250622272,-0.0496234111,1.0000000000
150,10.0080000000,left_hand,19,0.5057679415,0.6225447655,-0.0434344299,1.0000000000
151,10.0750000000,left_hand,19,0.4782447517,0.6290706992,-0.0389948115,1.0000000000
152,10.1420000000,left_hand,19,0.4625919163,0.6416052580,-0.0400251672,1.0000000000
153,10.2090000000,left_hand,19,0.4427226782,0.6589268446,-0.0374578349,1.0000000000
154,10.2750000000,left_hand,19,0.4681910276,0.6692310572,-0.0401714630,1.0000000000
155,10.3420000000,left_hand,19,0.4884965420,0.6979662180,-0.0191676840,1.0000000000
156,10.4090000000,left_hand,19,0.5518282056,0.7163826227,-0.0274737254,1.0000000000
157,10.4760000000,left_hand,19,0.6050265431,0.7530209422,-0.0986047313,1.0000000000
158,10.5420000000,left_hand,19,0.6193884015,0.7890980840,-0.0861006752,1.0000000000
159,10.6090000000,left_hand,19,0.6233121753,0.7765009403,-0.0772237182,1.0000000000
160,10.6760000000,left_hand,19,0.6176326871,0.7749856710,-0.0807423741,1.0000000000
161,10.7420000000,left_hand,19,0.5381302834,0.7296909094,-0.0355476923,1.0000000000
162,10.8090000000,left_hand,19,0.5300062895,0.6851851344,-0.0316644721,1.0000000000
163,10.8760000000,left_hand,19,0.5154123306,0.6289043427,-0.0449971855,1.0000000000
164,10.9430000000,left_hand,19,0.6062707901,0.6758966446,-0.0704359785,1.0000000000
165,11.0090000000,left_hand,19,0.5626898408,0.6874836087,-0.0574509390,1.0000000000
166,11.0760000000,left_hand,19,0.5596201420,0.6743083000,-0.0635151044,1.0000000000
167,11.1430000000,left_hand,19,0.5436396599,0.6633956432,-0.0576962233,1.0000000000
168,11.2100000000,left_hand,19,0.5228033066,0.6778911352,-0.0533513464,1.0000000000
169,11.2760000000,left_hand,19,0.5057586432,0.6832628846,-0.0532988757,1.0000000000
170,11.3430000000,left_hand,19,0.4927558601,0.6898245811,-0.0535934083,1.0000000000
171,11.4100000000,left_hand,19,0.4852668345,0.6944655180,-0.0474470481,1.0000000000
172,11.4760000000,left_hand,19,0.4837029278,0.6973983049,-0.0483568907,1.0000000000
173,11.5430000000,left_hand,19,0.5044583082,0.6993998289,-0.0462068766,1.0000000000
174,11.6100000000,left_hand,19,0.5320742726,0.7193110585,-0.0307372771,1.0000000000
175,11.6770000000,left_hand,19,0.5801091194,0.7591575980,-0.0502287261,1.0000000000
176,11.7430000000,left_hand,19,0.6055261493,0.7769345641,-0.0611088425,1.0000000000
177,11.8100000000,left_hand,19,0.6108716726,0.7864295244,-0.0691952482,1.0000000000
178,11.8770000000,left_hand,19,0.5979770422,0.7788092494,-0.0614381880,1.0000000000
179,11.9430000000,left_hand,19,0.6129038334,0.7611781359,-0.0727501810,1.0000000000
75,5.0040000000,left_hand,20,0.5773782134,0.7292164564,-0.0436262861,1.0000000000
76,5.0710000000,left_hand,20,0.5596969724,0.7125665545,-0.0429889262,1.0000000000
77,5.1380000000,left_hand,20,0.5762038231,0.7327120304,-0.0333739668,1.0000000000
78,5.2040000000,left_hand,20,0.5504197478,0.6925482750,0.0257483199,1.0000000000
79,5.2710000000,left_hand,20,0.5954019427,0.7012023926,0.0014503745,1.0000000000
80,5.3380000000,left_hand,20,0.5903824806,0.6723111391,-0.0006386487,1.0000000000
81,5.4050000000,left_hand,20,0.5853630185,0.6434198856,-0.0027276719,1.0000000000
82,5.4710000000,left_hand,20,0.5803435564,0.6145286322,-0.0048166950,1.0000000000
83,5.5380000000,left_hand,20,0.5753240943,0.5856373787,-0.0069057182,1.0000000000
84,5.6050000000,left_hand,20,0.5703046322,0.5567461252,-0.0089947414,1.0000000000
85,5.6710000000,left_hand,20,0.5385403037,0.5792880058,-0.0280473055,1.0000000000
86,5.7380000000,left_hand,20,0.5067759752,0.6018298864,-0.0470998697,1.0000000000
87,5.8050000000,left_hand,20,0.4888462126,0.6142299175,-0.0301252101,1.0000000000
88,5.8720000000,left_hand,20,0.4568445981,0.6338723302,-0.0427412502,1.0000000000
89,5.9380000000,left_hand,20,0.4459884167,0.6469134688,-0.0497533195,1.0000000000
90,6.0050000000,left_hand,20,0.4503131509,0.6516244411,-0.0428965427,1.0000000000
91,6.0720000000,left_hand,20,0.4583109617,0.6828024983,-0.0374492407,1.0000000000
92,6.1390000000,left_hand,20,0.3818983138,0.5734333992,-0.0425254032,1.0000000000
93,6.2050000000,left_hand,20,0.5325922370,0.5609398484,-0.0293911938,1.0000000000
94,6.2720000000,left_hand,20,0.5786740184,0.7189720869,-0.0692070052,1.0000000000
95,6.3390000000,left_hand,20,0.5994359851,0.7848019600,-0.0712619722,1.0000000000
96,6.4050000000,left_hand,20,0.5942764878,0.7936940193,-0.0650155544,1.0000000000
97,6.4720000000,left_hand,20,0.5886219144,0.8094927669,-0.0891685709,1.0000000000
98,6.5390000000,left_hand,20,0.5806206465,0.8021260500,-0.0828681067,1.0000000000
99,6.6060000000,left_hand,20,0.5904784203,0.7997671366,-0.0742602572,1.0000000000
100,6.6720000000,left_hand,20,0.5870355368,0.7919330001,-0.0934413970,1.0000000000
101,6.7390000000,left_hand,20,0.5799637437,0.7779406309,-0.0518340096,1.0000000000
102,6.8060000000,left_hand,20,0.5832156539,0.7734410763,-0.0689807460,1.0000000000
103,6.8720000000,left_hand,20,0.5547392368,0.7444915175,-0.0632632375,1.0000000000
104,6.9390000000,left_hand,20,0.5874288082,0.7616339922,-0.0696622282,1.0000000000
105,7.0060000000,left_hand,20,0.5847771168,0.7490797639,-0.0711546391,1.0000000000
106,7.0730000000,left_hand,20,0.5840107203,0.7457244992,-0.0715689883,1.0000000000
107,7.1390000000,left_hand,20,0.5690793991,0.7245805264,-0.0514519140,1.0000000000
108,7.2060000000,left_hand,20,0.5395572186,0.7264847159,-0.0397888124,1.0000000000
109,7.2730000000,left_hand,20,0.5365297198,0.6895387173,-0.0602656752,1.0000000000
110,7.3400000000,left_hand,20,0.5071759224,0.6840211749,-0.0492689870,1.0000000000
111,7.4060000000,left_hand,20,0.4763527215,0.6923341751,-0.0454880185,1.0000000000
112,7.4730000000,left_hand,20,0.4626950920,0.6937647462,-0.0410666913,1.0000000000
113,7.5400000000,left_hand,20,0.4604012668,0.7040904164,-0.0308161285,1.0000000000
114,7.6060000000,left_hand,20,0.4585943818,0.7031469345,-0.0269285776,1.0000000000
115,7.6730000000,left_hand,20,0.4629211724,0.7012906671,-0.0308219846,1.0000000000
116,7.7400000000,left_hand,20,0.4591122866,0.7029890418,-0.0414187945,1.0000000000
117,7.8070000000,left_hand,20,0.4661243260,0.7010319829,-0.0337760337,1.0000000000
118,7.8730000000,left_hand,20,0.4845507741,0.7103147507,-0.0276849400,1.0000000000
119,7.9400000000,left_hand,20,0.5363415480,0.7226743102,-0.0322967842,1.0000000000
120,8.0070000000,left_hand,20,0.5891302824,0.7832722664,-0.1045065820,1.0000000000
121,8.0740000000,left_hand,20,0.5940229297,0.7949949503,-0.0869410113,1.0000000000
122,8.1400000000,left_hand,20,0.5934190154,0.7741794586,-0.0655211359,1.0000000000
123,8.2070000000,left_hand,20,0.5811188221,0.7597135901,-0.0675580278,1.0000000000
124,8.2740000000,left_hand,20,0.5804807544,0.7581517696,-0.0801430792,1.0000000000
125,8.3400000000,left_hand,20,0.5595188141,0.7238306999,-0.0204121619,1.0000000000
126,8.4070000000,left_hand,20,0.5187178254,0.7043526173,-0.0386850983,1.0000000000
127,8.4740000000,left_hand,20,0.4984663725,0.6986179352,-0.0359506272,1.0000000000
128,8.5410000000,left_hand,20,0.4982894659,0.7077561617,-0.0397802629,1.0000000000
129,8.6070000000,left_hand,20,0.4881774783,0.7292945385,-0.0490882136,1.0000000000
130,8.6740000000,left_hand,20,0.4844335914,0.7375402451,-0.0512215570,1.0000000000
131,8.7410000000,left_hand,20,0.4789301455,0.7358897924,-0.0531216450,1.0000000000
132,8.8070000000,left_hand,20,0.4732017815,0.7366144061,-0.0517824739,1.0000000000
133,8.8740000000,left_hand,20,0.4743154645,0.7365131378,-0.0453841686,1.0000000000
134,8.9410000000,left_hand,20,0.4974479675,0.7386848927,-0.0332584046,1.0000000000
135,9.0080000000,left_hand,20,0.5422768593,0.6999400258,-0.0245209280,1.0000000000
136,9.0740000000,left_hand,20,0.5982796550,0.7735533714,-0.1039258018,1.0000000000
137,9.1410000000,left_hand,20,0.6141324639,0.7982339263,-0.0715125576,1.0000000000
138,9.2080000000,left_hand,20,0.6130245924,0.8087533712,-0.0922054052,1.0000000000
139,9.2750000000,left_hand,20,0.6160846949,0.7910339236,-0.0717611238,1.0000000000
140,9.3410000000,left_hand,20,0.5257759690,0.7064496875,-0.0609215125,1.0000000000
141,9.4080000000,left_hand,20,0.5664392114,0.7177914381,-0.0245513003,1.0000000000
142,9.4750000000,left_hand,20,0.6092033386,0.7258185148,-0.0341018960,1.0000000000
143,9.5410000000,left_hand,20,0.6174393892,0.6900637150,-0.0399715230,1.0000000000
144,9.6080000000,left_hand,20,0.6042601466,0.6947931051,-0.0110471239,1.0000000000
145,9.6750000000,left_hand,20,0.3847033978,0.6296980977,-0.0539259426,1.0000000000
146,9.7420000000,left_hand,20,0.3487418294,0.6227374077,-0.0250195973,1.0000000000
147,9.8080000000,left_hand,20,0.5357643366,0.6566659808,-0.0604047999,1.0000000000
148,9.8750000000,left_hand,20,0.5097316504,0.6377245784,-0.0374655984,1.0000000000
149,9.9420000000,left_hand,20,0.5042924285,0.6346241832,-0.0491951145,1.0000000000
150,10.0080000000,left_hand,20,0.4886338711,0.6293226480,-0.0448652841,1.0000000000
151,10.0750000000,left_hand,20,0.4613938630,0.6317288280,-0.0403740294,1.0000000000
152,10.1420000000,left_hand,20,0.4466490746,0.6462836862,-0.0399221070,1.0000000000
153,10.2090000000,left_hand,20,0.4241107702,0.6632602811,-0.0383924171,1.0000000000
154,10.2750000000,left_hand,20,0.4510522187,0.6773183942,-0.0412861593,1.0000000000
155,10.3420000000,left_hand,20,0.4801866114,0.6988796592,-0.0137764672,1.0000000000
156,10.4090000000,left_hand,20,0.5439403653,0.7247799635,-0.0243664980,1.0000000000
157,10.4760000000,left_hand,20,0.6040519476,0.7895728946,-0.1014881134,1.0000000000
158,10.5420000000,left_hand,20,0.6166157722,0.8273624778,-0.0921801999,1.0000000000
159,10.6090000000,left_hand,20,0.6163607240,0.8097230196,-0.0833514854,1.0000000000
160,10.6760000000,left_hand,20,0.6090105772,0.8112192750,-0.0860418975,1.0000000000
161,10.7420000000,left_hand,20,0.5305166841,0.7596254349,-0.0352258049,1.0000000000
162,10.8090000000,left_hand,20,0.5196177959,0.7084370255,-0.0328256078,1.0000000000
163,10.8760000000,left_hand,20,0.5032993555,0.6566365957,-0.0468037352,1.0000000000
164,10.9430000000,left_hand,20,0.5990794301,0.6996881962,-0.0734386519,1.0000000000
165,11.0090000000,left_hand,20,0.5511149168,0.7086302042,-0.0574788600,1.0000000000
166,11.0760000000,left_hand,20,0.5454788804,0.6968581080,-0.0669852644,1.0000000000
167,11.1430000000,left_hand,20,0.5300309658,0.6896842718,-0.0604262911,1.0000000000
168,11.2100000000,left_hand,20,0.5077077746,0.7034434080,-0.0559510700,1.0000000000
169,11.2760000000,left_hand,20,0.4911799729,0.7096307874,-0.0568794496,1.0000000000
170,11.3430000000,left_hand,20,0.4778462350,0.7150100470,-0.0569481999,1.0000000000
171,11.4100000000,left_hand,20,0.4724069834,0.7176668644,-0.0492049158,1.0000000000
172,11.4760000000,left_hand,20,0.4682144523,0.7193513513,-0.0496374220,1.0000000000
173,11.5430000000,left_hand,20,0.4869249761,0.7134073377,-0.0476311781,1.0000000000
174,11.6100000000,left_hand,20,0.5184625983,0.7288204432,-0.0279783569,1.0000000000
175,11.6770000000,left_hand,20,0.5770297647,0.7898180485,-0.0485905744,1.0000000000
176,11.7430000000,left_hand,20,0.6007721424,0.8093630672,-0.0634846613,1.0000000000
177,11.8100000000,left_hand,20,0.6041880846,0.8239449859,-0.0732192323,1.0000000000
178,11.8770000000,left_hand,20,0.5902327299,0.8103064299,-0.0637361109,1.0000000000
179,11.9430000000,left_hand,20,0.6076127887,0.7842114568,-0.0757954791,1.0000000000
75,5.0040000000,pose,11,0.6146854758,0.3344119489,-0.2855701447,0.9999776483
76,5.0710000000,pose,11,0.6145359278,0.3343680799,-0.2826547623,0.9999785423
77,5.1380000000,pose,11,0.6145451665,0.3346064389,-0.3160684407,0.9999786019
78,5.2040000000,pose,11,0.6143369675,0.3339699805,-0.2935383022,0.9999796748
79,5.2710000000,pose,11,0.6136581302,0.3339495361,-0.2967787087,0.9999792576
80,5.3380000000,pose,11,0.6148506999,0.3361051083,-0.3607523739,0.9999790192
81,5.4050000000,pose,11,0.6140949726,0.3362747133,-0.3372220099,0.9999789000
82,5.4710000000,pose,11,0.6125375628,0.3362911344,-0.1561008096,0.9999787211
83,5.5380000000,pose,11,0.6124656200,0.3355116248,-0.0999556407,0.9999790788
84,5.6050000000,pose,11,0.6133862138,0.3340153396,-0.1356975287,0.9999772310
85,5.6710000000,pose,11,0.6141627431,0.3307061195,-0.2301016897,0.9999751449
86,5.7380000000,pose,11,0.6138374209,0.3269406557,-0.1746474802,0.9999678731
87,5.8050000000,pose,11,0.6126797199,0.3228064179,-0.2281870246,0.9999672771
88,5.8720000000,pose,11,0.6126887202,0.3264858723,-0.3692259789,0.9999676347
89,5.9380000000,pose,11,0.6126653552,0.3266843855,-0.3144809902,0.9999698997
90,6.0050000000,pose,11,0.6124494672,0.3249844313,-0.3404074311,0.9999708533
91,6.0720000000,pose,11,0.6127604246,0.3238386214,-0.3040342629,0.9999712706
92,6.1390000000,pose,11,0.6128377914,0.3226236105,-0.3713166118,0.9999710917
93,6.2050000000,pose,11,0.6126405001,0.3219680786,-0.2861171067,0.9999734163
94,6.2720000000,pose,11,0.6136872768,0.3223859370,-0.2972254157,0.9999738336
95,6.3390000000,pose,11,0.6140099764,0.3250631690,-0.3039497137,0.9999741316
96,6.4050000000,pose,11,0.6157647967,0.3269164264,-0.2809475958,0.9999746680
97,6.4720000000,pose,11,0.6157809496,0.3289348781,-0.2842088044,0.9999762774
98,6.5390000000,pose,11,0.6173647046,0.3290976286,-0.3270301819,0.9999775887
99,6.6060000000,pose,11,0.6176726818,0.3296624720,-0.2426798046,0.9999780059
100,6.6720000000,pose,11,0.6176977754,0.3299844265,-0.2971965373,0.9999791384
101,6.7390000000,pose,11,0.6176433563,0.3313362896,-0.2116501182,0.9999793768
102,6.8060000000,pose,11,0.6176941395,0.3309047222,-0.2356446236,0.9999801517
103,6.8720000000,pose,11,0.6185406446,0.3317250907,-0.2921413779,0.9999805689
104,6.9390000000,pose,11,0.6185338497,0.3312072754,-0.3287027776,0.9999809861
105,7.0060000000,pose,11,0.6187911630,0.3315766156,-0.3139447868,0.9999808073
106,7.0730000000,pose,11,0.6183717251,0.3302220404,-0.3114811480,0.9999815226
107,7.1390000000,pose,11,0.6183962226,0.3314950764,-0.2847687602,0.9999831319
108,7.2060000000,pose,11,0.6189207435,0.3323250711,-0.2986617684,0.9999836683
109,7.2730000000,pose,11,0.6177726388,0.3322871327,-0.3312149346,0.9999837279
110,7.3400000000,pose,11,0.6157051921,0.3239731789,-0.1774453521,0.9999833703
111,7.4060000000,pose,11,0.6157668233,0.3240671456,-0.2423719317,0.9999815822
112,7.4730000000,pose,11,0.6157825589,0.3268421590,-0.3874599636,0.9999795556
113,7.5400000000,pose,11,0.6156652570,0.3292832077,-0.3556716144,0.9999792576
114,7.6060000000,pose,11,0.6153550744,0.3289346993,-0.3672700226,0.9999780655
115,7.6730000000,pose,11,0.6146059632,0.3292004764,-0.2490800172,0.9999774098
116,7.7400000000,pose,11,0.6144630909,0.3276773691,-0.2627310455,0.9999776483
117,7.8070000000,pose,11,0.6141817570,0.3307009339,-0.3530866206,0.9999772310
118,7.8730000000,pose,11,0.6144046783,0.3297696710,-0.2894829214,0.9999770522
119,7.9400000000,pose,11,0.6144702435,0.3295737803,-0.3553935289,0.9999766946
120,8.0070000000,pose,11,0.6151864529,0.3324108720,-0.3499831855,0.9999768734
121,8.0740000000,pose,11,0.6155177355,0.3370230496,-0.3162242472,0.9999778867
122,8.1400000000,pose,11,0.6166842580,0.3400916457,-0.2300015837,0.9999792576
123,8.2070000000,pose,11,0.6169376969,0.3434146047,-0.2533603311,0.9999802113
124,8.2740000000,pose,11,0.6169542670,0.3428592384,-0.2528549731,0.9999808669
125,8.3400000000,pose,11,0.6170438528,0.3421277106,-0.2342728823,0.9999812245
126,8.4070000000,pose,11,0.6182767153,0.3426271379,-0.2197201848,0.9999812245
127,8.4740000000,pose,11,0.6182287931,0.3424133062,-0.2227446139,0.9999815226
128,8.5410000000,pose,11,0.6178916097,0.3409006894,-0.3010428250,0.9999813437
129,8.6070000000,pose,11,0.6174624562,0.3393335640,-0.3926639259,0.9999812245
130,8.6740000000,pose,11,0.6172346473,0.3392801583,-0.1487720758,0.9999802113
131,8.7410000000,pose,11,0.6157025099,0.3377008140,-0.3379192650,0.9999791980
132,8.8070000000,pose,11,0.6152390838,0.3356412649,-0.3074393868,0.9999788404
133,8.8740000000,pose,11,0.6151269078,0.3333607316,-0.3133484721,0.9999784231
134,8.9410000000,pose,11,0.6154100299,0.3326883018,-0.2064198107,0.9999772906
135,9.0080000000,pose,11,0.6155813932,0.3335012794,-0.3507249653,0.9999768138
136,9.0740000000,pose,11,0.6161500812,0.3323380947,-0.2734044194,0.9999769926
137,9.1410000000,pose,11,0.6161626577,0.3335239589,-0.3779155016,0.9999774694
138,9.2080000000,pose,11,0.6167564392,0.3336407840,-0.3285660744,0.9999778271
139,9.2750000000,pose,11,0.6162579656,0.3334173560,-0.3133691549,0.9999774694
140,9.3410000000,pose,11,0.6165033579,0.3330656290,-0.2892157137,0.9999772310
141,9.4080000000,pose,11,0.6166769862,0.3337868452,-0.3436027169,0.9999774694
142,9.4750000000,pose,11,0.6167019010,0.3342121542,-0.3422743976,0.9999789000
143,9.5410000000,pose,11,0.6167781353,0.3361029029,-0.3873687983,0.9999794960
144,9.6080000000,pose,11,0.6166909933,0.3364830315,-0.3738284707,0.9999800920
145,9.6750000000,pose,11,0.6167601347,0.3359275758,-0.3678431213,0.9999805093
146,9.7420000000,pose,11,0.6165506244,0.3325023651,-0.3482774794,0.9999826550
147,9.8080000000,pose,11,0.6162509918,0.3311817944,-0.2932150066,0.9999833107
148,9.8750000000,pose,11,0.6153201461,0.3289577067,-0.2892609835,0.9999842048
149,9.9420000000,pose,11,0.6149727702,0.3250325918,-0.2558287680,0.9999846220
150,10.0080000000,pose,11,0.6145897508,0.3250767589,-0.3224825859,0.9999834299
151,10.0750000000,pose,11,0.6139703393,0.3262108266,-0.3572165370,0.9999840856
152,10.1420000000,pose,11,0.6130338311,0.3270283639,-0.2669130266,0.9999849796
153,10.2090000000,pose,11,0.6132792234,0.3280971944,-0.3189924061,0.9999845624
154,10.2750000000,pose,11,0.6126018763,0.3279062212,-0.3578631580,0.9999849796
155,10.3420000000,pose,11,0.6123520136,0.3270181417,-0.3571546376,0.9999850988
156,10.4090000000,pose,11,0.6125199199,0.3279581964,-0.3531511128,0.9999846220
157,10.4760000000,pose,11,0.6127719283,0.3289651573,-0.2869890630,0.9999837279
158,10.5420000000,pose,11,0.6130526662,0.3297230303,-0.2900079787,0.9999837875
159,10.6090000000,pose,11,0.6131480932,0.3304151297,-0.1841590852,0.9999828339
160,10.6760000000,pose,11,0.6132256985,0.3295420706,-0.2378761321,0.9999827147
161,10.7420000000,pose,11,0.6139097810,0.3346106410,-0.3135184944,0.9999823570
162,10.8090000000,pose,11,0.6146748662,0.3343611062,-0.3100055158,0.9999815226
163,10.8760000000,pose,11,0.6146923304,0.3340874016,-0.3075146675,0.9999818206
164,10.9430000000,pose,11,0.6147370934,0.3346115947,-0.3153763413,0.9999812245
165,11.0090000000,pose,11,0.6137729883,0.3320222795,-0.2856483161,0.9999815226
166,11.0760000000,pose,11,0.6137666106,0.3289851546,-0.2789792120,0.9999817014
167,11.1430000000,pose,11,0.6133157015,0.3265749514,-0.2948080003,0.9999824166
168,11.2100000000,pose,11,0.6133175492,0.3242691159,-0.2869001627,0.9999823570
169,11.2760000000,pose,11,0.6128032207,0.3237684071,-0.3909030259,0.9999821782
170,11.3430000000,pose,11,0.6126189828,0.3265818059,-0.2706252038,0.9999834299
171,11.4100000000,pose,11,0.6124966145,0.3266927004,-0.2812559903,0.9999840260
172,11.4760000000,pose,11,0.6124885082,0.3264796138,-0.3090995252,0.9999843240
173,11.5430000000,pose,11,0.6126285791,0.3286593258,-0.3731014132,0.9999846220
174,11.6100000000,pose,11,0.6116432548,0.3296067417,-0.2777967751,0.9999841452
175,11.6770000000,pose,11,0.6131269336,0.3308090866,-0.3297638595,0.9999836683
176,11.7430000000,pose,11,0.6131580472,0.3299949765,-0.3713786304,0.9999836087
177,11.8100000000,pose,11,0.6137047410,0.3322238624,-0.3598908782,0.9999837875
178,11.8770000000,pose,11,0.6136916280,0.3324854672,-0.2868349254,0.9999818802
179,11.9430000000,pose,11,0.6133680940,0.3320740163,-0.3482637107,0.9999800920
75,5.0040000000,pose,12,0.3614674807,0.3191658258,-0.2302704304,0.9999614954
76,5.0710000000,pose,12,0.3617347777,0.3181574643,-0.2049202323,0.9999632239
77,5.1380000000,pose,12,0.3617220819,0.3181418777,-0.2981049120,0.9999632239
78,5.2040000000,pose,12,0.3617147505,0.3183495998,-0.2253217250,0.9999650121
79,5.2710000000,pose,12,0.3613865077,0.3199388981,-0.2735261917,0.9999655485
80,5.3380000000,pose,12,0.3618959188,0.3225558102,-0.3347276151,0.9999672174
81,5.4050000000,pose,12,0.3618609607,0.3196147978,-0.3045430481,0.9999688864
82,5.4710000000,pose,12,0.3619112074,0.3191505969,-0.1474181116,0.9999709725
83,5.5380000000,pose,12,0.3624519110,0.3141748309,-0.0664312020,0.9999723434
84,5.6050000000,pose,12,0.3634758890,0.3143759668,-0.1273343116,0.9999700189
85,5.6710000000,pose,12,0.3638561070,0.3144080341,-0.2052040845,0.9999698400
86,5.7380000000,pose,12,0.3640262485,0.3145482540,-0.1102737486,0.9999536872
87,5.8050000000,pose,12,0.3640848398,0.3145203888,-0.1737491488,0.9999536276
88,5.8720000000,pose,12,0.3637991548,0.3148211539,-0.2837873101,0.9999564886
89,5.9380000000,pose,12,0.3637037277,0.3147762418,-0.2420307249,0.9999558926
90,6.0050000000,pose,12,0.3646354377,0.3151434958,-0.2469599992,0.9999581575
91,6.0720000000,pose,12,0.3644915819,0.3186589181,-0.2280648798,0.9999560714
92,6.1390000000,pose,12,0.3662647605,0.3213199973,-0.2544493973,0.9999555945
93,6.2050000000,pose,12,0.3658576608,0.3218663037,-0.1825775057,0.9999582171
94,6.2720000000,pose,12,0.3658790886,0.3228701949,-0.2193431258,0.9999582171
95,6.3390000000,pose,12,0.3645498455,0.3229727149,-0.2408786565,0.9999578595
96,6.4050000000,pose,12,0.3643454611,0.3223564923,-0.2192628831,0.9999572635
97,6.4720000000,pose,12,0.3641397655,0.3226829469,-0.2139618993,0.9999541640
98,6.5390000000,pose,12,0.3636619151,0.3227397203,-0.2762274146,0.9999564886
99,6.6060000000,pose,12,0.3636999428,0.3224801719,-0.1326568425,0.9999550581
100,6.6720000000,pose,12,0.3638086319,0.3212722540,-0.2361467034,0.9999541640
101,6.7390000000,pose,12,0.3640973270,0.3211632371,-0.1395692676,0.9999555349
102,6.8060000000,pose,12,0.3641830683,0.3212968111,-0.2025231719,0.9999566674
103,6.8720000000,pose,12,0.3641861081,0.3201949596,-0.2201713473,0.9999583364
104,6.9390000000,pose,12,0.3652985394,0.3220640123,-0.2534645200,0.9999619126
105,7.0060000000,pose,12,0.3649492264,0.3217498064,-0.2342924178,0.9999634027
106,7.0730000000,pose,12,0.3648568094,0.3212007582,-0.2345652133,0.9999653697
107,7.1390000000,pose,12,0.3650836349,0.3204026520,-0.2010243684,0.9999662042
108,7.2060000000,pose,12,0.3652163446,0.3211385012,-0.2178171426,0.9999676943
109,7.2730000000,pose,12,0.3671908975,0.3240894377,-0.2737684846,0.9999656677
110,7.3400000000,pose,12,0.3670984209,0.3239679039,-0.1295021474,0.9999642968
111,7.4060000000,pose,12,0.3670620620,0.3255716264,-0.1598216891,0.9999604821
112,7.4730000000,pose,12,0.3670954704,0.3245193064,-0.3264560997,0.9999546409
113,7.5400000000,pose,12,0.3669541180,0.3249852359,-0.2844985723,0.9999544621
114,7.6060000000,pose,12,0.3664453328,0.3251569271,-0.2919735312,0.9999528527
115,7.6730000000,pose,12,0.3660295904,0.3249628842,-0.1984855980,0.9999396205
116,7.7400000000,pose,12,0.3662698567,0.3248877525,-0.1792190671,0.9999428988
117,7.8070000000,pose,12,0.3660741448,0.3276403546,-0.2650957704,0.9999440312
118,7.8730000000,pose,12,0.3660427630,0.3276154399,-0.2219567895,0.9999468327
119,7.9400000000,pose,12,0.3660193384,0.3270095885,-0.2719306052,0.9999481440
120,8.0070000000,pose,12,0.3634220362,0.3264154792,-0.2622498274,0.9999492168
121,8.0740000000,pose,12,0.3634288907,0.3268162608,-0.2539227903,0.9999510050
122,8.1400000000,pose,12,0.3624831438,0.3269553483,-0.1574338824,0.9999526739
123,8.2070000000,pose,12,0.3609543145,0.3275516033,-0.1802928299,0.9999545813
124,8.2740000000,pose,12,0.3608588576,0.3267973065,-0.1850955784,0.9999573827
125,8.3400000000,pose,12,0.3615012169,0.3268868029,-0.1611888111,0.9999582171
126,8.4070000000,pose,12,0.3617690504,0.3283179700,-0.1842383742,0.9999577999
127,8.4740000000,pose,12,0.3622275591,0.3299885690,-0.1764361113,0.9999582171
128,8.5410000000,pose,12,0.3622526526,0.3305650055,-0.2378421426,0.9999592900
129,8.6070000000,pose,12,0.3622654378,0.3293406963,-0.3257468939,0.9999613166
130,8.6740000000,pose,12,0.3643806279,0.3284198344,-0.1265897155,0.9999614954
131,8.7410000000,pose,12,0.3634405732,0.3279916346,-0.2823810279,0.9999619722
132,8.8070000000,pose,12,0.3627304137,0.3279953301,-0.2439721078,0.9999623299
133,8.8740000000,pose,12,0.3635010719,0.3275004327,-0.2390642613,0.9999565482
134,8.9410000000,pose,12,0.3632057011,0.3258544505,-0.1690521240,0.9999512434
135,9.0080000000,pose,12,0.3628784716,0.3253897429,-0.2985062003,0.9999509454
136,9.0740000000,pose,12,0.3622837067,0.3254140913,-0.2168762535,0.9999513626
137,9.1410000000,pose,12,0.3605515063,0.3255020082,-0.3520312309,0.9999524951
138,9.2080000000,pose,12,0.3605464101,0.3255030215,-0.3364545107,0.9999494553
139,9.2750000000,pose,12,0.3579730093,0.3254498243,-0.3149066865,0.9999507666
140,9.3410000000,pose,12,0.3572621047,0.3244028986,-0.2817888856,0.9999497533
141,9.4080000000,pose,12,0.3578562737,0.3226121962,-0.3021720350,0.9999514222
142,9.4750000000,pose,12,0.3578657806,0.3223485649,-0.2935168147,0.9999549985
143,9.5410000000,pose,12,0.3594214022,0.3215438724,-0.3453566432,0.9999575019
144,9.6080000000,pose,12,0.3593999147,0.3229240775,-0.3388327062,0.9999588132
145,9.6750000000,pose,12,0.3618094027,0.3226678073,-0.3174093664,0.9999607801
146,9.7420000000,pose,12,0.3625459373,0.3218266964,-0.2437658608,0.9999623895
147,9.8080000000,pose,12,0.3625416756,0.3200888038,-0.1886452734,0.9999643564
148,9.8750000000,pose,12,0.3625349402,0.3201727867,-0.2078150064,0.9999644160
149,9.9420000000,pose,12,0.3631840646,0.3203902841,-0.1469583809,0.9999650717
150,10.0080000000,pose,12,0.3632208109,0.3190207779,-0.2210875899,0.9999627471
151,10.0750000000,pose,12,0.3634861112,0.3188746274,-0.2438163906,0.9999630451
152,10.1420000000,pose,12,0.3634247482,0.3195280433,-0.1697961390,0.9999624491
153,10.2090000000,pose,12,0.3641668558,0.3180578947,-0.1764479131,0.9999595284
154,10.2750000000,pose,12,0.3642896116,0.3207621574,-0.2763529122,0.9999616742
155,10.3420000000,pose,12,0.3644770384,0.3207572699,-0.2251837850,0.9999613166
156,10.4090000000,pose,12,0.3637857139,0.3223763704,-0.2534811795,0.9999613762
157,10.4760000000,pose,12,0.3599713445,0.3246425688,-0.2197899818,0.9999607205
158,10.5420000000,pose,12,0.3600173593,0.3211568892,-0.2437627614,0.9999598265
159,10.6090000000,pose,12,0.3600589335,0.3204904199,-0.1322202533,0.9999556541
160,10.6760000000,pose,12,0.3600715995,0.3200956285,-0.1575704664,0.9999501705
161,10.7420000000,pose,12,0.3587083220,0.3203684688,-0.2746049762,0.9999511242
162,10.8090000000,pose,12,0.3591412604,0.3204746246,-0.2680868208,0.9999521971
163,10.8760000000,pose,12,0.3591957688,0.3207923770,-0.2547875941,0.9999533892
164,10.9430000000,pose,12,0.3602700830,0.3211416900,-0.2554522455,0.9999529719
165,11.0090000000,pose,12,0.3618923426,0.3200353086,-0.2360613644,0.9999551773
166,11.0760000000,pose,12,0.3619389534,0.3196600080,-0.2274461538,0.9999575019
167,11.1430000000,pose,12,0.3624646068,0.3239438832,-0.2315413803,0.9999584556
168,11.2100000000,pose,12,0.3652192652,0.3228205442,-0.1946841180,0.9999585748
169,11.2760000000,pose,12,0.3652358055,0.3220412433,-0.3067580163,0.9999600649
170,11.3430000000,pose,12,0.3652622104,0.3187132180,-0.1942418516,0.9999625087
171,11.4100000000,pose,12,0.3651296794,0.3180378377,-0.2002407610,0.9999646544
172,11.4760000000,pose,12,0.3644094467,0.3180425465,-0.2270629555,0.9999650717
173,11.5430000000,pose,12,0.3641934693,0.3199143708,-0.3231022656,0.9999663234
174,11.6100000000,pose,12,0.3635879159,0.3225252926,-0.2400527149,0.9999656081
175,11.6770000000,pose,12,0.3636626601,0.3225560188,-0.2408922315,0.9999636412
176,11.7430000000,pose,12,0.3649467528,0.3233801723,-0.2961263955,0.9999541044
177,11.8100000000,pose,12,0.3649663031,0.3233295083,-0.2875035703,0.9999452233
178,11.8770000000,pose,12,0.3630211651,0.3244015276,-0.2680099607,0.9999436140
179,11.9430000000,pose,12,0.3629561961,0.3250928819,-0.2942194641,0.9999336004
75,5.0040000000,pose,13,0.7486779094,0.6263497472,-0.5018771291,0.9931467772
76,5.0710000000,pose,13,0.7488828301,0.6253678203,-0.4982130826,0.9933406711
77,5.1380000000,pose,13,0.7480598688,0.6259570718,-0.5350904465,0.9932001829
78,5.2040000000,pose,13,0.7485516071,0.6259586811,-0.4966780841,0.9936294556
79,5.2710000000,pose,13,0.7471417189,0.6264757514,-0.5184680223,0.9934023023
80,5.3380000000,pose,13,0.7475125194,0.6278622150,-0.6229146123,0.9932498336
81,5.4050000000,pose,13,0.7493365407,0.6259481907,-0.5853862762,0.9930414557
82,5.4710000000,pose,13,0.7497715354,0.6271096468,-0.4229853451,0.9926267862
83,5.5380000000,pose,13,0.7497786880,0.6318938732,-0.3244282007,0.9923763871
84,5.6050000000,pose,13,0.7498237491,0.6357861161,-0.4017681479,0.9922856092
85,5.6710000000,pose,13,0.7496430278,0.6382070780,-0.5235678554,0.9912315607
86,5.7380000000,pose,13,0.7421300411,0.6383042336,-0.4534919560,0.9888022542
87,5.8050000000,pose,13,0.7383360267,0.6383398771,-0.5142924190,0.9875485301
88,5.8720000000,pose,13,0.7383261323,0.6394983530,-0.6556778550,0.9857478738
89,5.9380000000,pose,13,0.7368444800,0.6395321488,-0.6416990757,0.9859839082
90,6.0050000000,pose,13,0.7357522845,0.6384737492,-0.5864280462,0.9861679673
91,6.0720000000,pose,13,0.7347638011,0.6382862926,-0.5406354070,0.9852051735
92,6.1390000000,pose,13,0.7348057032,0.6403859854,-0.5847652555,0.9854183793
93,6.2050000000,pose,13,0.7352231741,0.6364276409,-0.4675760567,0.9871687293
94,6.2720000000,pose,13,0.7383682728,0.6328727007,-0.4855759442,0.9881433249
95,6.3390000000,pose,13,0.7406261563,0.6324380040,-0.4797494709,0.9890717268
96,6.4050000000,pose,13,0.7464474440,0.6324485540,-0.4297807813,0.9897304177
97,6.4720000000,pose,13,0.7493623495,0.6294054389,-0.4514348209,0.9905611277
98,6.5390000000,pose,13,0.7513799071,0.6294154525,-0.5219234824,0.9913348556
99,6.6060000000,pose,13,0.7513144612,0.6265221834,-0.4221115410,0.9918598533
100,6.6720000000,pose,13,0.7532615066,0.6261925697,-0.5017622709,0.9921765924
101,6.7390000000,pose,13,0.7537347674,0.6288180947,-0.3839603662,0.9921774268
102,6.8060000000,pose,13,0.7545026541,0.6290879250,-0.4682375193,0.9926091433
103,6.8720000000,pose,13,0.7545241714,0.6278959513,-0.4881978631,0.9927698374
104,6.9390000000,pose,13,0.7543600798,0.6279458404,-0.5726254582,0.9924083948
105,7.0060000000,pose,13,0.7543783188,0.6279343367,-0.5397828221,0.9919735193
106,7.0730000000,pose,13,0.7538105845,0.6258876324,-0.5153682232,0.9923266768
107,7.1390000000,pose,13,0.7537732720,0.6275716424,-0.4816810191,0.9930075407
108,7.2060000000,pose,13,0.7533464432,0.6282572746,-0.5148867369,0.9931536317
109,7.2730000000,pose,13,0.7507849336,0.6285537481,-0.5439551473,0.9936692715
110,7.3400000000,pose,13,0.7473894358,0.6286116838,-0.4028345048,0.9934475422
111,7.4060000000,pose,13,0.7446259260,0.6300916076,-0.4716381729,0.9928079844
112,7.4730000000,pose,13,0.7438156605,0.6311147213,-0.6734763980,0.9920298457
113,7.5400000000,pose,13,0.7384565473,0.6367086172,-0.5713798404,0.9915195704
114,7.6060000000,pose,13,0.7367696762,0.6383385658,-0.6160238981,0.9908321500
115,7.6730000000,pose,13,0.7351898551,0.6369736195,-0.4758853614,0.9905524254
116,7.7400000000,pose,13,0.7327975631,0.6377970576,-0.4977524579,0.9904174805
117,7.8070000000,pose,13,0.7316285372,0.6391546130,-0.6001777649,0.9896170497
118,7.8730000000,pose,13,0.7316820025,0.6412143111,-0.4964947701,0.9898301363
119,7.9400000000,pose,13,0.7318471074,0.6421019435,-0.5567207932,0.9905056953
120,8.0070000000,pose,13,0.7323207855,0.6420300603,-0.4926797152,0.9912650585
121,8.0740000000,pose,13,0.7330741286,0.6427354217,-0.5012054443,0.9919351935
122,8.1400000000,pose,13,0.7347754240,0.6446168423,-0.4217973053,0.9928182960
123,8.2070000000,pose,13,0.7347787023,0.6457404494,-0.4398327768,0.9933267236
124,8.2740000000,pose,13,0.7347566485,0.6454405189,-0.4582564533,0.9936704040
125,8.3400000000,pose,13,0.7347455621,0.6460499763,-0.4292306006,0.9937930703
126,8.4070000000,pose,13,0.7356930971,0.6462669373,-0.4636815786,0.9933358431
127,8.4740000000,pose,13,0.7364730835,0.6451275945,-0.4494357407,0.9930565357
128,8.5410000000,pose,13,0.7362776399,0.6466980577,-0.5084061623,0.9929788709
129,8.6070000000,pose,13,0.7364524007,0.6465839744,-0.6439080834,0.9926052690
130,8.6740000000,pose,13,0.7355380654,0.6465088725,-0.4084540308,0.9908435941
131,8.7410000000,pose,13,0.7346208096,0.6531338096,-0.5321446061,0.9894068241
132,8.8070000000,pose,13,0.7343283892,0.6535873413,-0.5000125766,0.9886379242
133,8.8740000000,pose,13,0.7329788208,0.6533899307,-0.5073855519,0.9883605242
134,8.9410000000,pose,13,0.7328153253,0.6522694826,-0.4386617839,0.9879611135
135,9.0080000000,pose,13,0.7326202393,0.6518692374,-0.5765011907,0.9883222580
136,9.0740000000,pose,13,0.7361196876,0.6430776119,-0.4849701524,0.9882676601
137,9.1410000000,pose,13,0.7358542681,0.6411498785,-0.6179807186,0.9886695147
138,9.2080000000,pose,13,0.7387022376,0.6301988959,-0.5389973521,0.9890325665
139,9.2750000000,pose,13,0.7426434755,0.6299537420,-0.5502594709,0.9890055656
140,9.3410000000,pose,13,0.7433463335,0.6292442083,-0.5211948752,0.9889965653
141,9.4080000000,pose,13,0.7462852597,0.6293385029,-0.6217254996,0.9889484048
142,9.4750000000,pose,13,0.7448117733,0.6302525401,-0.5232092142,0.9898255467
143,9.5410000000,pose,13,0.7447804809,0.6307432652,-0.6199797392,0.9904360175
144,9.6080000000,pose,13,0.7447112799,0.6308034658,-0.6408414245,0.9907353520
145,9.6750000000,pose,13,0.7435758710,0.6339755654,-0.6207069159,0.9908859730
146,9.7420000000,pose,13,0.7435242534,0.6355643868,-0.5539723039,0.9915730357
147,9.8080000000,pose,13,0.7428148389,0.6380234957,-0.5016453862,0.9915177822
148,9.8750000000,pose,13,0.7391915917,0.6387467384,-0.5228369236,0.9913384914
149,9.9420000000,pose,13,0.7375202179,0.6389304399,-0.4780617654,0.9911825657
150,10.0080000000,pose,13,0.7315882444,0.6449676752,-0.6264633536,0.9886617661
151,10.0750000000,pose,13,0.7278039455,0.6498906612,-0.6327938437,0.9883410335
152,10.1420000000,pose,13,0.7258102894,0.6505893469,-0.5154175758,0.9887922406
153,10.2090000000,pose,13,0.7248216271,0.6509415507,-0.5800361633,0.9885934591
154,10.2750000000,pose,13,0.7238924503,0.6516870260,-0.5893614888,0.9888994694
155,10.3420000000,pose,13,0.7240466475,0.6521150470,-0.5624750853,0.9891163111
156,10.4090000000,pose,13,0.7249233127,0.6516307592,-0.5905740261,0.9891124368
157,10.4760000000,pose,13,0.7267948985,0.6498083472,-0.5156732798,0.9889107347
158,10.5420000000,pose,13,0.7289444804,0.6453703046,-0.5074163675,0.9893109798
159,10.6090000000,pose,13,0.7294850945,0.6386084557,-0.4234646559,0.9893324375
160,10.6760000000,pose,13,0.7327784300,0.6334342360,-0.4364406466,0.9897691607
161,10.7420000000,pose,13,0.7367536426,0.6335953474,-0.5630343556,0.9894037247
162,10.8090000000,pose,13,0.7408822775,0.6334452033,-0.5552384257,0.9881152511
163,10.8760000000,pose,13,0.7411487103,0.6347248554,-0.5683033466,0.9872012138
164,10.9430000000,pose,13,0.7411755919,0.6362239122,-0.5911043286,0.9868546724
165,11.0090000000,pose,13,0.7422569990,0.6378744245,-0.5786656141,0.9872220159
166,11.0760000000,pose,13,0.7418002486,0.6394693255,-0.5378866792,0.9878532887
167,11.1430000000,pose,13,0.7401057482,0.6448525786,-0.5185641646,0.9888164997
168,11.2100000000,pose,13,0.7360846400,0.6455368400,-0.5223954916,0.9891023636
169,11.2760000000,pose,13,0.7313907743,0.6455876827,-0.6773899794,0.9892206788
170,11.3430000000,pose,13,0.7291285396,0.6470261216,-0.5008203387,0.9896519184
171,11.4100000000,pose,13,0.7269644141,0.6480714083,-0.5219659209,0.9894508719
172,11.4760000000,pose,13,0.7268484831,0.6481479406,-0.5413807631,0.9896578789
173,11.5430000000,pose,13,0.7269164920,0.6483227611,-0.6394161582,0.9897356629
174,11.6100000000,pose,13,0.7269524932,0.6468508840,-0.5168135166,0.9899815917
175,11.6770000000,pose,13,0.7350339890,0.6427983046,-0.5916464925,0.9897958636
176,11.7430000000,pose,13,0.7399109006,0.6334115267,-0.6599670649,0.9902052879
177,11.8100000000,pose,13,0.7472381592,0.6312816739,-0.6468465328,0.9904341102
178,11.8770000000,pose,13,0.7471485138,0.6290337443,-0.5722519755,0.9889595509
179,11.9430000000,pose,13,0.7470008731,0.6267876029,-0.6423968673,0.9878782630
75,5.0040000000,pose,14,0.2407696843,0.6170045733,-0.4481826127,0.8561776876
76,5.0710000000,pose,14,0.2406731993,0.6167482734,-0.4219324887,0.8588840961
77,5.1380000000,pose,14,0.2440449446,0.6188822985,-0.5225923657,0.8570123315
78,5.2040000000,pose,14,0.2432758957,0.6198260188,-0.4558308423,0.8603925705
79,5.2710000000,pose,14,0.2475744784,0.6191905737,-0.5201600790,0.8550676703
80,5.3380000000,pose,14,0.2437571138,0.6205123663,-0.5963676572,0.8609720469
81,5.4050000000,pose,14,0.2424141467,0.6215056777,-0.5514330268,0.8657952547
82,5.4710000000,pose,14,0.2419328094,0.6215003729,-0.4326313436,0.8722943664
83,5.5380000000,pose,14,0.2427730113,0.6212090254,-0.2984067202,0.8762062192
84,5.6050000000,pose,14,0.2439120710,0.6210700274,-0.3633209765,0.8798896074
85,5.6710000000,pose,14,0.2444065511,0.6206639409,-0.4465505779,0.8739897013
86,5.7380000000,pose,14,0.2471605688,0.6198205948,-0.3977076411,0.8341680765
87,5.8050000000,pose,14,0.2473819256,0.6191411614,-0.4650707543,0.8205145001
88,5.8720000000,pose,14,0.2479008287,0.6209095716,-0.5633677244,0.8113008142
89,5.9380000000,pose,14,0.2493169010,0.6202387214,-0.4721737802,0.7783746719
90,6.0050000000,pose,14,0.2500473559,0.6183748841,-0.4919835031,0.7802301049
91,6.0720000000,pose,14,0.2560096979,0.6212451458,-0.4879247248,0.7555699944
92,6.1390000000,pose,14,0.2620664537,0.6181738377,-0.4798049629,0.7462083101
93,6.2050000000,pose,14,0.2576756775,0.6188201904,-0.3505750000,0.7669068575
94,6.2720000000,pose,14,0.2518369555,0.6182902455,-0.3873673975,0.7776920199
95,6.3390000000,pose,14,0.2459457666,0.6187714338,-0.4003000557,0.7881318331
96,6.4050000000,pose,14,0.2419611961,0.6193894744,-0.3552057147,0.7905763388
97,6.4720000000,pose,14,0.2454837859,0.6192578077,-0.3772275150,0.7757112384
98,6.5390000000,pose,14,0.2454559654,0.6184086204,-0.4842423499,0.7902547121
99,6.6060000000,pose,14,0.2482050806,0.6153714061,-0.3110329807,0.7819989324
100,6.6720000000,pose,14,0.2493442446,0.6157191992,-0.4586013556,0.7668447495
101,6.7390000000,pose,14,0.2493431717,0.6168869138,-0.3272429407,0.7620195150
102,6.8060000000,pose,14,0.2488916665,0.6179091930,-0.4231478870,0.7739753723
103,6.8720000000,pose,14,0.2478391379,0.6179662943,-0.4223513603,0.7789281607
104,6.9390000000,pose,14,0.2493846565,0.6160523295,-0.5041242838,0.7907387018
105,7.0060000000,pose,14,0.2494383752,0.6161015630,-0.4660993516,0.7923368812
106,7.0730000000,pose,14,0.2494822294,0.6154936552,-0.4555586874,0.8031347990
107,7.1390000000,pose,14,0.2517579496,0.6147353649,-0.3933280110,0.8085932732
108,7.2060000000,pose,14,0.2512414753,0.6148951054,-0.4340671003,0.8121703267
109,7.2730000000,pose,14,0.2528548837,0.6147540212,-0.4797248244,0.8170624375
110,7.3400000000,pose,14,0.2565018237,0.6127213836,-0.3505223691,0.8162243366
111,7.4060000000,pose,14,0.2570630014,0.6173452735,-0.3742472231,0.7959602475
112,7.4730000000,pose,14,0.2586509287,0.6170942187,-0.6213067770,0.7747024894
113,7.5400000000,pose,14,0.2578400373,0.6169183850,-0.5132067204,0.7705559731
114,7.6060000000,pose,14,0.2560034692,0.6177600026,-0.5390087962,0.7496567965
115,7.6730000000,pose,14,0.2546350062,0.6185403466,-0.4395579696,0.7321019173
116,7.7400000000,pose,14,0.2562955022,0.6172093153,-0.4188086092,0.7337955832
117,7.8070000000,pose,14,0.2574713528,0.6174206138,-0.5142592788,0.7228699923
118,7.8730000000,pose,14,0.2573239803,0.6199582815,-0.4249319732,0.7375489473
119,7.9400000000,pose,14,0.2581864297,0.6162171960,-0.4689914286,0.7503696680
120,8.0070000000,pose,14,0.2559870481,0.6161890626,-0.4290650189,0.7664943933
121,8.0740000000,pose,14,0.2559765875,0.6162047386,-0.4759553075,0.7771891952
122,8.1400000000,pose,14,0.2559295297,0.6163937449,-0.3480457366,0.7875818610
123,8.2070000000,pose,14,0.2547661364,0.6260305047,-0.4271046221,0.7997896075
124,8.2740000000,pose,14,0.2547681630,0.6252291203,-0.4139638841,0.8115149140
125,8.3400000000,pose,14,0.2547704279,0.6211166382,-0.3643885255,0.8150802255
126,8.4070000000,pose,14,0.2534813583,0.6215786338,-0.4381011724,0.8148405552
127,8.4740000000,pose,14,0.2588627934,0.6214534640,-0.4178586900,0.8085441589
128,8.5410000000,pose,14,0.2585516572,0.6275757551,-0.4591376185,0.8100355864
129,8.6070000000,pose,14,0.2591665685,0.6293873787,-0.5912472606,0.8134469390
130,8.6740000000,pose,14,0.2590713203,0.6205607653,-0.4000223577,0.8049472570
131,8.7410000000,pose,14,0.2606862783,0.6215527654,-0.5034049153,0.7892581224
132,8.8070000000,pose,14,0.2608651817,0.6248320937,-0.4658491910,0.7879565954
133,8.8740000000,pose,14,0.2608430684,0.6247194409,-0.4575484097,0.7643042207
134,8.9410000000,pose,14,0.2595973015,0.6160480976,-0.4216022789,0.7563781142
135,9.0080000000,pose,14,0.2530982792,0.6163395643,-0.5443077683,0.7535173297
136,9.0740000000,pose,14,0.2490168363,0.6164450645,-0.4577692747,0.7502853870
137,9.1410000000,pose,14,0.2448763251,0.6230860949,-0.6300238371,0.7571008801
138,9.2080000000,pose,14,0.2452178299,0.6223011017,-0.6147505641,0.7590233684
139,9.2750000000,pose,14,0.2364597768,0.6265500784,-0.6154924035,0.7762621045
140,9.3410000000,pose,14,0.2372152060,0.6254006028,-0.5592062473,0.7759566307
141,9.4080000000,pose,14,0.2376029789,0.6253882051,-0.6062125564,0.7759642601
142,9.4750000000,pose,14,0.2317969352,0.6248870492,-0.5379516482,0.7944843173
143,9.5410000000,pose,14,0.2319998890,0.6189280152,-0.6106865406,0.8062925339
144,9.6080000000,pose,14,0.2345350832,0.6197996140,-0.6315189004,0.8089771867
145,9.6750000000,pose,14,0.2356115729,0.6182450056,-0.5909769535,0.8101640940
146,9.7420000000,pose,14,0.2413954586,0.6178205013,-0.4455275238,0.7799591422
147,9.8080000000,pose,14,0.2401340008,0.6215706468,-0.3840424120,0.7769598365
148,9.8750000000,pose,14,0.2412266731,0.6210715771,-0.4427828193,0.7530003786
149,9.9420000000,pose,14,0.2424333692,0.6220409274,-0.3594750166,0.7565045953
150,10.0080000000,pose,14,0.2424056828,0.6236414313,-0.4925569296,0.7432807684
151,10.0750000000,pose,14,0.2471473068,0.6264406443,-0.5079713464,0.7180092335
152,10.1420000000,pose,14,0.2464299798,0.6283046007,-0.4389575422,0.7113544345
153,10.2090000000,pose,14,0.2465392053,0.6239748001,-0.4731709659,0.6931963563
154,10.2750000000,pose,14,0.2424456477,0.6274287701,-0.5367208123,0.7094258070
155,10.3420000000,pose,14,0.2488906682,0.6255084276,-0.4526346326,0.6978355646
156,10.4090000000,pose,14,0.2502812743,0.6258861423,-0.5115441680,0.7057564259
157,10.4760000000,pose,14,0.2495221794,0.6259141564,-0.4617808461,0.7152317762
158,10.5420000000,pose,14,0.2455739975,0.6216540337,-0.4907552302,0.7268244028
159,10.6090000000,pose,14,0.2458983511,0.6216925383,-0.3794263899,0.7315969467
160,10.6760000000,pose,14,0.2460555732,0.6223301888,-0.4328806996,0.7374889255
161,10.7420000000,pose,14,0.2403122634,0.6323138475,-0.5436132550,0.7390916944
162,10.8090000000,pose,14,0.2401801050,0.6329540610,-0.5359769464,0.7329496145
163,10.8760000000,pose,14,0.2407490164,0.6353223920,-0.5433218479,0.7182257771
164,10.9430000000,pose,14,0.2384859771,0.6375061870,-0.5322105885,0.7182732224
165,11.0090000000,pose,14,0.2412194759,0.6364949346,-0.5301442742,0.7276923060
166,11.0760000000,pose,14,0.2410995364,0.6364512444,-0.4695697129,0.7451328039
167,11.1430000000,pose,14,0.2406727970,0.6364104152,-0.4441518486,0.7598536015
168,11.2100000000,pose,14,0.2469424307,0.6363720298,-0.4265035689,0.7601527572
169,11.2760000000,pose,14,0.2482168972,0.6358250976,-0.5821254849,0.7632004619
170,11.3430000000,pose,14,0.2478118986,0.6366925836,-0.4349265099,0.7651423216
171,11.4100000000,pose,14,0.2446161360,0.6360122561,-0.4440861344,0.7656550407
172,11.4760000000,pose,14,0.2453949004,0.6326843500,-0.4696073234,0.7636322379
173,11.5430000000,pose,14,0.2451093644,0.6318740845,-0.5989280939,0.7679995894
174,11.6100000000,pose,14,0.2450854331,0.6318998933,-0.4988905787,0.7722803354
175,11.6770000000,pose,14,0.2473126501,0.6243810058,-0.5074151158,0.7610480189
176,11.7430000000,pose,14,0.2527585030,0.6174430847,-0.6552924514,0.7424039841
177,11.8100000000,pose,14,0.2525341809,0.6177170873,-0.6081851721,0.7137676477
178,11.8770000000,pose,14,0.2446379513,0.6262134910,-0.5902241468,0.7085083723
179,11.9430000000,pose,14,0.2432160079,0.6296746135,-0.6161769032,0.6837080121
75,5.0040000000,pose,15,0.6415268183,0.5798401833,-0.9448501468,0.9970725179
76,5.0710000000,pose,15,0.6422970295,0.5763700008,-0.9228267074,0.9972714186
77,5.1380000000,pose,15,0.6423909664,0.5812837481,-1.0082595348,0.9972644448
78,5.2040000000,pose,15,0.6422603130,0.5901265740,-0.9388090968,0.9973972440
79,5.2710000000,pose,15,0.6439101696,0.5921180844,-0.9682072401,0.9974014163
80,5.3380000000,pose,15,0.6553987861,0.5977816582,-1.1364272833,0.9975044727
81,5.4050000000,pose,15,0.6502711177,0.5944050550,-1.0769199133,0.9974782467
82,5.4710000000,pose,15,0.6509674788,0.5867279768,-0.9513835311,0.9974420667
83,5.5380000000,pose,15,0.6375305653,0.5745380521,-0.7870403528,0.9974827170
84,5.6050000000,pose,15,0.6380284429,0.5629086494,-0.8691084385,0.9975857139
85,5.6710000000,pose,15,0.6326564550,0.5508968234,-1.0419380665,0.9971559048
86,5.7380000000,pose,15,0.6021341681,0.5332968235,-0.8991023302,0.9949761033
87,5.8050000000,pose,15,0.5913892388,0.5294321775,-0.9942878485,0.9939845800
88,5.8720000000,pose,15,0.5899732709,0.5314761400,-1.1335574389,0.9929596186
89,5.9380000000,pose,15,0.5817943215,0.5366422534,-0.9744660258,0.9922916293
90,6.0050000000,pose,15,0.5793353915,0.5437960625,-0.9748563170,0.9922443628
91,6.0720000000,pose,15,0.5816105008,0.5519789457,-0.9788337350,0.9911615849
92,6.1390000000,pose,15,0.5820252895,0.5638282299,-0.9793434739,0.9912254214
93,6.2050000000,pose,15,0.5986518860,0.5805866718,-0.8320497870,0.9922912121
94,6.2720000000,pose,15,0.6086203456,0.5911092162,-0.8554630876,0.9928836823
95,6.3390000000,pose,15,0.6126452684,0.5972588658,-0.8553038836,0.9934518337
96,6.4050000000,pose,15,0.6164169312,0.5993314385,-0.7772042155,0.9938653708
97,6.4720000000,pose,15,0.6219366789,0.5986700058,-0.8152281046,0.9943305850
98,6.5390000000,pose,15,0.6222110987,0.5981789231,-0.9383664727,0.9948164225
99,6.6060000000,pose,15,0.6234804392,0.5978108048,-0.7662168741,0.9953587055
100,6.6720000000,pose,15,0.6283695698,0.5921446681,-0.9219747186,0.9956281781
101,6.7390000000,pose,15,0.6278890967,0.5895057917,-0.7633783817,0.9956775308
102,6.8060000000,pose,15,0.6319506168,0.5792630315,-0.9322164655,0.9961357713
103,6.8720000000,pose,15,0.6317007542,0.5772477984,-0.9070675969,0.9962152839
104,6.9390000000,pose,15,0.6343868971,0.5762349963,-1.0595012903,0.9964227080
105,7.0060000000,pose,15,0.6347087622,0.5729478598,-0.9918721914,0.9962583184
106,7.0730000000,pose,15,0.6330991387,0.5648490191,-0.9672189951,0.9964646101
107,7.1390000000,pose,15,0.6343897581,0.5614954233,-0.9092532992,0.9967751503
108,7.2060000000,pose,15,0.6343337893,0.5615103245,-0.9400567412,0.9969341755
109,7.2730000000,pose,15,0.6338832378,0.5644776821,-0.9819886684,0.9971393943
110,7.3400000000,pose,15,0.6204620004,0.5565845966,-0.8580700755,0.9968885779
111,7.4060000000,pose,15,0.6044713855,0.5571367145,-0.9082992673,0.9957453609
112,7.4730000000,pose,15,0.5905702114,0.5567097664,-1.1541010141,0.9945403337
113,7.5400000000,pose,15,0.5888003111,0.5568689704,-0.9552489519,0.9945876598
114,7.6060000000,pose,15,0.5783985853,0.5547172427,-1.0303688049,0.9930841923
115,7.6730000000,pose,15,0.5734520555,0.5549158454,-0.8937466741,0.9917629361
116,7.7400000000,pose,15,0.5718663335,0.5534918904,-0.9039770365,0.9919628501
117,7.8070000000,pose,15,0.5734941363,0.5531910658,-1.0251499414,0.9909299016
118,7.8730000000,pose,15,0.5877408981,0.5687882304,-0.9129422307,0.9915632606
119,7.9400000000,pose,15,0.5964050293,0.5793103576,-0.9492703676,0.9921876192
120,8.0070000000,pose,15,0.6098071337,0.5868886113,-0.8704977632,0.9928641915
121,8.0740000000,pose,15,0.6230615377,0.5966950059,-0.9443511367,0.9934737682
122,8.1400000000,pose,15,0.6306246519,0.6001526713,-0.8831776977,0.9944968224
123,8.2070000000,pose,15,0.6371324658,0.5999737382,-0.9646093249,0.9950056076
124,8.2740000000,pose,15,0.6410742998,0.5996462107,-0.9398290515,0.9954436421
125,8.3400000000,pose,15,0.6402428150,0.5991896987,-0.8728155494,0.9957375526
126,8.4070000000,pose,15,0.6406700611,0.5869022608,-1.0168744326,0.9962019920
127,8.4740000000,pose,15,0.6368504167,0.5845937133,-0.9404605627,0.9962408543
128,8.5410000000,pose,15,0.6116691828,0.5774046779,-0.9401682615,0.9964230657
129,8.6070000000,pose,15,0.6077801585,0.5775614381,-1.1075358391,0.9964705110
130,8.6740000000,pose,15,0.5961368680,0.5775969028,-0.9243922830,0.9951625466
131,8.7410000000,pose,15,0.5926409960,0.5807135105,-0.9470762014,0.9936565161
132,8.8070000000,pose,15,0.5889911056,0.5807341337,-0.9277246594,0.9932143092
133,8.8740000000,pose,15,0.5900511146,0.5816514492,-0.9222905040,0.9930418730
134,8.9410000000,pose,15,0.5910148621,0.5835635066,-0.9102083445,0.9927386045
135,9.0080000000,pose,15,0.6012035012,0.5860874057,-1.0284153223,0.9932571650
136,9.0740000000,pose,15,0.6169547439,0.5920136571,-0.9328902364,0.9935355783
137,9.1410000000,pose,15,0.6255330443,0.5961756706,-1.1279629469,0.9939519763
138,9.2080000000,pose,15,0.6327643991,0.5965790153,-1.0657987595,0.9943097234
139,9.2750000000,pose,15,0.6375124454,0.6024361849,-1.1256152391,0.9944470525
140,9.3410000000,pose,15,0.6432224512,0.6004934311,-1.0837006569,0.9946796298
141,9.4080000000,pose,15,0.6416267753,0.5986207724,-1.1657546759,0.9949051142
142,9.4750000000,pose,15,0.6407349706,0.5986730456,-0.9635188580,0.9953703284
143,9.5410000000,pose,15,0.6404466629,0.5793408155,-1.0906214714,0.9957420230
144,9.6080000000,pose,15,0.6401585340,0.5671263337,-1.1544215679,0.9959994555
145,9.6750000000,pose,15,0.6396020651,0.5570342541,-1.1262814999,0.9962205291
146,9.7420000000,pose,15,0.6348331571,0.5470023751,-0.9321181774,0.9966546297
147,9.8080000000,pose,15,0.6201700568,0.5434024334,-0.8768861890,0.9967522621
148,9.8750000000,pose,15,0.6065214276,0.5432212949,-0.9423828125,0.9967324138
149,9.9420000000,pose,15,0.6001427174,0.5362546444,-0.8751347065,0.9966418743
150,10.0080000000,pose,15,0.5926005840,0.5278488398,-1.0925585032,0.9949785471
151,10.0750000000,pose,15,0.5844910741,0.5281561613,-1.0757461786,0.9948387146
152,10.1420000000,pose,15,0.5707058311,0.5357064605,-0.9019452929,0.9948434830
153,10.2090000000,pose,15,0.5657812357,0.5642073154,-0.9568878412,0.9942738414
154,10.2750000000,pose,15,0.5661753416,0.5701605082,-1.0096322298,0.9944016337
155,10.3420000000,pose,15,0.5724341869,0.5822101831,-0.9222422838,0.9944658875
156,10.4090000000,pose,15,0.5802824497,0.5874695778,-1.0349107981,0.9943417907
157,10.4760000000,pose,15,0.6002753377,0.5998456478,-0.9690420032,0.9939172864
158,10.5420000000,pose,15,0.6114919186,0.6033606529,-0.9690534472,0.9942317605
159,10.6090000000,pose,15,0.6201814413,0.6032516360,-0.9080080390,0.9944816828
160,10.6760000000,pose,15,0.6224977970,0.6024673581,-0.9093215466,0.9947289228
161,10.7420000000,pose,15,0.6274741292,0.5976654887,-1.0701423883,0.9946117401
162,10.8090000000,pose,15,0.6293310523,0.5835510492,-1.0413807631,0.9941195250
163,10.8760000000,pose,15,0.6320833564,0.5711746812,-1.0825804472,0.9942399859
164,10.9430000000,pose,15,0.6315701604,0.5387884974,-1.1217929125,0.9940009117
165,11.0090000000,pose,15,0.6310269833,0.5267636776,-1.0957362652,0.9942814112
166,11.0760000000,pose,15,0.6276613474,0.5177154541,-1.0194330215,0.9946668744
167,11.1430000000,pose,15,0.6112658381,0.5174439549,-0.9274135232,0.9950805306
168,11.2100000000,pose,15,0.6050336361,0.5155671835,-0.9596405625,0.9951875210
169,11.2760000000,pose,15,0.5891223550,0.5141236186,-1.1626602411,0.9953464270
170,11.3430000000,pose,15,0.5799552202,0.5141596198,-0.9058517814,0.9955248833
171,11.4100000000,pose,15,0.5795594454,0.5264019370,-0.9335102439,0.9956421256
172,11.4760000000,pose,15,0.5789413452,0.5320116282,-0.9510982037,0.9957408309
173,11.5430000000,pose,15,0.5831697583,0.5399998426,-1.0992298126,0.9958589673
174,11.6100000000,pose,15,0.5980688334,0.5679294467,-0.9779174328,0.9958477020
175,11.6770000000,pose,15,0.6053123474,0.5714501143,-1.0678088665,0.9949846268
176,11.7430000000,pose,15,0.6113997698,0.5901541710,-1.1711027622,0.9948152304
177,11.8100000000,pose,15,0.6139784455,0.6016670465,-1.1656569242,0.9947596788
178,11.8770000000,pose,15,0.6178776622,0.6009946465,-1.1183542013,0.9930496216
179,11.9430000000,pose,15,0.6215648055,0.5990712643,-1.1932485104,0.9927905798
75,5.0040000000,pose,16,0.3433917761,0.6250178218,-0.8723117113,0.9976644516
76,5.0710000000,pose,16,0.3442804515,0.6222613454,-0.8492059708,0.9978315234
77,5.1380000000,pose,16,0.3443646729,0.6219186187,-0.9987583160,0.9977835417
78,5.2040000000,pose,16,0.3446372151,0.6231824160,-0.9504374862,0.9977821708
79,5.2710000000,pose,16,0.3477967083,0.6248992085,-0.9976711869,0.9978414178
80,5.3380000000,pose,16,0.3474051058,0.6255356073,-1.1358133554,0.9980145693
81,5.4050000000,pose,16,0.3454487920,0.6216486096,-1.0738252401,0.9981851578
82,5.4710000000,pose,16,0.3441748917,0.6210750341,-1.0284421444,0.9983881116
83,5.5380000000,pose,16,0.3434987366,0.6180777550,-0.7990311384,0.9984862208
84,5.6050000000,pose,16,0.3344990015,0.6102786064,-0.8848806620,0.9985967875
85,5.6710000000,pose,16,0.3283839524,0.6094251275,-0.9797645807,0.9985753298
86,5.7380000000,pose,16,0.3280875385,0.5946539044,-0.9201968312,0.9941665530
87,5.8050000000,pose,16,0.3216055036,0.5947805643,-1.0168595314,0.9938489199
88,5.8720000000,pose,16,0.3047158420,0.5952673554,-1.1405876875,0.9942629337
89,5.9380000000,pose,16,0.3081008494,0.5953395367,-0.9199265838,0.9917290807
90,6.0050000000,pose,16,0.3100475967,0.5978340507,-1.0129952431,0.9922746420
91,6.0720000000,pose,16,0.3332135379,0.6123804450,-1.0153077841,0.9905376434
92,6.1390000000,pose,16,0.3255901635,0.6160375476,-0.9622569680,0.9904323816
93,6.2050000000,pose,16,0.3252033889,0.6153218150,-0.7653874755,0.9917337298
94,6.2720000000,pose,16,0.3139385581,0.6070405841,-0.8266726136,0.9923999310
95,6.3390000000,pose,16,0.3048499525,0.6056038737,-0.8341606259,0.9930313230
96,6.4050000000,pose,16,0.2968438566,0.6022533178,-0.7287935615,0.9934996963
97,6.4720000000,pose,16,0.2982559800,0.6019341946,-0.7800759077,0.9937118888
98,6.5390000000,pose,16,0.3011455536,0.6023703814,-0.9347206354,0.9942706227
99,6.6060000000,pose,16,0.2858926952,0.6063830853,-0.7074773312,0.9948973656
100,6.6720000000,pose,16,0.3000502288,0.6054220200,-0.9431802630,0.9948871136
101,6.7390000000,pose,16,0.3023423254,0.6106494665,-0.7721058130,0.9951831698
102,6.8060000000,pose,16,0.3035070300,0.6077922583,-0.9190244675,0.9955034852
103,6.8720000000,pose,16,0.3034037352,0.6088776588,-0.8512145877,0.9957752824
104,6.9390000000,pose,16,0.3043029904,0.6049566269,-1.0494576693,0.9963193536
105,7.0060000000,pose,16,0.3036964536,0.6028811932,-0.9779117703,0.9965345263
106,7.0730000000,pose,16,0.3062557280,0.6047233343,-0.9483088851,0.9968172908
107,7.1390000000,pose,16,0.3045974076,0.6084447503,-0.8853532076,0.9964665771
108,7.2060000000,pose,16,0.2992295325,0.6084235907,-0.9244598150,0.9967366457
109,7.2730000000,pose,16,0.3185149431,0.6124991775,-0.9497782588,0.9966291785
110,7.3400000000,pose,16,0.3328054845,0.6108656526,-0.8217778802,0.9959604740
111,7.4060000000,pose,16,0.3323084712,0.6121532321,-0.8495694399,0.9924466014
112,7.4730000000,pose,16,0.3333158791,0.6121265292,-1.1642686129,0.9885367155
113,7.5400000000,pose,16,0.3327915967,0.6151269078,-0.9478700161,0.9889706373
114,7.6060000000,pose,16,0.3214760721,0.6148848534,-1.0303339958,0.9868385196
115,7.6730000000,pose,16,0.3429441154,0.6015545130,-0.8680267930,0.9640665054
116,7.7400000000,pose,16,0.3385265768,0.6135537624,-0.8863081336,0.9670726061
117,7.8070000000,pose,16,0.3258120120,0.6165264249,-1.0193053484,0.9685854316
118,7.8730000000,pose,16,0.3284161687,0.6243587136,-0.8970044255,0.9715656042
119,7.9400000000,pose,16,0.3152555227,0.6242075562,-0.9496496320,0.9742209315
120,8.0070000000,pose,16,0.3113588393,0.6241405606,-0.8654429913,0.9766839743
121,8.0740000000,pose,16,0.3110706210,0.6222884655,-0.9817810059,0.9788255095
122,8.1400000000,pose,16,0.3085530698,0.6231368184,-0.8439455628,0.9824285507
123,8.2070000000,pose,16,0.3070921600,0.6211317778,-0.9727518559,0.9841418266
124,8.2740000000,pose,16,0.3053220212,0.6203939319,-0.9543961883,0.9857008457
125,8.3400000000,pose,16,0.3054459989,0.6198786497,-0.8561252356,0.9869241714
126,8.4070000000,pose,16,0.3056439757,0.6188484430,-0.9958578348,0.9889104962
127,8.4740000000,pose,16,0.3095172644,0.6191714406,-0.9410102367,0.9892755747
128,8.5410000000,pose,16,0.3054446578,0.6161413193,-0.9582294822,0.9902048707
129,8.6070000000,pose,16,0.3011698425,0.6156658530,-1.1533112526,0.9911125898
130,8.6740000000,pose,16,0.3077210784,0.6068473458,-0.9585726857,0.9904164076
131,8.7410000000,pose,16,0.3198152781,0.6219245195,-1.0184385777,0.9898396730
132,8.8070000000,pose,16,0.3189499080,0.6195657849,-0.9684593081,0.9901607633
133,8.8740000000,pose,16,0.3207338750,0.6055089831,-0.9333844781,0.9881398082
134,8.9410000000,pose,16,0.3201555014,0.5975602269,-0.9272588491,0.9864155054
135,9.0080000000,pose,16,0.3116838038,0.5840469003,-1.0584871769,0.9875315428
136,9.0740000000,pose,16,0.3122972250,0.5876348019,-0.9749082923,0.9884452224
137,9.1410000000,pose,16,0.3063597977,0.5871056318,-1.1892415285,0.9894145727
138,9.2080000000,pose,16,0.3077722490,0.5932768583,-1.1404565573,0.9899165034
139,9.2750000000,pose,16,0.3016482890,0.5782266259,-1.2209546566,0.9908130765
140,9.3410000000,pose,16,0.3021900356,0.5774270892,-1.1289088726,0.9913616776
141,9.4080000000,pose,16,0.3025338352,0.5741395354,-1.2008973360,0.9920910001
142,9.4750000000,pose,16,0.3026905656,0.5673242807,-1.0646506548,0.9928603768
143,9.5410000000,pose,16,0.3057767153,0.5669322610,-1.1628270149,0.9935294986
144,9.6080000000,pose,16,0.3058361411,0.5680440068,-1.2003191710,0.9940415025
145,9.6750000000,pose,16,0.3034172952,0.5700846314,-1.1427345276,0.9945343733
146,9.7420000000,pose,16,0.3066358864,0.5704531670,-0.8855480552,0.9947708845
147,9.8080000000,pose,16,0.3060692549,0.5696325302,-0.8295603991,0.9951841235
148,9.8750000000,pose,16,0.3060955405,0.5699468255,-0.9269447327,0.9947981834
149,9.9420000000,pose,16,0.3057538271,0.5701687932,-0.8248354793,0.9951135516
150,10.0080000000,pose,16,0.3010729849,0.5702286363,-1.0202027559,0.9894731641
151,10.0750000000,pose,16,0.3096928596,0.5704350471,-1.0223478079,0.9896861911
152,10.1420000000,pose,16,0.3229581416,0.5614935160,-0.8859194517,0.9874942303
153,10.2090000000,pose,16,0.3219054043,0.5617064834,-0.9802277684,0.9854763746
154,10.2750000000,pose,16,0.3179068267,0.5621379614,-1.0534080267,0.9867118597
155,10.3420000000,pose,16,0.3159486353,0.5685822368,-0.9048685431,0.9872485399
156,10.4090000000,pose,16,0.3154595792,0.5758412480,-1.0355874300,0.9880425334
157,10.4760000000,pose,16,0.3146137893,0.5779039264,-0.9538941979,0.9887001514
158,10.5420000000,pose,16,0.3142576814,0.5705270171,-0.9755008817,0.9894332886
159,10.6090000000,pose,16,0.3121412396,0.5703179836,-0.8710263371,0.9900591969
160,10.6760000000,pose,16,0.3130513132,0.5703309178,-0.9490427375,0.9902467132
161,10.7420000000,pose,16,0.3127813637,0.5715572834,-1.0753343105,0.9908866882
162,10.8090000000,pose,16,0.3074966669,0.5747683048,-1.0707110167,0.9915123582
163,10.8760000000,pose,16,0.3088105321,0.5753409266,-1.0941647291,0.9922317863
164,10.9430000000,pose,16,0.3101731241,0.5754933357,-1.0951286554,0.9922089577
165,11.0090000000,pose,16,0.3115053773,0.5744120479,-1.0740243196,0.9928066134
166,11.0760000000,pose,16,0.3102397621,0.5732978582,-0.9749032855,0.9934598207
167,11.1430000000,pose,16,0.3136086464,0.5726512671,-0.8772009015,0.9938803911
168,11.2100000000,pose,16,0.3155965805,0.5693399906,-0.9218242764,0.9940948486
169,11.2760000000,pose,16,0.3056511581,0.5698630810,-1.1478127241,0.9945316911
170,11.3430000000,pose,16,0.3173155785,0.5622091293,-0.8914138079,0.9947108030
171,11.4100000000,pose,16,0.3174899518,0.5619062781,-0.9046245813,0.9950856566
172,11.4760000000,pose,16,0.3152919114,0.5701870322,-0.9224218726,0.9951817393
173,11.5430000000,pose,16,0.3178033233,0.5702019334,-1.1058920622,0.9954484105
174,11.6100000000,pose,16,0.3199266195,0.5768677592,-1.0068944693,0.9954789877
175,11.6770000000,pose,16,0.3190712631,0.5767736435,-1.0655329227,0.9944524765
176,11.7430000000,pose,16,0.3219069242,0.5847260952,-1.2703273296,0.9876871109
177,11.8100000000,pose,16,0.3072985113,0.5849810243,-1.1754872799,0.9836294651
178,11.8770000000,pose,16,0.3104205132,0.5862371325,-1.1932237148,0.9836978912
179,11.9430000000,pose,16,0.2974873781,0.5936449766,-1.2383937836,0.9823597074
75,5.0040000000,pose,23,0.5571410656,0.8819114566,0.0073145544,0.9694119096
76,5.0710000000,pose,23,0.5582883358,0.8807473183,0.0009926411,0.9691348672
77,5.1380000000,pose,23,0.5547580123,0.8772521019,0.0107122408,0.9697951674
78,5.2040000000,pose,23,0.5605806708,0.8835749030,0.0075713354,0.9710071683
79,5.2710000000,pose,23,0.5618144870,0.8846528530,0.0173069257,0.9707238078
80,5.3380000000,pose,23,0.5617838502,0.8882880807,0.0179673117,0.9678077698
81,5.4050000000,pose,23,0.5588875413,0.8933439255,0.0128846876,0.9661136866
82,5.4710000000,pose,23,0.5519046783,0.8982279301,0.0174931940,0.9636113048
83,5.5380000000,pose,23,0.5556523204,0.9034119248,0.0172992218,0.9596026540
84,5.6050000000,pose,23,0.5673334002,0.9244247079,0.0022705842,0.9576976895
85,5.6710000000,pose,23,0.5675055981,0.9339095950,0.0177818425,0.9593465924
86,5.7380000000,pose,23,0.5671920776,0.9376049042,0.0180258360,0.9619098306
87,5.8050000000,pose,23,0.5672386885,0.9340968132,0.0196081791,0.9633590579
88,5.8720000000,pose,23,0.5697377324,0.9311700463,0.0161323193,0.9639900327
89,5.9380000000,pose,23,0.5696043372,0.9294812679,0.0085311271,0.9671000242
90,6.0050000000,pose,23,0.5748696923,0.9251226783,0.0077262456,0.9677969813
91,6.0720000000,pose,23,0.5843456984,0.8960602880,0.0045387698,0.9704617858
92,6.1390000000,pose,23,0.5835775137,0.8974171281,0.0009594798,0.9719420075
93,6.2050000000,pose,23,0.5731044412,0.9001204371,-0.0058243950,0.9737190008
94,6.2720000000,pose,23,0.5669189692,0.9081354737,-0.0053774249,0.9744719863
95,6.3390000000,pose,23,0.5591117144,0.9206336141,-0.0031205947,0.9753175378
96,6.4050000000,pose,23,0.5545775294,0.9245929718,-0.0020079692,0.9743624926
97,6.4720000000,pose,23,0.5542147756,0.9250648618,-0.0019342515,0.9740557075
98,6.5390000000,pose,23,0.5603580475,0.9244211912,0.0039150123,0.9741085172
99,6.6060000000,pose,23,0.5573554635,0.9259871244,-0.0084635876,0.9726818204
100,6.6720000000,pose,23,0.5496851206,0.9263421297,0.0005328513,0.9703626037
101,6.7390000000,pose,23,0.5444385409,0.9263354540,0.0013038114,0.9657432437
102,6.8060000000,pose,23,0.5561740398,0.9146634936,0.0031507919,0.9658361077
103,6.8720000000,pose,23,0.5568230748,0.9146665335,0.0026463321,0.9655425549
104,6.9390000000,pose,23,0.5590714812,0.9174576402,0.0024027138,0.9652598500
105,7.0060000000,pose,23,0.5565803051,0.9176515341,0.0023390956,0.9660563469
106,7.0730000000,pose,23,0.5550523400,0.9175649881,0.0027638534,0.9674658775
107,7.1390000000,pose,23,0.5549431443,0.9167968035,0.0001899662,0.9708828926
108,7.2060000000,pose,23,0.5616884828,0.9157425761,0.0001383825,0.9713410139
109,7.2730000000,pose,23,0.5638810992,0.9178224206,0.0079563633,0.9726448655
110,7.3400000000,pose,23,0.5764818788,0.9040541053,0.0105460426,0.9742241502
111,7.4060000000,pose,23,0.5821535587,0.9067126513,0.0093280720,0.9759302139
112,7.4730000000,pose,23,0.5788757205,0.9125426412,0.0179552548,0.9771108627
113,7.5400000000,pose,23,0.5780055523,0.9138424397,0.0170928594,0.9774211645
114,7.6060000000,pose,23,0.5762752295,0.9136695862,0.0172825363,0.9791637659
115,7.6730000000,pose,23,0.5753009915,0.9081216455,0.0172006171,0.9807776809
116,7.7400000000,pose,23,0.5731239915,0.9109514952,0.0099739283,0.9811049700
117,7.8070000000,pose,23,0.5725560784,0.9097618461,0.0095797004,0.9808976054
118,7.8730000000,pose,23,0.5723119378,0.9102966189,0.0091737406,0.9807112217
119,7.9400000000,pose,23,0.5650568008,0.9178381562,0.0068667042,0.9807190895
120,8.0070000000,pose,23,0.5547745228,0.9241931438,0.0068628071,0.9808557034
121,8.0740000000,pose,23,0.5538475513,0.9301374555,0.0071366895,0.9816390872
122,8.1400000000,pose,23,0.5537147522,0.9394721389,0.0055558681,0.9818870425
123,8.2070000000,pose,23,0.5539055467,0.9391689301,0.0045645614,0.9817122221
124,8.2740000000,pose,23,0.5533347726,0.9363806844,0.0028892495,0.9808204770
125,8.3400000000,pose,23,0.5595254898,0.9327409267,0.0028765453,0.9814152718
126,8.4070000000,pose,23,0.5659120679,0.9172106981,0.0117536541,0.9815086722
127,8.4740000000,pose,23,0.5719445348,0.9159634113,0.0114672175,0.9820832014
128,8.5410000000,pose,23,0.5754790902,0.9162038565,0.0114700468,0.9821824431
129,8.6070000000,pose,23,0.5771775842,0.9160434604,0.0114225987,0.9817709923
130,8.6740000000,pose,23,0.5797631741,0.9008647203,0.0183176063,0.9828690886
131,8.7410000000,pose,23,0.5736787915,0.9010542631,0.0145120854,0.9838835597
132,8.8070000000,pose,23,0.5739392042,0.9014293551,0.0113555798,0.9855155349
133,8.8740000000,pose,23,0.5743342042,0.9021637440,0.0079618823,0.9852504134
134,8.9410000000,pose,23,0.5743538141,0.9012828469,0.0107994480,0.9858650565
135,9.0080000000,pose,23,0.5681991577,0.9031642079,0.0146550555,0.9842411876
136,9.0740000000,pose,23,0.5681863427,0.9031700492,0.0142379217,0.9816435575
137,9.1410000000,pose,23,0.5661281943,0.9013208151,0.0179014932,0.9794418812
138,9.2080000000,pose,23,0.5661873221,0.8984231353,0.0143446317,0.9799695611
139,9.2750000000,pose,23,0.5665379167,0.8928206563,0.0159154683,0.9807778001
140,9.3410000000,pose,23,0.5662382841,0.8929515481,0.0159763116,0.9807600975
141,9.4080000000,pose,23,0.5659614205,0.9097282887,0.0149390865,0.9787946939
142,9.4750000000,pose,23,0.5667067766,0.9123651981,0.0155811496,0.9792532325
143,9.5410000000,pose,23,0.5627726912,0.9130498171,0.0174234044,0.9792529345
144,9.6080000000,pose,23,0.5611024499,0.9147695899,0.0182229504,0.9790579081
145,9.6750000000,pose,23,0.5591019988,0.9147241712,0.0167558137,0.9785296917
146,9.7420000000,pose,23,0.5531283021,0.9089384675,0.0044019003,0.9760288000
147,9.8080000000,pose,23,0.5511504412,0.9044223428,0.0009401783,0.9744741321
148,9.8750000000,pose,23,0.5487726331,0.9069104195,0.0048590605,0.9730373621
149,9.9420000000,pose,23,0.5552418828,0.9051239491,-0.0100530097,0.9739519358
150,10.0080000000,pose,23,0.5552719831,0.9140906930,-0.0078920303,0.9751132131
151,10.0750000000,pose,23,0.5551620722,0.9227407575,-0.0062090093,0.9750695229
152,10.1420000000,pose,23,0.5591329932,0.9264627695,0.0006900254,0.9753894210
153,10.2090000000,pose,23,0.5598955750,0.9260902405,-0.0050883684,0.9766623974
154,10.2750000000,pose,23,0.5655406117,0.9248831272,0.0034233853,0.9775065780
155,10.3420000000,pose,23,0.5648568273,0.9202218056,-0.0016722248,0.9776198268
156,10.4090000000,pose,23,0.5625066161,0.9174613357,0.0000400567,0.9785887003
157,10.4760000000,pose,23,0.5591055155,0.9176270962,-0.0008778567,0.9794311523
158,10.5420000000,pose,23,0.5588548183,0.9135528207,0.0053136931,0.9801092744
159,10.6090000000,pose,23,0.5561340451,0.9094454646,0.0052472474,0.9809774756
160,10.6760000000,pose,23,0.5561320782,0.9068944454,0.0016055155,0.9819247127
161,10.7420000000,pose,23,0.5571888089,0.9058178067,0.0091881789,0.9808281660
162,10.8090000000,pose,23,0.5597435832,0.9056524634,0.0109501444,0.9797990322
163,10.8760000000,pose,23,0.5596821308,0.9059630632,0.0059611034,0.9784697294
164,10.9430000000,pose,23,0.5572299957,0.9147819281,0.0051824921,0.9788498878
165,11.0090000000,pose,23,0.5553689599,0.9147132635,0.0094587570,0.9786014557
166,11.0760000000,pose,23,0.5553904176,0.9159489870,0.0127497660,0.9788258672
167,11.1430000000,pose,23,0.5571314692,0.9242962003,0.0117446566,0.9794000387
168,11.2100000000,pose,23,0.5608285069,0.9241437912,0.0100795235,0.9799404740
169,11.2760000000,pose,23,0.5578402877,0.9256547093,0.0118637625,0.9801291823
170,11.3430000000,pose,23,0.5577615499,0.9255692363,0.0121713402,0.9793487191
171,11.4100000000,pose,23,0.5577644706,0.9228024483,0.0118009401,0.9775233269
172,11.4760000000,pose,23,0.5586673617,0.9211462736,0.0118210604,0.9779892564
173,11.5430000000,pose,23,0.5582490563,0.9195569754,0.0179065149,0.9782409072
174,11.6100000000,pose,23,0.5470761061,0.9199514985,0.0180840082,0.9788681865
175,11.6770000000,pose,23,0.5473012328,0.9204471707,0.0038714495,0.9791938663
176,11.7430000000,pose,23,0.5475311875,0.9199714661,0.0050859852,0.9791401625
177,11.8100000000,pose,23,0.5538370609,0.9199057817,0.0011704352,0.9788927436
178,11.8770000000,pose,23,0.5593002439,0.9198964238,0.0121161453,0.9793972969
179,11.9430000000,pose,23,0.5592038035,0.9178645611,0.0119011402,0.9773514867
75,5.0040000000,pose,24,0.3785233796,0.8696221113,-0.0078788958,0.9694693685
76,5.0710000000,pose,24,0.3788183928,0.8655418754,-0.0015479246,0.9691051245
77,5.1380000000,pose,24,0.3789596558,0.8627016544,-0.0111507112,0.9697618484
78,5.2040000000,pose,24,0.3815488219,0.8764871955,-0.0079997675,0.9711881876
79,5.2710000000,pose,24,0.3835665584,0.8821608424,-0.0177448727,0.9710537791
80,5.3380000000,pose,24,0.3823545873,0.8836894631,-0.0184277110,0.9691355824
81,5.4050000000,pose,24,0.3714656234,0.8836513162,-0.0134202903,0.9677880406
82,5.4710000000,pose,24,0.3582077920,0.8833989501,-0.0180228017,0.9664587975
83,5.5380000000,pose,24,0.3604353964,0.8821468353,-0.0178112797,0.9638396502
84,5.6050000000,pose,24,0.3896620572,0.9042418599,-0.0027373745,0.9614533782
85,5.6710000000,pose,24,0.3889666796,0.9101217389,-0.0182012338,0.9634112716
86,5.7380000000,pose,24,0.3894058168,0.9176352620,-0.0184320845,0.9653358459
87,5.8050000000,pose,24,0.3887985349,0.9160653949,-0.0200437400,0.9668322802
88,5.8720000000,pose,24,0.3891871274,0.9152648449,-0.0165823344,0.9681351185
89,5.9380000000,pose,24,0.3907236457,0.9095240831,-0.0090082791,0.9703850150
90,6.0050000000,pose,24,0.3985987604,0.9086611867,-0.0081978189,0.9714335203
91,6.0720000000,pose,24,0.4045518339,0.8994007707,-0.0050250441,0.9735161066
92,6.1390000000,pose,24,0.4045835137,0.8987582326,-0.0013936927,0.9747384191
93,6.2050000000,pose,24,0.4040871859,0.8963779211,0.0054127229,0.9763297439
94,6.2720000000,pose,24,0.4019726515,0.8955194354,0.0049375943,0.9769611359
95,6.3390000000,pose,24,0.3950636983,0.9010174274,0.0027451548,0.9776076078
96,6.4050000000,pose,24,0.3914788961,0.9006102085,0.0016229582,0.9762989283
97,6.4720000000,pose,24,0.3917247057,0.8996819854,0.0015448306,0.9748339057
98,6.5390000000,pose,24,0.3926253319,0.9044227600,-0.0042835926,0.9747931957
99,6.6060000000,pose,24,0.3883504570,0.9031859636,0.0080004716,0.9725630879
100,6.6720000000,pose,24,0.3797155321,0.8952025175,-0.0008486538,0.9694666266
101,6.7390000000,pose,24,0.3738364279,0.8874998093,-0.0016767011,0.9653593302
102,6.8060000000,pose,24,0.3859935105,0.8850592375,-0.0035750978,0.9653291702
103,6.8720000000,pose,24,0.3896609843,0.8839987516,-0.0030789254,0.9652222991
104,6.9390000000,pose,24,0.3936640918,0.8969365358,-0.0028368325,0.9658277035
105,7.0060000000,pose,24,0.3917350173,0.8959643245,-0.0027732074,0.9670448303
106,7.0730000000,pose,24,0.3896258473,0.8902934194,-0.0031959983,0.9685431123
107,7.1390000000,pose,24,0.3901897967,0.8879116774,-0.0005900145,0.9717946649
108,7.2060000000,pose,24,0.3915534317,0.8880127668,-0.0005441496,0.9723211527
109,7.2730000000,pose,24,0.3988210261,0.8937781453,-0.0082874531,0.9732930660
110,7.3400000000,pose,24,0.4057931006,0.8934098482,-0.0109303491,0.9747697711
111,7.4060000000,pose,24,0.4073378146,0.8993973732,-0.0097209420,0.9759624004
112,7.4730000000,pose,24,0.4039954543,0.8996576667,-0.0183110945,0.9771096706
113,7.5400000000,pose,24,0.4031839073,0.8995799422,-0.0175049119,0.9774718285
114,7.6060000000,pose,24,0.4014191329,0.8998333216,-0.0177110396,0.9794503450
115,7.6730000000,pose,24,0.3984214962,0.8935815692,-0.0176401213,0.9808188677
116,7.7400000000,pose,24,0.3976525962,0.8951578140,-0.0104873292,0.9812738299
117,7.8070000000,pose,24,0.3978187144,0.8951816559,-0.0100817923,0.9811034203
118,7.8730000000,pose,24,0.3978110254,0.8953326941,-0.0096724341,0.9811041951
119,7.9400000000,pose,24,0.3949738443,0.8955997229,-0.0072707143,0.9812630415
120,8.0070000000,pose,24,0.3846619427,0.8963644505,-0.0072589684,0.9814282656
121,8.0740000000,pose,24,0.3835996687,0.9025590420,-0.0075024455,0.9821630716
122,8.1400000000,pose,24,0.3833987117,0.9052515030,-0.0059095961,0.9819479585
123,8.2070000000,pose,24,0.3835188746,0.9059464335,-0.0049409368,0.9815661907
124,8.2740000000,pose,24,0.3820913434,0.9050503373,-0.0032861449,0.9809235334
125,8.3400000000,pose,24,0.3894008696,0.9050550461,-0.0032706088,0.9815420508
126,8.4070000000,pose,24,0.3945483565,0.9039565921,-0.0122159021,0.9810491800
127,8.4740000000,pose,24,0.3987489045,0.9039933085,-0.0119307237,0.9814186692
128,8.5410000000,pose,24,0.4047825634,0.9101136923,-0.0119283646,0.9816336036
129,8.6070000000,pose,24,0.4041549563,0.9085714817,-0.0118777873,0.9816094041
130,8.6740000000,pose,24,0.4089401662,0.9073687196,-0.0187794287,0.9827847481
131,8.7410000000,pose,24,0.3994190395,0.9065739512,-0.0149544869,0.9839963317
132,8.8070000000,pose,24,0.4006132782,0.9062203765,-0.0118297571,0.9856306314
133,8.8740000000,pose,24,0.4016303718,0.9029399157,-0.0083775502,0.9850781560
134,8.9410000000,pose,24,0.4030241072,0.8967281580,-0.0112083573,0.9855737686
135,9.0080000000,pose,24,0.3997305632,0.8920977712,-0.0150162615,0.9839705825
136,9.0740000000,pose,24,0.4003133774,0.8870778084,-0.0146127781,0.9815945029
137,9.1410000000,pose,24,0.3969668150,0.8841745257,-0.0182283763,0.9794067740
138,9.2080000000,pose,24,0.3969399631,0.8810070753,-0.0147286840,0.9794421792
139,9.2750000000,pose,24,0.3953411877,0.8798336387,-0.0163516831,0.9804390073
140,9.3410000000,pose,24,0.3932302296,0.8780117035,-0.0164215788,0.9800531268
141,9.4080000000,pose,24,0.3931028545,0.8843494058,-0.0153970467,0.9781213999
142,9.4750000000,pose,24,0.3916568458,0.8880866170,-0.0160283484,0.9787355065
143,9.5410000000,pose,24,0.3909400403,0.8876457214,-0.0178491045,0.9790136218
144,9.6080000000,pose,24,0.3905300796,0.8884595037,-0.0186326206,0.9788796306
145,9.6750000000,pose,24,0.3899085224,0.8873541355,-0.0171700772,0.9786930084
146,9.7420000000,pose,24,0.3899193108,0.8751938343,-0.0047743181,0.9754503369
147,9.8080000000,pose,24,0.3829756975,0.8717467785,-0.0013555394,0.9743614793
148,9.8750000000,pose,24,0.3773212135,0.8713525534,-0.0052524712,0.9726922512
149,9.9420000000,pose,24,0.3863770366,0.8716997504,0.0096566528,0.9737566710
150,10.0080000000,pose,24,0.3816545606,0.8757356405,0.0074213268,0.9752225876
151,10.0750000000,pose,24,0.3805041611,0.8849997520,0.0057500592,0.9749968648
152,10.1420000000,pose,24,0.3859631717,0.8971287012,-0.0011354166,0.9747499824
153,10.2090000000,pose,24,0.3867440522,0.8963737488,0.0046835607,0.9759895802
154,10.2750000000,pose,24,0.3907847703,0.8957688808,-0.0038568482,0.9771382809
155,10.3420000000,pose,24,0.3906963468,0.8908374906,0.0012785172,0.9771519899
156,10.4090000000,pose,24,0.3911919594,0.8877415657,-0.0004313038,0.9782291055
157,10.4760000000,pose,24,0.3911531568,0.8880756497,0.0005053801,0.9791824222
158,10.5420000000,pose,24,0.3911973834,0.8876132965,-0.0056984071,0.9796602130
159,10.6090000000,pose,24,0.3905157745,0.8790075779,-0.0056265648,0.9803719521
160,10.6760000000,pose,24,0.3932157457,0.8748910427,-0.0019941696,0.9810697436
161,10.7420000000,pose,24,0.3928260505,0.8745309711,-0.0095603606,0.9801157117
162,10.8090000000,pose,24,0.3970435262,0.8745739460,-0.0113323005,0.9795631766
163,10.8760000000,pose,24,0.3970319033,0.8762350678,-0.0063394913,0.9783314466
164,10.9430000000,pose,24,0.3959039450,0.8801165223,-0.0055652848,0.9786973000
165,11.0090000000,pose,24,0.3959404528,0.8804340363,-0.0098800482,0.9787265062
166,11.0760000000,pose,24,0.3939303458,0.8834643364,-0.0131627126,0.9792009592
167,11.1430000000,pose,24,0.3974419534,0.9049458504,-0.0121525126,0.9796233773
168,11.2100000000,pose,24,0.3991399407,0.9045090675,-0.0104775326,0.9801861644
169,11.2760000000,pose,24,0.3834159672,0.9041537046,-0.0122571802,0.9805805087
170,11.3430000000,pose,24,0.3782204092,0.8945019245,-0.0125920419,0.9795970321
171,11.4100000000,pose,24,0.3793573678,0.8867465258,-0.0122494074,0.9781602621
172,11.4760000000,pose,24,0.3800001442,0.8854485154,-0.0122644939,0.9785150886
173,11.5430000000,pose,24,0.3801307082,0.8839209080,-0.0183275864,0.9788894653
174,11.6100000000,pose,24,0.3802772760,0.8795462847,-0.0184839610,0.9795410037
175,11.6770000000,pose,24,0.3827298880,0.8795803189,-0.0041748872,0.9799536467
176,11.7430000000,pose,24,0.3862441778,0.8797639608,-0.0053589842,0.9792393446
177,11.8100000000,pose,24,0.3871463239,0.8840621114,-0.0015144747,0.9778670073
178,11.8770000000,pose,24,0.3935824335,0.8920314908,-0.0124987820,0.9786570072
179,11.9430000000,pose,24,0.3934202790,0.8898418546,-0.0122825978,0.9761476517
75,5.0040000000,right_hand,0,0.3430183530,0.6367933750,0.0000002569,1.0000000000
76,5.0710000000,right_hand,0,0.3499451578,0.6345027089,0.0000002770,1.0000000000
77,5.1380000000,right_hand,0,0.3457881808,0.6384629011,0.0000002571,1.0000000000
78,5.2040000000,right_hand,0,0.3491419554,0.6441534162,0.0000002877,1.0000000000
79,5.2710000000,right_hand,0,0.3477311730,0.6401519775,0.0000002471,1.0000000000
80,5.3380000000,right_hand,0,0.3461540937,0.6373148561,0.0000002410,1.0000000000
81,5.4050000000,right_hand,0,0.3436394036,0.6356831789,0.0000002421,1.0000000000
82,5.4710000000,right_hand,0,0.3393468559,0.6287791729,0.0000002309,1.0000000000
83,5.5380000000,right_hand,0,0.3377086520,0.6218650937,0.0000002333,1.0000000000
84,5.6050000000,right_hand,0,0.3298597336,0.6233960390,0.0000001540,1.0000000000
85,5.6710000000,right_hand,0,0.3226210177,0.6234365702,0.0000001856,1.0000000000
86,5.7380000000,right_hand,0,0.3232039511,0.6173673868,0.0000002389,1.0000000000
87,5.8050000000,right_hand,0,0.3242091537,0.6144741774,0.0000000305,1.0000000000
88,5.8720000000,right_hand,0,0.3236921877,0.6034529209,-0.0000000532,1.0000000000
89,5.9380000000,right_hand,0,0.3231752217,0.5924316645,-0.0000001370,1.0000000000
90,6.0050000000,right_hand,0,0.3560962230,0.6261292398,-0.0000000703,1.0000000000
91,6.0720000000,right_hand,0,0.3890172243,0.6598268151,-0.0000000036,1.0000000000
92,6.1390000000,right_hand,0,0.4929936826,0.5531595945,-0.0000002185,1.0000000000
93,6.2050000000,right_hand,0,0.3929866999,0.5784148872,-0.0000000583,1.0000000000
94,6.2720000000,right_hand,0,0.2929797173,0.6036701798,0.0000001019,1.0000000000
95,6.3390000000,right_hand,0,0.2989573181,0.5999836326,0.0000000598,1.0000000000
96,6.4050000000,right_hand,0,0.2978565842,0.6136389971,0.0000000449,1.0000000000
97,6.4720000000,right_hand,0,0.2967558503,0.6272943616,0.0000000301,1.0000000000
98,6.5390000000,right_hand,0,0.2964401742,0.6223418514,0.0000000481,1.0000000000
99,6.6060000000,right_hand,0,0.2961244980,0.6173893412,0.0000000661,1.0000000000
100,6.6720000000,right_hand,0,0.2958088219,0.6124368310,0.0000000841,1.0000000000
101,6.7390000000,right_hand,0,0.2975859642,0.6053950191,0.0000000808,1.0000000000
102,6.8060000000,right_hand,0,0.2993631065,0.5983532071,0.0000000774,1.0000000000
103,6.8720000000,right_hand,0,0.3061426878,0.5744429231,0.0000001628,1.0000000000
104,6.9390000000,right_hand,0,0.3031937480,0.5905935168,0.0000001260,1.0000000000
105,7.0060000000,right_hand,0,0.3049742579,0.5953301787,0.0000000730,1.0000000000
106,7.0730000000,right_hand,0,0.3149580061,0.5993081927,0.0000000368,1.0000000000
107,7.1390000000,right_hand,0,0.3022349775,0.6233279109,0.0000001127,1.0000000000
108,7.2060000000,right_hand,0,0.3049063683,0.6032866240,0.0000001397,1.0000000000
109,7.2730000000,right_hand,0,0.3054450154,0.5911511183,0.0000000893,1.0000000000
110,7.3400000000,right_hand,0,0.3020925820,0.6055667996,0.0000000556,1.0000000000
111,7.4060000000,right_hand,0,0.2987401485,0.6199824810,0.0000000219,1.0000000000
112,7.4730000000,right_hand,0,0.3027048111,0.6177889109,0.0000001079,1.0000000000
113,7.5400000000,right_hand,0,0.3021549433,0.6250523925,0.0000000946,1.0000000000
114,7.6060000000,right_hand,0,0.3016050756,0.6323158741,0.0000000812,1.0000000000
115,7.6730000000,right_hand,0,0.3072975874,0.6387041211,0.0000000850,1.0000000000
116,7.7400000000,right_hand,0,0.3075915426,0.6263070703,-0.0000000167,1.0000000000
117,7.8070000000,right_hand,0,0.3078854978,0.6139100194,-0.0000001184,1.0000000000
118,7.8730000000,right_hand,0,0.2986806333,0.6015135646,0.0000000058,1.0000000000
119,7.9400000000,right_hand,0,0.3005679250,0.6093754768,0.0000000268,1.0000000000
120,8.0070000000,right_hand,0,0.2983270586,0.5996892452,0.0000000199,1.0000000000
121,8.0740000000,right_hand,0,0.2979103923,0.5997298062,-0.0000000092,1.0000000000
122,8.1400000000,right_hand,0,0.2974937260,0.5997703671,-0.0000000383,1.0000000000
123,8.2070000000,right_hand,0,0.3003211617,0.5965716839,-0.0000000110,1.0000000000
124,8.2740000000,right_hand,0,0.3032243848,0.6002898216,0.0000000365,1.0000000000
125,8.3400000000,right_hand,0,0.3031008840,0.5955347419,0.0000000625,1.0000000000
126,8.4070000000,right_hand,0,0.3015161753,0.6070255637,0.0000000697,1.0000000000
127,8.4740000000,right_hand,0,0.2990263700,0.5925461054,0.0000000502,1.0000000000
128,8.5410000000,right_hand,0,0.2988860011,0.5841836333,0.0000000615,1.0000000000
129,8.6070000000,right_hand,0,0.3017105162,0.5899398327,0.0000000384,1.0000000000
130,8.6740000000,right_hand,0,0.2994617124,0.5821256836,0.0000001335,1.0000000000
131,8.7410000000,right_hand,0,0.2972129087,0.5743115346,0.0000002287,1.0000000000
132,8.8070000000,right_hand,0,0.2949641049,0.5664973855,0.0000003239,1.0000000000
133,8.8740000000,right_hand,0,0.2963181138,0.5685451627,0.0000002614,1.0000000000
134,8.9410000000,right_hand,0,0.2869956195,0.5799621344,0.0000002306,1.0000000000
135,9.0080000000,right_hand,0,0.2814978957,0.5989751220,0.0000002500,1.0000000000
136,9.0740000000,right_hand,0,0.2814341486,0.6028894186,0.0000003752,1.0000000000
137,9.1410000000,right_hand,0,0.2883047163,0.5866592526,0.0000003238,1.0000000000
138,9.2080000000,right_hand,0,0.2891377807,0.5671809316,0.0000002791,1.0000000000
139,9.2750000000,right_hand,0,0.2892877162,0.5433878303,0.0000003485,1.0000000000
140,9.3410000000,right_hand,0,0.2870039344,0.5328891873,0.0000003763,1.0000000000
141,9.4080000000,right_hand,0,0.2861724794,0.5417217016,0.0000003520,1.0000000000
142,9.4750000000,right_hand,0,0.2802124321,0.5433204174,0.0000004267,1.0000000000
143,9.5410000000,right_hand,0,0.2793150544,0.5581798553,0.0000003924,1.0000000000
144,9.6080000000,right_hand,0,0.2811293602,0.5538937449,0.0000003953,1.0000000000
145,9.6750000000,right_hand,0,0.4509748816,0.5415322483,0.0000001894,1.0000000000
146,9.7420000000,right_hand,0,0.6208204031,0.5291707516,-0.0000000165,1.0000000000
147,9.8080000000,right_hand,0,0.4548632950,0.5280645788,0.0000001600,1.0000000000
148,9.8750000000,right_hand,0,0.2889061868,0.5269584060,0.0000003366,1.0000000000
149,9.9420000000,right_hand,0,0.2863873343,0.5355259379,0.0000002831,1.0000000000
150,10.0080000000,right_hand,0,0.2838684817,0.5440934698,0.0000002296,1.0000000000
151,10.0750000000,right_hand,0,0.2813496292,0.5526610017,0.0000001761,1.0000000000
152,10.1420000000,right_hand,0,0.2758395672,0.5552412271,0.0000002159,1.0000000000
153,10.2090000000,right_hand,0,0.2769547105,0.5641323924,0.0000001146,1.0000000000
154,10.2750000000,right_hand,0,0.2786217928,0.5629090071,0.0000001544,1.0000000000
155,10.3420000000,right_hand,0,0.2781082094,0.5668178201,0.0000002300,1.0000000000
156,10.4090000000,right_hand,0,0.2828487456,0.5633119345,0.0000002692,1.0000000000
157,10.4760000000,right_hand,0,0.2825289369,0.5646014214,0.0000002819,1.0000000000
158,10.5420000000,right_hand,0,0.2844487131,0.5932680368,0.0000002565,1.0000000000
159,10.6090000000,right_hand,0,0.2901682258,0.5955656767,0.0000003231,1.0000000000
160,10.6760000000,right_hand,0,0.2857735455,0.5868917704,0.0000002741,1.0000000000
161,10.7420000000,right_hand,0,0.2919998765,0.5936760902,0.0000003028,1.0000000000
162,10.8090000000,right_hand,0,0.2926618755,0.5845334530,0.0000002571,1.0000000000
163,10.8760000000,right_hand,0,0.2908043861,0.5721835494,0.0000003002,1.0000000000
164,10.9430000000,right_hand,0,0.2881440222,0.5636628270,0.0000003317,1.0000000000
165,11.0090000000,right_hand,0,0.2913967967,0.5730829239,0.0000003666,1.0000000000
166,11.0760000000,right_hand,0,0.2922037542,0.5622015595,0.0000003040,1.0000000000
167,11.1430000000,right_hand,0,0.2943179607,0.5709244013,0.0000003347,1.0000000000
168,11.2100000000,right_hand,0,0.2903114557,0.5793913603,0.0000002430,1.0000000000
169,11.2760000000,right_hand,0,0.2934431136,0.5657781363,0.0000003120,1.0000000000
170,11.3430000000,right_hand,0,0.2921909094,0.5597950220,0.0000002290,1.0000000000
171,11.4100000000,right_hand,0,0.2896476090,0.5576542020,0.0000001484,1.0000000000
172,11.4760000000,right_hand,0,0.2828804851,0.5642731786,0.0000000114,1.0000000000
173,11.5430000000,right_hand,0,0.2814041972,0.5750470161,0.0000000119,1.0000000000
174,11.6100000000,right_hand,0,0.2831747532,0.5744884014,0.0000001070,1.0000000000
175,11.6770000000,right_hand,0,0.2844358087,0.5794201493,0.0000000961,1.0000000000
176,11.7430000000,right_hand,0,0.2932593226,0.5854578018,0.0000001442,1.0000000000
177,11.8100000000,right_hand,0,0.2834905088,0.5718762875,0.0000001567,1.0000000000
178,11.8770000000,right_hand,0,0.2855932713,0.5625171065,0.0000001987,1.0000000000
179,11.9430000000,right_hand,0,0.2876960337,0.5531579256,0.0000002406,1.0000000000
75,5.0040000000,right_hand,1,0.3745658398,0.6191577911,-0.0008725824,1.0000000000
76,5.0710000000,right_hand,1,0.3830482662,0.6221687198,-0.0019745075,1.0000000000
77,5.1380000000,right_hand,1,0.3775186539,0.6220042706,-0.0025798427,1.0000000000
78,5.2040000000,right_hand,1,0.3820987046,0.6292178035,-0.0077394382,1.0000000000
79,5.2710000000,right_hand,1,0.3823947012,0.6273927689,-0.0046104016,1.0000000000
80,5.3380000000,right_hand,1,0.3810432553,0.6245267987,-0.0040973425,1.0000000000
81,5.4050000000,right_hand,1,0.3791652024,0.6178795099,-0.0066812341,1.0000000000
82,5.4710000000,right_hand,1,0.3718001544,0.6018126607,-0.0070154886,1.0000000000
83,5.5380000000,right_hand,1,0.3679921925,0.5940962434,-0.0084331501,1.0000000000
84,5.6050000000,right_hand,1,0.3587098718,0.5935179591,-0.0065508317,1.0000000000
85,5.6710000000,right_hand,1,0.3465812802,0.5923826694,-0.0105056446,1.0000000000
86,5.7380000000,right_hand,1,0.3513188064,0.5792737007,-0.0128451483,1.0000000000
87,5.8050000000,right_hand,1,0.3482893705,0.6019367576,-0.0095174313,1.0000000000
88,5.8720000000,right_hand,1,0.3456031382,0.5855404735,-0.0138212927,1.0000000000
89,5.9380000000,right_hand,1,0.3429169059,0.5691441894,-0.0181251541,1.0000000000
90,6.0050000000,right_hand,1,0.3651200533,0.5940337777,-0.0101061043,1.0000000000
91,6.0720000000,right_hand,1,0.3873232007,0.6189233661,-0.0020870545,1.0000000000
92,6.1390000000,right_hand,1,0.5213536024,0.5980901122,-0.0037468730,1.0000000000
93,6.2050000000,right_hand,1,0.4185615629,0.5854836106,-0.0062654560,1.0000000000
94,6.2720000000,right_hand,1,0.3157695234,0.5728771091,-0.0087840389,1.0000000000
95,6.3390000000,right_hand,1,0.3171000183,0.5738920569,-0.0129683325,1.0000000000
96,6.4050000000,right_hand,1,0.3171547055,0.5897214413,-0.0105973529,1.0000000000
97,6.4720000000,right_hand,1,0.3172093928,0.6055508256,-0.0082263732,1.0000000000
98,6.5390000000,right_hand,1,0.3172844946,0.5980739594,-0.0089278109,1.0000000000
99,6.6060000000,right_hand,1,0.3173595965,0.5905970931,-0.0096292486,1.0000000000
100,6.6720000000,right_hand,1,0.3174346983,0.5831202269,-0.0103306863,1.0000000000
101,6.7390000000,right_hand,1,0.3203216344,0.5786666572,-0.0096323802,1.0000000000
102,6.8060000000,right_hand,1,0.3232085705,0.5742130876,-0.0089340741,1.0000000000
103,6.8720000000,right_hand,1,0.3286228776,0.5701453090,-0.0080576660,1.0000000000
104,6.9390000000,right_hand,1,0.3298266232,0.5691114068,-0.0097508691,1.0000000000
105,7.0060000000,right_hand,1,0.3256387115,0.5725883842,-0.0147825265,1.0000000000
106,7.0730000000,right_hand,1,0.3293235302,0.5812826753,-0.0076456056,1.0000000000
107,7.1390000000,right_hand,1,0.3211346567,0.5859858990,-0.0147536369,1.0000000000
108,7.2060000000,right_hand,1,0.3251694143,0.5782390237,-0.0129122389,1.0000000000
109,7.2730000000,right_hand,1,0.3247891665,0.5737904906,-0.0123757757,1.0000000000
110,7.3400000000,right_hand,1,0.3217323869,0.5812763274,-0.0115985279,1.0000000000
111,7.4060000000,right_hand,1,0.3186756074,0.5887621641,-0.0108212801,1.0000000000
112,7.4730000000,right_hand,1,0.3214353025,0.5938075185,-0.0084747272,1.0000000000
113,7.5400000000,right_hand,1,0.3198936582,0.6004756689,-0.0109554920,1.0000000000
114,7.6060000000,right_hand,1,0.3183520138,0.6071438193,-0.0134362569,1.0000000000
115,7.6730000000,right_hand,1,0.3190822005,0.6138262153,-0.0109877912,1.0000000000
116,7.7400000000,right_hand,1,0.3216613084,0.5993595123,-0.0143115255,1.0000000000
117,7.8070000000,right_hand,1,0.3242404163,0.5848928094,-0.0176352598,1.0000000000
118,7.8730000000,right_hand,1,0.3183512986,0.5778142214,-0.0147304330,1.0000000000
119,7.9400000000,right_hand,1,0.3188142478,0.5856143832,-0.0154839708,1.0000000000
120,8.0070000000,right_hand,1,0.3189087510,0.5819953680,-0.0118073011,1.0000000000
121,8.0740000000,right_hand,1,0.3172332644,0.5807726681,-0.0163815380,1.0000000000
122,8.1400000000,right_hand,1,0.3155577779,0.5795499682,-0.0209557749,1.0000000000
123,8.2070000000,right_hand,1,0.3195252120,0.5779560804,-0.0153152561,1.0000000000
124,8.2740000000,right_hand,1,0.3218670785,0.5816987753,-0.0146996612,1.0000000000
125,8.3400000000,right_hand,1,0.3200368285,0.5813885331,-0.0153472228,1.0000000000
126,8.4070000000,right_hand,1,0.3194601536,0.5806378126,-0.0220573619,1.0000000000
127,8.4740000000,right_hand,1,0.3208717108,0.5737259388,-0.0163244456,1.0000000000
128,8.5410000000,right_hand,1,0.3173605800,0.5729804635,-0.0111957332,1.0000000000
129,8.6070000000,right_hand,1,0.3110981584,0.6016934514,-0.0063525275,1.0000000000
130,8.6740000000,right_hand,1,0.3137000004,0.5872510274,-0.0074359334,1.0000000000
131,8.7410000000,right_hand,1,0.3163018425,0.5728086034,-0.0085193392,1.0000000000
132,8.8070000000,right_hand,1,0.3189036846,0.5583661795,-0.0096027451,1.0000000000
133,8.8740000000,right_hand,1,0.3253346682,0.5516684055,-0.0043390202,1.0000000000
134,8.9410000000,right_hand,1,0.3153260052,0.5649146438,-0.0040154960,1.0000000000
135,9.0080000000,right_hand,1,0.3123496771,0.5912443399,-0.0047427658,1.0000000000
136,9.0740000000,right_hand,1,0.3135966957,0.5993888974,-0.0052638492,1.0000000000
137,9.1410000000,right_hand,1,0.3210746944,0.5925886035,-0.0036373215,1.0000000000
138,9.2080000000,right_hand,1,0.3225407004,0.5719221830,-0.0021699977,1.0000000000
139,9.2750000000,right_hand,1,0.3222840130,0.5438523293,-0.0030192626,1.0000000000
140,9.3410000000,right_hand,1,0.3195095360,0.5329612494,-0.0024188089,1.0000000000
141,9.4080000000,right_hand,1,0.3171125352,0.5345699787,-0.0006005122,1.0000000000
142,9.4750000000,right_hand,1,0.3140510321,0.5432159305,-0.0031894571,1.0000000000
143,9.5410000000,right_hand,1,0.3105839491,0.5527439713,-0.0031978560,1.0000000000
144,9.6080000000,right_hand,1,0.3050286174,0.5637230277,-0.0065980987,1.0000000000
145,9.6750000000,right_hand,1,0.4498881698,0.5400939882,-0.0065833090,1.0000000000
146,9.7420000000,right_hand,1,0.5947477221,0.5164649487,-0.0065685194,1.0000000000
147,9.8080000000,right_hand,1,0.4568523914,0.5193180442,-0.0059469806,1.0000000000
148,9.8750000000,right_hand,1,0.3189570606,0.5221711397,-0.0053254417,1.0000000000
149,9.9420000000,right_hand,1,0.3153838515,0.5284126600,-0.0023238841,1.0000000000
150,10.0080000000,right_hand,1,0.3118106425,0.5346541802,0.0006776736,1.0000000000
151,10.0750000000,right_hand,1,0.3082374334,0.5408957005,0.0036792313,1.0000000000
152,10.1420000000,right_hand,1,0.2917088568,0.5793745518,-0.0145224938,1.0000000000
153,10.2090000000,right_hand,1,0.3028837442,0.5829520226,0.0006157068,1.0000000000
154,10.2750000000,right_hand,1,0.3042367697,0.5847030878,0.0030157999,1.0000000000
155,10.3420000000,right_hand,1,0.3097837567,0.5771254897,0.0030352250,1.0000000000
156,10.4090000000,right_hand,1,0.3142306805,0.5655951500,-0.0022746520,1.0000000000
157,10.4760000000,right_hand,1,0.3133415282,0.5680211186,0.0000363164,1.0000000000
158,10.5420000000,right_hand,1,0.3153881431,0.5989568233,-0.0004717448,1.0000000000
159,10.6090000000,right_hand,1,0.3234671056,0.6026035547,-0.0053542047,1.0000000000
160,10.6760000000,right_hand,1,0.3179461360,0.5895180702,-0.0011257074,1.0000000000
161,10.7420000000,right_hand,1,0.3224583268,0.5946974158,-0.0024114638,1.0000000000
162,10.8090000000,right_hand,1,0.3279816508,0.5840856433,-0.0044879210,1.0000000000
163,10.8760000000,right_hand,1,0.3219847977,0.5599302053,-0.0023932320,1.0000000000
164,10.9430000000,right_hand,1,0.3230597079,0.5602654815,-0.0036672007,1.0000000000
165,11.0090000000,right_hand,1,0.3251811266,0.5816093683,-0.0022485028,1.0000000000
166,11.0760000000,right_hand,1,0.3251626790,0.5812802911,-0.0056561450,1.0000000000
167,11.1430000000,right_hand,1,0.3292423487,0.5688357353,-0.0022740152,1.0000000000
168,11.2100000000,right_hand,1,0.3204703033,0.5761616230,0.0004465392,1.0000000000
169,11.2760000000,right_hand,1,0.3208163977,0.5716623664,0.0033810155,1.0000000000
170,11.3430000000,right_hand,1,0.3142059445,0.5343806148,0.0065283272,1.0000000000
171,11.4100000000,right_hand,1,0.3087788224,0.5317204595,0.0090167597,1.0000000000
172,11.4760000000,right_hand,1,0.3034753203,0.5323754549,0.0120499805,1.0000000000
173,11.5430000000,right_hand,1,0.3043733835,0.5585185289,0.0109407837,1.0000000000
174,11.6100000000,right_hand,1,0.3130076826,0.5969956517,0.0089686140,1.0000000000
175,11.6770000000,right_hand,1,0.3061592579,0.5636847019,0.0127919810,1.0000000000
176,11.7430000000,right_hand,1,0.3155545294,0.5719493032,0.0045962934,1.0000000000
177,11.8100000000,right_hand,1,0.2981319427,0.5668303967,-0.0023190696,1.0000000000
178,11.8770000000,right_hand,1,0.3071467131,0.5571265221,0.0000756280,1.0000000000
179,11.9430000000,right_hand,1,0.3161614835,0.5474226475,0.0024703257,1.0000000000
75,5.0040000000,right_hand,2,0.4048792124,0.6233181953,-0.0057942658,1.0000000000
76,5.0710000000,right_hand,2,0.4183093309,0.6359844208,-0.0060835485,1.0000000000
77,5.1380000000,right_hand,2,0.4098242521,0.6288810968,-0.0078633679,1.0000000000
78,5.2040000000,right_hand,2,0.4179674089,0.6392455101,-0.0148332082,1.0000000000
79,5.2710000000,right_hand,2,0.4187104404,0.6384290457,-0.0104986764,1.0000000000
80,5.3380000000,right_hand,2,0.4176229239,0.6343456507,-0.0095621319,1.0000000000
81,5.4050000000,right_hand,2,0.4182424843,0.6270946264,-0.0131740728,1.0000000000
82,5.4710000000,right_hand,2,0.4099418819,0.5987103581,-0.0127380360,1.0000000000
83,5.5380000000,right_hand,2,0.4051374793,0.5863863230,-0.0144916745,1.0000000000
84,5.6050000000,right_hand,2,0.3959751427,0.5792423487,-0.0117093464,1.0000000000
85,5.6710000000,right_hand,2,0.3814419806,0.5706529617,-0.0177669581,1.0000000000
86,5.7380000000,right_hand,2,0.3827486038,0.5561668277,-0.0207694955,1.0000000000
87,5.8050000000,right_hand,2,0.3786856532,0.5961446762,-0.0154988039,1.0000000000
88,5.8720000000,right_hand,2,0.3709482104,0.5760880709,-0.0253623640,1.0000000000
89,5.9380000000,right_hand,2,0.3632107675,0.5560314655,-0.0352259241,1.0000000000
90,6.0050000000,right_hand,2,0.3757265806,0.5725649893,-0.0211123596,1.0000000000
91,6.0720000000,right_hand,2,0.3882423937,0.5890985131,-0.0069987951,1.0000000000
92,6.1390000000,right_hand,2,0.5488733053,0.6303149462,-0.0187376775,1.0000000000
93,6.2050000000,right_hand,2,0.4457007796,0.5978443325,-0.0159095065,1.0000000000
94,6.2720000000,right_hand,2,0.3425282538,0.5653737187,-0.0130813355,1.0000000000
95,6.3390000000,right_hand,2,0.3430750668,0.5652223229,-0.0203950014,1.0000000000
96,6.4050000000,right_hand,2,0.3423771113,0.5889674127,-0.0163562074,1.0000000000
97,6.4720000000,right_hand,2,0.3416791558,0.6127125025,-0.0123174135,1.0000000000
98,6.5390000000,right_hand,2,0.3424127003,0.5998373826,-0.0137310550,1.0000000000
99,6.6060000000,right_hand,2,0.3431462447,0.5869622628,-0.0151446965,1.0000000000
100,6.6720000000,right_hand,2,0.3438797891,0.5740871429,-0.0165583380,1.0000000000
101,6.7390000000,right_hand,2,0.3472029418,0.5714615583,-0.0160522531,1.0000000000
102,6.8060000000,right_hand,2,0.3505260944,0.5688359737,-0.0155461682,1.0000000000
103,6.8720000000,right_hand,2,0.3510981798,0.5720431209,-0.0180605687,1.0000000000
104,6.9390000000,right_hand,2,0.3566344380,0.5644178987,-0.0186451077,1.0000000000
105,7.0060000000,right_hand,2,0.3501235545,0.5667750835,-0.0231332295,1.0000000000
106,7.0730000000,right_hand,2,0.3487514853,0.5720964670,-0.0164592750,1.0000000000
107,7.1390000000,right_hand,2,0.3486058712,0.5676094890,-0.0241979100,1.0000000000
108,7.2060000000,right_hand,2,0.3490861058,0.5679537654,-0.0203305371,1.0000000000
109,7.2730000000,right_hand,2,0.3476236165,0.5714137554,-0.0193317775,1.0000000000
110,7.3400000000,right_hand,2,0.3466841877,0.5728452504,-0.0186961805,1.0000000000
111,7.4060000000,right_hand,2,0.3457447588,0.5742767453,-0.0180605836,1.0000000000
112,7.4730000000,right_hand,2,0.3441172540,0.5831966400,-0.0148109039,1.0000000000
113,7.5400000000,right_hand,2,0.3434473574,0.5897043049,-0.0184833040,1.0000000000
114,7.6060000000,right_hand,2,0.3427774608,0.5962119699,-0.0221557040,1.0000000000
115,7.6730000000,right_hand,2,0.3395479023,0.6021772623,-0.0179045536,1.0000000000
116,7.7400000000,right_hand,2,0.3417784423,0.5849363506,-0.0253360663,1.0000000000
117,7.8070000000,right_hand,2,0.3440089822,0.5676954389,-0.0327675790,1.0000000000
118,7.8730000000,right_hand,2,0.3444099426,0.5764966607,-0.0221182685,1.0000000000
119,7.9400000000,right_hand,2,0.3445760608,0.5808137655,-0.0251845494,1.0000000000
120,8.0070000000,right_hand,2,0.3449366093,0.5814546943,-0.0172320157,1.0000000000
121,8.0740000000,right_hand,2,0.3433100432,0.5788784623,-0.0250979159,1.0000000000
122,8.1400000000,right_hand,2,0.3416834772,0.5763022304,-0.0329638161,1.0000000000
123,8.2070000000,right_hand,2,0.3462635875,0.5777322650,-0.0230362583,1.0000000000
124,8.2740000000,right_hand,2,0.3478843868,0.5833806396,-0.0234765857,1.0000000000
125,8.3400000000,right_hand,2,0.3431250453,0.5812809467,-0.0236728229,1.0000000000
126,8.4070000000,right_hand,2,0.3481146991,0.5734855533,-0.0341217965,1.0000000000
127,8.4740000000,right_hand,2,0.3490675390,0.5761010647,-0.0248477738,1.0000000000
128,8.5410000000,right_hand,2,0.3406196535,0.5783953071,-0.0195697024,1.0000000000
129,8.6070000000,right_hand,2,0.3280483186,0.6173498631,-0.0137107940,1.0000000000
130,8.6740000000,right_hand,2,0.3313160638,0.6005481084,-0.0163752977,1.0000000000
131,8.7410000000,right_hand,2,0.3345838090,0.5837463538,-0.0190398013,1.0000000000
132,8.8070000000,right_hand,2,0.3378515542,0.5669445992,-0.0217043050,1.0000000000
133,8.8740000000,right_hand,2,0.3491199613,0.5521101952,-0.0139902784,1.0000000000
134,8.9410000000,right_hand,2,0.3409017622,0.5609384179,-0.0124456501,1.0000000000
135,9.0080000000,right_hand,2,0.3387735486,0.5890217423,-0.0138695212,1.0000000000
136,9.0740000000,right_hand,2,0.3417555988,0.5978499055,-0.0158926807,1.0000000000
137,9.1410000000,right_hand,2,0.3508090079,0.6010271311,-0.0141261164,1.0000000000
138,9.2080000000,right_hand,2,0.3507260680,0.5844891071,-0.0126379523,1.0000000000
139,9.2750000000,right_hand,2,0.3507512510,0.5630865693,-0.0146429865,1.0000000000
140,9.3410000000,right_hand,2,0.3479242921,0.5527262092,-0.0122496923,1.0000000000
141,9.4080000000,right_hand,2,0.3441214263,0.5472079515,-0.0076042837,1.0000000000
142,9.4750000000,right_hand,2,0.3401885033,0.5570924282,-0.0140070766,1.0000000000
143,9.5410000000,right_hand,2,0.3383402824,0.5587939024,-0.0131326644,1.0000000000
144,9.6080000000,right_hand,2,0.3258959651,0.5800427198,-0.0196407307,1.0000000000
145,9.6750000000,right_hand,2,0.4438156188,0.5474443436,-0.0162652866,1.0000000000
146,9.7420000000,right_hand,2,0.5617352724,0.5148459673,-0.0128898425,1.0000000000
147,9.8080000000,right_hand,2,0.4532408416,0.5230433941,-0.0137682171,1.0000000000
148,9.8750000000,right_hand,2,0.3447464108,0.5312408209,-0.0146465916,1.0000000000
149,9.9420000000,right_hand,2,0.3415949444,0.5329999924,-0.0102355531,1.0000000000
150,10.0080000000,right_hand,2,0.3384434779,0.5347591639,-0.0058245147,1.0000000000
151,10.0750000000,right_hand,2,0.3352920115,0.5365183353,-0.0014134762,1.0000000000
152,10.1420000000,right_hand,2,0.3124924004,0.5916595459,-0.0242805947,1.0000000000
153,10.2090000000,right_hand,2,0.3284084201,0.5903699398,-0.0028026085,1.0000000000
154,10.2750000000,right_hand,2,0.3291200399,0.5921505690,0.0032589610,1.0000000000
155,10.3420000000,right_hand,2,0.3351094425,0.5812969804,-0.0020771304,1.0000000000
156,10.4090000000,right_hand,2,0.3393898904,0.5661926866,-0.0121151470,1.0000000000
157,10.4760000000,right_hand,2,0.3379847109,0.5721266270,-0.0092645353,1.0000000000
158,10.5420000000,right_hand,2,0.3387758732,0.5993456841,-0.0092672966,1.0000000000
159,10.6090000000,right_hand,2,0.3470840752,0.6023787856,-0.0185892694,1.0000000000
160,10.6760000000,right_hand,2,0.3426065445,0.5887283683,-0.0104092238,1.0000000000
161,10.7420000000,right_hand,2,0.3445877433,0.5926297903,-0.0121778036,1.0000000000
162,10.8090000000,right_hand,2,0.3563301563,0.5783614516,-0.0147654982,1.0000000000
163,10.8760000000,right_hand,2,0.3506911099,0.5552786589,-0.0119493976,1.0000000000
164,10.9430000000,right_hand,2,0.3522241116,0.5637156367,-0.0158958435,1.0000000000
165,11.0090000000,right_hand,2,0.3501983285,0.5900491476,-0.0141434716,1.0000000000
166,11.0760000000,right_hand,2,0.3506558537,0.5934603810,-0.0174928363,1.0000000000
167,11.1430000000,right_hand,2,0.3552705646,0.5675019026,-0.0141469100,1.0000000000
168,11.2100000000,right_hand,2,0.3494386971,0.5742930174,-0.0064155599,1.0000000000
169,11.2760000000,right_hand,2,0.3441620469,0.5688543916,-0.0018486147,1.0000000000
170,11.3430000000,right_hand,2,0.3392121494,0.5237228870,0.0046617175,1.0000000000
171,11.4100000000,right_hand,2,0.3337217867,0.5233434439,0.0101400968,1.0000000000
172,11.4760000000,right_hand,2,0.3276396394,0.5227023363,0.0128006386,1.0000000000
173,11.5430000000,right_hand,2,0.3275456727,0.5512749553,0.0107654138,1.0000000000
174,11.6100000000,right_hand,2,0.3375860155,0.5979671478,0.0124081653,1.0000000000
175,11.6770000000,right_hand,2,0.3282739520,0.5580936670,0.0125175770,1.0000000000
176,11.7430000000,right_hand,2,0.3325679004,0.5594433546,-0.0012101562,1.0000000000
177,11.8100000000,right_hand,2,0.3182644844,0.5652415752,-0.0071642729,1.0000000000
178,11.8770000000,right_hand,2,0.3297657967,0.5531486273,-0.0073072510,1.0000000000
179,11.9430000000,right_hand,2,0.3412671089,0.5410556793,-0.0074502290,1.0000000000
75,5.0040000000,right_hand,3,0.4311106205,0.6435728669,-0.0097208489,1.0000000000
76,5.0710000000,right_hand,3,0.4475474358,0.6614379287,-0.0090193646,1.0000000000
77,5.1380000000,right_hand,3,0.4381558597,0.6511492729,-0.0117101008,1.0000000000
78,5.2040000000,right_hand,3,0.4488596618,0.6638389230,-0.0195003953,1.0000000000
79,5.2710000000,right_hand,3,0.4489388466,0.6627587080,-0.0149819599,1.0000000000
80,5.3380000000,right_hand,3,0.4480454326,0.6565119028,-0.0137427561,1.0000000000
81,5.4050000000,right_hand,3,0.4509891272,0.6483219266,-0.0176898856,1.0000000000
82,5.4710000000,right_hand,3,0.4426562786,0.6125538945,-0.0166529659,1.0000000000
83,5.5380000000,right_hand,3,0.4377679527,0.5920447707,-0.0177623630,1.0000000000
84,5.6050000000,right_hand,3,0.4269862473,0.5746365190,-0.0148010142,1.0000000000
85,5.6710000000,right_hand,3,0.4114144444,0.5594785810,-0.0223402027,1.0000000000
86,5.7380000000,right_hand,3,0.4066218138,0.5453404188,-0.0265360158,1.0000000000
87,5.8050000000,right_hand,3,0.4040805399,0.5891732574,-0.0202313866,1.0000000000
88,5.8720000000,right_hand,3,0.3922692984,0.5687891543,-0.0349744065,1.0000000000
89,5.9380000000,right_hand,3,0.3804580569,0.5484050512,-0.0497174263,1.0000000000
90,6.0050000000,right_hand,3,0.3881923556,0.5590499341,-0.0317037962,1.0000000000
91,6.0720000000,right_hand,3,0.3959266543,0.5696948171,-0.0136901662,1.0000000000
92,6.1390000000,right_hand,3,0.5625984669,0.6584140062,-0.0344082117,1.0000000000
93,6.2050000000,right_hand,3,0.4637963623,0.6157240272,-0.0242492291,1.0000000000
94,6.2720000000,right_hand,3,0.3649942577,0.5730340481,-0.0140902465,1.0000000000
95,6.3390000000,right_hand,3,0.3640846014,0.5705053806,-0.0241408218,1.0000000000
96,6.4050000000,right_hand,3,0.3637662232,0.6017108262,-0.0190418949,1.0000000000
97,6.4720000000,right_hand,3,0.3634478450,0.6329162717,-0.0139429681,1.0000000000
98,6.5390000000,right_hand,3,0.3635284603,0.6150445739,-0.0158558134,1.0000000000
99,6.6060000000,right_hand,3,0.3636090755,0.5971728762,-0.0177686587,1.0000000000
100,6.6720000000,right_hand,3,0.3636896908,0.5793011785,-0.0196815040,1.0000000000
101,6.7390000000,right_hand,3,0.3671085685,0.5782402456,-0.0195225868,1.0000000000
102,6.8060000000,right_hand,3,0.3705274463,0.5771793127,-0.0193636697,1.0000000000
103,6.8720000000,right_hand,3,0.3682245612,0.5759051442,-0.0266266372,1.0000000000
104,6.9390000000,right_hand,3,0.3748127222,0.5711123347,-0.0241798144,1.0000000000
105,7.0060000000,right_hand,3,0.3700317442,0.5732494593,-0.0275772698,1.0000000000
106,7.0730000000,right_hand,3,0.3662099242,0.5719808340,-0.0232961625,1.0000000000
107,7.1390000000,right_hand,3,0.3701936007,0.5704020262,-0.0294144563,1.0000000000
108,7.2060000000,right_hand,3,0.3679470420,0.5730061531,-0.0240810066,1.0000000000
109,7.2730000000,right_hand,3,0.3662438095,0.5764210224,-0.0234315693,1.0000000000
110,7.3400000000,right_hand,3,0.3667770624,0.5758048892,-0.0232780203,1.0000000000
111,7.4060000000,right_hand,3,0.3673103154,0.5751887560,-0.0231244713,1.0000000000
112,7.4730000000,right_hand,3,0.3624629974,0.5822386146,-0.0192433205,1.0000000000
113,7.5400000000,right_hand,3,0.3619728982,0.5890191495,-0.0232321247,1.0000000000
114,7.6060000000,right_hand,3,0.3614827991,0.5957996845,-0.0272209290,1.0000000000
115,7.6730000000,right_hand,3,0.3555335104,0.5980430841,-0.0223653205,1.0000000000
116,7.7400000000,right_hand,3,0.3592408448,0.5812481046,-0.0337625109,1.0000000000
117,7.8070000000,right_hand,3,0.3629481792,0.5644531250,-0.0451597013,1.0000000000
118,7.8730000000,right_hand,3,0.3646040857,0.5893151760,-0.0261394214,1.0000000000
119,7.9400000000,right_hand,3,0.3639452755,0.5886721611,-0.0311114602,1.0000000000
120,8.0070000000,right_hand,3,0.3649417162,0.5911839604,-0.0198979974,1.0000000000
121,8.0740000000,right_hand,3,0.3640180081,0.5886146426,-0.0299398359,1.0000000000
122,8.1400000000,right_hand,3,0.3630943000,0.5860453248,-0.0399816744,1.0000000000
123,8.2070000000,right_hand,3,0.3674985170,0.5918392539,-0.0270198733,1.0000000000
124,8.2740000000,right_hand,3,0.3680921495,0.5967845321,-0.0286815781,1.0000000000
125,8.3400000000,right_hand,3,0.3612732291,0.5871589184,-0.0283041243,1.0000000000
126,8.4070000000,right_hand,3,0.3716182113,0.5842817426,-0.0405668728,1.0000000000
127,8.4740000000,right_hand,3,0.3696278036,0.5922743678,-0.0285234526,1.0000000000
128,8.5410000000,right_hand,3,0.3596305251,0.5903776884,-0.0248099882,1.0000000000
129,8.6070000000,right_hand,3,0.3447497189,0.6294677854,-0.0189389586,1.0000000000
130,8.6740000000,right_hand,3,0.3455122709,0.6198349198,-0.0233954949,1.0000000000
131,8.7410000000,right_hand,3,0.3462748230,0.6102020542,-0.0278520311,1.0000000000
132,8.8070000000,right_hand,3,0.3470373750,0.6005691886,-0.0323085673,1.0000000000
133,8.8740000000,right_hand,3,0.3663394451,0.5645965934,-0.0230359025,1.0000000000
134,8.9410000000,right_hand,3,0.3598243296,0.5645067096,-0.0206798166,1.0000000000
135,9.0080000000,right_hand,3,0.3584674895,0.5905730128,-0.0225367621,1.0000000000
136,9.0740000000,right_hand,3,0.3637616336,0.5996164680,-0.0262250043,1.0000000000
137,9.1410000000,right_hand,3,0.3720051050,0.6142392755,-0.0248401016,1.0000000000
138,9.2080000000,right_hand,3,0.3699142933,0.6046758890,-0.0230856612,1.0000000000
139,9.2750000000,right_hand,3,0.3707614541,0.5915189385,-0.0261204336,1.0000000000
140,9.3410000000,right_hand,3,0.3673899174,0.5829613805,-0.0219702460,1.0000000000
141,9.4080000000,right_hand,3,0.3640499115,0.5728929639,-0.0148936613,1.0000000000
142,9.4750000000,right_hand,3,0.3587231636,0.5815716386,-0.0245652646,1.0000000000
143,9.5410000000,right_hand,3,0.3573729396,0.5788492560,-0.0226179734,1.0000000000
144,9.6080000000,right_hand,3,0.3389364779,0.6058454514,-0.0320010111,1.0000000000
145,9.6750000000,right_hand,3,0.4357455224,0.5644186437,-0.0244776253,1.0000000000
146,9.7420000000,right_hand,3,0.5325545669,0.5229918361,-0.0169542395,1.0000000000
147,9.8080000000,right_hand,3,0.4485325515,0.5368329585,-0.0198352151,1.0000000000
148,9.8750000000,right_hand,3,0.3645105362,0.5506740808,-0.0227161907,1.0000000000
149,9.9420000000,right_hand,3,0.3609366119,0.5471613407,-0.0178973929,1.0000000000
150,10.0080000000,right_hand,3,0.3573626876,0.5436486006,-0.0130785952,1.0000000000
151,10.0750000000,right_hand,3,0.3537887633,0.5401358604,-0.0082597975,1.0000000000
152,10.1420000000,right_hand,3,0.3324036598,0.5959836245,-0.0324838758,1.0000000000
153,10.2090000000,right_hand,3,0.3465026617,0.5915386677,-0.0078169284,1.0000000000
154,10.2750000000,right_hand,3,0.3480998576,0.5956914425,0.0014025832,1.0000000000
155,10.3420000000,right_hand,3,0.3520544469,0.5857135653,-0.0087863561,1.0000000000
156,10.4090000000,right_hand,3,0.3561420441,0.5688105822,-0.0223637689,1.0000000000
157,10.4760000000,right_hand,3,0.3551034629,0.5835884809,-0.0195494033,1.0000000000
158,10.5420000000,right_hand,3,0.3559429646,0.6078061461,-0.0192366615,1.0000000000
159,10.6090000000,right_hand,3,0.3643050492,0.6093955040,-0.0324204192,1.0000000000
160,10.6760000000,right_hand,3,0.3623044789,0.5958850384,-0.0203771181,1.0000000000
161,10.7420000000,right_hand,3,0.3612698615,0.5964375138,-0.0227228142,1.0000000000
162,10.8090000000,right_hand,3,0.3782613575,0.5777762532,-0.0248317514,1.0000000000
163,10.8760000000,right_hand,3,0.3741396964,0.5619884729,-0.0213374980,1.0000000000
164,10.9430000000,right_hand,3,0.3732264042,0.5766807795,-0.0285898689,1.0000000000
165,11.0090000000,right_hand,3,0.3689610958,0.6042523980,-0.0268885214,1.0000000000
166,11.0760000000,right_hand,3,0.3676177561,0.6099988222,-0.0295602214,1.0000000000
167,11.1430000000,right_hand,3,0.3734140992,0.5770413876,-0.0262944344,1.0000000000
168,11.2100000000,right_hand,3,0.3709102869,0.5801573396,-0.0142109301,1.0000000000
169,11.2760000000,right_hand,3,0.3602263629,0.5733191967,-0.0087520489,1.0000000000
170,11.3430000000,right_hand,3,0.3597841263,0.5297359228,0.0009369801,1.0000000000
171,11.4100000000,right_hand,3,0.3551342785,0.5288263559,0.0084313005,1.0000000000
172,11.4760000000,right_hand,3,0.3477421105,0.5278174877,0.0098640062,1.0000000000
173,11.5430000000,right_hand,3,0.3469282687,0.5547100902,0.0070314789,1.0000000000
174,11.6100000000,right_hand,3,0.3561246693,0.5983357430,0.0130999396,1.0000000000
175,11.6770000000,right_hand,3,0.3453784585,0.5614517331,0.0085127596,1.0000000000
176,11.7430000000,right_hand,3,0.3463375568,0.5526348352,-0.0087003913,1.0000000000
177,11.8100000000,right_hand,3,0.3360528946,0.5731879473,-0.0124917421,1.0000000000
178,11.8770000000,right_hand,3,0.3482266814,0.5594639778,-0.0152687160,1.0000000000
179,11.9430000000,right_hand,3,0.3604004681,0.5457400084,-0.0180456899,1.0000000000
75,5.0040000000,right_hand,4,0.4490153491,0.6647283435,-0.0134288110,1.0000000000
76,5.0710000000,right_hand,4,0.4693528712,0.6764606833,-0.0119267367,1.0000000000
77,5.1380000000,right_hand,4,0.4587586224,0.6692131758,-0.0154700503,1.0000000000
78,5.2040000000,right_hand,4,0.4726704955,0.6820765138,-0.0239315405,1.0000000000
79,5.2710000000,right_hand,4,0.4714717269,0.6827321053,-0.0193464309,1.0000000000
80,5.3380000000,right_hand,4,0.4694236219,0.6783213019,-0.0178446155,1.0000000000
81,5.4050000000,right_hand,4,0.4763392508,0.6560918689,-0.0219371915,1.0000000000
82,5.4710000000,right_hand,4,0.4675100446,0.6196887493,-0.0203548446,1.0000000000
83,5.5380000000,right_hand,4,0.4625083208,0.5908443332,-0.0207297895,1.0000000000
84,5.6050000000,right_hand,4,0.4476536512,0.5606713295,-0.0175077636,1.0000000000
85,5.6710000000,right_hand,4,0.4318298697,0.5429864526,-0.0262094904,1.0000000000
86,5.7380000000,right_hand,4,0.4267630279,0.5292606354,-0.0322532579,1.0000000000
87,5.8050000000,right_hand,4,0.4229152501,0.5840672851,-0.0246182811,1.0000000000
88,5.8720000000,right_hand,4,0.4077119380,0.5647609830,-0.0455721421,1.0000000000
89,5.9380000000,right_hand,4,0.3925086260,0.5454546809,-0.0665260032,1.0000000000
90,6.0050000000,right_hand,4,0.3967748582,0.5527342856,-0.0437793098,1.0000000000
91,6.0720000000,right_hand,4,0.4010410905,0.5600138903,-0.0210326165,1.0000000000
92,6.1390000000,right_hand,4,0.5641741157,0.6765831709,-0.0517805591,1.0000000000
93,6.2050000000,right_hand,4,0.4717257768,0.6325227916,-0.0328554600,1.0000000000
94,6.2720000000,right_hand,4,0.3792774379,0.5884624124,-0.0139303608,1.0000000000
95,6.3390000000,right_hand,4,0.3762899041,0.5807138681,-0.0272907931,1.0000000000
96,6.4050000000,right_hand,4,0.3772487193,0.6165131330,-0.0209119571,1.0000000000
97,6.4720000000,right_hand,4,0.3782075346,0.6523123980,-0.0145331211,1.0000000000
98,6.5390000000,right_hand,4,0.3781595727,0.6301808755,-0.0170560721,1.0000000000
99,6.6060000000,right_hand,4,0.3781116108,0.6080493530,-0.0195790231,1.0000000000
100,6.6720000000,right_hand,4,0.3780636489,0.5859178305,-0.0221019741,1.0000000000
101,6.7390000000,right_hand,4,0.3803821653,0.5878585279,-0.0224314928,1.0000000000
102,6.8060000000,right_hand,4,0.3827006817,0.5897992253,-0.0227610115,1.0000000000
103,6.8720000000,right_hand,4,0.3799106777,0.5849535465,-0.0358484052,1.0000000000
104,6.9390000000,right_hand,4,0.3865475059,0.5826550722,-0.0291827377,1.0000000000
105,7.0060000000,right_hand,4,0.3820526898,0.5838281512,-0.0312468354,1.0000000000
106,7.0730000000,right_hand,4,0.3777093589,0.5815819502,-0.0305122212,1.0000000000
107,7.1390000000,right_hand,4,0.3834731281,0.5829334259,-0.0334820896,1.0000000000
108,7.2060000000,right_hand,4,0.3804393113,0.5848835707,-0.0270086341,1.0000000000
109,7.2730000000,right_hand,4,0.3781254888,0.5868668556,-0.0270532928,1.0000000000
110,7.3400000000,right_hand,4,0.3802775741,0.5848570466,-0.0272690849,1.0000000000
111,7.4060000000,right_hand,4,0.3824296594,0.5828472376,-0.0274848770,1.0000000000
112,7.4730000000,right_hand,4,0.3738952279,0.5864969492,-0.0232391097,1.0000000000
113,7.5400000000,right_hand,4,0.3731388450,0.5919051468,-0.0274494719,1.0000000000
114,7.6060000000,right_hand,4,0.3723824620,0.5973133445,-0.0316598341,1.0000000000
115,7.6730000000,right_hand,4,0.3670566678,0.5977686048,-0.0261938013,1.0000000000
116,7.7400000000,right_hand,4,0.3715914339,0.5833498538,-0.0427082609,1.0000000000
117,7.8070000000,right_hand,4,0.3761262000,0.5689311028,-0.0592227206,1.0000000000
118,7.8730000000,right_hand,4,0.3736187220,0.6047463417,-0.0290736649,1.0000000000
119,7.9400000000,right_hand,4,0.3748168349,0.6035692096,-0.0361762270,1.0000000000
120,8.0070000000,right_hand,4,0.3759907484,0.6059926748,-0.0215550940,1.0000000000
121,8.0740000000,right_hand,4,0.3759797364,0.6031149626,-0.0336391414,1.0000000000
122,8.1400000000,right_hand,4,0.3759687245,0.6002372503,-0.0457231887,1.0000000000
123,8.2070000000,right_hand,4,0.3798036873,0.6109744310,-0.0298271179,1.0000000000
124,8.2740000000,right_hand,4,0.3812846541,0.6169773340,-0.0328153186,1.0000000000
125,8.3400000000,right_hand,4,0.3729840517,0.5984313488,-0.0320748240,1.0000000000
126,8.4070000000,right_hand,4,0.3829891086,0.6080207229,-0.0459150374,1.0000000000
127,8.4740000000,right_hand,4,0.3822829723,0.6129510403,-0.0310242698,1.0000000000
128,8.5410000000,right_hand,4,0.3732815981,0.6033068895,-0.0296427943,1.0000000000
129,8.6070000000,right_hand,4,0.3575722873,0.6377969980,-0.0248559602,1.0000000000
130,8.6740000000,right_hand,4,0.3560751677,0.6351349155,-0.0305403533,1.0000000000
131,8.7410000000,right_hand,4,0.3545780480,0.6324728330,-0.0362247465,1.0000000000
132,8.8070000000,right_hand,4,0.3530809283,0.6298107505,-0.0419091396,1.0000000000
133,8.8740000000,right_hand,4,0.3779964149,0.5816351175,-0.0325829461,1.0000000000
134,8.9410000000,right_hand,4,0.3731945455,0.5766201019,-0.0296101756,1.0000000000
135,9.0080000000,right_hand,4,0.3733167648,0.5989478230,-0.0317957588,1.0000000000
136,9.0740000000,right_hand,4,0.3822031319,0.6090717912,-0.0377963632,1.0000000000
137,9.1410000000,right_hand,4,0.3879963756,0.6296470165,-0.0374119729,1.0000000000
138,9.2080000000,right_hand,4,0.3837732077,0.6249277592,-0.0352510437,1.0000000000
139,9.2750000000,right_hand,4,0.3840159476,0.6210687160,-0.0391333103,1.0000000000
140,9.3410000000,right_hand,4,0.3779873252,0.6157975197,-0.0328767039,1.0000000000
141,9.4080000000,right_hand,4,0.3749283552,0.6018288136,-0.0229096022,1.0000000000
142,9.4750000000,right_hand,4,0.3693708777,0.6089603305,-0.0360142142,1.0000000000
143,9.5410000000,right_hand,4,0.3698458374,0.6061003208,-0.0332017913,1.0000000000
144,9.6080000000,right_hand,4,0.3458200097,0.6370918751,-0.0458235368,1.0000000000
145,9.6750000000,right_hand,4,0.4272707701,0.5854583383,-0.0338841192,1.0000000000
146,9.7420000000,right_hand,4,0.5087215304,0.5338248014,-0.0219447017,1.0000000000
147,9.8080000000,right_hand,4,0.4431107640,0.5525816381,-0.0265443102,1.0000000000
148,9.8750000000,right_hand,4,0.3774999976,0.5713384748,-0.0311439186,1.0000000000
149,9.9420000000,right_hand,4,0.3746051192,0.5630775690,-0.0260056406,1.0000000000
150,10.0080000000,right_hand,4,0.3717102408,0.5548166633,-0.0208673626,1.0000000000
151,10.0750000000,right_hand,4,0.3688153625,0.5465557575,-0.0157290846,1.0000000000
152,10.1420000000,right_hand,4,0.3497655988,0.5918871760,-0.0399911962,1.0000000000
153,10.2090000000,right_hand,4,0.3589545488,0.5857936144,-0.0133044170,1.0000000000
154,10.2750000000,right_hand,4,0.3626280725,0.5911446214,-0.0001991343,1.0000000000
155,10.3420000000,right_hand,4,0.3662287891,0.5882440805,-0.0166169070,1.0000000000
156,10.4090000000,right_hand,4,0.3702847958,0.5737685561,-0.0341128446,1.0000000000
157,10.4760000000,right_hand,4,0.3688739538,0.5960544944,-0.0314926058,1.0000000000
158,10.5420000000,right_hand,4,0.3719278574,0.6162126660,-0.0302608535,1.0000000000
159,10.6090000000,right_hand,4,0.3815389872,0.6195645928,-0.0482758321,1.0000000000
160,10.6760000000,right_hand,4,0.3793641329,0.6056562066,-0.0314627178,1.0000000000
161,10.7420000000,right_hand,4,0.3765986264,0.6062611341,-0.0343156606,1.0000000000
162,10.8090000000,right_hand,4,0.3987302780,0.5788788199,-0.0360407047,1.0000000000
163,10.8760000000,right_hand,4,0.3936961889,0.5711885691,-0.0312781669,1.0000000000
164,10.9430000000,right_hand,4,0.3903476596,0.5948488116,-0.0430422537,1.0000000000
165,11.0090000000,right_hand,4,0.3854958415,0.6203325987,-0.0410019197,1.0000000000
166,11.0760000000,right_hand,4,0.3818982244,0.6265572309,-0.0427509099,1.0000000000
167,11.1430000000,right_hand,4,0.3883620501,0.5943868756,-0.0398269743,1.0000000000
168,11.2100000000,right_hand,4,0.3873700202,0.5897291303,-0.0231780466,1.0000000000
169,11.2760000000,right_hand,4,0.3728245497,0.5795987248,-0.0165069830,1.0000000000
170,11.3430000000,right_hand,4,0.3744734526,0.5420107841,-0.0035561824,1.0000000000
171,11.4100000000,right_hand,4,0.3709886670,0.5411599874,0.0068632998,1.0000000000
172,11.4760000000,right_hand,4,0.3614707887,0.5444867015,0.0061902264,1.0000000000
173,11.5430000000,right_hand,4,0.3610402346,0.5661065578,0.0033984189,1.0000000000
174,11.6100000000,right_hand,4,0.3681109548,0.5969105363,0.0133199235,1.0000000000
175,11.6770000000,right_hand,4,0.3592089415,0.5721233487,0.0035544720,1.0000000000
176,11.7430000000,right_hand,4,0.3594928384,0.5511910915,-0.0175278094,1.0000000000
177,11.8100000000,right_hand,4,0.3507369757,0.5822886229,-0.0179786533,1.0000000000
178,11.8770000000,right_hand,4,0.3641808629,0.5683954060,-0.0243805395,1.0000000000
179,11.9430000000,right_hand,4,0.3776247501,0.5545021892,-0.0307824258,1.0000000000
75,5.0040000000,right_hand,5,0.4072368741,0.6329556704,-0.0201898161,1.0000000000
76,5.0710000000,right_hand,5,0.4127865136,0.6338876486,-0.0203217547,1.0000000000
77,5.1380000000,right_hand,5,0.4091648459,0.6361674070,-0.0236009583,1.0000000000
78,5.2040000000,right_hand,5,0.4107529819,0.6345406771,-0.0299607534,1.0000000000
79,5.2710000000,right_hand,5,0.4102464020,0.6375529170,-0.0248971470,1.0000000000
80,5.3380000000,right_hand,5,0.4110543728,0.6332802176,-0.0221156310,1.0000000000
81,5.4050000000,right_hand,5,0.4059127569,0.6202051044,-0.0291122850,1.0000000000
82,5.4710000000,right_hand,5,0.3959970772,0.6074368358,-0.0250531193,1.0000000000
83,5.5380000000,right_hand,5,0.3879683614,0.6014430523,-0.0264008343,1.0000000000
84,5.6050000000,right_hand,5,0.3829996288,0.6126368642,-0.0190470982,1.0000000000
85,5.6710000000,right_hand,5,0.3714452982,0.5831369758,-0.0246682148,1.0000000000
86,5.7380000000,right_hand,5,0.3819637299,0.6201617718,-0.0162317511,1.0000000000
87,5.8050000000,right_hand,5,0.3832873404,0.6430501938,-0.0065544136,1.0000000000
88,5.8720000000,right_hand,5,0.3643973917,0.6134927571,-0.0266994536,1.0000000000
89,5.9380000000,right_hand,5,0.3455074430,0.5839353204,-0.0468444936,1.0000000000
90,6.0050000000,right_hand,5,0.3398287147,0.5839327276,-0.0234241633,1.0000000000
91,6.0720000000,right_hand,5,0.3341499865,0.5839301348,-0.0000038331,1.0000000000
92,6.1390000000,right_hand,5,0.5558806062,0.5875044465,-0.0397464223,1.0000000000
93,6.2050000000,right_hand,5,0.4431463480,0.6024810076,-0.0280205877,1.0000000000
94,6.2720000000,right_hand,5,0.3304120898,0.6174575686,-0.0162947532,1.0000000000
95,6.3390000000,right_hand,5,0.3281531930,0.6144062281,-0.0281571280,1.0000000000
96,6.4050000000,right_hand,5,0.3298383504,0.6265684664,-0.0216005943,1.0000000000
97,6.4720000000,right_hand,5,0.3315235078,0.6387307048,-0.0150440605,1.0000000000
98,6.5390000000,right_hand,5,0.3324187597,0.6331444383,-0.0180149948,1.0000000000
99,6.6060000000,right_hand,5,0.3333140115,0.6275581717,-0.0209859290,1.0000000000
100,6.6720000000,right_hand,5,0.3342092633,0.6219719052,-0.0239568632,1.0000000000
101,6.7390000000,right_hand,5,0.3362970650,0.6189748943,-0.0249344883,1.0000000000
102,6.8060000000,right_hand,5,0.3383848667,0.6159778833,-0.0259121135,1.0000000000
103,6.8720000000,right_hand,5,0.3406270444,0.6039827466,-0.0324078538,1.0000000000
104,6.9390000000,right_hand,5,0.3428050578,0.6112917662,-0.0338010043,1.0000000000
105,7.0060000000,right_hand,5,0.3346586525,0.6199805140,-0.0282319020,1.0000000000
106,7.0730000000,right_hand,5,0.3322129250,0.5944464207,-0.0310441274,1.0000000000
107,7.1390000000,right_hand,5,0.3398832679,0.6199433804,-0.0335173979,1.0000000000
108,7.2060000000,right_hand,5,0.3413825333,0.6250348091,-0.0246434640,1.0000000000
109,7.2730000000,right_hand,5,0.3403904140,0.6265532374,-0.0196155589,1.0000000000
110,7.3400000000,right_hand,5,0.3383552432,0.6247808039,-0.0201626671,1.0000000000
111,7.4060000000,right_hand,5,0.3363200724,0.6230083704,-0.0207097754,1.0000000000
112,7.4730000000,right_hand,5,0.3390318155,0.6327637434,-0.0168714263,1.0000000000
113,7.5400000000,right_hand,5,0.3393258154,0.6370086968,-0.0225689476,1.0000000000
114,7.6060000000,right_hand,5,0.3396198153,0.6412536502,-0.0282664690,1.0000000000
115,7.6730000000,right_hand,5,0.3368085921,0.6391790509,-0.0201187748,1.0000000000
116,7.7400000000,right_hand,5,0.3306163996,0.6220343113,-0.0313035706,1.0000000000
117,7.8070000000,right_hand,5,0.3244242072,0.6048895717,-0.0424883664,1.0000000000
118,7.8730000000,right_hand,5,0.3285497129,0.6321996450,-0.0230428949,1.0000000000
119,7.9400000000,right_hand,5,0.3260565996,0.6247912049,-0.0314987674,1.0000000000
120,8.0070000000,right_hand,5,0.3318212330,0.6324592233,-0.0163442753,1.0000000000
121,8.0740000000,right_hand,5,0.3300491124,0.6331467927,-0.0266688578,1.0000000000
122,8.1400000000,right_hand,5,0.3282769918,0.6338343620,-0.0369934402,1.0000000000
123,8.2070000000,right_hand,5,0.3305258453,0.6318337321,-0.0238856897,1.0000000000
124,8.2740000000,right_hand,5,0.3308862746,0.6236290932,-0.0257869251,1.0000000000
125,8.3400000000,right_hand,5,0.3325096965,0.6287577152,-0.0245195962,1.0000000000
126,8.4070000000,right_hand,5,0.3346455991,0.6352468729,-0.0375316627,1.0000000000
127,8.4740000000,right_hand,5,0.3321232200,0.6263568997,-0.0293946825,1.0000000000
128,8.5410000000,right_hand,5,0.3236115277,0.6212046742,-0.0276889876,1.0000000000
129,8.6070000000,right_hand,5,0.3200634718,0.6262221336,-0.0303693116,1.0000000000
130,8.6740000000,right_hand,5,0.3286029696,0.5952464143,-0.0317697786,1.0000000000
131,8.7410000000,right_hand,5,0.3371424675,0.5642706951,-0.0331702456,1.0000000000
132,8.8070000000,right_hand,5,0.3456819654,0.5332949758,-0.0345707126,1.0000000000
133,8.8740000000,right_hand,5,0.3447435200,0.5266572833,-0.0328356251,1.0000000000
134,8.9410000000,right_hand,5,0.3376588225,0.5408703685,-0.0315824337,1.0000000000
135,9.0080000000,right_hand,5,0.3327798843,0.5637968183,-0.0351783261,1.0000000000
136,9.0740000000,right_hand,5,0.3388626277,0.5676572919,-0.0400821976,1.0000000000
137,9.1410000000,right_hand,5,0.3558650315,0.5450381041,-0.0334606282,1.0000000000
138,9.2080000000,right_hand,5,0.3569973111,0.5406583548,-0.0348868854,1.0000000000
139,9.2750000000,right_hand,5,0.3551245332,0.5378780961,-0.0394396223,1.0000000000
140,9.3410000000,right_hand,5,0.3561295271,0.5347299576,-0.0331346840,1.0000000000
141,9.4080000000,right_hand,5,0.3558320701,0.5363885164,-0.0242597125,1.0000000000
142,9.4750000000,right_hand,5,0.3474887609,0.5408826470,-0.0374473445,1.0000000000
143,9.5410000000,right_hand,5,0.3477346003,0.5441032648,-0.0334859975,1.0000000000
144,9.6080000000,right_hand,5,0.3429139555,0.5510402918,-0.0375872254,1.0000000000
145,9.6750000000,right_hand,5,0.4535904676,0.5378674567,-0.0330181997,1.0000000000
146,9.7420000000,right_hand,5,0.5642669797,0.5246946216,-0.0284491740,1.0000000000
147,9.8080000000,right_hand,5,0.4534867108,0.5251222849,-0.0318349246,1.0000000000
148,9.8750000000,right_hand,5,0.3427064419,0.5255499482,-0.0352206752,1.0000000000
149,9.9420000000,right_hand,5,0.3439210157,0.5195971727,-0.0288435786,1.0000000000
150,10.0080000000,right_hand,5,0.3451355894,0.5136443973,-0.0224664820,1.0000000000
151,10.0750000000,right_hand,5,0.3463501632,0.5076916218,-0.0160893854,1.0000000000
152,10.1420000000,right_hand,5,0.3312879503,0.5289288759,-0.0183083285,1.0000000000
153,10.2090000000,right_hand,5,0.3379415274,0.5351654291,-0.0060805953,1.0000000000
154,10.2750000000,right_hand,5,0.3371005654,0.5326717496,0.0102806818,1.0000000000
155,10.3420000000,right_hand,5,0.3324812651,0.5264701247,-0.0177851077,1.0000000000
156,10.4090000000,right_hand,5,0.3378305435,0.5215694308,-0.0333424509,1.0000000000
157,10.4760000000,right_hand,5,0.3386155665,0.5214132071,-0.0300073773,1.0000000000
158,10.5420000000,right_hand,5,0.3357559741,0.5363612771,-0.0251344461,1.0000000000
159,10.6090000000,right_hand,5,0.3446521759,0.5406687856,-0.0372826606,1.0000000000
160,10.6760000000,right_hand,5,0.3384668827,0.5356866121,-0.0277531035,1.0000000000
161,10.7420000000,right_hand,5,0.3406679928,0.5334081650,-0.0268383771,1.0000000000
162,10.8090000000,right_hand,5,0.3451650739,0.5267222524,-0.0319364183,1.0000000000
163,10.8760000000,right_hand,5,0.3461060226,0.5118921399,-0.0319255739,1.0000000000
164,10.9430000000,right_hand,5,0.3475882411,0.5158181787,-0.0373780690,1.0000000000
165,11.0090000000,right_hand,5,0.3493268788,0.5244299769,-0.0341758505,1.0000000000
166,11.0760000000,right_hand,5,0.3567498624,0.5123777390,-0.0300867353,1.0000000000
167,11.1430000000,right_hand,5,0.3540056944,0.5147506595,-0.0356436633,1.0000000000
168,11.2100000000,right_hand,5,0.3472728133,0.5209215879,-0.0234808903,1.0000000000
169,11.2760000000,right_hand,5,0.3503378034,0.5123438835,-0.0142737087,1.0000000000
170,11.3430000000,right_hand,5,0.3507018685,0.5063654780,-0.0079892408,1.0000000000
171,11.4100000000,right_hand,5,0.3495054841,0.5052124858,0.0097670136,1.0000000000
172,11.4760000000,right_hand,5,0.3415522575,0.5081283450,0.0031591805,1.0000000000
173,11.5430000000,right_hand,5,0.3385736346,0.5198504925,0.0045810156,1.0000000000
174,11.6100000000,right_hand,5,0.3462733328,0.5388938785,0.0128659615,1.0000000000
175,11.6770000000,right_hand,5,0.3361625373,0.5264580846,0.0017916540,1.0000000000
176,11.7430000000,right_hand,5,0.3386577368,0.5297380686,-0.0208932608,1.0000000000
177,11.8100000000,right_hand,5,0.3286174238,0.5332517028,-0.0072822287,1.0000000000
178,11.8770000000,right_hand,5,0.3351759613,0.5260319710,-0.0235349338,1.0000000000
179,11.9430000000,right_hand,5,0.3417344987,0.5188122392,-0.0397876389,1.0000000000
75,5.0040000000,right_hand,6,0.4382509291,0.6795572639,-0.0290066693,1.0000000000
76,5.0710000000,right_hand,6,0.4400990605,0.6790204048,-0.0282188617,1.0000000000
77,5.1380000000,right_hand,6,0.4401171803,0.6808563471,-0.0330989361,1.0000000000
78,5.2040000000,right_hand,6,0.4393307567,0.6833041906,-0.0413219742,1.0000000000
79,5.2710000000,right_hand,6,0.4375117719,0.6839626431,-0.0358600356,1.0000000000
80,5.3380000000,right_hand,6,0.4375743866,0.6780974269,-0.0317401364,1.0000000000
81,5.4050000000,right_hand,6,0.4331822097,0.6680071354,-0.0407947898,1.0000000000
82,5.4710000000,right_hand,6,0.4247652590,0.6509517431,-0.0348568298,1.0000000000
83,5.5380000000,right_hand,6,0.4139049947,0.6426627636,-0.0347845368,1.0000000000
84,5.6050000000,right_hand,6,0.4085389078,0.6409451365,-0.0258686244,1.0000000000
85,5.6710000000,right_hand,6,0.3947235942,0.5948406458,-0.0354424827,1.0000000000
86,5.7380000000,right_hand,6,0.4008475840,0.6471419334,-0.0214145761,1.0000000000
87,5.8050000000,right_hand,6,0.3882879019,0.6577923894,-0.0071018911,1.0000000000
88,5.8720000000,right_hand,6,0.3710924387,0.6353276074,-0.0367796596,1.0000000000
89,5.9380000000,right_hand,6,0.3538969755,0.6128628254,-0.0664574280,1.0000000000
90,6.0050000000,right_hand,6,0.3517857194,0.5964942575,-0.0366237154,1.0000000000
91,6.0720000000,right_hand,6,0.3496744633,0.5801256895,-0.0067900028,1.0000000000
92,6.1390000000,right_hand,6,0.5578567386,0.6335641742,-0.0564861298,1.0000000000
93,6.2050000000,right_hand,6,0.4568493068,0.6419179142,-0.0361188212,1.0000000000
94,6.2720000000,right_hand,6,0.3558418751,0.6502716541,-0.0157515127,1.0000000000
95,6.3390000000,right_hand,6,0.3493168652,0.6351420879,-0.0366402231,1.0000000000
96,6.4050000000,right_hand,6,0.3541371375,0.6483918130,-0.0274099819,1.0000000000
97,6.4720000000,right_hand,6,0.3589574099,0.6616415381,-0.0181797408,1.0000000000
98,6.5390000000,right_hand,6,0.3594584763,0.6557344397,-0.0218870007,1.0000000000
99,6.6060000000,right_hand,6,0.3599595428,0.6498273412,-0.0255942605,1.0000000000
100,6.6720000000,right_hand,6,0.3604606092,0.6439202428,-0.0293015204,1.0000000000
101,6.7390000000,right_hand,6,0.3607671559,0.6444462240,-0.0311726332,1.0000000000
102,6.8060000000,right_hand,6,0.3610737026,0.6449722052,-0.0330437459,1.0000000000
103,6.8720000000,right_hand,6,0.3589615822,0.6352791786,-0.0465444587,1.0000000000
104,6.9390000000,right_hand,6,0.3673367798,0.6486799121,-0.0418428481,1.0000000000
105,7.0060000000,right_hand,6,0.3577421308,0.6436679363,-0.0357011743,1.0000000000
106,7.0730000000,right_hand,6,0.3525157571,0.6092403531,-0.0415580422,1.0000000000
107,7.1390000000,right_hand,6,0.3658075631,0.6514394879,-0.0404891856,1.0000000000
108,7.2060000000,right_hand,6,0.3649374247,0.6507764459,-0.0305953380,1.0000000000
109,7.2730000000,right_hand,6,0.3601899743,0.6479271054,-0.0274647679,1.0000000000
110,7.3400000000,right_hand,6,0.3589754105,0.6469427943,-0.0278904103,1.0000000000
111,7.4060000000,right_hand,6,0.3577608466,0.6459584832,-0.0283160526,1.0000000000
112,7.4730000000,right_hand,6,0.3609594405,0.6496730447,-0.0229489878,1.0000000000
113,7.5400000000,right_hand,6,0.3628188372,0.6567699015,-0.0285768863,1.0000000000
114,7.6060000000,right_hand,6,0.3646782339,0.6638667583,-0.0342047848,1.0000000000
115,7.6730000000,right_hand,6,0.3553610146,0.6560151577,-0.0269688312,1.0000000000
116,7.7400000000,right_hand,6,0.3477819711,0.6500764191,-0.0433406821,1.0000000000
117,7.8070000000,right_hand,6,0.3402029276,0.6441376805,-0.0597125329,1.0000000000
118,7.8730000000,right_hand,6,0.3496984839,0.6562229395,-0.0297483504,1.0000000000
119,7.9400000000,right_hand,6,0.3467651606,0.6532235146,-0.0404315293,1.0000000000
120,8.0070000000,right_hand,6,0.3514270782,0.6566469073,-0.0212122370,1.0000000000
121,8.0740000000,right_hand,6,0.3512756675,0.6599763632,-0.0346629331,1.0000000000
122,8.1400000000,right_hand,6,0.3511242568,0.6633058190,-0.0481136292,1.0000000000
123,8.2070000000,right_hand,6,0.3502584696,0.6553727388,-0.0306454375,1.0000000000
124,8.2740000000,right_hand,6,0.3530576527,0.6510642767,-0.0322155803,1.0000000000
125,8.3400000000,right_hand,6,0.3526579440,0.6538470387,-0.0316482969,1.0000000000
126,8.4070000000,right_hand,6,0.3618379533,0.6641318798,-0.0464501493,1.0000000000
127,8.4740000000,right_hand,6,0.3554743230,0.6573888659,-0.0340929255,1.0000000000
128,8.5410000000,right_hand,6,0.3483083844,0.6524060369,-0.0349123254,1.0000000000
129,8.6070000000,right_hand,6,0.3435882330,0.6487942934,-0.0408725590,1.0000000000
130,8.6740000000,right_hand,6,0.3523801168,0.6164643764,-0.0436766148,1.0000000000
131,8.7410000000,right_hand,6,0.3611720006,0.5841344595,-0.0464806706,1.0000000000
132,8.8070000000,right_hand,6,0.3699638844,0.5518045425,-0.0492847264,1.0000000000
133,8.8740000000,right_hand,6,0.3603755832,0.5382848382,-0.0504707620,1.0000000000
134,8.9410000000,right_hand,6,0.3613538146,0.5611397624,-0.0480109341,1.0000000000
135,9.0080000000,right_hand,6,0.3563585281,0.5593172908,-0.0535163954,1.0000000000
136,9.0740000000,right_hand,6,0.3674531281,0.5841560960,-0.0629041567,1.0000000000
137,9.1410000000,right_hand,6,0.3799431324,0.5876574516,-0.0518807732,1.0000000000
138,9.2080000000,right_hand,6,0.3794174492,0.5877746344,-0.0514247082,1.0000000000
139,9.2750000000,right_hand,6,0.3794849217,0.5857096314,-0.0588415004,1.0000000000
140,9.3410000000,right_hand,6,0.3782681823,0.5920690894,-0.0509519279,1.0000000000
141,9.4080000000,right_hand,6,0.3766362071,0.5949853063,-0.0383703038,1.0000000000
142,9.4750000000,right_hand,6,0.3708223104,0.5954973102,-0.0574148782,1.0000000000
143,9.5410000000,right_hand,6,0.3728174567,0.5966182351,-0.0515462644,1.0000000000
144,9.6080000000,right_hand,6,0.3670715690,0.5998757482,-0.0574343465,1.0000000000
145,9.6750000000,right_hand,6,0.4483537376,0.5826832354,-0.0481280349,1.0000000000
146,9.7420000000,right_hand,6,0.5296359062,0.5654907227,-0.0388217233,1.0000000000
147,9.8080000000,right_hand,6,0.4469446242,0.5590632558,-0.0458430797,1.0000000000
148,9.8750000000,right_hand,6,0.3642533422,0.5526357889,-0.0528644361,1.0000000000
149,9.9420000000,right_hand,6,0.3683862289,0.5365294417,-0.0451020468,1.0000000000
150,10.0080000000,right_hand,6,0.3725191156,0.5204230944,-0.0373396575,1.0000000000
151,10.0750000000,right_hand,6,0.3766520023,0.5043167472,-0.0295772683,1.0000000000
152,10.1420000000,right_hand,6,0.3614746332,0.5283606052,-0.0304886792,1.0000000000
153,10.2090000000,right_hand,6,0.3630487025,0.5378870964,-0.0164048057,1.0000000000
154,10.2750000000,right_hand,6,0.3622829616,0.5361851454,0.0079506440,1.0000000000
155,10.3420000000,right_hand,6,0.3592912555,0.5283558369,-0.0322383121,1.0000000000
156,10.4090000000,right_hand,6,0.3631250858,0.5260215998,-0.0530072302,1.0000000000
157,10.4760000000,right_hand,6,0.3650727570,0.5303548574,-0.0489688739,1.0000000000
158,10.5420000000,right_hand,6,0.3591139615,0.5266659260,-0.0433630869,1.0000000000
159,10.6090000000,right_hand,6,0.3752405047,0.5582076311,-0.0605476014,1.0000000000
160,10.6760000000,right_hand,6,0.3691952229,0.5545866489,-0.0456080921,1.0000000000
161,10.7420000000,right_hand,6,0.3686845005,0.5418440104,-0.0452122614,1.0000000000
162,10.8090000000,right_hand,6,0.3750201166,0.5520557761,-0.0510485619,1.0000000000
163,10.8760000000,right_hand,6,0.3765871227,0.5344785452,-0.0494010039,1.0000000000
164,10.9430000000,right_hand,6,0.3764158189,0.5332995653,-0.0591914058,1.0000000000
165,11.0090000000,right_hand,6,0.3774882555,0.5345548391,-0.0555420443,1.0000000000
166,11.0760000000,right_hand,6,0.3872745633,0.5575488210,-0.0489974096,1.0000000000
167,11.1430000000,right_hand,6,0.3830819130,0.5337272286,-0.0551482588,1.0000000000
168,11.2100000000,right_hand,6,0.3752948940,0.5212244987,-0.0381128751,1.0000000000
169,11.2760000000,right_hand,6,0.3795173764,0.5070959926,-0.0258982908,1.0000000000
170,11.3430000000,right_hand,6,0.3824745715,0.5114939213,-0.0158637036,1.0000000000
171,11.4100000000,right_hand,6,0.3788433373,0.5121183991,0.0073599680,1.0000000000
172,11.4760000000,right_hand,6,0.3726275563,0.5164319873,-0.0008469071,1.0000000000
173,11.5430000000,right_hand,6,0.3653803468,0.5299850106,0.0003997215,1.0000000000
174,11.6100000000,right_hand,6,0.3701187670,0.5605964065,0.0129195331,1.0000000000
175,11.6770000000,right_hand,6,0.3628329635,0.5411783457,-0.0048658322,1.0000000000
176,11.7430000000,right_hand,6,0.3618250787,0.5459678769,-0.0365624130,1.0000000000
177,11.8100000000,right_hand,6,0.3525414765,0.5441046953,-0.0153731825,1.0000000000
178,11.8770000000,right_hand,6,0.3600738198,0.5385783017,-0.0391917662,1.0000000000
179,11.9430000000,right_hand,6,0.3676061630,0.5330519080,-0.0630103499,1.0000000000
75,5.0040000000,right_hand,7,0.4533525109,0.7095298171,-0.0317166261,1.0000000000
76,5.0710000000,right_hand,7,0.4546647966,0.7078096867,-0.0305803437,1.0000000000
77,5.1380000000,right_hand,7,0.4560299814,0.7079219222,-0.0362720229,1.0000000000
78,5.2040000000,right_hand,7,0.4552312493,0.7125210762,-0.0451568775,1.0000000000
79,5.2710000000,right_hand,7,0.4534398913,0.7139393091,-0.0399104208,1.0000000000
80,5.3380000000,right_hand,7,0.4523183107,0.7069253922,-0.0354069136,1.0000000000
81,5.4050000000,right_hand,7,0.4490201771,0.6967791319,-0.0445035398,1.0000000000
82,5.4710000000,right_hand,7,0.4415925741,0.6790603995,-0.0380728506,1.0000000000
83,5.5380000000,right_hand,7,0.4311439097,0.6660437584,-0.0372690931,1.0000000000
84,5.6050000000,right_hand,7,0.4238732755,0.6580072045,-0.0280755162,1.0000000000
85,5.6710000000,right_hand,7,0.4117523432,0.6090442538,-0.0399614982,1.0000000000
86,5.7380000000,right_hand,7,0.4140928984,0.6630814672,-0.0248299874,1.0000000000
87,5.8050000000,right_hand,7,0.3856034279,0.6651363969,-0.0102992496,1.0000000000
88,5.8720000000,right_hand,7,0.3734997511,0.6472372413,-0.0453441921,1.0000000000
89,5.9380000000,right_hand,7,0.3613960743,0.6293380857,-0.0803891346,1.0000000000
90,6.0050000000,right_hand,7,0.3627907187,0.6055172086,-0.0469507645,1.0000000000
91,6.0720000000,right_hand,7,0.3641853631,0.5816963315,-0.0135123944,1.0000000000
92,6.1390000000,right_hand,7,0.5481551290,0.6623570323,-0.0642744899,1.0000000000
93,6.2050000000,right_hand,7,0.4589366764,0.6617659628,-0.0383672286,1.0000000000
94,6.2720000000,right_hand,7,0.3697182238,0.6611748934,-0.0124599673,1.0000000000
95,6.3390000000,right_hand,7,0.3639888763,0.6473827362,-0.0398972183,1.0000000000
96,6.4050000000,right_hand,7,0.3678762317,0.6569178700,-0.0288860351,1.0000000000
97,6.4720000000,right_hand,7,0.3717635870,0.6664530039,-0.0178748518,1.0000000000
98,6.5390000000,right_hand,7,0.3726529380,0.6625565092,-0.0219195572,1.0000000000
99,6.6060000000,right_hand,7,0.3735422889,0.6586600145,-0.0259642626,1.0000000000
100,6.6720000000,right_hand,7,0.3744316399,0.6547635198,-0.0300089680,1.0000000000
101,6.7390000000,right_hand,7,0.3745936155,0.6554620564,-0.0323535819,1.0000000000
102,6.8060000000,right_hand,7,0.3747555912,0.6561605930,-0.0346981958,1.0000000000
103,6.8720000000,right_hand,7,0.3717515469,0.6531711221,-0.0541029274,1.0000000000
104,6.9390000000,right_hand,7,0.3809579015,0.6616058946,-0.0420533977,1.0000000000
105,7.0060000000,right_hand,7,0.3715566397,0.6555633545,-0.0384191126,1.0000000000
106,7.0730000000,right_hand,7,0.3665861487,0.6214865446,-0.0454882756,1.0000000000
107,7.1390000000,right_hand,7,0.3801920116,0.6641439795,-0.0400861055,1.0000000000
108,7.2060000000,right_hand,7,0.3770763278,0.6607807875,-0.0323085040,1.0000000000
109,7.2730000000,right_hand,7,0.3728743196,0.6596473455,-0.0323243774,1.0000000000
110,7.3400000000,right_hand,7,0.3718510419,0.6589193046,-0.0319845341,1.0000000000
111,7.4060000000,right_hand,7,0.3708277643,0.6581912637,-0.0316446908,1.0000000000
112,7.4730000000,right_hand,7,0.3735544384,0.6595068574,-0.0259242076,1.0000000000
113,7.5400000000,right_hand,7,0.3754059970,0.6664173305,-0.0303246444,1.0000000000
114,7.6060000000,right_hand,7,0.3772575557,0.6733278036,-0.0347250812,1.0000000000
115,7.6730000000,right_hand,7,0.3673685491,0.6666017771,-0.0300334115,1.0000000000
116,7.7400000000,right_hand,7,0.3600761443,0.6623418331,-0.0507516423,1.0000000000
117,7.8070000000,right_hand,7,0.3527837396,0.6580818892,-0.0714698732,1.0000000000
118,7.8730000000,right_hand,7,0.3637554348,0.6667994261,-0.0324354917,1.0000000000
119,7.9400000000,right_hand,7,0.3625357449,0.6654498577,-0.0434054062,1.0000000000
120,8.0070000000,right_hand,7,0.3643285036,0.6669448018,-0.0236226264,1.0000000000
121,8.0740000000,right_hand,7,0.3657944798,0.6695619226,-0.0383278737,1.0000000000
122,8.1400000000,right_hand,7,0.3672604561,0.6721790433,-0.0530331209,1.0000000000
123,8.2070000000,right_hand,7,0.3646309078,0.6640095711,-0.0336041786,1.0000000000
124,8.2740000000,right_hand,7,0.3684799671,0.6638082266,-0.0335100926,1.0000000000
125,8.3400000000,right_hand,7,0.3665153682,0.6650254130,-0.0351137258,1.0000000000
126,8.4070000000,right_hand,7,0.3786220551,0.6764656305,-0.0494654328,1.0000000000
127,8.4740000000,right_hand,7,0.3702133596,0.6692410707,-0.0340870172,1.0000000000
128,8.5410000000,right_hand,7,0.3638716042,0.6652878523,-0.0368214399,1.0000000000
129,8.6070000000,right_hand,7,0.3612824976,0.6613085270,-0.0453213193,1.0000000000
130,8.6740000000,right_hand,7,0.3680808743,0.6304223935,-0.0492451390,1.0000000000
131,8.7410000000,right_hand,7,0.3748792509,0.5995362600,-0.0531689587,1.0000000000
132,8.8070000000,right_hand,7,0.3816776276,0.5686501265,-0.0570927784,1.0000000000
133,8.8740000000,right_hand,7,0.3695464730,0.5537154078,-0.0607033074,1.0000000000
134,8.9410000000,right_hand,7,0.3711129725,0.5753663778,-0.0565716326,1.0000000000
135,9.0080000000,right_hand,7,0.3692213893,0.5738876462,-0.0635284781,1.0000000000
136,9.0740000000,right_hand,7,0.3819397688,0.6143599749,-0.0753685832,1.0000000000
137,9.1410000000,right_hand,7,0.3892841637,0.6216570735,-0.0628419146,1.0000000000
138,9.2080000000,right_hand,7,0.3880196810,0.6193645597,-0.0606323741,1.0000000000
139,9.2750000000,right_hand,7,0.3887330592,0.6194447279,-0.0695688501,1.0000000000
140,9.3410000000,right_hand,7,0.3868662715,0.6289027929,-0.0609332174,1.0000000000
141,9.4080000000,right_hand,7,0.3860797286,0.6309740543,-0.0462406464,1.0000000000
142,9.4750000000,right_hand,7,0.3823361397,0.6318049431,-0.0690035671,1.0000000000
143,9.5410000000,right_hand,7,0.3851300180,0.6311593652,-0.0621975064,1.0000000000
144,9.6080000000,right_hand,7,0.3793911338,0.6347640753,-0.0698835477,1.0000000000
145,9.6750000000,right_hand,7,0.4438563585,0.6130943298,-0.0567656830,1.0000000000
146,9.7420000000,right_hand,7,0.5083215833,0.5914245844,-0.0436478183,1.0000000000
147,9.8080000000,right_hand,7,0.4428746700,0.5833107233,-0.0533940047,1.0000000000
148,9.8750000000,right_hand,7,0.3774277568,0.5751968622,-0.0631401911,1.0000000000
149,9.9420000000,right_hand,7,0.3838490546,0.5536466042,-0.0544945771,1.0000000000
150,10.0080000000,right_hand,7,0.3902703524,0.5320963462,-0.0458489632,1.0000000000
151,10.0750000000,right_hand,7,0.3966916502,0.5105460882,-0.0372033492,1.0000000000
152,10.1420000000,right_hand,7,0.3790318370,0.5435024500,-0.0383605100,1.0000000000
153,10.2090000000,right_hand,7,0.3717039824,0.5584065914,-0.0238661263,1.0000000000
154,10.2750000000,right_hand,7,0.3715489209,0.5564627051,0.0044843312,1.0000000000
155,10.3420000000,right_hand,7,0.3731064796,0.5477440953,-0.0415417701,1.0000000000
156,10.4090000000,right_hand,7,0.3777208328,0.5444174409,-0.0653041750,1.0000000000
157,10.4760000000,right_hand,7,0.3799941540,0.5480238795,-0.0610991158,1.0000000000
158,10.5420000000,right_hand,7,0.3747947812,0.5413770080,-0.0558882542,1.0000000000
159,10.6090000000,right_hand,7,0.3898412287,0.5852131844,-0.0761845037,1.0000000000
160,10.6760000000,right_hand,7,0.3832791746,0.5805355906,-0.0570727326,1.0000000000
161,10.7420000000,right_hand,7,0.3838147223,0.5635263324,-0.0575055107,1.0000000000
162,10.8090000000,right_hand,7,0.3878418505,0.5782629251,-0.0628790557,1.0000000000
163,10.8760000000,right_hand,7,0.3929088116,0.5601377487,-0.0593384616,1.0000000000
164,10.9430000000,right_hand,7,0.3936314285,0.5585359335,-0.0735934526,1.0000000000
165,11.0090000000,right_hand,7,0.3946777582,0.5583512783,-0.0695795566,1.0000000000
166,11.0760000000,right_hand,7,0.3974917531,0.5952147245,-0.0612405017,1.0000000000
167,11.1430000000,right_hand,7,0.3980042934,0.5621951818,-0.0671898127,1.0000000000
168,11.2100000000,right_hand,7,0.3904539049,0.5375038385,-0.0468013808,1.0000000000
169,11.2760000000,right_hand,7,0.3995153606,0.5118372440,-0.0325673372,1.0000000000
170,11.3430000000,right_hand,7,0.4021928012,0.5222932100,-0.0196625758,1.0000000000
171,11.4100000000,right_hand,7,0.3968291879,0.5286101103,0.0059205354,1.0000000000
172,11.4760000000,right_hand,7,0.3859738111,0.5355467796,-0.0027898625,1.0000000000
173,11.5430000000,right_hand,7,0.3738006055,0.5536684990,-0.0012272648,1.0000000000
174,11.6100000000,right_hand,7,0.3804961741,0.5841016173,0.0106646325,1.0000000000
175,11.6770000000,right_hand,7,0.3752435148,0.5634085536,-0.0092045758,1.0000000000
176,11.7430000000,right_hand,7,0.3718774617,0.5661966205,-0.0453612842,1.0000000000
177,11.8100000000,right_hand,7,0.3656224906,0.5600106716,-0.0212310813,1.0000000000
178,11.8770000000,right_hand,7,0.3748537153,0.5538170040,-0.0494149718,1.0000000000
179,11.9430000000,right_hand,7,0.3840849400,0.5476233363,-0.0775988623,1.0000000000
75,5.0040000000,right_hand,8,0.4641920030,0.7318931222,-0.0326507650,1.0000000000
76,5.0710000000,right_hand,8,0.4654846489,0.7293859124,-0.0316228904,1.0000000000
77,5.1380000000,right_hand,8,0.4683180451,0.7283354998,-0.0378242731,1.0000000000
78,5.2040000000,right_hand,8,0.4677170217,0.7345548272,-0.0473527201,1.0000000000
79,5.2710000000,right_hand,8,0.4660062194,0.7372936606,-0.0421849862,1.0000000000
80,5.3380000000,right_hand,8,0.4635195732,0.7291506529,-0.0375964865,1.0000000000
81,5.4050000000,right_hand,8,0.4606708586,0.7206661701,-0.0463782735,1.0000000000
82,5.4710000000,right_hand,8,0.4547739029,0.7007113099,-0.0398313552,1.0000000000
83,5.5380000000,right_hand,8,0.4450016022,0.6831585765,-0.0384070762,1.0000000000
84,5.6050000000,right_hand,8,0.4356605113,0.6717917919,-0.0288262814,1.0000000000
85,5.6710000000,right_hand,8,0.4240240753,0.6216081381,-0.0417657010,1.0000000000
86,5.7380000000,right_hand,8,0.4229636490,0.6763527393,-0.0271121208,1.0000000000
87,5.8050000000,right_hand,8,0.3833983243,0.6701405644,-0.0135679152,1.0000000000
88,5.8720000000,right_hand,8,0.3766749650,0.6559976637,-0.0509560658,1.0000000000
89,5.9380000000,right_hand,8,0.3699516058,0.6418547630,-0.0883442163,1.0000000000
90,6.0050000000,right_hand,8,0.3738723099,0.6146756411,-0.0531155635,1.0000000000
91,6.0720000000,right_hand,8,0.3777930140,0.5874965191,-0.0178869106,1.0000000000
92,6.1390000000,right_hand,8,0.5414705873,0.6809244752,-0.0676227883,1.0000000000
93,6.2050000000,right_hand,8,0.4597588778,0.6736811101,-0.0385524388,1.0000000000
94,6.2720000000,right_hand,8,0.3780471683,0.6664377451,-0.0094820894,1.0000000000
95,6.3390000000,right_hand,8,0.3749769628,0.6568788886,-0.0415455028,1.0000000000
96,6.4050000000,right_hand,8,0.3768489361,0.6625621319,-0.0291992063,1.0000000000
97,6.4720000000,right_hand,8,0.3787209094,0.6682453752,-0.0168529097,1.0000000000
98,6.5390000000,right_hand,8,0.3804393311,0.6659701069,-0.0211117969,1.0000000000
99,6.6060000000,right_hand,8,0.3821577529,0.6636948387,-0.0253706841,1.0000000000
100,6.6720000000,right_hand,8,0.3838761747,0.6614195704,-0.0296295714,1.0000000000
101,6.7390000000,right_hand,8,0.3838939816,0.6615794003,-0.0321217449,1.0000000000
102,6.8060000000,right_hand,8,0.3839117885,0.6617392302,-0.0346139185,1.0000000000
103,6.8720000000,right_hand,8,0.3820911348,0.6655693054,-0.0591131449,1.0000000000
104,6.9390000000,right_hand,8,0.3883209229,0.6674579978,-0.0399260111,1.0000000000
105,7.0060000000,right_hand,8,0.3814569712,0.6650882363,-0.0392827652,1.0000000000
106,7.0730000000,right_hand,8,0.3766370714,0.6314155459,-0.0472502597,1.0000000000
107,7.1390000000,right_hand,8,0.3877462745,0.6694940925,-0.0383176915,1.0000000000
108,7.2060000000,right_hand,8,0.3838672042,0.6651757360,-0.0322640836,1.0000000000
109,7.2730000000,right_hand,8,0.3825047612,0.6678509712,-0.0348761305,1.0000000000
110,7.3400000000,right_hand,8,0.3812684864,0.6672845483,-0.0340892132,1.0000000000
111,7.4060000000,right_hand,8,0.3800322115,0.6667181253,-0.0333022960,1.0000000000
112,7.4730000000,right_hand,8,0.3818191290,0.6667872667,-0.0274545532,1.0000000000
113,7.5400000000,right_hand,8,0.3825180829,0.6728954315,-0.0308359871,1.0000000000
114,7.6060000000,right_hand,8,0.3832170367,0.6790035963,-0.0342174210,1.0000000000
115,7.6730000000,right_hand,8,0.3746187091,0.6745857000,-0.0315891691,1.0000000000
116,7.7400000000,right_hand,8,0.3694498837,0.6703743637,-0.0548064467,1.0000000000
117,7.8070000000,right_hand,8,0.3642810583,0.6661630273,-0.0780237243,1.0000000000
118,7.8730000000,right_hand,8,0.3741241992,0.6735633016,-0.0336410217,1.0000000000
119,7.9400000000,right_hand,8,0.3732514083,0.6720542312,-0.0446533635,1.0000000000
120,8.0070000000,right_hand,8,0.3738115132,0.6735219359,-0.0248137489,1.0000000000
121,8.0740000000,right_hand,8,0.3760595620,0.6744691133,-0.0400112811,1.0000000000
122,8.1400000000,right_hand,8,0.3783076108,0.6754162908,-0.0552088134,1.0000000000
123,8.2070000000,right_hand,8,0.3749750555,0.6689464450,-0.0350676365,1.0000000000
124,8.2740000000,right_hand,8,0.3781872690,0.6706774235,-0.0336280391,1.0000000000
125,8.3400000000,right_hand,8,0.3766989112,0.6713977456,-0.0368312597,1.0000000000
126,8.4070000000,right_hand,8,0.3902281225,0.6840404868,-0.0507262424,1.0000000000
127,8.4740000000,right_hand,8,0.3794574440,0.6741960645,-0.0333274715,1.0000000000
128,8.5410000000,right_hand,8,0.3752751946,0.6724987030,-0.0375135355,1.0000000000
129,8.6070000000,right_hand,8,0.3749764562,0.6687468290,-0.0477499701,1.0000000000
130,8.6740000000,right_hand,8,0.3798663417,0.6404132843,-0.0525574361,1.0000000000
131,8.7410000000,right_hand,8,0.3847562273,0.6120797396,-0.0573649021,1.0000000000
132,8.8070000000,right_hand,8,0.3896461129,0.5837461948,-0.0621723682,1.0000000000
133,8.8740000000,right_hand,8,0.3759135604,0.5695436001,-0.0674303845,1.0000000000
134,8.9410000000,right_hand,8,0.3770903647,0.5858975649,-0.0620627627,1.0000000000
135,9.0080000000,right_hand,8,0.3784372211,0.5929813981,-0.0697959214,1.0000000000
136,9.0740000000,right_hand,8,0.3922095895,0.6446534395,-0.0831334367,1.0000000000
137,9.1410000000,right_hand,8,0.3940098584,0.6517845988,-0.0703996196,1.0000000000
138,9.2080000000,right_hand,8,0.3931148648,0.6469273567,-0.0671298876,1.0000000000
139,9.2750000000,right_hand,8,0.3944759369,0.6491527557,-0.0766100883,1.0000000000
140,9.3410000000,right_hand,8,0.3914489150,0.6595520973,-0.0672724545,1.0000000000
141,9.4080000000,right_hand,8,0.3916370571,0.6608690619,-0.0512934402,1.0000000000
142,9.4750000000,right_hand,8,0.3904749453,0.6648886800,-0.0765200555,1.0000000000
143,9.5410000000,right_hand,8,0.3935977817,0.6623357534,-0.0693103895,1.0000000000
144,9.6080000000,right_hand,8,0.3887207806,0.6660017371,-0.0782630891,1.0000000000
145,9.6750000000,right_hand,8,0.4397837967,0.6382505298,-0.0626054741,1.0000000000
146,9.7420000000,right_hand,8,0.4908468127,0.6104993224,-0.0469478592,1.0000000000
147,9.8080000000,right_hand,8,0.4394209683,0.6036324203,-0.0583199523,1.0000000000
148,9.8750000000,right_hand,8,0.3879951239,0.5967655182,-0.0696920455,1.0000000000
149,9.9420000000,right_hand,8,0.3959004184,0.5704582532,-0.0604235356,1.0000000000
150,10.0080000000,right_hand,8,0.4038057129,0.5441509883,-0.0511550258,1.0000000000
151,10.0750000000,right_hand,8,0.4117110074,0.5178437233,-0.0418865159,1.0000000000
152,10.1420000000,right_hand,8,0.3892257810,0.5590173602,-0.0424040221,1.0000000000
153,10.2090000000,right_hand,8,0.3745138943,0.5766458511,-0.0282396451,1.0000000000
154,10.2750000000,right_hand,8,0.3734058738,0.5734780431,0.0024917261,1.0000000000
155,10.3420000000,right_hand,8,0.3817953169,0.5687351823,-0.0475081988,1.0000000000
156,10.4090000000,right_hand,8,0.3875517845,0.5641670227,-0.0732356906,1.0000000000
157,10.4760000000,right_hand,8,0.3905527294,0.5678654909,-0.0691689774,1.0000000000
158,10.5420000000,right_hand,8,0.3866592944,0.5616765022,-0.0643143207,1.0000000000
159,10.6090000000,right_hand,8,0.4010775387,0.6140703559,-0.0870494619,1.0000000000
160,10.6760000000,right_hand,8,0.3932929039,0.6062008142,-0.0650091097,1.0000000000
161,10.7420000000,right_hand,8,0.3944783807,0.5870768428,-0.0656922758,1.0000000000
162,10.8090000000,right_hand,8,0.3972165287,0.6034159064,-0.0708994642,1.0000000000
163,10.8760000000,right_hand,8,0.4041993320,0.5848254561,-0.0657465085,1.0000000000
164,10.9430000000,right_hand,8,0.4068800807,0.5882344842,-0.0834986344,1.0000000000
165,11.0090000000,right_hand,8,0.4063777924,0.5866849422,-0.0791020691,1.0000000000
166,11.0760000000,right_hand,8,0.4031284451,0.6265231371,-0.0693365559,1.0000000000
167,11.1430000000,right_hand,8,0.4072735906,0.5917711854,-0.0754337609,1.0000000000
168,11.2100000000,right_hand,8,0.4008758068,0.5564154387,-0.0525122881,1.0000000000
169,11.2760000000,right_hand,8,0.4143521488,0.5191001296,-0.0364168398,1.0000000000
170,11.3430000000,right_hand,8,0.4155445397,0.5334557891,-0.0213373322,1.0000000000
171,11.4100000000,right_hand,8,0.4062516391,0.5455591679,0.0057971724,1.0000000000
172,11.4760000000,right_hand,8,0.3914787769,0.5521274805,-0.0036990806,1.0000000000
173,11.5430000000,right_hand,8,0.3737167120,0.5714460611,-0.0016568038,1.0000000000
174,11.6100000000,right_hand,8,0.3858847618,0.6022798419,0.0086964648,1.0000000000
175,11.6770000000,right_hand,8,0.3817314506,0.5837825537,-0.0119110197,1.0000000000
176,11.7430000000,right_hand,8,0.3769770861,0.5854036808,-0.0506732017,1.0000000000
177,11.8100000000,right_hand,8,0.3733537495,0.5756339431,-0.0248649847,1.0000000000
178,11.8770000000,right_hand,8,0.3849824369,0.5703155100,-0.0562888673,1.0000000000
179,11.9430000000,right_hand,8,0.3966111243,0.5649970770,-0.0877127498,1.0000000000
75,5.0040000000,right_hand,9,0.3962330222,0.6534294486,-0.0232583992,1.0000000000
76,5.0710000000,right_hand,9,0.3983301818,0.6535071731,-0.0236206278,1.0000000000
77,5.1380000000,right_hand,9,0.3966743052,0.6565686464,-0.0264670625,1.0000000000
78,5.2040000000,right_hand,9,0.3957810402,0.6571681499,-0.0312057491,1.0000000000
79,5.2710000000,right_hand,9,0.3956205845,0.6582922339,-0.0276763532,1.0000000000
80,5.3380000000,right_hand,9,0.3965309560,0.6530385017,-0.0250860807,1.0000000000
81,5.4050000000,right_hand,9,0.3895380497,0.6470669508,-0.0311102606,1.0000000000
82,5.4710000000,right_hand,9,0.3823879361,0.6359717846,-0.0262089558,1.0000000000
83,5.5380000000,right_hand,9,0.3749628067,0.6309765577,-0.0255429428,1.0000000000
84,5.6050000000,right_hand,9,0.3728138804,0.6427997351,-0.0183526464,1.0000000000
85,5.6710000000,right_hand,9,0.3641491234,0.6177654862,-0.0229782499,1.0000000000
86,5.7380000000,right_hand,9,0.3731290102,0.6501260996,-0.0123076821,1.0000000000
87,5.8050000000,right_hand,9,0.3735303879,0.6420260668,-0.0047233105,1.0000000000
88,5.8720000000,right_hand,9,0.3550854325,0.6296796799,-0.0244075581,1.0000000000
89,5.9380000000,right_hand,9,0.3366404772,0.6173332930,-0.0440918058,1.0000000000
90,6.0050000000,right_hand,9,0.3317252100,0.6105767190,-0.0242851826,1.0000000000
91,6.0720000000,right_hand,9,0.3268099427,0.6038201451,-0.0044785594,1.0000000000
92,6.1390000000,right_hand,9,0.5384885669,0.5599616766,-0.0463224240,1.0000000000
93,6.2050000000,right_hand,9,0.4312222153,0.6028352380,-0.0283383299,1.0000000000
94,6.2720000000,right_hand,9,0.3239558637,0.6457087994,-0.0103542358,1.0000000000
95,6.3390000000,right_hand,9,0.3254609406,0.6412612200,-0.0237475373,1.0000000000
96,6.4050000000,right_hand,9,0.3261796385,0.6511175334,-0.0175957102,1.0000000000
97,6.4720000000,right_hand,9,0.3268983364,0.6609738469,-0.0114438832,1.0000000000
98,6.5390000000,right_hand,9,0.3268784583,0.6568572919,-0.0143763063,1.0000000000
99,6.6060000000,right_hand,9,0.3268585801,0.6527407368,-0.0173087294,1.0000000000
100,6.6720000000,right_hand,9,0.3268387020,0.6486241817,-0.0202411525,1.0000000000
101,6.7390000000,right_hand,9,0.3278935850,0.6451881826,-0.0217824960,1.0000000000
102,6.8060000000,right_hand,9,0.3289484680,0.6417521834,-0.0233238395,1.0000000000
103,6.8720000000,right_hand,9,0.3284603953,0.6108451486,-0.0354634374,1.0000000000
104,6.9390000000,right_hand,9,0.3295477331,0.6333810687,-0.0299924184,1.0000000000
105,7.0060000000,right_hand,9,0.3261567056,0.6466346383,-0.0224101581,1.0000000000
106,7.0730000000,right_hand,9,0.3240124285,0.6169228554,-0.0316442177,1.0000000000
107,7.1390000000,right_hand,9,0.3340323567,0.6499646902,-0.0275876839,1.0000000000
108,7.2060000000,right_hand,9,0.3348610401,0.6442278028,-0.0187584292,1.0000000000
109,7.2730000000,right_hand,9,0.3323589861,0.6442122459,-0.0158302877,1.0000000000
110,7.3400000000,right_hand,9,0.3307053000,0.6483933628,-0.0174159976,1.0000000000
111,7.4060000000,right_hand,9,0.3290516138,0.6525744796,-0.0190017074,1.0000000000
112,7.4730000000,right_hand,9,0.3338952661,0.6525245309,-0.0151070347,1.0000000000
113,7.5400000000,right_hand,9,0.3333386630,0.6587741077,-0.0189079368,1.0000000000
114,7.6060000000,right_hand,9,0.3327820599,0.6650236845,-0.0227088388,1.0000000000
115,7.6730000000,right_hand,9,0.3339227736,0.6615661979,-0.0172119737,1.0000000000
116,7.7400000000,right_hand,9,0.3262566924,0.6491006911,-0.0280870460,1.0000000000
117,7.8070000000,right_hand,9,0.3185906112,0.6366351843,-0.0389621183,1.0000000000
118,7.8730000000,right_hand,9,0.3224261701,0.6555871964,-0.0175706595,1.0000000000
119,7.9400000000,right_hand,9,0.3181508482,0.6482568383,-0.0265153665,1.0000000000
120,8.0070000000,right_hand,9,0.3241939843,0.6536442041,-0.0117037566,1.0000000000
121,8.0740000000,right_hand,9,0.3242161423,0.6556032300,-0.0201675822,1.0000000000
122,8.1400000000,right_hand,9,0.3242383003,0.6575622559,-0.0286314078,1.0000000000
123,8.2070000000,right_hand,9,0.3227942288,0.6536928415,-0.0177872907,1.0000000000
124,8.2740000000,right_hand,9,0.3228508234,0.6432855725,-0.0203091279,1.0000000000
125,8.3400000000,right_hand,9,0.3266937137,0.6446025968,-0.0183362011,1.0000000000
126,8.4070000000,right_hand,9,0.3278038800,0.6578516364,-0.0282490868,1.0000000000
127,8.4740000000,right_hand,9,0.3231348991,0.6448994279,-0.0212466810,1.0000000000
128,8.5410000000,right_hand,9,0.3171921074,0.6349387169,-0.0246171821,1.0000000000
129,8.6070000000,right_hand,9,0.3192849159,0.6291765571,-0.0312726647,1.0000000000
130,8.6740000000,right_hand,9,0.3243201574,0.5987964471,-0.0332165075,1.0000000000
131,8.7410000000,right_hand,9,0.3293553988,0.5684163372,-0.0351603503,1.0000000000
132,8.8070000000,right_hand,9,0.3343906403,0.5380362272,-0.0371041931,1.0000000000
133,8.8740000000,right_hand,9,0.3296319842,0.5391862988,-0.0392072834,1.0000000000
134,8.9410000000,right_hand,9,0.3229361475,0.5512112975,-0.0380751193,1.0000000000
135,9.0080000000,right_hand,9,0.3175904751,0.5664572716,-0.0414167307,1.0000000000
136,9.0740000000,right_hand,9,0.3212696612,0.5667739511,-0.0484970547,1.0000000000
137,9.1410000000,right_hand,9,0.3385335803,0.5488057137,-0.0426662639,1.0000000000
138,9.2080000000,right_hand,9,0.3398067951,0.5488047600,-0.0440164171,1.0000000000
139,9.2750000000,right_hand,9,0.3381426036,0.5432491302,-0.0485259369,1.0000000000
140,9.3410000000,right_hand,9,0.3384320736,0.5401351452,-0.0413379446,1.0000000000
141,9.4080000000,right_hand,9,0.3409020603,0.5454149842,-0.0316533521,1.0000000000
142,9.4750000000,right_hand,9,0.3295515478,0.5425496697,-0.0461213812,1.0000000000
143,9.5410000000,right_hand,9,0.3317600191,0.5499771237,-0.0416171663,1.0000000000
144,9.6080000000,right_hand,9,0.3326955438,0.5492454171,-0.0446120575,1.0000000000
145,9.6750000000,right_hand,9,0.4519142210,0.5446734130,-0.0370694315,1.0000000000
146,9.7420000000,right_hand,9,0.5711328983,0.5401014090,-0.0295268055,1.0000000000
147,9.8080000000,right_hand,9,0.4487389624,0.5366911888,-0.0351972776,1.0000000000
148,9.8750000000,right_hand,9,0.3263450265,0.5332809687,-0.0408677496,1.0000000000
149,9.9420000000,right_hand,9,0.3310114841,0.5252347390,-0.0358899236,1.0000000000
150,10.0080000000,right_hand,9,0.3356779416,0.5171885093,-0.0309120975,1.0000000000
151,10.0750000000,right_hand,9,0.3403443992,0.5091422796,-0.0259342715,1.0000000000
152,10.1420000000,right_hand,9,0.3327537179,0.5124346018,-0.0157638360,1.0000000000
153,10.2090000000,right_hand,9,0.3329409063,0.5245097876,-0.0119943637,1.0000000000
154,10.2750000000,right_hand,9,0.3331177533,0.5203248262,0.0062459214,1.0000000000
155,10.3420000000,right_hand,9,0.3213433325,0.5251300335,-0.0274728443,1.0000000000
156,10.4090000000,right_hand,9,0.3246424496,0.5265196562,-0.0422374308,1.0000000000
157,10.4760000000,right_hand,9,0.3253549337,0.5260631442,-0.0399247967,1.0000000000
158,10.5420000000,right_hand,9,0.3228935301,0.5391621590,-0.0348149240,1.0000000000
159,10.6090000000,right_hand,9,0.3293321133,0.5430543423,-0.0472383760,1.0000000000
160,10.6760000000,right_hand,9,0.3254377544,0.5397517681,-0.0371279344,1.0000000000
161,10.7420000000,right_hand,9,0.3280700743,0.5390692353,-0.0353999957,1.0000000000
162,10.8090000000,right_hand,9,0.3297606111,0.5345577002,-0.0396410003,1.0000000000
163,10.8760000000,right_hand,9,0.3306511641,0.5243268013,-0.0398630649,1.0000000000
164,10.9430000000,right_hand,9,0.3297591805,0.5246738791,-0.0472470224,1.0000000000
165,11.0090000000,right_hand,9,0.3329584599,0.5248508453,-0.0449529961,1.0000000000
166,11.0760000000,right_hand,9,0.3411843479,0.5164838433,-0.0378717519,1.0000000000
167,11.1430000000,right_hand,9,0.3363062739,0.5255471468,-0.0454800539,1.0000000000
168,11.2100000000,right_hand,9,0.3348326683,0.5254545212,-0.0316110253,1.0000000000
169,11.2760000000,right_hand,9,0.3419247866,0.5116545558,-0.0234842617,1.0000000000
170,11.3430000000,right_hand,9,0.3483823836,0.5154370666,-0.0153520992,1.0000000000
171,11.4100000000,right_hand,9,0.3526043892,0.5157527924,0.0033574121,1.0000000000
172,11.4760000000,right_hand,9,0.3425652683,0.5205615163,-0.0061805043,1.0000000000
173,11.5430000000,right_hand,9,0.3381066620,0.5231187344,-0.0045390348,1.0000000000
174,11.6100000000,right_hand,9,0.3434383869,0.5251687169,0.0069243987,1.0000000000
175,11.6770000000,right_hand,9,0.3347817361,0.5328339338,-0.0097596701,1.0000000000
176,11.7430000000,right_hand,9,0.3325384557,0.5335599184,-0.0306038540,1.0000000000
177,11.8100000000,right_hand,9,0.3278291821,0.5372440815,-0.0105106952,1.0000000000
178,11.8770000000,right_hand,9,0.3291390240,0.5301244855,-0.0311724492,1.0000000000
179,11.9430000000,right_hand,9,0.3304488659,0.5230048895,-0.0518342033,1.0000000000
75,5.0040000000,right_hand,10,0.4258258343,0.7052310109,-0.0323359184,1.0000000000
76,5.0710000000,right_hand,10,0.4255472720,0.7058722973,-0.0314792953,1.0000000000
77,5.1380000000,right_hand,10,0.4250944853,0.7062255144,-0.0363020375,1.0000000000
78,5.2040000000,right_hand,10,0.4228854775,0.7073062062,-0.0437748395,1.0000000000
79,5.2710000000,right_hand,10,0.4211673141,0.7072060704,-0.0391106047,1.0000000000
80,5.3380000000,right_hand,10,0.4219399691,0.7042293549,-0.0343793184,1.0000000000
81,5.4050000000,right_hand,10,0.4174601138,0.6975035071,-0.0431949273,1.0000000000
82,5.4710000000,right_hand,10,0.4115153551,0.6855806708,-0.0364390947,1.0000000000
83,5.5380000000,right_hand,10,0.4060636759,0.6855955124,-0.0324979648,1.0000000000
84,5.6050000000,right_hand,10,0.4038811326,0.6831386089,-0.0227647815,1.0000000000
85,5.6710000000,right_hand,10,0.3922869265,0.6566144824,-0.0309877265,1.0000000000
86,5.7380000000,right_hand,10,0.3942004144,0.6801732779,-0.0145260738,1.0000000000
87,5.8050000000,right_hand,10,0.3785868883,0.6537849903,-0.0027532214,1.0000000000
88,5.8720000000,right_hand,10,0.3629593104,0.6519192755,-0.0312610515,1.0000000000
89,5.9380000000,right_hand,10,0.3473317325,0.6500535607,-0.0597688816,1.0000000000
90,6.0050000000,right_hand,10,0.3446330130,0.6282019317,-0.0354114487,1.0000000000
91,6.0720000000,right_hand,10,0.3419342935,0.6063503027,-0.0110540157,1.0000000000
92,6.1390000000,right_hand,10,0.5258615613,0.6266479492,-0.0572158173,1.0000000000
93,6.2050000000,right_hand,10,0.4404981285,0.6506486833,-0.0335472771,1.0000000000
94,6.2720000000,right_hand,10,0.3551346958,0.6746494174,-0.0098787369,1.0000000000
95,6.3390000000,right_hand,10,0.3492544293,0.6691725254,-0.0318967439,1.0000000000
96,6.4050000000,right_hand,10,0.3539970666,0.6753252447,-0.0226105433,1.0000000000
97,6.4720000000,right_hand,10,0.3587397039,0.6814779639,-0.0133243427,1.0000000000
98,6.5390000000,right_hand,10,0.3580432038,0.6801058054,-0.0172975479,1.0000000000
99,6.6060000000,right_hand,10,0.3573467036,0.6787336469,-0.0212707532,1.0000000000
100,6.6720000000,right_hand,10,0.3566502035,0.6773614883,-0.0252439585,1.0000000000
101,6.7390000000,right_hand,10,0.3573202193,0.6741511226,-0.0271472167,1.0000000000
102,6.8060000000,right_hand,10,0.3579902351,0.6709407568,-0.0290504750,1.0000000000
103,6.8720000000,right_hand,10,0.3437197506,0.6453468204,-0.0502554029,1.0000000000
104,6.9390000000,right_hand,10,0.3605870903,0.6673487425,-0.0361797288,1.0000000000
105,7.0060000000,right_hand,10,0.3538871408,0.6792306304,-0.0293712523,1.0000000000
106,7.0730000000,right_hand,10,0.3496342003,0.6568312645,-0.0417428464,1.0000000000
107,7.1390000000,right_hand,10,0.3644036651,0.6821354032,-0.0331371017,1.0000000000
108,7.2060000000,right_hand,10,0.3605610430,0.6728585958,-0.0222511124,1.0000000000
109,7.2730000000,right_hand,10,0.3537442684,0.6729793549,-0.0223436598,1.0000000000
110,7.3400000000,right_hand,10,0.3543938994,0.6769531965,-0.0244473657,1.0000000000
111,7.4060000000,right_hand,10,0.3550435305,0.6809270382,-0.0265510716,1.0000000000
112,7.4730000000,right_hand,10,0.3580360711,0.6746959686,-0.0195453316,1.0000000000
113,7.5400000000,right_hand,10,0.3600120693,0.6823611259,-0.0235776044,1.0000000000
114,7.6060000000,right_hand,10,0.3619880676,0.6900262833,-0.0276098773,1.0000000000
115,7.6730000000,right_hand,10,0.3563096821,0.6799858809,-0.0227113459,1.0000000000
116,7.7400000000,right_hand,10,0.3461887240,0.6750782430,-0.0373583911,1.0000000000
117,7.8070000000,right_hand,10,0.3360677660,0.6701706052,-0.0520054363,1.0000000000
118,7.8730000000,right_hand,10,0.3476034403,0.6815590858,-0.0234625414,1.0000000000
119,7.9400000000,right_hand,10,0.3429289758,0.6788008809,-0.0343211517,1.0000000000
120,8.0070000000,right_hand,10,0.3471060395,0.6794920564,-0.0154018672,1.0000000000
121,8.0740000000,right_hand,10,0.3491846770,0.6844924092,-0.0263741487,1.0000000000
122,8.1400000000,right_hand,10,0.3512633145,0.6894927621,-0.0373464301,1.0000000000
123,8.2070000000,right_hand,10,0.3443144858,0.6839510202,-0.0234242603,1.0000000000
124,8.2740000000,right_hand,10,0.3471406698,0.6730618477,-0.0250925887,1.0000000000
125,8.3400000000,right_hand,10,0.3460658491,0.6714847684,-0.0234095920,1.0000000000
126,8.4070000000,right_hand,10,0.3583551943,0.6892791390,-0.0361417718,1.0000000000
127,8.4740000000,right_hand,10,0.3479853570,0.6775854826,-0.0238157716,1.0000000000
128,8.5410000000,right_hand,10,0.3421413898,0.6702333093,-0.0312953219,1.0000000000
129,8.6070000000,right_hand,10,0.3466324508,0.6582282186,-0.0412429422,1.0000000000
130,8.6740000000,right_hand,10,0.3511188527,0.6253027916,-0.0459807726,1.0000000000
131,8.7410000000,right_hand,10,0.3556052546,0.5923773646,-0.0507186030,1.0000000000
132,8.8070000000,right_hand,10,0.3600916564,0.5594519377,-0.0554564334,1.0000000000
133,8.8740000000,right_hand,10,0.3463326097,0.5632753968,-0.0577549785,1.0000000000
134,8.9410000000,right_hand,10,0.3394999504,0.5828095078,-0.0549756140,1.0000000000
135,9.0080000000,right_hand,10,0.3341777623,0.5855374336,-0.0619892403,1.0000000000
136,9.0740000000,right_hand,10,0.3456593752,0.5815478563,-0.0725109205,1.0000000000
137,9.1410000000,right_hand,10,0.3644238710,0.5976189375,-0.0616770647,1.0000000000
138,9.2080000000,right_hand,10,0.3625435233,0.6056585908,-0.0609548576,1.0000000000
139,9.2750000000,right_hand,10,0.3627301753,0.5914911032,-0.0686821342,1.0000000000
140,9.3410000000,right_hand,10,0.3591802418,0.6036573648,-0.0589287765,1.0000000000
141,9.4080000000,right_hand,10,0.3620102108,0.6018376350,-0.0451426320,1.0000000000
142,9.4750000000,right_hand,10,0.3513799310,0.6025157571,-0.0675476268,1.0000000000
143,9.5410000000,right_hand,10,0.3582147658,0.6103358865,-0.0611869805,1.0000000000
144,9.6080000000,right_hand,10,0.3603455126,0.6066342592,-0.0645235628,1.0000000000
145,9.6750000000,right_hand,10,0.4486525208,0.6014468968,-0.0521425679,1.0000000000
146,9.7420000000,right_hand,10,0.5369595289,0.5962595344,-0.0397615731,1.0000000000
147,9.8080000000,right_hand,10,0.4406297952,0.5853596032,-0.0499056894,1.0000000000
148,9.8750000000,right_hand,10,0.3443000615,0.5744596720,-0.0600498058,1.0000000000
149,9.9420000000,right_hand,10,0.3543309768,0.5505535007,-0.0532528237,1.0000000000
150,10.0080000000,right_hand,10,0.3643618921,0.5266473293,-0.0464558415,1.0000000000
151,10.0750000000,right_hand,10,0.3743928075,0.5027411580,-0.0396588594,1.0000000000
152,10.1420000000,right_hand,10,0.3665391803,0.5148403645,-0.0264080334,1.0000000000
153,10.2090000000,right_hand,10,0.3618413210,0.5282623172,-0.0216166563,1.0000000000
154,10.2750000000,right_hand,10,0.3606311977,0.5257920027,0.0049648937,1.0000000000
155,10.3420000000,right_hand,10,0.3505696952,0.5326590538,-0.0415293612,1.0000000000
156,10.4090000000,right_hand,10,0.3494966626,0.5370487571,-0.0626928657,1.0000000000
157,10.4760000000,right_hand,10,0.3518355787,0.5382593870,-0.0594374351,1.0000000000
158,10.5420000000,right_hand,10,0.3500765562,0.5509427786,-0.0540073998,1.0000000000
159,10.6090000000,right_hand,10,0.3609581590,0.5575610399,-0.0721998513,1.0000000000
160,10.6760000000,right_hand,10,0.3581741452,0.5588663220,-0.0570916459,1.0000000000
161,10.7420000000,right_hand,10,0.3576967418,0.5592821836,-0.0542287380,1.0000000000
162,10.8090000000,right_hand,10,0.3618116081,0.5679358244,-0.0607433319,1.0000000000
163,10.8760000000,right_hand,10,0.3602075577,0.5567176342,-0.0581966974,1.0000000000
164,10.9430000000,right_hand,10,0.3585201502,0.5597231984,-0.0710541382,1.0000000000
165,11.0090000000,right_hand,10,0.3621020019,0.5600382686,-0.0687979758,1.0000000000
166,11.0760000000,right_hand,10,0.3738133311,0.5709460974,-0.0571478084,1.0000000000
167,11.1430000000,right_hand,10,0.3660488129,0.5679842234,-0.0660001859,1.0000000000
168,11.2100000000,right_hand,10,0.3632317185,0.5489929318,-0.0467496887,1.0000000000
169,11.2760000000,right_hand,10,0.3781733215,0.5021827221,-0.0351504683,1.0000000000
170,11.3430000000,right_hand,10,0.3847470284,0.5292630792,-0.0212229025,1.0000000000
171,11.4100000000,right_hand,10,0.3837389648,0.5303690434,0.0049571875,1.0000000000
172,11.4760000000,right_hand,10,0.3729401827,0.5437601805,-0.0076997159,1.0000000000
173,11.5430000000,right_hand,10,0.3667597771,0.5409554839,-0.0064801001,1.0000000000
174,11.6100000000,right_hand,10,0.3693577349,0.5538144708,0.0074724383,1.0000000000
175,11.6770000000,right_hand,10,0.3642283082,0.5497437119,-0.0158223528,1.0000000000
176,11.7430000000,right_hand,10,0.3584122062,0.5463601351,-0.0465098843,1.0000000000
177,11.8100000000,right_hand,10,0.3525638282,0.5462681651,-0.0171243399,1.0000000000
178,11.8770000000,right_hand,10,0.3543723375,0.5436007082,-0.0478537939,1.0000000000
179,11.9430000000,right_hand,10,0.3561808467,0.5409332514,-0.0785832480,1.0000000000
75,5.0040000000,right_hand,11,0.4414540529,0.7373391390,-0.0342075117,1.0000000000
76,5.0710000000,right_hand,11,0.4411715269,0.7380843163,-0.0331622437,1.0000000000
77,5.1380000000,right_hand,11,0.4413156211,0.7373025417,-0.0386918895,1.0000000000
78,5.2040000000,right_hand,11,0.4395021796,0.7398247123,-0.0471773893,1.0000000000
79,5.2710000000,right_hand,11,0.4381426275,0.7390519381,-0.0421418138,1.0000000000
80,5.3380000000,right_hand,11,0.4379238188,0.7365217805,-0.0368175134,1.0000000000
81,5.4050000000,right_hand,11,0.4367564917,0.7280775309,-0.0459916256,1.0000000000
82,5.4710000000,right_hand,11,0.4307232499,0.7165082097,-0.0391990505,1.0000000000
83,5.5380000000,right_hand,11,0.4262187779,0.7145378590,-0.0335866213,1.0000000000
84,5.6050000000,right_hand,11,0.4225720465,0.7026878595,-0.0228961408,1.0000000000
85,5.6710000000,right_hand,11,0.4116378725,0.6793590784,-0.0325278118,1.0000000000
86,5.7380000000,right_hand,11,0.4111749232,0.6972541809,-0.0156995002,1.0000000000
87,5.8050000000,right_hand,11,0.3790589869,0.6655513644,-0.0060180221,1.0000000000
88,5.8720000000,right_hand,11,0.3707307130,0.6684992611,-0.0360389473,1.0000000000
89,5.9380000000,right_hand,11,0.3624024391,0.6714471579,-0.0660598725,1.0000000000
90,6.0050000000,right_hand,11,0.3613156229,0.6418371797,-0.0418415377,1.0000000000
91,6.0720000000,right_hand,11,0.3602288067,0.6122272015,-0.0176232029,1.0000000000
92,6.1390000000,right_hand,11,0.5080984831,0.6698163152,-0.0587664954,1.0000000000
93,6.2050000000,right_hand,11,0.4395933151,0.6750436425,-0.0330771378,1.0000000000
94,6.2720000000,right_hand,11,0.3710881472,0.6802709699,-0.0073877801,1.0000000000
95,6.3390000000,right_hand,11,0.3667796850,0.6808755994,-0.0338919125,1.0000000000
96,6.4050000000,right_hand,11,0.3705628961,0.6813370287,-0.0232545999,1.0000000000
97,6.4720000000,right_hand,11,0.3743461072,0.6817984581,-0.0126172872,1.0000000000
98,6.5390000000,right_hand,11,0.3743033210,0.6830403209,-0.0166835568,1.0000000000
99,6.6060000000,right_hand,11,0.3742605348,0.6842821836,-0.0207498263,1.0000000000
100,6.6720000000,right_hand,11,0.3742177486,0.6855240464,-0.0248160958,1.0000000000
101,6.7390000000,right_hand,11,0.3745706826,0.6813596785,-0.0264415983,1.0000000000
102,6.8060000000,right_hand,11,0.3749236166,0.6771953106,-0.0280671008,1.0000000000
103,6.8720000000,right_hand,11,0.3585957289,0.6612198353,-0.0557472482,1.0000000000
104,6.9390000000,right_hand,11,0.3777281642,0.6743847132,-0.0320956409,1.0000000000
105,7.0060000000,right_hand,11,0.3716107607,0.6883958578,-0.0305364504,1.0000000000
106,7.0730000000,right_hand,11,0.3671417236,0.6724273562,-0.0437294506,1.0000000000
107,7.1390000000,right_hand,11,0.3812059760,0.6891477108,-0.0304828323,1.0000000000
108,7.2060000000,right_hand,11,0.3744698763,0.6800791025,-0.0217432231,1.0000000000
109,7.2730000000,right_hand,11,0.3692155182,0.6841045022,-0.0255796406,1.0000000000
110,7.3400000000,right_hand,11,0.3704324365,0.6867903769,-0.0270450534,1.0000000000
111,7.4060000000,right_hand,11,0.3716493547,0.6894762516,-0.0285104662,1.0000000000
112,7.4730000000,right_hand,11,0.3727073073,0.6839269400,-0.0209059156,1.0000000000
113,7.5400000000,right_hand,11,0.3743418902,0.6895973980,-0.0232921997,1.0000000000
114,7.6060000000,right_hand,11,0.3759764731,0.6952678561,-0.0256784838,1.0000000000
115,7.6730000000,right_hand,11,0.3697711527,0.6889827251,-0.0238896068,1.0000000000
116,7.7400000000,right_hand,11,0.3618453592,0.6866726875,-0.0402655425,1.0000000000
117,7.8070000000,right_hand,11,0.3539195657,0.6843626499,-0.0566414781,1.0000000000
118,7.8730000000,right_hand,11,0.3634138107,0.6897310615,-0.0241054464,1.0000000000
119,7.9400000000,right_hand,11,0.3594315946,0.6873846650,-0.0343078077,1.0000000000
120,8.0070000000,right_hand,11,0.3616072536,0.6873909831,-0.0158125833,1.0000000000
121,8.0740000000,right_hand,11,0.3659333289,0.6900638044,-0.0270128734,1.0000000000
122,8.1400000000,right_hand,11,0.3702594042,0.6927366257,-0.0382131636,1.0000000000
123,8.2070000000,right_hand,11,0.3607096672,0.6902719140,-0.0237182193,1.0000000000
124,8.2740000000,right_hand,11,0.3634267449,0.6802455783,-0.0237431712,1.0000000000
125,8.3400000000,right_hand,11,0.3607243001,0.6801321507,-0.0241008978,1.0000000000
126,8.4070000000,right_hand,11,0.3767624199,0.6992662549,-0.0369527563,1.0000000000
127,8.4740000000,right_hand,11,0.3635261357,0.6833045483,-0.0208569877,1.0000000000
128,8.5410000000,right_hand,11,0.3587383032,0.6809945107,-0.0314319581,1.0000000000
129,8.6070000000,right_hand,11,0.3671486974,0.6740114093,-0.0441112369,1.0000000000
130,8.6740000000,right_hand,11,0.3698069056,0.6412447095,-0.0509287417,1.0000000000
131,8.7410000000,right_hand,11,0.3724651138,0.6084780097,-0.0577462465,1.0000000000
132,8.8070000000,right_hand,11,0.3751233220,0.5757113099,-0.0645637512,1.0000000000
133,8.8740000000,right_hand,11,0.3569353819,0.5846899152,-0.0652053729,1.0000000000
134,8.9410000000,right_hand,11,0.3498855233,0.6070019007,-0.0607779697,1.0000000000
135,9.0080000000,right_hand,11,0.3463053703,0.6122738719,-0.0700062141,1.0000000000
136,9.0740000000,right_hand,11,0.3623241186,0.6211411357,-0.0818808451,1.0000000000
137,9.1410000000,right_hand,11,0.3750928044,0.6346484423,-0.0701853633,1.0000000000
138,9.2080000000,right_hand,11,0.3719995618,0.6426290870,-0.0682681277,1.0000000000
139,9.2750000000,right_hand,11,0.3753735423,0.6325666308,-0.0768031701,1.0000000000
140,9.3410000000,right_hand,11,0.3701303601,0.6462810636,-0.0663389266,1.0000000000
141,9.4080000000,right_hand,11,0.3722145259,0.6421022415,-0.0511695780,1.0000000000
142,9.4750000000,right_hand,11,0.3642291725,0.6441295743,-0.0773291513,1.0000000000
143,9.5410000000,right_hand,11,0.3726338148,0.6499521732,-0.0713233575,1.0000000000
144,9.6080000000,right_hand,11,0.3733429015,0.6487309933,-0.0746111646,1.0000000000
145,9.6750000000,right_hand,11,0.4433160871,0.6383961439,-0.0593101922,1.0000000000
146,9.7420000000,right_hand,11,0.5132892728,0.6280612946,-0.0440092199,1.0000000000
147,9.8080000000,right_hand,11,0.4357813448,0.6151658297,-0.0563775096,1.0000000000
148,9.8750000000,right_hand,11,0.3582734168,0.6022703648,-0.0687457994,1.0000000000
149,9.9420000000,right_hand,11,0.3708609939,0.5719026724,-0.0611587167,1.0000000000
150,10.0080000000,right_hand,11,0.3834485710,0.5415349801,-0.0535716340,1.0000000000
151,10.0750000000,right_hand,11,0.3960361481,0.5111672878,-0.0459845513,1.0000000000
152,10.1420000000,right_hand,11,0.3807741106,0.5361269116,-0.0317858718,1.0000000000
153,10.2090000000,right_hand,11,0.3705254197,0.5509068370,-0.0274485219,1.0000000000
154,10.2750000000,right_hand,11,0.3684479594,0.5483981967,0.0016123692,1.0000000000
155,10.3420000000,right_hand,11,0.3653967977,0.5527914762,-0.0487280935,1.0000000000
156,10.4090000000,right_hand,11,0.3637437820,0.5565859079,-0.0724969804,1.0000000000
157,10.4760000000,right_hand,11,0.3677078784,0.5606834888,-0.0698354319,1.0000000000
158,10.5420000000,right_hand,11,0.3665699661,0.5793299079,-0.0649705753,1.0000000000
159,10.6090000000,right_hand,11,0.3776527941,0.5912843943,-0.0869552121,1.0000000000
160,10.6760000000,right_hand,11,0.3753443956,0.5905400515,-0.0673695654,1.0000000000
161,10.7420000000,right_hand,11,0.3736920357,0.5873176455,-0.0637138858,1.0000000000
162,10.8090000000,right_hand,11,0.3769138455,0.5998642445,-0.0706370845,1.0000000000
163,10.8760000000,right_hand,11,0.3771983385,0.5928765535,-0.0646088272,1.0000000000
164,10.9430000000,right_hand,11,0.3771651685,0.5974819660,-0.0828684419,1.0000000000
165,11.0090000000,right_hand,11,0.3818679452,0.6019729376,-0.0805516914,1.0000000000
166,11.0760000000,right_hand,11,0.3873950541,0.6116657257,-0.0667587668,1.0000000000
167,11.1430000000,right_hand,11,0.3812547624,0.6027680635,-0.0738460943,1.0000000000
168,11.2100000000,right_hand,11,0.3781341016,0.5758771300,-0.0534397215,1.0000000000
169,11.2760000000,right_hand,11,0.4007687271,0.5132262707,-0.0398930982,1.0000000000
170,11.3430000000,right_hand,11,0.4027008414,0.5421726704,-0.0230696853,1.0000000000
171,11.4100000000,right_hand,11,0.3975864053,0.5493727326,0.0059461072,1.0000000000
172,11.4760000000,right_hand,11,0.3765473366,0.5656328797,-0.0070381686,1.0000000000
173,11.5430000000,right_hand,11,0.3706309497,0.5648176074,-0.0057884050,1.0000000000
174,11.6100000000,right_hand,11,0.3759798706,0.5795506835,0.0048338501,1.0000000000
175,11.6770000000,right_hand,11,0.3753801584,0.5746503472,-0.0183516089,1.0000000000
176,11.7430000000,right_hand,11,0.3703263402,0.5681456327,-0.0522585139,1.0000000000
177,11.8100000000,right_hand,11,0.3662222624,0.5611999631,-0.0213210173,1.0000000000
178,11.8770000000,right_hand,11,0.3695624322,0.5609500408,-0.0571991932,1.0000000000
179,11.9430000000,right_hand,11,0.3729026020,0.5607001185,-0.0930773690,1.0000000000
75,5.0040000000,right_hand,12,0.4518577754,0.7600935102,-0.0352767594,1.0000000000
76,5.0710000000,right_hand,12,0.4519906342,0.7596424818,-0.0346538834,1.0000000000
77,5.1380000000,right_hand,12,0.4526001215,0.7595361471,-0.0403852724,1.0000000000
78,5.2040000000,right_hand,12,0.4516708553,0.7624753118,-0.0498682484,1.0000000000
79,5.2710000000,right_hand,12,0.4508450627,0.7621461153,-0.0447165444,1.0000000000
80,5.3380000000,right_hand,12,0.4491648078,0.7598729134,-0.0391156897,1.0000000000
81,5.4050000000,right_hand,12,0.4500828385,0.7518100142,-0.0485806316,1.0000000000
82,5.4710000000,right_hand,12,0.4449158907,0.7394148111,-0.0418976359,1.0000000000
83,5.5380000000,right_hand,12,0.4410003126,0.7352526188,-0.0356923416,1.0000000000
84,5.6050000000,right_hand,12,0.4360053241,0.7172514200,-0.0239465721,1.0000000000
85,5.6710000000,right_hand,12,0.4255890846,0.6951940656,-0.0338582136,1.0000000000
86,5.7380000000,right_hand,12,0.4223766625,0.7102506161,-0.0179046132,1.0000000000
87,5.8050000000,right_hand,12,0.3766891956,0.6729869246,-0.0110740010,1.0000000000
88,5.8720000000,right_hand,12,0.3760561496,0.6786247194,-0.0411421554,1.0000000000
89,5.9380000000,right_hand,12,0.3754231036,0.6842625141,-0.0712103099,1.0000000000
90,6.0050000000,right_hand,12,0.3761473745,0.6526599526,-0.0463604135,1.0000000000
91,6.0720000000,right_hand,12,0.3768716455,0.6210573912,-0.0215105172,1.0000000000
92,6.1390000000,right_hand,12,0.5000596642,0.6979789138,-0.0622412935,1.0000000000
93,6.2050000000,right_hand,12,0.4399273992,0.6889459491,-0.0339894539,1.0000000000
94,6.2720000000,right_hand,12,0.3797951341,0.6799129844,-0.0057376144,1.0000000000
95,6.3390000000,right_hand,12,0.3796837330,0.6883677840,-0.0350942016,1.0000000000
96,6.4050000000,right_hand,12,0.3811495751,0.6829051375,-0.0237044948,1.0000000000
97,6.4720000000,right_hand,12,0.3826154172,0.6774424911,-0.0123147881,1.0000000000
98,6.5390000000,right_hand,12,0.3836759726,0.6804518302,-0.0162623655,1.0000000000
99,6.6060000000,right_hand,12,0.3847365280,0.6834611694,-0.0202099429,1.0000000000
100,6.6720000000,right_hand,12,0.3857970834,0.6864705086,-0.0241575204,1.0000000000
101,6.7390000000,right_hand,12,0.3852860034,0.6818673015,-0.0255461875,1.0000000000
102,6.8060000000,right_hand,12,0.3847749233,0.6772640944,-0.0269348547,1.0000000000
103,6.8720000000,right_hand,12,0.3709638119,0.6703823209,-0.0595023818,1.0000000000
104,6.9390000000,right_hand,12,0.3859625757,0.6733341813,-0.0278645046,1.0000000000
105,7.0060000000,right_hand,12,0.3838353455,0.6928411126,-0.0306131430,1.0000000000
106,7.0730000000,right_hand,12,0.3795081675,0.6811461449,-0.0448226817,1.0000000000
107,7.1390000000,right_hand,12,0.3899228871,0.6875789762,-0.0280809924,1.0000000000
108,7.2060000000,right_hand,12,0.3811911941,0.6801046133,-0.0212585833,1.0000000000
109,7.2730000000,right_hand,12,0.3806233704,0.6908438206,-0.0274630133,1.0000000000
110,7.3400000000,right_hand,12,0.3814455420,0.6911877692,-0.0285356315,1.0000000000
111,7.4060000000,right_hand,12,0.3822677135,0.6915317178,-0.0296082497,1.0000000000
112,7.4730000000,right_hand,12,0.3820298612,0.6888237000,-0.0220832862,1.0000000000
113,7.5400000000,right_hand,12,0.3828995079,0.6919749677,-0.0230341591,1.0000000000
114,7.6060000000,right_hand,12,0.3837691545,0.6951262355,-0.0239850320,1.0000000000
115,7.6730000000,right_hand,12,0.3782645464,0.6955215335,-0.0247469731,1.0000000000
116,7.7400000000,right_hand,12,0.3728091717,0.6928151846,-0.0427109823,1.0000000000
117,7.8070000000,right_hand,12,0.3673537970,0.6901088357,-0.0606749915,1.0000000000
118,7.8730000000,right_hand,12,0.3745864034,0.6952369213,-0.0241952688,1.0000000000
119,7.9400000000,right_hand,12,0.3699245751,0.6900059581,-0.0340710245,1.0000000000
120,8.0070000000,right_hand,12,0.3717135787,0.6910830140,-0.0160243772,1.0000000000
121,8.0740000000,right_hand,12,0.3768100441,0.6895945072,-0.0271939021,1.0000000000
122,8.1400000000,right_hand,12,0.3819065094,0.6881060004,-0.0383634269,1.0000000000
123,8.2070000000,right_hand,12,0.3720867038,0.6904623508,-0.0237073936,1.0000000000
124,8.2740000000,right_hand,12,0.3733740747,0.6816905737,-0.0226006266,1.0000000000
125,8.3400000000,right_hand,12,0.3710078299,0.6822566986,-0.0244753473,1.0000000000
126,8.4070000000,right_hand,12,0.3890209496,0.7032166719,-0.0373524055,1.0000000000
127,8.4740000000,right_hand,12,0.3725731969,0.6814838648,-0.0188879464,1.0000000000
128,8.5410000000,right_hand,12,0.3702797592,0.6844798923,-0.0313235298,1.0000000000
129,8.6070000000,right_hand,12,0.3836966157,0.6863322854,-0.0458548218,1.0000000000
130,8.6740000000,right_hand,12,0.3835135301,0.6551182071,-0.0540843929,1.0000000000
131,8.7410000000,right_hand,12,0.3833304445,0.6239041289,-0.0623139640,1.0000000000
132,8.8070000000,right_hand,12,0.3831473589,0.5926900506,-0.0705435351,1.0000000000
133,8.8740000000,right_hand,12,0.3634735644,0.6046019197,-0.0702438802,1.0000000000
134,8.9410000000,right_hand,12,0.3567921221,0.6277698874,-0.0649120659,1.0000000000
135,9.0080000000,right_hand,12,0.3541383743,0.6386005878,-0.0752105117,1.0000000000
136,9.0740000000,right_hand,12,0.3737649918,0.6594269276,-0.0879442990,1.0000000000
137,9.1410000000,right_hand,12,0.3804573715,0.6675422192,-0.0767430589,1.0000000000
138,9.2080000000,right_hand,12,0.3767361939,0.6744752526,-0.0743707046,1.0000000000
139,9.2750000000,right_hand,12,0.3820686042,0.6693003178,-0.0828990340,1.0000000000
140,9.3410000000,right_hand,12,0.3763840795,0.6810019612,-0.0717562214,1.0000000000
141,9.4080000000,right_hand,12,0.3779825568,0.6745620966,-0.0556047410,1.0000000000
142,9.4750000000,right_hand,12,0.3726392984,0.6789466739,-0.0839814022,1.0000000000
143,9.5410000000,right_hand,12,0.3829942048,0.6830974221,-0.0782790855,1.0000000000
144,9.6080000000,right_hand,12,0.3824648857,0.6846060753,-0.0816947222,1.0000000000
145,9.6750000000,right_hand,12,0.4387503415,0.6673568785,-0.0647217650,1.0000000000
146,9.7420000000,right_hand,12,0.4950357974,0.6501076818,-0.0477488078,1.0000000000
147,9.8080000000,right_hand,12,0.4318254143,0.6378054619,-0.0611470919,1.0000000000
148,9.8750000000,right_hand,12,0.3686150312,0.6255032420,-0.0745453760,1.0000000000
149,9.9420000000,right_hand,12,0.3827582896,0.5905025204,-0.0663365995,1.0000000000
150,10.0080000000,right_hand,12,0.3969015479,0.5555017988,-0.0581278230,1.0000000000
151,10.0750000000,right_hand,12,0.4110448062,0.5205010772,-0.0499190465,1.0000000000
152,10.1420000000,right_hand,12,0.3867664039,0.5564432740,-0.0343970992,1.0000000000
153,10.2090000000,right_hand,12,0.3717253506,0.5706782341,-0.0309672635,1.0000000000
154,10.2750000000,right_hand,12,0.3688929677,0.5674617887,-0.0006562382,1.0000000000
155,10.3420000000,right_hand,12,0.3742728531,0.5717134476,-0.0536747202,1.0000000000
156,10.4090000000,right_hand,12,0.3731414676,0.5737631917,-0.0793585479,1.0000000000
157,10.4760000000,right_hand,12,0.3795808554,0.5823133588,-0.0775521323,1.0000000000
158,10.5420000000,right_hand,12,0.3787598908,0.6050347090,-0.0724757612,1.0000000000
159,10.6090000000,right_hand,12,0.3902722299,0.6212773919,-0.0975611284,1.0000000000
160,10.6760000000,right_hand,12,0.3873357177,0.6175147295,-0.0744515136,1.0000000000
161,10.7420000000,right_hand,12,0.3849577010,0.6108701229,-0.0702939034,1.0000000000
162,10.8090000000,right_hand,12,0.3872533739,0.6265741587,-0.0775375217,1.0000000000
163,10.8760000000,right_hand,12,0.3883695304,0.6221826673,-0.0689495876,1.0000000000
164,10.9430000000,right_hand,12,0.3906530440,0.6307615042,-0.0910735950,1.0000000000
165,11.0090000000,right_hand,12,0.3949524164,0.6395705938,-0.0882302076,1.0000000000
166,11.0760000000,right_hand,12,0.3965305090,0.6440330744,-0.0734439790,1.0000000000
167,11.1430000000,right_hand,12,0.3912950456,0.6306711435,-0.0795275196,1.0000000000
168,11.2100000000,right_hand,12,0.3879009485,0.5989830494,-0.0583351701,1.0000000000
169,11.2760000000,right_hand,12,0.4159258604,0.5279653072,-0.0422797315,1.0000000000
170,11.3430000000,right_hand,12,0.4140847027,0.5526839495,-0.0241963603,1.0000000000
171,11.4100000000,right_hand,12,0.4067429304,0.5643553138,0.0064450232,1.0000000000
172,11.4760000000,right_hand,12,0.3736765087,0.5761322379,-0.0070604263,1.0000000000
173,11.5430000000,right_hand,12,0.3673889041,0.5785869956,-0.0055908463,1.0000000000
174,11.6100000000,right_hand,12,0.3770835400,0.5984942913,0.0024890013,1.0000000000
175,11.6770000000,right_hand,12,0.3790337443,0.5959699750,-0.0201230552,1.0000000000
176,11.7430000000,right_hand,12,0.3759946823,0.5892030001,-0.0559875704,1.0000000000
177,11.8100000000,right_hand,12,0.3749324679,0.5759299994,-0.0244578756,1.0000000000
178,11.8770000000,right_hand,12,0.3809057176,0.5773458183,-0.0640480425,1.0000000000
179,11.9430000000,right_hand,12,0.3868789673,0.5787616372,-0.1036382094,1.0000000000
75,5.0040000000,right_hand,13,0.3835446239,0.6758669019,-0.0253012199,1.0000000000
76,5.0710000000,right_hand,13,0.3832263350,0.6754697561,-0.0260793120,1.0000000000
77,5.1380000000,right_hand,13,0.3826131225,0.6779083610,-0.0283311605,1.0000000000
78,5.2040000000,right_hand,13,0.3813194633,0.6812007427,-0.0318751745,1.0000000000
79,5.2710000000,right_hand,13,0.3813432753,0.6808522344,-0.0299475715,1.0000000000
80,5.3380000000,right_hand,13,0.3809471726,0.6750059128,-0.0275700167,1.0000000000
81,5.4050000000,right_hand,13,0.3748527765,0.6747276783,-0.0326083712,1.0000000000
82,5.4710000000,right_hand,13,0.3710550666,0.6646980047,-0.0270632505,1.0000000000
83,5.5380000000,right_hand,13,0.3657988310,0.6581720114,-0.0242380258,1.0000000000
84,5.6050000000,right_hand,13,0.3653136492,0.6664017439,-0.0174235236,1.0000000000
85,5.6710000000,right_hand,13,0.3584519029,0.6490160227,-0.0214535818,1.0000000000
86,5.7380000000,right_hand,13,0.3647191226,0.6706944108,-0.0092959302,1.0000000000
87,5.8050000000,right_hand,13,0.3636161685,0.6379220486,-0.0035228271,1.0000000000
88,5.8720000000,right_hand,13,0.3472806066,0.6394967735,-0.0219879927,1.0000000000
89,5.9380000000,right_hand,13,0.3309450448,0.6410714984,-0.0404531583,1.0000000000
90,6.0050000000,right_hand,13,0.3286618590,0.6324675083,-0.0248987549,1.0000000000
91,6.0720000000,right_hand,13,0.3263786733,0.6238635182,-0.0093443515,1.0000000000
92,6.1390000000,right_hand,13,0.5127527118,0.5438696146,-0.0512551628,1.0000000000
93,6.2050000000,right_hand,13,0.4172104150,0.6046697497,-0.0276399748,1.0000000000
94,6.2720000000,right_hand,13,0.3216681182,0.6654698849,-0.0040247869,1.0000000000
95,6.3390000000,right_hand,13,0.3266755342,0.6587125063,-0.0191819612,1.0000000000
96,6.4050000000,right_hand,13,0.3260321319,0.6671459675,-0.0135872057,1.0000000000
97,6.4720000000,right_hand,13,0.3253887296,0.6755794287,-0.0079924501,1.0000000000
98,6.5390000000,right_hand,13,0.3244781097,0.6721862952,-0.0107437285,1.0000000000
99,6.6060000000,right_hand,13,0.3235674898,0.6687931617,-0.0134950069,1.0000000000
100,6.6720000000,right_hand,13,0.3226568699,0.6654000282,-0.0162462853,1.0000000000
101,6.7390000000,right_hand,13,0.3226487190,0.6628636420,-0.0182160474,1.0000000000
102,6.8060000000,right_hand,13,0.3226405680,0.6603272557,-0.0201858096,1.0000000000
103,6.8720000000,right_hand,13,0.3159109056,0.6131989360,-0.0380993038,1.0000000000
104,6.9390000000,right_hand,13,0.3210912347,0.6485970616,-0.0252695885,1.0000000000
105,7.0060000000,right_hand,13,0.3225706816,0.6628169417,-0.0164121874,1.0000000000
106,7.0730000000,right_hand,13,0.3214196563,0.6365247965,-0.0314914845,1.0000000000
107,7.1390000000,right_hand,13,0.3319508135,0.6712082028,-0.0215626676,1.0000000000
108,7.2060000000,right_hand,13,0.3314158618,0.6554718018,-0.0130064171,1.0000000000
109,7.2730000000,right_hand,13,0.3265431821,0.6541268229,-0.0125079546,1.0000000000
110,7.3400000000,right_hand,13,0.3258434385,0.6633306146,-0.0151104769,1.0000000000
111,7.4060000000,right_hand,13,0.3251436949,0.6725344062,-0.0177129991,1.0000000000
112,7.4730000000,right_hand,13,0.3301867843,0.6647254825,-0.0135960570,1.0000000000
113,7.5400000000,right_hand,13,0.3288153708,0.6727046967,-0.0153312436,1.0000000000
114,7.6060000000,right_hand,13,0.3274439573,0.6806839108,-0.0170664303,1.0000000000
115,7.6730000000,right_hand,13,0.3328370750,0.6773356199,-0.0147538604,1.0000000000
116,7.7400000000,right_hand,13,0.3240225166,0.6682711244,-0.0247638584,1.0000000000
117,7.8070000000,right_hand,13,0.3152079582,0.6592066288,-0.0347738564,1.0000000000
118,7.8730000000,right_hand,13,0.3196227849,0.6714210510,-0.0125985565,1.0000000000
119,7.9400000000,right_hand,13,0.3147122562,0.6659727693,-0.0217330176,1.0000000000
120,8.0070000000,right_hand,13,0.3195127249,0.6672766209,-0.0076418291,1.0000000000
121,8.0740000000,right_hand,13,0.3215087950,0.6697467864,-0.0142431881,1.0000000000
122,8.1400000000,right_hand,13,0.3235048652,0.6722169518,-0.0208445471,1.0000000000
123,8.2070000000,right_hand,13,0.3193140328,0.6674772501,-0.0122450292,1.0000000000
124,8.2740000000,right_hand,13,0.3181255460,0.6587117314,-0.0153263211,1.0000000000
125,8.3400000000,right_hand,13,0.3231598437,0.6542723775,-0.0127755478,1.0000000000
126,8.4070000000,right_hand,13,0.3241232038,0.6716775894,-0.0193601921,1.0000000000
127,8.4740000000,right_hand,13,0.3180688918,0.6563676596,-0.0133034065,1.0000000000
128,8.5410000000,right_hand,13,0.3154004216,0.6421972513,-0.0213901214,1.0000000000
129,8.6070000000,right_hand,13,0.3208562136,0.6275897622,-0.0310643949,1.0000000000
130,8.6740000000,right_hand,13,0.3209821781,0.6038482189,-0.0336627153,1.0000000000
131,8.7410000000,right_hand,13,0.3211081425,0.5801066756,-0.0362610358,1.0000000000
132,8.8070000000,right_hand,13,0.3212341070,0.5563651323,-0.0388593562,1.0000000000
133,8.8740000000,right_hand,13,0.3137148619,0.5591318011,-0.0447090380,1.0000000000
134,8.9410000000,right_hand,13,0.3062378764,0.5681852698,-0.0437959880,1.0000000000
135,9.0080000000,right_hand,13,0.3006146252,0.5775407553,-0.0466488861,1.0000000000
136,9.0740000000,right_hand,13,0.3013640046,0.5786320567,-0.0559915863,1.0000000000
137,9.1410000000,right_hand,13,0.3188779354,0.5642601252,-0.0511816591,1.0000000000
138,9.2080000000,right_hand,13,0.3198889494,0.5653895140,-0.0520187765,1.0000000000
139,9.2750000000,right_hand,13,0.3184453845,0.5561551452,-0.0562814809,1.0000000000
140,9.3410000000,right_hand,13,0.3170301616,0.5501184464,-0.0484766327,1.0000000000
141,9.4080000000,right_hand,13,0.3217496276,0.5584622622,-0.0380376503,1.0000000000
142,9.4750000000,right_hand,13,0.3077326119,0.5510522127,-0.0532820411,1.0000000000
143,9.5410000000,right_hand,13,0.3120248914,0.5621834397,-0.0484743342,1.0000000000
144,9.6080000000,right_hand,13,0.3180455863,0.5556396246,-0.0508247577,1.0000000000
145,9.6750000000,right_hand,13,0.4476490468,0.5564101934,-0.0403157147,1.0000000000
146,9.7420000000,right_hand,13,0.5772525072,0.5571807623,-0.0298066717,1.0000000000
147,9.8080000000,right_hand,13,0.4426917136,0.5516475439,-0.0376177421,1.0000000000
148,9.8750000000,right_hand,13,0.3081309199,0.5461143255,-0.0454288125,1.0000000000
149,9.9420000000,right_hand,13,0.3155894478,0.5375228922,-0.0419737200,1.0000000000
150,10.0080000000,right_hand,13,0.3230479757,0.5289314588,-0.0385186275,1.0000000000
151,10.0750000000,right_hand,13,0.3305065036,0.5203400254,-0.0350635350,1.0000000000
152,10.1420000000,right_hand,13,0.3322358429,0.5062959790,-0.0144854961,1.0000000000
153,10.2090000000,right_hand,13,0.3257797956,0.5219478011,-0.0181595236,1.0000000000
154,10.2750000000,right_hand,13,0.3280869126,0.5170562267,0.0016150897,1.0000000000
155,10.3420000000,right_hand,13,0.3084405959,0.5359359980,-0.0364783891,1.0000000000
156,10.4090000000,right_hand,13,0.3103303015,0.5417987108,-0.0501770861,1.0000000000
157,10.4760000000,right_hand,13,0.3103400767,0.5407500267,-0.0486641452,1.0000000000
158,10.5420000000,right_hand,13,0.3088855445,0.5533282161,-0.0437682457,1.0000000000
159,10.6090000000,right_hand,13,0.3138848841,0.5579929948,-0.0565284714,1.0000000000
160,10.6760000000,right_hand,13,0.3124790788,0.5556164980,-0.0456017405,1.0000000000
161,10.7420000000,right_hand,13,0.3150205314,0.5558829904,-0.0434172191,1.0000000000
162,10.8090000000,right_hand,13,0.3152866364,0.5532603860,-0.0468967669,1.0000000000
163,10.8760000000,right_hand,13,0.3156909347,0.5484139919,-0.0468428098,1.0000000000
164,10.9430000000,right_hand,13,0.3125374019,0.5451977849,-0.0561779141,1.0000000000
165,11.0090000000,right_hand,13,0.3155839741,0.5406451225,-0.0547550134,1.0000000000
166,11.0760000000,right_hand,13,0.3253287375,0.5342491865,-0.0456648059,1.0000000000
167,11.1430000000,right_hand,13,0.3178176284,0.5464499593,-0.0544863977,1.0000000000
168,11.2100000000,right_hand,13,0.3213501871,0.5396798849,-0.0388987027,1.0000000000
169,11.2760000000,right_hand,13,0.3320246637,0.5246948004,-0.0318717510,1.0000000000
170,11.3430000000,right_hand,13,0.3436023891,0.5329995751,-0.0216787010,1.0000000000
171,11.4100000000,right_hand,13,0.3530253172,0.5345625877,-0.0030371980,1.0000000000
172,11.4760000000,right_hand,13,0.3416069150,0.5419816971,-0.0145090530,1.0000000000
173,11.5430000000,right_hand,13,0.3364222944,0.5358470678,-0.0130773745,1.0000000000
174,11.6100000000,right_hand,13,0.3385996222,0.5234395862,0.0013129605,1.0000000000
175,11.6770000000,right_hand,13,0.3316307068,0.5486598611,-0.0203861352,1.0000000000
176,11.7430000000,right_hand,13,0.3253135979,0.5450891256,-0.0395261720,1.0000000000
177,11.8100000000,right_hand,13,0.3256556690,0.5480499864,-0.0141475741,1.0000000000
178,11.8770000000,right_hand,13,0.3209196031,0.5418204963,-0.0378720434,1.0000000000
179,11.9430000000,right_hand,13,0.3161835372,0.5355910063,-0.0615965128,1.0000000000
75,5.0040000000,right_hand,14,0.4099075794,0.7245790958,-0.0323771462,1.0000000000
76,5.0710000000,right_hand,14,0.4079642594,0.7246642113,-0.0327147134,1.0000000000
77,5.1380000000,right_hand,14,0.4075617194,0.7248780727,-0.0367341638,1.0000000000
78,5.2040000000,right_hand,14,0.4067926109,0.7281072140,-0.0429461785,1.0000000000
79,5.2710000000,right_hand,14,0.4048270583,0.7272635698,-0.0402839445,1.0000000000
80,5.3380000000,right_hand,14,0.4038627148,0.7232831717,-0.0359825753,1.0000000000
81,5.4050000000,right_hand,14,0.4011365771,0.7230763435,-0.0435470752,1.0000000000
82,5.4710000000,right_hand,14,0.3990395963,0.7119716406,-0.0367032215,1.0000000000
83,5.5380000000,right_hand,14,0.3955556154,0.7114401460,-0.0309520587,1.0000000000
84,5.6050000000,right_hand,14,0.3947968483,0.7039633393,-0.0215174947,1.0000000000
85,5.6710000000,right_hand,14,0.3846829832,0.6863059402,-0.0292359684,1.0000000000
86,5.7380000000,right_hand,14,0.3853333592,0.6986868382,-0.0115139084,1.0000000000
87,5.8050000000,right_hand,14,0.3707294762,0.6492511034,-0.0007269041,1.0000000000
88,5.8720000000,right_hand,14,0.3571712226,0.6619828641,-0.0272522063,1.0000000000
89,5.9380000000,right_hand,14,0.3436129689,0.6747146249,-0.0537775084,1.0000000000
90,6.0050000000,right_hand,14,0.3415585458,0.6552881896,-0.0360931866,1.0000000000
91,6.0720000000,right_hand,14,0.3395041227,0.6358617544,-0.0184088647,1.0000000000
92,6.1390000000,right_hand,14,0.4973064363,0.6099678278,-0.0606785752,1.0000000000
93,6.2050000000,right_hand,14,0.4239306301,0.6504142880,-0.0320898372,1.0000000000
94,6.2720000000,right_hand,14,0.3505548239,0.6908607483,-0.0035010993,1.0000000000
95,6.3390000000,right_hand,14,0.3508169949,0.6797060966,-0.0266182795,1.0000000000
96,6.4050000000,right_hand,14,0.3532088399,0.6845534146,-0.0182499262,1.0000000000
97,6.4720000000,right_hand,14,0.3556006849,0.6894007325,-0.0098815728,1.0000000000
98,6.5390000000,right_hand,14,0.3536984225,0.6894455949,-0.0133042963,1.0000000000
99,6.6060000000,right_hand,14,0.3517961601,0.6894904574,-0.0167270197,1.0000000000
100,6.6720000000,right_hand,14,0.3498938978,0.6895353198,-0.0201497432,1.0000000000
101,6.7390000000,right_hand,14,0.3503056467,0.6887178421,-0.0223728111,1.0000000000
102,6.8060000000,right_hand,14,0.3507173955,0.6879003644,-0.0245958790,1.0000000000
103,6.8720000000,right_hand,14,0.3271680772,0.6442248821,-0.0519043244,1.0000000000
104,6.9390000000,right_hand,14,0.3514720500,0.6757968664,-0.0295345690,1.0000000000
105,7.0060000000,right_hand,14,0.3494225442,0.6892239451,-0.0221189689,1.0000000000
106,7.0730000000,right_hand,14,0.3447335064,0.6730751991,-0.0407283567,1.0000000000
107,7.1390000000,right_hand,14,0.3602375090,0.6953326464,-0.0259452853,1.0000000000
108,7.2060000000,right_hand,14,0.3538084924,0.6797572374,-0.0157493148,1.0000000000
109,7.2730000000,right_hand,14,0.3465151489,0.6820532084,-0.0182613190,1.0000000000
110,7.3400000000,right_hand,14,0.3484147787,0.6905982494,-0.0218178546,1.0000000000
111,7.4060000000,right_hand,14,0.3503144085,0.6991432905,-0.0253743902,1.0000000000
112,7.4730000000,right_hand,14,0.3511928022,0.6839115620,-0.0171814207,1.0000000000
113,7.5400000000,right_hand,14,0.3520800173,0.6927532554,-0.0184240444,1.0000000000
114,7.6060000000,right_hand,14,0.3529672325,0.7015949488,-0.0196666680,1.0000000000
115,7.6730000000,right_hand,14,0.3545986116,0.6932860613,-0.0193387643,1.0000000000
116,7.7400000000,right_hand,14,0.3445551842,0.6921894848,-0.0332007911,1.0000000000
117,7.8070000000,right_hand,14,0.3345117569,0.6910929084,-0.0470628180,1.0000000000
118,7.8730000000,right_hand,14,0.3445427120,0.6941288710,-0.0182046574,1.0000000000
119,7.9400000000,right_hand,14,0.3384358585,0.6943987608,-0.0286602583,1.0000000000
120,8.0070000000,right_hand,14,0.3408027291,0.6917044520,-0.0112452256,1.0000000000
121,8.0740000000,right_hand,14,0.3449632376,0.6952463984,-0.0200413275,1.0000000000
122,8.1400000000,right_hand,14,0.3491237462,0.6987883449,-0.0288374294,1.0000000000
123,8.2070000000,right_hand,14,0.3392115533,0.6950160265,-0.0177184492,1.0000000000
124,8.2740000000,right_hand,14,0.3402116895,0.6862704158,-0.0194010306,1.0000000000
125,8.3400000000,right_hand,14,0.3404616714,0.6782243252,-0.0167563241,1.0000000000
126,8.4070000000,right_hand,14,0.3515143096,0.7010872364,-0.0263877399,1.0000000000
127,8.4740000000,right_hand,14,0.3414811194,0.6857571006,-0.0150375580,1.0000000000
128,8.5410000000,right_hand,14,0.3400898278,0.6715592742,-0.0264147148,1.0000000000
129,8.6070000000,right_hand,14,0.3478034437,0.6504397988,-0.0387321673,1.0000000000
130,8.6740000000,right_hand,14,0.3443584840,0.6331672668,-0.0445639255,1.0000000000
131,8.7410000000,right_hand,14,0.3409135242,0.6158947349,-0.0503956837,1.0000000000
132,8.8070000000,right_hand,14,0.3374685645,0.5986222029,-0.0562274419,1.0000000000
133,8.8740000000,right_hand,14,0.3224238455,0.5957534313,-0.0630849451,1.0000000000
134,8.9410000000,right_hand,14,0.3154634535,0.6021279097,-0.0600849725,1.0000000000
135,9.0080000000,right_hand,14,0.3099676669,0.6103006601,-0.0655622929,1.0000000000
136,9.0740000000,right_hand,14,0.3133459687,0.6040987372,-0.0771038383,1.0000000000
137,9.1410000000,right_hand,14,0.3374741971,0.6030937433,-0.0697011203,1.0000000000
138,9.2080000000,right_hand,14,0.3369122744,0.6105372310,-0.0680842474,1.0000000000
139,9.2750000000,right_hand,14,0.3358863592,0.6015611291,-0.0742257088,1.0000000000
140,9.3410000000,right_hand,14,0.3335696459,0.6001545191,-0.0651532561,1.0000000000
141,9.4080000000,right_hand,14,0.3366428614,0.6011129618,-0.0508391373,1.0000000000
142,9.4750000000,right_hand,14,0.3215921819,0.5947459936,-0.0722195879,1.0000000000
143,9.5410000000,right_hand,14,0.3362386227,0.6116841435,-0.0655366853,1.0000000000
144,9.6080000000,right_hand,14,0.3434787393,0.6028995514,-0.0690217987,1.0000000000
145,9.6750000000,right_hand,14,0.4444431365,0.6045767665,-0.0534513909,1.0000000000
146,9.7420000000,right_hand,14,0.5454075336,0.6062539816,-0.0378809832,1.0000000000
147,9.8080000000,right_hand,14,0.4327006787,0.5949376225,-0.0511005204,1.0000000000
148,9.8750000000,right_hand,14,0.3199938238,0.5836212635,-0.0643200576,1.0000000000
149,9.9420000000,right_hand,14,0.3332374593,0.5644069910,-0.0588778841,1.0000000000
150,10.0080000000,right_hand,14,0.3464810948,0.5451927185,-0.0534357106,1.0000000000
151,10.0750000000,right_hand,14,0.3597247303,0.5259784460,-0.0479935370,1.0000000000
152,10.1420000000,right_hand,14,0.3616388738,0.5076963902,-0.0226707198,1.0000000000
153,10.2090000000,right_hand,14,0.3523763120,0.5268759727,-0.0263491422,1.0000000000
154,10.2750000000,right_hand,14,0.3537010252,0.5248093009,0.0009067898,1.0000000000
155,10.3420000000,right_hand,14,0.3346324563,0.5511705875,-0.0505339690,1.0000000000
156,10.4090000000,right_hand,14,0.3322641850,0.5579532981,-0.0696769878,1.0000000000
157,10.4760000000,right_hand,14,0.3330307901,0.5612473488,-0.0677366108,1.0000000000
158,10.5420000000,right_hand,14,0.3323768973,0.5673910379,-0.0616342500,1.0000000000
159,10.6090000000,right_hand,14,0.3383858502,0.5722733736,-0.0790248364,1.0000000000
160,10.6760000000,right_hand,14,0.3408727646,0.5729538202,-0.0633543879,1.0000000000
161,10.7420000000,right_hand,14,0.3399312496,0.5761169195,-0.0601929724,1.0000000000
162,10.8090000000,right_hand,14,0.3412476778,0.5806832910,-0.0659007281,1.0000000000
163,10.8760000000,right_hand,14,0.3419010639,0.5819561481,-0.0621942244,1.0000000000
164,10.9430000000,right_hand,14,0.3365871608,0.5705968738,-0.0769498944,1.0000000000
165,11.0090000000,right_hand,14,0.3393339515,0.5686021447,-0.0759252906,1.0000000000
166,11.0760000000,right_hand,14,0.3531823456,0.5764120221,-0.0640416890,1.0000000000
167,11.1430000000,right_hand,14,0.3418884575,0.5800543427,-0.0721425340,1.0000000000
168,11.2100000000,right_hand,14,0.3417758346,0.5704677105,-0.0533285439,1.0000000000
169,11.2760000000,right_hand,14,0.3662487864,0.5397177935,-0.0435645133,1.0000000000
170,11.3430000000,right_hand,14,0.3719519675,0.5578667521,-0.0254158024,1.0000000000
171,11.4100000000,right_hand,14,0.3793040514,0.5544555783,-0.0005501520,1.0000000000
172,11.4760000000,right_hand,14,0.3685767353,0.5638885498,-0.0139368614,1.0000000000
173,11.5430000000,right_hand,14,0.3633148968,0.5540242791,-0.0131600872,1.0000000000
174,11.6100000000,right_hand,14,0.3640518785,0.5481789708,0.0022486506,1.0000000000
175,11.6770000000,right_hand,14,0.3596775234,0.5627406240,-0.0244506169,1.0000000000
176,11.7430000000,right_hand,14,0.3490875959,0.5528612137,-0.0532421283,1.0000000000
177,11.8100000000,right_hand,14,0.3488503993,0.5574708581,-0.0203428473,1.0000000000
178,11.8770000000,right_hand,14,0.3434934616,0.5540329814,-0.0533895222,1.0000000000
179,11.9430000000,right_hand,14,0.3381365240,0.5505951047,-0.0864361972,1.0000000000
75,5.0040000000,right_hand,15,0.4246038198,0.7554391623,-0.0328651182,1.0000000000
76,5.0710000000,right_hand,15,0.4233625233,0.7557452321,-0.0332854502,1.0000000000
77,5.1380000000,right_hand,15,0.4225655794,0.7559056282,-0.0381704457,1.0000000000
78,5.2040000000,right_hand,15,0.4226784110,0.7587847710,-0.0451759733,1.0000000000
79,5.2710000000,right_hand,15,0.4208109677,0.7584813833,-0.0421579778,1.0000000000
80,5.3380000000,right_hand,15,0.4188600481,0.7552525401,-0.0372202098,1.0000000000
81,5.4050000000,right_hand,15,0.4192995131,0.7519054413,-0.0454961583,1.0000000000
82,5.4710000000,right_hand,15,0.4181727469,0.7401139736,-0.0391246155,1.0000000000
83,5.5380000000,right_hand,15,0.4158215523,0.7389372587,-0.0324584916,1.0000000000
84,5.6050000000,right_hand,15,0.4130879045,0.7220076919,-0.0214087404,1.0000000000
85,5.6710000000,right_hand,15,0.4040232301,0.7038450837,-0.0295286607,1.0000000000
86,5.7380000000,right_hand,15,0.4046311677,0.7120376229,-0.0107563008,1.0000000000
87,5.8050000000,right_hand,15,0.3721897304,0.6597396135,-0.0001441048,1.0000000000
88,5.8720000000,right_hand,15,0.3651851267,0.6761314273,-0.0265856755,1.0000000000
89,5.9380000000,right_hand,15,0.3581805229,0.6925232410,-0.0530272461,1.0000000000
90,6.0050000000,right_hand,15,0.3593205363,0.6702752411,-0.0370980930,1.0000000000
91,6.0720000000,right_hand,15,0.3604605496,0.6480272412,-0.0211689398,1.0000000000
92,6.1390000000,right_hand,15,0.4836851060,0.6572008133,-0.0563800372,1.0000000000
93,6.2050000000,right_hand,15,0.4251154363,0.6764226854,-0.0295766277,1.0000000000
94,6.2720000000,right_hand,15,0.3665457666,0.6956445575,-0.0027732181,1.0000000000
95,6.3390000000,right_hand,15,0.3674992025,0.6891533136,-0.0289885085,1.0000000000
96,6.4050000000,right_hand,15,0.3687866628,0.6865866482,-0.0191722238,1.0000000000
97,6.4720000000,right_hand,15,0.3700741231,0.6840199828,-0.0093559390,1.0000000000
98,6.5390000000,right_hand,15,0.3690356116,0.6863161723,-0.0127005080,1.0000000000
99,6.6060000000,right_hand,15,0.3679971000,0.6886123617,-0.0160450771,1.0000000000
100,6.6720000000,right_hand,15,0.3669585884,0.6909085512,-0.0193896461,1.0000000000
101,6.7390000000,right_hand,15,0.3671190590,0.6912244856,-0.0209009089,1.0000000000
102,6.8060000000,right_hand,15,0.3672795296,0.6915404201,-0.0224121716,1.0000000000
103,6.8720000000,right_hand,15,0.3399820030,0.6620056033,-0.0565727800,1.0000000000
104,6.9390000000,right_hand,15,0.3686776459,0.6770141721,-0.0240854304,1.0000000000
105,7.0060000000,right_hand,15,0.3673142493,0.6933881044,-0.0225175768,1.0000000000
106,7.0730000000,right_hand,15,0.3644920290,0.6862387657,-0.0425429977,1.0000000000
107,7.1390000000,right_hand,15,0.3765038252,0.6975594759,-0.0239278711,1.0000000000
108,7.2060000000,right_hand,15,0.3671061695,0.6830716729,-0.0154998368,1.0000000000
109,7.2730000000,right_hand,15,0.3626129329,0.6918652058,-0.0205793064,1.0000000000
110,7.3400000000,right_hand,15,0.3651500940,0.6983550787,-0.0235372400,1.0000000000
111,7.4060000000,right_hand,15,0.3676872551,0.7048449516,-0.0264951736,1.0000000000
112,7.4730000000,right_hand,15,0.3664926589,0.6877878904,-0.0177180804,1.0000000000
113,7.5400000000,right_hand,15,0.3665927052,0.6962296665,-0.0172228971,1.0000000000
114,7.6060000000,right_hand,15,0.3666927516,0.7046714425,-0.0167277139,1.0000000000
115,7.6730000000,right_hand,15,0.3682180643,0.6993333101,-0.0194189008,1.0000000000
116,7.7400000000,right_hand,15,0.3604360968,0.7003953457,-0.0329201156,1.0000000000
117,7.8070000000,right_hand,15,0.3526541293,0.7014573812,-0.0464213304,1.0000000000
118,7.8730000000,right_hand,15,0.3604102433,0.6995283365,-0.0180423856,1.0000000000
119,7.9400000000,right_hand,15,0.3536901474,0.6987723708,-0.0276374705,1.0000000000
120,8.0070000000,right_hand,15,0.3549093306,0.6971532106,-0.0109208478,1.0000000000
121,8.0740000000,right_hand,15,0.3609822243,0.6982052326,-0.0203780937,1.0000000000
122,8.1400000000,right_hand,15,0.3670551181,0.6992572546,-0.0298353396,1.0000000000
123,8.2070000000,right_hand,15,0.3546830714,0.6999705434,-0.0175920539,1.0000000000
124,8.2740000000,right_hand,15,0.3552296162,0.6889797449,-0.0173972324,1.0000000000
125,8.3400000000,right_hand,15,0.3536278307,0.6843099594,-0.0167426709,1.0000000000
126,8.4070000000,right_hand,15,0.3687314391,0.7078967690,-0.0269473977,1.0000000000
127,8.4740000000,right_hand,15,0.3555845916,0.6866199374,-0.0123953680,1.0000000000
128,8.5410000000,right_hand,15,0.3575882018,0.6794275045,-0.0261526555,1.0000000000
129,8.6070000000,right_hand,15,0.3669834733,0.6644778252,-0.0397766195,1.0000000000
130,8.6740000000,right_hand,15,0.3606487016,0.6507417560,-0.0479100471,1.0000000000
131,8.7410000000,right_hand,15,0.3543139299,0.6370056868,-0.0560434746,1.0000000000
132,8.8070000000,right_hand,15,0.3479791582,0.6232696176,-0.0641769022,1.0000000000
133,8.8740000000,right_hand,15,0.3310500383,0.6228902936,-0.0679824352,1.0000000000
134,8.9410000000,right_hand,15,0.3261777461,0.6275543571,-0.0633822531,1.0000000000
135,9.0080000000,right_hand,15,0.3218158782,0.6372001171,-0.0698583275,1.0000000000
136,9.0740000000,right_hand,15,0.3269970119,0.6402839422,-0.0815987885,1.0000000000
137,9.1410000000,right_hand,15,0.3477295637,0.6351414919,-0.0750669837,1.0000000000
138,9.2080000000,right_hand,15,0.3468373120,0.6417110562,-0.0741970688,1.0000000000
139,9.2750000000,right_hand,15,0.3478740454,0.6406483054,-0.0793940946,1.0000000000
140,9.3410000000,right_hand,15,0.3439960182,0.6374657154,-0.0716821179,1.0000000000
141,9.4080000000,right_hand,15,0.3432339430,0.6339790225,-0.0557705313,1.0000000000
142,9.4750000000,right_hand,15,0.3311983943,0.6255551577,-0.0783431083,1.0000000000
143,9.5410000000,right_hand,15,0.3508672714,0.6501817703,-0.0728173777,1.0000000000
144,9.6080000000,right_hand,15,0.3565761149,0.6438375711,-0.0767440870,1.0000000000
145,9.6750000000,right_hand,15,0.4400155395,0.6384086311,-0.0581716187,1.0000000000
146,9.7420000000,right_hand,15,0.5234549642,0.6329796910,-0.0395991504,1.0000000000
147,9.8080000000,right_hand,15,0.4274635464,0.6217425764,-0.0555533990,1.0000000000
148,9.8750000000,right_hand,15,0.3314721286,0.6105054617,-0.0715076476,1.0000000000
149,9.9420000000,right_hand,15,0.3449468414,0.5883688728,-0.0649117157,1.0000000000
150,10.0080000000,right_hand,15,0.3584215542,0.5662322839,-0.0583157837,1.0000000000
151,10.0750000000,right_hand,15,0.3718962669,0.5440956950,-0.0517198518,1.0000000000
152,10.1420000000,right_hand,15,0.3747255504,0.5265125632,-0.0249616969,1.0000000000
153,10.2090000000,right_hand,15,0.3623104990,0.5469521880,-0.0285449680,1.0000000000
154,10.2750000000,right_hand,15,0.3621552289,0.5462560058,0.0006798623,1.0000000000
155,10.3420000000,right_hand,15,0.3502464592,0.5698039532,-0.0562316775,1.0000000000
156,10.4090000000,right_hand,15,0.3471379280,0.5784764290,-0.0769590512,1.0000000000
157,10.4760000000,right_hand,15,0.3482521176,0.5885277390,-0.0753512308,1.0000000000
158,10.5420000000,right_hand,15,0.3480365574,0.5930575132,-0.0691815093,1.0000000000
159,10.6090000000,right_hand,15,0.3532555401,0.5983213186,-0.0902182534,1.0000000000
160,10.6760000000,right_hand,15,0.3568441868,0.6002923846,-0.0696379393,1.0000000000
161,10.7420000000,right_hand,15,0.3535435200,0.6000521183,-0.0653350055,1.0000000000
162,10.8090000000,right_hand,15,0.3559408486,0.6052734852,-0.0722082108,1.0000000000
163,10.8760000000,right_hand,15,0.3568243980,0.6112962961,-0.0637629554,1.0000000000
164,10.9430000000,right_hand,15,0.3536736071,0.6003443003,-0.0846489519,1.0000000000
165,11.0090000000,right_hand,15,0.3571755290,0.6051846147,-0.0826950446,1.0000000000
166,11.0760000000,right_hand,15,0.3678439260,0.6150121093,-0.0710482150,1.0000000000
167,11.1430000000,right_hand,15,0.3572354615,0.6137412190,-0.0761650056,1.0000000000
168,11.2100000000,right_hand,15,0.3527279794,0.5979177952,-0.0564019494,1.0000000000
169,11.2760000000,right_hand,15,0.3784883916,0.5636907816,-0.0451029688,1.0000000000
170,11.3430000000,right_hand,15,0.3793972731,0.5746256113,-0.0240568332,1.0000000000
171,11.4100000000,right_hand,15,0.3906043172,0.5718797445,0.0027998099,1.0000000000
172,11.4760000000,right_hand,15,0.3686202168,0.5813451409,-0.0096751004,1.0000000000
173,11.5430000000,right_hand,15,0.3660122454,0.5750876069,-0.0088926377,1.0000000000
174,11.6100000000,right_hand,15,0.3701420724,0.5726553798,0.0016328091,1.0000000000
175,11.6770000000,right_hand,15,0.3702063262,0.5844292641,-0.0235015806,1.0000000000
176,11.7430000000,right_hand,15,0.3609610200,0.5736115575,-0.0564657003,1.0000000000
177,11.8100000000,right_hand,15,0.3608630002,0.5746165514,-0.0222160649,1.0000000000
178,11.8770000000,right_hand,15,0.3563341051,0.5728998482,-0.0601694463,1.0000000000
179,11.9430000000,right_hand,15,0.3518052101,0.5711831450,-0.0981228277,1.0000000000
75,5.0040000000,right_hand,16,0.4351378679,0.7773138881,-0.0328708328,1.0000000000
76,5.0710000000,right_hand,16,0.4352248907,0.7763368487,-0.0337122567,1.0000000000
77,5.1380000000,right_hand,16,0.4339063466,0.7778342962,-0.0389008150,1.0000000000
78,5.2040000000,right_hand,16,0.4347991049,0.7790244818,-0.0463437475,1.0000000000
79,5.2710000000,right_hand,16,0.4332120121,0.7804979682,-0.0431095138,1.0000000000
80,5.3380000000,right_hand,16,0.4302796721,0.7784022093,-0.0381715447,1.0000000000
81,5.4050000000,right_hand,16,0.4326400459,0.7726328969,-0.0465893187,1.0000000000
82,5.4710000000,right_hand,16,0.4330391884,0.7604827881,-0.0407001041,1.0000000000
83,5.5380000000,right_hand,16,0.4305051863,0.7586933374,-0.0338591747,1.0000000000
84,5.6050000000,right_hand,16,0.4264915884,0.7342867851,-0.0215833653,1.0000000000
85,5.6710000000,right_hand,16,0.4169382453,0.7152903676,-0.0287548322,1.0000000000
86,5.7380000000,right_hand,16,0.4163959920,0.7218497396,-0.0109268250,1.0000000000
87,5.8050000000,right_hand,16,0.3721245527,0.6645314693,-0.0023402374,1.0000000000
88,5.8720000000,right_hand,16,0.3715834618,0.6826804876,-0.0271494457,1.0000000000
89,5.9380000000,right_hand,16,0.3710423708,0.7008295059,-0.0519586541,1.0000000000
90,6.0050000000,right_hand,16,0.3747773468,0.6804580092,-0.0365141807,1.0000000000
91,6.0720000000,right_hand,16,0.3785123229,0.6600865126,-0.0210697073,1.0000000000
92,6.1390000000,right_hand,16,0.4769318700,0.6880505085,-0.0542416386,1.0000000000
93,6.2050000000,right_hand,16,0.4265071154,0.6912884414,-0.0281820444,1.0000000000
94,6.2720000000,right_hand,16,0.3760823607,0.6945263743,-0.0021224502,1.0000000000
95,6.3390000000,right_hand,16,0.3801801205,0.6944957972,-0.0298262704,1.0000000000
96,6.4050000000,right_hand,16,0.3791263252,0.6854944825,-0.0193924122,1.0000000000
97,6.4720000000,right_hand,16,0.3780725300,0.6764931679,-0.0089585539,1.0000000000
98,6.5390000000,right_hand,16,0.3780199786,0.6800782482,-0.0120231702,1.0000000000
99,6.6060000000,right_hand,16,0.3779674272,0.6836633285,-0.0150877864,1.0000000000
100,6.6720000000,right_hand,16,0.3779148757,0.6872484088,-0.0181524027,1.0000000000
101,6.7390000000,right_hand,16,0.3772168607,0.6889233887,-0.0190954013,1.0000000000
102,6.8060000000,right_hand,16,0.3765188456,0.6905983686,-0.0200383998,1.0000000000
103,6.8720000000,right_hand,16,0.3515483737,0.6744266748,-0.0594473854,1.0000000000
104,6.9390000000,right_hand,16,0.3770642579,0.6719599366,-0.0186539497,1.0000000000
105,7.0060000000,right_hand,16,0.3798282743,0.6938605309,-0.0215665251,1.0000000000
106,7.0730000000,right_hand,16,0.3791774809,0.6930704117,-0.0428411923,1.0000000000
107,7.1390000000,right_hand,16,0.3857439458,0.6929918528,-0.0219279695,1.0000000000
108,7.2060000000,right_hand,16,0.3741252422,0.6820375323,-0.0148843350,1.0000000000
109,7.2730000000,right_hand,16,0.3747114837,0.6982653141,-0.0212082881,1.0000000000
110,7.3400000000,right_hand,16,0.3768855333,0.7012693286,-0.0236774404,1.0000000000
111,7.4060000000,right_hand,16,0.3790595829,0.7042733431,-0.0261465926,1.0000000000
112,7.4730000000,right_hand,16,0.3765118420,0.6890872121,-0.0181471501,1.0000000000
113,7.5400000000,right_hand,16,0.3757013679,0.6962150335,-0.0163163901,1.0000000000
114,7.6060000000,right_hand,16,0.3748908937,0.7033428550,-0.0144856302,1.0000000000
115,7.6730000000,right_hand,16,0.3777266443,0.7041043043,-0.0192660112,1.0000000000
116,7.7400000000,right_hand,16,0.3725014478,0.7038982809,-0.0322969044,1.0000000000
117,7.8070000000,right_hand,16,0.3672762513,0.7036922574,-0.0453277975,1.0000000000
118,7.8730000000,right_hand,16,0.3716654778,0.7016323209,-0.0168304201,1.0000000000
119,7.9400000000,right_hand,16,0.3637547195,0.6973794699,-0.0260249600,1.0000000000
120,8.0070000000,right_hand,16,0.3647610843,0.6980360150,-0.0099509619,1.0000000000
121,8.0740000000,right_hand,16,0.3721745163,0.6960716248,-0.0197174922,1.0000000000
122,8.1400000000,right_hand,16,0.3795879483,0.6941072345,-0.0294840224,1.0000000000
123,8.2070000000,right_hand,16,0.3659168184,0.6986992359,-0.0165424943,1.0000000000
124,8.2740000000,right_hand,16,0.3644975126,0.6864219308,-0.0154764717,1.0000000000
125,8.3400000000,right_hand,16,0.3635074496,0.6851788759,-0.0163176879,1.0000000000
126,8.4070000000,right_hand,16,0.3808550537,0.7097730041,-0.0265180785,1.0000000000
127,8.4740000000,right_hand,16,0.3637668192,0.6812426448,-0.0103855040,1.0000000000
128,8.5410000000,right_hand,16,0.3696147501,0.6795644760,-0.0257821996,1.0000000000
129,8.6070000000,right_hand,16,0.3820035756,0.6744281650,-0.0401458666,1.0000000000
130,8.6740000000,right_hand,16,0.3731589715,0.6644003590,-0.0496403302,1.0000000000
131,8.7410000000,right_hand,16,0.3643143674,0.6543725530,-0.0591347938,1.0000000000
132,8.8070000000,right_hand,16,0.3554697633,0.6443447471,-0.0686292574,1.0000000000
133,8.8740000000,right_hand,16,0.3394242227,0.6443443894,-0.0701867715,1.0000000000
134,8.9410000000,right_hand,16,0.3353239000,0.6483064890,-0.0651644096,1.0000000000
135,9.0080000000,right_hand,16,0.3314182162,0.6616598368,-0.0718364492,1.0000000000
136,9.0740000000,right_hand,16,0.3394390941,0.6714519262,-0.0841677263,1.0000000000
137,9.1410000000,right_hand,16,0.3556962907,0.6623874307,-0.0788717270,1.0000000000
138,9.2080000000,right_hand,16,0.3537245691,0.6659946442,-0.0790391117,1.0000000000
139,9.2750000000,right_hand,16,0.3572080135,0.6730737090,-0.0829262584,1.0000000000
140,9.3410000000,right_hand,16,0.3528962731,0.6675115824,-0.0761432573,1.0000000000
141,9.4080000000,right_hand,16,0.3488886654,0.6593552232,-0.0592827238,1.0000000000
142,9.4750000000,right_hand,16,0.3401459754,0.6501052976,-0.0822412968,1.0000000000
143,9.5410000000,right_hand,16,0.3637050688,0.6819288731,-0.0776431039,1.0000000000
144,9.6080000000,right_hand,16,0.3672626913,0.6784005165,-0.0817996636,1.0000000000
145,9.6750000000,right_hand,16,0.4367976040,0.6652316451,-0.0614851713,1.0000000000
146,9.7420000000,right_hand,16,0.5063325167,0.6520627737,-0.0411706790,1.0000000000
147,9.8080000000,right_hand,16,0.4235959351,0.6418743432,-0.0582469776,1.0000000000
148,9.8750000000,right_hand,16,0.3408593535,0.6316859126,-0.0753232762,1.0000000000
149,9.9420000000,right_hand,16,0.3539395630,0.6074544191,-0.0680246378,1.0000000000
150,10.0080000000,right_hand,16,0.3670197725,0.5832229257,-0.0607259994,1.0000000000
151,10.0750000000,right_hand,16,0.3800999820,0.5589914322,-0.0534273610,1.0000000000
152,10.1420000000,right_hand,16,0.3804028630,0.5454291105,-0.0256276224,1.0000000000
153,10.2090000000,right_hand,16,0.3658246696,0.5654980540,-0.0295855366,1.0000000000
154,10.2750000000,right_hand,16,0.3641140163,0.5648161769,0.0002301489,1.0000000000
155,10.3420000000,right_hand,16,0.3629371226,0.5848047733,-0.0599903204,1.0000000000
156,10.4090000000,right_hand,16,0.3589986563,0.5949906111,-0.0814634636,1.0000000000
157,10.4760000000,right_hand,16,0.3610472977,0.6118085980,-0.0801627561,1.0000000000
158,10.5420000000,right_hand,16,0.3605949879,0.6138821244,-0.0738882720,1.0000000000
159,10.6090000000,right_hand,16,0.3647828400,0.6192628741,-0.0979278460,1.0000000000
160,10.6760000000,right_hand,16,0.3699678481,0.6207605004,-0.0737447888,1.0000000000
161,10.7420000000,right_hand,16,0.3644974232,0.6175180078,-0.0687143579,1.0000000000
162,10.8090000000,right_hand,16,0.3674408197,0.6237187386,-0.0762665197,1.0000000000
163,10.8760000000,right_hand,16,0.3688969910,0.6308871508,-0.0646236315,1.0000000000
164,10.9430000000,right_hand,16,0.3674741089,0.6235716939,-0.0896306708,1.0000000000
165,11.0090000000,right_hand,16,0.3724131584,0.6351968050,-0.0867628008,1.0000000000
166,11.0760000000,right_hand,16,0.3799894154,0.6450580359,-0.0750488043,1.0000000000
167,11.1430000000,right_hand,16,0.3710837066,0.6396380663,-0.0790046751,1.0000000000
168,11.2100000000,right_hand,16,0.3613075018,0.6178258657,-0.0580876917,1.0000000000
169,11.2760000000,right_hand,16,0.3843038976,0.5819902420,-0.0448315963,1.0000000000
170,11.3430000000,right_hand,16,0.3827572465,0.5853883624,-0.0230609290,1.0000000000
171,11.4100000000,right_hand,16,0.3971587718,0.5868970752,0.0042812238,1.0000000000
172,11.4760000000,right_hand,16,0.3639349341,0.5886119604,-0.0076327063,1.0000000000
173,11.5430000000,right_hand,16,0.3628044128,0.5871475935,-0.0067644240,1.0000000000
174,11.6100000000,right_hand,16,0.3715958595,0.5903618932,0.0004011962,1.0000000000
175,11.6770000000,right_hand,16,0.3755663335,0.6025161147,-0.0232586190,1.0000000000
176,11.7430000000,right_hand,16,0.3695362210,0.5924414992,-0.0584370233,1.0000000000
177,11.8100000000,right_hand,16,0.3689102829,0.5903869867,-0.0234473757,1.0000000000
178,11.8770000000,right_hand,16,0.3670253009,0.5901520848,-0.0646522474,1.0000000000
179,11.9430000000,right_hand,16,0.3651403189,0.5899171829,-0.1058571190,1.0000000000
75,5.0040000000,right_hand,17,0.3705361485,0.6974971294,-0.0268605277,1.0000000000
76,5.0710000000,right_hand,17,0.3693700433,0.6968850493,-0.0281537659,1.0000000000
77,5.1380000000,right_hand,17,0.3691504300,0.6978155971,-0.0297442991,1.0000000000
78,5.2040000000,right_hand,17,0.3690288365,0.7033196688,-0.0325154290,1.0000000000
79,5.2710000000,right_hand,17,0.3684815764,0.7025296688,-0.0320595503,1.0000000000
80,5.3380000000,right_hand,17,0.3659347594,0.6952936649,-0.0298679564,1.0000000000
81,5.4050000000,right_hand,17,0.3629337847,0.7001773715,-0.0340632647,1.0000000000
82,5.4710000000,right_hand,17,0.3620144725,0.6908789873,-0.0279153492,1.0000000000
83,5.5380000000,right_hand,17,0.3595488667,0.6814726591,-0.0228752475,1.0000000000
84,5.6050000000,right_hand,17,0.3602814972,0.6842821240,-0.0164128188,1.0000000000
85,5.6710000000,right_hand,17,0.3544842005,0.6743515134,-0.0201316196,1.0000000000
86,5.7380000000,right_hand,17,0.3582257330,0.6838428974,-0.0070578381,1.0000000000
87,5.8050000000,right_hand,17,0.3549129367,0.6325586438,-0.0032772294,1.0000000000
88,5.8720000000,right_hand,17,0.3413033634,0.6451179683,-0.0206656690,1.0000000000
89,5.9380000000,right_hand,17,0.3276937902,0.6576772928,-0.0380541086,1.0000000000
90,6.0050000000,right_hand,17,0.3297163695,0.6490135193,-0.0262534930,1.0000000000
91,6.0720000000,right_hand,17,0.3317389488,0.6403497458,-0.0144528775,1.0000000000
92,6.1390000000,right_hand,17,0.4850871265,0.5392332077,-0.0563647300,1.0000000000
93,6.2050000000,right_hand,17,0.4045234174,0.6079843640,-0.0269781142,1.0000000000
94,6.2720000000,right_hand,17,0.3239597082,0.6767355204,0.0024085017,1.0000000000
95,6.3390000000,right_hand,17,0.3305042386,0.6674574018,-0.0149379335,1.0000000000
96,6.4050000000,right_hand,17,0.3290860504,0.6757213771,-0.0098315259,1.0000000000
97,6.4720000000,right_hand,17,0.3276678622,0.6839853525,-0.0047251182,1.0000000000
98,6.5390000000,right_hand,17,0.3255917132,0.6806015770,-0.0073134232,1.0000000000
99,6.6060000000,right_hand,17,0.3235155642,0.6772178014,-0.0099017282,1.0000000000
100,6.6720000000,right_hand,17,0.3214394152,0.6738340259,-0.0124900332,1.0000000000
101,6.7390000000,right_hand,17,0.3205269277,0.6732521951,-0.0148483519,1.0000000000
102,6.8060000000,right_hand,17,0.3196144402,0.6726703644,-0.0172066707,1.0000000000
103,6.8720000000,right_hand,17,0.3031735420,0.6132136583,-0.0406310633,1.0000000000
104,6.9390000000,right_hand,17,0.3176891804,0.6590887904,-0.0205328185,1.0000000000
105,7.0060000000,right_hand,17,0.3230406642,0.6703269482,-0.0109898271,1.0000000000
106,7.0730000000,right_hand,17,0.3237358928,0.6507962942,-0.0310014505,1.0000000000
107,7.1390000000,right_hand,17,0.3324602842,0.6843477488,-0.0160520915,1.0000000000
108,7.2060000000,right_hand,17,0.3306248784,0.6609933376,-0.0076877982,1.0000000000
109,7.2730000000,right_hand,17,0.3231219947,0.6581983566,-0.0097772619,1.0000000000
110,7.3400000000,right_hand,17,0.3237068355,0.6711890101,-0.0133028845,1.0000000000
111,7.4060000000,right_hand,17,0.3242916763,0.6841796637,-0.0168285072,1.0000000000
112,7.4730000000,right_hand,17,0.3277542293,0.6709910035,-0.0124198617,1.0000000000
113,7.5400000000,right_hand,17,0.3256713003,0.6802060604,-0.0122852344,1.0000000000
114,7.6060000000,right_hand,17,0.3235883713,0.6894211173,-0.0121506071,1.0000000000
115,7.6730000000,right_hand,17,0.3332369030,0.6862844229,-0.0129182078,1.0000000000
116,7.7400000000,right_hand,17,0.3237614036,0.6804993153,-0.0223901290,1.0000000000
117,7.8070000000,right_hand,17,0.3142859042,0.6747142076,-0.0318620503,1.0000000000
118,7.8730000000,right_hand,17,0.3198589683,0.6799166799,-0.0084952777,1.0000000000
119,7.9400000000,right_hand,17,0.3144410551,0.6778769493,-0.0177188441,1.0000000000
120,8.0070000000,right_hand,17,0.3174537122,0.6744889021,-0.0043105017,1.0000000000
121,8.0740000000,right_hand,17,0.3211265802,0.6765628457,-0.0092146532,1.0000000000
122,8.1400000000,right_hand,17,0.3247994483,0.6786367893,-0.0141188046,1.0000000000
123,8.2070000000,right_hand,17,0.3186304271,0.6745842695,-0.0075554019,1.0000000000
124,8.2740000000,right_hand,17,0.3157388866,0.6702498198,-0.0111851171,1.0000000000
125,8.3400000000,right_hand,17,0.3212990761,0.6590954065,-0.0081399102,1.0000000000
126,8.4070000000,right_hand,17,0.3228505254,0.6799035072,-0.0115514509,1.0000000000
127,8.4740000000,right_hand,17,0.3156845272,0.6636446118,-0.0061610900,1.0000000000
128,8.5410000000,right_hand,17,0.3176087439,0.6450151801,-0.0185028445,1.0000000000
129,8.6070000000,right_hand,17,0.3244967163,0.6204602718,-0.0305342004,1.0000000000
130,8.6740000000,right_hand,17,0.3192506830,0.6079801917,-0.0338771182,1.0000000000
131,8.7410000000,right_hand,17,0.3140046497,0.5955001116,-0.0372200360,1.0000000000
132,8.8070000000,right_hand,17,0.3087586164,0.5830200315,-0.0405629538,1.0000000000
133,8.8740000000,right_hand,17,0.2990046144,0.5831360817,-0.0497862063,1.0000000000
134,8.9410000000,right_hand,17,0.2903788686,0.5891780853,-0.0493801609,1.0000000000
135,9.0080000000,right_hand,17,0.2842033505,0.5945556164,-0.0517417453,1.0000000000
136,9.0740000000,right_hand,17,0.2820307016,0.5981438756,-0.0633443668,1.0000000000
137,9.1410000000,right_hand,17,0.2999851704,0.5829854012,-0.0592119582,1.0000000000
138,9.2080000000,right_hand,17,0.3010960817,0.5833607316,-0.0593752079,1.0000000000
139,9.2750000000,right_hand,17,0.2997269332,0.5726565719,-0.0634919405,1.0000000000
140,9.3410000000,right_hand,17,0.2961447835,0.5627952814,-0.0548875593,1.0000000000
141,9.4080000000,right_hand,17,0.3024513721,0.5727826953,-0.0438419580,1.0000000000
142,9.4750000000,right_hand,17,0.2864598334,0.5623320937,-0.0599716380,1.0000000000
143,9.5410000000,right_hand,17,0.2928689122,0.5768601894,-0.0546906479,1.0000000000
144,9.6080000000,right_hand,17,0.3033099174,0.5664070845,-0.0566370673,1.0000000000
145,9.6750000000,right_hand,17,0.4428662360,0.5691401362,-0.0432710098,1.0000000000
146,9.7420000000,right_hand,17,0.5824225545,0.5718731880,-0.0299049523,1.0000000000
147,9.8080000000,right_hand,17,0.4368076324,0.5667355061,-0.0396356033,1.0000000000
148,9.8750000000,right_hand,17,0.2911927104,0.5615978241,-0.0493662544,1.0000000000
149,9.9420000000,right_hand,17,0.3004646401,0.5545508663,-0.0474055894,1.0000000000
150,10.0080000000,right_hand,17,0.3097365697,0.5475039085,-0.0454449244,1.0000000000
151,10.0750000000,right_hand,17,0.3190084994,0.5404569507,-0.0434842594,1.0000000000
152,10.1420000000,right_hand,17,0.3298793435,0.5066887140,-0.0144673642,1.0000000000
153,10.2090000000,right_hand,17,0.3180031478,0.5261127949,-0.0241915211,1.0000000000
154,10.2750000000,right_hand,17,0.3227876127,0.5228201747,-0.0030262864,1.0000000000
155,10.3420000000,right_hand,17,0.2957912087,0.5551217794,-0.0445871316,1.0000000000
156,10.4090000000,right_hand,17,0.2973730266,0.5633825660,-0.0573530793,1.0000000000
157,10.4760000000,right_hand,17,0.2965203524,0.5616505742,-0.0563977920,1.0000000000
158,10.5420000000,right_hand,17,0.2961538136,0.5736922622,-0.0521345995,1.0000000000
159,10.6090000000,right_hand,17,0.2996576726,0.5798909068,-0.0654034317,1.0000000000
160,10.6760000000,right_hand,17,0.3012712300,0.5776203871,-0.0534413829,1.0000000000
161,10.7420000000,right_hand,17,0.3035407960,0.5777481794,-0.0511278175,1.0000000000
162,10.8090000000,right_hand,17,0.3034425676,0.5758048296,-0.0537988618,1.0000000000
163,10.8760000000,right_hand,17,0.3034146726,0.5767520070,-0.0535419099,1.0000000000
164,10.9430000000,right_hand,17,0.2982725203,0.5699175596,-0.0647365525,1.0000000000
165,11.0090000000,right_hand,17,0.3008404970,0.5631684065,-0.0640021488,1.0000000000
166,11.0760000000,right_hand,17,0.3128397167,0.5578820705,-0.0532315522,1.0000000000
167,11.1430000000,right_hand,17,0.3023631871,0.5712489486,-0.0631050169,1.0000000000
168,11.2100000000,right_hand,17,0.3093270063,0.5580552220,-0.0456361994,1.0000000000
169,11.2760000000,right_hand,17,0.3226374984,0.5483160615,-0.0396110192,1.0000000000
170,11.3430000000,right_hand,17,0.3369768858,0.5562775731,-0.0274580438,1.0000000000
171,11.4100000000,right_hand,17,0.3504836857,0.5611860156,-0.0091582276,1.0000000000
172,11.4760000000,right_hand,17,0.3389316499,0.5668931007,-0.0221445505,1.0000000000
173,11.5430000000,right_hand,17,0.3336064517,0.5552439690,-0.0210590884,1.0000000000
174,11.6100000000,right_hand,17,0.3332384527,0.5309712887,-0.0037104471,1.0000000000
175,11.6770000000,right_hand,17,0.3279271126,0.5712999105,-0.0300083440,1.0000000000
176,11.7430000000,right_hand,17,0.3189664781,0.5627057552,-0.0475564487,1.0000000000
177,11.8100000000,right_hand,17,0.3223194182,0.5642380118,-0.0179182012,1.0000000000
178,11.8770000000,right_hand,17,0.3123657703,0.5595502853,-0.0437179701,1.0000000000
179,11.9430000000,right_hand,17,0.3024121225,0.5548625588,-0.0695177391,1.0000000000
75,5.0040000000,right_hand,18,0.3925159574,0.7373589277,-0.0320973508,1.0000000000
76,5.0710000000,right_hand,18,0.3902209699,0.7369653583,-0.0334966965,1.0000000000
77,5.1380000000,right_hand,18,0.3896349669,0.7365257740,-0.0367159620,1.0000000000
78,5.2040000000,right_hand,18,0.3900261521,0.7432587147,-0.0417996943,1.0000000000
79,5.2710000000,right_hand,18,0.3892565966,0.7414056659,-0.0405252092,1.0000000000
80,5.3380000000,right_hand,18,0.3839729726,0.7346261144,-0.0368409827,1.0000000000
81,5.4050000000,right_hand,18,0.3855737448,0.7406579852,-0.0429787561,1.0000000000
82,5.4710000000,right_hand,18,0.3856324255,0.7302477956,-0.0358494632,1.0000000000
83,5.5380000000,right_hand,18,0.3828917146,0.7223623991,-0.0273499023,1.0000000000
84,5.6050000000,right_hand,18,0.3825560212,0.7130036354,-0.0184686463,1.0000000000
85,5.6710000000,right_hand,18,0.3782626987,0.6971472502,-0.0250421800,1.0000000000
86,5.7380000000,right_hand,18,0.3762627542,0.7004578114,-0.0101329647,1.0000000000
87,5.8050000000,right_hand,18,0.3662737012,0.6344645023,-0.0008909437,1.0000000000
88,5.8720000000,right_hand,18,0.3528882861,0.6615825295,-0.0237683503,1.0000000000
89,5.9380000000,right_hand,18,0.3395028710,0.6887005568,-0.0466457568,1.0000000000
90,6.0050000000,right_hand,18,0.3421605676,0.6741877198,-0.0347093269,1.0000000000
91,6.0720000000,right_hand,18,0.3448182642,0.6596748829,-0.0227728970,1.0000000000
92,6.1390000000,right_hand,18,0.4719840586,0.5963823199,-0.0638833195,1.0000000000
93,6.2050000000,right_hand,18,0.4095380455,0.6451031268,-0.0304928953,1.0000000000
94,6.2720000000,right_hand,18,0.3470920324,0.6938239336,0.0028975289,1.0000000000
95,6.3390000000,right_hand,18,0.3504627347,0.6804170012,-0.0213270765,1.0000000000
96,6.4050000000,right_hand,18,0.3508120030,0.6845285296,-0.0138566378,1.0000000000
97,6.4720000000,right_hand,18,0.3511612713,0.6886400580,-0.0063861990,1.0000000000
98,6.5390000000,right_hand,18,0.3482194841,0.6883840958,-0.0093423572,1.0000000000
99,6.6060000000,right_hand,18,0.3452776968,0.6881281336,-0.0122985154,1.0000000000
100,6.6720000000,right_hand,18,0.3423359096,0.6878721714,-0.0152546735,1.0000000000
101,6.7390000000,right_hand,18,0.3425523490,0.6897990406,-0.0180208036,1.0000000000
102,6.8060000000,right_hand,18,0.3427687883,0.6917259097,-0.0207869336,1.0000000000
103,6.8720000000,right_hand,18,0.3050423861,0.6393591166,-0.0535236225,1.0000000000
104,6.9390000000,right_hand,18,0.3422306776,0.6763417721,-0.0234179739,1.0000000000
105,7.0060000000,right_hand,18,0.3448369205,0.6872180700,-0.0150794657,1.0000000000
106,7.0730000000,right_hand,18,0.3437869251,0.6742088199,-0.0378439538,1.0000000000
107,7.1390000000,right_hand,18,0.3543502986,0.6977314353,-0.0206598211,1.0000000000
108,7.2060000000,right_hand,18,0.3483027816,0.6740224957,-0.0100417286,1.0000000000
109,7.2730000000,right_hand,18,0.3396391273,0.6801068783,-0.0144732101,1.0000000000
110,7.3400000000,right_hand,18,0.3426667005,0.6908004880,-0.0188846192,1.0000000000
111,7.4060000000,right_hand,18,0.3456942737,0.7014940977,-0.0232960284,1.0000000000
112,7.4730000000,right_hand,18,0.3432488143,0.6821071506,-0.0155611141,1.0000000000
113,7.5400000000,right_hand,18,0.3432275504,0.6921171248,-0.0146309738,1.0000000000
114,7.6060000000,right_hand,18,0.3432062864,0.7021270990,-0.0137008335,1.0000000000
115,7.6730000000,right_hand,18,0.3498019576,0.6960090399,-0.0166183412,1.0000000000
116,7.7400000000,right_hand,18,0.3410360217,0.7006750703,-0.0291475579,1.0000000000
117,7.8070000000,right_hand,18,0.3322700858,0.7053411007,-0.0416767746,1.0000000000
118,7.8730000000,right_hand,18,0.3403586745,0.6996331215,-0.0129004167,1.0000000000
119,7.9400000000,right_hand,18,0.3334251642,0.7000873089,-0.0238795690,1.0000000000
120,8.0070000000,right_hand,18,0.3347140253,0.6958160400,-0.0076528718,1.0000000000
121,8.0740000000,right_hand,18,0.3402506262,0.6966138780,-0.0142139199,1.0000000000
122,8.1400000000,right_hand,18,0.3457872272,0.6974117160,-0.0207749680,1.0000000000
123,8.2070000000,right_hand,18,0.3349555731,0.6975480914,-0.0125345439,1.0000000000
124,8.2740000000,right_hand,18,0.3336776793,0.6912614703,-0.0155979944,1.0000000000
125,8.3400000000,right_hand,18,0.3352117240,0.6773037314,-0.0119221313,1.0000000000
126,8.4070000000,right_hand,18,0.3445196450,0.7013900280,-0.0172491185,1.0000000000
127,8.4740000000,right_hand,18,0.3349516988,0.6844833493,-0.0085730888,1.0000000000
128,8.5410000000,right_hand,18,0.3382543325,0.6620318890,-0.0231080186,1.0000000000
129,8.6070000000,right_hand,18,0.3464932740,0.6260659695,-0.0363462307,1.0000000000
130,8.6740000000,right_hand,18,0.3361095985,0.6294656992,-0.0423921384,1.0000000000
131,8.7410000000,right_hand,18,0.3257259230,0.6328654289,-0.0484380461,1.0000000000
132,8.8070000000,right_hand,18,0.3153422475,0.6362651587,-0.0544839539,1.0000000000
133,8.8740000000,right_hand,18,0.3003990948,0.6214590669,-0.0649460480,1.0000000000
134,8.9410000000,right_hand,18,0.2939069569,0.6267275810,-0.0619677715,1.0000000000
135,9.0080000000,right_hand,18,0.2896617055,0.6302738190,-0.0657056123,1.0000000000
136,9.0740000000,right_hand,18,0.2829099298,0.6265815496,-0.0791376084,1.0000000000
137,9.1410000000,right_hand,18,0.3058222532,0.6124513149,-0.0741026253,1.0000000000
138,9.2080000000,right_hand,18,0.3055246770,0.6146261096,-0.0720076635,1.0000000000
139,9.2750000000,right_hand,18,0.3081931472,0.6064226627,-0.0765967295,1.0000000000
140,9.3410000000,right_hand,18,0.2997700870,0.6013806462,-0.0678071380,1.0000000000
141,9.4080000000,right_hand,18,0.3042157590,0.6057618856,-0.0545912497,1.0000000000
142,9.4750000000,right_hand,18,0.2892383933,0.6023530960,-0.0746366680,1.0000000000
143,9.5410000000,right_hand,18,0.3056722283,0.6118460298,-0.0678748935,1.0000000000
144,9.6080000000,right_hand,18,0.3159547150,0.6004237533,-0.0705745518,1.0000000000
145,9.6750000000,right_hand,18,0.4374465793,0.6040547192,-0.0542749111,1.0000000000
146,9.7420000000,right_hand,18,0.5589384437,0.6076856852,-0.0379752703,1.0000000000
147,9.8080000000,right_hand,18,0.4273614883,0.6034497917,-0.0512238201,1.0000000000
148,9.8750000000,right_hand,18,0.2957845330,0.5992138982,-0.0644723698,1.0000000000
149,9.9420000000,right_hand,18,0.3087222576,0.5835321347,-0.0607321970,1.0000000000
150,10.0080000000,right_hand,18,0.3216599822,0.5678503712,-0.0569920242,1.0000000000
151,10.0750000000,right_hand,18,0.3345977068,0.5521686077,-0.0532518514,1.0000000000
152,10.1420000000,right_hand,18,0.3519976139,0.5047162771,-0.0192418359,1.0000000000
153,10.2090000000,right_hand,18,0.3377425969,0.5314370394,-0.0292914137,1.0000000000
154,10.2750000000,right_hand,18,0.3433215618,0.5324324965,-0.0022215771,1.0000000000
155,10.3420000000,right_hand,18,0.3118344247,0.5797362328,-0.0555944964,1.0000000000
156,10.4090000000,right_hand,18,0.3113066852,0.5839624405,-0.0722488388,1.0000000000
157,10.4760000000,right_hand,18,0.3100452721,0.5834221244,-0.0705433935,1.0000000000
158,10.5420000000,right_hand,18,0.3093190193,0.5903183222,-0.0653465837,1.0000000000
159,10.6090000000,right_hand,18,0.3116473854,0.5942870378,-0.0825911462,1.0000000000
160,10.6760000000,right_hand,18,0.3155959249,0.5968538523,-0.0658661500,1.0000000000
161,10.7420000000,right_hand,18,0.3160805702,0.5975013971,-0.0629442483,1.0000000000
162,10.8090000000,right_hand,18,0.3146399856,0.5949177742,-0.0682693794,1.0000000000
163,10.8760000000,right_hand,18,0.3189617991,0.6013098359,-0.0631011799,1.0000000000
164,10.9430000000,right_hand,18,0.3099093139,0.5894759297,-0.0796230733,1.0000000000
165,11.0090000000,right_hand,18,0.3089737892,0.5845630169,-0.0794921890,1.0000000000
166,11.0760000000,right_hand,18,0.3258705139,0.5839765668,-0.0669858679,1.0000000000
167,11.1430000000,right_hand,18,0.3123504817,0.5915132761,-0.0756246969,1.0000000000
168,11.2100000000,right_hand,18,0.3212807178,0.5800751448,-0.0551828891,1.0000000000
169,11.2760000000,right_hand,18,0.3441836536,0.5682390332,-0.0475547388,1.0000000000
170,11.3430000000,right_hand,18,0.3562258482,0.5768641233,-0.0278319996,1.0000000000
171,11.4100000000,right_hand,18,0.3694440126,0.5781815052,-0.0048075919,1.0000000000
172,11.4760000000,right_hand,18,0.3615915477,0.5827075243,-0.0191360004,1.0000000000
173,11.5430000000,right_hand,18,0.3559701145,0.5716687441,-0.0187956765,1.0000000000
174,11.6100000000,right_hand,18,0.3529401124,0.5460280180,-0.0019699051,1.0000000000
175,11.6770000000,right_hand,18,0.3504010737,0.5803275704,-0.0308867227,1.0000000000
176,11.7430000000,right_hand,18,0.3357181549,0.5668165088,-0.0586461574,1.0000000000
177,11.8100000000,right_hand,18,0.3400219381,0.5740305185,-0.0220548231,1.0000000000
178,11.8770000000,right_hand,18,0.3260218203,0.5689714849,-0.0558931502,1.0000000000
179,11.9430000000,right_hand,18,0.3120217025,0.5639124513,-0.0897314772,1.0000000000
75,5.0040000000,right_hand,19,0.4056906998,0.7624427080,-0.0326635092,1.0000000000
76,5.0710000000,right_hand,19,0.4039439857,0.7622877955,-0.0340201557,1.0000000000
77,5.1380000000,right_hand,19,0.4024502039,0.7613587976,-0.0383847281,1.0000000000
78,5.2040000000,right_hand,19,0.4042879045,0.7681475282,-0.0449727997,1.0000000000
79,5.2710000000,right_hand,19,0.4035760760,0.7670043111,-0.0431693085,1.0000000000
80,5.3380000000,right_hand,19,0.3969986439,0.7609059215,-0.0384825803,1.0000000000
81,5.4050000000,right_hand,19,0.4011268914,0.7640904188,-0.0458036698,1.0000000000
82,5.4710000000,right_hand,19,0.4018880725,0.7528765798,-0.0388274938,1.0000000000
83,5.5380000000,right_hand,19,0.3989384174,0.7435648441,-0.0286719501,1.0000000000
84,5.6050000000,right_hand,19,0.3969708085,0.7272478938,-0.0179727729,1.0000000000
85,5.6710000000,right_hand,19,0.3937355280,0.7090778351,-0.0247805137,1.0000000000
86,5.7380000000,right_hand,19,0.3921838999,0.7100397348,-0.0102808783,1.0000000000
87,5.8050000000,right_hand,19,0.3726719916,0.6365067959,0.0019056777,1.0000000000
88,5.8720000000,right_hand,19,0.3627891690,0.6705735624,-0.0205604202,1.0000000000
89,5.9380000000,right_hand,19,0.3529063463,0.7046403289,-0.0430265181,1.0000000000
90,6.0050000000,right_hand,19,0.3565195650,0.6880627871,-0.0328978607,1.0000000000
91,6.0720000000,right_hand,19,0.3601327837,0.6714852452,-0.0227692034,1.0000000000
92,6.1390000000,right_hand,19,0.4653258324,0.6344605088,-0.0584378093,1.0000000000
93,6.2050000000,right_hand,19,0.4127264917,0.6664353013,-0.0275122483,1.0000000000
94,6.2720000000,right_hand,19,0.3601271510,0.6984100938,0.0034133128,1.0000000000
95,6.3390000000,right_hand,19,0.3632387221,0.6866043210,-0.0238537043,1.0000000000
96,6.4050000000,right_hand,19,0.3631834090,0.6850407422,-0.0150380924,1.0000000000
97,6.4720000000,right_hand,19,0.3631280959,0.6834771633,-0.0062224804,1.0000000000
98,6.5390000000,right_hand,19,0.3606882691,0.6851282517,-0.0090456853,1.0000000000
99,6.6060000000,right_hand,19,0.3582484424,0.6867793401,-0.0118688902,1.0000000000
100,6.6720000000,right_hand,19,0.3558086157,0.6884304285,-0.0146920951,1.0000000000
101,6.7390000000,right_hand,19,0.3560702205,0.6921493709,-0.0171552799,1.0000000000
102,6.8060000000,right_hand,19,0.3563318253,0.6958683133,-0.0196184646,1.0000000000
103,6.8720000000,right_hand,19,0.3099550605,0.6578281522,-0.0584572479,1.0000000000
104,6.9390000000,right_hand,19,0.3573002219,0.6782401204,-0.0200923830,1.0000000000
105,7.0060000000,right_hand,19,0.3596737385,0.6884552240,-0.0151575357,1.0000000000
106,7.0730000000,right_hand,19,0.3590278327,0.6832193732,-0.0388439707,1.0000000000
107,7.1390000000,right_hand,19,0.3684114516,0.7005801201,-0.0213374440,1.0000000000
108,7.2060000000,right_hand,19,0.3589234650,0.6777503490,-0.0101776179,1.0000000000
109,7.2730000000,right_hand,19,0.3518385589,0.6907595992,-0.0157727357,1.0000000000
110,7.3400000000,right_hand,19,0.3562603891,0.6982582510,-0.0200954070,1.0000000000
111,7.4060000000,right_hand,19,0.3606822193,0.7057569027,-0.0244180784,1.0000000000
112,7.4730000000,right_hand,19,0.3551088870,0.6861782074,-0.0160808153,1.0000000000
113,7.5400000000,right_hand,19,0.3550414145,0.6948899329,-0.0140689742,1.0000000000
114,7.6060000000,right_hand,19,0.3549739420,0.7036016583,-0.0120571330,1.0000000000
115,7.6730000000,right_hand,19,0.3607318699,0.7008758783,-0.0170694739,1.0000000000
116,7.7400000000,right_hand,19,0.3540196866,0.7070990205,-0.0285658631,1.0000000000
117,7.8070000000,right_hand,19,0.3473075032,0.7133221626,-0.0400622524,1.0000000000
118,7.8730000000,right_hand,19,0.3540172875,0.7052733898,-0.0131143592,1.0000000000
119,7.9400000000,right_hand,19,0.3456127346,0.7043938041,-0.0242304504,1.0000000000
120,8.0070000000,right_hand,19,0.3467409015,0.7008841634,-0.0076697627,1.0000000000
121,8.0740000000,right_hand,19,0.3535294682,0.7007034421,-0.0150713478,1.0000000000
122,8.1400000000,right_hand,19,0.3603180349,0.7005227208,-0.0224729329,1.0000000000
123,8.2070000000,right_hand,19,0.3475053608,0.7038316131,-0.0133002317,1.0000000000
124,8.2740000000,right_hand,19,0.3462531269,0.6956363916,-0.0155724408,1.0000000000
125,8.3400000000,right_hand,19,0.3459018767,0.6844846606,-0.0125780422,1.0000000000
126,8.4070000000,right_hand,19,0.3581306040,0.7073365450,-0.0185723510,1.0000000000
127,8.4740000000,right_hand,19,0.3472957015,0.6876971722,-0.0082917828,1.0000000000
128,8.5410000000,right_hand,19,0.3521267474,0.6687852144,-0.0240383781,1.0000000000
129,8.6070000000,right_hand,19,0.3621174097,0.6302727461,-0.0364016481,1.0000000000
130,8.6740000000,right_hand,19,0.3483528296,0.6428062717,-0.0446917427,1.0000000000
131,8.7410000000,right_hand,19,0.3345882495,0.6553397973,-0.0529818373,1.0000000000
132,8.8070000000,right_hand,19,0.3208236694,0.6678733230,-0.0612719320,1.0000000000
133,8.8740000000,right_hand,19,0.3059845567,0.6459673047,-0.0689298287,1.0000000000
134,8.9410000000,right_hand,19,0.3006853759,0.6515000463,-0.0642859414,1.0000000000
135,9.0080000000,right_hand,19,0.2972057760,0.6553978324,-0.0685050115,1.0000000000
136,9.0740000000,right_hand,19,0.2894362509,0.6525419950,-0.0821487084,1.0000000000
137,9.1410000000,right_hand,19,0.3121398389,0.6326016188,-0.0779348910,1.0000000000
138,9.2080000000,right_hand,19,0.3123815954,0.6330853701,-0.0763196126,1.0000000000
139,9.2750000000,right_hand,19,0.3169803023,0.6317494512,-0.0797712654,1.0000000000
140,9.3410000000,right_hand,19,0.3038557768,0.6297183633,-0.0714852288,1.0000000000
141,9.4080000000,right_hand,19,0.3049982190,0.6277323961,-0.0576628894,1.0000000000
142,9.4750000000,right_hand,19,0.2932036817,0.6302897930,-0.0782794580,1.0000000000
143,9.5410000000,right_hand,19,0.3157510459,0.6368143559,-0.0722463876,1.0000000000
144,9.6080000000,right_hand,19,0.3242271245,0.6267346144,-0.0753634349,1.0000000000
145,9.6750000000,right_hand,19,0.4339431971,0.6277520359,-0.0574145708,1.0000000000
146,9.7420000000,right_hand,19,0.5436592698,0.6287694573,-0.0394657068,1.0000000000
147,9.8080000000,right_hand,19,0.4212459326,0.6262734830,-0.0541868638,1.0000000000
148,9.8750000000,right_hand,19,0.2988325953,0.6237775087,-0.0689080209,1.0000000000
149,9.9420000000,right_hand,19,0.3134880066,0.6039652824,-0.0644912794,1.0000000000
150,10.0080000000,right_hand,19,0.3281434178,0.5841530561,-0.0600745380,1.0000000000
151,10.0750000000,right_hand,19,0.3427988291,0.5643408298,-0.0556577966,1.0000000000
152,10.1420000000,right_hand,19,0.3644208312,0.5152350068,-0.0197536089,1.0000000000
153,10.2090000000,right_hand,19,0.3471077979,0.5458916426,-0.0291255116,1.0000000000
154,10.2750000000,right_hand,19,0.3521478176,0.5493239164,0.0001268799,1.0000000000
155,10.3420000000,right_hand,19,0.3231386542,0.5963842869,-0.0585889295,1.0000000000
156,10.4090000000,right_hand,19,0.3217833638,0.5987246037,-0.0764658600,1.0000000000
157,10.4760000000,right_hand,19,0.3198700547,0.6029455066,-0.0745044127,1.0000000000
158,10.5420000000,right_hand,19,0.3198894560,0.6062487960,-0.0694676787,1.0000000000
159,10.6090000000,right_hand,19,0.3215598464,0.6081649065,-0.0903613418,1.0000000000
160,10.6760000000,right_hand,19,0.3228020668,0.6090712547,-0.0691452250,1.0000000000
161,10.7420000000,right_hand,19,0.3233761191,0.6101973057,-0.0650728792,1.0000000000
162,10.8090000000,right_hand,19,0.3224532008,0.6050071716,-0.0730854198,1.0000000000
163,10.8760000000,right_hand,19,0.3266109824,0.6098141074,-0.0629052669,1.0000000000
164,10.9430000000,right_hand,19,0.3194548190,0.6014857292,-0.0843039155,1.0000000000
165,11.0090000000,right_hand,19,0.3161920309,0.5998870134,-0.0829865038,1.0000000000
166,11.0760000000,right_hand,19,0.3327660561,0.6036860347,-0.0711067170,1.0000000000
167,11.1430000000,right_hand,19,0.3185201883,0.6054491401,-0.0775423497,1.0000000000
168,11.2100000000,right_hand,19,0.3266742826,0.5952065587,-0.0556030273,1.0000000000
169,11.2760000000,right_hand,19,0.3538808525,0.5841695666,-0.0471514314,1.0000000000
170,11.3430000000,right_hand,19,0.3617502749,0.5885245800,-0.0248426720,1.0000000000
171,11.4100000000,right_hand,19,0.3782559931,0.5909473300,-0.0002188341,1.0000000000
172,11.4760000000,right_hand,19,0.3618336022,0.5950911641,-0.0135593498,1.0000000000
173,11.5430000000,right_hand,19,0.3599663973,0.5877504349,-0.0135784112,1.0000000000
174,11.6100000000,right_hand,19,0.3606269360,0.5619305372,0.0000495599,1.0000000000
175,11.6770000000,right_hand,19,0.3606826067,0.5916146040,-0.0280044340,1.0000000000
176,11.7430000000,right_hand,19,0.3465479016,0.5765430927,-0.0619521923,1.0000000000
177,11.8100000000,right_hand,19,0.3500661552,0.5859684348,-0.0222577788,1.0000000000
178,11.8770000000,right_hand,19,0.3345320672,0.5796107650,-0.0604378711,1.0000000000
179,11.9430000000,right_hand,19,0.3189979792,0.5732530951,-0.0986179635,1.0000000000
75,5.0040000000,right_hand,20,0.4167040288,0.7821744084,-0.0325003862,1.0000000000
76,5.0710000000,right_hand,20,0.4153520167,0.7818582654,-0.0340854228,1.0000000000
77,5.1380000000,right_hand,20,0.4135077894,0.7811779380,-0.0390684158,1.0000000000
78,5.2040000000,right_hand,20,0.4162871838,0.7877665162,-0.0467838868,1.0000000000
79,5.2710000000,right_hand,20,0.4153658152,0.7878663540,-0.0446783677,1.0000000000
80,5.3380000000,right_hand,20,0.4077112973,0.7819126844,-0.0394729301,1.0000000000
81,5.4050000000,right_hand,20,0.4137607217,0.7828223705,-0.0475887768,1.0000000000
82,5.4710000000,right_hand,20,0.4158462286,0.7711357474,-0.0409192964,1.0000000000
83,5.5380000000,right_hand,20,0.4120511413,0.7594929338,-0.0301209018,1.0000000000
84,5.6050000000,right_hand,20,0.4092279375,0.7364478707,-0.0180548914,1.0000000000
85,5.6710000000,right_hand,20,0.4048820436,0.7166260481,-0.0240485910,1.0000000000
86,5.7380000000,right_hand,20,0.4029496014,0.7191350460,-0.0105155511,1.0000000000
87,5.8050000000,right_hand,20,0.3778326511,0.6376653910,0.0025765856,1.0000000000
88,5.8720000000,right_hand,20,0.3714160621,0.6744750142,-0.0187755917,1.0000000000
89,5.9380000000,right_hand,20,0.3649994731,0.7112846375,-0.0401277691,1.0000000000
90,6.0050000000,right_hand,20,0.3694106787,0.6960096359,-0.0303441091,1.0000000000
91,6.0720000000,right_hand,20,0.3738218844,0.6807346344,-0.0205604490,1.0000000000
92,6.1390000000,right_hand,20,0.4641263783,0.6607591510,-0.0545341037,1.0000000000
93,6.2050000000,right_hand,20,0.4163970053,0.6795277297,-0.0251910752,1.0000000000
94,6.2720000000,right_hand,20,0.3686676323,0.6982963085,0.0041519534,1.0000000000
95,6.3390000000,right_hand,20,0.3733102381,0.6903254390,-0.0249302369,1.0000000000
96,6.4050000000,right_hand,20,0.3716300875,0.6840446591,-0.0153887318,1.0000000000
97,6.4720000000,right_hand,20,0.3699499369,0.6777638793,-0.0058472268,1.0000000000
98,6.5390000000,right_hand,20,0.3682246407,0.6801799337,-0.0084221046,1.0000000000
99,6.6060000000,right_hand,20,0.3664993445,0.6825959881,-0.0109969825,1.0000000000
100,6.6720000000,right_hand,20,0.3647740483,0.6850120425,-0.0135718603,1.0000000000
101,6.7390000000,right_hand,20,0.3648156226,0.6906861961,-0.0156766232,1.0000000000
102,6.8060000000,right_hand,20,0.3648571968,0.6963603497,-0.0177813862,1.0000000000
103,6.8720000000,right_hand,20,0.3155530989,0.6731533408,-0.0614654943,1.0000000000
104,6.9390000000,right_hand,20,0.3662676215,0.6744444370,-0.0158850346,1.0000000000
105,7.0060000000,right_hand,20,0.3707892299,0.6868267059,-0.0141546652,1.0000000000
106,7.0730000000,right_hand,20,0.3710646629,0.6864965558,-0.0389686860,1.0000000000
107,7.1390000000,right_hand,20,0.3778287768,0.6979452968,-0.0208726209,1.0000000000
108,7.2060000000,right_hand,20,0.3650450408,0.6785239577,-0.0095814615,1.0000000000
109,7.2730000000,right_hand,20,0.3617399931,0.6987167597,-0.0157650504,1.0000000000
110,7.3400000000,right_hand,20,0.3666344583,0.7018428147,-0.0200605057,1.0000000000
111,7.4060000000,right_hand,20,0.3715289235,0.7049688697,-0.0243559610,1.0000000000
112,7.4730000000,right_hand,20,0.3632902205,0.6883456707,-0.0161825623,1.0000000000
113,7.5400000000,right_hand,20,0.3629173487,0.6944918931,-0.0133176916,1.0000000000
114,7.6060000000,right_hand,20,0.3625444770,0.7006381154,-0.0104528209,1.0000000000
115,7.6730000000,right_hand,20,0.3686138690,0.7044309378,-0.0170323048,1.0000000000
116,7.7400000000,right_hand,20,0.3641944975,0.7091129422,-0.0276189009,1.0000000000
117,7.8070000000,right_hand,20,0.3597751260,0.7137949467,-0.0382054970,1.0000000000
118,7.8730000000,right_hand,20,0.3644260764,0.7075938582,-0.0122235101,1.0000000000
119,7.9400000000,right_hand,20,0.3543865681,0.7031410933,-0.0234504770,1.0000000000
120,8.0070000000,right_hand,20,0.3560616076,0.7014326453,-0.0067901174,1.0000000000
121,8.0740000000,right_hand,20,0.3637488186,0.7005786598,-0.0146701527,1.0000000000
122,8.1400000000,right_hand,20,0.3714360297,0.6997246742,-0.0225501880,1.0000000000
123,8.2070000000,right_hand,20,0.3576289117,0.7042087913,-0.0128408400,1.0000000000
124,8.2740000000,right_hand,20,0.3545847535,0.6945859194,-0.0145756202,1.0000000000
125,8.3400000000,right_hand,20,0.3545764089,0.6869825125,-0.0123006655,1.0000000000
126,8.4070000000,right_hand,20,0.3682066500,0.7091092467,-0.0188397598,1.0000000000
127,8.4740000000,right_hand,20,0.3552770019,0.6858413219,-0.0074371076,1.0000000000
128,8.5410000000,right_hand,20,0.3625170588,0.6700389385,-0.0241772011,1.0000000000
129,8.6070000000,right_hand,20,0.3746658266,0.6317068338,-0.0357518606,1.0000000000
130,8.6740000000,right_hand,20,0.3586563071,0.6523979902,-0.0456587945,1.0000000000
131,8.7410000000,right_hand,20,0.3426467876,0.6730891466,-0.0555657285,1.0000000000
132,8.8070000000,right_hand,20,0.3266372681,0.6937803030,-0.0654726624,1.0000000000
133,8.8740000000,right_hand,20,0.3117413521,0.6652506590,-0.0706865489,1.0000000000
134,8.9410000000,right_hand,20,0.3061965108,0.6715518832,-0.0654383674,1.0000000000
135,9.0080000000,right_hand,20,0.3033744395,0.6759067774,-0.0697815865,1.0000000000
136,9.0740000000,right_hand,20,0.2959042788,0.6731738448,-0.0838782340,1.0000000000
137,9.1410000000,right_hand,20,0.3174430430,0.6505182981,-0.0806803182,1.0000000000
138,9.2080000000,right_hand,20,0.3179981112,0.6487596035,-0.0800192207,1.0000000000
139,9.2750000000,right_hand,20,0.3245526850,0.6527907848,-0.0822470859,1.0000000000
140,9.3410000000,right_hand,20,0.3076161742,0.6528701782,-0.0739690065,1.0000000000
141,9.4080000000,right_hand,20,0.3061341047,0.6451728940,-0.0594582371,1.0000000000
142,9.4750000000,right_hand,20,0.2978372872,0.6528763771,-0.0804665089,1.0000000000
143,9.5410000000,right_hand,20,0.3247016966,0.6580002308,-0.0751925036,1.0000000000
144,9.6080000000,right_hand,20,0.3309552073,0.6503143311,-0.0787371174,1.0000000000
145,9.6750000000,right_hand,20,0.4309842288,0.6473170519,-0.0592929311,1.0000000000
146,9.7420000000,right_hand,20,0.5310132504,0.6443197727,-0.0398487449,1.0000000000
147,9.8080000000,right_hand,20,0.4160779417,0.6442044377,-0.0555411577,1.0000000000
148,9.8750000000,right_hand,20,0.3011426330,0.6440891027,-0.0712335706,1.0000000000
149,9.9420000000,right_hand,20,0.3167440991,0.6206767559,-0.0664325493,1.0000000000
150,10.0080000000,right_hand,20,0.3323455652,0.5972644091,-0.0616315280,1.0000000000
151,10.0750000000,right_hand,20,0.3479470313,0.5738520622,-0.0568305068,1.0000000000
152,10.1420000000,right_hand,20,0.3698414266,0.5279446840,-0.0193152800,1.0000000000
153,10.2090000000,right_hand,20,0.3510399461,0.5603112578,-0.0286456831,1.0000000000
154,10.2750000000,right_hand,20,0.3547112942,0.5645202398,0.0018334644,1.0000000000
155,10.3420000000,right_hand,20,0.3324344456,0.6097604632,-0.0606484935,1.0000000000
156,10.4090000000,right_hand,20,0.3303796053,0.6108744144,-0.0793411285,1.0000000000
157,10.4760000000,right_hand,20,0.3282581270,0.6188013554,-0.0773990154,1.0000000000
158,10.5420000000,right_hand,20,0.3289909065,0.6192345023,-0.0723576471,1.0000000000
159,10.6090000000,right_hand,20,0.3301521838,0.6193866134,-0.0965619311,1.0000000000
160,10.6760000000,right_hand,20,0.3292644322,0.6165372133,-0.0717785731,1.0000000000
161,10.7420000000,right_hand,20,0.3293048739,0.6189896464,-0.0665920973,1.0000000000
162,10.8090000000,right_hand,20,0.3298113048,0.6121689081,-0.0765914619,1.0000000000
163,10.8760000000,right_hand,20,0.3328447938,0.6127930284,-0.0628257468,1.0000000000
164,10.9430000000,right_hand,20,0.3280088305,0.6101673841,-0.0878267884,1.0000000000
165,11.0090000000,right_hand,20,0.3235256076,0.6116240025,-0.0851676464,1.0000000000
166,11.0760000000,right_hand,20,0.3388469517,0.6208590269,-0.0736351609,1.0000000000
167,11.1430000000,right_hand,20,0.3252429962,0.6161316037,-0.0790529847,1.0000000000
168,11.2100000000,right_hand,20,0.3308715820,0.6063706875,-0.0557662398,1.0000000000
169,11.2760000000,right_hand,20,0.3590807021,0.5957887173,-0.0459954031,1.0000000000
170,11.3430000000,right_hand,20,0.3634964526,0.5952785015,-0.0224940088,1.0000000000
171,11.4100000000,right_hand,20,0.3833415806,0.6001427174,0.0028674030,1.0000000000
172,11.4760000000,right_hand,20,0.3563721776,0.6001253128,-0.0098664789,1.0000000000
173,11.5430000000,right_hand,20,0.3574221432,0.5975509286,-0.0100999195,1.0000000000
174,11.6100000000,right_hand,20,0.3636820614,0.5764384866,0.0012528404,1.0000000000
175,11.6770000000,right_hand,20,0.3668448329,0.6019204259,-0.0263395775,1.0000000000
176,11.7430000000,right_hand,20,0.3550808728,0.5877662301,-0.0641536936,1.0000000000
177,11.8100000000,right_hand,20,0.3570339382,0.5980570912,-0.0222983751,1.0000000000
178,11.8770000000,right_hand,20,0.3420125842,0.5896582901,-0.0637478540,1.0000000000
179,11.9430000000,right_hand,20,0.3269912302,0.5812594891,-0.1051973328,1.0000000000
