frame_id,timestamp_sec,landmark_type,landmark_id,x,y,z,visibility
76,5.0590000000,left_hand,0,0.6961460710,0.6090482473,0.0000003646,1.0000000000
77,5.1260000000,left_hand,0,0.6960200071,0.6058672667,0.0000003748,1.0000000000
78,5.1920000000,left_hand,0,0.6966993809,0.6061469316,0.0000003792,1.0000000000
79,5.2590000000,left_hand,0,0.6986086965,0.6075379848,0.0000003684,1.0000000000
80,5.3250000000,left_hand,0,0.6991907954,0.6019868851,0.0000003685,1.0000000000
81,5.3920000000,left_hand,0,0.6999480724,0.6013169289,0.0000003590,1.0000000000
82,5.4590000000,left_hand,0,0.7002643943,0.6030918956,0.0000003799,1.0000000000
83,5.5250000000,left_hand,0,0.7011092901,0.5970141888,0.0000003248,1.0000000000
84,5.5920000000,left_hand,0,0.6991615295,0.6014097333,0.0000003571,1.0000000000
85,5.6580000000,left_hand,0,0.6966277361,0.5859700441,0.0000003156,1.0000000000
86,5.7250000000,left_hand,0,0.7031957507,0.5966348052,0.0000003278,1.0000000000
87,5.7910000000,left_hand,0,0.7064483166,0.5823754668,0.0000003389,1.0000000000
88,5.8580000000,left_hand,0,0.6998305917,0.5914248228,0.0000003721,1.0000000000
89,5.9250000000,left_hand,0,0.6870073676,0.5856580734,0.0000003965,1.0000000000
90,5.9910000000,left_hand,0,0.6824861765,0.5875143409,0.0000004651,1.0000000000
91,6.0580000000,left_hand,0,0.6749228835,0.5802511573,0.0000004420,1.0000000000
92,6.1240000000,left_hand,0,0.6633371115,0.5761041641,0.0000003769,1.0000000000
93,6.1910000000,left_hand,0,0.6511653066,0.5805703998,0.0000004504,1.0000000000
94,6.2570000000,left_hand,0,0.6419349313,0.5821904540,0.0000003880,1.0000000000
95,6.3240000000,left_hand,0,0.6326380968,0.5793107748,0.0000003489,1.0000000000
96,6.3910000000,left_hand,0,0.6249272823,0.5701432228,0.0000003133,1.0000000000
97,6.4570000000,left_hand,0,0.6183639765,0.5660810471,0.0000002991,1.0000000000
98,6.5240000000,left_hand,0,0.6111083031,0.5630688071,0.0000002827,1.0000000000
99,6.5900000000,left_hand,0,0.6056808829,0.5599062443,0.0000002610,1.0000000000
100,6.6570000000,left_hand,0,0.6029611826,0.5579153299,0.0000002449,1.0000000000
101,6.7230000000,left_hand,0,0.6012166739,0.5567681193,0.0000002183,1.0000000000
102,6.7900000000,left_hand,0,0.5997519493,0.5576607585,0.0000002193,1.0000000000
103,6.8560000000,left_hand,0,0.6045164466,0.5552576184,0.0000001654,1.0000000000
104,6.9230000000,left_hand,0,0.6184415221,0.5548159480,0.0000002220,1.0000000000
105,6.9900000000,left_hand,0,0.6427863240,0.5528677106,0.0000002228,1.0000000000
106,7.0560000000,left_hand,0,0.6732664108,0.5617790222,0.0000001915,1.0000000000
107,7.1230000000,left_hand,0,0.6930793524,0.5755898952,0.0000002021,1.0000000000
108,7.1890000000,left_hand,0,0.2429088652,0.4507491589,0.0000005754,1.0000000000
109,7.2560000000,left_hand,0,0.7044404149,0.5804702640,0.0000003062,1.0000000000
110,7.3220000000,left_hand,0,0.7098985910,0.5770174265,0.0000002782,1.0000000000
111,7.3890000000,left_hand,0,0.7212665677,0.5751478076,0.0000003054,1.0000000000
112,7.4560000000,left_hand,0,0.2302458882,0.4467489719,0.0000006030,1.0000000000
113,7.5220000000,left_hand,0,0.7068833113,0.5615895987,0.0000002866,1.0000000000
114,7.5890000000,left_hand,0,0.7039914131,0.5546365976,0.0000002429,1.0000000000
115,7.6550000000,left_hand,0,0.6854212880,0.5537828207,0.0000003273,1.0000000000
116,7.7220000000,left_hand,0,0.6675221324,0.5521956682,0.0000003114,1.0000000000
117,7.7880000000,left_hand,0,0.6566141844,0.5560241342,0.0000003474,1.0000000000
118,7.8550000000,left_hand,0,0.6444014311,0.5628576875,0.0000003429,1.0000000000
119,7.9220000000,left_hand,0,0.6386226416,0.5548802614,0.0000003157,1.0000000000
120,7.9880000000,left_hand,0,0.6335545778,0.5584881306,0.0000003454,1.0000000000
121,8.0550000000,left_hand,0,0.6233266592,0.5574707389,0.0000003187,1.0000000000
122,8.1210000000,left_hand,0,0.6205959320,0.5600504875,0.0000002831,1.0000000000
123,8.1880000000,left_hand,0,0.6143640876,0.5561599731,0.0000002545,1.0000000000
124,8.2540000000,left_hand,0,0.6136180758,0.5590686202,0.0000002637,1.0000000000
125,8.3210000000,left_hand,0,0.6217895150,0.5567724705,0.0000002147,1.0000000000
126,8.3880000000,left_hand,0,0.6545295715,0.6004961729,-0.0000000276,1.0000000000
127,8.4540000000,left_hand,0,0.2000227571,0.4844866395,0.0000004586,1.0000000000
128,8.5210000000,left_hand,0,0.1967801750,0.4818395376,0.0000005204,1.0000000000
129,8.5870000000,left_hand,0,0.6460921168,0.5680921674,0.0000004460,1.0000000000
130,8.6540000000,left_hand,0,0.6646711826,0.5662674308,0.0000003760,1.0000000000
131,8.7200000000,left_hand,0,0.6852926016,0.5807161331,0.0000003910,1.0000000000
132,8.7870000000,left_hand,0,0.6838930845,0.5693815947,0.0000003885,1.0000000000
133,8.8540000000,left_hand,0,0.6608238220,0.5794042349,0.0000002079,1.0000000000
134,8.9200000000,left_hand,0,0.6621268392,0.5742267370,0.0000002868,1.0000000000
135,8.9870000000,left_hand,0,0.6535646915,0.5763308406,0.0000001972,1.0000000000
136,9.0530000000,left_hand,0,0.6420965195,0.5802919269,0.0000002726,1.0000000000
137,9.1200000000,left_hand,0,0.6284265518,0.5818504691,0.0000003090,1.0000000000
138,9.1860000000,left_hand,0,0.6115163565,0.5771164894,0.0000003389,1.0000000000
139,9.2530000000,left_hand,0,0.5957046747,0.5769712329,0.0000003166,1.0000000000
140,9.3200000000,left_hand,0,0.6005830765,0.5677941442,0.0000002960,1.0000000000
141,9.3860000000,left_hand,0,0.6179473400,0.5678145885,0.0000002251,1.0000000000
142,9.4530000000,left_hand,0,0.6287859082,0.5754740238,0.0000002748,1.0000000000
143,9.5190000000,left_hand,0,0.6485426426,0.5906141996,0.0000002137,1.0000000000
144,9.5860000000,left_hand,0,0.6479368806,0.6095736623,0.0000002479,1.0000000000
145,9.6520000000,left_hand,0,0.6588740945,0.5996365547,0.0000002309,1.0000000000
146,9.7190000000,left_hand,0,0.6646312475,0.5858045220,0.0000002419,1.0000000000
147,9.7850000000,left_hand,0,0.6683228612,0.5750738382,0.0000002179,1.0000000000
148,9.8520000000,left_hand,0,0.6718307734,0.5650354028,0.0000002315,1.0000000000
149,9.9190000000,left_hand,0,0.6742009521,0.5630884767,0.0000002736,1.0000000000
150,9.9850000000,left_hand,0,0.6721969843,0.5589550734,0.0000003021,1.0000000000
151,10.0520000000,left_hand,0,0.6730427146,0.5671951771,0.0000003398,1.0000000000
152,10.1180000000,left_hand,0,0.6629041433,0.5731117725,0.0000003960,1.0000000000
153,10.1850000000,left_hand,0,0.6529084444,0.5762541890,0.0000004805,1.0000000000
154,10.2510000000,left_hand,0,0.6465798020,0.5680647492,0.0000003680,1.0000000000
155,10.3180000000,left_hand,0,0.6379015446,0.5678593516,0.0000003828,1.0000000000
156,10.3850000000,left_hand,0,0.6270514131,0.5683740377,0.0000003629,1.0000000000
157,10.4510000000,left_hand,0,0.6201884747,0.5639670491,0.0000003660,1.0000000000
158,10.5180000000,left_hand,0,0.6203846931,0.5602503419,0.0000003426,1.0000000000
159,10.5840000000,left_hand,0,0.6205449104,0.5680463314,0.0000002188,1.0000000000
160,10.6510000000,left_hand,0,0.6398926973,0.5657230616,0.0000003637,1.0000000000
161,10.7170000000,left_hand,0,0.6510664821,0.5658562183,0.0000002552,1.0000000000
162,10.7840000000,left_hand,0,0.6533002853,0.5902737379,0.0000003074,1.0000000000
163,10.8510000000,left_hand,0,0.6593402624,0.5872381330,0.0000002433,1.0000000000
164,10.9170000000,left_hand,0,0.6611485481,0.5855295062,0.0000002640,1.0000000000
165,10.9840000000,left_hand,0,0.6648713946,0.5688343048,0.0000002628,1.0000000000
166,11.0500000000,left_hand,0,0.6723646522,0.5507031083,0.0000002351,1.0000000000
167,11.1170000000,left_hand,0,0.6734974980,0.5380138159,0.0000003711,1.0000000000
168,11.1830000000,left_hand,0,0.6746445298,0.5552851558,0.0000003161,1.0000000000
169,11.2500000000,left_hand,0,0.6183530688,0.6142514348,0.0000001433,1.0000000000
170,11.3170000000,left_hand,0,0.6111055698,0.6167623741,0.0000001190,1.0000000000
171,11.3830000000,left_hand,0,0.6038580707,0.6192733135,0.0000000948,1.0000000000
172,11.4500000000,left_hand,0,0.6038580707,0.6192733135,0.0000000948,1.0000000000
173,11.5160000000,left_hand,0,0.6038580707,0.6192733135,0.0000000948,1.0000000000
174,11.5830000000,left_hand,0,0.5821155735,0.6268061314,0.0000000219,1.0000000000
175,11.6490000000,left_hand,0,0.5748680745,0.6293170708,-0.0000000023,1.0000000000
176,11.7160000000,left_hand,0,0.5676205754,0.6318280101,-0.0000000266,1.0000000000
177,11.7830000000,left_hand,0,0.6006146669,0.6125214100,0.0000000688,1.0000000000
178,11.8490000000,left_hand,0,0.6336087584,0.5932148099,0.0000001642,1.0000000000
179,11.9160000000,left_hand,0,0.6436297297,0.5940051675,0.0000002184,1.0000000000
180,11.9820000000,left_hand,0,0.6519848108,0.5865297318,0.0000003029,1.0000000000
76,5.0590000000,left_hand,1,0.6492884159,0.5858600140,-0.0142812524,1.0000000000
77,5.1260000000,left_hand,1,0.6505955458,0.5834851265,-0.0104771471,1.0000000000
78,5.1920000000,left_hand,1,0.6510989666,0.5820297003,-0.0092731295,1.0000000000
79,5.2590000000,left_hand,1,0.6505044103,0.5853332281,-0.0076740421,1.0000000000
80,5.3250000000,left_hand,1,0.6517717242,0.5792372227,-0.0093714017,1.0000000000
81,5.3920000000,left_hand,1,0.6515803337,0.5801501870,-0.0065322206,1.0000000000
82,5.4590000000,left_hand,1,0.6514528990,0.5789116621,-0.0078169983,1.0000000000
83,5.5250000000,left_hand,1,0.6541510224,0.5702273250,-0.0058804392,1.0000000000
84,5.5920000000,left_hand,1,0.6536244750,0.5763213038,-0.0083138095,1.0000000000
85,5.6580000000,left_hand,1,0.6519651413,0.5642355680,-0.0076661715,1.0000000000
86,5.7250000000,left_hand,1,0.6589477062,0.5713703036,-0.0055718534,1.0000000000
87,5.7910000000,left_hand,1,0.6637526751,0.5469561219,-0.0132034766,1.0000000000
88,5.8580000000,left_hand,1,0.6598226428,0.5512161851,-0.0115642734,1.0000000000
89,5.9250000000,left_hand,1,0.6567797065,0.5386064053,-0.0219958480,1.0000000000
90,5.9910000000,left_hand,1,0.6559435129,0.5356098413,-0.0223942194,1.0000000000
91,6.0580000000,left_hand,1,0.6472726464,0.5280960798,-0.0231502932,1.0000000000
92,6.1240000000,left_hand,1,0.6334130764,0.5199682117,-0.0141698923,1.0000000000
93,6.1910000000,left_hand,1,0.6219614148,0.5233138800,-0.0142501518,1.0000000000
94,6.2570000000,left_hand,1,0.6104787588,0.5294277072,-0.0045179934,1.0000000000
95,6.3240000000,left_hand,1,0.5992054939,0.5258338451,-0.0038552769,1.0000000000
96,6.3910000000,left_hand,1,0.5884330273,0.5246211290,-0.0003471670,1.0000000000
97,6.4570000000,left_hand,1,0.5799844265,0.5232845545,-0.0002165945,1.0000000000
98,6.5240000000,left_hand,1,0.5740017891,0.5220303535,0.0013038014,1.0000000000
99,6.5900000000,left_hand,1,0.5670687556,0.5215743780,0.0032228623,1.0000000000
100,6.6570000000,left_hand,1,0.5638504028,0.5194731951,0.0032592777,1.0000000000
101,6.7230000000,left_hand,1,0.5613700747,0.5192235112,0.0064921672,1.0000000000
102,6.7900000000,left_hand,1,0.5605531335,0.5208553672,0.0059322356,1.0000000000
103,6.8560000000,left_hand,1,0.5638030767,0.5199323297,0.0057402155,1.0000000000
104,6.9230000000,left_hand,1,0.5783764720,0.5250649452,-0.0016064266,1.0000000000
105,6.9900000000,left_hand,1,0.5971903801,0.5401050448,-0.0104837678,1.0000000000
106,7.0560000000,left_hand,1,0.6236472130,0.5536800027,-0.0028742892,1.0000000000
107,7.1230000000,left_hand,1,0.6405818462,0.5656402707,-0.0091901962,1.0000000000
108,7.1890000000,left_hand,1,0.2254775912,0.5402310491,-0.0164457522,1.0000000000
109,7.2560000000,left_hand,1,0.6515110731,0.5670930743,0.0005599232,1.0000000000
110,7.3220000000,left_hand,1,0.6610212326,0.5572242141,-0.0008719740,1.0000000000
111,7.3890000000,left_hand,1,0.6735799313,0.5487853885,-0.0114021916,1.0000000000
112,7.4560000000,left_hand,1,0.2160208672,0.5310782194,-0.0225039236,1.0000000000
113,7.5220000000,left_hand,1,0.6645573378,0.5285429955,-0.0133088864,1.0000000000
114,7.5890000000,left_hand,1,0.6636658311,0.5167395473,-0.0093542216,1.0000000000
115,7.6550000000,left_hand,1,0.6474061012,0.5080543756,-0.0057865269,1.0000000000
116,7.7220000000,left_hand,1,0.6336780190,0.5029101968,-0.0052794367,1.0000000000
117,7.7880000000,left_hand,1,0.6248714328,0.5034539700,-0.0084153758,1.0000000000
118,7.8550000000,left_hand,1,0.6116005778,0.5113348365,-0.0022486127,1.0000000000
119,7.9220000000,left_hand,1,0.5999776125,0.5120919347,0.0019783515,1.0000000000
120,7.9880000000,left_hand,1,0.5940633416,0.5150489211,0.0020619659,1.0000000000
121,8.0550000000,left_hand,1,0.5836039186,0.5156381130,0.0032102463,1.0000000000
122,8.1210000000,left_hand,1,0.5800587535,0.5236517787,0.0028256010,1.0000000000
123,8.1880000000,left_hand,1,0.5726507902,0.5231937766,0.0050534778,1.0000000000
124,8.2540000000,left_hand,1,0.5734935999,0.5229297280,0.0032167092,1.0000000000
125,8.3210000000,left_hand,1,0.5812734962,0.5259909630,0.0009020432,1.0000000000
126,8.3880000000,left_hand,1,0.6159092188,0.5797899365,-0.0104759187,1.0000000000
127,8.4540000000,left_hand,1,0.2627400160,0.4678025246,0.0103630750,1.0000000000
128,8.5210000000,left_hand,1,0.2548312247,0.4521844983,0.0027583097,1.0000000000
129,8.5870000000,left_hand,1,0.6168028116,0.5633746386,-0.0161544066,1.0000000000
130,8.6540000000,left_hand,1,0.6334927678,0.5453213453,-0.0179582331,1.0000000000
131,8.7200000000,left_hand,1,0.6503562331,0.5384054184,-0.0178347975,1.0000000000
132,8.7870000000,left_hand,1,0.6460643411,0.5266382098,-0.0150433229,1.0000000000
133,8.8540000000,left_hand,1,0.6366640329,0.5224497914,-0.0210331473,1.0000000000
134,8.9200000000,left_hand,1,0.6353446245,0.5252020359,-0.0161341280,1.0000000000
135,8.9870000000,left_hand,1,0.6255121231,0.5232493877,-0.0130481990,1.0000000000
136,9.0530000000,left_hand,1,0.6115995049,0.5285497904,-0.0113374228,1.0000000000
137,9.1200000000,left_hand,1,0.5948243737,0.5342786312,-0.0058690547,1.0000000000
138,9.1860000000,left_hand,1,0.5794211626,0.5260125399,-0.0054531796,1.0000000000
139,9.2530000000,left_hand,1,0.5641918182,0.5267173648,-0.0020934059,1.0000000000
140,9.3200000000,left_hand,1,0.5634601712,0.5254965425,-0.0000242848,1.0000000000
141,9.3860000000,left_hand,1,0.5763171911,0.5314382911,0.0007406410,1.0000000000
142,9.4530000000,left_hand,1,0.5843588710,0.5590655208,-0.0037023220,1.0000000000
143,9.5190000000,left_hand,1,0.6012889743,0.5860166550,-0.0095539186,1.0000000000
144,9.5860000000,left_hand,1,0.6012802720,0.6051227450,-0.0061573307,1.0000000000
145,9.6520000000,left_hand,1,0.6108866930,0.5901712179,-0.0066453274,1.0000000000
146,9.7190000000,left_hand,1,0.6170929074,0.5721810460,-0.0102623664,1.0000000000
147,9.7850000000,left_hand,1,0.6237407327,0.5538931489,-0.0140211573,1.0000000000
148,9.8520000000,left_hand,1,0.6262348294,0.5402990580,-0.0113201030,1.0000000000
149,9.9190000000,left_hand,1,0.6300109625,0.5348713994,-0.0115480665,1.0000000000
150,9.9850000000,left_hand,1,0.6293021441,0.5203886032,-0.0102353552,1.0000000000
151,10.0520000000,left_hand,1,0.6369785666,0.5221541524,-0.0152413510,1.0000000000
152,10.1180000000,left_hand,1,0.6324880719,0.5225581527,-0.0177494083,1.0000000000
153,10.1850000000,left_hand,1,0.6278415322,0.5190956593,-0.0227458794,1.0000000000
154,10.2510000000,left_hand,1,0.6174225807,0.5092315674,-0.0138488179,1.0000000000
155,10.3180000000,left_hand,1,0.6095983386,0.5126639605,-0.0105590504,1.0000000000
156,10.3850000000,left_hand,1,0.5964223146,0.5137890577,-0.0079900688,1.0000000000
157,10.4510000000,left_hand,1,0.5858835578,0.5074468255,-0.0047339280,1.0000000000
158,10.5180000000,left_hand,1,0.5824208856,0.5123693943,-0.0008128412,1.0000000000
159,10.5840000000,left_hand,1,0.5792924762,0.5234780312,0.0005080724,1.0000000000
160,10.6510000000,left_hand,1,0.5925617814,0.5337468982,-0.0040838434,1.0000000000
161,10.7170000000,left_hand,1,0.5976716280,0.5599776506,-0.0133628836,1.0000000000
162,10.7840000000,left_hand,1,0.6025322676,0.5821478367,-0.0082915407,1.0000000000
163,10.8510000000,left_hand,1,0.6099731326,0.5753349066,-0.0083529558,1.0000000000
164,10.9170000000,left_hand,1,0.6135362983,0.5761401057,-0.0078436974,1.0000000000
165,10.9840000000,left_hand,1,0.6177127361,0.5555949211,-0.0046437159,1.0000000000
166,11.0500000000,left_hand,1,0.6284273267,0.5280670524,-0.0112063987,1.0000000000
167,11.1170000000,left_hand,1,0.6327391863,0.5017313957,-0.0163158029,1.0000000000
168,11.1830000000,left_hand,1,0.6360366344,0.5447090268,-0.0022736439,1.0000000000
169,11.2500000000,left_hand,1,0.5931738019,0.5951644778,-0.0044263545,1.0000000000
170,11.3170000000,left_hand,1,0.5855971404,0.5972887278,-0.0076336730,1.0000000000
171,11.3830000000,left_hand,1,0.5780204790,0.5994129777,-0.0108409915,1.0000000000
172,11.4500000000,left_hand,1,0.5780204790,0.5994129777,-0.0108409915,1.0000000000
173,11.5160000000,left_hand,1,0.5780204790,0.5994129777,-0.0108409915,1.0000000000
174,11.5830000000,left_hand,1,0.5552904946,0.6057857275,-0.0204629470,1.0000000000
175,11.6490000000,left_hand,1,0.5477138332,0.6079099774,-0.0236702655,1.0000000000
176,11.7160000000,left_hand,1,0.5401371717,0.6100342274,-0.0268775839,1.0000000000
177,11.7830000000,left_hand,1,0.5654220283,0.5958316326,-0.0182850310,1.0000000000
178,11.8490000000,left_hand,1,0.5907068849,0.5816290379,-0.0096924780,1.0000000000
179,11.9160000000,left_hand,1,0.6022386551,0.5807386637,-0.0136434883,1.0000000000
180,11.9820000000,left_hand,1,0.6032615304,0.5770795345,-0.0084267771,1.0000000000
76,5.0590000000,left_hand,2,0.6020737886,0.5966639519,-0.0292049069,1.0000000000
77,5.1260000000,left_hand,2,0.6035538912,0.5927578807,-0.0232477710,1.0000000000
78,5.1920000000,left_hand,2,0.6055555940,0.5927670002,-0.0216536652,1.0000000000
79,5.2590000000,left_hand,2,0.6042575836,0.5940937400,-0.0199447349,1.0000000000
80,5.3250000000,left_hand,2,0.6055592895,0.5900442600,-0.0220460687,1.0000000000
81,5.3920000000,left_hand,2,0.6047646999,0.5898540616,-0.0183306523,1.0000000000
82,5.4590000000,left_hand,2,0.6064040661,0.5897082090,-0.0198790710,1.0000000000
83,5.5250000000,left_hand,2,0.6086260676,0.5808869004,-0.0158823654,1.0000000000
84,5.5920000000,left_hand,2,0.6089429259,0.5822741985,-0.0213254858,1.0000000000
85,5.6580000000,left_hand,2,0.6076678038,0.5740899444,-0.0191376023,1.0000000000
86,5.7250000000,left_hand,2,0.6136346459,0.5760735273,-0.0179731809,1.0000000000
87,5.7910000000,left_hand,2,0.6173744202,0.5495675802,-0.0259657539,1.0000000000
88,5.8580000000,left_hand,2,0.6182267666,0.5416572094,-0.0234473944,1.0000000000
89,5.9250000000,left_hand,2,0.6149961948,0.5185898542,-0.0382770784,1.0000000000
90,5.9910000000,left_hand,2,0.6163714528,0.5107387900,-0.0416653827,1.0000000000
91,6.0580000000,left_hand,2,0.6047362685,0.4976072907,-0.0435662456,1.0000000000
92,6.1240000000,left_hand,2,0.5914255381,0.4836966693,-0.0271512102,1.0000000000
93,6.1910000000,left_hand,2,0.5805165768,0.4859862030,-0.0283575170,1.0000000000
94,6.2570000000,left_hand,2,0.5700691342,0.4966647625,-0.0131968260,1.0000000000
95,6.3240000000,left_hand,2,0.5582324862,0.4986982942,-0.0120155523,1.0000000000
96,6.3910000000,left_hand,2,0.5446757674,0.5040657520,-0.0068335412,1.0000000000
97,6.4570000000,left_hand,2,0.5360548496,0.5047037601,-0.0071173026,1.0000000000
98,6.5240000000,left_hand,2,0.5320571661,0.5060192347,-0.0040918603,1.0000000000
99,6.5900000000,left_hand,2,0.5245033503,0.5067872405,-0.0010973732,1.0000000000
100,6.6570000000,left_hand,2,0.5202077031,0.5036107302,-0.0012114845,1.0000000000
101,6.7230000000,left_hand,2,0.5174821019,0.5070436597,0.0038220049,1.0000000000
102,6.7900000000,left_hand,2,0.5176073909,0.5091911554,0.0021958875,1.0000000000
103,6.8560000000,left_hand,2,0.5196632743,0.5140086412,0.0018898387,1.0000000000
104,6.9230000000,left_hand,2,0.5316661596,0.5233018994,-0.0077869645,1.0000000000
105,6.9900000000,left_hand,2,0.5502759814,0.5562393665,-0.0224374980,1.0000000000
106,7.0560000000,left_hand,2,0.5736859441,0.5768289566,-0.0106183523,1.0000000000
107,7.1230000000,left_hand,2,0.5946275592,0.5886444449,-0.0195593555,1.0000000000
108,7.1890000000,left_hand,2,0.2340791672,0.6142497659,-0.0409798734,1.0000000000
109,7.2560000000,left_hand,2,0.6078535318,0.5841892958,-0.0064112484,1.0000000000
110,7.3220000000,left_hand,2,0.6171358824,0.5693080425,-0.0071485187,1.0000000000
111,7.3890000000,left_hand,2,0.6261099577,0.5551124811,-0.0243610870,1.0000000000
112,7.4560000000,left_hand,2,0.2254165858,0.6079147458,-0.0477656275,1.0000000000
113,7.5220000000,left_hand,2,0.6168470979,0.5312494040,-0.0216246936,1.0000000000
114,7.5890000000,left_hand,2,0.6144655943,0.5100739002,-0.0199820101,1.0000000000
115,7.6550000000,left_hand,2,0.6015458107,0.4906283617,-0.0149005130,1.0000000000
116,7.7220000000,left_hand,2,0.5907368660,0.4741955698,-0.0155848237,1.0000000000
117,7.7880000000,left_hand,2,0.5841057897,0.4711061120,-0.0190321878,1.0000000000
118,7.8550000000,left_hand,2,0.5722236037,0.4839517176,-0.0098615550,1.0000000000
119,7.9220000000,left_hand,2,0.5588827729,0.4930437505,-0.0039935457,1.0000000000
120,7.9880000000,left_hand,2,0.5520485044,0.4975412786,-0.0041764569,1.0000000000
121,8.0550000000,left_hand,2,0.5429101586,0.5005192757,-0.0031172121,1.0000000000
122,8.1210000000,left_hand,2,0.5359345078,0.5130666494,-0.0031603416,1.0000000000
123,8.1880000000,left_hand,2,0.5292100906,0.5139186382,-0.0002228004,1.0000000000
124,8.2540000000,left_hand,2,0.5294002891,0.5160505772,-0.0017775389,1.0000000000
125,8.3210000000,left_hand,2,0.5381638408,0.5216510892,-0.0053639319,1.0000000000
126,8.3880000000,left_hand,2,0.5784174800,0.5996752977,-0.0198909026,1.0000000000
127,8.4540000000,left_hand,2,0.3052846491,0.4859878421,-0.0017426657,1.0000000000
128,8.5210000000,left_hand,2,0.3014684916,0.4735447466,-0.0070927013,1.0000000000
129,8.5870000000,left_hand,2,0.5828294754,0.5747788548,-0.0330858827,1.0000000000
130,8.6540000000,left_hand,2,0.5969690681,0.5441697240,-0.0359037183,1.0000000000
131,8.7200000000,left_hand,2,0.6071867347,0.5265500546,-0.0341600403,1.0000000000
132,8.7870000000,left_hand,2,0.6026787758,0.5120552182,-0.0295517650,1.0000000000
133,8.8540000000,left_hand,2,0.5961595774,0.4845387042,-0.0363794155,1.0000000000
134,8.9200000000,left_hand,2,0.5929751396,0.4879930019,-0.0303989481,1.0000000000
135,8.9870000000,left_hand,2,0.5849139094,0.4813707471,-0.0218323488,1.0000000000
136,9.0530000000,left_hand,2,0.5715206265,0.4895665944,-0.0198049173,1.0000000000
137,9.1200000000,left_hand,2,0.5533183217,0.5036619902,-0.0132842455,1.0000000000
138,9.1860000000,left_hand,2,0.5391413569,0.4952061176,-0.0121955322,1.0000000000
139,9.2530000000,left_hand,2,0.5255677104,0.5000399947,-0.0081763770,1.0000000000
140,9.3200000000,left_hand,2,0.5255364776,0.5073889494,-0.0069061159,1.0000000000
141,9.3860000000,left_hand,2,0.5306668282,0.5252317786,-0.0016539783,1.0000000000
142,9.4530000000,left_hand,2,0.5353695154,0.5691664815,-0.0102307107,1.0000000000
143,9.5190000000,left_hand,2,0.5526182652,0.6103416085,-0.0181727223,1.0000000000
144,9.5860000000,left_hand,2,0.5568515658,0.6235172153,-0.0160743352,1.0000000000
145,9.6520000000,left_hand,2,0.5643153787,0.6092156172,-0.0163180605,1.0000000000
146,9.7190000000,left_hand,2,0.5701797009,0.5891013145,-0.0212980453,1.0000000000
147,9.7850000000,left_hand,2,0.5743227005,0.5664727688,-0.0254651513,1.0000000000
148,9.8520000000,left_hand,2,0.5775281787,0.5456725955,-0.0221127141,1.0000000000
149,9.9190000000,left_hand,2,0.5824444294,0.5308732986,-0.0246590227,1.0000000000
150,9.9850000000,left_hand,2,0.5879683495,0.5096908212,-0.0200840849,1.0000000000
151,10.0520000000,left_hand,2,0.5932581425,0.5031852722,-0.0296271089,1.0000000000
152,10.1180000000,left_hand,2,0.5910272598,0.4923662245,-0.0340821221,1.0000000000
153,10.1850000000,left_hand,2,0.5881609917,0.4829660058,-0.0434671864,1.0000000000
154,10.2510000000,left_hand,2,0.5777595043,0.4717183411,-0.0272451546,1.0000000000
155,10.3180000000,left_hand,2,0.5705925822,0.4795641899,-0.0224008635,1.0000000000
156,10.3850000000,left_hand,2,0.5569444299,0.4819257259,-0.0165189188,1.0000000000
157,10.4510000000,left_hand,2,0.5476800799,0.4822980165,-0.0133801345,1.0000000000
158,10.5180000000,left_hand,2,0.5420765877,0.4919198155,-0.0083037075,1.0000000000
159,10.5840000000,left_hand,2,0.5363327861,0.5079178810,-0.0036041993,1.0000000000
160,10.6510000000,left_hand,2,0.5460967422,0.5419030786,-0.0077608246,1.0000000000
161,10.7170000000,left_hand,2,0.5457827449,0.5870916247,-0.0220328420,1.0000000000
162,10.7840000000,left_hand,2,0.5565168262,0.6047993898,-0.0186190121,1.0000000000
163,10.8510000000,left_hand,2,0.5651527047,0.5973775387,-0.0176780336,1.0000000000
164,10.9170000000,left_hand,2,0.5664376616,0.5953252316,-0.0159998368,1.0000000000
165,10.9840000000,left_hand,2,0.5712432861,0.5691413283,-0.0127664497,1.0000000000
166,11.0500000000,left_hand,2,0.5788770318,0.5375130177,-0.0215266868,1.0000000000
167,11.1170000000,left_hand,2,0.5875424743,0.5023591518,-0.0311546717,1.0000000000
168,11.1830000000,left_hand,2,0.5947885513,0.5654919147,-0.0073794806,1.0000000000
169,11.2500000000,left_hand,2,0.5657116771,0.5942702889,-0.0036312698,1.0000000000
170,11.3170000000,left_hand,2,0.5587327651,0.5951034086,-0.0112417837,1.0000000000
171,11.3830000000,left_hand,2,0.5517538530,0.5959365283,-0.0188522976,1.0000000000
172,11.4500000000,left_hand,2,0.5517538530,0.5959365283,-0.0188522976,1.0000000000
173,11.5160000000,left_hand,2,0.5517538530,0.5959365283,-0.0188522976,1.0000000000
174,11.5830000000,left_hand,2,0.5308171170,0.5984358873,-0.0416838394,1.0000000000
175,11.6490000000,left_hand,2,0.5238382050,0.5992690069,-0.0492943534,1.0000000000
176,11.7160000000,left_hand,2,0.5168592930,0.6001021266,-0.0569048673,1.0000000000
177,11.7830000000,left_hand,2,0.5346838832,0.6050780416,-0.0409134449,1.0000000000
178,11.8490000000,left_hand,2,0.5525084734,0.6100539565,-0.0249220226,1.0000000000
179,11.9160000000,left_hand,2,0.5532010794,0.6006517410,-0.0240573622,1.0000000000
180,11.9820000000,left_hand,2,0.5541781783,0.5937688947,-0.0191322546,1.0000000000
76,5.0590000000,left_hand,3,0.5611104369,0.6113259792,-0.0399903357,1.0000000000
77,5.1260000000,left_hand,3,0.5621324182,0.6100994349,-0.0326361321,1.0000000000
78,5.1920000000,left_hand,3,0.5644169450,0.6111567020,-0.0310203675,1.0000000000
79,5.2590000000,left_hand,3,0.5632504821,0.6101026535,-0.0295336302,1.0000000000
80,5.3250000000,left_hand,3,0.5641497970,0.6094974279,-0.0311417505,1.0000000000
81,5.3920000000,left_hand,3,0.5636447072,0.6093121767,-0.0272342730,1.0000000000
82,5.4590000000,left_hand,3,0.5648282766,0.6080329418,-0.0289554335,1.0000000000
83,5.5250000000,left_hand,3,0.5657275319,0.5996142626,-0.0229969583,1.0000000000
84,5.5920000000,left_hand,3,0.5660834908,0.5946326852,-0.0312448014,1.0000000000
85,5.6580000000,left_hand,3,0.5669360757,0.5886468887,-0.0279561114,1.0000000000
86,5.7250000000,left_hand,3,0.5713504553,0.5857255459,-0.0279186741,1.0000000000
87,5.7910000000,left_hand,3,0.5751146078,0.5658354163,-0.0350288115,1.0000000000
88,5.8580000000,left_hand,3,0.5780833960,0.5457562208,-0.0317349732,1.0000000000
89,5.9250000000,left_hand,3,0.5755377412,0.5174645782,-0.0497561656,1.0000000000
90,5.9910000000,left_hand,3,0.5760005713,0.4982163906,-0.0552768931,1.0000000000
91,6.0580000000,left_hand,3,0.5626474619,0.4810271263,-0.0576407760,1.0000000000
92,6.1240000000,left_hand,3,0.5526282787,0.4667636156,-0.0359542109,1.0000000000
93,6.1910000000,left_hand,3,0.5422452688,0.4660829902,-0.0393586457,1.0000000000
94,6.2570000000,left_hand,3,0.5316720009,0.4764542580,-0.0198629163,1.0000000000
95,6.3240000000,left_hand,3,0.5184393525,0.4852886498,-0.0181673486,1.0000000000
96,6.3910000000,left_hand,3,0.5033366084,0.4952073097,-0.0121680703,1.0000000000
97,6.4570000000,left_hand,3,0.4958528280,0.4967910051,-0.0131240394,1.0000000000
98,6.5240000000,left_hand,3,0.4921250343,0.4981851578,-0.0091508403,1.0000000000
99,6.5900000000,left_hand,3,0.4846462607,0.5008689165,-0.0054635573,1.0000000000
100,6.6570000000,left_hand,3,0.4803221226,0.4979376793,-0.0053693387,1.0000000000
101,6.7230000000,left_hand,3,0.4778256416,0.5039366484,0.0007577756,1.0000000000
102,6.7900000000,left_hand,3,0.4788053632,0.5061661005,-0.0016532493,1.0000000000
103,6.8560000000,left_hand,3,0.4804292619,0.5151646733,-0.0027266066,1.0000000000
104,6.9230000000,left_hand,3,0.4920312166,0.5321869254,-0.0135728503,1.0000000000
105,6.9900000000,left_hand,3,0.5116933584,0.5733271837,-0.0331464633,1.0000000000
106,7.0560000000,left_hand,3,0.5322454572,0.5996570587,-0.0174047053,1.0000000000
107,7.1230000000,left_hand,3,0.5553481579,0.6101366282,-0.0292972121,1.0000000000
108,7.1890000000,left_hand,3,0.2507683337,0.6825055480,-0.0579702854,1.0000000000
109,7.2560000000,left_hand,3,0.5700584054,0.6061190963,-0.0130999498,1.0000000000
110,7.3220000000,left_hand,3,0.5791952610,0.5862476230,-0.0127584720,1.0000000000
111,7.3890000000,left_hand,3,0.5857644081,0.5715732574,-0.0352759808,1.0000000000
112,7.4560000000,left_hand,3,0.2429335415,0.6775874496,-0.0652165934,1.0000000000
113,7.5220000000,left_hand,3,0.5759024620,0.5373929143,-0.0284028631,1.0000000000
114,7.5890000000,left_hand,3,0.5721997023,0.5107833743,-0.0283984151,1.0000000000
115,7.6550000000,left_hand,3,0.5594161153,0.4824677408,-0.0225295480,1.0000000000
116,7.7220000000,left_hand,3,0.5523791313,0.4606260955,-0.0244471636,1.0000000000
117,7.7880000000,left_hand,3,0.5466085672,0.4559695125,-0.0272688996,1.0000000000
118,7.8550000000,left_hand,3,0.5352501869,0.4655982256,-0.0167099219,1.0000000000
119,7.9220000000,left_hand,3,0.5227336287,0.4781751037,-0.0099300407,1.0000000000
120,7.9880000000,left_hand,3,0.5152091980,0.4844072461,-0.0102076912,1.0000000000
121,8.0550000000,left_hand,3,0.5061564445,0.4903897941,-0.0090796249,1.0000000000
122,8.1210000000,left_hand,3,0.4982468784,0.5044206381,-0.0093429945,1.0000000000
123,8.1880000000,left_hand,3,0.4920736253,0.5065401793,-0.0063363295,1.0000000000
124,8.2540000000,left_hand,3,0.4916383922,0.5115705132,-0.0071827220,1.0000000000
125,8.3210000000,left_hand,3,0.5011299253,0.5192279816,-0.0121705756,1.0000000000
126,8.3880000000,left_hand,3,0.5443950295,0.6214302182,-0.0274741501,1.0000000000
127,8.4540000000,left_hand,3,0.3346293569,0.5315637589,-0.0124868825,1.0000000000
128,8.5210000000,left_hand,3,0.3330644965,0.5218973160,-0.0163559224,1.0000000000
129,8.5870000000,left_hand,3,0.5539247394,0.5800642967,-0.0472234823,1.0000000000
130,8.6540000000,left_hand,3,0.5620087981,0.5504298210,-0.0497726649,1.0000000000
131,8.7200000000,left_hand,3,0.5662283301,0.5289425254,-0.0458180271,1.0000000000
132,8.7870000000,left_hand,3,0.5621739030,0.5025146008,-0.0398228876,1.0000000000
133,8.8540000000,left_hand,3,0.5574746728,0.4685234129,-0.0469193049,1.0000000000
134,8.9200000000,left_hand,3,0.5571829677,0.4563321471,-0.0419583879,1.0000000000
135,8.9870000000,left_hand,3,0.5492208004,0.4507987797,-0.0283421222,1.0000000000
136,9.0530000000,left_hand,3,0.5374305844,0.4597208500,-0.0265227631,1.0000000000
137,9.1200000000,left_hand,3,0.5196914077,0.4792747498,-0.0192733817,1.0000000000
138,9.1860000000,left_hand,3,0.5025743246,0.4744867384,-0.0174032561,1.0000000000
139,9.2530000000,left_hand,3,0.4899165928,0.4856981635,-0.0134883542,1.0000000000
140,9.3200000000,left_hand,3,0.4895273149,0.4920454025,-0.0133574074,1.0000000000
141,9.3860000000,left_hand,3,0.4904903769,0.5166506767,-0.0048116087,1.0000000000
142,9.4530000000,left_hand,3,0.4938674569,0.5747990012,-0.0167352725,1.0000000000
143,9.5190000000,left_hand,3,0.5113729835,0.6285970211,-0.0249947496,1.0000000000
144,9.5860000000,left_hand,3,0.5212982297,0.6454494596,-0.0246557090,1.0000000000
145,9.6520000000,left_hand,3,0.5267261863,0.6278743744,-0.0246743895,1.0000000000
146,9.7190000000,left_hand,3,0.5302630663,0.6075100899,-0.0303985141,1.0000000000
147,9.7850000000,left_hand,3,0.5338419080,0.5824966431,-0.0346208476,1.0000000000
148,9.8520000000,left_hand,3,0.5370508432,0.5600908995,-0.0308125000,1.0000000000
149,9.9190000000,left_hand,3,0.5425127149,0.5377803445,-0.0346567333,1.0000000000
150,9.9850000000,left_hand,3,0.5499554873,0.5135759115,-0.0268500391,1.0000000000
151,10.0520000000,left_hand,3,0.5535639524,0.4947348237,-0.0397047177,1.0000000000
152,10.1180000000,left_hand,3,0.5527299643,0.4756383002,-0.0457623750,1.0000000000
153,10.1850000000,left_hand,3,0.5484110117,0.4623856544,-0.0582382828,1.0000000000
154,10.2510000000,left_hand,3,0.5388291478,0.4575021267,-0.0370838344,1.0000000000
155,10.3180000000,left_hand,3,0.5315368176,0.4613559246,-0.0310090352,1.0000000000
156,10.3850000000,left_hand,3,0.5179477334,0.4654854536,-0.0228561647,1.0000000000
157,10.4510000000,left_hand,3,0.5089035034,0.4686052501,-0.0201896969,1.0000000000
158,10.5180000000,left_hand,3,0.5025008917,0.4828544855,-0.0149232969,1.0000000000
159,10.5840000000,left_hand,3,0.4975389242,0.4984405637,-0.0082577830,1.0000000000
160,10.6510000000,left_hand,3,0.5019925833,0.5487636924,-0.0107436059,1.0000000000
161,10.7170000000,left_hand,3,0.5034279227,0.6098788977,-0.0297609251,1.0000000000
162,10.7840000000,left_hand,3,0.5185047388,0.6395347714,-0.0272329729,1.0000000000
163,10.8510000000,left_hand,3,0.5285807252,0.6320667267,-0.0256590061,1.0000000000
164,10.9170000000,left_hand,3,0.5280745029,0.6206226349,-0.0230018273,1.0000000000
165,10.9840000000,left_hand,3,0.5325167179,0.5923037529,-0.0199743193,1.0000000000
166,11.0500000000,left_hand,3,0.5374813080,0.5578125715,-0.0298107322,1.0000000000
167,11.1170000000,left_hand,3,0.5462957621,0.5164910555,-0.0422150530,1.0000000000
168,11.1830000000,left_hand,3,0.5629044771,0.5938398838,-0.0104362313,1.0000000000
169,11.2500000000,left_hand,3,0.5436725020,0.6008542180,-0.0013083873,1.0000000000
170,11.3170000000,left_hand,3,0.5372697200,0.6024458068,-0.0128507801,1.0000000000
171,11.3830000000,left_hand,3,0.5308669380,0.6040373955,-0.0243931730,1.0000000000
172,11.4500000000,left_hand,3,0.5308669380,0.6040373955,-0.0243931730,1.0000000000
173,11.5160000000,left_hand,3,0.5308669380,0.6040373955,-0.0243931730,1.0000000000
174,11.5830000000,left_hand,3,0.5116585919,0.6088121619,-0.0590203517,1.0000000000
175,11.6490000000,left_hand,3,0.5052558099,0.6104037506,-0.0705627445,1.0000000000
176,11.7160000000,left_hand,3,0.4988530278,0.6119953394,-0.0821051374,1.0000000000
177,11.7830000000,left_hand,3,0.5127603114,0.6312082410,-0.0598740131,1.0000000000
178,11.8490000000,left_hand,3,0.5266675949,0.6504211426,-0.0376428887,1.0000000000
179,11.9160000000,left_hand,3,0.5143111944,0.6273269057,-0.0316800438,1.0000000000
180,11.9820000000,left_hand,3,0.5172483325,0.6258566976,-0.0273596756,1.0000000000
76,5.0590000000,left_hand,4,0.5281751156,0.6127643585,-0.0522394143,1.0000000000
77,5.1260000000,left_hand,4,0.5281755924,0.6097660661,-0.0432553999,1.0000000000
78,5.1920000000,left_hand,4,0.5301823616,0.6128739715,-0.0414651744,1.0000000000
79,5.2590000000,left_hand,4,0.5290606022,0.6111276150,-0.0404344350,1.0000000000
80,5.3250000000,left_hand,4,0.5301935077,0.6120747924,-0.0414749421,1.0000000000
81,5.3920000000,left_hand,4,0.5302776098,0.6087756157,-0.0377089716,1.0000000000
82,5.4590000000,left_hand,4,0.5307427049,0.6074827909,-0.0392263643,1.0000000000
83,5.5250000000,left_hand,4,0.5319164991,0.5992890000,-0.0311882664,1.0000000000
84,5.5920000000,left_hand,4,0.5321777463,0.5915145278,-0.0427259207,1.0000000000
85,5.6580000000,left_hand,4,0.5346611738,0.5884195566,-0.0382591709,1.0000000000
86,5.7250000000,left_hand,4,0.5373610258,0.5807337761,-0.0393973216,1.0000000000
87,5.7910000000,left_hand,4,0.5397830606,0.5678118467,-0.0450302809,1.0000000000
88,5.8580000000,left_hand,4,0.5457962155,0.5349624753,-0.0404801592,1.0000000000
89,5.9250000000,left_hand,4,0.5446854234,0.5026659966,-0.0612955950,1.0000000000
90,5.9910000000,left_hand,4,0.5445507765,0.4755562246,-0.0692642182,1.0000000000
91,6.0580000000,left_hand,4,0.5321013331,0.4537684321,-0.0730812773,1.0000000000
92,6.1240000000,left_hand,4,0.5225426555,0.4449921548,-0.0456611626,1.0000000000
93,6.1910000000,left_hand,4,0.5109943151,0.4486555457,-0.0521289073,1.0000000000
94,6.2570000000,left_hand,4,0.5025634766,0.4587819874,-0.0279649049,1.0000000000
95,6.3240000000,left_hand,4,0.4894237220,0.4734899700,-0.0257751010,1.0000000000
96,6.3910000000,left_hand,4,0.4730366170,0.4786183834,-0.0187949389,1.0000000000
97,6.4570000000,left_hand,4,0.4667042196,0.4787610173,-0.0211064517,1.0000000000
98,6.5240000000,left_hand,4,0.4628143609,0.4845348001,-0.0159628764,1.0000000000
99,6.5900000000,left_hand,4,0.4558291733,0.4850645661,-0.0117895147,1.0000000000
100,6.6570000000,left_hand,4,0.4520739317,0.4857420325,-0.0117302509,1.0000000000
101,6.7230000000,left_hand,4,0.4492302537,0.4894953668,-0.0044663786,1.0000000000
102,6.7900000000,left_hand,4,0.4501992166,0.4943279624,-0.0073018121,1.0000000000
103,6.8560000000,left_hand,4,0.4513799250,0.5036956668,-0.0097361812,1.0000000000
104,6.9230000000,left_hand,4,0.4619594812,0.5265807509,-0.0212109778,1.0000000000
105,6.9900000000,left_hand,4,0.4766123891,0.5797776580,-0.0454033390,1.0000000000
106,7.0560000000,left_hand,4,0.4980103076,0.6053656340,-0.0265161023,1.0000000000
107,7.1230000000,left_hand,4,0.5212014914,0.6183831096,-0.0411642455,1.0000000000
108,7.1890000000,left_hand,4,0.2640810013,0.7444373369,-0.0768957585,1.0000000000
109,7.2560000000,left_hand,4,0.5390592813,0.6102431417,-0.0213527624,1.0000000000
110,7.3220000000,left_hand,4,0.5492050052,0.5883923173,-0.0199798532,1.0000000000
111,7.3890000000,left_hand,4,0.5497792959,0.5771161318,-0.0480460078,1.0000000000
112,7.4560000000,left_hand,4,0.2572701573,0.7377309799,-0.0837084949,1.0000000000
113,7.5220000000,left_hand,4,0.5417859554,0.5298940539,-0.0358386301,1.0000000000
114,7.5890000000,left_hand,4,0.5379717350,0.4960889220,-0.0375591516,1.0000000000
115,7.6550000000,left_hand,4,0.5288730860,0.4605702162,-0.0310446750,1.0000000000
116,7.7220000000,left_hand,4,0.5255033970,0.4348224998,-0.0349749438,1.0000000000
117,7.7880000000,left_hand,4,0.5199506879,0.4320635796,-0.0369800515,1.0000000000
118,7.8550000000,left_hand,4,0.5089647770,0.4420133829,-0.0254347716,1.0000000000
119,7.9220000000,left_hand,4,0.4982085228,0.4557999969,-0.0180697516,1.0000000000
120,7.9880000000,left_hand,4,0.4894254804,0.4629679620,-0.0181284584,1.0000000000
121,8.0550000000,left_hand,4,0.4792022705,0.4741569757,-0.0170267317,1.0000000000
122,8.1210000000,left_hand,4,0.4710211158,0.4808506966,-0.0177910924,1.0000000000
123,8.1880000000,left_hand,4,0.4657540619,0.4840128124,-0.0149156507,1.0000000000
124,8.2540000000,left_hand,4,0.4639558792,0.4902981520,-0.0146392956,1.0000000000
125,8.3210000000,left_hand,4,0.4727711082,0.4993355870,-0.0208663270,1.0000000000
126,8.3880000000,left_hand,4,0.5176926851,0.6206369996,-0.0371832736,1.0000000000
127,8.4540000000,left_hand,4,0.3535838723,0.5813724995,-0.0259578042,1.0000000000
128,8.5210000000,left_hand,4,0.3497920632,0.5674248338,-0.0282616913,1.0000000000
129,8.5870000000,left_hand,4,0.5280196667,0.5645927191,-0.0628138110,1.0000000000
130,8.6540000000,left_hand,4,0.5318435431,0.5405072570,-0.0649613813,1.0000000000
131,8.7200000000,left_hand,4,0.5327602029,0.5166454315,-0.0582527928,1.0000000000
132,8.7870000000,left_hand,4,0.5310892463,0.4861613810,-0.0503696948,1.0000000000
133,8.8540000000,left_hand,4,0.5267062187,0.4503950477,-0.0585998073,1.0000000000
134,8.9200000000,left_hand,4,0.5309372544,0.4279342294,-0.0548281334,1.0000000000
135,8.9870000000,left_hand,4,0.5226855874,0.4262917638,-0.0353363492,1.0000000000
136,9.0530000000,left_hand,4,0.5118468404,0.4352058470,-0.0340952612,1.0000000000
137,9.1200000000,left_hand,4,0.4956482053,0.4604814351,-0.0267473627,1.0000000000
138,9.1860000000,left_hand,4,0.4759299457,0.4535451531,-0.0235473476,1.0000000000
139,9.2530000000,left_hand,4,0.4663590193,0.4596616924,-0.0204958338,1.0000000000
140,9.3200000000,left_hand,4,0.4637483954,0.4671933055,-0.0218257364,1.0000000000
141,9.3860000000,left_hand,4,0.4603238106,0.4964713454,-0.0096267303,1.0000000000
142,9.4530000000,left_hand,4,0.4607467651,0.5711083412,-0.0251603127,1.0000000000
143,9.5190000000,left_hand,4,0.4816063046,0.6371109486,-0.0341554135,1.0000000000
144,9.5860000000,left_hand,4,0.4896759689,0.6412147880,-0.0353899598,1.0000000000
145,9.6520000000,left_hand,4,0.4961500168,0.6235773563,-0.0347917415,1.0000000000
146,9.7190000000,left_hand,4,0.4971628189,0.6004863381,-0.0412390195,1.0000000000
147,9.7850000000,left_hand,4,0.5004906654,0.5801573992,-0.0455015786,1.0000000000
148,9.8520000000,left_hand,4,0.5026693344,0.5529654026,-0.0409060679,1.0000000000
149,9.9190000000,left_hand,4,0.5086380839,0.5285309553,-0.0452159941,1.0000000000
150,9.9850000000,left_hand,4,0.5180405974,0.5033250451,-0.0333265439,1.0000000000
151,10.0520000000,left_hand,4,0.5234372616,0.4815335572,-0.0499199815,1.0000000000
152,10.1180000000,left_hand,4,0.5233815908,0.4559160769,-0.0578045547,1.0000000000
153,10.1850000000,left_hand,4,0.5158280134,0.4445555210,-0.0743091479,1.0000000000
154,10.2510000000,left_hand,4,0.5069415569,0.4426027536,-0.0479097813,1.0000000000
155,10.3180000000,left_hand,4,0.5008580089,0.4479148388,-0.0405179933,1.0000000000
156,10.3850000000,left_hand,4,0.4879743457,0.4555852115,-0.0301535781,1.0000000000
157,10.4510000000,left_hand,4,0.4800679684,0.4527873099,-0.0281633120,1.0000000000
158,10.5180000000,left_hand,4,0.4732928276,0.4621851444,-0.0227807704,1.0000000000
159,10.5840000000,left_hand,4,0.4676273167,0.4852878451,-0.0141709615,1.0000000000
160,10.6510000000,left_hand,4,0.4677432477,0.5435906649,-0.0135930898,1.0000000000
161,10.7170000000,left_hand,4,0.4693315029,0.6191216707,-0.0395410843,1.0000000000
162,10.7840000000,left_hand,4,0.4863485694,0.6628443599,-0.0372454338,1.0000000000
163,10.8510000000,left_hand,4,0.4964362383,0.6531480551,-0.0349208787,1.0000000000
164,10.9170000000,left_hand,4,0.4956442118,0.6323527694,-0.0314295068,1.0000000000
165,10.9840000000,left_hand,4,0.4995335639,0.6027818918,-0.0286649279,1.0000000000
166,11.0500000000,left_hand,4,0.5028091073,0.5657545328,-0.0394362882,1.0000000000
167,11.1170000000,left_hand,4,0.5096510053,0.5182603002,-0.0535383895,1.0000000000
168,11.1830000000,left_hand,4,0.5403851867,0.6206179857,-0.0136438673,1.0000000000
169,11.2500000000,left_hand,4,0.5290875435,0.6078425646,0.0018028022,1.0000000000
170,11.3170000000,left_hand,4,0.5233740509,0.6113422343,-0.0138989005,1.0000000000
171,11.3830000000,left_hand,4,0.5176605582,0.6148419040,-0.0296006032,1.0000000000
172,11.4500000000,left_hand,4,0.5176605582,0.6148419040,-0.0296006032,1.0000000000
173,11.5160000000,left_hand,4,0.5176605582,0.6148419040,-0.0296006032,1.0000000000
174,11.5830000000,left_hand,4,0.5005200803,0.6253409130,-0.0767057112,1.0000000000
175,11.6490000000,left_hand,4,0.4948065877,0.6288405827,-0.0924074139,1.0000000000
176,11.7160000000,left_hand,4,0.4890930951,0.6323402524,-0.1081091166,1.0000000000
177,11.7830000000,left_hand,4,0.5013061911,0.6635333896,-0.0811482370,1.0000000000
178,11.8490000000,left_hand,4,0.5135192871,0.6947265267,-0.0541873574,1.0000000000
179,11.9160000000,left_hand,4,0.4842605293,0.6404519081,-0.0409426503,1.0000000000
180,11.9820000000,left_hand,4,0.4854649901,0.6439673901,-0.0373699404,1.0000000000
76,5.0590000000,left_hand,5,0.6127019525,0.6342785358,-0.0580911972,1.0000000000
77,5.1260000000,left_hand,5,0.6114637256,0.6349842548,-0.0501288548,1.0000000000
78,5.1920000000,left_hand,5,0.6124688983,0.6361301541,-0.0473818630,1.0000000000
79,5.2590000000,left_hand,5,0.6114646792,0.6400554776,-0.0480278693,1.0000000000
80,5.3250000000,left_hand,5,0.6119157672,0.6306551099,-0.0525039844,1.0000000000
81,5.3920000000,left_hand,5,0.6116885543,0.6331110597,-0.0493169725,1.0000000000
82,5.4590000000,left_hand,5,0.6146569252,0.6320692301,-0.0496145450,1.0000000000
83,5.5250000000,left_hand,5,0.6122572422,0.6216212511,-0.0439968742,1.0000000000
84,5.5920000000,left_hand,5,0.6175804734,0.6134817600,-0.0525296405,1.0000000000
85,5.6580000000,left_hand,5,0.6142659187,0.6133445501,-0.0469799601,1.0000000000
86,5.7250000000,left_hand,5,0.6185396314,0.6030392647,-0.0483617447,1.0000000000
87,5.7910000000,left_hand,5,0.6253648400,0.5985006094,-0.0453266166,1.0000000000
88,5.8580000000,left_hand,5,0.6180118322,0.6157960296,-0.0382475108,1.0000000000
89,5.9250000000,left_hand,5,0.6281557083,0.5858987570,-0.0496951118,1.0000000000
90,5.9910000000,left_hand,5,0.6168129444,0.5646964908,-0.0604988337,1.0000000000
91,6.0580000000,left_hand,5,0.6137087941,0.5385468006,-0.0732795224,1.0000000000
92,6.1240000000,left_hand,5,0.5881736279,0.5261294246,-0.0457826294,1.0000000000
93,6.1910000000,left_hand,5,0.5751718879,0.5293768048,-0.0477575883,1.0000000000
94,6.2570000000,left_hand,5,0.5580558181,0.5336266756,-0.0345811844,1.0000000000
95,6.3240000000,left_hand,5,0.5472029448,0.5330275893,-0.0360963494,1.0000000000
96,6.3910000000,left_hand,5,0.5347627401,0.5345595479,-0.0292440690,1.0000000000
97,6.4570000000,left_hand,5,0.5282911658,0.5344064236,-0.0304736476,1.0000000000
98,6.5240000000,left_hand,5,0.5198436975,0.5389213562,-0.0221999791,1.0000000000
99,6.5900000000,left_hand,5,0.5135108232,0.5435798168,-0.0194371175,1.0000000000
100,6.6570000000,left_hand,5,0.5107188821,0.5381593108,-0.0242922325,1.0000000000
101,6.7230000000,left_hand,5,0.5061386824,0.5387647152,-0.0187352207,1.0000000000
102,6.7900000000,left_hand,5,0.5057017803,0.5391315222,-0.0215918310,1.0000000000
103,6.8560000000,left_hand,5,0.5083245039,0.5401572585,-0.0226123054,1.0000000000
104,6.9230000000,left_hand,5,0.5219580531,0.5548495054,-0.0236729644,1.0000000000
105,6.9900000000,left_hand,5,0.5485705733,0.5773118734,-0.0377543122,1.0000000000
106,7.0560000000,left_hand,5,0.5787373781,0.5979380608,-0.0351786949,1.0000000000
107,7.1230000000,left_hand,5,0.5990265608,0.6316831708,-0.0389575511,1.0000000000
108,7.1890000000,left_hand,5,0.2551531196,0.5856601000,-0.1037610099,1.0000000000
109,7.2560000000,left_hand,5,0.6082956791,0.6299245358,-0.0293137170,1.0000000000
110,7.3220000000,left_hand,5,0.6157507896,0.6199329495,-0.0271126926,1.0000000000
111,7.3890000000,left_hand,5,0.6288802028,0.5977860093,-0.0465596132,1.0000000000
112,7.4560000000,left_hand,5,0.2490649521,0.5593908429,-0.1031322926,1.0000000000
113,7.5220000000,left_hand,5,0.6101948619,0.6061298847,-0.0175250005,1.0000000000
114,7.5890000000,left_hand,5,0.6190830469,0.5608436465,-0.0316553414,1.0000000000
115,7.6550000000,left_hand,5,0.5954691768,0.5346619487,-0.0249676444,1.0000000000
116,7.7220000000,left_hand,5,0.5850925446,0.5205678940,-0.0338382088,1.0000000000
117,7.7880000000,left_hand,5,0.5787783265,0.5157665610,-0.0360022113,1.0000000000
118,7.8550000000,left_hand,5,0.5627276897,0.5204545856,-0.0275398009,1.0000000000
119,7.9220000000,left_hand,5,0.5502454638,0.5322974324,-0.0260050781,1.0000000000
120,7.9880000000,left_hand,5,0.5409809947,0.5368514657,-0.0272670202,1.0000000000
121,8.0550000000,left_hand,5,0.5296579003,0.5348806381,-0.0311584193,1.0000000000
122,8.1210000000,left_hand,5,0.5247867107,0.5401188135,-0.0268772598,1.0000000000
123,8.1880000000,left_hand,5,0.5177724957,0.5439960361,-0.0227577705,1.0000000000
124,8.2540000000,left_hand,5,0.5154557824,0.5451398492,-0.0220658164,1.0000000000
125,8.3210000000,left_hand,5,0.5242378116,0.5554819703,-0.0223067701,1.0000000000
126,8.3880000000,left_hand,5,0.5834347606,0.6157065034,-0.0249367226,1.0000000000
127,8.4540000000,left_hand,5,0.3014449775,0.5164669752,-0.0746305287,1.0000000000
128,8.5210000000,left_hand,5,0.3005959094,0.5076385736,-0.0521505736,1.0000000000
129,8.5870000000,left_hand,5,0.5967442989,0.6080572009,-0.0480801277,1.0000000000
130,8.6540000000,left_hand,5,0.6087285876,0.5706218481,-0.0593930371,1.0000000000
131,8.7200000000,left_hand,5,0.6155763268,0.5693752170,-0.0565697178,1.0000000000
132,8.7870000000,left_hand,5,0.6144349575,0.5594605803,-0.0530354530,1.0000000000
133,8.8540000000,left_hand,5,0.6069782972,0.5431224704,-0.0522942133,1.0000000000
134,8.9200000000,left_hand,5,0.5909753442,0.5490375757,-0.0425123572,1.0000000000
135,8.9870000000,left_hand,5,0.5790470839,0.5398679972,-0.0240437146,1.0000000000
136,9.0530000000,left_hand,5,0.5602529049,0.5415380597,-0.0234270766,1.0000000000
137,9.1200000000,left_hand,5,0.5458881259,0.5355212688,-0.0281920210,1.0000000000
138,9.1860000000,left_hand,5,0.5292900205,0.5318850875,-0.0230443981,1.0000000000
139,9.2530000000,left_hand,5,0.5126289725,0.5411828756,-0.0251810513,1.0000000000
140,9.3200000000,left_hand,5,0.5144793987,0.5436608791,-0.0274566822,1.0000000000
141,9.3860000000,left_hand,5,0.5194641948,0.5675676465,-0.0056654206,1.0000000000
142,9.4530000000,left_hand,5,0.5299446583,0.6181160212,-0.0156206489,1.0000000000
143,9.5190000000,left_hand,5,0.5568442941,0.6596571207,-0.0325515866,1.0000000000
144,9.5860000000,left_hand,5,0.5687708855,0.6657155156,-0.0357587673,1.0000000000
145,9.6520000000,left_hand,5,0.5739114285,0.6502823830,-0.0360151641,1.0000000000
146,9.7190000000,left_hand,5,0.5810807347,0.6324195266,-0.0368882902,1.0000000000
147,9.7850000000,left_hand,5,0.5844753981,0.6099121571,-0.0404364318,1.0000000000
148,9.8520000000,left_hand,5,0.5878796577,0.5943593979,-0.0349302217,1.0000000000
149,9.9190000000,left_hand,5,0.5982422233,0.5755038261,-0.0475737005,1.0000000000
150,9.9850000000,left_hand,5,0.5941557884,0.5907941461,-0.0290092062,1.0000000000
151,10.0520000000,left_hand,5,0.6096361876,0.5624176860,-0.0506616086,1.0000000000
152,10.1180000000,left_hand,5,0.6016954184,0.5500206351,-0.0549286455,1.0000000000
153,10.1850000000,left_hand,5,0.5919508338,0.5304324627,-0.0727239102,1.0000000000
154,10.2510000000,left_hand,5,0.5701279640,0.5233113766,-0.0427206829,1.0000000000
155,10.3180000000,left_hand,5,0.5586350560,0.5206575394,-0.0395900123,1.0000000000
156,10.3850000000,left_hand,5,0.5400276780,0.5311308503,-0.0301263984,1.0000000000
157,10.4510000000,left_hand,5,0.5285239220,0.5316067934,-0.0317078307,1.0000000000
158,10.5180000000,left_hand,5,0.5245380402,0.5361091495,-0.0284031723,1.0000000000
159,10.5840000000,left_hand,5,0.5129851699,0.5633944869,-0.0098206624,1.0000000000
160,10.6510000000,left_hand,5,0.5327398181,0.5980664492,-0.0087556858,1.0000000000
161,10.7170000000,left_hand,5,0.5548945665,0.6429660916,-0.0309989657,1.0000000000
162,10.7840000000,left_hand,5,0.5645177960,0.6525883079,-0.0376892611,1.0000000000
163,10.8510000000,left_hand,5,0.5702392459,0.6424322724,-0.0348499492,1.0000000000
164,10.9170000000,left_hand,5,0.5726178885,0.6471900940,-0.0298181958,1.0000000000
165,10.9840000000,left_hand,5,0.5799906254,0.6158212423,-0.0300023258,1.0000000000
166,11.0500000000,left_hand,5,0.5876684189,0.5806733370,-0.0356115662,1.0000000000
167,11.1170000000,left_hand,5,0.6013758779,0.5611473322,-0.0494409055,1.0000000000
168,11.1830000000,left_hand,5,0.5989326239,0.5812410116,-0.0272371713,1.0000000000
169,11.2500000000,left_hand,5,0.5575464964,0.6081008911,0.0035545104,1.0000000000
170,11.3170000000,left_hand,5,0.5550910405,0.6044252685,-0.0106064295,1.0000000000
171,11.3830000000,left_hand,5,0.5526355846,0.6007496459,-0.0247673695,1.0000000000
172,11.4500000000,left_hand,5,0.5526355846,0.6007496459,-0.0247673695,1.0000000000
173,11.5160000000,left_hand,5,0.5526355846,0.6007496459,-0.0247673695,1.0000000000
174,11.5830000000,left_hand,5,0.5452692168,0.5897227781,-0.0672501894,1.0000000000
175,11.6490000000,left_hand,5,0.5428137609,0.5860471555,-0.0814111293,1.0000000000
176,11.7160000000,left_hand,5,0.5403583050,0.5823715329,-0.0955720693,1.0000000000
177,11.7830000000,left_hand,5,0.5452559888,0.6036536694,-0.0794885382,1.0000000000
178,11.8490000000,left_hand,5,0.5501536727,0.6249358058,-0.0634050071,1.0000000000
179,11.9160000000,left_hand,5,0.5660101771,0.6385701895,-0.0395325981,1.0000000000
180,11.9820000000,left_hand,5,0.5650086403,0.6323598623,-0.0411711931,1.0000000000
76,5.0590000000,left_hand,6,0.5673563480,0.7144725323,-0.0776529312,1.0000000000
77,5.1260000000,left_hand,6,0.5668733716,0.7126728892,-0.0668140501,1.0000000000
78,5.1920000000,left_hand,6,0.5652615428,0.7159516811,-0.0635400563,1.0000000000
79,5.2590000000,left_hand,6,0.5650890470,0.7148094177,-0.0644213781,1.0000000000
80,5.3250000000,left_hand,6,0.5649909973,0.7116101980,-0.0686834082,1.0000000000
81,5.3920000000,left_hand,6,0.5644899607,0.7123906612,-0.0646408573,1.0000000000
82,5.4590000000,left_hand,6,0.5659166574,0.7094764113,-0.0657994449,1.0000000000
83,5.5250000000,left_hand,6,0.5646666884,0.6989958286,-0.0563656092,1.0000000000
84,5.5920000000,left_hand,6,0.5669682622,0.6876928210,-0.0676953718,1.0000000000
85,5.6580000000,left_hand,6,0.5679004788,0.6870918274,-0.0620271675,1.0000000000
86,5.7250000000,left_hand,6,0.5711107254,0.6769231558,-0.0640354156,1.0000000000
87,5.7910000000,left_hand,6,0.5789995193,0.6674156785,-0.0594120435,1.0000000000
88,5.8580000000,left_hand,6,0.5751172900,0.6665324569,-0.0493923686,1.0000000000
89,5.9250000000,left_hand,6,0.5885462165,0.6422896981,-0.0671746507,1.0000000000
90,5.9910000000,left_hand,6,0.5726050138,0.6085039377,-0.0813727230,1.0000000000
91,6.0580000000,left_hand,6,0.5647680759,0.5721939206,-0.0977826193,1.0000000000
92,6.1240000000,left_hand,6,0.5384114385,0.5575508475,-0.0599618405,1.0000000000
93,6.1910000000,left_hand,6,0.5225148201,0.5580545664,-0.0670268387,1.0000000000
94,6.2570000000,left_hand,6,0.5039131045,0.5487940311,-0.0468978696,1.0000000000
95,6.3240000000,left_hand,6,0.4915464520,0.5490487218,-0.0492888615,1.0000000000
96,6.3910000000,left_hand,6,0.4790739417,0.5503526926,-0.0395826958,1.0000000000
97,6.4570000000,left_hand,6,0.4737901092,0.5537819266,-0.0423893221,1.0000000000
98,6.5240000000,left_hand,6,0.4660986662,0.5576764345,-0.0313320793,1.0000000000
99,6.5900000000,left_hand,6,0.4622950554,0.5630877018,-0.0276663210,1.0000000000
100,6.6570000000,left_hand,6,0.4599477053,0.5622788668,-0.0336645059,1.0000000000
101,6.7230000000,left_hand,6,0.4542109072,0.5588926077,-0.0259409081,1.0000000000
102,6.7900000000,left_hand,6,0.4523876905,0.5629972219,-0.0303018484,1.0000000000
103,6.8560000000,left_hand,6,0.4564847946,0.5671018958,-0.0334500298,1.0000000000
104,6.9230000000,left_hand,6,0.4734659791,0.5917778611,-0.0347506702,1.0000000000
105,6.9900000000,left_hand,6,0.5017592311,0.6346595883,-0.0545264594,1.0000000000
106,7.0560000000,left_hand,6,0.5297888517,0.6570466757,-0.0482823662,1.0000000000
107,7.1230000000,left_hand,6,0.5592797995,0.6937651634,-0.0586248413,1.0000000000
108,7.1890000000,left_hand,6,0.2893730402,0.6739529371,-0.1383579224,1.0000000000
109,7.2560000000,left_hand,6,0.5701842308,0.6814203858,-0.0421738997,1.0000000000
110,7.3220000000,left_hand,6,0.5753472447,0.6688393354,-0.0378000811,1.0000000000
111,7.3890000000,left_hand,6,0.5885703564,0.6461062431,-0.0684994683,1.0000000000
112,7.4560000000,left_hand,6,0.2834582925,0.6520864367,-0.1367516816,1.0000000000
113,7.5220000000,left_hand,6,0.5752977729,0.6438723803,-0.0277372599,1.0000000000
114,7.5890000000,left_hand,6,0.5785399079,0.5968466401,-0.0447194129,1.0000000000
115,7.6550000000,left_hand,6,0.5569460988,0.5535073280,-0.0355698727,1.0000000000
116,7.7220000000,left_hand,6,0.5434681177,0.5427104831,-0.0473184995,1.0000000000
117,7.7880000000,left_hand,6,0.5359742641,0.5322603583,-0.0495429225,1.0000000000
118,7.8550000000,left_hand,6,0.5178315043,0.5316475630,-0.0392045602,1.0000000000
119,7.9220000000,left_hand,6,0.5018091202,0.5428053141,-0.0377154537,1.0000000000
120,7.9880000000,left_hand,6,0.4899732172,0.5486303568,-0.0393724628,1.0000000000
121,8.0550000000,left_hand,6,0.4751589000,0.5489920378,-0.0439249948,1.0000000000
122,8.1210000000,left_hand,6,0.4703977108,0.5574293733,-0.0391442031,1.0000000000
123,8.1880000000,left_hand,6,0.4650872052,0.5594624877,-0.0336757787,1.0000000000
124,8.2540000000,left_hand,6,0.4631868303,0.5621458888,-0.0328845307,1.0000000000
125,8.3210000000,left_hand,6,0.4745428562,0.5782596469,-0.0345757268,1.0000000000
126,8.3880000000,left_hand,6,0.5521609783,0.6748191714,-0.0363146737,1.0000000000
127,8.4540000000,left_hand,6,0.3411267996,0.5940638185,-0.1059512123,1.0000000000
128,8.5210000000,left_hand,6,0.3424195051,0.5909342766,-0.0746740475,1.0000000000
129,8.5870000000,left_hand,6,0.5613512993,0.6527627707,-0.0678278282,1.0000000000
130,8.6540000000,left_hand,6,0.5686585307,0.6186394095,-0.0810207203,1.0000000000
131,8.7200000000,left_hand,6,0.5732616782,0.6094560623,-0.0759145617,1.0000000000
132,8.7870000000,left_hand,6,0.5675914288,0.5916451216,-0.0674569532,1.0000000000
133,8.8540000000,left_hand,6,0.5783051252,0.5703241229,-0.0700853392,1.0000000000
134,8.9200000000,left_hand,6,0.5590636134,0.5627298355,-0.0620295219,1.0000000000
135,8.9870000000,left_hand,6,0.5496178269,0.5519068837,-0.0339993201,1.0000000000
136,9.0530000000,left_hand,6,0.5244390368,0.5513226390,-0.0339470245,1.0000000000
137,9.1200000000,left_hand,6,0.5028621554,0.5520222187,-0.0398183279,1.0000000000
138,9.1860000000,left_hand,6,0.4830101728,0.5420088172,-0.0318225063,1.0000000000
139,9.2530000000,left_hand,6,0.4651018381,0.5453544259,-0.0353794619,1.0000000000
140,9.3200000000,left_hand,6,0.4644917250,0.5483556986,-0.0386408828,1.0000000000
141,9.3860000000,left_hand,6,0.4758409262,0.5861540437,-0.0108609051,1.0000000000
142,9.4530000000,left_hand,6,0.4903367162,0.6577774286,-0.0234667715,1.0000000000
143,9.5190000000,left_hand,6,0.5247176290,0.7224693894,-0.0458662547,1.0000000000
144,9.5860000000,left_hand,6,0.5404174924,0.7264319062,-0.0504282936,1.0000000000
145,9.6520000000,left_hand,6,0.5424020290,0.7107896805,-0.0508628450,1.0000000000
146,9.7190000000,left_hand,6,0.5468503237,0.6905511022,-0.0518597662,1.0000000000
147,9.7850000000,left_hand,6,0.5515066385,0.6622244120,-0.0576946437,1.0000000000
148,9.8520000000,left_hand,6,0.5548716784,0.6461912990,-0.0495485701,1.0000000000
149,9.9190000000,left_hand,6,0.5645379424,0.6371122599,-0.0656711683,1.0000000000
150,9.9850000000,left_hand,6,0.5559188128,0.6391389966,-0.0353057235,1.0000000000
151,10.0520000000,left_hand,6,0.5697929859,0.6060746908,-0.0650783777,1.0000000000
152,10.1180000000,left_hand,6,0.5562550426,0.5820989609,-0.0721163601,1.0000000000
153,10.1850000000,left_hand,6,0.5496426225,0.5591471791,-0.0974145830,1.0000000000
154,10.2510000000,left_hand,6,0.5174159408,0.5584096909,-0.0573158339,1.0000000000
155,10.3180000000,left_hand,6,0.5033166409,0.5451068878,-0.0533599742,1.0000000000
156,10.3850000000,left_hand,6,0.4877849519,0.5495020747,-0.0415066220,1.0000000000
157,10.4510000000,left_hand,6,0.4740452170,0.5520571470,-0.0437958539,1.0000000000
158,10.5180000000,left_hand,6,0.4697813988,0.5573344231,-0.0403965749,1.0000000000
159,10.5840000000,left_hand,6,0.4672092795,0.5858660936,-0.0163808558,1.0000000000
160,10.6510000000,left_hand,6,0.4873746634,0.6043142676,-0.0127103385,1.0000000000
161,10.7170000000,left_hand,6,0.5192598701,0.7019774914,-0.0464563146,1.0000000000
162,10.7840000000,left_hand,6,0.5305519104,0.7278764248,-0.0535886846,1.0000000000
163,10.8510000000,left_hand,6,0.5365060568,0.7150895596,-0.0518697761,1.0000000000
164,10.9170000000,left_hand,6,0.5382366180,0.7095266581,-0.0443692133,1.0000000000
165,10.9840000000,left_hand,6,0.5436304808,0.6710668802,-0.0436703227,1.0000000000
166,11.0500000000,left_hand,6,0.5481298566,0.6363666654,-0.0497613996,1.0000000000
167,11.1170000000,left_hand,6,0.5586642623,0.6046152115,-0.0658663437,1.0000000000
168,11.1830000000,left_hand,6,0.5537012219,0.6055162549,-0.0356922224,1.0000000000
169,11.2500000000,left_hand,6,0.5284465551,0.6133140922,0.0093480023,1.0000000000
170,11.3170000000,left_hand,6,0.5245844722,0.6098764198,-0.0107014821,1.0000000000
171,11.3830000000,left_hand,6,0.5207223892,0.6064387475,-0.0307509664,1.0000000000
172,11.4500000000,left_hand,6,0.5207223892,0.6064387475,-0.0307509664,1.0000000000
173,11.5160000000,left_hand,6,0.5207223892,0.6064387475,-0.0307509664,1.0000000000
174,11.5830000000,left_hand,6,0.5091361403,0.5961257304,-0.0908994193,1.0000000000
175,11.6490000000,left_hand,6,0.5052740574,0.5926880581,-0.1109489036,1.0000000000
176,11.7160000000,left_hand,6,0.5014119744,0.5892503858,-0.1309983879,1.0000000000
177,11.7830000000,left_hand,6,0.5121532977,0.6309812963,-0.1095083281,1.0000000000
178,11.8490000000,left_hand,6,0.5228946209,0.6727122068,-0.0880182683,1.0000000000
179,11.9160000000,left_hand,6,0.5344458222,0.7033022642,-0.0548927300,1.0000000000
180,11.9820000000,left_hand,6,0.5320618153,0.6983126402,-0.0577408709,1.0000000000
76,5.0590000000,left_hand,7,0.5391806364,0.7563456893,-0.0835481510,1.0000000000
77,5.1260000000,left_hand,7,0.5387334228,0.7549984455,-0.0705574676,1.0000000000
78,5.1920000000,left_hand,7,0.5367179513,0.7575305700,-0.0667006522,1.0000000000
79,5.2590000000,left_hand,7,0.5372513533,0.7560755014,-0.0680595562,1.0000000000
80,5.3250000000,left_hand,7,0.5368441939,0.7551140785,-0.0711861253,1.0000000000
81,5.3920000000,left_hand,7,0.5366305113,0.7532603741,-0.0670738146,1.0000000000
82,5.4590000000,left_hand,7,0.5372864008,0.7508783340,-0.0686605424,1.0000000000
83,5.5250000000,left_hand,7,0.5382791162,0.7409831285,-0.0567163341,1.0000000000
84,5.5920000000,left_hand,7,0.5384137034,0.7272794247,-0.0695227832,1.0000000000
85,5.6580000000,left_hand,7,0.5405052900,0.7263631821,-0.0651337802,1.0000000000
86,5.7250000000,left_hand,7,0.5436011553,0.7161937356,-0.0667060465,1.0000000000
87,5.7910000000,left_hand,7,0.5498993993,0.7014298439,-0.0622847714,1.0000000000
88,5.8580000000,left_hand,7,0.5492570400,0.6923313141,-0.0517217815,1.0000000000
89,5.9250000000,left_hand,7,0.5592835546,0.6652804017,-0.0735757053,1.0000000000
90,5.9910000000,left_hand,7,0.5409714580,0.6272975206,-0.0888221860,1.0000000000
91,6.0580000000,left_hand,7,0.5301519632,0.5901136398,-0.1070015803,1.0000000000
92,6.1240000000,left_hand,7,0.5076551437,0.5727121830,-0.0651326403,1.0000000000
93,6.1910000000,left_hand,7,0.4875091314,0.5710150599,-0.0753883645,1.0000000000
94,6.2570000000,left_hand,7,0.4716654122,0.5594664216,-0.0499144681,1.0000000000
95,6.3240000000,left_hand,7,0.4593234062,0.5614638925,-0.0529643223,1.0000000000
96,6.3910000000,left_hand,7,0.4485392869,0.5622591376,-0.0410357751,1.0000000000
97,6.4570000000,left_hand,7,0.4427210689,0.5687973499,-0.0459305979,1.0000000000
98,6.5240000000,left_hand,7,0.4373996258,0.5708280206,-0.0340305977,1.0000000000
99,6.5900000000,left_hand,7,0.4351045191,0.5774330497,-0.0297973398,1.0000000000
100,6.6570000000,left_hand,7,0.4330279529,0.5797258019,-0.0358101726,1.0000000000
101,6.7230000000,left_hand,7,0.4275432825,0.5747812986,-0.0267856158,1.0000000000
102,6.7900000000,left_hand,7,0.4253237247,0.5853685737,-0.0313469656,1.0000000000
103,6.8560000000,left_hand,7,0.4280697107,0.5892604589,-0.0366741121,1.0000000000
104,6.9230000000,left_hand,7,0.4464856684,0.6148697734,-0.0394776538,1.0000000000
105,6.9900000000,left_hand,7,0.4763659835,0.6720626950,-0.0615638494,1.0000000000
106,7.0560000000,left_hand,7,0.5041677952,0.6999524832,-0.0532116443,1.0000000000
107,7.1230000000,left_hand,7,0.5367958546,0.7356210947,-0.0680888221,1.0000000000
108,7.1890000000,left_hand,7,0.3114337027,0.7337193489,-0.1513640732,1.0000000000
109,7.2560000000,left_hand,7,0.5485890508,0.7147613168,-0.0460025296,1.0000000000
110,7.3220000000,left_hand,7,0.5528036356,0.7009693384,-0.0408266559,1.0000000000
111,7.3890000000,left_hand,7,0.5623572469,0.6778290272,-0.0793171823,1.0000000000
112,7.4560000000,left_hand,7,0.3054313660,0.7143201828,-0.1474806815,1.0000000000
113,7.5220000000,left_hand,7,0.5554147959,0.6607731581,-0.0340948515,1.0000000000
114,7.5890000000,left_hand,7,0.5522657633,0.6175622940,-0.0500581786,1.0000000000
115,7.6550000000,left_hand,7,0.5399439335,0.5702636838,-0.0398078114,1.0000000000
116,7.7220000000,left_hand,7,0.5196567774,0.5545653701,-0.0524999723,1.0000000000
117,7.7880000000,left_hand,7,0.5101597309,0.5419967175,-0.0548003502,1.0000000000
118,7.8550000000,left_hand,7,0.4896444082,0.5406996608,-0.0436325558,1.0000000000
119,7.9220000000,left_hand,7,0.4737503827,0.5515733361,-0.0418243892,1.0000000000
120,7.9880000000,left_hand,7,0.4593759477,0.5573439598,-0.0435506776,1.0000000000
121,8.0550000000,left_hand,7,0.4443714321,0.5614908934,-0.0474530309,1.0000000000
122,8.1210000000,left_hand,7,0.4391907454,0.5733087063,-0.0433524102,1.0000000000
123,8.1880000000,left_hand,7,0.4358676970,0.5740012527,-0.0372882523,1.0000000000
124,8.2540000000,left_hand,7,0.4331369400,0.5790941715,-0.0367205255,1.0000000000
125,8.3210000000,left_hand,7,0.4462595880,0.5966969132,-0.0400906913,1.0000000000
126,8.3880000000,left_hand,7,0.5367597938,0.7130112648,-0.0444609113,1.0000000000
127,8.4540000000,left_hand,7,0.3660863042,0.6430419683,-0.1197015643,1.0000000000
128,8.5210000000,left_hand,7,0.3651236594,0.6416187286,-0.0855398551,1.0000000000
129,8.5870000000,left_hand,7,0.5407995582,0.6791502833,-0.0765811503,1.0000000000
130,8.6540000000,left_hand,7,0.5438868999,0.6502979994,-0.0888377726,1.0000000000
131,8.7200000000,left_hand,7,0.5456342101,0.6358410120,-0.0821479782,1.0000000000
132,8.7870000000,left_hand,7,0.5399504304,0.6141334772,-0.0698719770,1.0000000000
133,8.8540000000,left_hand,7,0.5556417108,0.5833772421,-0.0803536326,1.0000000000
134,8.9200000000,left_hand,7,0.5377679467,0.5734948516,-0.0730980188,1.0000000000
135,8.9870000000,left_hand,7,0.5292885900,0.5627140403,-0.0409103446,1.0000000000
136,9.0530000000,left_hand,7,0.5011456609,0.5591695309,-0.0405905470,1.0000000000
137,9.1200000000,left_hand,7,0.4751251936,0.5623822808,-0.0462187082,1.0000000000
138,9.1860000000,left_hand,7,0.4551441669,0.5505032539,-0.0353640504,1.0000000000
139,9.2530000000,left_hand,7,0.4361222684,0.5523161888,-0.0386320762,1.0000000000
140,9.3200000000,left_hand,7,0.4357448816,0.5569125414,-0.0422315150,1.0000000000
141,9.3860000000,left_hand,7,0.4510359168,0.6027465463,-0.0147039238,1.0000000000
142,9.4530000000,left_hand,7,0.4690476656,0.6872897148,-0.0285016540,1.0000000000
143,9.5190000000,left_hand,7,0.5074800253,0.7704087496,-0.0542086586,1.0000000000
144,9.5860000000,left_hand,7,0.5215250254,0.7679022551,-0.0569444746,1.0000000000
145,9.6520000000,left_hand,7,0.5231557488,0.7523000240,-0.0569053665,1.0000000000
146,9.7190000000,left_hand,7,0.5254706144,0.7302950025,-0.0585478991,1.0000000000
147,9.7850000000,left_hand,7,0.5297330618,0.6991421580,-0.0663664863,1.0000000000
148,9.8520000000,left_hand,7,0.5326091647,0.6808661222,-0.0561981983,1.0000000000
149,9.9190000000,left_hand,7,0.5391220450,0.6670392752,-0.0708901137,1.0000000000
150,9.9850000000,left_hand,7,0.5354300141,0.6587970853,-0.0339094028,1.0000000000
151,10.0520000000,left_hand,7,0.5449841619,0.6224520206,-0.0686090663,1.0000000000
152,10.1180000000,left_hand,7,0.5301660299,0.5987641811,-0.0771001801,1.0000000000
153,10.1850000000,left_hand,7,0.5175657868,0.5722181797,-0.1065413207,1.0000000000
154,10.2510000000,left_hand,7,0.4876717329,0.5709728599,-0.0618062280,1.0000000000
155,10.3180000000,left_hand,7,0.4708541632,0.5565750599,-0.0579577796,1.0000000000
156,10.3850000000,left_hand,7,0.4571445584,0.5600823164,-0.0455773212,1.0000000000
157,10.4510000000,left_hand,7,0.4433484077,0.5658540726,-0.0478223376,1.0000000000
158,10.5180000000,left_hand,7,0.4386431575,0.5720831752,-0.0436816588,1.0000000000
159,10.5840000000,left_hand,7,0.4439279735,0.5979225039,-0.0201141089,1.0000000000
160,10.6510000000,left_hand,7,0.4684347212,0.5925419927,-0.0119558340,1.0000000000
161,10.7170000000,left_hand,7,0.4984791577,0.7432423830,-0.0559474826,1.0000000000
162,10.7840000000,left_hand,7,0.5102665424,0.7731366754,-0.0592136867,1.0000000000
163,10.8510000000,left_hand,7,0.5151174664,0.7604042292,-0.0584242605,1.0000000000
164,10.9170000000,left_hand,7,0.5160981417,0.7488727570,-0.0509643517,1.0000000000
165,10.9840000000,left_hand,7,0.5207276940,0.7066100240,-0.0486522689,1.0000000000
166,11.0500000000,left_hand,7,0.5239180923,0.6706585884,-0.0552661382,1.0000000000
167,11.1170000000,left_hand,7,0.5304946899,0.6334869862,-0.0693866014,1.0000000000
168,11.1830000000,left_hand,7,0.5292506218,0.6200461984,-0.0373002402,1.0000000000
169,11.2500000000,left_hand,7,0.5195852518,0.6101452708,0.0131381759,1.0000000000
170,11.3170000000,left_hand,7,0.5128522984,0.6105545930,-0.0098964074,1.0000000000
171,11.3830000000,left_hand,7,0.5061193449,0.6109639151,-0.0329309908,1.0000000000
172,11.4500000000,left_hand,7,0.5061193449,0.6109639151,-0.0329309908,1.0000000000
173,11.5160000000,left_hand,7,0.5061193449,0.6109639151,-0.0329309908,1.0000000000
174,11.5830000000,left_hand,7,0.4859204846,0.6121918815,-0.1020347409,1.0000000000
175,11.6490000000,left_hand,7,0.4791875311,0.6126012036,-0.1250693243,1.0000000000
176,11.7160000000,left_hand,7,0.4724545777,0.6130105257,-0.1481039077,1.0000000000
177,11.7830000000,left_hand,7,0.4872646481,0.6601670384,-0.1244732961,1.0000000000
178,11.8490000000,left_hand,7,0.5020747185,0.7073235512,-0.1008426845,1.0000000000
179,11.9160000000,left_hand,7,0.5149576664,0.7452310324,-0.0624627136,1.0000000000
180,11.9820000000,left_hand,7,0.5109539032,0.7426648140,-0.0642812401,1.0000000000
76,5.0590000000,left_hand,8,0.5162342787,0.7870030403,-0.0859558508,1.0000000000
77,5.1260000000,left_hand,8,0.5167675018,0.7843106985,-0.0716375783,1.0000000000
78,5.1920000000,left_hand,8,0.5146728754,0.7862243652,-0.0671422854,1.0000000000
79,5.2590000000,left_hand,8,0.5158060789,0.7848310471,-0.0690122545,1.0000000000
80,5.3250000000,left_hand,8,0.5153464079,0.7845877409,-0.0711610168,1.0000000000
81,5.3920000000,left_hand,8,0.5154652596,0.7803421021,-0.0672038123,1.0000000000
82,5.4590000000,left_hand,8,0.5149691105,0.7794690132,-0.0690079927,1.0000000000
83,5.5250000000,left_hand,8,0.5181743503,0.7693541050,-0.0555901714,1.0000000000
84,5.5920000000,left_hand,8,0.5163701177,0.7537589073,-0.0693640485,1.0000000000
85,5.6580000000,left_hand,8,0.5194261074,0.7525916696,-0.0660363138,1.0000000000
86,5.7250000000,left_hand,8,0.5224348307,0.7432711720,-0.0669471249,1.0000000000
87,5.7910000000,left_hand,8,0.5282024145,0.7224379182,-0.0629739314,1.0000000000
88,5.8580000000,left_hand,8,0.5307485461,0.7083795667,-0.0518438593,1.0000000000
89,5.9250000000,left_hand,8,0.5393898487,0.6767414212,-0.0753560215,1.0000000000
90,5.9910000000,left_hand,8,0.5164421201,0.6365741491,-0.0916530341,1.0000000000
91,6.0580000000,left_hand,8,0.5026015639,0.6020421982,-0.1112385690,1.0000000000
92,6.1240000000,left_hand,8,0.4836507142,0.5816534758,-0.0669798478,1.0000000000
93,6.1910000000,left_hand,8,0.4592495263,0.5792879462,-0.0794389993,1.0000000000
94,6.2570000000,left_hand,8,0.4472325444,0.5680699348,-0.0505170859,1.0000000000
95,6.3240000000,left_hand,8,0.4347971678,0.5718855262,-0.0540063754,1.0000000000
96,6.3910000000,left_hand,8,0.4254873097,0.5716202855,-0.0406287238,1.0000000000
97,6.4570000000,left_hand,8,0.4189256728,0.5813362598,-0.0471899323,1.0000000000
98,6.5240000000,left_hand,8,0.4164144993,0.5818690062,-0.0349370204,1.0000000000
99,6.5900000000,left_hand,8,0.4156566560,0.5892082453,-0.0305964015,1.0000000000
100,6.6570000000,left_hand,8,0.4135503471,0.5925932527,-0.0365489423,1.0000000000
101,6.7230000000,left_hand,8,0.4093780518,0.5882498622,-0.0264880303,1.0000000000
102,6.7900000000,left_hand,8,0.4073442221,0.6045924425,-0.0306858197,1.0000000000
103,6.8560000000,left_hand,8,0.4066756666,0.6076065898,-0.0384563059,1.0000000000
104,6.9230000000,left_hand,8,0.4273596704,0.6328141093,-0.0418400168,1.0000000000
105,6.9900000000,left_hand,8,0.4578156471,0.7011607289,-0.0662371442,1.0000000000
106,7.0560000000,left_hand,8,0.4861809909,0.7345851660,-0.0564931706,1.0000000000
107,7.1230000000,left_hand,8,0.5195356607,0.7701134086,-0.0745769367,1.0000000000
108,7.1890000000,left_hand,8,0.3279938996,0.7813232541,-0.1574226618,1.0000000000
109,7.2560000000,left_hand,8,0.5316655636,0.7409099340,-0.0484034158,1.0000000000
110,7.3220000000,left_hand,8,0.5350210667,0.7259595990,-0.0427651107,1.0000000000
111,7.3890000000,left_hand,8,0.5385912061,0.7018737197,-0.0868191645,1.0000000000
112,7.4560000000,left_hand,8,0.3228130639,0.7633085847,-0.1519661397,1.0000000000
113,7.5220000000,left_hand,8,0.5390291214,0.6709514856,-0.0389264412,1.0000000000
114,7.5890000000,left_hand,8,0.5298382044,0.6316912770,-0.0539207086,1.0000000000
115,7.6550000000,left_hand,8,0.5284202695,0.5831511617,-0.0417713150,1.0000000000
116,7.7220000000,left_hand,8,0.5014187098,0.5621030331,-0.0551415905,1.0000000000
117,7.7880000000,left_hand,8,0.4893109798,0.5484456420,-0.0572924167,1.0000000000
118,7.8550000000,left_hand,8,0.4677971601,0.5480611920,-0.0461012758,1.0000000000
119,7.9220000000,left_hand,8,0.4530487061,0.5582605004,-0.0438505784,1.0000000000
120,7.9880000000,left_hand,8,0.4355847538,0.5630945563,-0.0455533229,1.0000000000
121,8.0550000000,left_hand,8,0.4199612439,0.5697693229,-0.0488656387,1.0000000000
122,8.1210000000,left_hand,8,0.4152182043,0.5839661956,-0.0454503521,1.0000000000
123,8.1880000000,left_hand,8,0.4146432281,0.5845855474,-0.0391943604,1.0000000000
124,8.2540000000,left_hand,8,0.4109214246,0.5922788382,-0.0387944579,1.0000000000
125,8.3210000000,left_hand,8,0.4241463244,0.6101787090,-0.0435613282,1.0000000000
126,8.3880000000,left_hand,8,0.5237881541,0.7450405955,-0.0510980710,1.0000000000
127,8.4540000000,left_hand,8,0.3839066923,0.6793593764,-0.1285555959,1.0000000000
128,8.5210000000,left_hand,8,0.3836495876,0.6789506078,-0.0931280106,1.0000000000
129,8.5870000000,left_hand,8,0.5242500901,0.6982875466,-0.0810670704,1.0000000000
130,8.6540000000,left_hand,8,0.5251262784,0.6736670732,-0.0927476585,1.0000000000
131,8.7200000000,left_hand,8,0.5243154764,0.6546166539,-0.0846306235,1.0000000000
132,8.7870000000,left_hand,8,0.5206751227,0.6290648580,-0.0695813373,1.0000000000
133,8.8540000000,left_hand,8,0.5351918936,0.5901528001,-0.0871920437,1.0000000000
134,8.9200000000,left_hand,8,0.5233437419,0.5774247646,-0.0789177045,1.0000000000
135,8.9870000000,left_hand,8,0.5116265416,0.5691975951,-0.0459139124,1.0000000000
136,9.0530000000,left_hand,8,0.4824289382,0.5628055930,-0.0448971428,1.0000000000
137,9.1200000000,left_hand,8,0.4531565905,0.5671246648,-0.0498469807,1.0000000000
138,9.1860000000,left_hand,8,0.4337157607,0.5551735163,-0.0369081683,1.0000000000
139,9.2530000000,left_hand,8,0.4142477214,0.5586932302,-0.0402755775,1.0000000000
140,9.3200000000,left_hand,8,0.4138630927,0.5653242469,-0.0441468023,1.0000000000
141,9.3860000000,left_hand,8,0.4319713414,0.6146841645,-0.0177604128,1.0000000000
142,9.4530000000,left_hand,8,0.4540761709,0.7098141909,-0.0327473469,1.0000000000
143,9.5190000000,left_hand,8,0.4938254654,0.8071482182,-0.0607520752,1.0000000000
144,9.5860000000,left_hand,8,0.5056593418,0.7994377613,-0.0613943785,1.0000000000
145,9.6520000000,left_hand,8,0.5071126819,0.7845346332,-0.0609086752,1.0000000000
146,9.7190000000,left_hand,8,0.5078059435,0.7602952123,-0.0632118210,1.0000000000
147,9.7850000000,left_hand,8,0.5109910369,0.7289423347,-0.0725238845,1.0000000000
148,9.8520000000,left_hand,8,0.5138448477,0.7059503198,-0.0607827306,1.0000000000
149,9.9190000000,left_hand,8,0.5189543962,0.6823672056,-0.0720591620,1.0000000000
150,9.9850000000,left_hand,8,0.5249809027,0.6668064594,-0.0308453795,1.0000000000
151,10.0520000000,left_hand,8,0.5261268616,0.6313380003,-0.0689799041,1.0000000000
152,10.1180000000,left_hand,8,0.5133982301,0.6111666560,-0.0777950734,1.0000000000
153,10.1850000000,left_hand,8,0.4927783310,0.5798065066,-0.1101242006,1.0000000000
154,10.2510000000,left_hand,8,0.4662013948,0.5760960579,-0.0628377497,1.0000000000
155,10.3180000000,left_hand,8,0.4468197525,0.5643155575,-0.0592744313,1.0000000000
156,10.3850000000,left_hand,8,0.4330838621,0.5672693253,-0.0473943166,1.0000000000
157,10.4510000000,left_hand,8,0.4193453789,0.5760013461,-0.0497308634,1.0000000000
158,10.5180000000,left_hand,8,0.4145206511,0.5825447440,-0.0450480990,1.0000000000
159,10.5840000000,left_hand,8,0.4266607761,0.6056411862,-0.0224912260,1.0000000000
160,10.6510000000,left_hand,8,0.4584545195,0.5770339370,-0.0105454791,1.0000000000
161,10.7170000000,left_hand,8,0.4806163311,0.7779616117,-0.0635170266,1.0000000000
162,10.7840000000,left_hand,8,0.4928415716,0.8077682257,-0.0624813214,1.0000000000
163,10.8510000000,left_hand,8,0.4971688390,0.7945438623,-0.0624575429,1.0000000000
164,10.9170000000,left_hand,8,0.4980651438,0.7788015604,-0.0550805144,1.0000000000
165,10.9840000000,left_hand,8,0.5017945170,0.7336526513,-0.0516169295,1.0000000000
166,11.0500000000,left_hand,8,0.5045491457,0.6957782507,-0.0584993847,1.0000000000
167,11.1170000000,left_hand,8,0.5110436082,0.6534639001,-0.0699050874,1.0000000000
168,11.1830000000,left_hand,8,0.5122681260,0.6289222240,-0.0363215394,1.0000000000
169,11.2500000000,left_hand,8,0.5166766047,0.6082542539,0.0160181113,1.0000000000
170,11.3170000000,left_hand,8,0.5075187853,0.6125983255,-0.0090862438,1.0000000000
171,11.3830000000,left_hand,8,0.4983609659,0.6169423972,-0.0341905989,1.0000000000
172,11.4500000000,left_hand,8,0.4983609659,0.6169423972,-0.0341905989,1.0000000000
173,11.5160000000,left_hand,8,0.4983609659,0.6169423972,-0.0341905989,1.0000000000
174,11.5830000000,left_hand,8,0.4708875077,0.6299746122,-0.1095036641,1.0000000000
175,11.6490000000,left_hand,8,0.4617296883,0.6343186838,-0.1346080191,1.0000000000
176,11.7160000000,left_hand,8,0.4525718689,0.6386627555,-0.1597123742,1.0000000000
177,11.7830000000,left_hand,8,0.4685627967,0.6880945563,-0.1344492398,1.0000000000
178,11.8490000000,left_hand,8,0.4845537245,0.7375263572,-0.1091861054,1.0000000000
179,11.9160000000,left_hand,8,0.4994079769,0.7780727744,-0.0678649992,1.0000000000
180,11.9820000000,left_hand,8,0.4935558736,0.7762601972,-0.0680302754,1.0000000000
76,5.0590000000,left_hand,9,0.6339192390,0.6821580529,-0.0585980639,1.0000000000
77,5.1260000000,left_hand,9,0.6326098442,0.6807961464,-0.0520141758,1.0000000000
78,5.1920000000,left_hand,9,0.6329852939,0.6815578341,-0.0495617017,1.0000000000
79,5.2590000000,left_hand,9,0.6333831549,0.6846942902,-0.0510038584,1.0000000000
80,5.3250000000,left_hand,9,0.6342777610,0.6764236093,-0.0538550131,1.0000000000
81,5.3920000000,left_hand,9,0.6337060332,0.6762367487,-0.0523252524,1.0000000000
82,5.4590000000,left_hand,9,0.6349507570,0.6788150668,-0.0517445840,1.0000000000
83,5.5250000000,left_hand,9,0.6316517591,0.6662256718,-0.0462866426,1.0000000000
84,5.5920000000,left_hand,9,0.6354014277,0.6588984132,-0.0546863489,1.0000000000
85,5.6580000000,left_hand,9,0.6338629127,0.6564012766,-0.0499585606,1.0000000000
86,5.7250000000,left_hand,9,0.6360486150,0.6459911466,-0.0521203652,1.0000000000
87,5.7910000000,left_hand,9,0.6411203146,0.6455902457,-0.0444411412,1.0000000000
88,5.8580000000,left_hand,9,0.6313741803,0.6665913463,-0.0366368406,1.0000000000
89,5.9250000000,left_hand,9,0.6392102242,0.6367317438,-0.0444854684,1.0000000000
90,5.9910000000,left_hand,9,0.6237639785,0.6232309937,-0.0559558608,1.0000000000
91,6.0580000000,left_hand,9,0.6179940701,0.5985201001,-0.0694898218,1.0000000000
92,6.1240000000,left_hand,9,0.5940544009,0.5817874074,-0.0437575951,1.0000000000
93,6.1910000000,left_hand,9,0.5807288289,0.5843230486,-0.0493479222,1.0000000000
94,6.2570000000,left_hand,9,0.5620871782,0.5850019455,-0.0377946831,1.0000000000
95,6.3240000000,left_hand,9,0.5512649417,0.5864962339,-0.0395866260,1.0000000000
96,6.3910000000,left_hand,9,0.5429959297,0.5830086470,-0.0335476957,1.0000000000
97,6.4570000000,left_hand,9,0.5368633866,0.5801761746,-0.0357883163,1.0000000000
98,6.5240000000,left_hand,9,0.5280163288,0.5829344392,-0.0274927486,1.0000000000
99,6.5900000000,left_hand,9,0.5231230855,0.5843724608,-0.0255931728,1.0000000000
100,6.6570000000,left_hand,9,0.5196018815,0.5774401426,-0.0307472982,1.0000000000
101,6.7230000000,left_hand,9,0.5159429312,0.5788991451,-0.0262744520,1.0000000000
102,6.7900000000,left_hand,9,0.5163052082,0.5770763755,-0.0291464273,1.0000000000
103,6.8560000000,left_hand,9,0.5180243850,0.5768136978,-0.0314558409,1.0000000000
104,6.9230000000,left_hand,9,0.5345607996,0.5893506408,-0.0284155346,1.0000000000
105,6.9900000000,left_hand,9,0.5666981936,0.6073088646,-0.0425354056,1.0000000000
106,7.0560000000,left_hand,9,0.5997551084,0.6293597817,-0.0412395410,1.0000000000
107,7.1230000000,left_hand,9,0.6184213161,0.6673660874,-0.0449085571,1.0000000000
108,7.1890000000,left_hand,9,0.2834066451,0.5538427830,-0.1022469774,1.0000000000
109,7.2560000000,left_hand,9,0.6304069161,0.6712835431,-0.0369397216,1.0000000000
110,7.3220000000,left_hand,9,0.6337639689,0.6641954780,-0.0326773897,1.0000000000
111,7.3890000000,left_hand,9,0.6414040327,0.6465933323,-0.0518675558,1.0000000000
112,7.4560000000,left_hand,9,0.2763648629,0.5267894864,-0.1003497988,1.0000000000
113,7.5220000000,left_hand,9,0.6230316758,0.6499971151,-0.0179849882,1.0000000000
114,7.5890000000,left_hand,9,0.6267490387,0.6123887300,-0.0327371433,1.0000000000
115,7.6550000000,left_hand,9,0.6037876010,0.5898589492,-0.0274173077,1.0000000000
116,7.7220000000,left_hand,9,0.5909977555,0.5715402961,-0.0378367119,1.0000000000
117,7.7880000000,left_hand,9,0.5830731392,0.5684994459,-0.0383821279,1.0000000000
118,7.8550000000,left_hand,9,0.5641790032,0.5699683428,-0.0330696739,1.0000000000
119,7.9220000000,left_hand,9,0.5553347468,0.5786449909,-0.0339130312,1.0000000000
120,7.9880000000,left_hand,9,0.5466284156,0.5831394792,-0.0342824496,1.0000000000
121,8.0550000000,left_hand,9,0.5374987721,0.5812623501,-0.0384548940,1.0000000000
122,8.1210000000,left_hand,9,0.5342155695,0.5802317858,-0.0347853862,1.0000000000
123,8.1880000000,left_hand,9,0.5271870494,0.5825804472,-0.0318457037,1.0000000000
124,8.2540000000,left_hand,9,0.5244118571,0.5856738687,-0.0299021527,1.0000000000
125,8.3210000000,left_hand,9,0.5337525606,0.5946454406,-0.0303601380,1.0000000000
126,8.3880000000,left_hand,9,0.5994309783,0.6501355767,-0.0264909267,1.0000000000
127,8.4540000000,left_hand,9,0.2758331895,0.5500138402,-0.0900417119,1.0000000000
128,8.5210000000,left_hand,9,0.2766053975,0.5369672775,-0.0650845766,1.0000000000
129,8.5870000000,left_hand,9,0.6145691872,0.6388237476,-0.0481496453,1.0000000000
130,8.6540000000,left_hand,9,0.6238141060,0.6160700321,-0.0590184666,1.0000000000
131,8.7200000000,left_hand,9,0.6291819811,0.6216931343,-0.0546198487,1.0000000000
132,8.7870000000,left_hand,9,0.6307812333,0.6100376844,-0.0505479909,1.0000000000
133,8.8540000000,left_hand,9,0.6164650321,0.5975129008,-0.0472791083,1.0000000000
134,8.9200000000,left_hand,9,0.5943742990,0.5928717852,-0.0427007265,1.0000000000
135,8.9870000000,left_hand,9,0.5830050111,0.5876119733,-0.0226041097,1.0000000000
136,9.0530000000,left_hand,9,0.5653598905,0.5889357328,-0.0225389134,1.0000000000
137,9.1200000000,left_hand,9,0.5524069667,0.5807914734,-0.0300486758,1.0000000000
138,9.1860000000,left_hand,9,0.5329512358,0.5778338313,-0.0243139882,1.0000000000
139,9.2530000000,left_hand,9,0.5164573193,0.5887846351,-0.0294020157,1.0000000000
140,9.3200000000,left_hand,9,0.5197602510,0.5892964602,-0.0332842581,1.0000000000
141,9.3860000000,left_hand,9,0.5308284760,0.6084452868,-0.0105679315,1.0000000000
142,9.4530000000,left_hand,9,0.5501673222,0.6519559026,-0.0205549281,1.0000000000
143,9.5190000000,left_hand,9,0.5800871849,0.6873047948,-0.0356158055,1.0000000000
144,9.5860000000,left_hand,9,0.5906831622,0.7013780475,-0.0409105904,1.0000000000
145,9.6520000000,left_hand,9,0.5932101607,0.6901829243,-0.0408639722,1.0000000000
146,9.7190000000,left_hand,9,0.6002252698,0.6736041903,-0.0400258303,1.0000000000
147,9.7850000000,left_hand,9,0.6012997627,0.6553257704,-0.0427356549,1.0000000000
148,9.8520000000,left_hand,9,0.6054167747,0.6394719481,-0.0372567996,1.0000000000
149,9.9190000000,left_hand,9,0.6168035865,0.6211060882,-0.0481757000,1.0000000000
150,9.9850000000,left_hand,9,0.6102713943,0.6379525065,-0.0251851734,1.0000000000
151,10.0520000000,left_hand,9,0.6213255525,0.6116760969,-0.0472399741,1.0000000000
152,10.1180000000,left_hand,9,0.6127129793,0.6018066406,-0.0513545759,1.0000000000
153,10.1850000000,left_hand,9,0.5992131829,0.5911781788,-0.0698275641,1.0000000000
154,10.2510000000,left_hand,9,0.5759943128,0.5795366168,-0.0415128469,1.0000000000
155,10.3180000000,left_hand,9,0.5614197850,0.5726013184,-0.0394150056,1.0000000000
156,10.3850000000,left_hand,9,0.5417928100,0.5837668180,-0.0310057625,1.0000000000
157,10.4510000000,left_hand,9,0.5319326520,0.5824484825,-0.0348572470,1.0000000000
158,10.5180000000,left_hand,9,0.5300054550,0.5833586454,-0.0337634124,1.0000000000
159,10.5840000000,left_hand,9,0.5233459473,0.6071883440,-0.0149419243,1.0000000000
160,10.6510000000,left_hand,9,0.5462970734,0.6415309310,-0.0098570678,1.0000000000
161,10.7170000000,left_hand,9,0.5785532594,0.6794111729,-0.0348044224,1.0000000000
162,10.7840000000,left_hand,9,0.5870081186,0.6921617985,-0.0414139815,1.0000000000
163,10.8510000000,left_hand,9,0.5906032324,0.6836243272,-0.0392409600,1.0000000000
164,10.9170000000,left_hand,9,0.5935177803,0.6852166057,-0.0336406529,1.0000000000
165,10.9840000000,left_hand,9,0.5991203189,0.6586126685,-0.0350761823,1.0000000000
166,11.0500000000,left_hand,9,0.6066973209,0.6233850718,-0.0372181684,1.0000000000
167,11.1170000000,left_hand,9,0.6177277565,0.6099365950,-0.0474087112,1.0000000000
168,11.1830000000,left_hand,9,0.6110108495,0.6124751568,-0.0278133135,1.0000000000
169,11.2500000000,left_hand,9,0.5619991422,0.6290070415,0.0085789897,1.0000000000
170,11.3170000000,left_hand,9,0.5606905392,0.6252037031,-0.0066076613,1.0000000000
171,11.3830000000,left_hand,9,0.5593819363,0.6214003648,-0.0217943122,1.0000000000
172,11.4500000000,left_hand,9,0.5593819363,0.6214003648,-0.0217943122,1.0000000000
173,11.5160000000,left_hand,9,0.5593819363,0.6214003648,-0.0217943122,1.0000000000
174,11.5830000000,left_hand,9,0.5554561274,0.6099903498,-0.0673542651,1.0000000000
175,11.6490000000,left_hand,9,0.5541475245,0.6061870115,-0.0825409160,1.0000000000
176,11.7160000000,left_hand,9,0.5528389215,0.6023836732,-0.0977275670,1.0000000000
177,11.7830000000,left_hand,9,0.5631923079,0.6240644157,-0.0832595117,1.0000000000
178,11.8490000000,left_hand,9,0.5735456944,0.6457451582,-0.0687914565,1.0000000000
179,11.9160000000,left_hand,9,0.5886319280,0.6766259074,-0.0412659869,1.0000000000
180,11.9820000000,left_hand,9,0.5882376432,0.6702590585,-0.0453113653,1.0000000000
76,5.0590000000,left_hand,10,0.5868108273,0.7811163068,-0.0788777247,1.0000000000
77,5.1260000000,left_hand,10,0.5862936378,0.7782726288,-0.0706887469,1.0000000000
78,5.1920000000,left_hand,10,0.5851748586,0.7818628550,-0.0674168468,1.0000000000
79,5.2590000000,left_hand,10,0.5868585706,0.7812964916,-0.0711030215,1.0000000000
80,5.3250000000,left_hand,10,0.5878770351,0.7777630091,-0.0734128878,1.0000000000
81,5.3920000000,left_hand,10,0.5861297846,0.7770450711,-0.0703151524,1.0000000000
82,5.4590000000,left_hand,10,0.5858935118,0.7721478343,-0.0720046386,1.0000000000
83,5.5250000000,left_hand,10,0.5837667584,0.7615261078,-0.0608717054,1.0000000000
84,5.5920000000,left_hand,10,0.5856944919,0.7505133152,-0.0708277673,1.0000000000
85,5.6580000000,left_hand,10,0.5858886242,0.7466465831,-0.0657677278,1.0000000000
86,5.7250000000,left_hand,10,0.5836855173,0.7309536934,-0.0683674961,1.0000000000
87,5.7910000000,left_hand,10,0.5927582383,0.7224012613,-0.0572103038,1.0000000000
88,5.8580000000,left_hand,10,0.5809652209,0.7231775522,-0.0478067026,1.0000000000
89,5.9250000000,left_hand,10,0.5875560641,0.6900368929,-0.0598624311,1.0000000000
90,5.9910000000,left_hand,10,0.5677553415,0.6676760912,-0.0755059049,1.0000000000
91,6.0580000000,left_hand,10,0.5558030009,0.6304810047,-0.0926536471,1.0000000000
92,6.1240000000,left_hand,10,0.5401758552,0.6087867618,-0.0552264042,1.0000000000
93,6.1910000000,left_hand,10,0.5197740793,0.6080657244,-0.0687840432,1.0000000000
94,6.2570000000,left_hand,10,0.5009108186,0.6072449684,-0.0516004227,1.0000000000
95,6.3240000000,left_hand,10,0.4869281650,0.6131429076,-0.0545355901,1.0000000000
96,6.3910000000,left_hand,10,0.4822151065,0.6128510237,-0.0463248193,1.0000000000
97,6.4570000000,left_hand,10,0.4766875505,0.6089290977,-0.0485811494,1.0000000000
98,6.5240000000,left_hand,10,0.4709551632,0.6096941233,-0.0360766202,1.0000000000
99,6.5900000000,left_hand,10,0.4672830701,0.6124427319,-0.0345282964,1.0000000000
100,6.6570000000,left_hand,10,0.4630724192,0.6131563783,-0.0423555262,1.0000000000
101,6.7230000000,left_hand,10,0.4594917595,0.6096018553,-0.0345880650,1.0000000000
102,6.7900000000,left_hand,10,0.4556412697,0.6120170951,-0.0399135463,1.0000000000
103,6.8560000000,left_hand,10,0.4631635845,0.6118956208,-0.0439148620,1.0000000000
104,6.9230000000,left_hand,10,0.4833601713,0.6288839579,-0.0375918187,1.0000000000
105,6.9900000000,left_hand,10,0.5199599862,0.6709520817,-0.0608434007,1.0000000000
106,7.0560000000,left_hand,10,0.5585709214,0.7096956372,-0.0559242740,1.0000000000
107,7.1230000000,left_hand,10,0.5826468468,0.7492342591,-0.0688118562,1.0000000000
108,7.1890000000,left_hand,10,0.3226432800,0.6517375112,-0.1445838362,1.0000000000
109,7.2560000000,left_hand,10,0.5912104845,0.7451938391,-0.0568084344,1.0000000000
110,7.3220000000,left_hand,10,0.5911164284,0.7296350002,-0.0474727675,1.0000000000
111,7.3890000000,left_hand,10,0.5948643684,0.7093283534,-0.0772046596,1.0000000000
112,7.4560000000,left_hand,10,0.3166718483,0.6328994632,-0.1418747306,1.0000000000
113,7.5220000000,left_hand,10,0.5871647000,0.6959342360,-0.0282074828,1.0000000000
114,7.5890000000,left_hand,10,0.5834302306,0.6464248896,-0.0441200025,1.0000000000
115,7.6550000000,left_hand,10,0.5558275580,0.6227428913,-0.0377675556,1.0000000000
116,7.7220000000,left_hand,10,0.5360368490,0.6043027639,-0.0510454811,1.0000000000
117,7.7880000000,left_hand,10,0.5232350826,0.5981661081,-0.0514821447,1.0000000000
118,7.8550000000,left_hand,10,0.5063971877,0.5929619074,-0.0447860733,1.0000000000
119,7.9220000000,left_hand,10,0.4938077033,0.6085282564,-0.0468356088,1.0000000000
120,7.9880000000,left_hand,10,0.4861639440,0.6082493067,-0.0495357066,1.0000000000
121,8.0550000000,left_hand,10,0.4771738946,0.6110556722,-0.0555641018,1.0000000000
122,8.1210000000,left_hand,10,0.4744809866,0.6149277687,-0.0477717109,1.0000000000
123,8.1880000000,left_hand,10,0.4686736166,0.6177076101,-0.0433397666,1.0000000000
124,8.2540000000,left_hand,10,0.4664891958,0.6177090406,-0.0406393707,1.0000000000
125,8.3210000000,left_hand,10,0.4797572196,0.6303842664,-0.0428864099,1.0000000000
126,8.3880000000,left_hand,10,0.5668802857,0.7225734591,-0.0362522937,1.0000000000
127,8.4540000000,left_hand,10,0.3178212941,0.6429700851,-0.1319085062,1.0000000000
128,8.5210000000,left_hand,10,0.3198020160,0.6404533982,-0.0934986770,1.0000000000
129,8.5870000000,left_hand,10,0.5791597962,0.7035366893,-0.0671240613,1.0000000000
130,8.6540000000,left_hand,10,0.5850407481,0.6791568398,-0.0807312950,1.0000000000
131,8.7200000000,left_hand,10,0.5837790966,0.6867901683,-0.0756015405,1.0000000000
132,8.7870000000,left_hand,10,0.5803907514,0.6818362474,-0.0661194697,1.0000000000
133,8.8540000000,left_hand,10,0.5851363540,0.6424655318,-0.0612663664,1.0000000000
134,8.9200000000,left_hand,10,0.5519024134,0.6385807991,-0.0609085523,1.0000000000
135,8.9870000000,left_hand,10,0.5487905741,0.6228867173,-0.0300218277,1.0000000000
136,9.0530000000,left_hand,10,0.5307791829,0.6136716008,-0.0319923796,1.0000000000
137,9.1200000000,left_hand,10,0.5094894767,0.6093896031,-0.0400644802,1.0000000000
138,9.1860000000,left_hand,10,0.4820382297,0.5970721841,-0.0319182463,1.0000000000
139,9.2530000000,left_hand,10,0.4621334672,0.6184232831,-0.0406199396,1.0000000000
140,9.3200000000,left_hand,10,0.4633603692,0.6190869808,-0.0449167415,1.0000000000
141,9.3860000000,left_hand,10,0.4883305728,0.6357579231,-0.0144642955,1.0000000000
142,9.4530000000,left_hand,10,0.5132449865,0.6970367432,-0.0273739975,1.0000000000
143,9.5190000000,left_hand,10,0.5562005639,0.7855681181,-0.0525134206,1.0000000000
144,9.5860000000,left_hand,10,0.5610393286,0.7977938056,-0.0561142527,1.0000000000
145,9.6520000000,left_hand,10,0.5605620146,0.7803497910,-0.0563177206,1.0000000000
146,9.7190000000,left_hand,10,0.5632886291,0.7570059299,-0.0550781004,1.0000000000
147,9.7850000000,left_hand,10,0.5652285218,0.7306347489,-0.0599244460,1.0000000000
148,9.8520000000,left_hand,10,0.5701752305,0.7165485620,-0.0520086847,1.0000000000
149,9.9190000000,left_hand,10,0.5794348717,0.7047887444,-0.0660305396,1.0000000000
150,9.9850000000,left_hand,10,0.5686839819,0.6975636482,-0.0283155702,1.0000000000
151,10.0520000000,left_hand,10,0.5687472820,0.6669728160,-0.0601180866,1.0000000000
152,10.1180000000,left_hand,10,0.5575541854,0.6465981007,-0.0661689192,1.0000000000
153,10.1850000000,left_hand,10,0.5383538008,0.6295219660,-0.0945003927,1.0000000000
154,10.2510000000,left_hand,10,0.5163722038,0.6113499999,-0.0552677624,1.0000000000
155,10.3180000000,left_hand,10,0.5011140704,0.5928220153,-0.0513137542,1.0000000000
156,10.3850000000,left_hand,10,0.4846312702,0.6051300764,-0.0418856479,1.0000000000
157,10.4510000000,left_hand,10,0.4700085521,0.6066249013,-0.0496611074,1.0000000000
158,10.5180000000,left_hand,10,0.4682183564,0.6119270325,-0.0487427004,1.0000000000
159,10.5840000000,left_hand,10,0.4753798842,0.6355703473,-0.0204096902,1.0000000000
160,10.6510000000,left_hand,10,0.5002273321,0.6714914441,-0.0153052406,1.0000000000
161,10.7170000000,left_hand,10,0.5539936423,0.7695049047,-0.0549551435,1.0000000000
162,10.7840000000,left_hand,10,0.5554272532,0.7908996940,-0.0600248985,1.0000000000
163,10.8510000000,left_hand,10,0.5590159893,0.7813485265,-0.0590344593,1.0000000000
164,10.9170000000,left_hand,10,0.5599213839,0.7699398398,-0.0485628210,1.0000000000
165,10.9840000000,left_hand,10,0.5605392456,0.7399594188,-0.0506530888,1.0000000000
166,11.0500000000,left_hand,10,0.5691619515,0.7011190653,-0.0511481389,1.0000000000
167,11.1170000000,left_hand,10,0.5723306537,0.6878114939,-0.0669889003,1.0000000000
168,11.1830000000,left_hand,10,0.5639734268,0.6681026220,-0.0354050212,1.0000000000
169,11.2500000000,left_hand,10,0.5353341103,0.6347987056,0.0176365133,1.0000000000
170,11.3170000000,left_hand,10,0.5310835242,0.6330709968,-0.0050544733,1.0000000000
171,11.3830000000,left_hand,10,0.5268329382,0.6313432881,-0.0277454600,1.0000000000
172,11.4500000000,left_hand,10,0.5268329382,0.6313432881,-0.0277454600,1.0000000000
173,11.5160000000,left_hand,10,0.5268329382,0.6313432881,-0.0277454600,1.0000000000
174,11.5830000000,left_hand,10,0.5140811801,0.6261601618,-0.0958184201,1.0000000000
175,11.6490000000,left_hand,10,0.5098305941,0.6244324531,-0.1185094068,1.0000000000
176,11.7160000000,left_hand,10,0.5055800080,0.6227047443,-0.1412003934,1.0000000000
177,11.7830000000,left_hand,10,0.5291062891,0.6804989874,-0.1187660359,1.0000000000
178,11.8490000000,left_hand,10,0.5526325703,0.7382932305,-0.0963316783,1.0000000000
179,11.9160000000,left_hand,10,0.5622900724,0.7706747651,-0.0573099665,1.0000000000
180,11.9820000000,left_hand,10,0.5525664687,0.7706701159,-0.0622389056,1.0000000000
76,5.0590000000,left_hand,11,0.5543962121,0.8282411098,-0.0846307501,1.0000000000
77,5.1260000000,left_hand,11,0.5536481142,0.8252239227,-0.0753286034,1.0000000000
78,5.1920000000,left_hand,11,0.5521249771,0.8279165030,-0.0713928640,1.0000000000
79,5.2590000000,left_hand,11,0.5553416014,0.8280922174,-0.0758529082,1.0000000000
80,5.3250000000,left_hand,11,0.5555390716,0.8237276077,-0.0766960084,1.0000000000
81,5.3920000000,left_hand,11,0.5538457632,0.8229253888,-0.0740115568,1.0000000000
82,5.4590000000,left_hand,11,0.5533831716,0.8179148436,-0.0764776543,1.0000000000
83,5.5250000000,left_hand,11,0.5524257421,0.8065889478,-0.0624212809,1.0000000000
84,5.5920000000,left_hand,11,0.5525442362,0.7946040630,-0.0737149566,1.0000000000
85,5.6580000000,left_hand,11,0.5537142158,0.7879973054,-0.0689728558,1.0000000000
86,5.7250000000,left_hand,11,0.5507087708,0.7707088590,-0.0701891631,1.0000000000
87,5.7910000000,left_hand,11,0.5616340041,0.7517189384,-0.0584600084,1.0000000000
88,5.8580000000,left_hand,11,0.5494240522,0.7490236163,-0.0492384247,1.0000000000
89,5.9250000000,left_hand,11,0.5522150993,0.7018196583,-0.0624000505,1.0000000000
90,5.9910000000,left_hand,11,0.5308283567,0.6782383919,-0.0795010701,1.0000000000
91,6.0580000000,left_hand,11,0.5131595135,0.6399438381,-0.0984305963,1.0000000000
92,6.1240000000,left_hand,11,0.5072813630,0.6148241758,-0.0556071252,1.0000000000
93,6.1910000000,left_hand,11,0.4789220095,0.6144415736,-0.0768296123,1.0000000000
94,6.2570000000,left_hand,11,0.4648446441,0.6188249588,-0.0551419929,1.0000000000
95,6.3240000000,left_hand,11,0.4483019114,0.6301511526,-0.0585547648,1.0000000000
96,6.3910000000,left_hand,11,0.4479367733,0.6292504668,-0.0481398739,1.0000000000
97,6.4570000000,left_hand,11,0.4414174855,0.6252542734,-0.0520610549,1.0000000000
98,6.5240000000,left_hand,11,0.4396488070,0.6248199344,-0.0383963808,1.0000000000
99,6.5900000000,left_hand,11,0.4368878603,0.6276444197,-0.0372742414,1.0000000000
100,6.6570000000,left_hand,11,0.4314478338,0.6328755021,-0.0466513112,1.0000000000
101,6.7230000000,left_hand,11,0.4293809831,0.6292114854,-0.0359958187,1.0000000000
102,6.7900000000,left_hand,11,0.4239431322,0.6360549331,-0.0412108228,1.0000000000
103,6.8560000000,left_hand,11,0.4311823845,0.6366391182,-0.0482412502,1.0000000000
104,6.9230000000,left_hand,11,0.4553445280,0.6536815166,-0.0408196896,1.0000000000
105,6.9900000000,left_hand,11,0.4930238128,0.7130633593,-0.0698792338,1.0000000000
106,7.0560000000,left_hand,11,0.5339447260,0.7669184804,-0.0641138628,1.0000000000
107,7.1230000000,left_hand,11,0.5603148341,0.8056174517,-0.0816161484,1.0000000000
108,7.1890000000,left_hand,11,0.3503127992,0.7191394567,-0.1577163339,1.0000000000
109,7.2560000000,left_hand,11,0.5637817979,0.7904660106,-0.0648106933,1.0000000000
110,7.3220000000,left_hand,11,0.5633752346,0.7704542875,-0.0534884259,1.0000000000
111,7.3890000000,left_hand,11,0.5618725419,0.7503710985,-0.0905179381,1.0000000000
112,7.4560000000,left_hand,11,0.3452826142,0.7036763430,-0.1541247666,1.0000000000
113,7.5220000000,left_hand,11,0.5624693632,0.7188413143,-0.0356900916,1.0000000000
114,7.5890000000,left_hand,11,0.5558939576,0.6590009332,-0.0470369644,1.0000000000
115,7.6550000000,left_hand,11,0.5269255638,0.6429932117,-0.0416175835,1.0000000000
116,7.7220000000,left_hand,11,0.5026944280,0.6169068813,-0.0554535650,1.0000000000
117,7.7880000000,left_hand,11,0.4865114093,0.6113260388,-0.0561071746,1.0000000000
118,7.8550000000,left_hand,11,0.4704870582,0.6066937447,-0.0494811386,1.0000000000
119,7.9220000000,left_hand,11,0.4571940005,0.6276245713,-0.0525240339,1.0000000000
120,7.9880000000,left_hand,11,0.4491046667,0.6264896393,-0.0561240427,1.0000000000
121,8.0550000000,left_hand,11,0.4414170384,0.6307941079,-0.0613312200,1.0000000000
122,8.1210000000,left_hand,11,0.4398340583,0.6361719370,-0.0522484556,1.0000000000
123,8.1880000000,left_hand,11,0.4362238646,0.6403509974,-0.0474439859,1.0000000000
124,8.2540000000,left_hand,11,0.4334621131,0.6394208670,-0.0442013666,1.0000000000
125,8.3210000000,left_hand,11,0.4464049935,0.6542512774,-0.0491318665,1.0000000000
126,8.3880000000,left_hand,11,0.5506051183,0.7627054453,-0.0450668894,1.0000000000
127,8.4540000000,left_hand,11,0.3462525308,0.7019263506,-0.1501375437,1.0000000000
128,8.5210000000,left_hand,11,0.3473628759,0.7030885220,-0.1070609540,1.0000000000
129,8.5870000000,left_hand,11,0.5571914911,0.7428750992,-0.0733356178,1.0000000000
130,8.6540000000,left_hand,11,0.5582960248,0.7175534964,-0.0869830176,1.0000000000
131,8.7200000000,left_hand,11,0.5506549478,0.7187062502,-0.0805150717,1.0000000000
132,8.7870000000,left_hand,11,0.5477693081,0.7076835036,-0.0655754060,1.0000000000
133,8.8540000000,left_hand,11,0.5606908798,0.6569775939,-0.0663143173,1.0000000000
134,8.9200000000,left_hand,11,0.5196535587,0.6567078233,-0.0702572167,1.0000000000
135,8.9870000000,left_hand,11,0.5271334648,0.6429457664,-0.0345753096,1.0000000000
136,9.0530000000,left_hand,11,0.5094001889,0.6250036955,-0.0372047350,1.0000000000
137,9.1200000000,left_hand,11,0.4797019958,0.6237027645,-0.0450067893,1.0000000000
138,9.1860000000,left_hand,11,0.4499837160,0.6069177985,-0.0351952277,1.0000000000
139,9.2530000000,left_hand,11,0.4296572804,0.6381071806,-0.0447422825,1.0000000000
140,9.3200000000,left_hand,11,0.4304035306,0.6376520991,-0.0493166707,1.0000000000
141,9.3860000000,left_hand,11,0.4599710703,0.6538519859,-0.0197331905,1.0000000000
142,9.4530000000,left_hand,11,0.4917219877,0.7293604016,-0.0339035019,1.0000000000
143,9.5190000000,left_hand,11,0.5419607759,0.8515892029,-0.0656526908,1.0000000000
144,9.5860000000,left_hand,11,0.5411685705,0.8585150242,-0.0630753711,1.0000000000
145,9.6520000000,left_hand,11,0.5387032628,0.8372603059,-0.0626228303,1.0000000000
146,9.7190000000,left_hand,11,0.5386484861,0.8102928400,-0.0625996143,1.0000000000
147,9.7850000000,left_hand,11,0.5397562981,0.7798279524,-0.0687996075,1.0000000000
148,9.8520000000,left_hand,11,0.5449793935,0.7592840195,-0.0582340881,1.0000000000
149,9.9190000000,left_hand,11,0.5500453115,0.7387074828,-0.0673475638,1.0000000000
150,9.9850000000,left_hand,11,0.5468098521,0.7067446113,-0.0228912234,1.0000000000
151,10.0520000000,left_hand,11,0.5382077098,0.6797413230,-0.0593608432,1.0000000000
152,10.1180000000,left_hand,11,0.5248451829,0.6576995850,-0.0670291781,1.0000000000
153,10.1850000000,left_hand,11,0.4970701635,0.6371649504,-0.1003074124,1.0000000000
154,10.2510000000,left_hand,11,0.4836044908,0.6170401573,-0.0580634177,1.0000000000
155,10.3180000000,left_hand,11,0.4659207463,0.5984742641,-0.0535791367,1.0000000000
156,10.3850000000,left_hand,11,0.4501772523,0.6153150201,-0.0464624576,1.0000000000
157,10.4510000000,left_hand,11,0.4320501089,0.6215804219,-0.0565152541,1.0000000000
158,10.5180000000,left_hand,11,0.4322553277,0.6294704676,-0.0542013347,1.0000000000
159,10.5840000000,left_hand,11,0.4478525817,0.6519954205,-0.0242921561,1.0000000000
160,10.6510000000,left_hand,11,0.4708250761,0.6865379214,-0.0195902474,1.0000000000
161,10.7170000000,left_hand,11,0.5352420211,0.8293111324,-0.0706762671,1.0000000000
162,10.7840000000,left_hand,11,0.5342155099,0.8506626487,-0.0682013035,1.0000000000
163,10.8510000000,left_hand,11,0.5365141034,0.8370814323,-0.0674208626,1.0000000000
164,10.9170000000,left_hand,11,0.5361914635,0.8203611970,-0.0560257770,1.0000000000
165,10.9840000000,left_hand,11,0.5342218876,0.7875776291,-0.0565328076,1.0000000000
166,11.0500000000,left_hand,11,0.5441328883,0.7453420162,-0.0570493340,1.0000000000
167,11.1170000000,left_hand,11,0.5396540165,0.7203139067,-0.0696837455,1.0000000000
168,11.1830000000,left_hand,11,0.5370238423,0.6855268478,-0.0336496718,1.0000000000
169,11.2500000000,left_hand,11,0.5278595090,0.6298543215,0.0204900503,1.0000000000
170,11.3170000000,left_hand,11,0.5191701182,0.6318567821,-0.0046913241,1.0000000000
171,11.3830000000,left_hand,11,0.5104807275,0.6338592427,-0.0298726984,1.0000000000
172,11.4500000000,left_hand,11,0.5104807275,0.6338592427,-0.0298726984,1.0000000000
173,11.5160000000,left_hand,11,0.5104807275,0.6338592427,-0.0298726984,1.0000000000
174,11.5830000000,left_hand,11,0.4844125552,0.6398666246,-0.1054168216,1.0000000000
175,11.6490000000,left_hand,11,0.4757231644,0.6418690852,-0.1305981960,1.0000000000
176,11.7160000000,left_hand,11,0.4670337737,0.6438715458,-0.1557795703,1.0000000000
177,11.7830000000,left_hand,11,0.5022084564,0.7242705822,-0.1315405145,1.0000000000
178,11.8490000000,left_hand,11,0.5373831391,0.8046696186,-0.1073014587,1.0000000000
179,11.9160000000,left_hand,11,0.5424543023,0.8273701668,-0.0667005703,1.0000000000
180,11.9820000000,left_hand,11,0.5279420614,0.8280198574,-0.0690726787,1.0000000000
76,5.0590000000,left_hand,12,0.5291421413,0.8578794003,-0.0875162035,1.0000000000
77,5.1260000000,left_hand,12,0.5290483236,0.8526782990,-0.0770147368,1.0000000000
78,5.1920000000,left_hand,12,0.5274736881,0.8543255329,-0.0723681226,1.0000000000
79,5.2590000000,left_hand,12,0.5312642455,0.8554913998,-0.0772422105,1.0000000000
80,5.3250000000,left_hand,12,0.5316233635,0.8482512236,-0.0768625066,1.0000000000
81,5.3920000000,left_hand,12,0.5297010541,0.8471293449,-0.0749422312,1.0000000000
82,5.4590000000,left_hand,12,0.5280657411,0.8447095156,-0.0777165070,1.0000000000
83,5.5250000000,left_hand,12,0.5287814736,0.8310971260,-0.0618994832,1.0000000000
84,5.5920000000,left_hand,12,0.5281162262,0.8174811602,-0.0750837699,1.0000000000
85,5.6580000000,left_hand,12,0.5293310881,0.8088339567,-0.0703832060,1.0000000000
86,5.7250000000,left_hand,12,0.5262570381,0.7924864292,-0.0703235269,1.0000000000
87,5.7910000000,left_hand,12,0.5388609171,0.7648076415,-0.0586173050,1.0000000000
88,5.8580000000,left_hand,12,0.5272596478,0.7609264851,-0.0492840186,1.0000000000
89,5.9250000000,left_hand,12,0.5293502212,0.7018079162,-0.0623411797,1.0000000000
90,5.9910000000,left_hand,12,0.5043968558,0.6783062220,-0.0806819499,1.0000000000
91,6.0580000000,left_hand,12,0.4830694497,0.6417897940,-0.1013521850,1.0000000000
92,6.1240000000,left_hand,12,0.4849178791,0.6156482100,-0.0552442074,1.0000000000
93,6.1910000000,left_hand,12,0.4493204355,0.6156377792,-0.0809571296,1.0000000000
94,6.2570000000,left_hand,12,0.4400089383,0.6267119646,-0.0559884198,1.0000000000
95,6.3240000000,left_hand,12,0.4213735461,0.6417264938,-0.0598944500,1.0000000000
96,6.3910000000,left_hand,12,0.4227221310,0.6396597028,-0.0480019115,1.0000000000
97,6.4570000000,left_hand,12,0.4155621231,0.6351717710,-0.0536824539,1.0000000000
98,6.5240000000,left_hand,12,0.4180084765,0.6345492601,-0.0396806374,1.0000000000
99,6.5900000000,left_hand,12,0.4160447121,0.6362870932,-0.0388145819,1.0000000000
100,6.6570000000,left_hand,12,0.4094167352,0.6445427537,-0.0488940999,1.0000000000
101,6.7230000000,left_hand,12,0.4095955193,0.6425419450,-0.0364149660,1.0000000000
102,6.7900000000,left_hand,12,0.4036720395,0.6531992555,-0.0406769961,1.0000000000
103,6.8560000000,left_hand,12,0.4078676701,0.6535401344,-0.0509295203,1.0000000000
104,6.9230000000,left_hand,12,0.4356412292,0.6721801162,-0.0429689176,1.0000000000
105,6.9900000000,left_hand,12,0.4731228352,0.7428798676,-0.0771130696,1.0000000000
106,7.0560000000,left_hand,12,0.5140728354,0.8092898130,-0.0712792724,1.0000000000
107,7.1230000000,left_hand,12,0.5422765613,0.8461963534,-0.0907328054,1.0000000000
108,7.1890000000,left_hand,12,0.3687441349,0.7646910548,-0.1651176959,1.0000000000
109,7.2560000000,left_hand,12,0.5417920351,0.8212427497,-0.0690175071,1.0000000000
110,7.3220000000,left_hand,12,0.5412796736,0.7988772392,-0.0568533875,1.0000000000
111,7.3890000000,left_hand,12,0.5341848135,0.7772206664,-0.0998581052,1.0000000000
112,7.4560000000,left_hand,12,0.3648746610,0.7515645623,-0.1603799611,1.0000000000
113,7.5220000000,left_hand,12,0.5432948470,0.7313268185,-0.0411544740,1.0000000000
114,7.5890000000,left_hand,12,0.5352002978,0.6621111631,-0.0496806428,1.0000000000
115,7.6550000000,left_hand,12,0.5060809255,0.6571505070,-0.0435225256,1.0000000000
116,7.7220000000,left_hand,12,0.4790922403,0.6224113107,-0.0578472391,1.0000000000
117,7.7880000000,left_hand,12,0.4601655006,0.6195619106,-0.0584643520,1.0000000000
118,7.8550000000,left_hand,12,0.4449801445,0.6160491109,-0.0521579459,1.0000000000
119,7.9220000000,left_hand,12,0.4317994714,0.6402820349,-0.0556867979,1.0000000000
120,7.9880000000,left_hand,12,0.4226384163,0.6391761899,-0.0596091487,1.0000000000
121,8.0550000000,left_hand,12,0.4151941836,0.6426038742,-0.0639253259,1.0000000000
122,8.1210000000,left_hand,12,0.4136835039,0.6478050351,-0.0548633710,1.0000000000
123,8.1880000000,left_hand,12,0.4126352668,0.6554656029,-0.0498388745,1.0000000000
124,8.2540000000,left_hand,12,0.4088133574,0.6538668275,-0.0463028513,1.0000000000
125,8.3210000000,left_hand,12,0.4207888842,0.6695580482,-0.0535405800,1.0000000000
126,8.3880000000,left_hand,12,0.5381535292,0.7940919995,-0.0539186448,1.0000000000
127,8.4540000000,left_hand,12,0.3668424189,0.7471960783,-0.1627978235,1.0000000000
128,8.5210000000,left_hand,12,0.3674347699,0.7482245564,-0.1162071452,1.0000000000
129,8.5870000000,left_hand,12,0.5404291153,0.7691644430,-0.0764336586,1.0000000000
130,8.6540000000,left_hand,12,0.5392488837,0.7429652214,-0.0902829990,1.0000000000
131,8.7200000000,left_hand,12,0.5254992247,0.7376036048,-0.0822471455,1.0000000000
132,8.7870000000,left_hand,12,0.5277324915,0.7165468335,-0.0633347332,1.0000000000
133,8.8540000000,left_hand,12,0.5414576530,0.6639304757,-0.0712826326,1.0000000000
134,8.9200000000,left_hand,12,0.4971516728,0.6629242301,-0.0762031898,1.0000000000
135,8.9870000000,left_hand,12,0.5094007254,0.6569520831,-0.0391151942,1.0000000000
136,9.0530000000,left_hand,12,0.4944652617,0.6305352449,-0.0410907976,1.0000000000
137,9.1200000000,left_hand,12,0.4584710896,0.6303189397,-0.0485867523,1.0000000000
138,9.1860000000,left_hand,12,0.4272781610,0.6110817790,-0.0373915881,1.0000000000
139,9.2530000000,left_hand,12,0.4062600732,0.6513702869,-0.0469811447,1.0000000000
140,9.3200000000,left_hand,12,0.4068027735,0.6502870321,-0.0520662293,1.0000000000
141,9.3860000000,left_hand,12,0.4386374950,0.6640937924,-0.0248174760,1.0000000000
142,9.4530000000,left_hand,12,0.4767487645,0.7554012537,-0.0403579511,1.0000000000
143,9.5190000000,left_hand,12,0.5319681764,0.8985797167,-0.0759138912,1.0000000000
144,9.5860000000,left_hand,12,0.5242802501,0.9003593922,-0.0685455352,1.0000000000
145,9.6520000000,left_hand,12,0.5209664106,0.8778960705,-0.0671474934,1.0000000000
146,9.7190000000,left_hand,12,0.5190860033,0.8492726088,-0.0682902336,1.0000000000
147,9.7850000000,left_hand,12,0.5189843774,0.8172560334,-0.0753791779,1.0000000000
148,9.8520000000,left_hand,12,0.5245735049,0.7853588462,-0.0627903938,1.0000000000
149,9.9190000000,left_hand,12,0.5300247073,0.7504470944,-0.0665038228,1.0000000000
150,9.9850000000,left_hand,12,0.5370907784,0.7001561522,-0.0177926868,1.0000000000
151,10.0520000000,left_hand,12,0.5188921690,0.6811735034,-0.0580577813,1.0000000000
152,10.1180000000,left_hand,12,0.5048533678,0.6607518792,-0.0663094372,1.0000000000
153,10.1850000000,left_hand,12,0.4685860276,0.6362735033,-0.1025843695,1.0000000000
154,10.2510000000,left_hand,12,0.4627028704,0.6168820858,-0.0586172678,1.0000000000
155,10.3180000000,left_hand,12,0.4413980842,0.6003604531,-0.0540807918,1.0000000000
156,10.3850000000,left_hand,12,0.4250902236,0.6206886768,-0.0490596555,1.0000000000
157,10.4510000000,left_hand,12,0.4044922888,0.6298106909,-0.0602476634,1.0000000000
158,10.5180000000,left_hand,12,0.4057989120,0.6395989656,-0.0566451401,1.0000000000
159,10.5840000000,left_hand,12,0.4276328087,0.6614145041,-0.0276782122,1.0000000000
160,10.6510000000,left_hand,12,0.4498932362,0.6946589947,-0.0228325110,1.0000000000
161,10.7170000000,left_hand,12,0.5180280209,0.8752111197,-0.0828630552,1.0000000000
162,10.7840000000,left_hand,12,0.5155879259,0.8926551938,-0.0737164468,1.0000000000
163,10.8510000000,left_hand,12,0.5172247291,0.8757339716,-0.0724930614,1.0000000000
164,10.9170000000,left_hand,12,0.5162969828,0.8569656610,-0.0612864532,1.0000000000
165,10.9840000000,left_hand,12,0.5136024952,0.8207572699,-0.0598671958,1.0000000000
166,11.0500000000,left_hand,12,0.5247537494,0.7770753503,-0.0613392778,1.0000000000
167,11.1170000000,left_hand,12,0.5162969232,0.7342810631,-0.0689907894,1.0000000000
168,11.1830000000,left_hand,12,0.5211788416,0.6888141632,-0.0312578976,1.0000000000
169,11.2500000000,left_hand,12,0.5262637734,0.6253362894,0.0214261226,1.0000000000
170,11.3170000000,left_hand,12,0.5145461900,0.6311254586,-0.0053972698,1.0000000000
171,11.3830000000,left_hand,12,0.5028286065,0.6369146279,-0.0322206622,1.0000000000
172,11.4500000000,left_hand,12,0.5028286065,0.6369146279,-0.0322206622,1.0000000000
173,11.5160000000,left_hand,12,0.5028286065,0.6369146279,-0.0322206622,1.0000000000
174,11.5830000000,left_hand,12,0.4676758562,0.6542821356,-0.1126908394,1.0000000000
175,11.6490000000,left_hand,12,0.4559582727,0.6600713049,-0.1395142318,1.0000000000
176,11.7160000000,left_hand,12,0.4442406893,0.6658604741,-0.1663376242,1.0000000000
177,11.7830000000,left_hand,12,0.4860973656,0.7585300207,-0.1410617754,1.0000000000
178,11.8490000000,left_hand,12,0.5279540420,0.8511995673,-0.1157859266,1.0000000000
179,11.9160000000,left_hand,12,0.5248117447,0.8661395907,-0.0740012974,1.0000000000
180,11.9820000000,left_hand,12,0.5075467825,0.8662071228,-0.0734808370,1.0000000000
76,5.0590000000,left_hand,13,0.6534750462,0.7215622067,-0.0572472587,1.0000000000
77,5.1260000000,left_hand,13,0.6534061432,0.7175245285,-0.0519861653,1.0000000000
78,5.1920000000,left_hand,13,0.6527992487,0.7173846960,-0.0498726405,1.0000000000
79,5.2590000000,left_hand,13,0.6545922756,0.7200755477,-0.0517928638,1.0000000000
80,5.3250000000,left_hand,13,0.6556341052,0.7126256824,-0.0528783351,1.0000000000
81,5.3920000000,left_hand,13,0.6556473970,0.7084313631,-0.0527740084,1.0000000000
82,5.4590000000,left_hand,13,0.6545835137,0.7160765529,-0.0514908731,1.0000000000
83,5.5250000000,left_hand,13,0.6519325376,0.7016226053,-0.0462323725,1.0000000000
84,5.5920000000,left_hand,13,0.6541669965,0.6974813342,-0.0543832034,1.0000000000
85,5.6580000000,left_hand,13,0.6540210843,0.6913668513,-0.0509866625,1.0000000000
86,5.7250000000,left_hand,13,0.6543315649,0.6848216653,-0.0536565892,1.0000000000
87,5.7910000000,left_hand,13,0.6573577523,0.6813725233,-0.0425410345,1.0000000000
88,5.8580000000,left_hand,13,0.6452977657,0.7040493488,-0.0337822400,1.0000000000
89,5.9250000000,left_hand,13,0.6465159059,0.6719606519,-0.0391354710,1.0000000000
90,5.9910000000,left_hand,13,0.6295638680,0.6676535606,-0.0504960902,1.0000000000
91,6.0580000000,left_hand,13,0.6208526492,0.6470617652,-0.0640450493,1.0000000000
92,6.1240000000,left_hand,13,0.6010969877,0.6310431361,-0.0405585878,1.0000000000
93,6.1910000000,left_hand,13,0.5872868299,0.6348315477,-0.0498979278,1.0000000000
94,6.2570000000,left_hand,13,0.5690643191,0.6343054771,-0.0391403995,1.0000000000
95,6.3240000000,left_hand,13,0.5588276982,0.6362110376,-0.0410860628,1.0000000000
96,6.3910000000,left_hand,13,0.5533608198,0.6305485964,-0.0359438583,1.0000000000
97,6.4570000000,left_hand,13,0.5484179854,0.6263173819,-0.0391581655,1.0000000000
98,6.5240000000,left_hand,13,0.5405176282,0.6264281273,-0.0312434323,1.0000000000
99,6.5900000000,left_hand,13,0.5365059972,0.6255625486,-0.0301375706,1.0000000000
100,6.6570000000,left_hand,13,0.5325594544,0.6181453466,-0.0350272544,1.0000000000
101,6.7230000000,left_hand,13,0.5298603773,0.6199503541,-0.0317919999,1.0000000000
102,6.7900000000,left_hand,13,0.5308235288,0.6175175905,-0.0344686843,1.0000000000
103,6.8560000000,left_hand,13,0.5328300595,0.6164466739,-0.0381604880,1.0000000000
104,6.9230000000,left_hand,13,0.5511715412,0.6215052009,-0.0319046825,1.0000000000
105,6.9900000000,left_hand,13,0.5891163349,0.6363730431,-0.0469112061,1.0000000000
106,7.0560000000,left_hand,13,0.6254156828,0.6603955626,-0.0453330874,1.0000000000
107,7.1230000000,left_hand,13,0.6419023871,0.6959275603,-0.0502955355,1.0000000000
108,7.1890000000,left_hand,13,0.3078295588,0.5244672894,-0.0948754027,1.0000000000
109,7.2560000000,left_hand,13,0.6560739279,0.7017275095,-0.0424895659,1.0000000000
110,7.3220000000,left_hand,13,0.6565428376,0.6973168254,-0.0364387631,1.0000000000
111,7.3890000000,left_hand,13,0.6588799953,0.6864759326,-0.0562431887,1.0000000000
112,7.4560000000,left_hand,13,0.2995288372,0.5022152066,-0.0928525478,1.0000000000
113,7.5220000000,left_hand,13,0.6412597299,0.6811918020,-0.0198498312,1.0000000000
114,7.5890000000,left_hand,13,0.6381668448,0.6555983424,-0.0335269421,1.0000000000
115,7.6550000000,left_hand,13,0.6163410544,0.6400645971,-0.0291213784,1.0000000000
116,7.7220000000,left_hand,13,0.6009910703,0.6168408990,-0.0404327400,1.0000000000
117,7.7880000000,left_hand,13,0.5911552310,0.6155273318,-0.0393890813,1.0000000000
118,7.8550000000,left_hand,13,0.5724235177,0.6187375188,-0.0370490067,1.0000000000
119,7.9220000000,left_hand,13,0.5669289231,0.6224483252,-0.0397454947,1.0000000000
120,7.9880000000,left_hand,13,0.5587816238,0.6267051101,-0.0388110317,1.0000000000
121,8.0550000000,left_hand,13,0.5511254072,0.6238511205,-0.0428663120,1.0000000000
122,8.1210000000,left_hand,13,0.5489256382,0.6207417846,-0.0405664258,1.0000000000
123,8.1880000000,left_hand,13,0.5419481993,0.6219429374,-0.0388769954,1.0000000000
124,8.2540000000,left_hand,13,0.5392371416,0.6263555288,-0.0359944105,1.0000000000
125,8.3210000000,left_hand,13,0.5503045917,0.6313992143,-0.0369795375,1.0000000000
126,8.3880000000,left_hand,13,0.6158775091,0.6768069267,-0.0277940389,1.0000000000
127,8.4540000000,left_hand,13,0.2508052588,0.5799998045,-0.0987308621,1.0000000000
128,8.5210000000,left_hand,13,0.2503845394,0.5653089285,-0.0743533447,1.0000000000
129,8.5870000000,left_hand,13,0.6308702230,0.6606339812,-0.0478440709,1.0000000000
130,8.6540000000,left_hand,13,0.6379047632,0.6501507163,-0.0577401742,1.0000000000
131,8.7200000000,left_hand,13,0.6408578753,0.6631202698,-0.0514913574,1.0000000000
132,8.7870000000,left_hand,13,0.6439138651,0.6473637223,-0.0463652872,1.0000000000
133,8.8540000000,left_hand,13,0.6229715943,0.6344280243,-0.0416579023,1.0000000000
134,8.9200000000,left_hand,13,0.5986503363,0.6273382902,-0.0427577794,1.0000000000
135,8.9870000000,left_hand,13,0.5895867348,0.6253418922,-0.0214235354,1.0000000000
136,9.0530000000,left_hand,13,0.5730733275,0.6286526322,-0.0218234621,1.0000000000
137,9.1200000000,left_hand,13,0.5608926415,0.6214213967,-0.0308069866,1.0000000000
138,9.1860000000,left_hand,13,0.5407215953,0.6199154854,-0.0245290902,1.0000000000
139,9.2530000000,left_hand,13,0.5249450803,0.6325662732,-0.0321581513,1.0000000000
140,9.3200000000,left_hand,13,0.5308629274,0.6347330809,-0.0373065881,1.0000000000
141,9.3860000000,left_hand,13,0.5484915376,0.6470924616,-0.0151892686,1.0000000000
142,9.4530000000,left_hand,13,0.5756276250,0.6800724268,-0.0249551181,1.0000000000
143,9.5190000000,left_hand,13,0.6064128876,0.7056696415,-0.0373186506,1.0000000000
144,9.5860000000,left_hand,13,0.6147583723,0.7284494042,-0.0447518602,1.0000000000
145,9.6520000000,left_hand,13,0.6164175868,0.7215738893,-0.0444932766,1.0000000000
146,9.7190000000,left_hand,13,0.6225531697,0.7041188478,-0.0422445126,1.0000000000
147,9.7850000000,left_hand,13,0.6210424304,0.6884601116,-0.0446377248,1.0000000000
148,9.8520000000,left_hand,13,0.6247622967,0.6740717888,-0.0392983295,1.0000000000
149,9.9190000000,left_hand,13,0.6328862906,0.6578345299,-0.0478271767,1.0000000000
150,9.9850000000,left_hand,13,0.6256022453,0.6704024076,-0.0205609091,1.0000000000
151,10.0520000000,left_hand,13,0.6294357777,0.6473119855,-0.0422016680,1.0000000000
152,10.1180000000,left_hand,13,0.6203136444,0.6390476227,-0.0464785881,1.0000000000
153,10.1850000000,left_hand,13,0.6048015356,0.6388862729,-0.0652908161,1.0000000000
154,10.2510000000,left_hand,13,0.5830270648,0.6282874346,-0.0394021608,1.0000000000
155,10.3180000000,left_hand,13,0.5665494204,0.6206380129,-0.0379775129,1.0000000000
156,10.3850000000,left_hand,13,0.5485197902,0.6309108138,-0.0309151765,1.0000000000
157,10.4510000000,left_hand,13,0.5417983532,0.6293629408,-0.0361019745,1.0000000000
158,10.5180000000,left_hand,13,0.5420271158,0.6290745735,-0.0370729156,1.0000000000
159,10.5840000000,left_hand,13,0.5401924253,0.6476206183,-0.0195054431,1.0000000000
160,10.6510000000,left_hand,13,0.5674621463,0.6757389903,-0.0108115887,1.0000000000
161,10.7170000000,left_hand,13,0.6058567166,0.7011997700,-0.0385221913,1.0000000000
162,10.7840000000,left_hand,13,0.6116034985,0.7213246822,-0.0439391099,1.0000000000
163,10.8510000000,left_hand,13,0.6138209105,0.7133851647,-0.0429860502,1.0000000000
164,10.9170000000,left_hand,13,0.6170223355,0.7125653028,-0.0370112956,1.0000000000
165,10.9840000000,left_hand,13,0.6204794049,0.6909235120,-0.0391582996,1.0000000000
166,11.0500000000,left_hand,13,0.6264001131,0.6561807990,-0.0382414237,1.0000000000
167,11.1170000000,left_hand,13,0.6310921907,0.6433666945,-0.0442729443,1.0000000000
168,11.1830000000,left_hand,13,0.6228574514,0.6391192079,-0.0265857391,1.0000000000
169,11.2500000000,left_hand,13,0.5680149198,0.6459701657,0.0133661414,1.0000000000
170,11.3170000000,left_hand,13,0.5671202881,0.6438525489,-0.0025169405,1.0000000000
171,11.3830000000,left_hand,13,0.5662256564,0.6417349322,-0.0184000224,1.0000000000
172,11.4500000000,left_hand,13,0.5662256564,0.6417349322,-0.0184000224,1.0000000000
173,11.5160000000,left_hand,13,0.5662256564,0.6417349322,-0.0184000224,1.0000000000
174,11.5830000000,left_hand,13,0.5635417615,0.6353820818,-0.0660492679,1.0000000000
175,11.6490000000,left_hand,13,0.5626471298,0.6332644650,-0.0819323498,1.0000000000
176,11.7160000000,left_hand,13,0.5617524981,0.6311468482,-0.0978154317,1.0000000000
177,11.7830000000,left_hand,13,0.5806719661,0.6505719125,-0.0846179239,1.0000000000
178,11.8490000000,left_hand,13,0.5995914340,0.6699969769,-0.0714204162,1.0000000000
179,11.9160000000,left_hand,13,0.6120445132,0.7053939104,-0.0424552523,1.0000000000
180,11.9820000000,left_hand,13,0.6126792431,0.7008671761,-0.0480417944,1.0000000000
76,5.0590000000,left_hand,14,0.6154006124,0.8174723387,-0.0731731281,1.0000000000
77,5.1260000000,left_hand,14,0.6157224774,0.8126716614,-0.0667966306,1.0000000000
78,5.1920000000,left_hand,14,0.6146957874,0.8168019652,-0.0638322160,1.0000000000
79,5.2590000000,left_hand,14,0.6153955460,0.8145080209,-0.0669363290,1.0000000000
80,5.3250000000,left_hand,14,0.6179144979,0.8113076687,-0.0674551055,1.0000000000
81,5.3920000000,left_hand,14,0.6174436212,0.8074765205,-0.0661403462,1.0000000000
82,5.4590000000,left_hand,14,0.6157132983,0.8081030846,-0.0662107840,1.0000000000
83,5.5250000000,left_hand,14,0.6160641909,0.7967758775,-0.0566547364,1.0000000000
84,5.5920000000,left_hand,14,0.6161537170,0.7888176441,-0.0656075701,1.0000000000
85,5.6580000000,left_hand,14,0.6163538694,0.7797985077,-0.0627254397,1.0000000000
86,5.7250000000,left_hand,14,0.6106326580,0.7687585354,-0.0649717301,1.0000000000
87,5.7910000000,left_hand,14,0.6184014082,0.7583646774,-0.0517054461,1.0000000000
88,5.8580000000,left_hand,14,0.6008736491,0.7580078244,-0.0413473211,1.0000000000
89,5.9250000000,left_hand,14,0.5973784924,0.7165899873,-0.0497876257,1.0000000000
90,5.9910000000,left_hand,14,0.5755288601,0.7068881392,-0.0647696555,1.0000000000
91,6.0580000000,left_hand,14,0.5622264147,0.6779477596,-0.0812592953,1.0000000000
92,6.1240000000,left_hand,14,0.5511046648,0.6523377299,-0.0473178849,1.0000000000
93,6.1910000000,left_hand,14,0.5299853086,0.6674981117,-0.0661057308,1.0000000000
94,6.2570000000,left_hand,14,0.5134198666,0.6672828197,-0.0495456122,1.0000000000
95,6.3240000000,left_hand,14,0.5031593442,0.6720000505,-0.0522861779,1.0000000000
96,6.3910000000,left_hand,14,0.5020086765,0.6731536984,-0.0447409227,1.0000000000
97,6.4570000000,left_hand,14,0.4957225919,0.6691605449,-0.0485365279,1.0000000000
98,6.5240000000,left_hand,14,0.4909995496,0.6676615477,-0.0374725647,1.0000000000
99,6.5900000000,left_hand,14,0.4866767228,0.6700626016,-0.0374944173,1.0000000000
100,6.6570000000,left_hand,14,0.4811041057,0.6700807214,-0.0450283699,1.0000000000
101,6.7230000000,left_hand,14,0.4786494672,0.6626548767,-0.0380168222,1.0000000000
102,6.7900000000,left_hand,14,0.4768432379,0.6665701866,-0.0424497463,1.0000000000
103,6.8560000000,left_hand,14,0.4831556380,0.6660956740,-0.0483589806,1.0000000000
104,6.9230000000,left_hand,14,0.5086049438,0.6654648781,-0.0377034917,1.0000000000
105,6.9900000000,left_hand,14,0.5535327792,0.6972203255,-0.0631296262,1.0000000000
106,7.0560000000,left_hand,14,0.5958695412,0.7392678261,-0.0576116852,1.0000000000
107,7.1230000000,left_hand,14,0.6128042936,0.7785052657,-0.0716828108,1.0000000000
108,7.1890000000,left_hand,14,0.3428146839,0.6112322807,-0.1258400679,1.0000000000
109,7.2560000000,left_hand,14,0.6261922121,0.7789901495,-0.0592907369,1.0000000000
110,7.3220000000,left_hand,14,0.6253792644,0.7721821070,-0.0490220264,1.0000000000
111,7.3890000000,left_hand,14,0.6206986904,0.7565481067,-0.0785397664,1.0000000000
112,7.4560000000,left_hand,14,0.3361142278,0.5966624022,-0.1227440909,1.0000000000
113,7.5220000000,left_hand,14,0.6102879643,0.7386984825,-0.0308553297,1.0000000000
114,7.5890000000,left_hand,14,0.5974357128,0.7031652331,-0.0442346148,1.0000000000
115,7.6550000000,left_hand,14,0.5719001293,0.6852561831,-0.0377468355,1.0000000000
116,7.7220000000,left_hand,14,0.5498827100,0.6592116356,-0.0517784692,1.0000000000
117,7.7880000000,left_hand,14,0.5381594300,0.6540942192,-0.0504064858,1.0000000000
118,7.8550000000,left_hand,14,0.5208735466,0.6586024761,-0.0475281477,1.0000000000
119,7.9220000000,left_hand,14,0.5128251910,0.6648851633,-0.0511743762,1.0000000000
120,7.9880000000,left_hand,14,0.5072219372,0.6671473980,-0.0502133332,1.0000000000
121,8.0550000000,left_hand,14,0.4992683232,0.6665327549,-0.0553559475,1.0000000000
122,8.1210000000,left_hand,14,0.4974431992,0.6674619913,-0.0505655110,1.0000000000
123,8.1880000000,left_hand,14,0.4896144867,0.6702538729,-0.0483704396,1.0000000000
124,8.2540000000,left_hand,14,0.4889051616,0.6703763604,-0.0443335213,1.0000000000
125,8.3210000000,left_hand,14,0.5044488311,0.6809501052,-0.0476152413,1.0000000000
126,8.3880000000,left_hand,14,0.5872072577,0.7369390726,-0.0363218263,1.0000000000
127,8.4540000000,left_hand,14,0.2889212072,0.6664880514,-0.1353859603,1.0000000000
128,8.5210000000,left_hand,14,0.2910330296,0.6627132297,-0.0976843238,1.0000000000
129,8.5870000000,left_hand,14,0.6029406190,0.7280412316,-0.0635042414,1.0000000000
130,8.6540000000,left_hand,14,0.6066159010,0.7152431607,-0.0758812428,1.0000000000
131,8.7200000000,left_hand,14,0.5991426110,0.7228947878,-0.0678137541,1.0000000000
132,8.7870000000,left_hand,14,0.5988186002,0.7090513110,-0.0566117316,1.0000000000
133,8.8540000000,left_hand,14,0.5911514163,0.6688331962,-0.0517425016,1.0000000000
134,8.9200000000,left_hand,14,0.5578616858,0.6710668802,-0.0586470962,1.0000000000
135,8.9870000000,left_hand,14,0.5574210286,0.6502998471,-0.0275942702,1.0000000000
136,9.0530000000,left_hand,14,0.5405565500,0.6482117772,-0.0291101113,1.0000000000
137,9.1200000000,left_hand,14,0.5215374827,0.6486402154,-0.0371368825,1.0000000000
138,9.1860000000,left_hand,14,0.4973515868,0.6426530480,-0.0294421483,1.0000000000
139,9.2530000000,left_hand,14,0.4782967865,0.6733797789,-0.0411997400,1.0000000000
140,9.3200000000,left_hand,14,0.4832689166,0.6836611032,-0.0471098833,1.0000000000
141,9.3860000000,left_hand,14,0.5130422711,0.6863645911,-0.0181282852,1.0000000000
142,9.4530000000,left_hand,14,0.5468297601,0.7294691205,-0.0311043896,1.0000000000
143,9.5190000000,left_hand,14,0.5881159902,0.7985883951,-0.0528808981,1.0000000000
144,9.5860000000,left_hand,14,0.5937005877,0.8214441538,-0.0581469834,1.0000000000
145,9.6520000000,left_hand,14,0.5915360451,0.8122669458,-0.0584054850,1.0000000000
146,9.7190000000,left_hand,14,0.5945063233,0.7886145115,-0.0558184087,1.0000000000
147,9.7850000000,left_hand,14,0.5918172598,0.7663584352,-0.0604554750,1.0000000000
148,9.8520000000,left_hand,14,0.5932282805,0.7506549954,-0.0526021942,1.0000000000
149,9.9190000000,left_hand,14,0.5990506411,0.7381404042,-0.0622663833,1.0000000000
150,9.9850000000,left_hand,14,0.5912113786,0.7286748886,-0.0214508306,1.0000000000
151,10.0520000000,left_hand,14,0.5799701214,0.6941236258,-0.0496868491,1.0000000000
152,10.1180000000,left_hand,14,0.5695017576,0.6778638363,-0.0556820445,1.0000000000
153,10.1850000000,left_hand,14,0.5464180112,0.6719267368,-0.0837242752,1.0000000000
154,10.2510000000,left_hand,14,0.5281074047,0.6594766974,-0.0490623266,1.0000000000
155,10.3180000000,left_hand,14,0.5125479102,0.6410215497,-0.0448120050,1.0000000000
156,10.3850000000,left_hand,14,0.4999613762,0.6652244329,-0.0392498635,1.0000000000
157,10.4510000000,left_hand,14,0.4890562594,0.6694210768,-0.0475417301,1.0000000000
158,10.5180000000,left_hand,14,0.4910886586,0.6820489764,-0.0489720143,1.0000000000
159,10.5840000000,left_hand,14,0.4979238808,0.6790212393,-0.0233782213,1.0000000000
160,10.6510000000,left_hand,14,0.5313007832,0.7216669917,-0.0147410277,1.0000000000
161,10.7170000000,left_hand,14,0.5900808573,0.7898543477,-0.0582298040,1.0000000000
162,10.7840000000,left_hand,14,0.5897573233,0.8130338788,-0.0593387634,1.0000000000
163,10.8510000000,left_hand,14,0.5914333463,0.8065499067,-0.0604048781,1.0000000000
164,10.9170000000,left_hand,14,0.5940834880,0.7971126437,-0.0504202507,1.0000000000
165,10.9840000000,left_hand,14,0.5917925239,0.7737992406,-0.0525747463,1.0000000000
166,11.0500000000,left_hand,14,0.5951648951,0.7316269279,-0.0500589609,1.0000000000
167,11.1170000000,left_hand,14,0.5904069543,0.7182430625,-0.0600893870,1.0000000000
168,11.1830000000,left_hand,14,0.5799711943,0.6894927621,-0.0307456665,1.0000000000
169,11.2500000000,left_hand,14,0.5470156670,0.6484599710,0.0227157753,1.0000000000
170,11.3170000000,left_hand,14,0.5428571360,0.6494520307,-0.0000852320,1.0000000000
171,11.3830000000,left_hand,14,0.5386986051,0.6504440904,-0.0228862393,1.0000000000
172,11.4500000000,left_hand,14,0.5386986051,0.6504440904,-0.0228862393,1.0000000000
173,11.5160000000,left_hand,14,0.5386986051,0.6504440904,-0.0228862393,1.0000000000
174,11.5830000000,left_hand,14,0.5262230124,0.6534202695,-0.0912892611,1.0000000000
175,11.6490000000,left_hand,14,0.5220644815,0.6544123292,-0.1140902684,1.0000000000
176,11.7160000000,left_hand,14,0.5179059505,0.6554043889,-0.1368912756,1.0000000000
177,11.7830000000,left_hand,14,0.5509041548,0.7103493214,-0.1160651296,1.0000000000
178,11.8490000000,left_hand,14,0.5839023590,0.7652942538,-0.0952389836,1.0000000000
179,11.9160000000,left_hand,14,0.5910158753,0.7973541617,-0.0575462580,1.0000000000
180,11.9820000000,left_hand,14,0.5840584040,0.7979830503,-0.0626574680,1.0000000000
76,5.0590000000,left_hand,15,0.5845093727,0.8626686931,-0.0787655190,1.0000000000
77,5.1260000000,left_hand,15,0.5851485729,0.8583437204,-0.0719290152,1.0000000000
78,5.1920000000,left_hand,15,0.5837653279,0.8609166145,-0.0681893751,1.0000000000
79,5.2590000000,left_hand,15,0.5853751898,0.8605595231,-0.0707027763,1.0000000000
80,5.3250000000,left_hand,15,0.5876411796,0.8565186262,-0.0709742680,1.0000000000
81,5.3920000000,left_hand,15,0.5886477232,0.8533085585,-0.0708823279,1.0000000000
82,5.4590000000,left_hand,15,0.5859908462,0.8519152999,-0.0701672286,1.0000000000
83,5.5250000000,left_hand,15,0.5891939998,0.8371570706,-0.0591820441,1.0000000000
84,5.5920000000,left_hand,15,0.5877664089,0.8305748105,-0.0698169395,1.0000000000
85,5.6580000000,left_hand,15,0.5882146955,0.8173641562,-0.0664493516,1.0000000000
86,5.7250000000,left_hand,15,0.5824157000,0.8069874644,-0.0666912496,1.0000000000
87,5.7910000000,left_hand,15,0.5906671286,0.7925938964,-0.0538789742,1.0000000000
88,5.8580000000,left_hand,15,0.5698024035,0.7790321112,-0.0435538888,1.0000000000
89,5.9250000000,left_hand,15,0.5640057921,0.7222110629,-0.0491640680,1.0000000000
90,5.9910000000,left_hand,15,0.5410381556,0.7116637826,-0.0682366863,1.0000000000
91,6.0580000000,left_hand,15,0.5216165185,0.6839249730,-0.0868965834,1.0000000000
92,6.1240000000,left_hand,15,0.5283180475,0.6432609558,-0.0428512283,1.0000000000
93,6.1910000000,left_hand,15,0.4910268188,0.6759798527,-0.0729846954,1.0000000000
94,6.2570000000,left_hand,15,0.4785702229,0.6800730228,-0.0522279441,1.0000000000
95,6.3240000000,left_hand,15,0.4680678546,0.6904563904,-0.0561420023,1.0000000000
96,6.3910000000,left_hand,15,0.4706447423,0.6950662732,-0.0454738215,1.0000000000
97,6.4570000000,left_hand,15,0.4626169503,0.6921133995,-0.0514226630,1.0000000000
98,6.5240000000,left_hand,15,0.4606403112,0.6928920150,-0.0396745056,1.0000000000
99,6.5900000000,left_hand,15,0.4559829235,0.6976293921,-0.0409222953,1.0000000000
100,6.6570000000,left_hand,15,0.4490346014,0.6997712851,-0.0503752977,1.0000000000
101,6.7230000000,left_hand,15,0.4495126009,0.6864553094,-0.0396861881,1.0000000000
102,6.7900000000,left_hand,15,0.4477516413,0.6941864491,-0.0426191352,1.0000000000
103,6.8560000000,left_hand,15,0.4529171586,0.6977949142,-0.0517219305,1.0000000000
104,6.9230000000,left_hand,15,0.4841634929,0.6931059957,-0.0375608616,1.0000000000
105,6.9900000000,left_hand,15,0.5312411189,0.7416225672,-0.0680682585,1.0000000000
106,7.0560000000,left_hand,15,0.5731076598,0.7937077284,-0.0639612824,1.0000000000
107,7.1230000000,left_hand,15,0.5903956890,0.8320881724,-0.0814988241,1.0000000000
108,7.1890000000,left_hand,15,0.3667792082,0.6727269888,-0.1335033327,1.0000000000
109,7.2560000000,left_hand,15,0.5994772911,0.8230383396,-0.0653268471,1.0000000000
110,7.3220000000,left_hand,15,0.6005095243,0.8135666847,-0.0546459518,1.0000000000
111,7.3890000000,left_hand,15,0.5911746025,0.7984657884,-0.0903915912,1.0000000000
112,7.4560000000,left_hand,15,0.3594278097,0.6594475508,-0.1291107833,1.0000000000
113,7.5220000000,left_hand,15,0.5856190920,0.7711742520,-0.0391166173,1.0000000000
114,7.5890000000,left_hand,15,0.5675473809,0.7325273752,-0.0489009731,1.0000000000
115,7.6550000000,left_hand,15,0.5412704945,0.7070391178,-0.0424192436,1.0000000000
116,7.7220000000,left_hand,15,0.5162283778,0.6804376841,-0.0573634095,1.0000000000
117,7.7880000000,left_hand,15,0.5040056705,0.6717859507,-0.0550995469,1.0000000000
118,7.8550000000,left_hand,15,0.4863459468,0.6791738868,-0.0528391674,1.0000000000
119,7.9220000000,left_hand,15,0.4782046676,0.6906552911,-0.0576569289,1.0000000000
120,7.9880000000,left_hand,15,0.4729717374,0.6935552955,-0.0558208264,1.0000000000
121,8.0550000000,left_hand,15,0.4656933546,0.6929011345,-0.0596644431,1.0000000000
122,8.1210000000,left_hand,15,0.4655048251,0.6971318722,-0.0538511649,1.0000000000
123,8.1880000000,left_hand,15,0.4586053491,0.7003630996,-0.0525785387,1.0000000000
124,8.2540000000,left_hand,15,0.4581462741,0.6993858218,-0.0471759997,1.0000000000
125,8.3210000000,left_hand,15,0.4752782285,0.7129840255,-0.0531007312,1.0000000000
126,8.3880000000,left_hand,15,0.5719558001,0.7744091749,-0.0409594178,1.0000000000
127,8.4540000000,left_hand,15,0.3151381314,0.7196387053,-0.1508427560,1.0000000000
128,8.5210000000,left_hand,15,0.3155244291,0.7178271413,-0.1065727100,1.0000000000
129,8.5870000000,left_hand,15,0.5815395713,0.7656174898,-0.0696032867,1.0000000000
130,8.6540000000,left_hand,15,0.5818927288,0.7538650036,-0.0831531882,1.0000000000
131,8.7200000000,left_hand,15,0.5660203099,0.7468127012,-0.0729776919,1.0000000000
132,8.7870000000,left_hand,15,0.5704044700,0.7149440050,-0.0529028922,1.0000000000
133,8.8540000000,left_hand,15,0.5653573275,0.6806237698,-0.0535750017,1.0000000000
134,8.9200000000,left_hand,15,0.5267702937,0.6850905418,-0.0661123618,1.0000000000
135,8.9870000000,left_hand,15,0.5376359224,0.6640834212,-0.0284171142,1.0000000000
136,9.0530000000,left_hand,15,0.5192142725,0.6594247222,-0.0305373482,1.0000000000
137,9.1200000000,left_hand,15,0.4954366088,0.6577640772,-0.0384826399,1.0000000000
138,9.1860000000,left_hand,15,0.4734028280,0.6507183909,-0.0297814701,1.0000000000
139,9.2530000000,left_hand,15,0.4477742910,0.6955962181,-0.0446828976,1.0000000000
140,9.3200000000,left_hand,15,0.4512484372,0.7137401104,-0.0525156222,1.0000000000
141,9.3860000000,left_hand,15,0.4878504574,0.7134103179,-0.0218802784,1.0000000000
142,9.4530000000,left_hand,15,0.5326699018,0.7685338259,-0.0335516818,1.0000000000
143,9.5190000000,left_hand,15,0.5771026015,0.8620457649,-0.0621146895,1.0000000000
144,9.5860000000,left_hand,15,0.5757004619,0.8811928630,-0.0648471192,1.0000000000
145,9.6520000000,left_hand,15,0.5731605291,0.8666567802,-0.0646403208,1.0000000000
146,9.7190000000,left_hand,15,0.5741066933,0.8421241641,-0.0635102764,1.0000000000
147,9.7850000000,left_hand,15,0.5702037811,0.8159825802,-0.0689900294,1.0000000000
148,9.8520000000,left_hand,15,0.5672751665,0.7924182415,-0.0586245283,1.0000000000
149,9.9190000000,left_hand,15,0.5687256455,0.7673804760,-0.0630063266,1.0000000000
150,9.9850000000,left_hand,15,0.5689159036,0.7354925871,-0.0149254855,1.0000000000
151,10.0520000000,left_hand,15,0.5527268648,0.6969999075,-0.0462233536,1.0000000000
152,10.1180000000,left_hand,15,0.5385050774,0.6822479963,-0.0540238135,1.0000000000
153,10.1850000000,left_hand,15,0.5060631037,0.6781591177,-0.0885611176,1.0000000000
154,10.2510000000,left_hand,15,0.4957549572,0.6660495996,-0.0505190454,1.0000000000
155,10.3180000000,left_hand,15,0.4801641107,0.6445609331,-0.0449058525,1.0000000000
156,10.3850000000,left_hand,15,0.4675142765,0.6838639975,-0.0446893014,1.0000000000
157,10.4510000000,left_hand,15,0.4541476667,0.6920576096,-0.0544085205,1.0000000000
158,10.5180000000,left_hand,15,0.4581924379,0.7146481276,-0.0534308366,1.0000000000
159,10.5840000000,left_hand,15,0.4719498754,0.6976999044,-0.0244696382,1.0000000000
160,10.6510000000,left_hand,15,0.5047454834,0.7461008430,-0.0183480084,1.0000000000
161,10.7170000000,left_hand,15,0.5777447820,0.8495672941,-0.0702221394,1.0000000000
162,10.7840000000,left_hand,15,0.5702341199,0.8698830605,-0.0661031380,1.0000000000
163,10.8510000000,left_hand,15,0.5723304152,0.8613820672,-0.0670521706,1.0000000000
164,10.9170000000,left_hand,15,0.5737349987,0.8482668400,-0.0570070334,1.0000000000
165,10.9840000000,left_hand,15,0.5671187043,0.8228781819,-0.0578532442,1.0000000000
166,11.0500000000,left_hand,15,0.5718325377,0.7741259336,-0.0549287684,1.0000000000
167,11.1170000000,left_hand,15,0.5582301021,0.7442977428,-0.0620233230,1.0000000000
168,11.1830000000,left_hand,15,0.5564556122,0.6933416724,-0.0263177752,1.0000000000
169,11.2500000000,left_hand,15,0.5419497490,0.6417371631,0.0260760188,1.0000000000
170,11.3170000000,left_hand,15,0.5333132829,0.6471030372,0.0015319181,1.0000000000
171,11.3830000000,left_hand,15,0.5246768168,0.6524689112,-0.0230121825,1.0000000000
172,11.4500000000,left_hand,15,0.5246768168,0.6524689112,-0.0230121825,1.0000000000
173,11.5160000000,left_hand,15,0.5246768168,0.6524689112,-0.0230121825,1.0000000000
174,11.5830000000,left_hand,15,0.4987674185,0.6685665335,-0.0966444846,1.0000000000
175,11.6490000000,left_hand,15,0.4901309524,0.6739324076,-0.1211885852,1.0000000000
176,11.7160000000,left_hand,15,0.4814944863,0.6792982817,-0.1457326859,1.0000000000
177,11.7830000000,left_hand,15,0.5257578790,0.7522002459,-0.1230228171,1.0000000000
178,11.8490000000,left_hand,15,0.5700212717,0.8251022100,-0.1003129482,1.0000000000
179,11.9160000000,left_hand,15,0.5726993084,0.8534784913,-0.0651778579,1.0000000000
180,11.9820000000,left_hand,15,0.5599378347,0.8512505889,-0.0689118505,1.0000000000
76,5.0590000000,left_hand,16,0.5586996078,0.8897229433,-0.0817191377,1.0000000000
77,5.1260000000,left_hand,16,0.5600168109,0.8844014406,-0.0742312819,1.0000000000
78,5.1920000000,left_hand,16,0.5585551262,0.8846436739,-0.0698021650,1.0000000000
79,5.2590000000,left_hand,16,0.5604144931,0.8873662949,-0.0717132464,1.0000000000
80,5.3250000000,left_hand,16,0.5632928014,0.8813650012,-0.0718210116,1.0000000000
81,5.3920000000,left_hand,16,0.5649996996,0.8782578707,-0.0732790977,1.0000000000
82,5.4590000000,left_hand,16,0.5611791611,0.8756579161,-0.0715787932,1.0000000000
83,5.5250000000,left_hand,16,0.5668827891,0.8572509289,-0.0602439642,1.0000000000
84,5.5920000000,left_hand,16,0.5651196837,0.8514934778,-0.0731202215,1.0000000000
85,5.6580000000,left_hand,16,0.5650163293,0.8350479007,-0.0688205361,1.0000000000
86,5.7250000000,left_hand,16,0.5599249005,0.8275685906,-0.0674991980,1.0000000000
87,5.7910000000,left_hand,16,0.5680472851,0.8108564615,-0.0555681810,1.0000000000
88,5.8580000000,left_hand,16,0.5458428860,0.7854268551,-0.0448351651,1.0000000000
89,5.9250000000,left_hand,16,0.5408722162,0.7162079811,-0.0471682549,1.0000000000
90,5.9910000000,left_hand,16,0.5158389807,0.7065011263,-0.0693637058,1.0000000000
91,6.0580000000,left_hand,16,0.4923194647,0.6806114316,-0.0898552686,1.0000000000
92,6.1240000000,left_hand,16,0.5156564116,0.6307179332,-0.0392487682,1.0000000000
93,6.1910000000,left_hand,16,0.4628047347,0.6759207249,-0.0760681257,1.0000000000
94,6.2570000000,left_hand,16,0.4542075992,0.6864947677,-0.0527964123,1.0000000000
95,6.3240000000,left_hand,16,0.4429824948,0.7011770606,-0.0578047410,1.0000000000
96,6.3910000000,left_hand,16,0.4473786354,0.7069479823,-0.0450273976,1.0000000000
97,6.4570000000,left_hand,16,0.4380003512,0.7044063807,-0.0529835075,1.0000000000
98,6.5240000000,left_hand,16,0.4382649362,0.7085726261,-0.0415620692,1.0000000000
99,6.5900000000,left_hand,16,0.4324893653,0.7145399451,-0.0435024537,1.0000000000
100,6.6570000000,left_hand,16,0.4239230156,0.7181105614,-0.0537244976,1.0000000000
101,6.7230000000,left_hand,16,0.4279580116,0.7015222311,-0.0409085490,1.0000000000
102,6.7900000000,left_hand,16,0.4271351993,0.7126736045,-0.0418550223,1.0000000000
103,6.8560000000,left_hand,16,0.4291002154,0.7187906504,-0.0541033819,1.0000000000
104,6.9230000000,left_hand,16,0.4663761854,0.7113822103,-0.0382029563,1.0000000000
105,6.9900000000,left_hand,16,0.5136498809,0.7734892368,-0.0719837621,1.0000000000
106,7.0560000000,left_hand,16,0.5531290770,0.8334018588,-0.0694404915,1.0000000000
107,7.1230000000,left_hand,16,0.5708463788,0.8697956800,-0.0879184827,1.0000000000
108,7.1890000000,left_hand,16,0.3821210861,0.7162601948,-0.1369548589,1.0000000000
109,7.2560000000,left_hand,16,0.5750886202,0.8527826071,-0.0681029484,1.0000000000
110,7.3220000000,left_hand,16,0.5787899494,0.8415870070,-0.0579704121,1.0000000000
111,7.3890000000,left_hand,16,0.5661404133,0.8258271217,-0.0982754678,1.0000000000
112,7.4560000000,left_hand,16,0.3741315305,0.7035720944,-0.1312190741,1.0000000000
113,7.5220000000,left_hand,16,0.5625006557,0.7938390970,-0.0451921448,1.0000000000
114,7.5890000000,left_hand,16,0.5415708423,0.7518336177,-0.0531210639,1.0000000000
115,7.6550000000,left_hand,16,0.5169560909,0.7199795842,-0.0454102755,1.0000000000
116,7.7220000000,left_hand,16,0.4911865592,0.6908717155,-0.0608511344,1.0000000000
117,7.7880000000,left_hand,16,0.4794059694,0.6819322705,-0.0576243922,1.0000000000
118,7.8550000000,left_hand,16,0.4600571394,0.6908323169,-0.0562219694,1.0000000000
119,7.9220000000,left_hand,16,0.4523433745,0.7063794136,-0.0617827438,1.0000000000
120,7.9880000000,left_hand,16,0.4467171729,0.7103347778,-0.0591729730,1.0000000000
121,8.0550000000,left_hand,16,0.4394225776,0.7083014250,-0.0617877841,1.0000000000
122,8.1210000000,left_hand,16,0.4400427639,0.7141463757,-0.0560858957,1.0000000000
123,8.1880000000,left_hand,16,0.4338547289,0.7198631167,-0.0556755587,1.0000000000
124,8.2540000000,left_hand,16,0.4332825541,0.7178519964,-0.0494692959,1.0000000000
125,8.3210000000,left_hand,16,0.4516046643,0.7334682941,-0.0574731864,1.0000000000
126,8.3880000000,left_hand,16,0.5600116849,0.8008837104,-0.0460056812,1.0000000000
127,8.4540000000,left_hand,16,0.3346954882,0.7614638209,-0.1599667966,1.0000000000
128,8.5210000000,left_hand,16,0.3357781768,0.7594270110,-0.1121213958,1.0000000000
129,8.5870000000,left_hand,16,0.5636035800,0.7926681638,-0.0724337697,1.0000000000
130,8.6540000000,left_hand,16,0.5622408986,0.7808222771,-0.0872241259,1.0000000000
131,8.7200000000,left_hand,16,0.5396105051,0.7578298450,-0.0748326778,1.0000000000
132,8.7870000000,left_hand,16,0.5541719794,0.7074378729,-0.0483952798,1.0000000000
133,8.8540000000,left_hand,16,0.5456807613,0.6838089228,-0.0557409152,1.0000000000
134,8.9200000000,left_hand,16,0.5049417019,0.6883322001,-0.0700558648,1.0000000000
135,8.9870000000,left_hand,16,0.5224019289,0.6724178195,-0.0297086015,1.0000000000
136,9.0530000000,left_hand,16,0.5043430328,0.6649376750,-0.0315007754,1.0000000000
137,9.1200000000,left_hand,16,0.4786149263,0.6589492559,-0.0395010971,1.0000000000
138,9.1860000000,left_hand,16,0.4585641026,0.6515961885,-0.0300599150,1.0000000000
139,9.2530000000,left_hand,16,0.4247409701,0.7088809013,-0.0466694422,1.0000000000
140,9.3200000000,left_hand,16,0.4264242649,0.7325029969,-0.0564078279,1.0000000000
141,9.3860000000,left_hand,16,0.4683862925,0.7300312519,-0.0263223574,1.0000000000
142,9.4530000000,left_hand,16,0.5222178102,0.7985676527,-0.0370272882,1.0000000000
143,9.5190000000,left_hand,16,0.5684033036,0.9084768295,-0.0686645806,1.0000000000
144,9.5860000000,left_hand,16,0.5595310330,0.9218875170,-0.0697827265,1.0000000000
145,9.6520000000,left_hand,16,0.5573224425,0.9057040215,-0.0687390864,1.0000000000
146,9.7190000000,left_hand,16,0.5555504560,0.8818380833,-0.0692069978,1.0000000000
147,9.7850000000,left_hand,16,0.5501151681,0.8536019325,-0.0749995038,1.0000000000
148,9.8520000000,left_hand,16,0.5441701412,0.8177222013,-0.0628561005,1.0000000000
149,9.9190000000,left_hand,16,0.5456355810,0.7746601701,-0.0613728054,1.0000000000
150,9.9850000000,left_hand,16,0.5559188128,0.7265323400,-0.0098586772,1.0000000000
151,10.0520000000,left_hand,16,0.5356034636,0.6889670491,-0.0432090573,1.0000000000
152,10.1180000000,left_hand,16,0.5182974339,0.6772977710,-0.0519733466,1.0000000000
153,10.1850000000,left_hand,16,0.4774755538,0.6733795404,-0.0901661813,1.0000000000
154,10.2510000000,left_hand,16,0.4736510515,0.6659440398,-0.0508300401,1.0000000000
155,10.3180000000,left_hand,16,0.4578478634,0.6428256035,-0.0448726118,1.0000000000
156,10.3850000000,left_hand,16,0.4439488053,0.6945904493,-0.0484234877,1.0000000000
157,10.4510000000,left_hand,16,0.4279874861,0.7050727010,-0.0586522222,1.0000000000
158,10.5180000000,left_hand,16,0.4331029058,0.7339137793,-0.0556411184,1.0000000000
159,10.5840000000,left_hand,16,0.4519296885,0.7079005241,-0.0264057517,1.0000000000
160,10.6510000000,left_hand,16,0.4839834869,0.7599745989,-0.0215943418,1.0000000000
161,10.7170000000,left_hand,16,0.5656579137,0.8939344883,-0.0783203021,1.0000000000
162,10.7840000000,left_hand,16,0.5521675944,0.9097494483,-0.0704923421,1.0000000000
163,10.8510000000,left_hand,16,0.5538011789,0.9006664157,-0.0706380978,1.0000000000
164,10.9170000000,left_hand,16,0.5545098782,0.8847762346,-0.0614795685,1.0000000000
165,10.9840000000,left_hand,16,0.5455389619,0.8568940163,-0.0607949160,1.0000000000
166,11.0500000000,left_hand,16,0.5525884032,0.8033009768,-0.0583282933,1.0000000000
167,11.1170000000,left_hand,16,0.5336546302,0.7521243095,-0.0608737171,1.0000000000
168,11.1830000000,left_hand,16,0.5435504317,0.6870599389,-0.0222768225,1.0000000000
169,11.2500000000,left_hand,16,0.5422765017,0.6350291371,0.0268872324,1.0000000000
170,11.3170000000,left_hand,16,0.5298290593,0.6436296105,0.0016287688,1.0000000000
171,11.3830000000,left_hand,16,0.5173816170,0.6522300839,-0.0236296949,1.0000000000
172,11.4500000000,left_hand,16,0.5173816170,0.6522300839,-0.0236296949,1.0000000000
173,11.5160000000,left_hand,16,0.5173816170,0.6522300839,-0.0236296949,1.0000000000
174,11.5830000000,left_hand,16,0.4800392900,0.6780315042,-0.0994050859,1.0000000000
175,11.6490000000,left_hand,16,0.4675918477,0.6866319776,-0.1246635496,1.0000000000
176,11.7160000000,left_hand,16,0.4551444054,0.6952324510,-0.1499220133,1.0000000000
177,11.7830000000,left_hand,16,0.5084192157,0.7794360518,-0.1265073381,1.0000000000
178,11.8490000000,left_hand,16,0.5616940260,0.8636396527,-0.1030926630,1.0000000000
179,11.9160000000,left_hand,16,0.5561189651,0.8922682405,-0.0706963167,1.0000000000
180,11.9820000000,left_hand,16,0.5383050442,0.8863459826,-0.0727814808,1.0000000000
76,5.0590000000,left_hand,17,0.6695221663,0.7496445775,-0.0556530729,1.0000000000
77,5.1260000000,left_hand,17,0.6715259552,0.7425503135,-0.0513356179,1.0000000000
78,5.1920000000,left_hand,17,0.6693693995,0.7412340641,-0.0495075434,1.0000000000
79,5.2590000000,left_hand,17,0.6728932858,0.7427395582,-0.0517453328,1.0000000000
80,5.3250000000,left_hand,17,0.6738699675,0.7354429960,-0.0510680079,1.0000000000
81,5.3920000000,left_hand,17,0.6751908660,0.7273327112,-0.0521313101,1.0000000000
82,5.4590000000,left_hand,17,0.6715317965,0.7405461669,-0.0503977127,1.0000000000
83,5.5250000000,left_hand,17,0.6701044440,0.7246591449,-0.0453257822,1.0000000000
84,5.5920000000,left_hand,17,0.6706054807,0.7251022458,-0.0533705801,1.0000000000
85,5.6580000000,left_hand,17,0.6717041731,0.7148546576,-0.0514269061,1.0000000000
86,5.7250000000,left_hand,17,0.6706601977,0.7156391144,-0.0544214137,1.0000000000
87,5.7910000000,left_hand,17,0.6708698273,0.7049309015,-0.0407814011,1.0000000000
88,5.8580000000,left_hand,17,0.6581246853,0.7280111909,-0.0309274755,1.0000000000
89,5.9250000000,left_hand,17,0.6497539878,0.6953798532,-0.0350382477,1.0000000000
90,5.9910000000,left_hand,17,0.6332186460,0.6968086958,-0.0457523167,1.0000000000
91,6.0580000000,left_hand,17,0.6229701042,0.6818082333,-0.0590470992,1.0000000000
92,6.1240000000,left_hand,17,0.6074108481,0.6723066568,-0.0380860716,1.0000000000
93,6.1910000000,left_hand,17,0.5945455432,0.6777071357,-0.0503558517,1.0000000000
94,6.2570000000,left_hand,17,0.5780763030,0.6768254638,-0.0395775922,1.0000000000
95,6.3240000000,left_hand,17,0.5693881512,0.6781533957,-0.0416307040,1.0000000000
96,6.3910000000,left_hand,17,0.5646458864,0.6723018885,-0.0373385847,1.0000000000
97,6.4570000000,left_hand,17,0.5617332458,0.6682774425,-0.0414136201,1.0000000000
98,6.5240000000,left_hand,17,0.5554299951,0.6649098992,-0.0339513943,1.0000000000
99,6.5900000000,left_hand,17,0.5522502065,0.6626278758,-0.0333405957,1.0000000000
100,6.6570000000,left_hand,17,0.5491466522,0.6557289362,-0.0375592634,1.0000000000
101,6.7230000000,left_hand,17,0.5473592877,0.6581873894,-0.0356637836,1.0000000000
102,6.7900000000,left_hand,17,0.5486911535,0.6565260291,-0.0381043516,1.0000000000
103,6.8560000000,left_hand,17,0.5515517592,0.6538593769,-0.0432118289,1.0000000000
104,6.9230000000,left_hand,17,0.5704566240,0.6511384845,-0.0350083783,1.0000000000
105,6.9900000000,left_hand,17,0.6116414070,0.6652777791,-0.0512000248,1.0000000000
106,7.0560000000,left_hand,17,0.6513596773,0.6900826097,-0.0483587980,1.0000000000
107,7.1230000000,left_hand,17,0.6669260859,0.7182052732,-0.0553614944,1.0000000000
108,7.1890000000,left_hand,17,0.3246417642,0.4989467859,-0.0854582861,1.0000000000
109,7.2560000000,left_hand,17,0.6811095476,0.7188131213,-0.0466146506,1.0000000000
110,7.3220000000,left_hand,17,0.6796877384,0.7162970901,-0.0390457772,1.0000000000
111,7.3890000000,left_hand,17,0.6777940392,0.7142966390,-0.0601924695,1.0000000000
112,7.4560000000,left_hand,17,0.3161343038,0.4828223288,-0.0845517963,1.0000000000
113,7.5220000000,left_hand,17,0.6614488363,0.6993746758,-0.0222833659,1.0000000000
114,7.5890000000,left_hand,17,0.6502147317,0.6875090003,-0.0342012756,1.0000000000
115,7.6550000000,left_hand,17,0.6297549605,0.6773868203,-0.0302746892,1.0000000000
116,7.7220000000,left_hand,17,0.6134878993,0.6538021564,-0.0422414429,1.0000000000
117,7.7880000000,left_hand,17,0.6019442081,0.6540386677,-0.0399404429,1.0000000000
118,7.8550000000,left_hand,17,0.5851407051,0.6610254049,-0.0399978906,1.0000000000
119,7.9220000000,left_hand,17,0.5837304592,0.6598109007,-0.0439978838,1.0000000000
120,7.9880000000,left_hand,17,0.5755395889,0.6639479399,-0.0418698154,1.0000000000
121,8.0550000000,left_hand,17,0.5689028502,0.6583447456,-0.0456026532,1.0000000000
122,8.1210000000,left_hand,17,0.5669896603,0.6570840478,-0.0450135246,1.0000000000
123,8.1880000000,left_hand,17,0.5608296990,0.6572371721,-0.0443015806,1.0000000000
124,8.2540000000,left_hand,17,0.5582264066,0.6624048352,-0.0408793166,1.0000000000
125,8.3210000000,left_hand,17,0.5711333156,0.6627701521,-0.0426252894,1.0000000000
126,8.3880000000,left_hand,17,0.6318676472,0.6970717907,-0.0292779114,1.0000000000
127,8.4540000000,left_hand,17,0.2281314731,0.6082201600,-0.1025132984,1.0000000000
128,8.5210000000,left_hand,17,0.2247088850,0.5903833508,-0.0815278888,1.0000000000
129,8.5870000000,left_hand,17,0.6434346437,0.6725349426,-0.0477995910,1.0000000000
130,8.6540000000,left_hand,17,0.6489450932,0.6726874113,-0.0565775856,1.0000000000
131,8.7200000000,left_hand,17,0.6493995786,0.6910313368,-0.0485521257,1.0000000000
132,8.7870000000,left_hand,17,0.6516537070,0.6689735055,-0.0425849520,1.0000000000
133,8.8540000000,left_hand,17,0.6271744370,0.6569384933,-0.0372347236,1.0000000000
134,8.9200000000,left_hand,17,0.6043878794,0.6504383683,-0.0431462228,1.0000000000
135,8.9870000000,left_hand,17,0.5974406600,0.6525172591,-0.0212406553,1.0000000000
136,9.0530000000,left_hand,17,0.5819513798,0.6583765149,-0.0218572617,1.0000000000
137,9.1200000000,left_hand,17,0.5709048510,0.6553177834,-0.0316102095,1.0000000000
138,9.1860000000,left_hand,17,0.5506702065,0.6551900506,-0.0246891752,1.0000000000
139,9.2530000000,left_hand,17,0.5367188454,0.6689768434,-0.0341372825,1.0000000000
140,9.3200000000,left_hand,17,0.5459203720,0.6741838455,-0.0400758646,1.0000000000
141,9.3860000000,left_hand,17,0.5697116852,0.6803936958,-0.0194640402,1.0000000000
142,9.4530000000,left_hand,17,0.6023758054,0.7013120055,-0.0291057117,1.0000000000
143,9.5190000000,left_hand,17,0.6311620474,0.7151157856,-0.0385097489,1.0000000000
144,9.5860000000,left_hand,17,0.6387318969,0.7460736632,-0.0480572842,1.0000000000
145,9.6520000000,left_hand,17,0.6406570077,0.7417851090,-0.0476158448,1.0000000000
146,9.7190000000,left_hand,17,0.6448622346,0.7230830789,-0.0442476012,1.0000000000
147,9.7850000000,left_hand,17,0.6410145760,0.7096975446,-0.0468044318,1.0000000000
148,9.8520000000,left_hand,17,0.6427907944,0.6972167492,-0.0414357744,1.0000000000
149,9.9190000000,left_hand,17,0.6464085579,0.6844735742,-0.0474867001,1.0000000000
150,9.9850000000,left_hand,17,0.6385090351,0.6895523667,-0.0163768269,1.0000000000
151,10.0520000000,left_hand,17,0.6344362497,0.6706854105,-0.0378521346,1.0000000000
152,10.1180000000,left_hand,17,0.6245986223,0.6626024246,-0.0422187336,1.0000000000
153,10.1850000000,left_hand,17,0.6098520160,0.6730790734,-0.0610912032,1.0000000000
154,10.2510000000,left_hand,17,0.5894564986,0.6670455933,-0.0374639630,1.0000000000
155,10.3180000000,left_hand,17,0.5730542541,0.6611959338,-0.0366746373,1.0000000000
156,10.3850000000,left_hand,17,0.5577480197,0.6685271263,-0.0306045432,1.0000000000
157,10.4510000000,left_hand,17,0.5559705496,0.6681251526,-0.0364028811,1.0000000000
158,10.5180000000,left_hand,17,0.5582836866,0.6692837477,-0.0391616262,1.0000000000
159,10.5840000000,left_hand,17,0.5600525141,0.6826311350,-0.0236791652,1.0000000000
160,10.6510000000,left_hand,17,0.5923974514,0.6961968541,-0.0114696966,1.0000000000
161,10.7170000000,left_hand,17,0.6323496699,0.7112595439,-0.0424792655,1.0000000000
162,10.7840000000,left_hand,17,0.6345250607,0.7403226495,-0.0460766368,1.0000000000
163,10.8510000000,left_hand,17,0.6355405450,0.7313371897,-0.0464062952,1.0000000000
164,10.9170000000,left_hand,17,0.6391413212,0.7303041816,-0.0402447619,1.0000000000
165,10.9840000000,left_hand,17,0.6413242221,0.7116538286,-0.0426281802,1.0000000000
166,11.0500000000,left_hand,17,0.6442295909,0.6798110008,-0.0393365026,1.0000000000
167,11.1170000000,left_hand,17,0.6406698823,0.6602969170,-0.0412568487,1.0000000000
168,11.1830000000,left_hand,17,0.6324719191,0.6574689150,-0.0248228721,1.0000000000
169,11.2500000000,left_hand,17,0.5750313997,0.6568783522,0.0176118314,1.0000000000
170,11.3170000000,left_hand,17,0.5736362764,0.6578862326,0.0010093631,1.0000000000
171,11.3830000000,left_hand,17,0.5722411530,0.6588941131,-0.0155931051,1.0000000000
172,11.4500000000,left_hand,17,0.5722411530,0.6588941131,-0.0155931051,1.0000000000
173,11.5160000000,left_hand,17,0.5722411530,0.6588941131,-0.0155931051,1.0000000000
174,11.5830000000,left_hand,17,0.5680557830,0.6619177546,-0.0654005100,1.0000000000
175,11.6490000000,left_hand,17,0.5666606597,0.6629256351,-0.0820029782,1.0000000000
176,11.7160000000,left_hand,17,0.5652655363,0.6639335155,-0.0986054465,1.0000000000
177,11.7830000000,left_hand,17,0.5942628980,0.6803412139,-0.0858593434,1.0000000000
178,11.8490000000,left_hand,17,0.6232602596,0.6967489123,-0.0731132403,1.0000000000
179,11.9160000000,left_hand,17,0.6337676644,0.7244416475,-0.0436751917,1.0000000000
180,11.9820000000,left_hand,17,0.6363171935,0.7236098051,-0.0501398593,1.0000000000
76,5.0590000000,left_hand,18,0.6397997141,0.8212141991,-0.0681228861,1.0000000000
77,5.1260000000,left_hand,18,0.6434578300,0.8127248287,-0.0628892034,1.0000000000
78,5.1920000000,left_hand,18,0.6422625780,0.8171083331,-0.0604034141,1.0000000000
79,5.2590000000,left_hand,18,0.6416756511,0.8144965768,-0.0622053668,1.0000000000
80,5.3250000000,left_hand,18,0.6469682455,0.8090909719,-0.0613351017,1.0000000000
81,5.3920000000,left_hand,18,0.6515620351,0.7980510592,-0.0626172945,1.0000000000
82,5.4590000000,left_hand,18,0.6438696980,0.8124409318,-0.0604934506,1.0000000000
83,5.5250000000,left_hand,18,0.6511043906,0.7953629494,-0.0531280339,1.0000000000
84,5.5920000000,left_hand,18,0.6500723958,0.7933890820,-0.0630834624,1.0000000000
85,5.6580000000,left_hand,18,0.6502634883,0.7816189528,-0.0614361130,1.0000000000
86,5.7250000000,left_hand,18,0.6423690319,0.7829083800,-0.0636485741,1.0000000000
87,5.7910000000,left_hand,18,0.6468142271,0.7699733973,-0.0498127937,1.0000000000
88,5.8580000000,left_hand,18,0.6254416704,0.7739991546,-0.0371565968,1.0000000000
89,5.9250000000,left_hand,18,0.6088266969,0.7284327149,-0.0412894078,1.0000000000
90,5.9910000000,left_hand,18,0.5897123218,0.7255488038,-0.0554500669,1.0000000000
91,6.0580000000,left_hand,18,0.5755764246,0.7062885761,-0.0711523741,1.0000000000
92,6.1240000000,left_hand,18,0.5645420551,0.6880502701,-0.0418077819,1.0000000000
93,6.1910000000,left_hand,18,0.5455528498,0.7019661665,-0.0632072240,1.0000000000
94,6.2570000000,left_hand,18,0.5320005417,0.7018962502,-0.0466918945,1.0000000000
95,6.3240000000,left_hand,18,0.5250963569,0.7049661875,-0.0501205884,1.0000000000
96,6.3910000000,left_hand,18,0.5215234756,0.7048854828,-0.0425333381,1.0000000000
97,6.4570000000,left_hand,18,0.5189370513,0.7031537294,-0.0486065745,1.0000000000
98,6.5240000000,left_hand,18,0.5157717466,0.6980928779,-0.0393696912,1.0000000000
99,6.5900000000,left_hand,18,0.5121899843,0.6977740526,-0.0399854928,1.0000000000
100,6.6570000000,left_hand,18,0.5082480907,0.6955935955,-0.0463597290,1.0000000000
101,6.7230000000,left_hand,18,0.5052855015,0.6957966685,-0.0413087569,1.0000000000
102,6.7900000000,left_hand,18,0.5058586001,0.6974337697,-0.0435121767,1.0000000000
103,6.8560000000,left_hand,18,0.5147470832,0.6977868080,-0.0527371317,1.0000000000
104,6.9230000000,left_hand,18,0.5409384370,0.6899988651,-0.0392068699,1.0000000000
105,6.9900000000,left_hand,18,0.5892370343,0.7185274363,-0.0664407760,1.0000000000
106,7.0560000000,left_hand,18,0.6292046309,0.7597145438,-0.0603629090,1.0000000000
107,7.1230000000,left_hand,18,0.6440934539,0.7870913148,-0.0748431981,1.0000000000
108,7.1890000000,left_hand,18,0.3545439541,0.5614346862,-0.1045620441,1.0000000000
109,7.2560000000,left_hand,18,0.6579885483,0.7858418226,-0.0606067851,1.0000000000
110,7.3220000000,left_hand,18,0.6551798582,0.7796877623,-0.0507373847,1.0000000000
111,7.3890000000,left_hand,18,0.6503611207,0.7737338543,-0.0800790861,1.0000000000
112,7.4560000000,left_hand,18,0.3477213979,0.5523793697,-0.1036976352,1.0000000000
113,7.5220000000,left_hand,18,0.6398182511,0.7509147525,-0.0338982791,1.0000000000
114,7.5890000000,left_hand,18,0.6222775578,0.7316129208,-0.0443912894,1.0000000000
115,7.6550000000,left_hand,18,0.5941222906,0.7108280063,-0.0364841782,1.0000000000
116,7.7220000000,left_hand,18,0.5739179254,0.6873446107,-0.0514510646,1.0000000000
117,7.7880000000,left_hand,18,0.5594171882,0.6821678281,-0.0480948463,1.0000000000
118,7.8550000000,left_hand,18,0.5448822379,0.6907986403,-0.0492710061,1.0000000000
119,7.9220000000,left_hand,18,0.5437210202,0.6905401349,-0.0542703457,1.0000000000
120,7.9880000000,left_hand,18,0.5363096595,0.6976439953,-0.0509882309,1.0000000000
121,8.0550000000,left_hand,18,0.5293022990,0.6950643659,-0.0553797856,1.0000000000
122,8.1210000000,left_hand,18,0.5293119550,0.6960234046,-0.0532889143,1.0000000000
123,8.1880000000,left_hand,18,0.5241574645,0.6954624653,-0.0528957993,1.0000000000
124,8.2540000000,left_hand,18,0.5227884650,0.6973553896,-0.0477994345,1.0000000000
125,8.3210000000,left_hand,18,0.5414730906,0.7011697292,-0.0530285425,1.0000000000
126,8.3880000000,left_hand,18,0.6118597984,0.7503075600,-0.0371265933,1.0000000000
127,8.4540000000,left_hand,18,0.2523128986,0.6813348532,-0.1337608993,1.0000000000
128,8.5210000000,left_hand,18,0.2525149882,0.6726748943,-0.1023242027,1.0000000000
129,8.5870000000,left_hand,18,0.6261036396,0.7291566133,-0.0590305291,1.0000000000
130,8.6540000000,left_hand,18,0.6275889277,0.7304707766,-0.0715687126,1.0000000000
131,8.7200000000,left_hand,18,0.6152459383,0.7383625507,-0.0601583533,1.0000000000
132,8.7870000000,left_hand,18,0.6124465466,0.7154884934,-0.0477993563,1.0000000000
133,8.8540000000,left_hand,18,0.5966889858,0.6810184121,-0.0449211933,1.0000000000
134,8.9200000000,left_hand,18,0.5718027353,0.6813695431,-0.0546389781,1.0000000000
135,8.9870000000,left_hand,18,0.5701310635,0.6685865521,-0.0251694098,1.0000000000
136,9.0530000000,left_hand,18,0.5526543856,0.6737993956,-0.0272463094,1.0000000000
137,9.1200000000,left_hand,18,0.5384043455,0.6784021854,-0.0359009579,1.0000000000
138,9.1860000000,left_hand,18,0.5177098513,0.6762918830,-0.0282875858,1.0000000000
139,9.2530000000,left_hand,18,0.4986705482,0.7017256021,-0.0416352078,1.0000000000
140,9.3200000000,left_hand,18,0.5103330612,0.7166248560,-0.0492740721,1.0000000000
141,9.3860000000,left_hand,18,0.5461407304,0.7233852148,-0.0235384032,1.0000000000
142,9.4530000000,left_hand,18,0.5885924101,0.7524936199,-0.0359660760,1.0000000000
143,9.5190000000,left_hand,18,0.6213159561,0.7887067795,-0.0531134829,1.0000000000
144,9.5860000000,left_hand,18,0.6257935166,0.8243290186,-0.0603928342,1.0000000000
145,9.6520000000,left_hand,18,0.6259626746,0.8195408583,-0.0604587309,1.0000000000
146,9.7190000000,left_hand,18,0.6318688989,0.7954074144,-0.0573300123,1.0000000000
147,9.7850000000,left_hand,18,0.6250330806,0.7751984596,-0.0617799014,1.0000000000
148,9.8520000000,left_hand,18,0.6218265295,0.7600951195,-0.0534386523,1.0000000000
149,9.9190000000,left_hand,18,0.6187631488,0.7538830042,-0.0576603413,1.0000000000
150,9.9850000000,left_hand,18,0.6121104360,0.7364997864,-0.0169393905,1.0000000000
151,10.0520000000,left_hand,18,0.5934548974,0.7045707703,-0.0405800045,1.0000000000
152,10.1180000000,left_hand,18,0.5845648646,0.6918419600,-0.0469013005,1.0000000000
153,10.1850000000,left_hand,18,0.5622433424,0.6997264624,-0.0729776695,1.0000000000
154,10.2510000000,left_hand,18,0.5443270206,0.6871271133,-0.0443459302,1.0000000000
155,10.3180000000,left_hand,18,0.5313978195,0.6775902510,-0.0412174165,1.0000000000
156,10.3850000000,left_hand,18,0.5196136832,0.6972698569,-0.0383171327,1.0000000000
157,10.4510000000,left_hand,18,0.5151917934,0.6998822689,-0.0460250601,1.0000000000
158,10.5180000000,left_hand,18,0.5183667541,0.7104424834,-0.0480485298,1.0000000000
159,10.5840000000,left_hand,18,0.5287824273,0.7207544446,-0.0277604349,1.0000000000
160,10.6510000000,left_hand,18,0.5684293509,0.7454874516,-0.0151905594,1.0000000000
161,10.7170000000,left_hand,18,0.6214745045,0.7834618092,-0.0602121353,1.0000000000
162,10.7840000000,left_hand,18,0.6199257374,0.8178162575,-0.0596143119,1.0000000000
163,10.8510000000,left_hand,18,0.6192300916,0.8084890246,-0.0617374219,1.0000000000
164,10.9170000000,left_hand,18,0.6223971844,0.7996169329,-0.0528013557,1.0000000000
165,10.9840000000,left_hand,18,0.6201157570,0.7824740410,-0.0537771285,1.0000000000
166,11.0500000000,left_hand,18,0.6209805012,0.7421337366,-0.0493779592,1.0000000000
167,11.1170000000,left_hand,18,0.6105306745,0.7227606177,-0.0528118387,1.0000000000
168,11.1830000000,left_hand,18,0.5961502790,0.6947910190,-0.0258973874,1.0000000000
169,11.2500000000,left_hand,18,0.5569413900,0.6592309475,0.0255884025,1.0000000000
170,11.3170000000,left_hand,18,0.5537048238,0.6635523779,0.0035997688,1.0000000000
171,11.3830000000,left_hand,18,0.5504682575,0.6678738083,-0.0183888650,1.0000000000
172,11.4500000000,left_hand,18,0.5504682575,0.6678738083,-0.0183888650,1.0000000000
173,11.5160000000,left_hand,18,0.5504682575,0.6678738083,-0.0183888650,1.0000000000
174,11.5830000000,left_hand,18,0.5407585587,0.6808380995,-0.0843547662,1.0000000000
175,11.6490000000,left_hand,18,0.5375219924,0.6851595300,-0.1063434000,1.0000000000
176,11.7160000000,left_hand,18,0.5342854261,0.6894809604,-0.1283320338,1.0000000000
177,11.7830000000,left_hand,18,0.5712478161,0.7304949760,-0.1103256717,1.0000000000
178,11.8490000000,left_hand,18,0.6082102060,0.7715089917,-0.0923193097,1.0000000000
179,11.9160000000,left_hand,18,0.6187980771,0.7944360375,-0.0576923974,1.0000000000
180,11.9820000000,left_hand,18,0.6154201627,0.7986262441,-0.0629527643,1.0000000000
76,5.0590000000,left_hand,19,0.6175256968,0.8521497846,-0.0727803558,1.0000000000
77,5.1260000000,left_hand,19,0.6230183840,0.8442574143,-0.0670068264,1.0000000000
78,5.1920000000,left_hand,19,0.6210827827,0.8492153287,-0.0639863461,1.0000000000
79,5.2590000000,left_hand,19,0.6201693416,0.8460100293,-0.0646588951,1.0000000000
80,5.3250000000,left_hand,19,0.6274222732,0.8417337537,-0.0640624687,1.0000000000
81,5.3920000000,left_hand,19,0.6343773603,0.8310992122,-0.0667360649,1.0000000000
82,5.4590000000,left_hand,19,0.6235219240,0.8421756029,-0.0635525435,1.0000000000
83,5.5250000000,left_hand,19,0.6365768313,0.8247467279,-0.0555720106,1.0000000000
84,5.5920000000,left_hand,19,0.6339530945,0.8246886730,-0.0680603459,1.0000000000
85,5.6580000000,left_hand,19,0.6329659224,0.8134410977,-0.0655946359,1.0000000000
86,5.7250000000,left_hand,19,0.6236357689,0.8156729341,-0.0666099414,1.0000000000
87,5.7910000000,left_hand,19,0.6287871003,0.8034679890,-0.0537358634,1.0000000000
88,5.8580000000,left_hand,19,0.6020565629,0.7896116972,-0.0393667445,1.0000000000
89,5.9250000000,left_hand,19,0.5802295208,0.7337409258,-0.0401114896,1.0000000000
90,5.9910000000,left_hand,19,0.5603639483,0.7302200198,-0.0582026839,1.0000000000
91,6.0580000000,left_hand,19,0.5425183773,0.7109839320,-0.0757920593,1.0000000000
92,6.1240000000,left_hand,19,0.5447997451,0.6790391207,-0.0372740366,1.0000000000
93,6.1910000000,left_hand,19,0.5149363875,0.7059248686,-0.0678443387,1.0000000000
94,6.2570000000,left_hand,19,0.5046076179,0.7101548910,-0.0474041142,1.0000000000
95,6.3240000000,left_hand,19,0.4985173941,0.7175105214,-0.0525374971,1.0000000000
96,6.3910000000,left_hand,19,0.4973864257,0.7198482752,-0.0423150808,1.0000000000
97,6.4570000000,left_hand,19,0.4938832819,0.7198417187,-0.0503870100,1.0000000000
98,6.5240000000,left_hand,19,0.4922482967,0.7163810134,-0.0406314991,1.0000000000
99,6.5900000000,left_hand,19,0.4890123010,0.7164999247,-0.0423425883,1.0000000000
100,6.6570000000,left_hand,19,0.4851160645,0.7141759992,-0.0499502569,1.0000000000
101,6.7230000000,left_hand,19,0.4823197722,0.7129667401,-0.0421827845,1.0000000000
102,6.7900000000,left_hand,19,0.4840685427,0.7158489823,-0.0422876477,1.0000000000
103,6.8560000000,left_hand,19,0.4927859604,0.7220447063,-0.0555507205,1.0000000000
104,6.9230000000,left_hand,19,0.5224034786,0.7116960883,-0.0379958823,1.0000000000
105,6.9900000000,left_hand,19,0.5757133365,0.7495909333,-0.0711680874,1.0000000000
106,7.0560000000,left_hand,19,0.6139558554,0.8020985723,-0.0654959306,1.0000000000
107,7.1230000000,left_hand,19,0.6274123788,0.8292187452,-0.0839742273,1.0000000000
108,7.1890000000,left_hand,19,0.3699614406,0.6022456288,-0.1093543246,1.0000000000
109,7.2560000000,left_hand,19,0.6397637725,0.8236422539,-0.0660197064,1.0000000000
110,7.3220000000,left_hand,19,0.6372889280,0.8146685958,-0.0560645796,1.0000000000
111,7.3890000000,left_hand,19,0.6320886612,0.8123276234,-0.0908731595,1.0000000000
112,7.4560000000,left_hand,19,0.3644902706,0.5940631032,-0.1087009758,1.0000000000
113,7.5220000000,left_hand,19,0.6233013868,0.7823024392,-0.0405543968,1.0000000000
114,7.5890000000,left_hand,19,0.6011114717,0.7578451633,-0.0495802797,1.0000000000
115,7.6550000000,left_hand,19,0.5699696541,0.7241117954,-0.0383766107,1.0000000000
116,7.7220000000,left_hand,19,0.5475021601,0.7051039934,-0.0553409904,1.0000000000
117,7.7880000000,left_hand,19,0.5336297154,0.6944037080,-0.0501657985,1.0000000000
118,7.8550000000,left_hand,19,0.5192620158,0.7052817345,-0.0525191650,1.0000000000
119,7.9220000000,left_hand,19,0.5192846656,0.7063062787,-0.0582576506,1.0000000000
120,7.9880000000,left_hand,19,0.5123760700,0.7155370116,-0.0540463366,1.0000000000
121,8.0550000000,left_hand,19,0.5057884455,0.7129513025,-0.0579959936,1.0000000000
122,8.1210000000,left_hand,19,0.5065467954,0.7168977261,-0.0549876727,1.0000000000
123,8.1880000000,left_hand,19,0.5020437837,0.7157810926,-0.0556382798,1.0000000000
124,8.2540000000,left_hand,19,0.5015776753,0.7165144682,-0.0489172228,1.0000000000
125,8.3210000000,left_hand,19,0.5213924646,0.7251457572,-0.0573266856,1.0000000000
126,8.3880000000,left_hand,19,0.6017034054,0.7746858597,-0.0382702090,1.0000000000
127,8.4540000000,left_hand,19,0.2663455009,0.7287067175,-0.1476098448,1.0000000000
128,8.5210000000,left_hand,19,0.2673072517,0.7211023569,-0.1096089482,1.0000000000
129,8.5870000000,left_hand,19,0.6114370823,0.7610475421,-0.0631604940,1.0000000000
130,8.6540000000,left_hand,19,0.6096904278,0.7636839747,-0.0788804293,1.0000000000
131,8.7200000000,left_hand,19,0.5897378325,0.7550341487,-0.0645331219,1.0000000000
132,8.7870000000,left_hand,19,0.5897730589,0.7203473449,-0.0441623330,1.0000000000
133,8.8540000000,left_hand,19,0.5747315884,0.6912223697,-0.0465851389,1.0000000000
134,8.9200000000,left_hand,19,0.5480812192,0.6960812807,-0.0586071759,1.0000000000
135,8.9870000000,left_hand,19,0.5537878871,0.6767028570,-0.0241199974,1.0000000000
136,9.0530000000,left_hand,19,0.5340580940,0.6812306643,-0.0275286343,1.0000000000
137,9.1200000000,left_hand,19,0.5192177296,0.6856323481,-0.0351911113,1.0000000000
138,9.1860000000,left_hand,19,0.4985002279,0.6833457351,-0.0275048334,1.0000000000
139,9.2530000000,left_hand,19,0.4750043750,0.7182302475,-0.0439611562,1.0000000000
140,9.3200000000,left_hand,19,0.4889825881,0.7401986122,-0.0531571656,1.0000000000
141,9.3860000000,left_hand,19,0.5299571157,0.7515996695,-0.0253516436,1.0000000000
142,9.4530000000,left_hand,19,0.5826144218,0.7866631746,-0.0368967466,1.0000000000
143,9.5190000000,left_hand,19,0.6170693040,0.8339233398,-0.0589501970,1.0000000000
144,9.5860000000,left_hand,19,0.6156482697,0.8720196486,-0.0663014427,1.0000000000
145,9.6520000000,left_hand,19,0.6172084212,0.8658849001,-0.0658406690,1.0000000000
146,9.7190000000,left_hand,19,0.6221265793,0.8400417566,-0.0640077218,1.0000000000
147,9.7850000000,left_hand,19,0.6124622822,0.8151190281,-0.0693190917,1.0000000000
148,9.8520000000,left_hand,19,0.6039448380,0.7936780453,-0.0589527637,1.0000000000
149,9.9190000000,left_hand,19,0.5956806540,0.7792035937,-0.0593876056,1.0000000000
150,9.9850000000,left_hand,19,0.5939934254,0.7433264256,-0.0128524750,1.0000000000
151,10.0520000000,left_hand,19,0.5688090920,0.7065327764,-0.0367382355,1.0000000000
152,10.1180000000,left_hand,19,0.5578422546,0.6952598095,-0.0447512902,1.0000000000
153,10.1850000000,left_hand,19,0.5303819776,0.7023763657,-0.0761496797,1.0000000000
154,10.2510000000,left_hand,19,0.5175338984,0.6897007823,-0.0448984914,1.0000000000
155,10.3180000000,left_hand,19,0.5055831075,0.6800033450,-0.0404592305,1.0000000000
156,10.3850000000,left_hand,19,0.4947081506,0.7144219279,-0.0428117663,1.0000000000
157,10.4510000000,left_hand,19,0.4900065660,0.7177349329,-0.0508140251,1.0000000000
158,10.5180000000,left_hand,19,0.4948592782,0.7329046726,-0.0505871922,1.0000000000
159,10.5840000000,left_hand,19,0.5102204680,0.7431907654,-0.0275214370,1.0000000000
160,10.6510000000,left_hand,19,0.5530204177,0.7703742981,-0.0166417900,1.0000000000
161,10.7170000000,left_hand,19,0.6146941781,0.8322907090,-0.0690366253,1.0000000000
162,10.7840000000,left_hand,19,0.6091616750,0.8656327724,-0.0660392419,1.0000000000
163,10.8510000000,left_hand,19,0.6057167053,0.8534845114,-0.0683948770,1.0000000000
164,10.9170000000,left_hand,19,0.6076170802,0.8407826424,-0.0587202460,1.0000000000
165,10.9840000000,left_hand,19,0.6035398245,0.8213623166,-0.0579109341,1.0000000000
166,11.0500000000,left_hand,19,0.6029539108,0.7743105888,-0.0533370934,1.0000000000
167,11.1170000000,left_hand,19,0.5877131820,0.7434281707,-0.0549048781,1.0000000000
168,11.1830000000,left_hand,19,0.5761329532,0.6943271160,-0.0206021965,1.0000000000
169,11.2500000000,left_hand,19,0.5513049960,0.6518123150,0.0303076655,1.0000000000
170,11.3170000000,left_hand,19,0.5448085410,0.6592137132,0.0062319062,1.0000000000
171,11.3830000000,left_hand,19,0.5383120860,0.6666151115,-0.0178438532,1.0000000000
172,11.4500000000,left_hand,19,0.5383120860,0.6666151115,-0.0178438532,1.0000000000
173,11.5160000000,left_hand,19,0.5383120860,0.6666151115,-0.0178438532,1.0000000000
174,11.5830000000,left_hand,19,0.5188227211,0.6888193062,-0.0900711311,1.0000000000
175,11.6490000000,left_hand,19,0.5123262661,0.6962207045,-0.1141468904,1.0000000000
176,11.7160000000,left_hand,19,0.5058298111,0.7036221027,-0.1382226497,1.0000000000
177,11.7830000000,left_hand,19,0.5511204600,0.7600631714,-0.1171916164,1.0000000000
178,11.8490000000,left_hand,19,0.5964111090,0.8165042400,-0.0961605832,1.0000000000
179,11.9160000000,left_hand,19,0.6068918109,0.8386185169,-0.0640202239,1.0000000000
180,11.9820000000,left_hand,19,0.5986460447,0.8390628695,-0.0679684877,1.0000000000
76,5.0590000000,left_hand,20,0.5969340801,0.8705624342,-0.0750254542,1.0000000000
77,5.1260000000,left_hand,20,0.6039640307,0.8630049825,-0.0685722753,1.0000000000
78,5.1920000000,left_hand,20,0.6010862589,0.8664243221,-0.0650167093,1.0000000000
79,5.2590000000,left_hand,20,0.6004312634,0.8647470474,-0.0649331510,1.0000000000
80,5.3250000000,left_hand,20,0.6097522974,0.8605065346,-0.0644458309,1.0000000000
81,5.3920000000,left_hand,20,0.6177762747,0.8515669107,-0.0684202164,1.0000000000
82,5.4590000000,left_hand,20,0.6040647626,0.8574219942,-0.0644674078,1.0000000000
83,5.5250000000,left_hand,20,0.6214707494,0.8396639228,-0.0561987273,1.0000000000
84,5.5920000000,left_hand,20,0.6187059879,0.8438042402,-0.0711595789,1.0000000000
85,5.6580000000,left_hand,20,0.6162901521,0.8319761753,-0.0676764175,1.0000000000
86,5.7250000000,left_hand,20,0.6059929729,0.8373116851,-0.0677987188,1.0000000000
87,5.7910000000,left_hand,20,0.6118982434,0.8256744146,-0.0557236634,1.0000000000
88,5.8580000000,left_hand,20,0.5808230639,0.7932151556,-0.0400299393,1.0000000000
89,5.9250000000,left_hand,20,0.5591365099,0.7317378521,-0.0378574505,1.0000000000
90,5.9910000000,left_hand,20,0.5373393893,0.7277981639,-0.0590350889,1.0000000000
91,6.0580000000,left_hand,20,0.5169410110,0.7080091834,-0.0784270167,1.0000000000
92,6.1240000000,left_hand,20,0.5328677297,0.6686848998,-0.0328844786,1.0000000000
93,6.1910000000,left_hand,20,0.4910053611,0.7037328482,-0.0693957135,1.0000000000
94,6.2570000000,left_hand,20,0.4834645092,0.7126569152,-0.0463663228,1.0000000000
95,6.3240000000,left_hand,20,0.4763076007,0.7239761949,-0.0529065207,1.0000000000
96,6.3910000000,left_hand,20,0.4770730734,0.7272174358,-0.0410219394,1.0000000000
97,6.4570000000,left_hand,20,0.4724974632,0.7293661833,-0.0507312752,1.0000000000
98,6.5240000000,left_hand,20,0.4714581966,0.7277866006,-0.0410023630,1.0000000000
99,6.5900000000,left_hand,20,0.4678679407,0.7281185389,-0.0435394384,1.0000000000
100,6.6570000000,left_hand,20,0.4637289047,0.7252750397,-0.0517010316,1.0000000000
101,6.7230000000,left_hand,20,0.4618059397,0.7237443328,-0.0421080254,1.0000000000
102,6.7900000000,left_hand,20,0.4654844105,0.7280961871,-0.0402386859,1.0000000000
103,6.8560000000,left_hand,20,0.4722465873,0.7404696941,-0.0568207726,1.0000000000
104,6.9230000000,left_hand,20,0.5072423816,0.7284407616,-0.0368180163,1.0000000000
105,6.9900000000,left_hand,20,0.5626596212,0.7786287069,-0.0740890130,1.0000000000
106,7.0560000000,left_hand,20,0.5984501243,0.8394886851,-0.0689396784,1.0000000000
107,7.1230000000,left_hand,20,0.6112061739,0.8645570874,-0.0897256508,1.0000000000
108,7.1890000000,left_hand,20,0.3807899058,0.6333174706,-0.1122052521,1.0000000000
109,7.2560000000,left_hand,20,0.6206432581,0.8538856506,-0.0684008375,1.0000000000
110,7.3220000000,left_hand,20,0.6190651059,0.8434494734,-0.0588561036,1.0000000000
111,7.3890000000,left_hand,20,0.6142945290,0.8451989889,-0.0981422365,1.0000000000
112,7.4560000000,left_hand,20,0.3755319118,0.6242154241,-0.1110741124,1.0000000000
113,7.5220000000,left_hand,20,0.6050715446,0.8073042035,-0.0450828001,1.0000000000
114,7.5890000000,left_hand,20,0.5805196762,0.7773835659,-0.0535634868,1.0000000000
115,7.6550000000,left_hand,20,0.5483162999,0.7288005948,-0.0391384810,1.0000000000
116,7.7220000000,left_hand,20,0.5248583555,0.7157330513,-0.0574845336,1.0000000000
117,7.7880000000,left_hand,20,0.5128224492,0.7017240524,-0.0508141145,1.0000000000
118,7.8550000000,left_hand,20,0.4967939556,0.7129241228,-0.0539904460,1.0000000000
119,7.9220000000,left_hand,20,0.4975590706,0.7162984610,-0.0602308847,1.0000000000
120,7.9880000000,left_hand,20,0.4908467829,0.7294278741,-0.0552832782,1.0000000000
121,8.0550000000,left_hand,20,0.4844710231,0.7260640264,-0.0585766993,1.0000000000
122,8.1210000000,left_hand,20,0.4856138825,0.7312719822,-0.0554744080,1.0000000000
123,8.1880000000,left_hand,20,0.4811733365,0.7295055985,-0.0569965206,1.0000000000
124,8.2540000000,left_hand,20,0.4817134142,0.7299119830,-0.0492633246,1.0000000000
125,8.3210000000,left_hand,20,0.5019166470,0.7447723150,-0.0599994995,1.0000000000
126,8.3880000000,left_hand,20,0.5922758579,0.7921210527,-0.0396810099,1.0000000000
127,8.4540000000,left_hand,20,0.2784636021,0.7671821117,-0.1566511840,1.0000000000
128,8.5210000000,left_hand,20,0.2796325088,0.7625952363,-0.1136659533,1.0000000000
129,8.5870000000,left_hand,20,0.5980075002,0.7840672731,-0.0653753430,1.0000000000
130,8.6540000000,left_hand,20,0.5927818418,0.7869122028,-0.0833894759,1.0000000000
131,8.7200000000,left_hand,20,0.5675731301,0.7603414059,-0.0664353892,1.0000000000
132,8.7870000000,left_hand,20,0.5753737688,0.7121365666,-0.0398756303,1.0000000000
133,8.8540000000,left_hand,20,0.5567708611,0.6947538257,-0.0481457785,1.0000000000
134,8.9200000000,left_hand,20,0.5289080143,0.7027861476,-0.0605740435,1.0000000000
135,8.9870000000,left_hand,20,0.5405320525,0.6818814278,-0.0234151315,1.0000000000
136,9.0530000000,left_hand,20,0.5194265842,0.6852817535,-0.0269564912,1.0000000000
137,9.1200000000,left_hand,20,0.5057499409,0.6871821880,-0.0339196995,1.0000000000
138,9.1860000000,left_hand,20,0.4835125208,0.6853504777,-0.0260821879,1.0000000000
139,9.2530000000,left_hand,20,0.4541139603,0.7277051806,-0.0445979498,1.0000000000
140,9.3200000000,left_hand,20,0.4693607986,0.7560018897,-0.0552064143,1.0000000000
141,9.3860000000,left_hand,20,0.5143788457,0.7727748156,-0.0269904807,1.0000000000
142,9.4530000000,left_hand,20,0.5772371292,0.8162955046,-0.0374933779,1.0000000000
143,9.5190000000,left_hand,20,0.6108429432,0.8728035688,-0.0622172505,1.0000000000
144,9.5860000000,left_hand,20,0.6046038866,0.9106624126,-0.0701822937,1.0000000000
145,9.6520000000,left_hand,20,0.6079271436,0.9041712880,-0.0689719394,1.0000000000
146,9.7190000000,left_hand,20,0.6113812923,0.8776551485,-0.0683847740,1.0000000000
147,9.7850000000,left_hand,20,0.5990852118,0.8467635512,-0.0742509887,1.0000000000
148,9.8520000000,left_hand,20,0.5852899551,0.8164865375,-0.0624681301,1.0000000000
149,9.9190000000,left_hand,20,0.5752959847,0.7872609496,-0.0588529669,1.0000000000
150,9.9850000000,left_hand,20,0.5805110335,0.7375587821,-0.0082787815,1.0000000000
151,10.0520000000,left_hand,20,0.5530523062,0.6991053224,-0.0334508456,1.0000000000
152,10.1180000000,left_hand,20,0.5391826630,0.6914373040,-0.0422949754,1.0000000000
153,10.1850000000,left_hand,20,0.5067417622,0.6964948177,-0.0772893652,1.0000000000
154,10.2510000000,left_hand,20,0.4967514277,0.6879608035,-0.0440944470,1.0000000000
155,10.3180000000,left_hand,20,0.4858375490,0.6783596277,-0.0389453322,1.0000000000
156,10.3850000000,left_hand,20,0.4735498428,0.7247174382,-0.0450920612,1.0000000000
157,10.4510000000,left_hand,20,0.4673246443,0.7302454710,-0.0531942435,1.0000000000
158,10.5180000000,left_hand,20,0.4733686149,0.7477456927,-0.0512374118,1.0000000000
159,10.5840000000,left_hand,20,0.4939168692,0.7606679797,-0.0269601829,1.0000000000
160,10.6510000000,left_hand,20,0.5387488008,0.7888039947,-0.0173220802,1.0000000000
161,10.7170000000,left_hand,20,0.6045336127,0.8743231297,-0.0746078864,1.0000000000
162,10.7840000000,left_hand,20,0.5977940559,0.9053229094,-0.0696772486,1.0000000000
163,10.8510000000,left_hand,20,0.5905349255,0.8904468417,-0.0719100535,1.0000000000
164,10.9170000000,left_hand,20,0.5912851095,0.8732658029,-0.0622356981,1.0000000000
165,10.9840000000,left_hand,20,0.5863907337,0.8495177031,-0.0600229949,1.0000000000
166,11.0500000000,left_hand,20,0.5863564014,0.7968535423,-0.0557371192,1.0000000000
167,11.1170000000,left_hand,20,0.5680601001,0.7475135922,-0.0542634875,1.0000000000
168,11.1830000000,left_hand,20,0.5656743646,0.6858820915,-0.0155424159,1.0000000000
169,11.2500000000,left_hand,20,0.5507122278,0.6450378895,0.0332989171,1.0000000000
170,11.3170000000,left_hand,20,0.5415662612,0.6547725541,0.0078258174,1.0000000000
171,11.3830000000,left_hand,20,0.5324202946,0.6645072188,-0.0176472824,1.0000000000
172,11.4500000000,left_hand,20,0.5324202946,0.6645072188,-0.0176472824,1.0000000000
173,11.5160000000,left_hand,20,0.5324202946,0.6645072188,-0.0176472824,1.0000000000
174,11.5830000000,left_hand,20,0.5049823948,0.6937112127,-0.0940665816,1.0000000000
175,11.6490000000,left_hand,20,0.4958364282,0.7034458773,-0.1195396813,1.0000000000
176,11.7160000000,left_hand,20,0.4866904616,0.7131805420,-0.1450127810,1.0000000000
177,11.7830000000,left_hand,20,0.5373024940,0.7815189362,-0.1213154271,1.0000000000
178,11.8490000000,left_hand,20,0.5879145265,0.8498573303,-0.0976180732,1.0000000000
179,11.9160000000,left_hand,20,0.5933896303,0.8735134602,-0.0680536628,1.0000000000
180,11.9820000000,left_hand,20,0.5809137821,0.8700978160,-0.0705939457,1.0000000000
76,5.0590000000,pose,11,0.6596787572,0.3295415044,-0.4947926402,0.9999594092
77,5.1260000000,pose,11,0.6597855687,0.3320629895,-0.6799048185,0.9999594688
78,5.1920000000,pose,11,0.6593168378,0.3313415945,-0.5287565589,0.9999605417
79,5.2590000000,pose,11,0.6592847109,0.3280930519,-0.3960130513,0.9999594092
80,5.3250000000,pose,11,0.6592488885,0.3288421929,-0.3864263296,0.9999581575
81,5.3920000000,pose,11,0.6596974730,0.3285765052,-0.2839111984,0.9999572635
82,5.4590000000,pose,11,0.6598784328,0.3291543722,-0.2885979116,0.9999576807
83,5.5250000000,pose,11,0.6599076986,0.3310873806,-0.3148277402,0.9999575615
84,5.5920000000,pose,11,0.6599465609,0.3300604522,-0.2995796502,0.9999567866
85,5.6580000000,pose,11,0.6598941088,0.3306618035,-0.5008270741,0.9999563098
86,5.7250000000,pose,11,0.6629723310,0.3341286480,-0.4418545663,0.9999568462
87,5.7910000000,pose,11,0.6612831354,0.3401131630,-0.2884865999,0.9999589324
88,5.8580000000,pose,11,0.6544111967,0.3387562633,-0.2806985974,0.9999584556
89,5.9250000000,pose,11,0.6513805985,0.3408752084,-0.2052682340,0.9999560118
90,5.9910000000,pose,11,0.6515604258,0.3367649317,-0.1270947158,0.9999586344
91,6.0580000000,pose,11,0.6515946984,0.3327142894,-0.2487344742,0.9999588728
92,6.1240000000,pose,11,0.6550362706,0.3317720294,-0.2573958337,0.9999588728
93,6.1910000000,pose,11,0.6550961733,0.3188491464,-0.2014378011,0.9999595881
94,6.2570000000,pose,11,0.6550271511,0.3192602098,-0.3864349425,0.9999576211
95,6.3240000000,pose,11,0.6550354362,0.3195160627,-0.3391318023,0.9999578595
96,6.3910000000,pose,11,0.6519492865,0.3322693408,-0.3289447427,0.9999574423
97,6.4570000000,pose,11,0.6513991952,0.3274863362,-0.5345335603,0.9999511242
98,6.5240000000,pose,11,0.6515946984,0.3270817101,-0.5410115123,0.9999509454
99,6.5900000000,pose,11,0.6512733102,0.3252053559,-0.5409936905,0.9999514818
100,6.6570000000,pose,11,0.6516732574,0.3140502572,-0.5017523766,0.9999530315
101,6.7230000000,pose,11,0.6512900591,0.3141577840,-0.5682933331,0.9999534488
102,6.7900000000,pose,11,0.6514502168,0.3164690137,-0.5906570554,0.9999551773
103,6.8560000000,pose,11,0.6515433788,0.3169057667,-0.5014259815,0.9999558926
104,6.9230000000,pose,11,0.6546891928,0.3171516061,-0.4261965752,0.9999544024
105,6.9900000000,pose,11,0.6534744501,0.3275330961,-0.5654975772,0.9999567270
106,7.0560000000,pose,11,0.6547999978,0.3277751803,-0.5418921113,0.9999578595
107,7.1230000000,pose,11,0.6561850309,0.3283086419,-0.6050794721,0.9999588132
108,7.1890000000,pose,11,0.6540473104,0.3279636204,-0.3837937415,0.9999576807
109,7.2560000000,pose,11,0.6556252241,0.3272596002,-0.5074910522,0.9999586344
110,7.3220000000,pose,11,0.6554338932,0.3268032074,-0.5161238313,0.9999597073
111,7.3890000000,pose,11,0.6585046649,0.3267047405,-0.4060877860,0.9999610186
112,7.4560000000,pose,11,0.6573060751,0.3265024424,-0.4059478939,0.9999608397
113,7.5220000000,pose,11,0.6578918099,0.3267876804,-0.4050402343,0.9999618530
114,7.5890000000,pose,11,0.6573296785,0.3238832653,-0.4818290174,0.9999616146
115,7.6550000000,pose,11,0.6524021626,0.3237497211,-0.3303007782,0.9999635816
116,7.7220000000,pose,11,0.6519426703,0.3214980066,-0.5809055567,0.9999654889
117,7.7880000000,pose,11,0.6519551873,0.3215229809,-0.5324714184,0.9999666810
118,7.8550000000,pose,11,0.6528466940,0.3221545815,-0.5094237924,0.9999667406
119,7.9220000000,pose,11,0.6546482444,0.3210604787,-0.4586446881,0.9999657869
120,7.9880000000,pose,11,0.6516870260,0.3187405765,-0.3554713428,0.9999632835
121,8.0550000000,pose,11,0.6517831683,0.3203705847,-0.3209027946,0.9999629259
122,8.1210000000,pose,11,0.6449301839,0.3179137409,-0.4349888861,0.9999614954
123,8.1880000000,pose,11,0.6453890204,0.3182757199,-0.5317658782,0.9999577403
124,8.2540000000,pose,11,0.6456466913,0.3209236562,-0.5458107591,0.9999576807
125,8.3210000000,pose,11,0.6461333036,0.3237343431,-0.5346863270,0.9999518991
126,8.3880000000,pose,11,0.6509602070,0.3245863318,-0.3917645514,0.9999505281
127,8.4540000000,pose,11,0.6516978145,0.3308905661,-0.4215857685,0.9999521971
128,8.5210000000,pose,11,0.6527565718,0.3268141448,-0.3359207809,0.9999511838
129,8.5870000000,pose,11,0.6531196237,0.3268985450,-0.2466860116,0.9999535084
130,8.6540000000,pose,11,0.6535679698,0.3256514966,-0.3037259281,0.9999534488
131,8.7200000000,pose,11,0.6539361477,0.3248379827,-0.4491739869,0.9999551177
132,8.7870000000,pose,11,0.6535062194,0.3205428123,-0.0619367585,0.9999544621
133,8.8540000000,pose,11,0.6524589658,0.3158872426,-0.4752180874,0.9999563694
134,8.9200000000,pose,11,0.6528417468,0.3174618185,-0.2307039797,0.9999565482
135,8.9870000000,pose,11,0.6528548002,0.3168560863,-0.2654027343,0.9999578595
136,9.0530000000,pose,11,0.6525446773,0.3176586628,-0.3526891172,0.9999588728
137,9.1200000000,pose,11,0.6525117159,0.3183754385,-0.3994221985,0.9999605417
138,9.1860000000,pose,11,0.6508967876,0.3183068335,-0.4143608212,0.9999614954
139,9.2530000000,pose,11,0.6531040668,0.3189288974,-0.5507017374,0.9999589920
140,9.3200000000,pose,11,0.6526842117,0.3187770844,-0.2407837510,0.9999590516
141,9.3860000000,pose,11,0.6518054605,0.3295589387,-0.5379329324,0.9999551773
142,9.4530000000,pose,11,0.6517121196,0.3300213516,-0.4258973300,0.9999566078
143,9.5190000000,pose,11,0.6505150199,0.3303611577,-0.5537430644,0.9999577403
144,9.5860000000,pose,11,0.6507521868,0.3306699395,-0.5300803781,0.9999587536
145,9.6520000000,pose,11,0.6505598426,0.3307552338,-0.6380639672,0.9999588728
146,9.7190000000,pose,11,0.6507635117,0.3318367898,-0.4804082513,0.9999592900
147,9.7850000000,pose,11,0.6507638097,0.3324748278,-0.5433439612,0.9999606609
148,9.8520000000,pose,11,0.6513866186,0.3315796554,-0.5662037134,0.9999612570
149,9.9190000000,pose,11,0.6510583162,0.3277837038,-0.5621913671,0.9999635220
150,9.9850000000,pose,11,0.6510105729,0.3205899894,-0.5040903687,0.9999641776
151,10.0520000000,pose,11,0.6508646607,0.3138033748,-0.4326393306,0.9999651909
152,10.1180000000,pose,11,0.6508972645,0.3111977875,-0.3640533686,0.9999648333
153,10.1850000000,pose,11,0.6505419612,0.3127083480,-0.3981155157,0.9999654293
154,10.2510000000,pose,11,0.6508023739,0.3175577521,-0.3956188262,0.9999663234
155,10.3180000000,pose,11,0.6502080560,0.3188855052,-0.5017033815,0.9999669790
156,10.3850000000,pose,11,0.6490658522,0.3214654326,-0.4845467806,0.9999669194
157,10.4510000000,pose,11,0.6495284438,0.3218444586,-0.5302777886,0.9999656677
158,10.5180000000,pose,11,0.6488105655,0.3221476972,-0.3483707607,0.9999656081
159,10.5840000000,pose,11,0.6487249732,0.3221951723,-0.5354177356,0.9999652505
160,10.6510000000,pose,11,0.6487820745,0.3222274184,-0.5132812262,0.9999624491
161,10.7170000000,pose,11,0.6488549113,0.3302255869,-0.4342742562,0.9999631643
162,10.7840000000,pose,11,0.6494904757,0.3275993466,-0.4370725453,0.9999631643
163,10.8510000000,pose,11,0.6485170722,0.3274466991,-0.5391489267,0.9999633431
164,10.9170000000,pose,11,0.6490365267,0.3270835578,-0.5226240754,0.9999636412
165,10.9840000000,pose,11,0.6487952471,0.3306663632,-0.5138768554,0.9999649525
166,11.0500000000,pose,11,0.6489233375,0.3306081593,-0.4985587001,0.9999654889
167,11.1170000000,pose,11,0.6487048268,0.3177389801,-0.5687857866,0.9999672174
168,11.1830000000,pose,11,0.6486262083,0.3153769970,-0.5653275251,0.9999684095
169,11.2500000000,pose,11,0.6475425363,0.3141373098,-0.5490171313,0.9999614954
170,11.3170000000,pose,11,0.6475000381,0.3128362596,-0.5299202800,0.9999620914
171,11.3830000000,pose,11,0.6503210664,0.3126462102,-0.4142737985,0.9999505281
172,11.4500000000,pose,11,0.6489625573,0.3132450283,-0.4996629953,0.9999378920
173,11.5160000000,pose,11,0.6490962505,0.3143870533,-0.5870429277,0.9999229312
174,11.5830000000,pose,11,0.6492002606,0.3140439391,-0.5651684403,0.9999101758
175,11.6490000000,pose,11,0.6455733180,0.3144068420,-0.5479263067,0.9999020100
176,11.7160000000,pose,11,0.6476400495,0.3185090125,-0.5792680383,0.9998937845
177,11.7830000000,pose,11,0.6449232697,0.3218615949,-0.5320926309,0.9998993874
178,11.8490000000,pose,11,0.6451856494,0.3276295960,-0.3868425190,0.9999092221
179,11.9160000000,pose,11,0.6454398632,0.3285660446,-0.2780430913,0.9999120831
180,11.9820000000,pose,11,0.6454555988,0.3292269707,-0.5055831075,0.9999168515
76,5.0590000000,pose,12,0.3711527288,0.3060264289,-0.4169969559,0.9999483228
77,5.1260000000,pose,12,0.3710612357,0.3057260811,-0.5701533556,0.9999504685
78,5.1920000000,pose,12,0.3710681200,0.3029323816,-0.4083077013,0.9999518394
79,5.2590000000,pose,12,0.3711000681,0.3027665317,-0.3348275423,0.9999528527
80,5.3250000000,pose,12,0.3701547086,0.3042674363,-0.3245339394,0.9999546409
81,5.3920000000,pose,12,0.3704170883,0.3054276109,-0.1885480881,0.9999548793
82,5.4590000000,pose,12,0.3721726239,0.3049864173,-0.1816501021,0.9999563694
83,5.5250000000,pose,12,0.3721356690,0.3088753521,-0.1860518008,0.9999577999
84,5.5920000000,pose,12,0.3720231950,0.3097035885,-0.2131609023,0.9999571443
85,5.6580000000,pose,12,0.3706641197,0.3101189137,-0.3887457252,0.9999588728
86,5.7250000000,pose,12,0.3680138290,0.3093364835,-0.3639087975,0.9999596477
87,5.7910000000,pose,12,0.3669489622,0.3099810481,-0.1758005768,0.9999582767
88,5.8580000000,pose,12,0.3681201935,0.3074907660,-0.1976300329,0.9999533892
89,5.9250000000,pose,12,0.3684029281,0.3073765635,-0.1429334730,0.9999533892
90,5.9910000000,pose,12,0.3697005212,0.3069113791,-0.0334906727,0.9999554157
91,6.0580000000,pose,12,0.3699869514,0.3047915101,-0.2066555321,0.9999569058
92,6.1240000000,pose,12,0.3701297045,0.3085345030,-0.1969776750,0.9999591708
93,6.1910000000,pose,12,0.3701141775,0.3052680790,-0.1435358524,0.9999613166
94,6.2570000000,pose,12,0.3693601787,0.3040271401,-0.3102461994,0.9999632835
95,6.3240000000,pose,12,0.3693872988,0.2977839708,-0.2734405100,0.9999647141
96,6.3910000000,pose,12,0.3693911731,0.2985264659,-0.2497278899,0.9999660850
97,6.4570000000,pose,12,0.3701224625,0.2933990359,-0.4211402535,0.9999617338
98,6.5240000000,pose,12,0.3701303303,0.2934360504,-0.4431576431,0.9999592304
99,6.5900000000,pose,12,0.3681549132,0.2968806922,-0.4420695007,0.9999601245
100,6.6570000000,pose,12,0.3683852255,0.2959139943,-0.4149942994,0.9999587536
101,6.7230000000,pose,12,0.3682726920,0.2963495851,-0.4747611880,0.9999597073
102,6.7900000000,pose,12,0.3641400039,0.2977066934,-0.4827315509,0.9999610782
103,6.8560000000,pose,12,0.3616913557,0.2972003818,-0.3612226248,0.9999603033
104,6.9230000000,pose,12,0.3608126640,0.2974270284,-0.3323421180,0.9999576211
105,6.9900000000,pose,12,0.3606530726,0.3008156121,-0.4691164792,0.9999583960
106,7.0560000000,pose,12,0.3605451882,0.3013649583,-0.4534642100,0.9999580383
107,7.1230000000,pose,12,0.3617166579,0.3032290936,-0.5374036431,0.9999573827
108,7.1890000000,pose,12,0.3616265655,0.3051532507,-0.2562705576,0.9999483824
109,7.2560000000,pose,12,0.3611661494,0.3061029017,-0.4705682397,0.9999487996
110,7.3220000000,pose,12,0.3606458306,0.3029238284,-0.4662925601,0.9999487996
111,7.3890000000,pose,12,0.3622251153,0.2967922986,-0.3720986247,0.9999451041
112,7.4560000000,pose,12,0.3620645702,0.2969048619,-0.3422852159,0.9999348521
113,7.5220000000,pose,12,0.3594173491,0.2975546420,-0.3581660986,0.9999325871
114,7.5890000000,pose,12,0.3596882224,0.2987232506,-0.3970571756,0.9999301434
115,7.6550000000,pose,12,0.3595290780,0.2992111742,-0.1875980049,0.9999320507
116,7.7220000000,pose,12,0.3595294952,0.3012543321,-0.4386386573,0.9999356270
117,7.7880000000,pose,12,0.3594399095,0.3013283312,-0.4181510508,0.9999384284
118,7.8550000000,pose,12,0.3576392531,0.3041420579,-0.3969996870,0.9999377728
119,7.9220000000,pose,12,0.3567191362,0.3019751608,-0.3290924430,0.9999377728
120,7.9880000000,pose,12,0.3534246385,0.2929787636,-0.2158818543,0.9999312162
121,8.0550000000,pose,12,0.3560343385,0.2971163392,-0.2118505836,0.9999324083
122,8.1210000000,pose,12,0.3559837937,0.2984966636,-0.3132103086,0.9999288917
123,8.1880000000,pose,12,0.3578440845,0.2971125841,-0.3950750232,0.9999291301
124,8.2540000000,pose,12,0.3578382134,0.2997516990,-0.4307533503,0.9999306202
125,8.3210000000,pose,12,0.3581462502,0.3010140955,-0.4071243405,0.9999275208
126,8.3880000000,pose,12,0.3581485450,0.3025521934,-0.2716245353,0.9999086261
127,8.4540000000,pose,12,0.3583073914,0.3055507839,-0.3562967181,0.9999127388
128,8.5210000000,pose,12,0.3582010269,0.2999217808,-0.2462489456,0.9999102950
129,8.5870000000,pose,12,0.3580523729,0.3025642633,-0.1804080755,0.9999110699
130,8.6540000000,pose,12,0.3583922088,0.2963172495,-0.2250439823,0.9999082088
131,8.7200000000,pose,12,0.3591254354,0.2978694439,-0.3486555815,0.9999127388
132,8.7870000000,pose,12,0.3600326777,0.2967915237,0.0241910443,0.9999105930
133,8.8540000000,pose,12,0.3600423038,0.3023723066,-0.3726107478,0.9999147058
134,8.9200000000,pose,12,0.3577843308,0.3023624718,-0.1266304106,0.9999200702
135,8.9870000000,pose,12,0.3572009206,0.2960184813,-0.1286298484,0.9999257922
136,9.0530000000,pose,12,0.3523674011,0.3026695848,-0.2064680606,0.9999303818
137,9.1200000000,pose,12,0.3528495431,0.3021918833,-0.2864535153,0.9999353290
138,9.1860000000,pose,12,0.3535291255,0.2989768088,-0.3272698522,0.9999381304
139,9.2530000000,pose,12,0.3537444770,0.2989115417,-0.4411652386,0.9999400973
140,9.3200000000,pose,12,0.3551319242,0.2967209816,-0.1425116658,0.9999360442
141,9.3860000000,pose,12,0.3550820351,0.3012961149,-0.4255703986,0.9999365211
142,9.4530000000,pose,12,0.3561095297,0.3047749698,-0.3051404357,0.9999388456
143,9.5190000000,pose,12,0.3562262356,0.3129709661,-0.4648893476,0.9999390841
144,9.5860000000,pose,12,0.3561689258,0.3128829896,-0.4277801216,0.9999341965
145,9.6520000000,pose,12,0.3561963439,0.3131613135,-0.5888420343,0.9999374747
146,9.7190000000,pose,12,0.3565302193,0.3153318763,-0.3848559260,0.9999354482
147,9.7850000000,pose,12,0.3569364548,0.3160337806,-0.4485253990,0.9999356270
148,9.8520000000,pose,12,0.3577571511,0.3118913472,-0.4798241258,0.9999369979
149,9.9190000000,pose,12,0.3575211763,0.3127868474,-0.4797823131,0.9999405146
150,9.9850000000,pose,12,0.3577195704,0.3110590577,-0.4708949327,0.9999425411
151,10.0520000000,pose,12,0.3577456176,0.3107330203,-0.3592866659,0.9999459386
152,10.1180000000,pose,12,0.3588876426,0.3060429692,-0.3173939884,0.9999482632
153,10.1850000000,pose,12,0.3587650359,0.3060951829,-0.3353900909,0.9999502897
154,10.2510000000,pose,12,0.3548658788,0.3064560592,-0.3015824258,0.9999527931
155,10.3180000000,pose,12,0.3548823595,0.3016896248,-0.4009333551,0.9999551177
156,10.3850000000,pose,12,0.3549205363,0.3019867539,-0.3934809566,0.9999569654
157,10.4510000000,pose,12,0.3548357189,0.3068327904,-0.4294397235,0.9999576211
158,10.5180000000,pose,12,0.3534017801,0.3045101166,-0.2887592316,0.9999546409
159,10.5840000000,pose,12,0.3558275104,0.2998734117,-0.4238012135,0.9999533892
160,10.6510000000,pose,12,0.3569955826,0.3035559654,-0.4066626132,0.9999530911
161,10.7170000000,pose,12,0.3570915759,0.3055863082,-0.3213914335,0.9999534488
162,10.7840000000,pose,12,0.3602007031,0.3090095222,-0.3297972977,0.9999489188
163,10.8510000000,pose,12,0.3589612842,0.3083863556,-0.4790082276,0.9999477863
164,10.9170000000,pose,12,0.3589571118,0.3096506596,-0.4448293746,0.9999493957
165,10.9840000000,pose,12,0.3591129184,0.3096313179,-0.4353505373,0.9999515414
166,11.0500000000,pose,12,0.3591453731,0.3106580079,-0.4216665328,0.9999499321
167,11.1170000000,pose,12,0.3607519269,0.3111980259,-0.4601162076,0.9999527335
168,11.1830000000,pose,12,0.3603295684,0.3112174571,-0.4561304152,0.9999533892
169,11.2500000000,pose,12,0.3598883748,0.3113575578,-0.4351705313,0.9999518394
170,11.3170000000,pose,12,0.3600529134,0.3113754988,-0.4367019236,0.9999548793
171,11.3830000000,pose,12,0.3603327572,0.3049931526,-0.3054367304,0.9999507070
172,11.4500000000,pose,12,0.3598938286,0.3048422933,-0.4245923758,0.9999417067
173,11.5160000000,pose,12,0.3586922884,0.3076920509,-0.4605032802,0.9999250770
174,11.5830000000,pose,12,0.3592130542,0.3075489402,-0.4530757368,0.9999073148
175,11.6490000000,pose,12,0.3590236008,0.2955819666,-0.4370285571,0.9999023676
176,11.7160000000,pose,12,0.3587877154,0.3030521870,-0.4642053246,0.9998779297
177,11.7830000000,pose,12,0.3570798337,0.3031055033,-0.4390475154,0.9998854995
178,11.8490000000,pose,12,0.3570188880,0.3032517731,-0.3026534319,0.9998927712
179,11.9160000000,pose,12,0.3574978113,0.3064350486,-0.1990433633,0.9998930097
180,11.9820000000,pose,12,0.3573985398,0.3086440563,-0.3839662373,0.9998986125
76,5.0590000000,pose,13,0.8824409246,0.5860316157,-0.7952607274,0.9875015616
77,5.1260000000,pose,13,0.8819940090,0.5887066722,-1.0789908171,0.9873297215
78,5.1920000000,pose,13,0.8751242757,0.5888398290,-0.8477221131,0.9872798920
79,5.2590000000,pose,13,0.8748317957,0.5821211934,-0.6254531741,0.9867706895
80,5.3250000000,pose,13,0.8749483228,0.5814434886,-0.7172549367,0.9868884683
81,5.3920000000,pose,13,0.8745321035,0.5794997215,-0.5314469934,0.9866023064
82,5.4590000000,pose,13,0.8743532896,0.5802721977,-0.5958067775,0.9863647819
83,5.5250000000,pose,13,0.8721755147,0.5805135965,-0.6227170229,0.9856147170
84,5.5920000000,pose,13,0.8700317144,0.5808414817,-0.5921169519,0.9857085943
85,5.6580000000,pose,13,0.8739683628,0.5814167261,-0.8671115637,0.9854498506
86,5.7250000000,pose,13,0.8773111105,0.5823819041,-0.8247096539,0.9862189293
87,5.7910000000,pose,13,0.8617045283,0.5806043744,-0.6900661588,0.9876714349
88,5.8580000000,pose,13,0.8536037803,0.5805060267,-0.5577370524,0.9883140326
89,5.9250000000,pose,13,0.8539111018,0.5784002542,-0.5703634620,0.9885991812
90,5.9910000000,pose,13,0.8545550704,0.5829890966,-0.4445881844,0.9894589186
91,6.0580000000,pose,13,0.8530409336,0.5814628601,-0.5106929541,0.9891759753
92,6.1240000000,pose,13,0.8533985615,0.5814296007,-0.5145787001,0.9895442724
93,6.1910000000,pose,13,0.8531028628,0.5736028552,-0.5160351992,0.9896789789
94,6.2570000000,pose,13,0.8525733948,0.5736424923,-0.7541649342,0.9897173047
95,6.3240000000,pose,13,0.8524132967,0.5739355683,-0.6867604852,0.9900718927
96,6.3910000000,pose,13,0.8513303995,0.5700640678,-0.7028342485,0.9899204969
97,6.4570000000,pose,13,0.8512883782,0.5694918633,-0.8136525750,0.9896336198
98,6.5240000000,pose,13,0.8480281234,0.5692220926,-0.8592605591,0.9898185134
99,6.5900000000,pose,13,0.8457707763,0.5687163472,-0.8582447171,0.9899494052
100,6.6570000000,pose,13,0.8458331227,0.5664600134,-0.8335459232,0.9903233647
101,6.7230000000,pose,13,0.8402468562,0.5685781837,-0.9581464529,0.9902226925
102,6.7900000000,pose,13,0.8383521438,0.5704278350,-0.9898414016,0.9906274080
103,6.8560000000,pose,13,0.8385192156,0.5685338378,-0.9818254709,0.9906882048
104,6.9230000000,pose,13,0.8405580521,0.5684680939,-0.8352394104,0.9907857180
105,6.9900000000,pose,13,0.8482951522,0.5706977844,-0.9641551375,0.9913837910
106,7.0560000000,pose,13,0.8538516760,0.5699933171,-0.9485693574,0.9917799234
107,7.1230000000,pose,13,0.8565827012,0.5686337352,-0.9843450189,0.9921032786
108,7.1890000000,pose,13,0.8554787040,0.5590391755,-0.7076550722,0.9919169545
109,7.2560000000,pose,13,0.8617550731,0.5577046275,-0.8408702612,0.9918035269
110,7.3220000000,pose,13,0.8648272753,0.5571472645,-0.8766247034,0.9920629263
111,7.3890000000,pose,13,0.8649190664,0.5592540503,-0.7424544692,0.9921501279
112,7.4560000000,pose,13,0.8650198579,0.5505177379,-0.7755081654,0.9918418527
113,7.5220000000,pose,13,0.8639008403,0.5507343411,-0.7856422663,0.9920719862
114,7.5890000000,pose,13,0.8627517223,0.5516173840,-0.8570652008,0.9916864634
115,7.6550000000,pose,13,0.8627722263,0.5534017682,-0.7336387038,0.9922364950
116,7.7220000000,pose,13,0.8650656343,0.5665984750,-0.9995674491,0.9927085638
117,7.7880000000,pose,13,0.8652231693,0.5682547688,-0.9553495646,0.9931094050
118,7.8550000000,pose,13,0.8648765087,0.5701209307,-0.8781087399,0.9930744767
119,7.9220000000,pose,13,0.8652195334,0.5672330260,-0.7877710462,0.9928614497
120,7.9880000000,pose,13,0.8607675433,0.5665138364,-0.6510376334,0.9926893711
121,8.0550000000,pose,13,0.8607301116,0.5671011806,-0.6796211004,0.9925564528
122,8.1210000000,pose,13,0.8538977504,0.5661478043,-0.7437475920,0.9921637774
123,8.1880000000,pose,13,0.8503175378,0.5659440160,-0.8940390348,0.9915941954
124,8.2540000000,pose,13,0.8525744677,0.5658213496,-0.9031223059,0.9915301800
125,8.3210000000,pose,13,0.8527062535,0.5640386939,-0.9186600447,0.9903780818
126,8.3880000000,pose,13,0.8518125415,0.5495119095,-0.7656090856,0.9900320172
127,8.4540000000,pose,13,0.8560859561,0.5492563844,-0.7852357626,0.9904657602
128,8.5210000000,pose,13,0.8568076491,0.5494165421,-0.6851454377,0.9907223582
129,8.5870000000,pose,13,0.8563481569,0.5499280095,-0.5475641489,0.9911640882
130,8.6540000000,pose,13,0.8588713408,0.5498212576,-0.6359015703,0.9911082983
131,8.7200000000,pose,13,0.8586769104,0.5500163436,-0.7891988754,0.9908421636
132,8.7870000000,pose,13,0.8582340479,0.5519956350,-0.4111643136,0.9905316830
133,8.8540000000,pose,13,0.8571585417,0.5551187992,-0.8454292417,0.9909254909
134,8.9200000000,pose,13,0.8532863259,0.5613895059,-0.5562554002,0.9895080924
135,8.9870000000,pose,13,0.8465290070,0.5647271276,-0.5981252193,0.9878205061
136,9.0530000000,pose,13,0.8416905999,0.5724421144,-0.6439094543,0.9879137278
137,9.1200000000,pose,13,0.8401445746,0.5736482143,-0.7426168323,0.9878646731
138,9.1860000000,pose,13,0.8369177580,0.5735978484,-0.7613332272,0.9876919389
139,9.2530000000,pose,13,0.8370968699,0.5746163130,-0.9429964423,0.9867821932
140,9.3200000000,pose,13,0.8336032629,0.5734619498,-0.5848786831,0.9874972701
141,9.3860000000,pose,13,0.8337886333,0.5731710196,-0.9485696554,0.9871284366
142,9.4530000000,pose,13,0.8362253904,0.5731252432,-0.7654482722,0.9879425764
143,9.5190000000,pose,13,0.8370230198,0.5684223175,-0.9355853200,0.9885075688
144,9.5860000000,pose,13,0.8400835395,0.5644758940,-0.9375636578,0.9890629053
145,9.6520000000,pose,13,0.8455839753,0.5624563694,-1.0605332851,0.9893763661
146,9.7190000000,pose,13,0.8470982909,0.5625057220,-0.8649305701,0.9897173047
147,9.7850000000,pose,13,0.8506321311,0.5606358647,-0.9527018666,0.9902843237
148,9.8520000000,pose,13,0.8519970179,0.5623968244,-1.0335211754,0.9908072352
149,9.9190000000,pose,13,0.8516849875,0.5630467534,-1.0017322302,0.9913331866
150,9.9850000000,pose,13,0.8498584628,0.5644201040,-0.8874272108,0.9904500246
151,10.0520000000,pose,13,0.8493160009,0.5647448301,-0.8338567019,0.9896205664
152,10.1180000000,pose,13,0.8518403769,0.5659646392,-0.7637650371,0.9873005748
153,10.1850000000,pose,13,0.8490031362,0.5652525425,-0.8005968928,0.9869065881
154,10.2510000000,pose,13,0.8469492197,0.5688034892,-0.7348392010,0.9869185090
155,10.3180000000,pose,13,0.8462997079,0.5687528849,-0.8502557874,0.9867503047
156,10.3850000000,pose,13,0.8395926356,0.5693724155,-0.8529056907,0.9868957996
157,10.4510000000,pose,13,0.8390983343,0.5719981194,-0.8630629182,0.9862050414
158,10.5180000000,pose,13,0.8349055648,0.5716729164,-0.7134341598,0.9855396748
159,10.5840000000,pose,13,0.8337085843,0.5717177391,-0.9086599946,0.9862996936
160,10.6510000000,pose,13,0.8339052200,0.5714591146,-0.8958284855,0.9863088727
161,10.7170000000,pose,13,0.8418914676,0.5737406015,-0.8096572161,0.9872301817
162,10.7840000000,pose,13,0.8446258903,0.5723987818,-0.7735749483,0.9879875779
163,10.8510000000,pose,13,0.8452281952,0.5679895282,-0.9035050273,0.9883547425
164,10.9170000000,pose,13,0.8456262946,0.5680807829,-0.9012401104,0.9887121320
165,10.9840000000,pose,13,0.8481920958,0.5707864165,-0.9025219679,0.9894909263
166,11.0500000000,pose,13,0.8492147923,0.5737990737,-0.8995514512,0.9901117682
167,11.1170000000,pose,13,0.8469516635,0.5741412044,-0.9806668758,0.9906331301
168,11.1830000000,pose,13,0.8597165346,0.5744110942,-0.9095412493,0.9909625053
169,11.2500000000,pose,13,0.8592506051,0.5710042119,-0.8757784963,0.9876208305
170,11.3170000000,pose,13,0.8569626212,0.5710018277,-0.8693560362,0.9869403839
171,11.3830000000,pose,13,0.8521319628,0.5731481314,-0.8108738065,0.9813951850
172,11.4500000000,pose,13,0.8499631882,0.5784311295,-0.9037040472,0.9779002666
173,11.5160000000,pose,13,0.8492920995,0.5806255937,-1.0379817486,0.9767019153
174,11.5830000000,pose,13,0.8488199115,0.5757574439,-0.9888970256,0.9737098217
175,11.6490000000,pose,13,0.8471201658,0.5743203163,-0.9240725040,0.9725402594
176,11.7160000000,pose,13,0.8547462225,0.5736531615,-0.9954282045,0.9737741351
177,11.7830000000,pose,13,0.8546574116,0.5707626939,-0.9065465331,0.9752494097
178,11.8490000000,pose,13,0.8572499156,0.5882910490,-0.7366271615,0.9783574939
179,11.9160000000,pose,13,0.8568195701,0.5800120831,-0.6151186228,0.9789694548
180,11.9820000000,pose,13,0.8587840199,0.5798031688,-0.8857288957,0.9803563356
76,5.0590000000,pose,14,0.1972096711,0.5772932172,-0.7062532306,0.8605849743
77,5.1260000000,pose,14,0.1947124898,0.5741288066,-0.9552412033,0.8617116213
78,5.1920000000,pose,14,0.1954912394,0.5711933374,-0.7569857240,0.8532610536
79,5.2590000000,pose,14,0.1955674738,0.5705591440,-0.5953249335,0.8528119922
80,5.3250000000,pose,14,0.1954146177,0.5658692122,-0.6600636840,0.8526182175
81,5.3920000000,pose,14,0.1948695332,0.5658169985,-0.4741494060,0.8449014425
82,5.4590000000,pose,14,0.1964221597,0.5596718788,-0.4747245908,0.8351848722
83,5.5250000000,pose,14,0.1966348737,0.5598176718,-0.5189849734,0.8233906627
84,5.5920000000,pose,14,0.1976757795,0.5616435409,-0.5169333816,0.8197141886
85,5.6580000000,pose,14,0.1969147325,0.5645185113,-0.7138475776,0.8169136047
86,5.7250000000,pose,14,0.1972785592,0.5636321902,-0.7014902830,0.8222390413
87,5.7910000000,pose,14,0.1997528970,0.5613325834,-0.5194259882,0.8282798529
88,5.8580000000,pose,14,0.1987450272,0.5516206026,-0.4299388528,0.8253164887
89,5.9250000000,pose,14,0.2008396685,0.5449382067,-0.4623468220,0.8347792625
90,5.9910000000,pose,14,0.2020558268,0.5413222909,-0.3144831657,0.8445003629
91,6.0580000000,pose,14,0.2014734298,0.5413365960,-0.4141313136,0.8444776535
92,6.1240000000,pose,14,0.2019999921,0.5410905480,-0.4280109107,0.8499834538
93,6.1910000000,pose,14,0.2027725726,0.5470260978,-0.4377856851,0.8530864716
94,6.2570000000,pose,14,0.2010492831,0.5485180616,-0.6137607694,0.8525725603
95,6.3240000000,pose,14,0.2009530067,0.5483488441,-0.5860087872,0.8580345511
96,6.3910000000,pose,14,0.1984225810,0.5517345667,-0.5700574517,0.8589555621
97,6.4570000000,pose,14,0.1942057163,0.5512667298,-0.6746566296,0.8522889614
98,6.5240000000,pose,14,0.1916438639,0.5516982675,-0.7451989055,0.8502189517
99,6.5900000000,pose,14,0.1867916882,0.5532571077,-0.7704463601,0.8537089229
100,6.6570000000,pose,14,0.1859662533,0.5520629287,-0.7619173527,0.8558654189
101,6.7230000000,pose,14,0.1845608801,0.5524434447,-0.8786163330,0.8535515666
102,6.7900000000,pose,14,0.1804378927,0.5578388572,-0.8980500102,0.8571352363
103,6.8560000000,pose,14,0.1818421185,0.5660777092,-0.7724635601,0.8535200953
104,6.9230000000,pose,14,0.1791074723,0.5672065616,-0.7385774851,0.8568715453
105,6.9900000000,pose,14,0.1792077720,0.5675491691,-0.8872663975,0.8613060713
106,7.0560000000,pose,14,0.1792432368,0.5621807575,-0.8893868327,0.8634927869
107,7.1230000000,pose,14,0.1792494655,0.5596526265,-0.9524363279,0.8726329803
108,7.1890000000,pose,14,0.1846773624,0.5537125468,-0.6006719470,0.8639499545
109,7.2560000000,pose,14,0.1822841465,0.5561673641,-0.8338932395,0.8626833558
110,7.3220000000,pose,14,0.1819140613,0.5562745929,-0.8508729339,0.8650594354
111,7.3890000000,pose,14,0.1851536930,0.5563695431,-0.7652871013,0.8584463596
112,7.4560000000,pose,14,0.1869154572,0.5561719537,-0.7407248616,0.8559345603
113,7.5220000000,pose,14,0.1862187833,0.5564384460,-0.7488128543,0.8605765104
114,7.5890000000,pose,14,0.1907509118,0.5554608703,-0.8069025278,0.8428426385
115,7.6550000000,pose,14,0.1920841485,0.5546675324,-0.5782554746,0.8403728008
116,7.7220000000,pose,14,0.1914495975,0.5506438613,-0.8273974061,0.8492798805
117,7.7880000000,pose,14,0.1907241791,0.5503580570,-0.8001190424,0.8540130258
118,7.8550000000,pose,14,0.1911330521,0.5521745086,-0.7940892577,0.8472580314
119,7.9220000000,pose,14,0.1833955497,0.5648220778,-0.7111769319,0.8415563107
120,7.9880000000,pose,14,0.1826884598,0.5724176168,-0.5658994913,0.8218597174
121,8.0550000000,pose,14,0.1897628605,0.5692119002,-0.5937246680,0.8203960061
122,8.1210000000,pose,14,0.1864608377,0.5725741386,-0.6737958193,0.8082185984
123,8.1880000000,pose,14,0.1836100221,0.5774126053,-0.7698404193,0.8006047606
124,8.2540000000,pose,14,0.1828665286,0.5776973963,-0.8239009976,0.7963103652
125,8.3210000000,pose,14,0.1821274310,0.5776001811,-0.8108847737,0.7800218463
126,8.3880000000,pose,14,0.1857216507,0.5672541261,-0.6444092989,0.7802464962
127,8.4540000000,pose,14,0.1868689954,0.5556069016,-0.7361595035,0.7925364375
128,8.5210000000,pose,14,0.1867667139,0.5493464470,-0.6112032533,0.7916464806
129,8.5870000000,pose,14,0.1867413223,0.5533728004,-0.5176827312,0.7969793677
130,8.6540000000,pose,14,0.1867354512,0.5560777187,-0.5813429356,0.7926985621
131,8.7200000000,pose,14,0.1865505725,0.5594119430,-0.7165800333,0.7870190740
132,8.7870000000,pose,14,0.1865029037,0.5531348586,-0.3532329500,0.7840979099
133,8.8540000000,pose,14,0.1882893890,0.5472643375,-0.7652367353,0.7903845906
134,8.9200000000,pose,14,0.1872121245,0.5554357171,-0.4840824902,0.7876980305
135,8.9870000000,pose,14,0.1882356107,0.5595110655,-0.5483986735,0.7873710990
136,9.0530000000,pose,14,0.1848287582,0.5650697351,-0.5508667827,0.7890769839
137,9.1200000000,pose,14,0.1798008829,0.5661180019,-0.6781803966,0.7832920551
138,9.1860000000,pose,14,0.1812741905,0.5664542913,-0.7336804271,0.7774350047
139,9.2530000000,pose,14,0.1828175187,0.5666149855,-0.8779733181,0.7765727043
140,9.3200000000,pose,14,0.1817555428,0.5688672066,-0.4966853857,0.7681791186
141,9.3860000000,pose,14,0.1817795485,0.5652088523,-0.8382141590,0.7684990168
142,9.4530000000,pose,14,0.1809585989,0.5619696975,-0.6367737651,0.7790330648
143,9.5190000000,pose,14,0.1825301945,0.5635844469,-0.8723860979,0.7888430953
144,9.5860000000,pose,14,0.1827436835,0.5636634231,-0.8313542008,0.8034966588
145,9.6520000000,pose,14,0.1828451753,0.5608389378,-1.0298844576,0.8178114891
146,9.7190000000,pose,14,0.1832045913,0.5635859966,-0.7658950090,0.8167061806
147,9.7850000000,pose,14,0.1828776151,0.5701200366,-0.8574202061,0.8233273625
148,9.8520000000,pose,14,0.1843549311,0.5567604303,-0.9156519771,0.8373711705
149,9.9190000000,pose,14,0.1842943728,0.5591399074,-0.8929127455,0.8500720263
150,9.9850000000,pose,14,0.1843752712,0.5791135430,-0.8877185583,0.8452556729
151,10.0520000000,pose,14,0.1845625490,0.5711516738,-0.7823841572,0.8417977691
152,10.1180000000,pose,14,0.1842434555,0.5633182526,-0.7433170080,0.8230341673
153,10.1850000000,pose,14,0.1837063283,0.5614050627,-0.7614555955,0.8203968406
154,10.2510000000,pose,14,0.1814683825,0.5652382970,-0.6619766951,0.8173723817
155,10.3180000000,pose,14,0.1826143116,0.5665048361,-0.7843733430,0.8085151315
156,10.3850000000,pose,14,0.1828760654,0.5678534508,-0.7718985677,0.8102084994
157,10.4510000000,pose,14,0.1828881055,0.5836832523,-0.7887284160,0.8072401881
158,10.5180000000,pose,14,0.1829013079,0.5875012875,-0.6977968216,0.7919819951
159,10.5840000000,pose,14,0.1897131652,0.5870519280,-0.8188326359,0.7885604501
160,10.6510000000,pose,14,0.1879632175,0.5856909156,-0.7716854811,0.7859275937
161,10.7170000000,pose,14,0.1865689605,0.5681487322,-0.6775781512,0.7952944040
162,10.7840000000,pose,14,0.1818761975,0.5714726448,-0.7014687061,0.8092589974
163,10.8510000000,pose,14,0.1828994602,0.5715954304,-0.8685563803,0.8150743842
164,10.9170000000,pose,14,0.1829316020,0.5716535449,-0.8288496137,0.8206562996
165,10.9840000000,pose,14,0.1718058139,0.5880804658,-0.8217014074,0.8317819834
166,11.0500000000,pose,14,0.1724787056,0.5892022848,-0.8179436326,0.8430677056
167,11.1170000000,pose,14,0.1758475453,0.5842251182,-0.8718332052,0.8508386612
168,11.1830000000,pose,14,0.1882495135,0.5718139410,-0.8091872334,0.8447310328
169,11.2500000000,pose,14,0.1879938543,0.5615244508,-0.7536847591,0.8137503266
170,11.3170000000,pose,14,0.1874528825,0.5477377176,-0.7592261434,0.8175262213
171,11.3830000000,pose,14,0.1866618544,0.5480690598,-0.6928288937,0.7742074132
172,11.4500000000,pose,14,0.1846131682,0.5486226678,-0.8055005670,0.7485573292
173,11.5160000000,pose,14,0.1850645840,0.5617458820,-0.9025618434,0.7258194685
174,11.5830000000,pose,14,0.1860934347,0.5614200234,-0.8483972549,0.7093266249
175,11.6490000000,pose,14,0.1886141449,0.5572612882,-0.8259742856,0.6817039847
176,11.7160000000,pose,14,0.1885809898,0.5590636730,-0.8734545112,0.6529397368
177,11.7830000000,pose,14,0.1866831332,0.5629737377,-0.7894061208,0.6624032855
178,11.8490000000,pose,14,0.1842589080,0.5683737397,-0.6474940181,0.6836506128
179,11.9160000000,pose,14,0.1854958981,0.5688900352,-0.5324229002,0.6949597597
180,11.9820000000,pose,14,0.1826152503,0.5708510876,-0.7475547194,0.7040667534
76,5.0590000000,pose,15,0.6923127770,0.6108183265,-1.4327909946,0.9863288403
77,5.1260000000,pose,15,0.6917047501,0.6128613949,-1.7670338154,0.9866617322
78,5.1920000000,pose,15,0.6916524768,0.6123920679,-1.4124839306,0.9865888357
79,5.2590000000,pose,15,0.6913318038,0.6132770777,-1.1334209442,0.9858725667
80,5.3250000000,pose,15,0.6906418204,0.6130629778,-1.3646619320,0.9861429930
81,5.3920000000,pose,15,0.6899648309,0.6131214499,-1.0446354151,0.9864475131
82,5.4590000000,pose,15,0.6887921691,0.6136642694,-1.1728576422,0.9869882464
83,5.5250000000,pose,15,0.6887709498,0.6153569221,-1.2198837996,0.9867591858
84,5.5920000000,pose,15,0.6887502670,0.6137087345,-1.1642709970,0.9874181747
85,5.6580000000,pose,15,0.6888172030,0.6120218635,-1.4645923376,0.9880016446
86,5.7250000000,pose,15,0.6898617148,0.6032451987,-1.4368764162,0.9886893630
87,5.7910000000,pose,15,0.6898443103,0.6013709903,-1.3455073833,0.9901885986
88,5.8580000000,pose,15,0.6879895329,0.5915656090,-0.9814932942,0.9906560779
89,5.9250000000,pose,15,0.6894378662,0.5938729048,-1.1824936867,0.9899782538
90,5.9910000000,pose,15,0.6889625192,0.5907980800,-1.0198633671,0.9907861352
91,6.0580000000,pose,15,0.6804072857,0.5889248848,-1.0869699717,0.9902339578
92,6.1240000000,pose,15,0.6710851789,0.5874482393,-1.0948615074,0.9905613065
93,6.1910000000,pose,15,0.6661309004,0.5854313374,-1.1007835865,0.9910404086
94,6.2570000000,pose,15,0.6457593441,0.5818240643,-1.3294919729,0.9904331565
95,6.3240000000,pose,15,0.6396060586,0.5824704766,-1.2497544289,0.9904759526
96,6.3910000000,pose,15,0.6252495050,0.5793681741,-1.2812708616,0.9906351566
97,6.4570000000,pose,15,0.6228176355,0.5785314441,-1.3392108679,0.9886303544
98,6.5240000000,pose,15,0.6173124313,0.5757243037,-1.3830413818,0.9885334373
99,6.5900000000,pose,15,0.6172983646,0.5745689869,-1.3661763668,0.9881579280
100,6.6570000000,pose,15,0.6127157211,0.5719795227,-1.3478624821,0.9887523055
101,6.7230000000,pose,15,0.6132397056,0.5648893118,-1.5415488482,0.9884713888
102,6.7900000000,pose,15,0.6113236547,0.5632563233,-1.5363879204,0.9886633158
103,6.8560000000,pose,15,0.6116051078,0.5642029643,-1.4852854013,0.9887570739
104,6.9230000000,pose,15,0.6230351329,0.5651177168,-1.4567673206,0.9887570143
105,6.9900000000,pose,15,0.6536843777,0.5770524740,-1.5633018017,0.9896582961
106,7.0560000000,pose,15,0.6715070605,0.5875995159,-1.5998694897,0.9902229309
107,7.1230000000,pose,15,0.6856824756,0.5972604156,-1.6713047028,0.9905084968
108,7.1890000000,pose,15,0.6988621950,0.6014091969,-1.3271470070,0.9911181927
109,7.2560000000,pose,15,0.7038820982,0.5990709066,-1.4976119995,0.9916310906
110,7.3220000000,pose,15,0.7043415308,0.5946400166,-1.5683400631,0.9921504259
111,7.3890000000,pose,15,0.7052778602,0.5925497413,-1.4040397406,0.9926196933
112,7.4560000000,pose,15,0.7055440545,0.5883252621,-1.4799001217,0.9929121137
113,7.5220000000,pose,15,0.7057155371,0.5862243176,-1.5271354914,0.9933050871
114,7.5890000000,pose,15,0.6996751428,0.5838785172,-1.5266245604,0.9930202365
115,7.6550000000,pose,15,0.6906570196,0.5786327720,-1.3451061249,0.9936055541
116,7.7220000000,pose,15,0.6745020151,0.5685448050,-1.6447768211,0.9940568209
117,7.7880000000,pose,15,0.6625014544,0.5683565736,-1.5994613171,0.9943593740
118,7.8550000000,pose,15,0.6538107395,0.5754556060,-1.4331547022,0.9942229986
119,7.9220000000,pose,15,0.6430886984,0.5763647556,-1.3252475262,0.9938445687
120,7.9880000000,pose,15,0.6376139522,0.5774326324,-1.1387703419,0.9937736988
121,8.0550000000,pose,15,0.6263139844,0.5766240358,-1.2706066370,0.9937176108
122,8.1210000000,pose,15,0.6229391098,0.5758459568,-1.3004565239,0.9935343266
123,8.1880000000,pose,15,0.6145066619,0.5758873224,-1.4770791531,0.9927311540
124,8.2540000000,pose,15,0.6149619818,0.5759271979,-1.4402638674,0.9923138618
125,8.3210000000,pose,15,0.6165065765,0.5765334368,-1.4936888218,0.9906102419
126,8.3880000000,pose,15,0.6677466035,0.6057468057,-1.3920484781,0.9909164906
127,8.4540000000,pose,15,0.6833602786,0.6102158427,-1.3929936886,0.9914433956
128,8.5210000000,pose,15,0.6872900128,0.6073263884,-1.2766381502,0.9919192791
129,8.5870000000,pose,15,0.6880123019,0.6037359238,-1.1355887651,0.9925802350
130,8.6540000000,pose,15,0.6848791242,0.5947139859,-1.2263629436,0.9928680062
131,8.7200000000,pose,15,0.6868879199,0.5907581449,-1.4139975309,0.9929838777
132,8.7870000000,pose,15,0.6857700348,0.5853570104,-1.0580776930,0.9932693839
133,8.8540000000,pose,15,0.6838932633,0.5831932425,-1.4774110317,0.9935698509
134,8.9200000000,pose,15,0.6658567190,0.5827510953,-1.1270773411,0.9930218458
135,8.9870000000,pose,15,0.6570140719,0.5825743675,-1.1867386103,0.9923607707
136,9.0530000000,pose,15,0.6431319714,0.5826421380,-1.1547864676,0.9923307896
137,9.1200000000,pose,15,0.6300720572,0.5825999379,-1.2786211967,0.9920861125
138,9.1860000000,pose,15,0.6192509532,0.5807120800,-1.3010407686,0.9917000532
139,9.2530000000,pose,15,0.6170974374,0.5808427930,-1.5311844349,0.9901074767
140,9.3200000000,pose,15,0.6147462130,0.5814376473,-1.1713905334,0.9908309579
141,9.3860000000,pose,15,0.6166620851,0.5888580084,-1.5686144829,0.9896607399
142,9.4530000000,pose,15,0.6267595291,0.5985559821,-1.2851158381,0.9901438951
143,9.5190000000,pose,15,0.6368078589,0.6058570147,-1.5846588612,0.9902791381
144,9.5860000000,pose,15,0.6477881074,0.6078526974,-1.5913965702,0.9909012914
145,9.6520000000,pose,15,0.6515017152,0.6076040864,-1.7029557228,0.9906703234
146,9.7190000000,pose,15,0.6563867927,0.6073498726,-1.4598356485,0.9910709858
147,9.7850000000,pose,15,0.6575309634,0.5970336795,-1.6554107666,0.9915444255
148,9.8520000000,pose,15,0.6606377959,0.5908463597,-1.8301132917,0.9919673800
149,9.9190000000,pose,15,0.6612128615,0.5829697847,-1.7645447254,0.9923704267
150,9.9850000000,pose,15,0.6681273580,0.5764255524,-1.5788627863,0.9916927814
151,10.0520000000,pose,15,0.6723288298,0.5645774603,-1.5043948889,0.9914959669
152,10.1180000000,pose,15,0.6716625094,0.5652720332,-1.4198688269,0.9901987314
153,10.1850000000,pose,15,0.6673202515,0.5646746159,-1.4698907137,0.9902769327
154,10.2510000000,pose,15,0.6590801477,0.5659762025,-1.3026572466,0.9906623363
155,10.3180000000,pose,15,0.6419332027,0.5690727830,-1.3320572376,0.9904637337
156,10.3850000000,pose,15,0.6309437156,0.5672896504,-1.3514693975,0.9904437065
157,10.4510000000,pose,15,0.6233962774,0.5618419647,-1.3905583620,0.9892525673
158,10.5180000000,pose,15,0.6212469935,0.5606502891,-1.2990498543,0.9885760546
159,10.5840000000,pose,15,0.6212197542,0.5602321029,-1.5021646023,0.9891965389
160,10.6510000000,pose,15,0.6252331138,0.5657604337,-1.4782863855,0.9887998700
161,10.7170000000,pose,15,0.6353620887,0.5790717602,-1.3798054457,0.9895800352
162,10.7840000000,pose,15,0.6418464780,0.5867037773,-1.3278285265,0.9901790619
163,10.8510000000,pose,15,0.6468457580,0.5893706679,-1.5564830303,0.9904386401
164,10.9170000000,pose,15,0.6520911455,0.5918236971,-1.5374487638,0.9908398390
165,10.9840000000,pose,15,0.6545363069,0.5838442445,-1.5265008211,0.9913284183
166,11.0500000000,pose,15,0.6563116908,0.5710018873,-1.5512307882,0.9917486906
167,11.1170000000,pose,15,0.6599754691,0.5488364697,-1.5948505402,0.9923980832
168,11.1830000000,pose,15,0.6615672708,0.5508761406,-1.4558900595,0.9928860068
169,11.2500000000,pose,15,0.6614851356,0.5520479083,-1.4653360844,0.9892565608
170,11.3170000000,pose,15,0.6520841718,0.5507493019,-1.4578903913,0.9886284471
171,11.3830000000,pose,15,0.6416385770,0.5476553440,-1.3851723671,0.9769681692
172,11.4500000000,pose,15,0.6407979727,0.5528296232,-1.5198132992,0.9726728201
173,11.5160000000,pose,15,0.6360358596,0.5523523092,-1.6767593622,0.9693937898
174,11.5830000000,pose,15,0.6318840384,0.5527436733,-1.5548084974,0.9664519429
175,11.6490000000,pose,15,0.6301705837,0.5521289110,-1.4927088022,0.9662784338
176,11.7160000000,pose,15,0.6306637526,0.5590494871,-1.5960311890,0.9669427872
177,11.7830000000,pose,15,0.6335709095,0.5749544501,-1.4567915201,0.9688270092
178,11.8490000000,pose,15,0.6426060796,0.5807617307,-1.2879867554,0.9725958109
179,11.9160000000,pose,15,0.6462857723,0.5951696038,-1.1108367443,0.9737434387
180,11.9820000000,pose,15,0.6501107812,0.5970110297,-1.4829121828,0.9756144881
76,5.0590000000,pose,16,0.2786118388,0.6320599318,-1.3743559122,0.9969556332
77,5.1260000000,pose,16,0.2744251788,0.6314800978,-1.7328456640,0.9971868992
78,5.1920000000,pose,16,0.2682537436,0.6318587065,-1.4148486853,0.9971540570
79,5.2590000000,pose,16,0.2646667063,0.6362776160,-1.1897988319,0.9972544312
80,5.3250000000,pose,16,0.2577131987,0.6346031427,-1.3639277220,0.9974145889
81,5.3920000000,pose,16,0.2432667166,0.6336368322,-1.1141295433,0.9975275397
82,5.4590000000,pose,16,0.2329772264,0.6345645189,-1.1362925768,0.9976517558
83,5.5250000000,pose,16,0.2349224091,0.6394909024,-1.1785256863,0.9977564812
84,5.5920000000,pose,16,0.2363169640,0.6437538266,-1.1230092049,0.9977681637
85,5.6580000000,pose,16,0.2370535582,0.6440545321,-1.3870245218,0.9979587793
86,5.7250000000,pose,16,0.2443405539,0.6736406684,-1.3292388916,0.9980465174
87,5.7910000000,pose,16,0.2404702008,0.6543219686,-1.1674879789,0.9981877208
88,5.8580000000,pose,16,0.2443249524,0.6792275310,-0.8431742191,0.9979657531
89,5.9250000000,pose,16,0.2457896769,0.6770271659,-1.0431689024,0.9979642630
90,5.9910000000,pose,16,0.2472582459,0.6787682772,-0.9467115998,0.9980372190
91,6.0580000000,pose,16,0.2481063306,0.6818722486,-0.9813653231,0.9979052544
92,6.1240000000,pose,16,0.2478911728,0.6704477668,-1.0312777758,0.9980103374
93,6.1910000000,pose,16,0.2555812597,0.6706321836,-1.0649391413,0.9981529713
94,6.2570000000,pose,16,0.2594036460,0.6699419618,-1.2566729784,0.9981451631
95,6.3240000000,pose,16,0.2537518442,0.6397380829,-1.3037856817,0.9982606173
96,6.3910000000,pose,16,0.2574823201,0.6407522559,-1.2470585108,0.9983886480
97,6.4570000000,pose,16,0.2560237646,0.6287850142,-1.2953642607,0.9982963800
98,6.5240000000,pose,16,0.2554059327,0.6130284071,-1.3638895750,0.9982811809
99,6.5900000000,pose,16,0.2528930604,0.5707126856,-1.4113150835,0.9983764887
100,6.6570000000,pose,16,0.2545123100,0.5363702178,-1.4159829617,0.9983782172
101,6.7230000000,pose,16,0.2548602521,0.5163298249,-1.6051563025,0.9984135628
102,6.7900000000,pose,16,0.2511215806,0.5036546588,-1.5977461338,0.9984712601
103,6.8560000000,pose,16,0.2432010174,0.5043081045,-1.5132867098,0.9984967113
104,6.9230000000,pose,16,0.2434842587,0.4873771369,-1.4316941500,0.9984259605
105,6.9900000000,pose,16,0.2423107624,0.4864968657,-1.5900084972,0.9985456467
106,7.0560000000,pose,16,0.2422351539,0.4822044671,-1.6457955837,0.9985917211
107,7.1230000000,pose,16,0.2374972999,0.4849482775,-1.7177920341,0.9986222982
108,7.1890000000,pose,16,0.2352223545,0.4866373241,-1.3151421547,0.9985927939
109,7.2560000000,pose,16,0.2352914512,0.4877388775,-1.5045940876,0.9986813068
110,7.3220000000,pose,16,0.2350573093,0.4884001613,-1.5855954885,0.9987434745
111,7.3890000000,pose,16,0.2335334122,0.4869231582,-1.4934389591,0.9986076355
112,7.4560000000,pose,16,0.2320371419,0.4801186323,-1.4981838465,0.9983972311
113,7.5220000000,pose,16,0.2287672609,0.4824793935,-1.5367870331,0.9982553720
114,7.5890000000,pose,16,0.2280873656,0.4972077608,-1.5843821764,0.9980177283
115,7.6550000000,pose,16,0.2238465250,0.4960469604,-1.2986724377,0.9981535673
116,7.7220000000,pose,16,0.2239567637,0.5022090077,-1.5695735216,0.9983033538
117,7.7880000000,pose,16,0.2206368297,0.5023091435,-1.5592037439,0.9984065890
118,7.8550000000,pose,16,0.2207598239,0.5047887564,-1.4888224602,0.9983975291
119,7.9220000000,pose,16,0.2203464955,0.5009356737,-1.4307938814,0.9983348250
120,7.9880000000,pose,16,0.2204016000,0.4978595972,-1.2401820421,0.9981037974
121,8.0550000000,pose,16,0.2188222259,0.5077195764,-1.3202525377,0.9981038570
122,8.1210000000,pose,16,0.2182712257,0.4983002841,-1.3770549297,0.9980632067
123,8.1880000000,pose,16,0.2226618826,0.4990595579,-1.5140662193,0.9980818629
124,8.2540000000,pose,16,0.2244362682,0.5006792545,-1.5184738636,0.9981002212
125,8.3210000000,pose,16,0.2242069393,0.5015611053,-1.5431694984,0.9980337024
126,8.3880000000,pose,16,0.2197411507,0.5015914440,-1.3250770569,0.9978228211
127,8.4540000000,pose,16,0.2267029136,0.5039979219,-1.3658308983,0.9979673028
128,8.5210000000,pose,16,0.2259895951,0.5113457441,-1.2839663029,0.9979911447
129,8.5870000000,pose,16,0.2235967666,0.5095570087,-1.1570713520,0.9980536699
130,8.6540000000,pose,16,0.2235540003,0.5101997256,-1.2500014305,0.9979052544
131,8.7200000000,pose,16,0.2234328538,0.5108775496,-1.4543274641,0.9979596734
132,8.7870000000,pose,16,0.2223624438,0.5059789419,-1.0922970772,0.9978649020
133,8.8540000000,pose,16,0.2231892794,0.5077052712,-1.5246059895,0.9979609251
134,8.9200000000,pose,16,0.2229375839,0.5086181164,-1.1946264505,0.9980466962
135,8.9870000000,pose,16,0.2259736210,0.5077210665,-1.2760694027,0.9981166124
136,9.0530000000,pose,16,0.2259360105,0.5076707602,-1.2462122440,0.9981729984
137,9.1200000000,pose,16,0.2250041366,0.5076704025,-1.3798196316,0.9981388450
138,9.1860000000,pose,16,0.2285169959,0.5060949922,-1.4279440641,0.9980141521
139,9.2530000000,pose,16,0.2317619622,0.5104016066,-1.6424087286,0.9980482459
140,9.3200000000,pose,16,0.2322547138,0.5104801059,-1.1742421389,0.9979372025
141,9.3860000000,pose,16,0.2300633937,0.5117117763,-1.6055264473,0.9980064631
142,9.4530000000,pose,16,0.2304973006,0.5141736865,-1.2528964281,0.9981101751
143,9.5190000000,pose,16,0.2301150411,0.5144196749,-1.6227033138,0.9981504679
144,9.5860000000,pose,16,0.2285034955,0.5132721066,-1.5387072563,0.9981800318
145,9.6520000000,pose,16,0.2304969430,0.5136952400,-1.7617992163,0.9983102679
146,9.7190000000,pose,16,0.2304405272,0.5141187310,-1.4283212423,0.9982789159
147,9.7850000000,pose,16,0.2276023477,0.5139926076,-1.6331536770,0.9982920289
148,9.8520000000,pose,16,0.2315719277,0.5194186568,-1.7450850010,0.9983823299
149,9.9190000000,pose,16,0.2321452647,0.5185092092,-1.6852580309,0.9984531403
150,9.9850000000,pose,16,0.2276485562,0.5158967972,-1.6656316519,0.9984056354
151,10.0520000000,pose,16,0.2275613844,0.5158842802,-1.5474969149,0.9984467626
152,10.1180000000,pose,16,0.2249107063,0.5136643648,-1.4941815138,0.9983374476
153,10.1850000000,pose,16,0.2279180884,0.5055326223,-1.5208928585,0.9983229041
154,10.2510000000,pose,16,0.2279364616,0.5061712861,-1.3475490808,0.9983606935
155,10.3180000000,pose,16,0.2299438864,0.5121002793,-1.5057599545,0.9983795285
156,10.3850000000,pose,16,0.2321190089,0.5118079185,-1.4933170080,0.9984421730
157,10.4510000000,pose,16,0.2342462689,0.5117474794,-1.4805110693,0.9984548092
158,10.5180000000,pose,16,0.2336767465,0.5116319656,-1.3836097717,0.9978426695
159,10.5840000000,pose,16,0.2334439456,0.5130290985,-1.5406548977,0.9978748560
160,10.6510000000,pose,16,0.2338228971,0.5124031305,-1.4853209257,0.9979849458
161,10.7170000000,pose,16,0.2353953272,0.5146433711,-1.3462320566,0.9981299639
162,10.7840000000,pose,16,0.2362278998,0.5127878785,-1.3363884687,0.9981935024
163,10.8510000000,pose,16,0.2359980792,0.5127557516,-1.5859580040,0.9982044101
164,10.9170000000,pose,16,0.2428332865,0.5126792789,-1.5426735878,0.9983213544
165,10.9840000000,pose,16,0.2435586900,0.5096330643,-1.5197299719,0.9984172583
166,11.0500000000,pose,16,0.2409438938,0.5107287765,-1.5222941637,0.9984103441
167,11.1170000000,pose,16,0.2354758829,0.5110185146,-1.5920293331,0.9985465407
168,11.1830000000,pose,16,0.2360449880,0.5403241515,-1.4711706638,0.9986001253
169,11.2500000000,pose,16,0.2371134609,0.5380896926,-1.4091126919,0.9982944727
170,11.3170000000,pose,16,0.2391099632,0.5374368429,-1.4072613716,0.9983513951
171,11.3830000000,pose,16,0.2394978553,0.5370497704,-1.3694077730,0.9969974756
172,11.4500000000,pose,16,0.2465481758,0.5393332839,-1.4790499210,0.9960958362
173,11.5160000000,pose,16,0.2384118587,0.5394717455,-1.6831241846,0.9950523376
174,11.5830000000,pose,16,0.2379738390,0.5347857475,-1.4940708876,0.9944599867
175,11.6490000000,pose,16,0.2385571897,0.5369157195,-1.5552401543,0.9945128560
176,11.7160000000,pose,16,0.2386236638,0.5373366475,-1.5929590464,0.9939211607
177,11.7830000000,pose,16,0.2403742820,0.5400454998,-1.4137471914,0.9943790436
178,11.8490000000,pose,16,0.2462268472,0.5400606990,-1.2594063282,0.9949343204
179,11.9160000000,pose,16,0.2474477291,0.5404243469,-1.0891295671,0.9952728748
180,11.9820000000,pose,16,0.2474000156,0.5380820632,-1.4440923929,0.9956544638
76,5.0590000000,pose,23,0.5763477087,0.9671599269,-0.0049249595,0.9616543651
77,5.1260000000,pose,23,0.5782566071,0.9674569368,-0.0063872961,0.9589014649
78,5.1920000000,pose,23,0.5884887576,0.9639516473,-0.0059091118,0.9597545862
79,5.2590000000,pose,23,0.6128433347,0.9503948092,-0.0016098714,0.9594416022
80,5.3250000000,pose,23,0.6121844649,0.9490939379,0.0042052791,0.9616593122
81,5.3920000000,pose,23,0.6130635738,0.9400037527,-0.0031994181,0.9627726078
82,5.4590000000,pose,23,0.6123895645,0.9362272024,-0.0068532419,0.9636572003
83,5.5250000000,pose,23,0.6113884449,0.9364702106,0.0004853979,0.9524140954
84,5.5920000000,pose,23,0.6130936742,0.9364635348,0.0131224934,0.9540975094
85,5.6580000000,pose,23,0.6022841334,0.9443110824,0.0029542041,0.9365088940
86,5.7250000000,pose,23,0.5998715162,0.9595136642,0.0118544083,0.9309967756
87,5.7910000000,pose,23,0.5641375780,0.9769836664,0.0012324073,0.9353262782
88,5.8580000000,pose,23,0.5626623631,0.9783353209,0.0039257421,0.9304537773
89,5.9250000000,pose,23,0.5613775849,0.9797215462,0.0063827476,0.9348511696
90,5.9910000000,pose,23,0.5576362610,0.9682331085,-0.0001901577,0.9399824739
91,6.0580000000,pose,23,0.5633329749,0.9682377577,0.0124712335,0.9393330812
92,6.1240000000,pose,23,0.5955247879,0.9743913412,0.0121658631,0.9331755638
93,6.1910000000,pose,23,0.6157693267,0.9740090966,0.0120250480,0.9290775657
94,6.2570000000,pose,23,0.5810466409,0.9874184132,0.0116396882,0.9359360337
95,6.3240000000,pose,23,0.5802215934,0.9834990501,-0.0008421659,0.9383813739
96,6.3910000000,pose,23,0.5644916296,0.9832375050,-0.0053812894,0.9380352497
97,6.4570000000,pose,23,0.5608085394,0.9841126800,-0.0073299319,0.9262993336
98,6.5240000000,pose,23,0.5555486083,0.9898914695,-0.0063441410,0.9241376519
99,6.5900000000,pose,23,0.5675639510,0.9910840988,-0.0033798760,0.9237387180
100,6.6570000000,pose,23,0.5996038914,0.9765475988,-0.0077408394,0.9304324985
101,6.7230000000,pose,23,0.5954735875,0.9736208320,-0.0052432446,0.9337856174
102,6.7900000000,pose,23,0.5937381983,0.9737224579,-0.0052932207,0.9387753606
103,6.8560000000,pose,23,0.5916315317,0.9746055603,-0.0088226534,0.9429204464
104,6.9230000000,pose,23,0.6006908417,0.9746167064,-0.0008935391,0.9496329427
105,6.9900000000,pose,23,0.5823436975,0.9884895682,-0.0015663208,0.9513155818
106,7.0560000000,pose,23,0.5737052560,0.9914541841,0.0037810879,0.9503329396
107,7.1230000000,pose,23,0.5963875055,0.9738395214,0.0035626979,0.9535869956
108,7.1890000000,pose,23,0.5951610208,0.9678829908,-0.0188131835,0.9544677734
109,7.2560000000,pose,23,0.5945836902,0.9602810144,-0.0020872431,0.9526497722
110,7.3220000000,pose,23,0.5856859088,0.9620469809,-0.0010591863,0.9542032480
111,7.3890000000,pose,23,0.5857037902,0.9624457359,0.0058797994,0.9563283920
112,7.4560000000,pose,23,0.5844224095,0.9626212716,-0.0003062765,0.9591448307
113,7.5220000000,pose,23,0.5870202780,0.9626107812,0.0022938326,0.9615589976
114,7.5890000000,pose,23,0.5840330720,0.9640629292,0.0025662386,0.9596337676
115,7.6550000000,pose,23,0.5745889544,0.9698671699,-0.0128737409,0.9589508176
116,7.7220000000,pose,23,0.5721594095,0.9724622965,-0.0253973119,0.9596521258
117,7.7880000000,pose,23,0.5725134015,0.9836467505,-0.0232358016,0.9580653310
118,7.8550000000,pose,23,0.5848337412,0.9909448624,-0.0206410307,0.9574157596
119,7.9220000000,pose,23,0.5978613496,0.9906052351,-0.0190341137,0.9484703541
120,7.9880000000,pose,23,0.5850164294,0.9920665622,-0.0187394973,0.9300172329
121,8.0550000000,pose,23,0.5866814852,0.9926616549,-0.0130399363,0.9335648417
122,8.1210000000,pose,23,0.5825576186,0.9920514226,-0.0128761865,0.9189702868
123,8.1880000000,pose,23,0.5813677907,0.9919815660,-0.0127617652,0.9086594582
124,8.2540000000,pose,23,0.5817124248,0.9940692782,-0.0076786880,0.9087560773
125,8.3210000000,pose,23,0.5809932947,0.9965348840,-0.0105984444,0.9028394222
126,8.3880000000,pose,23,0.5811886191,0.9768974185,-0.0238761138,0.9108519554
127,8.4540000000,pose,23,0.5862485766,0.9776098132,-0.0144976871,0.9184063077
128,8.5210000000,pose,23,0.5860592127,0.9780795574,-0.0057352651,0.9229478240
129,8.5870000000,pose,23,0.5876848102,0.9775248170,-0.0013792266,0.9293385148
130,8.6540000000,pose,23,0.5896142125,0.9725282788,-0.0004735412,0.9340687394
131,8.7200000000,pose,23,0.5935456157,0.9654277563,-0.0006587887,0.9335433841
132,8.7870000000,pose,23,0.5961258411,0.9598100185,-0.0027780042,0.9333425760
133,8.8540000000,pose,23,0.5976237059,0.9602187276,-0.0029882377,0.9338986874
134,8.9200000000,pose,23,0.6063665152,0.9605872035,-0.0030491236,0.9259545207
135,8.9870000000,pose,23,0.6164448261,0.9578023553,-0.0003149643,0.9233594537
136,9.0530000000,pose,23,0.6282716393,0.9642505646,-0.0036723935,0.9218307734
137,9.1200000000,pose,23,0.6275511980,0.9668087363,-0.0027271858,0.9227854013
138,9.1860000000,pose,23,0.6226926446,0.9631537795,0.0030148698,0.9273388982
139,9.2530000000,pose,23,0.6126196980,0.9660726190,-0.0036356060,0.9284707904
140,9.3200000000,pose,23,0.5888312459,0.9722252488,-0.0030154022,0.9295434356
141,9.3860000000,pose,23,0.5613086224,0.9886005521,-0.0030525613,0.9228526354
142,9.4530000000,pose,23,0.5626412630,0.9895818830,-0.0025443018,0.9279332161
143,9.5190000000,pose,23,0.5577514768,0.9912012219,-0.0023108430,0.9320796132
144,9.5860000000,pose,23,0.5598443151,0.9813507199,-0.0184379816,0.9379138947
145,9.6520000000,pose,23,0.5652825236,0.9781109691,0.0020912616,0.9417063594
146,9.7190000000,pose,23,0.5656391382,0.9750317335,-0.0019191876,0.9448073506
147,9.7850000000,pose,23,0.5614288449,0.9852213264,-0.0029741500,0.9485234022
148,9.8520000000,pose,23,0.5574989915,0.9792922139,-0.0075621321,0.9495595098
149,9.9190000000,pose,23,0.5807196498,0.9739069343,-0.0075646681,0.9534590840
150,9.9850000000,pose,23,0.5937680006,0.9628955126,0.0088200085,0.9543730021
151,10.0520000000,pose,23,0.6147153378,0.9526783228,0.0077364226,0.9480451941
152,10.1180000000,pose,23,0.6134397984,0.9523898363,0.0126066925,0.9480796456
153,10.1850000000,pose,23,0.6183760166,0.9527397752,0.0116865402,0.9500272870
154,10.2510000000,pose,23,0.6167169809,0.9562184811,0.0112503618,0.9447692037
155,10.3180000000,pose,23,0.5993549824,0.9570162296,0.0084307138,0.9440309405
156,10.3850000000,pose,23,0.5950990319,0.9570307732,0.0072044744,0.9447674751
157,10.4510000000,pose,23,0.5996325612,0.9587277174,0.0048924740,0.9417279959
158,10.5180000000,pose,23,0.6000351310,0.9601639509,0.0086423643,0.9449159503
159,10.5840000000,pose,23,0.5849439502,0.9608064890,0.0049077789,0.9449302554
160,10.6510000000,pose,23,0.5675291419,0.9683278203,-0.0044436217,0.9439983964
161,10.7170000000,pose,23,0.5588167906,0.9733034372,-0.0079520596,0.9474429488
162,10.7840000000,pose,23,0.5757531524,0.9667245150,-0.0093402294,0.9513288736
163,10.8510000000,pose,23,0.5777969360,0.9527038336,-0.0040479549,0.9543808699
164,10.9170000000,pose,23,0.5755327940,0.9530797601,-0.0028720296,0.9570422769
165,10.9840000000,pose,23,0.5638322234,0.9728411436,-0.0023523264,0.9601533413
166,11.0500000000,pose,23,0.5672997236,0.9731281400,-0.0078496132,0.9627962708
167,11.1170000000,pose,23,0.5789629817,0.9687126875,-0.0093090739,0.9615988135
168,11.1830000000,pose,23,0.5950545669,0.9509380460,-0.0084701357,0.9534351230
169,11.2500000000,pose,23,0.6024598479,0.9237592816,-0.0044984869,0.9449335337
170,11.3170000000,pose,23,0.6068724394,0.9242475629,-0.0016535890,0.9452834725
171,11.3830000000,pose,23,0.6153281331,0.9484945536,-0.0038023342,0.9431509972
172,11.4500000000,pose,23,0.6130511761,0.9695641398,-0.0049775853,0.9340252876
173,11.5160000000,pose,23,0.6121474504,0.9743777514,-0.0089246323,0.9300383329
174,11.5830000000,pose,23,0.6208623648,0.9561318755,-0.0082305223,0.9215088487
175,11.6490000000,pose,23,0.6063169837,0.9558742046,-0.0080931298,0.9160882831
176,11.7160000000,pose,23,0.6013509035,0.9598854184,-0.0077090757,0.9140083790
177,11.7830000000,pose,23,0.5612456203,0.9644669294,-0.0063530174,0.9203054905
178,11.8490000000,pose,23,0.5424963236,0.9799709916,-0.0045290017,0.9261819124
179,11.9160000000,pose,23,0.5494753718,0.9790713787,-0.0044757775,0.9304459691
180,11.9820000000,pose,23,0.5531398654,0.9778183699,-0.0050965305,0.9321298599
76,5.0590000000,pose,24,0.3824655116,0.9407228231,0.0041492512,0.9685905576
77,5.1260000000,pose,24,0.3829849660,0.9441855550,0.0056760008,0.9671452045
78,5.1920000000,pose,24,0.3882644475,0.9442800879,0.0052377018,0.9678614736
79,5.2590000000,pose,24,0.4145490229,0.9475998282,0.0009994011,0.9682341814
80,5.3250000000,pose,24,0.4119921923,0.9475379586,-0.0049711862,0.9701818824
81,5.3920000000,pose,24,0.4200002849,0.9443980455,0.0023826663,0.9714331627
82,5.4590000000,pose,24,0.4180932045,0.9311074018,0.0059647579,0.9722228050
83,5.5250000000,pose,24,0.4172833562,0.9335492849,-0.0013070356,0.9632291794
84,5.5920000000,pose,24,0.4211699367,0.9373344779,-0.0138549125,0.9647634625
85,5.6580000000,pose,24,0.4084788263,0.9376056194,-0.0037381921,0.9505599141
86,5.7250000000,pose,24,0.4052504599,0.9449691772,-0.0126480060,0.9451750517
87,5.7910000000,pose,24,0.3794461787,0.9448157549,-0.0019613041,0.9473444819
88,5.8580000000,pose,24,0.3829687238,0.9452785254,-0.0045636282,0.9415320754
89,5.9250000000,pose,24,0.3779636323,0.9441704154,-0.0070348331,0.9461348057
90,5.9910000000,pose,24,0.3788278401,0.9364765882,-0.0004278735,0.9503101110
91,6.0580000000,pose,24,0.3815495372,0.9415222406,-0.0130783999,0.9503515959
92,6.1240000000,pose,24,0.4011630416,0.9709012508,-0.0127832843,0.9473823905
93,6.1910000000,pose,24,0.4241251349,0.9756876826,-0.0126665346,0.9440572858
94,6.2570000000,pose,24,0.3924573958,0.9721137285,-0.0122719249,0.9508097172
95,6.3240000000,pose,24,0.3825134337,0.9621869326,0.0003127249,0.9532732368
96,6.3910000000,pose,24,0.3606705666,0.9411960244,0.0047378032,0.9531329274
97,6.4570000000,pose,24,0.3589194119,0.9395281076,0.0067974115,0.9441202879
98,6.5240000000,pose,24,0.3597796261,0.9387937784,0.0058620651,0.9416257143
99,6.5900000000,pose,24,0.3661349714,0.9476051331,0.0029253771,0.9421157837
100,6.6570000000,pose,24,0.3888659775,0.9481760859,0.0071762325,0.9471675754
101,6.7230000000,pose,24,0.3829681575,0.9460533857,0.0046297321,0.9498988986
102,6.7900000000,pose,24,0.3753875494,0.9466220140,0.0047006509,0.9538352489
103,6.8560000000,pose,24,0.3721947074,0.9477339983,0.0082291281,0.9569267035
104,6.9230000000,pose,24,0.3844157755,0.9541090131,0.0003850004,0.9617611766
105,6.9900000000,pose,24,0.3828381300,0.9569938183,0.0010563020,0.9627054930
106,7.0560000000,pose,24,0.3780260980,0.9574949145,-0.0043181670,0.9616178870
107,7.1230000000,pose,24,0.3999744058,0.9588601589,-0.0041065202,0.9641172290
108,7.1890000000,pose,24,0.3974385858,0.9514203072,0.0180154312,0.9638665318
109,7.2560000000,pose,24,0.3965279758,0.9478268623,0.0013567426,0.9608741403
110,7.3220000000,pose,24,0.3931948245,0.9479142427,0.0003598969,0.9617372155
111,7.3890000000,pose,24,0.3925385773,0.9489756227,-0.0066065802,0.9625941515
112,7.4560000000,pose,24,0.3923144042,0.9502239227,-0.0004145032,0.9644779563
113,7.5220000000,pose,24,0.3920685351,0.9519208074,-0.0030014208,0.9662759304
114,7.5890000000,pose,24,0.3940205276,0.9501032829,-0.0032397574,0.9637587070
115,7.6550000000,pose,24,0.3811647296,0.9474037886,0.0122296978,0.9621127844
116,7.7220000000,pose,24,0.3790054023,0.9466792941,0.0247322023,0.9622855186
117,7.7880000000,pose,24,0.3731951714,0.9548995495,0.0225759372,0.9605969787
118,7.8550000000,pose,24,0.3826222420,0.9695428014,0.0200554226,0.9592244029
119,7.9220000000,pose,24,0.3916707635,0.9756824374,0.0184330102,0.9501892328
120,7.9880000000,pose,24,0.3725731075,0.9726041555,0.0181240309,0.9282951355
121,8.0550000000,pose,24,0.3788281977,0.9773728251,0.0124295224,0.9323385358
122,8.1210000000,pose,24,0.3783016503,0.9675984979,0.0122659784,0.9165254235
123,8.1880000000,pose,24,0.3714857996,0.9628301263,0.0121512571,0.9088343382
124,8.2540000000,pose,24,0.3718750775,0.9631331563,0.0071552843,0.9097479582
125,8.3210000000,pose,24,0.3735145926,0.9643596411,0.0100499848,0.9048864245
126,8.3880000000,pose,24,0.3736846745,0.9484056234,0.0230882689,0.9121571779
127,8.4540000000,pose,24,0.3856946528,0.9523199201,0.0137561923,0.9197265506
128,8.5210000000,pose,24,0.3907611668,0.9526690245,0.0050544399,0.9240507483
129,8.5870000000,pose,24,0.3915578425,0.9570053816,0.0006535237,0.9300892949
130,8.6540000000,pose,24,0.3924075067,0.9557795525,-0.0002763449,0.9345893264
131,8.7200000000,pose,24,0.3985196352,0.9512229562,-0.0000876762,0.9346216917
132,8.7870000000,pose,24,0.4023501575,0.9350453615,0.0019721624,0.9346665740
133,8.8540000000,pose,24,0.4023889303,0.9357150197,0.0022051532,0.9347756505
134,8.9200000000,pose,24,0.4032369554,0.9511646628,0.0022643644,0.9291341305
135,8.9870000000,pose,24,0.4133766294,0.9648461342,-0.0005000712,0.9278022051
136,9.0530000000,pose,24,0.4166037440,0.9795567393,0.0029073970,0.9268955588
137,9.1200000000,pose,24,0.4190652966,0.9840080142,0.0019646771,0.9285879135
138,9.1860000000,pose,24,0.4158135951,0.9828910828,-0.0037355588,0.9330054522
139,9.2530000000,pose,24,0.4080208838,0.9802753329,0.0028585086,0.9341529608
140,9.3200000000,pose,24,0.3841293156,0.9615623355,0.0022462483,0.9334529638
141,9.3860000000,pose,24,0.3619157672,0.9522588849,0.0023076588,0.9289630651
142,9.4530000000,pose,24,0.3654184341,0.9553706646,0.0018663157,0.9339386225
143,9.5190000000,pose,24,0.3668248057,0.9556096792,0.0016524174,0.9374758601
144,9.5860000000,pose,24,0.3659060597,0.9430111051,0.0176758282,0.9426715374
145,9.6520000000,pose,24,0.3746294081,0.9476786852,-0.0026396478,0.9468525052
146,9.7190000000,pose,24,0.3747183383,0.9451221824,0.0013428554,0.9494518042
147,9.7850000000,pose,24,0.3742537200,0.9510423541,0.0023339230,0.9524463415
148,9.8520000000,pose,24,0.3733784258,0.9364193678,0.0068569365,0.9534085989
149,9.9190000000,pose,24,0.3825272322,0.9394133091,0.0068611014,0.9571667910
150,9.9850000000,pose,24,0.3976902962,0.9415755868,-0.0094672581,0.9584465027
151,10.0520000000,pose,24,0.4179237187,0.9419385195,-0.0083585363,0.9539462924
152,10.1180000000,pose,24,0.4172740281,0.9422213435,-0.0133641548,0.9542992115
153,10.1850000000,pose,24,0.4146422744,0.9466806054,-0.0124399541,0.9561561346
154,10.2510000000,pose,24,0.4080884755,0.9594241381,-0.0119948555,0.9512136579
155,10.3180000000,pose,24,0.3996146619,0.9585729241,-0.0091481106,0.9510248303
156,10.3850000000,pose,24,0.3864554167,0.9511166215,-0.0078404276,0.9526063204
157,10.4510000000,pose,24,0.3869795501,0.9566345215,-0.0054557603,0.9510697722
158,10.5180000000,pose,24,0.3875230551,0.9586638212,-0.0093275588,0.9531782866
159,10.5840000000,pose,24,0.3879357576,0.9463375807,-0.0055282833,0.9525038004
160,10.6510000000,pose,24,0.3679150641,0.9414752722,0.0038940008,0.9522323012
161,10.7170000000,pose,24,0.3685418963,0.9427269101,0.0073895152,0.9551501870
162,10.7840000000,pose,24,0.3870781362,0.9400202632,0.0087409271,0.9584927559
163,10.8510000000,pose,24,0.3875411153,0.9370729923,0.0033836300,0.9609510303
164,10.9170000000,pose,24,0.3824189305,0.9352656603,0.0022720871,0.9634568691
165,10.9840000000,pose,24,0.3771439195,0.9427170753,0.0017447113,0.9661591053
166,11.0500000000,pose,24,0.3820309937,0.9444746375,0.0071606534,0.9684107304
167,11.1170000000,pose,24,0.3910663426,0.9424204826,0.0086254524,0.9676632881
168,11.1830000000,pose,24,0.3997317255,0.9390340447,0.0078248205,0.9578442574
169,11.2500000000,pose,24,0.4052693546,0.9346885681,0.0038041584,0.9500282407
170,11.3170000000,pose,24,0.4085204899,0.9386260509,0.0009886679,0.9516828656
171,11.3830000000,pose,24,0.4135751724,0.9647239447,0.0031047205,0.9498401284
172,11.4500000000,pose,24,0.4131314456,0.9674766064,0.0042615505,0.9403817058
173,11.5160000000,pose,24,0.4103987813,0.9718865156,0.0082627395,0.9356133938
174,11.5830000000,pose,24,0.4185501635,0.9713222980,0.0075754183,0.9276040196
175,11.6490000000,pose,24,0.3849853873,0.9489970803,0.0074358536,0.9205232859
176,11.7160000000,pose,24,0.3827027082,0.9531565309,0.0070737512,0.9173998237
177,11.7830000000,pose,24,0.3599382043,0.9412181377,0.0057651857,0.9237948656
178,11.8490000000,pose,24,0.3481149971,0.9412595034,0.0039866352,0.9299709797
179,11.9160000000,pose,24,0.3495500386,0.9414076805,0.0039301193,0.9343678951
180,11.9820000000,pose,24,0.3545974791,0.9415996075,0.0045627984,0.9363937378
76,5.0590000000,right_hand,0,0.2762170732,0.6522404552,-0.0000001761,1.0000000000
77,5.1260000000,right_hand,0,0.2668641806,0.6492119431,-0.0000000898,1.0000000000
78,5.1920000000,right_hand,0,0.2574903071,0.6488361955,0.0000000395,1.0000000000
79,5.2590000000,right_hand,0,0.2537716925,0.6525547504,-0.0000000070,1.0000000000
80,5.3250000000,right_hand,0,0.2502249777,0.6502042413,0.0000001013,1.0000000000
81,5.3920000000,right_hand,0,0.2385978401,0.6464244723,0.0000001882,1.0000000000
82,5.4590000000,right_hand,0,0.2316986620,0.6516284943,0.0000002200,1.0000000000
83,5.5250000000,right_hand,0,0.2348904163,0.6684290767,0.0000002033,1.0000000000
84,5.5920000000,right_hand,0,0.2591112554,0.7363184094,-0.0000001895,1.0000000000
85,5.6580000000,right_hand,0,0.2820092142,0.7389154434,0.0000000903,1.0000000000
86,5.7250000000,right_hand,0,0.2690683603,0.7292805910,0.0000001826,1.0000000000
87,5.7910000000,right_hand,0,0.2562849820,0.7607637644,-0.0000002608,1.0000000000
88,5.8580000000,right_hand,0,0.2688133121,0.7730941176,-0.0000001092,1.0000000000
89,5.9250000000,right_hand,0,0.2748273611,0.7501946688,-0.0000002099,1.0000000000
90,5.9910000000,right_hand,0,0.2793624699,0.7388912439,-0.0000002287,1.0000000000
91,6.0580000000,right_hand,0,0.2865958214,0.7606552243,-0.0000002382,1.0000000000
92,6.1240000000,right_hand,0,0.2692684233,0.7340595722,-0.0000000056,1.0000000000
93,6.1910000000,right_hand,0,0.2715611607,0.7332287729,-0.0000000873,1.0000000000
94,6.2570000000,right_hand,0,0.2738538980,0.7323979735,-0.0000001691,1.0000000000
95,6.3240000000,right_hand,0,0.2705817223,0.7220086455,-0.0000000853,1.0000000000
96,6.3910000000,right_hand,0,0.2660495341,0.6962076128,-0.0000000436,1.0000000000
97,6.4570000000,right_hand,0,0.2615173459,0.6704065800,-0.0000000020,1.0000000000
98,6.5240000000,right_hand,0,0.2560302615,0.6450102925,0.0000001358,1.0000000000
99,6.5900000000,right_hand,0,0.2412523329,0.6067553759,0.0000003215,1.0000000000
100,6.6570000000,right_hand,0,0.2376896143,0.5692328215,0.0000003296,1.0000000000
101,6.7230000000,right_hand,0,0.2449220270,0.5481287241,0.0000004350,1.0000000000
102,6.7900000000,right_hand,0,0.2521474063,0.5069238544,0.0000004782,1.0000000000
103,6.8560000000,right_hand,0,0.2529838979,0.4974558353,0.0000003330,1.0000000000
104,6.9230000000,right_hand,0,0.2585891783,0.5030730367,0.0000003610,1.0000000000
105,6.9900000000,right_hand,0,0.2600954771,0.4505947828,0.0000006185,1.0000000000
106,7.0560000000,right_hand,0,0.2447910607,0.4459171891,0.0000005463,1.0000000000
107,7.1230000000,right_hand,0,0.2385158241,0.4546969235,0.0000004039,1.0000000000
108,7.1890000000,right_hand,0,0.7019619942,0.5770165324,0.0000002728,1.0000000000
109,7.2560000000,right_hand,0,0.2354918718,0.4436760545,0.0000003992,1.0000000000
110,7.3220000000,right_hand,0,0.2270577550,0.4372541904,0.0000004610,1.0000000000
111,7.3890000000,right_hand,0,0.2264909446,0.4515421391,0.0000005454,1.0000000000
112,7.4560000000,right_hand,0,0.7147533894,0.5647587776,0.0000002771,1.0000000000
113,7.5220000000,right_hand,0,0.2249159068,0.4518290162,0.0000005388,1.0000000000
114,7.5890000000,right_hand,0,0.2238464504,0.4497168064,0.0000006134,1.0000000000
115,7.6550000000,right_hand,0,0.2204431891,0.4608926177,0.0000006130,1.0000000000
116,7.7220000000,right_hand,0,0.2220217735,0.4609720707,0.0000006617,1.0000000000
117,7.7880000000,right_hand,0,0.2190850228,0.4597263932,0.0000005127,1.0000000000
118,7.8550000000,right_hand,0,0.2162154764,0.4681507051,0.0000004244,1.0000000000
119,7.9220000000,right_hand,0,0.2128662616,0.4739245772,0.0000003891,1.0000000000
120,7.9880000000,right_hand,0,0.2088351995,0.4725496769,0.0000004050,1.0000000000
121,8.0550000000,right_hand,0,0.2067883611,0.4770278335,0.0000003923,1.0000000000
122,8.1210000000,right_hand,0,0.2065393329,0.4709752500,0.0000004521,1.0000000000
123,8.1880000000,right_hand,0,0.2012807727,0.4775194526,0.0000004285,1.0000000000
124,8.2540000000,right_hand,0,0.2055540979,0.4776573777,0.0000004969,1.0000000000
125,8.3210000000,right_hand,0,0.2085873485,0.4685396552,0.0000005756,1.0000000000
126,8.3880000000,right_hand,0,0.1984158605,0.4813811779,0.0000004537,1.0000000000
127,8.4540000000,right_hand,0,0.6552851796,0.5902428031,0.0000001644,1.0000000000
128,8.5210000000,right_hand,0,0.6354773045,0.5690641403,0.0000003632,1.0000000000
129,8.5870000000,right_hand,0,0.1963699609,0.4792495370,0.0000004695,1.0000000000
130,8.6540000000,right_hand,0,0.1936462820,0.4887649417,0.0000004140,1.0000000000
131,8.7200000000,right_hand,0,0.1901822686,0.4867642820,0.0000004366,1.0000000000
132,8.7870000000,right_hand,0,0.1883936226,0.4906798601,0.0000004799,1.0000000000
133,8.8540000000,right_hand,0,0.1946117878,0.4855176806,0.0000005020,1.0000000000
134,8.9200000000,right_hand,0,0.1916173398,0.4940965176,0.0000004871,1.0000000000
135,8.9870000000,right_hand,0,0.1922896653,0.4920781553,0.0000004932,1.0000000000
136,9.0530000000,right_hand,0,0.1947085857,0.4842414856,0.0000005091,1.0000000000
137,9.1200000000,right_hand,0,0.1998601854,0.5051738024,0.0000003961,1.0000000000
138,9.1860000000,right_hand,0,0.2028764337,0.4958298802,0.0000005005,1.0000000000
139,9.2530000000,right_hand,0,0.2183919996,0.4802209139,0.0000005628,1.0000000000
140,9.3200000000,right_hand,0,0.2233002633,0.4763618112,0.0000004972,1.0000000000
141,9.3860000000,right_hand,0,0.2142648399,0.4848487973,0.0000004193,1.0000000000
142,9.4530000000,right_hand,0,0.2093690932,0.4866510630,0.0000004889,1.0000000000
143,9.5190000000,right_hand,0,0.2120771706,0.4771319926,0.0000005484,1.0000000000
144,9.5860000000,right_hand,0,0.2150445580,0.4821096361,0.0000005990,1.0000000000
145,9.6520000000,right_hand,0,0.2096776366,0.4857776165,0.0000004581,1.0000000000
146,9.7190000000,right_hand,0,0.2122165859,0.4794271290,0.0000005270,1.0000000000
147,9.7850000000,right_hand,0,0.2116221786,0.4854841232,0.0000004838,1.0000000000
148,9.8520000000,right_hand,0,0.2103775740,0.4859385490,0.0000004350,1.0000000000
149,9.9190000000,right_hand,0,0.2099613100,0.4804969430,0.0000004895,1.0000000000
150,9.9850000000,right_hand,0,0.2134374380,0.4837849438,0.0000005110,1.0000000000
151,10.0520000000,right_hand,0,0.2179700136,0.4798172414,0.0000005437,1.0000000000
152,10.1180000000,right_hand,0,0.2118893862,0.4835993648,0.0000004142,1.0000000000
153,10.1850000000,right_hand,0,0.2113263458,0.4798492491,0.0000004435,1.0000000000
154,10.2510000000,right_hand,0,0.2124941945,0.4841198623,0.0000004220,1.0000000000
155,10.3180000000,right_hand,0,0.2134558856,0.4766539335,0.0000004479,1.0000000000
156,10.3850000000,right_hand,0,0.2196761370,0.4794114828,0.0000004988,1.0000000000
157,10.4510000000,right_hand,0,0.2219170183,0.4752762020,0.0000004282,1.0000000000
158,10.5180000000,right_hand,0,0.2250910699,0.4744471312,0.0000004739,1.0000000000
159,10.5840000000,right_hand,0,0.2228697985,0.4694522023,0.0000004528,1.0000000000
160,10.6510000000,right_hand,0,0.2193239629,0.4737703800,0.0000004592,1.0000000000
161,10.7170000000,right_hand,0,0.2174795717,0.4752683342,0.0000004884,1.0000000000
162,10.7840000000,right_hand,0,0.2186867893,0.4847033024,0.0000004613,1.0000000000
163,10.8510000000,right_hand,0,0.2169512212,0.4844471812,0.0000004362,1.0000000000
164,10.9170000000,right_hand,0,0.2166642696,0.4796855152,0.0000005292,1.0000000000
165,10.9840000000,right_hand,0,0.2193923593,0.4847527444,0.0000004466,1.0000000000
166,11.0500000000,right_hand,0,0.2184855789,0.4825499058,0.0000004828,1.0000000000
167,11.1170000000,right_hand,0,0.2174886614,0.4830074906,0.0000005100,1.0000000000
168,11.1830000000,right_hand,0,0.2017001212,0.5484753251,0.0000002404,1.0000000000
169,11.2500000000,right_hand,0,0.1909793615,0.5583415031,0.0000003128,1.0000000000
170,11.3170000000,right_hand,0,0.1763032079,0.5834400058,0.0000002167,1.0000000000
171,11.3830000000,right_hand,0,0.1780633628,0.5671871305,0.0000003172,1.0000000000
172,11.4500000000,right_hand,0,0.1830134690,0.5622472763,0.0000003829,1.0000000000
173,11.5160000000,right_hand,0,0.1780675948,0.5564701557,0.0000003591,1.0000000000
174,11.5830000000,right_hand,0,0.1726940721,0.5554218888,0.0000003612,1.0000000000
175,11.6490000000,right_hand,0,0.1717345119,0.5538116693,0.0000004950,1.0000000000
176,11.7160000000,right_hand,0,0.1677740514,0.5516560078,0.0000003480,1.0000000000
177,11.7830000000,right_hand,0,0.1692037582,0.5557954311,0.0000005828,1.0000000000
178,11.8490000000,right_hand,0,0.1749687344,0.5574077368,0.0000003976,1.0000000000
179,11.9160000000,right_hand,0,0.1667945385,0.5429360271,0.0000004707,1.0000000000
180,11.9820000000,right_hand,0,0.1723918617,0.5612305403,0.0000005002,1.0000000000
76,5.0590000000,right_hand,1,0.2939795554,0.6401740313,-0.0155957481,1.0000000000
77,5.1260000000,right_hand,1,0.2813404799,0.6088740826,-0.0215658601,1.0000000000
78,5.1920000000,right_hand,1,0.2741363049,0.6077128053,-0.0161111336,1.0000000000
79,5.2590000000,right_hand,1,0.2681871653,0.6117098927,-0.0090790931,1.0000000000
80,5.3250000000,right_hand,1,0.2633247674,0.6127248406,-0.0094832554,1.0000000000
81,5.3920000000,right_hand,1,0.2534529269,0.6086068153,-0.0114077237,1.0000000000
82,5.4590000000,right_hand,1,0.2478985637,0.6095045209,-0.0143615669,1.0000000000
83,5.5250000000,right_hand,1,0.2492507547,0.6265505552,-0.0156260468,1.0000000000
84,5.5920000000,right_hand,1,0.2736900449,0.7075986266,-0.0044199973,1.0000000000
85,5.6580000000,right_hand,1,0.2819603980,0.6941928267,-0.0302490573,1.0000000000
86,5.7250000000,right_hand,1,0.2721686065,0.7041859031,-0.0174944550,1.0000000000
87,5.7910000000,right_hand,1,0.2632787228,0.7308449745,-0.0136879841,1.0000000000
88,5.8580000000,right_hand,1,0.2716279924,0.7307671905,-0.0249456447,1.0000000000
89,5.9250000000,right_hand,1,0.2792764604,0.7013636231,-0.0361743085,1.0000000000
90,5.9910000000,right_hand,1,0.2816313505,0.7001313567,-0.0333816707,1.0000000000
91,6.0580000000,right_hand,1,0.2883050740,0.7137259841,-0.0332771800,1.0000000000
92,6.1240000000,right_hand,1,0.2773369253,0.6997477412,-0.0141008608,1.0000000000
93,6.1910000000,right_hand,1,0.2799849957,0.7023584247,-0.0121863438,1.0000000000
94,6.2570000000,right_hand,1,0.2826330662,0.7049691081,-0.0102718268,1.0000000000
95,6.3240000000,right_hand,1,0.2792533636,0.6869850755,-0.0130893113,1.0000000000
96,6.3910000000,right_hand,1,0.2789774835,0.6626403630,-0.0138714542,1.0000000000
97,6.4570000000,right_hand,1,0.2787016034,0.6382956505,-0.0146535970,1.0000000000
98,6.5240000000,right_hand,1,0.2804132998,0.6191652417,-0.0007665770,1.0000000000
99,6.5900000000,right_hand,1,0.2585415542,0.6607922316,-0.0116275763,1.0000000000
100,6.6570000000,right_hand,1,0.2676016986,0.5527815819,-0.0053798314,1.0000000000
101,6.7230000000,right_hand,1,0.2754408121,0.5484842658,-0.0031276077,1.0000000000
102,6.7900000000,right_hand,1,0.2906224728,0.5235993266,0.0000588303,1.0000000000
103,6.8560000000,right_hand,1,0.2913840711,0.5069652200,-0.0024090766,1.0000000000
104,6.9230000000,right_hand,1,0.2931340933,0.5018748045,-0.0076228385,1.0000000000
105,6.9900000000,right_hand,1,0.2502458692,0.5112937093,-0.0202895887,1.0000000000
106,7.0560000000,right_hand,1,0.2286932319,0.5248562098,-0.0179675743,1.0000000000
107,7.1230000000,right_hand,1,0.2674641907,0.5079544783,0.0157056376,1.0000000000
108,7.1890000000,right_hand,1,0.6477476358,0.5698743463,-0.0052457796,1.0000000000
109,7.2560000000,right_hand,1,0.2884310782,0.4542684257,-0.0024658826,1.0000000000
110,7.3220000000,right_hand,1,0.2825336158,0.4517705441,0.0012190517,1.0000000000
111,7.3890000000,right_hand,1,0.2195070684,0.5437160134,-0.0097373473,1.0000000000
112,7.4560000000,right_hand,1,0.6709570289,0.5372503400,-0.0120391194,1.0000000000
113,7.5220000000,right_hand,1,0.2758790851,0.4576311707,-0.0073527927,1.0000000000
114,7.5890000000,right_hand,1,0.2134506106,0.5313954353,-0.0189217161,1.0000000000
115,7.6550000000,right_hand,1,0.2112266868,0.5395778418,-0.0208214540,1.0000000000
116,7.7220000000,right_hand,1,0.2152715921,0.5475273132,-0.0189600252,1.0000000000
117,7.7880000000,right_hand,1,0.2192261517,0.5396367311,-0.0043393997,1.0000000000
118,7.8550000000,right_hand,1,0.2717869580,0.4744388163,-0.0018068085,1.0000000000
119,7.9220000000,right_hand,1,0.2676426470,0.4784727693,0.0075150966,1.0000000000
120,7.9880000000,right_hand,1,0.2620903552,0.4713112116,0.0087217204,1.0000000000
121,8.0550000000,right_hand,1,0.2627654672,0.4687362313,0.0103975190,1.0000000000
122,8.1210000000,right_hand,1,0.2672394812,0.4588178098,0.0048288209,1.0000000000
123,8.1880000000,right_hand,1,0.2611522675,0.4484097660,0.0037895574,1.0000000000
124,8.2540000000,right_hand,1,0.2286698222,0.5256949067,0.0021596667,1.0000000000
125,8.3210000000,right_hand,1,0.2619796693,0.4429644942,-0.0012074704,1.0000000000
126,8.3880000000,right_hand,1,0.2577720284,0.4574299157,0.0014272101,1.0000000000
127,8.4540000000,right_hand,1,0.6379048228,0.6227951050,-0.0063705300,1.0000000000
128,8.5210000000,right_hand,1,0.6262351274,0.5955956578,-0.0124826282,1.0000000000
129,8.5870000000,right_hand,1,0.2552974820,0.4543791711,0.0096514216,1.0000000000
130,8.6540000000,right_hand,1,0.2578924298,0.4716067314,0.0174844414,1.0000000000
131,8.7200000000,right_hand,1,0.2530364096,0.4655243456,0.0121826073,1.0000000000
132,8.7870000000,right_hand,1,0.2480787635,0.4631516039,0.0092202555,1.0000000000
133,8.8540000000,right_hand,1,0.2466156483,0.4629649222,0.0084206788,1.0000000000
134,8.9200000000,right_hand,1,0.2477476746,0.4621323347,0.0136448285,1.0000000000
135,8.9870000000,right_hand,1,0.2432006747,0.4614531994,0.0068761483,1.0000000000
136,9.0530000000,right_hand,1,0.2494553477,0.4528795779,-0.0013189449,1.0000000000
137,9.1200000000,right_hand,1,0.2591061592,0.4674962163,0.0121298404,1.0000000000
138,9.1860000000,right_hand,1,0.2550927699,0.4591745138,-0.0022542959,1.0000000000
139,9.2530000000,right_hand,1,0.2741299570,0.4573028088,-0.0006156768,1.0000000000
140,9.3200000000,right_hand,1,0.2507109046,0.5156179667,0.0004791884,1.0000000000
141,9.3860000000,right_hand,1,0.2741912603,0.4663410485,0.0044301213,1.0000000000
142,9.4530000000,right_hand,1,0.2679653168,0.4613087773,0.0009492807,1.0000000000
143,9.5190000000,right_hand,1,0.2579528689,0.4637779593,-0.0059160287,1.0000000000
144,9.5860000000,right_hand,1,0.2689142525,0.4583165646,-0.0034499371,1.0000000000
145,9.6520000000,right_hand,1,0.2693111598,0.4637519121,0.0045449082,1.0000000000
146,9.7190000000,right_hand,1,0.2681370676,0.4553416073,-0.0003982979,1.0000000000
147,9.7850000000,right_hand,1,0.2706876099,0.4631750882,0.0037980438,1.0000000000
148,9.8520000000,right_hand,1,0.2700225413,0.4678370953,0.0143121090,1.0000000000
149,9.9190000000,right_hand,1,0.2662337124,0.4562037587,0.0034965598,1.0000000000
150,9.9850000000,right_hand,1,0.2648173571,0.4554548264,-0.0010632316,1.0000000000
151,10.0520000000,right_hand,1,0.2728899717,0.4545264244,-0.0009459817,1.0000000000
152,10.1180000000,right_hand,1,0.2709404528,0.4638327956,0.0088703660,1.0000000000
153,10.1850000000,right_hand,1,0.2657356262,0.4590747654,0.0058378424,1.0000000000
154,10.2510000000,right_hand,1,0.2689356804,0.4662001133,0.0108635621,1.0000000000
155,10.3180000000,right_hand,1,0.2654934525,0.4517419040,-0.0016229709,1.0000000000
156,10.3850000000,right_hand,1,0.2697382569,0.4499864578,-0.0041497657,1.0000000000
157,10.4510000000,right_hand,1,0.2770178020,0.4565542936,0.0033197876,1.0000000000
158,10.5180000000,right_hand,1,0.2750687003,0.4604164362,-0.0014758487,1.0000000000
159,10.5840000000,right_hand,1,0.2759731412,0.4472199678,0.0020978635,1.0000000000
160,10.6510000000,right_hand,1,0.2737922370,0.4515472651,-0.0045254366,1.0000000000
161,10.7170000000,right_hand,1,0.2716731429,0.4498015940,-0.0029039104,1.0000000000
162,10.7840000000,right_hand,1,0.2766898870,0.4599782825,-0.0003362664,1.0000000000
163,10.8510000000,right_hand,1,0.2786539197,0.4636336863,0.0092071285,1.0000000000
164,10.9170000000,right_hand,1,0.2712237537,0.4525484741,-0.0011016985,1.0000000000
165,10.9840000000,right_hand,1,0.2805721462,0.4678055346,0.0124541540,1.0000000000
166,11.0500000000,right_hand,1,0.2787236571,0.4605160356,0.0052369596,1.0000000000
167,11.1170000000,right_hand,1,0.2779334486,0.4580194950,0.0052563483,1.0000000000
168,11.1830000000,right_hand,1,0.2510026097,0.5653691292,0.0189005472,1.0000000000
169,11.2500000000,right_hand,1,0.2301514298,0.6127308607,0.0280195996,1.0000000000
170,11.3170000000,right_hand,1,0.2229908109,0.6201174855,0.0384601094,1.0000000000
171,11.3830000000,right_hand,1,0.2206894606,0.5854531527,0.0215578880,1.0000000000
172,11.4500000000,right_hand,1,0.2239581645,0.6022630930,0.0160713550,1.0000000000
173,11.5160000000,right_hand,1,0.2214448154,0.5847639441,0.0181283597,1.0000000000
174,11.5830000000,right_hand,1,0.2109530270,0.5903468728,0.0134250391,1.0000000000
175,11.6490000000,right_hand,1,0.2101612538,0.5623683929,-0.0012218317,1.0000000000
176,11.7160000000,right_hand,1,0.2073610723,0.5580260754,0.0197798759,1.0000000000
177,11.7830000000,right_hand,1,0.1991413832,0.5471277833,-0.0225785598,1.0000000000
178,11.8490000000,right_hand,1,0.2183457315,0.5991664529,0.0127393082,1.0000000000
179,11.9160000000,right_hand,1,0.2030774355,0.5530872345,-0.0071974043,1.0000000000
180,11.9820000000,right_hand,1,0.2097068429,0.5961952209,-0.0055381851,1.0000000000
76,5.0590000000,right_hand,2,0.3216762543,0.6401814818,-0.0239739381,1.0000000000
77,5.1260000000,right_hand,2,0.3084002137,0.5865902901,-0.0376369357,1.0000000000
78,5.1920000000,right_hand,2,0.3004843593,0.5886101723,-0.0272932183,1.0000000000
79,5.2590000000,right_hand,2,0.2931702435,0.5913097858,-0.0175505988,1.0000000000
80,5.3250000000,right_hand,2,0.2867195606,0.5949611068,-0.0177638587,1.0000000000
81,5.3920000000,right_hand,2,0.2770519555,0.5869040489,-0.0227584001,1.0000000000
82,5.4590000000,right_hand,2,0.2755833566,0.5904527903,-0.0281379335,1.0000000000
83,5.5250000000,right_hand,2,0.2712015808,0.6023171544,-0.0316842273,1.0000000000
84,5.5920000000,right_hand,2,0.2988744974,0.6951566339,-0.0104446169,1.0000000000
85,5.6580000000,right_hand,2,0.2941650450,0.6610448360,-0.0540627316,1.0000000000
86,5.7250000000,right_hand,2,0.2887074649,0.6833885908,-0.0389249995,1.0000000000
87,5.7910000000,right_hand,2,0.2810442448,0.7110856771,-0.0318294466,1.0000000000
88,5.8580000000,right_hand,2,0.2878860235,0.6962651014,-0.0464159176,1.0000000000
89,5.9250000000,right_hand,2,0.2936526239,0.6709108353,-0.0663607195,1.0000000000
90,5.9910000000,right_hand,2,0.2965154946,0.6748026609,-0.0610533655,1.0000000000
91,6.0580000000,right_hand,2,0.3015980721,0.6796020865,-0.0610409491,1.0000000000
92,6.1240000000,right_hand,2,0.2980656028,0.6787870526,-0.0335322283,1.0000000000
93,6.1910000000,right_hand,2,0.2984905094,0.6844385564,-0.0276537081,1.0000000000
94,6.2570000000,right_hand,2,0.2989154160,0.6900900602,-0.0217751879,1.0000000000
95,6.3240000000,right_hand,2,0.2996827662,0.6695846319,-0.0239575319,1.0000000000
96,6.3910000000,right_hand,2,0.3035637438,0.6469723880,-0.0254230415,1.0000000000
97,6.4570000000,right_hand,2,0.3074447215,0.6243601441,-0.0268885512,1.0000000000
98,6.5240000000,right_hand,2,0.3105647266,0.6129070520,-0.0075378008,1.0000000000
99,6.5900000000,right_hand,2,0.2900010645,0.7004451752,-0.0212728046,1.0000000000
100,6.6570000000,right_hand,2,0.3009081781,0.5673090219,-0.0151380710,1.0000000000
101,6.7230000000,right_hand,2,0.3064333797,0.5813526511,-0.0138318520,1.0000000000
102,6.7900000000,right_hand,2,0.3155349493,0.5640570521,-0.0137299476,1.0000000000
103,6.8560000000,right_hand,2,0.3153515160,0.5388471484,-0.0219431333,1.0000000000
104,6.9230000000,right_hand,2,0.3230856359,0.5290849805,-0.0206712447,1.0000000000
105,6.9900000000,right_hand,2,0.2527253926,0.5805919170,-0.0415962785,1.0000000000
106,7.0560000000,right_hand,2,0.2380930781,0.5972743630,-0.0385949723,1.0000000000
107,7.1230000000,right_hand,2,0.2869022489,0.5592139363,0.0030335707,1.0000000000
108,7.1890000000,right_hand,2,0.6021979451,0.5905299783,-0.0144292535,1.0000000000
109,7.2560000000,right_hand,2,0.3255473077,0.4933645725,-0.0157229472,1.0000000000
110,7.3220000000,right_hand,2,0.3215350509,0.4958588481,-0.0115420166,1.0000000000
111,7.3890000000,right_hand,2,0.2295241505,0.6127496958,-0.0327715501,1.0000000000
112,7.4560000000,right_hand,2,0.6221628189,0.5453152061,-0.0208931416,1.0000000000
113,7.5220000000,right_hand,2,0.3091775775,0.5048869848,-0.0285317637,1.0000000000
114,7.5890000000,right_hand,2,0.2226770669,0.6091597676,-0.0440628305,1.0000000000
115,7.6550000000,right_hand,2,0.2212247699,0.6157064438,-0.0455613732,1.0000000000
116,7.7220000000,right_hand,2,0.2259009331,0.6181609035,-0.0474071503,1.0000000000
117,7.7880000000,right_hand,2,0.2342896461,0.6153503656,-0.0196451563,1.0000000000
118,7.8550000000,right_hand,2,0.3116861284,0.5020508170,-0.0176938530,1.0000000000
119,7.9220000000,right_hand,2,0.3042009175,0.4927493930,-0.0058092978,1.0000000000
120,7.9880000000,right_hand,2,0.2966949940,0.4908154607,-0.0023342536,1.0000000000
121,8.0550000000,right_hand,2,0.2987609208,0.4780504405,-0.0008177189,1.0000000000
122,8.1210000000,right_hand,2,0.3054843247,0.4702553451,-0.0099311108,1.0000000000
123,8.1880000000,right_hand,2,0.3077717125,0.4575405717,-0.0062107239,1.0000000000
124,8.2540000000,right_hand,2,0.2546765208,0.5896105766,-0.0126853418,1.0000000000
125,8.3210000000,right_hand,2,0.3066028059,0.4690758586,-0.0130509567,1.0000000000
126,8.3880000000,right_hand,2,0.3032358885,0.4791250825,-0.0084722191,1.0000000000
127,8.4540000000,right_hand,2,0.6116783619,0.6532180905,-0.0148591613,1.0000000000
128,8.5210000000,right_hand,2,0.6010729671,0.6207841635,-0.0276940912,1.0000000000
129,8.5870000000,right_hand,2,0.3004357219,0.4780679941,0.0016806476,1.0000000000
130,8.6540000000,right_hand,2,0.2989057302,0.4839292169,0.0103173796,1.0000000000
131,8.7200000000,right_hand,2,0.2956136465,0.4788249731,0.0049532382,1.0000000000
132,8.7870000000,right_hand,2,0.2920860052,0.4745408297,0.0005903241,1.0000000000
133,8.8540000000,right_hand,2,0.2886264324,0.4902859032,0.0029944272,1.0000000000
134,8.9200000000,right_hand,2,0.2892160714,0.4793306291,0.0080114817,1.0000000000
135,8.9870000000,right_hand,2,0.2840173841,0.4844494760,-0.0005938559,1.0000000000
136,9.0530000000,right_hand,2,0.2989695370,0.4686200321,-0.0115376059,1.0000000000
137,9.1200000000,right_hand,2,0.3023165166,0.4681363702,0.0040919511,1.0000000000
138,9.1860000000,right_hand,2,0.3010882437,0.4594492912,-0.0144100711,1.0000000000
139,9.2530000000,right_hand,2,0.3159273863,0.4664494395,-0.0143057927,1.0000000000
140,9.3200000000,right_hand,2,0.2750841975,0.5736608505,-0.0155651206,1.0000000000
141,9.3860000000,right_hand,2,0.3135803342,0.4811317623,-0.0062791859,1.0000000000
142,9.4530000000,right_hand,2,0.3093817234,0.4815525115,-0.0129481489,1.0000000000
143,9.5190000000,right_hand,2,0.2989720106,0.4889858961,-0.0211407728,1.0000000000
144,9.5860000000,right_hand,2,0.3106773496,0.4779932499,-0.0181281157,1.0000000000
145,9.6520000000,right_hand,2,0.3095830083,0.4801267385,-0.0064837919,1.0000000000
146,9.7190000000,right_hand,2,0.3123987615,0.4759017229,-0.0131885391,1.0000000000
147,9.7850000000,right_hand,2,0.3116009533,0.4805624485,-0.0092858570,1.0000000000
148,9.8520000000,right_hand,2,0.3088864386,0.4820869565,0.0054850336,1.0000000000
149,9.9190000000,right_hand,2,0.3097310364,0.4757257700,-0.0066492152,1.0000000000
150,9.9850000000,right_hand,2,0.3067254126,0.4749472737,-0.0126682306,1.0000000000
151,10.0520000000,right_hand,2,0.3163359463,0.4773161113,-0.0135306045,1.0000000000
152,10.1180000000,right_hand,2,0.3123581111,0.4826484621,-0.0009467222,1.0000000000
153,10.1850000000,right_hand,2,0.3081792593,0.4784543514,-0.0039864522,1.0000000000
154,10.2510000000,right_hand,2,0.3085169494,0.4791489542,0.0010514002,1.0000000000
155,10.3180000000,right_hand,2,0.3124726415,0.4671815634,-0.0130478069,1.0000000000
156,10.3850000000,right_hand,2,0.3162882328,0.4608391523,-0.0176332090,1.0000000000
157,10.4510000000,right_hand,2,0.3197709322,0.4682297707,-0.0075164656,1.0000000000
158,10.5180000000,right_hand,2,0.3166079819,0.4829595089,-0.0138319191,1.0000000000
159,10.5840000000,right_hand,2,0.3182496130,0.4725048840,-0.0083602695,1.0000000000
160,10.6510000000,right_hand,2,0.3197194040,0.4771156907,-0.0167021900,1.0000000000
161,10.7170000000,right_hand,2,0.3171247244,0.4735915065,-0.0158349611,1.0000000000
162,10.7840000000,right_hand,2,0.3220952153,0.4822030365,-0.0132249501,1.0000000000
163,10.8510000000,right_hand,2,0.3214953542,0.4823902845,-0.0032778278,1.0000000000
164,10.9170000000,right_hand,2,0.3181326091,0.4730499685,-0.0133013660,1.0000000000
165,10.9840000000,right_hand,2,0.3213027418,0.4849564731,0.0003513461,1.0000000000
166,11.0500000000,right_hand,2,0.3213714659,0.4790297151,-0.0079676071,1.0000000000
167,11.1170000000,right_hand,2,0.3226145506,0.4768544436,-0.0071312431,1.0000000000
168,11.1830000000,right_hand,2,0.2863922715,0.5776917934,0.0133343237,1.0000000000
169,11.2500000000,right_hand,2,0.2619379163,0.6438017488,0.0268346276,1.0000000000
170,11.3170000000,right_hand,2,0.2573314309,0.6359542608,0.0436931737,1.0000000000
171,11.3830000000,right_hand,2,0.2614474595,0.5983167887,0.0198194403,1.0000000000
172,11.4500000000,right_hand,2,0.2647313774,0.6202181578,0.0105349850,1.0000000000
173,11.5160000000,right_hand,2,0.2633156180,0.6045218110,0.0151529163,1.0000000000
174,11.5830000000,right_hand,2,0.2551858127,0.6056560278,0.0096466951,1.0000000000
175,11.6490000000,right_hand,2,0.2536704242,0.5674535036,-0.0116698556,1.0000000000
176,11.7160000000,right_hand,2,0.2519007623,0.5559978485,0.0202271678,1.0000000000
177,11.7830000000,right_hand,2,0.2402959764,0.5423492193,-0.0405593701,1.0000000000
178,11.8490000000,right_hand,2,0.2611503303,0.6181684732,0.0067430702,1.0000000000
179,11.9160000000,right_hand,2,0.2453787923,0.5678840280,-0.0207584947,1.0000000000
180,11.9820000000,right_hand,2,0.2519580722,0.6134718060,-0.0179964900,1.0000000000
76,5.0590000000,right_hand,3,0.3489637971,0.6368516684,-0.0286427457,1.0000000000
77,5.1260000000,right_hand,3,0.3364923894,0.5819667578,-0.0478071868,1.0000000000
78,5.1920000000,right_hand,3,0.3271675408,0.5851889849,-0.0340764262,1.0000000000
79,5.2590000000,right_hand,3,0.3188840747,0.5867808461,-0.0238473713,1.0000000000
80,5.3250000000,right_hand,3,0.3115207255,0.5951060653,-0.0238632243,1.0000000000
81,5.3920000000,right_hand,3,0.3019949794,0.5857642889,-0.0315159187,1.0000000000
82,5.4590000000,right_hand,3,0.3039436340,0.5941038728,-0.0374877043,1.0000000000
83,5.5250000000,right_hand,3,0.2916412950,0.5972846746,-0.0441531315,1.0000000000
84,5.5920000000,right_hand,3,0.3240019083,0.6841627955,-0.0151556740,1.0000000000
85,5.6580000000,right_hand,3,0.3147656322,0.6392988563,-0.0710046962,1.0000000000
86,5.7250000000,right_hand,3,0.3104895949,0.6646798849,-0.0586715303,1.0000000000
87,5.7910000000,right_hand,3,0.3041509688,0.6961147785,-0.0471354648,1.0000000000
88,5.8580000000,right_hand,3,0.3092989624,0.6717391014,-0.0619361252,1.0000000000
89,5.9250000000,right_hand,3,0.3123481870,0.6636414528,-0.0880698189,1.0000000000
90,5.9910000000,right_hand,3,0.3141528964,0.6620731354,-0.0820077583,1.0000000000
91,6.0580000000,right_hand,3,0.3163891435,0.6615417004,-0.0819938853,1.0000000000
92,6.1240000000,right_hand,3,0.3222499490,0.6693860292,-0.0525315180,1.0000000000
93,6.1910000000,right_hand,3,0.3204669952,0.6729157269,-0.0421577077,1.0000000000
94,6.2570000000,right_hand,3,0.3186840415,0.6764454246,-0.0317838974,1.0000000000
95,6.3240000000,right_hand,3,0.3227663636,0.6567618847,-0.0314626358,1.0000000000
96,6.3910000000,right_hand,3,0.3303973824,0.6370619237,-0.0330116674,1.0000000000
97,6.4570000000,right_hand,3,0.3380284011,0.6173619628,-0.0345606990,1.0000000000
98,6.5240000000,right_hand,3,0.3367293477,0.6212304235,-0.0137488004,1.0000000000
99,6.5900000000,right_hand,3,0.3220315874,0.7225772738,-0.0280694477,1.0000000000
100,6.6570000000,right_hand,3,0.3258773685,0.5985846519,-0.0238250997,1.0000000000
101,6.7230000000,right_hand,3,0.3243720233,0.6258395314,-0.0236406215,1.0000000000
102,6.7900000000,right_hand,3,0.3274061084,0.6082835197,-0.0268732104,1.0000000000
103,6.8560000000,right_hand,3,0.3268578053,0.5770145059,-0.0401794724,1.0000000000
104,6.9230000000,right_hand,3,0.3413186967,0.5673443079,-0.0318420418,1.0000000000
105,6.9900000000,right_hand,3,0.2660586834,0.6514412165,-0.0571272559,1.0000000000
106,7.0560000000,right_hand,3,0.2553063333,0.6668977737,-0.0524878837,1.0000000000
107,7.1230000000,right_hand,3,0.2955745757,0.6174353957,-0.0090753930,1.0000000000
108,7.1890000000,right_hand,3,0.5634191036,0.6124195457,-0.0233297497,1.0000000000
109,7.2560000000,right_hand,3,0.3498846292,0.5449696183,-0.0262871590,1.0000000000
110,7.3220000000,right_hand,3,0.3482600152,0.5529567599,-0.0222148113,1.0000000000
111,7.3890000000,right_hand,3,0.2432123423,0.6763393283,-0.0486452244,1.0000000000
112,7.4560000000,right_hand,3,0.5813732147,0.5599812269,-0.0283014607,1.0000000000
113,7.5220000000,right_hand,3,0.3239092231,0.5721037984,-0.0446876846,1.0000000000
114,7.5890000000,right_hand,3,0.2402452230,0.6821763515,-0.0613387041,1.0000000000
115,7.6550000000,right_hand,3,0.2387031019,0.6838809252,-0.0635050088,1.0000000000
116,7.7220000000,right_hand,3,0.2422479242,0.6844313145,-0.0672583207,1.0000000000
117,7.7880000000,right_hand,3,0.2476444840,0.6817521453,-0.0330490246,1.0000000000
118,7.8550000000,right_hand,3,0.3424710631,0.5435702801,-0.0297341999,1.0000000000
119,7.9220000000,right_hand,3,0.3321523666,0.5196422338,-0.0174721945,1.0000000000
120,7.9880000000,right_hand,3,0.3180611730,0.5318617821,-0.0119359791,1.0000000000
121,8.0550000000,right_hand,3,0.3259195387,0.5129142404,-0.0108209820,1.0000000000
122,8.1210000000,right_hand,3,0.3376522660,0.4987267256,-0.0229199454,1.0000000000
123,8.1880000000,right_hand,3,0.3474940658,0.4848313630,-0.0155631006,1.0000000000
124,8.2540000000,right_hand,3,0.2748584151,0.6581915617,-0.0254473332,1.0000000000
125,8.3210000000,right_hand,3,0.3357414305,0.5208649039,-0.0229317360,1.0000000000
126,8.3880000000,right_hand,3,0.3348589838,0.5282629728,-0.0167476535,1.0000000000
127,8.4540000000,right_hand,3,0.5858797431,0.6763184071,-0.0228595212,1.0000000000
128,8.5210000000,right_hand,3,0.5711155534,0.6300096512,-0.0398776345,1.0000000000
129,8.5870000000,right_hand,3,0.3323114514,0.5249970555,-0.0056656040,1.0000000000
130,8.6540000000,right_hand,3,0.3288043737,0.5231555104,0.0039350227,1.0000000000
131,8.7200000000,right_hand,3,0.3273315132,0.5225298405,-0.0004975535,1.0000000000
132,8.7870000000,right_hand,3,0.3243700266,0.5146323442,-0.0072003505,1.0000000000
133,8.8540000000,right_hand,3,0.3192114234,0.5420988202,-0.0018409272,1.0000000000
134,8.9200000000,right_hand,3,0.3198499680,0.5183263421,0.0018869108,1.0000000000
135,8.9870000000,right_hand,3,0.3135828972,0.5294433832,-0.0069411877,1.0000000000
136,9.0530000000,right_hand,3,0.3399838805,0.5032569766,-0.0191340521,1.0000000000
137,9.1200000000,right_hand,3,0.3414956927,0.4796004891,-0.0035919659,1.0000000000
138,9.1860000000,right_hand,3,0.3403508067,0.4776963294,-0.0246857498,1.0000000000
139,9.2530000000,right_hand,3,0.3497783542,0.4971445799,-0.0250120573,1.0000000000
140,9.3200000000,right_hand,3,0.2890939415,0.6448126435,-0.0290387627,1.0000000000
141,9.3860000000,right_hand,3,0.3415531814,0.5255928636,-0.0162903238,1.0000000000
142,9.4530000000,right_hand,3,0.3360967040,0.5296460390,-0.0243599303,1.0000000000
143,9.5190000000,right_hand,3,0.3239206970,0.5425863862,-0.0333295353,1.0000000000
144,9.5860000000,right_hand,3,0.3372247815,0.5241051316,-0.0313514546,1.0000000000
145,9.6520000000,right_hand,3,0.3357422352,0.5219107866,-0.0152572580,1.0000000000
146,9.7190000000,right_hand,3,0.3408888578,0.5210357308,-0.0248970259,1.0000000000
147,9.7850000000,right_hand,3,0.3392494619,0.5202192664,-0.0215941351,1.0000000000
148,9.8520000000,right_hand,3,0.3361064792,0.5192295909,-0.0035820217,1.0000000000
149,9.9190000000,right_hand,3,0.3377380669,0.5177974105,-0.0166841689,1.0000000000
150,9.9850000000,right_hand,3,0.3333889246,0.5189798474,-0.0215617288,1.0000000000
151,10.0520000000,right_hand,3,0.3425878286,0.5228208899,-0.0243440233,1.0000000000
152,10.1180000000,right_hand,3,0.3417969048,0.5255872607,-0.0091687897,1.0000000000
153,10.1850000000,right_hand,3,0.3410270810,0.5170380473,-0.0139871687,1.0000000000
154,10.2510000000,right_hand,3,0.3406939209,0.5120652914,-0.0084216362,1.0000000000
155,10.3180000000,right_hand,3,0.3515036702,0.4999901950,-0.0226748474,1.0000000000
156,10.3850000000,right_hand,3,0.3527143002,0.4900811911,-0.0288245119,1.0000000000
157,10.4510000000,right_hand,3,0.3575532436,0.4960116148,-0.0164989028,1.0000000000
158,10.5180000000,right_hand,3,0.3477566242,0.5208863616,-0.0250223689,1.0000000000
159,10.5840000000,right_hand,3,0.3475537300,0.5171882510,-0.0180168618,1.0000000000
160,10.6510000000,right_hand,3,0.3510856628,0.5263055563,-0.0268848632,1.0000000000
161,10.7170000000,right_hand,3,0.3471475840,0.5220401883,-0.0268285237,1.0000000000
162,10.7840000000,right_hand,3,0.3535636663,0.5332342982,-0.0243953355,1.0000000000
163,10.8510000000,right_hand,3,0.3518643677,0.5285876989,-0.0152881276,1.0000000000
164,10.9170000000,right_hand,3,0.3487910628,0.5200407505,-0.0245707203,1.0000000000
165,10.9840000000,right_hand,3,0.3520242870,0.5253168941,-0.0111104315,1.0000000000
166,11.0500000000,right_hand,3,0.3512066007,0.5229341388,-0.0211957227,1.0000000000
167,11.1170000000,right_hand,3,0.3548347354,0.5216666460,-0.0201016795,1.0000000000
168,11.1830000000,right_hand,3,0.3118230999,0.6002072692,0.0042936010,1.0000000000
169,11.2500000000,right_hand,3,0.2840427458,0.6812630296,0.0186800361,1.0000000000
170,11.3170000000,right_hand,3,0.2826615274,0.6632070541,0.0402891599,1.0000000000
171,11.3830000000,right_hand,3,0.2930751443,0.6207900047,0.0127219437,1.0000000000
172,11.4500000000,right_hand,3,0.2969747484,0.6421205401,0.0003495465,1.0000000000
173,11.5160000000,right_hand,3,0.2946727872,0.6327087283,0.0072520254,1.0000000000
174,11.5830000000,right_hand,3,0.2905662060,0.6281541586,0.0010545850,1.0000000000
175,11.6490000000,right_hand,3,0.2864439785,0.5873912573,-0.0240289643,1.0000000000
176,11.7160000000,right_hand,3,0.2869975269,0.5688600540,0.0133665977,1.0000000000
177,11.7830000000,right_hand,3,0.2761276662,0.5527787805,-0.0560106337,1.0000000000
178,11.8490000000,right_hand,3,0.2935036719,0.6375294328,-0.0040510758,1.0000000000
179,11.9160000000,right_hand,3,0.2795156837,0.5960885882,-0.0341166705,1.0000000000
180,11.9820000000,right_hand,3,0.2872346044,0.6358798742,-0.0319978707,1.0000000000
76,5.0590000000,right_hand,4,0.3701821268,0.6372639537,-0.0313834473,1.0000000000
77,5.1260000000,right_hand,4,0.3602356315,0.5912399292,-0.0563700683,1.0000000000
78,5.1920000000,right_hand,4,0.3484321833,0.5871971846,-0.0402026102,1.0000000000
79,5.2590000000,right_hand,4,0.3404948115,0.5909046531,-0.0302354097,1.0000000000
80,5.3250000000,right_hand,4,0.3315204680,0.6002447009,-0.0299046878,1.0000000000
81,5.3920000000,right_hand,4,0.3208883107,0.5899805427,-0.0406125113,1.0000000000
82,5.4590000000,right_hand,4,0.3246984184,0.6064641476,-0.0469413474,1.0000000000
83,5.5250000000,right_hand,4,0.3056139052,0.6084095836,-0.0572912581,1.0000000000
84,5.5920000000,right_hand,4,0.3435600698,0.6798295975,-0.0203299150,1.0000000000
85,5.6580000000,right_hand,4,0.3377233148,0.6247205734,-0.0887597501,1.0000000000
86,5.7250000000,right_hand,4,0.3283638656,0.6428592801,-0.0807011798,1.0000000000
87,5.7910000000,right_hand,4,0.3273848593,0.6830200553,-0.0642417148,1.0000000000
88,5.8580000000,right_hand,4,0.3328529000,0.6615688205,-0.0781127736,1.0000000000
89,5.9250000000,right_hand,4,0.3332009017,0.6593456864,-0.1108956113,1.0000000000
90,5.9910000000,right_hand,4,0.3315690756,0.6565546989,-0.1036827341,1.0000000000
91,6.0580000000,right_hand,4,0.3312430978,0.6540194154,-0.1036154181,1.0000000000
92,6.1240000000,right_hand,4,0.3424725533,0.6607774496,-0.0741908103,1.0000000000
93,6.1910000000,right_hand,4,0.3402582854,0.6658273637,-0.0580883306,1.0000000000
94,6.2570000000,right_hand,4,0.3380440176,0.6708772779,-0.0419858508,1.0000000000
95,6.3240000000,right_hand,4,0.3431505561,0.6529103518,-0.0385473259,1.0000000000
96,6.3910000000,right_hand,4,0.3520655185,0.6349567175,-0.0398021340,1.0000000000
97,6.4570000000,right_hand,4,0.3609804809,0.6170030832,-0.0410569422,1.0000000000
98,6.5240000000,right_hand,4,0.3533076942,0.6420848370,-0.0196934026,1.0000000000
99,6.5900000000,right_hand,4,0.3466498256,0.7407944202,-0.0353720002,1.0000000000
100,6.6570000000,right_hand,4,0.3437442183,0.6351667047,-0.0334424190,1.0000000000
101,6.7230000000,right_hand,4,0.3352110684,0.6739609241,-0.0348703749,1.0000000000
102,6.7900000000,right_hand,4,0.3363537192,0.6532598734,-0.0420376696,1.0000000000
103,6.8560000000,right_hand,4,0.3307011724,0.6259906292,-0.0613917895,1.0000000000
104,6.9230000000,right_hand,4,0.3479950130,0.6093385220,-0.0439799875,1.0000000000
105,6.9900000000,right_hand,4,0.2773547769,0.7068209648,-0.0734297484,1.0000000000
106,7.0560000000,right_hand,4,0.2691144645,0.7251681685,-0.0677757934,1.0000000000
107,7.1230000000,right_hand,4,0.3014585674,0.6753587127,-0.0242203847,1.0000000000
108,7.1890000000,right_hand,4,0.5306378007,0.6218657494,-0.0340455882,1.0000000000
109,7.2560000000,right_hand,4,0.3663911521,0.5941216350,-0.0387672000,1.0000000000
110,7.3220000000,right_hand,4,0.3700320423,0.6014037728,-0.0348223411,1.0000000000
111,7.3890000000,right_hand,4,0.2574478388,0.7351821661,-0.0662530512,1.0000000000
112,7.4560000000,right_hand,4,0.5477743149,0.5556428432,-0.0367912017,1.0000000000
113,7.5220000000,right_hand,4,0.3289481699,0.6417410970,-0.0629643351,1.0000000000
114,7.5890000000,right_hand,4,0.2536484003,0.7453941703,-0.0803535730,1.0000000000
115,7.6550000000,right_hand,4,0.2524586022,0.7435492873,-0.0828398615,1.0000000000
116,7.7220000000,right_hand,4,0.2540298402,0.7494100332,-0.0888277814,1.0000000000
117,7.7880000000,right_hand,4,0.2574139535,0.7407017350,-0.0495439097,1.0000000000
118,7.8550000000,right_hand,4,0.3669755459,0.5857322812,-0.0436322726,1.0000000000
119,7.9220000000,right_hand,4,0.3544223905,0.5583363175,-0.0315995663,1.0000000000
120,7.9880000000,right_hand,4,0.3322723508,0.5782460570,-0.0237483718,1.0000000000
121,8.0550000000,right_hand,4,0.3424173594,0.5580796003,-0.0228071511,1.0000000000
122,8.1210000000,right_hand,4,0.3648976088,0.5353589654,-0.0381760225,1.0000000000
123,8.1880000000,right_hand,4,0.3827196062,0.5008884072,-0.0273590349,1.0000000000
124,8.2540000000,right_hand,4,0.2888014317,0.7246643901,-0.0411915593,1.0000000000
125,8.3210000000,right_hand,4,0.3516417742,0.5685379505,-0.0355894528,1.0000000000
126,8.3880000000,right_hand,4,0.3504653275,0.5783199072,-0.0270429142,1.0000000000
127,8.4540000000,right_hand,4,0.5642687082,0.6890627742,-0.0314067751,1.0000000000
128,8.5210000000,right_hand,4,0.5425074697,0.6236408353,-0.0531165265,1.0000000000
129,8.5870000000,right_hand,4,0.3514269292,0.5724045038,-0.0160602871,1.0000000000
130,8.6540000000,right_hand,4,0.3500311375,0.5670173168,-0.0052241897,1.0000000000
131,8.7200000000,right_hand,4,0.3489094675,0.5686064959,-0.0077489223,1.0000000000
132,8.7870000000,right_hand,4,0.3441254497,0.5595053434,-0.0172508657,1.0000000000
133,8.8540000000,right_hand,4,0.3331812620,0.5963771343,-0.0082648257,1.0000000000
134,8.9200000000,right_hand,4,0.3358743489,0.5608710051,-0.0071074637,1.0000000000
135,8.9870000000,right_hand,4,0.3287854195,0.5794466734,-0.0151068866,1.0000000000
136,9.0530000000,right_hand,4,0.3698367774,0.5354770422,-0.0287340581,1.0000000000
137,9.1200000000,right_hand,4,0.3766254187,0.4819496572,-0.0132360850,1.0000000000
138,9.1860000000,right_hand,4,0.3732805252,0.4862806797,-0.0370199308,1.0000000000
139,9.2530000000,right_hand,4,0.3756509423,0.5238755941,-0.0373449586,1.0000000000
140,9.3200000000,right_hand,4,0.2990651727,0.7162781954,-0.0449723266,1.0000000000
141,9.3860000000,right_hand,4,0.3582597375,0.5757813454,-0.0286772866,1.0000000000
142,9.4530000000,right_hand,4,0.3544788659,0.5820512772,-0.0387218855,1.0000000000
143,9.5190000000,right_hand,4,0.3373417556,0.6009891033,-0.0480198227,1.0000000000
144,9.5860000000,right_hand,4,0.3493465185,0.5766721964,-0.0471085086,1.0000000000
145,9.6520000000,right_hand,4,0.3514386117,0.5662602782,-0.0264792182,1.0000000000
146,9.7190000000,right_hand,4,0.3570388258,0.5712106824,-0.0396923497,1.0000000000
147,9.7850000000,right_hand,4,0.3586509824,0.5637107491,-0.0368680544,1.0000000000
148,9.8520000000,right_hand,4,0.3541582525,0.5623961687,-0.0158082992,1.0000000000
149,9.9190000000,right_hand,4,0.3546634614,0.5641533732,-0.0299311653,1.0000000000
150,9.9850000000,right_hand,4,0.3475794196,0.5641881227,-0.0332982354,1.0000000000
151,10.0520000000,right_hand,4,0.3549050391,0.5701812506,-0.0384510495,1.0000000000
152,10.1180000000,right_hand,4,0.3613815606,0.5707433224,-0.0200028885,1.0000000000
153,10.1850000000,right_hand,4,0.3630863726,0.5585703254,-0.0270700902,1.0000000000
154,10.2510000000,right_hand,4,0.3637118936,0.5527005196,-0.0206830278,1.0000000000
155,10.3180000000,right_hand,4,0.3826105595,0.5241470933,-0.0343229175,1.0000000000
156,10.3850000000,right_hand,4,0.3803504705,0.5156672001,-0.0424261577,1.0000000000
157,10.4510000000,right_hand,4,0.3850379586,0.5261064768,-0.0275262259,1.0000000000
158,10.5180000000,right_hand,4,0.3651227951,0.5592141747,-0.0386355855,1.0000000000
159,10.5840000000,right_hand,4,0.3630782366,0.5642707348,-0.0304846298,1.0000000000
160,10.6510000000,right_hand,4,0.3674203753,0.5779428482,-0.0388897024,1.0000000000
161,10.7170000000,right_hand,4,0.3632791638,0.5733985305,-0.0405310430,1.0000000000
162,10.7840000000,right_hand,4,0.3691226542,0.5885065198,-0.0376094878,1.0000000000
163,10.8510000000,right_hand,4,0.3690249920,0.5819963217,-0.0298151169,1.0000000000
164,10.9170000000,right_hand,4,0.3660268188,0.5680626035,-0.0383441001,1.0000000000
165,10.9840000000,right_hand,4,0.3728646934,0.5711598992,-0.0251565613,1.0000000000
166,11.0500000000,right_hand,4,0.3701893985,0.5745472908,-0.0371392183,1.0000000000
167,11.1170000000,right_hand,4,0.3721470237,0.5758711696,-0.0357368626,1.0000000000
168,11.1830000000,right_hand,4,0.3348898888,0.6302697062,-0.0070134322,1.0000000000
169,11.2500000000,right_hand,4,0.3040012121,0.7242902517,0.0076256976,1.0000000000
170,11.3170000000,right_hand,4,0.3067696095,0.6976039410,0.0340196453,1.0000000000
171,11.3830000000,right_hand,4,0.3188964725,0.6465163231,0.0029595417,1.0000000000
172,11.4500000000,right_hand,4,0.3253486753,0.6690315604,-0.0124069573,1.0000000000
173,11.5160000000,right_hand,4,0.3222246468,0.6633616686,-0.0027896469,1.0000000000
174,11.5830000000,right_hand,4,0.3219902515,0.6520128250,-0.0097384695,1.0000000000
175,11.6490000000,right_hand,4,0.3190159798,0.6136510968,-0.0378311500,1.0000000000
176,11.7160000000,right_hand,4,0.3195921779,0.5882633924,0.0037816793,1.0000000000
177,11.7830000000,right_hand,4,0.3146858811,0.5711255074,-0.0716657117,1.0000000000
178,11.8490000000,right_hand,4,0.3255157173,0.6566238999,-0.0175507553,1.0000000000
179,11.9160000000,right_hand,4,0.3108761013,0.6277853847,-0.0483032167,1.0000000000
180,11.9820000000,right_hand,4,0.3235260844,0.6584506035,-0.0473731011,1.0000000000
76,5.0590000000,right_hand,5,0.3204789460,0.7006515861,-0.0292255133,1.0000000000
77,5.1260000000,right_hand,5,0.3067583144,0.6347547770,-0.0600341484,1.0000000000
78,5.1920000000,right_hand,5,0.3023051023,0.6399912834,-0.0425426662,1.0000000000
79,5.2590000000,right_hand,5,0.2947414219,0.6278957129,-0.0314715058,1.0000000000
80,5.3250000000,right_hand,5,0.2901171148,0.6152289510,-0.0305767544,1.0000000000
81,5.3920000000,right_hand,5,0.2758074999,0.6154301167,-0.0408590510,1.0000000000
82,5.4590000000,right_hand,5,0.2640384138,0.6104920506,-0.0559972897,1.0000000000
83,5.5250000000,right_hand,5,0.2671909034,0.6408854723,-0.0534590073,1.0000000000
84,5.5920000000,right_hand,5,0.3078132570,0.7256886959,-0.0282296687,1.0000000000
85,5.6580000000,right_hand,5,0.2712397277,0.6897403002,-0.0822480321,1.0000000000
86,5.7250000000,right_hand,5,0.2797732949,0.7218207121,-0.0610459112,1.0000000000
87,5.7910000000,right_hand,5,0.2720699906,0.7514255047,-0.0626601204,1.0000000000
88,5.8580000000,right_hand,5,0.2740934491,0.7384306192,-0.0755651295,1.0000000000
89,5.9250000000,right_hand,5,0.2677941620,0.7258465290,-0.1028399467,1.0000000000
90,5.9910000000,right_hand,5,0.2736351490,0.7240651846,-0.0897860900,1.0000000000
91,6.0580000000,right_hand,5,0.2715130150,0.7161477208,-0.0912283361,1.0000000000
92,6.1240000000,right_hand,5,0.2801964283,0.7166947722,-0.0513540804,1.0000000000
93,6.1910000000,right_hand,5,0.2900846303,0.7229334414,-0.0452028904,1.0000000000
94,6.2570000000,right_hand,5,0.2999728322,0.7291721106,-0.0390517004,1.0000000000
95,6.3240000000,right_hand,5,0.2986928523,0.7063574195,-0.0436283536,1.0000000000
96,6.3910000000,right_hand,5,0.3018628210,0.6831344664,-0.0473493673,1.0000000000
97,6.4570000000,right_hand,5,0.3050327897,0.6599115133,-0.0510703810,1.0000000000
98,6.5240000000,right_hand,5,0.3109063804,0.6229596138,-0.0279208217,1.0000000000
99,6.5900000000,right_hand,5,0.2945587039,0.6598773599,-0.0342075713,1.0000000000
100,6.6570000000,right_hand,5,0.3015651107,0.5728319883,-0.0327403545,1.0000000000
101,6.7230000000,right_hand,5,0.3072672486,0.5783995986,-0.0374948494,1.0000000000
102,6.7900000000,right_hand,5,0.3149172366,0.5736534595,-0.0519673675,1.0000000000
103,6.8560000000,right_hand,5,0.3141182661,0.5353727937,-0.0737041607,1.0000000000
104,6.9230000000,right_hand,5,0.3266227543,0.5232692361,-0.0460807420,1.0000000000
105,6.9900000000,right_hand,5,0.2817669511,0.5704420805,-0.0699413270,1.0000000000
106,7.0560000000,right_hand,5,0.2649486065,0.5703541636,-0.0843601599,1.0000000000
107,7.1230000000,right_hand,5,0.2974496186,0.5556349754,-0.0738124847,1.0000000000
108,7.1890000000,right_hand,5,0.6063732505,0.6272562146,-0.0368085429,1.0000000000
109,7.2560000000,right_hand,5,0.3164503574,0.5189956427,-0.0659564212,1.0000000000
110,7.3220000000,right_hand,5,0.3121673465,0.5135484338,-0.0648821443,1.0000000000
111,7.3890000000,right_hand,5,0.2528678179,0.5811809301,-0.1070560217,1.0000000000
112,7.4560000000,right_hand,5,0.6246482134,0.6023183465,-0.0291542057,1.0000000000
113,7.5220000000,right_hand,5,0.3042618334,0.5078842044,-0.0921907201,1.0000000000
114,7.5890000000,right_hand,5,0.2423739582,0.5734595656,-0.1010247916,1.0000000000
115,7.6550000000,right_hand,5,0.2417388260,0.5641571879,-0.0972821191,1.0000000000
116,7.7220000000,right_hand,5,0.2487471700,0.5737777352,-0.1159663424,1.0000000000
117,7.7880000000,right_hand,5,0.2614026070,0.5722994804,-0.0624368079,1.0000000000
118,7.8550000000,right_hand,5,0.2956874073,0.5269770026,-0.0816086382,1.0000000000
119,7.9220000000,right_hand,5,0.2975507081,0.5314571857,-0.0726607963,1.0000000000
120,7.9880000000,right_hand,5,0.2974875271,0.5326144695,-0.0627004430,1.0000000000
121,8.0550000000,right_hand,5,0.3025628030,0.5213035345,-0.0670263171,1.0000000000
122,8.1210000000,right_hand,5,0.3050658107,0.5030155778,-0.0739981160,1.0000000000
123,8.1880000000,right_hand,5,0.3058417141,0.4969329238,-0.0560545251,1.0000000000
124,8.2540000000,right_hand,5,0.2732053399,0.5544192195,-0.0666688532,1.0000000000
125,8.3210000000,right_hand,5,0.3028087318,0.5036907792,-0.0580599457,1.0000000000
126,8.3880000000,right_hand,5,0.2986330986,0.5114750266,-0.0559966229,1.0000000000
127,8.4540000000,right_hand,5,0.6183524728,0.6694408655,-0.0318668522,1.0000000000
128,8.5210000000,right_hand,5,0.6194994450,0.6523261070,-0.0540255271,1.0000000000
129,8.5870000000,right_hand,5,0.2996471524,0.5058026910,-0.0544690788,1.0000000000
130,8.6540000000,right_hand,5,0.3022661507,0.5177142620,-0.0637648478,1.0000000000
131,8.7200000000,right_hand,5,0.2998985052,0.5118620396,-0.0612726212,1.0000000000
132,8.7870000000,right_hand,5,0.2982358634,0.5030172467,-0.0563539602,1.0000000000
133,8.8540000000,right_hand,5,0.2969380915,0.5070238113,-0.0364921466,1.0000000000
134,8.9200000000,right_hand,5,0.3006469011,0.5045284629,-0.0423090346,1.0000000000
135,8.9870000000,right_hand,5,0.2946942747,0.5115430355,-0.0428308435,1.0000000000
136,9.0530000000,right_hand,5,0.2936041355,0.5002987385,-0.0541986451,1.0000000000
137,9.1200000000,right_hand,5,0.3027333021,0.5047534108,-0.0542965084,1.0000000000
138,9.1860000000,right_hand,5,0.2990999520,0.4994111657,-0.0556209311,1.0000000000
139,9.2530000000,right_hand,5,0.3120728135,0.5092505813,-0.0692770556,1.0000000000
140,9.3200000000,right_hand,5,0.2899976373,0.5513126850,-0.0700432956,1.0000000000
141,9.3860000000,right_hand,5,0.3099469543,0.5125533342,-0.0554885119,1.0000000000
142,9.4530000000,right_hand,5,0.3098494709,0.5079373121,-0.0710928887,1.0000000000
143,9.5190000000,right_hand,5,0.2961979508,0.5146406889,-0.0650037006,1.0000000000
144,9.5860000000,right_hand,5,0.3078016639,0.5109487176,-0.0583795942,1.0000000000
145,9.6520000000,right_hand,5,0.3085418940,0.5082349777,-0.0677736402,1.0000000000
146,9.7190000000,right_hand,5,0.3092276156,0.5052702427,-0.0590392537,1.0000000000
147,9.7850000000,right_hand,5,0.3114433587,0.5084018707,-0.0651182085,1.0000000000
148,9.8520000000,right_hand,5,0.3134379387,0.5095306635,-0.0590623319,1.0000000000
149,9.9190000000,right_hand,5,0.3114103377,0.5028378367,-0.0510448627,1.0000000000
150,9.9850000000,right_hand,5,0.3072679341,0.5027941465,-0.0639330149,1.0000000000
151,10.0520000000,right_hand,5,0.3125000596,0.5065194964,-0.0609145500,1.0000000000
152,10.1180000000,right_hand,5,0.3109214306,0.5077943802,-0.0652168840,1.0000000000
153,10.1850000000,right_hand,5,0.3059306741,0.5110070705,-0.0487432629,1.0000000000
154,10.2510000000,right_hand,5,0.3105284274,0.5139449239,-0.0582865328,1.0000000000
155,10.3180000000,right_hand,5,0.3057546914,0.4965421557,-0.0526597053,1.0000000000
156,10.3850000000,right_hand,5,0.3082986772,0.4979360700,-0.0576394498,1.0000000000
157,10.4510000000,right_hand,5,0.3115623295,0.5110339522,-0.0582720228,1.0000000000
158,10.5180000000,right_hand,5,0.3123430610,0.5136182308,-0.0539400801,1.0000000000
159,10.5840000000,right_hand,5,0.3158153892,0.5044188499,-0.0520728491,1.0000000000
160,10.6510000000,right_hand,5,0.3130742311,0.5078875422,-0.0545857064,1.0000000000
161,10.7170000000,right_hand,5,0.3112974763,0.5055236220,-0.0598937646,1.0000000000
162,10.7840000000,right_hand,5,0.3136083782,0.5097855926,-0.0615650415,1.0000000000
163,10.8510000000,right_hand,5,0.3151708245,0.5061399341,-0.0652664900,1.0000000000
164,10.9170000000,right_hand,5,0.3143501282,0.5012267232,-0.0545357466,1.0000000000
165,10.9840000000,right_hand,5,0.3184857368,0.5094587207,-0.0709153637,1.0000000000
166,11.0500000000,right_hand,5,0.3197097778,0.5044649839,-0.0617530495,1.0000000000
167,11.1170000000,right_hand,5,0.3186699748,0.5021890402,-0.0551423468,1.0000000000
168,11.1830000000,right_hand,5,0.3068252206,0.5791453123,-0.0379386991,1.0000000000
169,11.2500000000,right_hand,5,0.2932135463,0.5955071449,-0.0103694843,1.0000000000
170,11.3170000000,right_hand,5,0.2852192521,0.5947214365,0.0003958865,1.0000000000
171,11.3830000000,right_hand,5,0.2900401652,0.5799316168,-0.0142394193,1.0000000000
172,11.4500000000,right_hand,5,0.2922473550,0.5841558576,-0.0227880590,1.0000000000
173,11.5160000000,right_hand,5,0.2913469374,0.5804443359,-0.0151967984,1.0000000000
174,11.5830000000,right_hand,5,0.2904854417,0.5818247795,-0.0143487351,1.0000000000
175,11.6490000000,right_hand,5,0.2951773107,0.5807979107,-0.0229065660,1.0000000000
176,11.7160000000,right_hand,5,0.2893876731,0.5734804273,0.0040060570,1.0000000000
177,11.7830000000,right_hand,5,0.2929102182,0.5730860233,-0.0381953381,1.0000000000
178,11.8490000000,right_hand,5,0.2993483543,0.5820221305,-0.0218664613,1.0000000000
179,11.9160000000,right_hand,5,0.2861967087,0.5658788085,-0.0381176397,1.0000000000
180,11.9820000000,right_hand,5,0.2939179242,0.5849804282,-0.0287690945,1.0000000000
76,5.0590000000,right_hand,6,0.3603490293,0.7148794532,-0.0387604348,1.0000000000
77,5.1260000000,right_hand,6,0.3507755101,0.6342437267,-0.0753538087,1.0000000000
78,5.1920000000,right_hand,6,0.3429245949,0.6330705285,-0.0540734828,1.0000000000
79,5.2590000000,right_hand,6,0.3347628415,0.6151860952,-0.0427113175,1.0000000000
80,5.3250000000,right_hand,6,0.3314123154,0.6017291546,-0.0426551066,1.0000000000
81,5.3920000000,right_hand,6,0.3204627633,0.6063028574,-0.0568638742,1.0000000000
82,5.4590000000,right_hand,6,0.3144619167,0.6012337804,-0.0745688081,1.0000000000
83,5.5250000000,right_hand,6,0.3130878210,0.6204921603,-0.0736586824,1.0000000000
84,5.5920000000,right_hand,6,0.3482320607,0.6918079853,-0.0344329141,1.0000000000
85,5.6580000000,right_hand,6,0.3020862341,0.6598342657,-0.1083780825,1.0000000000
86,5.7250000000,right_hand,6,0.3222874105,0.7042000294,-0.0904637352,1.0000000000
87,5.7910000000,right_hand,6,0.3156056106,0.7208136916,-0.0799852386,1.0000000000
88,5.8580000000,right_hand,6,0.3045595586,0.6941484213,-0.0955409408,1.0000000000
89,5.9250000000,right_hand,6,0.3048627377,0.7035007477,-0.1328262091,1.0000000000
90,5.9910000000,right_hand,6,0.3057695329,0.7040608525,-0.1190252006,1.0000000000
91,6.0580000000,right_hand,6,0.3034662008,0.6975039840,-0.1199646294,1.0000000000
92,6.1240000000,right_hand,6,0.3226477206,0.7132958174,-0.0783267245,1.0000000000
93,6.1910000000,right_hand,6,0.3283828050,0.7127925158,-0.0655686129,1.0000000000
94,6.2570000000,right_hand,6,0.3341178894,0.7122892141,-0.0528105013,1.0000000000
95,6.3240000000,right_hand,6,0.3359221518,0.6966223121,-0.0536657460,1.0000000000
96,6.3910000000,right_hand,6,0.3455487490,0.6749497354,-0.0557186082,1.0000000000
97,6.4570000000,right_hand,6,0.3551753461,0.6532771587,-0.0577714704,1.0000000000
98,6.5240000000,right_hand,6,0.3607436121,0.6290241480,-0.0387340337,1.0000000000
99,6.5900000000,right_hand,6,0.3375979662,0.6849035621,-0.0473608300,1.0000000000
100,6.6570000000,right_hand,6,0.3371396065,0.6069507599,-0.0489479490,1.0000000000
101,6.7230000000,right_hand,6,0.3375184536,0.6357637048,-0.0553262345,1.0000000000
102,6.7900000000,right_hand,6,0.3388663232,0.6308558583,-0.0778138116,1.0000000000
103,6.8560000000,right_hand,6,0.3449953198,0.6025668383,-0.1027887985,1.0000000000
104,6.9230000000,right_hand,6,0.3595754206,0.5956892967,-0.0654877722,1.0000000000
105,6.9900000000,right_hand,6,0.3110565245,0.6590720415,-0.0986540094,1.0000000000
106,7.0560000000,right_hand,6,0.2980296314,0.6666220427,-0.1144429818,1.0000000000
107,7.1230000000,right_hand,6,0.3187055588,0.6521837711,-0.1054353714,1.0000000000
108,7.1890000000,right_hand,6,0.5667875409,0.6829463243,-0.0552815571,1.0000000000
109,7.2560000000,right_hand,6,0.3438728154,0.6160950661,-0.0920426324,1.0000000000
110,7.3220000000,right_hand,6,0.3402921259,0.6106555462,-0.0903988928,1.0000000000
111,7.3890000000,right_hand,6,0.2871628106,0.6664835811,-0.1427466571,1.0000000000
112,7.4560000000,right_hand,6,0.5857554078,0.6406839490,-0.0454473719,1.0000000000
113,7.5220000000,right_hand,6,0.3306256533,0.6029009223,-0.1241817996,1.0000000000
114,7.5890000000,right_hand,6,0.2785185874,0.6644734144,-0.1343800575,1.0000000000
115,7.6550000000,right_hand,6,0.2777265906,0.6599110961,-0.1306544244,1.0000000000
116,7.7220000000,right_hand,6,0.2838968039,0.6623611450,-0.1534454823,1.0000000000
117,7.7880000000,right_hand,6,0.2953658402,0.6536163688,-0.0896034315,1.0000000000
118,7.8550000000,right_hand,6,0.3273057342,0.5929896235,-0.1120776609,1.0000000000
119,7.9220000000,right_hand,6,0.3309288621,0.5879029632,-0.0998795331,1.0000000000
120,7.9880000000,right_hand,6,0.3289304674,0.6016754508,-0.0878334269,1.0000000000
121,8.0550000000,right_hand,6,0.3446333110,0.5799632072,-0.0962496772,1.0000000000
122,8.1210000000,right_hand,6,0.3512157500,0.5695071816,-0.1040538996,1.0000000000
123,8.1880000000,right_hand,6,0.3507433236,0.5678682327,-0.0802990794,1.0000000000
124,8.2540000000,right_hand,6,0.3120509982,0.6397823095,-0.0953354388,1.0000000000
125,8.3210000000,right_hand,6,0.3455419540,0.5834257603,-0.0827256516,1.0000000000
126,8.3880000000,right_hand,6,0.3392650485,0.5923300385,-0.0781077966,1.0000000000
127,8.4540000000,right_hand,6,0.5899065137,0.7464417815,-0.0454398319,1.0000000000
128,8.5210000000,right_hand,6,0.5946898460,0.7289469242,-0.0717870444,1.0000000000
129,8.5870000000,right_hand,6,0.3403819501,0.5912034512,-0.0769244507,1.0000000000
130,8.6540000000,right_hand,6,0.3398002982,0.5955349207,-0.0922198072,1.0000000000
131,8.7200000000,right_hand,6,0.3399252594,0.5904740691,-0.0867910534,1.0000000000
132,8.7870000000,right_hand,6,0.3406497836,0.5845907927,-0.0817579702,1.0000000000
133,8.8540000000,right_hand,6,0.3399465978,0.5849277377,-0.0522075519,1.0000000000
134,8.9200000000,right_hand,6,0.3423464894,0.5817072988,-0.0619903356,1.0000000000
135,8.9870000000,right_hand,6,0.3345947266,0.5882226825,-0.0614035055,1.0000000000
136,9.0530000000,right_hand,6,0.3371381760,0.5667920709,-0.0732189789,1.0000000000
137,9.1200000000,right_hand,6,0.3403494060,0.5557157993,-0.0753274187,1.0000000000
138,9.1860000000,right_hand,6,0.3414737284,0.5492680073,-0.0796647519,1.0000000000
139,9.2530000000,right_hand,6,0.3519652486,0.5649161935,-0.0964639932,1.0000000000
140,9.3200000000,right_hand,6,0.3235918283,0.6296828985,-0.0997626707,1.0000000000
141,9.3860000000,right_hand,6,0.3476198316,0.5753163099,-0.0822227895,1.0000000000
142,9.4530000000,right_hand,6,0.3475829959,0.5792185068,-0.0985537916,1.0000000000
143,9.5190000000,right_hand,6,0.3316517472,0.5976540446,-0.0926636755,1.0000000000
144,9.5860000000,right_hand,6,0.3467488289,0.5852700472,-0.0834135935,1.0000000000
145,9.6520000000,right_hand,6,0.3466071188,0.5799186230,-0.0953118503,1.0000000000
146,9.7190000000,right_hand,6,0.3499456644,0.5828145146,-0.0854784772,1.0000000000
147,9.7850000000,right_hand,6,0.3512704074,0.5799816847,-0.0944528207,1.0000000000
148,9.8520000000,right_hand,6,0.3523103595,0.5771681070,-0.0874904320,1.0000000000
149,9.9190000000,right_hand,6,0.3503611088,0.5752440691,-0.0764413476,1.0000000000
150,9.9850000000,right_hand,6,0.3479037881,0.5799357295,-0.0870780498,1.0000000000
151,10.0520000000,right_hand,6,0.3501930833,0.5849403143,-0.0861548930,1.0000000000
152,10.1180000000,right_hand,6,0.3490384221,0.5783095956,-0.0899191424,1.0000000000
153,10.1850000000,right_hand,6,0.3491552174,0.5794538260,-0.0712822750,1.0000000000
154,10.2510000000,right_hand,6,0.3515987694,0.5795368552,-0.0815325454,1.0000000000
155,10.3180000000,right_hand,6,0.3499017060,0.5647046566,-0.0720917806,1.0000000000
156,10.3850000000,right_hand,6,0.3506958783,0.5639306307,-0.0791677088,1.0000000000
157,10.4510000000,right_hand,6,0.3532348871,0.5642564893,-0.0793470666,1.0000000000
158,10.5180000000,right_hand,6,0.3556529880,0.5852869153,-0.0784540325,1.0000000000
159,10.5840000000,right_hand,6,0.3582825661,0.5790203214,-0.0718893334,1.0000000000
160,10.6510000000,right_hand,6,0.3544559777,0.5846517086,-0.0745203719,1.0000000000
161,10.7170000000,right_hand,6,0.3540534377,0.5819010735,-0.0823622420,1.0000000000
162,10.7840000000,right_hand,6,0.3565862179,0.5843969584,-0.0859379321,1.0000000000
163,10.8510000000,right_hand,6,0.3560120463,0.5811995864,-0.0926275477,1.0000000000
164,10.9170000000,right_hand,6,0.3568650186,0.5829444528,-0.0787798911,1.0000000000
165,10.9840000000,right_hand,6,0.3597983420,0.5808908343,-0.0996242240,1.0000000000
166,11.0500000000,right_hand,6,0.3591101766,0.5814382434,-0.0895585790,1.0000000000
167,11.1170000000,right_hand,6,0.3606404066,0.5793487430,-0.0812115967,1.0000000000
168,11.1830000000,right_hand,6,0.3533994257,0.5985983014,-0.0640692487,1.0000000000
169,11.2500000000,right_hand,6,0.3345879316,0.6395488977,-0.0300510302,1.0000000000
170,11.3170000000,right_hand,6,0.3327240944,0.6184240580,-0.0182827376,1.0000000000
171,11.3830000000,right_hand,6,0.3367923200,0.6242210865,-0.0322964713,1.0000000000
172,11.4500000000,right_hand,6,0.3394054770,0.6280156374,-0.0447557345,1.0000000000
173,11.5160000000,right_hand,6,0.3408441246,0.6223499775,-0.0344535857,1.0000000000
174,11.5830000000,right_hand,6,0.3400711119,0.6251150966,-0.0344680995,1.0000000000
175,11.6490000000,right_hand,6,0.3444687724,0.6259866953,-0.0429823138,1.0000000000
176,11.7160000000,right_hand,6,0.3370813131,0.6181764007,-0.0116076833,1.0000000000
177,11.7830000000,right_hand,6,0.3431501389,0.6186454892,-0.0615716800,1.0000000000
178,11.8490000000,right_hand,6,0.3537175655,0.6033523083,-0.0425367653,1.0000000000
179,11.9160000000,right_hand,6,0.3381330371,0.6133937836,-0.0623285212,1.0000000000
180,11.9820000000,right_hand,6,0.3501942754,0.6064485908,-0.0520154536,1.0000000000
76,5.0590000000,right_hand,7,0.3792117536,0.6946707964,-0.0401565880,1.0000000000
77,5.1260000000,right_hand,7,0.3754405379,0.6267297864,-0.0746916980,1.0000000000
78,5.1920000000,right_hand,7,0.3670484722,0.6247006655,-0.0564415343,1.0000000000
79,5.2590000000,right_hand,7,0.3598602116,0.6037211418,-0.0459479503,1.0000000000
80,5.3250000000,right_hand,7,0.3573280871,0.5927392840,-0.0465472899,1.0000000000
81,5.3920000000,right_hand,7,0.3483801484,0.5972610712,-0.0631638542,1.0000000000
82,5.4590000000,right_hand,7,0.3455785513,0.5948265791,-0.0807064325,1.0000000000
83,5.5250000000,right_hand,7,0.3424434662,0.6041554213,-0.0827763528,1.0000000000
84,5.5920000000,right_hand,7,0.3705501258,0.6708827019,-0.0327121541,1.0000000000
85,5.6580000000,right_hand,7,0.3340561390,0.6381285787,-0.1203643531,1.0000000000
86,5.7250000000,right_hand,7,0.3522646725,0.6786471009,-0.1093609482,1.0000000000
87,5.7910000000,right_hand,7,0.3440067470,0.6969565153,-0.0838530660,1.0000000000
88,5.8580000000,right_hand,7,0.3295655549,0.6741763949,-0.1017556638,1.0000000000
89,5.9250000000,right_hand,7,0.3333828151,0.6852098703,-0.1443525106,1.0000000000
90,5.9910000000,right_hand,7,0.3335427642,0.6884208918,-0.1310690790,1.0000000000
91,6.0580000000,right_hand,7,0.3319919705,0.6807228923,-0.1306778789,1.0000000000
92,6.1240000000,right_hand,7,0.3535271287,0.6956471801,-0.0970916376,1.0000000000
93,6.1910000000,right_hand,7,0.3541768789,0.6969041228,-0.0762974080,1.0000000000
94,6.2570000000,right_hand,7,0.3548266292,0.6981610656,-0.0555031784,1.0000000000
95,6.3240000000,right_hand,7,0.3561969399,0.6822592616,-0.0529895350,1.0000000000
96,6.3910000000,right_hand,7,0.3623114824,0.6638233364,-0.0521569140,1.0000000000
97,6.4570000000,right_hand,7,0.3684260249,0.6453874111,-0.0513242930,1.0000000000
98,6.5240000000,right_hand,7,0.3881944120,0.6311537623,-0.0394046791,1.0000000000
99,6.5900000000,right_hand,7,0.3631535172,0.6991066933,-0.0515735149,1.0000000000
100,6.6570000000,right_hand,7,0.3580037355,0.6306912303,-0.0570487715,1.0000000000
101,6.7230000000,right_hand,7,0.3556368053,0.6784248948,-0.0643130764,1.0000000000
102,6.7900000000,right_hand,7,0.3546496034,0.6728893518,-0.0919002816,1.0000000000
103,6.8560000000,right_hand,7,0.3631236255,0.6398431659,-0.1151780933,1.0000000000
104,6.9230000000,right_hand,7,0.3773008287,0.6433938146,-0.0727431625,1.0000000000
105,6.9900000000,right_hand,7,0.3278239369,0.7185015678,-0.1133259833,1.0000000000
106,7.0560000000,right_hand,7,0.3191734254,0.7273724079,-0.1265477240,1.0000000000
107,7.1230000000,right_hand,7,0.3348738849,0.7127039433,-0.1162386686,1.0000000000
108,7.1890000000,right_hand,7,0.5445328355,0.7226263285,-0.0633813292,1.0000000000
109,7.2560000000,right_hand,7,0.3601552248,0.6745532751,-0.1022311151,1.0000000000
110,7.3220000000,right_hand,7,0.3591798246,0.6671537757,-0.0997210816,1.0000000000
111,7.3890000000,right_hand,7,0.3082642853,0.7251107693,-0.1559084654,1.0000000000
112,7.4560000000,right_hand,7,0.5610070229,0.6641336679,-0.0538642369,1.0000000000
113,7.5220000000,right_hand,7,0.3473109305,0.6639132500,-0.1364723295,1.0000000000
114,7.5890000000,right_hand,7,0.3010758162,0.7244040370,-0.1467395276,1.0000000000
115,7.6550000000,right_hand,7,0.3005559742,0.7206764221,-0.1417799890,1.0000000000
116,7.7220000000,right_hand,7,0.3057913184,0.7223376036,-0.1658003479,1.0000000000
117,7.7880000000,right_hand,7,0.3143519163,0.7060762644,-0.1024459526,1.0000000000
118,7.8550000000,right_hand,7,0.3435531557,0.6401956677,-0.1225640699,1.0000000000
119,7.9220000000,right_hand,7,0.3503149748,0.6299750805,-0.1069089696,1.0000000000
120,7.9880000000,right_hand,7,0.3462972045,0.6458052993,-0.0974731445,1.0000000000
121,8.0550000000,right_hand,7,0.3714154363,0.6193498373,-0.1070036963,1.0000000000
122,8.1210000000,right_hand,7,0.3778399229,0.6127338409,-0.1146061495,1.0000000000
123,8.1880000000,right_hand,7,0.3768420219,0.6143880486,-0.0890388712,1.0000000000
124,8.2540000000,right_hand,7,0.3335134685,0.6938988566,-0.1096905470,1.0000000000
125,8.3210000000,right_hand,7,0.3686407506,0.6347146630,-0.0955071673,1.0000000000
126,8.3880000000,right_hand,7,0.3627948463,0.6407551169,-0.0874955431,1.0000000000
127,8.4540000000,right_hand,7,0.5703701973,0.7931950092,-0.0509925894,1.0000000000
128,8.5210000000,right_hand,7,0.5778956413,0.7668617964,-0.0781224743,1.0000000000
129,8.5870000000,right_hand,7,0.3628624380,0.6414107084,-0.0884968191,1.0000000000
130,8.6540000000,right_hand,7,0.3641057611,0.6455527544,-0.1061315462,1.0000000000
131,8.7200000000,right_hand,7,0.3648011684,0.6414819956,-0.0983125493,1.0000000000
132,8.7870000000,right_hand,7,0.3655338287,0.6362286806,-0.0943822861,1.0000000000
133,8.8540000000,right_hand,7,0.3635476828,0.6323685646,-0.0594035126,1.0000000000
134,8.9200000000,right_hand,7,0.3646556735,0.6297600865,-0.0720432103,1.0000000000
135,8.9870000000,right_hand,7,0.3546621799,0.6370870471,-0.0701937005,1.0000000000
136,9.0530000000,right_hand,7,0.3585784435,0.6126930714,-0.0797930658,1.0000000000
137,9.1200000000,right_hand,7,0.3612594903,0.5978648663,-0.0793839023,1.0000000000
138,9.1860000000,right_hand,7,0.3642225266,0.5891414285,-0.0916138962,1.0000000000
139,9.2530000000,right_hand,7,0.3729313314,0.6123152971,-0.1089365333,1.0000000000
140,9.3200000000,right_hand,7,0.3407879770,0.6814476252,-0.1150967479,1.0000000000
141,9.3860000000,right_hand,7,0.3714875281,0.6177402139,-0.0951662660,1.0000000000
142,9.4530000000,right_hand,7,0.3710689545,0.6264084578,-0.1097949296,1.0000000000
143,9.5190000000,right_hand,7,0.3507847190,0.6485208273,-0.1074108630,1.0000000000
144,9.5860000000,right_hand,7,0.3692887723,0.6322374344,-0.0963983387,1.0000000000
145,9.6520000000,right_hand,7,0.3711410165,0.6264680624,-0.1082692593,1.0000000000
146,9.7190000000,right_hand,7,0.3733446598,0.6325468421,-0.0994605795,1.0000000000
147,9.7850000000,right_hand,7,0.3750733137,0.6273212433,-0.1083013713,1.0000000000
148,9.8520000000,right_hand,7,0.3754276931,0.6250879169,-0.1018218771,1.0000000000
149,9.9190000000,right_hand,7,0.3723745942,0.6245864034,-0.0908639729,1.0000000000
150,9.9850000000,right_hand,7,0.3695390224,0.6284853816,-0.0974860191,1.0000000000
151,10.0520000000,right_hand,7,0.3709138632,0.6347435713,-0.0986886248,1.0000000000
152,10.1180000000,right_hand,7,0.3730881214,0.6245482564,-0.0991218612,1.0000000000
153,10.1850000000,right_hand,7,0.3727039099,0.6233028173,-0.0816224515,1.0000000000
154,10.2510000000,right_hand,7,0.3738549650,0.6235274076,-0.0887758434,1.0000000000
155,10.3180000000,right_hand,7,0.3727599978,0.6060295105,-0.0785257369,1.0000000000
156,10.3850000000,right_hand,7,0.3723460436,0.6066859365,-0.0872414261,1.0000000000
157,10.4510000000,right_hand,7,0.3750419617,0.6044002175,-0.0851603150,1.0000000000
158,10.5180000000,right_hand,7,0.3776567280,0.6315586567,-0.0892972425,1.0000000000
159,10.5840000000,right_hand,7,0.3807326853,0.6258913875,-0.0781037956,1.0000000000
160,10.6510000000,right_hand,7,0.3780527115,0.6328431368,-0.0815848038,1.0000000000
161,10.7170000000,right_hand,7,0.3780082166,0.6288853288,-0.0913086385,1.0000000000
162,10.7840000000,right_hand,7,0.3800488114,0.6332199574,-0.0956855342,1.0000000000
163,10.8510000000,right_hand,7,0.3804881573,0.6297981739,-0.1045892090,1.0000000000
164,10.9170000000,right_hand,7,0.3809207082,0.6315925121,-0.0912848562,1.0000000000
165,10.9840000000,right_hand,7,0.3845116198,0.6304122806,-0.1107861325,1.0000000000
166,11.0500000000,right_hand,7,0.3827743530,0.6302192211,-0.1022348776,1.0000000000
167,11.1170000000,right_hand,7,0.3842388988,0.6304314137,-0.0938444361,1.0000000000
168,11.1830000000,right_hand,7,0.3788662553,0.6286150217,-0.0778108239,1.0000000000
169,11.2500000000,right_hand,7,0.3572435677,0.6801323891,-0.0427510701,1.0000000000
170,11.3170000000,right_hand,7,0.3601561189,0.6518060565,-0.0303743538,1.0000000000
171,11.3830000000,right_hand,7,0.3626229763,0.6622800231,-0.0427621342,1.0000000000
172,11.4500000000,right_hand,7,0.3649311066,0.6708221436,-0.0584904663,1.0000000000
173,11.5160000000,right_hand,7,0.3668631911,0.6629125476,-0.0464329906,1.0000000000
174,11.5830000000,right_hand,7,0.3673881888,0.6651183963,-0.0482549407,1.0000000000
175,11.6490000000,right_hand,7,0.3707748652,0.6674497724,-0.0578951016,1.0000000000
176,11.7160000000,right_hand,7,0.3631642759,0.6583329439,-0.0247104261,1.0000000000
177,11.7830000000,right_hand,7,0.3713654280,0.6595267057,-0.0793691203,1.0000000000
178,11.8490000000,right_hand,7,0.3841958344,0.6280443668,-0.0556099862,1.0000000000
179,11.9160000000,right_hand,7,0.3683509827,0.6509973407,-0.0774139389,1.0000000000
180,11.9820000000,right_hand,7,0.3816732764,0.6298026443,-0.0692608282,1.0000000000
76,5.0590000000,right_hand,8,0.3853983581,0.6706237197,-0.0391084626,1.0000000000
77,5.1260000000,right_hand,8,0.3887882829,0.6154353023,-0.0715402216,1.0000000000
78,5.1920000000,right_hand,8,0.3843243718,0.6181481481,-0.0567967072,1.0000000000
79,5.2590000000,right_hand,8,0.3784188032,0.5973396301,-0.0472364426,1.0000000000
80,5.3250000000,right_hand,8,0.3763494790,0.5867900848,-0.0479648486,1.0000000000
81,5.3920000000,right_hand,8,0.3692908883,0.5907059312,-0.0658800080,1.0000000000
82,5.4590000000,right_hand,8,0.3686080575,0.5904773474,-0.0829231143,1.0000000000
83,5.5250000000,right_hand,8,0.3642149270,0.5906910896,-0.0875008404,1.0000000000
84,5.5920000000,right_hand,8,0.3865402937,0.6551734805,-0.0316242762,1.0000000000
85,5.6580000000,right_hand,8,0.3588077128,0.6233912706,-0.1274627745,1.0000000000
86,5.7250000000,right_hand,8,0.3731724620,0.6508263946,-0.1213541999,1.0000000000
87,5.7910000000,right_hand,8,0.3654918671,0.6768816113,-0.0861100331,1.0000000000
88,5.8580000000,right_hand,8,0.3490244448,0.6554428935,-0.1057509333,1.0000000000
89,5.9250000000,right_hand,8,0.3566775322,0.6674095988,-0.1510357410,1.0000000000
90,5.9910000000,right_hand,8,0.3587539792,0.6744574904,-0.1380168647,1.0000000000
91,6.0580000000,right_hand,8,0.3556872308,0.6690325737,-0.1365704387,1.0000000000
92,6.1240000000,right_hand,8,0.3725497127,0.6767785549,-0.1098653227,1.0000000000
93,6.1910000000,right_hand,8,0.3695400059,0.6808451414,-0.0828211922,1.0000000000
94,6.2570000000,right_hand,8,0.3665302992,0.6849117279,-0.0557770617,1.0000000000
95,6.3240000000,right_hand,8,0.3694226146,0.6714413762,-0.0516024604,1.0000000000
96,6.3910000000,right_hand,8,0.3703505099,0.6569481790,-0.0484743472,1.0000000000
97,6.4570000000,right_hand,8,0.3712784052,0.6424549818,-0.0453462340,1.0000000000
98,6.5240000000,right_hand,8,0.4049738944,0.6337265372,-0.0375135057,1.0000000000
99,6.5900000000,right_hand,8,0.3808673918,0.7095193267,-0.0532518029,1.0000000000
100,6.6570000000,right_hand,8,0.3738410771,0.6525319815,-0.0624047145,1.0000000000
101,6.7230000000,right_hand,8,0.3692257702,0.7142366171,-0.0701658502,1.0000000000
102,6.7900000000,right_hand,8,0.3670671880,0.7111920118,-0.1013691276,1.0000000000
103,6.8560000000,right_hand,8,0.3752864599,0.6707386374,-0.1232790649,1.0000000000
104,6.9230000000,right_hand,8,0.3887839913,0.6803296804,-0.0759322122,1.0000000000
105,6.9900000000,right_hand,8,0.3418379128,0.7617995143,-0.1204357743,1.0000000000
106,7.0560000000,right_hand,8,0.3350075483,0.7757626176,-0.1320009083,1.0000000000
107,7.1230000000,right_hand,8,0.3462774158,0.7609752417,-0.1210152432,1.0000000000
108,7.1890000000,right_hand,8,0.5259791613,0.7553364038,-0.0689231828,1.0000000000
109,7.2560000000,right_hand,8,0.3731230497,0.7216945887,-0.1071946248,1.0000000000
110,7.3220000000,right_hand,8,0.3740298152,0.7113198042,-0.1047190353,1.0000000000
111,7.3890000000,right_hand,8,0.3246825635,0.7717751265,-0.1615823805,1.0000000000
112,7.4560000000,right_hand,8,0.5402337909,0.6797865033,-0.0594263673,1.0000000000
113,7.5220000000,right_hand,8,0.3604943156,0.7143405676,-0.1439051330,1.0000000000
114,7.5890000000,right_hand,8,0.3186424375,0.7721445560,-0.1523026377,1.0000000000
115,7.6550000000,right_hand,8,0.3179473877,0.7698595524,-0.1466332674,1.0000000000
116,7.7220000000,right_hand,8,0.3223944902,0.7695555687,-0.1707618535,1.0000000000
117,7.7880000000,right_hand,8,0.3296078444,0.7517114878,-0.1101097092,1.0000000000
118,7.8550000000,right_hand,8,0.3540874422,0.6784064174,-0.1279181689,1.0000000000
119,7.9220000000,right_hand,8,0.3623084426,0.6643803716,-0.1101558954,1.0000000000
120,7.9880000000,right_hand,8,0.3607169986,0.6843754053,-0.1034051031,1.0000000000
121,8.0550000000,right_hand,8,0.3893266618,0.6517592072,-0.1123827994,1.0000000000
122,8.1210000000,right_hand,8,0.3961009681,0.6488227844,-0.1200467572,1.0000000000
123,8.1880000000,right_hand,8,0.3953157663,0.6532204747,-0.0938533172,1.0000000000
124,8.2540000000,right_hand,8,0.3510144055,0.7404268980,-0.1188031659,1.0000000000
125,8.3210000000,right_hand,8,0.3877549767,0.6734779477,-0.1036559716,1.0000000000
126,8.3880000000,right_hand,8,0.3816014528,0.6762023568,-0.0942299441,1.0000000000
127,8.4540000000,right_hand,8,0.5548028946,0.8256455660,-0.0543507598,1.0000000000
128,8.5210000000,right_hand,8,0.5633231401,0.7927148342,-0.0818260610,1.0000000000
129,8.5870000000,right_hand,8,0.3819686770,0.6792609096,-0.0973630250,1.0000000000
130,8.6540000000,right_hand,8,0.3816700280,0.6830860972,-0.1149985939,1.0000000000
131,8.7200000000,right_hand,8,0.3836611211,0.6807796955,-0.1057272851,1.0000000000
132,8.7870000000,right_hand,8,0.3846030533,0.6758331656,-0.1026387513,1.0000000000
133,8.8540000000,right_hand,8,0.3823689818,0.6682898402,-0.0642169714,1.0000000000
134,8.9200000000,right_hand,8,0.3822098374,0.6661700606,-0.0790302232,1.0000000000
135,8.9870000000,right_hand,8,0.3715529442,0.6764934063,-0.0759920999,1.0000000000
136,9.0530000000,right_hand,8,0.3743351400,0.6494978666,-0.0840605050,1.0000000000
137,9.1200000000,right_hand,8,0.3739221692,0.6327946782,-0.0804951862,1.0000000000
138,9.1860000000,right_hand,8,0.3824786246,0.6242663860,-0.0991472229,1.0000000000
139,9.2530000000,right_hand,8,0.3900427222,0.6496871114,-0.1165829077,1.0000000000
140,9.3200000000,right_hand,8,0.3553480804,0.7248461843,-0.1253748238,1.0000000000
141,9.3860000000,right_hand,8,0.3886158168,0.6531864405,-0.1031742617,1.0000000000
142,9.4530000000,right_hand,8,0.3880029619,0.6628597379,-0.1168490350,1.0000000000
143,9.5190000000,right_hand,8,0.3668970466,0.6905440688,-0.1169165447,1.0000000000
144,9.5860000000,right_hand,8,0.3871554732,0.6683322191,-0.1050117537,1.0000000000
145,9.6520000000,right_hand,8,0.3891295791,0.6615731716,-0.1170147136,1.0000000000
146,9.7190000000,right_hand,8,0.3909708261,0.6708431244,-0.1088372394,1.0000000000
147,9.7850000000,right_hand,8,0.3924399018,0.6638169885,-0.1172089130,1.0000000000
148,9.8520000000,right_hand,8,0.3921815753,0.6630570292,-0.1110572964,1.0000000000
149,9.9190000000,right_hand,8,0.3893523514,0.6638371348,-0.1009163409,1.0000000000
150,9.9850000000,right_hand,8,0.3862417638,0.6659038663,-0.1045251414,1.0000000000
151,10.0520000000,right_hand,8,0.3858582377,0.6716684699,-0.1072156876,1.0000000000
152,10.1180000000,right_hand,8,0.3907858133,0.6584715843,-0.1053459048,1.0000000000
153,10.1850000000,right_hand,8,0.3906750679,0.6583165526,-0.0884792581,1.0000000000
154,10.2510000000,right_hand,8,0.3896168470,0.6589913368,-0.0926061273,1.0000000000
155,10.3180000000,right_hand,8,0.3897036314,0.6396328807,-0.0820158795,1.0000000000
156,10.3850000000,right_hand,8,0.3887442946,0.6401152611,-0.0919853598,1.0000000000
157,10.4510000000,right_hand,8,0.3914818764,0.6361830235,-0.0883304253,1.0000000000
158,10.5180000000,right_hand,8,0.3945419490,0.6690389514,-0.0957652405,1.0000000000
159,10.5840000000,right_hand,8,0.3982246518,0.6626465917,-0.0813615695,1.0000000000
160,10.6510000000,right_hand,8,0.3959834874,0.6679846048,-0.0858606920,1.0000000000
161,10.7170000000,right_hand,8,0.3970558643,0.6647718549,-0.0970621854,1.0000000000
162,10.7840000000,right_hand,8,0.3970102668,0.6694939137,-0.1015974358,1.0000000000
163,10.8510000000,right_hand,8,0.3987520933,0.6660032868,-0.1126730070,1.0000000000
164,10.9170000000,right_hand,8,0.4012721479,0.6673700213,-0.0997004732,1.0000000000
165,10.9840000000,right_hand,8,0.4021512568,0.6665070653,-0.1178202629,1.0000000000
166,11.0500000000,right_hand,8,0.4003937244,0.6679192185,-0.1107883230,1.0000000000
167,11.1170000000,right_hand,8,0.4019113183,0.6693978906,-0.1025407165,1.0000000000
168,11.1830000000,right_hand,8,0.3975322247,0.6623652577,-0.0869087204,1.0000000000
169,11.2500000000,right_hand,8,0.3733407259,0.7215242386,-0.0521707498,1.0000000000
170,11.3170000000,right_hand,8,0.3797845840,0.6887391210,-0.0390384570,1.0000000000
171,11.3830000000,right_hand,8,0.3825777471,0.6999222040,-0.0503289811,1.0000000000
172,11.4500000000,right_hand,8,0.3838867545,0.7134758234,-0.0681155846,1.0000000000
173,11.5160000000,right_hand,8,0.3867083192,0.7039825320,-0.0549873002,1.0000000000
174,11.5830000000,right_hand,8,0.3884335160,0.7061524391,-0.0585446805,1.0000000000
175,11.6490000000,right_hand,8,0.3914261460,0.7080731392,-0.0692519546,1.0000000000
176,11.7160000000,right_hand,8,0.3829622567,0.6993917227,-0.0354435667,1.0000000000
177,11.7830000000,right_hand,8,0.3936553597,0.6992307901,-0.0925005674,1.0000000000
178,11.8490000000,right_hand,8,0.4077765048,0.6569156051,-0.0658278018,1.0000000000
179,11.9160000000,right_hand,8,0.3912846446,0.6883952022,-0.0879487693,1.0000000000
180,11.9820000000,right_hand,8,0.4068813920,0.6570117474,-0.0825760588,1.0000000000
76,5.0590000000,right_hand,9,0.3196245730,0.7151473761,-0.0235148594,1.0000000000
77,5.1260000000,right_hand,9,0.3072812557,0.6773525476,-0.0534455888,1.0000000000
78,5.1920000000,right_hand,9,0.3013875782,0.6809342504,-0.0384694599,1.0000000000
79,5.2590000000,right_hand,9,0.2955397964,0.6633350253,-0.0321546383,1.0000000000
80,5.3250000000,right_hand,9,0.2917024791,0.6507607102,-0.0311873984,1.0000000000
81,5.3920000000,right_hand,9,0.2753268480,0.6500776410,-0.0419805422,1.0000000000
82,5.4590000000,right_hand,9,0.2630265951,0.6558445692,-0.0551135279,1.0000000000
83,5.5250000000,right_hand,9,0.2667618692,0.6791707277,-0.0540019944,1.0000000000
84,5.5920000000,right_hand,9,0.3110275269,0.7600799799,-0.0301474538,1.0000000000
85,5.6580000000,right_hand,9,0.2767406404,0.7368283868,-0.0765282884,1.0000000000
86,5.7250000000,right_hand,9,0.2855362892,0.7585749030,-0.0650580600,1.0000000000
87,5.7910000000,right_hand,9,0.2791331708,0.7854398489,-0.0641999766,1.0000000000
88,5.8580000000,right_hand,9,0.2824985385,0.7806944251,-0.0716702119,1.0000000000
89,5.9250000000,right_hand,9,0.2792655230,0.7710878849,-0.0943567380,1.0000000000
90,5.9910000000,right_hand,9,0.2845965922,0.7659710050,-0.0831325352,1.0000000000
91,6.0580000000,right_hand,9,0.2806918025,0.7591899633,-0.0846370980,1.0000000000
92,6.1240000000,right_hand,9,0.2867840230,0.7541445494,-0.0574407652,1.0000000000
93,6.1910000000,right_hand,9,0.2957909256,0.7579191327,-0.0489946958,1.0000000000
94,6.2570000000,right_hand,9,0.3047978282,0.7616937160,-0.0405486263,1.0000000000
95,6.3240000000,right_hand,9,0.3013585806,0.7455324531,-0.0416465551,1.0000000000
96,6.3910000000,right_hand,9,0.3020751029,0.7230218947,-0.0439212732,1.0000000000
97,6.4570000000,right_hand,9,0.3027916253,0.7005113363,-0.0461959913,1.0000000000
98,6.5240000000,right_hand,9,0.3055598736,0.6582533121,-0.0314639285,1.0000000000
99,6.5900000000,right_hand,9,0.2973551452,0.6206248403,-0.0337496698,1.0000000000
100,6.6570000000,right_hand,9,0.2927061617,0.5961064696,-0.0384124666,1.0000000000
101,6.7230000000,right_hand,9,0.2956807911,0.5888870358,-0.0450070426,1.0000000000
102,6.7900000000,right_hand,9,0.2978929877,0.5776966810,-0.0642577857,1.0000000000
103,6.8560000000,right_hand,9,0.2931904793,0.5478049517,-0.0868315697,1.0000000000
104,6.9230000000,right_hand,9,0.3094930053,0.5375677943,-0.0512980856,1.0000000000
105,6.9900000000,right_hand,9,0.3047965169,0.5338115692,-0.0660296381,1.0000000000
106,7.0560000000,right_hand,9,0.2923022211,0.5406625867,-0.0819105953,1.0000000000
107,7.1230000000,right_hand,9,0.2933014333,0.5461794138,-0.0907260701,1.0000000000
108,7.1890000000,right_hand,9,0.6289433837,0.6663503051,-0.0439753756,1.0000000000
109,7.2560000000,right_hand,9,0.2873139977,0.5361044407,-0.0744644850,1.0000000000
110,7.3220000000,right_hand,9,0.2856203020,0.5344119072,-0.0756229684,1.0000000000
111,7.3890000000,right_hand,9,0.2769399881,0.5485481024,-0.1070444286,1.0000000000
112,7.4560000000,right_hand,9,0.6353152990,0.6480020285,-0.0320768654,1.0000000000
113,7.5220000000,right_hand,9,0.2780431211,0.5292195082,-0.1001773924,1.0000000000
114,7.5890000000,right_hand,9,0.2697412968,0.5393097997,-0.0986968651,1.0000000000
115,7.6550000000,right_hand,9,0.2689981759,0.5277722478,-0.0967172310,1.0000000000
116,7.7220000000,right_hand,9,0.2734424174,0.5365558267,-0.1136092171,1.0000000000
117,7.7880000000,right_hand,9,0.2745974064,0.5375862122,-0.0706620514,1.0000000000
118,7.8550000000,right_hand,9,0.2702639699,0.5532574058,-0.0902618542,1.0000000000
119,7.9220000000,right_hand,9,0.2733061016,0.5613909364,-0.0862087235,1.0000000000
120,7.9880000000,right_hand,9,0.2743884921,0.5587175488,-0.0759746805,1.0000000000
121,8.0550000000,right_hand,9,0.2778848708,0.5557835102,-0.0804426894,1.0000000000
122,8.1210000000,right_hand,9,0.2789765298,0.5395808816,-0.0882414952,1.0000000000
123,8.1880000000,right_hand,9,0.2824537754,0.5381734967,-0.0697617233,1.0000000000
124,8.2540000000,right_hand,9,0.2791123390,0.5301771164,-0.0772600397,1.0000000000
125,8.3210000000,right_hand,9,0.2801653147,0.5293464065,-0.0679003596,1.0000000000
126,8.3880000000,right_hand,9,0.2751163542,0.5436514020,-0.0671020001,1.0000000000
127,8.4540000000,right_hand,9,0.6171488166,0.6635420918,-0.0367046483,1.0000000000
128,8.5210000000,right_hand,9,0.6216557026,0.6430877447,-0.0571345277,1.0000000000
129,8.5870000000,right_hand,9,0.2768162489,0.5376704931,-0.0690931305,1.0000000000
130,8.6540000000,right_hand,9,0.2773300111,0.5485563278,-0.0800312385,1.0000000000
131,8.7200000000,right_hand,9,0.2755317986,0.5447869897,-0.0744167045,1.0000000000
132,8.7870000000,right_hand,9,0.2744992375,0.5349500775,-0.0701888949,1.0000000000
133,8.8540000000,right_hand,9,0.2766620815,0.5310660601,-0.0477945656,1.0000000000
134,8.9200000000,right_hand,9,0.2781225741,0.5340115428,-0.0580802895,1.0000000000
135,8.9870000000,right_hand,9,0.2759893537,0.5362039208,-0.0542057678,1.0000000000
136,9.0530000000,right_hand,9,0.2723423541,0.5367045403,-0.0629359558,1.0000000000
137,9.1200000000,right_hand,9,0.2808230221,0.5469063520,-0.0699993744,1.0000000000
138,9.1860000000,right_hand,9,0.2788576186,0.5328330994,-0.0657778159,1.0000000000
139,9.2530000000,right_hand,9,0.2872301936,0.5298300385,-0.0790479258,1.0000000000
140,9.3200000000,right_hand,9,0.2851414084,0.5400592089,-0.0801876113,1.0000000000
141,9.3860000000,right_hand,9,0.2858259082,0.5469826460,-0.0689095035,1.0000000000
142,9.4530000000,right_hand,9,0.2843409777,0.5438130498,-0.0824619681,1.0000000000
143,9.5190000000,right_hand,9,0.2810887098,0.5309273005,-0.0720300004,1.0000000000
144,9.5860000000,right_hand,9,0.2837664187,0.5333950520,-0.0688645914,1.0000000000
145,9.6520000000,right_hand,9,0.2839166522,0.5414036512,-0.0793461129,1.0000000000
146,9.7190000000,right_hand,9,0.2849401534,0.5362460017,-0.0709867701,1.0000000000
147,9.7850000000,right_hand,9,0.2859437168,0.5432137251,-0.0797244385,1.0000000000
148,9.8520000000,right_hand,9,0.2881023288,0.5433454514,-0.0764388591,1.0000000000
149,9.9190000000,right_hand,9,0.2861496806,0.5317754745,-0.0650092736,1.0000000000
150,9.9850000000,right_hand,9,0.2845146954,0.5331963301,-0.0725598559,1.0000000000
151,10.0520000000,right_hand,9,0.2873907685,0.5354692340,-0.0719576403,1.0000000000
152,10.1180000000,right_hand,9,0.2866174281,0.5427578688,-0.0790334716,1.0000000000
153,10.1850000000,right_hand,9,0.2837510407,0.5449112058,-0.0637505502,1.0000000000
154,10.2510000000,right_hand,9,0.2883155644,0.5481694341,-0.0737642273,1.0000000000
155,10.3180000000,right_hand,9,0.2843793929,0.5338963866,-0.0618612617,1.0000000000
156,10.3850000000,right_hand,9,0.2855820060,0.5334003568,-0.0669927225,1.0000000000
157,10.4510000000,right_hand,9,0.2905277312,0.5419169664,-0.0697531030,1.0000000000
158,10.5180000000,right_hand,9,0.2897215486,0.5391931534,-0.0653235391,1.0000000000
159,10.5840000000,right_hand,9,0.2920647562,0.5336897969,-0.0638449937,1.0000000000
160,10.6510000000,right_hand,9,0.2889811695,0.5376483202,-0.0625954941,1.0000000000
161,10.7170000000,right_hand,9,0.2872632146,0.5351307988,-0.0696273819,1.0000000000
162,10.7840000000,right_hand,9,0.2888365090,0.5413694382,-0.0723387748,1.0000000000
163,10.8510000000,right_hand,9,0.2896316051,0.5428931117,-0.0815777630,1.0000000000
164,10.9170000000,right_hand,9,0.2890025675,0.5275952220,-0.0663195327,1.0000000000
165,10.9840000000,right_hand,9,0.2927792072,0.5429868102,-0.0882182196,1.0000000000
166,11.0500000000,right_hand,9,0.2944487929,0.5387408137,-0.0779349580,1.0000000000
167,11.1170000000,right_hand,9,0.2935438454,0.5336798429,-0.0715658367,1.0000000000
168,11.1830000000,right_hand,9,0.2889218628,0.5855994225,-0.0600807481,1.0000000000
169,11.2500000000,right_hand,9,0.2824580669,0.5877519846,-0.0384601913,1.0000000000
170,11.3170000000,right_hand,9,0.2734458447,0.5943722725,-0.0315299295,1.0000000000
171,11.3830000000,right_hand,9,0.2787939906,0.5809779763,-0.0371751636,1.0000000000
172,11.4500000000,right_hand,9,0.2801141441,0.5796343088,-0.0442545936,1.0000000000
173,11.5160000000,right_hand,9,0.2798767984,0.5791973472,-0.0370069705,1.0000000000
174,11.5830000000,right_hand,9,0.2802506089,0.5794528127,-0.0354733802,1.0000000000
175,11.6490000000,right_hand,9,0.2851551473,0.5838496089,-0.0369390845,1.0000000000
176,11.7160000000,right_hand,9,0.2810016870,0.5844610333,-0.0222627074,1.0000000000
177,11.7830000000,right_hand,9,0.2836868167,0.5804609656,-0.0407426134,1.0000000000
178,11.8490000000,right_hand,9,0.2862131596,0.5821233988,-0.0439534485,1.0000000000
179,11.9160000000,right_hand,9,0.2775129080,0.5687087178,-0.0474475175,1.0000000000
180,11.9820000000,right_hand,9,0.2831678689,0.5857304335,-0.0418276526,1.0000000000
76,5.0590000000,right_hand,10,0.3632995188,0.7256067395,-0.0332865529,1.0000000000
77,5.1260000000,right_hand,10,0.3577903509,0.6843625903,-0.0698259622,1.0000000000
78,5.1920000000,right_hand,10,0.3447058499,0.6870442629,-0.0524136648,1.0000000000
79,5.2590000000,right_hand,10,0.3395989239,0.6575825214,-0.0450618938,1.0000000000
80,5.3250000000,right_hand,10,0.3357903063,0.6419152617,-0.0431326032,1.0000000000
81,5.3920000000,right_hand,10,0.3223567009,0.6472340226,-0.0581483468,1.0000000000
82,5.4590000000,right_hand,10,0.3178131580,0.6451887488,-0.0740352198,1.0000000000
83,5.5250000000,right_hand,10,0.3183224797,0.6618891358,-0.0746321604,1.0000000000
84,5.5920000000,right_hand,10,0.3588866293,0.7272536755,-0.0402999707,1.0000000000
85,5.6580000000,right_hand,10,0.3282436728,0.7123582959,-0.1021608636,1.0000000000
86,5.7250000000,right_hand,10,0.3318411410,0.7403790355,-0.0950109586,1.0000000000
87,5.7910000000,right_hand,10,0.3314859569,0.7624652982,-0.0832070410,1.0000000000
88,5.8580000000,right_hand,10,0.3252283335,0.7434698939,-0.0937243104,1.0000000000
89,5.9250000000,right_hand,10,0.3226155937,0.7502185702,-0.1242102906,1.0000000000
90,5.9910000000,right_hand,10,0.3235429823,0.7451029420,-0.1117162928,1.0000000000
91,6.0580000000,right_hand,10,0.3190780878,0.7458482385,-0.1125542596,1.0000000000
92,6.1240000000,right_hand,10,0.3297981322,0.7457586527,-0.0846295208,1.0000000000
93,6.1910000000,right_hand,10,0.3375975043,0.7465564311,-0.0704028085,1.0000000000
94,6.2570000000,right_hand,10,0.3453968763,0.7473542094,-0.0561760962,1.0000000000
95,6.3240000000,right_hand,10,0.3473361135,0.7388788462,-0.0547209531,1.0000000000
96,6.3910000000,right_hand,10,0.3538877368,0.7230248153,-0.0553654153,1.0000000000
97,6.4570000000,right_hand,10,0.3604393601,0.7071707845,-0.0560098775,1.0000000000
98,6.5240000000,right_hand,10,0.3605446517,0.6815856695,-0.0430222899,1.0000000000
99,6.5900000000,right_hand,10,0.3431438208,0.6524463296,-0.0465462133,1.0000000000
100,6.6570000000,right_hand,10,0.3282826543,0.6418512464,-0.0560155027,1.0000000000
101,6.7230000000,right_hand,10,0.3285561502,0.6517096162,-0.0629748255,1.0000000000
102,6.7900000000,right_hand,10,0.3217691183,0.6534956098,-0.0972336978,1.0000000000
103,6.8560000000,right_hand,10,0.3265749216,0.6239280701,-0.1200731397,1.0000000000
104,6.9230000000,right_hand,10,0.3456203938,0.6211856604,-0.0713467896,1.0000000000
105,6.9900000000,right_hand,10,0.3389178216,0.6382359266,-0.0940035880,1.0000000000
106,7.0560000000,right_hand,10,0.3299780190,0.6453869939,-0.1157936305,1.0000000000
107,7.1230000000,right_hand,10,0.3246002197,0.6501891017,-0.1319987476,1.0000000000
108,7.1890000000,right_hand,10,0.5935807824,0.7396770716,-0.0688371062,1.0000000000
109,7.2560000000,right_hand,10,0.3212733567,0.6433352828,-0.1053667888,1.0000000000
110,7.3220000000,right_hand,10,0.3174047768,0.6427992582,-0.1093048528,1.0000000000
111,7.3890000000,right_hand,10,0.3171991110,0.6456412077,-0.1512789279,1.0000000000
112,7.4560000000,right_hand,10,0.5916466117,0.6995819211,-0.0494360365,1.0000000000
113,7.5220000000,right_hand,10,0.3105811179,0.6356322765,-0.1407328248,1.0000000000
114,7.5890000000,right_hand,10,0.3086397648,0.6409345865,-0.1382379979,1.0000000000
115,7.6550000000,right_hand,10,0.3091895282,0.6380168796,-0.1349679232,1.0000000000
116,7.7220000000,right_hand,10,0.3098890781,0.6376044750,-0.1606500596,1.0000000000
117,7.7880000000,right_hand,10,0.3087311387,0.6333112717,-0.1017487794,1.0000000000
118,7.8550000000,right_hand,10,0.3045841157,0.6436960101,-0.1291514635,1.0000000000
119,7.9220000000,right_hand,10,0.3064395189,0.6492593288,-0.1278061122,1.0000000000
120,7.9880000000,right_hand,10,0.3112405837,0.6483548880,-0.1149203256,1.0000000000
121,8.0550000000,right_hand,10,0.3176183105,0.6451548338,-0.1231274530,1.0000000000
122,8.1210000000,right_hand,10,0.3226816952,0.6313706040,-0.1289399266,1.0000000000
123,8.1880000000,right_hand,10,0.3280973434,0.6252453327,-0.0999334678,1.0000000000
124,8.2540000000,right_hand,10,0.3264489472,0.6331034303,-0.1103388518,1.0000000000
125,8.3210000000,right_hand,10,0.3251091242,0.6358114481,-0.0956125706,1.0000000000
126,8.3880000000,right_hand,10,0.3184393942,0.6448883414,-0.0954526663,1.0000000000
127,8.4540000000,right_hand,10,0.5854375362,0.7394410968,-0.0532784462,1.0000000000
128,8.5210000000,right_hand,10,0.5864665508,0.7263562679,-0.0770990774,1.0000000000
129,8.5870000000,right_hand,10,0.3218174577,0.6420667171,-0.0958733112,1.0000000000
130,8.6540000000,right_hand,10,0.3214765787,0.6433553696,-0.1162424311,1.0000000000
131,8.7200000000,right_hand,10,0.3198106587,0.6422944069,-0.1080623493,1.0000000000
132,8.7870000000,right_hand,10,0.3199850023,0.6397323608,-0.1004635021,1.0000000000
133,8.8540000000,right_hand,10,0.3246024251,0.6396895647,-0.0657711029,1.0000000000
134,8.9200000000,right_hand,10,0.3252161741,0.6413844228,-0.0825239494,1.0000000000
135,8.9870000000,right_hand,10,0.3240862787,0.6423434019,-0.0748481825,1.0000000000
136,9.0530000000,right_hand,10,0.3202190399,0.6377589107,-0.0852570161,1.0000000000
137,9.1200000000,right_hand,10,0.3260601759,0.6289305687,-0.0978996679,1.0000000000
138,9.1860000000,right_hand,10,0.3265017867,0.6227230430,-0.0924369618,1.0000000000
139,9.2530000000,right_hand,10,0.3300443292,0.6309850216,-0.1121385545,1.0000000000
140,9.3200000000,right_hand,10,0.3282476962,0.6377363205,-0.1175346747,1.0000000000
141,9.3860000000,right_hand,10,0.3249654174,0.6332596540,-0.1017006487,1.0000000000
142,9.4530000000,right_hand,10,0.3245045543,0.6362963915,-0.1157020703,1.0000000000
143,9.5190000000,right_hand,10,0.3213392794,0.6382836699,-0.1022652164,1.0000000000
144,9.5860000000,right_hand,10,0.3219508231,0.6411517262,-0.0983302370,1.0000000000
145,9.6520000000,right_hand,10,0.3227176070,0.6370750070,-0.1141481772,1.0000000000
146,9.7190000000,right_hand,10,0.3261495829,0.6376135349,-0.1005276740,1.0000000000
147,9.7850000000,right_hand,10,0.3274956942,0.6372575164,-0.1151564196,1.0000000000
148,9.8520000000,right_hand,10,0.3293563724,0.6354367733,-0.1115776375,1.0000000000
149,9.9190000000,right_hand,10,0.3274216950,0.6329703331,-0.0952685475,1.0000000000
150,9.9850000000,right_hand,10,0.3278590143,0.6368890405,-0.1018869653,1.0000000000
151,10.0520000000,right_hand,10,0.3279891908,0.6397176385,-0.1019654423,1.0000000000
152,10.1180000000,right_hand,10,0.3265879452,0.6372326612,-0.1111191884,1.0000000000
153,10.1850000000,right_hand,10,0.3287151158,0.6390413046,-0.0907897279,1.0000000000
154,10.2510000000,right_hand,10,0.3328690827,0.6399095654,-0.1059295759,1.0000000000
155,10.3180000000,right_hand,10,0.3325454295,0.6270892024,-0.0833357126,1.0000000000
156,10.3850000000,right_hand,10,0.3322598338,0.6311623454,-0.0917253196,1.0000000000
157,10.4510000000,right_hand,10,0.3346819878,0.6328155994,-0.0979444161,1.0000000000
158,10.5180000000,right_hand,10,0.3355119228,0.6363809705,-0.0944682583,1.0000000000
159,10.5840000000,right_hand,10,0.3340858221,0.6321486831,-0.0883057266,1.0000000000
160,10.6510000000,right_hand,10,0.3302205205,0.6346893311,-0.0859650075,1.0000000000
161,10.7170000000,right_hand,10,0.3291499317,0.6358591318,-0.0973022953,1.0000000000
162,10.7840000000,right_hand,10,0.3307260573,0.6374199986,-0.1006665304,1.0000000000
163,10.8510000000,right_hand,10,0.3327723145,0.6321330070,-0.1134910285,1.0000000000
164,10.9170000000,right_hand,10,0.3315679133,0.6294229627,-0.0955325142,1.0000000000
165,10.9840000000,right_hand,10,0.3365019262,0.6327945590,-0.1238718331,1.0000000000
166,11.0500000000,right_hand,10,0.3342224360,0.6307993531,-0.1136569083,1.0000000000
167,11.1170000000,right_hand,10,0.3359506726,0.6299649477,-0.1028805375,1.0000000000
168,11.1830000000,right_hand,10,0.3360354900,0.6381767392,-0.0974704921,1.0000000000
169,11.2500000000,right_hand,10,0.3350374997,0.6433262229,-0.0649889857,1.0000000000
170,11.3170000000,right_hand,10,0.3274433315,0.6331017017,-0.0598491840,1.0000000000
171,11.3830000000,right_hand,10,0.3311130702,0.6431183219,-0.0596717410,1.0000000000
172,11.4500000000,right_hand,10,0.3364066184,0.6350826025,-0.0700661615,1.0000000000
173,11.5160000000,right_hand,10,0.3357416391,0.6345133781,-0.0614026487,1.0000000000
174,11.5830000000,right_hand,10,0.3378901482,0.6318551898,-0.0597518161,1.0000000000
175,11.6490000000,right_hand,10,0.3417727351,0.6369229555,-0.0613163263,1.0000000000
176,11.7160000000,right_hand,10,0.3381741643,0.6346668005,-0.0404784195,1.0000000000
177,11.7830000000,right_hand,10,0.3370714188,0.6356859803,-0.0672048926,1.0000000000
178,11.8490000000,right_hand,10,0.3440465629,0.6334085464,-0.0710404292,1.0000000000
179,11.9160000000,right_hand,10,0.3344771862,0.6321449280,-0.0773890167,1.0000000000
180,11.9820000000,right_hand,10,0.3392484784,0.6343064308,-0.0702346861,1.0000000000
76,5.0590000000,right_hand,11,0.3817730844,0.6991529465,-0.0336767137,1.0000000000
77,5.1260000000,right_hand,11,0.3822891116,0.6675424576,-0.0676034242,1.0000000000
78,5.1920000000,right_hand,11,0.3714123964,0.6787787676,-0.0554794744,1.0000000000
79,5.2590000000,right_hand,11,0.3679529727,0.6464428306,-0.0488452390,1.0000000000
80,5.3250000000,right_hand,11,0.3646021187,0.6331462860,-0.0468692221,1.0000000000
81,5.3920000000,right_hand,11,0.3543373048,0.6390614510,-0.0643557012,1.0000000000
82,5.4590000000,right_hand,11,0.3529181480,0.6348438859,-0.0788894892,1.0000000000
83,5.5250000000,right_hand,11,0.3505323529,0.6435016394,-0.0811849385,1.0000000000
84,5.5920000000,right_hand,11,0.3833642006,0.7024347782,-0.0417178534,1.0000000000
85,5.6580000000,right_hand,11,0.3676329255,0.6907750964,-0.1111866832,1.0000000000
86,5.7250000000,right_hand,11,0.3676382601,0.7085030079,-0.1058031693,1.0000000000
87,5.7910000000,right_hand,11,0.3673575521,0.7310734391,-0.0887064189,1.0000000000
88,5.8580000000,right_hand,11,0.3598777950,0.7142869830,-0.1016183272,1.0000000000
89,5.9250000000,right_hand,11,0.3606542051,0.7200320363,-0.1335244179,1.0000000000
90,5.9910000000,right_hand,11,0.3603202999,0.7162386775,-0.1210171655,1.0000000000
91,6.0580000000,right_hand,11,0.3554269373,0.7193124890,-0.1197312251,1.0000000000
92,6.1240000000,right_hand,11,0.3657172918,0.7210926414,-0.0960389003,1.0000000000
93,6.1910000000,right_hand,11,0.3656552136,0.7240358591,-0.0770790391,1.0000000000
94,6.2570000000,right_hand,11,0.3655931354,0.7269790769,-0.0581191778,1.0000000000
95,6.3240000000,right_hand,11,0.3687624633,0.7180244327,-0.0547152460,1.0000000000
96,6.3910000000,right_hand,11,0.3771732152,0.7105494440,-0.0537841786,1.0000000000
97,6.4570000000,right_hand,11,0.3855839670,0.7030744553,-0.0528531112,1.0000000000
98,6.5240000000,right_hand,11,0.3839405775,0.6962046027,-0.0408771187,1.0000000000
99,6.5900000000,right_hand,11,0.3685489893,0.6737982035,-0.0494449101,1.0000000000
100,6.6570000000,right_hand,11,0.3521688879,0.6735305786,-0.0643318817,1.0000000000
101,6.7230000000,right_hand,11,0.3488109112,0.6972863078,-0.0695712417,1.0000000000
102,6.7900000000,right_hand,11,0.3398539722,0.7060440183,-0.1135814339,1.0000000000
103,6.8560000000,right_hand,11,0.3475927114,0.6665182710,-0.1310070008,1.0000000000
104,6.9230000000,right_hand,11,0.3676289916,0.6788353920,-0.0786344633,1.0000000000
105,6.9900000000,right_hand,11,0.3603560328,0.7013763785,-0.1031161547,1.0000000000
106,7.0560000000,right_hand,11,0.3561718762,0.7135407329,-0.1270690113,1.0000000000
107,7.1230000000,right_hand,11,0.3518041074,0.7206256390,-0.1435149163,1.0000000000
108,7.1890000000,right_hand,11,0.5690635443,0.7921794653,-0.0823853016,1.0000000000
109,7.2560000000,right_hand,11,0.3460538685,0.7140080333,-0.1166193485,1.0000000000
110,7.3220000000,right_hand,11,0.3437104821,0.7136864662,-0.1228315681,1.0000000000
111,7.3890000000,right_hand,11,0.3462199569,0.7148224115,-0.1648875475,1.0000000000
112,7.4560000000,right_hand,11,0.5599266887,0.7307583690,-0.0591268875,1.0000000000
113,7.5220000000,right_hand,11,0.3356138468,0.7058476210,-0.1566370577,1.0000000000
114,7.5890000000,right_hand,11,0.3366738558,0.7107744217,-0.1501514912,1.0000000000
115,7.6550000000,right_hand,11,0.3368676901,0.7082842588,-0.1456231028,1.0000000000
116,7.7220000000,right_hand,11,0.3364235163,0.7090681195,-0.1728285849,1.0000000000
117,7.7880000000,right_hand,11,0.3324075043,0.6990606189,-0.1162284613,1.0000000000
118,7.8550000000,right_hand,11,0.3270461559,0.7054718733,-0.1431936175,1.0000000000
119,7.9220000000,right_hand,11,0.3278214335,0.7095829844,-0.1428735703,1.0000000000
120,7.9880000000,right_hand,11,0.3333974481,0.7060040236,-0.1296519190,1.0000000000
121,8.0550000000,right_hand,11,0.3434279561,0.7043117881,-0.1391223520,1.0000000000
122,8.1210000000,right_hand,11,0.3515866697,0.6909238100,-0.1432318836,1.0000000000
123,8.1880000000,right_hand,11,0.3587116897,0.6824131012,-0.1124414057,1.0000000000
124,8.2540000000,right_hand,11,0.3566530347,0.6931498051,-0.1242731363,1.0000000000
125,8.3210000000,right_hand,11,0.3527389169,0.6990949512,-0.1076642871,1.0000000000
126,8.3880000000,right_hand,11,0.3457576334,0.7053235769,-0.1089233086,1.0000000000
127,8.4540000000,right_hand,11,0.5591192842,0.7847777009,-0.0618085042,1.0000000000
128,8.5210000000,right_hand,11,0.5596216917,0.7698740959,-0.0857422501,1.0000000000
129,8.5870000000,right_hand,11,0.3477965593,0.7034281492,-0.1089672446,1.0000000000
130,8.6540000000,right_hand,11,0.3487845659,0.7027205229,-0.1314863116,1.0000000000
131,8.7200000000,right_hand,11,0.3484918177,0.7029513717,-0.1232272685,1.0000000000
132,8.7870000000,right_hand,11,0.3486626446,0.7029179335,-0.1149865091,1.0000000000
133,8.8540000000,right_hand,11,0.3518597484,0.7013878822,-0.0734061450,1.0000000000
134,8.9200000000,right_hand,11,0.3527609706,0.7020117044,-0.0947561264,1.0000000000
135,8.9870000000,right_hand,11,0.3507798612,0.7018442750,-0.0830959454,1.0000000000
136,9.0530000000,right_hand,11,0.3486960530,0.6969966292,-0.0946523175,1.0000000000
137,9.1200000000,right_hand,11,0.3547527790,0.6840210557,-0.1044770777,1.0000000000
138,9.1860000000,right_hand,11,0.3566150069,0.6772991419,-0.1054783463,1.0000000000
139,9.2530000000,right_hand,11,0.3573992848,0.6926807165,-0.1271040887,1.0000000000
140,9.3200000000,right_hand,11,0.3535286784,0.6982215047,-0.1349926144,1.0000000000
141,9.3860000000,right_hand,11,0.3513452709,0.6910643578,-0.1168168485,1.0000000000
142,9.4530000000,right_hand,11,0.3502444327,0.6958629489,-0.1280453503,1.0000000000
143,9.5190000000,right_hand,11,0.3472983539,0.7000897527,-0.1157878190,1.0000000000
144,9.5860000000,right_hand,11,0.3480713665,0.7049433589,-0.1122628823,1.0000000000
145,9.6520000000,right_hand,11,0.3496840298,0.6956898570,-0.1305523217,1.0000000000
146,9.7190000000,right_hand,11,0.3520450294,0.6978589296,-0.1147646978,1.0000000000
147,9.7850000000,right_hand,11,0.3543415964,0.6968866587,-0.1308626533,1.0000000000
148,9.8520000000,right_hand,11,0.3550781906,0.6954157352,-0.1264428645,1.0000000000
149,9.9190000000,right_hand,11,0.3531587124,0.6943480372,-0.1116925552,1.0000000000
150,9.9850000000,right_hand,11,0.3536440134,0.6961091757,-0.1153615266,1.0000000000
151,10.0520000000,right_hand,11,0.3534964025,0.6993971467,-0.1165450960,1.0000000000
152,10.1180000000,right_hand,11,0.3538525701,0.6951063871,-0.1244164929,1.0000000000
153,10.1850000000,right_hand,11,0.3568606675,0.6953712106,-0.1029512212,1.0000000000
154,10.2510000000,right_hand,11,0.3604933023,0.6956340671,-0.1172796413,1.0000000000
155,10.3180000000,right_hand,11,0.3610183597,0.6839422584,-0.0904488042,1.0000000000
156,10.3850000000,right_hand,11,0.3615093529,0.6882698536,-0.1013235524,1.0000000000
157,10.4510000000,right_hand,11,0.3653782308,0.6872314811,-0.1082049608,1.0000000000
158,10.5180000000,right_hand,11,0.3647087514,0.6948246360,-0.1065826416,1.0000000000
159,10.5840000000,right_hand,11,0.3615195751,0.6906635761,-0.0961999521,1.0000000000
160,10.6510000000,right_hand,11,0.3579008281,0.6923962831,-0.0957349911,1.0000000000
161,10.7170000000,right_hand,11,0.3570549488,0.6948751211,-0.1090683341,1.0000000000
162,10.7840000000,right_hand,11,0.3589020967,0.6959624290,-0.1124829501,1.0000000000
163,10.8510000000,right_hand,11,0.3614393473,0.6903281808,-0.1256238073,1.0000000000
164,10.9170000000,right_hand,11,0.3608691692,0.6907355189,-0.1104424670,1.0000000000
165,10.9840000000,right_hand,11,0.3654039800,0.6903032064,-0.1357840002,1.0000000000
166,11.0500000000,right_hand,11,0.3626766801,0.6893669367,-0.1302774847,1.0000000000
167,11.1170000000,right_hand,11,0.3643447459,0.6903844476,-0.1176569238,1.0000000000
168,11.1830000000,right_hand,11,0.3639596999,0.6882779598,-0.1154101789,1.0000000000
169,11.2500000000,right_hand,11,0.3640871048,0.6938896179,-0.0797685459,1.0000000000
170,11.3170000000,right_hand,11,0.3573545516,0.6835533977,-0.0754740685,1.0000000000
171,11.3830000000,right_hand,11,0.3595044613,0.6930820942,-0.0707660392,1.0000000000
172,11.4500000000,right_hand,11,0.3636062145,0.6894218326,-0.0844447464,1.0000000000
173,11.5160000000,right_hand,11,0.3650220931,0.6862429380,-0.0756519213,1.0000000000
174,11.5830000000,right_hand,11,0.3672859967,0.6821669340,-0.0762011260,1.0000000000
175,11.6490000000,right_hand,11,0.3714015186,0.6851617694,-0.0794797912,1.0000000000
176,11.7160000000,right_hand,11,0.3676474094,0.6845444441,-0.0566538610,1.0000000000
177,11.7830000000,right_hand,11,0.3664507866,0.6874248981,-0.0878831595,1.0000000000
178,11.8490000000,right_hand,11,0.3721720278,0.6880198121,-0.0873884633,1.0000000000
179,11.9160000000,right_hand,11,0.3646488786,0.6875740886,-0.0952626392,1.0000000000
180,11.9820000000,right_hand,11,0.3679813147,0.6859880090,-0.0913651064,1.0000000000
76,5.0590000000,right_hand,12,0.3858266771,0.6746181250,-0.0323685966,1.0000000000
77,5.1260000000,right_hand,12,0.3924337626,0.6482501626,-0.0642604083,1.0000000000
78,5.1920000000,right_hand,12,0.3883394301,0.6670261621,-0.0566223525,1.0000000000
79,5.2590000000,right_hand,12,0.3872120678,0.6374385953,-0.0506433137,1.0000000000
80,5.3250000000,right_hand,12,0.3861232102,0.6248626113,-0.0485878624,1.0000000000
81,5.3920000000,right_hand,12,0.3780921996,0.6310917735,-0.0678191707,1.0000000000
82,5.4590000000,right_hand,12,0.3782878518,0.6257877946,-0.0809940323,1.0000000000
83,5.5250000000,right_hand,12,0.3733016849,0.6287581921,-0.0844781846,1.0000000000
84,5.5920000000,right_hand,12,0.3993679285,0.6799530387,-0.0429008938,1.0000000000
85,5.6580000000,right_hand,12,0.3946307302,0.6729590893,-0.1185234264,1.0000000000
86,5.7250000000,right_hand,12,0.3899126053,0.6750645638,-0.1140522212,1.0000000000
87,5.7910000000,right_hand,12,0.3935315609,0.7031829357,-0.0948420241,1.0000000000
88,5.8580000000,right_hand,12,0.3851736784,0.6844993234,-0.1092428416,1.0000000000
89,5.9250000000,right_hand,12,0.3881290257,0.6908299923,-0.1428169161,1.0000000000
90,5.9910000000,right_hand,12,0.3875771463,0.6929821968,-0.1293621361,1.0000000000
91,6.0580000000,right_hand,12,0.3794332147,0.7018913031,-0.1265191585,1.0000000000
92,6.1240000000,right_hand,12,0.3850799799,0.6966967583,-0.1048515812,1.0000000000
93,6.1910000000,right_hand,12,0.3798978925,0.7032897472,-0.0816195160,1.0000000000
94,6.2570000000,right_hand,12,0.3747158051,0.7098827362,-0.0583874509,1.0000000000
95,6.3240000000,right_hand,12,0.3787442744,0.6993474364,-0.0539154410,1.0000000000
96,6.3910000000,right_hand,12,0.3894334882,0.6993860900,-0.0523201264,1.0000000000
97,6.4570000000,right_hand,12,0.4001227021,0.6994247437,-0.0507248119,1.0000000000
98,6.5240000000,right_hand,12,0.3973177075,0.7085260749,-0.0366792195,1.0000000000
99,6.5900000000,right_hand,12,0.3852428496,0.6909661889,-0.0507638268,1.0000000000
100,6.6570000000,right_hand,12,0.3707493246,0.6991370320,-0.0700662211,1.0000000000
101,6.7230000000,right_hand,12,0.3635104299,0.7308902740,-0.0744957551,1.0000000000
102,6.7900000000,right_hand,12,0.3557101786,0.7485204935,-0.1245794147,1.0000000000
103,6.8560000000,right_hand,12,0.3629381657,0.6970618963,-0.1390904039,1.0000000000
104,6.9230000000,right_hand,12,0.3836514354,0.7198668718,-0.0825001374,1.0000000000
105,6.9900000000,right_hand,12,0.3756323457,0.7439433336,-0.1077712923,1.0000000000
106,7.0560000000,right_hand,12,0.3740288317,0.7613608837,-0.1327179670,1.0000000000
107,7.1230000000,right_hand,12,0.3712139130,0.7671164274,-0.1493689120,1.0000000000
108,7.1890000000,right_hand,12,0.5487250090,0.8310142159,-0.0917888954,1.0000000000
109,7.2560000000,right_hand,12,0.3664727211,0.7633433342,-0.1226520240,1.0000000000
110,7.3220000000,right_hand,12,0.3636755645,0.7620229721,-0.1312460154,1.0000000000
111,7.3890000000,right_hand,12,0.3665876985,0.7636696696,-0.1730212420,1.0000000000
112,7.4560000000,right_hand,12,0.5340103507,0.7501736879,-0.0656834096,1.0000000000
113,7.5220000000,right_hand,12,0.3564012051,0.7560032010,-0.1674659401,1.0000000000
114,7.5890000000,right_hand,12,0.3555669785,0.7599545717,-0.1567155272,1.0000000000
115,7.6550000000,right_hand,12,0.3546643257,0.7571445107,-0.1511026025,1.0000000000
116,7.7220000000,right_hand,12,0.3534287214,0.7572795749,-0.1786484420,1.0000000000
117,7.7880000000,right_hand,12,0.3499852419,0.7493537664,-0.1262369156,1.0000000000
118,7.8550000000,right_hand,12,0.3413440585,0.7498332858,-0.1522821635,1.0000000000
119,7.9220000000,right_hand,12,0.3432580829,0.7552831173,-0.1513703912,1.0000000000
120,7.9880000000,right_hand,12,0.3523724973,0.7502011657,-0.1377828419,1.0000000000
121,8.0550000000,right_hand,12,0.3628174067,0.7490884066,-0.1471502334,1.0000000000
122,8.1210000000,right_hand,12,0.3716671169,0.7344813347,-0.1510370821,1.0000000000
123,8.1880000000,right_hand,12,0.3799881041,0.7259865403,-0.1207688451,1.0000000000
124,8.2540000000,right_hand,12,0.3806025684,0.7387278080,-0.1345521510,1.0000000000
125,8.3210000000,right_hand,12,0.3735013902,0.7432922125,-0.1153114811,1.0000000000
126,8.3880000000,right_hand,12,0.3658195436,0.7481465340,-0.1183044985,1.0000000000
127,8.4540000000,right_hand,12,0.5398517847,0.8164621592,-0.0676791966,1.0000000000
128,8.5210000000,right_hand,12,0.5400061011,0.7998487353,-0.0916778147,1.0000000000
129,8.5870000000,right_hand,12,0.3678928614,0.7478362918,-0.1195427179,1.0000000000
130,8.6540000000,right_hand,12,0.3677682281,0.7482039332,-0.1423046887,1.0000000000
131,8.7200000000,right_hand,12,0.3686751723,0.7494956255,-0.1339414716,1.0000000000
132,8.7870000000,right_hand,12,0.3687649667,0.7505084276,-0.1254308373,1.0000000000
133,8.8540000000,right_hand,12,0.3714496791,0.7465438843,-0.0788527802,1.0000000000
134,8.9200000000,right_hand,12,0.3728671372,0.7459022999,-0.1033925116,1.0000000000
135,8.9870000000,right_hand,12,0.3705089092,0.7461043596,-0.0891477913,1.0000000000
136,9.0530000000,right_hand,12,0.3684364557,0.7401801348,-0.1018302292,1.0000000000
137,9.1200000000,right_hand,12,0.3728218973,0.7252075672,-0.1086032540,1.0000000000
138,9.1860000000,right_hand,12,0.3775305450,0.7170732021,-0.1147789881,1.0000000000
139,9.2530000000,right_hand,12,0.3772828877,0.7346817255,-0.1373367608,1.0000000000
140,9.3200000000,right_hand,12,0.3741379678,0.7420993447,-0.1478330195,1.0000000000
141,9.3860000000,right_hand,12,0.3699997663,0.7328268290,-0.1265796572,1.0000000000
142,9.4530000000,right_hand,12,0.3687818348,0.7380840778,-0.1363866180,1.0000000000
143,9.5190000000,right_hand,12,0.3669466376,0.7478017807,-0.1252176166,1.0000000000
144,9.5860000000,right_hand,12,0.3669877350,0.7493072748,-0.1209908724,1.0000000000
145,9.6520000000,right_hand,12,0.3693388104,0.7388410568,-0.1421713978,1.0000000000
146,9.7190000000,right_hand,12,0.3711262643,0.7414658666,-0.1249078363,1.0000000000
147,9.7850000000,right_hand,12,0.3734661341,0.7407023907,-0.1416571438,1.0000000000
148,9.8520000000,right_hand,12,0.3728542924,0.7396400571,-0.1366787702,1.0000000000
149,9.9190000000,right_hand,12,0.3729590178,0.7392153144,-0.1233223081,1.0000000000
150,9.9850000000,right_hand,12,0.3729872108,0.7390146852,-0.1245382354,1.0000000000
151,10.0520000000,right_hand,12,0.3729402423,0.7414915562,-0.1266242713,1.0000000000
152,10.1180000000,right_hand,12,0.3740878403,0.7363281250,-0.1342216581,1.0000000000
153,10.1850000000,right_hand,12,0.3771877289,0.7357838154,-0.1113678068,1.0000000000
154,10.2510000000,right_hand,12,0.3797295690,0.7352427244,-0.1239427552,1.0000000000
155,10.3180000000,right_hand,12,0.3804276884,0.7241249681,-0.0955171809,1.0000000000
156,10.3850000000,right_hand,12,0.3832311332,0.7277991176,-0.1077746898,1.0000000000
157,10.4510000000,right_hand,12,0.3869250715,0.7240487933,-0.1146166399,1.0000000000
158,10.5180000000,right_hand,12,0.3875455558,0.7349526882,-0.1136798710,1.0000000000
159,10.5840000000,right_hand,12,0.3815262318,0.7307422161,-0.1003569588,1.0000000000
160,10.6510000000,right_hand,12,0.3783346713,0.7311506271,-0.1023862585,1.0000000000
161,10.7170000000,right_hand,12,0.3780953884,0.7359382510,-0.1168884039,1.0000000000
162,10.7840000000,right_hand,12,0.3786414266,0.7362690568,-0.1207831725,1.0000000000
163,10.8510000000,right_hand,12,0.3821150064,0.7329729795,-0.1352411658,1.0000000000
164,10.9170000000,right_hand,12,0.3841636479,0.7337616086,-0.1205231696,1.0000000000
165,10.9840000000,right_hand,12,0.3855556846,0.7319676876,-0.1443402320,1.0000000000
166,11.0500000000,right_hand,12,0.3837772310,0.7323004007,-0.1420246810,1.0000000000
167,11.1170000000,right_hand,12,0.3846188188,0.7332072258,-0.1282503009,1.0000000000
168,11.1830000000,right_hand,12,0.3830621541,0.7325195074,-0.1264491379,1.0000000000
169,11.2500000000,right_hand,12,0.3842637539,0.7375906110,-0.0903487504,1.0000000000
170,11.3170000000,right_hand,12,0.3773199916,0.7297655940,-0.0855039731,1.0000000000
171,11.3830000000,right_hand,12,0.3802590072,0.7385389209,-0.0785840899,1.0000000000
172,11.4500000000,right_hand,12,0.3838171661,0.7385010719,-0.0950441509,1.0000000000
173,11.5160000000,right_hand,12,0.3862153888,0.7336799502,-0.0859679058,1.0000000000
174,11.5830000000,right_hand,12,0.3894652128,0.7305809259,-0.0882874206,1.0000000000
175,11.6490000000,right_hand,12,0.3933743536,0.7318993807,-0.0931075737,1.0000000000
176,11.7160000000,right_hand,12,0.3880023956,0.7311480045,-0.0693785772,1.0000000000
177,11.7830000000,right_hand,12,0.3884305060,0.7359385490,-0.1029978096,1.0000000000
178,11.8490000000,right_hand,12,0.3908110857,0.7395866513,-0.0992189124,1.0000000000
179,11.9160000000,right_hand,12,0.3865745068,0.7381067872,-0.1075256020,1.0000000000
180,11.9820000000,right_hand,12,0.3881688714,0.7367671132,-0.1068001017,1.0000000000
76,5.0590000000,right_hand,13,0.3213068843,0.7206983566,-0.0183732901,1.0000000000
77,5.1260000000,right_hand,13,0.3104450107,0.7070713639,-0.0459556319,1.0000000000
78,5.1920000000,right_hand,13,0.3013088703,0.7070806623,-0.0335199609,1.0000000000
79,5.2590000000,right_hand,13,0.2966956198,0.6880840063,-0.0321988538,1.0000000000
80,5.3250000000,right_hand,13,0.2915779352,0.6801986694,-0.0314292274,1.0000000000
81,5.3920000000,right_hand,13,0.2752724588,0.6813921928,-0.0422699414,1.0000000000
82,5.4590000000,right_hand,13,0.2638129592,0.6948432922,-0.0523768291,1.0000000000
83,5.5250000000,right_hand,13,0.2663988173,0.7114906907,-0.0534448586,1.0000000000
84,5.5920000000,right_hand,13,0.3138681352,0.7844256163,-0.0304920468,1.0000000000
85,5.6580000000,right_hand,13,0.2881983519,0.7743142247,-0.0695857927,1.0000000000
86,5.7250000000,right_hand,13,0.2932529449,0.7810963392,-0.0678804517,1.0000000000
87,5.7910000000,right_hand,13,0.2906333506,0.8094626665,-0.0632292703,1.0000000000
88,5.8580000000,right_hand,13,0.2948548198,0.8121075630,-0.0657120943,1.0000000000
89,5.9250000000,right_hand,13,0.2957853675,0.8044128418,-0.0838025659,1.0000000000
90,5.9910000000,right_hand,13,0.2987244725,0.7989501357,-0.0753880367,1.0000000000
91,6.0580000000,right_hand,13,0.2950431406,0.7963802814,-0.0768398941,1.0000000000
92,6.1240000000,right_hand,13,0.2959585786,0.7826654911,-0.0625240132,1.0000000000
93,6.1910000000,right_hand,13,0.3037531376,0.7842677832,-0.0519321878,1.0000000000
94,6.2570000000,right_hand,13,0.3115476966,0.7858700752,-0.0413403623,1.0000000000
95,6.3240000000,right_hand,13,0.3058539927,0.7728372216,-0.0384621359,1.0000000000
96,6.3910000000,right_hand,13,0.3041543514,0.7523239553,-0.0387261380,1.0000000000
97,6.4570000000,right_hand,13,0.3024547100,0.7318106890,-0.0389901400,1.0000000000
98,6.5240000000,right_hand,13,0.2995154262,0.6928256154,-0.0336082689,1.0000000000
99,6.5900000000,right_hand,13,0.2975624204,0.5899325609,-0.0330281369,1.0000000000
100,6.6570000000,right_hand,13,0.2805321813,0.6203386188,-0.0433069021,1.0000000000
101,6.7230000000,right_hand,13,0.2801076174,0.6012296677,-0.0513345301,1.0000000000
102,6.7900000000,right_hand,13,0.2769615352,0.5805935264,-0.0733784363,1.0000000000
103,6.8560000000,right_hand,13,0.2699273527,0.5613834858,-0.0967760384,1.0000000000
104,6.9230000000,right_hand,13,0.2868884504,0.5532018542,-0.0548964962,1.0000000000
105,6.9900000000,right_hand,13,0.3214917481,0.5068002343,-0.0604696237,1.0000000000
106,7.0560000000,right_hand,13,0.3150390387,0.5138018727,-0.0756800100,1.0000000000
107,7.1230000000,right_hand,13,0.2855922878,0.5369138718,-0.1006727517,1.0000000000
108,7.1890000000,right_hand,13,0.6543481946,0.6959234476,-0.0496908575,1.0000000000
109,7.2560000000,right_hand,13,0.2549984455,0.5518726110,-0.0788826868,1.0000000000
110,7.3220000000,right_hand,13,0.2564781904,0.5534833074,-0.0814374387,1.0000000000
111,7.3890000000,right_hand,13,0.2988343537,0.5195915103,-0.0997904763,1.0000000000
112,7.4560000000,right_hand,13,0.6520585418,0.6831599474,-0.0353622660,1.0000000000
113,7.5220000000,right_hand,13,0.2490925491,0.5517940521,-0.1025689021,1.0000000000
114,7.5890000000,right_hand,13,0.2928273976,0.5118401647,-0.0913036466,1.0000000000
115,7.6550000000,right_hand,13,0.2922469676,0.5004446507,-0.0923779234,1.0000000000
116,7.7220000000,right_hand,13,0.2938384116,0.5082990527,-0.1050455570,1.0000000000
117,7.7880000000,right_hand,13,0.2824799120,0.5067937970,-0.0755830333,1.0000000000
118,7.8550000000,right_hand,13,0.2449131757,0.5771959424,-0.0935613662,1.0000000000
119,7.9220000000,right_hand,13,0.2487050295,0.5861186385,-0.0933455974,1.0000000000
120,7.9880000000,right_hand,13,0.2499800026,0.5815807581,-0.0834069923,1.0000000000
121,8.0550000000,right_hand,13,0.2525264621,0.5864049196,-0.0874467418,1.0000000000
122,8.1210000000,right_hand,13,0.2522566915,0.5736641884,-0.0970117897,1.0000000000
123,8.1880000000,right_hand,13,0.2571271956,0.5736652017,-0.0796995759,1.0000000000
124,8.2540000000,right_hand,13,0.2830741107,0.5102789402,-0.0832121596,1.0000000000
125,8.3210000000,right_hand,13,0.2552742660,0.5562995076,-0.0743128583,1.0000000000
126,8.3880000000,right_hand,13,0.2502567768,0.5740733743,-0.0741504729,1.0000000000
127,8.4540000000,right_hand,13,0.6135675907,0.6490082145,-0.0407494418,1.0000000000
128,8.5210000000,right_hand,13,0.6199910641,0.6258546114,-0.0586473085,1.0000000000
129,8.5870000000,right_hand,13,0.2527805865,0.5689038038,-0.0788044408,1.0000000000
130,8.6540000000,right_hand,13,0.2519756854,0.5782045126,-0.0894149318,1.0000000000
131,8.7200000000,right_hand,13,0.2503205538,0.5760151744,-0.0811790973,1.0000000000
132,8.7870000000,right_hand,13,0.2487425059,0.5665728450,-0.0788741186,1.0000000000
133,8.8540000000,right_hand,13,0.2532078624,0.5560683608,-0.0554192290,1.0000000000
134,8.9200000000,right_hand,13,0.2530280650,0.5644402504,-0.0690966696,1.0000000000
135,8.9870000000,right_hand,13,0.2541583478,0.5616069436,-0.0619728714,1.0000000000
136,9.0530000000,right_hand,13,0.2493761331,0.5705441236,-0.0681952909,1.0000000000
137,9.1200000000,right_hand,13,0.2592211962,0.5847535729,-0.0811164156,1.0000000000
138,9.1860000000,right_hand,13,0.2563850880,0.5676692128,-0.0729227215,1.0000000000
139,9.2530000000,right_hand,13,0.2604143918,0.5569342375,-0.0840276629,1.0000000000
140,9.3200000000,right_hand,13,0.2809314132,0.5335105658,-0.0856262296,1.0000000000
141,9.3860000000,right_hand,13,0.2604750395,0.5791649222,-0.0784993693,1.0000000000
142,9.4530000000,right_hand,13,0.2592501044,0.5762005448,-0.0894843563,1.0000000000
143,9.5190000000,right_hand,13,0.2660778165,0.5482754707,-0.0760616213,1.0000000000
144,9.5860000000,right_hand,13,0.2576222122,0.5597026944,-0.0762773156,1.0000000000
145,9.6520000000,right_hand,13,0.2586461604,0.5727187395,-0.0855064243,1.0000000000
146,9.7190000000,right_hand,13,0.2592772543,0.5669411421,-0.0796183422,1.0000000000
147,9.7850000000,right_hand,13,0.2596544027,0.5752439499,-0.0899792090,1.0000000000
148,9.8520000000,right_hand,13,0.2621437311,0.5745280385,-0.0883197039,1.0000000000
149,9.9190000000,right_hand,13,0.2601477206,0.5612426400,-0.0756554827,1.0000000000
150,9.9850000000,right_hand,13,0.2609474659,0.5644529462,-0.0767930299,1.0000000000
151,10.0520000000,right_hand,13,0.2617934942,0.5637893081,-0.0793520883,1.0000000000
152,10.1180000000,right_hand,13,0.2621230781,0.5749545097,-0.0871072486,1.0000000000
153,10.1850000000,right_hand,13,0.2593244314,0.5765649676,-0.0752549395,1.0000000000
154,10.2510000000,right_hand,13,0.2642772496,0.5796902776,-0.0837169215,1.0000000000
155,10.3180000000,right_hand,13,0.2615419030,0.5690096021,-0.0680911168,1.0000000000
156,10.3850000000,right_hand,13,0.2615849674,0.5650345087,-0.0733042136,1.0000000000
157,10.4510000000,right_hand,13,0.2664761543,0.5710949302,-0.0767475516,1.0000000000
158,10.5180000000,right_hand,13,0.2643574178,0.5630571842,-0.0738779828,1.0000000000
159,10.5840000000,right_hand,13,0.2652089596,0.5595384240,-0.0721234307,1.0000000000
160,10.6510000000,right_hand,13,0.2637182474,0.5668777227,-0.0675302893,1.0000000000
161,10.7170000000,right_hand,13,0.2617847025,0.5628575087,-0.0756982714,1.0000000000
162,10.7840000000,right_hand,13,0.2634378374,0.5716967583,-0.0791710764,1.0000000000
163,10.8510000000,right_hand,13,0.2653517723,0.5756573081,-0.0927837268,1.0000000000
164,10.9170000000,right_hand,13,0.2621158361,0.5562049747,-0.0747841075,1.0000000000
165,10.9840000000,right_hand,13,0.2677844465,0.5744327903,-0.0994113460,1.0000000000
166,11.0500000000,right_hand,13,0.2684417367,0.5709562898,-0.0896149427,1.0000000000
167,11.1170000000,right_hand,13,0.2672101259,0.5642707944,-0.0841846317,1.0000000000
168,11.1830000000,right_hand,13,0.2656328082,0.5958806276,-0.0781183764,1.0000000000
169,11.2500000000,right_hand,13,0.2644353509,0.5898594856,-0.0635002181,1.0000000000
170,11.3170000000,right_hand,13,0.2573319376,0.6019249558,-0.0598580353,1.0000000000
171,11.3830000000,right_hand,13,0.2611667514,0.5882478356,-0.0576166697,1.0000000000
172,11.4500000000,right_hand,13,0.2629218102,0.5846256018,-0.0633524656,1.0000000000
173,11.5160000000,right_hand,13,0.2626868784,0.5842143297,-0.0566654950,1.0000000000
174,11.5830000000,right_hand,13,0.2634702921,0.5848518610,-0.0553520359,1.0000000000
175,11.6490000000,right_hand,13,0.2673452199,0.5900702477,-0.0508797839,1.0000000000
176,11.7160000000,right_hand,13,0.2655745745,0.5975680351,-0.0482091196,1.0000000000
177,11.7830000000,right_hand,13,0.2672334015,0.5913719535,-0.0449166894,1.0000000000
178,11.8490000000,right_hand,13,0.2655380368,0.5874925852,-0.0644903108,1.0000000000
179,11.9160000000,right_hand,13,0.2612728179,0.5785121322,-0.0561017916,1.0000000000
180,11.9820000000,right_hand,13,0.2654535770,0.5931435227,-0.0552158207,1.0000000000
76,5.0590000000,right_hand,14,0.3629485369,0.7300128341,-0.0263644531,1.0000000000
77,5.1260000000,right_hand,14,0.3560861051,0.7190716267,-0.0620366037,1.0000000000
78,5.1920000000,right_hand,14,0.3399278522,0.7231280208,-0.0456908569,1.0000000000
79,5.2590000000,right_hand,14,0.3369404674,0.6938265562,-0.0449627079,1.0000000000
80,5.3250000000,right_hand,14,0.3324989676,0.6802686453,-0.0428806394,1.0000000000
81,5.3920000000,right_hand,14,0.3212041855,0.6851191521,-0.0562072545,1.0000000000
82,5.4590000000,right_hand,14,0.3158871233,0.6876661181,-0.0677364841,1.0000000000
83,5.5250000000,right_hand,14,0.3161192834,0.7048864365,-0.0710389167,1.0000000000
84,5.5920000000,right_hand,14,0.3570697010,0.7683971524,-0.0392276980,1.0000000000
85,5.6580000000,right_hand,14,0.3354563117,0.7609168291,-0.0925047696,1.0000000000
86,5.7250000000,right_hand,14,0.3368900418,0.7606160641,-0.0950138345,1.0000000000
87,5.7910000000,right_hand,14,0.3387489915,0.8016065955,-0.0805837139,1.0000000000
88,5.8580000000,right_hand,14,0.3367161453,0.7875732183,-0.0844311044,1.0000000000
89,5.9250000000,right_hand,14,0.3349497616,0.7952129841,-0.1114600301,1.0000000000
90,5.9910000000,right_hand,14,0.3347628415,0.7918948531,-0.1017337963,1.0000000000
91,6.0580000000,right_hand,14,0.3320976794,0.7944470644,-0.1026845872,1.0000000000
92,6.1240000000,right_hand,14,0.3354080319,0.7716987133,-0.0887849927,1.0000000000
93,6.1910000000,right_hand,14,0.3432023674,0.7758287191,-0.0716173239,1.0000000000
94,6.2570000000,right_hand,14,0.3509967029,0.7799587250,-0.0544496551,1.0000000000
95,6.3240000000,right_hand,14,0.3491274416,0.7724311352,-0.0493499264,1.0000000000
96,6.3910000000,right_hand,14,0.3534909487,0.7542250752,-0.0484936461,1.0000000000
97,6.4570000000,right_hand,14,0.3578544557,0.7360190153,-0.0476373658,1.0000000000
98,6.5240000000,right_hand,14,0.3546909988,0.7136606574,-0.0427302793,1.0000000000
99,6.5900000000,right_hand,14,0.3409780562,0.6164615750,-0.0441627912,1.0000000000
100,6.6570000000,right_hand,14,0.3143449128,0.6634547710,-0.0592029653,1.0000000000
101,6.7230000000,right_hand,14,0.3113747239,0.6627097130,-0.0676279441,1.0000000000
102,6.7900000000,right_hand,14,0.2945496440,0.6517095566,-0.1016770378,1.0000000000
103,6.8560000000,right_hand,14,0.2963625789,0.6381922364,-0.1260814220,1.0000000000
104,6.9230000000,right_hand,14,0.3193809688,0.6384435296,-0.0734781101,1.0000000000
105,6.9900000000,right_hand,14,0.3555378914,0.5964873433,-0.0813009962,1.0000000000
106,7.0560000000,right_hand,14,0.3519300520,0.6065786481,-0.1014706343,1.0000000000
107,7.1230000000,right_hand,14,0.3209652603,0.6321114302,-0.1342659593,1.0000000000
108,7.1890000000,right_hand,14,0.6297266483,0.7707200050,-0.0713041425,1.0000000000
109,7.2560000000,right_hand,14,0.2845851779,0.6553604603,-0.1044412777,1.0000000000
110,7.3220000000,right_hand,14,0.2841404378,0.6580971479,-0.1087028980,1.0000000000
111,7.3890000000,right_hand,14,0.3340571225,0.6045637131,-0.1325397342,1.0000000000
112,7.4560000000,right_hand,14,0.6167817712,0.7451086044,-0.0518826693,1.0000000000
113,7.5220000000,right_hand,14,0.2827259004,0.6490859985,-0.1342745423,1.0000000000
114,7.5890000000,right_hand,14,0.3280228674,0.6014756560,-0.1184677631,1.0000000000
115,7.6550000000,right_hand,14,0.3300550878,0.6002398729,-0.1207713261,1.0000000000
116,7.7220000000,right_hand,14,0.3292053938,0.5974137783,-0.1393812001,1.0000000000
117,7.7880000000,right_hand,14,0.3200992644,0.5874918103,-0.1011658311,1.0000000000
118,7.8550000000,right_hand,14,0.2772958875,0.6611863971,-0.1278858334,1.0000000000
119,7.9220000000,right_hand,14,0.2784215510,0.6638665199,-0.1314392835,1.0000000000
120,7.9880000000,right_hand,14,0.2834390402,0.6667497158,-0.1159132421,1.0000000000
121,8.0550000000,right_hand,14,0.2867576182,0.6672072411,-0.1251200140,1.0000000000
122,8.1210000000,right_hand,14,0.2891090810,0.6577651501,-0.1322756112,1.0000000000
123,8.1880000000,right_hand,14,0.2972880900,0.6565676332,-0.1080642194,1.0000000000
124,8.2540000000,right_hand,14,0.3306402266,0.5973125696,-0.1068408564,1.0000000000
125,8.3210000000,right_hand,14,0.2978468537,0.6582791805,-0.0977273583,1.0000000000
126,8.3880000000,right_hand,14,0.2893951833,0.6687758565,-0.0975637510,1.0000000000
127,8.4540000000,right_hand,14,0.5781468153,0.7040474415,-0.0575325191,1.0000000000
128,8.5210000000,right_hand,14,0.5827744007,0.6870775819,-0.0775763243,1.0000000000
129,8.5870000000,right_hand,14,0.2940508723,0.6685754657,-0.1005980447,1.0000000000
130,8.6540000000,right_hand,14,0.2921837270,0.6663235426,-0.1209041327,1.0000000000
131,8.7200000000,right_hand,14,0.2895089984,0.6661287546,-0.1088043377,1.0000000000
132,8.7870000000,right_hand,14,0.2901591361,0.6636633277,-0.1038706303,1.0000000000
133,8.8540000000,right_hand,14,0.2967970073,0.6604927778,-0.0709103495,1.0000000000
134,8.9200000000,right_hand,14,0.2962537110,0.6664846539,-0.0896591097,1.0000000000
135,8.9870000000,right_hand,14,0.2994142771,0.6626863480,-0.0797741562,1.0000000000
136,9.0530000000,right_hand,14,0.2959358990,0.6650683880,-0.0882106051,1.0000000000
137,9.1200000000,right_hand,14,0.3017458320,0.6611698866,-0.1089738533,1.0000000000
138,9.1860000000,right_hand,14,0.3019225597,0.6537964344,-0.0961426869,1.0000000000
139,9.2530000000,right_hand,14,0.3021051586,0.6512243152,-0.1124079302,1.0000000000
140,9.3200000000,right_hand,14,0.3223668039,0.6217718124,-0.1138471365,1.0000000000
141,9.3860000000,right_hand,14,0.2967875302,0.6565454006,-0.1074845046,1.0000000000
142,9.4530000000,right_hand,14,0.2962460220,0.6618366838,-0.1202738136,1.0000000000
143,9.5190000000,right_hand,14,0.3021925688,0.6508027315,-0.1000785977,1.0000000000
144,9.5860000000,right_hand,14,0.2944944501,0.6579751968,-0.1004232094,1.0000000000
145,9.6520000000,right_hand,14,0.2942143977,0.6616684794,-0.1158147454,1.0000000000
146,9.7190000000,right_hand,14,0.2988908589,0.6617069840,-0.1056886092,1.0000000000
147,9.7850000000,right_hand,14,0.2986700237,0.6628494263,-0.1223675162,1.0000000000
148,9.8520000000,right_hand,14,0.3004725277,0.6602305174,-0.1199731827,1.0000000000
149,9.9190000000,right_hand,14,0.2988339663,0.6564723253,-0.1024283692,1.0000000000
150,9.9850000000,right_hand,14,0.2990699410,0.6628620028,-0.1013203412,1.0000000000
151,10.0520000000,right_hand,14,0.2999190390,0.6622984409,-0.1053259522,1.0000000000
152,10.1180000000,right_hand,14,0.2990290225,0.6622009873,-0.1154885069,1.0000000000
153,10.1850000000,right_hand,14,0.3013179302,0.6646323800,-0.0988977998,1.0000000000
154,10.2510000000,right_hand,14,0.3058246672,0.6651561260,-0.1107888669,1.0000000000
155,10.3180000000,right_hand,14,0.3059071600,0.6591328382,-0.0857445374,1.0000000000
156,10.3850000000,right_hand,14,0.3060872853,0.6572828889,-0.0949508324,1.0000000000
157,10.4510000000,right_hand,14,0.3064373732,0.6585693955,-0.1002823263,1.0000000000
158,10.5180000000,right_hand,14,0.3048982024,0.6574999690,-0.0994017348,1.0000000000
159,10.5840000000,right_hand,14,0.3043067157,0.6546879411,-0.0935310945,1.0000000000
160,10.6510000000,right_hand,14,0.3024507463,0.6576275229,-0.0868236795,1.0000000000
161,10.7170000000,right_hand,14,0.3015998900,0.6567800045,-0.0985708237,1.0000000000
162,10.7840000000,right_hand,14,0.3038679957,0.6611609459,-0.1038190648,1.0000000000
163,10.8510000000,right_hand,14,0.3059270680,0.6581503153,-0.1197523847,1.0000000000
164,10.9170000000,right_hand,14,0.3034422100,0.6510451436,-0.0987319201,1.0000000000
165,10.9840000000,right_hand,14,0.3079611659,0.6572616696,-0.1306001544,1.0000000000
166,11.0500000000,right_hand,14,0.3054497838,0.6540544629,-0.1196529418,1.0000000000
167,11.1170000000,right_hand,14,0.3081286252,0.6530123353,-0.1103000790,1.0000000000
168,11.1830000000,right_hand,14,0.3054833114,0.6543987393,-0.1112256497,1.0000000000
169,11.2500000000,right_hand,14,0.3118244112,0.6513952017,-0.0863730833,1.0000000000
170,11.3170000000,right_hand,14,0.3055932224,0.6488054991,-0.0844040662,1.0000000000
171,11.3830000000,right_hand,14,0.3089091778,0.6577647924,-0.0761423558,1.0000000000
172,11.4500000000,right_hand,14,0.3121708333,0.6479515433,-0.0846751630,1.0000000000
173,11.5160000000,right_hand,14,0.3103779256,0.6485519409,-0.0764412805,1.0000000000
174,11.5830000000,right_hand,14,0.3123086393,0.6471315026,-0.0769458860,1.0000000000
175,11.6490000000,right_hand,14,0.3137277365,0.6529960632,-0.0712959543,1.0000000000
176,11.7160000000,right_hand,14,0.3144811094,0.6520197988,-0.0665366575,1.0000000000
177,11.7830000000,right_hand,14,0.3104810715,0.6523281336,-0.0677021071,1.0000000000
178,11.8490000000,right_hand,14,0.3125523627,0.6496731043,-0.0894961134,1.0000000000
179,11.9160000000,right_hand,14,0.3088736534,0.6486434937,-0.0818150491,1.0000000000
180,11.9820000000,right_hand,14,0.3125551045,0.6479409337,-0.0814728066,1.0000000000
76,5.0590000000,right_hand,15,0.3810902834,0.7052592635,-0.0265191440,1.0000000000
77,5.1260000000,right_hand,15,0.3800519705,0.7002394199,-0.0611270405,1.0000000000
78,5.1920000000,right_hand,15,0.3659633994,0.7183982134,-0.0488850102,1.0000000000
79,5.2590000000,right_hand,15,0.3652035594,0.6858262420,-0.0492133945,1.0000000000
80,5.3250000000,right_hand,15,0.3604357541,0.6718733311,-0.0466909446,1.0000000000
81,5.3920000000,right_hand,15,0.3513850570,0.6770416498,-0.0619071573,1.0000000000
82,5.4590000000,right_hand,15,0.3467291594,0.6743293405,-0.0695591643,1.0000000000
83,5.5250000000,right_hand,15,0.3460789025,0.6886163354,-0.0742300898,1.0000000000
84,5.5920000000,right_hand,15,0.3806235194,0.7443552017,-0.0398957916,1.0000000000
85,5.6580000000,right_hand,15,0.3706639111,0.7442135811,-0.1000187173,1.0000000000
86,5.7250000000,right_hand,15,0.3665248156,0.7248704433,-0.0954356492,1.0000000000
87,5.7910000000,right_hand,15,0.3723917305,0.7723728418,-0.0868095309,1.0000000000
88,5.8580000000,right_hand,15,0.3693462312,0.7622285485,-0.0919165090,1.0000000000
89,5.9250000000,right_hand,15,0.3718074262,0.7692966461,-0.1222872138,1.0000000000
90,5.9910000000,right_hand,15,0.3699962199,0.7652639747,-0.1120611206,1.0000000000
91,6.0580000000,right_hand,15,0.3684406877,0.7683550715,-0.1104179323,1.0000000000
92,6.1240000000,right_hand,15,0.3647899628,0.7415379882,-0.0901768357,1.0000000000
93,6.1910000000,right_hand,15,0.3679663539,0.7504048944,-0.0722700637,1.0000000000
94,6.2570000000,right_hand,15,0.3711427450,0.7592718005,-0.0543632917,1.0000000000
95,6.3240000000,right_hand,15,0.3680329621,0.7500617504,-0.0482513644,1.0000000000
96,6.3910000000,right_hand,15,0.3653121591,0.7364966869,-0.0452877339,1.0000000000
97,6.4570000000,right_hand,15,0.3625913560,0.7229316235,-0.0423241034,1.0000000000
98,6.5240000000,right_hand,15,0.3671595454,0.7191114426,-0.0349081494,1.0000000000
99,6.5900000000,right_hand,15,0.3624421656,0.6379708052,-0.0455806926,1.0000000000
100,6.6570000000,right_hand,15,0.3356278539,0.6918935180,-0.0652173683,1.0000000000
101,6.7230000000,right_hand,15,0.3289429843,0.7037327886,-0.0717335418,1.0000000000
102,6.7900000000,right_hand,15,0.3079212904,0.6968595982,-0.1113973707,1.0000000000
103,6.8560000000,right_hand,15,0.3142167926,0.6825496554,-0.1377259940,1.0000000000
104,6.9230000000,right_hand,15,0.3354586661,0.6920524836,-0.0793468133,1.0000000000
105,6.9900000000,right_hand,15,0.3737116456,0.6577603817,-0.0870604068,1.0000000000
106,7.0560000000,right_hand,15,0.3737173975,0.6689243913,-0.1092019007,1.0000000000
107,7.1230000000,right_hand,15,0.3495654464,0.6930385828,-0.1435021758,1.0000000000
108,7.1890000000,right_hand,15,0.6080523133,0.8256183863,-0.0816384032,1.0000000000
109,7.2560000000,right_hand,15,0.3070499003,0.7205389142,-0.1125765443,1.0000000000
110,7.3220000000,right_hand,15,0.3056359887,0.7199400663,-0.1175044104,1.0000000000
111,7.3890000000,right_hand,15,0.3580623865,0.6657453179,-0.1419008970,1.0000000000
112,7.4560000000,right_hand,15,0.5882481933,0.7783945799,-0.0608503371,1.0000000000
113,7.5220000000,right_hand,15,0.3107185066,0.7065265179,-0.1458997428,1.0000000000
114,7.5890000000,right_hand,15,0.3525277078,0.6650039554,-0.1251390576,1.0000000000
115,7.6550000000,right_hand,15,0.3531343341,0.6635137796,-0.1274958253,1.0000000000
116,7.7220000000,right_hand,15,0.3533178866,0.6601752639,-0.1462076902,1.0000000000
117,7.7880000000,right_hand,15,0.3429394960,0.6459224820,-0.1124475822,1.0000000000
118,7.8550000000,right_hand,15,0.2982410192,0.7181527019,-0.1406234056,1.0000000000
119,7.9220000000,right_hand,15,0.2996401489,0.7205311060,-0.1453709006,1.0000000000
120,7.9880000000,right_hand,15,0.3052303791,0.7221344113,-0.1250035912,1.0000000000
121,8.0550000000,right_hand,15,0.3104029000,0.7206997871,-0.1363692880,1.0000000000
122,8.1210000000,right_hand,15,0.3152257800,0.7118653059,-0.1433282048,1.0000000000
123,8.1880000000,right_hand,15,0.3235204220,0.7091389894,-0.1205096915,1.0000000000
124,8.2540000000,right_hand,15,0.3604711890,0.6536962986,-0.1151609495,1.0000000000
125,8.3210000000,right_hand,15,0.3216806352,0.7165519595,-0.1065287963,1.0000000000
126,8.3880000000,right_hand,15,0.3141873777,0.7253007293,-0.1080691069,1.0000000000
127,8.4540000000,right_hand,15,0.5524455905,0.7374128699,-0.0666175634,1.0000000000
128,8.5210000000,right_hand,15,0.5546036959,0.7184946537,-0.0873180330,1.0000000000
129,8.5870000000,right_hand,15,0.3167733252,0.7235575914,-0.1102990955,1.0000000000
130,8.6540000000,right_hand,15,0.3174880445,0.7196229100,-0.1339611262,1.0000000000
131,8.7200000000,right_hand,15,0.3156700730,0.7202317715,-0.1205640882,1.0000000000
132,8.7870000000,right_hand,15,0.3152906299,0.7215016484,-0.1144743785,1.0000000000
133,8.8540000000,right_hand,15,0.3209449947,0.7192002535,-0.0757739991,1.0000000000
134,8.9200000000,right_hand,15,0.3200669289,0.7234142423,-0.0982086360,1.0000000000
135,8.9870000000,right_hand,15,0.3227085471,0.7197338939,-0.0851885453,1.0000000000
136,9.0530000000,right_hand,15,0.3208976984,0.7199915648,-0.0972601026,1.0000000000
137,9.1200000000,right_hand,15,0.3263134658,0.7103455663,-0.1177805513,1.0000000000
138,9.1860000000,right_hand,15,0.3282098174,0.7081402540,-0.1067253724,1.0000000000
139,9.2530000000,right_hand,15,0.3261504173,0.7142027020,-0.1239077076,1.0000000000
140,9.3200000000,right_hand,15,0.3445417285,0.6802007556,-0.1245279834,1.0000000000
141,9.3860000000,right_hand,15,0.3212170005,0.7072663307,-0.1190666482,1.0000000000
142,9.4530000000,right_hand,15,0.3208691180,0.7147886157,-0.1323322654,1.0000000000
143,9.5190000000,right_hand,15,0.3262141943,0.7076023817,-0.1096917540,1.0000000000
144,9.5860000000,right_hand,15,0.3167749941,0.7174831629,-0.1097353995,1.0000000000
145,9.6520000000,right_hand,15,0.3190922141,0.7138614058,-0.1291426718,1.0000000000
146,9.7190000000,right_hand,15,0.3220745325,0.7163968086,-0.1172195747,1.0000000000
147,9.7850000000,right_hand,15,0.3235561848,0.7149026990,-0.1355363876,1.0000000000
148,9.8520000000,right_hand,15,0.3248229623,0.7124756575,-0.1317844540,1.0000000000
149,9.9190000000,right_hand,15,0.3229968250,0.7116406560,-0.1150678173,1.0000000000
150,9.9850000000,right_hand,15,0.3237484992,0.7162657380,-0.1120143980,1.0000000000
151,10.0520000000,right_hand,15,0.3243469000,0.7163622975,-0.1170053631,1.0000000000
152,10.1180000000,right_hand,15,0.3248851299,0.7144103646,-0.1273730397,1.0000000000
153,10.1850000000,right_hand,15,0.3264419436,0.7170207500,-0.1082966104,1.0000000000
154,10.2510000000,right_hand,15,0.3324138522,0.7125592232,-0.1178136840,1.0000000000
155,10.3180000000,right_hand,15,0.3311676383,0.7114446163,-0.0909243152,1.0000000000
156,10.3850000000,right_hand,15,0.3331983685,0.7110514641,-0.1026690006,1.0000000000
157,10.4510000000,right_hand,15,0.3337390423,0.7119134068,-0.1078367904,1.0000000000
158,10.5180000000,right_hand,15,0.3310563564,0.7129830122,-0.1078002751,1.0000000000
159,10.5840000000,right_hand,15,0.3297033906,0.7082880139,-0.0992564708,1.0000000000
160,10.6510000000,right_hand,15,0.3269545734,0.7119163275,-0.0932440683,1.0000000000
161,10.7170000000,right_hand,15,0.3274075687,0.7100276351,-0.1061825529,1.0000000000
162,10.7840000000,right_hand,15,0.3285237551,0.7154235840,-0.1134955287,1.0000000000
163,10.8510000000,right_hand,15,0.3314712048,0.7101082206,-0.1287042797,1.0000000000
164,10.9170000000,right_hand,15,0.3297448754,0.7091279030,-0.1085614935,1.0000000000
165,10.9840000000,right_hand,15,0.3348426521,0.7100251317,-0.1407632679,1.0000000000
166,11.0500000000,right_hand,15,0.3314625919,0.7064749002,-0.1309098899,1.0000000000
167,11.1170000000,right_hand,15,0.3337022066,0.7086275220,-0.1200563759,1.0000000000
168,11.1830000000,right_hand,15,0.3309017420,0.7070989013,-0.1260654032,1.0000000000
169,11.2500000000,right_hand,15,0.3354890645,0.7068691850,-0.0952874869,1.0000000000
170,11.3170000000,right_hand,15,0.3318166435,0.7009459734,-0.0957335532,1.0000000000
171,11.3830000000,right_hand,15,0.3339356482,0.7108602524,-0.0830585659,1.0000000000
172,11.4500000000,right_hand,15,0.3365820646,0.7055181265,-0.0943484902,1.0000000000
173,11.5160000000,right_hand,15,0.3358324468,0.7035369277,-0.0866549239,1.0000000000
174,11.5830000000,right_hand,15,0.3376643062,0.7023354173,-0.0905208290,1.0000000000
175,11.6490000000,right_hand,15,0.3382282257,0.7048066258,-0.0856397748,1.0000000000
176,11.7160000000,right_hand,15,0.3393883407,0.7049577236,-0.0815090910,1.0000000000
177,11.7830000000,right_hand,15,0.3354937136,0.7030352354,-0.0848725364,1.0000000000
178,11.8490000000,right_hand,15,0.3379338682,0.7062774301,-0.1040484905,1.0000000000
179,11.9160000000,right_hand,15,0.3355809450,0.7052066922,-0.0960221514,1.0000000000
180,11.9820000000,right_hand,15,0.3379375041,0.7017322183,-0.1010325924,1.0000000000
76,5.0590000000,right_hand,16,0.3864131868,0.6824712753,-0.0250581484,1.0000000000
77,5.1260000000,right_hand,16,0.3914344907,0.6804028749,-0.0577925481,1.0000000000
78,5.1920000000,right_hand,16,0.3831200302,0.7080715895,-0.0493221655,1.0000000000
79,5.2590000000,right_hand,16,0.3854262531,0.6773858666,-0.0503686629,1.0000000000
80,5.3250000000,right_hand,16,0.3810072839,0.6623150110,-0.0477614291,1.0000000000
81,5.3920000000,right_hand,16,0.3730071783,0.6665123105,-0.0643539354,1.0000000000
82,5.4590000000,right_hand,16,0.3669428825,0.6604640484,-0.0686909407,1.0000000000
83,5.5250000000,right_hand,16,0.3653935790,0.6737630367,-0.0742777511,1.0000000000
84,5.5920000000,right_hand,16,0.3963253498,0.7215603590,-0.0400954969,1.0000000000
85,5.6580000000,right_hand,16,0.3946695626,0.7276650071,-0.1043296829,1.0000000000
86,5.7250000000,right_hand,16,0.3877729177,0.6945247650,-0.0942466557,1.0000000000
87,5.7910000000,right_hand,16,0.3963451982,0.7443386316,-0.0925217867,1.0000000000
88,5.8580000000,right_hand,16,0.3931147158,0.7352766991,-0.0982735157,1.0000000000
89,5.9250000000,right_hand,16,0.3984014690,0.7421090603,-0.1307873279,1.0000000000
90,5.9910000000,right_hand,16,0.3955763578,0.7395677567,-0.1193590164,1.0000000000
91,6.0580000000,right_hand,16,0.3925984800,0.7467013597,-0.1160150468,1.0000000000
92,6.1240000000,right_hand,16,0.3850946426,0.7148079872,-0.0897551775,1.0000000000
93,6.1910000000,right_hand,16,0.3829309940,0.7286808193,-0.0713960808,1.0000000000
94,6.2570000000,right_hand,16,0.3807673454,0.7425536513,-0.0530369841,1.0000000000
95,6.3240000000,right_hand,16,0.3761461377,0.7304307818,-0.0463376977,1.0000000000
96,6.3910000000,right_hand,16,0.3660083860,0.7219872773,-0.0418708231,1.0000000000
97,6.4570000000,right_hand,16,0.3558706343,0.7135437727,-0.0374039486,1.0000000000
98,6.5240000000,right_hand,16,0.3696991801,0.7218929529,-0.0261117406,1.0000000000
99,6.5900000000,right_hand,16,0.3758109212,0.6554488540,-0.0458279103,1.0000000000
100,6.6570000000,right_hand,16,0.3538362086,0.7138197422,-0.0691180974,1.0000000000
101,6.7230000000,right_hand,16,0.3424918652,0.7331962585,-0.0744862780,1.0000000000
102,6.7900000000,right_hand,16,0.3191704750,0.7321615219,-0.1167210415,1.0000000000
103,6.8560000000,right_hand,16,0.3276728690,0.7143401504,-0.1460972577,1.0000000000
104,6.9230000000,right_hand,16,0.3467401862,0.7314185500,-0.0815062150,1.0000000000
105,6.9900000000,right_hand,16,0.3863711357,0.7012331486,-0.0892961994,1.0000000000
106,7.0560000000,right_hand,16,0.3881689012,0.7139274478,-0.1121991575,1.0000000000
107,7.1230000000,right_hand,16,0.3697465360,0.7343734503,-0.1472502947,1.0000000000
108,7.1890000000,right_hand,16,0.5887528658,0.8654681444,-0.0880771503,1.0000000000
109,7.2560000000,right_hand,16,0.3259297609,0.7689878941,-0.1158043519,1.0000000000
110,7.3220000000,right_hand,16,0.3237148523,0.7638781071,-0.1220045239,1.0000000000
111,7.3890000000,right_hand,16,0.3721437752,0.7086504102,-0.1463836581,1.0000000000
112,7.4560000000,right_hand,16,0.5629033446,0.7991097569,-0.0666785166,1.0000000000
113,7.5220000000,right_hand,16,0.3333716691,0.7476091385,-0.1534828246,1.0000000000
114,7.5890000000,right_hand,16,0.3687553108,0.7116687894,-0.1286419630,1.0000000000
115,7.6550000000,right_hand,16,0.3674348593,0.7086787224,-0.1303055286,1.0000000000
116,7.7220000000,right_hand,16,0.3691399693,0.7056789994,-0.1484588385,1.0000000000
117,7.7880000000,right_hand,16,0.3589898050,0.6879075766,-0.1197178215,1.0000000000
118,7.8550000000,right_hand,16,0.3137128353,0.7626533508,-0.1475427598,1.0000000000
119,7.9220000000,right_hand,16,0.3165206313,0.7665140629,-0.1515994072,1.0000000000
120,7.9880000000,right_hand,16,0.3233415186,0.7667186260,-0.1284048557,1.0000000000
121,8.0550000000,right_hand,16,0.3295024037,0.7638198733,-0.1395281404,1.0000000000
122,8.1210000000,right_hand,16,0.3354206383,0.7545034885,-0.1481281817,1.0000000000
123,8.1880000000,right_hand,16,0.3444259167,0.7503247261,-0.1280143112,1.0000000000
124,8.2540000000,right_hand,16,0.3811442256,0.6986417770,-0.1219489053,1.0000000000
125,8.3210000000,right_hand,16,0.3408377767,0.7581725121,-0.1114144847,1.0000000000
126,8.3880000000,right_hand,16,0.3344719410,0.7680578828,-0.1150298342,1.0000000000
127,8.4540000000,right_hand,16,0.5339722633,0.7603109479,-0.0717295855,1.0000000000
128,8.5210000000,right_hand,16,0.5350042582,0.7409102321,-0.0932609960,1.0000000000
129,8.5870000000,right_hand,16,0.3346059322,0.7640411258,-0.1182162017,1.0000000000
130,8.6540000000,right_hand,16,0.3354935050,0.7630541325,-0.1419435441,1.0000000000
131,8.7200000000,right_hand,16,0.3343741596,0.7630915642,-0.1279578358,1.0000000000
132,8.7870000000,right_hand,16,0.3337077796,0.7649962306,-0.1213811859,1.0000000000
133,8.8540000000,right_hand,16,0.3385354280,0.7633643150,-0.0788853839,1.0000000000
134,8.9200000000,right_hand,16,0.3385586739,0.7673143148,-0.1037871018,1.0000000000
135,8.9870000000,right_hand,16,0.3396006525,0.7639133930,-0.0889239088,1.0000000000
136,9.0530000000,right_hand,16,0.3405613899,0.7622555494,-0.1039413884,1.0000000000
137,9.1200000000,right_hand,16,0.3452334106,0.7503892779,-0.1226901114,1.0000000000
138,9.1860000000,right_hand,16,0.3486289680,0.7473531961,-0.1138799712,1.0000000000
139,9.2530000000,right_hand,16,0.3448305726,0.7563739419,-0.1306085438,1.0000000000
140,9.3200000000,right_hand,16,0.3605406880,0.7257674932,-0.1324850321,1.0000000000
141,9.3860000000,right_hand,16,0.3409935832,0.7460121512,-0.1255826801,1.0000000000
142,9.4530000000,right_hand,16,0.3404948413,0.7563909888,-0.1398085207,1.0000000000
143,9.5190000000,right_hand,16,0.3455115259,0.7529547215,-0.1162889898,1.0000000000
144,9.5860000000,right_hand,16,0.3358063996,0.7594027519,-0.1150433496,1.0000000000
145,9.6520000000,right_hand,16,0.3383751512,0.7545540333,-0.1375680119,1.0000000000
146,9.7190000000,right_hand,16,0.3407869339,0.7564294934,-0.1248081103,1.0000000000
147,9.7850000000,right_hand,16,0.3430018425,0.7543334365,-0.1433998048,1.0000000000
148,9.8520000000,right_hand,16,0.3432932794,0.7527529001,-0.1387182474,1.0000000000
149,9.9190000000,right_hand,16,0.3431216776,0.7520258427,-0.1233107373,1.0000000000
150,9.9850000000,right_hand,16,0.3434913754,0.7567870617,-0.1190160662,1.0000000000
151,10.0520000000,right_hand,16,0.3453762829,0.7573695183,-0.1246170476,1.0000000000
152,10.1180000000,right_hand,16,0.3454522789,0.7545106411,-0.1354576498,1.0000000000
153,10.1850000000,right_hand,16,0.3469137847,0.7566405535,-0.1144340560,1.0000000000
154,10.2510000000,right_hand,16,0.3536512256,0.7488613725,-0.1214101538,1.0000000000
155,10.3180000000,right_hand,16,0.3516507447,0.7503737211,-0.0948336795,1.0000000000
156,10.3850000000,right_hand,16,0.3560824394,0.7511398792,-0.1077010855,1.0000000000
157,10.4510000000,right_hand,16,0.3565277755,0.7518779039,-0.1121650562,1.0000000000
158,10.5180000000,right_hand,16,0.3547972739,0.7535032034,-0.1117196679,1.0000000000
159,10.5840000000,right_hand,16,0.3516888916,0.7472050190,-0.1016699746,1.0000000000
160,10.6510000000,right_hand,16,0.3477334976,0.7506673932,-0.0973112732,1.0000000000
161,10.7170000000,right_hand,16,0.3489205539,0.7479441166,-0.1108840406,1.0000000000
162,10.7840000000,right_hand,16,0.3477319777,0.7545331717,-0.1194858849,1.0000000000
163,10.8510000000,right_hand,16,0.3514351845,0.7492371798,-0.1352991611,1.0000000000
164,10.9170000000,right_hand,16,0.3530407548,0.7498867512,-0.1145458296,1.0000000000
165,10.9840000000,right_hand,16,0.3543178439,0.7507433295,-0.1471705735,1.0000000000
166,11.0500000000,right_hand,16,0.3532414734,0.7459385395,-0.1382331848,1.0000000000
167,11.1170000000,right_hand,16,0.3548092842,0.7484563589,-0.1266229749,1.0000000000
168,11.1830000000,right_hand,16,0.3500190675,0.7500257492,-0.1340495050,1.0000000000
169,11.2500000000,right_hand,16,0.3531144857,0.7520157099,-0.1017375588,1.0000000000
170,11.3170000000,right_hand,16,0.3517841101,0.7456635237,-0.1026948020,1.0000000000
171,11.3830000000,right_hand,16,0.3535291553,0.7567595840,-0.0883887112,1.0000000000
172,11.4500000000,right_hand,16,0.3539105058,0.7543237209,-0.1019715965,1.0000000000
173,11.5160000000,right_hand,16,0.3544813693,0.7518382668,-0.0945955440,1.0000000000
174,11.5830000000,right_hand,16,0.3566587567,0.7514913082,-0.1007475778,1.0000000000
175,11.6490000000,right_hand,16,0.3570071161,0.7517746687,-0.0969589874,1.0000000000
176,11.7160000000,right_hand,16,0.3593225181,0.7514778376,-0.0936068669,1.0000000000
177,11.7830000000,right_hand,16,0.3556939363,0.7481929064,-0.0974065140,1.0000000000
178,11.8490000000,right_hand,16,0.3561703563,0.7556359768,-0.1145515814,1.0000000000
179,11.9160000000,right_hand,16,0.3543466330,0.7542812824,-0.1053795815,1.0000000000
180,11.9820000000,right_hand,16,0.3556607366,0.7498116493,-0.1149136052,1.0000000000
76,5.0590000000,right_hand,17,0.3250665963,0.7180498242,-0.0139541039,1.0000000000
77,5.1260000000,right_hand,17,0.3145556748,0.7247428894,-0.0386440158,1.0000000000
78,5.1920000000,right_hand,17,0.3029458821,0.7195860744,-0.0286739785,1.0000000000
79,5.2590000000,right_hand,17,0.2987985611,0.7035901546,-0.0318046845,1.0000000000
80,5.3250000000,right_hand,17,0.2918926775,0.7032417655,-0.0315215401,1.0000000000
81,5.3920000000,right_hand,17,0.2771875262,0.7056161165,-0.0424333401,1.0000000000
82,5.4590000000,right_hand,17,0.2675541937,0.7235720158,-0.0494074076,1.0000000000
83,5.5250000000,right_hand,17,0.2681851387,0.7347328663,-0.0528683439,1.0000000000
84,5.5920000000,right_hand,17,0.3153715730,0.8007965684,-0.0303850397,1.0000000000
85,5.6580000000,right_hand,17,0.3008105755,0.7993288636,-0.0634430423,1.0000000000
86,5.7250000000,right_hand,17,0.3049986064,0.7885901332,-0.0714012310,1.0000000000
87,5.7910000000,right_hand,17,0.3037545085,0.8238964677,-0.0615811683,1.0000000000
88,5.8580000000,right_hand,17,0.3077438772,0.8303777575,-0.0601032749,1.0000000000
89,5.9250000000,right_hand,17,0.3134103715,0.8275099397,-0.0737821087,1.0000000000
90,5.9910000000,right_hand,17,0.3145810068,0.8205100298,-0.0684375539,1.0000000000
91,6.0580000000,right_hand,17,0.3125832975,0.8231114745,-0.0698969662,1.0000000000
92,6.1240000000,right_hand,17,0.3106871247,0.7955961227,-0.0681546777,1.0000000000
93,6.1910000000,right_hand,17,0.3146636784,0.7990145683,-0.0552339535,1.0000000000
94,6.2570000000,right_hand,17,0.3186402321,0.8024330139,-0.0423132293,1.0000000000
95,6.3240000000,right_hand,17,0.3116737604,0.7894310951,-0.0353838913,1.0000000000
96,6.3910000000,right_hand,17,0.3082421124,0.7714876235,-0.0335207209,1.0000000000
97,6.4570000000,right_hand,17,0.3048104644,0.7535441518,-0.0316575505,1.0000000000
98,6.5240000000,right_hand,17,0.2940424085,0.7244784236,-0.0351575278,1.0000000000
99,6.5900000000,right_hand,17,0.2961449325,0.5678460598,-0.0324913934,1.0000000000
100,6.6570000000,right_hand,17,0.2668938637,0.6422033310,-0.0476933420,1.0000000000
101,6.7230000000,right_hand,17,0.2628266811,0.6152812839,-0.0568778366,1.0000000000
102,6.7900000000,right_hand,17,0.2542533576,0.5865751505,-0.0805591494,1.0000000000
103,6.8560000000,right_hand,17,0.2471651137,0.5798788071,-0.1044337451,1.0000000000
104,6.9230000000,right_hand,17,0.2632396221,0.5732510090,-0.0573953576,1.0000000000
105,6.9900000000,right_hand,17,0.3342805803,0.4853358269,-0.0547361597,1.0000000000
106,7.0560000000,right_hand,17,0.3299202621,0.4908628762,-0.0681556538,1.0000000000
107,7.1230000000,right_hand,17,0.2740254998,0.5315266848,-0.1055048630,1.0000000000
108,7.1890000000,right_hand,17,0.6780289412,0.7161418200,-0.0546198040,1.0000000000
109,7.2560000000,right_hand,17,0.2238030732,0.5654994249,-0.0809769705,1.0000000000
110,7.3220000000,right_hand,17,0.2274011523,0.5685194135,-0.0844246224,1.0000000000
111,7.3890000000,right_hand,17,0.3145928383,0.4963803291,-0.0892145261,1.0000000000
112,7.4560000000,right_hand,17,0.6719468236,0.7065449953,-0.0388623513,1.0000000000
113,7.5220000000,right_hand,17,0.2203487456,0.5734119415,-0.1023198813,1.0000000000
114,7.5890000000,right_hand,17,0.3096008301,0.4908519983,-0.0826982930,1.0000000000
115,7.6550000000,right_hand,17,0.3088412881,0.4801532924,-0.0873081014,1.0000000000
116,7.7220000000,right_hand,17,0.3082966805,0.4892260432,-0.0944583789,1.0000000000
117,7.7880000000,right_hand,17,0.2882273793,0.4820169806,-0.0785623938,1.0000000000
118,7.8550000000,right_hand,17,0.2222418487,0.5993544459,-0.0931801051,1.0000000000
119,7.9220000000,right_hand,17,0.2266242206,0.6045516133,-0.0955001339,1.0000000000
120,7.9880000000,right_hand,17,0.2277433276,0.6016678214,-0.0867214575,1.0000000000
121,8.0550000000,right_hand,17,0.2302515507,0.6136849523,-0.0894345641,1.0000000000
122,8.1210000000,right_hand,17,0.2276337743,0.6042498946,-0.1017906219,1.0000000000
123,8.1880000000,right_hand,17,0.2319335938,0.6020323634,-0.0865626112,1.0000000000
124,8.2540000000,right_hand,17,0.2848648429,0.4920832813,-0.0867843032,1.0000000000
125,8.3210000000,right_hand,17,0.2318470925,0.5811587572,-0.0787630603,1.0000000000
126,8.3880000000,right_hand,17,0.2259184420,0.6017640233,-0.0789035857,1.0000000000
127,8.4540000000,right_hand,17,0.6065823436,0.6305721998,-0.0441801958,1.0000000000
128,8.5210000000,right_hand,17,0.6153765321,0.6089981794,-0.0593874194,1.0000000000
129,8.5870000000,right_hand,17,0.2300301194,0.5966375470,-0.0855023339,1.0000000000
130,8.6540000000,right_hand,17,0.2292716205,0.6061795950,-0.0934405848,1.0000000000
131,8.7200000000,right_hand,17,0.2269265354,0.6052405834,-0.0835950524,1.0000000000
132,8.7870000000,right_hand,17,0.2241190374,0.5963326097,-0.0841784701,1.0000000000
133,8.8540000000,right_hand,17,0.2298241258,0.5803353190,-0.0606573857,1.0000000000
134,8.9200000000,right_hand,17,0.2290032357,0.5926070809,-0.0767195523,1.0000000000
135,8.9870000000,right_hand,17,0.2321255952,0.5847992301,-0.0673792437,1.0000000000
136,9.0530000000,right_hand,17,0.2269906849,0.5978767872,-0.0713407621,1.0000000000
137,9.1200000000,right_hand,17,0.2402051538,0.6164634228,-0.0880185068,1.0000000000
138,9.1860000000,right_hand,17,0.2365833223,0.5980428457,-0.0781462044,1.0000000000
139,9.2530000000,right_hand,17,0.2381237149,0.5827126503,-0.0861103907,1.0000000000
140,9.3200000000,right_hand,17,0.2798375785,0.5272092223,-0.0885276273,1.0000000000
141,9.3860000000,right_hand,17,0.2373977154,0.6084815264,-0.0850723833,1.0000000000
142,9.4530000000,right_hand,17,0.2377041280,0.6015340686,-0.0933299214,1.0000000000
143,9.5190000000,right_hand,17,0.2532627285,0.5611314774,-0.0787117705,1.0000000000
144,9.5860000000,right_hand,17,0.2347428948,0.5842571259,-0.0821255594,1.0000000000
145,9.6520000000,right_hand,17,0.2358675897,0.6004836559,-0.0881305337,1.0000000000
146,9.7190000000,right_hand,17,0.2359488606,0.5930142999,-0.0861024112,1.0000000000
147,9.7850000000,right_hand,17,0.2353990376,0.6024551392,-0.0969545692,1.0000000000
148,9.8520000000,right_hand,17,0.2394378036,0.6018332243,-0.0957458392,1.0000000000
149,9.9190000000,right_hand,17,0.2367427796,0.5860645175,-0.0838738084,1.0000000000
150,9.9850000000,right_hand,17,0.2396397591,0.5899124742,-0.0786208436,1.0000000000
151,10.0520000000,right_hand,17,0.2384827286,0.5869728327,-0.0845173001,1.0000000000
152,10.1180000000,right_hand,17,0.2395693362,0.6025918126,-0.0912314802,1.0000000000
153,10.1850000000,right_hand,17,0.2360011339,0.6029832959,-0.0842128322,1.0000000000
154,10.2510000000,right_hand,17,0.2417988479,0.6045660377,-0.0898343101,1.0000000000
155,10.3180000000,right_hand,17,0.2394685894,0.5991286635,-0.0726842359,1.0000000000
156,10.3850000000,right_hand,17,0.2393802106,0.5900761485,-0.0778074488,1.0000000000
157,10.4510000000,right_hand,17,0.2434196770,0.5954979658,-0.0808828697,1.0000000000
158,10.5180000000,right_hand,17,0.2398395836,0.5832633376,-0.0805186182,1.0000000000
159,10.5840000000,right_hand,17,0.2387249172,0.5798541307,-0.0781343803,1.0000000000
160,10.6510000000,right_hand,17,0.2403338104,0.5923044682,-0.0711233616,1.0000000000
161,10.7170000000,right_hand,17,0.2382388562,0.5846933722,-0.0799885169,1.0000000000
162,10.7840000000,right_hand,17,0.2399253845,0.5992380977,-0.0835789591,1.0000000000
163,10.8510000000,right_hand,17,0.2435790449,0.6055275798,-0.1005572975,1.0000000000
164,10.9170000000,right_hand,17,0.2376310080,0.5824689269,-0.0815365165,1.0000000000
165,10.9840000000,right_hand,17,0.2451060414,0.6042861938,-0.1062668338,1.0000000000
166,11.0500000000,right_hand,17,0.2442624271,0.5993395448,-0.0984221324,1.0000000000
167,11.1170000000,right_hand,17,0.2427984476,0.5923333168,-0.0943763927,1.0000000000
168,11.1830000000,right_hand,17,0.2425012887,0.6105809808,-0.0920376107,1.0000000000
169,11.2500000000,right_hand,17,0.2441811860,0.6024596095,-0.0851895511,1.0000000000
170,11.3170000000,right_hand,17,0.2399549782,0.6180750132,-0.0837036669,1.0000000000
171,11.3830000000,right_hand,17,0.2393454611,0.6034023762,-0.0755151808,1.0000000000
172,11.4500000000,right_hand,17,0.2431163192,0.6010795832,-0.0801996142,1.0000000000
173,11.5160000000,right_hand,17,0.2421844453,0.5982378125,-0.0740596130,1.0000000000
174,11.5830000000,right_hand,17,0.2427661717,0.6002043486,-0.0734802186,1.0000000000
175,11.6490000000,right_hand,17,0.2446234226,0.6013076901,-0.0644418299,1.0000000000
176,11.7160000000,right_hand,17,0.2455040812,0.6131986380,-0.0723805577,1.0000000000
177,11.7830000000,right_hand,17,0.2463703305,0.6069357395,-0.0505272523,1.0000000000
178,11.8490000000,right_hand,17,0.2409844249,0.5996853113,-0.0828457773,1.0000000000
179,11.9160000000,right_hand,17,0.2404067069,0.5968396664,-0.0642175227,1.0000000000
180,11.9820000000,right_hand,17,0.2447094470,0.6082928777,-0.0681840628,1.0000000000
76,5.0590000000,right_hand,18,0.3571285307,0.7232422233,-0.0220104549,1.0000000000
77,5.1260000000,right_hand,18,0.3500063717,0.7363314033,-0.0515042879,1.0000000000
78,5.1920000000,right_hand,18,0.3336939812,0.7381702065,-0.0383788534,1.0000000000
79,5.2590000000,right_hand,18,0.3310593963,0.7090494037,-0.0429156981,1.0000000000
80,5.3250000000,right_hand,18,0.3230474889,0.7042197585,-0.0422339104,1.0000000000
81,5.3920000000,right_hand,18,0.3129419982,0.7117986679,-0.0543592945,1.0000000000
82,5.4590000000,right_hand,18,0.3079631925,0.7129958868,-0.0609296709,1.0000000000
83,5.5250000000,right_hand,18,0.3061456382,0.7282133102,-0.0673753098,1.0000000000
84,5.5920000000,right_hand,18,0.3486265540,0.7957183123,-0.0383802205,1.0000000000
85,5.6580000000,right_hand,18,0.3355689645,0.7958992124,-0.0807407945,1.0000000000
86,5.7250000000,right_hand,18,0.3357422054,0.7762811780,-0.0884003192,1.0000000000
87,5.7910000000,right_hand,18,0.3417809606,0.8230069876,-0.0766755939,1.0000000000
88,5.8580000000,right_hand,18,0.3393302560,0.8193375468,-0.0755187571,1.0000000000
89,5.9250000000,right_hand,18,0.3431225717,0.8250625730,-0.0950951427,1.0000000000
90,5.9910000000,right_hand,18,0.3420572877,0.8225010037,-0.0888393968,1.0000000000
91,6.0580000000,right_hand,18,0.3417938650,0.8240776658,-0.0903538987,1.0000000000
92,6.1240000000,right_hand,18,0.3411775827,0.7913719416,-0.0865345299,1.0000000000
93,6.1910000000,right_hand,18,0.3455253839,0.7995191514,-0.0702383388,1.0000000000
94,6.2570000000,right_hand,18,0.3498731852,0.8076663613,-0.0539421476,1.0000000000
95,6.3240000000,right_hand,18,0.3441673815,0.7964156866,-0.0448741466,1.0000000000
96,6.3910000000,right_hand,18,0.3470660895,0.7797916830,-0.0418397170,1.0000000000
97,6.4570000000,right_hand,18,0.3499647975,0.7631676793,-0.0388052873,1.0000000000
98,6.5240000000,right_hand,18,0.3365146220,0.7418801188,-0.0391037837,1.0000000000
99,6.5900000000,right_hand,18,0.3293291032,0.5823670030,-0.0421417318,1.0000000000
100,6.6570000000,right_hand,18,0.2891525328,0.6776719689,-0.0613705590,1.0000000000
101,6.7230000000,right_hand,18,0.2819747925,0.6662012935,-0.0706067011,1.0000000000
102,6.7900000000,right_hand,18,0.2673674822,0.6442931890,-0.1011372805,1.0000000000
103,6.8560000000,right_hand,18,0.2598605156,0.6413332224,-0.1302762032,1.0000000000
104,6.9230000000,right_hand,18,0.2795671821,0.6410245895,-0.0730932280,1.0000000000
105,6.9900000000,right_hand,18,0.3624540269,0.5525160432,-0.0662897006,1.0000000000
106,7.0560000000,right_hand,18,0.3612644672,0.5571904182,-0.0854112729,1.0000000000
107,7.1230000000,right_hand,18,0.2984441817,0.6020107269,-0.1326299459,1.0000000000
108,7.1890000000,right_hand,18,0.6565257907,0.7831300497,-0.0742922872,1.0000000000
109,7.2560000000,right_hand,18,0.2403551191,0.6509552002,-0.1013005003,1.0000000000
110,7.3220000000,right_hand,18,0.2418788970,0.6539410353,-0.1059223935,1.0000000000
111,7.3890000000,right_hand,18,0.3447765410,0.5578162670,-0.1088921577,1.0000000000
112,7.4560000000,right_hand,18,0.6503092051,0.7639438510,-0.0546935536,1.0000000000
113,7.5220000000,right_hand,18,0.2389954031,0.6486482620,-0.1263362914,1.0000000000
114,7.5890000000,right_hand,18,0.3401378393,0.5540610552,-0.1007754952,1.0000000000
115,7.6550000000,right_hand,18,0.3416942656,0.5530700684,-0.1075700596,1.0000000000
116,7.7220000000,right_hand,18,0.3399511576,0.5483727455,-0.1167135388,1.0000000000
117,7.7880000000,right_hand,18,0.3204365075,0.5377388597,-0.0991042107,1.0000000000
118,7.8550000000,right_hand,18,0.2410651594,0.6704654694,-0.1201960444,1.0000000000
119,7.9220000000,right_hand,18,0.2463354468,0.6700328588,-0.1242486537,1.0000000000
120,7.9880000000,right_hand,18,0.2497288287,0.6750877500,-0.1094737798,1.0000000000
121,8.0550000000,right_hand,18,0.2510566413,0.6802183986,-0.1159776449,1.0000000000
122,8.1210000000,right_hand,18,0.2515001595,0.6745676994,-0.1290602684,1.0000000000
123,8.1880000000,right_hand,18,0.2574406564,0.6736385822,-0.1112986058,1.0000000000
124,8.2540000000,right_hand,18,0.3212533295,0.5530103445,-0.1061311737,1.0000000000
125,8.3210000000,right_hand,18,0.2586089075,0.6685224175,-0.0994007960,1.0000000000
126,8.3880000000,right_hand,18,0.2508924007,0.6814267039,-0.1009631753,1.0000000000
127,8.4540000000,right_hand,18,0.5694412589,0.6437283158,-0.0581302494,1.0000000000
128,8.5210000000,right_hand,18,0.5817825794,0.6376584172,-0.0746146888,1.0000000000
129,8.5870000000,right_hand,18,0.2543911040,0.6814671755,-0.1078477427,1.0000000000
130,8.6540000000,right_hand,18,0.2542553842,0.6808013916,-0.1213998124,1.0000000000
131,8.7200000000,right_hand,18,0.2517539561,0.6803861856,-0.1086362228,1.0000000000
132,8.7870000000,right_hand,18,0.2516366839,0.6774232388,-0.1066384837,1.0000000000
133,8.8540000000,right_hand,18,0.2575351894,0.6679148078,-0.0736313313,1.0000000000
134,8.9200000000,right_hand,18,0.2577917278,0.6772453785,-0.0937599465,1.0000000000
135,8.9870000000,right_hand,18,0.2595104575,0.6660088301,-0.0829294771,1.0000000000
136,9.0530000000,right_hand,18,0.2540579736,0.6730492115,-0.0917189643,1.0000000000
137,9.1200000000,right_hand,18,0.2657017410,0.6809359789,-0.1126541346,1.0000000000
138,9.1860000000,right_hand,18,0.2642864585,0.6712156534,-0.0999391750,1.0000000000
139,9.2530000000,right_hand,18,0.2645062804,0.6648122668,-0.1094445139,1.0000000000
140,9.3200000000,right_hand,18,0.3086980283,0.5949624181,-0.1115225703,1.0000000000
141,9.3860000000,right_hand,18,0.2623970211,0.6755019426,-0.1092818528,1.0000000000
142,9.4530000000,right_hand,18,0.2603417933,0.6739508510,-0.1219510660,1.0000000000
143,9.5190000000,right_hand,18,0.2789667249,0.6463418603,-0.0994769409,1.0000000000
144,9.5860000000,right_hand,18,0.2585913539,0.6704152226,-0.1024079770,1.0000000000
145,9.6520000000,right_hand,18,0.2586952150,0.6757262945,-0.1165838093,1.0000000000
146,9.7190000000,right_hand,18,0.2614022195,0.6736546755,-0.1104716584,1.0000000000
147,9.7850000000,right_hand,18,0.2609252334,0.6748682857,-0.1257207394,1.0000000000
148,9.8520000000,right_hand,18,0.2644421160,0.6745898128,-0.1234341115,1.0000000000
149,9.9190000000,right_hand,18,0.2632037103,0.6675841808,-0.1082680002,1.0000000000
150,9.9850000000,right_hand,18,0.2644208074,0.6743858457,-0.1002641320,1.0000000000
151,10.0520000000,right_hand,18,0.2631641030,0.6711397171,-0.1083668917,1.0000000000
152,10.1180000000,right_hand,18,0.2623236775,0.6763244867,-0.1186967939,1.0000000000
153,10.1850000000,right_hand,18,0.2639389932,0.6747505069,-0.1059883013,1.0000000000
154,10.2510000000,right_hand,18,0.2684337795,0.6762847304,-0.1117972359,1.0000000000
155,10.3180000000,right_hand,18,0.2682412565,0.6715825796,-0.0886484310,1.0000000000
156,10.3850000000,right_hand,18,0.2676240206,0.6628771424,-0.0976806059,1.0000000000
157,10.4510000000,right_hand,18,0.2710155845,0.6695134044,-0.1022252440,1.0000000000
158,10.5180000000,right_hand,18,0.2686223090,0.6618293524,-0.1017061546,1.0000000000
159,10.5840000000,right_hand,18,0.2678103745,0.6616311669,-0.0959367976,1.0000000000
160,10.6510000000,right_hand,18,0.2667339146,0.6698849201,-0.0882397294,1.0000000000
161,10.7170000000,right_hand,18,0.2664817870,0.6647528410,-0.0998648629,1.0000000000
162,10.7840000000,right_hand,18,0.2671461403,0.6743862629,-0.1048076451,1.0000000000
163,10.8510000000,right_hand,18,0.2709051371,0.6754969954,-0.1254386604,1.0000000000
164,10.9170000000,right_hand,18,0.2681392729,0.6628932357,-0.1020715088,1.0000000000
165,10.9840000000,right_hand,18,0.2709939182,0.6731171012,-0.1344247758,1.0000000000
166,11.0500000000,right_hand,18,0.2711942196,0.6675434113,-0.1243553981,1.0000000000
167,11.1170000000,right_hand,18,0.2714192271,0.6667208076,-0.1177782193,1.0000000000
168,11.1830000000,right_hand,18,0.2705301940,0.6623375416,-0.1193326861,1.0000000000
169,11.2500000000,right_hand,18,0.2763018012,0.6569658518,-0.1051765606,1.0000000000
170,11.3170000000,right_hand,18,0.2740907967,0.6637388468,-0.1046343893,1.0000000000
171,11.3830000000,right_hand,18,0.2728742957,0.6590440273,-0.0909151137,1.0000000000
172,11.4500000000,right_hand,18,0.2769840658,0.6556621790,-0.0972350612,1.0000000000
173,11.5160000000,right_hand,18,0.2753402889,0.6521305442,-0.0909055993,1.0000000000
174,11.5830000000,right_hand,18,0.2753615677,0.6543777585,-0.0925953910,1.0000000000
175,11.6490000000,right_hand,18,0.2753258348,0.6568686366,-0.0821086243,1.0000000000
176,11.7160000000,right_hand,18,0.2780267596,0.6636698246,-0.0899518505,1.0000000000
177,11.7830000000,right_hand,18,0.2758584917,0.6616923213,-0.0693015680,1.0000000000
178,11.8490000000,right_hand,18,0.2731285393,0.6543067694,-0.1037293524,1.0000000000
179,11.9160000000,right_hand,18,0.2736292481,0.6569438577,-0.0831622481,1.0000000000
180,11.9820000000,right_hand,18,0.2759611607,0.6598322988,-0.0897812471,1.0000000000
76,5.0590000000,right_hand,19,0.3754138052,0.7094223499,-0.0245147981,1.0000000000
77,5.1260000000,right_hand,19,0.3718419969,0.7269531488,-0.0524355993,1.0000000000
78,5.1920000000,right_hand,19,0.3557731211,0.7407239676,-0.0413461402,1.0000000000
79,5.2590000000,right_hand,19,0.3540121615,0.7055122852,-0.0462859459,1.0000000000
80,5.3250000000,right_hand,19,0.3463349640,0.6997069120,-0.0460460931,1.0000000000
81,5.3920000000,right_hand,19,0.3382726312,0.7094456553,-0.0592767783,1.0000000000
82,5.4590000000,right_hand,19,0.3327336907,0.7004466653,-0.0617897101,1.0000000000
83,5.5250000000,right_hand,19,0.3303369582,0.7153668404,-0.0695565641,1.0000000000
84,5.5920000000,right_hand,19,0.3681642711,0.7786766887,-0.0392890163,1.0000000000
85,5.6580000000,right_hand,19,0.3605723381,0.7859275937,-0.0864418074,1.0000000000
86,5.7250000000,right_hand,19,0.3582972884,0.7510741949,-0.0852215812,1.0000000000
87,5.7910000000,right_hand,19,0.3697558045,0.8053320646,-0.0822533593,1.0000000000
88,5.8580000000,right_hand,19,0.3632984757,0.8036537170,-0.0817038417,1.0000000000
89,5.9250000000,right_hand,19,0.3686116636,0.8064879179,-0.1035092548,1.0000000000
90,5.9910000000,right_hand,19,0.3681889176,0.8065807223,-0.0971936584,1.0000000000
91,6.0580000000,right_hand,19,0.3692098558,0.8042135239,-0.0970784947,1.0000000000
92,6.1240000000,right_hand,19,0.3627260029,0.7702802420,-0.0850903541,1.0000000000
93,6.1910000000,right_hand,19,0.3651397377,0.7833960652,-0.0703509990,1.0000000000
94,6.2570000000,right_hand,19,0.3675534725,0.7965118885,-0.0556116439,1.0000000000
95,6.3240000000,right_hand,19,0.3619027436,0.7859711051,-0.0460909270,1.0000000000
96,6.3910000000,right_hand,19,0.3598308414,0.7694963813,-0.0407283064,1.0000000000
97,6.4570000000,right_hand,19,0.3577589393,0.7530216575,-0.0353656858,1.0000000000
98,6.5240000000,right_hand,19,0.3505373001,0.7464679480,-0.0321230479,1.0000000000
99,6.5900000000,right_hand,19,0.3479224145,0.5980228782,-0.0445735939,1.0000000000
100,6.6570000000,right_hand,19,0.3065228760,0.7000418901,-0.0664974153,1.0000000000
101,6.7230000000,right_hand,19,0.2970682085,0.7010343671,-0.0748895630,1.0000000000
102,6.7900000000,right_hand,19,0.2789835930,0.6858892441,-0.1079358459,1.0000000000
103,6.8560000000,right_hand,19,0.2729538679,0.6845070720,-0.1432837099,1.0000000000
104,6.9230000000,right_hand,19,0.2871026397,0.6902563572,-0.0775191635,1.0000000000
105,6.9900000000,right_hand,19,0.3778471649,0.5924019814,-0.0686220229,1.0000000000
106,7.0560000000,right_hand,19,0.3774859905,0.5973001122,-0.0901571587,1.0000000000
107,7.1230000000,right_hand,19,0.3185017109,0.6561912298,-0.1429159194,1.0000000000
108,7.1890000000,right_hand,19,0.6385757327,0.8244493008,-0.0846892446,1.0000000000
109,7.2560000000,right_hand,19,0.2542774081,0.7044658065,-0.1071958467,1.0000000000
110,7.3220000000,right_hand,19,0.2540548146,0.7052174807,-0.1128860936,1.0000000000
111,7.3890000000,right_hand,19,0.3611967564,0.6007272601,-0.1147770062,1.0000000000
112,7.4560000000,right_hand,19,0.6330770254,0.8002428412,-0.0628299862,1.0000000000
113,7.5220000000,right_hand,19,0.2575155795,0.6962435246,-0.1358038187,1.0000000000
114,7.5890000000,right_hand,19,0.3578230143,0.5975865126,-0.1066111848,1.0000000000
115,7.6550000000,right_hand,19,0.3596040010,0.5959657431,-0.1142693162,1.0000000000
116,7.7220000000,right_hand,19,0.3583772182,0.5909199715,-0.1230509877,1.0000000000
117,7.7880000000,right_hand,19,0.3412516415,0.5800482035,-0.1087517664,1.0000000000
118,7.8550000000,right_hand,19,0.2534990907,0.7169324756,-0.1312373430,1.0000000000
119,7.9220000000,right_hand,19,0.2583061755,0.7179604769,-0.1351843476,1.0000000000
120,7.9880000000,right_hand,19,0.2630852163,0.7213462591,-0.1153544933,1.0000000000
121,8.0550000000,right_hand,19,0.2642412186,0.7240765095,-0.1235225797,1.0000000000
122,8.1210000000,right_hand,19,0.2665582895,0.7212580442,-0.1375670731,1.0000000000
123,8.1880000000,right_hand,19,0.2717652619,0.7200620174,-0.1214068234,1.0000000000
124,8.2540000000,right_hand,19,0.3429579437,0.5975803733,-0.1143920496,1.0000000000
125,8.3210000000,right_hand,19,0.2733582854,0.7199428082,-0.1062994748,1.0000000000
126,8.3880000000,right_hand,19,0.2650130987,0.7288048267,-0.1105496883,1.0000000000
127,8.4540000000,right_hand,19,0.5459925532,0.6462292075,-0.0650430471,1.0000000000
128,8.5210000000,right_hand,19,0.5579836965,0.6484750509,-0.0812242478,1.0000000000
129,8.5870000000,right_hand,19,0.2681324184,0.7300409079,-0.1181515008,1.0000000000
130,8.6540000000,right_hand,19,0.2684825063,0.7277248502,-0.1333958507,1.0000000000
131,8.7200000000,right_hand,19,0.2664025724,0.7263144255,-0.1198558584,1.0000000000
132,8.7870000000,right_hand,19,0.2667983174,0.7254367471,-0.1157726794,1.0000000000
133,8.8540000000,right_hand,19,0.2727730572,0.7170264721,-0.0762324855,1.0000000000
134,8.9200000000,right_hand,19,0.2731819451,0.7250213623,-0.0989905670,1.0000000000
135,8.9870000000,right_hand,19,0.2746178210,0.7147068977,-0.0870893896,1.0000000000
136,9.0530000000,right_hand,19,0.2711159587,0.7210244536,-0.1010380909,1.0000000000
137,9.1200000000,right_hand,19,0.2811787128,0.7235929966,-0.1222272143,1.0000000000
138,9.1860000000,right_hand,19,0.2805574834,0.7180145979,-0.1092471033,1.0000000000
139,9.2530000000,right_hand,19,0.2801445127,0.7178490162,-0.1180109978,1.0000000000
140,9.3200000000,right_hand,19,0.3251143992,0.6436823606,-0.1221879125,1.0000000000
141,9.3860000000,right_hand,19,0.2775720656,0.7180010676,-0.1184250340,1.0000000000
142,9.4530000000,right_hand,19,0.2753754854,0.7198344469,-0.1342964023,1.0000000000
143,9.5190000000,right_hand,19,0.2963575423,0.6957894564,-0.1084462404,1.0000000000
144,9.5860000000,right_hand,19,0.2735660374,0.7207031250,-0.1091886386,1.0000000000
145,9.6520000000,right_hand,19,0.2729535103,0.7215925455,-0.1296237260,1.0000000000
146,9.7190000000,right_hand,19,0.2758003771,0.7223519087,-0.1205644310,1.0000000000
147,9.7850000000,right_hand,19,0.2763202190,0.7219716311,-0.1372120380,1.0000000000
148,9.8520000000,right_hand,19,0.2791499496,0.7208907604,-0.1339628398,1.0000000000
149,9.9190000000,right_hand,19,0.2782574594,0.7160500288,-0.1184566617,1.0000000000
150,9.9850000000,right_hand,19,0.2789156437,0.7218445539,-0.1091018096,1.0000000000
151,10.0520000000,right_hand,19,0.2789268494,0.7195336223,-0.1184196770,1.0000000000
152,10.1180000000,right_hand,19,0.2777597010,0.7217743397,-0.1314072013,1.0000000000
153,10.1850000000,right_hand,19,0.2802167237,0.7197766900,-0.1140212938,1.0000000000
154,10.2510000000,right_hand,19,0.2854497433,0.7195593119,-0.1175817028,1.0000000000
155,10.3180000000,right_hand,19,0.2861880660,0.7159816623,-0.0937073678,1.0000000000
156,10.3850000000,right_hand,19,0.2857170701,0.7097800970,-0.1044733897,1.0000000000
157,10.4510000000,right_hand,19,0.2885379493,0.7158684731,-0.1098484769,1.0000000000
158,10.5180000000,right_hand,19,0.2859583199,0.7098330259,-0.1079594344,1.0000000000
159,10.5840000000,right_hand,19,0.2854385078,0.7097651362,-0.0998957381,1.0000000000
160,10.6510000000,right_hand,19,0.2823738158,0.7162252069,-0.0933884606,1.0000000000
161,10.7170000000,right_hand,19,0.2839335203,0.7127586603,-0.1060880870,1.0000000000
162,10.7840000000,right_hand,19,0.2832026780,0.7193285227,-0.1124554724,1.0000000000
163,10.8510000000,right_hand,19,0.2882620692,0.7201383114,-0.1352391690,1.0000000000
164,10.9170000000,right_hand,19,0.2864409387,0.7110832930,-0.1091015786,1.0000000000
165,10.9840000000,right_hand,19,0.2886266410,0.7181279659,-0.1452270299,1.0000000000
166,11.0500000000,right_hand,19,0.2885934114,0.7139995098,-0.1342652440,1.0000000000
167,11.1170000000,right_hand,19,0.2890415192,0.7144524455,-0.1263135672,1.0000000000
168,11.1830000000,right_hand,19,0.2878349721,0.7067974806,-0.1318536550,1.0000000000
169,11.2500000000,right_hand,19,0.2951823771,0.7023043036,-0.1129966751,1.0000000000
170,11.3170000000,right_hand,19,0.2936533093,0.7056729794,-0.1141174287,1.0000000000
171,11.3830000000,right_hand,19,0.2918948829,0.7031509876,-0.0966817290,1.0000000000
172,11.4500000000,right_hand,19,0.2967544198,0.7021415234,-0.1045839563,1.0000000000
173,11.5160000000,right_hand,19,0.2945768833,0.6976980567,-0.0993752331,1.0000000000
174,11.5830000000,right_hand,19,0.2942022979,0.7000159025,-0.1032896265,1.0000000000
175,11.6490000000,right_hand,19,0.2939468026,0.7000224590,-0.0929281041,1.0000000000
176,11.7160000000,right_hand,19,0.2955506146,0.7048337460,-0.1004174277,1.0000000000
177,11.7830000000,right_hand,19,0.2945761681,0.7032508850,-0.0821048990,1.0000000000
178,11.8490000000,right_hand,19,0.2935656011,0.7001565099,-0.1146951020,1.0000000000
179,11.9160000000,right_hand,19,0.2928878963,0.7038975954,-0.0931431502,1.0000000000
180,11.9820000000,right_hand,19,0.2949727476,0.7031618357,-0.1036676839,1.0000000000
76,5.0590000000,right_hand,20,0.3843229413,0.6946746111,-0.0244431943,1.0000000000
77,5.1260000000,right_hand,20,0.3842222393,0.7115715146,-0.0508851148,1.0000000000
78,5.1920000000,right_hand,20,0.3723080158,0.7350744009,-0.0420495942,1.0000000000
79,5.2590000000,right_hand,20,0.3721159995,0.6991032362,-0.0470622405,1.0000000000
80,5.3250000000,right_hand,20,0.3648211062,0.6914923191,-0.0470339395,1.0000000000
81,5.3920000000,right_hand,20,0.3579927087,0.7036408186,-0.0613073036,1.0000000000
82,5.4590000000,right_hand,20,0.3492743075,0.6870484352,-0.0603266470,1.0000000000
83,5.5250000000,right_hand,20,0.3471417129,0.7012138367,-0.0689446107,1.0000000000
84,5.5920000000,right_hand,20,0.3811426759,0.7584976554,-0.0390545204,1.0000000000
85,5.6580000000,right_hand,20,0.3781142831,0.7711139321,-0.0906566158,1.0000000000
86,5.7250000000,right_hand,20,0.3736642003,0.7291522622,-0.0826036930,1.0000000000
87,5.7910000000,right_hand,20,0.3908630610,0.7850638032,-0.0870797336,1.0000000000
88,5.8580000000,right_hand,20,0.3820616007,0.7835497260,-0.0870948285,1.0000000000
89,5.9250000000,right_hand,20,0.3883692324,0.7845962048,-0.1108212620,1.0000000000
90,5.9910000000,right_hand,20,0.3880039752,0.7873823047,-0.1037442237,1.0000000000
91,6.0580000000,right_hand,20,0.3878219128,0.7846637964,-0.1023655385,1.0000000000
92,6.1240000000,right_hand,20,0.3772011399,0.7519245148,-0.0837817490,1.0000000000
93,6.1910000000,right_hand,20,0.3762368709,0.7671864331,-0.0695191547,1.0000000000
94,6.2570000000,right_hand,20,0.3752726018,0.7824483514,-0.0552565604,1.0000000000
95,6.3240000000,right_hand,20,0.3703550696,0.7716814280,-0.0457014740,1.0000000000
96,6.3910000000,right_hand,20,0.3614005297,0.7569747567,-0.0385820195,1.0000000000
97,6.4570000000,right_hand,20,0.3524459898,0.7422680855,-0.0314625651,1.0000000000
98,6.5240000000,right_hand,20,0.3552823067,0.7474874854,-0.0244097393,1.0000000000
99,6.5900000000,right_hand,20,0.3611048162,0.6119795442,-0.0454144701,1.0000000000
100,6.6570000000,right_hand,20,0.3225338161,0.7182379365,-0.0699043497,1.0000000000
101,6.7230000000,right_hand,20,0.3106392324,0.7273617387,-0.0780640543,1.0000000000
102,6.7900000000,right_hand,20,0.2908483148,0.7175433040,-0.1128317788,1.0000000000
103,6.8560000000,right_hand,20,0.2836365104,0.7190800905,-0.1534025371,1.0000000000
104,6.9230000000,right_hand,20,0.2934639752,0.7326923013,-0.0788902417,1.0000000000
105,6.9900000000,right_hand,20,0.3879594505,0.6224339604,-0.0697378665,1.0000000000
106,7.0560000000,right_hand,20,0.3893393874,0.6273788214,-0.0919646248,1.0000000000
107,7.1230000000,right_hand,20,0.3345487118,0.7004334927,-0.1485554576,1.0000000000
108,7.1890000000,right_hand,20,0.6204746366,0.8600466847,-0.0911865979,1.0000000000
109,7.2560000000,right_hand,20,0.2674693465,0.7485177517,-0.1090551913,1.0000000000
110,7.3220000000,right_hand,20,0.2668186724,0.7452213168,-0.1165373623,1.0000000000
111,7.3890000000,right_hand,20,0.3723634481,0.6331923604,-0.1187674925,1.0000000000
112,7.4560000000,right_hand,20,0.6151818633,0.8296196461,-0.0679175779,1.0000000000
113,7.5220000000,right_hand,20,0.2750020325,0.7353326678,-0.1424311846,1.0000000000
114,7.5890000000,right_hand,20,0.3701512218,0.6330866814,-0.1100292578,1.0000000000
115,7.6550000000,right_hand,20,0.3720355332,0.6283842921,-0.1177580059,1.0000000000
116,7.7220000000,right_hand,20,0.3710856736,0.6239597201,-0.1263702810,1.0000000000
117,7.7880000000,right_hand,20,0.3581080139,0.6156825423,-0.1155414060,1.0000000000
118,7.8550000000,right_hand,20,0.2643882036,0.7562304735,-0.1386143863,1.0000000000
119,7.9220000000,right_hand,20,0.2685943842,0.7584779263,-0.1419653744,1.0000000000
120,7.9880000000,right_hand,20,0.2753715217,0.7617753148,-0.1183713004,1.0000000000
121,8.0550000000,right_hand,20,0.2758516371,0.7609000206,-0.1267378479,1.0000000000
122,8.1210000000,right_hand,20,0.2788050175,0.7601712346,-0.1420298368,1.0000000000
123,8.1880000000,right_hand,20,0.2832570076,0.7603185177,-0.1277746260,1.0000000000
124,8.2540000000,right_hand,20,0.3597791791,0.6359481215,-0.1209957078,1.0000000000
125,8.3210000000,right_hand,20,0.2854012549,0.7625554800,-0.1096660867,1.0000000000
126,8.3880000000,right_hand,20,0.2773085833,0.7691150308,-0.1163572669,1.0000000000
127,8.4540000000,right_hand,20,0.5271906853,0.6474145055,-0.0694104135,1.0000000000
128,8.5210000000,right_hand,20,0.5405527949,0.6577929258,-0.0857758448,1.0000000000
129,8.5870000000,right_hand,20,0.2806953788,0.7699220777,-0.1252724379,1.0000000000
130,8.6540000000,right_hand,20,0.2799324989,0.7678874731,-0.1410289705,1.0000000000
131,8.7200000000,right_hand,20,0.2791988254,0.7646129131,-0.1268166006,1.0000000000
132,8.7870000000,right_hand,20,0.2793576717,0.7641319036,-0.1213019788,1.0000000000
133,8.8540000000,right_hand,20,0.2862329483,0.7566504478,-0.0772786662,1.0000000000
134,8.9200000000,right_hand,20,0.2863000929,0.7656781673,-0.1020429060,1.0000000000
135,8.9870000000,right_hand,20,0.2878287137,0.7552681565,-0.0894012228,1.0000000000
136,9.0530000000,right_hand,20,0.2860152423,0.7628272772,-0.1070893332,1.0000000000
137,9.1200000000,right_hand,20,0.2938998342,0.7618334889,-0.1285359114,1.0000000000
138,9.1860000000,right_hand,20,0.2946034372,0.7564888000,-0.1151640415,1.0000000000
139,9.2530000000,right_hand,20,0.2937494516,0.7579917908,-0.1232306436,1.0000000000
140,9.3200000000,right_hand,20,0.3389581740,0.6844478846,-0.1307064295,1.0000000000
141,9.3860000000,right_hand,20,0.2901679277,0.7537722588,-0.1240466759,1.0000000000
142,9.4530000000,right_hand,20,0.2870426774,0.7596875429,-0.1422387362,1.0000000000
143,9.5190000000,right_hand,20,0.3111200929,0.7391875386,-0.1146887615,1.0000000000
144,9.5860000000,right_hand,20,0.2863416970,0.7615978718,-0.1128086150,1.0000000000
145,9.6520000000,right_hand,20,0.2853740752,0.7607154846,-0.1378656328,1.0000000000
146,9.7190000000,right_hand,20,0.2873036861,0.7626526952,-0.1268953681,1.0000000000
147,9.7850000000,right_hand,20,0.2888111770,0.7610927224,-0.1444029212,1.0000000000
148,9.8520000000,right_hand,20,0.2910110950,0.7597088218,-0.1405815482,1.0000000000
149,9.9190000000,right_hand,20,0.2912025154,0.7553516626,-0.1250752807,1.0000000000
150,9.9850000000,right_hand,20,0.2908813953,0.7615561485,-0.1147736907,1.0000000000
151,10.0520000000,right_hand,20,0.2925683856,0.7605082989,-0.1248202249,1.0000000000
152,10.1180000000,right_hand,20,0.2917244136,0.7598181367,-0.1398705393,1.0000000000
153,10.1850000000,right_hand,20,0.2943913639,0.7577781081,-0.1189267114,1.0000000000
154,10.2510000000,right_hand,20,0.3004027307,0.7540686131,-0.1206775680,1.0000000000
155,10.3180000000,right_hand,20,0.3020369112,0.7524644136,-0.0969277024,1.0000000000
156,10.3850000000,right_hand,20,0.3017786145,0.7490276694,-0.1085652635,1.0000000000
157,10.4510000000,right_hand,20,0.3040682971,0.7547993064,-0.1141570285,1.0000000000
158,10.5180000000,right_hand,20,0.3012243509,0.7481416464,-0.1108903512,1.0000000000
159,10.5840000000,right_hand,20,0.3001106381,0.7481495738,-0.1011752039,1.0000000000
160,10.6510000000,right_hand,20,0.2956677079,0.7523069978,-0.0960617512,1.0000000000
161,10.7170000000,right_hand,20,0.2986199856,0.7505506277,-0.1095776781,1.0000000000
162,10.7840000000,right_hand,20,0.2963162363,0.7549575567,-0.1170699894,1.0000000000
163,10.8510000000,right_hand,20,0.3027429879,0.7565799356,-0.1421070993,1.0000000000
164,10.9170000000,right_hand,20,0.3024112582,0.7495512366,-0.1129930988,1.0000000000
165,10.9840000000,right_hand,20,0.3033330142,0.7561925650,-0.1521179825,1.0000000000
166,11.0500000000,right_hand,20,0.3032248616,0.7519256473,-0.1408207566,1.0000000000
167,11.1170000000,right_hand,20,0.3037558198,0.7530138493,-0.1317205280,1.0000000000
168,11.1830000000,right_hand,20,0.3022044003,0.7441749573,-0.1399002373,1.0000000000
169,11.2500000000,right_hand,20,0.3107550144,0.7394505143,-0.1191327199,1.0000000000
170,11.3170000000,right_hand,20,0.3093716204,0.7429685593,-0.1208195165,1.0000000000
171,11.3830000000,right_hand,20,0.3078860343,0.7422078848,-0.1013556272,1.0000000000
172,11.4500000000,right_hand,20,0.3119694293,0.7419075966,-0.1109248102,1.0000000000
173,11.5160000000,right_hand,20,0.3098409176,0.7383850813,-0.1063474640,1.0000000000
174,11.5830000000,right_hand,20,0.3093132973,0.7421364188,-0.1119138598,1.0000000000
175,11.6490000000,right_hand,20,0.3091865778,0.7398941517,-0.1020905152,1.0000000000
176,11.7160000000,right_hand,20,0.3096994758,0.7443655729,-0.1095377952,1.0000000000
177,11.7830000000,right_hand,20,0.3103103340,0.7428949475,-0.0922786891,1.0000000000
178,11.8490000000,right_hand,20,0.3091968000,0.7413355112,-0.1236527190,1.0000000000
179,11.9160000000,right_hand,20,0.3073681593,0.7440587878,-0.1008753404,1.0000000000
180,11.9820000000,right_hand,20,0.3089741170,0.7446814179,-0.1147582680,1.0000000000
