frame_id,timestamp_sec,landmark_type,landmark_id,x,y,z,visibility
47,5.0330000000,left_hand,0,0.3487292528,0.5424322486,0.0000000508,1.0000000000
48,5.1400000000,left_hand,0,0.3487292528,0.5424322486,0.0000000508,1.0000000000
49,5.2470000000,left_hand,0,0.3487292528,0.5424322486,0.0000000508,1.0000000000
50,5.3540000000,left_hand,0,0.3487292528,0.5424322486,0.0000000508,1.0000000000
51,5.4610000000,left_hand,0,0.3487292528,0.5424322486,0.0000000508,1.0000000000
52,5.5680000000,left_hand,0,0.3487292528,0.5424322486,0.0000000508,1.0000000000
53,5.6750000000,left_hand,0,0.3487292528,0.5424322486,0.0000000508,1.0000000000
54,5.7820000000,left_hand,0,0.3487292528,0.5424322486,0.0000000508,1.0000000000
55,5.8890000000,left_hand,0,0.3487292528,0.5424322486,0.0000000508,1.0000000000
56,5.9970000000,left_hand,0,0.3487292528,0.5424322486,0.0000000508,1.0000000000
57,6.1040000000,left_hand,0,0.3487292528,0.5424322486,0.0000000508,1.0000000000
58,6.2110000000,left_hand,0,0.3487292528,0.5424322486,0.0000000508,1.0000000000
59,6.3180000000,left_hand,0,0.3487292528,0.5424322486,0.0000000508,1.0000000000
60,6.4250000000,left_hand,0,0.3487292528,0.5424322486,0.0000000508,1.0000000000
61,6.5320000000,left_hand,0,0.3487292528,0.5424322486,0.0000000508,1.0000000000
62,6.6390000000,left_hand,0,0.3487292528,0.5424322486,0.0000000508,1.0000000000
63,6.7460000000,left_hand,0,0.3490587771,0.5399252176,0.0000000913,1.0000000000
64,6.8530000000,left_hand,0,0.6080434918,0.7124422193,0.0000000043,1.0000000000
65,6.9600000000,left_hand,0,0.6194598675,0.7114570141,0.0000000580,1.0000000000
66,7.0670000000,left_hand,0,0.6210825443,0.7219709754,-0.0000000093,1.0000000000
67,7.1740000000,left_hand,0,0.6201616302,0.7272364274,-0.0000000230,1.0000000000
68,7.2820000000,left_hand,0,0.6192407161,0.7325018793,-0.0000000367,1.0000000000
69,7.3890000000,left_hand,0,0.6192407161,0.7325018793,-0.0000000367,1.0000000000
70,7.4960000000,left_hand,0,0.6192407161,0.7325018793,-0.0000000367,1.0000000000
71,7.6030000000,left_hand,0,0.6192407161,0.7325018793,-0.0000000367,1.0000000000
72,7.7100000000,left_hand,0,0.6155570596,0.7535636872,-0.0000000914,1.0000000000
73,7.8170000000,left_hand,0,0.6146361455,0.7588291392,-0.0000001051,1.0000000000
74,7.9240000000,left_hand,0,0.6137152314,0.7640945911,-0.0000001188,1.0000000000
75,8.0310000000,left_hand,0,0.6186428070,0.7581608891,-0.0000000279,1.0000000000
76,8.1380000000,left_hand,0,0.6232378483,0.7549715638,-0.0000000058,1.0000000000
77,8.2450000000,left_hand,0,0.6233784556,0.7496557832,-0.0000000528,1.0000000000
78,8.3520000000,left_hand,0,0.6255493760,0.7453285456,-0.0000000558,1.0000000000
79,8.4590000000,left_hand,0,0.6160685420,0.7411755919,-0.0000000772,1.0000000000
80,8.5660000000,left_hand,0,0.6272731423,0.7270263433,0.0000000128,1.0000000000
81,8.6740000000,left_hand,0,0.6310411096,0.7200319171,0.0000000245,1.0000000000
82,8.7810000000,left_hand,0,0.6279375672,0.7245961070,0.0000000103,1.0000000000
83,8.8880000000,left_hand,0,0.6248340249,0.7291602969,-0.0000000040,1.0000000000
84,8.9950000000,left_hand,0,0.6217304826,0.7337244868,-0.0000000183,1.0000000000
85,9.1020000000,left_hand,0,0.6186269403,0.7382886767,-0.0000000326,1.0000000000
86,9.2090000000,left_hand,0,0.6155233979,0.7428528666,-0.0000000468,1.0000000000
87,9.3160000000,left_hand,0,0.6211321950,0.7482933402,-0.0000000335,1.0000000000
88,9.4230000000,left_hand,0,0.6218741139,0.7438584765,-0.0000000410,1.0000000000
89,9.5300000000,left_hand,0,0.6226160328,0.7394236128,-0.0000000485,1.0000000000
90,9.6370000000,left_hand,0,0.6233579516,0.7349887490,-0.0000000560,1.0000000000
91,9.7440000000,left_hand,0,0.6255607605,0.7226022482,-0.0000000044,1.0000000000
92,9.8510000000,left_hand,0,0.6296544075,0.7190353274,-0.0000000276,1.0000000000
93,9.9590000000,left_hand,0,0.6215072870,0.7255421877,-0.0000000065,1.0000000000
94,10.0660000000,left_hand,0,0.6133601665,0.7320490479,0.0000000146,1.0000000000
95,10.1730000000,left_hand,0,0.6116490364,0.7429645061,-0.0000000101,1.0000000000
96,10.2800000000,left_hand,0,0.6223064065,0.7353131175,0.0000000341,1.0000000000
97,10.3870000000,left_hand,0,0.6239336431,0.7254589796,0.0000000376,1.0000000000
98,10.4940000000,left_hand,0,0.6255608797,0.7156048417,0.0000000411,1.0000000000
99,10.6010000000,left_hand,0,0.6219726801,0.7284896970,0.0000000069,1.0000000000
100,10.7080000000,left_hand,0,0.6231409311,0.7273384929,-0.0000000097,1.0000000000
101,10.8150000000,left_hand,0,0.6243091822,0.7261872888,-0.0000000262,1.0000000000
102,10.9220000000,left_hand,0,0.6254774332,0.7250360847,-0.0000000427,1.0000000000
103,11.0290000000,left_hand,0,0.6278343399,0.7259287834,-0.0000000564,1.0000000000
104,11.1360000000,left_hand,0,0.6301912467,0.7268214822,-0.0000000701,1.0000000000
105,11.2430000000,left_hand,0,0.6325481534,0.7277141809,-0.0000000838,1.0000000000
106,11.3510000000,left_hand,0,0.6271008650,0.7310778896,-0.0000000835,1.0000000000
107,11.4580000000,left_hand,0,0.6216535767,0.7344415983,-0.0000000832,1.0000000000
108,11.5650000000,left_hand,0,0.6162062883,0.7378053069,-0.0000000830,1.0000000000
109,11.6720000000,left_hand,0,0.6192702452,0.7300295830,-0.0000000450,1.0000000000
110,11.7790000000,left_hand,0,0.6223342021,0.7222538590,-0.0000000071,1.0000000000
111,11.8860000000,left_hand,0,0.6253981590,0.7144781351,0.0000000308,1.0000000000
112,11.9930000000,left_hand,0,0.6334497929,0.7239308953,-0.0000000382,1.0000000000
47,5.0330000000,left_hand,1,0.3727712333,0.5477882028,0.0041469317,1.0000000000
48,5.1400000000,left_hand,1,0.3727712333,0.5477882028,0.0041469317,1.0000000000
49,5.2470000000,left_hand,1,0.3727712333,0.5477882028,0.0041469317,1.0000000000
50,5.3540000000,left_hand,1,0.3727712333,0.5477882028,0.0041469317,1.0000000000
51,5.4610000000,left_hand,1,0.3727712333,0.5477882028,0.0041469317,1.0000000000
52,5.5680000000,left_hand,1,0.3727712333,0.5477882028,0.0041469317,1.0000000000
53,5.6750000000,left_hand,1,0.3727712333,0.5477882028,0.0041469317,1.0000000000
54,5.7820000000,left_hand,1,0.3727712333,0.5477882028,0.0041469317,1.0000000000
55,5.8890000000,left_hand,1,0.3727712333,0.5477882028,0.0041469317,1.0000000000
56,5.9970000000,left_hand,1,0.3727712333,0.5477882028,0.0041469317,1.0000000000
57,6.1040000000,left_hand,1,0.3727712333,0.5477882028,0.0041469317,1.0000000000
58,6.2110000000,left_hand,1,0.3727712333,0.5477882028,0.0041469317,1.0000000000
59,6.3180000000,left_hand,1,0.3727712333,0.5477882028,0.0041469317,1.0000000000
60,6.4250000000,left_hand,1,0.3727712333,0.5477882028,0.0041469317,1.0000000000
61,6.5320000000,left_hand,1,0.3727712333,0.5477882028,0.0041469317,1.0000000000
62,6.6390000000,left_hand,1,0.3727712333,0.5477882028,0.0041469317,1.0000000000
63,6.7460000000,left_hand,1,0.3721074760,0.5518426895,0.0009957212,1.0000000000
64,6.8530000000,left_hand,1,0.6251090765,0.7050534487,-0.0107642459,1.0000000000
65,6.9600000000,left_hand,1,0.6375342607,0.7097080946,-0.0047710477,1.0000000000
66,7.0670000000,left_hand,1,0.6372965574,0.7119734287,-0.0074635311,1.0000000000
67,7.1740000000,left_hand,1,0.6364216805,0.7169245407,-0.0066570327,1.0000000000
68,7.2820000000,left_hand,1,0.6355468035,0.7218756527,-0.0058505344,1.0000000000
69,7.3890000000,left_hand,1,0.6355468035,0.7218756527,-0.0058505344,1.0000000000
70,7.4960000000,left_hand,1,0.6355468035,0.7218756527,-0.0058505344,1.0000000000
71,7.6030000000,left_hand,1,0.6355468035,0.7218756527,-0.0058505344,1.0000000000
72,7.7100000000,left_hand,1,0.6320472956,0.7416801006,-0.0026245409,1.0000000000
73,7.8170000000,left_hand,1,0.6311724186,0.7466312125,-0.0018180425,1.0000000000
74,7.9240000000,left_hand,1,0.6302975416,0.7515823245,-0.0010115441,1.0000000000
75,8.0310000000,left_hand,1,0.6326436400,0.7408785224,-0.0048604398,1.0000000000
76,8.1380000000,left_hand,1,0.6381156445,0.7400055528,-0.0026625395,1.0000000000
77,8.2450000000,left_hand,1,0.6409733295,0.7384811640,-0.0039467723,1.0000000000
78,8.3520000000,left_hand,1,0.6430469751,0.7349320650,-0.0025444599,1.0000000000
79,8.4590000000,left_hand,1,0.6316170692,0.7377088666,-0.0048687542,1.0000000000
80,8.5660000000,left_hand,1,0.6451597810,0.7226262689,-0.0045435210,1.0000000000
81,8.6740000000,left_hand,1,0.6481925845,0.7172836661,-0.0040339036,1.0000000000
82,8.7810000000,left_hand,1,0.6441674948,0.7199062705,-0.0054777494,1.0000000000
83,8.8880000000,left_hand,1,0.6401424050,0.7225288749,-0.0069215951,1.0000000000
84,8.9950000000,left_hand,1,0.6361173153,0.7251514792,-0.0083654409,1.0000000000
85,9.1020000000,left_hand,1,0.6320922256,0.7277740836,-0.0098092867,1.0000000000
86,9.2090000000,left_hand,1,0.6280671358,0.7303966880,-0.0112531325,1.0000000000
87,9.3160000000,left_hand,1,0.6374961138,0.7363899350,-0.0037423093,1.0000000000
88,9.4230000000,left_hand,1,0.6389300227,0.7330160141,-0.0027833628,1.0000000000
89,9.5300000000,left_hand,1,0.6403639317,0.7296420932,-0.0018244162,1.0000000000
90,9.6370000000,left_hand,1,0.6417978406,0.7262681723,-0.0008654697,1.0000000000
91,9.7440000000,left_hand,1,0.6427896619,0.7241652608,-0.0010405458,1.0000000000
92,9.8510000000,left_hand,1,0.6488547325,0.7173681855,-0.0046893484,1.0000000000
93,9.9590000000,left_hand,1,0.6383456886,0.7236732543,-0.0053744107,1.0000000000
94,10.0660000000,left_hand,1,0.6278366446,0.7299783230,-0.0060594729,1.0000000000
95,10.1730000000,left_hand,1,0.6282038093,0.7329760194,-0.0084388964,1.0000000000
96,10.2800000000,left_hand,1,0.6389182806,0.7238711715,-0.0038524021,1.0000000000
97,10.3870000000,left_hand,1,0.6418656409,0.7193863690,-0.0052051818,1.0000000000
98,10.4940000000,left_hand,1,0.6448130012,0.7149015665,-0.0065579615,1.0000000000
99,10.6010000000,left_hand,1,0.6413137913,0.7183353305,-0.0056878771,1.0000000000
100,10.7080000000,left_hand,1,0.6421914697,0.7193215291,-0.0044729272,1.0000000000
101,10.8150000000,left_hand,1,0.6430691481,0.7203077277,-0.0032579773,1.0000000000
102,10.9220000000,left_hand,1,0.6439468265,0.7212939262,-0.0020430274,1.0000000000
103,11.0290000000,left_hand,1,0.6462071141,0.7226293087,-0.0008971742,1.0000000000
104,11.1360000000,left_hand,1,0.6484674017,0.7239646912,0.0002486790,1.0000000000
105,11.2430000000,left_hand,1,0.6507276893,0.7253000736,0.0013945323,1.0000000000
106,11.3510000000,left_hand,1,0.6469840606,0.7246582905,-0.0034926843,1.0000000000
107,11.4580000000,left_hand,1,0.6432404319,0.7240165075,-0.0083799009,1.0000000000
108,11.5650000000,left_hand,1,0.6394968033,0.7233747244,-0.0132671176,1.0000000000
109,11.6720000000,left_hand,1,0.6403231223,0.7198999127,-0.0102685181,1.0000000000
110,11.7790000000,left_hand,1,0.6411494414,0.7164251010,-0.0072699186,1.0000000000
111,11.8860000000,left_hand,1,0.6419757605,0.7129502892,-0.0042713191,1.0000000000
112,11.9930000000,left_hand,1,0.6528904438,0.7225317955,-0.0014963219,1.0000000000
47,5.0330000000,left_hand,2,0.4002818167,0.5412864089,0.0018922292,1.0000000000
48,5.1400000000,left_hand,2,0.4002818167,0.5412864089,0.0018922292,1.0000000000
49,5.2470000000,left_hand,2,0.4002818167,0.5412864089,0.0018922292,1.0000000000
50,5.3540000000,left_hand,2,0.4002818167,0.5412864089,0.0018922292,1.0000000000
51,5.4610000000,left_hand,2,0.4002818167,0.5412864089,0.0018922292,1.0000000000
52,5.5680000000,left_hand,2,0.4002818167,0.5412864089,0.0018922292,1.0000000000
53,5.6750000000,left_hand,2,0.4002818167,0.5412864089,0.0018922292,1.0000000000
54,5.7820000000,left_hand,2,0.4002818167,0.5412864089,0.0018922292,1.0000000000
55,5.8890000000,left_hand,2,0.4002818167,0.5412864089,0.0018922292,1.0000000000
56,5.9970000000,left_hand,2,0.4002818167,0.5412864089,0.0018922292,1.0000000000
57,6.1040000000,left_hand,2,0.4002818167,0.5412864089,0.0018922292,1.0000000000
58,6.2110000000,left_hand,2,0.4002818167,0.5412864089,0.0018922292,1.0000000000
59,6.3180000000,left_hand,2,0.4002818167,0.5412864089,0.0018922292,1.0000000000
60,6.4250000000,left_hand,2,0.4002818167,0.5412864089,0.0018922292,1.0000000000
61,6.5320000000,left_hand,2,0.4002818167,0.5412864089,0.0018922292,1.0000000000
62,6.6390000000,left_hand,2,0.4002818167,0.5412864089,0.0018922292,1.0000000000
63,6.7460000000,left_hand,2,0.3986689150,0.5477982163,-0.0010227317,1.0000000000
64,6.8530000000,left_hand,2,0.6459338665,0.7143475413,-0.0164639000,1.0000000000
65,6.9600000000,left_hand,2,0.6566156149,0.7214556932,-0.0089199962,1.0000000000
66,7.0670000000,left_hand,2,0.6578347683,0.7204021811,-0.0113870408,1.0000000000
67,7.1740000000,left_hand,2,0.6568585485,0.7247103229,-0.0101445262,1.0000000000
68,7.2820000000,left_hand,2,0.6558823287,0.7290184647,-0.0089020116,1.0000000000
69,7.3890000000,left_hand,2,0.6558823287,0.7290184647,-0.0089020116,1.0000000000
70,7.4960000000,left_hand,2,0.6558823287,0.7290184647,-0.0089020116,1.0000000000
71,7.6030000000,left_hand,2,0.6558823287,0.7290184647,-0.0089020116,1.0000000000
72,7.7100000000,left_hand,2,0.6519774497,0.7462510318,-0.0039319530,1.0000000000
73,7.8170000000,left_hand,2,0.6510012299,0.7505591735,-0.0026894383,1.0000000000
74,7.9240000000,left_hand,2,0.6500250101,0.7548673153,-0.0014469237,1.0000000000
75,8.0310000000,left_hand,2,0.6519510746,0.7367970943,-0.0073306719,1.0000000000
76,8.1380000000,left_hand,2,0.6587558985,0.7365982533,-0.0050745159,1.0000000000
77,8.2450000000,left_hand,2,0.6627418995,0.7385379672,-0.0056758597,1.0000000000
78,8.3520000000,left_hand,2,0.6638540626,0.7371909022,-0.0037132923,1.0000000000
79,8.4590000000,left_hand,2,0.6506131291,0.7486492991,-0.0066838716,1.0000000000
80,8.5660000000,left_hand,2,0.6644665003,0.7324721217,-0.0064585460,1.0000000000
81,8.6740000000,left_hand,2,0.6663452983,0.7280759811,-0.0065543009,1.0000000000
82,8.7810000000,left_hand,2,0.6617097974,0.7287141323,-0.0087924071,1.0000000000
83,8.8880000000,left_hand,2,0.6570742965,0.7293522835,-0.0110305132,1.0000000000
84,8.9950000000,left_hand,2,0.6524387956,0.7299904346,-0.0132686194,1.0000000000
85,9.1020000000,left_hand,2,0.6478032947,0.7306285858,-0.0155067256,1.0000000000
86,9.2090000000,left_hand,2,0.6431677938,0.7312667370,-0.0177448317,1.0000000000
87,9.3160000000,left_hand,2,0.6560026407,0.7365495563,-0.0062813801,1.0000000000
88,9.4230000000,left_hand,2,0.6576098800,0.7361690203,-0.0047214365,1.0000000000
89,9.5300000000,left_hand,2,0.6592171192,0.7357884844,-0.0031614930,1.0000000000
90,9.6370000000,left_hand,2,0.6608243585,0.7354079485,-0.0016015494,1.0000000000
91,9.7440000000,left_hand,2,0.6594253182,0.7383773327,-0.0022970375,1.0000000000
92,9.8510000000,left_hand,2,0.6678084135,0.7292715311,-0.0075309197,1.0000000000
93,9.9590000000,left_hand,2,0.6563085616,0.7338524163,-0.0081420613,1.0000000000
94,10.0660000000,left_hand,2,0.6448087096,0.7384333014,-0.0087532029,1.0000000000
95,10.1730000000,left_hand,2,0.6483240724,0.7363514900,-0.0131181935,1.0000000000
96,10.2800000000,left_hand,2,0.6591381431,0.7270408273,-0.0059687821,1.0000000000
97,10.3870000000,left_hand,2,0.6612648666,0.7282812297,-0.0077945166,1.0000000000
98,10.4940000000,left_hand,2,0.6633915901,0.7295216322,-0.0096202511,1.0000000000
99,10.6010000000,left_hand,2,0.6610614657,0.7249209881,-0.0092233187,1.0000000000
100,10.7080000000,left_hand,2,0.6614932418,0.7276223898,-0.0073040279,1.0000000000
101,10.8150000000,left_hand,2,0.6619250178,0.7303237915,-0.0053847372,1.0000000000
102,10.9220000000,left_hand,2,0.6623567939,0.7330251932,-0.0034654464,1.0000000000
103,11.0290000000,left_hand,2,0.6641814510,0.7345402638,-0.0015109760,1.0000000000
104,11.1360000000,left_hand,2,0.6660061081,0.7360553344,0.0004434945,1.0000000000
105,11.2430000000,left_hand,2,0.6678307652,0.7375704050,0.0023979649,1.0000000000
106,11.3510000000,left_hand,2,0.6656605601,0.7351870139,-0.0061674750,1.0000000000
107,11.4580000000,left_hand,2,0.6634903550,0.7328036229,-0.0147329149,1.0000000000
108,11.5650000000,left_hand,2,0.6613201499,0.7304202318,-0.0232983548,1.0000000000
109,11.6720000000,left_hand,2,0.6600738565,0.7284493645,-0.0174856830,1.0000000000
110,11.7790000000,left_hand,2,0.6588275631,0.7264784972,-0.0116730112,1.0000000000
111,11.8860000000,left_hand,2,0.6575812697,0.7245076299,-0.0058603394,1.0000000000
112,11.9930000000,left_hand,2,0.6718972325,0.7345143557,-0.0025834374,1.0000000000
47,5.0330000000,left_hand,3,0.4252201915,0.5314441323,-0.0005761028,1.0000000000
48,5.1400000000,left_hand,3,0.4252201915,0.5314441323,-0.0005761028,1.0000000000
49,5.2470000000,left_hand,3,0.4252201915,0.5314441323,-0.0005761028,1.0000000000
50,5.3540000000,left_hand,3,0.4252201915,0.5314441323,-0.0005761028,1.0000000000
51,5.4610000000,left_hand,3,0.4252201915,0.5314441323,-0.0005761028,1.0000000000
52,5.5680000000,left_hand,3,0.4252201915,0.5314441323,-0.0005761028,1.0000000000
53,5.6750000000,left_hand,3,0.4252201915,0.5314441323,-0.0005761028,1.0000000000
54,5.7820000000,left_hand,3,0.4252201915,0.5314441323,-0.0005761028,1.0000000000
55,5.8890000000,left_hand,3,0.4252201915,0.5314441323,-0.0005761028,1.0000000000
56,5.9970000000,left_hand,3,0.4252201915,0.5314441323,-0.0005761028,1.0000000000
57,6.1040000000,left_hand,3,0.4252201915,0.5314441323,-0.0005761028,1.0000000000
58,6.2110000000,left_hand,3,0.4252201915,0.5314441323,-0.0005761028,1.0000000000
59,6.3180000000,left_hand,3,0.4252201915,0.5314441323,-0.0005761028,1.0000000000
60,6.4250000000,left_hand,3,0.4252201915,0.5314441323,-0.0005761028,1.0000000000
61,6.5320000000,left_hand,3,0.4252201915,0.5314441323,-0.0005761028,1.0000000000
62,6.6390000000,left_hand,3,0.4252201915,0.5314441323,-0.0005761028,1.0000000000
63,6.7460000000,left_hand,3,0.4234701693,0.5384778976,-0.0026179040,1.0000000000
64,6.8530000000,left_hand,3,0.6634590626,0.7274696827,-0.0203455091,1.0000000000
65,6.9600000000,left_hand,3,0.6720877290,0.7346536517,-0.0127425259,1.0000000000
66,7.0670000000,left_hand,3,0.6735957265,0.7314640284,-0.0144801280,1.0000000000
67,7.1740000000,left_hand,3,0.6725154966,0.7349500805,-0.0130248128,1.0000000000
68,7.2820000000,left_hand,3,0.6714352667,0.7384361327,-0.0115694976,1.0000000000
69,7.3890000000,left_hand,3,0.6714352667,0.7384361327,-0.0115694976,1.0000000000
70,7.4960000000,left_hand,3,0.6714352667,0.7384361327,-0.0115694976,1.0000000000
71,7.6030000000,left_hand,3,0.6714352667,0.7384361327,-0.0115694976,1.0000000000
72,7.7100000000,left_hand,3,0.6671143472,0.7523803413,-0.0057482370,1.0000000000
73,7.8170000000,left_hand,3,0.6660341173,0.7558663934,-0.0042929219,1.0000000000
74,7.9240000000,left_hand,3,0.6649538875,0.7593524456,-0.0028376067,1.0000000000
75,8.0310000000,left_hand,3,0.6674737334,0.7401724458,-0.0094104195,1.0000000000
76,8.1380000000,left_hand,3,0.6743846536,0.7390872240,-0.0074463170,1.0000000000
77,8.2450000000,left_hand,3,0.6783108115,0.7412061691,-0.0074106278,1.0000000000
78,8.3520000000,left_hand,3,0.6787992716,0.7411565781,-0.0051789116,1.0000000000
79,8.4590000000,left_hand,3,0.6658610106,0.7603927255,-0.0078963898,1.0000000000
80,8.5660000000,left_hand,3,0.6783466935,0.7461485267,-0.0077758660,1.0000000000
81,8.6740000000,left_hand,3,0.6793117523,0.7408303022,-0.0090020597,1.0000000000
82,8.7810000000,left_hand,3,0.6748511553,0.7396555305,-0.0117623769,1.0000000000
83,8.8880000000,left_hand,3,0.6703905582,0.7384807587,-0.0145226941,1.0000000000
84,8.9950000000,left_hand,3,0.6659299612,0.7373059869,-0.0172830112,1.0000000000
85,9.1020000000,left_hand,3,0.6614693642,0.7361312151,-0.0200433284,1.0000000000
86,9.2090000000,left_hand,3,0.6570087671,0.7349564433,-0.0228036456,1.0000000000
87,9.3160000000,left_hand,3,0.6703335643,0.7407319546,-0.0087801814,1.0000000000
88,9.4230000000,left_hand,3,0.6717783213,0.7432733178,-0.0067982187,1.0000000000
89,9.5300000000,left_hand,3,0.6732230783,0.7458146811,-0.0048162560,1.0000000000
90,9.6370000000,left_hand,3,0.6746678352,0.7483560443,-0.0028342933,1.0000000000
91,9.7440000000,left_hand,3,0.6724088788,0.7528078556,-0.0038207478,1.0000000000
92,9.8510000000,left_hand,3,0.6813059449,0.7432610393,-0.0099649830,1.0000000000
93,9.9590000000,left_hand,3,0.6698685884,0.7454856038,-0.0102696070,1.0000000000
94,10.0660000000,left_hand,3,0.6584312320,0.7477101684,-0.0105742309,1.0000000000
95,10.1730000000,left_hand,3,0.6652415991,0.7408486605,-0.0166197475,1.0000000000
96,10.2800000000,left_hand,3,0.6751756072,0.7378261685,-0.0080761453,1.0000000000
97,10.3870000000,left_hand,3,0.6762782633,0.7426027060,-0.0097837551,1.0000000000
98,10.4940000000,left_hand,3,0.6773809195,0.7473792434,-0.0114913648,1.0000000000
99,10.6010000000,left_hand,3,0.6763962507,0.7337669730,-0.0123229939,1.0000000000
100,10.7080000000,left_hand,3,0.6761741241,0.7383073370,-0.0099739184,1.0000000000
101,10.8150000000,left_hand,3,0.6759519974,0.7428477009,-0.0076248428,1.0000000000
102,10.9220000000,left_hand,3,0.6757298708,0.7473880649,-0.0052757673,1.0000000000
103,11.0290000000,left_hand,3,0.6770258149,0.7487118840,-0.0027427337,1.0000000000
104,11.1360000000,left_hand,3,0.6783217589,0.7500357032,-0.0002097000,1.0000000000
105,11.2430000000,left_hand,3,0.6796177030,0.7513595223,0.0023233336,1.0000000000
106,11.3510000000,left_hand,3,0.6792486906,0.7474495570,-0.0090843299,1.0000000000
107,11.4580000000,left_hand,3,0.6788796782,0.7435395916,-0.0204919935,1.0000000000
108,11.5650000000,left_hand,3,0.6785106659,0.7396296263,-0.0318996571,1.0000000000
109,11.6720000000,left_hand,3,0.6752463778,0.7391630610,-0.0236999003,1.0000000000
110,11.7790000000,left_hand,3,0.6719820897,0.7386964957,-0.0155001435,1.0000000000
111,11.8860000000,left_hand,3,0.6687178016,0.7382299304,-0.0073003867,1.0000000000
112,11.9930000000,left_hand,3,0.6848083735,0.7490738630,-0.0042241965,1.0000000000
47,5.0330000000,left_hand,4,0.4426546097,0.5207648873,-0.0024797057,1.0000000000
48,5.1400000000,left_hand,4,0.4426546097,0.5207648873,-0.0024797057,1.0000000000
49,5.2470000000,left_hand,4,0.4426546097,0.5207648873,-0.0024797057,1.0000000000
50,5.3540000000,left_hand,4,0.4426546097,0.5207648873,-0.0024797057,1.0000000000
51,5.4610000000,left_hand,4,0.4426546097,0.5207648873,-0.0024797057,1.0000000000
52,5.5680000000,left_hand,4,0.4426546097,0.5207648873,-0.0024797057,1.0000000000
53,5.6750000000,left_hand,4,0.4426546097,0.5207648873,-0.0024797057,1.0000000000
54,5.7820000000,left_hand,4,0.4426546097,0.5207648873,-0.0024797057,1.0000000000
55,5.8890000000,left_hand,4,0.4426546097,0.5207648873,-0.0024797057,1.0000000000
56,5.9970000000,left_hand,4,0.4426546097,0.5207648873,-0.0024797057,1.0000000000
57,6.1040000000,left_hand,4,0.4426546097,0.5207648873,-0.0024797057,1.0000000000
58,6.2110000000,left_hand,4,0.4426546097,0.5207648873,-0.0024797057,1.0000000000
59,6.3180000000,left_hand,4,0.4426546097,0.5207648873,-0.0024797057,1.0000000000
60,6.4250000000,left_hand,4,0.4426546097,0.5207648873,-0.0024797057,1.0000000000
61,6.5320000000,left_hand,4,0.4426546097,0.5207648873,-0.0024797057,1.0000000000
62,6.6390000000,left_hand,4,0.4426546097,0.5207648873,-0.0024797057,1.0000000000
63,6.7460000000,left_hand,4,0.4411102831,0.5340482593,-0.0035375813,1.0000000000
64,6.8530000000,left_hand,4,0.6773630977,0.7398294806,-0.0235563852,1.0000000000
65,6.9600000000,left_hand,4,0.6825694442,0.7509010434,-0.0161606036,1.0000000000
66,7.0670000000,left_hand,4,0.6848891377,0.7442499399,-0.0169577841,1.0000000000
67,7.1740000000,left_hand,4,0.6838549897,0.7467939556,-0.0153374298,1.0000000000
68,7.2820000000,left_hand,4,0.6828208417,0.7493379712,-0.0137170755,1.0000000000
69,7.3890000000,left_hand,4,0.6828208417,0.7493379712,-0.0137170755,1.0000000000
70,7.4960000000,left_hand,4,0.6828208417,0.7493379712,-0.0137170755,1.0000000000
71,7.6030000000,left_hand,4,0.6828208417,0.7493379712,-0.0137170755,1.0000000000
72,7.7100000000,left_hand,4,0.6786842495,0.7595140338,-0.0072356582,1.0000000000
73,7.8170000000,left_hand,4,0.6776501015,0.7620580494,-0.0056153039,1.0000000000
74,7.9240000000,left_hand,4,0.6766159534,0.7646020651,-0.0039949496,1.0000000000
75,8.0310000000,left_hand,4,0.6799581051,0.7453135252,-0.0110756038,1.0000000000
76,8.1380000000,left_hand,4,0.6855893731,0.7455657721,-0.0094432048,1.0000000000
77,8.2450000000,left_hand,4,0.6898083091,0.7453175187,-0.0085300086,1.0000000000
78,8.3520000000,left_hand,4,0.6896147728,0.7451223731,-0.0062231417,1.0000000000
79,8.4590000000,left_hand,4,0.6783604026,0.7709441185,-0.0085290428,1.0000000000
80,8.5660000000,left_hand,4,0.6876281500,0.7587565780,-0.0085503003,1.0000000000
81,8.6740000000,left_hand,4,0.6883644462,0.7536928654,-0.0111539345,1.0000000000
82,8.7810000000,left_hand,4,0.6843456864,0.7504889965,-0.0144230120,1.0000000000
83,8.8880000000,left_hand,4,0.6803269267,0.7472851276,-0.0176920895,1.0000000000
84,8.9950000000,left_hand,4,0.6763081670,0.7440812588,-0.0209611669,1.0000000000
85,9.1020000000,left_hand,4,0.6722894073,0.7408773899,-0.0242302444,1.0000000000
86,9.2090000000,left_hand,4,0.6682706475,0.7376735210,-0.0274993218,1.0000000000
87,9.3160000000,left_hand,4,0.6813751459,0.7460016608,-0.0107071698,1.0000000000
88,9.4230000000,left_hand,4,0.6825450659,0.7505545417,-0.0084174119,1.0000000000
89,9.5300000000,left_hand,4,0.6837149858,0.7551074227,-0.0061276540,1.0000000000
90,9.6370000000,left_hand,4,0.6848849058,0.7596603036,-0.0038378960,1.0000000000
91,9.7440000000,left_hand,4,0.6834501624,0.7638331652,-0.0051361104,1.0000000000
92,9.8510000000,left_hand,4,0.6912946105,0.7550210357,-0.0119303996,1.0000000000
93,9.9590000000,left_hand,4,0.6805102229,0.7552071810,-0.0119917314,1.0000000000
94,10.0660000000,left_hand,4,0.6697258353,0.7553933263,-0.0120530631,1.0000000000
95,10.1730000000,left_hand,4,0.6785895824,0.7457875609,-0.0198471937,1.0000000000
96,10.2800000000,left_hand,4,0.6871218681,0.7469937801,-0.0098246615,1.0000000000
97,10.3870000000,left_hand,4,0.6881895065,0.7541685700,-0.0113683417,1.0000000000
98,10.4940000000,left_hand,4,0.6892571449,0.7613433599,-0.0129120219,1.0000000000
99,10.6010000000,left_hand,4,0.6880472898,0.7442153096,-0.0153075410,1.0000000000
100,10.7080000000,left_hand,4,0.6874340574,0.7494177818,-0.0124571660,1.0000000000
101,10.8150000000,left_hand,4,0.6868208249,0.7546202540,-0.0096067910,1.0000000000
102,10.9220000000,left_hand,4,0.6862075925,0.7598227262,-0.0067564161,1.0000000000
103,11.0290000000,left_hand,4,0.6866967082,0.7613048355,-0.0036972015,1.0000000000
104,11.1360000000,left_hand,4,0.6871858239,0.7627869447,-0.0006379870,1.0000000000
105,11.2430000000,left_hand,4,0.6876749396,0.7642690539,0.0024212275,1.0000000000
106,11.3510000000,left_hand,4,0.6887243589,0.7590753833,-0.0118008981,1.0000000000
107,11.4580000000,left_hand,4,0.6897737781,0.7538817128,-0.0260230237,1.0000000000
108,11.5650000000,left_hand,4,0.6908231974,0.7486880422,-0.0402451493,1.0000000000
109,11.6720000000,left_hand,4,0.6865954002,0.7493042548,-0.0296636807,1.0000000000
110,11.7790000000,left_hand,4,0.6823676030,0.7499204675,-0.0190822122,1.0000000000
111,11.8860000000,left_hand,4,0.6781398058,0.7505366802,-0.0085007437,1.0000000000
112,11.9930000000,left_hand,4,0.6930323839,0.7634285092,-0.0055252230,1.0000000000
47,5.0330000000,left_hand,5,0.4102372229,0.5262680650,-0.0075334879,1.0000000000
48,5.1400000000,left_hand,5,0.4102372229,0.5262680650,-0.0075334879,1.0000000000
49,5.2470000000,left_hand,5,0.4102372229,0.5262680650,-0.0075334879,1.0000000000
50,5.3540000000,left_hand,5,0.4102372229,0.5262680650,-0.0075334879,1.0000000000
51,5.4610000000,left_hand,5,0.4102372229,0.5262680650,-0.0075334879,1.0000000000
52,5.5680000000,left_hand,5,0.4102372229,0.5262680650,-0.0075334879,1.0000000000
53,5.6750000000,left_hand,5,0.4102372229,0.5262680650,-0.0075334879,1.0000000000
54,5.7820000000,left_hand,5,0.4102372229,0.5262680650,-0.0075334879,1.0000000000
55,5.8890000000,left_hand,5,0.4102372229,0.5262680650,-0.0075334879,1.0000000000
56,5.9970000000,left_hand,5,0.4102372229,0.5262680650,-0.0075334879,1.0000000000
57,6.1040000000,left_hand,5,0.4102372229,0.5262680650,-0.0075334879,1.0000000000
58,6.2110000000,left_hand,5,0.4102372229,0.5262680650,-0.0075334879,1.0000000000
59,6.3180000000,left_hand,5,0.4102372229,0.5262680650,-0.0075334879,1.0000000000
60,6.4250000000,left_hand,5,0.4102372229,0.5262680650,-0.0075334879,1.0000000000
61,6.5320000000,left_hand,5,0.4102372229,0.5262680650,-0.0075334879,1.0000000000
62,6.6390000000,left_hand,5,0.4102372229,0.5262680650,-0.0075334879,1.0000000000
63,6.7460000000,left_hand,5,0.4058681428,0.5300282836,-0.0069230441,1.0000000000
64,6.8530000000,left_hand,5,0.6466812491,0.7702216506,-0.0082764495,1.0000000000
65,6.9600000000,left_hand,5,0.6562709212,0.7659181952,-0.0041385889,1.0000000000
66,7.0670000000,left_hand,5,0.6621505618,0.7636791468,-0.0057970760,1.0000000000
67,7.1740000000,left_hand,5,0.6612230986,0.7682847753,-0.0044339193,1.0000000000
68,7.2820000000,left_hand,5,0.6602956355,0.7728904039,-0.0030707626,1.0000000000
69,7.3890000000,left_hand,5,0.6602956355,0.7728904039,-0.0030707626,1.0000000000
70,7.4960000000,left_hand,5,0.6602956355,0.7728904039,-0.0030707626,1.0000000000
71,7.6030000000,left_hand,5,0.6602956355,0.7728904039,-0.0030707626,1.0000000000
72,7.7100000000,left_hand,5,0.6565857828,0.7913129181,0.0023818642,1.0000000000
73,7.8170000000,left_hand,5,0.6556583196,0.7959185466,0.0037450209,1.0000000000
74,7.9240000000,left_hand,5,0.6547308564,0.8005241752,0.0051081777,1.0000000000
75,8.0310000000,left_hand,5,0.6616919637,0.7781423330,-0.0016629205,1.0000000000
76,8.1380000000,left_hand,5,0.6646919250,0.7777214050,-0.0030057931,1.0000000000
77,8.2450000000,left_hand,5,0.6658324003,0.7852515578,0.0002781935,1.0000000000
78,8.3520000000,left_hand,5,0.6665189266,0.7774650455,0.0016795816,1.0000000000
79,8.4590000000,left_hand,5,0.6517665386,0.7901259065,-0.0022242037,1.0000000000
80,8.5660000000,left_hand,5,0.6641047597,0.7700082064,-0.0015231809,1.0000000000
81,8.6740000000,left_hand,5,0.6646426916,0.7660990357,-0.0020228345,1.0000000000
82,8.7810000000,left_hand,5,0.6623618484,0.7698910475,-0.0036553809,1.0000000000
83,8.8880000000,left_hand,5,0.6600810051,0.7736830592,-0.0052879274,1.0000000000
84,8.9950000000,left_hand,5,0.6578001618,0.7774750710,-0.0069204738,1.0000000000
85,9.1020000000,left_hand,5,0.6555193186,0.7812670827,-0.0085530203,1.0000000000
86,9.2090000000,left_hand,5,0.6532384753,0.7850590944,-0.0101855667,1.0000000000
87,9.3160000000,left_hand,5,0.6628843546,0.7801049352,-0.0007780468,1.0000000000
88,9.4230000000,left_hand,5,0.6632649104,0.7771478693,-0.0000390586,1.0000000000
89,9.5300000000,left_hand,5,0.6636454662,0.7741908034,0.0006999296,1.0000000000
90,9.6370000000,left_hand,5,0.6640260220,0.7712337375,0.0014389178,1.0000000000
91,9.7440000000,left_hand,5,0.6586150527,0.7786681652,-0.0004695244,1.0000000000
92,9.8510000000,left_hand,5,0.6622379422,0.7748812437,-0.0039909636,1.0000000000
93,9.9590000000,left_hand,5,0.6554433405,0.7742732465,-0.0038036269,1.0000000000
94,10.0660000000,left_hand,5,0.6486487389,0.7736652493,-0.0036162902,1.0000000000
95,10.1730000000,left_hand,5,0.6529541612,0.7816745639,-0.0076493081,1.0000000000
96,10.2800000000,left_hand,5,0.6664652228,0.7621161938,-0.0013703062,1.0000000000
97,10.3870000000,left_hand,5,0.6621275842,0.7709990442,-0.0032371658,1.0000000000
98,10.4940000000,left_hand,5,0.6577899456,0.7798818946,-0.0051040254,1.0000000000
99,10.6010000000,left_hand,5,0.6669676900,0.7647299170,-0.0039676982,1.0000000000
100,10.7080000000,left_hand,5,0.6664861639,0.7652790745,-0.0025701535,1.0000000000
101,10.8150000000,left_hand,5,0.6660046379,0.7658282320,-0.0011726089,1.0000000000
102,10.9220000000,left_hand,5,0.6655231118,0.7663773894,0.0002249358,1.0000000000
103,11.0290000000,left_hand,5,0.6677967906,0.7648072243,0.0021471774,1.0000000000
104,11.1360000000,left_hand,5,0.6700704694,0.7632370591,0.0040694189,1.0000000000
105,11.2430000000,left_hand,5,0.6723441482,0.7616668940,0.0059916605,1.0000000000
106,11.3510000000,left_hand,5,0.6688480973,0.7729198734,-0.0018465069,1.0000000000
107,11.4580000000,left_hand,5,0.6653520465,0.7841728528,-0.0096846743,1.0000000000
108,11.5650000000,left_hand,5,0.6618559957,0.7954258323,-0.0175228417,1.0000000000
109,11.6720000000,left_hand,5,0.6609410445,0.7843744755,-0.0109414375,1.0000000000
110,11.7790000000,left_hand,5,0.6600260933,0.7733231187,-0.0043600334,1.0000000000
111,11.8860000000,left_hand,5,0.6591111422,0.7622717619,0.0022213708,1.0000000000
112,11.9930000000,left_hand,5,0.6718888283,0.7695955038,0.0018085539,1.0000000000
47,5.0330000000,left_hand,6,0.4427261949,0.5016867518,-0.0098984595,1.0000000000
48,5.1400000000,left_hand,6,0.4427261949,0.5016867518,-0.0098984595,1.0000000000
49,5.2470000000,left_hand,6,0.4427261949,0.5016867518,-0.0098984595,1.0000000000
50,5.3540000000,left_hand,6,0.4427261949,0.5016867518,-0.0098984595,1.0000000000
51,5.4610000000,left_hand,6,0.4427261949,0.5016867518,-0.0098984595,1.0000000000
52,5.5680000000,left_hand,6,0.4427261949,0.5016867518,-0.0098984595,1.0000000000
53,5.6750000000,left_hand,6,0.4427261949,0.5016867518,-0.0098984595,1.0000000000
54,5.7820000000,left_hand,6,0.4427261949,0.5016867518,-0.0098984595,1.0000000000
55,5.8890000000,left_hand,6,0.4427261949,0.5016867518,-0.0098984595,1.0000000000
56,5.9970000000,left_hand,6,0.4427261949,0.5016867518,-0.0098984595,1.0000000000
57,6.1040000000,left_hand,6,0.4427261949,0.5016867518,-0.0098984595,1.0000000000
58,6.2110000000,left_hand,6,0.4427261949,0.5016867518,-0.0098984595,1.0000000000
59,6.3180000000,left_hand,6,0.4427261949,0.5016867518,-0.0098984595,1.0000000000
60,6.4250000000,left_hand,6,0.4427261949,0.5016867518,-0.0098984595,1.0000000000
61,6.5320000000,left_hand,6,0.4427261949,0.5016867518,-0.0098984595,1.0000000000
62,6.6390000000,left_hand,6,0.4427261949,0.5016867518,-0.0098984595,1.0000000000
63,6.7460000000,left_hand,6,0.4372173846,0.5115185976,-0.0086150821,1.0000000000
64,6.8530000000,left_hand,6,0.6680883169,0.7861709595,-0.0127559174,1.0000000000
65,6.9600000000,left_hand,6,0.6742142439,0.7883052230,-0.0094320904,1.0000000000
66,7.0670000000,left_hand,6,0.6804186106,0.7802681923,-0.0107102459,1.0000000000
67,7.1740000000,left_hand,6,0.6797411814,0.7832035646,-0.0092571849,1.0000000000
68,7.2820000000,left_hand,6,0.6790637523,0.7861389369,-0.0078041239,1.0000000000
69,7.3890000000,left_hand,6,0.6790637523,0.7861389369,-0.0078041239,1.0000000000
70,7.4960000000,left_hand,6,0.6790637523,0.7861389369,-0.0078041239,1.0000000000
71,7.6030000000,left_hand,6,0.6790637523,0.7861389369,-0.0078041239,1.0000000000
72,7.7100000000,left_hand,6,0.6763540357,0.7978804260,-0.0019918797,1.0000000000
73,7.8170000000,left_hand,6,0.6756766066,0.8008157983,-0.0005388187,1.0000000000
74,7.9240000000,left_hand,6,0.6749991775,0.8037511706,0.0009142424,1.0000000000
75,8.0310000000,left_hand,6,0.6813649535,0.7816184759,-0.0057702349,1.0000000000
76,8.1380000000,left_hand,6,0.6847363114,0.7844736576,-0.0065341298,1.0000000000
77,8.2450000000,left_hand,6,0.6845626831,0.7914140821,-0.0028232518,1.0000000000
78,8.3520000000,left_hand,6,0.6851065159,0.7849159241,-0.0014897950,1.0000000000
79,8.4590000000,left_hand,6,0.6736767888,0.8027514815,-0.0062838662,1.0000000000
80,8.5660000000,left_hand,6,0.6819797754,0.7850282788,-0.0045919414,1.0000000000
81,8.6740000000,left_hand,6,0.6807802320,0.7854396105,-0.0058467612,1.0000000000
82,8.7810000000,left_hand,6,0.6797663093,0.7873145819,-0.0079536289,1.0000000000
83,8.8880000000,left_hand,6,0.6787523866,0.7891895533,-0.0100604966,1.0000000000
84,8.9950000000,left_hand,6,0.6777384639,0.7910645247,-0.0121673644,1.0000000000
85,9.1020000000,left_hand,6,0.6767245412,0.7929394960,-0.0142742321,1.0000000000
86,9.2090000000,left_hand,6,0.6757106185,0.7948144674,-0.0163810998,1.0000000000
87,9.3160000000,left_hand,6,0.6810302734,0.7888906002,-0.0042590131,1.0000000000
88,9.4230000000,left_hand,6,0.6821835041,0.7870546778,-0.0035541447,1.0000000000
89,9.5300000000,left_hand,6,0.6833367348,0.7852187554,-0.0028492763,1.0000000000
90,9.6370000000,left_hand,6,0.6844899654,0.7833828330,-0.0021444079,1.0000000000
91,9.7440000000,left_hand,6,0.6787630320,0.7930990458,-0.0030023055,1.0000000000
92,9.8510000000,left_hand,6,0.6811978817,0.7884593606,-0.0081540719,1.0000000000
93,9.9590000000,left_hand,6,0.6741633415,0.7876031399,-0.0077559575,1.0000000000
94,10.0660000000,left_hand,6,0.6671288013,0.7867469192,-0.0073578432,1.0000000000
95,10.1730000000,left_hand,6,0.6752585769,0.7930861712,-0.0133429449,1.0000000000
96,10.2800000000,left_hand,6,0.6862477064,0.7734970450,-0.0058632526,1.0000000000
97,10.3870000000,left_hand,6,0.6815145016,0.7872461975,-0.0072700556,1.0000000000
98,10.4940000000,left_hand,6,0.6767812967,0.8009953499,-0.0086768586,1.0000000000
99,10.6010000000,left_hand,6,0.6867411137,0.7807630301,-0.0091365408,1.0000000000
100,10.7080000000,left_hand,6,0.6860475143,0.7816745241,-0.0075425526,1.0000000000
101,10.8150000000,left_hand,6,0.6853539149,0.7825860182,-0.0059485643,1.0000000000
102,10.9220000000,left_hand,6,0.6846603155,0.7834975123,-0.0043545761,1.0000000000
103,11.0290000000,left_hand,6,0.6861562729,0.7818506360,-0.0017076577,1.0000000000
104,11.1360000000,left_hand,6,0.6876522303,0.7802037597,0.0009392607,1.0000000000
105,11.2430000000,left_hand,6,0.6891481876,0.7785568833,0.0035861791,1.0000000000
106,11.3510000000,left_hand,6,0.6893016100,0.7866836389,-0.0075127902,1.0000000000
107,11.4580000000,left_hand,6,0.6894550323,0.7948103944,-0.0186117594,1.0000000000
108,11.5650000000,left_hand,6,0.6896084547,0.8029371500,-0.0297107287,1.0000000000
109,11.6720000000,left_hand,6,0.6849584778,0.7950194875,-0.0197963926,1.0000000000
110,11.7790000000,left_hand,6,0.6803085009,0.7871018251,-0.0098820564,1.0000000000
111,11.8860000000,left_hand,6,0.6756585240,0.7791841626,0.0000322797,1.0000000000
112,11.9930000000,left_hand,6,0.6879202724,0.7881610990,-0.0014270415,1.0000000000
47,5.0330000000,left_hand,7,0.4506445229,0.4805651903,-0.0082032075,1.0000000000
48,5.1400000000,left_hand,7,0.4506445229,0.4805651903,-0.0082032075,1.0000000000
49,5.2470000000,left_hand,7,0.4506445229,0.4805651903,-0.0082032075,1.0000000000
50,5.3540000000,left_hand,7,0.4506445229,0.4805651903,-0.0082032075,1.0000000000
51,5.4610000000,left_hand,7,0.4506445229,0.4805651903,-0.0082032075,1.0000000000
52,5.5680000000,left_hand,7,0.4506445229,0.4805651903,-0.0082032075,1.0000000000
53,5.6750000000,left_hand,7,0.4506445229,0.4805651903,-0.0082032075,1.0000000000
54,5.7820000000,left_hand,7,0.4506445229,0.4805651903,-0.0082032075,1.0000000000
55,5.8890000000,left_hand,7,0.4506445229,0.4805651903,-0.0082032075,1.0000000000
56,5.9970000000,left_hand,7,0.4506445229,0.4805651903,-0.0082032075,1.0000000000
57,6.1040000000,left_hand,7,0.4506445229,0.4805651903,-0.0082032075,1.0000000000
58,6.2110000000,left_hand,7,0.4506445229,0.4805651903,-0.0082032075,1.0000000000
59,6.3180000000,left_hand,7,0.4506445229,0.4805651903,-0.0082032075,1.0000000000
60,6.4250000000,left_hand,7,0.4506445229,0.4805651903,-0.0082032075,1.0000000000
61,6.5320000000,left_hand,7,0.4506445229,0.4805651903,-0.0082032075,1.0000000000
62,6.6390000000,left_hand,7,0.4506445229,0.4805651903,-0.0082032075,1.0000000000
63,6.7460000000,left_hand,7,0.4472027719,0.4966232777,-0.0070990734,1.0000000000
64,6.8530000000,left_hand,7,0.6816644669,0.7899823785,-0.0167571586,1.0000000000
65,6.9600000000,left_hand,7,0.6861798763,0.7936614156,-0.0132592348,1.0000000000
66,7.0670000000,left_hand,7,0.6904844046,0.7800928354,-0.0143751809,1.0000000000
67,7.1740000000,left_hand,7,0.6900861189,0.7821340114,-0.0130184515,1.0000000000
68,7.2820000000,left_hand,7,0.6896878332,0.7841751873,-0.0116617222,1.0000000000
69,7.3890000000,left_hand,7,0.6896878332,0.7841751873,-0.0116617222,1.0000000000
70,7.4960000000,left_hand,7,0.6896878332,0.7841751873,-0.0116617222,1.0000000000
71,7.6030000000,left_hand,7,0.6896878332,0.7841751873,-0.0116617222,1.0000000000
72,7.7100000000,left_hand,7,0.6880946904,0.7923398912,-0.0062348046,1.0000000000
73,7.8170000000,left_hand,7,0.6876964048,0.7943810672,-0.0048780752,1.0000000000
74,7.9240000000,left_hand,7,0.6872981191,0.7964222431,-0.0035213458,1.0000000000
75,8.0310000000,left_hand,7,0.6931514144,0.7786130905,-0.0096821664,1.0000000000
76,8.1380000000,left_hand,7,0.6948968172,0.7809593081,-0.0087754959,1.0000000000
77,8.2450000000,left_hand,7,0.6922988892,0.7819322944,-0.0059416275,1.0000000000
78,8.3520000000,left_hand,7,0.6944870353,0.7789160013,-0.0047876299,1.0000000000
79,8.4590000000,left_hand,7,0.6877605319,0.8030433059,-0.0100168996,1.0000000000
80,8.5660000000,left_hand,7,0.6910927296,0.7873384953,-0.0074337530,1.0000000000
81,8.6740000000,left_hand,7,0.6907963753,0.7903142571,-0.0092622489,1.0000000000
82,8.7810000000,left_hand,7,0.6905087948,0.7912617922,-0.0116595469,1.0000000000
83,8.8880000000,left_hand,7,0.6902212143,0.7922093272,-0.0140568450,1.0000000000
84,8.9950000000,left_hand,7,0.6899336338,0.7931568623,-0.0164541431,1.0000000000
85,9.1020000000,left_hand,7,0.6896460533,0.7941043973,-0.0188514411,1.0000000000
86,9.2090000000,left_hand,7,0.6893584728,0.7950519323,-0.0212487392,1.0000000000
87,9.3160000000,left_hand,7,0.6904506087,0.7858890891,-0.0074902661,1.0000000000
88,9.4230000000,left_hand,7,0.6921224594,0.7847362955,-0.0067848026,1.0000000000
89,9.5300000000,left_hand,7,0.6937943101,0.7835835020,-0.0060793391,1.0000000000
90,9.6370000000,left_hand,7,0.6954661608,0.7824307084,-0.0053738756,1.0000000000
91,9.7440000000,left_hand,7,0.6917081475,0.7941367030,-0.0052608806,1.0000000000
92,9.8510000000,left_hand,7,0.6931658983,0.7893741727,-0.0116213588,1.0000000000
93,9.9590000000,left_hand,7,0.6860289574,0.7900955677,-0.0114468923,1.0000000000
94,10.0660000000,left_hand,7,0.6788920164,0.7908169627,-0.0112724258,1.0000000000
95,10.1730000000,left_hand,7,0.6888695359,0.7952300310,-0.0182572789,1.0000000000
96,10.2800000000,left_hand,7,0.6979537606,0.7771397233,-0.0095369620,1.0000000000
97,10.3870000000,left_hand,7,0.6944400966,0.7923050523,-0.0108185960,1.0000000000
98,10.4940000000,left_hand,7,0.6909264326,0.8074703813,-0.0121002300,1.0000000000
99,10.6010000000,left_hand,7,0.6983210444,0.7880998850,-0.0138404146,1.0000000000
100,10.7080000000,left_hand,7,0.6970492005,0.7863532901,-0.0119188173,1.0000000000
101,10.8150000000,left_hand,7,0.6957773566,0.7846066952,-0.0099972201,1.0000000000
102,10.9220000000,left_hand,7,0.6945055127,0.7828601003,-0.0080756228,1.0000000000
103,11.0290000000,left_hand,7,0.6952692866,0.7815525134,-0.0049220668,1.0000000000
104,11.1360000000,left_hand,7,0.6960330606,0.7802449266,-0.0017685108,1.0000000000
105,11.2430000000,left_hand,7,0.6967968345,0.7789373398,0.0013850452,1.0000000000
106,11.3510000000,left_hand,7,0.6975924174,0.7833531102,-0.0114602006,1.0000000000
107,11.4580000000,left_hand,7,0.6983880003,0.7877688805,-0.0243054464,1.0000000000
108,11.5650000000,left_hand,7,0.6991835833,0.7921846509,-0.0371506922,1.0000000000
109,11.6720000000,left_hand,7,0.6948894064,0.7899440726,-0.0257690732,1.0000000000
110,11.7790000000,left_hand,7,0.6905952295,0.7877034942,-0.0143874542,1.0000000000
111,11.8860000000,left_hand,7,0.6863010526,0.7854629159,-0.0030058352,1.0000000000
112,11.9930000000,left_hand,7,0.6955397129,0.7866432667,-0.0044922945,1.0000000000
47,5.0330000000,left_hand,8,0.4509976804,0.4668509662,-0.0059011867,1.0000000000
48,5.1400000000,left_hand,8,0.4509976804,0.4668509662,-0.0059011867,1.0000000000
49,5.2470000000,left_hand,8,0.4509976804,0.4668509662,-0.0059011867,1.0000000000
50,5.3540000000,left_hand,8,0.4509976804,0.4668509662,-0.0059011867,1.0000000000
51,5.4610000000,left_hand,8,0.4509976804,0.4668509662,-0.0059011867,1.0000000000
52,5.5680000000,left_hand,8,0.4509976804,0.4668509662,-0.0059011867,1.0000000000
53,5.6750000000,left_hand,8,0.4509976804,0.4668509662,-0.0059011867,1.0000000000
54,5.7820000000,left_hand,8,0.4509976804,0.4668509662,-0.0059011867,1.0000000000
55,5.8890000000,left_hand,8,0.4509976804,0.4668509662,-0.0059011867,1.0000000000
56,5.9970000000,left_hand,8,0.4509976804,0.4668509662,-0.0059011867,1.0000000000
57,6.1040000000,left_hand,8,0.4509976804,0.4668509662,-0.0059011867,1.0000000000
58,6.2110000000,left_hand,8,0.4509976804,0.4668509662,-0.0059011867,1.0000000000
59,6.3180000000,left_hand,8,0.4509976804,0.4668509662,-0.0059011867,1.0000000000
60,6.4250000000,left_hand,8,0.4509976804,0.4668509662,-0.0059011867,1.0000000000
61,6.5320000000,left_hand,8,0.4509976804,0.4668509662,-0.0059011867,1.0000000000
62,6.6390000000,left_hand,8,0.4509976804,0.4668509662,-0.0059011867,1.0000000000
63,6.7460000000,left_hand,8,0.4505250454,0.4866937101,-0.0052260533,1.0000000000
64,6.8530000000,left_hand,8,0.6898187399,0.7908977270,-0.0189270973,1.0000000000
65,6.9600000000,left_hand,8,0.6935786009,0.7933343649,-0.0148471864,1.0000000000
66,7.0670000000,left_hand,8,0.6948432326,0.7754607201,-0.0161986798,1.0000000000
67,7.1740000000,left_hand,8,0.6947436258,0.7770092934,-0.0149115741,1.0000000000
68,7.2820000000,left_hand,8,0.6946440190,0.7785578668,-0.0136244684,1.0000000000
69,7.3890000000,left_hand,8,0.6946440190,0.7785578668,-0.0136244684,1.0000000000
70,7.4960000000,left_hand,8,0.6946440190,0.7785578668,-0.0136244684,1.0000000000
71,7.6030000000,left_hand,8,0.6946440190,0.7785578668,-0.0136244684,1.0000000000
72,7.7100000000,left_hand,8,0.6942455918,0.7847521603,-0.0084760454,1.0000000000
73,7.8170000000,left_hand,8,0.6941459849,0.7863007337,-0.0071889397,1.0000000000
74,7.9240000000,left_hand,8,0.6940463781,0.7878493071,-0.0059018340,1.0000000000
75,8.0310000000,left_hand,8,0.7000233531,0.7756280899,-0.0121003073,1.0000000000
76,8.1380000000,left_hand,8,0.6999111176,0.7761363983,-0.0096321451,1.0000000000
77,8.2450000000,left_hand,8,0.6948073506,0.7730750442,-0.0075058602,1.0000000000
78,8.3520000000,left_hand,8,0.6986082196,0.7725982070,-0.0066443160,1.0000000000
79,8.4590000000,left_hand,8,0.6965959072,0.7992163897,-0.0120074786,1.0000000000
80,8.5660000000,left_hand,8,0.6952638626,0.7869949341,-0.0088831056,1.0000000000
81,8.6740000000,left_hand,8,0.6966503859,0.7908768654,-0.0113244187,1.0000000000
82,8.7810000000,left_hand,8,0.6967391729,0.7913565397,-0.0138347730,1.0000000000
83,8.8880000000,left_hand,8,0.6968279600,0.7918362141,-0.0163451273,1.0000000000
84,8.9950000000,left_hand,8,0.6969167471,0.7923158884,-0.0188554816,1.0000000000
85,9.1020000000,left_hand,8,0.6970055342,0.7927955627,-0.0213658359,1.0000000000
86,9.2090000000,left_hand,8,0.6970943213,0.7932752371,-0.0238761902,1.0000000000
87,9.3160000000,left_hand,8,0.6948106289,0.7825816274,-0.0091940016,1.0000000000
88,9.4230000000,left_hand,8,0.6966642936,0.7817211946,-0.0084399786,1.0000000000
89,9.5300000000,left_hand,8,0.6985179583,0.7808607618,-0.0076859556,1.0000000000
90,9.6370000000,left_hand,8,0.7003716230,0.7800003290,-0.0069319326,1.0000000000
91,9.7440000000,left_hand,8,0.6996230483,0.7922562957,-0.0066359150,1.0000000000
92,9.8510000000,left_hand,8,0.7001910210,0.7884488106,-0.0136876544,1.0000000000
93,9.9590000000,left_hand,8,0.6934952140,0.7901896238,-0.0136723178,1.0000000000
94,10.0660000000,left_hand,8,0.6867994070,0.7919304371,-0.0136569813,1.0000000000
95,10.1730000000,left_hand,8,0.6979825497,0.7942427397,-0.0209475793,1.0000000000
96,10.2800000000,left_hand,8,0.7050063610,0.7791637778,-0.0116682472,1.0000000000
97,10.3870000000,left_hand,8,0.7028485835,0.7941064239,-0.0127894036,1.0000000000
98,10.4940000000,left_hand,8,0.7006908059,0.8090490699,-0.0139105599,1.0000000000
99,10.6010000000,left_hand,8,0.7054297924,0.7935228944,-0.0167967193,1.0000000000
100,10.7080000000,left_hand,8,0.7031642000,0.7888932625,-0.0144992167,1.0000000000
101,10.8150000000,left_hand,8,0.7008986076,0.7842636307,-0.0122017140,1.0000000000
102,10.9220000000,left_hand,8,0.6986330152,0.7796339989,-0.0099042114,1.0000000000
103,11.0290000000,left_hand,8,0.6988985141,0.7787532806,-0.0064333335,1.0000000000
104,11.1360000000,left_hand,8,0.6991640131,0.7778725624,-0.0029624556,1.0000000000
105,11.2430000000,left_hand,8,0.6994295120,0.7769918442,0.0005084223,1.0000000000
106,11.3510000000,left_hand,8,0.6996984482,0.7780229449,-0.0131379401,1.0000000000
107,11.4580000000,left_hand,8,0.6999673843,0.7790540457,-0.0267843026,1.0000000000
108,11.5650000000,left_hand,8,0.7002363205,0.7800851464,-0.0404306650,1.0000000000
109,11.6720000000,left_hand,8,0.6977103750,0.7830462654,-0.0285013239,1.0000000000
110,11.7790000000,left_hand,8,0.6951844295,0.7860073845,-0.0165719828,1.0000000000
111,11.8860000000,left_hand,8,0.6926584840,0.7889685035,-0.0046426416,1.0000000000
112,11.9930000000,left_hand,8,0.6982358694,0.7818006873,-0.0060982015,1.0000000000
47,5.0330000000,left_hand,9,0.4052125812,0.5079606175,-0.0110516893,1.0000000000
48,5.1400000000,left_hand,9,0.4052125812,0.5079606175,-0.0110516893,1.0000000000
49,5.2470000000,left_hand,9,0.4052125812,0.5079606175,-0.0110516893,1.0000000000
50,5.3540000000,left_hand,9,0.4052125812,0.5079606175,-0.0110516893,1.0000000000
51,5.4610000000,left_hand,9,0.4052125812,0.5079606175,-0.0110516893,1.0000000000
52,5.5680000000,left_hand,9,0.4052125812,0.5079606175,-0.0110516893,1.0000000000
53,5.6750000000,left_hand,9,0.4052125812,0.5079606175,-0.0110516893,1.0000000000
54,5.7820000000,left_hand,9,0.4052125812,0.5079606175,-0.0110516893,1.0000000000
55,5.8890000000,left_hand,9,0.4052125812,0.5079606175,-0.0110516893,1.0000000000
56,5.9970000000,left_hand,9,0.4052125812,0.5079606175,-0.0110516893,1.0000000000
57,6.1040000000,left_hand,9,0.4052125812,0.5079606175,-0.0110516893,1.0000000000
58,6.2110000000,left_hand,9,0.4052125812,0.5079606175,-0.0110516893,1.0000000000
59,6.3180000000,left_hand,9,0.4052125812,0.5079606175,-0.0110516893,1.0000000000
60,6.4250000000,left_hand,9,0.4052125812,0.5079606175,-0.0110516893,1.0000000000
61,6.5320000000,left_hand,9,0.4052125812,0.5079606175,-0.0110516893,1.0000000000
62,6.6390000000,left_hand,9,0.4052125812,0.5079606175,-0.0110516893,1.0000000000
63,6.7460000000,left_hand,9,0.3997634053,0.5048590899,-0.0082898568,1.0000000000
64,6.8530000000,left_hand,9,0.6437245011,0.7825719118,-0.0047564693,1.0000000000
65,6.9600000000,left_hand,9,0.6509804130,0.7763860822,-0.0043442948,1.0000000000
66,7.0670000000,left_hand,9,0.6573826671,0.7789108157,-0.0044064112,1.0000000000
67,7.1740000000,left_hand,9,0.6569727138,0.7830638960,-0.0034724193,1.0000000000
68,7.2820000000,left_hand,9,0.6565627605,0.7872169763,-0.0025384273,1.0000000000
69,7.3890000000,left_hand,9,0.6565627605,0.7872169763,-0.0025384273,1.0000000000
70,7.4960000000,left_hand,9,0.6565627605,0.7872169763,-0.0025384273,1.0000000000
71,7.6030000000,left_hand,9,0.6565627605,0.7872169763,-0.0025384273,1.0000000000
72,7.7100000000,left_hand,9,0.6549229473,0.8038292974,0.0011975405,1.0000000000
73,7.8170000000,left_hand,9,0.6545129940,0.8079823777,0.0021315324,1.0000000000
74,7.9240000000,left_hand,9,0.6541030407,0.8121354580,0.0030655244,1.0000000000
75,8.0310000000,left_hand,9,0.6609315276,0.7921400070,-0.0015290196,1.0000000000
76,8.1380000000,left_hand,9,0.6625542045,0.7927518487,-0.0035699189,1.0000000000
77,8.2450000000,left_hand,9,0.6622830033,0.7986566424,0.0007756373,1.0000000000
78,8.3520000000,left_hand,9,0.6631667018,0.7914788127,0.0011251363,1.0000000000
79,8.4590000000,left_hand,9,0.6501914263,0.7981845140,-0.0013922201,1.0000000000
80,8.5660000000,left_hand,9,0.6604933739,0.7811011076,-0.0004783079,1.0000000000
81,8.6740000000,left_hand,9,0.6600624919,0.7769491673,-0.0023261167,1.0000000000
82,8.7810000000,left_hand,9,0.6585904121,0.7811213613,-0.0032560781,1.0000000000
83,8.8880000000,left_hand,9,0.6571183324,0.7852935553,-0.0041860395,1.0000000000
84,8.9950000000,left_hand,9,0.6556462526,0.7894657493,-0.0051160009,1.0000000000
85,9.1020000000,left_hand,9,0.6541741729,0.7936379433,-0.0060459623,1.0000000000
86,9.2090000000,left_hand,9,0.6527020931,0.7978101373,-0.0069759237,1.0000000000
87,9.3160000000,left_hand,9,0.6604065299,0.7931584120,-0.0007638922,1.0000000000
88,9.4230000000,left_hand,9,0.6607133547,0.7907157739,-0.0005475996,1.0000000000
89,9.5300000000,left_hand,9,0.6610201796,0.7882731358,-0.0003313070,1.0000000000
90,9.6370000000,left_hand,9,0.6613270044,0.7858304977,-0.0001150145,1.0000000000
91,9.7440000000,left_hand,9,0.6568497419,0.7848361135,-0.0019714641,1.0000000000
92,9.8510000000,left_hand,9,0.6581056714,0.7848546505,-0.0035576343,1.0000000000
93,9.9590000000,left_hand,9,0.6529579759,0.7825048566,-0.0028730833,1.0000000000
94,10.0660000000,left_hand,9,0.6478102803,0.7801550627,-0.0021885324,1.0000000000
95,10.1730000000,left_hand,9,0.6506752968,0.7933593988,-0.0056028021,1.0000000000
96,10.2800000000,left_hand,9,0.6633452177,0.7787484527,-0.0018989670,1.0000000000
97,10.3870000000,left_hand,9,0.6583061218,0.7841711938,-0.0025658528,1.0000000000
98,10.4940000000,left_hand,9,0.6532670259,0.7895939350,-0.0032327387,1.0000000000
99,10.6010000000,left_hand,9,0.6625139117,0.7796301842,-0.0037878740,1.0000000000
100,10.7080000000,left_hand,9,0.6623413761,0.7795200745,-0.0028535979,1.0000000000
101,10.8150000000,left_hand,9,0.6621688406,0.7794099649,-0.0019193218,1.0000000000
102,10.9220000000,left_hand,9,0.6619963050,0.7792998552,-0.0009850457,1.0000000000
103,11.0290000000,left_hand,9,0.6640534997,0.7785841028,0.0005995828,1.0000000000
104,11.1360000000,left_hand,9,0.6661106944,0.7778683503,0.0021842112,1.0000000000
105,11.2430000000,left_hand,9,0.6681678891,0.7771525979,0.0037688396,1.0000000000
106,11.3510000000,left_hand,9,0.6647583445,0.7874494195,-0.0024599937,1.0000000000
107,11.4580000000,left_hand,9,0.6613487999,0.7977462411,-0.0086888271,1.0000000000
108,11.5650000000,left_hand,9,0.6579392552,0.8080430627,-0.0149176605,1.0000000000
109,11.6720000000,left_hand,9,0.6573506792,0.7968316078,-0.0090153342,1.0000000000
110,11.7790000000,left_hand,9,0.6567621032,0.7856201530,-0.0031130079,1.0000000000
111,11.8860000000,left_hand,9,0.6561735272,0.7744086981,0.0027893183,1.0000000000
112,11.9930000000,left_hand,9,0.6661368608,0.7817337513,0.0005210909,1.0000000000
47,5.0330000000,left_hand,10,0.4392015636,0.4787528515,-0.0142635573,1.0000000000
48,5.1400000000,left_hand,10,0.4392015636,0.4787528515,-0.0142635573,1.0000000000
49,5.2470000000,left_hand,10,0.4392015636,0.4787528515,-0.0142635573,1.0000000000
50,5.3540000000,left_hand,10,0.4392015636,0.4787528515,-0.0142635573,1.0000000000
51,5.4610000000,left_hand,10,0.4392015636,0.4787528515,-0.0142635573,1.0000000000
52,5.5680000000,left_hand,10,0.4392015636,0.4787528515,-0.0142635573,1.0000000000
53,5.6750000000,left_hand,10,0.4392015636,0.4787528515,-0.0142635573,1.0000000000
54,5.7820000000,left_hand,10,0.4392015636,0.4787528515,-0.0142635573,1.0000000000
55,5.8890000000,left_hand,10,0.4392015636,0.4787528515,-0.0142635573,1.0000000000
56,5.9970000000,left_hand,10,0.4392015636,0.4787528515,-0.0142635573,1.0000000000
57,6.1040000000,left_hand,10,0.4392015636,0.4787528515,-0.0142635573,1.0000000000
58,6.2110000000,left_hand,10,0.4392015636,0.4787528515,-0.0142635573,1.0000000000
59,6.3180000000,left_hand,10,0.4392015636,0.4787528515,-0.0142635573,1.0000000000
60,6.4250000000,left_hand,10,0.4392015636,0.4787528515,-0.0142635573,1.0000000000
61,6.5320000000,left_hand,10,0.4392015636,0.4787528515,-0.0142635573,1.0000000000
62,6.6390000000,left_hand,10,0.4392015636,0.4787528515,-0.0142635573,1.0000000000
63,6.7460000000,left_hand,10,0.4314862788,0.4772678614,-0.0105919419,1.0000000000
64,6.8530000000,left_hand,10,0.6651904583,0.8015034199,-0.0067807115,1.0000000000
65,6.9600000000,left_hand,10,0.6684483290,0.8008931279,-0.0082321912,1.0000000000
66,7.0670000000,left_hand,10,0.6749038100,0.7992110848,-0.0076184035,1.0000000000
67,7.1740000000,left_hand,10,0.6748559773,0.8012042195,-0.0065815126,1.0000000000
68,7.2820000000,left_hand,10,0.6748081446,0.8031973541,-0.0055446216,1.0000000000
69,7.3890000000,left_hand,10,0.6748081446,0.8031973541,-0.0055446216,1.0000000000
70,7.4960000000,left_hand,10,0.6748081446,0.8031973541,-0.0055446216,1.0000000000
71,7.6030000000,left_hand,10,0.6748081446,0.8031973541,-0.0055446216,1.0000000000
72,7.7100000000,left_hand,10,0.6746168137,0.8111698925,-0.0013970577,1.0000000000
73,7.8170000000,left_hand,10,0.6745689809,0.8131630272,-0.0003601667,1.0000000000
74,7.9240000000,left_hand,10,0.6745211482,0.8151561618,0.0006767242,1.0000000000
75,8.0310000000,left_hand,10,0.6808806658,0.7959704995,-0.0046373750,1.0000000000
76,8.1380000000,left_hand,10,0.6835258603,0.7989923954,-0.0053767110,1.0000000000
77,8.2450000000,left_hand,10,0.6809053421,0.8037837148,-0.0005453378,1.0000000000
78,8.3520000000,left_hand,10,0.6822385192,0.7973944545,-0.0003299947,1.0000000000
79,8.4590000000,left_hand,10,0.6716941595,0.8076684475,-0.0040554516,1.0000000000
80,8.5660000000,left_hand,10,0.6785194874,0.7955578566,-0.0020395550,1.0000000000
81,8.6740000000,left_hand,10,0.6768948436,0.7959728837,-0.0049150945,1.0000000000
82,8.7810000000,left_hand,10,0.6763642907,0.7984658360,-0.0062108345,1.0000000000
83,8.8880000000,left_hand,10,0.6758337379,0.8009587884,-0.0075065746,1.0000000000
84,8.9950000000,left_hand,10,0.6753031850,0.8034517407,-0.0088023147,1.0000000000
85,9.1020000000,left_hand,10,0.6747726321,0.8059446931,-0.0100980547,1.0000000000
86,9.2090000000,left_hand,10,0.6742420793,0.8084376454,-0.0113937948,1.0000000000
87,9.3160000000,left_hand,10,0.6785793900,0.8027769327,-0.0023650990,1.0000000000
88,9.4230000000,left_hand,10,0.6797177792,0.8012769024,-0.0023646061,1.0000000000
89,9.5300000000,left_hand,10,0.6808561683,0.7997768720,-0.0023641132,1.0000000000
90,9.6370000000,left_hand,10,0.6819945574,0.7982768416,-0.0023636203,1.0000000000
91,9.7440000000,left_hand,10,0.6786724329,0.7966607213,-0.0032233314,1.0000000000
92,9.8510000000,left_hand,10,0.6785826683,0.7952950001,-0.0060131103,1.0000000000
93,9.9590000000,left_hand,10,0.6722109020,0.7938706875,-0.0055309127,1.0000000000
94,10.0660000000,left_hand,10,0.6658391356,0.7924463749,-0.0050487150,1.0000000000
95,10.1730000000,left_hand,10,0.6731719375,0.8043013811,-0.0096832272,1.0000000000
96,10.2800000000,left_hand,10,0.6837422848,0.7925054431,-0.0052413382,1.0000000000
97,10.3870000000,left_hand,10,0.6785991788,0.8019492924,-0.0051271662,1.0000000000
98,10.4940000000,left_hand,10,0.6734560728,0.8113931417,-0.0050129942,1.0000000000
99,10.6010000000,left_hand,10,0.6833042502,0.7945839763,-0.0073756846,1.0000000000
100,10.7080000000,left_hand,10,0.6830044786,0.7946803570,-0.0064722695,1.0000000000
101,10.8150000000,left_hand,10,0.6827047070,0.7947767377,-0.0055688545,1.0000000000
102,10.9220000000,left_hand,10,0.6824049354,0.7948731184,-0.0046654395,1.0000000000
103,11.0290000000,left_hand,10,0.6834512750,0.7947759430,-0.0026007789,1.0000000000
104,11.1360000000,left_hand,10,0.6844976147,0.7946787675,-0.0005361184,1.0000000000
105,11.2430000000,left_hand,10,0.6855439544,0.7945815921,0.0015285421,1.0000000000
106,11.3510000000,left_hand,10,0.6860696872,0.7998479605,-0.0075071487,1.0000000000
107,11.4580000000,left_hand,10,0.6865954200,0.8051143289,-0.0165428396,1.0000000000
108,11.5650000000,left_hand,10,0.6871211529,0.8103806973,-0.0255785305,1.0000000000
109,11.6720000000,left_hand,10,0.6825101376,0.8045880397,-0.0165234964,1.0000000000
110,11.7790000000,left_hand,10,0.6778991222,0.7987953822,-0.0074684623,1.0000000000
111,11.8860000000,left_hand,10,0.6732881069,0.7930027246,0.0015865718,1.0000000000
112,11.9930000000,left_hand,10,0.6825884581,0.8016033769,-0.0011658748,1.0000000000
47,5.0330000000,left_hand,11,0.4496891201,0.4526779950,-0.0128482208,1.0000000000
48,5.1400000000,left_hand,11,0.4496891201,0.4526779950,-0.0128482208,1.0000000000
49,5.2470000000,left_hand,11,0.4496891201,0.4526779950,-0.0128482208,1.0000000000
50,5.3540000000,left_hand,11,0.4496891201,0.4526779950,-0.0128482208,1.0000000000
51,5.4610000000,left_hand,11,0.4496891201,0.4526779950,-0.0128482208,1.0000000000
52,5.5680000000,left_hand,11,0.4496891201,0.4526779950,-0.0128482208,1.0000000000
53,5.6750000000,left_hand,11,0.4496891201,0.4526779950,-0.0128482208,1.0000000000
54,5.7820000000,left_hand,11,0.4496891201,0.4526779950,-0.0128482208,1.0000000000
55,5.8890000000,left_hand,11,0.4496891201,0.4526779950,-0.0128482208,1.0000000000
56,5.9970000000,left_hand,11,0.4496891201,0.4526779950,-0.0128482208,1.0000000000
57,6.1040000000,left_hand,11,0.4496891201,0.4526779950,-0.0128482208,1.0000000000
58,6.2110000000,left_hand,11,0.4496891201,0.4526779950,-0.0128482208,1.0000000000
59,6.3180000000,left_hand,11,0.4496891201,0.4526779950,-0.0128482208,1.0000000000
60,6.4250000000,left_hand,11,0.4496891201,0.4526779950,-0.0128482208,1.0000000000
61,6.5320000000,left_hand,11,0.4496891201,0.4526779950,-0.0128482208,1.0000000000
62,6.6390000000,left_hand,11,0.4496891201,0.4526779950,-0.0128482208,1.0000000000
63,6.7460000000,left_hand,11,0.4436537623,0.4549281299,-0.0097982846,1.0000000000
64,6.8530000000,left_hand,11,0.6785535216,0.8057940006,-0.0089430949,1.0000000000
65,6.9600000000,left_hand,11,0.6811358333,0.8060820103,-0.0099494178,1.0000000000
66,7.0670000000,left_hand,11,0.6840975285,0.7984412313,-0.0100981388,1.0000000000
67,7.1740000000,left_hand,11,0.6844458580,0.7993649021,-0.0091266371,1.0000000000
68,7.2820000000,left_hand,11,0.6847941875,0.8002885729,-0.0081551353,1.0000000000
69,7.3890000000,left_hand,11,0.6847941875,0.8002885729,-0.0081551353,1.0000000000
70,7.4960000000,left_hand,11,0.6847941875,0.8002885729,-0.0081551353,1.0000000000
71,7.6030000000,left_hand,11,0.6847941875,0.8002885729,-0.0081551353,1.0000000000
72,7.7100000000,left_hand,11,0.6861875057,0.8039832562,-0.0042691283,1.0000000000
73,7.8170000000,left_hand,11,0.6865358353,0.8049069270,-0.0032976266,1.0000000000
74,7.9240000000,left_hand,11,0.6868841648,0.8058305979,-0.0023261248,1.0000000000
75,8.0310000000,left_hand,11,0.6928505898,0.7928535342,-0.0080658942,1.0000000000
76,8.1380000000,left_hand,11,0.6931584477,0.7936381102,-0.0061455006,1.0000000000
77,8.2450000000,left_hand,11,0.6870635152,0.7912466526,-0.0024575233,1.0000000000
78,8.3520000000,left_hand,11,0.6908636093,0.7899090052,-0.0028178932,1.0000000000
79,8.4590000000,left_hand,11,0.6858739853,0.8065126538,-0.0069857351,1.0000000000
80,8.5660000000,left_hand,11,0.6881483197,0.7978822589,-0.0043570837,1.0000000000
81,8.6740000000,left_hand,11,0.6867436171,0.7992662787,-0.0076208874,1.0000000000
82,8.7810000000,left_hand,11,0.6868572593,0.8008785605,-0.0090121284,1.0000000000
83,8.8880000000,left_hand,11,0.6869709015,0.8024908423,-0.0104033695,1.0000000000
84,8.9950000000,left_hand,11,0.6870845437,0.8041031241,-0.0117946105,1.0000000000
85,9.1020000000,left_hand,11,0.6871981859,0.8057154059,-0.0131858516,1.0000000000
86,9.2090000000,left_hand,11,0.6873118281,0.8073276877,-0.0145770926,1.0000000000
87,9.3160000000,left_hand,11,0.6868911386,0.7987198830,-0.0042947391,1.0000000000
88,9.4230000000,left_hand,11,0.6888743639,0.7980274757,-0.0044943375,1.0000000000
89,9.5300000000,left_hand,11,0.6908575892,0.7973350684,-0.0046939359,1.0000000000
90,9.6370000000,left_hand,11,0.6928408146,0.7966426611,-0.0048935344,1.0000000000
91,9.7440000000,left_hand,11,0.6916759014,0.7968756557,-0.0052711819,1.0000000000
92,9.8510000000,left_hand,11,0.6908950210,0.7949748635,-0.0082874876,1.0000000000
93,9.9590000000,left_hand,11,0.6846254766,0.7958156168,-0.0085388366,1.0000000000
94,10.0660000000,left_hand,11,0.6783559322,0.7966563702,-0.0087901857,1.0000000000
95,10.1730000000,left_hand,11,0.6882930398,0.8057942390,-0.0133055039,1.0000000000
96,10.2800000000,left_hand,11,0.6953647137,0.7961881757,-0.0081729814,1.0000000000
97,10.3870000000,left_hand,11,0.6916356981,0.8063490689,-0.0076900946,1.0000000000
98,10.4940000000,left_hand,11,0.6879066825,0.8165099621,-0.0072072078,1.0000000000
99,10.6010000000,left_hand,11,0.6961026192,0.8026042581,-0.0111326473,1.0000000000
100,10.7080000000,left_hand,11,0.6943955620,0.7994042436,-0.0100217119,1.0000000000
101,10.8150000000,left_hand,11,0.6926885049,0.7962042292,-0.0089107764,1.0000000000
102,10.9220000000,left_hand,11,0.6909814477,0.7930042148,-0.0077998410,1.0000000000
103,11.0290000000,left_hand,11,0.6908251842,0.7928722898,-0.0054746786,1.0000000000
104,11.1360000000,left_hand,11,0.6906689207,0.7927403649,-0.0031495161,1.0000000000
105,11.2430000000,left_hand,11,0.6905126572,0.7926084399,-0.0008243537,1.0000000000
106,11.3510000000,left_hand,11,0.6917618314,0.7931094964,-0.0103922319,1.0000000000
107,11.4580000000,left_hand,11,0.6930110057,0.7936105529,-0.0199601101,1.0000000000
108,11.5650000000,left_hand,11,0.6942601800,0.7941116095,-0.0295279883,1.0000000000
109,11.6720000000,left_hand,11,0.6910339594,0.7961671750,-0.0201716326,1.0000000000
110,11.7790000000,left_hand,11,0.6878077388,0.7982227405,-0.0108152770,1.0000000000
111,11.8860000000,left_hand,11,0.6845815182,0.8002783060,-0.0014589214,1.0000000000
112,11.9930000000,left_hand,11,0.6900198460,0.7991697788,-0.0035928919,1.0000000000
47,5.0330000000,left_hand,12,0.4509087503,0.4355362952,-0.0112938415,1.0000000000
48,5.1400000000,left_hand,12,0.4509087503,0.4355362952,-0.0112938415,1.0000000000
49,5.2470000000,left_hand,12,0.4509087503,0.4355362952,-0.0112938415,1.0000000000
50,5.3540000000,left_hand,12,0.4509087503,0.4355362952,-0.0112938415,1.0000000000
51,5.4610000000,left_hand,12,0.4509087503,0.4355362952,-0.0112938415,1.0000000000
52,5.5680000000,left_hand,12,0.4509087503,0.4355362952,-0.0112938415,1.0000000000
53,5.6750000000,left_hand,12,0.4509087503,0.4355362952,-0.0112938415,1.0000000000
54,5.7820000000,left_hand,12,0.4509087503,0.4355362952,-0.0112938415,1.0000000000
55,5.8890000000,left_hand,12,0.4509087503,0.4355362952,-0.0112938415,1.0000000000
56,5.9970000000,left_hand,12,0.4509087503,0.4355362952,-0.0112938415,1.0000000000
57,6.1040000000,left_hand,12,0.4509087503,0.4355362952,-0.0112938415,1.0000000000
58,6.2110000000,left_hand,12,0.4509087503,0.4355362952,-0.0112938415,1.0000000000
59,6.3180000000,left_hand,12,0.4509087503,0.4355362952,-0.0112938415,1.0000000000
60,6.4250000000,left_hand,12,0.4509087503,0.4355362952,-0.0112938415,1.0000000000
61,6.5320000000,left_hand,12,0.4509087503,0.4355362952,-0.0112938415,1.0000000000
62,6.6390000000,left_hand,12,0.4509087503,0.4355362952,-0.0112938415,1.0000000000
63,6.7460000000,left_hand,12,0.4471871555,0.4399459958,-0.0087951086,1.0000000000
64,6.8530000000,left_hand,12,0.6874832511,0.8051644564,-0.0103566805,1.0000000000
65,6.9600000000,left_hand,12,0.6894997358,0.8046599627,-0.0099889413,1.0000000000
66,7.0670000000,left_hand,12,0.6883035898,0.7921742797,-0.0114783701,1.0000000000
67,7.1740000000,left_hand,12,0.6890550405,0.7923978791,-0.0105586521,1.0000000000
68,7.2820000000,left_hand,12,0.6898064911,0.7926214784,-0.0096389340,1.0000000000
69,7.3890000000,left_hand,12,0.6898064911,0.7926214784,-0.0096389340,1.0000000000
70,7.4960000000,left_hand,12,0.6898064911,0.7926214784,-0.0096389340,1.0000000000
71,7.6030000000,left_hand,12,0.6898064911,0.7926214784,-0.0096389340,1.0000000000
72,7.7100000000,left_hand,12,0.6928122938,0.7935158759,-0.0059600620,1.0000000000
73,7.8170000000,left_hand,12,0.6935637444,0.7937394753,-0.0050403440,1.0000000000
74,7.9240000000,left_hand,12,0.6943151951,0.7939630747,-0.0041206260,1.0000000000
75,8.0310000000,left_hand,12,0.7003856301,0.7874132395,-0.0103337523,1.0000000000
76,8.1380000000,left_hand,12,0.6972389221,0.7876262665,-0.0062389821,1.0000000000
77,8.2450000000,left_hand,12,0.6877349615,0.7806942463,-0.0035678248,1.0000000000
78,8.3520000000,left_hand,12,0.6939647794,0.7816429138,-0.0045645959,1.0000000000
79,8.4590000000,left_hand,12,0.6954452395,0.8002309203,-0.0088033378,1.0000000000
80,8.5660000000,left_hand,12,0.6923762560,0.7952003479,-0.0057883342,1.0000000000
81,8.6740000000,left_hand,12,0.6918181777,0.7973272204,-0.0093774926,1.0000000000
82,8.7810000000,left_hand,12,0.6925113797,0.7984418273,-0.0107670210,1.0000000000
83,8.8880000000,left_hand,12,0.6932045817,0.7995564342,-0.0121565495,1.0000000000
84,8.9950000000,left_hand,12,0.6938977838,0.8006710410,-0.0135460779,1.0000000000
85,9.1020000000,left_hand,12,0.6945909858,0.8017856479,-0.0149356063,1.0000000000
86,9.2090000000,left_hand,12,0.6952841878,0.8029002547,-0.0163251348,1.0000000000
87,9.3160000000,left_hand,12,0.6903039217,0.7937484980,-0.0055042882,1.0000000000
88,9.4230000000,left_hand,12,0.6926708817,0.7926198045,-0.0057424703,1.0000000000
89,9.5300000000,left_hand,12,0.6950378418,0.7914911111,-0.0059806523,1.0000000000
90,9.6370000000,left_hand,12,0.6974048018,0.7903624177,-0.0062188343,1.0000000000
91,9.7440000000,left_hand,12,0.6994224787,0.7930704951,-0.0069977418,1.0000000000
92,9.8510000000,left_hand,12,0.6983769536,0.7920951843,-0.0099981027,1.0000000000
93,9.9590000000,left_hand,12,0.6929192841,0.7937005162,-0.0105988686,1.0000000000
94,10.0660000000,left_hand,12,0.6874616146,0.7953058481,-0.0111996345,1.0000000000
95,10.1730000000,left_hand,12,0.6990716457,0.8014340997,-0.0153960949,1.0000000000
96,10.2800000000,left_hand,12,0.7027338743,0.7965390086,-0.0098870276,1.0000000000
97,10.3870000000,left_hand,12,0.6998090148,0.8056215346,-0.0092128576,1.0000000000
98,10.4940000000,left_hand,12,0.6968841553,0.8147040606,-0.0085386876,1.0000000000
99,10.6010000000,left_hand,12,0.7046203017,0.8048890829,-0.0136884563,1.0000000000
100,10.7080000000,left_hand,12,0.7008891900,0.7988978426,-0.0122343324,1.0000000000
101,10.8150000000,left_hand,12,0.6971580784,0.7929066022,-0.0107802084,1.0000000000
102,10.9220000000,left_hand,12,0.6934269667,0.7869153619,-0.0093260845,1.0000000000
103,11.0290000000,left_hand,12,0.6920954188,0.7865364552,-0.0067394421,1.0000000000
104,11.1360000000,left_hand,12,0.6907638709,0.7861575484,-0.0041527996,1.0000000000
105,11.2430000000,left_hand,12,0.6894323230,0.7857786417,-0.0015661572,1.0000000000
106,11.3510000000,left_hand,12,0.6910722454,0.7842038472,-0.0111050665,1.0000000000
107,11.4580000000,left_hand,12,0.6927121679,0.7826290528,-0.0206439757,1.0000000000
108,11.5650000000,left_hand,12,0.6943520904,0.7810542583,-0.0301828850,1.0000000000
109,11.6720000000,left_hand,12,0.6933456659,0.7879368265,-0.0211583916,1.0000000000
110,11.7790000000,left_hand,12,0.6923392415,0.7948193947,-0.0121338982,1.0000000000
111,11.8860000000,left_hand,12,0.6913328171,0.8017019629,-0.0031094048,1.0000000000
112,11.9930000000,left_hand,12,0.6921459436,0.7921189070,-0.0051928568,1.0000000000
47,5.0330000000,left_hand,13,0.3978861570,0.4887090325,-0.0134618962,1.0000000000
48,5.1400000000,left_hand,13,0.3978861570,0.4887090325,-0.0134618962,1.0000000000
49,5.2470000000,left_hand,13,0.3978861570,0.4887090325,-0.0134618962,1.0000000000
50,5.3540000000,left_hand,13,0.3978861570,0.4887090325,-0.0134618962,1.0000000000
51,5.4610000000,left_hand,13,0.3978861570,0.4887090325,-0.0134618962,1.0000000000
52,5.5680000000,left_hand,13,0.3978861570,0.4887090325,-0.0134618962,1.0000000000
53,5.6750000000,left_hand,13,0.3978861570,0.4887090325,-0.0134618962,1.0000000000
54,5.7820000000,left_hand,13,0.3978861570,0.4887090325,-0.0134618962,1.0000000000
55,5.8890000000,left_hand,13,0.3978861570,0.4887090325,-0.0134618962,1.0000000000
56,5.9970000000,left_hand,13,0.3978861570,0.4887090325,-0.0134618962,1.0000000000
57,6.1040000000,left_hand,13,0.3978861570,0.4887090325,-0.0134618962,1.0000000000
58,6.2110000000,left_hand,13,0.3978861570,0.4887090325,-0.0134618962,1.0000000000
59,6.3180000000,left_hand,13,0.3978861570,0.4887090325,-0.0134618962,1.0000000000
60,6.4250000000,left_hand,13,0.3978861570,0.4887090325,-0.0134618962,1.0000000000
61,6.5320000000,left_hand,13,0.3978861570,0.4887090325,-0.0134618962,1.0000000000
62,6.6390000000,left_hand,13,0.3978861570,0.4887090325,-0.0134618962,1.0000000000
63,6.7460000000,left_hand,13,0.3919768333,0.4804362655,-0.0090150014,1.0000000000
64,6.8530000000,left_hand,13,0.6410854459,0.7893351912,-0.0024767763,1.0000000000
65,6.9600000000,left_hand,13,0.6450983286,0.7813987732,-0.0055017895,1.0000000000
66,7.0670000000,left_hand,13,0.6512294412,0.7888627052,-0.0040439479,1.0000000000
67,7.1740000000,left_hand,13,0.6514303908,0.7927162051,-0.0035438349,1.0000000000
68,7.2820000000,left_hand,13,0.6516313404,0.7965697050,-0.0030437218,1.0000000000
69,7.3890000000,left_hand,13,0.6516313404,0.7965697050,-0.0030437218,1.0000000000
70,7.4960000000,left_hand,13,0.6516313404,0.7965697050,-0.0030437218,1.0000000000
71,7.6030000000,left_hand,13,0.6516313404,0.7965697050,-0.0030437218,1.0000000000
72,7.7100000000,left_hand,13,0.6524351388,0.8119837046,-0.0010432697,1.0000000000
73,7.8170000000,left_hand,13,0.6526360884,0.8158372045,-0.0005431566,1.0000000000
74,7.9240000000,left_hand,13,0.6528370380,0.8196907043,-0.0000430436,1.0000000000
75,8.0310000000,left_hand,13,0.6581891775,0.8028851748,-0.0023159459,1.0000000000
76,8.1380000000,left_hand,13,0.6589132547,0.8040302396,-0.0046505178,1.0000000000
77,8.2450000000,left_hand,13,0.6572319865,0.8068833947,0.0004665938,1.0000000000
78,8.3520000000,left_hand,13,0.6584748626,0.8015706539,-0.0002039212,1.0000000000
79,8.4590000000,left_hand,13,0.6486707330,0.8019720316,-0.0014418089,1.0000000000
80,8.5660000000,left_hand,13,0.6557389498,0.7882149816,-0.0001304303,1.0000000000
81,8.6740000000,left_hand,13,0.6547858715,0.7840508223,-0.0034238885,1.0000000000
82,8.7810000000,left_hand,13,0.6541184902,0.7881928086,-0.0037375535,1.0000000000
83,8.8880000000,left_hand,13,0.6534511089,0.7923347950,-0.0040512185,1.0000000000
84,8.9950000000,left_hand,13,0.6527837276,0.7964767814,-0.0043648835,1.0000000000
85,9.1020000000,left_hand,13,0.6521163464,0.8006187677,-0.0046785485,1.0000000000
86,9.2090000000,left_hand,13,0.6514489651,0.8047607541,-0.0049922136,1.0000000000
87,9.3160000000,left_hand,13,0.6564030051,0.8021036386,-0.0015265542,1.0000000000
88,9.4230000000,left_hand,13,0.6566787759,0.8000802994,-0.0017636761,1.0000000000
89,9.5300000000,left_hand,13,0.6569545468,0.7980569601,-0.0020007980,1.0000000000
90,9.6370000000,left_hand,13,0.6572303176,0.7960336208,-0.0022379200,1.0000000000
91,9.7440000000,left_hand,13,0.6545784473,0.7860447168,-0.0039034139,1.0000000000
92,9.8510000000,left_hand,13,0.6537209749,0.7895987630,-0.0037708236,1.0000000000
93,9.9590000000,left_hand,13,0.6500925720,0.7862332761,-0.0026548442,1.0000000000
94,10.0660000000,left_hand,13,0.6464641690,0.7828677893,-0.0015388648,1.0000000000
95,10.1730000000,left_hand,13,0.6483256221,0.8001403809,-0.0045345100,1.0000000000
96,10.2800000000,left_hand,13,0.6581402421,0.7908411622,-0.0031880981,1.0000000000
97,10.3870000000,left_hand,13,0.6539444625,0.7921171486,-0.0026640747,1.0000000000
98,10.4940000000,left_hand,13,0.6497486830,0.7933931351,-0.0021400512,1.0000000000
99,10.6010000000,left_hand,13,0.6569002867,0.7889729142,-0.0045646965,1.0000000000
100,10.7080000000,left_hand,13,0.6569459438,0.7887134751,-0.0040158071,1.0000000000
101,10.8150000000,left_hand,13,0.6569916010,0.7884540359,-0.0034669178,1.0000000000
102,10.9220000000,left_hand,13,0.6570372581,0.7881945968,-0.0029180285,1.0000000000
103,11.0290000000,left_hand,13,0.6587094466,0.7886075576,-0.0016173158,1.0000000000
104,11.1360000000,left_hand,13,0.6603816350,0.7890205185,-0.0003166030,1.0000000000
105,11.2430000000,left_hand,13,0.6620538235,0.7894334793,0.0009841097,1.0000000000
106,11.3510000000,left_hand,13,0.6592235764,0.7972186406,-0.0039062927,1.0000000000
107,11.4580000000,left_hand,13,0.6563933293,0.8050038020,-0.0087966951,1.0000000000
108,11.5650000000,left_hand,13,0.6535630822,0.8127889633,-0.0136870975,1.0000000000
109,11.6720000000,left_hand,13,0.6532115142,0.8026378949,-0.0083667294,1.0000000000
110,11.7790000000,left_hand,13,0.6528599461,0.7924868266,-0.0030463613,1.0000000000
111,11.8860000000,left_hand,13,0.6525083780,0.7823357582,0.0022740068,1.0000000000
112,11.9930000000,left_hand,13,0.6588383913,0.7900309563,-0.0014468262,1.0000000000
47,5.0330000000,left_hand,14,0.4280957878,0.4603296518,-0.0129295439,1.0000000000
48,5.1400000000,left_hand,14,0.4280957878,0.4603296518,-0.0129295439,1.0000000000
49,5.2470000000,left_hand,14,0.4280957878,0.4603296518,-0.0129295439,1.0000000000
50,5.3540000000,left_hand,14,0.4280957878,0.4603296518,-0.0129295439,1.0000000000
51,5.4610000000,left_hand,14,0.4280957878,0.4603296518,-0.0129295439,1.0000000000
52,5.5680000000,left_hand,14,0.4280957878,0.4603296518,-0.0129295439,1.0000000000
53,5.6750000000,left_hand,14,0.4280957878,0.4603296518,-0.0129295439,1.0000000000
54,5.7820000000,left_hand,14,0.4280957878,0.4603296518,-0.0129295439,1.0000000000
55,5.8890000000,left_hand,14,0.4280957878,0.4603296518,-0.0129295439,1.0000000000
56,5.9970000000,left_hand,14,0.4280957878,0.4603296518,-0.0129295439,1.0000000000
57,6.1040000000,left_hand,14,0.4280957878,0.4603296518,-0.0129295439,1.0000000000
58,6.2110000000,left_hand,14,0.4280957878,0.4603296518,-0.0129295439,1.0000000000
59,6.3180000000,left_hand,14,0.4280957878,0.4603296518,-0.0129295439,1.0000000000
60,6.4250000000,left_hand,14,0.4280957878,0.4603296518,-0.0129295439,1.0000000000
61,6.5320000000,left_hand,14,0.4280957878,0.4603296518,-0.0129295439,1.0000000000
62,6.6390000000,left_hand,14,0.4280957878,0.4603296518,-0.0129295439,1.0000000000
63,6.7460000000,left_hand,14,0.4208856821,0.4540087581,-0.0095690321,1.0000000000
64,6.8530000000,left_hand,14,0.6605688334,0.8070785999,-0.0050057177,1.0000000000
65,6.9600000000,left_hand,14,0.6632578969,0.8021321297,-0.0100063402,1.0000000000
66,7.0670000000,left_hand,14,0.6673357487,0.8094509840,-0.0068729171,1.0000000000
67,7.1740000000,left_hand,14,0.6679428294,0.8112932295,-0.0062744861,1.0000000000
68,7.2820000000,left_hand,14,0.6685499102,0.8131354749,-0.0056760552,1.0000000000
69,7.3890000000,left_hand,14,0.6685499102,0.8131354749,-0.0056760552,1.0000000000
70,7.4960000000,left_hand,14,0.6685499102,0.8131354749,-0.0056760552,1.0000000000
71,7.6030000000,left_hand,14,0.6685499102,0.8131354749,-0.0056760552,1.0000000000
72,7.7100000000,left_hand,14,0.6709782332,0.8205044568,-0.0032823315,1.0000000000
73,7.8170000000,left_hand,14,0.6715853140,0.8223467022,-0.0026839006,1.0000000000
74,7.9240000000,left_hand,14,0.6721923947,0.8241889477,-0.0020854697,1.0000000000
75,8.0310000000,left_hand,14,0.6768347025,0.8064436316,-0.0051609622,1.0000000000
76,8.1380000000,left_hand,14,0.6790862679,0.8095281720,-0.0059987660,1.0000000000
77,8.2450000000,left_hand,14,0.6745411158,0.8132350445,-0.0004144570,1.0000000000
78,8.3520000000,left_hand,14,0.6768578291,0.8069525957,-0.0015531656,1.0000000000
79,8.4590000000,left_hand,14,0.6687236428,0.8102943301,-0.0035050854,1.0000000000
80,8.5660000000,left_hand,14,0.6733450294,0.8009361029,-0.0012191500,1.0000000000
81,8.6740000000,left_hand,14,0.6705124378,0.8016798496,-0.0051880274,1.0000000000
82,8.7810000000,left_hand,14,0.6705187917,0.8045179605,-0.0059127595,1.0000000000
83,8.8880000000,left_hand,14,0.6705251455,0.8073560715,-0.0066374917,1.0000000000
84,8.9950000000,left_hand,14,0.6705314994,0.8101941824,-0.0073622238,1.0000000000
85,9.1020000000,left_hand,14,0.6705378532,0.8130322933,-0.0080869559,1.0000000000
86,9.2090000000,left_hand,14,0.6705442071,0.8158704042,-0.0088116881,1.0000000000
87,9.3160000000,left_hand,14,0.6738660932,0.8101869226,-0.0028308423,1.0000000000
88,9.4230000000,left_hand,14,0.6748450200,0.8093812466,-0.0031528348,1.0000000000
89,9.5300000000,left_hand,14,0.6758239468,0.8085755706,-0.0034748273,1.0000000000
90,9.6370000000,left_hand,14,0.6768028736,0.8077698946,-0.0037968198,1.0000000000
91,9.7440000000,left_hand,14,0.6761723757,0.7947605252,-0.0045364005,1.0000000000
92,9.8510000000,left_hand,14,0.6739844680,0.7971897721,-0.0057797795,1.0000000000
93,9.9590000000,left_hand,14,0.6687837243,0.7951343060,-0.0047214151,1.0000000000
94,10.0660000000,left_hand,14,0.6635829806,0.7930788398,-0.0036630507,1.0000000000
95,10.1730000000,left_hand,14,0.6689989567,0.8101521134,-0.0076162741,1.0000000000
96,10.2800000000,left_hand,14,0.6776640415,0.8005452156,-0.0061119040,1.0000000000
97,10.3870000000,left_hand,14,0.6731474996,0.8063263893,-0.0048887511,1.0000000000
98,10.4940000000,left_hand,14,0.6686309576,0.8121075630,-0.0036655981,1.0000000000
99,10.6010000000,left_hand,14,0.6763101220,0.8026076555,-0.0077129528,1.0000000000
100,10.7080000000,left_hand,14,0.6762748957,0.8023664355,-0.0070499786,1.0000000000
101,10.8150000000,left_hand,14,0.6762396693,0.8021252155,-0.0063870043,1.0000000000
102,10.9220000000,left_hand,14,0.6762044430,0.8018839955,-0.0057240301,1.0000000000
103,11.0290000000,left_hand,14,0.6767424345,0.8035954634,-0.0039626243,1.0000000000
104,11.1360000000,left_hand,14,0.6772804260,0.8053069313,-0.0022012186,1.0000000000
105,11.2430000000,left_hand,14,0.6778184175,0.8070183992,-0.0004398128,1.0000000000
106,11.3510000000,left_hand,14,0.6790729165,0.8079980016,-0.0079079670,1.0000000000
107,11.4580000000,left_hand,14,0.6803274155,0.8089776039,-0.0153761213,1.0000000000
108,11.5650000000,left_hand,14,0.6815819144,0.8099572062,-0.0228442755,1.0000000000
109,11.6720000000,left_hand,14,0.6770245035,0.8069218993,-0.0149890054,1.0000000000
110,11.7790000000,left_hand,14,0.6724670927,0.8038865924,-0.0071337353,1.0000000000
111,11.8860000000,left_hand,14,0.6679096818,0.8008512855,0.0007215347,1.0000000000
112,11.9930000000,left_hand,14,0.6743651628,0.8088465929,-0.0025729602,1.0000000000
47,5.0330000000,left_hand,15,0.4394234419,0.4389491081,-0.0093091810,1.0000000000
48,5.1400000000,left_hand,15,0.4394234419,0.4389491081,-0.0093091810,1.0000000000
49,5.2470000000,left_hand,15,0.4394234419,0.4389491081,-0.0093091810,1.0000000000
50,5.3540000000,left_hand,15,0.4394234419,0.4389491081,-0.0093091810,1.0000000000
51,5.4610000000,left_hand,15,0.4394234419,0.4389491081,-0.0093091810,1.0000000000
52,5.5680000000,left_hand,15,0.4394234419,0.4389491081,-0.0093091810,1.0000000000
53,5.6750000000,left_hand,15,0.4394234419,0.4389491081,-0.0093091810,1.0000000000
54,5.7820000000,left_hand,15,0.4394234419,0.4389491081,-0.0093091810,1.0000000000
55,5.8890000000,left_hand,15,0.4394234419,0.4389491081,-0.0093091810,1.0000000000
56,5.9970000000,left_hand,15,0.4394234419,0.4389491081,-0.0093091810,1.0000000000
57,6.1040000000,left_hand,15,0.4394234419,0.4389491081,-0.0093091810,1.0000000000
58,6.2110000000,left_hand,15,0.4394234419,0.4389491081,-0.0093091810,1.0000000000
59,6.3180000000,left_hand,15,0.4394234419,0.4389491081,-0.0093091810,1.0000000000
60,6.4250000000,left_hand,15,0.4394234419,0.4389491081,-0.0093091810,1.0000000000
61,6.5320000000,left_hand,15,0.4394234419,0.4389491081,-0.0093091810,1.0000000000
62,6.6390000000,left_hand,15,0.4394234419,0.4389491081,-0.0093091810,1.0000000000
63,6.7460000000,left_hand,15,0.4330499172,0.4363400936,-0.0081327846,1.0000000000
64,6.8530000000,left_hand,15,0.6733300090,0.8098815680,-0.0063666124,1.0000000000
65,6.9600000000,left_hand,15,0.6760424376,0.8072374463,-0.0099327462,1.0000000000
66,7.0670000000,left_hand,15,0.6762905121,0.8070995212,-0.0074127289,1.0000000000
67,7.1740000000,left_hand,15,0.6772427261,0.8079788089,-0.0068546404,1.0000000000
68,7.2820000000,left_hand,15,0.6781949401,0.8088580966,-0.0062965520,1.0000000000
69,7.3890000000,left_hand,15,0.6781949401,0.8088580966,-0.0062965520,1.0000000000
70,7.4960000000,left_hand,15,0.6781949401,0.8088580966,-0.0062965520,1.0000000000
71,7.6030000000,left_hand,15,0.6781949401,0.8088580966,-0.0062965520,1.0000000000
72,7.7100000000,left_hand,15,0.6820037961,0.8123752475,-0.0040641984,1.0000000000
73,7.8170000000,left_hand,15,0.6829560101,0.8132545352,-0.0035061099,1.0000000000
74,7.9240000000,left_hand,15,0.6839082241,0.8141338229,-0.0029480215,1.0000000000
75,8.0310000000,left_hand,15,0.6882988811,0.8015223145,-0.0068978863,1.0000000000
76,8.1380000000,left_hand,15,0.6878347397,0.8021674156,-0.0047446904,1.0000000000
77,8.2450000000,left_hand,15,0.6796477437,0.7994116545,0.0001268215,1.0000000000
78,8.3520000000,left_hand,15,0.6837718487,0.7966139317,-0.0017761701,1.0000000000
79,8.4590000000,left_hand,15,0.6813566685,0.8066928387,-0.0049444162,1.0000000000
80,8.5660000000,left_hand,15,0.6815125942,0.8007768989,-0.0012958481,1.0000000000
81,8.6740000000,left_hand,15,0.6791267395,0.8026525974,-0.0055192634,1.0000000000
82,8.7810000000,left_hand,15,0.6798807383,0.8048843384,-0.0064973176,1.0000000000
83,8.8880000000,left_hand,15,0.6806347370,0.8071160793,-0.0074753717,1.0000000000
84,8.9950000000,left_hand,15,0.6813887358,0.8093478203,-0.0084534258,1.0000000000
85,9.1020000000,left_hand,15,0.6821427345,0.8115795612,-0.0094314799,1.0000000000
86,9.2090000000,left_hand,15,0.6828967333,0.8138113022,-0.0104095340,1.0000000000
87,9.3160000000,left_hand,15,0.6801668406,0.8033435345,-0.0027245639,1.0000000000
88,9.4230000000,left_hand,15,0.6825640599,0.8036364913,-0.0031993870,1.0000000000
89,9.5300000000,left_hand,15,0.6849612792,0.8039294481,-0.0036742101,1.0000000000
90,9.6370000000,left_hand,15,0.6873584986,0.8042224050,-0.0041490332,1.0000000000
91,9.7440000000,left_hand,15,0.6875158548,0.7913142443,-0.0047582849,1.0000000000
92,9.8510000000,left_hand,15,0.6846849918,0.7929084897,-0.0056711999,1.0000000000
93,9.9590000000,left_hand,15,0.6798262894,0.7934379280,-0.0057516091,1.0000000000
94,10.0660000000,left_hand,15,0.6749675870,0.7939673662,-0.0058320183,1.0000000000
95,10.1730000000,left_hand,15,0.6832939386,0.8099067211,-0.0096372878,1.0000000000
96,10.2800000000,left_hand,15,0.6878056526,0.8008517027,-0.0064797061,1.0000000000
97,10.3870000000,left_hand,15,0.6849117577,0.8073981106,-0.0056128767,1.0000000000
98,10.4940000000,left_hand,15,0.6820178628,0.8139445186,-0.0047460473,1.0000000000
99,10.6010000000,left_hand,15,0.6886537075,0.8083633184,-0.0092213629,1.0000000000
100,10.7080000000,left_hand,15,0.6871546308,0.8046443661,-0.0082223543,1.0000000000
101,10.8150000000,left_hand,15,0.6856555541,0.8009254138,-0.0072233456,1.0000000000
102,10.9220000000,left_hand,15,0.6841564775,0.7972064614,-0.0062243370,1.0000000000
103,11.0290000000,left_hand,15,0.6835673650,0.7995138168,-0.0043812392,1.0000000000
104,11.1360000000,left_hand,15,0.6829782526,0.8018211722,-0.0025381414,1.0000000000
105,11.2430000000,left_hand,15,0.6823891401,0.8041285276,-0.0006950436,1.0000000000
106,11.3510000000,left_hand,15,0.6844608784,0.8009865085,-0.0083349238,1.0000000000
107,11.4580000000,left_hand,15,0.6865326166,0.7978444894,-0.0159748039,1.0000000000
108,11.5650000000,left_hand,15,0.6886043549,0.7947024703,-0.0236146841,1.0000000000
109,11.6720000000,left_hand,15,0.6854616404,0.7987956603,-0.0162475957,1.0000000000
110,11.7790000000,left_hand,15,0.6823189259,0.8028888504,-0.0088805073,1.0000000000
111,11.8860000000,left_hand,15,0.6791762114,0.8069820404,-0.0015134189,1.0000000000
112,11.9930000000,left_hand,15,0.6810796261,0.8048834205,-0.0026779214,1.0000000000
47,5.0330000000,left_hand,16,0.4420331419,0.4251368344,-0.0073428587,1.0000000000
48,5.1400000000,left_hand,16,0.4420331419,0.4251368344,-0.0073428587,1.0000000000
49,5.2470000000,left_hand,16,0.4420331419,0.4251368344,-0.0073428587,1.0000000000
50,5.3540000000,left_hand,16,0.4420331419,0.4251368344,-0.0073428587,1.0000000000
51,5.4610000000,left_hand,16,0.4420331419,0.4251368344,-0.0073428587,1.0000000000
52,5.5680000000,left_hand,16,0.4420331419,0.4251368344,-0.0073428587,1.0000000000
53,5.6750000000,left_hand,16,0.4420331419,0.4251368344,-0.0073428587,1.0000000000
54,5.7820000000,left_hand,16,0.4420331419,0.4251368344,-0.0073428587,1.0000000000
55,5.8890000000,left_hand,16,0.4420331419,0.4251368344,-0.0073428587,1.0000000000
56,5.9970000000,left_hand,16,0.4420331419,0.4251368344,-0.0073428587,1.0000000000
57,6.1040000000,left_hand,16,0.4420331419,0.4251368344,-0.0073428587,1.0000000000
58,6.2110000000,left_hand,16,0.4420331419,0.4251368344,-0.0073428587,1.0000000000
59,6.3180000000,left_hand,16,0.4420331419,0.4251368344,-0.0073428587,1.0000000000
60,6.4250000000,left_hand,16,0.4420331419,0.4251368344,-0.0073428587,1.0000000000
61,6.5320000000,left_hand,16,0.4420331419,0.4251368344,-0.0073428587,1.0000000000
62,6.6390000000,left_hand,16,0.4420331419,0.4251368344,-0.0073428587,1.0000000000
63,6.7460000000,left_hand,16,0.4371176958,0.4250109792,-0.0071838191,1.0000000000
64,6.8530000000,left_hand,16,0.6825730205,0.8089075685,-0.0069853114,1.0000000000
65,6.9600000000,left_hand,16,0.6843288541,0.8084079623,-0.0085253175,1.0000000000
66,7.0670000000,left_hand,16,0.6812394857,0.8006777167,-0.0074518258,1.0000000000
67,7.1740000000,left_hand,16,0.6824840009,0.8010377064,-0.0069079733,1.0000000000
68,7.2820000000,left_hand,16,0.6837285161,0.8013976961,-0.0063641209,1.0000000000
69,7.3890000000,left_hand,16,0.6837285161,0.8013976961,-0.0063641209,1.0000000000
70,7.4960000000,left_hand,16,0.6837285161,0.8013976961,-0.0063641209,1.0000000000
71,7.6030000000,left_hand,16,0.6837285161,0.8013976961,-0.0063641209,1.0000000000
72,7.7100000000,left_hand,16,0.6887065768,0.8028376549,-0.0041887111,1.0000000000
73,7.8170000000,left_hand,16,0.6899510920,0.8031976447,-0.0036448586,1.0000000000
74,7.9240000000,left_hand,16,0.6911956072,0.8035576344,-0.0031010062,1.0000000000
75,8.0310000000,left_hand,16,0.6959317923,0.7948280573,-0.0077794655,1.0000000000
76,8.1380000000,left_hand,16,0.6916229725,0.7946664691,-0.0034918746,1.0000000000
77,8.2450000000,left_hand,16,0.6796096563,0.7873613834,0.0008086672,1.0000000000
78,8.3520000000,left_hand,16,0.6854926944,0.7865058780,-0.0017321875,1.0000000000
79,8.4590000000,left_hand,16,0.6902194619,0.8000698686,-0.0056283181,1.0000000000
80,8.5660000000,left_hand,16,0.6850427389,0.7968977094,-0.0010118072,1.0000000000
81,8.6740000000,left_hand,16,0.6835008264,0.7991978526,-0.0056043738,1.0000000000
82,8.7810000000,left_hand,16,0.6849191904,0.8009823084,-0.0066388192,1.0000000000
83,8.8880000000,left_hand,16,0.6863375545,0.8027667642,-0.0076732646,1.0000000000
84,8.9950000000,left_hand,16,0.6877559185,0.8045512199,-0.0087077100,1.0000000000
85,9.1020000000,left_hand,16,0.6891742826,0.8063356757,-0.0097421554,1.0000000000
86,9.2090000000,left_hand,16,0.6905926466,0.8081201315,-0.0107766008,1.0000000000
87,9.3160000000,left_hand,16,0.6817486286,0.7962979674,-0.0024221393,1.0000000000
88,9.4230000000,left_hand,16,0.6853266160,0.7967818181,-0.0029390900,1.0000000000
89,9.5300000000,left_hand,16,0.6889046033,0.7972656687,-0.0034560407,1.0000000000
90,9.6370000000,left_hand,16,0.6924825907,0.7977495193,-0.0039729914,1.0000000000
91,9.7440000000,left_hand,16,0.6940360069,0.7848968506,-0.0053440602,1.0000000000
92,9.8510000000,left_hand,16,0.6906678081,0.7862232924,-0.0055205575,1.0000000000
93,9.9590000000,left_hand,16,0.6869028807,0.7888176739,-0.0062925755,1.0000000000
94,10.0660000000,left_hand,16,0.6831379533,0.7914120555,-0.0070645935,1.0000000000
95,10.1730000000,left_hand,16,0.6939477324,0.8058735132,-0.0105608022,1.0000000000
96,10.2800000000,left_hand,16,0.6939918399,0.7986857295,-0.0062778341,1.0000000000
97,10.3870000000,left_hand,16,0.6924204528,0.8046750724,-0.0057424724,1.0000000000
98,10.4940000000,left_hand,16,0.6908490658,0.8106644154,-0.0052071107,1.0000000000
99,10.6010000000,left_hand,16,0.6978237629,0.8098514080,-0.0099881766,1.0000000000
100,10.7080000000,left_hand,16,0.6942810615,0.8031732241,-0.0086264457,1.0000000000
101,10.8150000000,left_hand,16,0.6907383601,0.7964950403,-0.0072647147,1.0000000000
102,10.9220000000,left_hand,16,0.6871956587,0.7898168564,-0.0059029837,1.0000000000
103,11.0290000000,left_hand,16,0.6854649186,0.7924784025,-0.0039429706,1.0000000000
104,11.1360000000,left_hand,16,0.6837341785,0.7951399485,-0.0019829575,1.0000000000
105,11.2430000000,left_hand,16,0.6820034385,0.7978014946,-0.0000229444,1.0000000000
106,11.3510000000,left_hand,16,0.6844052474,0.7930967410,-0.0073767064,1.0000000000
107,11.4580000000,left_hand,16,0.6868070563,0.7883919875,-0.0147304685,1.0000000000
108,11.5650000000,left_hand,16,0.6892088652,0.7836872339,-0.0220842306,1.0000000000
109,11.6720000000,left_hand,16,0.6884561777,0.7919603586,-0.0155471223,1.0000000000
110,11.7790000000,left_hand,16,0.6877034903,0.8002334833,-0.0090100141,1.0000000000
111,11.8860000000,left_hand,16,0.6869508028,0.8085066080,-0.0024729059,1.0000000000
112,11.9930000000,left_hand,16,0.6833233833,0.7974339724,-0.0027323770,1.0000000000
47,5.0330000000,left_hand,17,0.3890213966,0.4715828001,-0.0152490903,1.0000000000
48,5.1400000000,left_hand,17,0.3890213966,0.4715828001,-0.0152490903,1.0000000000
49,5.2470000000,left_hand,17,0.3890213966,0.4715828001,-0.0152490903,1.0000000000
50,5.3540000000,left_hand,17,0.3890213966,0.4715828001,-0.0152490903,1.0000000000
51,5.4610000000,left_hand,17,0.3890213966,0.4715828001,-0.0152490903,1.0000000000
52,5.5680000000,left_hand,17,0.3890213966,0.4715828001,-0.0152490903,1.0000000000
53,5.6750000000,left_hand,17,0.3890213966,0.4715828001,-0.0152490903,1.0000000000
54,5.7820000000,left_hand,17,0.3890213966,0.4715828001,-0.0152490903,1.0000000000
55,5.8890000000,left_hand,17,0.3890213966,0.4715828001,-0.0152490903,1.0000000000
56,5.9970000000,left_hand,17,0.3890213966,0.4715828001,-0.0152490903,1.0000000000
57,6.1040000000,left_hand,17,0.3890213966,0.4715828001,-0.0152490903,1.0000000000
58,6.2110000000,left_hand,17,0.3890213966,0.4715828001,-0.0152490903,1.0000000000
59,6.3180000000,left_hand,17,0.3890213966,0.4715828001,-0.0152490903,1.0000000000
60,6.4250000000,left_hand,17,0.3890213966,0.4715828001,-0.0152490903,1.0000000000
61,6.5320000000,left_hand,17,0.3890213966,0.4715828001,-0.0152490903,1.0000000000
62,6.6390000000,left_hand,17,0.3890213966,0.4715828001,-0.0152490903,1.0000000000
63,6.7460000000,left_hand,17,0.3834072351,0.4598401785,-0.0091906926,1.0000000000
64,6.8530000000,left_hand,17,0.6390073895,0.7917520404,-0.0010513578,1.0000000000
65,6.9600000000,left_hand,17,0.6391229033,0.7837640047,-0.0069613997,1.0000000000
66,7.0670000000,left_hand,17,0.6450106502,0.7950427532,-0.0043346924,1.0000000000
67,7.1740000000,left_hand,17,0.6458105445,0.7986646518,-0.0042436922,1.0000000000
68,7.2820000000,left_hand,17,0.6466104388,0.8022865504,-0.0041526921,1.0000000000
69,7.3890000000,left_hand,17,0.6466104388,0.8022865504,-0.0041526921,1.0000000000
70,7.4960000000,left_hand,17,0.6466104388,0.8022865504,-0.0041526921,1.0000000000
71,7.6030000000,left_hand,17,0.6466104388,0.8022865504,-0.0041526921,1.0000000000
72,7.7100000000,left_hand,17,0.6498100162,0.8167741448,-0.0037886915,1.0000000000
73,7.8170000000,left_hand,17,0.6506099105,0.8203960434,-0.0036976914,1.0000000000
74,7.9240000000,left_hand,17,0.6514098048,0.8240179420,-0.0036066913,1.0000000000
75,8.0310000000,left_hand,17,0.6539220810,0.8109918833,-0.0036333906,1.0000000000
76,8.1380000000,left_hand,17,0.6549261808,0.8117312193,-0.0059982585,1.0000000000
77,8.2450000000,left_hand,17,0.6519402266,0.8111886978,-0.0003351825,1.0000000000
78,8.3520000000,left_hand,17,0.6534058452,0.8085003495,-0.0018932630,1.0000000000
79,8.4590000000,left_hand,17,0.6474316716,0.8023301363,-0.0020236408,1.0000000000
80,8.5660000000,left_hand,17,0.6505380869,0.7921854854,-0.0002362222,1.0000000000
81,8.6740000000,left_hand,17,0.6493604183,0.7883032560,-0.0050424631,1.0000000000
82,8.7810000000,left_hand,17,0.6494751930,0.7921598077,-0.0048429715,1.0000000000
83,8.8880000000,left_hand,17,0.6495899677,0.7960163593,-0.0046434798,1.0000000000
84,8.9950000000,left_hand,17,0.6497047424,0.7998729110,-0.0044439882,1.0000000000
85,9.1020000000,left_hand,17,0.6498195171,0.8037294626,-0.0042444966,1.0000000000
86,9.2090000000,left_hand,17,0.6499342918,0.8075860143,-0.0040450050,1.0000000000
87,9.3160000000,left_hand,17,0.6519781351,0.8073529601,-0.0027729599,1.0000000000
88,9.4230000000,left_hand,17,0.6521022121,0.8055439194,-0.0033719999,1.0000000000
89,9.5300000000,left_hand,17,0.6522262891,0.8037348787,-0.0039710399,1.0000000000
90,9.6370000000,left_hand,17,0.6523503661,0.8019258380,-0.0045700800,1.0000000000
91,9.7440000000,left_hand,17,0.6523985863,0.7832337022,-0.0060637756,1.0000000000
92,9.8510000000,left_hand,17,0.6496927142,0.7900545597,-0.0044963867,1.0000000000
93,9.9590000000,left_hand,17,0.6471803784,0.7864345908,-0.0029687858,1.0000000000
94,10.0660000000,left_hand,17,0.6446680427,0.7828146219,-0.0014411849,1.0000000000
95,10.1730000000,left_hand,17,0.6458647251,0.8023908138,-0.0042189183,1.0000000000
96,10.2800000000,left_hand,17,0.6520059705,0.7993252873,-0.0049591511,1.0000000000
97,10.3870000000,left_hand,17,0.6494636536,0.7961494625,-0.0032580971,1.0000000000
98,10.4940000000,left_hand,17,0.6469213367,0.7929736376,-0.0015570431,1.0000000000
99,10.6010000000,left_hand,17,0.6507878900,0.7945073247,-0.0059373090,1.0000000000
100,10.7080000000,left_hand,17,0.6509740551,0.7943007747,-0.0056662497,1.0000000000
101,10.8150000000,left_hand,17,0.6511602203,0.7940942248,-0.0053951905,1.0000000000
102,10.9220000000,left_hand,17,0.6513463855,0.7938876748,-0.0051241312,1.0000000000
103,11.0290000000,left_hand,17,0.6525774201,0.7955041726,-0.0040271009,1.0000000000
104,11.1360000000,left_hand,17,0.6538084547,0.7971206705,-0.0029300705,1.0000000000
105,11.2430000000,left_hand,17,0.6550394893,0.7987371683,-0.0018330402,1.0000000000
106,11.3510000000,left_hand,17,0.6533595522,0.8033305208,-0.0057060836,1.0000000000
107,11.4580000000,left_hand,17,0.6516796152,0.8079238733,-0.0095791270,1.0000000000
108,11.5650000000,left_hand,17,0.6499996781,0.8125172257,-0.0134521704,1.0000000000
109,11.6720000000,left_hand,17,0.6494982441,0.8041420380,-0.0085165815,1.0000000000
110,11.7790000000,left_hand,17,0.6489968101,0.7957668503,-0.0035809927,1.0000000000
111,11.8860000000,left_hand,17,0.6484953761,0.7873916626,0.0013545962,1.0000000000
112,11.9930000000,left_hand,17,0.6511430144,0.7951682210,-0.0036925178,1.0000000000
47,5.0330000000,left_hand,18,0.4114529788,0.4514362514,-0.0129098827,1.0000000000
48,5.1400000000,left_hand,18,0.4114529788,0.4514362514,-0.0129098827,1.0000000000
49,5.2470000000,left_hand,18,0.4114529788,0.4514362514,-0.0129098827,1.0000000000
50,5.3540000000,left_hand,18,0.4114529788,0.4514362514,-0.0129098827,1.0000000000
51,5.4610000000,left_hand,18,0.4114529788,0.4514362514,-0.0129098827,1.0000000000
52,5.5680000000,left_hand,18,0.4114529788,0.4514362514,-0.0129098827,1.0000000000
53,5.6750000000,left_hand,18,0.4114529788,0.4514362514,-0.0129098827,1.0000000000
54,5.7820000000,left_hand,18,0.4114529788,0.4514362514,-0.0129098827,1.0000000000
55,5.8890000000,left_hand,18,0.4114529788,0.4514362514,-0.0129098827,1.0000000000
56,5.9970000000,left_hand,18,0.4114529788,0.4514362514,-0.0129098827,1.0000000000
57,6.1040000000,left_hand,18,0.4114529788,0.4514362514,-0.0129098827,1.0000000000
58,6.2110000000,left_hand,18,0.4114529788,0.4514362514,-0.0129098827,1.0000000000
59,6.3180000000,left_hand,18,0.4114529788,0.4514362514,-0.0129098827,1.0000000000
60,6.4250000000,left_hand,18,0.4114529788,0.4514362514,-0.0129098827,1.0000000000
61,6.5320000000,left_hand,18,0.4114529788,0.4514362514,-0.0129098827,1.0000000000
62,6.6390000000,left_hand,18,0.4114529788,0.4514362514,-0.0129098827,1.0000000000
63,6.7460000000,left_hand,18,0.4032060504,0.4371645451,-0.0090956604,1.0000000000
64,6.8530000000,left_hand,18,0.6563643217,0.8060491681,-0.0035913161,1.0000000000
65,6.9600000000,left_hand,18,0.6546592712,0.7973611355,-0.0103468699,1.0000000000
66,7.0670000000,left_hand,18,0.6589595675,0.8114391565,-0.0068889889,1.0000000000
67,7.1740000000,left_hand,18,0.6601199061,0.8138609454,-0.0066710298,1.0000000000
68,7.2820000000,left_hand,18,0.6612802446,0.8162827343,-0.0064530708,1.0000000000
69,7.3890000000,left_hand,18,0.6612802446,0.8162827343,-0.0064530708,1.0000000000
70,7.4960000000,left_hand,18,0.6612802446,0.8162827343,-0.0064530708,1.0000000000
71,7.6030000000,left_hand,18,0.6612802446,0.8162827343,-0.0064530708,1.0000000000
72,7.7100000000,left_hand,18,0.6659215987,0.8259698898,-0.0055812346,1.0000000000
73,7.8170000000,left_hand,18,0.6670819372,0.8283916786,-0.0053632755,1.0000000000
74,7.9240000000,left_hand,18,0.6682422757,0.8308134675,-0.0051453165,1.0000000000
75,8.0310000000,left_hand,18,0.6694517136,0.8150039315,-0.0063060988,1.0000000000
76,8.1380000000,left_hand,18,0.6712096930,0.8144401908,-0.0076208995,1.0000000000
77,8.2450000000,left_hand,18,0.6660851240,0.8156406283,-0.0012233825,1.0000000000
78,8.3520000000,left_hand,18,0.6686527729,0.8110027909,-0.0032236706,1.0000000000
79,8.4590000000,left_hand,18,0.6637099385,0.8082908988,-0.0041286452,1.0000000000
80,8.5660000000,left_hand,18,0.6654720306,0.8028799295,-0.0012920239,1.0000000000
81,8.6740000000,left_hand,18,0.6621038318,0.8019306660,-0.0067792255,1.0000000000
82,8.7810000000,left_hand,18,0.6628583670,0.8049167991,-0.0068596551,1.0000000000
83,8.8880000000,left_hand,18,0.6636129022,0.8079029322,-0.0069400847,1.0000000000
84,8.9950000000,left_hand,18,0.6643674374,0.8108890653,-0.0070205143,1.0000000000
85,9.1020000000,left_hand,18,0.6651219726,0.8138751984,-0.0071009438,1.0000000000
86,9.2090000000,left_hand,18,0.6658765078,0.8168613315,-0.0071813734,1.0000000000
87,9.3160000000,left_hand,18,0.6660009623,0.8122768998,-0.0040383129,1.0000000000
88,9.4230000000,left_hand,18,0.6669484973,0.8116105000,-0.0045577215,1.0000000000
89,9.5300000000,left_hand,18,0.6678960323,0.8109441002,-0.0050771300,1.0000000000
90,9.6370000000,left_hand,18,0.6688435674,0.8102777004,-0.0055965385,1.0000000000
91,9.7440000000,left_hand,18,0.6700258851,0.7877370119,-0.0074617006,1.0000000000
92,9.8510000000,left_hand,18,0.6662635803,0.7949290872,-0.0069428030,1.0000000000
93,9.9590000000,left_hand,18,0.6627184749,0.7925396860,-0.0051544982,1.0000000000
94,10.0660000000,left_hand,18,0.6591733694,0.7901502848,-0.0033661933,1.0000000000
95,10.1730000000,left_hand,18,0.6629446149,0.8097421527,-0.0068648993,1.0000000000
96,10.2800000000,left_hand,18,0.6681876779,0.8057475686,-0.0073717516,1.0000000000
97,10.3870000000,left_hand,18,0.6651297510,0.8060314357,-0.0053042010,1.0000000000
98,10.4940000000,left_hand,18,0.6620718241,0.8063153028,-0.0032366505,1.0000000000
99,10.6010000000,left_hand,18,0.6664992571,0.8066663146,-0.0088355690,1.0000000000
100,10.7080000000,left_hand,18,0.6668587128,0.8062490424,-0.0082814459,1.0000000000
101,10.8150000000,left_hand,18,0.6672181686,0.8058317701,-0.0077273228,1.0000000000
102,10.9220000000,left_hand,18,0.6675776243,0.8054144979,-0.0071731997,1.0000000000
103,11.0290000000,left_hand,18,0.6679426829,0.8084955613,-0.0054980034,1.0000000000
104,11.1360000000,left_hand,18,0.6683077415,0.8115766247,-0.0038228072,1.0000000000
105,11.2430000000,left_hand,18,0.6686728001,0.8146576881,-0.0021476110,1.0000000000
106,11.3510000000,left_hand,18,0.6702091297,0.8118334015,-0.0082732816,1.0000000000
107,11.4580000000,left_hand,18,0.6717454592,0.8090091149,-0.0143989522,1.0000000000
108,11.5650000000,left_hand,18,0.6732817888,0.8061848283,-0.0205246229,1.0000000000
109,11.6720000000,left_hand,18,0.6692564686,0.8053174019,-0.0136670961,1.0000000000
110,11.7790000000,left_hand,18,0.6652311484,0.8044499755,-0.0068095694,1.0000000000
111,11.8860000000,left_hand,18,0.6612058282,0.8035825491,0.0000479573,1.0000000000
112,11.9930000000,left_hand,18,0.6638925076,0.8096541762,-0.0046523046,1.0000000000
47,5.0330000000,left_hand,19,0.4221452177,0.4382593334,-0.0089926124,1.0000000000
48,5.1400000000,left_hand,19,0.4221452177,0.4382593334,-0.0089926124,1.0000000000
49,5.2470000000,left_hand,19,0.4221452177,0.4382593334,-0.0089926124,1.0000000000
50,5.3540000000,left_hand,19,0.4221452177,0.4382593334,-0.0089926124,1.0000000000
51,5.4610000000,left_hand,19,0.4221452177,0.4382593334,-0.0089926124,1.0000000000
52,5.5680000000,left_hand,19,0.4221452177,0.4382593334,-0.0089926124,1.0000000000
53,5.6750000000,left_hand,19,0.4221452177,0.4382593334,-0.0089926124,1.0000000000
54,5.7820000000,left_hand,19,0.4221452177,0.4382593334,-0.0089926124,1.0000000000
55,5.8890000000,left_hand,19,0.4221452177,0.4382593334,-0.0089926124,1.0000000000
56,5.9970000000,left_hand,19,0.4221452177,0.4382593334,-0.0089926124,1.0000000000
57,6.1040000000,left_hand,19,0.4221452177,0.4382593334,-0.0089926124,1.0000000000
58,6.2110000000,left_hand,19,0.4221452177,0.4382593334,-0.0089926124,1.0000000000
59,6.3180000000,left_hand,19,0.4221452177,0.4382593334,-0.0089926124,1.0000000000
60,6.4250000000,left_hand,19,0.4221452177,0.4382593334,-0.0089926124,1.0000000000
61,6.5320000000,left_hand,19,0.4221452177,0.4382593334,-0.0089926124,1.0000000000
62,6.6390000000,left_hand,19,0.4221452177,0.4382593334,-0.0089926124,1.0000000000
63,6.7460000000,left_hand,19,0.4127004147,0.4238833785,-0.0074119912,1.0000000000
64,6.8530000000,left_hand,19,0.6664296985,0.8097594976,-0.0039812149,1.0000000000
65,6.9600000000,left_hand,19,0.6648417711,0.8006343842,-0.0094539486,1.0000000000
66,7.0670000000,left_hand,19,0.6671125293,0.8124077320,-0.0068641105,1.0000000000
67,7.1740000000,left_hand,19,0.6684532464,0.8140115812,-0.0065741831,1.0000000000
68,7.2820000000,left_hand,19,0.6697939634,0.8156154305,-0.0062842558,1.0000000000
69,7.3890000000,left_hand,19,0.6697939634,0.8156154305,-0.0062842558,1.0000000000
70,7.4960000000,left_hand,19,0.6697939634,0.8156154305,-0.0062842558,1.0000000000
71,7.6030000000,left_hand,19,0.6697939634,0.8156154305,-0.0062842558,1.0000000000
72,7.7100000000,left_hand,19,0.6751568317,0.8220308274,-0.0051245464,1.0000000000
73,7.8170000000,left_hand,19,0.6764975488,0.8236346766,-0.0048346190,1.0000000000
74,7.9240000000,left_hand,19,0.6778382659,0.8252385259,-0.0045446916,1.0000000000
75,8.0310000000,left_hand,19,0.6792057753,0.8123510480,-0.0069530532,1.0000000000
76,8.1380000000,left_hand,19,0.6795604229,0.8094251156,-0.0066299783,1.0000000000
77,8.2450000000,left_hand,19,0.6721642017,0.8067721128,-0.0002343397,1.0000000000
78,8.3520000000,left_hand,19,0.6749318838,0.8033730984,-0.0025211321,1.0000000000
79,8.4590000000,left_hand,19,0.6741887927,0.8063031435,-0.0047054193,1.0000000000
80,8.5660000000,left_hand,19,0.6734371185,0.8038495183,-0.0005739096,1.0000000000
81,8.6740000000,left_hand,19,0.6701784730,0.8039529920,-0.0065882918,1.0000000000
82,8.7810000000,left_hand,19,0.6714056492,0.8067007661,-0.0068623032,1.0000000000
83,8.8880000000,left_hand,19,0.6726328254,0.8094485402,-0.0071363146,1.0000000000
84,8.9950000000,left_hand,19,0.6738600016,0.8121963143,-0.0074103260,1.0000000000
85,9.1020000000,left_hand,19,0.6750871778,0.8149440885,-0.0076843374,1.0000000000
86,9.2090000000,left_hand,19,0.6763143539,0.8176918626,-0.0079583488,1.0000000000
87,9.3160000000,left_hand,19,0.6724591255,0.8079696298,-0.0033675232,1.0000000000
88,9.4230000000,left_hand,19,0.6743566593,0.8079819878,-0.0038108279,1.0000000000
89,9.5300000000,left_hand,19,0.6762541930,0.8079943458,-0.0042541327,1.0000000000
90,9.6370000000,left_hand,19,0.6781517267,0.8080067039,-0.0046974374,1.0000000000
91,9.7440000000,left_hand,19,0.6793675423,0.7846512198,-0.0073862569,1.0000000000
92,9.8510000000,left_hand,19,0.6755985022,0.7916453481,-0.0066642947,1.0000000000
93,9.9590000000,left_hand,19,0.6720894575,0.7914765179,-0.0054784529,1.0000000000
94,10.0660000000,left_hand,19,0.6685804129,0.7913076878,-0.0042926110,1.0000000000
95,10.1730000000,left_hand,19,0.6738890409,0.8110790849,-0.0076851393,1.0000000000
96,10.2800000000,left_hand,19,0.6774137020,0.8052461743,-0.0067810453,1.0000000000
97,10.3870000000,left_hand,19,0.6751616001,0.8074415922,-0.0051455137,1.0000000000
98,10.4940000000,left_hand,19,0.6729094982,0.8096370101,-0.0035099820,1.0000000000
99,10.6010000000,left_hand,19,0.6765639782,0.8112879395,-0.0091982596,1.0000000000
100,10.7080000000,left_hand,19,0.6761664152,0.8087340792,-0.0083528762,1.0000000000
101,10.8150000000,left_hand,19,0.6757688522,0.8061802189,-0.0075074928,1.0000000000
102,10.9220000000,left_hand,19,0.6753712893,0.8036263585,-0.0066621094,1.0000000000
103,11.0290000000,left_hand,19,0.6747670174,0.8077269395,-0.0047677615,1.0000000000
104,11.1360000000,left_hand,19,0.6741627455,0.8118275205,-0.0028734137,1.0000000000
105,11.2430000000,left_hand,19,0.6735584736,0.8159281015,-0.0009790658,1.0000000000
106,11.3510000000,left_hand,19,0.6758206685,0.8095170061,-0.0076681064,1.0000000000
107,11.4580000000,left_hand,19,0.6780828635,0.8031059106,-0.0143571471,1.0000000000
108,11.5650000000,left_hand,19,0.6803450584,0.7966948152,-0.0210461877,1.0000000000
109,11.6720000000,left_hand,19,0.6770112117,0.8011100491,-0.0142093471,1.0000000000
110,11.7790000000,left_hand,19,0.6736773650,0.8055252830,-0.0073725064,1.0000000000
111,11.8860000000,left_hand,19,0.6703435183,0.8099405169,-0.0005356657,1.0000000000
112,11.9930000000,left_hand,19,0.6705248356,0.8083124757,-0.0037579963,1.0000000000
47,5.0330000000,left_hand,20,0.4277749360,0.4295339286,-0.0062009306,1.0000000000
48,5.1400000000,left_hand,20,0.4277749360,0.4295339286,-0.0062009306,1.0000000000
49,5.2470000000,left_hand,20,0.4277749360,0.4295339286,-0.0062009306,1.0000000000
50,5.3540000000,left_hand,20,0.4277749360,0.4295339286,-0.0062009306,1.0000000000
51,5.4610000000,left_hand,20,0.4277749360,0.4295339286,-0.0062009306,1.0000000000
52,5.5680000000,left_hand,20,0.4277749360,0.4295339286,-0.0062009306,1.0000000000
53,5.6750000000,left_hand,20,0.4277749360,0.4295339286,-0.0062009306,1.0000000000
54,5.7820000000,left_hand,20,0.4277749360,0.4295339286,-0.0062009306,1.0000000000
55,5.8890000000,left_hand,20,0.4277749360,0.4295339286,-0.0062009306,1.0000000000
56,5.9970000000,left_hand,20,0.4277749360,0.4295339286,-0.0062009306,1.0000000000
57,6.1040000000,left_hand,20,0.4277749360,0.4295339286,-0.0062009306,1.0000000000
58,6.2110000000,left_hand,20,0.4277749360,0.4295339286,-0.0062009306,1.0000000000
59,6.3180000000,left_hand,20,0.4277749360,0.4295339286,-0.0062009306,1.0000000000
60,6.4250000000,left_hand,20,0.4277749360,0.4295339286,-0.0062009306,1.0000000000
61,6.5320000000,left_hand,20,0.4277749360,0.4295339286,-0.0062009306,1.0000000000
62,6.6390000000,left_hand,20,0.4277749360,0.4295339286,-0.0062009306,1.0000000000
63,6.7460000000,left_hand,20,0.4179809093,0.4165628552,-0.0057750996,1.0000000000
64,6.8530000000,left_hand,20,0.6736448407,0.8104903698,-0.0035013086,1.0000000000
65,6.9600000000,left_hand,20,0.6714468598,0.8002431393,-0.0076221037,1.0000000000
66,7.0670000000,left_hand,20,0.6719530821,0.8098154664,-0.0061787423,1.0000000000
67,7.1740000000,left_hand,20,0.6734240949,0.8107008189,-0.0058229390,1.0000000000
68,7.2820000000,left_hand,20,0.6748951077,0.8115861714,-0.0054671358,1.0000000000
69,7.3890000000,left_hand,20,0.6748951077,0.8115861714,-0.0054671358,1.0000000000
70,7.4960000000,left_hand,20,0.6748951077,0.8115861714,-0.0054671358,1.0000000000
71,7.6030000000,left_hand,20,0.6748951077,0.8115861714,-0.0054671358,1.0000000000
72,7.7100000000,left_hand,20,0.6807791591,0.8151275814,-0.0040439229,1.0000000000
73,7.8170000000,left_hand,20,0.6822501719,0.8160129339,-0.0036881196,1.0000000000
74,7.9240000000,left_hand,20,0.6837211847,0.8168982863,-0.0033323164,1.0000000000
75,8.0310000000,left_hand,20,0.6859755516,0.8071808219,-0.0067625130,1.0000000000
76,8.1380000000,left_hand,20,0.6836774945,0.8036153316,-0.0050236434,1.0000000000
77,8.2450000000,left_hand,20,0.6736138463,0.7975075245,0.0012027194,1.0000000000
78,8.3520000000,left_hand,20,0.6765900850,0.7949883342,-0.0014187975,1.0000000000
79,8.4590000000,left_hand,20,0.6814488769,0.8013241887,-0.0043248138,1.0000000000
80,8.5660000000,left_hand,20,0.6779040694,0.8014355302,0.0007464040,1.0000000000
81,8.6740000000,left_hand,20,0.6749875546,0.8012338877,-0.0059216288,1.0000000000
82,8.7810000000,left_hand,20,0.6766429782,0.8039026380,-0.0062343628,1.0000000000
83,8.8880000000,left_hand,20,0.6782984018,0.8065713882,-0.0065470968,1.0000000000
84,8.9950000000,left_hand,20,0.6799538255,0.8092401385,-0.0068598309,1.0000000000
85,9.1020000000,left_hand,20,0.6816092491,0.8119088888,-0.0071725649,1.0000000000
86,9.2090000000,left_hand,20,0.6832646728,0.8145776391,-0.0074852989,1.0000000000
87,9.3160000000,left_hand,20,0.6749624014,0.8021801114,-0.0021760811,1.0000000000
88,9.4230000000,left_hand,20,0.6776198745,0.8023066123,-0.0025431583,1.0000000000
89,9.5300000000,left_hand,20,0.6802773476,0.8024331133,-0.0029102355,1.0000000000
90,9.6370000000,left_hand,20,0.6829348207,0.8025596142,-0.0032773127,1.0000000000
91,9.7440000000,left_hand,20,0.6850841641,0.7791449428,-0.0070418124,1.0000000000
92,9.8510000000,left_hand,20,0.6814419031,0.7856400013,-0.0057207476,1.0000000000
93,9.9590000000,left_hand,20,0.6783089638,0.7877590358,-0.0050681157,1.0000000000
94,10.0660000000,left_hand,20,0.6751760244,0.7898780704,-0.0044154837,1.0000000000
95,10.1730000000,left_hand,20,0.6821713448,0.8092864156,-0.0075329174,1.0000000000
96,10.2800000000,left_hand,20,0.6831448674,0.8023777604,-0.0055568945,1.0000000000
97,10.3870000000,left_hand,20,0.6819526553,0.8051320016,-0.0042500764,1.0000000000
98,10.4940000000,left_hand,20,0.6807604432,0.8078862429,-0.0029432583,1.0000000000
99,10.6010000000,left_hand,20,0.6844585538,0.8124818206,-0.0088088103,1.0000000000
100,10.7080000000,left_hand,20,0.6826887925,0.8077126145,-0.0076688081,1.0000000000
101,10.8150000000,left_hand,20,0.6809190313,0.8029434085,-0.0065288059,1.0000000000
102,10.9220000000,left_hand,20,0.6791492701,0.7981742024,-0.0053888038,1.0000000000
103,11.0290000000,left_hand,20,0.6775096059,0.8031866749,-0.0033534052,1.0000000000
104,11.1360000000,left_hand,20,0.6758699417,0.8081991474,-0.0013180067,1.0000000000
105,11.2430000000,left_hand,20,0.6742302775,0.8132116199,0.0007173918,1.0000000000
106,11.3510000000,left_hand,20,0.6765005191,0.8052020073,-0.0059990985,1.0000000000
107,11.4580000000,left_hand,20,0.6787707607,0.7971923947,-0.0127155888,1.0000000000
108,11.5650000000,left_hand,20,0.6810410023,0.7891827822,-0.0194320790,1.0000000000
109,11.6720000000,left_hand,20,0.6796561678,0.7968953252,-0.0130352652,1.0000000000
110,11.7790000000,left_hand,20,0.6782713334,0.8046078682,-0.0066384513,1.0000000000
111,11.8860000000,left_hand,20,0.6768864989,0.8123204112,-0.0002416374,1.0000000000
112,11.9930000000,left_hand,20,0.6733855605,0.8028790951,-0.0026501839,1.0000000000
47,5.0330000000,pose,11,0.5058149695,0.2975915968,0.0932106599,0.9987506866
48,5.1400000000,pose,11,0.5058348179,0.2975771725,0.0870426521,0.9986450076
49,5.2470000000,pose,11,0.5039329529,0.2968111634,0.0844773725,0.9985991120
50,5.3540000000,pose,11,0.5058159828,0.2987243235,0.0828536227,0.9986673594
51,5.4610000000,pose,11,0.5048447251,0.3015780449,0.0879299864,0.9986181259
52,5.5680000000,pose,11,0.5050550699,0.3010755777,0.0768751279,0.9986388087
53,5.6750000000,pose,11,0.5054499507,0.2952130139,0.0923705995,0.9986510873
54,5.7820000000,pose,11,0.5052794814,0.2990580797,0.0748916715,0.9986321330
55,5.8890000000,pose,11,0.5062927008,0.3003872633,0.1153589189,0.9986851215
56,5.9970000000,pose,11,0.5065806508,0.2993858755,0.0725747719,0.9987725616
57,6.1040000000,pose,11,0.5070405602,0.2988387346,0.0465895161,0.9988525510
58,6.2110000000,pose,11,0.5073572993,0.2996096909,0.0734646171,0.9988555312
59,6.3180000000,pose,11,0.5072792768,0.3009160757,0.0651402324,0.9988664389
60,6.4250000000,pose,11,0.5086172819,0.3016593754,0.0779638216,0.9989205599
61,6.5320000000,pose,11,0.5086379647,0.3025105894,0.0835912153,0.9989342093
62,6.6390000000,pose,11,0.5096365213,0.3025249541,-0.1020304188,0.9989907742
63,6.7460000000,pose,11,0.5149677396,0.3020192683,-0.2279801220,0.9989903569
64,6.8530000000,pose,11,0.5186039209,0.3022496402,-0.1516781896,0.9990054965
65,6.9600000000,pose,11,0.5189495087,0.3047462404,-0.1793927401,0.9990622997
66,7.0670000000,pose,11,0.5267891884,0.3048349619,-0.3817251623,0.9988794327
67,7.1740000000,pose,11,0.5267809629,0.3048715591,-0.2946812809,0.9988788962
68,7.2820000000,pose,11,0.5263018012,0.3049941957,-0.0823350325,0.9987692237
69,7.3890000000,pose,11,0.5213550329,0.3059477210,-0.2146172076,0.9987547994
70,7.4960000000,pose,11,0.5216003656,0.3077088296,-0.0771974027,0.9985315800
71,7.6030000000,pose,11,0.5217900276,0.3115323782,-0.0287134554,0.9985021353
72,7.7100000000,pose,11,0.5256654620,0.3128904104,-0.2213016897,0.9981331229
73,7.8170000000,pose,11,0.5233073235,0.3150504529,-0.0844656453,0.9979143143
74,7.9240000000,pose,11,0.5143033266,0.3136283457,0.1138949171,0.9982588291
75,8.0310000000,pose,11,0.5129862428,0.3117749393,0.0665419549,0.9983701706
76,8.1380000000,pose,11,0.5114543438,0.3069023490,0.0795512497,0.9983822703
77,8.2450000000,pose,11,0.5108537674,0.3076725304,0.0752454773,0.9984525442
78,8.3520000000,pose,11,0.5103429556,0.3072018325,0.0744427964,0.9984993339
79,8.4590000000,pose,11,0.5096772909,0.3072275519,0.0640711561,0.9985869527
80,8.5660000000,pose,11,0.5075419545,0.3029859364,0.0916102156,0.9986423254
81,8.6740000000,pose,11,0.5083763599,0.3032652736,0.0687034056,0.9986018538
82,8.7810000000,pose,11,0.5114690661,0.3045899272,0.0660691485,0.9985945821
83,8.8880000000,pose,11,0.5114812851,0.3015490770,0.0668330267,0.9986853600
84,8.9950000000,pose,11,0.5131776333,0.3014759123,0.0605093241,0.9987447858
85,9.1020000000,pose,11,0.5134189129,0.3014808893,0.0648647919,0.9988388419
86,9.2090000000,pose,11,0.5133690238,0.3025253117,0.0896577686,0.9988598824
87,9.3160000000,pose,11,0.5062038302,0.3028325737,0.0932684019,0.9987544417
88,9.4230000000,pose,11,0.5066425204,0.3043397367,0.0854923502,0.9987389445
89,9.5300000000,pose,11,0.5068523288,0.3054870963,0.0644404963,0.9988347292
90,9.6370000000,pose,11,0.5058202147,0.3034565449,0.0969240442,0.9988951087
91,9.7440000000,pose,11,0.5071698427,0.3058882356,0.0885717571,0.9988161325
92,9.8510000000,pose,11,0.5070207715,0.3040048182,0.0880801827,0.9988183379
93,9.9590000000,pose,11,0.5089716911,0.3039764464,0.0483387746,0.9988273382
94,10.0660000000,pose,11,0.5085778832,0.3113214970,0.0293870904,0.9988907576
95,10.1730000000,pose,11,0.5076371431,0.3115628362,0.0811573491,0.9989662170
96,10.2800000000,pose,11,0.5084905028,0.3121427894,0.1106819883,0.9989770651
97,10.3870000000,pose,11,0.5081136227,0.3124744296,0.0423079766,0.9990031719
98,10.4940000000,pose,11,0.5067445636,0.3097394109,0.0551375411,0.9990303516
99,10.6010000000,pose,11,0.5084306002,0.3110325933,0.0716109201,0.9990572333
100,10.7080000000,pose,11,0.5069261789,0.3108102679,0.0454337411,0.9990460873
101,10.8150000000,pose,11,0.5070358515,0.3110235929,0.0493506528,0.9990530014
102,10.9220000000,pose,11,0.5053159595,0.3113553226,0.0772482231,0.9990982413
103,11.0290000000,pose,11,0.5070219636,0.3117815852,0.0686132982,0.9991148114
104,11.1360000000,pose,11,0.5078628063,0.3114235401,0.0747337863,0.9991703033
105,11.2430000000,pose,11,0.5080932975,0.3132876158,0.0641577393,0.9992074370
106,11.3510000000,pose,11,0.5124704242,0.3123141825,-0.0537550673,0.9992326498
107,11.4580000000,pose,11,0.5169523358,0.3123748302,-0.0660777017,0.9990846515
108,11.5650000000,pose,11,0.5171494484,0.3108231723,-0.0946984366,0.9990109801
109,11.6720000000,pose,11,0.5201390982,0.3146928847,-0.0383578353,0.9990014434
110,11.7790000000,pose,11,0.5207054019,0.3125201762,-0.0987694114,0.9989728332
111,11.8860000000,pose,11,0.5228099227,0.3163828850,-0.1495896876,0.9988217354
112,11.9930000000,pose,11,0.5213511586,0.3155267537,0.0422894955,0.9988837838
47,5.0330000000,pose,12,0.2832951844,0.2859520316,-0.0732100457,0.9985797405
48,5.1400000000,pose,12,0.2832164466,0.2851011157,-0.0743358582,0.9984914064
49,5.2470000000,pose,12,0.2819584608,0.2849557698,-0.0744331107,0.9985073209
50,5.3540000000,pose,12,0.2806239426,0.2887295485,-0.0966014117,0.9985868931
51,5.4610000000,pose,12,0.2803269029,0.2904631793,-0.0932483897,0.9985924363
52,5.5680000000,pose,12,0.2798644006,0.2857187986,-0.0946153775,0.9985650182
53,5.6750000000,pose,12,0.2797688842,0.2829453349,-0.0543335304,0.9985926747
54,5.7820000000,pose,12,0.2791820765,0.2848266959,-0.1089864075,0.9985826612
55,5.8890000000,pose,12,0.2790847719,0.2856853306,-0.0751266107,0.9986377954
56,5.9970000000,pose,12,0.2789367139,0.2824979424,-0.0954257548,0.9986919761
57,6.1040000000,pose,12,0.2773527205,0.2834250331,-0.1183059886,0.9987441897
58,6.2110000000,pose,12,0.2777280807,0.2834878564,-0.1096440703,0.9987371564
59,6.3180000000,pose,12,0.2778730094,0.2791219950,-0.1386654675,0.9987178445
60,6.4250000000,pose,12,0.2798267305,0.2813160717,-0.0977256224,0.9987463951
61,6.5320000000,pose,12,0.2808982432,0.2816808522,-0.0989466980,0.9987711310
62,6.6390000000,pose,12,0.2806232572,0.2816803157,-0.2510878444,0.9987231493
63,6.7460000000,pose,12,0.2801539600,0.2825326324,-0.3965670764,0.9985564351
64,6.8530000000,pose,12,0.2796496451,0.2861009240,-0.2475242764,0.9984081984
65,6.9600000000,pose,12,0.2784466445,0.2941035330,-0.3433037698,0.9984118938
66,7.0670000000,pose,12,0.2786605060,0.2940512896,-0.5185292959,0.9981036186
67,7.1740000000,pose,12,0.2786804438,0.2933949232,-0.4400190413,0.9980958700
68,7.2820000000,pose,12,0.2800315619,0.2909567058,-0.2111458331,0.9980504513
69,7.3890000000,pose,12,0.2807500958,0.2899636030,-0.3623804152,0.9979292750
70,7.4960000000,pose,12,0.2811695933,0.2886502445,-0.1749062836,0.9978758097
71,7.6030000000,pose,12,0.2810664177,0.2881420553,-0.1404524148,0.9978130460
72,7.7100000000,pose,12,0.2812849581,0.2944414020,-0.3493413329,0.9974347353
73,7.8170000000,pose,12,0.2812992632,0.2945915461,-0.2084874660,0.9974084496
74,7.9240000000,pose,12,0.2812882066,0.2938968837,-0.0682826042,0.9976408482
75,8.0310000000,pose,12,0.2818397582,0.2915057540,-0.1133947372,0.9977712631
76,8.1380000000,pose,12,0.2834438980,0.2889685035,-0.1116555259,0.9978606105
77,8.2450000000,pose,12,0.2845847309,0.2888333499,-0.1037582383,0.9979420900
78,8.3520000000,pose,12,0.2846486866,0.2877036929,-0.1026876718,0.9980189204
79,8.4590000000,pose,12,0.2853535116,0.2867962420,-0.1077572331,0.9981662631
80,8.5660000000,pose,12,0.2862962782,0.2863956988,-0.0813944191,0.9982576370
81,8.6740000000,pose,12,0.2861616015,0.2874166369,-0.1298256963,0.9982832670
82,8.7810000000,pose,12,0.2861508131,0.2863607109,-0.1010231078,0.9983152151
83,8.8880000000,pose,12,0.2861706018,0.2866804898,-0.1262965351,0.9984034300
84,8.9950000000,pose,12,0.2862861454,0.2868160605,-0.1381408572,0.9985073805
85,9.1020000000,pose,12,0.2868767083,0.2868728042,-0.0826806352,0.9986234903
86,9.2090000000,pose,12,0.2868964374,0.2875409722,-0.0917942673,0.9986488223
87,9.3160000000,pose,12,0.2862801254,0.2876655459,-0.0938516408,0.9985769391
88,9.4230000000,pose,12,0.2855189145,0.2871686816,-0.0979996845,0.9986014962
89,9.5300000000,pose,12,0.2853492200,0.2878611386,-0.1073831394,0.9986524582
90,9.6370000000,pose,12,0.2850861251,0.2875941098,-0.0911386162,0.9986772537
91,9.7440000000,pose,12,0.2850990593,0.2877706885,-0.0972881690,0.9986831546
92,9.8510000000,pose,12,0.2841643691,0.2881101072,-0.1007031128,0.9986723661
93,9.9590000000,pose,12,0.2831343412,0.2871415317,-0.1060256511,0.9986905456
94,10.0660000000,pose,12,0.2830263376,0.2878545225,-0.1432061791,0.9987596869
95,10.1730000000,pose,12,0.2820151448,0.2881141603,-0.0930171832,0.9988296628
96,10.2800000000,pose,12,0.2821465433,0.2891693711,-0.0686422810,0.9988274574
97,10.3870000000,pose,12,0.2817915678,0.2933912575,-0.1467284411,0.9988625050
98,10.4940000000,pose,12,0.2817402780,0.2936649919,-0.1422508061,0.9989007115
99,10.6010000000,pose,12,0.2820294201,0.2898705900,-0.1091805547,0.9989411831
100,10.7080000000,pose,12,0.2826905549,0.2909401953,-0.1430024654,0.9989632368
101,10.8150000000,pose,12,0.2826959491,0.2914192080,-0.1445482075,0.9990254045
102,10.9220000000,pose,12,0.2827607393,0.2910932004,-0.1018200368,0.9990503788
103,11.0290000000,pose,12,0.2832861543,0.2901453078,-0.1048534364,0.9990603924
104,11.1360000000,pose,12,0.2835699320,0.2901483178,-0.0964313298,0.9991044402
105,11.2430000000,pose,12,0.2837443948,0.2906878889,-0.1070459932,0.9991230965
106,11.3510000000,pose,12,0.2854487300,0.2905797660,-0.3387663066,0.9990913272
107,11.4580000000,pose,12,0.2854746282,0.2926819623,-0.2609335482,0.9987092018
108,11.5650000000,pose,12,0.2854584157,0.2930113673,-0.2752423584,0.9985157251
109,11.6720000000,pose,12,0.2833386064,0.2931669354,-0.1650039852,0.9983247519
110,11.7790000000,pose,12,0.2823707163,0.2943202555,-0.2850219309,0.9982833862
111,11.8860000000,pose,12,0.2823859453,0.2999510169,-0.2772563398,0.9980889559
112,11.9930000000,pose,12,0.2819684744,0.2970304489,-0.1373724639,0.9981651306
47,5.0330000000,pose,13,0.5080652833,0.6213998795,0.2437255383,0.3505394757
48,5.1400000000,pose,13,0.5067648292,0.6220259070,0.2372255027,0.3276681900
49,5.2470000000,pose,13,0.5062900782,0.6204885840,0.1950776428,0.3220055401
50,5.3540000000,pose,13,0.5110181570,0.6307072043,0.2493550032,0.3381354809
51,5.4610000000,pose,13,0.5115458369,0.6355556250,0.1908685714,0.3189411461
52,5.5680000000,pose,13,0.5076489449,0.6311637759,0.2389772087,0.3279241025
53,5.6750000000,pose,13,0.5083991289,0.6259692311,0.2112535685,0.3294255733
54,5.7820000000,pose,13,0.5126349330,0.6287533045,0.1898877323,0.3449637294
55,5.8890000000,pose,13,0.5138236284,0.6308162808,0.2982892394,0.3523600101
56,5.9970000000,pose,13,0.5153805614,0.6299538612,0.2659979165,0.3803406656
57,6.1040000000,pose,13,0.5167764425,0.6332230568,0.2165592462,0.4093196392
58,6.2110000000,pose,13,0.5166783929,0.6325796843,0.1874478906,0.4143994749
59,6.3180000000,pose,13,0.5113831162,0.6332378983,0.2253327966,0.4282964468
60,6.4250000000,pose,13,0.5137579441,0.6359189749,0.2285940796,0.4255464077
61,6.5320000000,pose,13,0.5141035318,0.6351633668,0.2403256148,0.4186654091
62,6.6390000000,pose,13,0.5204635262,0.6319160461,0.1066415608,0.4387808144
63,6.7460000000,pose,13,0.5330405235,0.6320243478,-0.0590015464,0.4724555612
64,6.8530000000,pose,13,0.5412867069,0.6297505498,-0.0501136407,0.5203351974
65,6.9600000000,pose,13,0.5415814519,0.6332939267,-0.0064161550,0.5461969376
66,7.0670000000,pose,13,0.5459694266,0.6424326301,-0.1830319464,0.5457047224
67,7.1740000000,pose,13,0.5468685627,0.6423035264,-0.1109316424,0.5514222980
68,7.2820000000,pose,13,0.5431676507,0.6352587938,0.0764346346,0.5438888669
69,7.3890000000,pose,13,0.5256009698,0.6265041828,-0.0237536076,0.5425843596
70,7.4960000000,pose,13,0.5334262848,0.6275010109,0.0390902832,0.5058225989
71,7.6030000000,pose,13,0.5465953946,0.6270176768,0.0346315540,0.5017722845
72,7.7100000000,pose,13,0.5614830852,0.6435874104,-0.1285588443,0.4829297364
73,7.8170000000,pose,13,0.5503605008,0.6502673626,-0.0319807865,0.4684602618
74,7.9240000000,pose,13,0.5348235965,0.6491011381,0.1746684909,0.4834719896
75,8.0310000000,pose,13,0.5213431120,0.6458878517,0.1750210673,0.4719657600
76,8.1380000000,pose,13,0.5195477605,0.6381854415,0.2597208619,0.4596242011
77,8.2450000000,pose,13,0.5161097050,0.6402497292,0.2139477134,0.4626653790
78,8.3520000000,pose,13,0.5121217966,0.6388370395,0.2078869343,0.4446294010
79,8.4590000000,pose,13,0.5150598288,0.6363584399,0.2052458227,0.4358597994
80,8.5660000000,pose,13,0.5151923299,0.6248708367,0.2255806476,0.4296661019
81,8.6740000000,pose,13,0.5184468627,0.6250445843,0.2223268449,0.4290465415
82,8.7810000000,pose,13,0.5183462501,0.6255980730,0.2085908055,0.4166663289
83,8.8880000000,pose,13,0.5191972852,0.6237562299,0.2192608714,0.4186790884
84,8.9950000000,pose,13,0.5204390883,0.6245670319,0.2140908837,0.4229766726
85,9.1020000000,pose,13,0.5208796263,0.6238347888,0.2175281942,0.4219447970
86,9.2090000000,pose,13,0.5235968828,0.6239207983,0.2154477686,0.4127327502
87,9.3160000000,pose,13,0.5160811543,0.6248680353,0.2091443092,0.3911020458
88,9.4230000000,pose,13,0.5162075162,0.6308248043,0.2220896780,0.3911527395
89,9.5300000000,pose,13,0.5184973478,0.6327060461,0.2023191452,0.4002086520
90,9.6370000000,pose,13,0.5191178918,0.6268431544,0.2029809505,0.4026807249
91,9.7440000000,pose,13,0.5192620754,0.6281436682,0.1771512926,0.3953936100
92,9.8510000000,pose,13,0.5190396905,0.6280626059,0.1795645654,0.3802585006
93,9.9590000000,pose,13,0.5202569962,0.6242685318,0.2055877149,0.3824747503
94,10.0660000000,pose,13,0.5231835246,0.6325579882,0.1377102584,0.4098077714
95,10.1730000000,pose,13,0.5222772360,0.6388990879,0.2141605467,0.4126514494
96,10.2800000000,pose,13,0.5217500329,0.6393411160,0.2321787626,0.3978512585
97,10.3870000000,pose,13,0.5218926668,0.6366594434,0.1772009581,0.4110037982
98,10.4940000000,pose,13,0.5202521086,0.6286736131,0.1746382415,0.4123655558
99,10.6010000000,pose,13,0.5233030915,0.6311922073,0.2517639399,0.4144220650
100,10.7080000000,pose,13,0.5214816332,0.6311016679,0.1722299457,0.4069448113
101,10.8150000000,pose,13,0.5217038989,0.6384294629,0.1781184375,0.4100561440
102,10.9220000000,pose,13,0.5221306682,0.6322462559,0.1944654137,0.4348233342
103,11.0290000000,pose,13,0.5213641524,0.6384472251,0.2014578730,0.4264417589
104,11.1360000000,pose,13,0.5204426646,0.6375674605,0.2544505000,0.4286900461
105,11.2430000000,pose,13,0.5231326222,0.6402789354,0.2336239219,0.4457262158
106,11.3510000000,pose,13,0.5380471349,0.6347983479,0.1026746854,0.4695988894
107,11.4580000000,pose,13,0.5376977324,0.6369511485,0.0613247752,0.4864008427
108,11.5650000000,pose,13,0.5364407897,0.6272788644,0.0387174934,0.4786907434
109,11.6720000000,pose,13,0.5371283889,0.6384038925,0.1007732376,0.4950790703
110,11.7790000000,pose,13,0.5381860137,0.6443942785,0.0577793978,0.5089346766
111,11.8860000000,pose,13,0.5456420779,0.6451510787,-0.0466672070,0.5146299601
112,11.9930000000,pose,13,0.5275875926,0.6393446922,0.2254884243,0.5045958161
47,5.0330000000,pose,14,0.2478463203,0.6690394878,-0.1924634278,0.8244276643
48,5.1400000000,pose,14,0.2457717061,0.6712752581,-0.1992599070,0.8205867410
49,5.2470000000,pose,14,0.2450424731,0.6736553311,-0.2108974457,0.8195034266
50,5.3540000000,pose,14,0.2411984652,0.6822677851,-0.1716589034,0.8341950774
51,5.4610000000,pose,14,0.2398127913,0.6930859089,-0.1975120008,0.8282006383
52,5.5680000000,pose,14,0.2387809306,0.6695748568,-0.1434519887,0.8333331943
53,5.6750000000,pose,14,0.2385993898,0.6636140943,-0.1338033229,0.8336027861
54,5.7820000000,pose,14,0.2390004694,0.6731957793,-0.2412005961,0.8416239619
55,5.8890000000,pose,14,0.2380379736,0.6734791994,-0.1129922569,0.8444498777
56,5.9970000000,pose,14,0.2387970537,0.6669894457,-0.1369331479,0.8552032709
57,6.1040000000,pose,14,0.2378293574,0.6824845672,-0.1648402810,0.8650386333
58,6.2110000000,pose,14,0.2399435490,0.6817523241,-0.2602301538,0.8588619232
59,6.3180000000,pose,14,0.2390473038,0.6646917462,-0.2240782082,0.8622013330
60,6.4250000000,pose,14,0.2373711169,0.6661060452,-0.1834129691,0.8631892800
61,6.5320000000,pose,14,0.2397908419,0.6703423262,-0.2157268077,0.8673211932
62,6.6390000000,pose,14,0.2326957881,0.6482521296,-0.2420566231,0.8339839578
63,6.7460000000,pose,14,0.2328031957,0.6497098207,-0.4112257659,0.7859922051
64,6.8530000000,pose,14,0.2327129692,0.6500213146,-0.3826917708,0.7427885532
65,6.9600000000,pose,14,0.2283844650,0.6779465675,-0.3823436201,0.7319623828
66,7.0670000000,pose,14,0.2286307663,0.6828042269,-0.5675054193,0.7096603513
67,7.1740000000,pose,14,0.2314946502,0.6627405882,-0.4191676378,0.6961270571
68,7.2820000000,pose,14,0.2356211245,0.6445354223,-0.2208548188,0.6551256180
69,7.3890000000,pose,14,0.2374780625,0.6460345387,-0.3580079079,0.6270017028
70,7.4960000000,pose,14,0.2384249419,0.6441692710,-0.2087241262,0.5865108371
71,7.6030000000,pose,14,0.2385400683,0.6348569989,-0.2387491018,0.5694918633
72,7.7100000000,pose,14,0.2432986200,0.6558404565,-0.5054867268,0.5423064828
73,7.8170000000,pose,14,0.2404695153,0.6587008834,-0.2929660678,0.5442020893
74,7.9240000000,pose,14,0.2403102964,0.6693488955,-0.2805123627,0.6001434326
75,8.0310000000,pose,14,0.2403292954,0.6730656624,-0.2894916236,0.6235063672
76,8.1380000000,pose,14,0.2402863204,0.6794824600,-0.2277161628,0.6502969861
77,8.2450000000,pose,14,0.2443449348,0.6770758629,-0.2441066206,0.6761541367
78,8.3520000000,pose,14,0.2447937876,0.6709002852,-0.2656711638,0.6901507378
79,8.4590000000,pose,14,0.2466475219,0.6664071679,-0.2671944499,0.7235717177
80,8.5660000000,pose,14,0.2465938628,0.6626368761,-0.2647751272,0.7410075068
81,8.6740000000,pose,14,0.2466439903,0.6711868644,-0.2812803984,0.7561686635
82,8.7810000000,pose,14,0.2450775057,0.6701417565,-0.2343368381,0.7641056776
83,8.8880000000,pose,14,0.2450014502,0.6777201891,-0.2862336934,0.7871749997
84,8.9950000000,pose,14,0.2439168245,0.6761342883,-0.2905867994,0.8006125689
85,9.1020000000,pose,14,0.2442309260,0.6715028286,-0.2025912851,0.8109996319
86,9.2090000000,pose,14,0.2498566806,0.6714121699,-0.2272932082,0.8179206252
87,9.3160000000,pose,14,0.2491899133,0.6770481467,-0.2732486129,0.8169405460
88,9.4230000000,pose,14,0.2423468679,0.6760685444,-0.2417683303,0.8255170584
89,9.5300000000,pose,14,0.2449298203,0.6824548841,-0.2499191314,0.8349539638
90,9.6370000000,pose,14,0.2446682006,0.6722646952,-0.2838478088,0.8393250704
91,9.7440000000,pose,14,0.2448533624,0.6749575138,-0.3057680428,0.8415456414
92,9.8510000000,pose,14,0.2452178299,0.6785395741,-0.2924759686,0.8431159854
93,9.9590000000,pose,14,0.2436590344,0.6770758033,-0.2871352434,0.8451415300
94,10.0660000000,pose,14,0.2428126186,0.6788950562,-0.3245186806,0.8522671461
95,10.1730000000,pose,14,0.2376503646,0.6908122897,-0.2415335327,0.8565900922
96,10.2800000000,pose,14,0.2399742454,0.6929243803,-0.2416578978,0.8541191816
97,10.3870000000,pose,14,0.2400097698,0.6951569319,-0.3255185187,0.8592183590
98,10.4940000000,pose,14,0.2410628051,0.6939840913,-0.3105180562,0.8660923243
99,10.6010000000,pose,14,0.2421328276,0.6855152845,-0.2102605700,0.8677607775
100,10.7080000000,pose,14,0.2434074879,0.6855877638,-0.3351490796,0.8709093928
101,10.8150000000,pose,14,0.2435873598,0.6922045946,-0.3499536216,0.8783650994
102,10.9220000000,pose,14,0.2413708419,0.6839711666,-0.2853461802,0.8874498606
103,11.0290000000,pose,14,0.2413287014,0.6839754581,-0.2421252578,0.8877500296
104,11.1360000000,pose,14,0.2425258905,0.6861231923,-0.2280459106,0.8883354068
105,11.2430000000,pose,14,0.2438513488,0.6871498227,-0.2871219218,0.8870164156
106,11.3510000000,pose,14,0.2445979416,0.6734549403,-0.4115355313,0.8658465743
107,11.4580000000,pose,14,0.2429123521,0.6722373366,-0.3686486185,0.7959438562
108,11.5650000000,pose,14,0.2430133522,0.6672905684,-0.3725012541,0.6944432259
109,11.6720000000,pose,14,0.2393667251,0.6699113846,-0.2095769793,0.6596117020
110,11.7790000000,pose,14,0.2385504991,0.6836616993,-0.3797557652,0.6501489878
111,11.8860000000,pose,14,0.2380536646,0.6853032708,-0.3171239197,0.6225426197
112,11.9930000000,pose,14,0.2380163670,0.6811485291,-0.3094494939,0.6198093295
47,5.0330000000,pose,15,0.5932280421,0.7603912354,0.1643798202,0.2847055495
48,5.1400000000,pose,15,0.5884149671,0.7618859410,0.1385658532,0.2574734092
49,5.2470000000,pose,15,0.5902384520,0.7485033870,0.0316189118,0.2405971587
50,5.3540000000,pose,15,0.6054098010,0.7487550378,0.1810832620,0.2824452817
51,5.4610000000,pose,15,0.6041660309,0.7535164952,0.0003012326,0.2619885802
52,5.5680000000,pose,15,0.6021454930,0.7528120875,0.1708727479,0.2726208568
53,5.6750000000,pose,15,0.5983538032,0.7460131645,0.0757724717,0.2729656696
54,5.7820000000,pose,15,0.6012093425,0.7442442179,0.0273881797,0.3028238118
55,5.8890000000,pose,15,0.6065064073,0.7465375662,0.2328192592,0.3204714954
56,5.9970000000,pose,15,0.6126831770,0.7472195029,0.1921974123,0.3655229211
57,6.1040000000,pose,15,0.6110236049,0.7467824221,0.1163802519,0.4072920382
58,6.2110000000,pose,15,0.6009016633,0.7500706911,-0.0098669631,0.4081520438
59,6.3180000000,pose,15,0.6006560922,0.7510564923,0.1123924479,0.4311215580
60,6.4250000000,pose,15,0.6090266705,0.7467704415,0.1336812973,0.4348383248
61,6.5320000000,pose,15,0.6066768169,0.7417396307,0.1442186683,0.4282314479
62,6.6390000000,pose,15,0.6093327999,0.7385817170,0.0131595861,0.4200444221
63,6.7460000000,pose,15,0.5974054933,0.7928125262,-0.2246241868,0.4013964832
64,6.8530000000,pose,15,0.6210088134,0.7505397201,-0.4078572989,0.4201482832
65,6.9600000000,pose,15,0.6208358407,0.7420876026,-0.0821726322,0.4430319071
66,7.0670000000,pose,15,0.5788466930,0.9070996642,-0.3227657676,0.4091516435
67,7.1740000000,pose,15,0.5949432254,0.7979093194,-0.2691112161,0.4012477100
68,7.2820000000,pose,15,0.5965697169,0.7522838712,-0.1090493202,0.3852173686
69,7.3890000000,pose,15,0.5931968689,0.7512189746,-0.1763262302,0.3596892357
70,7.4960000000,pose,15,0.5916718841,0.7745258212,-0.1639455408,0.2894657552
71,7.6030000000,pose,15,0.5920531750,0.7870207429,-0.2524228692,0.2749178410
72,7.7100000000,pose,15,0.5563159585,0.9200915694,-0.3696989119,0.2367836237
73,7.8170000000,pose,15,0.5855209231,0.8091279268,-0.3246269524,0.2138002515
74,7.9240000000,pose,15,0.5985243320,0.7757108808,-0.0296101868,0.2623317838
75,8.0310000000,pose,15,0.6044960618,0.7535538077,0.0114040375,0.2701850533
76,8.1380000000,pose,15,0.6161917448,0.7535616755,0.1975562572,0.2733116150
77,8.2450000000,pose,15,0.6149608493,0.7529530525,0.0874958858,0.3021351695
78,8.3520000000,pose,15,0.6098901629,0.7518482804,0.0416070037,0.2927098572
79,8.4590000000,pose,15,0.6156915426,0.7405310869,0.1048334166,0.3065497577
80,8.5660000000,pose,15,0.6161410809,0.7304193377,0.1143549904,0.3043922186
81,8.6740000000,pose,15,0.6161363721,0.7249717712,0.0965423211,0.3094774187
82,8.7810000000,pose,15,0.6162732244,0.7252703905,0.0946841016,0.3017999232
83,8.8880000000,pose,15,0.6132850647,0.7327861786,0.1041729301,0.3214074075
84,8.9950000000,pose,15,0.6159665585,0.7314860225,0.0784645006,0.3390357792
85,9.1020000000,pose,15,0.6138626933,0.7305216193,0.0915941224,0.3503305912
86,9.2090000000,pose,15,0.6136659980,0.7304076552,0.0613492317,0.3428422213
87,9.3160000000,pose,15,0.5934945941,0.7427372336,0.0429914966,0.3199450374
88,9.4230000000,pose,15,0.6118392944,0.7409903407,0.1081265584,0.3262807131
89,9.5300000000,pose,15,0.6211801171,0.7408053279,0.0853860676,0.3458740115
90,9.6370000000,pose,15,0.6203897595,0.7405889034,0.0356568135,0.3506085575
91,9.7440000000,pose,15,0.6153768897,0.7319771051,-0.0278151017,0.3419479728
92,9.8510000000,pose,15,0.5998860002,0.7444622517,-0.0138232773,0.3238118887
93,9.9590000000,pose,15,0.6085134149,0.7364973426,0.1310618371,0.3234607577
94,10.0660000000,pose,15,0.6092832685,0.7291191220,-0.0533452593,0.3509271443
95,10.1730000000,pose,15,0.6102321148,0.7354314923,0.1019994766,0.3662860394
96,10.2800000000,pose,15,0.6129624844,0.7387842536,0.1049350128,0.3521314561
97,10.3870000000,pose,15,0.6171130538,0.7269908190,0.0397385992,0.3655540347
98,10.4940000000,pose,15,0.6092846394,0.7274553776,0.0381017961,0.3833316267
99,10.6010000000,pose,15,0.6113221049,0.7275404334,0.2076610774,0.3906994760
100,10.7080000000,pose,15,0.6074309945,0.7273970842,0.0472112037,0.3829600215
101,10.8150000000,pose,15,0.6158168316,0.7358043194,0.0055738864,0.3982295096
102,10.9220000000,pose,15,0.6158637404,0.7254424691,0.0884697661,0.4355009198
103,11.0290000000,pose,15,0.6176291108,0.7384875417,0.1348615438,0.4330378771
104,11.1360000000,pose,15,0.6136585474,0.7366151214,0.2146257907,0.4388343692
105,11.2430000000,pose,15,0.6144024730,0.7216452956,0.1304739714,0.4559538364
106,11.3510000000,pose,15,0.6252390742,0.7239627242,-0.1004068404,0.4644100368
107,11.4580000000,pose,15,0.6098497510,0.7789796591,-0.1729618758,0.4482277036
108,11.5650000000,pose,15,0.6100364327,0.7791055441,-0.1631883085,0.3813234568
109,11.6720000000,pose,15,0.6120923162,0.7757021189,-0.1397991329,0.3869926333
110,11.7790000000,pose,15,0.6168069839,0.7921574712,-0.1386833489,0.3940446377
111,11.8860000000,pose,15,0.6316109896,0.7342875004,-0.3334556222,0.3829627931
112,11.9930000000,pose,15,0.6219102144,0.7343308330,0.1388768852,0.3654440343
47,5.0330000000,pose,16,0.3440137804,0.5641302466,-0.4191988409,0.8107750416
48,5.1400000000,pose,16,0.3449150622,0.5653430820,-0.4475692809,0.8016821742
49,5.2470000000,pose,16,0.3447998166,0.5652286410,-0.4972949326,0.8016896844
50,5.3540000000,pose,16,0.3370321691,0.5644182563,-0.3700384200,0.8229209185
51,5.4610000000,pose,16,0.3370265663,0.5644351244,-0.4701235890,0.8128021955
52,5.5680000000,pose,16,0.3346999586,0.5663974285,-0.3004322648,0.8170159459
53,5.6750000000,pose,16,0.3354624212,0.5635160208,-0.3364854753,0.8178648949
54,5.7820000000,pose,16,0.3342742324,0.5636691451,-0.5376243591,0.8333622217
55,5.8890000000,pose,16,0.3351922333,0.5648891330,-0.2608117461,0.8410053253
56,5.9970000000,pose,16,0.3348519504,0.5646744370,-0.3015781343,0.8544479012
57,6.1040000000,pose,16,0.3327231109,0.5646522045,-0.3600815535,0.8677579165
58,6.2110000000,pose,16,0.3318787217,0.5647270679,-0.6047634482,0.8602413535
59,6.3180000000,pose,16,0.3317980170,0.5624321699,-0.4198082387,0.8631671071
60,6.4250000000,pose,16,0.3331433535,0.5621266365,-0.3841865361,0.8628745079
61,6.5320000000,pose,16,0.3377937973,0.5630302429,-0.4733997881,0.8658139110
62,6.6390000000,pose,16,0.2407299578,0.8474558592,-0.4717167020,0.7853703499
63,6.7460000000,pose,16,0.2494230568,0.9217007756,-0.6568353772,0.6710404754
64,6.8530000000,pose,16,0.2281604856,0.8457834721,-0.6737737656,0.5827834010
65,6.9600000000,pose,16,0.2249742895,0.9064053297,-0.6696152091,0.5403221250
66,7.0670000000,pose,16,0.2468663007,0.9548658729,-0.8931471109,0.4939648211
67,7.1740000000,pose,16,0.2332191765,0.8739349246,-0.7000348568,0.4664979875
68,7.2820000000,pose,16,0.2337597758,0.7986505628,-0.5069032907,0.4174036384
69,7.3890000000,pose,16,0.2531516850,0.8851769567,-0.5931475759,0.3571294546
70,7.4960000000,pose,16,0.2583934665,0.8158969283,-0.5082973838,0.2941932976
71,7.6030000000,pose,16,0.2434986383,0.8177512884,-0.6379530430,0.2765022218
72,7.7100000000,pose,16,0.2657131851,0.8989266157,-0.9189012647,0.2493279725
73,7.8170000000,pose,16,0.2271283567,0.8324334621,-0.6956127882,0.2503864169
74,7.9240000000,pose,16,0.3277172744,0.5747440457,-0.6560785174,0.3456554115
75,8.0310000000,pose,16,0.3429006338,0.5581412315,-0.6169477105,0.3886109889
76,8.1380000000,pose,16,0.3383407593,0.5606684685,-0.4616730511,0.4364741147
77,8.2450000000,pose,16,0.3424697518,0.5610814095,-0.5212472081,0.4831961393
78,8.3520000000,pose,16,0.3455267251,0.5583280325,-0.6042679548,0.5127391815
79,8.4590000000,pose,16,0.3441900909,0.5596013069,-0.5674615502,0.5802239180
80,8.5660000000,pose,16,0.3463111818,0.5601165295,-0.5862523317,0.6099186540
81,8.6740000000,pose,16,0.3466450870,0.5608645678,-0.6098330617,0.6377543211
82,8.7810000000,pose,16,0.3464808762,0.5611712933,-0.5104268789,0.6540843248
83,8.8880000000,pose,16,0.3428683877,0.5637794137,-0.6004572511,0.6976733208
84,8.9950000000,pose,16,0.3447466493,0.5590007901,-0.6110302210,0.7306386232
85,9.1020000000,pose,16,0.3448785543,0.5582098365,-0.4768390059,0.7565107942
86,9.2090000000,pose,16,0.3446245790,0.5598492622,-0.5156252980,0.7736753225
87,9.3160000000,pose,16,0.3466378450,0.5600304604,-0.5995925665,0.7731191516
88,9.4230000000,pose,16,0.3465864062,0.5583257079,-0.5067203641,0.7853667140
89,9.5300000000,pose,16,0.3463999033,0.5603894591,-0.5134691596,0.7977980375
90,9.6370000000,pose,16,0.3461396098,0.5596529245,-0.6390445232,0.8079539537
91,9.7440000000,pose,16,0.3406918645,0.5623171329,-0.7208159566,0.8154426813
92,9.8510000000,pose,16,0.3451794088,0.5621097684,-0.5910270810,0.8153963685
93,9.9590000000,pose,16,0.3452961147,0.5668563247,-0.5943734646,0.8173940778
94,10.0660000000,pose,16,0.3454543948,0.5665764809,-0.6901747584,0.8314426541
95,10.1730000000,pose,16,0.3432788253,0.5657861829,-0.5109311342,0.8384560347
96,10.2800000000,pose,16,0.3438926041,0.5632596612,-0.5399748087,0.8353372216
97,10.3870000000,pose,16,0.3456964791,0.5633993149,-0.6675259471,0.8429217339
98,10.4940000000,pose,16,0.3483657539,0.5631110072,-0.6109148264,0.8519667387
99,10.6010000000,pose,16,0.3518763483,0.5584771633,-0.4221376479,0.8569821715
100,10.7080000000,pose,16,0.3515254557,0.5595126748,-0.6785472035,0.8641790152
101,10.8150000000,pose,16,0.3517048061,0.5589662790,-0.7361767888,0.8808490038
102,10.9220000000,pose,16,0.3522995412,0.5585398078,-0.5819879174,0.8873112798
103,11.0290000000,pose,16,0.3521399200,0.5606162548,-0.4528161883,0.8864699006
104,11.1360000000,pose,16,0.3526819646,0.5598155856,-0.4756393731,0.8872643709
105,11.2430000000,pose,16,0.3526626527,0.5595838428,-0.6229422092,0.8862839341
106,11.3510000000,pose,16,0.2907767892,0.9542961717,-0.6755601168,0.8129090071
107,11.4580000000,pose,16,0.2798181474,0.8131126761,-0.7378534079,0.7009485364
108,11.5650000000,pose,16,0.2690033615,0.8978064656,-0.7150096893,0.5482606292
109,11.6720000000,pose,16,0.2552808821,0.8561925888,-0.5433437824,0.5040782094
110,11.7790000000,pose,16,0.3167099655,0.6287470460,-0.7196223140,0.4835016429
111,11.8860000000,pose,16,0.2587326169,0.8190415502,-0.6581714153,0.4395658970
112,11.9930000000,pose,16,0.3335230649,0.5744566321,-0.6585896015,0.4352277517
47,5.0330000000,pose,23,0.4975193739,0.9278370738,0.0441156290,0.9622198939
48,5.1400000000,pose,23,0.4975330234,0.9279665947,0.0431184508,0.9635490775
49,5.2470000000,pose,23,0.4967646301,0.9280071855,0.0400330201,0.9646436572
50,5.3540000000,pose,23,0.4967568219,0.9375866652,0.0441778861,0.9613018036
51,5.4610000000,pose,23,0.4938916862,0.9406037331,0.0434937030,0.9597641826
52,5.5680000000,pose,23,0.4914265871,0.9310335517,0.0444423519,0.9576509595
53,5.6750000000,pose,23,0.4915806949,0.9311907887,0.0392241403,0.9567574263
54,5.7820000000,pose,23,0.4917144179,0.9350898266,0.0448204800,0.9552630186
55,5.8890000000,pose,23,0.4938940406,0.9343169332,0.0485260636,0.9513855577
56,5.9970000000,pose,23,0.4954081178,0.9347923994,0.0481736250,0.9520344734
57,6.1040000000,pose,23,0.4989168942,0.9396048784,0.0458115935,0.9525539875
58,6.2110000000,pose,23,0.4979001880,0.9395505190,0.0461197756,0.9540294409
59,6.3180000000,pose,23,0.4845990241,0.9394952059,0.0548428707,0.9552741051
60,6.4250000000,pose,23,0.4890756309,0.9363780022,0.0500227697,0.9547874331
61,6.5320000000,pose,23,0.4922577143,0.9367902279,0.0495190732,0.9552778006
62,6.6390000000,pose,23,0.4933425188,0.9397117496,0.0509499051,0.9593804479
63,6.7460000000,pose,23,0.4947028756,0.9385288954,0.0525948219,0.9634931684
64,6.8530000000,pose,23,0.5001530051,0.9458609819,0.0511838049,0.9649331570
65,6.9600000000,pose,23,0.5027758479,0.9573094249,0.0568409562,0.9668107629
66,7.0670000000,pose,23,0.5027286410,0.9518590569,0.0513735376,0.9671759009
67,7.1740000000,pose,23,0.5018327832,0.9440702200,0.0484428629,0.9689829946
68,7.2820000000,pose,23,0.5044057369,0.9447195530,0.0479403399,0.9692791104
69,7.3890000000,pose,23,0.5039893985,0.9379892349,0.0476626493,0.9720296860
70,7.4960000000,pose,23,0.5037263036,0.9447187185,0.0430081487,0.9694220424
71,7.6030000000,pose,23,0.4990232289,0.9417864084,0.0419842042,0.9696302414
72,7.7100000000,pose,23,0.5012232065,0.9511758089,0.0425468422,0.9588804245
73,7.8170000000,pose,23,0.4965340197,0.9512205720,0.0425551720,0.9590700269
74,7.9240000000,pose,23,0.4974126816,0.9463953376,0.0439195633,0.9625644088
75,8.0310000000,pose,23,0.5021342635,0.9463946819,0.0472797938,0.9613903761
76,8.1380000000,pose,23,0.5015253425,0.9365442395,0.0473018214,0.9630582929
77,8.2450000000,pose,23,0.4978006780,0.9339059591,0.0459636971,0.9640287161
78,8.3520000000,pose,23,0.4977595508,0.9318512082,0.0455145426,0.9647634625
79,8.4590000000,pose,23,0.4957360625,0.9316516519,0.0455387719,0.9649862647
80,8.5660000000,pose,23,0.4970551431,0.9226150513,0.0441735312,0.9665945172
81,8.6740000000,pose,23,0.4970536828,0.9236899018,0.0474476852,0.9682873487
82,8.7810000000,pose,23,0.4989036620,0.9238435626,0.0449861214,0.9692888856
83,8.8880000000,pose,23,0.4999632835,0.9258386493,0.0484491214,0.9698972702
84,8.9950000000,pose,23,0.5038250089,0.9268800616,0.0527057424,0.9686912298
85,9.1020000000,pose,23,0.5037155747,0.9244192839,0.0431529321,0.9689410329
86,9.2090000000,pose,23,0.5028875470,0.9236581326,0.0444688648,0.9696762562
87,9.3160000000,pose,23,0.4999262393,0.9233762026,0.0455134027,0.9702412486
88,9.4230000000,pose,23,0.5002751946,0.9295530915,0.0455261990,0.9701298475
89,9.5300000000,pose,23,0.5021890998,0.9360545874,0.0450465344,0.9700036049
90,9.6370000000,pose,23,0.5023909211,0.9290279746,0.0453495458,0.9693902731
91,9.7440000000,pose,23,0.4971360564,0.9301961660,0.0450650491,0.9699770808
92,9.8510000000,pose,23,0.5026769638,0.9309782982,0.0452971682,0.9699972272
93,9.9590000000,pose,23,0.5051947236,0.9307371974,0.0432500504,0.9704748392
94,10.0660000000,pose,23,0.5035912395,0.9382500052,0.0457042530,0.9712964892
95,10.1730000000,pose,23,0.5002798438,0.9426157475,0.0457101613,0.9676108956
96,10.2800000000,pose,23,0.5004060268,0.9409061670,0.0458760411,0.9676185846
97,10.3870000000,pose,23,0.5000955462,0.9410122037,0.0481024459,0.9683812261
98,10.4940000000,pose,23,0.5005362034,0.9377931952,0.0498929620,0.9664242864
99,10.6010000000,pose,23,0.5017882586,0.9374504685,0.0509083793,0.9656624794
100,10.7080000000,pose,23,0.4994816482,0.9374833703,0.0486855321,0.9665361047
101,10.8150000000,pose,23,0.4997849762,0.9366827011,0.0503829345,0.9648261666
102,10.9220000000,pose,23,0.4995490611,0.9367364645,0.0483463034,0.9633840919
103,11.0290000000,pose,23,0.4998335838,0.9352838993,0.0460438542,0.9626784921
104,11.1360000000,pose,23,0.5012696385,0.9358000159,0.0466939881,0.9629818797
105,11.2430000000,pose,23,0.5035246611,0.9387289286,0.0463256240,0.9628431797
106,11.3510000000,pose,23,0.5032367110,0.9492264390,0.0829010308,0.9651706219
107,11.4580000000,pose,23,0.5036673546,0.9503816962,0.0800601393,0.9675320387
108,11.5650000000,pose,23,0.5032113194,0.9356147051,0.0767742097,0.9639152884
109,11.6720000000,pose,23,0.5020596385,0.9362778664,0.0622504316,0.9635353088
110,11.7790000000,pose,23,0.5041840076,0.9454256296,0.0570758097,0.9585171342
111,11.8860000000,pose,23,0.5033931136,0.9580566287,0.0513952039,0.9509682059
112,11.9930000000,pose,23,0.5082256794,0.9579392076,0.0511558093,0.9526427388
47,5.0330000000,pose,24,0.3486284018,0.9495556951,-0.0443714969,0.9678748846
48,5.1400000000,pose,24,0.3503250182,0.9493330121,-0.0433979034,0.9692424536
49,5.2470000000,pose,24,0.3456713855,0.9478874803,-0.0403307043,0.9704002142
50,5.3540000000,pose,24,0.3457157314,0.9517719150,-0.0442198850,0.9677048922
51,5.4610000000,pose,24,0.3438225389,0.9552126527,-0.0435946397,0.9665981531
52,5.5680000000,pose,24,0.3408986330,0.9386830330,-0.0445387699,0.9648303986
53,5.6750000000,pose,24,0.3386740386,0.9410222173,-0.0394224972,0.9645758271
54,5.7820000000,pose,24,0.3387406766,0.9432401657,-0.0449280813,0.9634325504
55,5.8890000000,pose,24,0.3423028588,0.9428982139,-0.0486006588,0.9603258371
56,5.9970000000,pose,24,0.3422561288,0.9435349703,-0.0482509322,0.9604892135
57,6.1040000000,pose,24,0.3428487778,0.9559456110,-0.0458312370,0.9607315660
58,6.2110000000,pose,24,0.3427784145,0.9557890892,-0.0462058745,0.9617811441
59,6.3180000000,pose,24,0.3352435827,0.9408302307,-0.0548508950,0.9624997377
60,6.4250000000,pose,24,0.3383562267,0.9410849214,-0.0500600114,0.9622064829
61,6.5320000000,pose,24,0.3425387740,0.9451606274,-0.0496054627,0.9624772072
62,6.6390000000,pose,24,0.3436164856,0.9450255036,-0.0511030443,0.9656216502
63,6.7460000000,pose,24,0.3422323763,0.9446963668,-0.0528253764,0.9687227607
64,6.8530000000,pose,24,0.3430417776,0.9514188170,-0.0514183678,0.9690116048
65,6.9600000000,pose,24,0.3438106179,0.9559577107,-0.0571164265,0.9703385830
66,7.0670000000,pose,24,0.3401086628,0.9562972188,-0.0516328029,0.9705539942
67,7.1740000000,pose,24,0.3400406837,0.9436727166,-0.0487074219,0.9721945524
68,7.2820000000,pose,24,0.3470631242,0.9538727999,-0.0482097119,0.9725927114
69,7.3890000000,pose,24,0.3475746214,0.9471319318,-0.0479644425,0.9748460054
70,7.4960000000,pose,24,0.3466161191,0.9457763433,-0.0432569534,0.9730823040
71,7.6030000000,pose,24,0.3427363336,0.9397170544,-0.0422639064,0.9730941653
72,7.7100000000,pose,24,0.3465920389,0.9403909445,-0.0428274386,0.9634310603
73,7.8170000000,pose,24,0.3408063650,0.9520922899,-0.0428360626,0.9642691612
74,7.9240000000,pose,24,0.3453761637,0.9522669911,-0.0441937856,0.9670646787
75,8.0310000000,pose,24,0.3496237397,0.9584490657,-0.0475626774,0.9660748243
76,8.1380000000,pose,24,0.3482500017,0.9478590488,-0.0475801490,0.9677022696
77,8.2450000000,pose,24,0.3472083807,0.9460835457,-0.0461464673,0.9685344100
78,8.3520000000,pose,24,0.3471924067,0.9446870089,-0.0457217954,0.9693702459
79,8.4590000000,pose,24,0.3468601108,0.9422398806,-0.0457527637,0.9701113701
80,8.5660000000,pose,24,0.3491069973,0.9390664101,-0.0444040447,0.9715887904
81,8.6740000000,pose,24,0.3495769501,0.9393452406,-0.0475875810,0.9731741548
82,8.7810000000,pose,24,0.3492295444,0.9398874640,-0.0451667048,0.9741621017
83,8.8880000000,pose,24,0.3525536358,0.9462629557,-0.0485753678,0.9747253060
84,8.9950000000,pose,24,0.3530852497,0.9471682310,-0.0528455414,0.9740887284
85,9.1020000000,pose,24,0.3530467451,0.9437832236,-0.0433977693,0.9741964340
86,9.2090000000,pose,24,0.3526427448,0.9426136613,-0.0447094999,0.9749019742
87,9.3160000000,pose,24,0.3526527286,0.9387168884,-0.0457558259,0.9755128622
88,9.4230000000,pose,24,0.3524152339,0.9464362860,-0.0457602628,0.9755355716
89,9.5300000000,pose,24,0.3526352048,0.9537923336,-0.0452845208,0.9749841690
90,9.6370000000,pose,24,0.3525353670,0.9495633841,-0.0455969609,0.9741835594
91,9.7440000000,pose,24,0.3488758802,0.9413478374,-0.0453079119,0.9749063253
92,9.8510000000,pose,24,0.3510748744,0.9505395889,-0.0455365516,0.9751586914
93,9.9590000000,pose,24,0.3516641557,0.9499177337,-0.0435158052,0.9756445289
94,10.0660000000,pose,24,0.3490126729,0.9502548575,-0.0459802113,0.9764158130
95,10.1730000000,pose,24,0.3448565304,0.9560580850,-0.0459803790,0.9731757045
96,10.2800000000,pose,24,0.3476537466,0.9550906420,-0.0461468436,0.9732538462
97,10.3870000000,pose,24,0.3468029201,0.9550291896,-0.0483580157,0.9739590883
98,10.4940000000,pose,24,0.3499175310,0.9541174769,-0.0501425713,0.9728096128
99,10.6010000000,pose,24,0.3500309885,0.9537606835,-0.0511214808,0.9723889232
100,10.7080000000,pose,24,0.3496754766,0.9514681101,-0.0489555746,0.9732398391
101,10.8150000000,pose,24,0.3497138619,0.9512084126,-0.0506074652,0.9723047018
102,10.9220000000,pose,24,0.3495765328,0.9502211809,-0.0486216284,0.9710208774
103,11.0290000000,pose,24,0.3497416377,0.9501239061,-0.0462824628,0.9703857899
104,11.1360000000,pose,24,0.3507640958,0.9500497580,-0.0469273180,0.9704155922
105,11.2430000000,pose,24,0.3523522317,0.9562863111,-0.0465863943,0.9698804617
106,11.3510000000,pose,24,0.3501651585,0.9511441588,-0.0832899511,0.9714689851
107,11.4580000000,pose,24,0.3511685729,0.9511334300,-0.0806482807,0.9727138281
108,11.5650000000,pose,24,0.3511040807,0.9278010726,-0.0773854554,0.9687144160
109,11.6720000000,pose,24,0.3443614542,0.9373654127,-0.0625276268,0.9673576951
110,11.7790000000,pose,24,0.3444462717,0.9523302913,-0.0571744293,0.9620744586
111,11.8860000000,pose,24,0.3419013917,0.9594299197,-0.0515771583,0.9550983310
112,11.9930000000,pose,24,0.3458926976,0.9637615085,-0.0513885394,0.9564373493
47,5.0330000000,right_hand,0,0.3524125516,0.5440375209,0.0000000433,1.0000000000
48,5.1400000000,right_hand,0,0.3543272614,0.5500614047,0.0000000604,1.0000000000
49,5.2470000000,right_hand,0,0.3520328999,0.5449333787,0.0000000539,1.0000000000
50,5.3540000000,right_hand,0,0.3508087993,0.5465855002,0.0000000456,1.0000000000
51,5.4610000000,right_hand,0,0.3485677540,0.5455024242,0.0000000640,1.0000000000
52,5.5680000000,right_hand,0,0.3502402902,0.5437112451,0.0000000450,1.0000000000
53,5.6750000000,right_hand,0,0.3481064737,0.5420728326,0.0000000505,1.0000000000
54,5.7820000000,right_hand,0,0.3506094217,0.5391346812,0.0000000726,1.0000000000
55,5.8890000000,right_hand,0,0.3512765765,0.5404106975,0.0000000535,1.0000000000
56,5.9970000000,right_hand,0,0.3502363265,0.5391429663,0.0000000477,1.0000000000
57,6.1040000000,right_hand,0,0.3521233797,0.5410820246,0.0000000569,1.0000000000
58,6.2110000000,right_hand,0,0.3513692915,0.5414959788,0.0000000319,1.0000000000
59,6.3180000000,right_hand,0,0.3515567183,0.5421351194,0.0000000493,1.0000000000
60,6.4250000000,right_hand,0,0.3506649733,0.5435002446,0.0000000554,1.0000000000
61,6.5320000000,right_hand,0,0.3535120487,0.5458387136,0.0000000457,1.0000000000
62,6.6390000000,right_hand,0,0.3540720145,0.5418473879,0.0000000492,1.0000000000
63,6.7460000000,right_hand,0,0.3546319803,0.5378560623,0.0000000526,1.0000000000
64,6.8530000000,right_hand,0,0.3551919460,0.5338647366,0.0000000561,1.0000000000
65,6.9600000000,right_hand,0,0.3557150960,0.5350274444,0.0000000292,1.0000000000
66,7.0670000000,right_hand,0,0.3555637002,0.5335671902,0.0000000522,1.0000000000
67,7.1740000000,right_hand,0,0.3537918329,0.5335631371,0.0000000790,1.0000000000
68,7.2820000000,right_hand,0,0.3561533391,0.5365797877,0.0000000954,1.0000000000
69,7.3890000000,right_hand,0,0.3588050306,0.5321128368,0.0000001080,1.0000000000
70,7.4960000000,right_hand,0,0.3533793092,0.5505630970,-0.0000001154,1.0000000000
71,7.6030000000,right_hand,0,0.3568862081,0.5400071144,0.0000000379,1.0000000000
72,7.7100000000,right_hand,0,0.3588948548,0.5428926349,-0.0000000040,1.0000000000
73,7.8170000000,right_hand,0,0.3540011644,0.5437326431,-0.0000000030,1.0000000000
74,7.9240000000,right_hand,0,0.3588095605,0.5405303836,0.0000000499,1.0000000000
75,8.0310000000,right_hand,0,0.3582556248,0.5402190089,0.0000000421,1.0000000000
76,8.1380000000,right_hand,0,0.3587051034,0.5426182151,0.0000000387,1.0000000000
77,8.2450000000,right_hand,0,0.3578560650,0.5430871248,0.0000000347,1.0000000000
78,8.3520000000,right_hand,0,0.3565621078,0.5451213121,0.0000000315,1.0000000000
79,8.4590000000,right_hand,0,0.3584870398,0.5447871685,0.0000000084,1.0000000000
80,8.5660000000,right_hand,0,0.3587033749,0.5459005237,0.0000000307,1.0000000000
81,8.6740000000,right_hand,0,0.3581369519,0.5456961393,0.0000000355,1.0000000000
82,8.7810000000,right_hand,0,0.3594300747,0.5467041731,0.0000000307,1.0000000000
83,8.8880000000,right_hand,0,0.3577307463,0.5439540148,0.0000000557,1.0000000000
84,8.9950000000,right_hand,0,0.3586925268,0.5443290472,0.0000000419,1.0000000000
85,9.1020000000,right_hand,0,0.3585779667,0.5435965657,0.0000000439,1.0000000000
86,9.2090000000,right_hand,0,0.3590368927,0.5414285064,0.0000000560,1.0000000000
87,9.3160000000,right_hand,0,0.3605204821,0.5406637192,0.0000000349,1.0000000000
88,9.4230000000,right_hand,0,0.3616935015,0.5421457887,0.0000000431,1.0000000000
89,9.5300000000,right_hand,0,0.3606066108,0.5427998900,0.0000000404,1.0000000000
90,9.6370000000,right_hand,0,0.3600312173,0.5428736210,0.0000000491,1.0000000000
91,9.7440000000,right_hand,0,0.3573725820,0.5422033072,0.0000000620,1.0000000000
92,9.8510000000,right_hand,0,0.3585685492,0.5427386761,0.0000000555,1.0000000000
93,9.9590000000,right_hand,0,0.3610913455,0.5454074144,0.0000000378,1.0000000000
94,10.0660000000,right_hand,0,0.3595400155,0.5448142886,0.0000000364,1.0000000000
95,10.1730000000,right_hand,0,0.3592225015,0.5451765656,0.0000000462,1.0000000000
96,10.2800000000,right_hand,0,0.3586046994,0.5406054258,0.0000000460,1.0000000000
97,10.3870000000,right_hand,0,0.3600312769,0.5420703888,0.0000000468,1.0000000000
98,10.4940000000,right_hand,0,0.3621501923,0.5416010618,0.0000000423,1.0000000000
99,10.6010000000,right_hand,0,0.3608206511,0.5454097390,0.0000000548,1.0000000000
100,10.7080000000,right_hand,0,0.3632934690,0.5364159346,0.0000000517,1.0000000000
101,10.8150000000,right_hand,0,0.3613202274,0.5383059978,0.0000000483,1.0000000000
102,10.9220000000,right_hand,0,0.3641206026,0.5390979052,0.0000000488,1.0000000000
103,11.0290000000,right_hand,0,0.3660936654,0.5414065123,0.0000000358,1.0000000000
104,11.1360000000,right_hand,0,0.3650299013,0.5427417755,0.0000000284,1.0000000000
105,11.2430000000,right_hand,0,0.3654010892,0.5458760262,0.0000000293,1.0000000000
106,11.3510000000,right_hand,0,0.3638513684,0.5460891724,0.0000001870,1.0000000000
107,11.4580000000,right_hand,0,0.3657091359,0.5442028145,0.0000001661,1.0000000000
108,11.5650000000,right_hand,0,0.3675669034,0.5423164566,0.0000001452,1.0000000000
109,11.6720000000,right_hand,0,0.3675669034,0.5423164566,0.0000001452,1.0000000000
110,11.7790000000,right_hand,0,0.3712824384,0.5385437409,0.0000001034,1.0000000000
111,11.8860000000,right_hand,0,0.3731402059,0.5366573830,0.0000000825,1.0000000000
112,11.9930000000,right_hand,0,0.3749979734,0.5347710252,0.0000000616,1.0000000000
47,5.0330000000,right_hand,1,0.3555903137,0.4896733761,-0.0026755352,1.0000000000
48,5.1400000000,right_hand,1,0.3558126688,0.4941141307,-0.0038787585,1.0000000000
49,5.2470000000,right_hand,1,0.3549529910,0.4903262556,-0.0033458520,1.0000000000
50,5.3540000000,right_hand,1,0.3532538712,0.4901538193,-0.0028415744,1.0000000000
51,5.4610000000,right_hand,1,0.3522155285,0.4899820387,-0.0033353635,1.0000000000
52,5.5680000000,right_hand,1,0.3531133533,0.4879817963,-0.0027784207,1.0000000000
53,5.6750000000,right_hand,1,0.3520036042,0.4859818518,-0.0027078011,1.0000000000
54,5.7820000000,right_hand,1,0.3536916971,0.4843323231,-0.0027151818,1.0000000000
55,5.8890000000,right_hand,1,0.3544440567,0.4847699106,-0.0024900143,1.0000000000
56,5.9970000000,right_hand,1,0.3538587987,0.4836522937,-0.0022733773,1.0000000000
57,6.1040000000,right_hand,1,0.3553462923,0.4855992794,-0.0029777859,1.0000000000
58,6.2110000000,right_hand,1,0.3549273014,0.4850714803,-0.0017656425,1.0000000000
59,6.3180000000,right_hand,1,0.3554185033,0.4859667122,-0.0020306071,1.0000000000
60,6.4250000000,right_hand,1,0.3553638756,0.4866411984,-0.0022645316,1.0000000000
61,6.5320000000,right_hand,1,0.3563780785,0.4880521297,-0.0019351710,1.0000000000
62,6.6390000000,right_hand,1,0.3572052618,0.4875502189,-0.0036095586,1.0000000000
63,6.7460000000,right_hand,1,0.3580324451,0.4870483081,-0.0052839462,1.0000000000
64,6.8530000000,right_hand,1,0.3588596284,0.4865463972,-0.0069583338,1.0000000000
65,6.9600000000,right_hand,1,0.3595599234,0.4858655334,-0.0023683798,1.0000000000
66,7.0670000000,right_hand,1,0.3592933416,0.4863514900,-0.0034816505,1.0000000000
67,7.1740000000,right_hand,1,0.3580780625,0.4869538844,-0.0047621145,1.0000000000
68,7.2820000000,right_hand,1,0.3613484204,0.4938378334,-0.0025020794,1.0000000000
69,7.3890000000,right_hand,1,0.3624960780,0.4880631864,-0.0044977702,1.0000000000
70,7.4960000000,right_hand,1,0.3650093675,0.5119500756,0.0010185321,1.0000000000
71,7.6030000000,right_hand,1,0.3602517545,0.4971646667,-0.0040329094,1.0000000000
72,7.7100000000,right_hand,1,0.3627022803,0.4947903752,-0.0034747843,1.0000000000
73,7.8170000000,right_hand,1,0.3599287868,0.4922915697,-0.0041591898,1.0000000000
74,7.9240000000,right_hand,1,0.3611308336,0.4874225855,-0.0025890542,1.0000000000
75,8.0310000000,right_hand,1,0.3616671562,0.4860346019,-0.0023640455,1.0000000000
76,8.1380000000,right_hand,1,0.3615964949,0.4870294333,-0.0023907842,1.0000000000
77,8.2450000000,right_hand,1,0.3610099852,0.4872654378,-0.0011910368,1.0000000000
78,8.3520000000,right_hand,1,0.3606228530,0.4886639416,-0.0011244359,1.0000000000
79,8.4590000000,right_hand,1,0.3623231947,0.4892866313,-0.0017283655,1.0000000000
80,8.5660000000,right_hand,1,0.3609605134,0.4908739030,-0.0019093404,1.0000000000
81,8.6740000000,right_hand,1,0.3603836894,0.4897086918,-0.0024994530,1.0000000000
82,8.7810000000,right_hand,1,0.3620844781,0.4908094406,-0.0033952424,1.0000000000
83,8.8880000000,right_hand,1,0.3614156842,0.4889149070,-0.0033115901,1.0000000000
84,8.9950000000,right_hand,1,0.3618024588,0.4893692136,-0.0012165160,1.0000000000
85,9.1020000000,right_hand,1,0.3618751168,0.4881064296,-0.0033654002,1.0000000000
86,9.2090000000,right_hand,1,0.3627441525,0.4873794615,-0.0029475209,1.0000000000
87,9.3160000000,right_hand,1,0.3635393083,0.4871326983,-0.0028207172,1.0000000000
88,9.4230000000,right_hand,1,0.3630800545,0.4879576564,-0.0030269099,1.0000000000
89,9.5300000000,right_hand,1,0.3629479408,0.4872054458,-0.0019040797,1.0000000000
90,9.6370000000,right_hand,1,0.3619587421,0.4871736467,-0.0030792831,1.0000000000
91,9.7440000000,right_hand,1,0.3611829877,0.4864107966,-0.0035257549,1.0000000000
92,9.8510000000,right_hand,1,0.3607697785,0.4873379469,-0.0033896691,1.0000000000
93,9.9590000000,right_hand,1,0.3625984788,0.4899380207,-0.0028800608,1.0000000000
94,10.0660000000,right_hand,1,0.3616266847,0.4887012541,-0.0025109018,1.0000000000
95,10.1730000000,right_hand,1,0.3618133068,0.4896021187,-0.0019651952,1.0000000000
96,10.2800000000,right_hand,1,0.3617504835,0.4866873622,-0.0028541270,1.0000000000
97,10.3870000000,right_hand,1,0.3631644845,0.4865889847,-0.0018915904,1.0000000000
98,10.4940000000,right_hand,1,0.3646034002,0.4869747758,-0.0017572956,1.0000000000
99,10.6010000000,right_hand,1,0.3636862338,0.4893121719,-0.0031640062,1.0000000000
100,10.7080000000,right_hand,1,0.3652773499,0.4817560315,-0.0027361608,1.0000000000
101,10.8150000000,right_hand,1,0.3646990657,0.4834622741,-0.0027194710,1.0000000000
102,10.9220000000,right_hand,1,0.3667492270,0.4842833281,-0.0029546949,1.0000000000
103,11.0290000000,right_hand,1,0.3688750863,0.4851587713,-0.0013932408,1.0000000000
104,11.1360000000,right_hand,1,0.3674045205,0.4874457121,-0.0023206689,1.0000000000
105,11.2430000000,right_hand,1,0.3666389883,0.4894983172,-0.0019268441,1.0000000000
106,11.3510000000,right_hand,1,0.3686973453,0.4934761822,-0.0116582159,1.0000000000
107,11.4580000000,right_hand,1,0.3692267736,0.4927411874,-0.0107320319,1.0000000000
108,11.5650000000,right_hand,1,0.3697562019,0.4920061926,-0.0098058479,1.0000000000
109,11.6720000000,right_hand,1,0.3697562019,0.4920061926,-0.0098058479,1.0000000000
110,11.7790000000,right_hand,1,0.3708150585,0.4905362030,-0.0079534799,1.0000000000
111,11.8860000000,right_hand,1,0.3713444869,0.4898012082,-0.0070272959,1.0000000000
112,11.9930000000,right_hand,1,0.3718739152,0.4890662134,-0.0061011119,1.0000000000
47,5.0330000000,right_hand,2,0.3704521656,0.4473897219,-0.0069768117,1.0000000000
48,5.1400000000,right_hand,2,0.3696986139,0.4500757456,-0.0083603794,1.0000000000
49,5.2470000000,right_hand,2,0.3694960773,0.4484102428,-0.0079627410,1.0000000000
50,5.3540000000,right_hand,2,0.3692341745,0.4485118687,-0.0067546377,1.0000000000
51,5.4610000000,right_hand,2,0.3681490123,0.4475413561,-0.0077179624,1.0000000000
52,5.5680000000,right_hand,2,0.3678902388,0.4446789324,-0.0071653174,1.0000000000
53,5.6750000000,right_hand,2,0.3679486215,0.4434387982,-0.0069158049,1.0000000000
54,5.7820000000,right_hand,2,0.3685905337,0.4430983067,-0.0065394435,1.0000000000
55,5.8890000000,right_hand,2,0.3690833449,0.4427371919,-0.0065274881,1.0000000000
56,5.9970000000,right_hand,2,0.3700371981,0.4433656931,-0.0062444308,1.0000000000
57,6.1040000000,right_hand,2,0.3708852828,0.4444614351,-0.0071635544,1.0000000000
58,6.2110000000,right_hand,2,0.3710834980,0.4429661334,-0.0052934163,1.0000000000
59,6.3180000000,right_hand,2,0.3714469671,0.4454110861,-0.0058317599,1.0000000000
60,6.4250000000,right_hand,2,0.3716898263,0.4436235428,-0.0063066059,1.0000000000
61,6.5320000000,right_hand,2,0.3715026379,0.4433401227,-0.0055161980,1.0000000000
62,6.6390000000,right_hand,2,0.3727663259,0.4425636232,-0.0074133457,1.0000000000
63,6.7460000000,right_hand,2,0.3740300139,0.4417871237,-0.0093104934,1.0000000000
64,6.8530000000,right_hand,2,0.3752937019,0.4410106242,-0.0112076411,1.0000000000
65,6.9600000000,right_hand,2,0.3758932054,0.4412696660,-0.0050475504,1.0000000000
66,7.0670000000,right_hand,2,0.3756817281,0.4414296746,-0.0066651446,1.0000000000
67,7.1740000000,right_hand,2,0.3745977581,0.4442430139,-0.0087103136,1.0000000000
68,7.2820000000,right_hand,2,0.3772315383,0.4550734758,-0.0053348783,1.0000000000
69,7.3890000000,right_hand,2,0.3786618412,0.4476605952,-0.0089810910,1.0000000000
70,7.4960000000,right_hand,2,0.3828243017,0.4881491363,-0.0000585535,1.0000000000
71,7.6030000000,right_hand,2,0.3740502298,0.4608433843,-0.0075484063,1.0000000000
72,7.7100000000,right_hand,2,0.3781242073,0.4537281096,-0.0068922569,1.0000000000
73,7.8170000000,right_hand,2,0.3763951957,0.4504807591,-0.0067989668,1.0000000000
74,7.9240000000,right_hand,2,0.3758143485,0.4460560381,-0.0077275201,1.0000000000
75,8.0310000000,right_hand,2,0.3781361580,0.4479295611,-0.0069837603,1.0000000000
76,8.1380000000,right_hand,2,0.3770712614,0.4442329407,-0.0061945012,1.0000000000
77,8.2450000000,right_hand,2,0.3763318956,0.4455065429,-0.0047105560,1.0000000000
78,8.3520000000,right_hand,2,0.3768125474,0.4466605484,-0.0044759680,1.0000000000
79,8.4590000000,right_hand,2,0.3779000640,0.4474979937,-0.0055879829,1.0000000000
80,8.5660000000,right_hand,2,0.3767946959,0.4488658905,-0.0060724495,1.0000000000
81,8.6740000000,right_hand,2,0.3765218556,0.4483821988,-0.0066688745,1.0000000000
82,8.7810000000,right_hand,2,0.3775576353,0.4486325383,-0.0079863667,1.0000000000
83,8.8880000000,right_hand,2,0.3764680624,0.4459995329,-0.0078672878,1.0000000000
84,8.9950000000,right_hand,2,0.3779340386,0.4480639100,-0.0053572031,1.0000000000
85,9.1020000000,right_hand,2,0.3785446882,0.4474229813,-0.0083903046,1.0000000000
86,9.2090000000,right_hand,2,0.3786652386,0.4468674660,-0.0079873092,1.0000000000
87,9.3160000000,right_hand,2,0.3784971237,0.4446550906,-0.0073349145,1.0000000000
88,9.4230000000,right_hand,2,0.3776580095,0.4460030496,-0.0072001768,1.0000000000
89,9.5300000000,right_hand,2,0.3767155409,0.4434963763,-0.0058950232,1.0000000000
90,9.6370000000,right_hand,2,0.3772660196,0.4445245266,-0.0078878868,1.0000000000
91,9.7440000000,right_hand,2,0.3762544692,0.4433642030,-0.0081227841,1.0000000000
92,9.8510000000,right_hand,2,0.3774044812,0.4451269209,-0.0072632269,1.0000000000
93,9.9590000000,right_hand,2,0.3768052757,0.4450414181,-0.0065421620,1.0000000000
94,10.0660000000,right_hand,2,0.3764266074,0.4456756115,-0.0069537354,1.0000000000
95,10.1730000000,right_hand,2,0.3756201863,0.4461897314,-0.0066565587,1.0000000000
96,10.2800000000,right_hand,2,0.3774825931,0.4452056885,-0.0070614396,1.0000000000
97,10.3870000000,right_hand,2,0.3785300851,0.4441351593,-0.0053923130,1.0000000000
98,10.4940000000,right_hand,2,0.3793904781,0.4438821375,-0.0056633968,1.0000000000
99,10.6010000000,right_hand,2,0.3782338500,0.4463295937,-0.0073531363,1.0000000000
100,10.7080000000,right_hand,2,0.3812090158,0.4410154819,-0.0064162193,1.0000000000
101,10.8150000000,right_hand,2,0.3807410300,0.4434549510,-0.0068423268,1.0000000000
102,10.9220000000,right_hand,2,0.3823911548,0.4434919953,-0.0071884920,1.0000000000
103,11.0290000000,right_hand,2,0.3842524290,0.4432496130,-0.0044821394,1.0000000000
104,11.1360000000,right_hand,2,0.3819403648,0.4429087937,-0.0055084946,1.0000000000
105,11.2430000000,right_hand,2,0.3812598884,0.4467202127,-0.0059106504,1.0000000000
106,11.3510000000,right_hand,2,0.3884570003,0.4468545318,-0.0235031452,1.0000000000
107,11.4580000000,right_hand,2,0.3878394216,0.4469174643,-0.0214173355,1.0000000000
108,11.5650000000,right_hand,2,0.3872218430,0.4469803969,-0.0193315257,1.0000000000
109,11.6720000000,right_hand,2,0.3872218430,0.4469803969,-0.0193315257,1.0000000000
110,11.7790000000,right_hand,2,0.3859866858,0.4471062620,-0.0151599062,1.0000000000
111,11.8860000000,right_hand,2,0.3853691071,0.4471691946,-0.0130740964,1.0000000000
112,11.9930000000,right_hand,2,0.3847515285,0.4472321272,-0.0109882867,1.0000000000
47,5.0330000000,right_hand,3,0.3929429054,0.4159508348,-0.0089493869,1.0000000000
48,5.1400000000,right_hand,3,0.3929290771,0.4184980392,-0.0109710060,1.0000000000
49,5.2470000000,right_hand,3,0.3919082880,0.4173246026,-0.0103653530,1.0000000000
50,5.3540000000,right_hand,3,0.3927573264,0.4168047905,-0.0083413068,1.0000000000
51,5.4610000000,right_hand,3,0.3926748633,0.4169129729,-0.0102029173,1.0000000000
52,5.5680000000,right_hand,3,0.3913371861,0.4144250751,-0.0097672325,1.0000000000
53,5.6750000000,right_hand,3,0.3921119571,0.4130708575,-0.0088594817,1.0000000000
54,5.7820000000,right_hand,3,0.3914183974,0.4127988815,-0.0084936293,1.0000000000
55,5.8890000000,right_hand,3,0.3921270072,0.4121223390,-0.0087287035,1.0000000000
56,5.9970000000,right_hand,3,0.3942648768,0.4143295288,-0.0081912735,1.0000000000
57,6.1040000000,right_hand,3,0.3943267167,0.4157492220,-0.0095387092,1.0000000000
58,6.2110000000,right_hand,3,0.3951172829,0.4129996896,-0.0068243104,1.0000000000
59,6.3180000000,right_hand,3,0.3955504298,0.4163114727,-0.0080184992,1.0000000000
60,6.4250000000,right_hand,3,0.3961536288,0.4136752188,-0.0087873433,1.0000000000
61,6.5320000000,right_hand,3,0.3950821459,0.4125098288,-0.0073316083,1.0000000000
62,6.6390000000,right_hand,3,0.3953405619,0.4112997651,-0.0089466150,1.0000000000
63,6.7460000000,right_hand,3,0.3955989778,0.4100897014,-0.0105616216,1.0000000000
64,6.8530000000,right_hand,3,0.3958573937,0.4088796377,-0.0121766282,1.0000000000
65,6.9600000000,right_hand,3,0.3971555829,0.4117199779,-0.0061673294,1.0000000000
66,7.0670000000,right_hand,3,0.3967083991,0.4116794765,-0.0081585860,1.0000000000
67,7.1740000000,right_hand,3,0.3951560557,0.4170015752,-0.0110519622,1.0000000000
68,7.2820000000,right_hand,3,0.3957541585,0.4302167296,-0.0071601751,1.0000000000
69,7.3890000000,right_hand,3,0.3983145952,0.4226285219,-0.0118589960,1.0000000000
70,7.4960000000,right_hand,3,0.4001684785,0.4739482701,-0.0014601954,1.0000000000
71,7.6030000000,right_hand,3,0.3883034587,0.4352964163,-0.0095497482,1.0000000000
72,7.7100000000,right_hand,3,0.3958752751,0.4222911894,-0.0083072241,1.0000000000
73,7.8170000000,right_hand,3,0.3949427605,0.4210369885,-0.0068632788,1.0000000000
74,7.9240000000,right_hand,3,0.3983289897,0.4157816172,-0.0109129148,1.0000000000
75,8.0310000000,right_hand,3,0.4009579420,0.4194777906,-0.0099362107,1.0000000000
76,8.1380000000,right_hand,3,0.4009416997,0.4145197570,-0.0079495842,1.0000000000
77,8.2450000000,right_hand,3,0.3997020721,0.4155086875,-0.0065009934,1.0000000000
78,8.3520000000,right_hand,3,0.4002118111,0.4157809317,-0.0059743784,1.0000000000
79,8.4590000000,right_hand,3,0.4012911320,0.4170838594,-0.0083171744,1.0000000000
80,8.5660000000,right_hand,3,0.4001222551,0.4181230962,-0.0084775658,1.0000000000
81,8.6740000000,right_hand,3,0.3998993039,0.4182145894,-0.0088558048,1.0000000000
82,8.7810000000,right_hand,3,0.4010941088,0.4179027677,-0.0107652079,1.0000000000
83,8.8880000000,right_hand,3,0.3999654651,0.4150443077,-0.0104608610,1.0000000000
84,8.9950000000,right_hand,3,0.4003215134,0.4175297618,-0.0078973556,1.0000000000
85,9.1020000000,right_hand,3,0.4018318355,0.4162136912,-0.0112223886,1.0000000000
86,9.2090000000,right_hand,3,0.4013341367,0.4159458280,-0.0108953221,1.0000000000
87,9.3160000000,right_hand,3,0.4009844363,0.4127011597,-0.0097559281,1.0000000000
88,9.4230000000,right_hand,3,0.4006057382,0.4147145748,-0.0091176759,1.0000000000
89,9.5300000000,right_hand,3,0.3991618752,0.4104338288,-0.0077255839,1.0000000000
90,9.6370000000,right_hand,3,0.4004772007,0.4129144251,-0.0104258917,1.0000000000
91,9.7440000000,right_hand,3,0.3995858431,0.4119598866,-0.0107401395,1.0000000000
92,9.8510000000,right_hand,3,0.4010524452,0.4136422276,-0.0089182910,1.0000000000
93,9.9590000000,right_hand,3,0.3998917341,0.4134098887,-0.0085782725,1.0000000000
94,10.0660000000,right_hand,3,0.3992891908,0.4139092565,-0.0093387328,1.0000000000
95,10.1730000000,right_hand,3,0.3978380561,0.4133079350,-0.0097633656,1.0000000000
96,10.2800000000,right_hand,3,0.4003984928,0.4141669273,-0.0095884027,1.0000000000
97,10.3870000000,right_hand,3,0.4018090963,0.4139206409,-0.0071950057,1.0000000000
98,10.4940000000,right_hand,3,0.4020046592,0.4128010869,-0.0080733020,1.0000000000
99,10.6010000000,right_hand,3,0.4016066492,0.4151349366,-0.0099295843,1.0000000000
100,10.7080000000,right_hand,3,0.4037639201,0.4114788175,-0.0081377225,1.0000000000
101,10.8150000000,right_hand,3,0.4041265845,0.4135799706,-0.0093433550,1.0000000000
102,10.9220000000,right_hand,3,0.4055404365,0.4129106700,-0.0093788560,1.0000000000
103,11.0290000000,right_hand,3,0.4075885713,0.4129532874,-0.0058880020,1.0000000000
104,11.1360000000,right_hand,3,0.4052555263,0.4118869901,-0.0068398248,1.0000000000
105,11.2430000000,right_hand,3,0.4040079117,0.4150649309,-0.0081301425,1.0000000000
106,11.3510000000,right_hand,3,0.4140157700,0.4180890620,-0.0325307809,1.0000000000
107,11.4580000000,right_hand,3,0.4122488598,0.4184746097,-0.0294050220,1.0000000000
108,11.5650000000,right_hand,3,0.4104819496,0.4188601573,-0.0262792632,1.0000000000
109,11.6720000000,right_hand,3,0.4104819496,0.4188601573,-0.0262792632,1.0000000000
110,11.7790000000,right_hand,3,0.4069481293,0.4196312527,-0.0200277455,1.0000000000
111,11.8860000000,right_hand,3,0.4051812192,0.4200168004,-0.0169019867,1.0000000000
112,11.9930000000,right_hand,3,0.4034143090,0.4204023480,-0.0137762278,1.0000000000
47,5.0330000000,right_hand,4,0.4116448164,0.3956868351,-0.0094046723,1.0000000000
48,5.1400000000,right_hand,4,0.4118475020,0.3963586092,-0.0123390397,1.0000000000
49,5.2470000000,right_hand,4,0.4111700952,0.3959775567,-0.0111422893,1.0000000000
50,5.3540000000,right_hand,4,0.4120459557,0.3945235014,-0.0083621312,1.0000000000
51,5.4610000000,right_hand,4,0.4123296142,0.3962059021,-0.0114934212,1.0000000000
52,5.5680000000,right_hand,4,0.4107760489,0.3935664296,-0.0108628692,1.0000000000
53,5.6750000000,right_hand,4,0.4118720889,0.3928512633,-0.0091062952,1.0000000000
54,5.7820000000,right_hand,4,0.4102055132,0.3925875425,-0.0091941152,1.0000000000
55,5.8890000000,right_hand,4,0.4115902483,0.3923957050,-0.0095649492,1.0000000000
56,5.9970000000,right_hand,4,0.4132425487,0.3939031363,-0.0087211020,1.0000000000
57,6.1040000000,right_hand,4,0.4126822948,0.3934623599,-0.0107294470,1.0000000000
58,6.2110000000,right_hand,4,0.4149123132,0.3940241933,-0.0067741256,1.0000000000
59,6.3180000000,right_hand,4,0.4152370691,0.3950198591,-0.0088836476,1.0000000000
60,6.4250000000,right_hand,4,0.4154983163,0.3938235641,-0.0100148395,1.0000000000
61,6.5320000000,right_hand,4,0.4142095745,0.3923187256,-0.0076557393,1.0000000000
62,6.6390000000,right_hand,4,0.4140745898,0.3928901752,-0.0088897143,1.0000000000
63,6.7460000000,right_hand,4,0.4139396052,0.3934616248,-0.0101236892,1.0000000000
64,6.8530000000,right_hand,4,0.4138046205,0.3940330744,-0.0113576641,1.0000000000
65,6.9600000000,right_hand,4,0.4157248437,0.3989241719,-0.0058127609,1.0000000000
66,7.0670000000,right_hand,4,0.4151660800,0.3988620639,-0.0084656402,1.0000000000
67,7.1740000000,right_hand,4,0.4129077494,0.4035862088,-0.0125644775,1.0000000000
68,7.2820000000,right_hand,4,0.4104587436,0.4177571833,-0.0083152903,1.0000000000
69,7.3890000000,right_hand,4,0.4149630666,0.4107039273,-0.0140253780,1.0000000000
70,7.4960000000,right_hand,4,0.4136166573,0.4666296244,-0.0024868245,1.0000000000
71,7.6030000000,right_hand,4,0.4028569162,0.4215260744,-0.0100902300,1.0000000000
72,7.7100000000,right_hand,4,0.4120202959,0.4031195641,-0.0077987318,1.0000000000
73,7.8170000000,right_hand,4,0.4119937122,0.4044382572,-0.0048729405,1.0000000000
74,7.9240000000,right_hand,4,0.4183815718,0.3968515992,-0.0127200419,1.0000000000
75,8.0310000000,right_hand,4,0.4197392464,0.3964509070,-0.0118342945,1.0000000000
76,8.1380000000,right_hand,4,0.4202775359,0.3959442377,-0.0081656659,1.0000000000
77,8.2450000000,right_hand,4,0.4185039699,0.3939545155,-0.0068427548,1.0000000000
78,8.3520000000,right_hand,4,0.4191157222,0.3934246004,-0.0059350180,1.0000000000
79,8.4590000000,right_hand,4,0.4200807512,0.3952915668,-0.0100696450,1.0000000000
80,8.5660000000,right_hand,4,0.4190548062,0.3953925967,-0.0096490895,1.0000000000
81,8.6740000000,right_hand,4,0.4185340703,0.3944296241,-0.0097005032,1.0000000000
82,8.7810000000,right_hand,4,0.4194792211,0.3949725032,-0.0122248065,1.0000000000
83,8.8880000000,right_hand,4,0.4191614985,0.3946562707,-0.0118188476,1.0000000000
84,8.9950000000,right_hand,4,0.4189157188,0.3934220076,-0.0090973703,1.0000000000
85,9.1020000000,right_hand,4,0.4204049706,0.3925406635,-0.0127271460,1.0000000000
86,9.2090000000,right_hand,4,0.4200829268,0.3930727839,-0.0124329515,1.0000000000
87,9.3160000000,right_hand,4,0.4198542237,0.3929155469,-0.0106452862,1.0000000000
88,9.4230000000,right_hand,4,0.4196896255,0.3923876286,-0.0095265489,1.0000000000
89,9.5300000000,right_hand,4,0.4181474149,0.3900518715,-0.0080056498,1.0000000000
90,9.6370000000,right_hand,4,0.4197022617,0.3906215429,-0.0114694033,1.0000000000
91,9.7440000000,right_hand,4,0.4188156128,0.3913696110,-0.0121395700,1.0000000000
92,9.8510000000,right_hand,4,0.4186126888,0.3902438283,-0.0093128644,1.0000000000
93,9.9590000000,right_hand,4,0.4184406102,0.3913650811,-0.0092623737,1.0000000000
94,10.0660000000,right_hand,4,0.4180487394,0.3914106488,-0.0102269771,1.0000000000
95,10.1730000000,right_hand,4,0.4172864556,0.3909155726,-0.0115418201,1.0000000000
96,10.2800000000,right_hand,4,0.4194294810,0.3921209872,-0.0109168487,1.0000000000
97,10.3870000000,right_hand,4,0.4198645055,0.3904685974,-0.0077165943,1.0000000000
98,10.4940000000,right_hand,4,0.4207516611,0.3919013739,-0.0093477545,1.0000000000
99,10.6010000000,right_hand,4,0.4198692441,0.3925109208,-0.0114399632,1.0000000000
100,10.7080000000,right_hand,4,0.4204748869,0.3868975639,-0.0086180642,1.0000000000
101,10.8150000000,right_hand,4,0.4221577942,0.3891608715,-0.0107579101,1.0000000000
102,10.9220000000,right_hand,4,0.4235574305,0.3896422386,-0.0103111919,1.0000000000
103,11.0290000000,right_hand,4,0.4254526198,0.3906060457,-0.0059643015,1.0000000000
104,11.1360000000,right_hand,4,0.4236043096,0.3924127519,-0.0066549866,1.0000000000
105,11.2430000000,right_hand,4,0.4222531915,0.3905363083,-0.0089576654,1.0000000000
106,11.3510000000,right_hand,4,0.4387620687,0.4088636637,-0.0412851237,1.0000000000
107,11.4580000000,right_hand,4,0.4356249124,0.4074568351,-0.0370063682,1.0000000000
108,11.5650000000,right_hand,4,0.4324877560,0.4060500065,-0.0327276128,1.0000000000
109,11.6720000000,right_hand,4,0.4324877560,0.4060500065,-0.0327276128,1.0000000000
110,11.7790000000,right_hand,4,0.4262134433,0.4032363494,-0.0241701019,1.0000000000
111,11.8860000000,right_hand,4,0.4230762869,0.4018295209,-0.0198913465,1.0000000000
112,11.9930000000,right_hand,4,0.4199391305,0.4004226923,-0.0156125911,1.0000000000
47,5.0330000000,right_hand,5,0.3933748305,0.4639703631,-0.0220931284,1.0000000000
48,5.1400000000,right_hand,5,0.3921045661,0.4621256292,-0.0174016841,1.0000000000
49,5.2470000000,right_hand,5,0.3921567798,0.4645663202,-0.0209450591,1.0000000000
50,5.3540000000,right_hand,5,0.3918004334,0.4639834762,-0.0201727077,1.0000000000
51,5.4610000000,right_hand,5,0.3897768855,0.4619162381,-0.0181575827,1.0000000000
52,5.5680000000,right_hand,5,0.3914554417,0.4601459503,-0.0176490899,1.0000000000
53,5.6750000000,right_hand,5,0.3900552690,0.4596768022,-0.0204658508,1.0000000000
54,5.7820000000,right_hand,5,0.3925044239,0.4575835764,-0.0174222607,1.0000000000
55,5.8890000000,right_hand,5,0.3926381767,0.4572044611,-0.0173837319,1.0000000000
56,5.9970000000,right_hand,5,0.3924048841,0.4573852122,-0.0195019599,1.0000000000
57,6.1040000000,right_hand,5,0.3922922313,0.4581454396,-0.0185075346,1.0000000000
58,6.2110000000,right_hand,5,0.3959958553,0.4601552486,-0.0178915691,1.0000000000
59,6.3180000000,right_hand,5,0.3958793879,0.4587284923,-0.0155231394,1.0000000000
60,6.4250000000,right_hand,5,0.3933043182,0.4589667618,-0.0170541741,1.0000000000
61,6.5320000000,right_hand,5,0.3946033418,0.4580599368,-0.0167397298,1.0000000000
62,6.6390000000,right_hand,5,0.3953094780,0.4622678955,-0.0177838436,1.0000000000
63,6.7460000000,right_hand,5,0.3960156143,0.4664758543,-0.0188279574,1.0000000000
64,6.8530000000,right_hand,5,0.3967217505,0.4706838131,-0.0198720712,1.0000000000
65,6.9600000000,right_hand,5,0.3983269632,0.4668463469,-0.0111270752,1.0000000000
66,7.0670000000,right_hand,5,0.3963085711,0.4712357223,-0.0129970126,1.0000000000
67,7.1740000000,right_hand,5,0.3930547237,0.4713948667,-0.0134162046,1.0000000000
68,7.2820000000,right_hand,5,0.3922092617,0.4801047146,-0.0100826547,1.0000000000
69,7.3890000000,right_hand,5,0.3956429958,0.4735402763,-0.0148076108,1.0000000000
70,7.4960000000,right_hand,5,0.4029639363,0.5078936219,-0.0024288339,1.0000000000
71,7.6030000000,right_hand,5,0.4014860690,0.4803609848,-0.0137327146,1.0000000000
72,7.7100000000,right_hand,5,0.4046269059,0.4776745141,-0.0176976286,1.0000000000
73,7.8170000000,right_hand,5,0.4025136828,0.4788893461,-0.0153794549,1.0000000000
74,7.9240000000,right_hand,5,0.3971765339,0.4601267576,-0.0226933490,1.0000000000
75,8.0310000000,right_hand,5,0.4006117582,0.4641923010,-0.0193237998,1.0000000000
76,8.1380000000,right_hand,5,0.4005903602,0.4603703618,-0.0184856262,1.0000000000
77,8.2450000000,right_hand,5,0.4004048407,0.4610457122,-0.0171406735,1.0000000000
78,8.3520000000,right_hand,5,0.3997817039,0.4609461725,-0.0175406206,1.0000000000
79,8.4590000000,right_hand,5,0.4009549916,0.4634836614,-0.0145314001,1.0000000000
80,8.5660000000,right_hand,5,0.3987903297,0.4641408622,-0.0199857596,1.0000000000
81,8.6740000000,right_hand,5,0.3990456760,0.4643555582,-0.0204568729,1.0000000000
82,8.7810000000,right_hand,5,0.3994742036,0.4642786980,-0.0193740148,1.0000000000
83,8.8880000000,right_hand,5,0.3975042999,0.4620811343,-0.0193308778,1.0000000000
84,8.9950000000,right_hand,5,0.4004457295,0.4630681574,-0.0190687794,1.0000000000
85,9.1020000000,right_hand,5,0.4013595283,0.4644212127,-0.0228362530,1.0000000000
86,9.2090000000,right_hand,5,0.4013999104,0.4628007412,-0.0224252604,1.0000000000
87,9.3160000000,right_hand,5,0.4017890394,0.4622088373,-0.0215751585,1.0000000000
88,9.4230000000,right_hand,5,0.4007795453,0.4589532614,-0.0208401754,1.0000000000
89,9.5300000000,right_hand,5,0.3995667398,0.4590812922,-0.0208050143,1.0000000000
90,9.6370000000,right_hand,5,0.3996590972,0.4583042562,-0.0225856956,1.0000000000
91,9.7440000000,right_hand,5,0.3983506858,0.4569576085,-0.0191447530,1.0000000000
92,9.8510000000,right_hand,5,0.4014911354,0.4593938887,-0.0190770067,1.0000000000
93,9.9590000000,right_hand,5,0.4002497494,0.4577098489,-0.0156655293,1.0000000000
94,10.0660000000,right_hand,5,0.3990793824,0.4597315788,-0.0212683026,1.0000000000
95,10.1730000000,right_hand,5,0.3985591531,0.4595383406,-0.0185117219,1.0000000000
96,10.2800000000,right_hand,5,0.4015387595,0.4589797258,-0.0172810759,1.0000000000
97,10.3870000000,right_hand,5,0.4023531675,0.4562869966,-0.0165438652,1.0000000000
98,10.4940000000,right_hand,5,0.4028054476,0.4569143951,-0.0172807407,1.0000000000
99,10.6010000000,right_hand,5,0.4018956125,0.4589039683,-0.0163379349,1.0000000000
100,10.7080000000,right_hand,5,0.4053039551,0.4546253979,-0.0186418574,1.0000000000
101,10.8150000000,right_hand,5,0.4048036039,0.4570392072,-0.0169791933,1.0000000000
102,10.9220000000,right_hand,5,0.4049535394,0.4575466216,-0.0199090652,1.0000000000
103,11.0290000000,right_hand,5,0.4082081616,0.4556465745,-0.0157798752,1.0000000000
104,11.1360000000,right_hand,5,0.4068499207,0.4586748481,-0.0152320098,1.0000000000
105,11.2430000000,right_hand,5,0.4046934843,0.4585572183,-0.0184429307,1.0000000000
106,11.3510000000,right_hand,5,0.4030798972,0.4613832831,-0.0338927396,1.0000000000
107,11.4580000000,right_hand,5,0.4035283277,0.4613609860,-0.0316210575,1.0000000000
108,11.5650000000,right_hand,5,0.4039767583,0.4613386889,-0.0293493755,1.0000000000
109,11.6720000000,right_hand,5,0.4039767583,0.4613386889,-0.0293493755,1.0000000000
110,11.7790000000,right_hand,5,0.4048736195,0.4612940947,-0.0248060115,1.0000000000
111,11.8860000000,right_hand,5,0.4053220501,0.4612717976,-0.0225343294,1.0000000000
112,11.9930000000,right_hand,5,0.4057704806,0.4612495005,-0.0202626474,1.0000000000
47,5.0330000000,right_hand,6,0.4274988770,0.4275943935,-0.0243350081,1.0000000000
48,5.1400000000,right_hand,6,0.4255092442,0.4267306030,-0.0207407735,1.0000000000
49,5.2470000000,right_hand,6,0.4258534610,0.4279926121,-0.0232385024,1.0000000000
50,5.3540000000,right_hand,6,0.4256087840,0.4278728068,-0.0213245675,1.0000000000
51,5.4610000000,right_hand,6,0.4243568480,0.4261573553,-0.0209546704,1.0000000000
52,5.5680000000,right_hand,6,0.4262370467,0.4274347723,-0.0206552465,1.0000000000
53,5.6750000000,right_hand,6,0.4257093966,0.4255045354,-0.0219089501,1.0000000000
54,5.7820000000,right_hand,6,0.4263297319,0.4229390621,-0.0194521267,1.0000000000
55,5.8890000000,right_hand,6,0.4260861874,0.4234034419,-0.0197755042,1.0000000000
56,5.9970000000,right_hand,6,0.4267775714,0.4226446450,-0.0214570276,1.0000000000
57,6.1040000000,right_hand,6,0.4267236888,0.4237094820,-0.0219223853,1.0000000000
58,6.2110000000,right_hand,6,0.4298565388,0.4268054068,-0.0188689809,1.0000000000
59,6.3180000000,right_hand,6,0.4297375381,0.4247875214,-0.0178739801,1.0000000000
60,6.4250000000,right_hand,6,0.4284518361,0.4238392115,-0.0201958437,1.0000000000
61,6.5320000000,right_hand,6,0.4287413657,0.4246726632,-0.0191455465,1.0000000000
62,6.6390000000,right_hand,6,0.4277295570,0.4300855299,-0.0181973459,1.0000000000
63,6.7460000000,right_hand,6,0.4267177482,0.4354983966,-0.0172491452,1.0000000000
64,6.8530000000,right_hand,6,0.4257059395,0.4409112632,-0.0163009446,1.0000000000
65,6.9600000000,right_hand,6,0.4281067848,0.4417718351,-0.0098244753,1.0000000000
66,7.0670000000,right_hand,6,0.4263434410,0.4444497824,-0.0138806952,1.0000000000
67,7.1740000000,right_hand,6,0.4227472246,0.4451819956,-0.0158359502,1.0000000000
68,7.2820000000,right_hand,6,0.4178762436,0.4562044442,-0.0118266642,1.0000000000
69,7.3890000000,right_hand,6,0.4244257510,0.4488932192,-0.0180074051,1.0000000000
70,7.4960000000,right_hand,6,0.4338159263,0.4829677343,-0.0037853953,1.0000000000
71,7.6030000000,right_hand,6,0.4303043783,0.4526643157,-0.0150208455,1.0000000000
72,7.7100000000,right_hand,6,0.4356943965,0.4458519518,-0.0186557770,1.0000000000
73,7.8170000000,right_hand,6,0.4319500029,0.4487431645,-0.0128252059,1.0000000000
74,7.9240000000,right_hand,6,0.4326929152,0.4263378084,-0.0268687494,1.0000000000
75,8.0310000000,right_hand,6,0.4348997772,0.4296710789,-0.0230992902,1.0000000000
76,8.1380000000,right_hand,6,0.4358892441,0.4284239113,-0.0207041875,1.0000000000
77,8.2450000000,right_hand,6,0.4350174665,0.4259905517,-0.0187027883,1.0000000000
78,8.3520000000,right_hand,6,0.4343077838,0.4264761209,-0.0186621584,1.0000000000
79,8.4590000000,right_hand,6,0.4344080687,0.4299307466,-0.0188087597,1.0000000000
80,8.5660000000,right_hand,6,0.4333285987,0.4282427728,-0.0232978780,1.0000000000
81,8.6740000000,right_hand,6,0.4344469309,0.4277365804,-0.0231193081,1.0000000000
82,8.7810000000,right_hand,6,0.4341105223,0.4280657470,-0.0233387705,1.0000000000
83,8.8880000000,right_hand,6,0.4321795404,0.4269410968,-0.0230749995,1.0000000000
84,8.9950000000,right_hand,6,0.4359247088,0.4257617593,-0.0222734082,1.0000000000
85,9.1020000000,right_hand,6,0.4355037808,0.4270223677,-0.0252528414,1.0000000000
86,9.2090000000,right_hand,6,0.4364927411,0.4273698628,-0.0255758036,1.0000000000
87,9.3160000000,right_hand,6,0.4363931715,0.4268123806,-0.0241679028,1.0000000000
88,9.4230000000,right_hand,6,0.4351410568,0.4239231944,-0.0229382906,1.0000000000
89,9.5300000000,right_hand,6,0.4331010282,0.4207485914,-0.0225637183,1.0000000000
90,9.6370000000,right_hand,6,0.4346012771,0.4215098023,-0.0252230130,1.0000000000
91,9.7440000000,right_hand,6,0.4327964187,0.4209505916,-0.0224974770,1.0000000000
92,9.8510000000,right_hand,6,0.4358301461,0.4239263833,-0.0213179402,1.0000000000
93,9.9590000000,right_hand,6,0.4338366687,0.4213571250,-0.0186302867,1.0000000000
94,10.0660000000,right_hand,6,0.4332558513,0.4219288826,-0.0239337906,1.0000000000
95,10.1730000000,right_hand,6,0.4332362115,0.4220438004,-0.0221226346,1.0000000000
96,10.2800000000,right_hand,6,0.4350023270,0.4214032292,-0.0201408435,1.0000000000
97,10.3870000000,right_hand,6,0.4368441999,0.4203761220,-0.0191981383,1.0000000000
98,10.4940000000,right_hand,6,0.4368587434,0.4208295643,-0.0203398354,1.0000000000
99,10.6010000000,right_hand,6,0.4354628623,0.4236882925,-0.0204058699,1.0000000000
100,10.7080000000,right_hand,6,0.4388406575,0.4169744253,-0.0212429129,1.0000000000
101,10.8150000000,right_hand,6,0.4387269616,0.4208148718,-0.0200885944,1.0000000000
102,10.9220000000,right_hand,6,0.4395177662,0.4216280580,-0.0225942004,1.0000000000
103,11.0290000000,right_hand,6,0.4404184520,0.4195846319,-0.0170897022,1.0000000000
104,11.1360000000,right_hand,6,0.4408744276,0.4228986204,-0.0168785676,1.0000000000
105,11.2430000000,right_hand,6,0.4393951893,0.4215011597,-0.0210465826,1.0000000000
106,11.3510000000,right_hand,6,0.4426180720,0.4293428063,-0.0424227081,1.0000000000
107,11.4580000000,right_hand,6,0.4417571972,0.4287804216,-0.0397760849,1.0000000000
108,11.5650000000,right_hand,6,0.4408963223,0.4282180369,-0.0371294618,1.0000000000
109,11.6720000000,right_hand,6,0.4408963223,0.4282180369,-0.0371294618,1.0000000000
110,11.7790000000,right_hand,6,0.4391745726,0.4270932674,-0.0318362154,1.0000000000
111,11.8860000000,right_hand,6,0.4383136978,0.4265308827,-0.0291895922,1.0000000000
112,11.9930000000,right_hand,6,0.4374528229,0.4259684980,-0.0265429690,1.0000000000
47,5.0330000000,right_hand,7,0.4405549467,0.4051213264,-0.0186978690,1.0000000000
48,5.1400000000,right_hand,7,0.4385163188,0.4052674770,-0.0185304917,1.0000000000
49,5.2470000000,right_hand,7,0.4386821985,0.4055841863,-0.0178198107,1.0000000000
50,5.3540000000,right_hand,7,0.4382387102,0.4057613909,-0.0154490927,1.0000000000
51,5.4610000000,right_hand,7,0.4375493824,0.4047499895,-0.0179091878,1.0000000000
52,5.5680000000,right_hand,7,0.4387272596,0.4056729972,-0.0169896092,1.0000000000
53,5.6750000000,right_hand,7,0.4387037456,0.4037581384,-0.0158214699,1.0000000000
54,5.7820000000,right_hand,7,0.4388566613,0.4024032950,-0.0154843619,1.0000000000
55,5.8890000000,right_hand,7,0.4390028119,0.4020607471,-0.0158985499,1.0000000000
56,5.9970000000,right_hand,7,0.4400029480,0.4017539024,-0.0163254347,1.0000000000
57,6.1040000000,right_hand,7,0.4402885735,0.4027522802,-0.0190841928,1.0000000000
58,6.2110000000,right_hand,7,0.4421338439,0.4055497050,-0.0129636573,1.0000000000
59,6.3180000000,right_hand,7,0.4425166249,0.4040499330,-0.0143459560,1.0000000000
60,6.4250000000,right_hand,7,0.4416227341,0.4022557437,-0.0170645248,1.0000000000
61,6.5320000000,right_hand,7,0.4418108165,0.4035803378,-0.0149219222,1.0000000000
62,6.6390000000,right_hand,7,0.4399293462,0.4109031061,-0.0126259007,1.0000000000
63,6.7460000000,right_hand,7,0.4380478760,0.4182258745,-0.0103298792,1.0000000000
64,6.8530000000,right_hand,7,0.4361664057,0.4255486429,-0.0080338577,1.0000000000
65,6.9600000000,right_hand,7,0.4386174083,0.4268226922,-0.0048332973,1.0000000000
66,7.0670000000,right_hand,7,0.4385294020,0.4266766310,-0.0110922968,1.0000000000
67,7.1740000000,right_hand,7,0.4356846809,0.4301086068,-0.0148196500,1.0000000000
68,7.2820000000,right_hand,7,0.4311854541,0.4421868324,-0.0101581877,1.0000000000
69,7.3890000000,right_hand,7,0.4365736246,0.4349141121,-0.0173044447,1.0000000000
70,7.4960000000,right_hand,7,0.4444141686,0.4638539851,-0.0030257846,1.0000000000
71,7.6030000000,right_hand,7,0.4414979815,0.4336331189,-0.0110773947,1.0000000000
72,7.7100000000,right_hand,7,0.4459193349,0.4253308475,-0.0128426198,1.0000000000
73,7.8170000000,right_hand,7,0.4424163103,0.4289959967,-0.0053004790,1.0000000000
74,7.9240000000,right_hand,7,0.4459026754,0.4060696959,-0.0228232536,1.0000000000
75,8.0310000000,right_hand,7,0.4470143020,0.4078758955,-0.0205428973,1.0000000000
76,8.1380000000,right_hand,7,0.4485687912,0.4073232114,-0.0160934962,1.0000000000
77,8.2450000000,right_hand,7,0.4472529292,0.4053390920,-0.0139854010,1.0000000000
78,8.3520000000,right_hand,7,0.4465945959,0.4056830406,-0.0129844211,1.0000000000
79,8.4590000000,right_hand,7,0.4467638135,0.4077762067,-0.0178189538,1.0000000000
80,8.5660000000,right_hand,7,0.4461869299,0.4060846567,-0.0195525493,1.0000000000
81,8.6740000000,right_hand,7,0.4470628202,0.4059503973,-0.0188003778,1.0000000000
82,8.7810000000,right_hand,7,0.4469937384,0.4053887725,-0.0205821004,1.0000000000
83,8.8880000000,right_hand,7,0.4461170435,0.4045827985,-0.0202755462,1.0000000000
84,8.9950000000,right_hand,7,0.4482602775,0.4034230113,-0.0183238927,1.0000000000
85,9.1020000000,right_hand,7,0.4475391805,0.4050378203,-0.0204413440,1.0000000000
86,9.2090000000,right_hand,7,0.4493038654,0.4053255916,-0.0210929997,1.0000000000
87,9.3160000000,right_hand,7,0.4490759075,0.4042581320,-0.0188323818,1.0000000000
88,9.4230000000,right_hand,7,0.4476491213,0.4018556476,-0.0177114811,1.0000000000
89,9.5300000000,right_hand,7,0.4461042881,0.3991008401,-0.0166940987,1.0000000000
90,9.6370000000,right_hand,7,0.4474304020,0.3990862668,-0.0200786088,1.0000000000
91,9.7440000000,right_hand,7,0.4461572170,0.3989676535,-0.0195654929,1.0000000000
92,9.8510000000,right_hand,7,0.4475771487,0.4020580649,-0.0174444951,1.0000000000
93,9.9590000000,right_hand,7,0.4460836053,0.3992913365,-0.0159769244,1.0000000000
94,10.0660000000,right_hand,7,0.4460431039,0.3995137513,-0.0186919421,1.0000000000
95,10.1730000000,right_hand,7,0.4458984733,0.4004740417,-0.0188649409,1.0000000000
96,10.2800000000,right_hand,7,0.4470975697,0.3987405300,-0.0172980931,1.0000000000
97,10.3870000000,right_hand,7,0.4492084980,0.3992700577,-0.0159143619,1.0000000000
98,10.4940000000,right_hand,7,0.4487156868,0.3994243145,-0.0176278520,1.0000000000
99,10.6010000000,right_hand,7,0.4481816888,0.4008576274,-0.0190047808,1.0000000000
100,10.7080000000,right_hand,7,0.4504896402,0.3953723609,-0.0176041964,1.0000000000
101,10.8150000000,right_hand,7,0.4507654011,0.3996576667,-0.0176950116,1.0000000000
102,10.9220000000,right_hand,7,0.4516002238,0.3997948170,-0.0186259877,1.0000000000
103,11.0290000000,right_hand,7,0.4518996775,0.3986610770,-0.0125832865,1.0000000000
104,11.1360000000,right_hand,7,0.4526012242,0.4007899761,-0.0128372693,1.0000000000
105,11.2430000000,right_hand,7,0.4512655139,0.3999786377,-0.0167545937,1.0000000000
106,11.3510000000,right_hand,7,0.4668775201,0.4116001725,-0.0438720584,1.0000000000
107,11.4580000000,right_hand,7,0.4640799860,0.4101510296,-0.0409029589,1.0000000000
108,11.5650000000,right_hand,7,0.4612824519,0.4087018867,-0.0379338594,1.0000000000
109,11.6720000000,right_hand,7,0.4612824519,0.4087018867,-0.0379338594,1.0000000000
110,11.7790000000,right_hand,7,0.4556873838,0.4058036009,-0.0319956603,1.0000000000
111,11.8860000000,right_hand,7,0.4528898497,0.4043544581,-0.0290265608,1.0000000000
112,11.9930000000,right_hand,7,0.4500923157,0.4029053152,-0.0260574613,1.0000000000
47,5.0330000000,right_hand,8,0.4464669824,0.3881205916,-0.0132218888,1.0000000000
48,5.1400000000,right_hand,8,0.4456603229,0.3889162242,-0.0158460289,1.0000000000
49,5.2470000000,right_hand,8,0.4452072978,0.3888726532,-0.0125933783,1.0000000000
50,5.3540000000,right_hand,8,0.4444938004,0.3890876174,-0.0100060590,1.0000000000
51,5.4610000000,right_hand,8,0.4447959661,0.3877874315,-0.0146810235,1.0000000000
52,5.5680000000,right_hand,8,0.4443739653,0.3891407251,-0.0129534835,1.0000000000
53,5.6750000000,right_hand,8,0.4438953400,0.3872511983,-0.0101352306,1.0000000000
54,5.7820000000,right_hand,8,0.4458318651,0.3857547939,-0.0115564140,1.0000000000
55,5.8890000000,right_hand,8,0.4461389184,0.3854538500,-0.0119556272,1.0000000000
56,5.9970000000,right_hand,8,0.4466265440,0.3856234848,-0.0114202490,1.0000000000
57,6.1040000000,right_hand,8,0.4479127228,0.3865466118,-0.0158322137,1.0000000000
58,6.2110000000,right_hand,8,0.4478464127,0.3894168139,-0.0075186784,1.0000000000
59,6.3180000000,right_hand,8,0.4496184587,0.3873042464,-0.0105797593,1.0000000000
60,6.4250000000,right_hand,8,0.4484777153,0.3855214715,-0.0135832950,1.0000000000
61,6.5320000000,right_hand,8,0.4487544894,0.3875074983,-0.0106213409,1.0000000000
62,6.6390000000,right_hand,8,0.4455796381,0.3960479498,-0.0076773896,1.0000000000
63,6.7460000000,right_hand,8,0.4424047867,0.4045884013,-0.0047334383,1.0000000000
64,6.8530000000,right_hand,8,0.4392299354,0.4131288528,-0.0017894870,1.0000000000
65,6.9600000000,right_hand,8,0.4410271347,0.4162029028,-0.0004521993,1.0000000000
66,7.0670000000,right_hand,8,0.4434466958,0.4134018421,-0.0082797082,1.0000000000
67,7.1740000000,right_hand,8,0.4423399270,0.4179890454,-0.0134879565,1.0000000000
68,7.2820000000,right_hand,8,0.4381697178,0.4323097467,-0.0084675690,1.0000000000
69,7.3890000000,right_hand,8,0.4421581030,0.4244483113,-0.0159301050,1.0000000000
70,7.4960000000,right_hand,8,0.4487036467,0.4493127167,-0.0018239110,1.0000000000
71,7.6030000000,right_hand,8,0.4455368817,0.4209043682,-0.0069203312,1.0000000000
72,7.7100000000,right_hand,8,0.4478653073,0.4123248458,-0.0071611670,1.0000000000
73,7.8170000000,right_hand,8,0.4435729384,0.4148570299,0.0011007769,1.0000000000
74,7.9240000000,right_hand,8,0.4516865909,0.3922089338,-0.0182456169,1.0000000000
75,8.0310000000,right_hand,8,0.4527117610,0.3908634186,-0.0173736811,1.0000000000
76,8.1380000000,right_hand,8,0.4541045725,0.3903774321,-0.0115715554,1.0000000000
77,8.2450000000,right_hand,8,0.4532941878,0.3898127973,-0.0092881573,1.0000000000
78,8.3520000000,right_hand,8,0.4522677660,0.3900693953,-0.0076483744,1.0000000000
79,8.4590000000,right_hand,8,0.4526565969,0.3910492957,-0.0157727394,1.0000000000
80,8.5660000000,right_hand,8,0.4528391957,0.3889851570,-0.0154493237,1.0000000000
81,8.6740000000,right_hand,8,0.4529557228,0.3896907568,-0.0142843239,1.0000000000
82,8.7810000000,right_hand,8,0.4528866708,0.3886138201,-0.0171482991,1.0000000000
83,8.8880000000,right_hand,8,0.4537146389,0.3878309131,-0.0169302002,1.0000000000
84,8.9950000000,right_hand,8,0.4542120099,0.3862280846,-0.0137084061,1.0000000000
85,9.1020000000,right_hand,8,0.4530773759,0.3875171542,-0.0158366989,1.0000000000
86,9.2090000000,right_hand,8,0.4553682506,0.3875985444,-0.0163675901,1.0000000000
87,9.3160000000,right_hand,8,0.4543015957,0.3874673545,-0.0136193363,1.0000000000
88,9.4230000000,right_hand,8,0.4541352689,0.3852493465,-0.0126567418,1.0000000000
89,9.5300000000,right_hand,8,0.4527837634,0.3827123046,-0.0112211471,1.0000000000
90,9.6370000000,right_hand,8,0.4532882273,0.3823158741,-0.0149091240,1.0000000000
91,9.7440000000,right_hand,8,0.4536659718,0.3819212317,-0.0162951704,1.0000000000
92,9.8510000000,right_hand,8,0.4533598423,0.3844684958,-0.0135217709,1.0000000000
93,9.9590000000,right_hand,8,0.4524478912,0.3823351860,-0.0128169842,1.0000000000
94,10.0660000000,right_hand,8,0.4519491792,0.3833230436,-0.0134223383,1.0000000000
95,10.1730000000,right_hand,8,0.4524464607,0.3847142756,-0.0150095290,1.0000000000
96,10.2800000000,right_hand,8,0.4534584880,0.3809914589,-0.0140628405,1.0000000000
97,10.3870000000,right_hand,8,0.4555766881,0.3818684816,-0.0121762436,1.0000000000
98,10.4940000000,right_hand,8,0.4547590613,0.3828653693,-0.0143852876,1.0000000000
99,10.6010000000,right_hand,8,0.4547760785,0.3827182651,-0.0167665724,1.0000000000
100,10.7080000000,right_hand,8,0.4559261799,0.3784933686,-0.0134722432,1.0000000000
101,10.8150000000,right_hand,8,0.4568301439,0.3832055330,-0.0147759449,1.0000000000
102,10.9220000000,right_hand,8,0.4569704533,0.3833148777,-0.0144602451,1.0000000000
103,11.0290000000,right_hand,8,0.4578782022,0.3821497560,-0.0082465811,1.0000000000
104,11.1360000000,right_hand,8,0.4578860998,0.3836244047,-0.0087450603,1.0000000000
105,11.2430000000,right_hand,8,0.4563283324,0.3840167224,-0.0121830637,1.0000000000
106,11.3510000000,right_hand,8,0.4818220139,0.4035940170,-0.0435821526,1.0000000000
107,11.4580000000,right_hand,8,0.4776469370,0.4005611092,-0.0403268527,1.0000000000
108,11.5650000000,right_hand,8,0.4734718601,0.3975282013,-0.0370715527,1.0000000000
109,11.6720000000,right_hand,8,0.4734718601,0.3975282013,-0.0370715527,1.0000000000
110,11.7790000000,right_hand,8,0.4651217063,0.3914623857,-0.0305609529,1.0000000000
111,11.8860000000,right_hand,8,0.4609466294,0.3884294778,-0.0273056530,1.0000000000
112,11.9930000000,right_hand,8,0.4567715526,0.3853965700,-0.0240503531,1.0000000000
47,5.0330000000,right_hand,9,0.4032393098,0.4977070987,-0.0215997137,1.0000000000
48,5.1400000000,right_hand,9,0.4022797644,0.4945611656,-0.0169748534,1.0000000000
49,5.2470000000,right_hand,9,0.4017274082,0.4974666238,-0.0202646926,1.0000000000
50,5.3540000000,right_hand,9,0.4023640454,0.4974378943,-0.0193586778,1.0000000000
51,5.4610000000,right_hand,9,0.3993753791,0.4948913157,-0.0177348312,1.0000000000
52,5.5680000000,right_hand,9,0.4007910192,0.4932907522,-0.0177051742,1.0000000000
53,5.6750000000,right_hand,9,0.3990556598,0.4937024415,-0.0199606754,1.0000000000
54,5.7820000000,right_hand,9,0.4017645717,0.4902968109,-0.0171721075,1.0000000000
55,5.8890000000,right_hand,9,0.4028095305,0.4899446368,-0.0173448417,1.0000000000
56,5.9970000000,right_hand,9,0.4028971791,0.4910145402,-0.0194419920,1.0000000000
57,6.1040000000,right_hand,9,0.4021225870,0.4903388917,-0.0185575355,1.0000000000
58,6.2110000000,right_hand,9,0.4055247605,0.4941932857,-0.0176574867,1.0000000000
59,6.3180000000,right_hand,9,0.4053629935,0.4914854765,-0.0157011133,1.0000000000
60,6.4250000000,right_hand,9,0.4014620781,0.4908673167,-0.0176828243,1.0000000000
61,6.5320000000,right_hand,9,0.4039537013,0.4910558462,-0.0169000980,1.0000000000
62,6.6390000000,right_hand,9,0.4043896794,0.4943440755,-0.0163324367,1.0000000000
63,6.7460000000,right_hand,9,0.4048256576,0.4976323048,-0.0157647754,1.0000000000
64,6.8530000000,right_hand,9,0.4052616358,0.5009205341,-0.0151971141,1.0000000000
65,6.9600000000,right_hand,9,0.4049582481,0.4981640279,-0.0100477645,1.0000000000
66,7.0670000000,right_hand,9,0.4031704366,0.5007508397,-0.0119311204,1.0000000000
67,7.1740000000,right_hand,9,0.3999352753,0.4997072220,-0.0124087287,1.0000000000
68,7.2820000000,right_hand,9,0.3992680907,0.5058416724,-0.0106412647,1.0000000000
69,7.3890000000,right_hand,9,0.4017956853,0.5008764863,-0.0138539700,1.0000000000
70,7.4960000000,right_hand,9,0.4073971808,0.5249983072,-0.0044781817,1.0000000000
71,7.6030000000,right_hand,9,0.4083547294,0.5063128471,-0.0126966229,1.0000000000
72,7.7100000000,right_hand,9,0.4116761982,0.5078099966,-0.0159465224,1.0000000000
73,7.8170000000,right_hand,9,0.4105094671,0.5074259639,-0.0116172973,1.0000000000
74,7.9240000000,right_hand,9,0.4064303339,0.4931664169,-0.0233993996,1.0000000000
75,8.0310000000,right_hand,9,0.4099203944,0.4973753691,-0.0200143624,1.0000000000
76,8.1380000000,right_hand,9,0.4095940292,0.4936063588,-0.0181311928,1.0000000000
77,8.2450000000,right_hand,9,0.4103461504,0.4938178360,-0.0172357988,1.0000000000
78,8.3520000000,right_hand,9,0.4092407823,0.4940191209,-0.0174677074,1.0000000000
79,8.4590000000,right_hand,9,0.4102607071,0.4957335889,-0.0156668853,1.0000000000
80,8.5660000000,right_hand,9,0.4087569416,0.4962105751,-0.0203449074,1.0000000000
81,8.6740000000,right_hand,9,0.4094104171,0.4975970387,-0.0203044079,1.0000000000
82,8.7810000000,right_hand,9,0.4099272490,0.4974318743,-0.0192976873,1.0000000000
83,8.8880000000,right_hand,9,0.4074970186,0.4957799911,-0.0190901812,1.0000000000
84,8.9950000000,right_hand,9,0.4096860290,0.4956018329,-0.0195395704,1.0000000000
85,9.1020000000,right_hand,9,0.4108881354,0.4977812171,-0.0225571077,1.0000000000
86,9.2090000000,right_hand,9,0.4106006026,0.4959343076,-0.0222290028,1.0000000000
87,9.3160000000,right_hand,9,0.4106667042,0.4948779345,-0.0213295855,1.0000000000
88,9.4230000000,right_hand,9,0.4107142389,0.4910795391,-0.0199568570,1.0000000000
89,9.5300000000,right_hand,9,0.4101629555,0.4911284447,-0.0204902589,1.0000000000
90,9.6370000000,right_hand,9,0.4103824496,0.4921349585,-0.0221823119,1.0000000000
91,9.7440000000,right_hand,9,0.4080634713,0.4902899563,-0.0188125428,1.0000000000
92,9.8510000000,right_hand,9,0.4105762541,0.4918197393,-0.0181361418,1.0000000000
93,9.9590000000,right_hand,9,0.4108083248,0.4892486334,-0.0154772755,1.0000000000
94,10.0660000000,right_hand,9,0.4094757438,0.4927926064,-0.0212011673,1.0000000000
95,10.1730000000,right_hand,9,0.4089632034,0.4925021529,-0.0190755390,1.0000000000
96,10.2800000000,right_hand,9,0.4105474055,0.4904223382,-0.0173257627,1.0000000000
97,10.3870000000,right_hand,9,0.4119076133,0.4886661768,-0.0164284892,1.0000000000
98,10.4940000000,right_hand,9,0.4128271341,0.4898031354,-0.0179541819,1.0000000000
99,10.6010000000,right_hand,9,0.4118003845,0.4907829165,-0.0164863113,1.0000000000
100,10.7080000000,right_hand,9,0.4154434800,0.4864259064,-0.0179874152,1.0000000000
101,10.8150000000,right_hand,9,0.4140287936,0.4895901382,-0.0171126779,1.0000000000
102,10.9220000000,right_hand,9,0.4145259559,0.4899386764,-0.0195830818,1.0000000000
103,11.0290000000,right_hand,9,0.4179350734,0.4871083796,-0.0157975312,1.0000000000
104,11.1360000000,right_hand,9,0.4158767164,0.4895493686,-0.0146252383,1.0000000000
105,11.2430000000,right_hand,9,0.4155315161,0.4906048477,-0.0186560266,1.0000000000
106,11.3510000000,right_hand,9,0.4093777537,0.4926610589,-0.0307788979,1.0000000000
107,11.4580000000,right_hand,9,0.4099966139,0.4923776189,-0.0288165833,1.0000000000
108,11.5650000000,right_hand,9,0.4106154740,0.4920941790,-0.0268542686,1.0000000000
109,11.6720000000,right_hand,9,0.4106154740,0.4920941790,-0.0268542686,1.0000000000
110,11.7790000000,right_hand,9,0.4118531942,0.4915272991,-0.0229296392,1.0000000000
111,11.8860000000,right_hand,9,0.4124720544,0.4912438591,-0.0209673246,1.0000000000
112,11.9930000000,right_hand,9,0.4130909145,0.4909604192,-0.0190050099,1.0000000000
47,5.0330000000,right_hand,10,0.4393591285,0.4533679187,-0.0253277384,1.0000000000
48,5.1400000000,right_hand,10,0.4363667071,0.4511802197,-0.0198110454,1.0000000000
49,5.2470000000,right_hand,10,0.4380754232,0.4519132674,-0.0242642649,1.0000000000
50,5.3540000000,right_hand,10,0.4381951988,0.4523324072,-0.0216314644,1.0000000000
51,5.4610000000,right_hand,10,0.4350781143,0.4513062239,-0.0201654211,1.0000000000
52,5.5680000000,right_hand,10,0.4375334680,0.4521150589,-0.0217235554,1.0000000000
53,5.6750000000,right_hand,10,0.4364176989,0.4511618018,-0.0230285749,1.0000000000
54,5.7820000000,right_hand,10,0.4375267029,0.4477971494,-0.0199202020,1.0000000000
55,5.8890000000,right_hand,10,0.4380260706,0.4474556744,-0.0206067581,1.0000000000
56,5.9970000000,right_hand,10,0.4390489459,0.4479013085,-0.0226742737,1.0000000000
57,6.1040000000,right_hand,10,0.4386706650,0.4480463862,-0.0227765981,1.0000000000
58,6.2110000000,right_hand,10,0.4407263398,0.4520932138,-0.0203086510,1.0000000000
59,6.3180000000,right_hand,10,0.4408360422,0.4489850104,-0.0183833893,1.0000000000
60,6.4250000000,right_hand,10,0.4387297630,0.4491227865,-0.0216466617,1.0000000000
61,6.5320000000,right_hand,10,0.4404947758,0.4496523738,-0.0209671929,1.0000000000
62,6.6390000000,right_hand,10,0.4393843114,0.4559562306,-0.0182997743,1.0000000000
63,6.7460000000,right_hand,10,0.4382738471,0.4622600873,-0.0156323556,1.0000000000
64,6.8530000000,right_hand,10,0.4371633828,0.4685639441,-0.0129649369,1.0000000000
65,6.9600000000,right_hand,10,0.4367957711,0.4717679918,-0.0079168640,1.0000000000
66,7.0670000000,right_hand,10,0.4361933172,0.4749104083,-0.0115981046,1.0000000000
67,7.1740000000,right_hand,10,0.4314351678,0.4782137871,-0.0137403626,1.0000000000
68,7.2820000000,right_hand,10,0.4280715585,0.4841809571,-0.0124887619,1.0000000000
69,7.3890000000,right_hand,10,0.4320549071,0.4798321128,-0.0156077761,1.0000000000
70,7.4960000000,right_hand,10,0.4388346076,0.4960126579,-0.0069141774,1.0000000000
71,7.6030000000,right_hand,10,0.4419984221,0.4780393243,-0.0151191931,1.0000000000
72,7.7100000000,right_hand,10,0.4474298954,0.4767290950,-0.0195820592,1.0000000000
73,7.8170000000,right_hand,10,0.4429203868,0.4755950570,-0.0114613120,1.0000000000
74,7.9240000000,right_hand,10,0.4442737401,0.4512242079,-0.0287362058,1.0000000000
75,8.0310000000,right_hand,10,0.4463853240,0.4562189281,-0.0238697138,1.0000000000
76,8.1380000000,right_hand,10,0.4460056126,0.4530892372,-0.0220884569,1.0000000000
77,8.2450000000,right_hand,10,0.4467139840,0.4515895844,-0.0194241684,1.0000000000
78,8.3520000000,right_hand,10,0.4462627172,0.4512318373,-0.0203691944,1.0000000000
79,8.4590000000,right_hand,10,0.4456326663,0.4532690346,-0.0202817023,1.0000000000
80,8.5660000000,right_hand,10,0.4457854033,0.4522439837,-0.0245711207,1.0000000000
81,8.6740000000,right_hand,10,0.4466874301,0.4523488581,-0.0237945560,1.0000000000
82,8.7810000000,right_hand,10,0.4455958009,0.4513997138,-0.0238525961,1.0000000000
83,8.8880000000,right_hand,10,0.4435432553,0.4517839551,-0.0232161991,1.0000000000
84,8.9950000000,right_hand,10,0.4482666850,0.4519996643,-0.0230244678,1.0000000000
85,9.1020000000,right_hand,10,0.4469545782,0.4524105191,-0.0257458761,1.0000000000
86,9.2090000000,right_hand,10,0.4475994110,0.4534389973,-0.0260640476,1.0000000000
87,9.3160000000,right_hand,10,0.4465535283,0.4506166279,-0.0251368098,1.0000000000
88,9.4230000000,right_hand,10,0.4473828971,0.4473274350,-0.0235170834,1.0000000000
89,9.5300000000,right_hand,10,0.4452519417,0.4446661770,-0.0242828093,1.0000000000
90,9.6370000000,right_hand,10,0.4475115240,0.4475848973,-0.0253629889,1.0000000000
91,9.7440000000,right_hand,10,0.4435909986,0.4460632205,-0.0223628860,1.0000000000
92,9.8510000000,right_hand,10,0.4470132887,0.4492368102,-0.0207919199,1.0000000000
93,9.9590000000,right_hand,10,0.4461874068,0.4440484941,-0.0187998973,1.0000000000
94,10.0660000000,right_hand,10,0.4457713962,0.4454425573,-0.0253528692,1.0000000000
95,10.1730000000,right_hand,10,0.4464428723,0.4473859072,-0.0234050546,1.0000000000
96,10.2800000000,right_hand,10,0.4461154938,0.4459830225,-0.0202968512,1.0000000000
97,10.3870000000,right_hand,10,0.4487488568,0.4458816946,-0.0189574603,1.0000000000
98,10.4940000000,right_hand,10,0.4496555626,0.4468536973,-0.0209412556,1.0000000000
99,10.6010000000,right_hand,10,0.4466374516,0.4473255277,-0.0204042681,1.0000000000
100,10.7080000000,right_hand,10,0.4514734149,0.4428328276,-0.0200743899,1.0000000000
101,10.8150000000,right_hand,10,0.4501712024,0.4475505948,-0.0201168768,1.0000000000
102,10.9220000000,right_hand,10,0.4512252808,0.4467493296,-0.0226192009,1.0000000000
103,11.0290000000,right_hand,10,0.4522045255,0.4439974129,-0.0176602006,1.0000000000
104,11.1360000000,right_hand,10,0.4508826137,0.4455269277,-0.0176018085,1.0000000000
105,11.2430000000,right_hand,10,0.4525710940,0.4447797537,-0.0225853864,1.0000000000
106,11.3510000000,right_hand,10,0.4487568438,0.4593376517,-0.0390356779,1.0000000000
107,11.4580000000,right_hand,10,0.4485788097,0.4581739108,-0.0366841219,1.0000000000
108,11.5650000000,right_hand,10,0.4484007756,0.4570101698,-0.0343325660,1.0000000000
109,11.6720000000,right_hand,10,0.4484007756,0.4570101698,-0.0343325660,1.0000000000
110,11.7790000000,right_hand,10,0.4480447074,0.4546826879,-0.0296294540,1.0000000000
111,11.8860000000,right_hand,10,0.4478666733,0.4535189470,-0.0272778980,1.0000000000
112,11.9930000000,right_hand,10,0.4476886392,0.4523552060,-0.0249263421,1.0000000000
47,5.0330000000,right_hand,11,0.4500455558,0.4257185459,-0.0188805610,1.0000000000
48,5.1400000000,right_hand,11,0.4475458562,0.4247630537,-0.0161413662,1.0000000000
49,5.2470000000,right_hand,11,0.4488180280,0.4243142605,-0.0181977209,1.0000000000
50,5.3540000000,right_hand,11,0.4484199286,0.4251235127,-0.0150601519,1.0000000000
51,5.4610000000,right_hand,11,0.4468722045,0.4258978963,-0.0160004143,1.0000000000
52,5.5680000000,right_hand,11,0.4479942024,0.4255051911,-0.0170332938,1.0000000000
53,5.6750000000,right_hand,11,0.4483366311,0.4246409237,-0.0171765871,1.0000000000
54,5.7820000000,right_hand,11,0.4487559199,0.4219074249,-0.0153202722,1.0000000000
55,5.8890000000,right_hand,11,0.4489190280,0.4215521216,-0.0155740734,1.0000000000
56,5.9970000000,right_hand,11,0.4499155879,0.4220669568,-0.0169370007,1.0000000000
57,6.1040000000,right_hand,11,0.4501610696,0.4225104749,-0.0188214425,1.0000000000
58,6.2110000000,right_hand,11,0.4515115917,0.4261430800,-0.0141908666,1.0000000000
59,6.3180000000,right_hand,11,0.4519021213,0.4236542881,-0.0135452896,1.0000000000
60,6.4250000000,right_hand,11,0.4506873190,0.4228583872,-0.0179324429,1.0000000000
61,6.5320000000,right_hand,11,0.4522787035,0.4241894782,-0.0161555037,1.0000000000
62,6.6390000000,right_hand,11,0.4499357541,0.4317821960,-0.0129770460,1.0000000000
63,6.7460000000,right_hand,11,0.4475928048,0.4393749138,-0.0097985882,1.0000000000
64,6.8530000000,right_hand,11,0.4452498555,0.4469676316,-0.0066201305,1.0000000000
65,6.9600000000,right_hand,11,0.4457165897,0.4524554908,-0.0030640017,1.0000000000
66,7.0670000000,right_hand,11,0.4466045499,0.4533897936,-0.0082707675,1.0000000000
67,7.1740000000,right_hand,11,0.4431919754,0.4607520998,-0.0125470711,1.0000000000
68,7.2820000000,right_hand,11,0.4412665367,0.4675901234,-0.0114079276,1.0000000000
69,7.3890000000,right_hand,11,0.4430231154,0.4625044167,-0.0138196144,1.0000000000
70,7.4960000000,right_hand,11,0.4488995075,0.4757643640,-0.0077205822,1.0000000000
71,7.6030000000,right_hand,11,0.4495025575,0.4567636251,-0.0106420927,1.0000000000
72,7.7100000000,right_hand,11,0.4523870349,0.4528931379,-0.0133229326,1.0000000000
73,7.8170000000,right_hand,11,0.4509114027,0.4506758749,-0.0060722157,1.0000000000
74,7.9240000000,right_hand,11,0.4551066756,0.4253670871,-0.0234698337,1.0000000000
75,8.0310000000,right_hand,11,0.4561627209,0.4294505119,-0.0197352562,1.0000000000
76,8.1380000000,right_hand,11,0.4574465752,0.4276255965,-0.0171841718,1.0000000000
77,8.2450000000,right_hand,11,0.4560367465,0.4265133739,-0.0132486224,1.0000000000
78,8.3520000000,right_hand,11,0.4561958313,0.4252693355,-0.0143090701,1.0000000000
79,8.4590000000,right_hand,11,0.4563111663,0.4275306761,-0.0177468583,1.0000000000
80,8.5660000000,right_hand,11,0.4566169381,0.4259351194,-0.0192251690,1.0000000000
81,8.6740000000,right_hand,11,0.4562442303,0.4257956147,-0.0182631556,1.0000000000
82,8.7810000000,right_hand,11,0.4563810825,0.4241347313,-0.0199605189,1.0000000000
83,8.8880000000,right_hand,11,0.4557319880,0.4249055386,-0.0191553049,1.0000000000
84,8.9950000000,right_hand,11,0.4578496516,0.4261575639,-0.0166903138,1.0000000000
85,9.1020000000,right_hand,11,0.4559976757,0.4246482849,-0.0202989224,1.0000000000
86,9.2090000000,right_hand,11,0.4577231407,0.4268575311,-0.0203557182,1.0000000000
87,9.3160000000,right_hand,11,0.4577078819,0.4230355024,-0.0192992538,1.0000000000
88,9.4230000000,right_hand,11,0.4578922987,0.4204749763,-0.0172403380,1.0000000000
89,9.5300000000,right_hand,11,0.4564328492,0.4184142351,-0.0182466730,1.0000000000
90,9.6370000000,right_hand,11,0.4572851956,0.4213569462,-0.0186872222,1.0000000000
91,9.7440000000,right_hand,11,0.4558205903,0.4192001820,-0.0183458123,1.0000000000
92,9.8510000000,right_hand,11,0.4567009211,0.4221319556,-0.0157673266,1.0000000000
93,9.9590000000,right_hand,11,0.4561649263,0.4170257747,-0.0147739146,1.0000000000
94,10.0660000000,right_hand,11,0.4560988545,0.4184454083,-0.0191183407,1.0000000000
95,10.1730000000,right_hand,11,0.4570480287,0.4208362401,-0.0187227111,1.0000000000
96,10.2800000000,right_hand,11,0.4562596083,0.4193370044,-0.0164576527,1.0000000000
97,10.3870000000,right_hand,11,0.4593574107,0.4209809601,-0.0137659032,1.0000000000
98,10.4940000000,right_hand,11,0.4592976570,0.4212165177,-0.0166235063,1.0000000000
99,10.6010000000,right_hand,11,0.4581899941,0.4194220901,-0.0175157972,1.0000000000
100,10.7080000000,right_hand,11,0.4603508711,0.4176955819,-0.0140983751,1.0000000000
101,10.8150000000,right_hand,11,0.4601435363,0.4216555357,-0.0163094755,1.0000000000
102,10.9220000000,right_hand,11,0.4612854123,0.4196628332,-0.0176861752,1.0000000000
103,11.0290000000,right_hand,11,0.4619336128,0.4187333286,-0.0122752348,1.0000000000
104,11.1360000000,right_hand,11,0.4604431093,0.4185304642,-0.0132454811,1.0000000000
105,11.2430000000,right_hand,11,0.4616926014,0.4184997082,-0.0174149796,1.0000000000
106,11.3510000000,right_hand,11,0.4541086853,0.4466000795,-0.0363188982,1.0000000000
107,11.4580000000,right_hand,11,0.4547963788,0.4435854753,-0.0339273506,1.0000000000
108,11.5650000000,right_hand,11,0.4554840724,0.4405708710,-0.0315358030,1.0000000000
109,11.6720000000,right_hand,11,0.4554840724,0.4405708710,-0.0315358030,1.0000000000
110,11.7790000000,right_hand,11,0.4568594595,0.4345416625,-0.0267527079,1.0000000000
111,11.8860000000,right_hand,11,0.4575471530,0.4315270583,-0.0243611603,1.0000000000
112,11.9930000000,right_hand,11,0.4582348466,0.4285124540,-0.0219696127,1.0000000000
47,5.0330000000,right_hand,12,0.4537839293,0.4062648416,-0.0129478956,1.0000000000
48,5.1400000000,right_hand,12,0.4519174099,0.4064499140,-0.0130088069,1.0000000000
49,5.2470000000,right_hand,12,0.4528313577,0.4057120681,-0.0125131570,1.0000000000
50,5.3540000000,right_hand,12,0.4519065320,0.4068760276,-0.0093865599,1.0000000000
51,5.4610000000,right_hand,12,0.4516011775,0.4082691669,-0.0126529494,1.0000000000
52,5.5680000000,right_hand,12,0.4508219063,0.4073071778,-0.0124053545,1.0000000000
53,5.6750000000,right_hand,12,0.4522183537,0.4058507383,-0.0120194005,1.0000000000
54,5.7820000000,right_hand,12,0.4529264271,0.4030049741,-0.0111804213,1.0000000000
55,5.8890000000,right_hand,12,0.4533009231,0.4031046033,-0.0109414682,1.0000000000
56,5.9970000000,right_hand,12,0.4540845156,0.4038128853,-0.0117929764,1.0000000000
57,6.1040000000,right_hand,12,0.4549145997,0.4047598541,-0.0150084868,1.0000000000
58,6.2110000000,right_hand,12,0.4556464851,0.4082672298,-0.0086467247,1.0000000000
59,6.3180000000,right_hand,12,0.4567011893,0.4052262902,-0.0091220103,1.0000000000
60,6.4250000000,right_hand,12,0.4553747475,0.4041896462,-0.0143456245,1.0000000000
61,6.5320000000,right_hand,12,0.4573353529,0.4060199261,-0.0113417897,1.0000000000
62,6.6390000000,right_hand,12,0.4530187746,0.4146538973,-0.0083112083,1.0000000000
63,6.7460000000,right_hand,12,0.4487021963,0.4232878685,-0.0052806268,1.0000000000
64,6.8530000000,right_hand,12,0.4443856180,0.4319218397,-0.0022500453,1.0000000000
65,6.9600000000,right_hand,12,0.4455800354,0.4384881556,0.0003508393,1.0000000000
66,7.0670000000,right_hand,12,0.4481899738,0.4376925528,-0.0059469189,1.0000000000
67,7.1740000000,right_hand,12,0.4479066432,0.4468955994,-0.0119107133,1.0000000000
68,7.2820000000,right_hand,12,0.4469000399,0.4560265541,-0.0106100198,1.0000000000
69,7.3890000000,right_hand,12,0.4471281767,0.4489336312,-0.0125618223,1.0000000000
70,7.4960000000,right_hand,12,0.4507810473,0.4599219561,-0.0078214444,1.0000000000
71,7.6030000000,right_hand,12,0.4485788643,0.4449521899,-0.0058596460,1.0000000000
72,7.7100000000,right_hand,12,0.4487414062,0.4402564764,-0.0067246035,1.0000000000
73,7.8170000000,right_hand,12,0.4498767555,0.4336063862,-0.0015092308,1.0000000000
74,7.9240000000,right_hand,12,0.4579686821,0.4075439870,-0.0182899293,1.0000000000
75,8.0310000000,right_hand,12,0.4590801895,0.4100985527,-0.0160120316,1.0000000000
76,8.1380000000,right_hand,12,0.4615348279,0.4084839821,-0.0125603154,1.0000000000
77,8.2450000000,right_hand,12,0.4584221840,0.4097028971,-0.0078360206,1.0000000000
78,8.3520000000,right_hand,12,0.4590386748,0.4078031778,-0.0087057017,1.0000000000
79,8.4590000000,right_hand,12,0.4599854052,0.4092013240,-0.0149339791,1.0000000000
80,8.5660000000,right_hand,12,0.4604690075,0.4079676867,-0.0142196761,1.0000000000
81,8.6740000000,right_hand,12,0.4588540792,0.4081299305,-0.0132299466,1.0000000000
82,8.7810000000,right_hand,12,0.4604389369,0.4050085843,-0.0161376018,1.0000000000
83,8.8880000000,right_hand,12,0.4609193206,0.4060665667,-0.0152417561,1.0000000000
84,8.9950000000,right_hand,12,0.4601739943,0.4090708196,-0.0107403537,1.0000000000
85,9.1020000000,right_hand,12,0.4582853913,0.4046909809,-0.0158286635,1.0000000000
86,9.2090000000,right_hand,12,0.4605343640,0.4081057012,-0.0151893143,1.0000000000
87,9.3160000000,right_hand,12,0.4614920914,0.4041333199,-0.0140008200,1.0000000000
88,9.4230000000,right_hand,12,0.4616490304,0.4021842480,-0.0113805830,1.0000000000
89,9.5300000000,right_hand,12,0.4609907269,0.3998888135,-0.0126968864,1.0000000000
90,9.6370000000,right_hand,12,0.4597186446,0.4038711488,-0.0127966050,1.0000000000
91,9.7440000000,right_hand,12,0.4608402550,0.3998403549,-0.0147090834,1.0000000000
92,9.8510000000,right_hand,12,0.4594347775,0.4027483463,-0.0113257319,1.0000000000
93,9.9590000000,right_hand,12,0.4592652619,0.3982201517,-0.0109031117,1.0000000000
94,10.0660000000,right_hand,12,0.4596611857,0.4004699290,-0.0132605005,1.0000000000
95,10.1730000000,right_hand,12,0.4604532719,0.4026973248,-0.0140579753,1.0000000000
96,10.2800000000,right_hand,12,0.4596323669,0.4003783762,-0.0130227227,1.0000000000
97,10.3870000000,right_hand,12,0.4631861448,0.4031072855,-0.0090465099,1.0000000000
98,10.4940000000,right_hand,12,0.4623588324,0.4021971226,-0.0127830300,1.0000000000
99,10.6010000000,right_hand,12,0.4629601240,0.3989007473,-0.0145958625,1.0000000000
100,10.7080000000,right_hand,12,0.4624753594,0.4011839032,-0.0088133961,1.0000000000
101,10.8150000000,right_hand,12,0.4631453454,0.4036911130,-0.0129398219,1.0000000000
102,10.9220000000,right_hand,12,0.4639206231,0.4009692669,-0.0133074597,1.0000000000
103,11.0290000000,right_hand,12,0.4654565454,0.4013006091,-0.0075862557,1.0000000000
104,11.1360000000,right_hand,12,0.4633808732,0.3992443681,-0.0090685524,1.0000000000
105,11.2430000000,right_hand,12,0.4636312723,0.4010808766,-0.0123482207,1.0000000000
106,11.3510000000,right_hand,12,0.4492961168,0.4463313520,-0.0329672061,1.0000000000
107,11.4580000000,right_hand,12,0.4514036030,0.4407389462,-0.0304924476,1.0000000000
108,11.5650000000,right_hand,12,0.4535110891,0.4351465404,-0.0280176892,1.0000000000
109,11.6720000000,right_hand,12,0.4535110891,0.4351465404,-0.0280176892,1.0000000000
110,11.7790000000,right_hand,12,0.4577260613,0.4239617288,-0.0230681722,1.0000000000
111,11.8860000000,right_hand,12,0.4598335475,0.4183693230,-0.0205934138,1.0000000000
112,11.9930000000,right_hand,12,0.4619410336,0.4127769172,-0.0181186553,1.0000000000
47,5.0330000000,right_hand,13,0.4085988700,0.5268518925,-0.0196518451,1.0000000000
48,5.1400000000,right_hand,13,0.4082067013,0.5234432817,-0.0157821663,1.0000000000
49,5.2470000000,right_hand,13,0.4073592722,0.5257352591,-0.0183742438,1.0000000000
50,5.3540000000,right_hand,13,0.4084939361,0.5260859728,-0.0171930064,1.0000000000
51,5.4610000000,right_hand,13,0.4047599733,0.5239586234,-0.0163660198,1.0000000000
52,5.5680000000,right_hand,13,0.4063190818,0.5225565434,-0.0168040209,1.0000000000
53,5.6750000000,right_hand,13,0.4043967724,0.5227259398,-0.0181152504,1.0000000000
54,5.7820000000,right_hand,13,0.4066104293,0.5186055899,-0.0158600733,1.0000000000
55,5.8890000000,right_hand,13,0.4084246457,0.5189656019,-0.0162522458,1.0000000000
56,5.9970000000,right_hand,13,0.4090149403,0.5204291344,-0.0180702955,1.0000000000
57,6.1040000000,right_hand,13,0.4078875780,0.5192285180,-0.0175934788,1.0000000000
58,6.2110000000,right_hand,13,0.4105478823,0.5234547853,-0.0161062665,1.0000000000
59,6.3180000000,right_hand,13,0.4102624357,0.5206961632,-0.0149260238,1.0000000000
60,6.4250000000,right_hand,13,0.4062662125,0.5194962621,-0.0173942167,1.0000000000
61,6.5320000000,right_hand,13,0.4095329940,0.5201808810,-0.0160132721,1.0000000000
62,6.6390000000,right_hand,13,0.4093245864,0.5222238104,-0.0137349982,1.0000000000
63,6.7460000000,right_hand,13,0.4091161788,0.5242667397,-0.0114567243,1.0000000000
64,6.8530000000,right_hand,13,0.4089077711,0.5263096690,-0.0091784503,1.0000000000
65,6.9600000000,right_hand,13,0.4077058136,0.5246017575,-0.0082078418,1.0000000000
66,7.0670000000,right_hand,13,0.4066217542,0.5255362988,-0.0102241971,1.0000000000
67,7.1740000000,right_hand,13,0.4031798840,0.5240381360,-0.0110525982,1.0000000000
68,7.2820000000,right_hand,13,0.4031498432,0.5278179646,-0.0108722895,1.0000000000
69,7.3890000000,right_hand,13,0.4050105214,0.5254243016,-0.0124514224,1.0000000000
70,7.4960000000,right_hand,13,0.4084824324,0.5380052328,-0.0063632117,1.0000000000
71,7.6030000000,right_hand,13,0.4112153053,0.5304960608,-0.0112313656,1.0000000000
72,7.7100000000,right_hand,13,0.4144091606,0.5330967307,-0.0132233845,1.0000000000
73,7.8170000000,right_hand,13,0.4140508473,0.5308512449,-0.0066795759,1.0000000000
74,7.9240000000,right_hand,13,0.4118016958,0.5221697092,-0.0228384044,1.0000000000
75,8.0310000000,right_hand,13,0.4144195318,0.5262608528,-0.0195768569,1.0000000000
76,8.1380000000,right_hand,13,0.4144919217,0.5224949121,-0.0166423433,1.0000000000
77,8.2450000000,right_hand,13,0.4157750010,0.5226228833,-0.0160927344,1.0000000000
78,8.3520000000,right_hand,13,0.4145333171,0.5232108235,-0.0160617214,1.0000000000
79,8.4590000000,right_hand,13,0.4157890379,0.5245096087,-0.0160215758,1.0000000000
80,8.5660000000,right_hand,13,0.4145511985,0.5243113041,-0.0194920246,1.0000000000
81,8.6740000000,right_hand,13,0.4154252708,0.5262925029,-0.0188758988,1.0000000000
82,8.7810000000,right_hand,13,0.4162446558,0.5264014006,-0.0182353426,1.0000000000
83,8.8880000000,right_hand,13,0.4133825004,0.5248907208,-0.0178051591,1.0000000000
84,8.9950000000,right_hand,13,0.4148177505,0.5242028236,-0.0187776182,1.0000000000
85,9.1020000000,right_hand,13,0.4161124825,0.5266900063,-0.0208404586,1.0000000000
86,9.2090000000,right_hand,13,0.4156650901,0.5245701671,-0.0206666421,1.0000000000
87,9.3160000000,right_hand,13,0.4156942368,0.5232164860,-0.0197988451,1.0000000000
88,9.4230000000,right_hand,13,0.4164660275,0.5193353295,-0.0178243276,1.0000000000
89,9.5300000000,right_hand,13,0.4167068899,0.5189620852,-0.0186710525,1.0000000000
90,9.6370000000,right_hand,13,0.4169291258,0.5216848254,-0.0204326808,1.0000000000
91,9.7440000000,right_hand,13,0.4137253463,0.5193724036,-0.0175256692,1.0000000000
92,9.8510000000,right_hand,13,0.4152480960,0.5201085210,-0.0161382202,1.0000000000
93,9.9590000000,right_hand,13,0.4171764851,0.5176600814,-0.0145237055,1.0000000000
94,10.0660000000,right_hand,13,0.4156486392,0.5216970444,-0.0198249090,1.0000000000
95,10.1730000000,right_hand,13,0.4152515233,0.5212405920,-0.0185043812,1.0000000000
96,10.2800000000,right_hand,13,0.4156571031,0.5182166696,-0.0164317023,1.0000000000
97,10.3870000000,right_hand,13,0.4170913994,0.5182271600,-0.0153003372,1.0000000000
98,10.4940000000,right_hand,13,0.4186632335,0.5194610953,-0.0174957607,1.0000000000
99,10.6010000000,right_hand,13,0.4168394804,0.5196201801,-0.0158796590,1.0000000000
100,10.7080000000,right_hand,13,0.4207920432,0.5147104263,-0.0162733272,1.0000000000
101,10.8150000000,right_hand,13,0.4186086953,0.5176782608,-0.0163743086,1.0000000000
102,10.9220000000,right_hand,13,0.4197510183,0.5178008676,-0.0181111339,1.0000000000
103,11.0290000000,right_hand,13,0.4230366647,0.5154043436,-0.0146870827,1.0000000000
104,11.1360000000,right_hand,13,0.4206472337,0.5168618560,-0.0130915651,1.0000000000
105,11.2430000000,right_hand,13,0.4219459593,0.5193777680,-0.0176848862,1.0000000000
106,11.3510000000,right_hand,13,0.4147338569,0.5232713819,-0.0268141329,1.0000000000
107,11.4580000000,right_hand,13,0.4150473376,0.5220464567,-0.0252475810,1.0000000000
108,11.5650000000,right_hand,13,0.4153608183,0.5208215316,-0.0236810291,1.0000000000
109,11.6720000000,right_hand,13,0.4153608183,0.5208215316,-0.0236810291,1.0000000000
110,11.7790000000,right_hand,13,0.4159877797,0.5183716814,-0.0205479252,1.0000000000
111,11.8860000000,right_hand,13,0.4163012604,0.5171467563,-0.0189813732,1.0000000000
112,11.9930000000,right_hand,13,0.4166147411,0.5159218311,-0.0174148213,1.0000000000
47,5.0330000000,right_hand,14,0.4436261356,0.4913554490,-0.0221684985,1.0000000000
48,5.1400000000,right_hand,14,0.4404956698,0.4852493107,-0.0172580276,1.0000000000
49,5.2470000000,right_hand,14,0.4422938228,0.4862297773,-0.0207748283,1.0000000000
50,5.3540000000,right_hand,14,0.4430971742,0.4876423180,-0.0185171310,1.0000000000
51,5.4610000000,right_hand,14,0.4386447370,0.4864384830,-0.0173814874,1.0000000000
52,5.5680000000,right_hand,14,0.4410515726,0.4860969484,-0.0188621785,1.0000000000
53,5.6750000000,right_hand,14,0.4397703409,0.4860622287,-0.0194603559,1.0000000000
54,5.7820000000,right_hand,14,0.4399817586,0.4828540981,-0.0171113797,1.0000000000
55,5.8890000000,right_hand,14,0.4427683651,0.4827668667,-0.0185109563,1.0000000000
56,5.9970000000,right_hand,14,0.4439863861,0.4846595228,-0.0198518876,1.0000000000
57,6.1040000000,right_hand,14,0.4433745146,0.4838481247,-0.0201687273,1.0000000000
58,6.2110000000,right_hand,14,0.4446415901,0.4877640605,-0.0178112183,1.0000000000
59,6.3180000000,right_hand,14,0.4443421066,0.4844358563,-0.0165053345,1.0000000000
60,6.4250000000,right_hand,14,0.4414050281,0.4834802449,-0.0197440833,1.0000000000
61,6.5320000000,right_hand,14,0.4442564845,0.4843384027,-0.0184944142,1.0000000000
62,6.6390000000,right_hand,14,0.4430582722,0.4912470579,-0.0143891665,1.0000000000
63,6.7460000000,right_hand,14,0.4418600599,0.4981557131,-0.0102839187,1.0000000000
64,6.8530000000,right_hand,14,0.4406618476,0.5050643682,-0.0061786710,1.0000000000
65,6.9600000000,right_hand,14,0.4381778240,0.5078493357,-0.0055158995,1.0000000000
66,7.0670000000,right_hand,14,0.4380555153,0.5088064671,-0.0094579281,1.0000000000
67,7.1740000000,right_hand,14,0.4332460165,0.5119722486,-0.0119754625,1.0000000000
68,7.2820000000,right_hand,14,0.4324342012,0.5147753954,-0.0127903093,1.0000000000
69,7.3890000000,right_hand,14,0.4346454144,0.5116354227,-0.0135133099,1.0000000000
70,7.4960000000,right_hand,14,0.4389538169,0.5164261460,-0.0072216745,1.0000000000
71,7.6030000000,right_hand,14,0.4444265366,0.5116844773,-0.0119919823,1.0000000000
72,7.7100000000,right_hand,14,0.4481338263,0.5141968131,-0.0145768253,1.0000000000
73,7.8170000000,right_hand,14,0.4456774294,0.5095713139,-0.0048632924,1.0000000000
74,7.9240000000,right_hand,14,0.4479840100,0.4877115488,-0.0266828388,1.0000000000
75,8.0310000000,right_hand,14,0.4494778812,0.4941388071,-0.0216269307,1.0000000000
76,8.1380000000,right_hand,14,0.4488236904,0.4884615541,-0.0189074986,1.0000000000
77,8.2450000000,right_hand,14,0.4507622719,0.4883184135,-0.0170645211,1.0000000000
78,8.3520000000,right_hand,14,0.4499922097,0.4880910516,-0.0171852205,1.0000000000
79,8.4590000000,right_hand,14,0.4499686956,0.4876503050,-0.0191100277,1.0000000000
80,8.5660000000,right_hand,14,0.4504861236,0.4888083637,-0.0222111773,1.0000000000
81,8.6740000000,right_hand,14,0.4516248703,0.4891109169,-0.0207465012,1.0000000000
82,8.7810000000,right_hand,14,0.4502151310,0.4859993160,-0.0213338640,1.0000000000
83,8.8880000000,right_hand,14,0.4476426840,0.4868450165,-0.0205930006,1.0000000000
84,8.9950000000,right_hand,14,0.4515866935,0.4898840785,-0.0203719642,1.0000000000
85,9.1020000000,right_hand,14,0.4506486654,0.4911551774,-0.0219458304,1.0000000000
86,9.2090000000,right_hand,14,0.4509790838,0.4895541370,-0.0229307543,1.0000000000
87,9.3160000000,right_hand,14,0.4498251379,0.4851377308,-0.0218592770,1.0000000000
88,9.4230000000,right_hand,14,0.4508335292,0.4826123416,-0.0197010264,1.0000000000
89,9.5300000000,right_hand,14,0.4504257441,0.4803921282,-0.0211848374,1.0000000000
90,9.6370000000,right_hand,14,0.4524603188,0.4851083755,-0.0219058655,1.0000000000
91,9.7440000000,right_hand,14,0.4473478496,0.4812281132,-0.0195675325,1.0000000000
92,9.8510000000,right_hand,14,0.4489781857,0.4861689508,-0.0169674791,1.0000000000
93,9.9590000000,right_hand,14,0.4514552653,0.4788987935,-0.0166779682,1.0000000000
94,10.0660000000,right_hand,14,0.4504624605,0.4820796847,-0.0225797836,1.0000000000
95,10.1730000000,right_hand,14,0.4506101012,0.4840373397,-0.0208941083,1.0000000000
96,10.2800000000,right_hand,14,0.4495671988,0.4809265733,-0.0180095434,1.0000000000
97,10.3870000000,right_hand,14,0.4523019791,0.4843797982,-0.0162034649,1.0000000000
98,10.4940000000,right_hand,14,0.4531185031,0.4859994948,-0.0185886100,1.0000000000
99,10.6010000000,right_hand,14,0.4494556189,0.4816547632,-0.0181849673,1.0000000000
100,10.7080000000,right_hand,14,0.4550321400,0.4805424511,-0.0164208245,1.0000000000
101,10.8150000000,right_hand,14,0.4530116022,0.4838624001,-0.0177103858,1.0000000000
102,10.9220000000,right_hand,14,0.4541472793,0.4817169309,-0.0192967821,1.0000000000
103,11.0290000000,right_hand,14,0.4556750059,0.4791688621,-0.0153836003,1.0000000000
104,11.1360000000,right_hand,14,0.4542516470,0.4790247679,-0.0148805995,1.0000000000
105,11.2430000000,right_hand,14,0.4576972425,0.4799774885,-0.0198053196,1.0000000000
106,11.3510000000,right_hand,14,0.4531334937,0.4922382534,-0.0316669866,1.0000000000
107,11.4580000000,right_hand,14,0.4522138536,0.4909826318,-0.0301173981,1.0000000000
108,11.5650000000,right_hand,14,0.4512942135,0.4897270103,-0.0285678096,1.0000000000
109,11.6720000000,right_hand,14,0.4512942135,0.4897270103,-0.0285678096,1.0000000000
110,11.7790000000,right_hand,14,0.4494549334,0.4872157673,-0.0254686326,1.0000000000
111,11.8860000000,right_hand,14,0.4485352933,0.4859601458,-0.0239190441,1.0000000000
112,11.9930000000,right_hand,14,0.4476156533,0.4847045243,-0.0223694555,1.0000000000
47,5.0330000000,right_hand,15,0.4527115226,0.4669878185,-0.0148523171,1.0000000000
48,5.1400000000,right_hand,15,0.4501643777,0.4621740878,-0.0126570025,1.0000000000
49,5.2470000000,right_hand,15,0.4515049458,0.4616556466,-0.0136181582,1.0000000000
50,5.3540000000,right_hand,15,0.4512788653,0.4631759822,-0.0112342704,1.0000000000
51,5.4610000000,right_hand,15,0.4490191936,0.4637312889,-0.0125805940,1.0000000000
52,5.5680000000,right_hand,15,0.4499136209,0.4628484547,-0.0124079296,1.0000000000
53,5.6750000000,right_hand,15,0.4505079985,0.4637309015,-0.0130197657,1.0000000000
54,5.7820000000,right_hand,15,0.4500390887,0.4606281817,-0.0116620027,1.0000000000
55,5.8890000000,right_hand,15,0.4512484670,0.4599050879,-0.0121385260,1.0000000000
56,5.9970000000,right_hand,15,0.4530652761,0.4614301920,-0.0129222041,1.0000000000
57,6.1040000000,right_hand,15,0.4528023005,0.4610192478,-0.0148175023,1.0000000000
58,6.2110000000,right_hand,15,0.4540533423,0.4647281170,-0.0108244838,1.0000000000
59,6.3180000000,right_hand,15,0.4538580477,0.4620643258,-0.0103579871,1.0000000000
60,6.4250000000,right_hand,15,0.4524725378,0.4608702660,-0.0152424835,1.0000000000
61,6.5320000000,right_hand,15,0.4542703927,0.4621893466,-0.0123228356,1.0000000000
62,6.6390000000,right_hand,15,0.4517007073,0.4698321025,-0.0081430032,1.0000000000
63,6.7460000000,right_hand,15,0.4491310219,0.4774748584,-0.0039631708,1.0000000000
64,6.8530000000,right_hand,15,0.4465613365,0.4851176143,0.0002166616,1.0000000000
65,6.9600000000,right_hand,15,0.4467107654,0.4906624556,-0.0005119129,1.0000000000
66,7.0670000000,right_hand,15,0.4474283457,0.4892462492,-0.0058557186,1.0000000000
67,7.1740000000,right_hand,15,0.4437891245,0.4967522323,-0.0100141829,1.0000000000
68,7.2820000000,right_hand,15,0.4449864626,0.4992993176,-0.0110749742,1.0000000000
69,7.3890000000,right_hand,15,0.4451064169,0.4958261549,-0.0102729462,1.0000000000
70,7.4960000000,right_hand,15,0.4490871429,0.4985173941,-0.0067007337,1.0000000000
71,7.6030000000,right_hand,15,0.4502599239,0.4941332638,-0.0055995379,1.0000000000
72,7.7100000000,right_hand,15,0.4526700377,0.4917724133,-0.0067732609,1.0000000000
73,7.8170000000,right_hand,15,0.4526591599,0.4866289496,0.0006141687,1.0000000000
74,7.9240000000,right_hand,15,0.4567192197,0.4643687308,-0.0201081932,1.0000000000
75,8.0310000000,right_hand,15,0.4582958221,0.4708204269,-0.0156354178,1.0000000000
76,8.1380000000,right_hand,15,0.4591771066,0.4668399096,-0.0133406157,1.0000000000
77,8.2450000000,right_hand,15,0.4580157101,0.4656549990,-0.0101835132,1.0000000000
78,8.3520000000,right_hand,15,0.4589468539,0.4646447301,-0.0104835592,1.0000000000
79,8.4590000000,right_hand,15,0.4586222172,0.4645874798,-0.0142812068,1.0000000000
80,8.5660000000,right_hand,15,0.4594263732,0.4659546614,-0.0157042537,1.0000000000
81,8.6740000000,right_hand,15,0.4596478045,0.4651629627,-0.0140476609,1.0000000000
82,8.7810000000,right_hand,15,0.4588900805,0.4609494507,-0.0157961249,1.0000000000
83,8.8880000000,right_hand,15,0.4580231607,0.4633163810,-0.0152519504,1.0000000000
84,8.9950000000,right_hand,15,0.4592159390,0.4663967192,-0.0126836998,1.0000000000
85,9.1020000000,right_hand,15,0.4582105577,0.4659796059,-0.0153409876,1.0000000000
86,9.2090000000,right_hand,15,0.4601689577,0.4657451510,-0.0164029989,1.0000000000
87,9.3160000000,right_hand,15,0.4595194757,0.4615146816,-0.0151870865,1.0000000000
88,9.4230000000,right_hand,15,0.4599776566,0.4590843022,-0.0128750140,1.0000000000
89,9.5300000000,right_hand,15,0.4596227407,0.4581210315,-0.0144437198,1.0000000000
90,9.6370000000,right_hand,15,0.4606038928,0.4612351656,-0.0139913214,1.0000000000
91,9.7440000000,right_hand,15,0.4586659670,0.4582971931,-0.0148514807,1.0000000000
92,9.8510000000,right_hand,15,0.4583686590,0.4617753625,-0.0116063943,1.0000000000
93,9.9590000000,right_hand,15,0.4593717754,0.4546433985,-0.0115752686,1.0000000000
94,10.0660000000,right_hand,15,0.4590686858,0.4584106803,-0.0152356308,1.0000000000
95,10.1730000000,right_hand,15,0.4594639540,0.4604925513,-0.0144537371,1.0000000000
96,10.2800000000,right_hand,15,0.4589370489,0.4572507441,-0.0133825373,1.0000000000
97,10.3870000000,right_hand,15,0.4616053700,0.4631428421,-0.0098119229,1.0000000000
98,10.4940000000,right_hand,15,0.4601818621,0.4632506967,-0.0123421215,1.0000000000
99,10.6010000000,right_hand,15,0.4598318338,0.4572188556,-0.0138649074,1.0000000000
100,10.7080000000,right_hand,15,0.4619916677,0.4577485323,-0.0091836946,1.0000000000
101,10.8150000000,right_hand,15,0.4622939825,0.4603296220,-0.0128574213,1.0000000000
102,10.9220000000,right_hand,15,0.4631470442,0.4576620460,-0.0137487957,1.0000000000
103,11.0290000000,right_hand,15,0.4641487300,0.4569428861,-0.0093763014,1.0000000000
104,11.1360000000,right_hand,15,0.4629825056,0.4553760290,-0.0100013744,1.0000000000
105,11.2430000000,right_hand,15,0.4650369883,0.4558548927,-0.0134510892,1.0000000000
106,11.3510000000,right_hand,15,0.4541561007,0.4809425771,-0.0249790475,1.0000000000
107,11.4580000000,right_hand,15,0.4547111144,0.4775866518,-0.0238649485,1.0000000000
108,11.5650000000,right_hand,15,0.4552661280,0.4742307266,-0.0227508495,1.0000000000
109,11.6720000000,right_hand,15,0.4552661280,0.4742307266,-0.0227508495,1.0000000000
110,11.7790000000,right_hand,15,0.4563761552,0.4675188760,-0.0205226516,1.0000000000
111,11.8860000000,right_hand,15,0.4569311688,0.4641629507,-0.0194085526,1.0000000000
112,11.9930000000,right_hand,15,0.4574861825,0.4608070254,-0.0182944536,1.0000000000
47,5.0330000000,right_hand,16,0.4551014006,0.4496083558,-0.0084120277,1.0000000000
48,5.1400000000,right_hand,16,0.4526887536,0.4452535808,-0.0090690851,1.0000000000
49,5.2470000000,right_hand,16,0.4538701475,0.4447858036,-0.0073232464,1.0000000000
50,5.3540000000,right_hand,16,0.4528026283,0.4468275011,-0.0051017231,1.0000000000
51,5.4610000000,right_hand,16,0.4519133568,0.4477202594,-0.0090023503,1.0000000000
52,5.5680000000,right_hand,16,0.4517199397,0.4465984106,-0.0068327659,1.0000000000
53,5.6750000000,right_hand,16,0.4536764920,0.4475333095,-0.0077524963,1.0000000000
54,5.7820000000,right_hand,16,0.4533292353,0.4439098835,-0.0072071338,1.0000000000
55,5.8890000000,right_hand,16,0.4532576203,0.4431593418,-0.0065729651,1.0000000000
56,5.9970000000,right_hand,16,0.4553857148,0.4445055425,-0.0071158744,1.0000000000
57,6.1040000000,right_hand,16,0.4554129839,0.4444389045,-0.0101535488,1.0000000000
58,6.2110000000,right_hand,16,0.4569388926,0.4480094910,-0.0047466401,1.0000000000
59,6.3180000000,right_hand,16,0.4571404457,0.4454620779,-0.0051606707,1.0000000000
60,6.4250000000,right_hand,16,0.4565241635,0.4441475868,-0.0114141153,1.0000000000
61,6.5320000000,right_hand,16,0.4577641785,0.4458109438,-0.0066645127,1.0000000000
62,6.6390000000,right_hand,16,0.4532317321,0.4550142487,-0.0029899250,1.0000000000
63,6.7460000000,right_hand,16,0.4486992856,0.4642175535,0.0006846627,1.0000000000
64,6.8530000000,right_hand,16,0.4441668391,0.4734208584,0.0043592504,1.0000000000
65,6.9600000000,right_hand,16,0.4468584061,0.4790245593,0.0026357784,1.0000000000
66,7.0670000000,right_hand,16,0.4483478069,0.4761324227,-0.0033874477,1.0000000000
67,7.1740000000,right_hand,16,0.4477220178,0.4862391055,-0.0087389080,1.0000000000
68,7.2820000000,right_hand,16,0.4509677291,0.4883540273,-0.0097839283,1.0000000000
69,7.3890000000,right_hand,16,0.4494592249,0.4848224521,-0.0079504633,1.0000000000
70,7.4960000000,right_hand,16,0.4523221850,0.4842373133,-0.0062839305,1.0000000000
71,7.6030000000,right_hand,16,0.4494348764,0.4857125282,0.0002716794,1.0000000000
72,7.7100000000,right_hand,16,0.4499196708,0.4801435769,0.0004475768,1.0000000000
73,7.8170000000,right_hand,16,0.4515374303,0.4707175195,0.0047267964,1.0000000000
74,7.9240000000,right_hand,16,0.4578959644,0.4471242130,-0.0141390692,1.0000000000
75,8.0310000000,right_hand,16,0.4602595270,0.4532540441,-0.0109269796,1.0000000000
76,8.1380000000,right_hand,16,0.4624380767,0.4494509399,-0.0084603420,1.0000000000
77,8.2450000000,right_hand,16,0.4584804475,0.4501430690,-0.0045106946,1.0000000000
78,8.3520000000,right_hand,16,0.4610046744,0.4475873709,-0.0048292307,1.0000000000
79,8.4590000000,right_hand,16,0.4607395828,0.4476939440,-0.0099158585,1.0000000000
80,8.5660000000,right_hand,16,0.4614904821,0.4494843185,-0.0099713141,1.0000000000
81,8.6740000000,right_hand,16,0.4609095156,0.4487088919,-0.0084587783,1.0000000000
82,8.7810000000,right_hand,16,0.4612746835,0.4431844950,-0.0108596543,1.0000000000
83,8.8880000000,right_hand,16,0.4617114067,0.4459154904,-0.0105062239,1.0000000000
84,8.9950000000,right_hand,16,0.4601916373,0.4499235749,-0.0061638127,1.0000000000
85,9.1020000000,right_hand,16,0.4590224624,0.4474617243,-0.0105139958,1.0000000000
86,9.2090000000,right_hand,16,0.4618606865,0.4480857551,-0.0108742900,1.0000000000
87,9.3160000000,right_hand,16,0.4625997841,0.4443349242,-0.0096341884,1.0000000000
88,9.4230000000,right_hand,16,0.4625745118,0.4418388605,-0.0069297650,1.0000000000
89,9.5300000000,right_hand,16,0.4624403715,0.4417053759,-0.0084698368,1.0000000000
90,9.6370000000,right_hand,16,0.4616968632,0.4443791509,-0.0075488081,1.0000000000
91,9.7440000000,right_hand,16,0.4629848599,0.4404332042,-0.0109507777,1.0000000000
92,9.8510000000,right_hand,16,0.4609536231,0.4434368312,-0.0073927529,1.0000000000
93,9.9590000000,right_hand,16,0.4606306553,0.4375998378,-0.0070573045,1.0000000000
94,10.0660000000,right_hand,16,0.4611384273,0.4423054159,-0.0087444773,1.0000000000
95,10.1730000000,right_hand,16,0.4614674747,0.4433020353,-0.0088437004,1.0000000000
96,10.2800000000,right_hand,16,0.4614705145,0.4395674169,-0.0096479626,1.0000000000
97,10.3870000000,right_hand,16,0.4640799463,0.4477192163,-0.0045447401,1.0000000000
98,10.4940000000,right_hand,16,0.4611628652,0.4461345673,-0.0075100632,1.0000000000
99,10.6010000000,right_hand,16,0.4635645449,0.4389517009,-0.0101813190,1.0000000000
100,10.7080000000,right_hand,16,0.4627538025,0.4424053133,-0.0034140679,1.0000000000
101,10.8150000000,right_hand,16,0.4644887149,0.4430581927,-0.0090970397,1.0000000000
102,10.9220000000,right_hand,16,0.4651857615,0.4402355850,-0.0094284900,1.0000000000
103,11.0290000000,right_hand,16,0.4661903381,0.4413030446,-0.0045233550,1.0000000000
104,11.1360000000,right_hand,16,0.4650300145,0.4381287992,-0.0056168484,1.0000000000
105,11.2430000000,right_hand,16,0.4656425714,0.4391786456,-0.0079582147,1.0000000000
106,11.3510000000,right_hand,16,0.4457888603,0.4803323448,-0.0193925891,1.0000000000
107,11.4580000000,right_hand,16,0.4483449757,0.4742426227,-0.0184247807,1.0000000000
108,11.5650000000,right_hand,16,0.4509010911,0.4681529005,-0.0174569724,1.0000000000
109,11.6720000000,right_hand,16,0.4509010911,0.4681529005,-0.0174569724,1.0000000000
110,11.7790000000,right_hand,16,0.4560133219,0.4559734563,-0.0155213556,1.0000000000
111,11.8860000000,right_hand,16,0.4585694373,0.4498837342,-0.0145535472,1.0000000000
112,11.9930000000,right_hand,16,0.4611255527,0.4437940121,-0.0135857388,1.0000000000
47,5.0330000000,right_hand,17,0.4097464681,0.5525093675,-0.0173267834,1.0000000000
48,5.1400000000,right_hand,17,0.4106869698,0.5496994257,-0.0146221481,1.0000000000
49,5.2470000000,right_hand,17,0.4094276726,0.5508666635,-0.0163215920,1.0000000000
50,5.3540000000,right_hand,17,0.4106714725,0.5510685444,-0.0147808911,1.0000000000
51,5.4610000000,right_hand,17,0.4068893492,0.5493186712,-0.0149708213,1.0000000000
52,5.5680000000,right_hand,17,0.4082147777,0.5489765406,-0.0158157796,1.0000000000
53,5.6750000000,right_hand,17,0.4063356221,0.5478377938,-0.0160290841,1.0000000000
54,5.7820000000,right_hand,17,0.4080017507,0.5430300832,-0.0144155584,1.0000000000
55,5.8890000000,right_hand,17,0.4098072946,0.5449796915,-0.0149374250,1.0000000000
56,5.9970000000,right_hand,17,0.4106744826,0.5460826159,-0.0164777599,1.0000000000
57,6.1040000000,right_hand,17,0.4097871184,0.5456324220,-0.0165143702,1.0000000000
58,6.2110000000,right_hand,17,0.4115023315,0.5491626263,-0.0141949914,1.0000000000
59,6.3180000000,right_hand,17,0.4112707078,0.5471413732,-0.0139733246,1.0000000000
60,6.4250000000,right_hand,17,0.4079588652,0.5459651351,-0.0169540588,1.0000000000
61,6.5320000000,right_hand,17,0.4113253653,0.5465744734,-0.0148790712,1.0000000000
62,6.6390000000,right_hand,17,0.4108799100,0.5469964743,-0.0109635845,1.0000000000
63,6.7460000000,right_hand,17,0.4104344547,0.5474184752,-0.0070480979,1.0000000000
64,6.8530000000,right_hand,17,0.4099889994,0.5478404760,-0.0031326113,1.0000000000
65,6.9600000000,right_hand,17,0.4084652364,0.5467200279,-0.0061945068,1.0000000000
66,7.0670000000,right_hand,17,0.4081618190,0.5458864570,-0.0084154559,1.0000000000
67,7.1740000000,right_hand,17,0.4046958685,0.5446419120,-0.0097038373,1.0000000000
68,7.2820000000,right_hand,17,0.4055517912,0.5463917851,-0.0108884051,1.0000000000
69,7.3890000000,right_hand,17,0.4067226648,0.5459663868,-0.0110001815,1.0000000000
70,7.4960000000,right_hand,17,0.4076629281,0.5488168597,-0.0080307359,1.0000000000
71,7.6030000000,right_hand,17,0.4103176892,0.5507013798,-0.0099756336,1.0000000000
72,7.7100000000,right_hand,17,0.4135481119,0.5537003875,-0.0103662610,1.0000000000
73,7.8170000000,right_hand,17,0.4137182832,0.5499249101,-0.0015672341,1.0000000000
74,7.9240000000,right_hand,17,0.4133070111,0.5480521917,-0.0219717696,1.0000000000
75,8.0310000000,right_hand,17,0.4152033925,0.5513877869,-0.0189815164,1.0000000000
76,8.1380000000,right_hand,17,0.4154821336,0.5482996702,-0.0148707069,1.0000000000
77,8.2450000000,right_hand,17,0.4171889126,0.5482101440,-0.0146117089,1.0000000000
78,8.3520000000,right_hand,17,0.4157418311,0.5496609807,-0.0142788608,1.0000000000
79,8.4590000000,right_hand,17,0.4180315435,0.5506336093,-0.0162161347,1.0000000000
80,8.5660000000,right_hand,17,0.4165351093,0.5496202707,-0.0183338430,1.0000000000
81,8.6740000000,right_hand,17,0.4173612297,0.5515450239,-0.0172120221,1.0000000000
82,8.7810000000,right_hand,17,0.4187524021,0.5518692732,-0.0170606114,1.0000000000
83,8.8880000000,right_hand,17,0.4153955579,0.5503650308,-0.0163279437,1.0000000000
84,8.9950000000,right_hand,17,0.4164385498,0.5500797629,-0.0177102219,1.0000000000
85,9.1020000000,right_hand,17,0.4177020788,0.5521806479,-0.0190198552,1.0000000000
86,9.2090000000,right_hand,17,0.4173966944,0.5497826934,-0.0188267678,1.0000000000
87,9.3160000000,right_hand,17,0.4170707166,0.5482823253,-0.0180530846,1.0000000000
88,9.4230000000,right_hand,17,0.4182509780,0.5447326899,-0.0154554965,1.0000000000
89,9.5300000000,right_hand,17,0.4189938605,0.5438055396,-0.0163823497,1.0000000000
90,9.6370000000,right_hand,17,0.4193457961,0.5478584170,-0.0185193811,1.0000000000
91,9.7440000000,right_hand,17,0.4159871042,0.5447158217,-0.0161229689,1.0000000000
92,9.8510000000,right_hand,17,0.4163893163,0.5446816683,-0.0140550230,1.0000000000
93,9.9590000000,right_hand,17,0.4196008146,0.5433961153,-0.0134872869,1.0000000000
94,10.0660000000,right_hand,17,0.4177998602,0.5476448536,-0.0181466024,1.0000000000
95,10.1730000000,right_hand,17,0.4177806675,0.5466129184,-0.0176776722,1.0000000000
96,10.2800000000,right_hand,17,0.4177413881,0.5434402227,-0.0154265165,1.0000000000
97,10.3870000000,right_hand,17,0.4183502793,0.5447496176,-0.0139851151,1.0000000000
98,10.4940000000,right_hand,17,0.4205823541,0.5460283160,-0.0168812927,1.0000000000
99,10.6010000000,right_hand,17,0.4179680049,0.5455661416,-0.0152111761,1.0000000000
100,10.7080000000,right_hand,17,0.4222144783,0.5398650765,-0.0145169497,1.0000000000
101,10.8150000000,right_hand,17,0.4197847247,0.5424788594,-0.0155741414,1.0000000000
102,10.9220000000,right_hand,17,0.4212332964,0.5417711139,-0.0164840184,1.0000000000
103,11.0290000000,right_hand,17,0.4240959883,0.5406537056,-0.0133304531,1.0000000000
104,11.1360000000,right_hand,17,0.4218886793,0.5413803458,-0.0113118999,1.0000000000
105,11.2430000000,right_hand,17,0.4242448509,0.5455286503,-0.0164339840,1.0000000000
106,11.3510000000,right_hand,17,0.4207501113,0.5492351651,-0.0233307220,1.0000000000
107,11.4580000000,right_hand,17,0.4202891191,0.5473861297,-0.0220830875,1.0000000000
108,11.5650000000,right_hand,17,0.4198281268,0.5455370943,-0.0208354530,1.0000000000
109,11.6720000000,right_hand,17,0.4198281268,0.5455370943,-0.0208354530,1.0000000000
110,11.7790000000,right_hand,17,0.4189061423,0.5418390234,-0.0183401840,1.0000000000
111,11.8860000000,right_hand,17,0.4184451501,0.5399899880,-0.0170925496,1.0000000000
112,11.9930000000,right_hand,17,0.4179841578,0.5381409526,-0.0158449151,1.0000000000
47,5.0330000000,right_hand,18,0.4385143220,0.5316361189,-0.0173898004,1.0000000000
48,5.1400000000,right_hand,18,0.4362618625,0.5277327895,-0.0148279173,1.0000000000
49,5.2470000000,right_hand,18,0.4384152889,0.5280395746,-0.0162189454,1.0000000000
50,5.3540000000,right_hand,18,0.4400216341,0.5278121233,-0.0138661228,1.0000000000
51,5.4610000000,right_hand,18,0.4340215921,0.5286871791,-0.0150237903,1.0000000000
52,5.5680000000,right_hand,18,0.4369895458,0.5256449580,-0.0153771127,1.0000000000
53,5.6750000000,right_hand,18,0.4352402687,0.5265759826,-0.0154246259,1.0000000000
54,5.7820000000,right_hand,18,0.4350404739,0.5237572193,-0.0139197484,1.0000000000
55,5.8890000000,right_hand,18,0.4383438230,0.5236289501,-0.0146966511,1.0000000000
56,5.9970000000,right_hand,18,0.4402352273,0.5255633593,-0.0159580614,1.0000000000
57,6.1040000000,right_hand,18,0.4390478730,0.5250195265,-0.0166415069,1.0000000000
58,6.2110000000,right_hand,18,0.4403949976,0.5279644728,-0.0133615853,1.0000000000
59,6.3180000000,right_hand,18,0.4395216703,0.5246487260,-0.0132752461,1.0000000000
60,6.4250000000,right_hand,18,0.4374395609,0.5269434452,-0.0171713047,1.0000000000
61,6.5320000000,right_hand,18,0.4400825202,0.5243142843,-0.0144096827,1.0000000000
62,6.6390000000,right_hand,18,0.4388181766,0.5288407803,-0.0098561195,1.0000000000
63,6.7460000000,right_hand,18,0.4375538329,0.5333672762,-0.0053025564,1.0000000000
64,6.8530000000,right_hand,18,0.4362894893,0.5378937721,-0.0007489932,1.0000000000
65,6.9600000000,right_hand,18,0.4330345094,0.5387561321,-0.0042364639,1.0000000000
66,7.0670000000,right_hand,18,0.4336783290,0.5382890105,-0.0083315345,1.0000000000
67,7.1740000000,right_hand,18,0.4285762608,0.5411824584,-0.0110169603,1.0000000000
68,7.2820000000,right_hand,18,0.4302193224,0.5403743982,-0.0136680081,1.0000000000
69,7.3890000000,right_hand,18,0.4310473204,0.5397433639,-0.0123506533,1.0000000000
70,7.4960000000,right_hand,18,0.4323027730,0.5405864716,-0.0087770727,1.0000000000
71,7.6030000000,right_hand,18,0.4383696616,0.5446484089,-0.0090474617,1.0000000000
72,7.7100000000,right_hand,18,0.4419804513,0.5482321978,-0.0093622999,1.0000000000
73,7.8170000000,right_hand,18,0.4401771426,0.5448797345,0.0007218824,1.0000000000
74,7.9240000000,right_hand,18,0.4440835714,0.5282535553,-0.0232468229,1.0000000000
75,8.0310000000,right_hand,18,0.4444311857,0.5340924263,-0.0190927330,1.0000000000
76,8.1380000000,right_hand,18,0.4429493546,0.5295674801,-0.0144119477,1.0000000000
77,8.2450000000,right_hand,18,0.4463024139,0.5283840895,-0.0128296632,1.0000000000
78,8.3520000000,right_hand,18,0.4447612762,0.5300452113,-0.0124911116,1.0000000000
79,8.4590000000,right_hand,18,0.4463704526,0.5261732936,-0.0166529957,1.0000000000
80,8.5660000000,right_hand,18,0.4456851780,0.5283594131,-0.0181268547,1.0000000000
81,8.6740000000,right_hand,18,0.4468935430,0.5301496387,-0.0165607035,1.0000000000
82,8.7810000000,right_hand,18,0.4471331835,0.5273361206,-0.0176953040,1.0000000000
83,8.8880000000,right_hand,18,0.4431687593,0.5268943310,-0.0169236120,1.0000000000
84,8.9950000000,right_hand,18,0.4470425248,0.5303085446,-0.0160204694,1.0000000000
85,9.1020000000,right_hand,18,0.4470461905,0.5343501568,-0.0182953104,1.0000000000
86,9.2090000000,right_hand,18,0.4468193650,0.5295987129,-0.0187074784,1.0000000000
87,9.3160000000,right_hand,18,0.4442634284,0.5276431441,-0.0183823276,1.0000000000
88,9.4230000000,right_hand,18,0.4461931884,0.5241914988,-0.0147201968,1.0000000000
89,9.5300000000,right_hand,18,0.4466402531,0.5206513405,-0.0159545783,1.0000000000
90,9.6370000000,right_hand,18,0.4486426115,0.5260130763,-0.0179767441,1.0000000000
91,9.7440000000,right_hand,18,0.4427416027,0.5236306787,-0.0165512748,1.0000000000
92,9.8510000000,right_hand,18,0.4440404177,0.5283830166,-0.0134111764,1.0000000000
93,9.9590000000,right_hand,18,0.4475899935,0.5206987858,-0.0133418916,1.0000000000
94,10.0660000000,right_hand,18,0.4468367994,0.5236311555,-0.0181684308,1.0000000000
95,10.1730000000,right_hand,18,0.4470919967,0.5237839222,-0.0173387937,1.0000000000
96,10.2800000000,right_hand,18,0.4461179972,0.5223501325,-0.0152603025,1.0000000000
97,10.3870000000,right_hand,18,0.4464871585,0.5248233080,-0.0125059010,1.0000000000
98,10.4940000000,right_hand,18,0.4503116608,0.5257827640,-0.0154472077,1.0000000000
99,10.6010000000,right_hand,18,0.4439605176,0.5235581994,-0.0155889457,1.0000000000
100,10.7080000000,right_hand,18,0.4504771531,0.5205446482,-0.0123690031,1.0000000000
101,10.8150000000,right_hand,18,0.4480609894,0.5246911049,-0.0152990855,1.0000000000
102,10.9220000000,right_hand,18,0.4485144019,0.5230505466,-0.0160424244,1.0000000000
103,11.0290000000,right_hand,18,0.4509536922,0.5207854509,-0.0119062355,1.0000000000
104,11.1360000000,right_hand,18,0.4498134851,0.5211775303,-0.0105233714,1.0000000000
105,11.2430000000,right_hand,18,0.4532950222,0.5209836960,-0.0156260300,1.0000000000
106,11.3510000000,right_hand,18,0.4500888288,0.5241761208,-0.0252740365,1.0000000000
107,11.4580000000,right_hand,18,0.4489673227,0.5234786073,-0.0242408800,1.0000000000
108,11.5650000000,right_hand,18,0.4478458166,0.5227810939,-0.0232077235,1.0000000000
109,11.6720000000,right_hand,18,0.4478458166,0.5227810939,-0.0232077235,1.0000000000
110,11.7790000000,right_hand,18,0.4456028044,0.5213860671,-0.0211414105,1.0000000000
111,11.8860000000,right_hand,18,0.4444812983,0.5206885537,-0.0201082540,1.0000000000
112,11.9930000000,right_hand,18,0.4433597922,0.5199910402,-0.0190750975,1.0000000000
47,5.0330000000,right_hand,19,0.4471205175,0.5144175291,-0.0116175553,1.0000000000
48,5.1400000000,right_hand,19,0.4454887211,0.5112623572,-0.0114323776,1.0000000000
49,5.2470000000,right_hand,19,0.4481404424,0.5098934174,-0.0110620307,1.0000000000
50,5.3540000000,right_hand,19,0.4474906623,0.5100072622,-0.0080859838,1.0000000000
51,5.4610000000,right_hand,19,0.4441648424,0.5125671029,-0.0119186267,1.0000000000
52,5.5680000000,right_hand,19,0.4456178546,0.5088266134,-0.0101775518,1.0000000000
53,5.6750000000,right_hand,19,0.4459879994,0.5111987591,-0.0107978461,1.0000000000
54,5.7820000000,right_hand,19,0.4456234574,0.5097619295,-0.0098186666,1.0000000000
55,5.8890000000,right_hand,19,0.4461427927,0.5076363683,-0.0093477415,1.0000000000
56,5.9970000000,right_hand,19,0.4489604831,0.5083848238,-0.0105980812,1.0000000000
57,6.1040000000,right_hand,19,0.4480620623,0.5075396895,-0.0122631090,1.0000000000
58,6.2110000000,right_hand,19,0.4492243826,0.5112926960,-0.0076506622,1.0000000000
59,6.3180000000,right_hand,19,0.4484077096,0.5087629557,-0.0080990586,1.0000000000
60,6.4250000000,right_hand,19,0.4481576681,0.5130338073,-0.0135778151,1.0000000000
61,6.5320000000,right_hand,19,0.4498771429,0.5074656606,-0.0092547936,1.0000000000
62,6.6390000000,right_hand,19,0.4478854338,0.5126044949,-0.0049395294,1.0000000000
63,6.7460000000,right_hand,19,0.4458937248,0.5177433292,-0.0006242652,1.0000000000
64,6.8530000000,right_hand,19,0.4439020157,0.5228821635,0.0036909990,1.0000000000
65,6.9600000000,right_hand,19,0.4425810874,0.5272986293,-0.0005979839,1.0000000000
66,7.0670000000,right_hand,19,0.4434739351,0.5248989463,-0.0058345343,1.0000000000
67,7.1740000000,right_hand,19,0.4400622547,0.5319387317,-0.0097244922,1.0000000000
68,7.2820000000,right_hand,19,0.4423096180,0.5301513076,-0.0129484711,1.0000000000
69,7.3890000000,right_hand,19,0.4421988130,0.5296964049,-0.0100102331,1.0000000000
70,7.4960000000,right_hand,19,0.4444882572,0.5313396454,-0.0080320071,1.0000000000
71,7.6030000000,right_hand,19,0.4473728836,0.5312511921,-0.0042113061,1.0000000000
72,7.7100000000,right_hand,19,0.4499605894,0.5318306684,-0.0036948128,1.0000000000
73,7.8170000000,right_hand,19,0.4489311874,0.5288808346,0.0045225066,1.0000000000
74,7.9240000000,right_hand,19,0.4525981843,0.5121606588,-0.0180952847,1.0000000000
75,8.0310000000,right_hand,19,0.4529559016,0.5182665586,-0.0142920986,1.0000000000
76,8.1380000000,right_hand,19,0.4529326558,0.5138069987,-0.0100890212,1.0000000000
77,8.2450000000,right_hand,19,0.4525027275,0.5127263069,-0.0068869162,1.0000000000
78,8.3520000000,right_hand,19,0.4529139996,0.5130868554,-0.0068599675,1.0000000000
79,8.4590000000,right_hand,19,0.4534904361,0.5094580650,-0.0118698794,1.0000000000
80,8.5660000000,right_hand,19,0.4536805749,0.5107564330,-0.0128126740,1.0000000000
81,8.6740000000,right_hand,19,0.4541858435,0.5121301413,-0.0111571038,1.0000000000
82,8.7810000000,right_hand,19,0.4549337327,0.5090317726,-0.0130410558,1.0000000000
83,8.8880000000,right_hand,19,0.4529269338,0.5106633306,-0.0124999546,1.0000000000
84,8.9950000000,right_hand,19,0.4540684819,0.5140520334,-0.0093105137,1.0000000000
85,9.1020000000,right_hand,19,0.4540420473,0.5177226067,-0.0132981483,1.0000000000
86,9.2090000000,right_hand,19,0.4558405876,0.5118746161,-0.0137102706,1.0000000000
87,9.3160000000,right_hand,19,0.4547405839,0.5112655163,-0.0140052326,1.0000000000
88,9.4230000000,right_hand,19,0.4551222622,0.5076277852,-0.0095691336,1.0000000000
89,9.5300000000,right_hand,19,0.4554432333,0.5044724345,-0.0103718899,1.0000000000
90,9.6370000000,right_hand,19,0.4561328888,0.5077686310,-0.0121132499,1.0000000000
91,9.7440000000,right_hand,19,0.4541778862,0.5087627172,-0.0131648853,1.0000000000
92,9.8510000000,right_hand,19,0.4546825290,0.5132423043,-0.0098719783,1.0000000000
93,9.9590000000,right_hand,19,0.4549176693,0.5046973825,-0.0089895464,1.0000000000
94,10.0660000000,right_hand,19,0.4550385773,0.5063489079,-0.0123895146,1.0000000000
95,10.1730000000,right_hand,19,0.4553676248,0.5066353083,-0.0117748501,1.0000000000
96,10.2800000000,right_hand,19,0.4552015066,0.5073955059,-0.0113716340,1.0000000000
97,10.3870000000,right_hand,19,0.4553031325,0.5092657804,-0.0071491860,1.0000000000
98,10.4940000000,right_hand,19,0.4561254680,0.5100540519,-0.0095776757,1.0000000000
99,10.6010000000,right_hand,19,0.4540767670,0.5071712732,-0.0118835028,1.0000000000
100,10.7080000000,right_hand,19,0.4580877423,0.5032317042,-0.0065562809,1.0000000000
101,10.8150000000,right_hand,19,0.4572617412,0.5073349476,-0.0116037615,1.0000000000
102,10.9220000000,right_hand,19,0.4582366645,0.5077313185,-0.0120750461,1.0000000000
103,11.0290000000,right_hand,19,0.4595624804,0.5063499212,-0.0070096045,1.0000000000
104,11.1360000000,right_hand,19,0.4592592418,0.5068858862,-0.0063804514,1.0000000000
105,11.2430000000,right_hand,19,0.4598616660,0.5035519600,-0.0101775406,1.0000000000
106,11.3510000000,right_hand,19,0.4537438154,0.5129064322,-0.0209710021,1.0000000000
107,11.4580000000,right_hand,19,0.4538395405,0.5114845236,-0.0201800540,1.0000000000
108,11.5650000000,right_hand,19,0.4539352655,0.5100626151,-0.0193891060,1.0000000000
109,11.6720000000,right_hand,19,0.4539352655,0.5100626151,-0.0193891060,1.0000000000
110,11.7790000000,right_hand,19,0.4541267157,0.5072187980,-0.0178072099,1.0000000000
111,11.8860000000,right_hand,19,0.4542224407,0.5057968895,-0.0170162618,1.0000000000
112,11.9930000000,right_hand,19,0.4543181658,0.5043749809,-0.0162253138,1.0000000000
47,5.0330000000,right_hand,20,0.4492523074,0.5012777448,-0.0060145445,1.0000000000
48,5.1400000000,right_hand,20,0.4487167299,0.4975411296,-0.0081349630,1.0000000000
49,5.2470000000,right_hand,20,0.4516002536,0.4956292212,-0.0060010506,1.0000000000
50,5.3540000000,right_hand,20,0.4481306374,0.4973426461,-0.0027216470,1.0000000000
51,5.4610000000,right_hand,20,0.4480322897,0.4994907379,-0.0089553772,1.0000000000
52,5.5680000000,right_hand,20,0.4477900863,0.4963225722,-0.0052289413,1.0000000000
53,5.6750000000,right_hand,20,0.4503714144,0.4991911650,-0.0064556203,1.0000000000
54,5.7820000000,right_hand,20,0.4504798353,0.4981622696,-0.0059386622,1.0000000000
55,5.8890000000,right_hand,20,0.4475129843,0.4956979156,-0.0042712195,1.0000000000
56,5.9970000000,right_hand,20,0.4509333372,0.4944620728,-0.0055795969,1.0000000000
57,6.1040000000,right_hand,20,0.4506770372,0.4932465851,-0.0080579165,1.0000000000
58,6.2110000000,right_hand,20,0.4517161548,0.4984829128,-0.0022768816,1.0000000000
59,6.3180000000,right_hand,20,0.4514322579,0.4963474870,-0.0032579012,1.0000000000
60,6.4250000000,right_hand,20,0.4526736140,0.5016749501,-0.0101373261,1.0000000000
61,6.5320000000,right_hand,20,0.4535392225,0.4941804707,-0.0042516221,1.0000000000
62,6.6390000000,right_hand,20,0.4503428936,0.5004906257,-0.0003698515,1.0000000000
63,6.7460000000,right_hand,20,0.4471465647,0.5068007807,0.0035119192,1.0000000000
64,6.8530000000,right_hand,20,0.4439502358,0.5131109357,0.0073936898,1.0000000000
65,6.9600000000,right_hand,20,0.4452544749,0.5180974007,0.0025470187,1.0000000000
66,7.0670000000,right_hand,20,0.4459395707,0.5144739151,-0.0032921045,1.0000000000
67,7.1740000000,right_hand,20,0.4460089207,0.5242360830,-0.0082134837,1.0000000000
68,7.2820000000,right_hand,20,0.4491261840,0.5215806365,-0.0116864629,1.0000000000
69,7.3890000000,right_hand,20,0.4483210742,0.5209820867,-0.0075306068,1.0000000000
70,7.4960000000,right_hand,20,0.4514416158,0.5226652026,-0.0070592514,1.0000000000
71,7.6030000000,right_hand,20,0.4492119253,0.5221251845,0.0007565178,1.0000000000
72,7.7100000000,right_hand,20,0.4500847459,0.5210285783,0.0020869868,1.0000000000
73,7.8170000000,right_hand,20,0.4498756230,0.5146458149,0.0080483258,1.0000000000
74,7.9240000000,right_hand,20,0.4533640742,0.4991984367,-0.0129129775,1.0000000000
75,8.0310000000,right_hand,20,0.4549413025,0.5047451258,-0.0099350279,1.0000000000
76,8.1380000000,right_hand,20,0.4566302896,0.5000116229,-0.0060090614,1.0000000000
77,8.2450000000,right_hand,20,0.4521141350,0.5020434856,-0.0017096516,1.0000000000
78,8.3520000000,right_hand,20,0.4547112584,0.4992561638,-0.0018728201,1.0000000000
79,8.4590000000,right_hand,20,0.4543324113,0.4975337982,-0.0073103188,1.0000000000
80,8.5660000000,right_hand,20,0.4549476504,0.4968533814,-0.0078341216,1.0000000000
81,8.6740000000,right_hand,20,0.4547426999,0.4983133674,-0.0062401770,1.0000000000
82,8.7810000000,right_hand,20,0.4562469423,0.4957112074,-0.0084580332,1.0000000000
83,8.8880000000,right_hand,20,0.4567146003,0.4977281392,-0.0080689751,1.0000000000
84,8.9950000000,right_hand,20,0.4543752670,0.5022757053,-0.0034032448,1.0000000000
85,9.1020000000,right_hand,20,0.4543575048,0.5043564439,-0.0090372115,1.0000000000
86,9.2090000000,right_hand,20,0.4579107165,0.4968001842,-0.0089856312,1.0000000000
87,9.3160000000,right_hand,20,0.4593781531,0.4974216819,-0.0096206395,1.0000000000
88,9.4230000000,right_hand,20,0.4578130841,0.4943138361,-0.0046739313,1.0000000000
89,9.5300000000,right_hand,20,0.4580378234,0.4920957386,-0.0050903908,1.0000000000
90,9.6370000000,right_hand,20,0.4566272497,0.4931947589,-0.0066555981,1.0000000000
91,9.7440000000,right_hand,20,0.4601336420,0.4955929518,-0.0097743366,1.0000000000
92,9.8510000000,right_hand,20,0.4595157802,0.5001186132,-0.0065506501,1.0000000000
93,9.9590000000,right_hand,20,0.4560641646,0.4936356843,-0.0048025073,1.0000000000
94,10.0660000000,right_hand,20,0.4566478729,0.4939824641,-0.0068251807,1.0000000000
95,10.1730000000,right_hand,20,0.4571014047,0.4930931926,-0.0065239449,1.0000000000
96,10.2800000000,right_hand,20,0.4579598010,0.4952411950,-0.0077434485,1.0000000000
97,10.3870000000,right_hand,20,0.4580256939,0.4969838560,-0.0023412544,1.0000000000
98,10.4940000000,right_hand,20,0.4555157423,0.4983195662,-0.0045970213,1.0000000000
99,10.6010000000,right_hand,20,0.4586708844,0.4942257404,-0.0082166465,1.0000000000
100,10.7080000000,right_hand,20,0.4593374133,0.4900817871,-0.0014137697,1.0000000000
101,10.8150000000,right_hand,20,0.4600903392,0.4921769202,-0.0082356306,1.0000000000
102,10.9220000000,right_hand,20,0.4622769952,0.4949924648,-0.0084266700,1.0000000000
103,11.0290000000,right_hand,20,0.4621833563,0.4955680072,-0.0026333684,1.0000000000
104,11.1360000000,right_hand,20,0.4626401365,0.4967880249,-0.0024521500,1.0000000000
105,11.2430000000,right_hand,20,0.4601441324,0.4907589257,-0.0052143531,1.0000000000
106,11.3510000000,right_hand,20,0.4481731951,0.5095987916,-0.0169595666,1.0000000000
107,11.4580000000,right_hand,20,0.4501171112,0.5065277119,-0.0161978565,1.0000000000
108,11.5650000000,right_hand,20,0.4520610273,0.5034566323,-0.0154361464,1.0000000000
109,11.6720000000,right_hand,20,0.4520610273,0.5034566323,-0.0154361464,1.0000000000
110,11.7790000000,right_hand,20,0.4559488595,0.4973144730,-0.0139127262,1.0000000000
111,11.8860000000,right_hand,20,0.4578927755,0.4942433933,-0.0131510161,1.0000000000
112,11.9930000000,right_hand,20,0.4598366916,0.4911723137,-0.0123893060,1.0000000000
