frame_id,timestamp_sec,landmark_type,landmark_id,x,y,z,visibility
59,5.0610000000,left_hand,0,0.3927663267,0.5836957693,0.0000002268,1.0000000000
60,5.1460000000,left_hand,0,0.6279260516,0.5594927669,0.0000000327,1.0000000000
61,5.2320000000,left_hand,0,0.6284347177,0.5649183989,0.0000000290,1.0000000000
62,5.3180000000,left_hand,0,0.6276130676,0.5648487806,0.0000000197,1.0000000000
63,5.4040000000,left_hand,0,0.6278179288,0.5614945292,0.0000000074,1.0000000000
64,5.4900000000,left_hand,0,0.6243723035,0.5607684255,0.0000000216,1.0000000000
65,5.5750000000,left_hand,0,0.6291197538,0.5672596693,-0.0000000165,1.0000000000
66,5.6610000000,left_hand,0,0.6325255036,0.5725861192,0.0000000620,1.0000000000
67,5.7470000000,left_hand,0,0.6370468140,0.5705934763,0.0000000002,1.0000000000
68,5.8330000000,left_hand,0,0.6409687400,0.5718851686,-0.0000000228,1.0000000000
69,5.9180000000,left_hand,0,0.6418429613,0.5655959845,-0.0000000256,1.0000000000
70,6.0040000000,left_hand,0,0.6430811286,0.5734896064,-0.0000000512,1.0000000000
71,6.0900000000,left_hand,0,0.6476280689,0.5643309355,-0.0000000653,1.0000000000
72,6.1760000000,left_hand,0,0.6476546526,0.5709081292,-0.0000000343,1.0000000000
73,6.2620000000,left_hand,0,0.6466729045,0.5716000199,-0.0000000282,1.0000000000
74,6.3470000000,left_hand,0,0.6475043297,0.5673701167,-0.0000000390,1.0000000000
75,6.4330000000,left_hand,0,0.6457570195,0.5711207390,-0.0000000354,1.0000000000
76,6.5190000000,left_hand,0,0.6475630999,0.5714605451,-0.0000000428,1.0000000000
77,6.6050000000,left_hand,0,0.6454354525,0.5698316693,-0.0000000430,1.0000000000
78,6.6900000000,left_hand,0,0.6452570558,0.5745882392,-0.0000000631,1.0000000000
79,6.7760000000,left_hand,0,0.6463410258,0.5686677694,-0.0000000537,1.0000000000
80,6.8620000000,left_hand,0,0.6464837790,0.5707713366,-0.0000000514,1.0000000000
81,6.9480000000,left_hand,0,0.6434231997,0.5691661835,-0.0000000623,1.0000000000
82,7.0340000000,left_hand,0,0.6412206292,0.5687011480,-0.0000000752,1.0000000000
83,7.1190000000,left_hand,0,0.6421240568,0.5668980479,-0.0000000784,1.0000000000
84,7.2050000000,left_hand,0,0.6443279386,0.5775666237,-0.0000000948,1.0000000000
85,7.2910000000,left_hand,0,0.6437885165,0.5695940256,-0.0000000576,1.0000000000
86,7.3770000000,left_hand,0,0.6412070990,0.5670956373,-0.0000000414,1.0000000000
87,7.4620000000,left_hand,0,0.6422394514,0.5633729696,-0.0000000602,1.0000000000
88,7.5480000000,left_hand,0,0.6442557573,0.5643559098,-0.0000000637,1.0000000000
89,7.6340000000,left_hand,0,0.6448136568,0.5617944598,-0.0000000721,1.0000000000
90,7.7200000000,left_hand,0,0.6487153769,0.5598899722,-0.0000000698,1.0000000000
91,7.8050000000,left_hand,0,0.6504588723,0.5657663345,-0.0000000079,1.0000000000
92,7.8910000000,left_hand,0,0.6530109048,0.5623503923,-0.0000000341,1.0000000000
93,7.9770000000,left_hand,0,0.6572721004,0.5696413517,-0.0000000975,1.0000000000
94,8.0630000000,left_hand,0,0.6523233652,0.5607106090,-0.0000000397,1.0000000000
95,8.1490000000,left_hand,0,0.6560597420,0.5619482994,-0.0000000429,1.0000000000
96,8.2340000000,left_hand,0,0.6558839679,0.5608257055,0.0000000229,1.0000000000
97,8.3200000000,left_hand,0,0.6542437673,0.5602270365,-0.0000000123,1.0000000000
98,8.4060000000,left_hand,0,0.6547152996,0.5632376075,-0.0000000040,1.0000000000
99,8.4920000000,left_hand,0,0.6559718251,0.5576221347,0.0000000089,1.0000000000
100,8.5770000000,left_hand,0,0.6542518139,0.5674767494,-0.0000000289,1.0000000000
101,8.6630000000,left_hand,0,0.6520105600,0.5648548603,-0.0000000566,1.0000000000
102,8.7490000000,left_hand,0,0.6514313221,0.5626896024,-0.0000000457,1.0000000000
103,8.8350000000,left_hand,0,0.6462444663,0.5656030178,-0.0000000385,1.0000000000
104,8.9210000000,left_hand,0,0.6376077533,0.5713901520,-0.0000000620,1.0000000000
105,9.0060000000,left_hand,0,0.6352095604,0.5701683760,-0.0000000670,1.0000000000
106,9.0920000000,left_hand,0,0.6328654289,0.5666003823,-0.0000000563,1.0000000000
107,9.1780000000,left_hand,0,0.6323552728,0.5646503568,-0.0000000656,1.0000000000
108,9.2640000000,left_hand,0,0.6382103562,0.5586307645,-0.0000000649,1.0000000000
109,9.3490000000,left_hand,0,0.6417967081,0.5654303432,-0.0000000822,1.0000000000
110,9.4350000000,left_hand,0,0.6465876698,0.5659216046,-0.0000000871,1.0000000000
111,9.5210000000,left_hand,0,0.6526398659,0.5537208915,-0.0000000650,1.0000000000
112,9.6070000000,left_hand,0,0.6607083082,0.5585030913,-0.0000000826,1.0000000000
113,9.6930000000,left_hand,0,0.6565010548,0.5562448502,0.0000000251,1.0000000000
114,9.7780000000,left_hand,0,0.6593036056,0.5594170094,0.0000000258,1.0000000000
115,9.8640000000,left_hand,0,0.6605803967,0.5643166304,0.0000000218,1.0000000000
116,9.9500000000,left_hand,0,0.6621969342,0.5604002476,-0.0000000070,1.0000000000
117,10.0360000000,left_hand,0,0.6594927907,0.5661894083,0.0000000200,1.0000000000
118,10.1210000000,left_hand,0,0.6618927121,0.5676962137,-0.0000000175,1.0000000000
119,10.2070000000,left_hand,0,0.6599424481,0.5675556660,-0.0000000220,1.0000000000
120,10.2930000000,left_hand,0,0.6609337330,0.5633148551,-0.0000000406,1.0000000000
121,10.3790000000,left_hand,0,0.6557027102,0.5527144074,0.0000000038,1.0000000000
122,10.4640000000,left_hand,0,0.6495821476,0.5551433563,-0.0000000006,1.0000000000
123,10.5500000000,left_hand,0,0.6467288136,0.5646072030,-0.0000000380,1.0000000000
124,10.6360000000,left_hand,0,0.6460511088,0.5622532964,-0.0000000328,1.0000000000
125,10.7220000000,left_hand,0,0.6448116302,0.5629697442,-0.0000000480,1.0000000000
126,10.8080000000,left_hand,0,0.6410317421,0.5629568696,-0.0000000400,1.0000000000
127,10.8930000000,left_hand,0,0.6361433864,0.5688326955,-0.0000000817,1.0000000000
128,10.9790000000,left_hand,0,0.6400412917,0.5658212900,-0.0000000719,1.0000000000
129,11.0650000000,left_hand,0,0.6391419768,0.5693785548,-0.0000000583,1.0000000000
130,11.1510000000,left_hand,0,0.6428250670,0.5691948533,-0.0000000852,1.0000000000
131,11.2360000000,left_hand,0,0.6464509964,0.5597987175,-0.0000000650,1.0000000000
132,11.3220000000,left_hand,0,0.6520235538,0.5617328882,-0.0000000383,1.0000000000
133,11.4080000000,left_hand,0,0.6545941234,0.5747903585,-0.0000000330,1.0000000000
134,11.4940000000,left_hand,0,0.6597650647,0.5789440274,-0.0000000510,1.0000000000
135,11.5800000000,left_hand,0,0.6612752676,0.5768417120,-0.0000001065,1.0000000000
136,11.6650000000,left_hand,0,0.6621753573,0.5810647011,-0.0000000797,1.0000000000
137,11.7510000000,left_hand,0,0.6618646979,0.5728106499,-0.0000000198,1.0000000000
138,11.8370000000,left_hand,0,0.6569885612,0.5720227957,0.0000001323,1.0000000000
139,11.9230000000,left_hand,0,0.6536924243,0.5710881352,-0.0000000528,1.0000000000
59,5.0610000000,left_hand,1,0.3993993700,0.5528832674,-0.0062523945,1.0000000000
60,5.1460000000,left_hand,1,0.6206492782,0.5292297006,-0.0035884818,1.0000000000
61,5.2320000000,left_hand,1,0.6206694841,0.5332369208,-0.0027788503,1.0000000000
62,5.3180000000,left_hand,1,0.6216698885,0.5334525108,0.0005812964,1.0000000000
63,5.4040000000,left_hand,1,0.6195095778,0.5297034383,-0.0010380510,1.0000000000
64,5.4900000000,left_hand,1,0.6136056781,0.5268819928,-0.0004624756,1.0000000000
65,5.5750000000,left_hand,1,0.6165924072,0.5348294377,-0.0009370972,1.0000000000
66,5.6610000000,left_hand,1,0.6240307093,0.5382667184,-0.0006636147,1.0000000000
67,5.7470000000,left_hand,1,0.6290341020,0.5348364115,-0.0002889177,1.0000000000
68,5.8330000000,left_hand,1,0.6343502402,0.5344157219,-0.0020240282,1.0000000000
69,5.9180000000,left_hand,1,0.6322119832,0.5260351896,-0.0028761758,1.0000000000
70,6.0040000000,left_hand,1,0.6320990920,0.5342955589,-0.0029123363,1.0000000000
71,6.0900000000,left_hand,1,0.6347771287,0.5271818638,-0.0012806283,1.0000000000
72,6.1760000000,left_hand,1,0.6375060678,0.5306740999,-0.0023465909,1.0000000000
73,6.2620000000,left_hand,1,0.6362510920,0.5355010629,-0.0062325289,1.0000000000
74,6.3470000000,left_hand,1,0.6356078386,0.5285792351,-0.0011206847,1.0000000000
75,6.4330000000,left_hand,1,0.6357674599,0.5313172340,-0.0014011561,1.0000000000
76,6.5190000000,left_hand,1,0.6374107003,0.5320317149,-0.0002228829,1.0000000000
77,6.6050000000,left_hand,1,0.6352620125,0.5301297903,0.0008836954,1.0000000000
78,6.6900000000,left_hand,1,0.6360882521,0.5347468853,0.0003592420,1.0000000000
79,6.7760000000,left_hand,1,0.6347395182,0.5305120945,0.0008213272,1.0000000000
80,6.8620000000,left_hand,1,0.6370670199,0.5291582942,0.0011930147,1.0000000000
81,6.9480000000,left_hand,1,0.6334070563,0.5286904573,0.0010581551,1.0000000000
82,7.0340000000,left_hand,1,0.6324843168,0.5274262428,-0.0002182571,1.0000000000
83,7.1190000000,left_hand,1,0.6304815412,0.5275654793,-0.0006508944,1.0000000000
84,7.2050000000,left_hand,1,0.6345500946,0.5374016762,0.0018849521,1.0000000000
85,7.2910000000,left_hand,1,0.6340960264,0.5295093060,0.0006446912,1.0000000000
86,7.3770000000,left_hand,1,0.6327078938,0.5270595551,0.0003040817,1.0000000000
87,7.4620000000,left_hand,1,0.6324335933,0.5251835585,-0.0007954878,1.0000000000
88,7.5480000000,left_hand,1,0.6345468163,0.5250216126,-0.0001946183,1.0000000000
89,7.6340000000,left_hand,1,0.6338064075,0.5240176916,-0.0028458827,1.0000000000
90,7.7200000000,left_hand,1,0.6402978897,0.5214108229,-0.0018501809,1.0000000000
91,7.8050000000,left_hand,1,0.6470700502,0.5362603664,-0.0102657331,1.0000000000
92,7.8910000000,left_hand,1,0.6468967199,0.5294928551,-0.0037487461,1.0000000000
93,7.9770000000,left_hand,1,0.6512727141,0.5349047184,-0.0036534991,1.0000000000
94,8.0630000000,left_hand,1,0.6484078765,0.5224884152,0.0004321133,1.0000000000
95,8.1490000000,left_hand,1,0.6524428129,0.5244474411,0.0008371578,1.0000000000
96,8.2340000000,left_hand,1,0.6522497535,0.5234950185,-0.0039620893,1.0000000000
97,8.3200000000,left_hand,1,0.6509669423,0.5250163674,-0.0025983215,1.0000000000
98,8.4060000000,left_hand,1,0.6521331072,0.5272668004,-0.0013137041,1.0000000000
99,8.4920000000,left_hand,1,0.6515952945,0.5194950104,-0.0026435303,1.0000000000
100,8.5770000000,left_hand,1,0.6509314179,0.5320044160,0.0003295071,1.0000000000
101,8.6630000000,left_hand,1,0.6450070739,0.5283187032,0.0004109264,1.0000000000
102,8.7490000000,left_hand,1,0.6427813768,0.5223808885,0.0007273347,1.0000000000
103,8.8350000000,left_hand,1,0.6355670094,0.5242698193,0.0016525015,1.0000000000
104,8.9210000000,left_hand,1,0.6302572489,0.5301844478,0.0006882459,1.0000000000
105,9.0060000000,left_hand,1,0.6254737377,0.5294105411,-0.0006816902,1.0000000000
106,9.0920000000,left_hand,1,0.6222757101,0.5256146789,-0.0007240755,1.0000000000
107,9.1780000000,left_hand,1,0.6223448515,0.5253756642,-0.0001153039,1.0000000000
108,9.2640000000,left_hand,1,0.6277742982,0.5205722451,-0.0018892997,1.0000000000
109,9.3490000000,left_hand,1,0.6317467093,0.5264749527,0.0005044420,1.0000000000
110,9.4350000000,left_hand,1,0.6383246183,0.5220627189,-0.0001748844,1.0000000000
111,9.5210000000,left_hand,1,0.6424039602,0.5126574039,-0.0004043527,1.0000000000
112,9.6070000000,left_hand,1,0.6512368321,0.5201365352,0.0005808457,1.0000000000
113,9.6930000000,left_hand,1,0.6495996118,0.5195343494,-0.0010662439,1.0000000000
114,9.7780000000,left_hand,1,0.6501111984,0.5160968900,-0.0006987029,1.0000000000
115,9.8640000000,left_hand,1,0.6518154144,0.5210788250,0.0002754851,1.0000000000
116,9.9500000000,left_hand,1,0.6531864405,0.5218818188,0.0003088810,1.0000000000
117,10.0360000000,left_hand,1,0.6519319415,0.5215826631,-0.0009483552,1.0000000000
118,10.1210000000,left_hand,1,0.6550612450,0.5279786587,0.0001913439,1.0000000000
119,10.2070000000,left_hand,1,0.6526806951,0.5241590142,-0.0003507332,1.0000000000
120,10.2930000000,left_hand,1,0.6532074213,0.5229734778,0.0005857032,1.0000000000
121,10.3790000000,left_hand,1,0.6462773681,0.5131031871,-0.0015381775,1.0000000000
122,10.4640000000,left_hand,1,0.6410557628,0.5141290426,-0.0021533894,1.0000000000
123,10.5500000000,left_hand,1,0.6376920342,0.5257365704,-0.0005911654,1.0000000000
124,10.6360000000,left_hand,1,0.6331847906,0.5251669288,0.0000048184,1.0000000000
125,10.7220000000,left_hand,1,0.6341600418,0.5233460069,-0.0028887454,1.0000000000
126,10.8080000000,left_hand,1,0.6307085752,0.5250208974,-0.0003616754,1.0000000000
127,10.8930000000,left_hand,1,0.6281136870,0.5282002091,0.0003763706,1.0000000000
128,10.9790000000,left_hand,1,0.6285950541,0.5287225246,0.0020687217,1.0000000000
129,11.0650000000,left_hand,1,0.6284410357,0.5316553116,0.0002403673,1.0000000000
130,11.1510000000,left_hand,1,0.6298094392,0.5334522128,0.0047701984,1.0000000000
131,11.2360000000,left_hand,1,0.6333455443,0.5250405073,0.0015070600,1.0000000000
132,11.3220000000,left_hand,1,0.6407694221,0.5249376297,0.0015674321,1.0000000000
133,11.4080000000,left_hand,1,0.6469524503,0.5353271365,0.0030412707,1.0000000000
134,11.4940000000,left_hand,1,0.6555633545,0.5378378034,0.0003024481,1.0000000000
135,11.5800000000,left_hand,1,0.6569392681,0.5333979130,0.0009742496,1.0000000000
136,11.6650000000,left_hand,1,0.6604735255,0.5387471318,0.0001661056,1.0000000000
137,11.7510000000,left_hand,1,0.6604455709,0.5325572491,-0.0071039954,1.0000000000
138,11.8370000000,left_hand,1,0.6617357135,0.5667037368,-0.0357258208,1.0000000000
139,11.9230000000,left_hand,1,0.6538974643,0.5382217765,0.0004132085,1.0000000000
59,5.0610000000,left_hand,2,0.4150872529,0.5265100002,-0.0135430284,1.0000000000
60,5.1460000000,left_hand,2,0.6070372462,0.5069046021,-0.0093528749,1.0000000000
61,5.2320000000,left_hand,2,0.6047319770,0.5087743998,-0.0076865857,1.0000000000
62,5.3180000000,left_hand,2,0.6132678986,0.5080163479,-0.0047840332,1.0000000000
63,5.4040000000,left_hand,2,0.6056047082,0.5041112304,-0.0064611980,1.0000000000
64,5.4900000000,left_hand,2,0.5981985927,0.5025145411,-0.0056176502,1.0000000000
65,5.5750000000,left_hand,2,0.5996610522,0.5128534436,-0.0050976304,1.0000000000
66,5.6610000000,left_hand,2,0.6101770401,0.5112724304,-0.0061727907,1.0000000000
67,5.7470000000,left_hand,2,0.6125802994,0.5109291673,-0.0059527345,1.0000000000
68,5.8330000000,left_hand,2,0.6229335666,0.5071641207,-0.0093578342,1.0000000000
69,5.9180000000,left_hand,2,0.6157028675,0.4973922968,-0.0108001325,1.0000000000
70,6.0040000000,left_hand,2,0.6137682796,0.5080953240,-0.0114513114,1.0000000000
71,6.0900000000,left_hand,2,0.6152791381,0.5024635196,-0.0088423397,1.0000000000
72,6.1760000000,left_hand,2,0.6203396320,0.5040137172,-0.0107745640,1.0000000000
73,6.2620000000,left_hand,2,0.6190282702,0.5092309713,-0.0158079453,1.0000000000
74,6.3470000000,left_hand,2,0.6175094247,0.5038634539,-0.0081622293,1.0000000000
75,6.4330000000,left_hand,2,0.6180450320,0.5039961338,-0.0080902772,1.0000000000
76,6.5190000000,left_hand,2,0.6200082898,0.5079181194,-0.0073247603,1.0000000000
77,6.6050000000,left_hand,2,0.6172521710,0.5040085316,-0.0053060544,1.0000000000
78,6.6900000000,left_hand,2,0.6186480522,0.5083167553,-0.0052884771,1.0000000000
79,6.7760000000,left_hand,2,0.6150149703,0.5080369115,-0.0045094541,1.0000000000
80,6.8620000000,left_hand,2,0.6209535599,0.5019686818,-0.0038605998,1.0000000000
81,6.9480000000,left_hand,2,0.6169696450,0.5023639202,-0.0050325026,1.0000000000
82,7.0340000000,left_hand,2,0.6169859767,0.4986327887,-0.0066094901,1.0000000000
83,7.1190000000,left_hand,2,0.6121782064,0.5027663112,-0.0075700739,1.0000000000
84,7.2050000000,left_hand,2,0.6191219091,0.5095799565,-0.0026058508,1.0000000000
85,7.2910000000,left_hand,2,0.6201142669,0.5000262260,-0.0051350505,1.0000000000
86,7.3770000000,left_hand,2,0.6196145415,0.4964300394,-0.0048150830,1.0000000000
87,7.4620000000,left_hand,2,0.6174660325,0.4963136911,-0.0061014420,1.0000000000
88,7.5480000000,left_hand,2,0.6197956204,0.4974814355,-0.0062424974,1.0000000000
89,7.6340000000,left_hand,2,0.6173519492,0.4972865283,-0.0099515505,1.0000000000
90,7.7200000000,left_hand,2,0.6256709695,0.4935140014,-0.0083811404,1.0000000000
91,7.8050000000,left_hand,2,0.6362677217,0.5134423971,-0.0209977832,1.0000000000
92,7.8910000000,left_hand,2,0.6304457784,0.5040257573,-0.0098939799,1.0000000000
93,7.9770000000,left_hand,2,0.6372615695,0.5011224151,-0.0092739305,1.0000000000
94,8.0630000000,left_hand,2,0.6392616034,0.4936394095,-0.0045216079,1.0000000000
95,8.1490000000,left_hand,2,0.6443302035,0.4944206178,-0.0028928646,1.0000000000
96,8.2340000000,left_hand,2,0.6427515149,0.4969721138,-0.0122314040,1.0000000000
97,8.3200000000,left_hand,2,0.6414769292,0.4967819750,-0.0083074532,1.0000000000
98,8.4060000000,left_hand,2,0.6434891224,0.4965530634,-0.0063783061,1.0000000000
99,8.4920000000,left_hand,2,0.6425795555,0.4912231266,-0.0101573318,1.0000000000
100,8.5770000000,left_hand,2,0.6435819864,0.4999928474,-0.0039374032,1.0000000000
101,8.6630000000,left_hand,2,0.6305102706,0.4980502129,-0.0032306712,1.0000000000
102,8.7490000000,left_hand,2,0.6273168921,0.4928677082,-0.0037877616,1.0000000000
103,8.8350000000,left_hand,2,0.6192319989,0.4950314760,-0.0028392584,1.0000000000
104,8.9210000000,left_hand,2,0.6147801280,0.4988811016,-0.0036686908,1.0000000000
105,9.0060000000,left_hand,2,0.6083617806,0.5005630255,-0.0069871205,1.0000000000
106,9.0920000000,left_hand,2,0.6077346206,0.4962352514,-0.0072756596,1.0000000000
107,9.1780000000,left_hand,2,0.6066091061,0.4982761443,-0.0066701327,1.0000000000
108,9.2640000000,left_hand,2,0.6110446453,0.4943034351,-0.0095019070,1.0000000000
109,9.3490000000,left_hand,2,0.6144658923,0.4988799691,-0.0056807627,1.0000000000
110,9.4350000000,left_hand,2,0.6217914224,0.4904889762,-0.0053204037,1.0000000000
111,9.5210000000,left_hand,2,0.6248395443,0.4843156338,-0.0066142231,1.0000000000
112,9.6070000000,left_hand,2,0.6329015493,0.4935008883,-0.0042124121,1.0000000000
113,9.6930000000,left_hand,2,0.6359700561,0.4929265678,-0.0075263935,1.0000000000
114,9.7780000000,left_hand,2,0.6346025467,0.4872019887,-0.0071855756,1.0000000000
115,9.8640000000,left_hand,2,0.6366864443,0.4923503697,-0.0067735431,1.0000000000
116,9.9500000000,left_hand,2,0.6375949979,0.4934993386,-0.0042474922,1.0000000000
117,10.0360000000,left_hand,2,0.6370883584,0.4902239442,-0.0080051478,1.0000000000
118,10.1210000000,left_hand,2,0.6425227523,0.4994397163,-0.0054457313,1.0000000000
119,10.2070000000,left_hand,2,0.6377586126,0.4911417067,-0.0059085423,1.0000000000
120,10.2930000000,left_hand,2,0.6398936510,0.4941646457,-0.0048484928,1.0000000000
121,10.3790000000,left_hand,2,0.6305118203,0.4863486290,-0.0082962066,1.0000000000
122,10.4640000000,left_hand,2,0.6258980632,0.4840393662,-0.0090424698,1.0000000000
123,10.5500000000,left_hand,2,0.6215230823,0.4974331856,-0.0062358524,1.0000000000
124,10.6360000000,left_hand,2,0.6149668097,0.4987653494,-0.0060932296,1.0000000000
125,10.7220000000,left_hand,2,0.6173595190,0.4938051999,-0.0098605277,1.0000000000
126,10.8080000000,left_hand,2,0.6140101552,0.4976525307,-0.0056344145,1.0000000000
127,10.8930000000,left_hand,2,0.6129119992,0.5018262863,-0.0065882066,1.0000000000
128,10.9790000000,left_hand,2,0.6117663980,0.5053058863,-0.0033672391,1.0000000000
129,11.0650000000,left_hand,2,0.6127300858,0.5017536283,-0.0045743999,1.0000000000
130,11.1510000000,left_hand,2,0.6125186682,0.5125021338,-0.0002191882,1.0000000000
131,11.2360000000,left_hand,2,0.6158496737,0.5023032427,-0.0038159443,1.0000000000
132,11.3220000000,left_hand,2,0.6244603992,0.5005056262,-0.0040303995,1.0000000000
133,11.4080000000,left_hand,2,0.6310442090,0.5074846148,-0.0010495015,1.0000000000
134,11.4940000000,left_hand,2,0.6419941783,0.5045795441,-0.0046283216,1.0000000000
135,11.5800000000,left_hand,2,0.6455038786,0.4969948530,-0.0025969669,1.0000000000
136,11.6650000000,left_hand,2,0.6503207088,0.5043259859,-0.0041389498,1.0000000000
137,11.7510000000,left_hand,2,0.6504372358,0.4999922514,-0.0158187002,1.0000000000
138,11.8370000000,left_hand,2,0.6589149237,0.5595632792,-0.0580862314,1.0000000000
139,11.9230000000,left_hand,2,0.6474112272,0.5044333935,-0.0026448471,1.0000000000
59,5.0610000000,left_hand,3,0.4306133389,0.5119370818,-0.0197949111,1.0000000000
60,5.1460000000,left_hand,3,0.5920647979,0.4991932511,-0.0139692351,1.0000000000
61,5.2320000000,left_hand,3,0.5875336528,0.4987659156,-0.0117541142,1.0000000000
62,5.3180000000,left_hand,3,0.6068570614,0.4896532595,-0.0105631463,1.0000000000
63,5.4040000000,left_hand,3,0.5896545053,0.4929301143,-0.0115360329,1.0000000000
64,5.4900000000,left_hand,3,0.5806781054,0.4957784414,-0.0102210771,1.0000000000
65,5.5750000000,left_hand,3,0.5817521214,0.5059423447,-0.0089486213,1.0000000000
66,5.6610000000,left_hand,3,0.5956302881,0.4971484542,-0.0114634112,1.0000000000
67,5.7470000000,left_hand,3,0.5936938524,0.5036139488,-0.0114670908,1.0000000000
68,5.8330000000,left_hand,3,0.6104906201,0.4903394878,-0.0165582504,1.0000000000
69,5.9180000000,left_hand,3,0.5951337814,0.4896989465,-0.0179097671,1.0000000000
70,6.0040000000,left_hand,3,0.5933173299,0.4997044802,-0.0193595607,1.0000000000
71,6.0900000000,left_hand,3,0.5944005251,0.4969052970,-0.0163451247,1.0000000000
72,6.1760000000,left_hand,3,0.6008798480,0.4957925081,-0.0188609976,1.0000000000
73,6.2620000000,left_hand,3,0.5990872383,0.4991663098,-0.0240912922,1.0000000000
74,6.3470000000,left_hand,3,0.5976406932,0.4972594976,-0.0150604881,1.0000000000
75,6.4330000000,left_hand,3,0.5977929235,0.4944753349,-0.0143634574,1.0000000000
76,6.5190000000,left_hand,3,0.6005357504,0.5007406473,-0.0145514058,1.0000000000
77,6.6050000000,left_hand,3,0.5976491570,0.4956112802,-0.0116034048,1.0000000000
78,6.6900000000,left_hand,3,0.5985929966,0.5003011823,-0.0112275826,1.0000000000
79,6.7760000000,left_hand,3,0.5942677259,0.5006847382,-0.0103205498,1.0000000000
80,6.8620000000,left_hand,3,0.6034415960,0.4908645749,-0.0093120970,1.0000000000
81,6.9480000000,left_hand,3,0.5984438062,0.4930933118,-0.0111820037,1.0000000000
82,7.0340000000,left_hand,3,0.5975852013,0.4905710220,-0.0127775092,1.0000000000
83,7.1190000000,left_hand,3,0.5920950174,0.4947459996,-0.0142182019,1.0000000000
84,7.2050000000,left_hand,3,0.6029372215,0.4951038063,-0.0078080241,1.0000000000
85,7.2910000000,left_hand,3,0.6039357781,0.4873668253,-0.0110128680,1.0000000000
86,7.3770000000,left_hand,3,0.6020503640,0.4848668873,-0.0097597968,1.0000000000
87,7.4620000000,left_hand,3,0.5992653370,0.4851784408,-0.0112100681,1.0000000000
88,7.5480000000,left_hand,3,0.6015874147,0.4877300262,-0.0122088920,1.0000000000
89,7.6340000000,left_hand,3,0.5975651741,0.4888792634,-0.0161488000,1.0000000000
90,7.7200000000,left_hand,3,0.6082583666,0.4831391275,-0.0148120392,1.0000000000
91,7.8050000000,left_hand,3,0.6230696440,0.5019896030,-0.0298856702,1.0000000000
92,7.8910000000,left_hand,3,0.6120738387,0.4927277863,-0.0150928758,1.0000000000
93,7.9770000000,left_hand,3,0.6201313138,0.4818392694,-0.0135914730,1.0000000000
94,8.0630000000,left_hand,3,0.6295571923,0.4747663736,-0.0098954123,1.0000000000
95,8.1490000000,left_hand,3,0.6351331472,0.4743250906,-0.0071904087,1.0000000000
96,8.2340000000,left_hand,3,0.6332221031,0.4808430970,-0.0206524134,1.0000000000
97,8.3200000000,left_hand,3,0.6319207549,0.4784396291,-0.0143151376,1.0000000000
98,8.4060000000,left_hand,3,0.6348322034,0.4757056236,-0.0121697132,1.0000000000
99,8.4920000000,left_hand,3,0.6340608001,0.4726488292,-0.0180685520,1.0000000000
100,8.5770000000,left_hand,3,0.6357370615,0.4756415188,-0.0084492648,1.0000000000
101,8.6630000000,left_hand,3,0.6152734756,0.4801907837,-0.0070647588,1.0000000000
102,8.7490000000,left_hand,3,0.6113494635,0.4772654474,-0.0086770449,1.0000000000
103,8.8350000000,left_hand,3,0.6004361510,0.4812693596,-0.0073933373,1.0000000000
104,8.9210000000,left_hand,3,0.5950847268,0.4873880744,-0.0079580927,1.0000000000
105,9.0060000000,left_hand,3,0.5879572630,0.4907374382,-0.0130421091,1.0000000000
106,9.0920000000,left_hand,3,0.5897312164,0.4857543707,-0.0135260792,1.0000000000
107,9.1780000000,left_hand,3,0.5883890390,0.4888497591,-0.0131272404,1.0000000000
108,9.2640000000,left_hand,3,0.5918810368,0.4859290719,-0.0167319980,1.0000000000
109,9.3490000000,left_hand,3,0.5947933197,0.4890695810,-0.0120791430,1.0000000000
110,9.4350000000,left_hand,3,0.6014056206,0.4806279540,-0.0105983457,1.0000000000
111,9.5210000000,left_hand,3,0.6045349836,0.4746481180,-0.0129561611,1.0000000000
112,9.6070000000,left_hand,3,0.6132431030,0.4845048785,-0.0085721193,1.0000000000
113,9.6930000000,left_hand,3,0.6219813824,0.4767101109,-0.0133647835,1.0000000000
114,9.7780000000,left_hand,3,0.6166499853,0.4749411047,-0.0131337913,1.0000000000
115,9.8640000000,left_hand,3,0.6193271279,0.4791960120,-0.0136619238,1.0000000000
116,9.9500000000,left_hand,3,0.6203081012,0.4781413078,-0.0088813063,1.0000000000
117,10.0360000000,left_hand,3,0.6202707887,0.4733220637,-0.0146000227,1.0000000000
118,10.1210000000,left_hand,3,0.6302679777,0.4798154831,-0.0113284476,1.0000000000
119,10.2070000000,left_hand,3,0.6200251579,0.4752832949,-0.0112819467,1.0000000000
120,10.2930000000,left_hand,3,0.6264463067,0.4760906398,-0.0106928591,1.0000000000
121,10.3790000000,left_hand,3,0.6123417616,0.4752768278,-0.0147226388,1.0000000000
122,10.4640000000,left_hand,3,0.6068447828,0.4741469920,-0.0151164951,1.0000000000
123,10.5500000000,left_hand,3,0.6022310853,0.4864270091,-0.0116573581,1.0000000000
124,10.6360000000,left_hand,3,0.5957722068,0.4880881608,-0.0120335240,1.0000000000
125,10.7220000000,left_hand,3,0.5981500149,0.4818686843,-0.0160143692,1.0000000000
126,10.8080000000,left_hand,3,0.5946663022,0.4894155562,-0.0109304497,1.0000000000
127,10.8930000000,left_hand,3,0.5940580368,0.4961752892,-0.0133054396,1.0000000000
128,10.9790000000,left_hand,3,0.5936378837,0.4986559749,-0.0086335819,1.0000000000
129,11.0650000000,left_hand,3,0.5944631696,0.4899579585,-0.0091113374,1.0000000000
130,11.1510000000,left_hand,3,0.5949749351,0.5046400428,-0.0061226115,1.0000000000
131,11.2360000000,left_hand,3,0.5976270437,0.4938790798,-0.0096116727,1.0000000000
132,11.3220000000,left_hand,3,0.6054197550,0.4940659404,-0.0102025298,1.0000000000
133,11.4080000000,left_hand,3,0.6132549047,0.4931396842,-0.0058557051,1.0000000000
134,11.4940000000,left_hand,3,0.6263380051,0.4856067896,-0.0104074934,1.0000000000
135,11.5800000000,left_hand,3,0.6320793629,0.4740504026,-0.0068626218,1.0000000000
136,11.6650000000,left_hand,3,0.6398329735,0.4800013900,-0.0094880098,1.0000000000
137,11.7510000000,left_hand,3,0.6389819384,0.4784815013,-0.0246955156,1.0000000000
138,11.8370000000,left_hand,3,0.6515706778,0.5566406250,-0.0753261745,1.0000000000
139,11.9230000000,left_hand,3,0.6412816644,0.4779203236,-0.0067673633,1.0000000000
59,5.0610000000,left_hand,4,0.4443197250,0.5026115179,-0.0263858493,1.0000000000
60,5.1460000000,left_hand,4,0.5789506435,0.4976465106,-0.0196975283,1.0000000000
61,5.2320000000,left_hand,4,0.5729779005,0.4935136139,-0.0171059351,1.0000000000
62,5.3180000000,left_hand,4,0.6021161675,0.4739464819,-0.0179288127,1.0000000000
63,5.4040000000,left_hand,4,0.5749609470,0.4897830486,-0.0183898527,1.0000000000
64,5.4900000000,left_hand,4,0.5659682155,0.4956408739,-0.0165078547,1.0000000000
65,5.5750000000,left_hand,4,0.5670204759,0.5105234385,-0.0142809032,1.0000000000
66,5.6610000000,left_hand,4,0.5822958350,0.4901345968,-0.0183487758,1.0000000000
67,5.7470000000,left_hand,4,0.5781450272,0.5021271110,-0.0187395774,1.0000000000
68,5.8330000000,left_hand,4,0.5988149047,0.4790925384,-0.0254117027,1.0000000000
69,5.9180000000,left_hand,4,0.5775666833,0.4918252826,-0.0265967753,1.0000000000
70,6.0040000000,left_hand,4,0.5757173300,0.4981040061,-0.0285293944,1.0000000000
71,6.0900000000,left_hand,4,0.5764887929,0.4983719587,-0.0252297167,1.0000000000
72,6.1760000000,left_hand,4,0.5834402442,0.4950717390,-0.0285925139,1.0000000000
73,6.2620000000,left_hand,4,0.5805115104,0.4978901744,-0.0335432962,1.0000000000
74,6.3470000000,left_hand,4,0.5797932148,0.4987269640,-0.0233165417,1.0000000000
75,6.4330000000,left_hand,4,0.5795696378,0.4916902483,-0.0220286511,1.0000000000
76,6.5190000000,left_hand,4,0.5829796791,0.5008329749,-0.0234393235,1.0000000000
77,6.6050000000,left_hand,4,0.5800055265,0.4958987534,-0.0195155963,1.0000000000
78,6.6900000000,left_hand,4,0.5812923312,0.5017008185,-0.0187659282,1.0000000000
79,6.7760000000,left_hand,4,0.5762252808,0.4998739362,-0.0178313553,1.0000000000
80,6.8620000000,left_hand,4,0.5876215696,0.4860064983,-0.0163745638,1.0000000000
81,6.9480000000,left_hand,4,0.5822092891,0.4927816987,-0.0188413113,1.0000000000
82,7.0340000000,left_hand,4,0.5803945661,0.4942517281,-0.0205002669,1.0000000000
83,7.1190000000,left_hand,4,0.5745601058,0.4932892919,-0.0221927669,1.0000000000
84,7.2050000000,left_hand,4,0.5882307887,0.4878927171,-0.0146816848,1.0000000000
85,7.2910000000,left_hand,4,0.5890617371,0.4863368869,-0.0185609870,1.0000000000
86,7.3770000000,left_hand,4,0.5868489146,0.4849892259,-0.0162408147,1.0000000000
87,7.4620000000,left_hand,4,0.5833778977,0.4839199483,-0.0178263355,1.0000000000
88,7.5480000000,left_hand,4,0.5854700804,0.4883762598,-0.0195890553,1.0000000000
89,7.6340000000,left_hand,4,0.5803741813,0.4905307591,-0.0234608836,1.0000000000
90,7.7200000000,left_hand,4,0.5921249986,0.4812986255,-0.0226421449,1.0000000000
91,7.8050000000,left_hand,4,0.6091392040,0.4940195382,-0.0394032262,1.0000000000
92,7.8910000000,left_hand,4,0.5960536599,0.4881495237,-0.0213974752,1.0000000000
93,7.9770000000,left_hand,4,0.6036475301,0.4753419161,-0.0189407356,1.0000000000
94,8.0630000000,left_hand,4,0.6194714308,0.4659208357,-0.0167199187,1.0000000000
95,8.1490000000,left_hand,4,0.6256998777,0.4646573961,-0.0127136903,1.0000000000
96,8.2340000000,left_hand,4,0.6239311695,0.4694516659,-0.0304686241,1.0000000000
97,8.3200000000,left_hand,4,0.6224717498,0.4675394893,-0.0216744896,1.0000000000
98,8.4060000000,left_hand,4,0.6253584623,0.4636248648,-0.0192161538,1.0000000000
99,8.4920000000,left_hand,4,0.6264062524,0.4610896111,-0.0275788195,1.0000000000
100,8.5770000000,left_hand,4,0.6284806728,0.4593678713,-0.0142757408,1.0000000000
101,8.6630000000,left_hand,4,0.6005933881,0.4732005000,-0.0122906314,1.0000000000
102,8.7490000000,left_hand,4,0.5961679220,0.4733580649,-0.0153159928,1.0000000000
103,8.8350000000,left_hand,4,0.5836948752,0.4773285389,-0.0135292877,1.0000000000
104,8.9210000000,left_hand,4,0.5780973434,0.4877343178,-0.0137254316,1.0000000000
105,9.0060000000,left_hand,4,0.5701829195,0.4920590520,-0.0206967629,1.0000000000
106,9.0920000000,left_hand,4,0.5730057955,0.4869616330,-0.0213423371,1.0000000000
107,9.1780000000,left_hand,4,0.5720878839,0.4889352918,-0.0212000646,1.0000000000
108,9.2640000000,left_hand,4,0.5757556558,0.4866939187,-0.0255025737,1.0000000000
109,9.3490000000,left_hand,4,0.5775257945,0.4869085848,-0.0200969037,1.0000000000
110,9.4350000000,left_hand,4,0.5842139125,0.4824593663,-0.0171938390,1.0000000000
111,9.5210000000,left_hand,4,0.5869634748,0.4762906730,-0.0209262054,1.0000000000
112,9.6070000000,left_hand,4,0.5960325599,0.4866034091,-0.0142625496,1.0000000000
113,9.6930000000,left_hand,4,0.6096097231,0.4689315557,-0.0205784515,1.0000000000
114,9.7780000000,left_hand,4,0.6000739932,0.4734656811,-0.0205426458,1.0000000000
115,9.8640000000,left_hand,4,0.6026237011,0.4775729775,-0.0220099892,1.0000000000
116,9.9500000000,left_hand,4,0.6054566503,0.4701917171,-0.0149425846,1.0000000000
117,10.0360000000,left_hand,4,0.6041097641,0.4673779905,-0.0225902125,1.0000000000
118,10.1210000000,left_hand,4,0.6199947000,0.4652736485,-0.0185944978,1.0000000000
119,10.2070000000,left_hand,4,0.6034885049,0.4701456130,-0.0180640556,1.0000000000
120,10.2930000000,left_hand,4,0.6141484380,0.4674797058,-0.0182420071,1.0000000000
121,10.3790000000,left_hand,4,0.5956512094,0.4719808698,-0.0227222014,1.0000000000
122,10.4640000000,left_hand,4,0.5899512768,0.4756774604,-0.0227074120,1.0000000000
123,10.5500000000,left_hand,4,0.5854104757,0.4851760566,-0.0186410565,1.0000000000
124,10.6360000000,left_hand,4,0.5785619617,0.4869976044,-0.0196316745,1.0000000000
125,10.7220000000,left_hand,4,0.5813292265,0.4807348251,-0.0235863961,1.0000000000
126,10.8080000000,left_hand,4,0.5784821510,0.4916736782,-0.0177988913,1.0000000000
127,10.8930000000,left_hand,4,0.5783082247,0.5025743842,-0.0211684164,1.0000000000
128,10.9790000000,left_hand,4,0.5773517489,0.5033437610,-0.0153766870,1.0000000000
129,11.0650000000,left_hand,4,0.5776033401,0.4919399619,-0.0150192780,1.0000000000
130,11.1510000000,left_hand,4,0.5780633688,0.5046697855,-0.0134690655,1.0000000000
131,11.2360000000,left_hand,4,0.5816954374,0.4958798289,-0.0169650819,1.0000000000
132,11.3220000000,left_hand,4,0.5884971023,0.4971822202,-0.0180807132,1.0000000000
133,11.4080000000,left_hand,4,0.5966049433,0.4885604382,-0.0121859182,1.0000000000
134,11.4940000000,left_hand,4,0.6112157106,0.4763868749,-0.0176501740,1.0000000000
135,11.5800000000,left_hand,4,0.6204896569,0.4635586441,-0.0122495955,1.0000000000
136,11.6650000000,left_hand,4,0.6297724843,0.4658066928,-0.0163064003,1.0000000000
137,11.7510000000,left_hand,4,0.6284887195,0.4629214108,-0.0348157473,1.0000000000
138,11.8370000000,left_hand,4,0.6392830610,0.5403491855,-0.0927149504,1.0000000000
139,11.9230000000,left_hand,4,0.6350271702,0.4609147310,-0.0119001782,1.0000000000
59,5.0610000000,left_hand,5,0.4276962578,0.5309541821,-0.0217845552,1.0000000000
60,5.1460000000,left_hand,5,0.6022356749,0.5068632364,-0.0232326631,1.0000000000
61,5.2320000000,left_hand,5,0.6024245024,0.5088202953,-0.0212154184,1.0000000000
62,5.3180000000,left_hand,5,0.6009800434,0.5029847026,-0.0174932647,1.0000000000
63,5.4040000000,left_hand,5,0.5989366770,0.5016331673,-0.0212356783,1.0000000000
64,5.4900000000,left_hand,5,0.5949352384,0.4979555011,-0.0232439954,1.0000000000
65,5.5750000000,left_hand,5,0.5946266055,0.5164579153,-0.0178360175,1.0000000000
66,5.6610000000,left_hand,5,0.6012313962,0.5055395365,-0.0222126506,1.0000000000
67,5.7470000000,left_hand,5,0.6077173352,0.4965085983,-0.0233778786,1.0000000000
68,5.8330000000,left_hand,5,0.6131369472,0.4946024716,-0.0262495298,1.0000000000
69,5.9180000000,left_hand,5,0.6139859557,0.4819097519,-0.0288605168,1.0000000000
70,6.0040000000,left_hand,5,0.6141458154,0.4871254265,-0.0307178497,1.0000000000
71,6.0900000000,left_hand,5,0.6146557331,0.4850346446,-0.0266549010,1.0000000000
72,6.1760000000,left_hand,5,0.6175726056,0.4906926751,-0.0296851378,1.0000000000
73,6.2620000000,left_hand,5,0.6171489358,0.4938791990,-0.0323662646,1.0000000000
74,6.3470000000,left_hand,5,0.6154796481,0.4901598096,-0.0251899604,1.0000000000
75,6.4330000000,left_hand,5,0.6170589924,0.4903349876,-0.0263228752,1.0000000000
76,6.5190000000,left_hand,5,0.6164078116,0.4956519604,-0.0264033135,1.0000000000
77,6.6050000000,left_hand,5,0.6154248118,0.4901368320,-0.0252925009,1.0000000000
78,6.6900000000,left_hand,5,0.6152886748,0.4920340776,-0.0207510889,1.0000000000
79,6.7760000000,left_hand,5,0.6125205755,0.4956465960,-0.0209967140,1.0000000000
80,6.8620000000,left_hand,5,0.6140905023,0.4896794558,-0.0198502149,1.0000000000
81,6.9480000000,left_hand,5,0.6132335663,0.4877059460,-0.0245858673,1.0000000000
82,7.0340000000,left_hand,5,0.6131622791,0.4836046696,-0.0246753842,1.0000000000
83,7.1190000000,left_hand,5,0.6107480526,0.4863777757,-0.0268613603,1.0000000000
84,7.2050000000,left_hand,5,0.6130459309,0.4983310699,-0.0181916375,1.0000000000
85,7.2910000000,left_hand,5,0.6137690544,0.4931722581,-0.0229450110,1.0000000000
86,7.3770000000,left_hand,5,0.6139011979,0.4882525206,-0.0211137105,1.0000000000
87,7.4620000000,left_hand,5,0.6132202744,0.4850554168,-0.0220180210,1.0000000000
88,7.5480000000,left_hand,5,0.6173945665,0.4860173762,-0.0235026330,1.0000000000
89,7.6340000000,left_hand,5,0.6183415651,0.4860577285,-0.0274594370,1.0000000000
90,7.7200000000,left_hand,5,0.6227006912,0.4890510142,-0.0238964092,1.0000000000
91,7.8050000000,left_hand,5,0.6281894445,0.4994123280,-0.0320712999,1.0000000000
92,7.8910000000,left_hand,5,0.6299443245,0.4911888838,-0.0259469692,1.0000000000
93,7.9770000000,left_hand,5,0.6369348168,0.4911224544,-0.0264067054,1.0000000000
94,8.0630000000,left_hand,5,0.6299605966,0.4864860177,-0.0195860788,1.0000000000
95,8.1490000000,left_hand,5,0.6314855218,0.4862772822,-0.0159819815,1.0000000000
96,8.2340000000,left_hand,5,0.6299144626,0.4876011610,-0.0259236190,1.0000000000
97,8.3200000000,left_hand,5,0.6294746399,0.4855204821,-0.0187144652,1.0000000000
98,8.4060000000,left_hand,5,0.6294604540,0.4850982726,-0.0148308175,1.0000000000
99,8.4920000000,left_hand,5,0.6306866407,0.4836487472,-0.0242745560,1.0000000000
100,8.5770000000,left_hand,5,0.6338041425,0.4901516736,-0.0174819883,1.0000000000
101,8.6630000000,left_hand,5,0.6269160509,0.4889116287,-0.0174408015,1.0000000000
102,8.7490000000,left_hand,5,0.6229171753,0.4873249531,-0.0197322704,1.0000000000
103,8.8350000000,left_hand,5,0.6178613901,0.4907650948,-0.0212043282,1.0000000000
104,8.9210000000,left_hand,5,0.6119405031,0.4847129881,-0.0186290313,1.0000000000
105,9.0060000000,left_hand,5,0.6082799435,0.4866620004,-0.0261956453,1.0000000000
106,9.0920000000,left_hand,5,0.6064776778,0.4827119708,-0.0257853214,1.0000000000
107,9.1780000000,left_hand,5,0.6046302915,0.4836424589,-0.0254496913,1.0000000000
108,9.2640000000,left_hand,5,0.6096951962,0.4772505760,-0.0273556300,1.0000000000
109,9.3490000000,left_hand,5,0.6131430268,0.4810413718,-0.0235176943,1.0000000000
110,9.4350000000,left_hand,5,0.6203566194,0.4792083204,-0.0199338235,1.0000000000
111,9.5210000000,left_hand,5,0.6225535870,0.4748058915,-0.0221785344,1.0000000000
112,9.6070000000,left_hand,5,0.6324041486,0.4876897037,-0.0228180904,1.0000000000
113,9.6930000000,left_hand,5,0.6306091547,0.4856074154,-0.0278963484,1.0000000000
114,9.7780000000,left_hand,5,0.6326939464,0.4869002104,-0.0282880738,1.0000000000
115,9.8640000000,left_hand,5,0.6336579919,0.4848701954,-0.0290630180,1.0000000000
116,9.9500000000,left_hand,5,0.6321796775,0.4847243428,-0.0205436405,1.0000000000
117,10.0360000000,left_hand,5,0.6339054108,0.4849916101,-0.0291810669,1.0000000000
118,10.1210000000,left_hand,5,0.6337172985,0.4896771908,-0.0222942736,1.0000000000
119,10.2070000000,left_hand,5,0.6340350509,0.4807715416,-0.0235571526,1.0000000000
120,10.2930000000,left_hand,5,0.6329134107,0.4859285355,-0.0221391488,1.0000000000
121,10.3790000000,left_hand,5,0.6282345653,0.4812356234,-0.0266736671,1.0000000000
122,10.4640000000,left_hand,5,0.6244989038,0.4762340188,-0.0267574936,1.0000000000
123,10.5500000000,left_hand,5,0.6201088428,0.4860843122,-0.0226419251,1.0000000000
124,10.6360000000,left_hand,5,0.6149142981,0.4853155613,-0.0246556066,1.0000000000
125,10.7220000000,left_hand,5,0.6142380238,0.4852054119,-0.0268875696,1.0000000000
126,10.8080000000,left_hand,5,0.6092433929,0.4859224856,-0.0204055589,1.0000000000
127,10.8930000000,left_hand,5,0.6109488010,0.4836810827,-0.0267774276,1.0000000000
128,10.9790000000,left_hand,5,0.6086948514,0.4940477908,-0.0260989070,1.0000000000
129,11.0650000000,left_hand,5,0.6115543842,0.4904031157,-0.0223487504,1.0000000000
130,11.1510000000,left_hand,5,0.6103205085,0.4963171184,-0.0213457458,1.0000000000
131,11.2360000000,left_hand,5,0.6155265570,0.4909976125,-0.0222614631,1.0000000000
132,11.3220000000,left_hand,5,0.6221269369,0.4895052910,-0.0208719838,1.0000000000
133,11.4080000000,left_hand,5,0.6287758350,0.4965570271,-0.0181730334,1.0000000000
134,11.4940000000,left_hand,5,0.6351824403,0.4919367731,-0.0180738308,1.0000000000
135,11.5800000000,left_hand,5,0.6383257508,0.4845366776,-0.0154509032,1.0000000000
136,11.6650000000,left_hand,5,0.6386508346,0.4918400347,-0.0132617494,1.0000000000
137,11.7510000000,left_hand,5,0.6369554400,0.4837365746,-0.0212475993,1.0000000000
138,11.8370000000,left_hand,5,0.6357492805,0.4900590479,-0.0481676124,1.0000000000
139,11.9230000000,left_hand,5,0.6301786900,0.4847877324,-0.0075563928,1.0000000000
59,5.0610000000,left_hand,6,0.4577526450,0.5225641727,-0.0319133662,1.0000000000
60,5.1460000000,left_hand,6,0.5735772848,0.5095171332,-0.0325699337,1.0000000000
61,5.2320000000,left_hand,6,0.5734465718,0.5102195144,-0.0303809401,1.0000000000
62,5.3180000000,left_hand,6,0.5722176433,0.5057737231,-0.0269423891,1.0000000000
63,5.4040000000,left_hand,6,0.5674961209,0.5073376298,-0.0316483267,1.0000000000
64,5.4900000000,left_hand,6,0.5647307038,0.5024276972,-0.0327730849,1.0000000000
65,5.5750000000,left_hand,6,0.5652424097,0.5260754824,-0.0267189778,1.0000000000
66,5.6610000000,left_hand,6,0.5726729631,0.5027811527,-0.0326073281,1.0000000000
67,5.7470000000,left_hand,6,0.5768188834,0.4935318232,-0.0350694619,1.0000000000
68,5.8330000000,left_hand,6,0.5803182125,0.4918988943,-0.0396482348,1.0000000000
69,5.9180000000,left_hand,6,0.5792158246,0.4813560545,-0.0417314731,1.0000000000
70,6.0040000000,left_hand,6,0.5817235112,0.4806828499,-0.0446786508,1.0000000000
71,6.0900000000,left_hand,6,0.5823623538,0.4782470763,-0.0406169333,1.0000000000
72,6.1760000000,left_hand,6,0.5838093162,0.4845906496,-0.0448084027,1.0000000000
73,6.2620000000,left_hand,6,0.5846394300,0.4837161005,-0.0477670804,1.0000000000
74,6.3470000000,left_hand,6,0.5829514861,0.4828228652,-0.0381615423,1.0000000000
75,6.4330000000,left_hand,6,0.5834437609,0.4826471806,-0.0390166342,1.0000000000
76,6.5190000000,left_hand,6,0.5827644467,0.4869326055,-0.0401960500,1.0000000000
77,6.6050000000,left_hand,6,0.5824672580,0.4837514162,-0.0376956649,1.0000000000
78,6.6900000000,left_hand,6,0.5819735527,0.4893991649,-0.0324628875,1.0000000000
79,6.7760000000,left_hand,6,0.5800895095,0.4890308082,-0.0336600132,1.0000000000
80,6.8620000000,left_hand,6,0.5823832750,0.4879969358,-0.0304860938,1.0000000000
81,6.9480000000,left_hand,6,0.5815496445,0.4847754240,-0.0355216973,1.0000000000
82,7.0340000000,left_hand,6,0.5788232088,0.4815407395,-0.0354282372,1.0000000000
83,7.1190000000,left_hand,6,0.5783462524,0.4801410139,-0.0392461717,1.0000000000
84,7.2050000000,left_hand,6,0.5824660659,0.4942127168,-0.0290331133,1.0000000000
85,7.2910000000,left_hand,6,0.5819620490,0.4922786653,-0.0342309698,1.0000000000
86,7.3770000000,left_hand,6,0.5810459852,0.4881496429,-0.0306218471,1.0000000000
87,7.4620000000,left_hand,6,0.5813179016,0.4822208881,-0.0331344865,1.0000000000
88,7.5480000000,left_hand,6,0.5834774375,0.4811539650,-0.0354258828,1.0000000000
89,7.6340000000,left_hand,6,0.5835073590,0.4863857031,-0.0390643403,1.0000000000
90,7.7200000000,left_hand,6,0.5908147693,0.4854583144,-0.0369158611,1.0000000000
91,7.8050000000,left_hand,6,0.5988061428,0.4885721207,-0.0463810377,1.0000000000
92,7.8910000000,left_hand,6,0.6008563042,0.4801287949,-0.0370108709,1.0000000000
93,7.9770000000,left_hand,6,0.6045010090,0.4919706583,-0.0361553095,1.0000000000
94,8.0630000000,left_hand,6,0.6053298116,0.4742840528,-0.0290126242,1.0000000000
95,8.1490000000,left_hand,6,0.6058243513,0.4787069559,-0.0243381765,1.0000000000
96,8.2340000000,left_hand,6,0.6082661748,0.4782293141,-0.0397393778,1.0000000000
97,8.3200000000,left_hand,6,0.6089676619,0.4702484906,-0.0302486885,1.0000000000
98,8.4060000000,left_hand,6,0.6072437167,0.4740525484,-0.0248628538,1.0000000000
99,8.4920000000,left_hand,6,0.6060189009,0.4743986130,-0.0374499485,1.0000000000
100,8.5770000000,left_hand,6,0.6069673300,0.4774357975,-0.0260629933,1.0000000000
101,8.6630000000,left_hand,6,0.5978816152,0.4797452986,-0.0271535330,1.0000000000
102,8.7490000000,left_hand,6,0.5939933062,0.4814057350,-0.0305670649,1.0000000000
103,8.8350000000,left_hand,6,0.5832352638,0.4911537170,-0.0308023170,1.0000000000
104,8.9210000000,left_hand,6,0.5784569383,0.4868138134,-0.0285061244,1.0000000000
105,9.0060000000,left_hand,6,0.5738781691,0.4842187762,-0.0378822871,1.0000000000
106,9.0920000000,left_hand,6,0.5736438632,0.4779582322,-0.0375189483,1.0000000000
107,9.1780000000,left_hand,6,0.5719831586,0.4761890769,-0.0370289087,1.0000000000
108,9.2640000000,left_hand,6,0.5755822062,0.4702918231,-0.0404712446,1.0000000000
109,9.3490000000,left_hand,6,0.5798935890,0.4708593190,-0.0364921540,1.0000000000
110,9.4350000000,left_hand,6,0.5870410800,0.4673397243,-0.0311060119,1.0000000000
111,9.5210000000,left_hand,6,0.5914529562,0.4662399888,-0.0332378596,1.0000000000
112,9.6070000000,left_hand,6,0.5995401144,0.4918809533,-0.0314079076,1.0000000000
113,9.6930000000,left_hand,6,0.6017504334,0.4743069112,-0.0388739035,1.0000000000
114,9.7780000000,left_hand,6,0.6030047536,0.4765269756,-0.0396251231,1.0000000000
115,9.8640000000,left_hand,6,0.6043394208,0.4753420055,-0.0412810221,1.0000000000
116,9.9500000000,left_hand,6,0.6030080914,0.4728187919,-0.0299758464,1.0000000000
117,10.0360000000,left_hand,6,0.6038240790,0.4731663764,-0.0412801281,1.0000000000
118,10.1210000000,left_hand,6,0.6056896448,0.4759293199,-0.0333320238,1.0000000000
119,10.2070000000,left_hand,6,0.6050553322,0.4725744426,-0.0343151577,1.0000000000
120,10.2930000000,left_hand,6,0.6027423739,0.4756665826,-0.0340597555,1.0000000000
121,10.3790000000,left_hand,6,0.5968810320,0.4718976319,-0.0388128534,1.0000000000
122,10.4640000000,left_hand,6,0.5917339325,0.4702218473,-0.0382779762,1.0000000000
123,10.5500000000,left_hand,6,0.5875810981,0.4763326347,-0.0334329344,1.0000000000
124,10.6360000000,left_hand,6,0.5825415254,0.4764272273,-0.0360606872,1.0000000000
125,10.7220000000,left_hand,6,0.5793525577,0.4854683876,-0.0389606878,1.0000000000
126,10.8080000000,left_hand,6,0.5770131946,0.4799826145,-0.0312316697,1.0000000000
127,10.8930000000,left_hand,6,0.5781516433,0.4845969975,-0.0363785028,1.0000000000
128,10.9790000000,left_hand,6,0.5753185153,0.4961586893,-0.0343253836,1.0000000000
129,11.0650000000,left_hand,6,0.5828430653,0.4859459996,-0.0304285083,1.0000000000
130,11.1510000000,left_hand,6,0.5843331218,0.4907466173,-0.0325199999,1.0000000000
131,11.2360000000,left_hand,6,0.5849642754,0.4857971668,-0.0341206677,1.0000000000
132,11.3220000000,left_hand,6,0.5920608640,0.4855594933,-0.0324878395,1.0000000000
133,11.4080000000,left_hand,6,0.6003144383,0.4828291237,-0.0277641341,1.0000000000
134,11.4940000000,left_hand,6,0.6097111702,0.4779547453,-0.0293318350,1.0000000000
135,11.5800000000,left_hand,6,0.6112595797,0.4714934528,-0.0235731471,1.0000000000
136,11.6650000000,left_hand,6,0.6130198240,0.4762331247,-0.0236410648,1.0000000000
137,11.7510000000,left_hand,6,0.6117144227,0.4697028399,-0.0359066240,1.0000000000
138,11.8370000000,left_hand,6,0.6129337549,0.4726276398,-0.0661544949,1.0000000000
139,11.9230000000,left_hand,6,0.6072436571,0.4672520757,-0.0141400378,1.0000000000
59,5.0610000000,left_hand,7,0.4764825404,0.5214547515,-0.0366222374,1.0000000000
60,5.1460000000,left_hand,7,0.5566059351,0.5135765076,-0.0369433127,1.0000000000
61,5.2320000000,left_hand,7,0.5560687184,0.5142400265,-0.0352327153,1.0000000000
62,5.3180000000,left_hand,7,0.5547617674,0.5101093054,-0.0324582942,1.0000000000
63,5.4040000000,left_hand,7,0.5493844151,0.5139506459,-0.0376362093,1.0000000000
64,5.4900000000,left_hand,7,0.5482388139,0.5084614158,-0.0372102335,1.0000000000
65,5.5750000000,left_hand,7,0.5485352278,0.5330045819,-0.0319217704,1.0000000000
66,5.6610000000,left_hand,7,0.5539740324,0.5059785247,-0.0380444340,1.0000000000
67,5.7470000000,left_hand,7,0.5569410324,0.4964744151,-0.0415031686,1.0000000000
68,5.8330000000,left_hand,7,0.5599904656,0.4937867820,-0.0474256091,1.0000000000
69,5.9180000000,left_hand,7,0.5584689379,0.4867697358,-0.0487234630,1.0000000000
70,6.0040000000,left_hand,7,0.5613940954,0.4849766791,-0.0512370206,1.0000000000
71,6.0900000000,left_hand,7,0.5619772077,0.4828868508,-0.0480779931,1.0000000000
72,6.1760000000,left_hand,7,0.5628331900,0.4877143502,-0.0535058752,1.0000000000
73,6.2620000000,left_hand,7,0.5638200641,0.4857849181,-0.0564337298,1.0000000000
74,6.3470000000,left_hand,7,0.5628426075,0.4862454236,-0.0451677442,1.0000000000
75,6.4330000000,left_hand,7,0.5623072386,0.4845874310,-0.0458258092,1.0000000000
76,6.5190000000,left_hand,7,0.5627663732,0.4891574681,-0.0477245525,1.0000000000
77,6.6050000000,left_hand,7,0.5625753999,0.4869389236,-0.0439461842,1.0000000000
78,6.6900000000,left_hand,7,0.5620751977,0.4926576316,-0.0392649397,1.0000000000
79,6.7760000000,left_hand,7,0.5594897866,0.4911855459,-0.0412985198,1.0000000000
80,6.8620000000,left_hand,7,0.5632555485,0.4916842878,-0.0361911505,1.0000000000
81,6.9480000000,left_hand,7,0.5630540252,0.4916383028,-0.0398873724,1.0000000000
82,7.0340000000,left_hand,7,0.5600134730,0.4878140986,-0.0402627625,1.0000000000
83,7.1190000000,left_hand,7,0.5587887764,0.4865022600,-0.0446288548,1.0000000000
84,7.2050000000,left_hand,7,0.5646202564,0.4981946945,-0.0355486721,1.0000000000
85,7.2910000000,left_hand,7,0.5637641549,0.4988560081,-0.0395496339,1.0000000000
86,7.3770000000,left_hand,7,0.5636766553,0.4937719703,-0.0349675715,1.0000000000
87,7.4620000000,left_hand,7,0.5628274679,0.4891914129,-0.0390281603,1.0000000000
88,7.5480000000,left_hand,7,0.5645452738,0.4874700904,-0.0412713587,1.0000000000
89,7.6340000000,left_hand,7,0.5641502142,0.4968279600,-0.0440570898,1.0000000000
90,7.7200000000,left_hand,7,0.5715903640,0.4907343090,-0.0439013131,1.0000000000
91,7.8050000000,left_hand,7,0.5803530812,0.4917875230,-0.0539833456,1.0000000000
92,7.8910000000,left_hand,7,0.5816503763,0.4823530316,-0.0418842137,1.0000000000
93,7.9770000000,left_hand,7,0.5854884982,0.5004753470,-0.0399228148,1.0000000000
94,8.0630000000,left_hand,7,0.5894851685,0.4767498374,-0.0333236344,1.0000000000
95,8.1490000000,left_hand,7,0.5912358761,0.4795655310,-0.0282315072,1.0000000000
96,8.2340000000,left_hand,7,0.5950868130,0.4766620398,-0.0478269234,1.0000000000
97,8.3200000000,left_hand,7,0.5940485001,0.4713104963,-0.0376499854,1.0000000000
98,8.4060000000,left_hand,7,0.5938412547,0.4742773771,-0.0307728108,1.0000000000
99,8.4920000000,left_hand,7,0.5912108421,0.4727165997,-0.0455394015,1.0000000000
100,8.5770000000,left_hand,7,0.5907370448,0.4766992927,-0.0305658281,1.0000000000
101,8.6630000000,left_hand,7,0.5801571608,0.4836163819,-0.0321938321,1.0000000000
102,8.7490000000,left_hand,7,0.5761243105,0.4846491218,-0.0365145728,1.0000000000
103,8.8350000000,left_hand,7,0.5645389557,0.4977971911,-0.0347821303,1.0000000000
104,8.9210000000,left_hand,7,0.5596350431,0.4954864979,-0.0336872935,1.0000000000
105,9.0060000000,left_hand,7,0.5537336469,0.4919351041,-0.0429150574,1.0000000000
106,9.0920000000,left_hand,7,0.5548565984,0.4840174615,-0.0431922749,1.0000000000
107,9.1780000000,left_hand,7,0.5529987812,0.4805288613,-0.0421342179,1.0000000000
108,9.2640000000,left_hand,7,0.5546910763,0.4734326303,-0.0475254841,1.0000000000
109,9.3490000000,left_hand,7,0.5589007139,0.4736071825,-0.0438142419,1.0000000000
110,9.4350000000,left_hand,7,0.5664569139,0.4686456025,-0.0374538936,1.0000000000
111,9.5210000000,left_hand,7,0.5721351504,0.4670688212,-0.0396326780,1.0000000000
112,9.6070000000,left_hand,7,0.5795992017,0.4976638258,-0.0350920334,1.0000000000
113,9.6930000000,left_hand,7,0.5827827454,0.4724844992,-0.0432693437,1.0000000000
114,9.7780000000,left_hand,7,0.5828099847,0.4731848836,-0.0446229428,1.0000000000
115,9.8640000000,left_hand,7,0.5846711993,0.4746273756,-0.0463454574,1.0000000000
116,9.9500000000,left_hand,7,0.5839853287,0.4694361687,-0.0345936343,1.0000000000
117,10.0360000000,left_hand,7,0.5843912363,0.4710149169,-0.0467417017,1.0000000000
118,10.1210000000,left_hand,7,0.5878652334,0.4740088582,-0.0390441343,1.0000000000
119,10.2070000000,left_hand,7,0.5870974660,0.4734643400,-0.0395108648,1.0000000000
120,10.2930000000,left_hand,7,0.5833790302,0.4753398895,-0.0409434848,1.0000000000
121,10.3790000000,left_hand,7,0.5769332647,0.4713705182,-0.0451450571,1.0000000000
122,10.4640000000,left_hand,7,0.5712118745,0.4725563228,-0.0442889296,1.0000000000
123,10.5500000000,left_hand,7,0.5667299032,0.4776332378,-0.0392995104,1.0000000000
124,10.6360000000,left_hand,7,0.5624535084,0.4803524315,-0.0415216684,1.0000000000
125,10.7220000000,left_hand,7,0.5593441129,0.4902841151,-0.0451105647,1.0000000000
126,10.8080000000,left_hand,7,0.5576318502,0.4838361740,-0.0373018757,1.0000000000
127,10.8930000000,left_hand,7,0.5609269738,0.4964535534,-0.0387110785,1.0000000000
128,10.9790000000,left_hand,7,0.5579645634,0.5043500662,-0.0354407132,1.0000000000
129,11.0650000000,left_hand,7,0.5660458803,0.4909351468,-0.0327154323,1.0000000000
130,11.1510000000,left_hand,7,0.5677234530,0.4968966544,-0.0364731550,1.0000000000
131,11.2360000000,left_hand,7,0.5673663616,0.4928799570,-0.0399390422,1.0000000000
132,11.3220000000,left_hand,7,0.5738936663,0.4888528585,-0.0390939862,1.0000000000
133,11.4080000000,left_hand,7,0.5825306773,0.4851269424,-0.0322580934,1.0000000000
134,11.4940000000,left_hand,7,0.5927593112,0.4764080346,-0.0354035757,1.0000000000
135,11.5800000000,left_hand,7,0.5942159891,0.4727009535,-0.0269140899,1.0000000000
136,11.6650000000,left_hand,7,0.5966709256,0.4781263769,-0.0302923247,1.0000000000
137,11.7510000000,left_hand,7,0.5951499939,0.4706847668,-0.0466707386,1.0000000000
138,11.8370000000,left_hand,7,0.5972427726,0.4711294472,-0.0807297453,1.0000000000
139,11.9230000000,left_hand,7,0.5915452242,0.4680964947,-0.0185598154,1.0000000000
59,5.0610000000,left_hand,8,0.4914023280,0.5221730471,-0.0391054228,1.0000000000
60,5.1460000000,left_hand,8,0.5441383719,0.5173176527,-0.0394547544,1.0000000000
61,5.2320000000,left_hand,8,0.5433132052,0.5186591744,-0.0381500646,1.0000000000
62,5.3180000000,left_hand,8,0.5420672894,0.5148637891,-0.0360946245,1.0000000000
63,5.4040000000,left_hand,8,0.5364981890,0.5195205808,-0.0413914993,1.0000000000
64,5.4900000000,left_hand,8,0.5367698073,0.5121299624,-0.0399585776,1.0000000000
65,5.5750000000,left_hand,8,0.5361914635,0.5381805301,-0.0353593677,1.0000000000
66,5.6610000000,left_hand,8,0.5400497317,0.5096034408,-0.0415488705,1.0000000000
67,5.7470000000,left_hand,8,0.5422803164,0.4999125004,-0.0454341508,1.0000000000
68,5.8330000000,left_hand,8,0.5447883010,0.4975132942,-0.0522523038,1.0000000000
69,5.9180000000,left_hand,8,0.5434520841,0.4914961457,-0.0529570132,1.0000000000
70,6.0040000000,left_hand,8,0.5454775691,0.4911990762,-0.0550194308,1.0000000000
71,6.0900000000,left_hand,8,0.5464850068,0.4883170128,-0.0524533466,1.0000000000
72,6.1760000000,left_hand,8,0.5469316840,0.4922178388,-0.0587696247,1.0000000000
73,6.2620000000,left_hand,8,0.5474617481,0.4911275506,-0.0613887534,1.0000000000
74,6.3470000000,left_hand,8,0.5472727418,0.4916379452,-0.0491939075,1.0000000000
75,6.4330000000,left_hand,8,0.5460928679,0.4881644547,-0.0497920923,1.0000000000
76,6.5190000000,left_hand,8,0.5471025705,0.4931748509,-0.0521968678,1.0000000000
77,6.6050000000,left_hand,8,0.5474004149,0.4926113486,-0.0475122258,1.0000000000
78,6.6900000000,left_hand,8,0.5473152399,0.4964247644,-0.0434699506,1.0000000000
79,6.7760000000,left_hand,8,0.5439252853,0.4948458970,-0.0458061136,1.0000000000
80,6.8620000000,left_hand,8,0.5493565202,0.4949733615,-0.0396130681,1.0000000000
81,6.9480000000,left_hand,8,0.5497025251,0.4996808767,-0.0421306491,1.0000000000
82,7.0340000000,left_hand,8,0.5467071533,0.4937738180,-0.0429686457,1.0000000000
83,7.1190000000,left_hand,8,0.5440659523,0.4939544797,-0.0474581085,1.0000000000
84,7.2050000000,left_hand,8,0.5515801311,0.5029014349,-0.0395903289,1.0000000000
85,7.2910000000,left_hand,8,0.5509297848,0.5065948367,-0.0423567891,1.0000000000
86,7.3770000000,left_hand,8,0.5527450442,0.4987994432,-0.0372110270,1.0000000000
87,7.4620000000,left_hand,8,0.5499499440,0.4970560074,-0.0421501175,1.0000000000
88,7.5480000000,left_hand,8,0.5511522293,0.4955336750,-0.0442312807,1.0000000000
89,7.6340000000,left_hand,8,0.5509335399,0.5079495311,-0.0464024395,1.0000000000
90,7.7200000000,left_hand,8,0.5568799376,0.4992349744,-0.0478231050,1.0000000000
91,7.8050000000,left_hand,8,0.5661908984,0.4991965294,-0.0582433529,1.0000000000
92,7.8910000000,left_hand,8,0.5669904351,0.4888120890,-0.0444160923,1.0000000000
93,7.9770000000,left_hand,8,0.5719486475,0.5105074644,-0.0419132262,1.0000000000
94,8.0630000000,left_hand,8,0.5770341158,0.4842495620,-0.0356395505,1.0000000000
95,8.1490000000,left_hand,8,0.5799297094,0.4843056500,-0.0304102246,1.0000000000
96,8.2340000000,left_hand,8,0.5836231709,0.4803833067,-0.0530150197,1.0000000000
97,8.3200000000,left_hand,8,0.5822589993,0.4776622951,-0.0420576110,1.0000000000
98,8.4060000000,left_hand,8,0.5840801001,0.4788110256,-0.0342560783,1.0000000000
99,8.4920000000,left_hand,8,0.5791004896,0.4758398533,-0.0507845767,1.0000000000
100,8.5770000000,left_hand,8,0.5785601139,0.4787942171,-0.0332961753,1.0000000000
101,8.6630000000,left_hand,8,0.5676065087,0.4910150766,-0.0348318368,1.0000000000
102,8.7490000000,left_hand,8,0.5623229742,0.4925060868,-0.0399942994,1.0000000000
103,8.8350000000,left_hand,8,0.5517444015,0.5066159368,-0.0369462445,1.0000000000
104,8.9210000000,left_hand,8,0.5474235415,0.5042049289,-0.0365291983,1.0000000000
105,9.0060000000,left_hand,8,0.5401048660,0.5021376014,-0.0455531627,1.0000000000
106,9.0920000000,left_hand,8,0.5416848660,0.4922853410,-0.0462227277,1.0000000000
107,9.1780000000,left_hand,8,0.5398666859,0.4858600199,-0.0449677743,1.0000000000
108,9.2640000000,left_hand,8,0.5394865870,0.4771208763,-0.0517956987,1.0000000000
109,9.3490000000,left_hand,8,0.5433591008,0.4778563976,-0.0481710136,1.0000000000
110,9.4350000000,left_hand,8,0.5513375401,0.4725702703,-0.0410732329,1.0000000000
111,9.5210000000,left_hand,8,0.5570344329,0.4689827561,-0.0436373167,1.0000000000
112,9.6070000000,left_hand,8,0.5640727282,0.5039333701,-0.0373813994,1.0000000000
113,9.6930000000,left_hand,8,0.5680184960,0.4751944244,-0.0458325259,1.0000000000
114,9.7780000000,left_hand,8,0.5662277937,0.4749740064,-0.0476760045,1.0000000000
115,9.8640000000,left_hand,8,0.5691040158,0.4774057269,-0.0493519902,1.0000000000
116,9.9500000000,left_hand,8,0.5691184402,0.4689846039,-0.0373833850,1.0000000000
117,10.0360000000,left_hand,8,0.5687496662,0.4724432230,-0.0499467030,1.0000000000
118,10.1210000000,left_hand,8,0.5734062195,0.4751973152,-0.0424369462,1.0000000000
119,10.2070000000,left_hand,8,0.5726689696,0.4774039984,-0.0425034948,1.0000000000
120,10.2930000000,left_hand,8,0.5679528117,0.4770796895,-0.0450591184,1.0000000000
121,10.3790000000,left_hand,8,0.5617383718,0.4733633399,-0.0487477444,1.0000000000
122,10.4640000000,left_hand,8,0.5560410023,0.4765406847,-0.0476845540,1.0000000000
123,10.5500000000,left_hand,8,0.5517574549,0.4791899025,-0.0428543352,1.0000000000
124,10.6360000000,left_hand,8,0.5482049584,0.4859539866,-0.0445923135,1.0000000000
125,10.7220000000,left_hand,8,0.5446386933,0.4955948293,-0.0486870706,1.0000000000
126,10.8080000000,left_hand,8,0.5439896584,0.4880894423,-0.0408646911,1.0000000000
127,10.8930000000,left_hand,8,0.5503944755,0.5084526539,-0.0396895446,1.0000000000
128,10.9790000000,left_hand,8,0.5457946062,0.5119842291,-0.0358359367,1.0000000000
129,11.0650000000,left_hand,8,0.5542613268,0.4980216026,-0.0338794440,1.0000000000
130,11.1510000000,left_hand,8,0.5540625453,0.5072757006,-0.0384123512,1.0000000000
131,11.2360000000,left_hand,8,0.5551347136,0.5037257671,-0.0430134498,1.0000000000
132,11.3220000000,left_hand,8,0.5605283976,0.4944455922,-0.0429838896,1.0000000000
133,11.4080000000,left_hand,8,0.5694428086,0.4909411669,-0.0347774364,1.0000000000
134,11.4940000000,left_hand,8,0.5790136456,0.4790451229,-0.0390900299,1.0000000000
135,11.5800000000,left_hand,8,0.5802037716,0.4797285497,-0.0287045240,1.0000000000
136,11.6650000000,left_hand,8,0.5835421085,0.4845159054,-0.0341955125,1.0000000000
137,11.7510000000,left_hand,8,0.5804934502,0.4766936898,-0.0535445586,1.0000000000
138,11.8370000000,left_hand,8,0.5822163820,0.4740627110,-0.0908676237,1.0000000000
139,11.9230000000,left_hand,8,0.5799039006,0.4732110202,-0.0212672334,1.0000000000
59,5.0610000000,left_hand,9,0.4284076095,0.5520890951,-0.0238119829,1.0000000000
60,5.1460000000,left_hand,9,0.6027977467,0.5247273445,-0.0259613544,1.0000000000
61,5.2320000000,left_hand,9,0.6025208235,0.5288805366,-0.0242129136,1.0000000000
62,5.3180000000,left_hand,9,0.6009125710,0.5192551017,-0.0234704521,1.0000000000
63,5.4040000000,left_hand,9,0.6001999974,0.5212113261,-0.0261483695,1.0000000000
64,5.4900000000,left_hand,9,0.5978577137,0.5201186538,-0.0279449485,1.0000000000
65,5.5750000000,left_hand,9,0.5957313180,0.5357721448,-0.0217412785,1.0000000000
66,5.6610000000,left_hand,9,0.6020024419,0.5243425369,-0.0274495296,1.0000000000
67,5.7470000000,left_hand,9,0.6086983085,0.5173945427,-0.0288095232,1.0000000000
68,5.8330000000,left_hand,9,0.6136780977,0.5134412646,-0.0315889232,1.0000000000
69,5.9180000000,left_hand,9,0.6167032719,0.5071617961,-0.0332144424,1.0000000000
70,6.0040000000,left_hand,9,0.6171457171,0.5091520548,-0.0355368592,1.0000000000
71,6.0900000000,left_hand,9,0.6183428168,0.5073056817,-0.0320497565,1.0000000000
72,6.1760000000,left_hand,9,0.6203789115,0.5137954354,-0.0351417325,1.0000000000
73,6.2620000000,left_hand,9,0.6193946004,0.5121557117,-0.0349399522,1.0000000000
74,6.3470000000,left_hand,9,0.6180796027,0.5107945204,-0.0301399976,1.0000000000
75,6.4330000000,left_hand,9,0.6192206740,0.5128144622,-0.0307135563,1.0000000000
76,6.5190000000,left_hand,9,0.6183608770,0.5167816281,-0.0324522294,1.0000000000
77,6.6050000000,left_hand,9,0.6176230907,0.5121450424,-0.0312431697,1.0000000000
78,6.6900000000,left_hand,9,0.6169837117,0.5125224590,-0.0264477730,1.0000000000
79,6.7760000000,left_hand,9,0.6148886681,0.5149303675,-0.0266767591,1.0000000000
80,6.8620000000,left_hand,9,0.6160268188,0.5105533600,-0.0258452706,1.0000000000
81,6.9480000000,left_hand,9,0.6158279181,0.5099297166,-0.0303220283,1.0000000000
82,7.0340000000,left_hand,9,0.6159918904,0.5072139502,-0.0296345111,1.0000000000
83,7.1190000000,left_hand,9,0.6146755815,0.5089443922,-0.0320513658,1.0000000000
84,7.2050000000,left_hand,9,0.6145056486,0.5170209408,-0.0245497916,1.0000000000
85,7.2910000000,left_hand,9,0.6157455444,0.5143229961,-0.0286957622,1.0000000000
86,7.3770000000,left_hand,9,0.6156973839,0.5111745596,-0.0261387024,1.0000000000
87,7.4620000000,left_hand,9,0.6153966188,0.5060533285,-0.0266363025,1.0000000000
88,7.5480000000,left_hand,9,0.6187428236,0.5059593320,-0.0287292898,1.0000000000
89,7.6340000000,left_hand,9,0.6198713779,0.5053586364,-0.0308508649,1.0000000000
90,7.7200000000,left_hand,9,0.6232519150,0.5061241984,-0.0288360622,1.0000000000
91,7.8050000000,left_hand,9,0.6260018349,0.5122352242,-0.0325848162,1.0000000000
92,7.8910000000,left_hand,9,0.6297883391,0.5066747665,-0.0288172234,1.0000000000
93,7.9770000000,left_hand,9,0.6357465386,0.5075513124,-0.0289030056,1.0000000000
94,8.0630000000,left_hand,9,0.6284230947,0.5065211654,-0.0247504450,1.0000000000
95,8.1490000000,left_hand,9,0.6292302012,0.5054808855,-0.0210569780,1.0000000000
96,8.2340000000,left_hand,9,0.6284307837,0.5078767538,-0.0311872512,1.0000000000
97,8.3200000000,left_hand,9,0.6284424067,0.5050997138,-0.0228523873,1.0000000000
98,8.4060000000,left_hand,9,0.6270664334,0.5037959218,-0.0197847467,1.0000000000
99,8.4920000000,left_hand,9,0.6287436485,0.5048051476,-0.0298825707,1.0000000000
100,8.5770000000,left_hand,9,0.6316408515,0.5072541237,-0.0219762530,1.0000000000
101,8.6630000000,left_hand,9,0.6265062094,0.5077719688,-0.0221060589,1.0000000000
102,8.7490000000,left_hand,9,0.6221912503,0.5070115328,-0.0255911630,1.0000000000
103,8.8350000000,left_hand,9,0.6190776825,0.5105761886,-0.0272475947,1.0000000000
104,8.9210000000,left_hand,9,0.6124240756,0.5039665103,-0.0234510116,1.0000000000
105,9.0060000000,left_hand,9,0.6108385324,0.5080450177,-0.0316081904,1.0000000000
106,9.0920000000,left_hand,9,0.6093283296,0.5042064190,-0.0308162086,1.0000000000
107,9.1780000000,left_hand,9,0.6076487303,0.5063348413,-0.0309743192,1.0000000000
108,9.2640000000,left_hand,9,0.6127719283,0.5006528497,-0.0323101617,1.0000000000
109,9.3490000000,left_hand,9,0.6152969003,0.5037732124,-0.0295449868,1.0000000000
110,9.4350000000,left_hand,9,0.6207928061,0.5027369261,-0.0245975219,1.0000000000
111,9.5210000000,left_hand,9,0.6230109930,0.5008688569,-0.0271814261,1.0000000000
112,9.6070000000,left_hand,9,0.6305824518,0.5014968514,-0.0270073637,1.0000000000
113,9.6930000000,left_hand,9,0.6302058697,0.5094954967,-0.0326129384,1.0000000000
114,9.7780000000,left_hand,9,0.6322987676,0.5112163424,-0.0332131498,1.0000000000
115,9.8640000000,left_hand,9,0.6330829263,0.5091300607,-0.0350194909,1.0000000000
116,9.9500000000,left_hand,9,0.6318516135,0.5076601505,-0.0253357887,1.0000000000
117,10.0360000000,left_hand,9,0.6332113147,0.5105232000,-0.0340284109,1.0000000000
118,10.1210000000,left_hand,9,0.6322299242,0.5108776093,-0.0276929121,1.0000000000
119,10.2070000000,left_hand,9,0.6340268254,0.5045347810,-0.0285840239,1.0000000000
120,10.2930000000,left_hand,9,0.6325517893,0.5076502562,-0.0279250275,1.0000000000
121,10.3790000000,left_hand,9,0.6290116310,0.5047535300,-0.0312985294,1.0000000000
122,10.4640000000,left_hand,9,0.6263802052,0.5007734895,-0.0304797608,1.0000000000
123,10.5500000000,left_hand,9,0.6209770441,0.5091535449,-0.0271267928,1.0000000000
124,10.6360000000,left_hand,9,0.6176905632,0.5086143017,-0.0300592035,1.0000000000
125,10.7220000000,left_hand,9,0.6163057089,0.5068484545,-0.0307772364,1.0000000000
126,10.8080000000,left_hand,9,0.6109409332,0.5084381700,-0.0252183825,1.0000000000
127,10.8930000000,left_hand,9,0.6117151976,0.5037068725,-0.0320645794,1.0000000000
128,10.9790000000,left_hand,9,0.6099109650,0.5131046772,-0.0320723839,1.0000000000
129,11.0650000000,left_hand,9,0.6121150851,0.5101268291,-0.0271065757,1.0000000000
130,11.1510000000,left_hand,9,0.6120516062,0.5114290714,-0.0300302189,1.0000000000
131,11.2360000000,left_hand,9,0.6167957187,0.5084725618,-0.0289163366,1.0000000000
132,11.3220000000,left_hand,9,0.6227524877,0.5093191862,-0.0275662411,1.0000000000
133,11.4080000000,left_hand,9,0.6290178299,0.5151181221,-0.0247403309,1.0000000000
134,11.4940000000,left_hand,9,0.6344033480,0.5091097355,-0.0244754050,1.0000000000
135,11.5800000000,left_hand,9,0.6369429231,0.5025820136,-0.0205927081,1.0000000000
136,11.6650000000,left_hand,9,0.6345527768,0.5104982853,-0.0184925571,1.0000000000
137,11.7510000000,left_hand,9,0.6339237690,0.5035536289,-0.0244715679,1.0000000000
138,11.8370000000,left_hand,9,0.6290246248,0.5030798912,-0.0375932977,1.0000000000
139,11.9230000000,left_hand,9,0.6255947351,0.5022020936,-0.0117678773,1.0000000000
59,5.0610000000,left_hand,10,0.4610168040,0.5516443849,-0.0336799659,1.0000000000
60,5.1460000000,left_hand,10,0.5701799393,0.5265995264,-0.0357382819,1.0000000000
61,5.2320000000,left_hand,10,0.5709086657,0.5294285417,-0.0330035798,1.0000000000
62,5.3180000000,left_hand,10,0.5694302320,0.5208137035,-0.0325640887,1.0000000000
63,5.4040000000,left_hand,10,0.5646667480,0.5255330205,-0.0353060849,1.0000000000
64,5.4900000000,left_hand,10,0.5642879009,0.5242947936,-0.0374721549,1.0000000000
65,5.5750000000,left_hand,10,0.5631240606,0.5422591567,-0.0300238132,1.0000000000
66,5.6610000000,left_hand,10,0.5708347559,0.5254740715,-0.0383517779,1.0000000000
67,5.7470000000,left_hand,10,0.5731459260,0.5185419917,-0.0402743109,1.0000000000
68,5.8330000000,left_hand,10,0.5773628950,0.5165703893,-0.0446206257,1.0000000000
69,5.9180000000,left_hand,10,0.5783163309,0.5118883252,-0.0453534946,1.0000000000
70,6.0040000000,left_hand,10,0.5806632638,0.5115926266,-0.0500127636,1.0000000000
71,6.0900000000,left_hand,10,0.5823466182,0.5103478432,-0.0457340851,1.0000000000
72,6.1760000000,left_hand,10,0.5836118460,0.5136259794,-0.0501720421,1.0000000000
73,6.2620000000,left_hand,10,0.5828467607,0.5127155781,-0.0496210866,1.0000000000
74,6.3470000000,left_hand,10,0.5816718340,0.5119624734,-0.0429121442,1.0000000000
75,6.4330000000,left_hand,10,0.5824211240,0.5126268864,-0.0431932583,1.0000000000
76,6.5190000000,left_hand,10,0.5817251205,0.5144469142,-0.0462366566,1.0000000000
77,6.6050000000,left_hand,10,0.5808082223,0.5124450922,-0.0434382893,1.0000000000
78,6.6900000000,left_hand,10,0.5793354511,0.5144917965,-0.0375816636,1.0000000000
79,6.7760000000,left_hand,10,0.5782056451,0.5166667104,-0.0380392857,1.0000000000
80,6.8620000000,left_hand,10,0.5793309212,0.5148564577,-0.0361900292,1.0000000000
81,6.9480000000,left_hand,10,0.5793570876,0.5145868659,-0.0413008258,1.0000000000
82,7.0340000000,left_hand,10,0.5779885650,0.5144942999,-0.0401305296,1.0000000000
83,7.1190000000,left_hand,10,0.5784700513,0.5125889778,-0.0446995236,1.0000000000
84,7.2050000000,left_hand,10,0.5793166757,0.5185615420,-0.0345073864,1.0000000000
85,7.2910000000,left_hand,10,0.5788448453,0.5174796581,-0.0392463692,1.0000000000
86,7.3770000000,left_hand,10,0.5791066885,0.5136423707,-0.0347841680,1.0000000000
87,7.4620000000,left_hand,10,0.5793353319,0.5092490315,-0.0358988233,1.0000000000
88,7.5480000000,left_hand,10,0.5814472437,0.5046410561,-0.0394271873,1.0000000000
89,7.6340000000,left_hand,10,0.5821755528,0.5066126585,-0.0407397524,1.0000000000
90,7.7200000000,left_hand,10,0.5883758664,0.5052341223,-0.0406946614,1.0000000000
91,7.8050000000,left_hand,10,0.5937325358,0.5066846013,-0.0465485193,1.0000000000
92,7.8910000000,left_hand,10,0.5979330540,0.5015500188,-0.0397033058,1.0000000000
93,7.9770000000,left_hand,10,0.6023907661,0.5056430101,-0.0379223898,1.0000000000
94,8.0630000000,left_hand,10,0.6005634069,0.5034626722,-0.0342582501,1.0000000000
95,8.1490000000,left_hand,10,0.6012987494,0.5052558780,-0.0305770282,1.0000000000
96,8.2340000000,left_hand,10,0.6041961312,0.5051349998,-0.0472020432,1.0000000000
97,8.3200000000,left_hand,10,0.6051529050,0.5015212297,-0.0348009616,1.0000000000
98,8.4060000000,left_hand,10,0.6022140980,0.5014802217,-0.0307313036,1.0000000000
99,8.4920000000,left_hand,10,0.6036368608,0.5025061369,-0.0449347161,1.0000000000
100,8.5770000000,left_hand,10,0.6014139652,0.5027611256,-0.0307365227,1.0000000000
101,8.6630000000,left_hand,10,0.5942593217,0.5030951500,-0.0310732275,1.0000000000
102,8.7490000000,left_hand,10,0.5885846019,0.5066564083,-0.0357326083,1.0000000000
103,8.8350000000,left_hand,10,0.5815926194,0.5118194222,-0.0357349962,1.0000000000
104,8.9210000000,left_hand,10,0.5747517347,0.5084501505,-0.0318153836,1.0000000000
105,9.0060000000,left_hand,10,0.5726081729,0.5088105202,-0.0418685339,1.0000000000
106,9.0920000000,left_hand,10,0.5725138187,0.5056434870,-0.0413939394,1.0000000000
107,9.1780000000,left_hand,10,0.5712314248,0.5076869726,-0.0419906527,1.0000000000
108,9.2640000000,left_hand,10,0.5733184814,0.5031484962,-0.0446246043,1.0000000000
109,9.3490000000,left_hand,10,0.5772065520,0.5026917458,-0.0415390022,1.0000000000
110,9.4350000000,left_hand,10,0.5826170444,0.5033429265,-0.0346514471,1.0000000000
111,9.5210000000,left_hand,10,0.5867856741,0.5022130609,-0.0371677168,1.0000000000
112,9.6070000000,left_hand,10,0.5940214396,0.5022178888,-0.0352552757,1.0000000000
113,9.6930000000,left_hand,10,0.5977086425,0.5055333972,-0.0447228402,1.0000000000
114,9.7780000000,left_hand,10,0.6002175212,0.5074856877,-0.0467532240,1.0000000000
115,9.8640000000,left_hand,10,0.6012873054,0.5063582659,-0.0500770248,1.0000000000
116,9.9500000000,left_hand,10,0.5996575356,0.5048080683,-0.0354002044,1.0000000000
117,10.0360000000,left_hand,10,0.6013630033,0.5060647726,-0.0479425788,1.0000000000
118,10.1210000000,left_hand,10,0.5998762250,0.5051180124,-0.0391142182,1.0000000000
119,10.2070000000,left_hand,10,0.6002323031,0.5032718182,-0.0397713482,1.0000000000
120,10.2930000000,left_hand,10,0.5985460877,0.5041264296,-0.0395618267,1.0000000000
121,10.3790000000,left_hand,10,0.5952274799,0.5041301847,-0.0429279953,1.0000000000
122,10.4640000000,left_hand,10,0.5901488662,0.5038908124,-0.0415001400,1.0000000000
123,10.5500000000,left_hand,10,0.5835690498,0.5088345408,-0.0371171758,1.0000000000
124,10.6360000000,left_hand,10,0.5792188644,0.5087845922,-0.0402757265,1.0000000000
125,10.7220000000,left_hand,10,0.5771758556,0.5124067664,-0.0422091670,1.0000000000
126,10.8080000000,left_hand,10,0.5747295618,0.5134634376,-0.0349656157,1.0000000000
127,10.8930000000,left_hand,10,0.5751164556,0.5058884621,-0.0420752652,1.0000000000
128,10.9790000000,left_hand,10,0.5737574100,0.5127788782,-0.0409813114,1.0000000000
129,11.0650000000,left_hand,10,0.5770353675,0.5113523006,-0.0348829851,1.0000000000
130,11.1510000000,left_hand,10,0.5796741843,0.5096343756,-0.0431390777,1.0000000000
131,11.2360000000,left_hand,10,0.5829806924,0.5054723620,-0.0396566503,1.0000000000
132,11.3220000000,left_hand,10,0.5882701874,0.5097236633,-0.0381528065,1.0000000000
133,11.4080000000,left_hand,10,0.5958195925,0.5088881254,-0.0342273004,1.0000000000
134,11.4940000000,left_hand,10,0.6040274501,0.5029283166,-0.0351093188,1.0000000000
135,11.5800000000,left_hand,10,0.6064194441,0.5000708103,-0.0296642743,1.0000000000
136,11.6650000000,left_hand,10,0.6073075533,0.5015281439,-0.0280171167,1.0000000000
137,11.7510000000,left_hand,10,0.6065846682,0.4982175231,-0.0401803739,1.0000000000
138,11.8370000000,left_hand,10,0.6038789153,0.4969724715,-0.0578766055,1.0000000000
139,11.9230000000,left_hand,10,0.5964526534,0.4990744591,-0.0179786719,1.0000000000
59,5.0610000000,left_hand,11,0.4821228683,0.5542215109,-0.0378322452,1.0000000000
60,5.1460000000,left_hand,11,0.5506395698,0.5295482874,-0.0399340093,1.0000000000
61,5.2320000000,left_hand,11,0.5513814688,0.5322027802,-0.0372657403,1.0000000000
62,5.3180000000,left_hand,11,0.5506897569,0.5250531435,-0.0374520347,1.0000000000
63,5.4040000000,left_hand,11,0.5451546311,0.5307419896,-0.0394963436,1.0000000000
64,5.4900000000,left_hand,11,0.5450938344,0.5294168591,-0.0412476212,1.0000000000
65,5.5750000000,left_hand,11,0.5444161892,0.5469836593,-0.0346387178,1.0000000000
66,5.6610000000,left_hand,11,0.5506153703,0.5280426741,-0.0440748781,1.0000000000
67,5.7470000000,left_hand,11,0.5522435904,0.5226187110,-0.0449436456,1.0000000000
68,5.8330000000,left_hand,11,0.5554350019,0.5211927295,-0.0502556451,1.0000000000
69,5.9180000000,left_hand,11,0.5560784340,0.5161159635,-0.0498863235,1.0000000000
70,6.0040000000,left_hand,11,0.5584828854,0.5177302361,-0.0548546575,1.0000000000
71,6.0900000000,left_hand,11,0.5601951480,0.5175315142,-0.0502300225,1.0000000000
72,6.1760000000,left_hand,11,0.5608289242,0.5192341208,-0.0562098734,1.0000000000
73,6.2620000000,left_hand,11,0.5599510670,0.5179542899,-0.0550440997,1.0000000000
74,6.3470000000,left_hand,11,0.5596848130,0.5168177485,-0.0477690957,1.0000000000
75,6.4330000000,left_hand,11,0.5590711236,0.5158468485,-0.0478741005,1.0000000000
76,6.5190000000,left_hand,11,0.5592780113,0.5184489489,-0.0517907925,1.0000000000
77,6.6050000000,left_hand,11,0.5586555004,0.5168899894,-0.0475290604,1.0000000000
78,6.6900000000,left_hand,11,0.5573571920,0.5191460252,-0.0425937958,1.0000000000
79,6.7760000000,left_hand,11,0.5557334423,0.5222941637,-0.0427117646,1.0000000000
80,6.8620000000,left_hand,11,0.5575990081,0.5210736394,-0.0397754088,1.0000000000
81,6.9480000000,left_hand,11,0.5583062172,0.5222123265,-0.0440751389,1.0000000000
82,7.0340000000,left_hand,11,0.5570734739,0.5233215094,-0.0431134813,1.0000000000
83,7.1190000000,left_hand,11,0.5569016933,0.5206855536,-0.0482392609,1.0000000000
84,7.2050000000,left_hand,11,0.5588521361,0.5234308243,-0.0390935093,1.0000000000
85,7.2910000000,left_hand,11,0.5582154393,0.5243875384,-0.0423988998,1.0000000000
86,7.3770000000,left_hand,11,0.5587708354,0.5199754834,-0.0375382863,1.0000000000
87,7.4620000000,left_hand,11,0.5585928559,0.5170680285,-0.0391087681,1.0000000000
88,7.5480000000,left_hand,11,0.5611330867,0.5121600032,-0.0427031331,1.0000000000
89,7.6340000000,left_hand,11,0.5611681342,0.5149275661,-0.0432906002,1.0000000000
90,7.7200000000,left_hand,11,0.5671942234,0.5124061108,-0.0451992713,1.0000000000
91,7.8050000000,left_hand,11,0.5741338134,0.5117891431,-0.0523864552,1.0000000000
92,7.8910000000,left_hand,11,0.5774592161,0.5083106756,-0.0433813259,1.0000000000
93,7.9770000000,left_hand,11,0.5819850564,0.5122611523,-0.0406976454,1.0000000000
94,8.0630000000,left_hand,11,0.5825863481,0.5113070011,-0.0376934223,1.0000000000
95,8.1490000000,left_hand,11,0.5843504071,0.5106027126,-0.0348315053,1.0000000000
96,8.2340000000,left_hand,11,0.5884224772,0.5101981759,-0.0557971187,1.0000000000
97,8.3200000000,left_hand,11,0.5887740850,0.5095550418,-0.0412185192,1.0000000000
98,8.4060000000,left_hand,11,0.5867442489,0.5087707043,-0.0362553485,1.0000000000
99,8.4920000000,left_hand,11,0.5867773294,0.5069456697,-0.0535581373,1.0000000000
100,8.5770000000,left_hand,11,0.5831156373,0.5076640844,-0.0346371308,1.0000000000
101,8.6630000000,left_hand,11,0.5758702159,0.5101243258,-0.0346782245,1.0000000000
102,8.7490000000,left_hand,11,0.5689689517,0.5131763220,-0.0400509350,1.0000000000
103,8.8350000000,left_hand,11,0.5614991784,0.5196174979,-0.0383544751,1.0000000000
104,8.9210000000,left_hand,11,0.5550212264,0.5180336833,-0.0348608643,1.0000000000
105,9.0060000000,left_hand,11,0.5514597297,0.5172132254,-0.0447834805,1.0000000000
106,9.0920000000,left_hand,11,0.5517302752,0.5122467875,-0.0446854606,1.0000000000
107,9.1780000000,left_hand,11,0.5520278215,0.5146890283,-0.0450707301,1.0000000000
108,9.2640000000,left_hand,11,0.5516004562,0.5120409131,-0.0482353494,1.0000000000
109,9.3490000000,left_hand,11,0.5548197627,0.5091474652,-0.0459322482,1.0000000000
110,9.4350000000,left_hand,11,0.5609692335,0.5081436634,-0.0386999026,1.0000000000
111,9.5210000000,left_hand,11,0.5676828027,0.5062515736,-0.0407421403,1.0000000000
112,9.6070000000,left_hand,11,0.5723894238,0.5052657127,-0.0374103859,1.0000000000
113,9.6930000000,left_hand,11,0.5771689415,0.5061365962,-0.0485396385,1.0000000000
114,9.7780000000,left_hand,11,0.5783211589,0.5056765079,-0.0520671606,1.0000000000
115,9.8640000000,left_hand,11,0.5799573660,0.5060731769,-0.0557149798,1.0000000000
116,9.9500000000,left_hand,11,0.5790865421,0.5048171282,-0.0390532576,1.0000000000
117,10.0360000000,left_hand,11,0.5794606805,0.5048598647,-0.0531367585,1.0000000000
118,10.1210000000,left_hand,11,0.5788990259,0.5040673018,-0.0440552831,1.0000000000
119,10.2070000000,left_hand,11,0.5785616636,0.5049240589,-0.0441516973,1.0000000000
120,10.2930000000,left_hand,11,0.5760480165,0.5050966740,-0.0449509658,1.0000000000
121,10.3790000000,left_hand,11,0.5736462474,0.5064726472,-0.0470944345,1.0000000000
122,10.4640000000,left_hand,11,0.5680728555,0.5084834695,-0.0452143587,1.0000000000
123,10.5500000000,left_hand,11,0.5610487461,0.5116392374,-0.0408645011,1.0000000000
124,10.6360000000,left_hand,11,0.5571967363,0.5146379471,-0.0434349142,1.0000000000
125,10.7220000000,left_hand,11,0.5549620390,0.5201215148,-0.0460827202,1.0000000000
126,10.8080000000,left_hand,11,0.5541149378,0.5212427378,-0.0386427827,1.0000000000
127,10.8930000000,left_hand,11,0.5544278622,0.5172722340,-0.0434815027,1.0000000000
128,10.9790000000,left_hand,11,0.5535236001,0.5182083845,-0.0415929407,1.0000000000
129,11.0650000000,left_hand,11,0.5572268367,0.5179018378,-0.0363580547,1.0000000000
130,11.1510000000,left_hand,11,0.5602647066,0.5177547932,-0.0464070998,1.0000000000
131,11.2360000000,left_hand,11,0.5623434782,0.5132313967,-0.0434246324,1.0000000000
132,11.3220000000,left_hand,11,0.5682805777,0.5169870257,-0.0420518294,1.0000000000
133,11.4080000000,left_hand,11,0.5765986443,0.5119541287,-0.0374324247,1.0000000000
134,11.4940000000,left_hand,11,0.5836962461,0.5045662522,-0.0394963138,1.0000000000
135,11.5800000000,left_hand,11,0.5867225528,0.5055165291,-0.0336127989,1.0000000000
136,11.6650000000,left_hand,11,0.5886952281,0.5042524338,-0.0338972360,1.0000000000
137,11.7510000000,left_hand,11,0.5886894464,0.5041483045,-0.0508428663,1.0000000000
138,11.8370000000,left_hand,11,0.5879449248,0.5018115640,-0.0747911111,1.0000000000
139,11.9230000000,left_hand,11,0.5832088590,0.5074288845,-0.0212212335,1.0000000000
59,5.0610000000,left_hand,12,0.4984189272,0.5572977066,-0.0402513258,1.0000000000
60,5.1460000000,left_hand,12,0.5378303528,0.5314118862,-0.0427273586,1.0000000000
61,5.2320000000,left_hand,12,0.5380677581,0.5342044830,-0.0405341908,1.0000000000
62,5.3180000000,left_hand,12,0.5374999046,0.5287910104,-0.0412065536,1.0000000000
63,5.4040000000,left_hand,12,0.5323498845,0.5343579054,-0.0430566519,1.0000000000
64,5.4900000000,left_hand,12,0.5326186419,0.5322239995,-0.0443285704,1.0000000000
65,5.5750000000,left_hand,12,0.5316006541,0.5497374535,-0.0386734866,1.0000000000
66,5.6610000000,left_hand,12,0.5361524820,0.5283173919,-0.0484027155,1.0000000000
67,5.7470000000,left_hand,12,0.5380277038,0.5249466896,-0.0483422317,1.0000000000
68,5.8330000000,left_hand,12,0.5399720669,0.5254701376,-0.0546566881,1.0000000000
69,5.9180000000,left_hand,12,0.5413408279,0.5188851357,-0.0537773035,1.0000000000
70,6.0040000000,left_hand,12,0.5428107977,0.5223610997,-0.0586567782,1.0000000000
71,6.0900000000,left_hand,12,0.5447277427,0.5226827860,-0.0537337363,1.0000000000
72,6.1760000000,left_hand,12,0.5452445149,0.5237018466,-0.0607617572,1.0000000000
73,6.2620000000,left_hand,12,0.5436627865,0.5220093131,-0.0591255687,1.0000000000
74,6.3470000000,left_hand,12,0.5442607403,0.5208463073,-0.0515907332,1.0000000000
75,6.4330000000,left_hand,12,0.5427631140,0.5181064010,-0.0516122580,1.0000000000
76,6.5190000000,left_hand,12,0.5434136987,0.5217605829,-0.0561167113,1.0000000000
77,6.6050000000,left_hand,12,0.5429901481,0.5211837888,-0.0508772805,1.0000000000
78,6.6900000000,left_hand,12,0.5415776968,0.5224706531,-0.0467523225,1.0000000000
79,6.7760000000,left_hand,12,0.5400413275,0.5266824365,-0.0464960858,1.0000000000
80,6.8620000000,left_hand,12,0.5427131653,0.5252169967,-0.0425010994,1.0000000000
81,6.9480000000,left_hand,12,0.5439179540,0.5279809237,-0.0464618765,1.0000000000
82,7.0340000000,left_hand,12,0.5427761078,0.5289160013,-0.0458153076,1.0000000000
83,7.1190000000,left_hand,12,0.5419041514,0.5264742374,-0.0510265417,1.0000000000
84,7.2050000000,left_hand,12,0.5443459153,0.5270400643,-0.0430297703,1.0000000000
85,7.2910000000,left_hand,12,0.5445804000,0.5303347111,-0.0449797958,1.0000000000
86,7.3770000000,left_hand,12,0.5458636284,0.5253736973,-0.0398207605,1.0000000000
87,7.4620000000,left_hand,12,0.5448274612,0.5238257647,-0.0418844186,1.0000000000
88,7.5480000000,left_hand,12,0.5480008721,0.5201280713,-0.0450871848,1.0000000000
89,7.6340000000,left_hand,12,0.5472875237,0.5226708055,-0.0456956513,1.0000000000
90,7.7200000000,left_hand,12,0.5520709157,0.5204791427,-0.0487066060,1.0000000000
91,7.8050000000,left_hand,12,0.5597610474,0.5176323056,-0.0563695766,1.0000000000
92,7.8910000000,left_hand,12,0.5625829101,0.5160512924,-0.0459521562,1.0000000000
93,7.9770000000,left_hand,12,0.5671811104,0.5203753114,-0.0434440784,1.0000000000
94,8.0630000000,left_hand,12,0.5695853233,0.5218909979,-0.0402818173,1.0000000000
95,8.1490000000,left_hand,12,0.5717580318,0.5186908841,-0.0376703851,1.0000000000
96,8.2340000000,left_hand,12,0.5757718682,0.5175087452,-0.0618208610,1.0000000000
97,8.3200000000,left_hand,12,0.5767912865,0.5191798210,-0.0454600006,1.0000000000
98,8.4060000000,left_hand,12,0.5763462782,0.5188594460,-0.0396047980,1.0000000000
99,8.4920000000,left_hand,12,0.5735368729,0.5140957832,-0.0597619042,1.0000000000
100,8.5770000000,left_hand,12,0.5697221756,0.5131815672,-0.0375899561,1.0000000000
101,8.6630000000,left_hand,12,0.5633524656,0.5186597705,-0.0372663140,1.0000000000
102,8.7490000000,left_hand,12,0.5547182560,0.5214143395,-0.0434685722,1.0000000000
103,8.8350000000,left_hand,12,0.5478267670,0.5278567076,-0.0410452895,1.0000000000
104,8.9210000000,left_hand,12,0.5426151752,0.5262709856,-0.0375128947,1.0000000000
105,9.0060000000,left_hand,12,0.5379239321,0.5260320902,-0.0476790518,1.0000000000
106,9.0920000000,left_hand,12,0.5381802320,0.5192760825,-0.0476706028,1.0000000000
107,9.1780000000,left_hand,12,0.5400159955,0.5197696686,-0.0477835983,1.0000000000
108,9.2640000000,left_hand,12,0.5376214385,0.5187693834,-0.0512516759,1.0000000000
109,9.3490000000,left_hand,12,0.5401015282,0.5140482783,-0.0494890586,1.0000000000
110,9.4350000000,left_hand,12,0.5459805727,0.5120436549,-0.0420313627,1.0000000000
111,9.5210000000,left_hand,12,0.5539733171,0.5089535117,-0.0439488441,1.0000000000
112,9.6070000000,left_hand,12,0.5568434596,0.5108693838,-0.0396960080,1.0000000000
113,9.6930000000,left_hand,12,0.5616823435,0.5079706311,-0.0514884368,1.0000000000
114,9.7780000000,left_hand,12,0.5621376038,0.5067781806,-0.0560012609,1.0000000000
115,9.8640000000,left_hand,12,0.5646129251,0.5074759722,-0.0597678833,1.0000000000
116,9.9500000000,left_hand,12,0.5636676550,0.5064674020,-0.0418779328,1.0000000000
117,10.0360000000,left_hand,12,0.5631651878,0.5058927536,-0.0570973791,1.0000000000
118,10.1210000000,left_hand,12,0.5630510449,0.5050415993,-0.0478669405,1.0000000000
119,10.2070000000,left_hand,12,0.5626873374,0.5090203285,-0.0476610065,1.0000000000
120,10.2930000000,left_hand,12,0.5592039227,0.5077168345,-0.0492256768,1.0000000000
121,10.3790000000,left_hand,12,0.5584556460,0.5092028975,-0.0503539145,1.0000000000
122,10.4640000000,left_hand,12,0.5526370406,0.5120078325,-0.0481190570,1.0000000000
123,10.5500000000,left_hand,12,0.5460458994,0.5123293400,-0.0440774448,1.0000000000
124,10.6360000000,left_hand,12,0.5426115394,0.5186377168,-0.0463614352,1.0000000000
125,10.7220000000,left_hand,12,0.5397341251,0.5257920623,-0.0492312387,1.0000000000
126,10.8080000000,left_hand,12,0.5403484106,0.5255896449,-0.0416156575,1.0000000000
127,10.8930000000,left_hand,12,0.5409980416,0.5279006958,-0.0451187044,1.0000000000
128,10.9790000000,left_hand,12,0.5395743847,0.5237683654,-0.0428488329,1.0000000000
129,11.0650000000,left_hand,12,0.5437476039,0.5254136920,-0.0381301343,1.0000000000
130,11.1510000000,left_hand,12,0.5465435982,0.5291377902,-0.0484049059,1.0000000000
131,11.2360000000,left_hand,12,0.5479945540,0.5221842527,-0.0465225689,1.0000000000
132,11.3220000000,left_hand,12,0.5547077060,0.5244141817,-0.0451093614,1.0000000000
133,11.4080000000,left_hand,12,0.5633198023,0.5157312155,-0.0401276238,1.0000000000
134,11.4940000000,left_hand,12,0.5682922602,0.5093207955,-0.0429421477,1.0000000000
135,11.5800000000,left_hand,12,0.5717062354,0.5135425329,-0.0367567539,1.0000000000
136,11.6650000000,left_hand,12,0.5745057464,0.5107387900,-0.0384661071,1.0000000000
137,11.7510000000,left_hand,12,0.5742755532,0.5137238503,-0.0583513826,1.0000000000
138,11.8370000000,left_hand,12,0.5754953623,0.5106504560,-0.0866077766,1.0000000000
139,11.9230000000,left_hand,12,0.5749465823,0.5160614848,-0.0234972853,1.0000000000
59,5.0610000000,left_hand,13,0.4275187850,0.5752517581,-0.0256426446,1.0000000000
60,5.1460000000,left_hand,13,0.6031475663,0.5459622741,-0.0277725719,1.0000000000
61,5.2320000000,left_hand,13,0.6029343605,0.5521773100,-0.0263403077,1.0000000000
62,5.3180000000,left_hand,13,0.6023669839,0.5419045091,-0.0284841433,1.0000000000
63,5.4040000000,left_hand,13,0.6016507745,0.5457572341,-0.0301333647,1.0000000000
64,5.4900000000,left_hand,13,0.6003080010,0.5467977524,-0.0313919596,1.0000000000
65,5.5750000000,left_hand,13,0.5978514552,0.5580787659,-0.0248192903,1.0000000000
66,5.6610000000,left_hand,13,0.6049156189,0.5484597683,-0.0314228348,1.0000000000
67,5.7470000000,left_hand,13,0.6099400520,0.5439445972,-0.0330616385,1.0000000000
68,5.8330000000,left_hand,13,0.6152932048,0.5389710665,-0.0358972289,1.0000000000
69,5.9180000000,left_hand,13,0.6180260181,0.5367558002,-0.0364341661,1.0000000000
70,6.0040000000,left_hand,13,0.6184326410,0.5373504758,-0.0392654315,1.0000000000
71,6.0900000000,left_hand,13,0.6203026175,0.5350112319,-0.0365536697,1.0000000000
72,6.1760000000,left_hand,13,0.6221817732,0.5417556167,-0.0395425372,1.0000000000
73,6.2620000000,left_hand,13,0.6207087040,0.5366492867,-0.0367588624,1.0000000000
74,6.3470000000,left_hand,13,0.6198084950,0.5372127891,-0.0340042710,1.0000000000
75,6.4330000000,left_hand,13,0.6200882792,0.5395134687,-0.0339614078,1.0000000000
76,6.5190000000,left_hand,13,0.6196669936,0.5428491235,-0.0373116806,1.0000000000
77,6.6050000000,left_hand,13,0.6184559464,0.5388484597,-0.0359473638,1.0000000000
78,6.6900000000,left_hand,13,0.6179516315,0.5387389064,-0.0311738029,1.0000000000
79,6.7760000000,left_hand,13,0.6169791818,0.5398636460,-0.0314033106,1.0000000000
80,6.8620000000,left_hand,13,0.6175674796,0.5374326110,-0.0308722463,1.0000000000
81,6.9480000000,left_hand,13,0.6170442104,0.5372365713,-0.0347293913,1.0000000000
82,7.0340000000,left_hand,13,0.6172035933,0.5356824994,-0.0334052555,1.0000000000
83,7.1190000000,left_hand,13,0.6166868806,0.5369404554,-0.0360471606,1.0000000000
84,7.2050000000,left_hand,13,0.6161042452,0.5418887734,-0.0299691129,1.0000000000
85,7.2910000000,left_hand,13,0.6169494987,0.5408641100,-0.0333247371,1.0000000000
86,7.3770000000,left_hand,13,0.6167718172,0.5385636091,-0.0300339051,1.0000000000
87,7.4620000000,left_hand,13,0.6172195673,0.5330182314,-0.0303219166,1.0000000000
88,7.5480000000,left_hand,13,0.6192469001,0.5320532918,-0.0329412073,1.0000000000
89,7.6340000000,left_hand,13,0.6201070547,0.5301862359,-0.0331601985,1.0000000000
90,7.7200000000,left_hand,13,0.6239895225,0.5304811597,-0.0331027582,1.0000000000
91,7.8050000000,left_hand,13,0.6243642569,0.5319701433,-0.0328077711,1.0000000000
92,7.8910000000,left_hand,13,0.6289201975,0.5295265913,-0.0307536405,1.0000000000
93,7.9770000000,left_hand,13,0.6341273189,0.5303081870,-0.0304126870,1.0000000000
94,8.0630000000,left_hand,13,0.6277333498,0.5308879018,-0.0289907549,1.0000000000
95,8.1490000000,left_hand,13,0.6283252835,0.5291462541,-0.0253274217,1.0000000000
96,8.2340000000,left_hand,13,0.6288966537,0.5322034359,-0.0358497128,1.0000000000
97,8.3200000000,left_hand,13,0.6290155053,0.5287919044,-0.0266594626,1.0000000000
98,8.4060000000,left_hand,13,0.6264402270,0.5272740126,-0.0245858543,1.0000000000
99,8.4920000000,left_hand,13,0.6286194324,0.5296064615,-0.0347817242,1.0000000000
100,8.5770000000,left_hand,13,0.6297336221,0.5299194455,-0.0255507492,1.0000000000
101,8.6630000000,left_hand,13,0.6264411211,0.5324054360,-0.0259497371,1.0000000000
102,8.7490000000,left_hand,13,0.6230081916,0.5328691006,-0.0305595528,1.0000000000
103,8.8350000000,left_hand,13,0.6202606559,0.5367582440,-0.0320677087,1.0000000000
104,8.9210000000,left_hand,13,0.6125947833,0.5298254490,-0.0272972118,1.0000000000
105,9.0060000000,left_hand,13,0.6128252149,0.5360880494,-0.0358419493,1.0000000000
106,9.0920000000,left_hand,13,0.6109627485,0.5326252580,-0.0346577130,1.0000000000
107,9.1780000000,left_hand,13,0.6095572710,0.5350490808,-0.0353124663,1.0000000000
108,9.2640000000,left_hand,13,0.6145833731,0.5302614570,-0.0363321379,1.0000000000
109,9.3490000000,left_hand,13,0.6159327030,0.5321870446,-0.0345931388,1.0000000000
110,9.4350000000,left_hand,13,0.6203133464,0.5311163068,-0.0284115523,1.0000000000
111,9.5210000000,left_hand,13,0.6234677434,0.5301324725,-0.0312298462,1.0000000000
112,9.6070000000,left_hand,13,0.6278205514,0.5214530230,-0.0298115946,1.0000000000
113,9.6930000000,left_hand,13,0.6292299628,0.5366270542,-0.0359741002,1.0000000000
114,9.7780000000,left_hand,13,0.6313588023,0.5377342701,-0.0364538431,1.0000000000
115,9.8640000000,left_hand,13,0.6322415471,0.5363978148,-0.0392218865,1.0000000000
116,9.9500000000,left_hand,13,0.6313688159,0.5344418287,-0.0290687848,1.0000000000
117,10.0360000000,left_hand,13,0.6321122050,0.5382637978,-0.0373197123,1.0000000000
118,10.1210000000,left_hand,13,0.6313847303,0.5359414220,-0.0319343060,1.0000000000
119,10.2070000000,left_hand,13,0.6335159540,0.5326765180,-0.0324445665,1.0000000000
120,10.2930000000,left_hand,13,0.6323525906,0.5331237316,-0.0325513594,1.0000000000
121,10.3790000000,left_hand,13,0.6293203235,0.5310357213,-0.0347309597,1.0000000000
122,10.4640000000,left_hand,13,0.6267294884,0.5285370350,-0.0329907574,1.0000000000
123,10.5500000000,left_hand,13,0.6207387447,0.5365488529,-0.0305415560,1.0000000000
124,10.6360000000,left_hand,13,0.6193605661,0.5375948548,-0.0343082845,1.0000000000
125,10.7220000000,left_hand,13,0.6178067923,0.5339129567,-0.0336734876,1.0000000000
126,10.8080000000,left_hand,13,0.6127823591,0.5364261270,-0.0291596334,1.0000000000
127,10.8930000000,left_hand,13,0.6114978194,0.5304533243,-0.0358779617,1.0000000000
128,10.9790000000,left_hand,13,0.6111072302,0.5391380191,-0.0361544713,1.0000000000
129,11.0650000000,left_hand,13,0.6124278903,0.5371532440,-0.0305831321,1.0000000000
130,11.1510000000,left_hand,13,0.6142206788,0.5369267464,-0.0371049270,1.0000000000
131,11.2360000000,left_hand,13,0.6187567115,0.5340523720,-0.0344204828,1.0000000000
132,11.3220000000,left_hand,13,0.6238821745,0.5355385542,-0.0332401954,1.0000000000
133,11.4080000000,left_hand,13,0.6291462183,0.5401663184,-0.0301874429,1.0000000000
134,11.4940000000,left_hand,13,0.6342221498,0.5332927704,-0.0304511748,1.0000000000
135,11.5800000000,left_hand,13,0.6357484460,0.5254760385,-0.0250197537,1.0000000000
136,11.6650000000,left_hand,13,0.6320729852,0.5341019034,-0.0234445129,1.0000000000
137,11.7510000000,left_hand,13,0.6318094730,0.5262976289,-0.0278933980,1.0000000000
138,11.8370000000,left_hand,13,0.6249677539,0.5206142664,-0.0284570195,1.0000000000
139,11.9230000000,left_hand,13,0.6221029162,0.5243687630,-0.0158003215,1.0000000000
59,5.0610000000,left_hand,14,0.4587227702,0.5764372945,-0.0340372585,1.0000000000
60,5.1460000000,left_hand,14,0.5720498562,0.5474498272,-0.0365832150,1.0000000000
61,5.2320000000,left_hand,14,0.5730927587,0.5509878993,-0.0341596305,1.0000000000
62,5.3180000000,left_hand,14,0.5724732876,0.5447599888,-0.0365341492,1.0000000000
63,5.4040000000,left_hand,14,0.5680031776,0.5488960743,-0.0382082276,1.0000000000
64,5.4900000000,left_hand,14,0.5677475333,0.5515171885,-0.0400628373,1.0000000000
65,5.5750000000,left_hand,14,0.5678277016,0.5622361302,-0.0325180739,1.0000000000
66,5.6610000000,left_hand,14,0.5757182837,0.5510600209,-0.0410625264,1.0000000000
67,5.7470000000,left_hand,14,0.5758463740,0.5485404730,-0.0427127630,1.0000000000
68,5.8330000000,left_hand,14,0.5821660161,0.5472886562,-0.0460039638,1.0000000000
69,5.9180000000,left_hand,14,0.5818905830,0.5447803140,-0.0459961742,1.0000000000
70,6.0040000000,left_hand,14,0.5838139057,0.5442093015,-0.0509907305,1.0000000000
71,6.0900000000,left_hand,14,0.5858187079,0.5426781178,-0.0475989617,1.0000000000
72,6.1760000000,left_hand,14,0.5871282220,0.5463441014,-0.0514794104,1.0000000000
73,6.2620000000,left_hand,14,0.5867347717,0.5429093242,-0.0482198708,1.0000000000
74,6.3470000000,left_hand,14,0.5855811238,0.5436837673,-0.0440310091,1.0000000000
75,6.4330000000,left_hand,14,0.5860522985,0.5447008610,-0.0435446166,1.0000000000
76,6.5190000000,left_hand,14,0.5849508047,0.5447408557,-0.0482592098,1.0000000000
77,6.6050000000,left_hand,14,0.5837693214,0.5439088941,-0.0452134237,1.0000000000
78,6.6900000000,left_hand,14,0.5827198625,0.5440672636,-0.0405372307,1.0000000000
79,6.7760000000,left_hand,14,0.5830473304,0.5457392931,-0.0402450971,1.0000000000
80,6.8620000000,left_hand,14,0.5821685791,0.5446120501,-0.0392155908,1.0000000000
81,6.9480000000,left_hand,14,0.5818665624,0.5462250710,-0.0433880016,1.0000000000
82,7.0340000000,left_hand,14,0.5815015435,0.5455930829,-0.0416185111,1.0000000000
83,7.1190000000,left_hand,14,0.5817018151,0.5447775722,-0.0459116139,1.0000000000
84,7.2050000000,left_hand,14,0.5824459791,0.5476220250,-0.0381752625,1.0000000000
85,7.2910000000,left_hand,14,0.5809131861,0.5461114645,-0.0420052223,1.0000000000
86,7.3770000000,left_hand,14,0.5818533897,0.5426729918,-0.0373054333,1.0000000000
87,7.4620000000,left_hand,14,0.5834949613,0.5387607813,-0.0376462117,1.0000000000
88,7.5480000000,left_hand,14,0.5847681165,0.5335847735,-0.0410726629,1.0000000000
89,7.6340000000,left_hand,14,0.5854102373,0.5326417089,-0.0403651707,1.0000000000
90,7.7200000000,left_hand,14,0.5920739174,0.5318775177,-0.0425313711,1.0000000000
91,7.8050000000,left_hand,14,0.5948950052,0.5316109061,-0.0434617549,1.0000000000
92,7.8910000000,left_hand,14,0.5990111828,0.5291366577,-0.0391557589,1.0000000000
93,7.9770000000,left_hand,14,0.6047040224,0.5293414593,-0.0373801515,1.0000000000
94,8.0630000000,left_hand,14,0.6028701663,0.5322551131,-0.0364697874,1.0000000000
95,8.1490000000,left_hand,14,0.6032000780,0.5324440002,-0.0330393314,1.0000000000
96,8.2340000000,left_hand,14,0.6071467400,0.5319890976,-0.0495433137,1.0000000000
97,8.3200000000,left_hand,14,0.6083823442,0.5288307071,-0.0366137065,1.0000000000
98,8.4060000000,left_hand,14,0.6034384966,0.5279493928,-0.0339273326,1.0000000000
99,8.4920000000,left_hand,14,0.6059034467,0.5298115611,-0.0475964360,1.0000000000
100,8.5770000000,left_hand,14,0.6029822826,0.5296875238,-0.0322045535,1.0000000000
101,8.6630000000,left_hand,14,0.5982965231,0.5325535536,-0.0333184078,1.0000000000
102,8.7490000000,left_hand,14,0.5920340419,0.5348872542,-0.0389347672,1.0000000000
103,8.8350000000,left_hand,14,0.5860514045,0.5378106833,-0.0390038826,1.0000000000
104,8.9210000000,left_hand,14,0.5772305727,0.5354461074,-0.0339033380,1.0000000000
105,9.0060000000,left_hand,14,0.5770425200,0.5361871719,-0.0444703624,1.0000000000
106,9.0920000000,left_hand,14,0.5758305192,0.5369279981,-0.0429530293,1.0000000000
107,9.1780000000,left_hand,14,0.5745253563,0.5394514799,-0.0446094908,1.0000000000
108,9.2640000000,left_hand,14,0.5775578022,0.5376521349,-0.0458306782,1.0000000000
109,9.3490000000,left_hand,14,0.5799360275,0.5357402563,-0.0441016592,1.0000000000
110,9.4350000000,left_hand,14,0.5853093266,0.5375368595,-0.0362222791,1.0000000000
111,9.5210000000,left_hand,14,0.5900748372,0.5374383926,-0.0386233740,1.0000000000
112,9.6070000000,left_hand,14,0.5934890509,0.5234208107,-0.0353909284,1.0000000000
113,9.6930000000,left_hand,14,0.5984477401,0.5389449000,-0.0457026064,1.0000000000
114,9.7780000000,left_hand,14,0.6016463637,0.5399217606,-0.0469340831,1.0000000000
115,9.8640000000,left_hand,14,0.6032903194,0.5396893024,-0.0506681763,1.0000000000
116,9.9500000000,left_hand,14,0.6022406816,0.5385243297,-0.0368476473,1.0000000000
117,10.0360000000,left_hand,14,0.6031426191,0.5408849716,-0.0475947671,1.0000000000
118,10.1210000000,left_hand,14,0.6021078229,0.5387744308,-0.0405333303,1.0000000000
119,10.2070000000,left_hand,14,0.6017509103,0.5372626185,-0.0410209633,1.0000000000
120,10.2930000000,left_hand,14,0.6012262702,0.5368899107,-0.0414097533,1.0000000000
121,10.3790000000,left_hand,14,0.5979424119,0.5383987427,-0.0431866683,1.0000000000
122,10.4640000000,left_hand,14,0.5935242176,0.5383308530,-0.0408222340,1.0000000000
123,10.5500000000,left_hand,14,0.5855315328,0.5420296788,-0.0382769443,1.0000000000
124,10.6360000000,left_hand,14,0.5834645033,0.5434718728,-0.0427151881,1.0000000000
125,10.7220000000,left_hand,14,0.5820139647,0.5422620773,-0.0426583588,1.0000000000
126,10.8080000000,left_hand,14,0.5788561106,0.5454431176,-0.0368891247,1.0000000000
127,10.8930000000,left_hand,14,0.5773896575,0.5363934636,-0.0431642123,1.0000000000
128,10.9790000000,left_hand,14,0.5773634911,0.5435983539,-0.0425170995,1.0000000000
129,11.0650000000,left_hand,14,0.5787423253,0.5432259440,-0.0365916938,1.0000000000
130,11.1510000000,left_hand,14,0.5829288363,0.5379876494,-0.0474999584,1.0000000000
131,11.2360000000,left_hand,14,0.5876969695,0.5351017118,-0.0432794727,1.0000000000
132,11.3220000000,left_hand,14,0.5917563438,0.5382177830,-0.0417529903,1.0000000000
133,11.4080000000,left_hand,14,0.5979152918,0.5360451341,-0.0372594558,1.0000000000
134,11.4940000000,left_hand,14,0.6064280868,0.5306419730,-0.0395342708,1.0000000000
135,11.5800000000,left_hand,14,0.6091985703,0.5255053043,-0.0323826075,1.0000000000
136,11.6650000000,left_hand,14,0.6079996228,0.5294372439,-0.0316094980,1.0000000000
137,11.7510000000,left_hand,14,0.6076036692,0.5240295529,-0.0405080952,1.0000000000
138,11.8370000000,left_hand,14,0.6042502522,0.5220022202,-0.0439422801,1.0000000000
139,11.9230000000,left_hand,14,0.5951186419,0.5267747641,-0.0201321375,1.0000000000
59,5.0610000000,left_hand,15,0.4789830446,0.5764119029,-0.0373503864,1.0000000000
60,5.1460000000,left_hand,15,0.5531911254,0.5490880609,-0.0395678468,1.0000000000
61,5.2320000000,left_hand,15,0.5544642210,0.5522369742,-0.0370941423,1.0000000000
62,5.3180000000,left_hand,15,0.5542417169,0.5484995246,-0.0396934301,1.0000000000
63,5.4040000000,left_hand,15,0.5494272113,0.5530837178,-0.0401998833,1.0000000000
64,5.4900000000,left_hand,15,0.5491324067,0.5552017093,-0.0427541658,1.0000000000
65,5.5750000000,left_hand,15,0.5510707498,0.5648340583,-0.0359100029,1.0000000000
66,5.6610000000,left_hand,15,0.5582800508,0.5540070534,-0.0449225269,1.0000000000
67,5.7470000000,left_hand,15,0.5570371151,0.5535348058,-0.0440791994,1.0000000000
68,5.8330000000,left_hand,15,0.5632453561,0.5535781384,-0.0473496951,1.0000000000
69,5.9180000000,left_hand,15,0.5613690019,0.5484191179,-0.0470305830,1.0000000000
70,6.0040000000,left_hand,15,0.5638175607,0.5493969321,-0.0522094071,1.0000000000
71,6.0900000000,left_hand,15,0.5649105310,0.5490435958,-0.0485301316,1.0000000000
72,6.1760000000,left_hand,15,0.5662690401,0.5516474247,-0.0534901768,1.0000000000
73,6.2620000000,left_hand,15,0.5662033558,0.5480028987,-0.0498903431,1.0000000000
74,6.3470000000,left_hand,15,0.5656059384,0.5488784313,-0.0450413339,1.0000000000
75,6.4330000000,left_hand,15,0.5649382472,0.5475991368,-0.0448007882,1.0000000000
76,6.5190000000,left_hand,15,0.5648491383,0.5485939384,-0.0498984233,1.0000000000
77,6.6050000000,left_hand,15,0.5633667707,0.5478069782,-0.0461313836,1.0000000000
78,6.6900000000,left_hand,15,0.5632472634,0.5489744544,-0.0421008579,1.0000000000
79,6.7760000000,left_hand,15,0.5634702444,0.5519394279,-0.0409555100,1.0000000000
80,6.8620000000,left_hand,15,0.5622992516,0.5500456095,-0.0394256189,1.0000000000
81,6.9480000000,left_hand,15,0.5627446175,0.5528979301,-0.0429771952,1.0000000000
82,7.0340000000,left_hand,15,0.5622085929,0.5524490476,-0.0416787751,1.0000000000
83,7.1190000000,left_hand,15,0.5616624951,0.5508295298,-0.0459538586,1.0000000000
84,7.2050000000,left_hand,15,0.5637602806,0.5527014136,-0.0396900848,1.0000000000
85,7.2910000000,left_hand,15,0.5614030361,0.5523751974,-0.0420291275,1.0000000000
86,7.3770000000,left_hand,15,0.5637973547,0.5478544235,-0.0376026183,1.0000000000
87,7.4620000000,left_hand,15,0.5653265715,0.5452432036,-0.0376144648,1.0000000000
88,7.5480000000,left_hand,15,0.5660071969,0.5389525294,-0.0411258675,1.0000000000
89,7.6340000000,left_hand,15,0.5663176775,0.5388965011,-0.0397790484,1.0000000000
90,7.7200000000,left_hand,15,0.5725086331,0.5373597741,-0.0440247729,1.0000000000
91,7.8050000000,left_hand,15,0.5769819021,0.5358719230,-0.0461897515,1.0000000000
92,7.8910000000,left_hand,15,0.5803143382,0.5339965224,-0.0404349081,1.0000000000
93,7.9770000000,left_hand,15,0.5857890844,0.5333015323,-0.0384110212,1.0000000000
94,8.0630000000,left_hand,15,0.5860925317,0.5375662446,-0.0375047550,1.0000000000
95,8.1490000000,left_hand,15,0.5874466896,0.5363840461,-0.0349225290,1.0000000000
96,8.2340000000,left_hand,15,0.5919516087,0.5364589095,-0.0548296832,1.0000000000
97,8.3200000000,left_hand,15,0.5932017565,0.5353679061,-0.0404667333,1.0000000000
98,8.4060000000,left_hand,15,0.5893054008,0.5341518521,-0.0360655896,1.0000000000
99,8.4920000000,left_hand,15,0.5903192163,0.5335248709,-0.0535486750,1.0000000000
100,8.5770000000,left_hand,15,0.5861073732,0.5330917239,-0.0340017192,1.0000000000
101,8.6630000000,left_hand,15,0.5812642574,0.5375781059,-0.0345722772,1.0000000000
102,8.7490000000,left_hand,15,0.5741236210,0.5394436717,-0.0406249762,1.0000000000
103,8.8350000000,left_hand,15,0.5675178766,0.5439641476,-0.0393477678,1.0000000000
104,8.9210000000,left_hand,15,0.5587161779,0.5436978340,-0.0341976844,1.0000000000
105,9.0060000000,left_hand,15,0.5580728054,0.5432515144,-0.0445232764,1.0000000000
106,9.0920000000,left_hand,15,0.5570548773,0.5426878333,-0.0428361632,1.0000000000
107,9.1780000000,left_hand,15,0.5558166504,0.5449274182,-0.0448681749,1.0000000000
108,9.2640000000,left_hand,15,0.5574318767,0.5448442101,-0.0460505560,1.0000000000
109,9.3490000000,left_hand,15,0.5590928793,0.5404418707,-0.0451734029,1.0000000000
110,9.4350000000,left_hand,15,0.5658565164,0.5421539545,-0.0373038389,1.0000000000
111,9.5210000000,left_hand,15,0.5721282363,0.5395140648,-0.0389289372,1.0000000000
112,9.6070000000,left_hand,15,0.5732330680,0.5256061554,-0.0357496031,1.0000000000
113,9.6930000000,left_hand,15,0.5785584450,0.5380487442,-0.0474121273,1.0000000000
114,9.7780000000,left_hand,15,0.5813438296,0.5385494232,-0.0492566377,1.0000000000
115,9.8640000000,left_hand,15,0.5833010674,0.5399191380,-0.0529418141,1.0000000000
116,9.9500000000,left_hand,15,0.5831604600,0.5391945243,-0.0383888967,1.0000000000
117,10.0360000000,left_hand,15,0.5829485059,0.5405350924,-0.0497169159,1.0000000000
118,10.1210000000,left_hand,15,0.5827353001,0.5396562815,-0.0426106267,1.0000000000
119,10.2070000000,left_hand,15,0.5813317895,0.5391574502,-0.0427424870,1.0000000000
120,10.2930000000,left_hand,15,0.5807961822,0.5390790701,-0.0436298214,1.0000000000
121,10.3790000000,left_hand,15,0.5778960586,0.5421343446,-0.0442051627,1.0000000000
122,10.4640000000,left_hand,15,0.5730144382,0.5429703593,-0.0412505679,1.0000000000
123,10.5500000000,left_hand,15,0.5654319525,0.5464493632,-0.0390556417,1.0000000000
124,10.6360000000,left_hand,15,0.5634397864,0.5494201183,-0.0428827703,1.0000000000
125,10.7220000000,left_hand,15,0.5614166260,0.5490706563,-0.0433799252,1.0000000000
126,10.8080000000,left_hand,15,0.5600302815,0.5529957414,-0.0374109186,1.0000000000
127,10.8930000000,left_hand,15,0.5580024719,0.5464529395,-0.0423657931,1.0000000000
128,10.9790000000,left_hand,15,0.5581117272,0.5491927266,-0.0407383218,1.0000000000
129,11.0650000000,left_hand,15,0.5602490902,0.5494731665,-0.0358336158,1.0000000000
130,11.1510000000,left_hand,15,0.5652480721,0.5456646681,-0.0464843512,1.0000000000
131,11.2360000000,left_hand,15,0.5684935451,0.5433898568,-0.0442552567,1.0000000000
132,11.3220000000,left_hand,15,0.5736817122,0.5455890894,-0.0428398512,1.0000000000
133,11.4080000000,left_hand,15,0.5798446536,0.5391052365,-0.0375993811,1.0000000000
134,11.4940000000,left_hand,15,0.5891528130,0.5330142975,-0.0408040397,1.0000000000
135,11.5800000000,left_hand,15,0.5909398794,0.5298631787,-0.0345799886,1.0000000000
136,11.6650000000,left_hand,15,0.5908905864,0.5317119956,-0.0348512344,1.0000000000
137,11.7510000000,left_hand,15,0.5915924907,0.5291646123,-0.0471557528,1.0000000000
138,11.8370000000,left_hand,15,0.5904540420,0.5289587975,-0.0567239970,1.0000000000
139,11.9230000000,left_hand,15,0.5846528411,0.5337004066,-0.0196983386,1.0000000000
59,5.0610000000,left_hand,16,0.4949210882,0.5760235190,-0.0391213968,1.0000000000
60,5.1460000000,left_hand,16,0.5409942269,0.5493613482,-0.0411294401,1.0000000000
61,5.2320000000,left_hand,16,0.5416905284,0.5525175333,-0.0390972011,1.0000000000
62,5.3180000000,left_hand,16,0.5408726931,0.5509094596,-0.0421890803,1.0000000000
63,5.4040000000,left_hand,16,0.5365195870,0.5544911027,-0.0419932753,1.0000000000
64,5.4900000000,left_hand,16,0.5369161367,0.5560193062,-0.0448976532,1.0000000000
65,5.5750000000,left_hand,16,0.5399367213,0.5652421117,-0.0387043469,1.0000000000
66,5.6610000000,left_hand,16,0.5460617542,0.5552700162,-0.0477508083,1.0000000000
67,5.7470000000,left_hand,16,0.5443842411,0.5556056499,-0.0449000038,1.0000000000
68,5.8330000000,left_hand,16,0.5496626496,0.5570157170,-0.0487029217,1.0000000000
69,5.9180000000,left_hand,16,0.5479905009,0.5492128730,-0.0481763631,1.0000000000
70,6.0040000000,left_hand,16,0.5502701998,0.5525754690,-0.0530724823,1.0000000000
71,6.0900000000,left_hand,16,0.5505164862,0.5529686213,-0.0491237789,1.0000000000
72,6.1760000000,left_hand,16,0.5521050692,0.5545715094,-0.0549540929,1.0000000000
73,6.2620000000,left_hand,16,0.5519890785,0.5518442988,-0.0510287881,1.0000000000
74,6.3470000000,left_hand,16,0.5518124104,0.5525087118,-0.0458297208,1.0000000000
75,6.4330000000,left_hand,16,0.5503452420,0.5486794710,-0.0458423644,1.0000000000
76,6.5190000000,left_hand,16,0.5509853363,0.5508583784,-0.0512065105,1.0000000000
77,6.6050000000,left_hand,16,0.5491785407,0.5504773855,-0.0471641459,1.0000000000
78,6.6900000000,left_hand,16,0.5499689579,0.5518099070,-0.0433439016,1.0000000000
79,6.7760000000,left_hand,16,0.5505390167,0.5562570691,-0.0416198000,1.0000000000
80,6.8620000000,left_hand,16,0.5489103794,0.5521073341,-0.0396585055,1.0000000000
81,6.9480000000,left_hand,16,0.5504488945,0.5569159985,-0.0429869033,1.0000000000
82,7.0340000000,left_hand,16,0.5494391322,0.5554184914,-0.0421637036,1.0000000000
83,7.1190000000,left_hand,16,0.5479999185,0.5540932417,-0.0460874252,1.0000000000
84,7.2050000000,left_hand,16,0.5507670045,0.5553970933,-0.0413313732,1.0000000000
85,7.2910000000,left_hand,16,0.5487744808,0.5564196110,-0.0422989652,1.0000000000
86,7.3770000000,left_hand,16,0.5525506735,0.5497988462,-0.0380931832,1.0000000000
87,7.4620000000,left_hand,16,0.5535153747,0.5491851568,-0.0380408391,1.0000000000
88,7.5480000000,left_hand,16,0.5538284779,0.5430000424,-0.0413714573,1.0000000000
89,7.6340000000,left_hand,16,0.5539063811,0.5442103148,-0.0400876999,1.0000000000
90,7.7200000000,left_hand,16,0.5586767197,0.5426988602,-0.0454821102,1.0000000000
91,7.8050000000,left_hand,16,0.5641821623,0.5409395695,-0.0482202992,1.0000000000
92,7.8910000000,left_hand,16,0.5670615435,0.5401415229,-0.0415183716,1.0000000000
93,7.9770000000,left_hand,16,0.5721600652,0.5395365357,-0.0399870202,1.0000000000
94,8.0630000000,left_hand,16,0.5739222765,0.5438234806,-0.0385424569,1.0000000000
95,8.1490000000,left_hand,16,0.5756275058,0.5416049361,-0.0361695290,1.0000000000
96,8.2340000000,left_hand,16,0.5800502300,0.5439600945,-0.0582657754,1.0000000000
97,8.3200000000,left_hand,16,0.5817099214,0.5430463552,-0.0427138023,1.0000000000
98,8.4060000000,left_hand,16,0.5796192288,0.5417380333,-0.0370060727,1.0000000000
99,8.4920000000,left_hand,16,0.5782480240,0.5396433473,-0.0576450378,1.0000000000
100,8.5770000000,left_hand,16,0.5735872388,0.5369443893,-0.0355157144,1.0000000000
101,8.6630000000,left_hand,16,0.5692002177,0.5429872274,-0.0354518890,1.0000000000
102,8.7490000000,left_hand,16,0.5606498122,0.5439198613,-0.0423397757,1.0000000000
103,8.8350000000,left_hand,16,0.5545253158,0.5485389829,-0.0405458063,1.0000000000
104,8.9210000000,left_hand,16,0.5469539762,0.5499141216,-0.0349626653,1.0000000000
105,9.0060000000,left_hand,16,0.5461790562,0.5491741896,-0.0452308878,1.0000000000
106,9.0920000000,left_hand,16,0.5452610254,0.5476603508,-0.0433265679,1.0000000000
107,9.1780000000,left_hand,16,0.5439784527,0.5475282073,-0.0453807116,1.0000000000
108,9.2640000000,left_hand,16,0.5445384979,0.5484619141,-0.0465425625,1.0000000000
109,9.3490000000,left_hand,16,0.5455085635,0.5423508286,-0.0461326502,1.0000000000
110,9.4350000000,left_hand,16,0.5524942279,0.5445579290,-0.0383159481,1.0000000000
111,9.5210000000,left_hand,16,0.5590288043,0.5401555896,-0.0398237593,1.0000000000
112,9.6070000000,left_hand,16,0.5583041310,0.5301793814,-0.0369943045,1.0000000000
113,9.6930000000,left_hand,16,0.5636267066,0.5375453830,-0.0488308966,1.0000000000
114,9.7780000000,left_hand,16,0.5665842891,0.5385507345,-0.0509451143,1.0000000000
115,9.8640000000,left_hand,16,0.5687270761,0.5410755277,-0.0546642542,1.0000000000
116,9.9500000000,left_hand,16,0.5688458681,0.5408852696,-0.0396300964,1.0000000000
117,10.0360000000,left_hand,16,0.5680951476,0.5411998630,-0.0514632538,1.0000000000
118,10.1210000000,left_hand,16,0.5679473281,0.5410974026,-0.0444543883,1.0000000000
119,10.2070000000,left_hand,16,0.5664341450,0.5417717695,-0.0443224460,1.0000000000
120,10.2930000000,left_hand,16,0.5657806993,0.5413532257,-0.0455352888,1.0000000000
121,10.3790000000,left_hand,16,0.5637414455,0.5450856090,-0.0453589335,1.0000000000
122,10.4640000000,left_hand,16,0.5588452816,0.5452024341,-0.0418885387,1.0000000000
123,10.5500000000,left_hand,16,0.5525017381,0.5476788282,-0.0399386473,1.0000000000
124,10.6360000000,left_hand,16,0.5505670905,0.5516952276,-0.0433894843,1.0000000000
125,10.7220000000,left_hand,16,0.5477287769,0.5528526306,-0.0441531911,1.0000000000
126,10.8080000000,left_hand,16,0.5476801991,0.5559966564,-0.0380063504,1.0000000000
127,10.8930000000,left_hand,16,0.5462960005,0.5555437803,-0.0427116156,1.0000000000
128,10.9790000000,left_hand,16,0.5453765392,0.5529724360,-0.0406678207,1.0000000000
129,11.0650000000,left_hand,16,0.5478461385,0.5539237857,-0.0362355448,1.0000000000
130,11.1510000000,left_hand,16,0.5530610681,0.5525322556,-0.0457932465,1.0000000000
131,11.2360000000,left_hand,16,0.5556499958,0.5507314205,-0.0453445427,1.0000000000
132,11.3220000000,left_hand,16,0.5618610978,0.5515533686,-0.0439543612,1.0000000000
133,11.4080000000,left_hand,16,0.5673080683,0.5424311161,-0.0383943096,1.0000000000
134,11.4940000000,left_hand,16,0.5762352943,0.5372610688,-0.0419933647,1.0000000000
135,11.5800000000,left_hand,16,0.5770662427,0.5367556214,-0.0364282690,1.0000000000
136,11.6650000000,left_hand,16,0.5780220628,0.5368412137,-0.0373386890,1.0000000000
137,11.7510000000,left_hand,16,0.5795502067,0.5388739109,-0.0515688807,1.0000000000
138,11.8370000000,left_hand,16,0.5801839232,0.5396787524,-0.0654001161,1.0000000000
139,11.9230000000,left_hand,16,0.5783078671,0.5405271053,-0.0196096059,1.0000000000
59,5.0610000000,left_hand,17,0.4260396957,0.5977964401,-0.0274906643,1.0000000000
60,5.1460000000,left_hand,17,0.6027401686,0.5679652095,-0.0291059203,1.0000000000
61,5.2320000000,left_hand,17,0.6026585102,0.5764454603,-0.0280037839,1.0000000000
62,5.3180000000,left_hand,17,0.6040233374,0.5672680140,-0.0328455158,1.0000000000
63,5.4040000000,left_hand,17,0.6021181941,0.5725097656,-0.0335672237,1.0000000000
64,5.4900000000,left_hand,17,0.6014097929,0.5752413273,-0.0340336636,1.0000000000
65,5.5750000000,left_hand,17,0.6000376344,0.5822124481,-0.0273797121,1.0000000000
66,5.6610000000,left_hand,17,0.6085841656,0.5753873587,-0.0346907191,1.0000000000
67,5.7470000000,left_hand,17,0.6108687520,0.5728749633,-0.0367092006,1.0000000000
68,5.8330000000,left_hand,17,0.6167768240,0.5676212907,-0.0399725698,1.0000000000
69,5.9180000000,left_hand,17,0.6176456213,0.5668050051,-0.0393130630,1.0000000000
70,6.0040000000,left_hand,17,0.6176930070,0.5665796399,-0.0425871909,1.0000000000
71,6.0900000000,left_hand,17,0.6197645068,0.5638036728,-0.0406438559,1.0000000000
72,6.1760000000,left_hand,17,0.6223217845,0.5705058575,-0.0435707197,1.0000000000
73,6.2620000000,left_hand,17,0.6204078197,0.5634984970,-0.0385634042,1.0000000000
74,6.3470000000,left_hand,17,0.6199153662,0.5653144121,-0.0374349542,1.0000000000
75,6.4330000000,left_hand,17,0.6191999316,0.5667756200,-0.0367916040,1.0000000000
76,6.5190000000,left_hand,17,0.6196025610,0.5703287721,-0.0416328274,1.0000000000
77,6.6050000000,left_hand,17,0.6178395152,0.5667145848,-0.0400432199,1.0000000000
78,6.6900000000,left_hand,17,0.6175947785,0.5670290589,-0.0353850126,1.0000000000
79,6.7760000000,left_hand,17,0.6178370714,0.5668097138,-0.0356880836,1.0000000000
80,6.8620000000,left_hand,17,0.6188923717,0.5662322044,-0.0353809968,1.0000000000
81,6.9480000000,left_hand,17,0.6171776652,0.5656068325,-0.0384987369,1.0000000000
82,7.0340000000,left_hand,17,0.6171195507,0.5643329024,-0.0366517082,1.0000000000
83,7.1190000000,left_hand,17,0.6166207194,0.5659232140,-0.0395132862,1.0000000000
84,7.2050000000,left_hand,17,0.6175833344,0.5687710643,-0.0348335393,1.0000000000
85,7.2910000000,left_hand,17,0.6173065305,0.5695742965,-0.0373663343,1.0000000000
86,7.3770000000,left_hand,17,0.6168185472,0.5674145818,-0.0333569646,1.0000000000
87,7.4620000000,left_hand,17,0.6180883050,0.5621992350,-0.0336733609,1.0000000000
88,7.5480000000,left_hand,17,0.6186640263,0.5604853630,-0.0367198363,1.0000000000
89,7.6340000000,left_hand,17,0.6186231971,0.5573140383,-0.0352191068,1.0000000000
90,7.7200000000,left_hand,17,0.6237853765,0.5583270192,-0.0370721333,1.0000000000
91,7.8050000000,left_hand,17,0.6220861077,0.5545043945,-0.0333806835,1.0000000000
92,7.8910000000,left_hand,17,0.6267120242,0.5561082363,-0.0324489288,1.0000000000
93,7.9770000000,left_hand,17,0.6313905716,0.5562945008,-0.0316823013,1.0000000000
94,8.0630000000,left_hand,17,0.6279631257,0.5555788279,-0.0328080989,1.0000000000
95,8.1490000000,left_hand,17,0.6283134222,0.5537841320,-0.0291426722,1.0000000000
96,8.2340000000,left_hand,17,0.6304003596,0.5563874245,-0.0402392633,1.0000000000
97,8.3200000000,left_hand,17,0.6308981776,0.5528259873,-0.0302740149,1.0000000000
98,8.4060000000,left_hand,17,0.6273804903,0.5511131287,-0.0292454325,1.0000000000
99,8.4920000000,left_hand,17,0.6294794083,0.5545516014,-0.0393181369,1.0000000000
100,8.5770000000,left_hand,17,0.6279696822,0.5546782613,-0.0286847726,1.0000000000
101,8.6630000000,left_hand,17,0.6259904504,0.5585702658,-0.0293149129,1.0000000000
102,8.7490000000,left_hand,17,0.6245818734,0.5612109303,-0.0349871442,1.0000000000
103,8.8350000000,left_hand,17,0.6209042072,0.5655200481,-0.0362126306,1.0000000000
104,8.9210000000,left_hand,17,0.6117988229,0.5592376590,-0.0306397658,1.0000000000
105,9.0060000000,left_hand,17,0.6134157181,0.5668734908,-0.0395844020,1.0000000000
106,9.0920000000,left_hand,17,0.6107289791,0.5636501908,-0.0380544849,1.0000000000
107,9.1780000000,left_hand,17,0.6098244190,0.5648214817,-0.0390287489,1.0000000000
108,9.2640000000,left_hand,17,0.6145231724,0.5609952211,-0.0400663018,1.0000000000
109,9.3490000000,left_hand,17,0.6148738861,0.5621019602,-0.0391120203,1.0000000000
110,9.4350000000,left_hand,17,0.6186944842,0.5602949858,-0.0318418890,1.0000000000
111,9.5210000000,left_hand,17,0.6233390570,0.5588632822,-0.0349349193,1.0000000000
112,9.6070000000,left_hand,17,0.6247308254,0.5457172990,-0.0319813639,1.0000000000
113,9.6930000000,left_hand,17,0.6276253462,0.5639147758,-0.0386675559,1.0000000000
114,9.7780000000,left_hand,17,0.6297602654,0.5636430383,-0.0389829203,1.0000000000
115,9.8640000000,left_hand,17,0.6307857633,0.5629022717,-0.0426204279,1.0000000000
116,9.9500000000,left_hand,17,0.6305886507,0.5619108081,-0.0323068313,1.0000000000
117,10.0360000000,left_hand,17,0.6304977536,0.5644403696,-0.0400153883,1.0000000000
118,10.1210000000,left_hand,17,0.6309816241,0.5617495179,-0.0357180536,1.0000000000
119,10.2070000000,left_hand,17,0.6323101521,0.5620072484,-0.0357995778,1.0000000000
120,10.2930000000,left_hand,17,0.6318692565,0.5592183471,-0.0367105454,1.0000000000
121,10.3790000000,left_hand,17,0.6289013624,0.5576177835,-0.0378662162,1.0000000000
122,10.4640000000,left_hand,17,0.6256348491,0.5572934151,-0.0351922363,1.0000000000
123,10.5500000000,left_hand,17,0.6196033359,0.5641374588,-0.0335464142,1.0000000000
124,10.6360000000,left_hand,17,0.6194886565,0.5677233338,-0.0379970968,1.0000000000
125,10.7220000000,left_hand,17,0.6180655360,0.5635139346,-0.0363150649,1.0000000000
126,10.8080000000,left_hand,17,0.6140866280,0.5658833981,-0.0327225551,1.0000000000
127,10.8930000000,left_hand,17,0.6103199124,0.5591012239,-0.0391096100,1.0000000000
128,10.9790000000,left_hand,17,0.6116954684,0.5671788454,-0.0394639596,1.0000000000
129,11.0650000000,left_hand,17,0.6122033596,0.5665233731,-0.0335401557,1.0000000000
130,11.1510000000,left_hand,17,0.6163769364,0.5654500127,-0.0430850796,1.0000000000
131,11.2360000000,left_hand,17,0.6200296879,0.5626643896,-0.0392338857,1.0000000000
132,11.3220000000,left_hand,17,0.6247156262,0.5632473230,-0.0383111797,1.0000000000
133,11.4080000000,left_hand,17,0.6288281679,0.5662652850,-0.0349202678,1.0000000000
134,11.4940000000,left_hand,17,0.6341773868,0.5588448048,-0.0361340828,1.0000000000
135,11.5800000000,left_hand,17,0.6346591115,0.5499996543,-0.0290597603,1.0000000000
136,11.6650000000,left_hand,17,0.6309031248,0.5589033961,-0.0281081200,1.0000000000
137,11.7510000000,left_hand,17,0.6297183037,0.5498239398,-0.0316370577,1.0000000000
138,11.8370000000,left_hand,17,0.6215729713,0.5404278636,-0.0217760056,1.0000000000
139,11.9230000000,left_hand,17,0.6201339364,0.5479179621,-0.0198460687,1.0000000000
59,5.0610000000,left_hand,18,0.4503867924,0.6004095078,-0.0348342136,1.0000000000
60,5.1460000000,left_hand,18,0.5798296928,0.5685619116,-0.0372891277,1.0000000000
61,5.2320000000,left_hand,18,0.5819280744,0.5738461018,-0.0359145738,1.0000000000
62,5.3180000000,left_hand,18,0.5847396255,0.5693795681,-0.0408103243,1.0000000000
63,5.4040000000,left_hand,18,0.5796629786,0.5751966238,-0.0416014344,1.0000000000
64,5.4900000000,left_hand,18,0.5799487233,0.5780038834,-0.0429797471,1.0000000000
65,5.5750000000,left_hand,18,0.5815072656,0.5818334818,-0.0351323038,1.0000000000
66,5.6610000000,left_hand,18,0.5904111862,0.5771558285,-0.0448285304,1.0000000000
67,5.7470000000,left_hand,18,0.5858173966,0.5764331818,-0.0458362475,1.0000000000
68,5.8330000000,left_hand,18,0.5936272144,0.5748925805,-0.0493547916,1.0000000000
69,5.9180000000,left_hand,18,0.5897986889,0.5724644065,-0.0478513911,1.0000000000
70,6.0040000000,left_hand,18,0.5901505351,0.5721313953,-0.0526450910,1.0000000000
71,6.0900000000,left_hand,18,0.5912162066,0.5715875626,-0.0501453765,1.0000000000
72,6.1760000000,left_hand,18,0.5954301953,0.5754650235,-0.0539495610,1.0000000000
73,6.2620000000,left_hand,18,0.5942295194,0.5697500110,-0.0482466482,1.0000000000
74,6.3470000000,left_hand,18,0.5925107002,0.5721813440,-0.0459683947,1.0000000000
75,6.4330000000,left_hand,18,0.5923103094,0.5719547868,-0.0453986302,1.0000000000
76,6.5190000000,left_hand,18,0.5927200317,0.5739672184,-0.0511119254,1.0000000000
77,6.6050000000,left_hand,18,0.5902346373,0.5713590384,-0.0481920503,1.0000000000
78,6.6900000000,left_hand,18,0.5897445083,0.5713751316,-0.0437241346,1.0000000000
79,6.7760000000,left_hand,18,0.5911325812,0.5728324056,-0.0434520915,1.0000000000
80,6.8620000000,left_hand,18,0.5910630226,0.5729442835,-0.0430390760,1.0000000000
81,6.9480000000,left_hand,18,0.5888503194,0.5723293424,-0.0461460538,1.0000000000
82,7.0340000000,left_hand,18,0.5886401534,0.5725407600,-0.0438550971,1.0000000000
83,7.1190000000,left_hand,18,0.5882890224,0.5729557872,-0.0477905571,1.0000000000
84,7.2050000000,left_hand,18,0.5926421285,0.5742613077,-0.0423875079,1.0000000000
85,7.2910000000,left_hand,18,0.5891467333,0.5741345286,-0.0450775549,1.0000000000
86,7.3770000000,left_hand,18,0.5919554830,0.5718800426,-0.0403819308,1.0000000000
87,7.4620000000,left_hand,18,0.5944187641,0.5677486062,-0.0404670350,1.0000000000
88,7.5480000000,left_hand,18,0.5939092040,0.5638331175,-0.0440360419,1.0000000000
89,7.6340000000,left_hand,18,0.5941724181,0.5609721541,-0.0417228341,1.0000000000
90,7.7200000000,left_hand,18,0.6009691358,0.5629135966,-0.0456920303,1.0000000000
91,7.8050000000,left_hand,18,0.6020928025,0.5592683554,-0.0425585993,1.0000000000
92,7.8910000000,left_hand,18,0.6052111983,0.5605917573,-0.0404724032,1.0000000000
93,7.9770000000,left_hand,18,0.6114042997,0.5567709804,-0.0385559686,1.0000000000
94,8.0630000000,left_hand,18,0.6096010804,0.5578053594,-0.0397561751,1.0000000000
95,8.1490000000,left_hand,18,0.6096495986,0.5571368933,-0.0360539816,1.0000000000
96,8.2340000000,left_hand,18,0.6147544384,0.5558831096,-0.0520158224,1.0000000000
97,8.3200000000,left_hand,18,0.6154468656,0.5539392233,-0.0389562026,1.0000000000
98,8.4060000000,left_hand,18,0.6102973819,0.5528071523,-0.0380100273,1.0000000000
99,8.4920000000,left_hand,18,0.6129717231,0.5562835932,-0.0507596694,1.0000000000
100,8.5770000000,left_hand,18,0.6082107425,0.5562340021,-0.0344495364,1.0000000000
101,8.6630000000,left_hand,18,0.6060643196,0.5618770123,-0.0356791168,1.0000000000
102,8.7490000000,left_hand,18,0.6054517627,0.5633020401,-0.0429908819,1.0000000000
103,8.8350000000,left_hand,18,0.5996855497,0.5675244331,-0.0436232015,1.0000000000
104,8.9210000000,left_hand,18,0.5883679986,0.5648020506,-0.0371028744,1.0000000000
105,9.0060000000,left_hand,18,0.5893964171,0.5686213970,-0.0483707152,1.0000000000
106,9.0920000000,left_hand,18,0.5857853889,0.5673105121,-0.0455236025,1.0000000000
107,9.1780000000,left_hand,18,0.5832171440,0.5697399974,-0.0475966707,1.0000000000
108,9.2640000000,left_hand,18,0.5864318609,0.5687274337,-0.0487021618,1.0000000000
109,9.3490000000,left_hand,18,0.5858409405,0.5676540136,-0.0477127247,1.0000000000
110,9.4350000000,left_hand,18,0.5908426642,0.5675970316,-0.0387445688,1.0000000000
111,9.5210000000,left_hand,18,0.5963091254,0.5670386553,-0.0414935797,1.0000000000
112,9.6070000000,left_hand,18,0.5984085202,0.5518616438,-0.0369861759,1.0000000000
113,9.6930000000,left_hand,18,0.6013308764,0.5682773590,-0.0477072001,1.0000000000
114,9.7780000000,left_hand,18,0.6050341129,0.5674396157,-0.0481900312,1.0000000000
115,9.8640000000,left_hand,18,0.6077312231,0.5669052005,-0.0521923751,1.0000000000
116,9.9500000000,left_hand,18,0.6062533259,0.5668358803,-0.0393008217,1.0000000000
117,10.0360000000,left_hand,18,0.6066499949,0.5678780675,-0.0486897565,1.0000000000
118,10.1210000000,left_hand,18,0.6073818803,0.5664203167,-0.0432954915,1.0000000000
119,10.2070000000,left_hand,18,0.6070200801,0.5652213097,-0.0434843749,1.0000000000
120,10.2930000000,left_hand,18,0.6069219112,0.5645614862,-0.0441102348,1.0000000000
121,10.3790000000,left_hand,18,0.6041894555,0.5661116242,-0.0454099812,1.0000000000
122,10.4640000000,left_hand,18,0.6002539992,0.5670280457,-0.0418060198,1.0000000000
123,10.5500000000,left_hand,18,0.5933653116,0.5695135593,-0.0404280871,1.0000000000
124,10.6360000000,left_hand,18,0.5914320946,0.5732787251,-0.0461183488,1.0000000000
125,10.7220000000,left_hand,18,0.5910003781,0.5701898932,-0.0446441360,1.0000000000
126,10.8080000000,left_hand,18,0.5886760950,0.5740095377,-0.0397101343,1.0000000000
127,10.8930000000,left_hand,18,0.5840303898,0.5644873381,-0.0460345708,1.0000000000
128,10.9790000000,left_hand,18,0.5864085555,0.5729859471,-0.0453930385,1.0000000000
129,11.0650000000,left_hand,18,0.5882916451,0.5714197755,-0.0397013724,1.0000000000
130,11.1510000000,left_hand,18,0.5936272144,0.5695889592,-0.0529915728,1.0000000000
131,11.2360000000,left_hand,18,0.5971986651,0.5668799281,-0.0474980325,1.0000000000
132,11.3220000000,left_hand,18,0.6024510860,0.5666676760,-0.0462604314,1.0000000000
133,11.4080000000,left_hand,18,0.6051956415,0.5630764961,-0.0418208577,1.0000000000
134,11.4940000000,left_hand,18,0.6138494015,0.5584633350,-0.0448844954,1.0000000000
135,11.5800000000,left_hand,18,0.6139830947,0.5472488999,-0.0360608995,1.0000000000
136,11.6650000000,left_hand,18,0.6117327213,0.5553314686,-0.0354233198,1.0000000000
137,11.7510000000,left_hand,18,0.6103758812,0.5467290878,-0.0416060314,1.0000000000
138,11.8370000000,left_hand,18,0.6055595279,0.5413993597,-0.0339176692,1.0000000000
139,11.9230000000,left_hand,18,0.5991915464,0.5497172475,-0.0236777160,1.0000000000
59,5.0610000000,left_hand,19,0.4671775401,0.6000156403,-0.0376532786,1.0000000000
60,5.1460000000,left_hand,19,0.5665036440,0.5667002201,-0.0396668538,1.0000000000
61,5.2320000000,left_hand,19,0.5684221983,0.5709922910,-0.0386585258,1.0000000000
62,5.3180000000,left_hand,19,0.5723467469,0.5697497129,-0.0431421585,1.0000000000
63,5.4040000000,left_hand,19,0.5661640763,0.5745627284,-0.0434118994,1.0000000000
64,5.4900000000,left_hand,19,0.5674903989,0.5763472319,-0.0459060892,1.0000000000
65,5.5750000000,left_hand,19,0.5709598064,0.5790875554,-0.0381952152,1.0000000000
66,5.6610000000,left_hand,19,0.5782678127,0.5761252642,-0.0487665311,1.0000000000
67,5.7470000000,left_hand,19,0.5716433525,0.5773420930,-0.0474739037,1.0000000000
68,5.8330000000,left_hand,19,0.5797818899,0.5778110623,-0.0509788506,1.0000000000
69,5.9180000000,left_hand,19,0.5739207268,0.5745072365,-0.0491506830,1.0000000000
70,6.0040000000,left_hand,19,0.5740951300,0.5741366744,-0.0545241535,1.0000000000
71,6.0900000000,left_hand,19,0.5738857388,0.5742546320,-0.0519141108,1.0000000000
72,6.1760000000,left_hand,19,0.5789699554,0.5776962042,-0.0562563464,1.0000000000
73,6.2620000000,left_hand,19,0.5775970817,0.5723429918,-0.0504621565,1.0000000000
74,6.3470000000,left_hand,19,0.5759571195,0.5746571422,-0.0472731143,1.0000000000
75,6.4330000000,left_hand,19,0.5754100680,0.5724761486,-0.0474442281,1.0000000000
76,6.5190000000,left_hand,19,0.5771952868,0.5754142404,-0.0529158451,1.0000000000
77,6.6050000000,left_hand,19,0.5738443732,0.5728420019,-0.0497807302,1.0000000000
78,6.6900000000,left_hand,19,0.5740088820,0.5728684664,-0.0453725234,1.0000000000
79,6.7760000000,left_hand,19,0.5753903389,0.5749593377,-0.0444508120,1.0000000000
80,6.8620000000,left_hand,19,0.5751451850,0.5740630031,-0.0438042358,1.0000000000
81,6.9480000000,left_hand,19,0.5735467672,0.5753173828,-0.0466718487,1.0000000000
82,7.0340000000,left_hand,19,0.5732835531,0.5760471225,-0.0444752388,1.0000000000
83,7.1190000000,left_hand,19,0.5720942020,0.5757241845,-0.0484877974,1.0000000000
84,7.2050000000,left_hand,19,0.5786372423,0.5757256150,-0.0438269340,1.0000000000
85,7.2910000000,left_hand,19,0.5741258264,0.5758650899,-0.0454954468,1.0000000000
86,7.3770000000,left_hand,19,0.5800449848,0.5716553330,-0.0409182049,1.0000000000
87,7.4620000000,left_hand,19,0.5817604065,0.5695406199,-0.0405411199,1.0000000000
88,7.5480000000,left_hand,19,0.5795837641,0.5647919774,-0.0445257127,1.0000000000
89,7.6340000000,left_hand,19,0.5800681710,0.5628716946,-0.0416540019,1.0000000000
90,7.7200000000,left_hand,19,0.5855019689,0.5639432669,-0.0475376621,1.0000000000
91,7.8050000000,left_hand,19,0.5880489349,0.5615010858,-0.0454873294,1.0000000000
92,7.8910000000,left_hand,19,0.5907412767,0.5620151162,-0.0424627438,1.0000000000
93,7.9770000000,left_hand,19,0.5975111127,0.5590096116,-0.0401366316,1.0000000000
94,8.0630000000,left_hand,19,0.5964183211,0.5607345700,-0.0407927148,1.0000000000
95,8.1490000000,left_hand,19,0.5974656343,0.5597164035,-0.0375543609,1.0000000000
96,8.2340000000,left_hand,19,0.6034679413,0.5573604703,-0.0564022213,1.0000000000
97,8.3200000000,left_hand,19,0.6039679050,0.5578416586,-0.0418079346,1.0000000000
98,8.4060000000,left_hand,19,0.5991926193,0.5566449165,-0.0401084870,1.0000000000
99,8.4920000000,left_hand,19,0.6012783051,0.5585370660,-0.0556069277,1.0000000000
100,8.5770000000,left_hand,19,0.5952118039,0.5587278605,-0.0358012430,1.0000000000
101,8.6630000000,left_hand,19,0.5931491256,0.5631480217,-0.0365330428,1.0000000000
102,8.7490000000,left_hand,19,0.5926175714,0.5630024076,-0.0447235145,1.0000000000
103,8.8350000000,left_hand,19,0.5861774087,0.5675410628,-0.0449056774,1.0000000000
104,8.9210000000,left_hand,19,0.5750316978,0.5657076836,-0.0380066261,1.0000000000
105,9.0060000000,left_hand,19,0.5750883818,0.5686740279,-0.0495999120,1.0000000000
106,9.0920000000,left_hand,19,0.5717768669,0.5677391291,-0.0458173268,1.0000000000
107,9.1780000000,left_hand,19,0.5682777762,0.5709957480,-0.0484657958,1.0000000000
108,9.2640000000,left_hand,19,0.5695723891,0.5709903240,-0.0500885136,1.0000000000
109,9.3490000000,left_hand,19,0.5685815811,0.5686545968,-0.0494302474,1.0000000000
110,9.4350000000,left_hand,19,0.5743561387,0.5699232817,-0.0400466770,1.0000000000
111,9.5210000000,left_hand,19,0.5800726414,0.5680403113,-0.0421055369,1.0000000000
112,9.6070000000,left_hand,19,0.5818130970,0.5561206937,-0.0374426171,1.0000000000
113,9.6930000000,left_hand,19,0.5851348042,0.5679964423,-0.0501436517,1.0000000000
114,9.7780000000,left_hand,19,0.5890880823,0.5669472814,-0.0507620424,1.0000000000
115,9.8640000000,left_hand,19,0.5925973654,0.5672805309,-0.0547575243,1.0000000000
116,9.9500000000,left_hand,19,0.5905231237,0.5676981807,-0.0411303677,1.0000000000
117,10.0360000000,left_hand,19,0.5909402966,0.5676016212,-0.0512882546,1.0000000000
118,10.1210000000,left_hand,19,0.5922063589,0.5678259134,-0.0452977680,1.0000000000
119,10.2070000000,left_hand,19,0.5908334851,0.5653635859,-0.0455533825,1.0000000000
120,10.2930000000,left_hand,19,0.5907782316,0.5660022497,-0.0457237512,1.0000000000
121,10.3790000000,left_hand,19,0.5882614255,0.5682698488,-0.0468692519,1.0000000000
122,10.4640000000,left_hand,19,0.5850692391,0.5694797635,-0.0424533002,1.0000000000
123,10.5500000000,left_hand,19,0.5775784254,0.5712143183,-0.0415080972,1.0000000000
124,10.6360000000,left_hand,19,0.5757350326,0.5760750771,-0.0469680429,1.0000000000
125,10.7220000000,left_hand,19,0.5747367144,0.5732467175,-0.0459567495,1.0000000000
126,10.8080000000,left_hand,19,0.5740299821,0.5768619776,-0.0405334234,1.0000000000
127,10.8930000000,left_hand,19,0.5685192943,0.5693879128,-0.0468379669,1.0000000000
128,10.9790000000,left_hand,19,0.5725965500,0.5741642714,-0.0447666198,1.0000000000
129,11.0650000000,left_hand,19,0.5751225352,0.5736765862,-0.0397927836,1.0000000000
130,11.1510000000,left_hand,19,0.5819121003,0.5716964006,-0.0534589812,1.0000000000
131,11.2360000000,left_hand,19,0.5835643411,0.5683569312,-0.0487049893,1.0000000000
132,11.3220000000,left_hand,19,0.5896285176,0.5684524775,-0.0475891121,1.0000000000
133,11.4080000000,left_hand,19,0.5904231071,0.5622153878,-0.0431337766,1.0000000000
134,11.4940000000,left_hand,19,0.6006610394,0.5588015914,-0.0467911474,1.0000000000
135,11.5800000000,left_hand,19,0.5989636779,0.5491257310,-0.0383304991,1.0000000000
136,11.6650000000,left_hand,19,0.5980194807,0.5554890633,-0.0377325267,1.0000000000
137,11.7510000000,left_hand,19,0.5970492363,0.5480167866,-0.0462926738,1.0000000000
138,11.8370000000,left_hand,19,0.5931202173,0.5454052687,-0.0432409085,1.0000000000
139,11.9230000000,left_hand,19,0.5904225707,0.5536481738,-0.0228804648,1.0000000000
59,5.0610000000,left_hand,20,0.4814041853,0.5982975364,-0.0390233323,1.0000000000
60,5.1460000000,left_hand,20,0.5573785305,0.5642145872,-0.0405394137,1.0000000000
61,5.2320000000,left_hand,20,0.5580050945,0.5675312877,-0.0400254466,1.0000000000
62,5.3180000000,left_hand,20,0.5616690516,0.5683656931,-0.0445064530,1.0000000000
63,5.4040000000,left_hand,20,0.5553599596,0.5710064173,-0.0444120429,1.0000000000
64,5.4900000000,left_hand,20,0.5580349565,0.5720555186,-0.0476228781,1.0000000000
65,5.5750000000,left_hand,20,0.5628517866,0.5751850009,-0.0403363332,1.0000000000
66,5.6610000000,left_hand,20,0.5678165555,0.5731461644,-0.0509814918,1.0000000000
67,5.7470000000,left_hand,20,0.5610259175,0.5753835440,-0.0478388779,1.0000000000
68,5.8330000000,left_hand,20,0.5685495138,0.5779417753,-0.0517084450,1.0000000000
69,5.9180000000,left_hand,20,0.5626928806,0.5736994743,-0.0497144572,1.0000000000
70,6.0040000000,left_hand,20,0.5624286532,0.5745834708,-0.0553090461,1.0000000000
71,6.0900000000,left_hand,20,0.5612837076,0.5747327209,-0.0525630899,1.0000000000
72,6.1760000000,left_hand,20,0.5669387579,0.5778359771,-0.0573884845,1.0000000000
73,6.2620000000,left_hand,20,0.5651581883,0.5739209056,-0.0515086651,1.0000000000
74,6.3470000000,left_hand,20,0.5634068251,0.5759810209,-0.0477232672,1.0000000000
75,6.4330000000,left_hand,20,0.5624614954,0.5708879232,-0.0484115444,1.0000000000
76,6.5190000000,left_hand,20,0.5656090975,0.5756595731,-0.0537634790,1.0000000000
77,6.6050000000,left_hand,20,0.5613622069,0.5726354122,-0.0506605767,1.0000000000
78,6.6900000000,left_hand,20,0.5622256994,0.5724952221,-0.0461484455,1.0000000000
79,6.7760000000,left_hand,20,0.5639448166,0.5757952332,-0.0446259752,1.0000000000
80,6.8620000000,left_hand,20,0.5634483695,0.5722883940,-0.0437460132,1.0000000000
81,6.9480000000,left_hand,20,0.5626573563,0.5759395361,-0.0466400124,1.0000000000
82,7.0340000000,left_hand,20,0.5620961785,0.5763273239,-0.0446680374,1.0000000000
83,7.1190000000,left_hand,20,0.5601821542,0.5764109492,-0.0484555215,1.0000000000
84,7.2050000000,left_hand,20,0.5680824518,0.5749280453,-0.0447326973,1.0000000000
85,7.2910000000,left_hand,20,0.5633732080,0.5757840276,-0.0454041623,1.0000000000
86,7.3770000000,left_hand,20,0.5719485879,0.5684749484,-0.0408137143,1.0000000000
87,7.4620000000,left_hand,20,0.5727744102,0.5699386001,-0.0401613116,1.0000000000
88,7.5480000000,left_hand,20,0.5693032146,0.5648030043,-0.0443847291,1.0000000000
89,7.6340000000,left_hand,20,0.5700490475,0.5645148158,-0.0414184183,1.0000000000
90,7.7200000000,left_hand,20,0.5728424788,0.5649756193,-0.0486603901,1.0000000000
91,7.8050000000,left_hand,20,0.5766144395,0.5634899735,-0.0472277440,1.0000000000
92,7.8910000000,left_hand,20,0.5790746808,0.5628531575,-0.0433922336,1.0000000000
93,7.9770000000,left_hand,20,0.5858543515,0.5631729364,-0.0412932634,1.0000000000
94,8.0630000000,left_hand,20,0.5855805874,0.5639892817,-0.0411592312,1.0000000000
95,8.1490000000,left_hand,20,0.5872904062,0.5623095036,-0.0380885638,1.0000000000
96,8.2340000000,left_hand,20,0.5932376981,0.5619146228,-0.0591981634,1.0000000000
97,8.3200000000,left_hand,20,0.5943295360,0.5631775260,-0.0431000739,1.0000000000
98,8.4060000000,left_hand,20,0.5904757380,0.5611456037,-0.0406169705,1.0000000000
99,8.4920000000,left_hand,20,0.5910007358,0.5628405213,-0.0587695353,1.0000000000
100,8.5770000000,left_hand,20,0.5843297839,0.5613158941,-0.0365114622,1.0000000000
101,8.6630000000,left_hand,20,0.5826904774,0.5646316409,-0.0367183760,1.0000000000
102,8.7490000000,left_hand,20,0.5812163353,0.5625072122,-0.0458066985,1.0000000000
103,8.8350000000,left_hand,20,0.5749346614,0.5666210651,-0.0458450019,1.0000000000
104,8.9210000000,left_hand,20,0.5650917292,0.5642741919,-0.0384066887,1.0000000000
105,9.0060000000,left_hand,20,0.5648865700,0.5683275461,-0.0501633808,1.0000000000
106,9.0920000000,left_hand,20,0.5622192621,0.5680112839,-0.0457649343,1.0000000000
107,9.1780000000,left_hand,20,0.5579158068,0.5707208514,-0.0486600101,1.0000000000
108,9.2640000000,left_hand,20,0.5573198199,0.5703763962,-0.0506953485,1.0000000000
109,9.3490000000,left_hand,20,0.5561931729,0.5666376948,-0.0501801819,1.0000000000
110,9.4350000000,left_hand,20,0.5617341995,0.5701580048,-0.0406168662,1.0000000000
111,9.5210000000,left_hand,20,0.5671753287,0.5677402020,-0.0424440540,1.0000000000
112,9.6070000000,left_hand,20,0.5686988235,0.5617569089,-0.0380048379,1.0000000000
113,9.6930000000,left_hand,20,0.5716495514,0.5662243962,-0.0515189543,1.0000000000
114,9.7780000000,left_hand,20,0.5757982731,0.5658974648,-0.0522184744,1.0000000000
115,9.8640000000,left_hand,20,0.5792972445,0.5672372580,-0.0562828928,1.0000000000
116,9.9500000000,left_hand,20,0.5771627426,0.5681937933,-0.0420473330,1.0000000000
117,10.0360000000,left_hand,20,0.5775496960,0.5671664476,-0.0529250354,1.0000000000
118,10.1210000000,left_hand,20,0.5788224936,0.5683810711,-0.0464999191,1.0000000000
119,10.2070000000,left_hand,20,0.5771682858,0.5647100210,-0.0467848070,1.0000000000
120,10.2930000000,left_hand,20,0.5775346160,0.5664624572,-0.0466747582,1.0000000000
121,10.3790000000,left_hand,20,0.5755745769,0.5689966083,-0.0475864150,1.0000000000
122,10.4640000000,left_hand,20,0.5733695626,0.5695455074,-0.0425784513,1.0000000000
123,10.5500000000,left_hand,20,0.5660400987,0.5708274841,-0.0419131108,1.0000000000
124,10.6360000000,left_hand,20,0.5645452142,0.5768026710,-0.0470727161,1.0000000000
125,10.7220000000,left_hand,20,0.5626704097,0.5742007494,-0.0464456975,1.0000000000
126,10.8080000000,left_hand,20,0.5631703138,0.5761176944,-0.0406346582,1.0000000000
127,10.8930000000,left_hand,20,0.5576513410,0.5738880634,-0.0474376939,1.0000000000
128,10.9790000000,left_hand,20,0.5624027848,0.5744485855,-0.0445345044,1.0000000000
129,11.0650000000,left_hand,20,0.5650752187,0.5748072267,-0.0397708230,1.0000000000
130,11.1510000000,left_hand,20,0.5727611184,0.5725955963,-0.0530078299,1.0000000000
131,11.2360000000,left_hand,20,0.5731313825,0.5697851181,-0.0492741652,1.0000000000
132,11.3220000000,left_hand,20,0.5802891850,0.5698834658,-0.0481492318,1.0000000000
133,11.4080000000,left_hand,20,0.5787107348,0.5612659454,-0.0438551083,1.0000000000
134,11.4940000000,left_hand,20,0.5894418359,0.5599057078,-0.0477491654,1.0000000000
135,11.5800000000,left_hand,20,0.5860319734,0.5531952381,-0.0397155695,1.0000000000
136,11.6650000000,left_hand,20,0.5863754153,0.5577436090,-0.0390948281,1.0000000000
137,11.7510000000,left_hand,20,0.5859208703,0.5529156923,-0.0494291857,1.0000000000
138,11.8370000000,left_hand,20,0.5834444165,0.5531191826,-0.0500167497,1.0000000000
139,11.9230000000,left_hand,20,0.5846015811,0.5572270155,-0.0218215324,1.0000000000
59,5.0610000000,pose,11,0.6317351460,0.3753355443,-0.1632868946,0.9999107718
60,5.1460000000,pose,11,0.6316860318,0.3753990829,-0.1607850492,0.9999150038
61,5.2320000000,pose,11,0.6316829920,0.3770218790,-0.1172287092,0.9999144673
62,5.3180000000,pose,11,0.6313056946,0.3767673075,-0.1442097276,0.9999205470
63,5.4040000000,pose,11,0.6311795712,0.3773132861,-0.1430952251,0.9999234676
64,5.4900000000,pose,11,0.6311663985,0.3806187809,-0.0916033164,0.9999185205
65,5.5750000000,pose,11,0.6311187744,0.3805339038,-0.0915550143,0.9999229312
66,5.6610000000,pose,11,0.6308975220,0.3805995584,-0.1340167820,0.9999266267
67,5.7470000000,pose,11,0.6309298277,0.3811187744,-0.1053662747,0.9999309182
68,5.8330000000,pose,11,0.6308327317,0.3807902932,-0.0503304638,0.9999337792
69,5.9180000000,pose,11,0.6307897568,0.3809902370,-0.0664348379,0.9999264479
70,6.0040000000,pose,11,0.6307820082,0.3815138340,-0.0436341092,0.9999293685
71,6.0900000000,pose,11,0.6307160258,0.3805593252,-0.0699639693,0.9999402165
72,6.1760000000,pose,11,0.6302316785,0.3795114160,-0.1209628806,0.9999362826
73,6.2620000000,pose,11,0.6305090189,0.3795279562,-0.1106851473,0.9999328256
74,6.3470000000,pose,11,0.6297085285,0.3795059919,-0.0911494866,0.9999301434
75,6.4330000000,pose,11,0.6296981573,0.3805195093,-0.0621143095,0.9999251366
76,6.5190000000,pose,11,0.6295868754,0.3805234432,-0.0634111017,0.9999246597
77,6.6050000000,pose,11,0.6297568083,0.3794301748,-0.0668149292,0.9999272227
78,6.6900000000,pose,11,0.6302025914,0.3794566393,-0.0858568251,0.9999207258
79,6.7760000000,pose,11,0.6300723553,0.3794459105,-0.0856360942,0.9999231100
80,6.8620000000,pose,11,0.6300696731,0.3791176975,-0.0503593236,0.9999173880
81,6.9480000000,pose,11,0.6299053431,0.3792792261,-0.0584656671,0.9999201298
82,7.0340000000,pose,11,0.6299089789,0.3785924315,-0.0593194142,0.9999246597
83,7.1190000000,pose,11,0.6298741102,0.3786273301,-0.0570090786,0.9999252558
84,7.2050000000,pose,11,0.6302319169,0.3790994287,-0.0485356860,0.9999306202
85,7.2910000000,pose,11,0.6290873289,0.3782831728,-0.0359948650,0.9999356866
86,7.3770000000,pose,11,0.6294988990,0.3782238662,-0.0391034931,0.9999405146
87,7.4620000000,pose,11,0.6294837594,0.3785006106,-0.0405084342,0.9999427795
88,7.5480000000,pose,11,0.6299927831,0.3786244392,-0.0358753875,0.9999459386
89,7.6340000000,pose,11,0.6293852329,0.3780889511,-0.0239272062,0.9999471903
90,7.7200000000,pose,11,0.6301803589,0.3766231537,-0.0247066412,0.9999486804
91,7.8050000000,pose,11,0.6302743554,0.3769603670,-0.0528925657,0.9999500513
92,7.8910000000,pose,11,0.6301288009,0.3765264452,-0.0689519197,0.9999513626
93,7.9770000000,pose,11,0.6302149892,0.3765681684,-0.0354677923,0.9999515414
94,8.0630000000,pose,11,0.6302306652,0.3765308857,-0.0528169610,0.9999524951
95,8.1490000000,pose,11,0.6302260160,0.3767158389,-0.0641425326,0.9999527335
96,8.2340000000,pose,11,0.6302471161,0.3765906692,-0.0656226054,0.9999451041
97,8.3200000000,pose,11,0.6300051212,0.3760538399,-0.0715295151,0.9999455214
98,8.4060000000,pose,11,0.6299316287,0.3760259151,-0.0880539790,0.9999415278
99,8.4920000000,pose,11,0.6299316883,0.3762351573,-0.0403770320,0.9999262094
100,8.5770000000,pose,11,0.6293981075,0.3759408593,-0.0450718813,0.9999269247
101,8.6630000000,pose,11,0.6299154162,0.3751730323,-0.0871473476,0.9999279380
102,8.7490000000,pose,11,0.6299198866,0.3754809201,-0.0834555924,0.9999322891
103,8.8350000000,pose,11,0.6301404238,0.3754765689,-0.0754641667,0.9999277592
104,8.9210000000,pose,11,0.6296914220,0.3765000105,-0.0360750929,0.9999247193
105,9.0060000000,pose,11,0.6298791170,0.3765929639,-0.0599216372,0.9999305010
106,9.0920000000,pose,11,0.6301673055,0.3764905035,-0.1231454536,0.9999335408
107,9.1780000000,pose,11,0.6299965978,0.3768045008,-0.0926733688,0.9999359846
108,9.2640000000,pose,11,0.6298841238,0.3774168789,-0.0565203391,0.9999387860
109,9.3490000000,pose,11,0.6297269464,0.3774921000,-0.0878507420,0.9999426603
110,9.4350000000,pose,11,0.6297283769,0.3770534098,-0.1019351184,0.9999443889
111,9.5210000000,pose,11,0.6296188831,0.3768968880,-0.1140075028,0.9999457002
112,9.6070000000,pose,11,0.6296077371,0.3773019910,-0.1443698853,0.9999458194
113,9.6930000000,pose,11,0.6294963360,0.3765000701,-0.1387713104,0.9999476671
114,9.7780000000,pose,11,0.6294807792,0.3770380914,-0.1529123783,0.9999480247
115,9.8640000000,pose,11,0.6296368837,0.3765521944,-0.1400173008,0.9999439716
116,9.9500000000,pose,11,0.6298128366,0.3785362244,-0.1388445646,0.9999412298
117,10.0360000000,pose,11,0.6299490333,0.3797820508,-0.1243380383,0.9999337196
118,10.1210000000,pose,11,0.6300407052,0.3798135817,-0.1071207002,0.9999365807
119,10.2070000000,pose,11,0.6298198700,0.3800553977,-0.1407977492,0.9999393225
120,10.2930000000,pose,11,0.6299495101,0.3790468574,-0.1416129321,0.9999426603
121,10.3790000000,pose,11,0.6300048828,0.3792244196,-0.0849516168,0.9999396205
122,10.4640000000,pose,11,0.6301025152,0.3793039322,-0.1370946467,0.9999409318
123,10.5500000000,pose,11,0.6302243471,0.3788520098,-0.0789064541,0.9999418259
124,10.6360000000,pose,11,0.6301934719,0.3786147833,-0.0959781632,0.9999448657
125,10.7220000000,pose,11,0.6303233504,0.3784921169,-0.0217081979,0.9999437332
126,10.8080000000,pose,11,0.6302619576,0.3788200915,-0.0844067559,0.9999459982
127,10.8930000000,pose,11,0.6286650896,0.3788088858,-0.0527964123,0.9999451637
128,10.9790000000,pose,11,0.6278882623,0.3791843057,-0.0360797159,0.9999355078
129,11.0650000000,pose,11,0.6291894913,0.3779732287,-0.2072378993,0.9999366999
130,11.1510000000,pose,11,0.6292882562,0.3779445589,-0.1480801702,0.9999327660
131,11.2360000000,pose,11,0.6292726994,0.3781417608,-0.1839672029,0.9999340177
132,11.3220000000,pose,11,0.6287889481,0.3782072067,-0.0828940049,0.9999321699
133,11.4080000000,pose,11,0.6286572218,0.3782869875,0.0247202776,0.9999249578
134,11.4940000000,pose,11,0.6290531754,0.3785337806,-0.0697001591,0.9999241233
135,11.5800000000,pose,11,0.6276459098,0.3790419400,-0.0699814111,0.9999035597
136,11.6650000000,pose,11,0.6278648973,0.3775603771,-0.1185783446,0.9998959899
137,11.7510000000,pose,11,0.6286634803,0.3773398995,-0.0549966283,0.9998999238
138,11.8370000000,pose,11,0.6289511919,0.3773428500,-0.0574578792,0.9999004006
139,11.9230000000,pose,11,0.6286418438,0.3764366806,-0.0253888778,0.9999047518
59,5.0610000000,pose,12,0.4214783609,0.3646191657,-0.1254305393,0.9998451471
60,5.1460000000,pose,12,0.4213320017,0.3642924130,-0.1072058380,0.9998538494
61,5.2320000000,pose,12,0.4212200046,0.3640684485,-0.0999321416,0.9998489618
62,5.3180000000,pose,12,0.4203792214,0.3630517721,-0.1173890978,0.9998587370
63,5.4040000000,pose,12,0.4201248884,0.3633324504,-0.1156871468,0.9998635650
64,5.4900000000,pose,12,0.4198557734,0.3633508384,-0.0598341115,0.9998471141
65,5.5750000000,pose,12,0.4191394448,0.3637938797,-0.0517727882,0.9998560548
66,5.6610000000,pose,12,0.4191030264,0.3649106324,-0.1003031507,0.9998651147
67,5.7470000000,pose,12,0.4188862145,0.3649002016,-0.0732530355,0.9998737574
68,5.8330000000,pose,12,0.4186371863,0.3649467826,-0.0108131878,0.9998804927
69,5.9180000000,pose,12,0.4184666872,0.3649019897,-0.0291787647,0.9998764396
70,6.0040000000,pose,12,0.4176080525,0.3638892770,-0.0105178645,0.9998829365
71,6.0900000000,pose,12,0.4159944952,0.3626746833,-0.0125506967,0.9999034405
72,6.1760000000,pose,12,0.4161882997,0.3624530733,-0.0816085041,0.9999017715
73,6.2620000000,pose,12,0.4167859256,0.3624373078,-0.0713574886,0.9999008179
74,6.3470000000,pose,12,0.4173859656,0.3627563715,-0.0386094265,0.9998964071
75,6.4330000000,pose,12,0.4174067378,0.3633481562,-0.0322545357,0.9998902678
76,6.5190000000,pose,12,0.4175268114,0.3633334041,-0.0450128913,0.9998847842
77,6.6050000000,pose,12,0.4174641967,0.3633651137,-0.0457788147,0.9998824000
78,6.6900000000,pose,12,0.4180276990,0.3630762696,-0.0714089647,0.9998739958
79,6.7760000000,pose,12,0.4179841876,0.3640547395,-0.0613448620,0.9998718500
80,6.8620000000,pose,12,0.4180097580,0.3635653853,-0.0377953239,0.9998498559
81,6.9480000000,pose,12,0.4179506898,0.3628556132,-0.0384114906,0.9998482466
82,7.0340000000,pose,12,0.4187488556,0.3627924323,-0.0390620492,0.9998572469
83,7.1190000000,pose,12,0.4184713662,0.3613601923,-0.0471213125,0.9998509288
84,7.2050000000,pose,12,0.4184710085,0.3619543612,-0.0226433668,0.9998599291
85,7.2910000000,pose,12,0.4185835719,0.3612249196,-0.0001316970,0.9998679757
86,7.3770000000,pose,12,0.4185927808,0.3635729551,0.0034403983,0.9998778701
87,7.4620000000,pose,12,0.4186098874,0.3634243906,-0.0112634115,0.9998818636
88,7.5480000000,pose,12,0.4189731479,0.3631772697,-0.0022839087,0.9998880029
89,7.6340000000,pose,12,0.4199443758,0.3623058200,0.0023859760,0.9998880625
90,7.7200000000,pose,12,0.4199347794,0.3606177270,0.0079758577,0.9998907447
91,7.8050000000,pose,12,0.4196448624,0.3605765998,-0.0214716624,0.9998933077
92,7.8910000000,pose,12,0.4196459353,0.3606522679,-0.0539837480,0.9998974800
93,7.9770000000,pose,12,0.4192512929,0.3603219092,-0.0125413425,0.9999012351
94,8.0630000000,pose,12,0.4192438424,0.3602978885,-0.0306640454,0.9999048710
95,8.1490000000,pose,12,0.4194466472,0.3608178496,-0.0389972739,0.9999080300
96,8.2340000000,pose,12,0.4194383919,0.3606388271,-0.0303976759,0.9998984337
97,8.3200000000,pose,12,0.4191013277,0.3606195748,-0.0432903022,0.9999009371
98,8.4060000000,pose,12,0.4189330637,0.3612979650,-0.0589308254,0.9998983145
99,8.4920000000,pose,12,0.4182257950,0.3635655046,-0.0013572187,0.9998880625
100,8.5770000000,pose,12,0.4176383615,0.3634816706,-0.0361313745,0.9998825192
101,8.6630000000,pose,12,0.4176024497,0.3628271520,-0.0680420622,0.9998840094
102,8.7490000000,pose,12,0.4175758958,0.3627873957,-0.0622701161,0.9998900890
103,8.8350000000,pose,12,0.4173402488,0.3626155555,-0.0576505810,0.9998764992
104,8.9210000000,pose,12,0.4173872173,0.3625914156,-0.0128902476,0.9998695850
105,9.0060000000,pose,12,0.4182914495,0.3628997803,-0.0135164270,0.9998797774
106,9.0920000000,pose,12,0.4189787209,0.3628993332,-0.0869460478,0.9998829961
107,9.1780000000,pose,12,0.4197908044,0.3624412119,-0.0770759881,0.9998841286
108,9.2640000000,pose,12,0.4198110998,0.3622828126,-0.0345473997,0.9998855591
109,9.3490000000,pose,12,0.4197008908,0.3622158170,-0.0623516105,0.9998922348
110,9.4350000000,pose,12,0.4196486771,0.3620453775,-0.0957504436,0.9998969436
111,9.5210000000,pose,12,0.4197198153,0.3620417714,-0.0999672115,0.9999012947
112,9.6070000000,pose,12,0.4196808934,0.3622461557,-0.1240118518,0.9999031425
113,9.6930000000,pose,12,0.4196253121,0.3617993593,-0.1148276553,0.9999062419
114,9.7780000000,pose,12,0.4195813537,0.3619539738,-0.1291797310,0.9999073148
115,9.8640000000,pose,12,0.4201206565,0.3617878258,-0.1136130095,0.9999056458
116,9.9500000000,pose,12,0.4195706546,0.3635348976,-0.1025180966,0.9999018908
117,10.0360000000,pose,12,0.4193940759,0.3638910651,-0.0927922577,0.9998922348
118,10.1210000000,pose,12,0.4192468226,0.3631563485,-0.0691433847,0.9998940229
119,10.2070000000,pose,12,0.4192091823,0.3627991676,-0.0941254124,0.9998971820
120,10.2930000000,pose,12,0.4196008742,0.3627801538,-0.1029235274,0.9998987317
121,10.3790000000,pose,12,0.4196078479,0.3640710413,-0.0389453880,0.9998959899
122,10.4640000000,pose,12,0.4196704328,0.3640753925,-0.0966137424,0.9998959303
123,10.5500000000,pose,12,0.4194825292,0.3638930917,-0.0472130254,0.9998938441
124,10.6360000000,pose,12,0.4193905592,0.3636246026,-0.0762610286,0.9998977780
125,10.7220000000,pose,12,0.4200074077,0.3635594249,0.0222270843,0.9998922944
126,10.8080000000,pose,12,0.4205373228,0.3635420203,-0.0729302838,0.9998939037
127,10.8930000000,pose,12,0.4214722812,0.3675203621,-0.0320553593,0.9998956919
128,10.9790000000,pose,12,0.4211178124,0.3679421842,-0.0099846534,0.9998767972
129,11.0650000000,pose,12,0.4213206470,0.3688133061,-0.1818706095,0.9998794794
130,11.1510000000,pose,12,0.4228118956,0.3687160611,-0.1239726692,0.9998684525
131,11.2360000000,pose,12,0.4226976633,0.3683196008,-0.1370574534,0.9998713136
132,11.3220000000,pose,12,0.4227516353,0.3682581186,-0.0395630337,0.9998694658
133,11.4080000000,pose,12,0.4225217700,0.3682169318,0.0638602152,0.9998587966
134,11.4940000000,pose,12,0.4227203131,0.3673000336,-0.0349958353,0.9998526573
135,11.5800000000,pose,12,0.4233208299,0.3718958199,-0.0451272503,0.9998301268
136,11.6650000000,pose,12,0.4240877926,0.3714888394,-0.0990262702,0.9997957945
137,11.7510000000,pose,12,0.4237390459,0.3688022494,-0.0117416512,0.9998093247
138,11.8370000000,pose,12,0.4219964147,0.3684188128,-0.0218516458,0.9998158216
139,11.9230000000,pose,12,0.4214667082,0.3664228916,-0.0061265430,0.9998230338
59,5.0610000000,pose,13,0.6636192203,0.7276017666,-0.2811560333,0.9723728895
60,5.1460000000,pose,13,0.6633989215,0.7276045680,-0.2628947496,0.9713312984
61,5.2320000000,pose,13,0.6621641517,0.7294269204,-0.2035643011,0.9699871540
62,5.3180000000,pose,13,0.6615678072,0.7267812490,-0.2378260642,0.9718450308
63,5.4040000000,pose,13,0.6615690589,0.7272006273,-0.2409859747,0.9708872437
64,5.4900000000,pose,13,0.6614967585,0.7295877337,-0.1943990886,0.9698126316
65,5.5750000000,pose,13,0.6620464325,0.7301046848,-0.1913639158,0.9697141647
66,5.6610000000,pose,13,0.6619116664,0.7302033305,-0.2584418654,0.9713972211
67,5.7470000000,pose,13,0.6619096994,0.7302353382,-0.2509161234,0.9728164077
68,5.8330000000,pose,13,0.6609135866,0.7324546576,-0.1716451347,0.9729372859
69,5.9180000000,pose,13,0.6608404517,0.7363069654,-0.1866709888,0.9713764191
70,6.0040000000,pose,13,0.6609999537,0.7383386493,-0.1571187377,0.9718777537
71,6.0900000000,pose,13,0.6605539918,0.7378225923,-0.2194828540,0.9754528999
72,6.1760000000,pose,13,0.6614769101,0.7376010418,-0.2698008716,0.9749966860
73,6.2620000000,pose,13,0.6614180803,0.7407891750,-0.2540028393,0.9746999741
74,6.3470000000,pose,13,0.6608530283,0.7413459420,-0.2019883245,0.9742053747
75,6.4330000000,pose,13,0.6608456969,0.7402633429,-0.1853345186,0.9730841517
76,6.5190000000,pose,13,0.6597837806,0.7393165827,-0.1648227423,0.9729223847
77,6.6050000000,pose,13,0.6598953009,0.7389770150,-0.1778482795,0.9740570188
78,6.6900000000,pose,13,0.6597055793,0.7387193441,-0.1803171486,0.9727332592
79,6.7760000000,pose,13,0.6594363451,0.7383371592,-0.1983882636,0.9717064500
80,6.8620000000,pose,13,0.6594245434,0.7373715639,-0.1506304443,0.9694545269
81,6.9480000000,pose,13,0.6595780849,0.7385486364,-0.1571133137,0.9692710638
82,7.0340000000,pose,13,0.6623098850,0.7384643555,-0.1728252918,0.9700405598
83,7.1190000000,pose,13,0.6610522866,0.7380095720,-0.1457324475,0.9692519307
84,7.2050000000,pose,13,0.6606425047,0.7386540174,-0.1518532187,0.9705098271
85,7.2910000000,pose,13,0.6598014832,0.7384022474,-0.1281634867,0.9714606404
86,7.3770000000,pose,13,0.6597742438,0.7383317351,-0.1521678716,0.9713960290
87,7.4620000000,pose,13,0.6597670913,0.7376750708,-0.1669172943,0.9720663428
88,7.5480000000,pose,13,0.6589296460,0.7387821674,-0.1654801518,0.9728850722
89,7.6340000000,pose,13,0.6574491262,0.7380820513,-0.1287584156,0.9716205001
90,7.7200000000,pose,13,0.6573936343,0.7353771925,-0.1341172159,0.9698876739
91,7.8050000000,pose,13,0.6583753824,0.7371487617,-0.1751087010,0.9681813717
92,7.8910000000,pose,13,0.6583968997,0.7336218357,-0.1999653727,0.9685150981
93,7.9770000000,pose,13,0.6576226354,0.7341555953,-0.1910610348,0.9693372250
94,8.0630000000,pose,13,0.6589028835,0.7319815159,-0.1974447519,0.9699575305
95,8.1490000000,pose,13,0.6599275470,0.7320881486,-0.2056315690,0.9708934426
96,8.2340000000,pose,13,0.6601021886,0.7318189144,-0.2047624141,0.9696040750
97,8.3200000000,pose,13,0.6608809829,0.7301856279,-0.2091185451,0.9706495404
98,8.4060000000,pose,13,0.6613072753,0.7316361666,-0.2190715671,0.9691598415
99,8.4920000000,pose,13,0.6607683897,0.7306873202,-0.1938009262,0.9648065567
100,8.5770000000,pose,13,0.6605963111,0.7306420803,-0.1893132031,0.9655770063
101,8.6630000000,pose,13,0.6638298035,0.7333233953,-0.1937543303,0.9653405547
102,8.7490000000,pose,13,0.6614032388,0.7334578037,-0.1975929141,0.9663860798
103,8.8350000000,pose,13,0.6597967744,0.7339868546,-0.1760560870,0.9659830928
104,8.9210000000,pose,13,0.6596368551,0.7374080420,-0.1389557719,0.9626601338
105,9.0060000000,pose,13,0.6596098542,0.7370284796,-0.1757262647,0.9639244676
106,9.0920000000,pose,13,0.6599454284,0.7370344996,-0.2457753122,0.9646901488
107,9.1780000000,pose,13,0.6590334177,0.7370707989,-0.2080953717,0.9657425880
108,9.2640000000,pose,13,0.6587181091,0.7374002337,-0.1646525115,0.9666696191
109,9.3490000000,pose,13,0.6587078571,0.7369463444,-0.1748406589,0.9685293436
110,9.4350000000,pose,13,0.6586722136,0.7369527817,-0.1917625964,0.9680183530
111,9.5210000000,pose,13,0.6596246958,0.7324789762,-0.2301982939,0.9693768620
112,9.6070000000,pose,13,0.6596664786,0.7373163104,-0.2598788440,0.9702886939
113,9.6930000000,pose,13,0.6601940393,0.7373766303,-0.2664046586,0.9718536139
114,9.7780000000,pose,13,0.6608867049,0.7370488048,-0.2868034244,0.9734079242
115,9.8640000000,pose,13,0.6612971425,0.7370404005,-0.2657149136,0.9736434221
116,9.9500000000,pose,13,0.6594823599,0.7392705083,-0.2517991960,0.9738537073
117,10.0360000000,pose,13,0.6603972316,0.7398455739,-0.2349705547,0.9723957777
118,10.1210000000,pose,13,0.6615898609,0.7398574352,-0.2304409891,0.9737151861
119,10.2070000000,pose,13,0.6612179279,0.7398496270,-0.2766486704,0.9752115011
120,10.2930000000,pose,13,0.6614789367,0.7360025644,-0.2837747931,0.9766883254
121,10.3790000000,pose,13,0.6648382545,0.7389122844,-0.2619827688,0.9764790535
122,10.4640000000,pose,13,0.6629081368,0.7393590808,-0.2573649287,0.9769957662
123,10.5500000000,pose,13,0.6605358720,0.7393864989,-0.1893948466,0.9764192700
124,10.6360000000,pose,13,0.6611182094,0.7377585173,-0.2022852153,0.9776034951
125,10.7220000000,pose,13,0.6597827673,0.7366928458,-0.1366639286,0.9754123688
126,10.8080000000,pose,13,0.6588774323,0.7370818257,-0.1785144955,0.9762103558
127,10.8930000000,pose,13,0.6623485684,0.7334925532,-0.1940142512,0.9760274887
128,10.9790000000,pose,13,0.6625280380,0.7302647233,-0.1892306656,0.9761278033
129,11.0650000000,pose,13,0.6650012136,0.7298594713,-0.3460971713,0.9774525166
130,11.1510000000,pose,13,0.6647686362,0.7307962775,-0.2948178053,0.9779499173
131,11.2360000000,pose,13,0.6647578478,0.7386541367,-0.3582423329,0.9790311456
132,11.3220000000,pose,13,0.6649610400,0.7366080284,-0.2292980105,0.9782472253
133,11.4080000000,pose,13,0.6642824411,0.7336977124,-0.1458640695,0.9777136445
134,11.4940000000,pose,13,0.6637931466,0.7331465483,-0.2377844900,0.9774937034
135,11.5800000000,pose,13,0.6664744020,0.7242213488,-0.2886465490,0.9739872813
136,11.6650000000,pose,13,0.6670907140,0.7237615585,-0.2764060199,0.9726210237
137,11.7510000000,pose,13,0.6671202183,0.7255067229,-0.1861910820,0.9726291895
138,11.8370000000,pose,13,0.6648263335,0.7265407443,-0.2053295076,0.9722797871
139,11.9230000000,pose,13,0.6618564725,0.7267574072,-0.1725970954,0.9716402292
59,5.0610000000,pose,14,0.3723106086,0.6979817748,-0.2486567348,0.7943611145
60,5.1460000000,pose,14,0.3717536628,0.7027246952,-0.2104775906,0.7944331765
61,5.2320000000,pose,14,0.3723703027,0.7014142871,-0.2107003480,0.7859389186
62,5.3180000000,pose,14,0.3720698655,0.7015012503,-0.2336666435,0.7985543609
63,5.4040000000,pose,14,0.3721491694,0.7048036456,-0.2260671407,0.7924028635
64,5.4900000000,pose,14,0.3715095818,0.7002102733,-0.1836472005,0.7849912643
65,5.5750000000,pose,14,0.3718189895,0.7043741941,-0.1651590466,0.7858556509
66,5.6610000000,pose,14,0.3716568351,0.7038232684,-0.2611241937,0.7989568114
67,5.7470000000,pose,14,0.3734106421,0.7117089629,-0.2481197417,0.8107510209
68,5.8330000000,pose,14,0.3724729121,0.7104137540,-0.1382022351,0.8149710894
69,5.9180000000,pose,14,0.3754304945,0.7217959762,-0.1576493531,0.8107041121
70,6.0040000000,pose,14,0.3743718565,0.7214239240,-0.1347191185,0.8160367012
71,6.0900000000,pose,14,0.3742713630,0.7156410813,-0.1362156123,0.8343983889
72,6.1760000000,pose,14,0.3735895157,0.7126702666,-0.2226780057,0.8358181715
73,6.2620000000,pose,14,0.3738926351,0.7126716375,-0.2130607516,0.8373690248
74,6.3470000000,pose,14,0.3721668422,0.7099693418,-0.1611188501,0.8340582848
75,6.4330000000,pose,14,0.3716669083,0.7080362439,-0.1620649397,0.8319548368
76,6.5190000000,pose,14,0.3715976179,0.7028557062,-0.1775074154,0.8302146196
77,6.6050000000,pose,14,0.3712042570,0.7003979087,-0.1856523454,0.8328184485
78,6.6900000000,pose,14,0.3711376190,0.7001126409,-0.1999918818,0.8276646733
79,6.7760000000,pose,14,0.3713558912,0.7014473677,-0.2013038993,0.8165152073
80,6.8620000000,pose,14,0.3711417019,0.7003576756,-0.1954946667,0.7957500219
81,6.9480000000,pose,14,0.3701080382,0.7003087997,-0.1809172034,0.7889706492
82,7.0340000000,pose,14,0.3702556491,0.7002409697,-0.1813277900,0.7945342064
83,7.1190000000,pose,14,0.3685702980,0.6960900426,-0.1816851944,0.7879680395
84,7.2050000000,pose,14,0.3693500757,0.7087509036,-0.1524679959,0.7952805161
85,7.2910000000,pose,14,0.3694002032,0.7064005136,-0.1320669949,0.8028831482
86,7.3770000000,pose,14,0.3720713258,0.7134130597,-0.1157908514,0.8065878749
87,7.4620000000,pose,14,0.3722745776,0.7094947100,-0.1593458205,0.8143312931
88,7.5480000000,pose,14,0.3722682893,0.7084782720,-0.1435527951,0.8205337524
89,7.6340000000,pose,14,0.3723131716,0.7067543268,-0.1190139949,0.8132625222
90,7.7200000000,pose,14,0.3720475137,0.7066715360,-0.1050774083,0.8022271991
91,7.8050000000,pose,14,0.3720698357,0.7066613436,-0.1495399773,0.7896903753
92,7.8910000000,pose,14,0.3720535338,0.6990777850,-0.2024665326,0.7940533161
93,7.9770000000,pose,14,0.3717236221,0.6977078319,-0.1807275712,0.8037509322
94,8.0630000000,pose,14,0.3709651828,0.6976319551,-0.1784258485,0.8083898425
95,8.1490000000,pose,14,0.3705841899,0.6992811561,-0.1841918677,0.8162603974
96,8.2340000000,pose,14,0.3699051142,0.6963824630,-0.1575681716,0.8100914955
97,8.3200000000,pose,14,0.3695050776,0.6968373656,-0.1926048398,0.8166298866
98,8.4060000000,pose,14,0.3700124919,0.6986878514,-0.2069983482,0.8146367073
99,8.4920000000,pose,14,0.3699815571,0.6997348070,-0.1414134204,0.8105007410
100,8.5770000000,pose,14,0.3683385253,0.7001124620,-0.1832582802,0.8061066270
101,8.6630000000,pose,14,0.3663662076,0.7021592855,-0.2077898085,0.8047540784
102,8.7490000000,pose,14,0.3663707078,0.7021992803,-0.2163551599,0.8130176663
103,8.8350000000,pose,14,0.3664205968,0.7020018697,-0.1828486174,0.8115682006
104,8.9210000000,pose,14,0.3679693043,0.7009764910,-0.1262412816,0.8008292317
105,9.0060000000,pose,14,0.3685982525,0.7049668431,-0.1429269165,0.8028133512
106,9.0920000000,pose,14,0.3694090843,0.7093452215,-0.2291062027,0.8026518226
107,9.1780000000,pose,14,0.3708537817,0.7060553432,-0.2129898816,0.8081009984
108,9.2640000000,pose,14,0.3708492815,0.7047957778,-0.1818924546,0.8120203614
109,9.3490000000,pose,14,0.3708127439,0.7045431733,-0.1972852647,0.8222591877
110,9.4350000000,pose,14,0.3710948825,0.7032323480,-0.2156743854,0.8231367469
111,9.5210000000,pose,14,0.3728007376,0.7032525539,-0.2320797294,0.8283944130
112,9.6070000000,pose,14,0.3723361194,0.7030529380,-0.2649115324,0.8295301795
113,9.6930000000,pose,14,0.3723158240,0.7030404210,-0.2549649775,0.8301939368
114,9.7780000000,pose,14,0.3725099266,0.7034492493,-0.2803677320,0.8361946940
115,9.8640000000,pose,14,0.3722088635,0.6995650530,-0.2478078902,0.8362379670
116,9.9500000000,pose,14,0.3730980158,0.7026743293,-0.2280944288,0.8343024850
117,10.0360000000,pose,14,0.3732162118,0.7072770000,-0.2165440470,0.8230317831
118,10.1210000000,pose,14,0.3699800372,0.7063704133,-0.2111805826,0.8246257305
119,10.2070000000,pose,14,0.3697937131,0.7021780610,-0.2443798929,0.8268333673
120,10.2930000000,pose,14,0.3696007133,0.6899780035,-0.2634148598,0.8257907033
121,10.3790000000,pose,14,0.3725585043,0.7051351070,-0.2101022899,0.8287223577
122,10.4640000000,pose,14,0.3718467951,0.7010090351,-0.2442537099,0.8282026649
123,10.5500000000,pose,14,0.3718242943,0.6989359260,-0.1857524216,0.8220300078
124,10.6360000000,pose,14,0.3718368411,0.6994607449,-0.2104132324,0.8294348121
125,10.7220000000,pose,14,0.3718187511,0.7007736564,-0.0958661065,0.8128773570
126,10.8080000000,pose,14,0.3718100190,0.6974169612,-0.2052257806,0.8141220212
127,10.8930000000,pose,14,0.3718062937,0.7035042644,-0.2016468495,0.8169533610
128,10.9790000000,pose,14,0.3722492754,0.7034592628,-0.1841258705,0.8204120398
129,11.0650000000,pose,14,0.3729766309,0.7032986283,-0.3392933309,0.8215761781
130,11.1510000000,pose,14,0.3745039105,0.7015619278,-0.2845689058,0.8145928979
131,11.2360000000,pose,14,0.3757452369,0.7027257085,-0.2981327176,0.8071464896
132,11.3220000000,pose,14,0.3747001886,0.6964054108,-0.2009892464,0.8058690429
133,11.4080000000,pose,14,0.3738429248,0.6952520609,-0.0976544172,0.8002535105
134,11.4940000000,pose,14,0.3732494116,0.6926282644,-0.2216315120,0.7962456942
135,11.5800000000,pose,14,0.3732924163,0.6831392646,-0.2585219443,0.7760918140
136,11.6650000000,pose,14,0.3735402822,0.6759281754,-0.2712985575,0.7540346980
137,11.7510000000,pose,14,0.3732576072,0.6878955364,-0.1449941546,0.7643885612
138,11.8370000000,pose,14,0.3750106096,0.6981089711,-0.1721431166,0.7720528245
139,11.9230000000,pose,14,0.3743862510,0.6981549859,-0.1543768793,0.7790584564
59,5.0610000000,pose,15,0.6206510067,0.5875444412,-0.6022182107,0.9926005006
60,5.1460000000,pose,15,0.6203069687,0.5869867802,-0.5869337916,0.9925989509
61,5.2320000000,pose,15,0.6203978658,0.5904477239,-0.5012527108,0.9917654991
62,5.3180000000,pose,15,0.6191651821,0.5892886519,-0.5597701669,0.9924045205
63,5.4040000000,pose,15,0.6190221906,0.5865562558,-0.5512791276,0.9921161532
64,5.4900000000,pose,15,0.6181821227,0.5866615176,-0.5155431032,0.9909490943
65,5.5750000000,pose,15,0.6200001836,0.5848388076,-0.4816896617,0.9914304018
66,5.6610000000,pose,15,0.6198602915,0.5879341364,-0.6123716831,0.9920690060
67,5.7470000000,pose,15,0.6199500561,0.5874501467,-0.6223837733,0.9926908612
68,5.8330000000,pose,15,0.6226300597,0.5883172750,-0.5144555569,0.9930318594
69,5.9180000000,pose,15,0.6255646348,0.5908518434,-0.5214244127,0.9928221703
70,6.0040000000,pose,15,0.6313973069,0.5926283002,-0.4885262549,0.9932693839
71,6.0900000000,pose,15,0.6339379549,0.5938241482,-0.5965333581,0.9945222735
72,6.1760000000,pose,15,0.6338202953,0.5940113664,-0.6452997923,0.9946358800
73,6.2620000000,pose,15,0.6328101754,0.5940543413,-0.6274286509,0.9946541190
74,6.3470000000,pose,15,0.6321399808,0.5913022161,-0.5271726251,0.9945654273
75,6.4330000000,pose,15,0.6320831776,0.5901916027,-0.5352786779,0.9942443371
76,6.5190000000,pose,15,0.6308245063,0.5889456272,-0.4805224538,0.9941202402
77,6.6050000000,pose,15,0.6315654516,0.5969118476,-0.5262609124,0.9943397045
78,6.6900000000,pose,15,0.6304239035,0.5935915709,-0.4905404747,0.9937607646
79,6.7760000000,pose,15,0.6300992966,0.5935029984,-0.5303050280,0.9933271408
80,6.8620000000,pose,15,0.6298275590,0.5889788866,-0.4641318321,0.9917052388
81,6.9480000000,pose,15,0.6289868951,0.5889710188,-0.4793111980,0.9912965894
82,7.0340000000,pose,15,0.6282079816,0.5911879539,-0.4928469360,0.9918264151
83,7.1190000000,pose,15,0.6273647547,0.5899838209,-0.4512169659,0.9907432199
84,7.2050000000,pose,15,0.6273850799,0.5929923654,-0.4703736901,0.9913960695
85,7.2910000000,pose,15,0.6252280474,0.5891483426,-0.4281605184,0.9918199182
86,7.3770000000,pose,15,0.6262730956,0.5890235305,-0.4963746965,0.9921964407
87,7.4620000000,pose,15,0.6246941686,0.5801115036,-0.5089385509,0.9925091267
88,7.5480000000,pose,15,0.6246802211,0.5813783407,-0.5091072917,0.9927316904
89,7.6340000000,pose,15,0.6248317957,0.5813694596,-0.4389302135,0.9922409654
90,7.7200000000,pose,15,0.6266570687,0.5812663436,-0.4519564807,0.9919641614
91,7.8050000000,pose,15,0.6303027868,0.5832679868,-0.5039042830,0.9916530848
92,7.8910000000,pose,15,0.6328099966,0.5856439471,-0.5459170938,0.9920953512
93,7.9770000000,pose,15,0.6400551200,0.5853375196,-0.5785974264,0.9924643636
94,8.0630000000,pose,15,0.6414050460,0.5852302313,-0.5693660975,0.9928127527
95,8.1490000000,pose,15,0.6453622580,0.5875127316,-0.5811756849,0.9932695627
96,8.2340000000,pose,15,0.6455709338,0.5847557187,-0.5751668811,0.9930390716
97,8.3200000000,pose,15,0.6457235813,0.5780382752,-0.5821530819,0.9934868217
98,8.4060000000,pose,15,0.6466439366,0.5781244636,-0.5789423585,0.9933250546
99,8.4920000000,pose,15,0.6433973312,0.5793292522,-0.5783735514,0.9918944240
100,8.5770000000,pose,15,0.6395283341,0.5793964267,-0.5424507856,0.9920299053
101,8.6630000000,pose,15,0.6392869353,0.5806812644,-0.5047379136,0.9921591878
102,8.7490000000,pose,15,0.6374835372,0.5855479836,-0.5612724423,0.9925050735
103,8.8350000000,pose,15,0.6288885474,0.5855515003,-0.5270961523,0.9918511510
104,8.9210000000,pose,15,0.6272752285,0.5865418911,-0.4674381912,0.9900317192
105,9.0060000000,pose,15,0.6219178438,0.5843747258,-0.4743727744,0.9906658530
106,9.0920000000,pose,15,0.6218469739,0.5806198716,-0.5818618536,0.9908280969
107,9.1780000000,pose,15,0.6222876906,0.5808048248,-0.5399844646,0.9912444949
108,9.2640000000,pose,15,0.6227444410,0.5822083950,-0.4925495982,0.9915765524
109,9.3490000000,pose,15,0.6231463552,0.5817323327,-0.4883623719,0.9922318459
110,9.4350000000,pose,15,0.6268014312,0.5818883777,-0.5017731190,0.9924051762
111,9.5210000000,pose,15,0.6334286928,0.5823003054,-0.5582614541,0.9929891825
112,9.6070000000,pose,15,0.6407986879,0.5844475031,-0.5802934766,0.9934426546
113,9.6930000000,pose,15,0.6420039535,0.5831952691,-0.6048704982,0.9939755201
114,9.7780000000,pose,15,0.6432994604,0.5853214264,-0.6382016540,0.9944652915
115,9.8640000000,pose,15,0.6436275244,0.5853212476,-0.6040641069,0.9946714044
116,9.9500000000,pose,15,0.6441435218,0.5866103768,-0.5795080066,0.9948611259
117,10.0360000000,pose,15,0.6441013813,0.5871149898,-0.5571671128,0.9945836067
118,10.1210000000,pose,15,0.6423211694,0.5868167877,-0.5702742338,0.9948942065
119,10.2070000000,pose,15,0.6431161165,0.5895295739,-0.6207546592,0.9952951074
120,10.2930000000,pose,15,0.6424152851,0.5869204998,-0.6412419677,0.9956452250
121,10.3790000000,pose,15,0.6423619390,0.5906618834,-0.6562919021,0.9958406091
122,10.4640000000,pose,15,0.6404946446,0.5901075602,-0.5747375488,0.9959614873
123,10.5500000000,pose,15,0.6386883855,0.5872906446,-0.5062588453,0.9956411123
124,10.6360000000,pose,15,0.6358282566,0.5899705291,-0.5363473296,0.9959129095
125,10.7220000000,pose,15,0.6291586161,0.5867161751,-0.4739002585,0.9948477745
126,10.8080000000,pose,15,0.6275340915,0.5867263079,-0.4995330870,0.9949981570
127,10.8930000000,pose,15,0.6244286895,0.5867969990,-0.5929504633,0.9949339628
128,10.9790000000,pose,15,0.6234980226,0.5883981586,-0.6028264165,0.9947412014
129,11.0650000000,pose,15,0.6230738163,0.5846077800,-0.7056407928,0.9949153066
130,11.1510000000,pose,15,0.6229702234,0.5847173929,-0.6774615049,0.9949529171
131,11.2360000000,pose,15,0.6231199503,0.5834791064,-0.7531800866,0.9952183962
132,11.3220000000,pose,15,0.6261482239,0.5837378502,-0.5928543210,0.9949914217
133,11.4080000000,pose,15,0.6326225996,0.5866026282,-0.5672628880,0.9945061803
134,11.4940000000,pose,15,0.6352382898,0.5867554545,-0.6357851624,0.9946461916
135,11.5800000000,pose,15,0.6333086491,0.5877784491,-0.7450181246,0.9908956289
136,11.6650000000,pose,15,0.6331935525,0.6025161147,-0.7030482888,0.9901275635
137,11.7510000000,pose,15,0.6504815817,0.5928980708,-0.5545734167,0.9908564091
138,11.8370000000,pose,15,0.6485116482,0.5892491341,-0.5695884824,0.9912003279
139,11.9230000000,pose,15,0.6426916718,0.5875881910,-0.5718951821,0.9911043048
59,5.0610000000,pose,16,0.4127907157,0.6004421711,-0.5833107233,0.9856794477
60,5.1460000000,pose,16,0.4135866761,0.5957909226,-0.5458856821,0.9867759943
61,5.2320000000,pose,16,0.4136265516,0.5957505107,-0.5414547324,0.9857867360
62,5.3180000000,pose,16,0.4149206579,0.5949724913,-0.5897327065,0.9870114923
63,5.4040000000,pose,16,0.4115916193,0.5932039022,-0.5482011437,0.9875291586
64,5.4900000000,pose,16,0.4115689695,0.5925807953,-0.5354661345,0.9850229025
65,5.5750000000,pose,16,0.4067803621,0.5973888040,-0.4852954745,0.9862661362
66,5.6610000000,pose,16,0.4068087041,0.6022695303,-0.6904951334,0.9874559045
67,5.7470000000,pose,16,0.3999941945,0.6022140384,-0.6537357569,0.9885647297
68,5.8330000000,pose,16,0.3899760842,0.6025254130,-0.5121800303,0.9894560575
69,5.9180000000,pose,16,0.3851059973,0.6080100536,-0.5391868949,0.9901636243
70,6.0040000000,pose,16,0.3856071532,0.6079401374,-0.5083361864,0.9909980893
71,6.0900000000,pose,16,0.3817018270,0.6136451960,-0.5580023527,0.9931401610
72,6.1760000000,pose,16,0.3821736872,0.5988678932,-0.6233106256,0.9936729670
73,6.2620000000,pose,16,0.3836567700,0.6094758511,-0.6049740911,0.9940972328
74,6.3470000000,pose,16,0.3880554140,0.6051344872,-0.5259673595,0.9941991568
75,6.4330000000,pose,16,0.3900622725,0.6060494781,-0.5369548202,0.9942870140
76,6.5190000000,pose,16,0.4031924009,0.6014735699,-0.5330474377,0.9940314889
77,6.6050000000,pose,16,0.4099323153,0.5993151069,-0.5583237410,0.9939741492
78,6.6900000000,pose,16,0.4100622833,0.5993515253,-0.5479450822,0.9936020374
79,6.7760000000,pose,16,0.4136466384,0.5928011537,-0.5684479475,0.9928259254
80,6.8620000000,pose,16,0.4164519310,0.5859645009,-0.5662604570,0.9886066914
81,6.9480000000,pose,16,0.4179939330,0.5786988139,-0.5316537023,0.9868636727
82,7.0340000000,pose,16,0.4145261347,0.5930601358,-0.5356447101,0.9878274798
83,7.1190000000,pose,16,0.4153033495,0.5777800679,-0.5209711790,0.9835866690
84,7.2050000000,pose,16,0.4149740934,0.5782518387,-0.4944601953,0.9847715497
85,7.2910000000,pose,16,0.4154905975,0.5779383183,-0.4779629409,0.9852797389
86,7.3770000000,pose,16,0.4154730141,0.5836588144,-0.4649840891,0.9862291217
87,7.4620000000,pose,16,0.4183757901,0.5827650428,-0.5311446786,0.9869798422
88,7.5480000000,pose,16,0.4179548621,0.5853317976,-0.5265138745,0.9873242974
89,7.6340000000,pose,16,0.4183885753,0.5818004608,-0.4367112815,0.9863576293
90,7.7200000000,pose,16,0.4169840217,0.5809150934,-0.4128248990,0.9864127040
91,7.8050000000,pose,16,0.4141295552,0.5800834894,-0.4751746058,0.9864244461
92,7.8910000000,pose,16,0.4091805518,0.5805754662,-0.5617943406,0.9875190258
93,7.9770000000,pose,16,0.4041908085,0.5805188417,-0.5615126491,0.9884729385
94,8.0630000000,pose,16,0.4007243216,0.5804846883,-0.5514988303,0.9893828034
95,8.1490000000,pose,16,0.3972020447,0.5898344517,-0.5749364495,0.9903053641
96,8.2340000000,pose,16,0.3958779871,0.5896171927,-0.5370928049,0.9906141758
97,8.3200000000,pose,16,0.3969231546,0.5831784010,-0.5798588991,0.9914088845
98,8.4060000000,pose,16,0.3970499933,0.5870417356,-0.5957931280,0.9918963909
99,8.4920000000,pose,16,0.3980379105,0.5871249437,-0.5278591514,0.9918820262
100,8.5770000000,pose,16,0.4051456153,0.5829657316,-0.5313058496,0.9916299582
101,8.6630000000,pose,16,0.4056565166,0.5803156495,-0.5421224833,0.9921011329
102,8.7490000000,pose,16,0.4081594050,0.5808871388,-0.6195682287,0.9924072623
103,8.8350000000,pose,16,0.4083878398,0.5808584094,-0.5492211580,0.9909588695
104,8.9210000000,pose,16,0.4112653434,0.5851560831,-0.4658014476,0.9890965223
105,9.0060000000,pose,16,0.4141409993,0.5872630477,-0.4835614264,0.9899588227
106,9.0920000000,pose,16,0.4176817834,0.5872332454,-0.6059603095,0.9898386598
107,9.1780000000,pose,16,0.4182581902,0.5863427520,-0.5790089965,0.9899795055
108,9.2640000000,pose,16,0.4181166291,0.5828687549,-0.5561267138,0.9898257852
109,9.3490000000,pose,16,0.4168156087,0.5815140009,-0.5592917204,0.9906384945
110,9.4350000000,pose,16,0.4102444947,0.5837776065,-0.5587409735,0.9912555218
111,9.5210000000,pose,16,0.4046387970,0.5856210589,-0.5833196044,0.9920505285
112,9.6070000000,pose,16,0.4000109136,0.5879952312,-0.6296284795,0.9926997423
113,9.6930000000,pose,16,0.3898813426,0.5968520641,-0.6232848763,0.9933342934
114,9.7780000000,pose,16,0.3912269771,0.5954092145,-0.6631305814,0.9939266443
115,9.8640000000,pose,16,0.3914257586,0.5976992846,-0.6220216155,0.9943954349
116,9.9500000000,pose,16,0.3910700381,0.5992529988,-0.5968235135,0.9947302938
117,10.0360000000,pose,16,0.3853672743,0.6059793234,-0.5799078345,0.9947855473
118,10.1210000000,pose,16,0.3920692503,0.6058193445,-0.5856268406,0.9948847294
119,10.2070000000,pose,16,0.3935238123,0.6047413349,-0.6290100813,0.9952683449
120,10.2930000000,pose,16,0.3938764632,0.6071391106,-0.6443345547,0.9954391122
121,10.3790000000,pose,16,0.3967905045,0.6019486785,-0.6382610798,0.9957588315
122,10.4640000000,pose,16,0.4058424532,0.5914880633,-0.6375566721,0.9957926273
123,10.5500000000,pose,16,0.4132919908,0.5877991319,-0.5453755260,0.9949060082
124,10.6360000000,pose,16,0.4139721096,0.5871496201,-0.5692059994,0.9951680899
125,10.7220000000,pose,16,0.4181073904,0.5838366747,-0.4301840663,0.9923155904
126,10.8080000000,pose,16,0.4167072475,0.5853105187,-0.5318645239,0.9922574162
127,10.8930000000,pose,16,0.4213843048,0.5851181746,-0.5761781335,0.9926579595
128,10.9790000000,pose,16,0.4250556827,0.5850766301,-0.6020419002,0.9923385978
129,11.0650000000,pose,16,0.4291759431,0.5867910981,-0.7125354409,0.9927425981
130,11.1510000000,pose,16,0.4286113679,0.5940471888,-0.6965358853,0.9920333624
131,11.2360000000,pose,16,0.4228781462,0.5973601341,-0.7134799957,0.9914880395
132,11.3220000000,pose,16,0.4229332209,0.5816470385,-0.5891187787,0.9915736318
133,11.4080000000,pose,16,0.4218063354,0.5808354616,-0.5214487910,0.9905639291
134,11.4940000000,pose,16,0.4161635041,0.5804411173,-0.6479058862,0.9908183217
135,11.5800000000,pose,16,0.4097030461,0.5946313143,-0.7185890079,0.9866229296
136,11.6650000000,pose,16,0.4145331681,0.6062143445,-0.6972969770,0.9804554582
137,11.7510000000,pose,16,0.4003903568,0.6036155820,-0.5414140224,0.9823064804
138,11.8370000000,pose,16,0.3928144574,0.6033964157,-0.5789563656,0.9838126302
139,11.9230000000,pose,16,0.3966145813,0.5978115797,-0.5498103499,0.9842116237
59,5.0610000000,pose,23,0.5907047391,0.9087627530,0.0078259837,0.9714891315
60,5.1460000000,pose,23,0.5917843580,0.9009209275,0.0036195402,0.9707940221
61,5.2320000000,pose,23,0.5853998661,0.9013940692,0.0075127129,0.9712066650
62,5.3180000000,pose,23,0.5850307941,0.9018940330,0.0058232830,0.9710294604
63,5.4040000000,pose,23,0.5871366262,0.9022194743,0.0046413075,0.9707919955
64,5.4900000000,pose,23,0.5842821002,0.9082757831,0.0046695392,0.9698982239
65,5.5750000000,pose,23,0.5832893848,0.9087453485,-0.0032597138,0.9677535892
66,5.6610000000,pose,23,0.5822089911,0.9108874798,0.0012173906,0.9673272967
67,5.7470000000,pose,23,0.5829772353,0.9130396247,0.0056218007,0.9632415771
68,5.8330000000,pose,23,0.5864170194,0.9131420851,0.0045906710,0.9615782499
69,5.9180000000,pose,23,0.5844867826,0.9193098545,0.0043661906,0.9625235796
70,6.0040000000,pose,23,0.5830484033,0.9205156565,0.0041725514,0.9605891109
71,6.0900000000,pose,23,0.5844577551,0.9080683589,0.0020039845,0.9632315040
72,6.1760000000,pose,23,0.5890820026,0.9080702066,0.0035687552,0.9649171829
73,6.2620000000,pose,23,0.5890001059,0.9085515141,0.0045871232,0.9638667107
74,6.3470000000,pose,23,0.5887205601,0.9166294336,-0.0011118618,0.9652420878
75,6.4330000000,pose,23,0.5886428356,0.9179322720,0.0007706942,0.9655786157
76,6.5190000000,pose,23,0.5864150524,0.9179366231,0.0025981101,0.9658241272
77,6.6050000000,pose,23,0.5862320065,0.9165301323,0.0043386756,0.9665212631
78,6.6900000000,pose,23,0.5869247317,0.9189067483,0.0061427024,0.9660126567
79,6.7760000000,pose,23,0.5875403881,0.9197238684,0.0045481189,0.9654898047
80,6.8620000000,pose,23,0.5875456333,0.9221413732,0.0112035926,0.9647541046
81,6.9480000000,pose,23,0.5864791870,0.9224845767,0.0096878465,0.9643028378
82,7.0340000000,pose,23,0.5875383019,0.9207184911,0.0081467666,0.9616976976
83,7.1190000000,pose,23,0.5845643878,0.9203068018,0.0091860844,0.9612764716
84,7.2050000000,pose,23,0.5845914483,0.9197918773,0.0091348439,0.9580286741
85,7.2910000000,pose,23,0.5834198594,0.9178613424,0.0073374421,0.9555332661
86,7.3770000000,pose,23,0.5843448043,0.9176915288,0.0014118898,0.9543334842
87,7.4620000000,pose,23,0.5841230154,0.9187904596,0.0042757723,0.9521421194
88,7.5480000000,pose,23,0.5844877362,0.9182462692,0.0058163032,0.9518193007
89,7.6340000000,pose,23,0.5831933618,0.9182273149,0.0053724330,0.9526252747
90,7.7200000000,pose,23,0.5834808350,0.9104835987,0.0020316998,0.9540886283
91,7.8050000000,pose,23,0.5848762989,0.9103651047,0.0019701982,0.9534422755
92,7.8910000000,pose,23,0.5846763849,0.9116315842,0.0016349497,0.9533923864
93,7.9770000000,pose,23,0.5842396021,0.9116690755,0.0079375328,0.9540165663
94,8.0630000000,pose,23,0.5842736363,0.9120714068,0.0059642019,0.9553247094
95,8.1490000000,pose,23,0.5859819055,0.9121484160,0.0059162495,0.9559129477
96,8.2340000000,pose,23,0.5866782665,0.9144524932,-0.0001216616,0.9574661851
97,8.3200000000,pose,23,0.5907239318,0.9132863283,-0.0013956060,0.9586848021
98,8.4060000000,pose,23,0.5910890698,0.9135148525,-0.0002560546,0.9570097923
99,8.4920000000,pose,23,0.5902686715,0.9138036370,-0.0008070303,0.9554597139
100,8.5770000000,pose,23,0.5878616571,0.9178136587,0.0037905970,0.9559265375
101,8.6630000000,pose,23,0.5867276788,0.9179055095,0.0037346978,0.9548085928
102,8.7490000000,pose,23,0.5871576667,0.9171951413,0.0078813070,0.9517984390
103,8.8350000000,pose,23,0.5871217847,0.9167463779,0.0073546669,0.9517847896
104,8.9210000000,pose,23,0.5845164657,0.9163376093,0.0072686076,0.9529768229
105,9.0060000000,pose,23,0.5846179724,0.9115468264,0.0004710896,0.9521823525
106,9.0920000000,pose,23,0.5859034061,0.9139515162,0.0025500241,0.9504422545
107,9.1780000000,pose,23,0.5867092013,0.9150786400,0.0068674032,0.9489710927
108,9.2640000000,pose,23,0.5859578848,0.9166537523,0.0068653892,0.9478055835
109,9.3490000000,pose,23,0.5859560370,0.9155922532,0.0068623973,0.9443761110
110,9.4350000000,pose,23,0.5857437253,0.9104605913,0.0056482684,0.9426170588
111,9.5210000000,pose,23,0.5864738822,0.9104929566,0.0049133981,0.9440979958
112,9.6070000000,pose,23,0.5865520835,0.9107797146,0.0047117854,0.9450858831
113,9.6930000000,pose,23,0.5867232084,0.9100991488,0.0022257022,0.9469685555
114,9.7780000000,pose,23,0.5886846185,0.9081687927,0.0029824337,0.9489681125
115,9.8640000000,pose,23,0.5891541243,0.9083926082,0.0010400072,0.9513927698
116,9.9500000000,pose,23,0.5893228650,0.9098731279,0.0002582110,0.9536744356
117,10.0360000000,pose,23,0.5884382725,0.9210104942,0.0004856607,0.9535872936
118,10.1210000000,pose,23,0.5876853466,0.9209320545,0.0011119635,0.9540801644
119,10.2070000000,pose,23,0.5847647190,0.9176095724,-0.0003993871,0.9557738304
120,10.2930000000,pose,23,0.5885002613,0.9079328775,0.0005328342,0.9583188295
121,10.3790000000,pose,23,0.5910072923,0.9081918001,0.0006778991,0.9600617290
122,10.4640000000,pose,23,0.5905714631,0.9084150791,0.0007355091,0.9601529241
123,10.5500000000,pose,23,0.5856049657,0.9104560018,0.0023414989,0.9602420926
124,10.6360000000,pose,23,0.5856399536,0.9105184674,0.0033199566,0.9606035948
125,10.7220000000,pose,23,0.5857095718,0.9074882269,0.0021842727,0.9599466920
126,10.8080000000,pose,23,0.5814332366,0.9091463089,0.0071700099,0.9614596367
127,10.8930000000,pose,23,0.5884810090,0.9092098475,0.0072046746,0.9633041620
128,10.9790000000,pose,23,0.5905112624,0.9083026648,0.0068754586,0.9637339711
129,11.0650000000,pose,23,0.5995654464,0.9056088924,0.0064984406,0.9668031931
130,11.1510000000,pose,23,0.5941130519,0.9105508924,0.0115711326,0.9704517126
131,11.2360000000,pose,23,0.5940427780,0.9095268250,0.0116761485,0.9720447659
132,11.3220000000,pose,23,0.5924632549,0.9090087414,0.0037312268,0.9724762440
133,11.4080000000,pose,23,0.5920371413,0.9075123072,0.0038170763,0.9715172648
134,11.4940000000,pose,23,0.5916818380,0.9042522311,0.0048668026,0.9721750021
135,11.5800000000,pose,23,0.5914851427,0.9019892216,0.0112833371,0.9716044664
136,11.6650000000,pose,23,0.5916460752,0.9007521272,0.0132618574,0.9715316296
137,11.7510000000,pose,23,0.5917621851,0.8995043635,0.0000199738,0.9691444635
138,11.8370000000,pose,23,0.5933802128,0.9020205140,0.0007799988,0.9679840803
139,11.9230000000,pose,23,0.5932099819,0.9067959785,0.0026520563,0.9682451487
59,5.0610000000,pose,24,0.4424431622,0.9041802287,-0.0081024487,0.9721000195
60,5.1460000000,pose,24,0.4456925690,0.9033908844,-0.0039389539,0.9717606306
61,5.2320000000,pose,24,0.4413412809,0.9005042911,-0.0077878730,0.9722107053
62,5.3180000000,pose,24,0.4413703084,0.8987550139,-0.0060884017,0.9720284343
63,5.4040000000,pose,24,0.4441731870,0.9024280310,-0.0049418714,0.9718124270
64,5.4900000000,pose,24,0.4429165423,0.9092087150,-0.0049696858,0.9707064033
65,5.5750000000,pose,24,0.4398978949,0.9065312743,0.0028776166,0.9685912728
66,5.6610000000,pose,24,0.4368342757,0.9056630731,-0.0014912599,0.9685669541
67,5.7470000000,pose,24,0.4372052848,0.9074094892,-0.0057576639,0.9649728537
68,5.8330000000,pose,24,0.4414773583,0.9116772413,-0.0048022997,0.9635801911
69,5.9180000000,pose,24,0.4413502812,0.9173449874,-0.0045985351,0.9646991491
70,6.0040000000,pose,24,0.4390817285,0.9177584052,-0.0044202553,0.9631290436
71,6.0900000000,pose,24,0.4392500520,0.9069160223,-0.0022694317,0.9655153155
72,6.1760000000,pose,24,0.4427931011,0.9098864198,-0.0038501576,0.9672516584
73,6.2620000000,pose,24,0.4451370239,0.9128193259,-0.0048616733,0.9665112495
74,6.3470000000,pose,24,0.4470977485,0.9175627828,0.0007697167,0.9678403735
75,6.4330000000,pose,24,0.4469655454,0.9202347398,-0.0010935240,0.9682714939
76,6.5190000000,pose,24,0.4464356303,0.9199621677,-0.0029188176,0.9682270288
77,6.6050000000,pose,24,0.4465819299,0.9182635546,-0.0046177474,0.9684774876
78,6.6900000000,pose,24,0.4464200139,0.9183028340,-0.0064285011,0.9682607651
79,6.7760000000,pose,24,0.4463954866,0.9194939733,-0.0048457780,0.9673304558
80,6.8620000000,pose,24,0.4430888295,0.9211042523,-0.0114293369,0.9661959410
81,6.9480000000,pose,24,0.4384079576,0.9195374846,-0.0099364305,0.9653915763
82,7.0340000000,pose,24,0.4388230145,0.9194315672,-0.0084247887,0.9627563953
83,7.1190000000,pose,24,0.4377020001,0.9176024795,-0.0094414465,0.9621019363
84,7.2050000000,pose,24,0.4398187995,0.9147866964,-0.0093802996,0.9585826993
85,7.2910000000,pose,24,0.4380732477,0.9109450579,-0.0075743767,0.9555696845
86,7.3770000000,pose,24,0.4403284788,0.9107974172,-0.0017484744,0.9545889497
87,7.4620000000,pose,24,0.4401315451,0.9107332826,-0.0045496752,0.9524299502
88,7.5480000000,pose,24,0.4424978197,0.9104613662,-0.0060620136,0.9524527192
89,7.6340000000,pose,24,0.4411725104,0.9087173343,-0.0056362753,0.9532197118
90,7.7200000000,pose,24,0.4412402809,0.9052708745,-0.0023865376,0.9545282125
91,7.8050000000,pose,24,0.4413888156,0.9055899382,-0.0023229609,0.9540857673
92,7.8910000000,pose,24,0.4380698800,0.9051377177,-0.0019960238,0.9542242289
93,7.9770000000,pose,24,0.4381531775,0.9053967595,-0.0081853503,0.9553645253
94,8.0630000000,pose,24,0.4381104410,0.9061445594,-0.0062294952,0.9568372965
95,8.1490000000,pose,24,0.4429398775,0.9084440470,-0.0061807241,0.9577073455
96,8.2340000000,pose,24,0.4429043233,0.9128968120,-0.0001602109,0.9593554735
97,8.3200000000,pose,24,0.4439986646,0.9136824012,0.0010609968,0.9605675340
98,8.4060000000,pose,24,0.4456829727,0.9169390202,-0.0000574129,0.9593405724
99,8.4920000000,pose,24,0.4447080195,0.9206959605,0.0005047548,0.9580721855
100,8.5770000000,pose,24,0.4409240186,0.9210247993,-0.0040666531,0.9580055475
101,8.6630000000,pose,24,0.4383989275,0.9197652340,-0.0040165214,0.9569616318
102,8.7490000000,pose,24,0.4406265914,0.9196290970,-0.0081089223,0.9540500641
103,8.8350000000,pose,24,0.4417386651,0.9172390699,-0.0076055089,0.9536986351
104,8.9210000000,pose,24,0.4387739599,0.9115447998,-0.0075167352,0.9550013542
105,9.0060000000,pose,24,0.4388768077,0.9045280218,-0.0008115765,0.9545007944
106,9.0920000000,pose,24,0.4415274262,0.9113661051,-0.0028086554,0.9527755380
107,9.1780000000,pose,24,0.4417818487,0.9104496837,-0.0071067768,0.9508871436
108,9.2640000000,pose,24,0.4416230619,0.9107276201,-0.0071032867,0.9493497610
109,9.3490000000,pose,24,0.4417612851,0.9096636176,-0.0070998995,0.9457756281
110,9.4350000000,pose,24,0.4417704940,0.9069680572,-0.0059413072,0.9445752501
111,9.5210000000,pose,24,0.4419468343,0.9082623124,-0.0052466150,0.9461055398
112,9.6070000000,pose,24,0.4418689907,0.9082025886,-0.0050512236,0.9471593499
113,9.6930000000,pose,24,0.4396741092,0.9048841596,-0.0025771977,0.9487447739
114,9.7780000000,pose,24,0.4467037618,0.9068453312,-0.0033158762,0.9505988359
115,9.8640000000,pose,24,0.4464856386,0.9077507854,-0.0013838299,0.9531905651
116,9.9500000000,pose,24,0.4464029372,0.9115703702,-0.0006012926,0.9554119110
117,10.0360000000,pose,24,0.4449952543,0.9184480906,-0.0008258174,0.9554810524
118,10.1210000000,pose,24,0.4432348609,0.9189730287,-0.0014359584,0.9555135369
119,10.2070000000,pose,24,0.4360207319,0.9096367955,0.0000608497,0.9569576979
120,10.2930000000,pose,24,0.4420601726,0.8997659087,-0.0008675884,0.9591555595
121,10.3790000000,pose,24,0.4444656670,0.9108481407,-0.0010097184,0.9607390165
122,10.4640000000,pose,24,0.4459035099,0.9108499885,-0.0010680734,0.9605698586
123,10.5500000000,pose,24,0.4430225790,0.9097106457,-0.0026558819,0.9605488181
124,10.6360000000,pose,24,0.4423584342,0.9069974422,-0.0036131064,0.9607868791
125,10.7220000000,pose,24,0.4425887167,0.9069714546,-0.0024935389,0.9600311518
126,10.8080000000,pose,24,0.4406170845,0.9047766924,-0.0074580321,0.9615179896
127,10.8930000000,pose,24,0.4458165765,0.9139738679,-0.0074996063,0.9634953737
128,10.9790000000,pose,24,0.4478917718,0.9172721505,-0.0071512992,0.9635225534
129,11.0650000000,pose,24,0.4535179138,0.9165135622,-0.0067772367,0.9661458731
130,11.1510000000,pose,24,0.4493696988,0.9162602425,-0.0117625408,0.9696812034
131,11.2360000000,pose,24,0.4474322200,0.9083638787,-0.0118655963,0.9712261558
132,11.3220000000,pose,24,0.4484893084,0.9119503498,-0.0040170415,0.9717782140
133,11.4080000000,pose,24,0.4484744668,0.9136931300,-0.0041023786,0.9697671533
134,11.4940000000,pose,24,0.4468079805,0.9125436544,-0.0051471693,0.9704011083
135,11.5800000000,pose,24,0.4474969208,0.9102248549,-0.0115066851,0.9699309468
136,11.6650000000,pose,24,0.4481952786,0.9101179838,-0.0134744104,0.9695966244
137,11.7510000000,pose,24,0.4478576779,0.9087322950,-0.0004216935,0.9674538374
138,11.8370000000,pose,24,0.4497011304,0.9136707783,-0.0011667692,0.9668608904
139,11.9230000000,pose,24,0.4492322505,0.9139885902,-0.0029856965,0.9671920538
59,5.0610000000,right_hand,0,0.6230278611,0.5407979488,-0.0000000770,1.0000000000
60,5.1460000000,right_hand,0,0.3963144124,0.5837941766,0.0000002632,1.0000000000
61,5.2320000000,right_hand,0,0.3972857594,0.5769739151,0.0000002647,1.0000000000
62,5.3180000000,right_hand,0,0.3949788213,0.5791694522,0.0000002485,1.0000000000
63,5.4040000000,right_hand,0,0.3970154226,0.5876611471,0.0000002219,1.0000000000
64,5.4900000000,right_hand,0,0.3956297338,0.5799901485,0.0000002275,1.0000000000
65,5.5750000000,right_hand,0,0.3871268630,0.5839985013,0.0000002150,1.0000000000
66,5.6610000000,right_hand,0,0.3811689615,0.5891864896,0.0000002421,1.0000000000
67,5.7470000000,right_hand,0,0.3770794868,0.6045784950,0.0000002494,1.0000000000
68,5.8330000000,right_hand,0,0.3719343543,0.5955632329,0.0000001535,1.0000000000
69,5.9180000000,right_hand,0,0.3689086437,0.6044999957,0.0000000781,1.0000000000
70,6.0040000000,right_hand,0,0.3671496809,0.6050024927,0.0000000947,1.0000000000
71,6.0900000000,right_hand,0,0.3653907180,0.6055049896,0.0000001112,1.0000000000
72,6.1760000000,right_hand,0,0.3688788414,0.6075134873,0.0000001490,1.0000000000
73,6.2620000000,right_hand,0,0.3665608466,0.6107372642,0.0000002535,1.0000000000
74,6.3470000000,right_hand,0,0.3713418841,0.6162269711,0.0000002371,1.0000000000
75,6.4330000000,right_hand,0,0.3782728910,0.6127558947,0.0000002445,1.0000000000
76,6.5190000000,right_hand,0,0.3841680288,0.6039213538,0.0000002420,1.0000000000
77,6.6050000000,right_hand,0,0.3862937987,0.5970700383,0.0000002523,1.0000000000
78,6.6900000000,right_hand,0,0.3959656954,0.5956341028,0.0000002233,1.0000000000
79,6.7760000000,right_hand,0,0.3971357346,0.5926668644,0.0000002423,1.0000000000
80,6.8620000000,right_hand,0,0.4005713463,0.5926901698,0.0000002653,1.0000000000
81,6.9480000000,right_hand,0,0.4031284451,0.5876326561,0.0000002710,1.0000000000
82,7.0340000000,right_hand,0,0.4080346823,0.5847409964,0.0000003004,1.0000000000
83,7.1190000000,right_hand,0,0.4096766412,0.5847216845,0.0000003256,1.0000000000
84,7.2050000000,right_hand,0,0.4105173051,0.5803828835,0.0000002938,1.0000000000
85,7.2910000000,right_hand,0,0.4119026959,0.5817470551,0.0000003030,1.0000000000
86,7.3770000000,right_hand,0,0.4149888456,0.5786805749,0.0000002954,1.0000000000
87,7.4620000000,right_hand,0,0.4170916080,0.5851177573,0.0000002957,1.0000000000
88,7.5480000000,right_hand,0,0.4172533751,0.5840356946,0.0000003023,1.0000000000
89,7.6340000000,right_hand,0,0.4137793779,0.5850489140,0.0000003101,1.0000000000
90,7.7200000000,right_hand,0,0.4056171179,0.5740013719,0.0000003058,1.0000000000
91,7.8050000000,right_hand,0,0.3914111257,0.5666031241,0.0000002737,1.0000000000
92,7.8910000000,right_hand,0,0.3825453222,0.5647279024,0.0000002783,1.0000000000
93,7.9770000000,right_hand,0,0.3773613870,0.5722159743,0.0000002590,1.0000000000
94,8.0630000000,right_hand,0,0.3721637130,0.5823948979,0.0000002714,1.0000000000
95,8.1490000000,right_hand,0,0.3749141395,0.5786155462,0.0000002688,1.0000000000
96,8.2340000000,right_hand,0,0.3722954988,0.5813271999,0.0000003071,1.0000000000
97,8.3200000000,right_hand,0,0.3704112470,0.5800319314,0.0000002683,1.0000000000
98,8.4060000000,right_hand,0,0.3733265400,0.5836348534,0.0000002655,1.0000000000
99,8.4920000000,right_hand,0,0.3749561012,0.5780054331,0.0000002498,1.0000000000
100,8.5770000000,right_hand,0,0.3758276999,0.5825248361,0.0000002803,1.0000000000
101,8.6630000000,right_hand,0,0.3812053800,0.5763766766,0.0000002507,1.0000000000
102,8.7490000000,right_hand,0,0.3924655616,0.5777767897,0.0000002846,1.0000000000
103,8.8350000000,right_hand,0,0.4004079401,0.5848047137,0.0000002584,1.0000000000
104,8.9210000000,right_hand,0,0.4113596678,0.5863298774,0.0000003013,1.0000000000
105,9.0060000000,right_hand,0,0.4156076312,0.5869717002,0.0000002766,1.0000000000
106,9.0920000000,right_hand,0,0.4130471349,0.5872930884,0.0000002912,1.0000000000
107,9.1780000000,right_hand,0,0.4105827808,0.5875796080,0.0000002943,1.0000000000
108,9.2640000000,right_hand,0,0.4095100164,0.5915660262,0.0000002709,1.0000000000
109,9.3490000000,right_hand,0,0.4020410776,0.5889561176,0.0000002930,1.0000000000
110,9.4350000000,right_hand,0,0.3898654580,0.5902769566,0.0000002777,1.0000000000
111,9.5210000000,right_hand,0,0.3820899725,0.5965480208,0.0000002369,1.0000000000
112,9.6070000000,right_hand,0,0.3829860091,0.5890136957,0.0000003011,1.0000000000
113,9.6930000000,right_hand,0,0.3781727254,0.5842728019,0.0000003079,1.0000000000
114,9.7780000000,right_hand,0,0.3785943687,0.5836837292,0.0000002800,1.0000000000
115,9.8640000000,right_hand,0,0.3765866458,0.5854791403,0.0000002524,1.0000000000
116,9.9500000000,right_hand,0,0.3739147186,0.5844329000,0.0000002540,1.0000000000
117,10.0360000000,right_hand,0,0.3740243316,0.5827681422,0.0000002422,1.0000000000
118,10.1210000000,right_hand,0,0.3758727312,0.5873752832,0.0000002683,1.0000000000
119,10.2070000000,right_hand,0,0.3765336871,0.5885066390,0.0000002855,1.0000000000
120,10.2930000000,right_hand,0,0.3788125515,0.5932551026,0.0000003251,1.0000000000
121,10.3790000000,right_hand,0,0.3846510649,0.5926974416,0.0000003186,1.0000000000
122,10.4640000000,right_hand,0,0.3929118514,0.5824677944,0.0000002816,1.0000000000
123,10.5500000000,right_hand,0,0.4012905359,0.5923846364,0.0000002804,1.0000000000
124,10.6360000000,right_hand,0,0.4032257497,0.5897299051,0.0000002446,1.0000000000
125,10.7220000000,right_hand,0,0.4041798413,0.5900574923,0.0000002494,1.0000000000
126,10.8080000000,right_hand,0,0.4045362175,0.5932585597,0.0000002358,1.0000000000
127,10.8930000000,right_hand,0,0.4089961052,0.5944507718,0.0000002432,1.0000000000
128,10.9790000000,right_hand,0,0.4095849097,0.5919649899,0.0000002492,1.0000000000
129,11.0650000000,right_hand,0,0.4101737142,0.5894792080,0.0000002553,1.0000000000
130,11.1510000000,right_hand,0,0.4107625186,0.5869934261,0.0000002614,1.0000000000
131,11.2360000000,right_hand,0,0.4113513231,0.5845076442,0.0000002675,1.0000000000
132,11.3220000000,right_hand,0,0.4100294709,0.5846456289,0.0000002888,1.0000000000
133,11.4080000000,right_hand,0,0.3695192337,0.6691793799,0.0000001689,1.0000000000
134,11.4940000000,right_hand,0,0.3776327223,0.6702484190,0.0000001863,1.0000000000
135,11.5800000000,right_hand,0,0.3857462108,0.6713174582,0.0000002037,1.0000000000
136,11.6650000000,right_hand,0,0.3763591945,0.6556869149,0.0000003053,1.0000000000
137,11.7510000000,right_hand,0,0.3813257813,0.6396787167,0.0000002939,1.0000000000
138,11.8370000000,right_hand,0,0.3791108727,0.6124557257,0.0000003097,1.0000000000
139,11.9230000000,right_hand,0,0.3770137131,0.5869131088,0.0000002851,1.0000000000
59,5.0610000000,right_hand,1,0.6119102836,0.5645564795,-0.0120228650,1.0000000000
60,5.1460000000,right_hand,1,0.4041626453,0.5469138026,-0.0014843072,1.0000000000
61,5.2320000000,right_hand,1,0.4128688574,0.5941888690,-0.0090517905,1.0000000000
62,5.3180000000,right_hand,1,0.4041492939,0.5459755659,-0.0012680369,1.0000000000
63,5.4040000000,right_hand,1,0.4036856294,0.5508450866,-0.0022537606,1.0000000000
64,5.4900000000,right_hand,1,0.4056185782,0.5441441536,-0.0008247329,1.0000000000
65,5.5750000000,right_hand,1,0.3957680762,0.5513370633,-0.0018827921,1.0000000000
66,5.6610000000,right_hand,1,0.3883040547,0.5516751409,-0.0013614123,1.0000000000
67,5.7470000000,right_hand,1,0.3801506758,0.5670390725,0.0002470711,1.0000000000
68,5.8330000000,right_hand,1,0.3761906028,0.5564817190,0.0048808586,1.0000000000
69,5.9180000000,right_hand,1,0.3682435751,0.5654528141,0.0087608639,1.0000000000
70,6.0040000000,right_hand,1,0.3710870743,0.5591186583,0.0059916031,1.0000000000
71,6.0900000000,right_hand,1,0.3739305735,0.5527845025,0.0032223423,1.0000000000
72,6.1760000000,right_hand,1,0.3713340163,0.5576217175,0.0034989212,1.0000000000
73,6.2620000000,right_hand,1,0.3733423352,0.5615482330,0.0022254218,1.0000000000
74,6.3470000000,right_hand,1,0.3787991107,0.5694128275,0.0072047254,1.0000000000
75,6.4330000000,right_hand,1,0.3818325400,0.5673239231,0.0016792979,1.0000000000
76,6.5190000000,right_hand,1,0.3911564648,0.5600116849,0.0018193470,1.0000000000
77,6.6050000000,right_hand,1,0.3946800232,0.5503863692,0.0032635131,1.0000000000
78,6.6900000000,right_hand,1,0.4009674191,0.5511578918,0.0022269480,1.0000000000
79,6.7760000000,right_hand,1,0.4012859762,0.5504485369,0.0033691865,1.0000000000
80,6.8620000000,right_hand,1,0.4069761932,0.5556964278,0.0005135867,1.0000000000
81,6.9480000000,right_hand,1,0.4093747735,0.5497742891,0.0004019038,1.0000000000
82,7.0340000000,right_hand,1,0.4144802094,0.5455863476,-0.0027801853,1.0000000000
83,7.1190000000,right_hand,1,0.4160520434,0.5405836701,-0.0021566984,1.0000000000
84,7.2050000000,right_hand,1,0.4186798334,0.5400435328,-0.0033662708,1.0000000000
85,7.2910000000,right_hand,1,0.4195291400,0.5416555405,-0.0037872277,1.0000000000
86,7.3770000000,right_hand,1,0.4232259393,0.5404624343,-0.0027231753,1.0000000000
87,7.4620000000,right_hand,1,0.4244872630,0.5438863635,-0.0024122922,1.0000000000
88,7.5480000000,right_hand,1,0.4249291420,0.5399991870,-0.0006413762,1.0000000000
89,7.6340000000,right_hand,1,0.4245533049,0.5467294455,-0.0032662300,1.0000000000
90,7.7200000000,right_hand,1,0.4156935215,0.5387167335,-0.0022554894,1.0000000000
91,7.8050000000,right_hand,1,0.4034880698,0.5280147791,-0.0053868880,1.0000000000
92,7.8910000000,right_hand,1,0.3961035609,0.5227222443,-0.0064769359,1.0000000000
93,7.9770000000,right_hand,1,0.3907525241,0.5303280354,-0.0061430060,1.0000000000
94,8.0630000000,right_hand,1,0.3849541545,0.5362702012,-0.0048560719,1.0000000000
95,8.1490000000,right_hand,1,0.3898356855,0.5344228148,-0.0047803530,1.0000000000
96,8.2340000000,right_hand,1,0.3869049847,0.5339008570,-0.0046498682,1.0000000000
97,8.3200000000,right_hand,1,0.3853535652,0.5327141881,-0.0039703343,1.0000000000
98,8.4060000000,right_hand,1,0.3878749013,0.5374799967,-0.0041286219,1.0000000000
99,8.4920000000,right_hand,1,0.3902269602,0.5322692394,-0.0042545181,1.0000000000
100,8.5770000000,right_hand,1,0.3894172311,0.5341128707,-0.0055996710,1.0000000000
101,8.6630000000,right_hand,1,0.3908234537,0.5328848362,-0.0002116471,1.0000000000
102,8.7490000000,right_hand,1,0.4018466473,0.5394780040,-0.0038795532,1.0000000000
103,8.8350000000,right_hand,1,0.4100878835,0.5455374122,-0.0016415623,1.0000000000
104,8.9210000000,right_hand,1,0.4199124575,0.5462775230,-0.0026721237,1.0000000000
105,9.0060000000,right_hand,1,0.4227269292,0.5425678492,0.0028434219,1.0000000000
106,9.0920000000,right_hand,1,0.4228001237,0.5447363257,-0.0000519400,1.0000000000
107,9.1780000000,right_hand,1,0.4208536446,0.5439945459,0.0008134231,1.0000000000
108,9.2640000000,right_hand,1,0.4189987779,0.5469213724,0.0016791306,1.0000000000
109,9.3490000000,right_hand,1,0.4106088579,0.5446999073,0.0003034523,1.0000000000
110,9.4350000000,right_hand,1,0.3990886807,0.5473087430,0.0008500242,1.0000000000
111,9.5210000000,right_hand,1,0.3960228562,0.5690494180,0.0000583656,1.0000000000
112,9.6070000000,right_hand,1,0.3904674351,0.5456156731,-0.0005905523,1.0000000000
113,9.6930000000,right_hand,1,0.3850294650,0.5362446308,-0.0029900868,1.0000000000
114,9.7780000000,right_hand,1,0.3859759867,0.5454056859,0.0007054275,1.0000000000
115,9.8640000000,right_hand,1,0.3843550086,0.5488273501,0.0004961244,1.0000000000
116,9.9500000000,right_hand,1,0.3801096082,0.5452100635,0.0006726335,1.0000000000
117,10.0360000000,right_hand,1,0.3777214885,0.5438851118,-0.0005158917,1.0000000000
118,10.1210000000,right_hand,1,0.3808295131,0.5466855168,0.0006343716,1.0000000000
119,10.2070000000,right_hand,1,0.3816916943,0.5480653644,-0.0030215257,1.0000000000
120,10.2930000000,right_hand,1,0.3862312734,0.5546748042,-0.0032941974,1.0000000000
121,10.3790000000,right_hand,1,0.3968212605,0.5516008735,-0.0000546306,1.0000000000
122,10.4640000000,right_hand,1,0.4012444019,0.5385913253,0.0007176349,1.0000000000
123,10.5500000000,right_hand,1,0.4060959518,0.5491249561,-0.0023457978,1.0000000000
124,10.6360000000,right_hand,1,0.4118715823,0.5519002676,-0.0013670749,1.0000000000
125,10.7220000000,right_hand,1,0.4110223055,0.5494369864,-0.0006366332,1.0000000000
126,10.8080000000,right_hand,1,0.4137614369,0.5642374158,-0.0008459192,1.0000000000
127,10.8930000000,right_hand,1,0.4138586521,0.5561659336,0.0008162503,1.0000000000
128,10.9790000000,right_hand,1,0.4151462615,0.5541019589,0.0001572984,1.0000000000
129,11.0650000000,right_hand,1,0.4164338708,0.5520379841,-0.0005016536,1.0000000000
130,11.1510000000,right_hand,1,0.4177214801,0.5499740094,-0.0011606055,1.0000000000
131,11.2360000000,right_hand,1,0.4190090895,0.5479100347,-0.0018195575,1.0000000000
132,11.3220000000,right_hand,1,0.4198863804,0.5552975535,-0.0037653774,1.0000000000
133,11.4080000000,right_hand,1,0.3772998750,0.6417388320,0.0066141332,1.0000000000
134,11.4940000000,right_hand,1,0.3894026875,0.6444629133,0.0052558223,1.0000000000
135,11.5800000000,right_hand,1,0.4015055001,0.6471869946,0.0038975114,1.0000000000
136,11.6650000000,right_hand,1,0.3963547349,0.6284459829,-0.0002245560,1.0000000000
137,11.7510000000,right_hand,1,0.3932406604,0.6019197702,0.0065620183,1.0000000000
138,11.8370000000,right_hand,1,0.3888797760,0.5655549765,0.0052314913,1.0000000000
139,11.9230000000,right_hand,1,0.3868204951,0.5375245214,-0.0017577183,1.0000000000
59,5.0610000000,right_hand,2,0.5970348120,0.5789117217,-0.0271185022,1.0000000000
60,5.1460000000,right_hand,2,0.4165276885,0.5215731859,-0.0084166443,1.0000000000
61,5.2320000000,right_hand,2,0.4368982613,0.6013278961,-0.0177012775,1.0000000000
62,5.3180000000,right_hand,2,0.4180611074,0.5237370729,-0.0080910362,1.0000000000
63,5.4040000000,right_hand,2,0.4179938138,0.5226580501,-0.0081965467,1.0000000000
64,5.4900000000,right_hand,2,0.4223162532,0.5186566114,-0.0060483958,1.0000000000
65,5.5750000000,right_hand,2,0.4120024145,0.5310510993,-0.0079854215,1.0000000000
66,5.6610000000,right_hand,2,0.4056270719,0.5236726403,-0.0075825797,1.0000000000
67,5.7470000000,right_hand,2,0.3920620084,0.5399925113,-0.0063870782,1.0000000000
68,5.8330000000,right_hand,2,0.3886501789,0.5324933529,0.0006979602,1.0000000000
69,5.9180000000,right_hand,2,0.3758184910,0.5408639908,0.0078743510,1.0000000000
70,6.0040000000,right_hand,2,0.3837618679,0.5302996635,0.0029849882,1.0000000000
71,6.0900000000,right_hand,2,0.3917052448,0.5197353363,-0.0019043747,1.0000000000
72,6.1760000000,right_hand,2,0.3826259971,0.5228477120,-0.0019823888,1.0000000000
73,6.2620000000,right_hand,2,0.3860952556,0.5309757590,-0.0061052730,1.0000000000
74,6.3470000000,right_hand,2,0.3898302913,0.5420179963,0.0010525290,1.0000000000
75,6.4330000000,right_hand,2,0.3915886879,0.5354940295,-0.0059070308,1.0000000000
76,6.5190000000,right_hand,2,0.4043050110,0.5293155909,-0.0050646882,1.0000000000
77,6.6050000000,right_hand,2,0.4080614150,0.5224182010,-0.0030337905,1.0000000000
78,6.6900000000,right_hand,2,0.4118787348,0.5206061602,-0.0021079702,1.0000000000
79,6.7760000000,right_hand,2,0.4114516377,0.5217876434,-0.0018999848,1.0000000000
80,6.8620000000,right_hand,2,0.4205764234,0.5327903628,-0.0062186895,1.0000000000
81,6.9480000000,right_hand,2,0.4206152260,0.5225593448,-0.0051696626,1.0000000000
82,7.0340000000,right_hand,2,0.4280350804,0.5173413754,-0.0106537053,1.0000000000
83,7.1190000000,right_hand,2,0.4276282489,0.5136095285,-0.0110169435,1.0000000000
84,7.2050000000,right_hand,2,0.4334914386,0.5134787560,-0.0121545428,1.0000000000
85,7.2910000000,right_hand,2,0.4344151616,0.5169034600,-0.0130880987,1.0000000000
86,7.3770000000,right_hand,2,0.4374195933,0.5161016583,-0.0109476820,1.0000000000
87,7.4620000000,right_hand,2,0.4384852946,0.5168363452,-0.0111459009,1.0000000000
88,7.5480000000,right_hand,2,0.4389236867,0.5133658051,-0.0088569000,1.0000000000
89,7.6340000000,right_hand,2,0.4409681261,0.5221881866,-0.0134624681,1.0000000000
90,7.7200000000,right_hand,2,0.4315254092,0.5146873593,-0.0106870476,1.0000000000
91,7.8050000000,right_hand,2,0.4230918288,0.4965625405,-0.0130311502,1.0000000000
92,7.8910000000,right_hand,2,0.4182440341,0.4893462062,-0.0137148295,1.0000000000
93,7.9770000000,right_hand,2,0.4135443568,0.4927422702,-0.0137333507,1.0000000000
94,8.0630000000,right_hand,2,0.4064608812,0.4956240654,-0.0123019423,1.0000000000
95,8.1490000000,right_hand,2,0.4112335742,0.4941463470,-0.0120481756,1.0000000000
96,8.2340000000,right_hand,2,0.4075160325,0.4931702018,-0.0132305371,1.0000000000
97,8.3200000000,right_hand,2,0.4065961242,0.4923547208,-0.0109295622,1.0000000000
98,8.4060000000,right_hand,2,0.4087714255,0.4959177077,-0.0117246881,1.0000000000
99,8.4920000000,right_hand,2,0.4114626944,0.4926927388,-0.0112716146,1.0000000000
100,8.5770000000,right_hand,2,0.4122827947,0.4959755540,-0.0119869579,1.0000000000
101,8.6630000000,right_hand,2,0.4043293893,0.5028823614,-0.0059513017,1.0000000000
102,8.7490000000,right_hand,2,0.4154169559,0.5071927309,-0.0115972096,1.0000000000
103,8.8350000000,right_hand,2,0.4283838570,0.5199704170,-0.0083374074,1.0000000000
104,8.9210000000,right_hand,2,0.4374011755,0.5213722587,-0.0101744756,1.0000000000
105,9.0060000000,right_hand,2,0.4365178645,0.5149124861,-0.0021056265,1.0000000000
106,9.0920000000,right_hand,2,0.4390694499,0.5189964771,-0.0070246058,1.0000000000
107,9.1780000000,right_hand,2,0.4366770983,0.5190860033,-0.0063714427,1.0000000000
108,9.2640000000,right_hand,2,0.4329676330,0.5187949538,-0.0051612835,1.0000000000
109,9.3490000000,right_hand,2,0.4264438748,0.5190408826,-0.0068483795,1.0000000000
110,9.4350000000,right_hand,2,0.4155280888,0.5208879709,-0.0061472771,1.0000000000
111,9.5210000000,right_hand,2,0.4160295725,0.5495728254,-0.0057683610,1.0000000000
112,9.6070000000,right_hand,2,0.4046787620,0.5175985694,-0.0098698894,1.0000000000
113,9.6930000000,right_hand,2,0.3980650604,0.5064767599,-0.0133454008,1.0000000000
114,9.7780000000,right_hand,2,0.3973736465,0.5231756568,-0.0080947708,1.0000000000
115,9.8640000000,right_hand,2,0.3975475729,0.5281224251,-0.0080341166,1.0000000000
116,9.9500000000,right_hand,2,0.3920354247,0.5211231709,-0.0060999780,1.0000000000
117,10.0360000000,right_hand,2,0.3900011480,0.5160727501,-0.0063106553,1.0000000000
118,10.1210000000,right_hand,2,0.3924268782,0.5187596083,-0.0074484283,1.0000000000
119,10.2070000000,right_hand,2,0.3914690614,0.5193550587,-0.0126395728,1.0000000000
120,10.2930000000,right_hand,2,0.3992472589,0.5254638195,-0.0123615731,1.0000000000
121,10.3790000000,right_hand,2,0.4119508266,0.5281604528,-0.0093219634,1.0000000000
122,10.4640000000,right_hand,2,0.4147615433,0.5125427246,-0.0068108416,1.0000000000
123,10.5500000000,right_hand,2,0.4201242626,0.5184510350,-0.0084578451,1.0000000000
124,10.6360000000,right_hand,2,0.4271388352,0.5262833834,-0.0080289338,1.0000000000
125,10.7220000000,right_hand,2,0.4246296287,0.5228135586,-0.0075756465,1.0000000000
126,10.8080000000,right_hand,2,0.4306462705,0.5462217331,-0.0072459052,1.0000000000
127,10.8930000000,right_hand,2,0.4258411825,0.5324126482,-0.0055762529,1.0000000000
128,10.9790000000,right_hand,2,0.4281710014,0.5300104618,-0.0064461944,1.0000000000
129,11.0650000000,right_hand,2,0.4305008203,0.5276082754,-0.0073161358,1.0000000000
130,11.1510000000,right_hand,2,0.4328306392,0.5252060890,-0.0081860772,1.0000000000
131,11.2360000000,right_hand,2,0.4351604581,0.5228039026,-0.0090560187,1.0000000000
132,11.3220000000,right_hand,2,0.4374139905,0.5384028554,-0.0120983794,1.0000000000
133,11.4080000000,right_hand,2,0.3946658969,0.6129268408,0.0049880324,1.0000000000
134,11.4940000000,right_hand,2,0.4034707397,0.6141183376,0.0036154075,1.0000000000
135,11.5800000000,right_hand,2,0.4122755826,0.6153098345,0.0022427826,1.0000000000
136,11.6650000000,right_hand,2,0.4124800861,0.5953795314,-0.0038355950,1.0000000000
137,11.7510000000,right_hand,2,0.4065454900,0.5714850426,0.0034958506,1.0000000000
138,11.8370000000,right_hand,2,0.4025300443,0.5347072482,0.0001174998,1.0000000000
139,11.9230000000,right_hand,2,0.4053834379,0.5000128150,-0.0090250997,1.0000000000
59,5.0610000000,right_hand,3,0.5820716619,0.5850489140,-0.0418536514,1.0000000000
60,5.1460000000,right_hand,3,0.4284148812,0.5060611963,-0.0148952100,1.0000000000
61,5.2320000000,right_hand,3,0.4608278573,0.5995904207,-0.0236135460,1.0000000000
62,5.3180000000,right_hand,3,0.4320948124,0.5136764050,-0.0148056429,1.0000000000
63,5.4040000000,right_hand,3,0.4334674180,0.5078449845,-0.0134057952,1.0000000000
64,5.4900000000,right_hand,3,0.4394874573,0.5067985058,-0.0109789763,1.0000000000
65,5.5750000000,right_hand,3,0.4291395545,0.5255731940,-0.0134539008,1.0000000000
66,5.6610000000,right_hand,3,0.4241044223,0.5135608315,-0.0133239496,1.0000000000
67,5.7470000000,right_hand,3,0.4078943431,0.5284004807,-0.0130640464,1.0000000000
68,5.8330000000,right_hand,3,0.4030153453,0.5211020112,-0.0039800536,1.0000000000
69,5.9180000000,right_hand,3,0.3874416947,0.5240294337,0.0061032008,1.0000000000
70,6.0040000000,right_hand,3,0.3999773711,0.5150604546,-0.0007005353,1.0000000000
71,6.0900000000,right_hand,3,0.4125130475,0.5060914755,-0.0075042713,1.0000000000
72,6.1760000000,right_hand,3,0.3989872336,0.5049527287,-0.0077948989,1.0000000000
73,6.2620000000,right_hand,3,0.4020832479,0.5147892833,-0.0145827224,1.0000000000
74,6.3470000000,right_hand,3,0.4021830857,0.5281629562,-0.0059154760,1.0000000000
75,6.4330000000,right_hand,3,0.4042741358,0.5173649192,-0.0136893969,1.0000000000
76,6.5190000000,right_hand,3,0.4205980897,0.5160855055,-0.0122499466,1.0000000000
77,6.6050000000,right_hand,3,0.4234641194,0.5094726682,-0.0094308713,1.0000000000
78,6.6900000000,right_hand,3,0.4263611436,0.5034440160,-0.0064269826,1.0000000000
79,6.7760000000,right_hand,3,0.4265037179,0.5059266090,-0.0071860715,1.0000000000
80,6.8620000000,right_hand,3,0.4371314943,0.5248972178,-0.0129635036,1.0000000000
81,6.9480000000,right_hand,3,0.4333761334,0.5067285299,-0.0106279347,1.0000000000
82,7.0340000000,right_hand,3,0.4465938509,0.5088866353,-0.0176472571,1.0000000000
83,7.1190000000,right_hand,3,0.4455185533,0.5049645901,-0.0188208390,1.0000000000
84,7.2050000000,right_hand,3,0.4530263543,0.5056549311,-0.0198326353,1.0000000000
85,7.2910000000,right_hand,3,0.4552250504,0.5126273632,-0.0214093011,1.0000000000
86,7.3770000000,right_hand,3,0.4553569555,0.5085637569,-0.0183390863,1.0000000000
87,7.4620000000,right_hand,3,0.4570285678,0.5074624419,-0.0189618319,1.0000000000
88,7.5480000000,right_hand,3,0.4569784999,0.5052315593,-0.0166329835,1.0000000000
89,7.6340000000,right_hand,3,0.4608302414,0.5158592463,-0.0229313001,1.0000000000
90,7.7200000000,right_hand,3,0.4501099885,0.5060346723,-0.0183366816,1.0000000000
91,7.8050000000,right_hand,3,0.4444757104,0.4781550169,-0.0191426668,1.0000000000
92,7.8910000000,right_hand,3,0.4412206411,0.4697434902,-0.0188907776,1.0000000000
93,7.9770000000,right_hand,3,0.4363752902,0.4673504829,-0.0192332324,1.0000000000
94,8.0630000000,right_hand,3,0.4295894802,0.4681994319,-0.0178036559,1.0000000000
95,8.1490000000,right_hand,3,0.4318515360,0.4674142003,-0.0180410594,1.0000000000
96,8.2340000000,right_hand,3,0.4287765026,0.4655035436,-0.0201798063,1.0000000000
97,8.3200000000,right_hand,3,0.4285063148,0.4660393894,-0.0165648889,1.0000000000
98,8.4060000000,right_hand,3,0.4304886460,0.4670414925,-0.0177788641,1.0000000000
99,8.4920000000,right_hand,3,0.4330484867,0.4645329118,-0.0168281309,1.0000000000
100,8.5770000000,right_hand,3,0.4373984039,0.4720192552,-0.0165495872,1.0000000000
101,8.6630000000,right_hand,3,0.4186255336,0.4849427342,-0.0115424432,1.0000000000
102,8.7490000000,right_hand,3,0.4257759154,0.4872816503,-0.0185407195,1.0000000000
103,8.8350000000,right_hand,3,0.4475069046,0.5115043521,-0.0143428501,1.0000000000
104,8.9210000000,right_hand,3,0.4599770010,0.5181946754,-0.0157101899,1.0000000000
105,9.0060000000,right_hand,3,0.4546488225,0.5039036274,-0.0063949497,1.0000000000
106,9.0920000000,right_hand,3,0.4585076869,0.5102211833,-0.0135770366,1.0000000000
107,9.1780000000,right_hand,3,0.4562437832,0.5121163726,-0.0131633915,1.0000000000
108,9.2640000000,right_hand,3,0.4507628977,0.5071175098,-0.0117557608,1.0000000000
109,9.3490000000,right_hand,3,0.4472560883,0.5124798417,-0.0134844547,1.0000000000
110,9.4350000000,right_hand,3,0.4359426498,0.5127348304,-0.0129032340,1.0000000000
111,9.5210000000,right_hand,3,0.4364092946,0.5457901955,-0.0117162019,1.0000000000
112,9.6070000000,right_hand,3,0.4226445258,0.5058614612,-0.0184543785,1.0000000000
113,9.6930000000,right_hand,3,0.4145753682,0.4950733483,-0.0226357505,1.0000000000
114,9.7780000000,right_hand,3,0.4108525515,0.5152720213,-0.0162324887,1.0000000000
115,9.8640000000,right_hand,3,0.4125866294,0.5195319653,-0.0157807060,1.0000000000
116,9.9500000000,right_hand,3,0.4071344137,0.5094645619,-0.0122539140,1.0000000000
117,10.0360000000,right_hand,3,0.4045683444,0.5018675923,-0.0113778878,1.0000000000
118,10.1210000000,right_hand,3,0.4067519903,0.5057562590,-0.0149153043,1.0000000000
119,10.2070000000,right_hand,3,0.4041606188,0.5026851892,-0.0207741056,1.0000000000
120,10.2930000000,right_hand,3,0.4167842269,0.5133697391,-0.0204898492,1.0000000000
121,10.3790000000,right_hand,3,0.4300246835,0.5216856599,-0.0183134321,1.0000000000
122,10.4640000000,right_hand,3,0.4321139455,0.5036041141,-0.0141053656,1.0000000000
123,10.5500000000,right_hand,3,0.4413293600,0.5089361668,-0.0132836541,1.0000000000
124,10.6360000000,right_hand,3,0.4463648796,0.5179651380,-0.0140894959,1.0000000000
125,10.7220000000,right_hand,3,0.4412867427,0.5106328130,-0.0140415933,1.0000000000
126,10.8080000000,right_hand,3,0.4505285621,0.5448006988,-0.0135141099,1.0000000000
127,10.8930000000,right_hand,3,0.4412120283,0.5217970014,-0.0118919713,1.0000000000
128,10.9790000000,right_hand,3,0.4444292113,0.5199101418,-0.0128635683,1.0000000000
129,11.0650000000,right_hand,3,0.4476463944,0.5180232823,-0.0138351652,1.0000000000
130,11.1510000000,right_hand,3,0.4508635774,0.5161364228,-0.0148067621,1.0000000000
131,11.2360000000,right_hand,3,0.4540807605,0.5142495632,-0.0157783590,1.0000000000
132,11.3220000000,right_hand,3,0.4566999376,0.5387070775,-0.0197042786,1.0000000000
133,11.4080000000,right_hand,3,0.4107828140,0.5984011889,0.0007221340,1.0000000000
134,11.4940000000,right_hand,3,0.4159134477,0.5958388150,-0.0001897333,1.0000000000
135,11.5800000000,right_hand,3,0.4210440814,0.5932764411,-0.0011016005,1.0000000000
136,11.6650000000,right_hand,3,0.4253653586,0.5722372532,-0.0079568541,1.0000000000
137,11.7510000000,right_hand,3,0.4194862843,0.5525572896,-0.0014034307,1.0000000000
138,11.8370000000,right_hand,3,0.4200111926,0.5221562982,-0.0061682905,1.0000000000
139,11.9230000000,right_hand,3,0.4253604710,0.4753409326,-0.0155137712,1.0000000000
59,5.0610000000,right_hand,4,0.5707370639,0.5873578787,-0.0584044755,1.0000000000
60,5.1460000000,right_hand,4,0.4364566207,0.4959986806,-0.0222429987,1.0000000000
61,5.2320000000,right_hand,4,0.4790267944,0.5989104509,-0.0294297263,1.0000000000
62,5.3180000000,right_hand,4,0.4444355071,0.5128967762,-0.0224346761,1.0000000000
63,5.4040000000,right_hand,4,0.4461262226,0.5045539737,-0.0189714376,1.0000000000
64,5.4900000000,right_hand,4,0.4531166255,0.5071151257,-0.0163626764,1.0000000000
65,5.5750000000,right_hand,4,0.4430202246,0.5276225209,-0.0193287861,1.0000000000
66,5.6610000000,right_hand,4,0.4399520755,0.5155040026,-0.0192383155,1.0000000000
67,5.7470000000,right_hand,4,0.4229531586,0.5280816555,-0.0204335880,1.0000000000
68,5.8330000000,right_hand,4,0.4163962305,0.5190970302,-0.0087125050,1.0000000000
69,5.9180000000,right_hand,4,0.3979566395,0.5152524114,0.0045158416,1.0000000000
70,6.0040000000,right_hand,4,0.4150798321,0.5109887421,-0.0040084152,1.0000000000
71,6.0900000000,right_hand,4,0.4322030246,0.5067250729,-0.0125326719,1.0000000000
72,6.1760000000,right_hand,4,0.4164177775,0.5025174618,-0.0135965291,1.0000000000
73,6.2620000000,right_hand,4,0.4181789756,0.5068777800,-0.0235062707,1.0000000000
74,6.3470000000,right_hand,4,0.4156094193,0.5204139352,-0.0130074322,1.0000000000
75,6.4330000000,right_hand,4,0.4177107215,0.5105586648,-0.0218262020,1.0000000000
76,6.5190000000,right_hand,4,0.4362716973,0.5115281940,-0.0197963417,1.0000000000
77,6.6050000000,right_hand,4,0.4380710125,0.5049548149,-0.0158875771,1.0000000000
78,6.6900000000,right_hand,4,0.4387520552,0.4957035482,-0.0111451335,1.0000000000
79,6.7760000000,right_hand,4,0.4401243627,0.5012090802,-0.0130667491,1.0000000000
80,6.8620000000,right_hand,4,0.4525942206,0.5238623023,-0.0201420970,1.0000000000
81,6.9480000000,right_hand,4,0.4442372620,0.4989622235,-0.0166710522,1.0000000000
82,7.0340000000,right_hand,4,0.4634802043,0.5131813884,-0.0249266569,1.0000000000
83,7.1190000000,right_hand,4,0.4625705779,0.5069264174,-0.0269553419,1.0000000000
84,7.2050000000,right_hand,4,0.4701951146,0.5066510439,-0.0279071312,1.0000000000
85,7.2910000000,right_hand,4,0.4732976258,0.5197146535,-0.0300016329,1.0000000000
86,7.3770000000,right_hand,4,0.4712712169,0.5098960996,-0.0262580384,1.0000000000
87,7.4620000000,right_hand,4,0.4733380973,0.5056499243,-0.0271340571,1.0000000000
88,7.5480000000,right_hand,4,0.4737080038,0.5085114241,-0.0249422323,1.0000000000
89,7.6340000000,right_hand,4,0.4793542624,0.5166487098,-0.0329662934,1.0000000000
90,7.7200000000,right_hand,4,0.4671338201,0.5033253431,-0.0267420076,1.0000000000
91,7.8050000000,right_hand,4,0.4602281451,0.4601170421,-0.0255726632,1.0000000000
92,7.8910000000,right_hand,4,0.4577645361,0.4503291249,-0.0242462698,1.0000000000
93,7.9770000000,right_hand,4,0.4528310597,0.4421506822,-0.0247785244,1.0000000000
94,8.0630000000,right_hand,4,0.4458183646,0.4421409965,-0.0231828727,1.0000000000
95,8.1490000000,right_hand,4,0.4464210272,0.4406861365,-0.0239376072,1.0000000000
96,8.2340000000,right_hand,4,0.4451542497,0.4392600060,-0.0270173848,1.0000000000
97,8.3200000000,right_hand,4,0.4454820454,0.4417021573,-0.0220317040,1.0000000000
98,8.4060000000,right_hand,4,0.4469446242,0.4415504932,-0.0237626266,1.0000000000
99,8.4920000000,right_hand,4,0.4490620494,0.4395335913,-0.0223632511,1.0000000000
100,8.5770000000,right_hand,4,0.4556915760,0.4540794194,-0.0209392570,1.0000000000
101,8.6630000000,right_hand,4,0.4253426492,0.4680512249,-0.0179704018,1.0000000000
102,8.7490000000,right_hand,4,0.4322048128,0.4801518023,-0.0262195021,1.0000000000
103,8.8350000000,right_hand,4,0.4624589980,0.5134968162,-0.0210553445,1.0000000000
104,8.9210000000,right_hand,4,0.4794639945,0.5308223367,-0.0214458760,1.0000000000
105,9.0060000000,right_hand,4,0.4697726965,0.5054691434,-0.0112301083,1.0000000000
106,9.0920000000,right_hand,4,0.4759977758,0.5101693273,-0.0208197851,1.0000000000
107,9.1780000000,right_hand,4,0.4737198651,0.5138491988,-0.0204326045,1.0000000000
108,9.2640000000,right_hand,4,0.4669749737,0.5069726110,-0.0188811664,1.0000000000
109,9.3490000000,right_hand,4,0.4657297134,0.5163035989,-0.0205995962,1.0000000000
110,9.4350000000,right_hand,4,0.4537227750,0.5134215951,-0.0199085120,1.0000000000
111,9.5210000000,right_hand,4,0.4533271194,0.5444936156,-0.0174899939,1.0000000000
112,9.6070000000,right_hand,4,0.4398587942,0.5044772625,-0.0272286925,1.0000000000
113,9.6930000000,right_hand,4,0.4311944246,0.4970823526,-0.0324066430,1.0000000000
114,9.7780000000,right_hand,4,0.4236140251,0.5124586225,-0.0245538149,1.0000000000
115,9.8640000000,right_hand,4,0.4270294607,0.5167599916,-0.0236893296,1.0000000000
116,9.9500000000,right_hand,4,0.4207777083,0.5056369901,-0.0188766532,1.0000000000
117,10.0360000000,right_hand,4,0.4182155728,0.4986281693,-0.0168497991,1.0000000000
118,10.1210000000,right_hand,4,0.4210068583,0.5036666989,-0.0231515206,1.0000000000
119,10.2070000000,right_hand,4,0.4158144295,0.4961845875,-0.0294446349,1.0000000000
120,10.2930000000,right_hand,4,0.4332211912,0.5115774870,-0.0287236590,1.0000000000
121,10.3790000000,right_hand,4,0.4458750486,0.5198979974,-0.0279099643,1.0000000000
122,10.4640000000,right_hand,4,0.4474159479,0.5018007755,-0.0218558498,1.0000000000
123,10.5500000000,right_hand,4,0.4592268467,0.5101855397,-0.0180460606,1.0000000000
124,10.6360000000,right_hand,4,0.4632540345,0.5160870552,-0.0204161834,1.0000000000
125,10.7220000000,right_hand,4,0.4568223059,0.5089802742,-0.0209506694,1.0000000000
126,10.8080000000,right_hand,4,0.4679164588,0.5487077236,-0.0201848075,1.0000000000
127,10.8930000000,right_hand,4,0.4565760195,0.5217168927,-0.0189373493,1.0000000000
128,10.9790000000,right_hand,4,0.4600083008,0.5200976580,-0.0200648266,1.0000000000
129,11.0650000000,right_hand,4,0.4634405822,0.5184784234,-0.0211923039,1.0000000000
130,11.1510000000,right_hand,4,0.4668728635,0.5168591887,-0.0223197811,1.0000000000
131,11.2360000000,right_hand,4,0.4703051448,0.5152399540,-0.0234472584,1.0000000000
132,11.3220000000,right_hand,4,0.4737635851,0.5448013544,-0.0279494636,1.0000000000
133,11.4080000000,right_hand,4,0.4242602587,0.5876352191,-0.0041419058,1.0000000000
134,11.4940000000,right_hand,4,0.4270076007,0.5826541483,-0.0045234712,1.0000000000
135,11.5800000000,right_hand,4,0.4297549427,0.5776730776,-0.0049050367,1.0000000000
136,11.6650000000,right_hand,4,0.4359035194,0.5543205142,-0.0128193460,1.0000000000
137,11.7510000000,right_hand,4,0.4309538305,0.5397856832,-0.0074241003,1.0000000000
138,11.8370000000,right_hand,4,0.4373587966,0.5179631114,-0.0134128267,1.0000000000
139,11.9230000000,right_hand,4,0.4425924718,0.4573490918,-0.0225931834,1.0000000000
59,5.0610000000,right_hand,5,0.6099661589,0.5524328947,-0.0403594747,1.0000000000
60,5.1460000000,right_hand,5,0.4301633537,0.5283875465,-0.0233795624,1.0000000000
61,5.2320000000,right_hand,5,0.4307303131,0.5719510913,-0.0297452882,1.0000000000
62,5.3180000000,right_hand,5,0.4296297431,0.5279476643,-0.0208853241,1.0000000000
63,5.4040000000,right_hand,5,0.4278833568,0.5277361870,-0.0204019379,1.0000000000
64,5.4900000000,right_hand,5,0.4271426797,0.5215553641,-0.0183004793,1.0000000000
65,5.5750000000,right_hand,5,0.4189531207,0.5288853049,-0.0206963513,1.0000000000
66,5.6610000000,right_hand,5,0.4049605429,0.5160652995,-0.0198658444,1.0000000000
67,5.7470000000,right_hand,5,0.3973368108,0.5265280604,-0.0204491261,1.0000000000
68,5.8330000000,right_hand,5,0.3922322094,0.5216117501,-0.0170822572,1.0000000000
69,5.9180000000,right_hand,5,0.3876607716,0.5262839794,-0.0080326153,1.0000000000
70,6.0040000000,right_hand,5,0.3860011399,0.5113877356,-0.0111970608,1.0000000000
71,6.0900000000,right_hand,5,0.3843415082,0.4964914918,-0.0143615063,1.0000000000
72,6.1760000000,right_hand,5,0.3777659535,0.5049278140,-0.0209443849,1.0000000000
73,6.2620000000,right_hand,5,0.3831512332,0.5132697821,-0.0313285589,1.0000000000
74,6.3470000000,right_hand,5,0.3900418580,0.5238797665,-0.0251104198,1.0000000000
75,6.4330000000,right_hand,5,0.3940667808,0.5134968758,-0.0258607510,1.0000000000
76,6.5190000000,right_hand,5,0.4025066197,0.5074216723,-0.0239734147,1.0000000000
77,6.6050000000,right_hand,5,0.4093162715,0.5076756477,-0.0245861392,1.0000000000
78,6.6900000000,right_hand,5,0.4216259420,0.5143981576,-0.0186981577,1.0000000000
79,6.7760000000,right_hand,5,0.4207219779,0.5104302764,-0.0199758243,1.0000000000
80,6.8620000000,right_hand,5,0.4281762242,0.5198475122,-0.0203163940,1.0000000000
81,6.9480000000,right_hand,5,0.4295016229,0.5145002604,-0.0190729089,1.0000000000
82,7.0340000000,right_hand,5,0.4297210872,0.5028491020,-0.0262191258,1.0000000000
83,7.1190000000,right_hand,5,0.4298895895,0.4977921844,-0.0313345715,1.0000000000
84,7.2050000000,right_hand,5,0.4326006770,0.4972578883,-0.0306181610,1.0000000000
85,7.2910000000,right_hand,5,0.4338839054,0.4972831607,-0.0308358893,1.0000000000
86,7.3770000000,right_hand,5,0.4382571578,0.5007181168,-0.0286723189,1.0000000000
87,7.4620000000,right_hand,5,0.4393099546,0.5020969510,-0.0303187985,1.0000000000
88,7.5480000000,right_hand,5,0.4395703077,0.4985725284,-0.0291010514,1.0000000000
89,7.6340000000,right_hand,5,0.4386266768,0.5054289699,-0.0325716510,1.0000000000
90,7.7200000000,right_hand,5,0.4334194064,0.4970385134,-0.0287687946,1.0000000000
91,7.8050000000,right_hand,5,0.4211559296,0.4965855777,-0.0299768467,1.0000000000
92,7.8910000000,right_hand,5,0.4148994088,0.4962034225,-0.0314642750,1.0000000000
93,7.9770000000,right_hand,5,0.4061527848,0.4956009984,-0.0328178741,1.0000000000
94,8.0630000000,right_hand,5,0.4014046192,0.4982862175,-0.0333816074,1.0000000000
95,8.1490000000,right_hand,5,0.4049382210,0.4933004081,-0.0288757402,1.0000000000
96,8.2340000000,right_hand,5,0.4016676843,0.4935757518,-0.0350311175,1.0000000000
97,8.3200000000,right_hand,5,0.4052167237,0.4922272265,-0.0292280577,1.0000000000
98,8.4060000000,right_hand,5,0.4064689875,0.4977659881,-0.0326372981,1.0000000000
99,8.4920000000,right_hand,5,0.4101713896,0.4969322383,-0.0308250003,1.0000000000
100,8.5770000000,right_hand,5,0.4103111923,0.4970889688,-0.0273515824,1.0000000000
101,8.6630000000,right_hand,5,0.4205013514,0.5045701265,-0.0227914434,1.0000000000
102,8.7490000000,right_hand,5,0.4270617664,0.5161161423,-0.0251123365,1.0000000000
103,8.8350000000,right_hand,5,0.4347820580,0.5228896141,-0.0255212281,1.0000000000
104,8.9210000000,right_hand,5,0.4410792291,0.5157043338,-0.0290016476,1.0000000000
105,9.0060000000,right_hand,5,0.4436293840,0.5085889697,-0.0233202856,1.0000000000
106,9.0920000000,right_hand,5,0.4417929053,0.5082740784,-0.0255406778,1.0000000000
107,9.1780000000,right_hand,5,0.4395137429,0.5062490702,-0.0263574217,1.0000000000
108,9.2640000000,right_hand,5,0.4366378784,0.5086101890,-0.0260793231,1.0000000000
109,9.3490000000,right_hand,5,0.4289357364,0.5009556413,-0.0254839398,1.0000000000
110,9.4350000000,right_hand,5,0.4180304706,0.5007188320,-0.0240069032,1.0000000000
111,9.5210000000,right_hand,5,0.4126052558,0.5104234219,-0.0145851141,1.0000000000
112,9.6070000000,right_hand,5,0.4024177790,0.4974092841,-0.0322442465,1.0000000000
113,9.6930000000,right_hand,5,0.3980664909,0.5024340153,-0.0362778530,1.0000000000
114,9.7780000000,right_hand,5,0.4010592401,0.5082300305,-0.0311650001,1.0000000000
115,9.8640000000,right_hand,5,0.4019458592,0.5154790282,-0.0301750340,1.0000000000
116,9.9500000000,right_hand,5,0.3991430104,0.5153293014,-0.0261927694,1.0000000000
117,10.0360000000,right_hand,5,0.3990654647,0.5112922788,-0.0203289278,1.0000000000
118,10.1210000000,right_hand,5,0.3994825184,0.5136806369,-0.0286671333,1.0000000000
119,10.2070000000,right_hand,5,0.4003662765,0.5158306956,-0.0336587355,1.0000000000
120,10.2930000000,right_hand,5,0.4013371766,0.5085467696,-0.0297219343,1.0000000000
121,10.3790000000,right_hand,5,0.4085883796,0.5086872578,-0.0316135101,1.0000000000
122,10.4640000000,right_hand,5,0.4217166603,0.4983308613,-0.0263258033,1.0000000000
123,10.5500000000,right_hand,5,0.4224069417,0.4994956255,-0.0245705266,1.0000000000
124,10.6360000000,right_hand,5,0.4285771549,0.5051329136,-0.0223421119,1.0000000000
125,10.7220000000,right_hand,5,0.4287543893,0.5127286911,-0.0243689120,1.0000000000
126,10.8080000000,right_hand,5,0.4310357869,0.5258581638,-0.0186892319,1.0000000000
127,10.8930000000,right_hand,5,0.4326624870,0.5253942609,-0.0221004654,1.0000000000
128,10.9790000000,right_hand,5,0.4342543185,0.5243394971,-0.0232087285,1.0000000000
129,11.0650000000,right_hand,5,0.4358461499,0.5232847333,-0.0243169917,1.0000000000
130,11.1510000000,right_hand,5,0.4374379814,0.5222299695,-0.0254252548,1.0000000000
131,11.2360000000,right_hand,5,0.4390298128,0.5211752057,-0.0265335180,1.0000000000
132,11.3220000000,right_hand,5,0.4356403053,0.5219166279,-0.0262684394,1.0000000000
133,11.4080000000,right_hand,5,0.3912030756,0.5830876231,-0.0008656982,1.0000000000
134,11.4940000000,right_hand,5,0.3965626806,0.5814078152,-0.0025775795,1.0000000000
135,11.5800000000,right_hand,5,0.4019222856,0.5797280073,-0.0042894608,1.0000000000
136,11.6650000000,right_hand,5,0.3952307999,0.5563333631,-0.0096359318,1.0000000000
137,11.7510000000,right_hand,5,0.3999617100,0.5394519567,-0.0093343239,1.0000000000
138,11.8370000000,right_hand,5,0.4027805924,0.5105641484,-0.0210753251,1.0000000000
139,11.9230000000,right_hand,5,0.4065612257,0.4931929708,-0.0315263383,1.0000000000
59,5.0610000000,right_hand,6,0.5875467658,0.5484488606,-0.0595094264,1.0000000000
60,5.1460000000,right_hand,6,0.4606542885,0.5186863542,-0.0333334804,1.0000000000
61,5.2320000000,right_hand,6,0.4629294872,0.5730376840,-0.0402318686,1.0000000000
62,5.3180000000,right_hand,6,0.4588525593,0.5206812620,-0.0312575474,1.0000000000
63,5.4040000000,right_hand,6,0.4592666030,0.5205650330,-0.0286273807,1.0000000000
64,5.4900000000,right_hand,6,0.4565415084,0.5160748959,-0.0266206581,1.0000000000
65,5.5750000000,right_hand,6,0.4488576055,0.5265225172,-0.0299680308,1.0000000000
66,5.6610000000,right_hand,6,0.4340130687,0.5133160353,-0.0292771291,1.0000000000
67,5.7470000000,right_hand,6,0.4256477654,0.5200157166,-0.0310402289,1.0000000000
68,5.8330000000,right_hand,6,0.4147430062,0.5101297498,-0.0234029461,1.0000000000
69,5.9180000000,right_hand,6,0.4092526734,0.5117981434,-0.0101059666,1.0000000000
70,6.0040000000,right_hand,6,0.4123150408,0.4990585446,-0.0150338798,1.0000000000
71,6.0900000000,right_hand,6,0.4153774083,0.4863189459,-0.0199617930,1.0000000000
72,6.1760000000,right_hand,6,0.4068542421,0.4901773334,-0.0289463196,1.0000000000
73,6.2620000000,right_hand,6,0.4144376814,0.5001482368,-0.0459077880,1.0000000000
74,6.3470000000,right_hand,6,0.4123300910,0.4972578883,-0.0376490355,1.0000000000
75,6.4330000000,right_hand,6,0.4226609170,0.4982033372,-0.0383489728,1.0000000000
76,6.5190000000,right_hand,6,0.4303537309,0.4959291220,-0.0368783064,1.0000000000
77,6.6050000000,right_hand,6,0.4377743602,0.4970214069,-0.0366211534,1.0000000000
78,6.6900000000,right_hand,6,0.4507558942,0.5066628456,-0.0275332145,1.0000000000
79,6.7760000000,right_hand,6,0.4498634338,0.5009232163,-0.0290163737,1.0000000000
80,6.8620000000,right_hand,6,0.4561662972,0.5139315128,-0.0314521082,1.0000000000
81,6.9480000000,right_hand,6,0.4563478529,0.5046667457,-0.0292005427,1.0000000000
82,7.0340000000,right_hand,6,0.4587815404,0.4940046668,-0.0385168642,1.0000000000
83,7.1190000000,right_hand,6,0.4603018761,0.4896540940,-0.0441416018,1.0000000000
84,7.2050000000,right_hand,6,0.4635878801,0.4906845987,-0.0430418253,1.0000000000
85,7.2910000000,right_hand,6,0.4660718143,0.4953652620,-0.0435642190,1.0000000000
86,7.3770000000,right_hand,6,0.4684340954,0.4920029640,-0.0409370027,1.0000000000
87,7.4620000000,right_hand,6,0.4698578715,0.4932952523,-0.0439897180,1.0000000000
88,7.5480000000,right_hand,6,0.4709417522,0.4936862588,-0.0415432118,1.0000000000
89,7.6340000000,right_hand,6,0.4679962993,0.4983061850,-0.0485746600,1.0000000000
90,7.7200000000,right_hand,6,0.4619955122,0.4870869517,-0.0429429710,1.0000000000
91,7.8050000000,right_hand,6,0.4510408044,0.4873462021,-0.0431903601,1.0000000000
92,7.8910000000,right_hand,6,0.4438298047,0.4912548363,-0.0443083234,1.0000000000
93,7.9770000000,right_hand,6,0.4370756149,0.4934903383,-0.0459337421,1.0000000000
94,8.0630000000,right_hand,6,0.4344769120,0.4953559935,-0.0460353456,1.0000000000
95,8.1490000000,right_hand,6,0.4339957833,0.4897809625,-0.0424198732,1.0000000000
96,8.2340000000,right_hand,6,0.4327929914,0.4899619818,-0.0498974137,1.0000000000
97,8.3200000000,right_hand,6,0.4347502887,0.4890869260,-0.0426162146,1.0000000000
98,8.4060000000,right_hand,6,0.4355861843,0.4900376797,-0.0464960001,1.0000000000
99,8.4920000000,right_hand,6,0.4386376739,0.4887330532,-0.0440301523,1.0000000000
100,8.5770000000,right_hand,6,0.4425767362,0.4904741049,-0.0384442955,1.0000000000
101,8.6630000000,right_hand,6,0.4531188309,0.4990655184,-0.0339673571,1.0000000000
102,8.7490000000,right_hand,6,0.4594596922,0.5058300495,-0.0359538198,1.0000000000
103,8.8350000000,right_hand,6,0.4665451944,0.5116045475,-0.0366854332,1.0000000000
104,8.9210000000,right_hand,6,0.4727012217,0.5102145672,-0.0395469628,1.0000000000
105,9.0060000000,right_hand,6,0.4753167927,0.5026053786,-0.0327390321,1.0000000000
106,9.0920000000,right_hand,6,0.4743183255,0.4996960461,-0.0377040617,1.0000000000
107,9.1780000000,right_hand,6,0.4722307622,0.4965284169,-0.0387154073,1.0000000000
108,9.2640000000,right_hand,6,0.4676909447,0.4969382882,-0.0379930474,1.0000000000
109,9.3490000000,right_hand,6,0.4611711502,0.4957297444,-0.0368872806,1.0000000000
110,9.4350000000,right_hand,6,0.4506578743,0.4961861968,-0.0360108428,1.0000000000
111,9.5210000000,right_hand,6,0.4404666424,0.5066005588,-0.0243527703,1.0000000000
112,9.6070000000,right_hand,6,0.4313559234,0.4903174043,-0.0455164947,1.0000000000
113,9.6930000000,right_hand,6,0.4271100163,0.4960547984,-0.0507214330,1.0000000000
114,9.7780000000,right_hand,6,0.4261954427,0.4962903559,-0.0439321361,1.0000000000
115,9.8640000000,right_hand,6,0.4260360003,0.5033667684,-0.0418882594,1.0000000000
116,9.9500000000,right_hand,6,0.4253358841,0.5040249228,-0.0362536907,1.0000000000
117,10.0360000000,right_hand,6,0.4240972996,0.5004917383,-0.0278481971,1.0000000000
118,10.1210000000,right_hand,6,0.4259071052,0.5032062531,-0.0395484082,1.0000000000
119,10.2070000000,right_hand,6,0.4281155467,0.5058278441,-0.0463646874,1.0000000000
120,10.2930000000,right_hand,6,0.4290591180,0.4982465804,-0.0430719815,1.0000000000
121,10.3790000000,right_hand,6,0.4380756617,0.5004153252,-0.0468893610,1.0000000000
122,10.4640000000,right_hand,6,0.4497795403,0.4930829406,-0.0382854901,1.0000000000
123,10.5500000000,right_hand,6,0.4535752833,0.4918316901,-0.0350064822,1.0000000000
124,10.6360000000,right_hand,6,0.4569444954,0.4987920523,-0.0323261730,1.0000000000
125,10.7220000000,right_hand,6,0.4570751786,0.5016760826,-0.0349283703,1.0000000000
126,10.8080000000,right_hand,6,0.4597233534,0.5180061460,-0.0283750780,1.0000000000
127,10.8930000000,right_hand,6,0.4599165618,0.5162829161,-0.0323188864,1.0000000000
128,10.9790000000,right_hand,6,0.4619419351,0.5156050771,-0.0339010693,1.0000000000
129,11.0650000000,right_hand,6,0.4639673084,0.5149272382,-0.0354832523,1.0000000000
130,11.1510000000,right_hand,6,0.4659926817,0.5142493993,-0.0370654352,1.0000000000
131,11.2360000000,right_hand,6,0.4680180550,0.5135715604,-0.0386476181,1.0000000000
132,11.3220000000,right_hand,6,0.4637348652,0.5137977004,-0.0395231619,1.0000000000
133,11.4080000000,right_hand,6,0.4207325280,0.5703984499,-0.0088066105,1.0000000000
134,11.4940000000,right_hand,6,0.4244980663,0.5681020916,-0.0118395560,1.0000000000
135,11.5800000000,right_hand,6,0.4282636046,0.5658057332,-0.0148725016,1.0000000000
136,11.6650000000,right_hand,6,0.4249723256,0.5451169610,-0.0201456808,1.0000000000
137,11.7510000000,right_hand,6,0.4227886498,0.5191368461,-0.0193095021,1.0000000000
138,11.8370000000,right_hand,6,0.4259864390,0.4874449074,-0.0343593881,1.0000000000
139,11.9230000000,right_hand,6,0.4330488145,0.4747282267,-0.0467193127,1.0000000000
59,5.0610000000,right_hand,7,0.5694481730,0.5512805581,-0.0720790327,1.0000000000
60,5.1460000000,right_hand,7,0.4786236882,0.5166982412,-0.0376331583,1.0000000000
61,5.2320000000,right_hand,7,0.4817408621,0.5748424530,-0.0440252610,1.0000000000
62,5.3180000000,right_hand,7,0.4765813351,0.5205044150,-0.0361805223,1.0000000000
63,5.4040000000,right_hand,7,0.4764143229,0.5212470293,-0.0318809897,1.0000000000
64,5.4900000000,right_hand,7,0.4738576710,0.5169768333,-0.0301225632,1.0000000000
65,5.5750000000,right_hand,7,0.4663515687,0.5275603533,-0.0340554975,1.0000000000
66,5.6610000000,right_hand,7,0.4532825351,0.5161682963,-0.0331031382,1.0000000000
67,5.7470000000,right_hand,7,0.4439634085,0.5185855627,-0.0365754627,1.0000000000
68,5.8330000000,right_hand,7,0.4258876741,0.5168443918,-0.0235095751,1.0000000000
69,5.9180000000,right_hand,7,0.4192455113,0.5129755139,-0.0069605871,1.0000000000
70,6.0040000000,right_hand,7,0.4242836088,0.5066841245,-0.0136133048,1.0000000000
71,6.0900000000,right_hand,7,0.4293217063,0.5003927350,-0.0202660225,1.0000000000
72,6.1760000000,right_hand,7,0.4255324304,0.4949570298,-0.0311934780,1.0000000000
73,6.2620000000,right_hand,7,0.4348464310,0.5036733747,-0.0516539402,1.0000000000
74,6.3470000000,right_hand,7,0.4304136634,0.4969367683,-0.0419519879,1.0000000000
75,6.4330000000,right_hand,7,0.4420653582,0.5016890764,-0.0441327617,1.0000000000
76,6.5190000000,right_hand,7,0.4501938522,0.4985820949,-0.0436917506,1.0000000000
77,6.6050000000,right_hand,7,0.4573129416,0.5003648400,-0.0421289131,1.0000000000
78,6.6900000000,right_hand,7,0.4671774507,0.5070226192,-0.0313964747,1.0000000000
79,6.7760000000,right_hand,7,0.4673861861,0.5030379295,-0.0327414237,1.0000000000
80,6.8620000000,right_hand,7,0.4740328491,0.5165889263,-0.0373932347,1.0000000000
81,6.9480000000,right_hand,7,0.4730562568,0.5046466589,-0.0346000642,1.0000000000
82,7.0340000000,right_hand,7,0.4769146144,0.4990424216,-0.0456686392,1.0000000000
83,7.1190000000,right_hand,7,0.4795233607,0.4972764254,-0.0509335846,1.0000000000
84,7.2050000000,right_hand,7,0.4830665588,0.4968456924,-0.0495600328,1.0000000000
85,7.2910000000,right_hand,7,0.4847040176,0.5030970573,-0.0503046997,1.0000000000
86,7.3770000000,right_hand,7,0.4878034592,0.4985713065,-0.0477760062,1.0000000000
87,7.4620000000,right_hand,7,0.4893205166,0.4986771047,-0.0517236926,1.0000000000
88,7.5480000000,right_hand,7,0.4900277257,0.4993301332,-0.0476008840,1.0000000000
89,7.6340000000,right_hand,7,0.4880009890,0.4989678264,-0.0574184842,1.0000000000
90,7.7200000000,right_hand,7,0.4811174572,0.4865188003,-0.0503839850,1.0000000000
91,7.8050000000,right_hand,7,0.4700516462,0.4868006110,-0.0494818017,1.0000000000
92,7.8910000000,right_hand,7,0.4635360837,0.4905534983,-0.0504572690,1.0000000000
93,7.9770000000,right_hand,7,0.4586539865,0.4932934940,-0.0513414405,1.0000000000
94,8.0630000000,right_hand,7,0.4562887251,0.4940294623,-0.0503451079,1.0000000000
95,8.1490000000,right_hand,7,0.4546007216,0.4901744425,-0.0487192720,1.0000000000
96,8.2340000000,right_hand,7,0.4548503458,0.4904319942,-0.0559920557,1.0000000000
97,8.3200000000,right_hand,7,0.4558407366,0.4902008474,-0.0485092700,1.0000000000
98,8.4060000000,right_hand,7,0.4570691586,0.4892852604,-0.0518375896,1.0000000000
99,8.4920000000,right_hand,7,0.4590583146,0.4882813990,-0.0493297130,1.0000000000
100,8.5770000000,right_hand,7,0.4633677602,0.4889345467,-0.0430940092,1.0000000000
101,8.6630000000,right_hand,7,0.4719649553,0.4974182546,-0.0397418067,1.0000000000
102,8.7490000000,right_hand,7,0.4789025486,0.5034852624,-0.0416108780,1.0000000000
103,8.8350000000,right_hand,7,0.4856676161,0.5107319355,-0.0421335585,1.0000000000
104,8.9210000000,right_hand,7,0.4917765260,0.5151232481,-0.0443910696,1.0000000000
105,9.0060000000,right_hand,7,0.4938454628,0.5058904886,-0.0367592089,1.0000000000
106,9.0920000000,right_hand,7,0.4936704040,0.5032827258,-0.0440399982,1.0000000000
107,9.1780000000,right_hand,7,0.4916885197,0.5016682744,-0.0452294163,1.0000000000
108,9.2640000000,right_hand,7,0.4867808521,0.5016786456,-0.0438996553,1.0000000000
109,9.3490000000,right_hand,7,0.4805762172,0.5013954043,-0.0426036343,1.0000000000
110,9.4350000000,right_hand,7,0.4701130688,0.5015755892,-0.0419303030,1.0000000000
111,9.5210000000,right_hand,7,0.4590955377,0.5088077784,-0.0302402861,1.0000000000
112,9.6070000000,right_hand,7,0.4506051838,0.4958069921,-0.0509083495,1.0000000000
113,9.6930000000,right_hand,7,0.4462336898,0.4962753356,-0.0569301583,1.0000000000
114,9.7780000000,right_hand,7,0.4434926808,0.4981842637,-0.0494940355,1.0000000000
115,9.8640000000,right_hand,7,0.4406764805,0.5020251274,-0.0461806431,1.0000000000
116,9.9500000000,right_hand,7,0.4409253597,0.5056425929,-0.0397316515,1.0000000000
117,10.0360000000,right_hand,7,0.4397862554,0.5004473329,-0.0303298030,1.0000000000
118,10.1210000000,right_hand,7,0.4423711002,0.5048004389,-0.0435770154,1.0000000000
119,10.2070000000,right_hand,7,0.4460708797,0.5063140392,-0.0518738031,1.0000000000
120,10.2930000000,right_hand,7,0.4474790692,0.4993829131,-0.0497505106,1.0000000000
121,10.3790000000,right_hand,7,0.4571775794,0.5024610162,-0.0552427731,1.0000000000
122,10.4640000000,right_hand,7,0.4676316977,0.4984349608,-0.0440063067,1.0000000000
123,10.5500000000,right_hand,7,0.4729428589,0.4973226786,-0.0411943644,1.0000000000
124,10.6360000000,right_hand,7,0.4748088419,0.5029013157,-0.0368848704,1.0000000000
125,10.7220000000,right_hand,7,0.4742851853,0.5034054518,-0.0396788009,1.0000000000
126,10.8080000000,right_hand,7,0.4774253368,0.5191299915,-0.0335924849,1.0000000000
127,10.8930000000,right_hand,7,0.4761211276,0.5158858895,-0.0364167057,1.0000000000
128,10.9790000000,right_hand,7,0.4786413237,0.5151305348,-0.0384426620,1.0000000000
129,11.0650000000,right_hand,7,0.4811615199,0.5143751800,-0.0404686183,1.0000000000
130,11.1510000000,right_hand,7,0.4836817160,0.5136198252,-0.0424945746,1.0000000000
131,11.2360000000,right_hand,7,0.4862019122,0.5128644705,-0.0445205308,1.0000000000
132,11.3220000000,right_hand,7,0.4825249612,0.5137614608,-0.0471255705,1.0000000000
133,11.4080000000,right_hand,7,0.4427630603,0.5684492588,-0.0143859638,1.0000000000
134,11.4940000000,right_hand,7,0.4459215105,0.5642783046,-0.0184243652,1.0000000000
135,11.5800000000,right_hand,7,0.4490799606,0.5601073503,-0.0224627666,1.0000000000
136,11.6650000000,right_hand,7,0.4445061982,0.5365538597,-0.0277875643,1.0000000000
137,11.7510000000,right_hand,7,0.4401389956,0.5069380999,-0.0262685828,1.0000000000
138,11.8370000000,right_hand,7,0.4443396926,0.4809933007,-0.0426535383,1.0000000000
139,11.9230000000,right_hand,7,0.4529109597,0.4744379222,-0.0549345501,1.0000000000
59,5.0610000000,right_hand,8,0.5560061932,0.5551403761,-0.0796285570,1.0000000000
60,5.1460000000,right_hand,8,0.4924702644,0.5168610811,-0.0397786349,1.0000000000
61,5.2320000000,right_hand,8,0.4956782162,0.5756246448,-0.0453736149,1.0000000000
62,5.3180000000,right_hand,8,0.4903388023,0.5221938491,-0.0388414711,1.0000000000
63,5.4040000000,right_hand,8,0.4887852669,0.5225642920,-0.0332468599,1.0000000000
64,5.4900000000,right_hand,8,0.4869691730,0.5185736418,-0.0317155533,1.0000000000
65,5.5750000000,right_hand,8,0.4796998501,0.5291878581,-0.0361018255,1.0000000000
66,5.6610000000,right_hand,8,0.4667827189,0.5207412243,-0.0346322954,1.0000000000
67,5.7470000000,right_hand,8,0.4573103189,0.5197746754,-0.0395099446,1.0000000000
68,5.8330000000,right_hand,8,0.4308217764,0.5237728357,-0.0229484569,1.0000000000
69,5.9180000000,right_hand,8,0.4229185283,0.5168846250,-0.0037134828,1.0000000000
70,6.0040000000,right_hand,8,0.4290163368,0.5159791410,-0.0118660758,1.0000000000
71,6.0900000000,right_hand,8,0.4351141453,0.5150736570,-0.0200186688,1.0000000000
72,6.1760000000,right_hand,8,0.4365232587,0.5041231513,-0.0322474875,1.0000000000
73,6.2620000000,right_hand,8,0.4495800138,0.5101680160,-0.0548091643,1.0000000000
74,6.3470000000,right_hand,8,0.4452849030,0.5015929341,-0.0437825620,1.0000000000
75,6.4330000000,right_hand,8,0.4560281038,0.5085298419,-0.0472708941,1.0000000000
76,6.5190000000,right_hand,8,0.4650690854,0.5046496391,-0.0477941968,1.0000000000
77,6.6050000000,right_hand,8,0.4718731940,0.5064817071,-0.0452896729,1.0000000000
78,6.6900000000,right_hand,8,0.4797445536,0.5079007149,-0.0335360430,1.0000000000
79,6.7760000000,right_hand,8,0.4800469577,0.5067138672,-0.0346028507,1.0000000000
80,6.8620000000,right_hand,8,0.4875517488,0.5205236673,-0.0410492308,1.0000000000
81,6.9480000000,right_hand,8,0.4855962992,0.5057039857,-0.0376662686,1.0000000000
82,7.0340000000,right_hand,8,0.4906789362,0.5057837963,-0.0499588959,1.0000000000
83,7.1190000000,right_hand,8,0.4932932258,0.5038456321,-0.0549227968,1.0000000000
84,7.2050000000,right_hand,8,0.4972034693,0.5036914945,-0.0535106175,1.0000000000
85,7.2910000000,right_hand,8,0.4985010028,0.5092222691,-0.0545222871,1.0000000000
86,7.3770000000,right_hand,8,0.5016514659,0.5049189329,-0.0518977046,1.0000000000
87,7.4620000000,right_hand,8,0.5038024187,0.5042719841,-0.0564237460,1.0000000000
88,7.5480000000,right_hand,8,0.5035517216,0.5029243231,-0.0511445142,1.0000000000
89,7.6340000000,right_hand,8,0.5031040311,0.4996321201,-0.0626945272,1.0000000000
90,7.7200000000,right_hand,8,0.4949997365,0.4870430231,-0.0545049272,1.0000000000
91,7.8050000000,right_hand,8,0.4846917093,0.4862866104,-0.0531258509,1.0000000000
92,7.8910000000,right_hand,8,0.4795038402,0.4886630476,-0.0543641075,1.0000000000
93,7.9770000000,right_hand,8,0.4753029048,0.4936069548,-0.0541369841,1.0000000000
94,8.0630000000,right_hand,8,0.4719604850,0.4933899939,-0.0523175895,1.0000000000
95,8.1490000000,right_hand,8,0.4708201587,0.4924129248,-0.0522730425,1.0000000000
96,8.2340000000,right_hand,8,0.4714851379,0.4927823842,-0.0591756217,1.0000000000
97,8.3200000000,right_hand,8,0.4722800553,0.4932837188,-0.0518309921,1.0000000000
98,8.4060000000,right_hand,8,0.4737331867,0.4899616539,-0.0545781739,1.0000000000
99,8.4920000000,right_hand,8,0.4751956463,0.4894090295,-0.0520512648,1.0000000000
100,8.5770000000,right_hand,8,0.4793187678,0.4872660935,-0.0458403639,1.0000000000
101,8.6630000000,right_hand,8,0.4871898890,0.4953643382,-0.0432818197,1.0000000000
102,8.7490000000,right_hand,8,0.4939929843,0.5020294785,-0.0449202731,1.0000000000
103,8.8350000000,right_hand,8,0.5007016659,0.5103868842,-0.0451059453,1.0000000000
104,8.9210000000,right_hand,8,0.5062468648,0.5191402435,-0.0468853600,1.0000000000
105,9.0060000000,right_hand,8,0.5072416067,0.5087600946,-0.0387174040,1.0000000000
106,9.0920000000,right_hand,8,0.5086611509,0.5081439614,-0.0477599353,1.0000000000
107,9.1780000000,right_hand,8,0.5062654018,0.5070374608,-0.0490143597,1.0000000000
108,9.2640000000,right_hand,8,0.5007363558,0.5057104826,-0.0471107177,1.0000000000
109,9.3490000000,right_hand,8,0.4951362312,0.5074239969,-0.0462187901,1.0000000000
110,9.4350000000,right_hand,8,0.4847931862,0.5078458190,-0.0453524143,1.0000000000
111,9.5210000000,right_hand,8,0.4731457829,0.5132101774,-0.0340889096,1.0000000000
112,9.6070000000,right_hand,8,0.4647353888,0.5031414032,-0.0539125763,1.0000000000
113,9.6930000000,right_hand,8,0.4607430100,0.4978618324,-0.0604327135,1.0000000000
114,9.7780000000,right_hand,8,0.4559057355,0.5016028285,-0.0525065958,1.0000000000
115,9.8640000000,right_hand,8,0.4505806863,0.5021808743,-0.0481775552,1.0000000000
116,9.9500000000,right_hand,8,0.4516566992,0.5082242489,-0.0411608927,1.0000000000
117,10.0360000000,right_hand,8,0.4501818419,0.5028707981,-0.0311811920,1.0000000000
118,10.1210000000,right_hand,8,0.4544227421,0.5078406334,-0.0454185866,1.0000000000
119,10.2070000000,right_hand,8,0.4588980675,0.5093104839,-0.0546195507,1.0000000000
120,10.2930000000,right_hand,8,0.4620868266,0.5022609234,-0.0535664521,1.0000000000
121,10.3790000000,right_hand,8,0.4730871916,0.5067912936,-0.0605154932,1.0000000000
122,10.4640000000,right_hand,8,0.4811187088,0.5045625567,-0.0475018807,1.0000000000
123,10.5500000000,right_hand,8,0.4872834980,0.5033544302,-0.0448493585,1.0000000000
124,10.6360000000,right_hand,8,0.4874215424,0.5079853535,-0.0394813381,1.0000000000
125,10.7220000000,right_hand,8,0.4869033992,0.5060093403,-0.0424042717,1.0000000000
126,10.8080000000,right_hand,8,0.4908084273,0.5204718709,-0.0367496349,1.0000000000
127,10.8930000000,right_hand,8,0.4876070023,0.5173178911,-0.0385984071,1.0000000000
128,10.9790000000,right_hand,8,0.4907786548,0.5160628855,-0.0408925675,1.0000000000
129,11.0650000000,right_hand,8,0.4939503074,0.5148078799,-0.0431867279,1.0000000000
130,11.1510000000,right_hand,8,0.4971219599,0.5135528743,-0.0454808883,1.0000000000
131,11.2360000000,right_hand,8,0.5002936125,0.5122978687,-0.0477750488,1.0000000000
132,11.3220000000,right_hand,8,0.4970504045,0.5153837800,-0.0517499894,1.0000000000
133,11.4080000000,right_hand,8,0.4589685202,0.5706076622,-0.0180959851,1.0000000000
134,11.4940000000,right_hand,8,0.4622281939,0.5646271408,-0.0227237362,1.0000000000
135,11.5800000000,right_hand,8,0.4654878676,0.5586466193,-0.0273514874,1.0000000000
136,11.6650000000,right_hand,8,0.4599508345,0.5308544040,-0.0328453444,1.0000000000
137,11.7510000000,right_hand,8,0.4549027681,0.4995505512,-0.0308305249,1.0000000000
138,11.8370000000,right_hand,8,0.4597572088,0.4782959223,-0.0479223244,1.0000000000
139,11.9230000000,right_hand,8,0.4689330459,0.4777506590,-0.0598483756,1.0000000000
59,5.0610000000,right_hand,9,0.6090709567,0.5218878984,-0.0426837429,1.0000000000
60,5.1460000000,right_hand,9,0.4309252203,0.5493180156,-0.0276460499,1.0000000000
61,5.2320000000,right_hand,9,0.4289153516,0.5457240343,-0.0279095788,1.0000000000
62,5.3180000000,right_hand,9,0.4304773808,0.5480130911,-0.0256482605,1.0000000000
63,5.4040000000,right_hand,9,0.4287380576,0.5498340726,-0.0234053563,1.0000000000
64,5.4900000000,right_hand,9,0.4273849130,0.5427903533,-0.0219965409,1.0000000000
65,5.5750000000,right_hand,9,0.4198657274,0.5463067889,-0.0240939893,1.0000000000
66,5.6610000000,right_hand,9,0.4040049314,0.5351259112,-0.0229710918,1.0000000000
67,5.7470000000,right_hand,9,0.3956318498,0.5424926877,-0.0249834526,1.0000000000
68,5.8330000000,right_hand,9,0.3923369050,0.5380606651,-0.0230381824,1.0000000000
69,5.9180000000,right_hand,9,0.3904606402,0.5421888232,-0.0132413376,1.0000000000
70,6.0040000000,right_hand,9,0.3866102844,0.5282473862,-0.0161457164,1.0000000000
71,6.0900000000,right_hand,9,0.3827599287,0.5143059492,-0.0190500952,1.0000000000
72,6.1760000000,right_hand,9,0.3784591854,0.5278698802,-0.0268180668,1.0000000000
73,6.2620000000,right_hand,9,0.3803537190,0.5365724564,-0.0390411802,1.0000000000
74,6.3470000000,right_hand,9,0.3877279162,0.5416262150,-0.0335448645,1.0000000000
75,6.4330000000,right_hand,9,0.3923640847,0.5348264575,-0.0322093442,1.0000000000
76,6.5190000000,right_hand,9,0.3999696672,0.5278797150,-0.0306770280,1.0000000000
77,6.6050000000,right_hand,9,0.4076308012,0.5297552347,-0.0312075224,1.0000000000
78,6.6900000000,right_hand,9,0.4217507839,0.5362246037,-0.0236403812,1.0000000000
79,6.7760000000,right_hand,9,0.4223377705,0.5322902799,-0.0253684931,1.0000000000
80,6.8620000000,right_hand,9,0.4270337224,0.5364777446,-0.0257238410,1.0000000000
81,6.9480000000,right_hand,9,0.4286084473,0.5339902639,-0.0237606261,1.0000000000
82,7.0340000000,right_hand,9,0.4286629558,0.5273234248,-0.0299865026,1.0000000000
83,7.1190000000,right_hand,9,0.4271282554,0.5238852501,-0.0352765471,1.0000000000
84,7.2050000000,right_hand,9,0.4298415184,0.5239987969,-0.0344470143,1.0000000000
85,7.2910000000,right_hand,9,0.4301975965,0.5222885013,-0.0348779857,1.0000000000
86,7.3770000000,right_hand,9,0.4346266389,0.5253696442,-0.0326327942,1.0000000000
87,7.4620000000,right_hand,9,0.4362967014,0.5275823474,-0.0348116681,1.0000000000
88,7.5480000000,right_hand,9,0.4361878037,0.5255056024,-0.0345370844,1.0000000000
89,7.6340000000,right_hand,9,0.4346814156,0.5299410820,-0.0375892445,1.0000000000
90,7.7200000000,right_hand,9,0.4312633872,0.5189519525,-0.0331722237,1.0000000000
91,7.8050000000,right_hand,9,0.4200129509,0.5212206841,-0.0327412449,1.0000000000
92,7.8910000000,right_hand,9,0.4136126339,0.5243735313,-0.0335062705,1.0000000000
93,7.9770000000,right_hand,9,0.4040369689,0.5248003602,-0.0347735174,1.0000000000
94,8.0630000000,right_hand,9,0.3982505202,0.5265324712,-0.0360988937,1.0000000000
95,8.1490000000,right_hand,9,0.4010829926,0.5209909678,-0.0324849337,1.0000000000
96,8.2340000000,right_hand,9,0.3973059058,0.5239120126,-0.0388313644,1.0000000000
97,8.3200000000,right_hand,9,0.4018431902,0.5208619833,-0.0328791551,1.0000000000
98,8.4060000000,right_hand,9,0.4040119052,0.5237130523,-0.0361337699,1.0000000000
99,8.4920000000,right_hand,9,0.4084975421,0.5239987969,-0.0339608267,1.0000000000
100,8.5770000000,right_hand,9,0.4094761014,0.5228426456,-0.0293733981,1.0000000000
101,8.6630000000,right_hand,9,0.4204363525,0.5280886292,-0.0277505182,1.0000000000
102,8.7490000000,right_hand,9,0.4274486899,0.5415219665,-0.0284198411,1.0000000000
103,8.8350000000,right_hand,9,0.4329663515,0.5447804332,-0.0296629537,1.0000000000
104,8.9210000000,right_hand,9,0.4410232008,0.5370590091,-0.0310332775,1.0000000000
105,9.0060000000,right_hand,9,0.4422420859,0.5330275297,-0.0280204788,1.0000000000
106,9.0920000000,right_hand,9,0.4393163621,0.5316054821,-0.0308685414,1.0000000000
107,9.1780000000,right_hand,9,0.4360105693,0.5306507945,-0.0319181606,1.0000000000
108,9.2640000000,right_hand,9,0.4325428903,0.5324843526,-0.0317550413,1.0000000000
109,9.3490000000,right_hand,9,0.4270699620,0.5255650878,-0.0308095347,1.0000000000
110,9.4350000000,right_hand,9,0.4172571301,0.5225111842,-0.0292994343,1.0000000000
111,9.5210000000,right_hand,9,0.4089652002,0.5207421780,-0.0190149397,1.0000000000
112,9.6070000000,right_hand,9,0.3982947469,0.5196778774,-0.0376488455,1.0000000000
113,9.6930000000,right_hand,9,0.3953261971,0.5288536549,-0.0408958048,1.0000000000
114,9.7780000000,right_hand,9,0.3975119293,0.5283206701,-0.0360960215,1.0000000000
115,9.8640000000,right_hand,9,0.3984463811,0.5346878171,-0.0343209207,1.0000000000
116,9.9500000000,right_hand,9,0.3975939751,0.5360755324,-0.0304321125,1.0000000000
117,10.0360000000,right_hand,9,0.3995932639,0.5316922665,-0.0228734612,1.0000000000
118,10.1210000000,right_hand,9,0.3974680007,0.5339676738,-0.0331023782,1.0000000000
119,10.2070000000,right_hand,9,0.3990009427,0.5393398404,-0.0362327211,1.0000000000
120,10.2930000000,right_hand,9,0.3985398710,0.5302007794,-0.0335059762,1.0000000000
121,10.3790000000,right_hand,9,0.4041714668,0.5305950642,-0.0380366221,1.0000000000
122,10.4640000000,right_hand,9,0.4198995233,0.5220141411,-0.0320792496,1.0000000000
123,10.5500000000,right_hand,9,0.4213027656,0.5276061296,-0.0272000264,1.0000000000
124,10.6360000000,right_hand,9,0.4268764853,0.5263627172,-0.0263553783,1.0000000000
125,10.7220000000,right_hand,9,0.4279123843,0.5355468988,-0.0286658965,1.0000000000
126,10.8080000000,right_hand,9,0.4301964343,0.5412924886,-0.0230267700,1.0000000000
127,10.8930000000,right_hand,9,0.4337358177,0.5445889235,-0.0273045767,1.0000000000
128,10.9790000000,right_hand,9,0.4349411651,0.5435049683,-0.0282549411,1.0000000000
129,11.0650000000,right_hand,9,0.4361465126,0.5424210131,-0.0292053055,1.0000000000
130,11.1510000000,right_hand,9,0.4373518601,0.5413370579,-0.0301556699,1.0000000000
131,11.2360000000,right_hand,9,0.4385572076,0.5402531028,-0.0311060343,1.0000000000
132,11.3220000000,right_hand,9,0.4343578815,0.5374919176,-0.0302888379,1.0000000000
133,11.4080000000,right_hand,9,0.3931608796,0.5842782259,-0.0091992002,1.0000000000
134,11.4940000000,right_hand,9,0.3960187584,0.5833912194,-0.0103370086,1.0000000000
135,11.5800000000,right_hand,9,0.3988766372,0.5825042129,-0.0114748171,1.0000000000
136,11.6650000000,right_hand,9,0.3908917904,0.5636040568,-0.0148748849,1.0000000000
137,11.7510000000,right_hand,9,0.3972847462,0.5482105613,-0.0178044848,1.0000000000
138,11.8370000000,right_hand,9,0.3983699977,0.5291858315,-0.0297997054,1.0000000000
139,11.9230000000,right_hand,9,0.4016864896,0.5210563540,-0.0375146233,1.0000000000
59,5.0610000000,right_hand,10,0.5800496936,0.5207408667,-0.0614752844,1.0000000000
60,5.1460000000,right_hand,10,0.4651750922,0.5446922183,-0.0384173952,1.0000000000
61,5.2320000000,right_hand,10,0.4648790956,0.5452799797,-0.0371958092,1.0000000000
62,5.3180000000,right_hand,10,0.4630726278,0.5479506850,-0.0363475531,1.0000000000
63,5.4040000000,right_hand,10,0.4629063904,0.5466156006,-0.0312584899,1.0000000000
64,5.4900000000,right_hand,10,0.4601889849,0.5393343568,-0.0296910051,1.0000000000
65,5.5750000000,right_hand,10,0.4532204568,0.5441000462,-0.0338271111,1.0000000000
66,5.6610000000,right_hand,10,0.4368166924,0.5346850753,-0.0311356913,1.0000000000
67,5.7470000000,right_hand,10,0.4308961034,0.5390534401,-0.0346799269,1.0000000000
68,5.8330000000,right_hand,10,0.4224776626,0.5339865088,-0.0305251032,1.0000000000
69,5.9180000000,right_hand,10,0.4200419486,0.5370003581,-0.0160319023,1.0000000000
70,6.0040000000,right_hand,10,0.4187578410,0.5272779167,-0.0200891998,1.0000000000
71,6.0900000000,right_hand,10,0.4174737334,0.5175554752,-0.0241464972,1.0000000000
72,6.1760000000,right_hand,10,0.4121237993,0.5264447331,-0.0347694643,1.0000000000
73,6.2620000000,right_hand,10,0.4159886539,0.5307654738,-0.0577822365,1.0000000000
74,6.3470000000,right_hand,10,0.4193175733,0.5273558497,-0.0492939986,1.0000000000
75,6.4330000000,right_hand,10,0.4278013110,0.5289841294,-0.0454831943,1.0000000000
76,6.5190000000,right_hand,10,0.4329703450,0.5234230161,-0.0447950661,1.0000000000
77,6.6050000000,right_hand,10,0.4413460791,0.5291365981,-0.0467367657,1.0000000000
78,6.6900000000,right_hand,10,0.4540542364,0.5341655612,-0.0347704552,1.0000000000
79,6.7760000000,right_hand,10,0.4562028944,0.5282943249,-0.0351183191,1.0000000000
80,6.8620000000,right_hand,10,0.4593266249,0.5323916674,-0.0380668268,1.0000000000
81,6.9480000000,right_hand,10,0.4608114958,0.5317766070,-0.0345519893,1.0000000000
82,7.0340000000,right_hand,10,0.4623378217,0.5261389613,-0.0426962040,1.0000000000
83,7.1190000000,right_hand,10,0.4640815258,0.5250677466,-0.0495096892,1.0000000000
84,7.2050000000,right_hand,10,0.4658665359,0.5246589780,-0.0474721491,1.0000000000
85,7.2910000000,right_hand,10,0.4669268429,0.5239566565,-0.0487540588,1.0000000000
86,7.3770000000,right_hand,10,0.4709677994,0.5251254439,-0.0457852297,1.0000000000
87,7.4620000000,right_hand,10,0.4717491567,0.5233697295,-0.0497054569,1.0000000000
88,7.5480000000,right_hand,10,0.4734039605,0.5229243040,-0.0486010127,1.0000000000
89,7.6340000000,right_hand,10,0.4687063098,0.5247125626,-0.0540827438,1.0000000000
90,7.7200000000,right_hand,10,0.4651417136,0.5186985731,-0.0464598574,1.0000000000
91,7.8050000000,right_hand,10,0.4519914091,0.5184634924,-0.0467920341,1.0000000000
92,7.8910000000,right_hand,10,0.4436390102,0.5236466527,-0.0486687608,1.0000000000
93,7.9770000000,right_hand,10,0.4369721413,0.5252677202,-0.0484416485,1.0000000000
94,8.0630000000,right_hand,10,0.4333167672,0.5257269144,-0.0501861833,1.0000000000
95,8.1490000000,right_hand,10,0.4328254461,0.5216999054,-0.0469968840,1.0000000000
96,8.2340000000,right_hand,10,0.4317328632,0.5235795975,-0.0556593984,1.0000000000
97,8.3200000000,right_hand,10,0.4332538843,0.5230058432,-0.0478883795,1.0000000000
98,8.4060000000,right_hand,10,0.4365680218,0.5230376720,-0.0511070453,1.0000000000
99,8.4920000000,right_hand,10,0.4401744604,0.5229029059,-0.0476723798,1.0000000000
100,8.5770000000,right_hand,10,0.4451982379,0.5215135217,-0.0417094640,1.0000000000
101,8.6630000000,right_hand,10,0.4551749825,0.5312553644,-0.0393988639,1.0000000000
102,8.7490000000,right_hand,10,0.4628252983,0.5373420715,-0.0389100425,1.0000000000
103,8.8350000000,right_hand,10,0.4701279700,0.5428144932,-0.0408329703,1.0000000000
104,8.9210000000,right_hand,10,0.4784926772,0.5380319953,-0.0411573723,1.0000000000
105,9.0060000000,right_hand,10,0.4801314771,0.5311086774,-0.0388388820,1.0000000000
106,9.0920000000,right_hand,10,0.4756362438,0.5274347663,-0.0440485589,1.0000000000
107,9.1780000000,right_hand,10,0.4744676650,0.5275591612,-0.0449940972,1.0000000000
108,9.2640000000,right_hand,10,0.4707762301,0.5281809568,-0.0442960635,1.0000000000
109,9.3490000000,right_hand,10,0.4640881717,0.5270220041,-0.0437387340,1.0000000000
110,9.4350000000,right_hand,10,0.4531182647,0.5243484974,-0.0434583612,1.0000000000
111,9.5210000000,right_hand,10,0.4416654706,0.5242534876,-0.0302867815,1.0000000000
112,9.6070000000,right_hand,10,0.4336885214,0.5217168331,-0.0521447323,1.0000000000
113,9.6930000000,right_hand,10,0.4291883111,0.5234684944,-0.0580048747,1.0000000000
114,9.7780000000,right_hand,10,0.4300480187,0.5264106393,-0.0532606654,1.0000000000
115,9.8640000000,right_hand,10,0.4301786423,0.5298717022,-0.0492797084,1.0000000000
116,9.9500000000,right_hand,10,0.4306145012,0.5318138599,-0.0429978892,1.0000000000
117,10.0360000000,right_hand,10,0.4309971631,0.5288152695,-0.0292996112,1.0000000000
118,10.1210000000,right_hand,10,0.4309863448,0.5295962095,-0.0456001759,1.0000000000
119,10.2070000000,right_hand,10,0.4320215583,0.5345503092,-0.0501531102,1.0000000000
120,10.2930000000,right_hand,10,0.4313696921,0.5264064074,-0.0494614616,1.0000000000
121,10.3790000000,right_hand,10,0.4384333491,0.5270166397,-0.0570601709,1.0000000000
122,10.4640000000,right_hand,10,0.4510765076,0.5253514051,-0.0474163666,1.0000000000
123,10.5500000000,right_hand,10,0.4547629952,0.5286433697,-0.0378305614,1.0000000000
124,10.6360000000,right_hand,10,0.4599894583,0.5238844156,-0.0365132056,1.0000000000
125,10.7220000000,right_hand,10,0.4601521790,0.5331419706,-0.0401475020,1.0000000000
126,10.8080000000,right_hand,10,0.4622028172,0.5369247794,-0.0325466655,1.0000000000
127,10.8930000000,right_hand,10,0.4641891420,0.5397980213,-0.0382161252,1.0000000000
128,10.9790000000,right_hand,10,0.4660272300,0.5388784409,-0.0396188861,1.0000000000
129,11.0650000000,right_hand,10,0.4678653181,0.5379588604,-0.0410216469,1.0000000000
130,11.1510000000,right_hand,10,0.4697034061,0.5370392799,-0.0424244078,1.0000000000
131,11.2360000000,right_hand,10,0.4715414941,0.5361196995,-0.0438271686,1.0000000000
132,11.3220000000,right_hand,10,0.4668741822,0.5321004391,-0.0436386429,1.0000000000
133,11.4080000000,right_hand,10,0.4270730019,0.5725221038,-0.0157742947,1.0000000000
134,11.4940000000,right_hand,10,0.4285168648,0.5698686838,-0.0187353427,1.0000000000
135,11.5800000000,right_hand,10,0.4299607277,0.5672152638,-0.0216963906,1.0000000000
136,11.6650000000,right_hand,10,0.4257031977,0.5491956472,-0.0252304878,1.0000000000
137,11.7510000000,right_hand,10,0.4271413982,0.5310546160,-0.0279584453,1.0000000000
138,11.8370000000,right_hand,10,0.4298748970,0.5158846974,-0.0441844575,1.0000000000
139,11.9230000000,right_hand,10,0.4347516596,0.5178919435,-0.0534170121,1.0000000000
59,5.0610000000,right_hand,11,0.5554984212,0.5312062502,-0.0673421621,1.0000000000
60,5.1460000000,right_hand,11,0.4863302708,0.5433347225,-0.0423981473,1.0000000000
61,5.2320000000,right_hand,11,0.4852083623,0.5468270779,-0.0383229181,1.0000000000
62,5.3180000000,right_hand,11,0.4834401906,0.5504314899,-0.0402023755,1.0000000000
63,5.4040000000,right_hand,11,0.4823298156,0.5461272597,-0.0335048735,1.0000000000
64,5.4900000000,right_hand,11,0.4800601602,0.5393904448,-0.0317072086,1.0000000000
65,5.5750000000,right_hand,11,0.4730679393,0.5438141823,-0.0370382667,1.0000000000
66,5.6610000000,right_hand,11,0.4574795365,0.5371383429,-0.0328171439,1.0000000000
67,5.7470000000,right_hand,11,0.4507310987,0.5404441357,-0.0371084809,1.0000000000
68,5.8330000000,right_hand,11,0.4350444078,0.5414218307,-0.0297634546,1.0000000000
69,5.9180000000,right_hand,11,0.4262269437,0.5421800613,-0.0105716567,1.0000000000
70,6.0040000000,right_hand,11,0.4283616096,0.5388070643,-0.0169257401,1.0000000000
71,6.0900000000,right_hand,11,0.4304962754,0.5354340672,-0.0232798234,1.0000000000
72,6.1760000000,right_hand,11,0.4294540882,0.5346924067,-0.0352767780,1.0000000000
73,6.2620000000,right_hand,11,0.4386582673,0.5318981409,-0.0632065982,1.0000000000
74,6.3470000000,right_hand,11,0.4393281639,0.5284669995,-0.0523579270,1.0000000000
75,6.4330000000,right_hand,11,0.4490286112,0.5333602428,-0.0489254221,1.0000000000
76,6.5190000000,right_hand,11,0.4554943442,0.5262396336,-0.0496904813,1.0000000000
77,6.6050000000,right_hand,11,0.4641757309,0.5324018598,-0.0520071164,1.0000000000
78,6.6900000000,right_hand,11,0.4726397693,0.5334433913,-0.0379847810,1.0000000000
79,6.7760000000,right_hand,11,0.4748787582,0.5302020907,-0.0376474634,1.0000000000
80,6.8620000000,right_hand,11,0.4794366062,0.5339173079,-0.0429295488,1.0000000000
81,6.9480000000,right_hand,11,0.4797612429,0.5338490009,-0.0383153223,1.0000000000
82,7.0340000000,right_hand,11,0.4833762646,0.5306845903,-0.0476634391,1.0000000000
83,7.1190000000,right_hand,11,0.4864208698,0.5291484594,-0.0542877540,1.0000000000
84,7.2050000000,right_hand,11,0.4879545569,0.5291754603,-0.0512942076,1.0000000000
85,7.2910000000,right_hand,11,0.4893146753,0.5287401080,-0.0533898696,1.0000000000
86,7.3770000000,right_hand,11,0.4924253821,0.5304967761,-0.0500704423,1.0000000000
87,7.4620000000,right_hand,11,0.4941908717,0.5261268020,-0.0551223308,1.0000000000
88,7.5480000000,right_hand,11,0.4954850674,0.5258160830,-0.0527196191,1.0000000000
89,7.6340000000,right_hand,11,0.4917661250,0.5264392495,-0.0595819056,1.0000000000
90,7.7200000000,right_hand,11,0.4863106012,0.5237419009,-0.0503074229,1.0000000000
91,7.8050000000,right_hand,11,0.4741250575,0.5183606148,-0.0516831242,1.0000000000
92,7.8910000000,right_hand,11,0.4668392241,0.5212242007,-0.0550358854,1.0000000000
93,7.9770000000,right_hand,11,0.4616099596,0.5227252245,-0.0526097193,1.0000000000
94,8.0630000000,right_hand,11,0.4588917494,0.5231934786,-0.0535737425,1.0000000000
95,8.1490000000,right_hand,11,0.4577485621,0.5228084326,-0.0514320768,1.0000000000
96,8.2340000000,right_hand,11,0.4581855536,0.5229337215,-0.0605183840,1.0000000000
97,8.3200000000,right_hand,11,0.4587576687,0.5241517425,-0.0527645908,1.0000000000
98,8.4060000000,right_hand,11,0.4610939622,0.5231400132,-0.0550600514,1.0000000000
99,8.4920000000,right_hand,11,0.4636348486,0.5228745937,-0.0513504632,1.0000000000
100,8.5770000000,right_hand,11,0.4690567553,0.5206506848,-0.0461730324,1.0000000000
101,8.6630000000,right_hand,11,0.4759502411,0.5315089822,-0.0440137386,1.0000000000
102,8.7490000000,right_hand,11,0.4851363897,0.5352197289,-0.0428718030,1.0000000000
103,8.8350000000,right_hand,11,0.4923526347,0.5439109206,-0.0445665270,1.0000000000
104,8.9210000000,right_hand,11,0.5003751516,0.5414736271,-0.0442507938,1.0000000000
105,9.0060000000,right_hand,11,0.5003257394,0.5329272151,-0.0418993607,1.0000000000
106,9.0920000000,right_hand,11,0.4973810315,0.5298848152,-0.0490221232,1.0000000000
107,9.1780000000,right_hand,11,0.4963525534,0.5308002830,-0.0496039540,1.0000000000
108,9.2640000000,right_hand,11,0.4923240244,0.5303349495,-0.0477162115,1.0000000000
109,9.3490000000,right_hand,11,0.4857034385,0.5314989090,-0.0484730601,1.0000000000
110,9.4350000000,right_hand,11,0.4742809236,0.5286021233,-0.0485865735,1.0000000000
111,9.5210000000,right_hand,11,0.4617845416,0.5313556790,-0.0355761871,1.0000000000
112,9.6070000000,right_hand,11,0.4551698864,0.5271811485,-0.0556374565,1.0000000000
113,9.6930000000,right_hand,11,0.4511057734,0.5241197348,-0.0624480657,1.0000000000
114,9.7780000000,right_hand,11,0.4492262900,0.5316789150,-0.0578668378,1.0000000000
115,9.8640000000,right_hand,11,0.4485963583,0.5321366787,-0.0527267829,1.0000000000
116,9.9500000000,right_hand,11,0.4489473999,0.5324337482,-0.0459084064,1.0000000000
117,10.0360000000,right_hand,11,0.4482976794,0.5288842320,-0.0305185840,1.0000000000
118,10.1210000000,right_hand,11,0.4498082995,0.5320227146,-0.0482625142,1.0000000000
119,10.2070000000,right_hand,11,0.4508238733,0.5364476442,-0.0531984158,1.0000000000
120,10.2930000000,right_hand,11,0.4538582265,0.5290068984,-0.0551602729,1.0000000000
121,10.3790000000,right_hand,11,0.4609732032,0.5290391445,-0.0654029399,1.0000000000
122,10.4640000000,right_hand,11,0.4710848927,0.5286781788,-0.0532208942,1.0000000000
123,10.5500000000,right_hand,11,0.4762077630,0.5299578905,-0.0425590426,1.0000000000
124,10.6360000000,right_hand,11,0.4795001149,0.5263962150,-0.0400728025,1.0000000000
125,10.7220000000,right_hand,11,0.4791301787,0.5342015624,-0.0432386883,1.0000000000
126,10.8080000000,right_hand,11,0.4817866683,0.5362483859,-0.0361823253,1.0000000000
127,10.8930000000,right_hand,11,0.4824834168,0.5387154818,-0.0413824990,1.0000000000
128,10.9790000000,right_hand,11,0.4850839227,0.5377546102,-0.0430914974,1.0000000000
129,11.0650000000,right_hand,11,0.4876844287,0.5367937386,-0.0448004957,1.0000000000
130,11.1510000000,right_hand,11,0.4902849346,0.5358328670,-0.0465094941,1.0000000000
131,11.2360000000,right_hand,11,0.4928854406,0.5348719954,-0.0482184924,1.0000000000
132,11.3220000000,right_hand,11,0.4880657792,0.5320675373,-0.0496026278,1.0000000000
133,11.4080000000,right_hand,11,0.4498455226,0.5748031735,-0.0186568201,1.0000000000
134,11.4940000000,right_hand,11,0.4506977797,0.5702489316,-0.0229815505,1.0000000000
135,11.5800000000,right_hand,11,0.4515500367,0.5656946898,-0.0273062810,1.0000000000
136,11.6650000000,right_hand,11,0.4468712211,0.5441158414,-0.0315947272,1.0000000000
137,11.7510000000,right_hand,11,0.4466791749,0.5201373696,-0.0343896300,1.0000000000
138,11.8370000000,right_hand,11,0.4518165886,0.5117124915,-0.0507728420,1.0000000000
139,11.9230000000,right_hand,11,0.4588807225,0.5167952776,-0.0583645664,1.0000000000
59,5.0610000000,right_hand,12,0.5376368761,0.5417295098,-0.0713995099,1.0000000000
60,5.1460000000,right_hand,12,0.5018993616,0.5437612534,-0.0447061732,1.0000000000
61,5.2320000000,right_hand,12,0.4994331598,0.5485768318,-0.0386877470,1.0000000000
62,5.3180000000,right_hand,12,0.4988223016,0.5532081723,-0.0424555764,1.0000000000
63,5.4040000000,right_hand,12,0.4960904121,0.5451899767,-0.0347923040,1.0000000000
64,5.4900000000,right_hand,12,0.4948081672,0.5395529270,-0.0328847654,1.0000000000
65,5.5750000000,right_hand,12,0.4877153933,0.5435145497,-0.0389023460,1.0000000000
66,5.6610000000,right_hand,12,0.4726211131,0.5404626727,-0.0339182168,1.0000000000
67,5.7470000000,right_hand,12,0.4657779038,0.5407986045,-0.0387006849,1.0000000000
68,5.8330000000,right_hand,12,0.4414408207,0.5453299880,-0.0292543396,1.0000000000
69,5.9180000000,right_hand,12,0.4261622429,0.5460234880,-0.0061173830,1.0000000000
70,6.0040000000,right_hand,12,0.4318799078,0.5464290679,-0.0149559975,1.0000000000
71,6.0900000000,right_hand,12,0.4375975728,0.5468346477,-0.0237946119,1.0000000000
72,6.1760000000,right_hand,12,0.4384903908,0.5418413281,-0.0363320634,1.0000000000
73,6.2620000000,right_hand,12,0.4547199309,0.5363385081,-0.0664842352,1.0000000000
74,6.3470000000,right_hand,12,0.4536148012,0.5327008367,-0.0535315275,1.0000000000
75,6.4330000000,right_hand,12,0.4642176628,0.5368312597,-0.0510422327,1.0000000000
76,6.5190000000,right_hand,12,0.4719457626,0.5290902257,-0.0530761294,1.0000000000
77,6.6050000000,right_hand,12,0.4812525809,0.5336521268,-0.0553260632,1.0000000000
78,6.6900000000,right_hand,12,0.4864962101,0.5314862728,-0.0399291366,1.0000000000
79,6.7760000000,right_hand,12,0.4883081913,0.5318428874,-0.0394061394,1.0000000000
80,6.8620000000,right_hand,12,0.4947063327,0.5359724760,-0.0462263934,1.0000000000
81,6.9480000000,right_hand,12,0.4940540791,0.5350996852,-0.0404748023,1.0000000000
82,7.0340000000,right_hand,12,0.4987540841,0.5345002413,-0.0509695224,1.0000000000
83,7.1190000000,right_hand,12,0.5012660623,0.5331137776,-0.0574758090,1.0000000000
84,7.2050000000,right_hand,12,0.5030557513,0.5332622528,-0.0541577227,1.0000000000
85,7.2910000000,right_hand,12,0.5050490499,0.5332140326,-0.0566033237,1.0000000000
86,7.3770000000,right_hand,12,0.5066896677,0.5346336961,-0.0529630184,1.0000000000
87,7.4620000000,right_hand,12,0.5098738074,0.5284436345,-0.0587658696,1.0000000000
88,7.5480000000,right_hand,12,0.5102595091,0.5274869800,-0.0552399009,1.0000000000
89,7.6340000000,right_hand,12,0.5081319809,0.5277154446,-0.0631989241,1.0000000000
90,7.7200000000,right_hand,12,0.5009346008,0.5270214081,-0.0530048497,1.0000000000
91,7.8050000000,right_hand,12,0.4899257720,0.5193182230,-0.0551067814,1.0000000000
92,7.8910000000,right_hand,12,0.4844186306,0.5192725062,-0.0596998520,1.0000000000
93,7.9770000000,right_hand,12,0.4792617857,0.5211947560,-0.0557891466,1.0000000000
94,8.0630000000,right_hand,12,0.4767070413,0.5225524306,-0.0559641272,1.0000000000
95,8.1490000000,right_hand,12,0.4767339230,0.5250747800,-0.0545078442,1.0000000000
96,8.2340000000,right_hand,12,0.4771489501,0.5244724154,-0.0638553053,1.0000000000
97,8.3200000000,right_hand,12,0.4782628119,0.5264930725,-0.0561593436,1.0000000000
98,8.4060000000,right_hand,12,0.4788100421,0.5246998668,-0.0578409731,1.0000000000
99,8.4920000000,right_hand,12,0.4807088673,0.5242372751,-0.0540573411,1.0000000000
100,8.5770000000,right_hand,12,0.4861953855,0.5211811066,-0.0494569018,1.0000000000
101,8.6630000000,right_hand,12,0.4921016097,0.5315762162,-0.0474688634,1.0000000000
102,8.7490000000,right_hand,12,0.5017076135,0.5335814953,-0.0457201116,1.0000000000
103,8.8350000000,right_hand,12,0.5083757639,0.5445227027,-0.0467817672,1.0000000000
104,8.9210000000,right_hand,12,0.5157256126,0.5443090200,-0.0464157313,1.0000000000
105,9.0060000000,right_hand,12,0.5140819550,0.5332339406,-0.0435539000,1.0000000000
106,9.0920000000,right_hand,12,0.5131597519,0.5320826173,-0.0522567630,1.0000000000
107,9.1780000000,right_hand,12,0.5114748478,0.5324799418,-0.0526924841,1.0000000000
108,9.2640000000,right_hand,12,0.5065041780,0.5316445231,-0.0498041883,1.0000000000
109,9.3490000000,right_hand,12,0.5013548136,0.5350959301,-0.0520255268,1.0000000000
110,9.4350000000,right_hand,12,0.4898681045,0.5321882367,-0.0520551391,1.0000000000
111,9.5210000000,right_hand,12,0.4783817232,0.5356481075,-0.0395239890,1.0000000000
112,9.6070000000,right_hand,12,0.4711200595,0.5304843187,-0.0583702028,1.0000000000
113,9.6930000000,right_hand,12,0.4669539332,0.5245020390,-0.0651614890,1.0000000000
114,9.7780000000,right_hand,12,0.4630113244,0.5341804624,-0.0602005087,1.0000000000
115,9.8640000000,right_hand,12,0.4619844556,0.5333945751,-0.0545018539,1.0000000000
116,9.9500000000,right_hand,12,0.4620234370,0.5324791670,-0.0473566242,1.0000000000
117,10.0360000000,right_hand,12,0.4605650604,0.5287916064,-0.0317073725,1.0000000000
118,10.1210000000,right_hand,12,0.4634376466,0.5336311460,-0.0496912785,1.0000000000
119,10.2070000000,right_hand,12,0.4646779001,0.5378521085,-0.0549864061,1.0000000000
120,10.2930000000,right_hand,12,0.4709858000,0.5319950581,-0.0582843944,1.0000000000
121,10.3790000000,right_hand,12,0.4785044193,0.5311891437,-0.0710437968,1.0000000000
122,10.4640000000,right_hand,12,0.4861973226,0.5319783092,-0.0569848120,1.0000000000
123,10.5500000000,right_hand,12,0.4912403524,0.5311304927,-0.0460004248,1.0000000000
124,10.6360000000,right_hand,12,0.4936127365,0.5286218524,-0.0428808928,1.0000000000
125,10.7220000000,right_hand,12,0.4931500852,0.5346418023,-0.0454008020,1.0000000000
126,10.8080000000,right_hand,12,0.4966691136,0.5351070762,-0.0389379375,1.0000000000
127,10.8930000000,right_hand,12,0.4958133101,0.5377828479,-0.0436315462,1.0000000000
128,10.9790000000,right_hand,12,0.4990551472,0.5367929488,-0.0454346668,1.0000000000
129,11.0650000000,right_hand,12,0.5022969842,0.5358030498,-0.0472377874,1.0000000000
130,11.1510000000,right_hand,12,0.5055388212,0.5348131508,-0.0490409080,1.0000000000
131,11.2360000000,right_hand,12,0.5087806582,0.5338232517,-0.0508440286,1.0000000000
132,11.3220000000,right_hand,12,0.5035178661,0.5319380760,-0.0536818393,1.0000000000
133,11.4080000000,right_hand,12,0.4669006169,0.5772510767,-0.0210244376,1.0000000000
134,11.4940000000,right_hand,12,0.4678407758,0.5710216761,-0.0259738583,1.0000000000
135,11.5800000000,right_hand,12,0.4687809348,0.5647922754,-0.0309232790,1.0000000000
136,11.6650000000,right_hand,12,0.4643633366,0.5421794653,-0.0361320451,1.0000000000
137,11.7510000000,right_hand,12,0.4632937014,0.5138150454,-0.0391652063,1.0000000000
138,11.8370000000,right_hand,12,0.4682663381,0.5116038918,-0.0552169904,1.0000000000
139,11.9230000000,right_hand,12,0.4769295752,0.5183559656,-0.0619745143,1.0000000000
59,5.0610000000,right_hand,13,0.6076679230,0.4989704490,-0.0444199592,1.0000000000
60,5.1460000000,right_hand,13,0.4306103289,0.5724510550,-0.0307362899,1.0000000000
61,5.2320000000,right_hand,13,0.4283806682,0.5261323452,-0.0254183821,1.0000000000
62,5.3180000000,right_hand,13,0.4299546778,0.5706033111,-0.0296253283,1.0000000000
63,5.4040000000,right_hand,13,0.4289357960,0.5738310814,-0.0255039930,1.0000000000
64,5.4900000000,right_hand,13,0.4279994369,0.5665151477,-0.0248784218,1.0000000000
65,5.5750000000,right_hand,13,0.4202408493,0.5663495064,-0.0265845060,1.0000000000
66,5.6610000000,right_hand,13,0.4050746262,0.5582948923,-0.0253236275,1.0000000000
67,5.7470000000,right_hand,13,0.3963820934,0.5632020235,-0.0285155121,1.0000000000
68,5.8330000000,right_hand,13,0.3930193782,0.5588226318,-0.0272602029,1.0000000000
69,5.9180000000,right_hand,13,0.3930235505,0.5633624196,-0.0168826003,1.0000000000
70,6.0040000000,right_hand,13,0.3889978826,0.5501801968,-0.0198309598,1.0000000000
71,6.0900000000,right_hand,13,0.3849722147,0.5369979739,-0.0227793194,1.0000000000
72,6.1760000000,right_hand,13,0.3822238743,0.5564560890,-0.0310057532,1.0000000000
73,6.2620000000,right_hand,13,0.3807255626,0.5663671494,-0.0445051789,1.0000000000
74,6.3470000000,right_hand,13,0.3869597018,0.5670068264,-0.0391792543,1.0000000000
75,6.4330000000,right_hand,13,0.3935997188,0.5617154837,-0.0369032808,1.0000000000
76,6.5190000000,right_hand,13,0.3998506665,0.5544584394,-0.0359220318,1.0000000000
77,6.6050000000,right_hand,13,0.4074271917,0.5570494533,-0.0355759002,1.0000000000
78,6.6900000000,right_hand,13,0.4215874672,0.5617880821,-0.0270014144,1.0000000000
79,6.7760000000,right_hand,13,0.4240745902,0.5573300123,-0.0289344974,1.0000000000
80,6.8620000000,right_hand,13,0.4268491864,0.5577055216,-0.0299974345,1.0000000000
81,6.9480000000,right_hand,13,0.4279873967,0.5570212007,-0.0272888727,1.0000000000
82,7.0340000000,right_hand,13,0.4296234548,0.5552197099,-0.0325404368,1.0000000000
83,7.1190000000,right_hand,13,0.4274937809,0.5544718504,-0.0374112055,1.0000000000
84,7.2050000000,right_hand,13,0.4299277365,0.5535886288,-0.0369690135,1.0000000000
85,7.2910000000,right_hand,13,0.4303788245,0.5517849326,-0.0376666449,1.0000000000
86,7.3770000000,right_hand,13,0.4346899986,0.5530195832,-0.0353466645,1.0000000000
87,7.4620000000,right_hand,13,0.4365851283,0.5564589500,-0.0378552154,1.0000000000
88,7.5480000000,right_hand,13,0.4365382195,0.5564438105,-0.0383335836,1.0000000000
89,7.6340000000,right_hand,13,0.4339485765,0.5583850741,-0.0414717421,1.0000000000
90,7.7200000000,right_hand,13,0.4300872982,0.5468016863,-0.0364696942,1.0000000000
91,7.8050000000,right_hand,13,0.4200299382,0.5506517887,-0.0346066952,1.0000000000
92,7.8910000000,right_hand,13,0.4125850797,0.5550606847,-0.0345039107,1.0000000000
93,7.9770000000,right_hand,13,0.4038854539,0.5554893017,-0.0357073992,1.0000000000
94,8.0630000000,right_hand,13,0.3977513611,0.5578023791,-0.0375786088,1.0000000000
95,8.1490000000,right_hand,13,0.3993142247,0.5522558093,-0.0353942104,1.0000000000
96,8.2340000000,right_hand,13,0.3958534300,0.5571807623,-0.0413012877,1.0000000000
97,8.3200000000,right_hand,13,0.4003829658,0.5537931919,-0.0355068408,1.0000000000
98,8.4060000000,right_hand,13,0.4029772878,0.5543857217,-0.0384812430,1.0000000000
99,8.4920000000,right_hand,13,0.4077572823,0.5551337600,-0.0360533632,1.0000000000
100,8.5770000000,right_hand,13,0.4099984765,0.5529588461,-0.0305498205,1.0000000000
101,8.6630000000,right_hand,13,0.4195502698,0.5555559993,-0.0315447487,1.0000000000
102,8.7490000000,right_hand,13,0.4274484515,0.5680461526,-0.0309181437,1.0000000000
103,8.8350000000,right_hand,13,0.4319492579,0.5707503557,-0.0326563232,1.0000000000
104,8.9210000000,right_hand,13,0.4416472614,0.5634866953,-0.0314486809,1.0000000000
105,9.0060000000,right_hand,13,0.4420751631,0.5616061687,-0.0305128228,1.0000000000
106,9.0920000000,right_hand,13,0.4384198785,0.5594329834,-0.0346734896,1.0000000000
107,9.1780000000,right_hand,13,0.4347799718,0.5591650009,-0.0357800648,1.0000000000
108,9.2640000000,right_hand,13,0.4314502478,0.5611912608,-0.0356301144,1.0000000000
109,9.3490000000,right_hand,13,0.4269772172,0.5545085073,-0.0345344506,1.0000000000
110,9.4350000000,right_hand,13,0.4178000689,0.5498045683,-0.0329620503,1.0000000000
111,9.5210000000,right_hand,13,0.4074989259,0.5388092995,-0.0228148475,1.0000000000
112,9.6070000000,right_hand,13,0.3977178037,0.5466342568,-0.0412825532,1.0000000000
113,9.6930000000,right_hand,13,0.3964066505,0.5570528507,-0.0436122008,1.0000000000
114,9.7780000000,right_hand,13,0.3964653611,0.5533168912,-0.0385323018,1.0000000000
115,9.8640000000,right_hand,13,0.3975667953,0.5574893355,-0.0361060500,1.0000000000
116,9.9500000000,right_hand,13,0.3970166445,0.5596504807,-0.0326504409,1.0000000000
117,10.0360000000,right_hand,13,0.4003621340,0.5544372797,-0.0241001323,1.0000000000
118,10.1210000000,right_hand,13,0.3965676427,0.5584992766,-0.0353468508,1.0000000000
119,10.2070000000,right_hand,13,0.3992488384,0.5644892454,-0.0368224457,1.0000000000
120,10.2930000000,right_hand,13,0.3987315893,0.5575011969,-0.0358326994,1.0000000000
121,10.3790000000,right_hand,13,0.4026663899,0.5565469861,-0.0423807427,1.0000000000
122,10.4640000000,right_hand,13,0.4186287522,0.5508328080,-0.0358747356,1.0000000000
123,10.5500000000,right_hand,13,0.4226914942,0.5579231977,-0.0285535324,1.0000000000
124,10.6360000000,right_hand,13,0.4268069863,0.5521101356,-0.0293307621,1.0000000000
125,10.7220000000,right_hand,13,0.4283216000,0.5614601970,-0.0316203982,1.0000000000
126,10.8080000000,right_hand,13,0.4304647148,0.5608088970,-0.0266555697,1.0000000000
127,10.8930000000,right_hand,13,0.4349023104,0.5674057603,-0.0311815720,1.0000000000
128,10.9790000000,right_hand,13,0.4360028431,0.5664955378,-0.0320172044,1.0000000000
129,11.0650000000,right_hand,13,0.4371033758,0.5655853152,-0.0328528369,1.0000000000
130,11.1510000000,right_hand,13,0.4382039085,0.5646750927,-0.0336884693,1.0000000000
131,11.2360000000,right_hand,13,0.4393044412,0.5637648702,-0.0345241018,1.0000000000
132,11.3220000000,right_hand,13,0.4344886541,0.5586221218,-0.0335233621,1.0000000000
133,11.4080000000,right_hand,13,0.3967488408,0.5928559303,-0.0175383687,1.0000000000
134,11.4940000000,right_hand,13,0.3969464451,0.5924776495,-0.0180836329,1.0000000000
135,11.5800000000,right_hand,13,0.3971440494,0.5920993686,-0.0186288971,1.0000000000
136,11.6650000000,right_hand,13,0.3889241219,0.5790055394,-0.0200198218,1.0000000000
137,11.7510000000,right_hand,13,0.3960453570,0.5662076473,-0.0249851085,1.0000000000
138,11.8370000000,right_hand,13,0.3971791565,0.5565229654,-0.0368201174,1.0000000000
139,11.9230000000,right_hand,13,0.3989478350,0.5540232062,-0.0424087793,1.0000000000
59,5.0610000000,right_hand,14,0.5800272822,0.4994809628,-0.0621761605,1.0000000000
60,5.1460000000,right_hand,14,0.4633742571,0.5726209879,-0.0389222689,1.0000000000
61,5.2320000000,right_hand,14,0.4606496096,0.5222945809,-0.0317287743,1.0000000000
62,5.3180000000,right_hand,14,0.4611633420,0.5723226666,-0.0382891670,1.0000000000
63,5.4040000000,right_hand,14,0.4611961544,0.5722618103,-0.0313990153,1.0000000000
64,5.4900000000,right_hand,14,0.4596116245,0.5638415813,-0.0308660883,1.0000000000
65,5.5750000000,right_hand,14,0.4524618983,0.5653910041,-0.0340023302,1.0000000000
66,5.6610000000,right_hand,14,0.4365105629,0.5598206520,-0.0311877578,1.0000000000
67,5.7470000000,right_hand,14,0.4311544001,0.5622231960,-0.0351356901,1.0000000000
68,5.8330000000,right_hand,14,0.4213881195,0.5617727041,-0.0322992615,1.0000000000
69,5.9180000000,right_hand,14,0.4212686419,0.5608459115,-0.0179578122,1.0000000000
70,6.0040000000,right_hand,14,0.4201885909,0.5507135391,-0.0219246112,1.0000000000
71,6.0900000000,right_hand,14,0.4191085398,0.5405811667,-0.0258914102,1.0000000000
72,6.1760000000,right_hand,14,0.4136562645,0.5559518337,-0.0367574394,1.0000000000
73,6.2620000000,right_hand,14,0.4102960527,0.5627177358,-0.0590467751,1.0000000000
74,6.3470000000,right_hand,14,0.4159080982,0.5646458864,-0.0495262034,1.0000000000
75,6.4330000000,right_hand,14,0.4285510778,0.5583019257,-0.0464127511,1.0000000000
76,6.5190000000,right_hand,14,0.4322334528,0.5506984591,-0.0472159088,1.0000000000
77,6.6050000000,right_hand,14,0.4387621582,0.5583237410,-0.0468434319,1.0000000000
78,6.6900000000,right_hand,14,0.4506460130,0.5622725487,-0.0351369716,1.0000000000
79,6.7760000000,right_hand,14,0.4557136893,0.5540924072,-0.0356540754,1.0000000000
80,6.8620000000,right_hand,14,0.4576516151,0.5572735071,-0.0391521640,1.0000000000
81,6.9480000000,right_hand,14,0.4585981071,0.5600498319,-0.0353579894,1.0000000000
82,7.0340000000,right_hand,14,0.4624779224,0.5560504794,-0.0415333547,1.0000000000
83,7.1190000000,right_hand,14,0.4621537924,0.5577611923,-0.0466047190,1.0000000000
84,7.2050000000,right_hand,14,0.4649601281,0.5555819273,-0.0461891629,1.0000000000
85,7.2910000000,right_hand,14,0.4669070244,0.5544378161,-0.0479812212,1.0000000000
86,7.3770000000,right_hand,14,0.4691885412,0.5540800691,-0.0443420000,1.0000000000
87,7.4620000000,right_hand,14,0.4710968137,0.5542604327,-0.0481341630,1.0000000000
88,7.5480000000,right_hand,14,0.4728630781,0.5548137426,-0.0483213626,1.0000000000
89,7.6340000000,right_hand,14,0.4683142602,0.5589851737,-0.0548591204,1.0000000000
90,7.7200000000,right_hand,14,0.4626002908,0.5544662476,-0.0480832756,1.0000000000
91,7.8050000000,right_hand,14,0.4501496553,0.5535088181,-0.0467464253,1.0000000000
92,7.8910000000,right_hand,14,0.4401331544,0.5572483540,-0.0475107767,1.0000000000
93,7.9770000000,right_hand,14,0.4361576736,0.5601757765,-0.0473414063,1.0000000000
94,8.0630000000,right_hand,14,0.4317194819,0.5608173609,-0.0493743084,1.0000000000
95,8.1490000000,right_hand,14,0.4311807156,0.5555909872,-0.0487301908,1.0000000000
96,8.2340000000,right_hand,14,0.4303129315,0.5605547428,-0.0558860824,1.0000000000
97,8.3200000000,right_hand,14,0.4321751595,0.5566467643,-0.0489075370,1.0000000000
98,8.4060000000,right_hand,14,0.4350741506,0.5542376041,-0.0517610051,1.0000000000
99,8.4920000000,right_hand,14,0.4383115470,0.5554122925,-0.0485668890,1.0000000000
100,8.5770000000,right_hand,14,0.4433975816,0.5536394715,-0.0406469777,1.0000000000
101,8.6630000000,right_hand,14,0.4528157413,0.5616691709,-0.0415066369,1.0000000000
102,8.7490000000,right_hand,14,0.4610897303,0.5696676373,-0.0391611680,1.0000000000
103,8.8350000000,right_hand,14,0.4683584571,0.5725417733,-0.0411547087,1.0000000000
104,8.9210000000,right_hand,14,0.4767833054,0.5671134591,-0.0383208320,1.0000000000
105,9.0060000000,right_hand,14,0.4768540561,0.5634382963,-0.0373270065,1.0000000000
106,9.0920000000,right_hand,14,0.4733914733,0.5589723587,-0.0444884486,1.0000000000
107,9.1780000000,right_hand,14,0.4707399905,0.5591145158,-0.0449427627,1.0000000000
108,9.2640000000,right_hand,14,0.4680863023,0.5600244403,-0.0443994701,1.0000000000
109,9.3490000000,right_hand,14,0.4620577395,0.5569010973,-0.0442185327,1.0000000000
110,9.4350000000,right_hand,14,0.4511640668,0.5554171801,-0.0432974137,1.0000000000
111,9.5210000000,right_hand,14,0.4391652048,0.5478436351,-0.0321441367,1.0000000000
112,9.6070000000,right_hand,14,0.4324498773,0.5514647365,-0.0519734211,1.0000000000
113,9.6930000000,right_hand,14,0.4301865101,0.5556029677,-0.0565089807,1.0000000000
114,9.7780000000,right_hand,14,0.4289534390,0.5597537756,-0.0504490957,1.0000000000
115,9.8640000000,right_hand,14,0.4293156862,0.5606644154,-0.0463265181,1.0000000000
116,9.9500000000,right_hand,14,0.4287353456,0.5624008775,-0.0415008031,1.0000000000
117,10.0360000000,right_hand,14,0.4297718704,0.5564446449,-0.0286534131,1.0000000000
118,10.1210000000,right_hand,14,0.4295272529,0.5606855750,-0.0442407727,1.0000000000
119,10.2070000000,right_hand,14,0.4307703078,0.5641400814,-0.0467294119,1.0000000000
120,10.2930000000,right_hand,14,0.4314617813,0.5602765679,-0.0473171994,1.0000000000
121,10.3790000000,right_hand,14,0.4360205829,0.5591022372,-0.0567148440,1.0000000000
122,10.4640000000,right_hand,14,0.4485664964,0.5572450757,-0.0474818423,1.0000000000
123,10.5500000000,right_hand,14,0.4543108940,0.5571160316,-0.0361125991,1.0000000000
124,10.6360000000,right_hand,14,0.4596972764,0.5534289479,-0.0379342586,1.0000000000
125,10.7220000000,right_hand,14,0.4595544338,0.5625430346,-0.0400874242,1.0000000000
126,10.8080000000,right_hand,14,0.4614286423,0.5597875714,-0.0342917554,1.0000000000
127,10.8930000000,right_hand,14,0.4640123248,0.5657266378,-0.0397534296,1.0000000000
128,10.9790000000,right_hand,14,0.4659931660,0.5652405620,-0.0411308575,1.0000000000
129,11.0650000000,right_hand,14,0.4679740071,0.5647544861,-0.0425082855,1.0000000000
130,11.1510000000,right_hand,14,0.4699548483,0.5642684102,-0.0438857134,1.0000000000
131,11.2360000000,right_hand,14,0.4719356894,0.5637823343,-0.0452631414,1.0000000000
132,11.3220000000,right_hand,14,0.4662265778,0.5555183887,-0.0448898263,1.0000000000
133,11.4080000000,right_hand,14,0.4278817475,0.5790227652,-0.0228747539,1.0000000000
134,11.4940000000,right_hand,14,0.4262473881,0.5795038939,-0.0254024602,1.0000000000
135,11.5800000000,right_hand,14,0.4246130288,0.5799850225,-0.0279301666,1.0000000000
136,11.6650000000,right_hand,14,0.4223399460,0.5712257624,-0.0303605497,1.0000000000
137,11.7510000000,right_hand,14,0.4282791317,0.5588991642,-0.0338796750,1.0000000000
138,11.8370000000,right_hand,14,0.4313095212,0.5505104661,-0.0492590778,1.0000000000
139,11.9230000000,right_hand,14,0.4328241348,0.5592281818,-0.0567863584,1.0000000000
59,5.0610000000,right_hand,15,0.5565643311,0.5133987069,-0.0619266555,1.0000000000
60,5.1460000000,right_hand,15,0.4835144281,0.5721612573,-0.0412901677,1.0000000000
61,5.2320000000,right_hand,15,0.4802677035,0.5253428221,-0.0315541849,1.0000000000
62,5.3180000000,right_hand,15,0.4806250930,0.5752372146,-0.0402527228,1.0000000000
63,5.4040000000,right_hand,15,0.4793722630,0.5723610520,-0.0322445296,1.0000000000
64,5.4900000000,right_hand,15,0.4787357450,0.5633259416,-0.0318084955,1.0000000000
65,5.5750000000,right_hand,15,0.4710356593,0.5648519397,-0.0352130458,1.0000000000
66,5.6610000000,right_hand,15,0.4552511275,0.5611067414,-0.0308981147,1.0000000000
67,5.7470000000,right_hand,15,0.4484991133,0.5643464327,-0.0339788757,1.0000000000
68,5.8330000000,right_hand,15,0.4299668372,0.5678604841,-0.0282514300,1.0000000000
69,5.9180000000,right_hand,15,0.4275531173,0.5626829267,-0.0110399686,1.0000000000
70,6.0040000000,right_hand,15,0.4293296933,0.5569168627,-0.0168902371,1.0000000000
71,6.0900000000,right_hand,15,0.4311062694,0.5511507988,-0.0227405056,1.0000000000
72,6.1760000000,right_hand,15,0.4297288060,0.5599789023,-0.0353589691,1.0000000000
73,6.2620000000,right_hand,15,0.4292010069,0.5619414449,-0.0599724054,1.0000000000
74,6.3470000000,right_hand,15,0.4311246574,0.5679051876,-0.0450391695,1.0000000000
75,6.4330000000,right_hand,15,0.4480199814,0.5602905154,-0.0460351519,1.0000000000
76,6.5190000000,right_hand,15,0.4527490735,0.5518941879,-0.0481359027,1.0000000000
77,6.6050000000,right_hand,15,0.4587371647,0.5588239431,-0.0465190299,1.0000000000
78,6.6900000000,right_hand,15,0.4679821730,0.5608679056,-0.0346853435,1.0000000000
79,6.7760000000,right_hand,15,0.4732642770,0.5545150042,-0.0342830271,1.0000000000
80,6.8620000000,right_hand,15,0.4761280715,0.5579023957,-0.0396605730,1.0000000000
81,6.9480000000,right_hand,15,0.4764863253,0.5612778068,-0.0354959220,1.0000000000
82,7.0340000000,right_hand,15,0.4822122753,0.5572878122,-0.0425171293,1.0000000000
83,7.1190000000,right_hand,15,0.4824144542,0.5584118962,-0.0463646576,1.0000000000
84,7.2050000000,right_hand,15,0.4847057760,0.5569130778,-0.0461275354,1.0000000000
85,7.2910000000,right_hand,15,0.4877991974,0.5562673211,-0.0490031652,1.0000000000
86,7.3770000000,right_hand,15,0.4895622134,0.5552815795,-0.0448066592,1.0000000000
87,7.4620000000,right_hand,15,0.4919460416,0.5536525249,-0.0486508310,1.0000000000
88,7.5480000000,right_hand,15,0.4940455258,0.5557145476,-0.0480299443,1.0000000000
89,7.6340000000,right_hand,15,0.4903014898,0.5604008436,-0.0562885441,1.0000000000
90,7.7200000000,right_hand,15,0.4818086326,0.5604715347,-0.0490145236,1.0000000000
91,7.8050000000,right_hand,15,0.4708909690,0.5559329391,-0.0490826927,1.0000000000
92,7.8910000000,right_hand,15,0.4632113874,0.5568863750,-0.0518985204,1.0000000000
93,7.9770000000,right_hand,15,0.4598979950,0.5595024824,-0.0499060564,1.0000000000
94,8.0630000000,right_hand,15,0.4556507468,0.5598004460,-0.0511905961,1.0000000000
95,8.1490000000,right_hand,15,0.4547460377,0.5587501526,-0.0510696657,1.0000000000
96,8.2340000000,right_hand,15,0.4551967978,0.5616099834,-0.0578422248,1.0000000000
97,8.3200000000,right_hand,15,0.4565868974,0.5593356490,-0.0512346849,1.0000000000
98,8.4060000000,right_hand,15,0.4587385356,0.5562974215,-0.0541925281,1.0000000000
99,8.4920000000,right_hand,15,0.4612740576,0.5571231246,-0.0510040373,1.0000000000
100,8.5770000000,right_hand,15,0.4661232233,0.5551557541,-0.0431352183,1.0000000000
101,8.6630000000,right_hand,15,0.4730455577,0.5643424988,-0.0441715308,1.0000000000
102,8.7490000000,right_hand,15,0.4828832150,0.5685366988,-0.0418789722,1.0000000000
103,8.8350000000,right_hand,15,0.4902709126,0.5732444525,-0.0431599244,1.0000000000
104,8.9210000000,right_hand,15,0.4973232448,0.5691211820,-0.0392600857,1.0000000000
105,9.0060000000,right_hand,15,0.4960012138,0.5630698204,-0.0362540670,1.0000000000
106,9.0920000000,right_hand,15,0.4946559966,0.5600753427,-0.0456092581,1.0000000000
107,9.1780000000,right_hand,15,0.4920167029,0.5606172681,-0.0452988781,1.0000000000
108,9.2640000000,right_hand,15,0.4891716838,0.5603027344,-0.0436401181,1.0000000000
109,9.3490000000,right_hand,15,0.4827874899,0.5597561002,-0.0451095514,1.0000000000
110,9.4350000000,right_hand,15,0.4709819257,0.5575842261,-0.0435176566,1.0000000000
111,9.5210000000,right_hand,15,0.4581778944,0.5551927686,-0.0331753343,1.0000000000
112,9.6070000000,right_hand,15,0.4517287016,0.5562297702,-0.0511847883,1.0000000000
113,9.6930000000,right_hand,15,0.4503116906,0.5555745959,-0.0562462285,1.0000000000
114,9.7780000000,right_hand,15,0.4460822940,0.5629700422,-0.0485399216,1.0000000000
115,9.8640000000,right_hand,15,0.4463211596,0.5627179146,-0.0438715816,1.0000000000
116,9.9500000000,right_hand,15,0.4463890791,0.5622925162,-0.0404175706,1.0000000000
117,10.0360000000,right_hand,15,0.4456975460,0.5568392277,-0.0274880882,1.0000000000
118,10.1210000000,right_hand,15,0.4475584030,0.5624384880,-0.0424362235,1.0000000000
119,10.2070000000,right_hand,15,0.4481792450,0.5628153086,-0.0453652553,1.0000000000
120,10.2930000000,right_hand,15,0.4524721205,0.5619532466,-0.0481034517,1.0000000000
121,10.3790000000,right_hand,15,0.4569527805,0.5621736646,-0.0593330823,1.0000000000
122,10.4640000000,right_hand,15,0.4674679935,0.5589252710,-0.0483388230,1.0000000000
123,10.5500000000,right_hand,15,0.4747619629,0.5556057692,-0.0377604030,1.0000000000
124,10.6360000000,right_hand,15,0.4782959223,0.5557617545,-0.0388589427,1.0000000000
125,10.7220000000,right_hand,15,0.4782007039,0.5602791905,-0.0398028828,1.0000000000
126,10.8080000000,right_hand,15,0.4805063009,0.5584812164,-0.0353880040,1.0000000000
127,10.8930000000,right_hand,15,0.4815586209,0.5641995072,-0.0398604199,1.0000000000
128,10.9790000000,right_hand,15,0.4839871377,0.5643106699,-0.0417548604,1.0000000000
129,11.0650000000,right_hand,15,0.4864156544,0.5644218326,-0.0436493009,1.0000000000
130,11.1510000000,right_hand,15,0.4888441712,0.5645329952,-0.0455437414,1.0000000000
131,11.2360000000,right_hand,15,0.4912726879,0.5646441579,-0.0474381819,1.0000000000
132,11.3220000000,right_hand,15,0.4854594767,0.5565933585,-0.0480083413,1.0000000000
133,11.4080000000,right_hand,15,0.4493300617,0.5831757188,-0.0218637455,1.0000000000
134,11.4940000000,right_hand,15,0.4466332346,0.5836361647,-0.0256310357,1.0000000000
135,11.5800000000,right_hand,15,0.4439364076,0.5840966105,-0.0293983258,1.0000000000
136,11.6650000000,right_hand,15,0.4426168799,0.5722987056,-0.0336374938,1.0000000000
137,11.7510000000,right_hand,15,0.4467482865,0.5585036278,-0.0362374671,1.0000000000
138,11.8370000000,right_hand,15,0.4520239532,0.5509626269,-0.0526761562,1.0000000000
139,11.9230000000,right_hand,15,0.4554336965,0.5609178543,-0.0598138198,1.0000000000
59,5.0610000000,right_hand,16,0.5391435623,0.5255368352,-0.0601966232,1.0000000000
60,5.1460000000,right_hand,16,0.4989745021,0.5714281201,-0.0425762869,1.0000000000
61,5.2320000000,right_hand,16,0.4943887591,0.5291544199,-0.0313698277,1.0000000000
62,5.3180000000,right_hand,16,0.4958788157,0.5766552091,-0.0412545502,1.0000000000
63,5.4040000000,right_hand,16,0.4923242927,0.5715952516,-0.0326244570,1.0000000000
64,5.4900000000,right_hand,16,0.4928193986,0.5627208352,-0.0321635902,1.0000000000
65,5.5750000000,right_hand,16,0.4847685993,0.5639535785,-0.0356598273,1.0000000000
66,5.6610000000,right_hand,16,0.4691359401,0.5631203651,-0.0306239091,1.0000000000
67,5.7470000000,right_hand,16,0.4608105421,0.5655900240,-0.0331999473,1.0000000000
68,5.8330000000,right_hand,16,0.4334496260,0.5710225701,-0.0256098602,1.0000000000
69,5.9180000000,right_hand,16,0.4281009734,0.5664472580,-0.0061942358,1.0000000000
70,6.0040000000,right_hand,16,0.4325458407,0.5634548366,-0.0140078859,1.0000000000
71,6.0900000000,right_hand,16,0.4369907081,0.5604624152,-0.0218215361,1.0000000000
72,6.1760000000,right_hand,16,0.4389449954,0.5643796325,-0.0348509811,1.0000000000
73,6.2620000000,right_hand,16,0.4424769878,0.5624887943,-0.0597261339,1.0000000000
74,6.3470000000,right_hand,16,0.4413615167,0.5717931986,-0.0408826880,1.0000000000
75,6.4330000000,right_hand,16,0.4618415833,0.5614003539,-0.0455452800,1.0000000000
76,6.5190000000,right_hand,16,0.4686442614,0.5534144640,-0.0482259169,1.0000000000
77,6.6050000000,right_hand,16,0.4740192890,0.5585728884,-0.0455870628,1.0000000000
78,6.6900000000,right_hand,16,0.4811929464,0.5585369468,-0.0338228978,1.0000000000
79,6.7760000000,right_hand,16,0.4862605333,0.5547175407,-0.0332761481,1.0000000000
80,6.8620000000,right_hand,16,0.4901469946,0.5576129556,-0.0399058983,1.0000000000
81,6.9480000000,right_hand,16,0.4894049764,0.5596881509,-0.0351256616,1.0000000000
82,7.0340000000,right_hand,16,0.4959805310,0.5576713681,-0.0428918675,1.0000000000
83,7.1190000000,right_hand,16,0.4953538775,0.5580002666,-0.0461035222,1.0000000000
84,7.2050000000,right_hand,16,0.4984609783,0.5573692918,-0.0461038798,1.0000000000
85,7.2910000000,right_hand,16,0.5026249886,0.5568991899,-0.0493892506,1.0000000000
86,7.3770000000,right_hand,16,0.5036185384,0.5560000539,-0.0450080298,1.0000000000
87,7.4620000000,right_hand,16,0.5061358809,0.5531269908,-0.0487215221,1.0000000000
88,7.5480000000,right_hand,16,0.5076844096,0.5545675755,-0.0472426116,1.0000000000
89,7.6340000000,right_hand,16,0.5054343939,0.5597437620,-0.0564008988,1.0000000000
90,7.7200000000,right_hand,16,0.4955188930,0.5634766221,-0.0490514897,1.0000000000
91,7.8050000000,right_hand,16,0.4862595201,0.5570200682,-0.0499921963,1.0000000000
92,7.8910000000,right_hand,16,0.4807300270,0.5566589832,-0.0542607829,1.0000000000
93,7.9770000000,right_hand,16,0.4768341184,0.5588732958,-0.0511238538,1.0000000000
94,8.0630000000,right_hand,16,0.4726367891,0.5598652363,-0.0517123640,1.0000000000
95,8.1490000000,right_hand,16,0.4722828269,0.5611129999,-0.0516311042,1.0000000000
96,8.2340000000,right_hand,16,0.4729921222,0.5623191595,-0.0580698885,1.0000000000
97,8.3200000000,right_hand,16,0.4749026597,0.5620560050,-0.0517585054,1.0000000000
98,8.4060000000,right_hand,16,0.4760221243,0.5585924983,-0.0550227650,1.0000000000
99,8.4920000000,right_hand,16,0.4780801535,0.5589841008,-0.0518846028,1.0000000000
100,8.5770000000,right_hand,16,0.4821980894,0.5566393137,-0.0445285141,1.0000000000
101,8.6630000000,right_hand,16,0.4888851643,0.5658002496,-0.0456156470,1.0000000000
102,8.7490000000,right_hand,16,0.4990399182,0.5671419501,-0.0436090939,1.0000000000
103,8.8350000000,right_hand,16,0.5060605407,0.5729818940,-0.0441905223,1.0000000000
104,8.9210000000,right_hand,16,0.5121657848,0.5706490874,-0.0401417464,1.0000000000
105,9.0060000000,right_hand,16,0.5091555715,0.5616795421,-0.0351403281,1.0000000000
106,9.0920000000,right_hand,16,0.5098468661,0.5593587756,-0.0460881367,1.0000000000
107,9.1780000000,right_hand,16,0.5065742731,0.5598626733,-0.0453802794,1.0000000000
108,9.2640000000,right_hand,16,0.5029907823,0.5586593151,-0.0427396670,1.0000000000
109,9.3490000000,right_hand,16,0.4985221922,0.5607635975,-0.0456964485,1.0000000000
110,9.4350000000,right_hand,16,0.4859494865,0.5593023896,-0.0432278924,1.0000000000
111,9.5210000000,right_hand,16,0.4735342562,0.5619134903,-0.0337538309,1.0000000000
112,9.6070000000,right_hand,16,0.4663541913,0.5589879751,-0.0507563911,1.0000000000
113,9.6930000000,right_hand,16,0.4644410610,0.5540388823,-0.0552218668,1.0000000000
114,9.7780000000,right_hand,16,0.4575293362,0.5627982020,-0.0461934134,1.0000000000
115,9.8640000000,right_hand,16,0.4576619267,0.5644761920,-0.0412754081,1.0000000000
116,9.9500000000,right_hand,16,0.4589865506,0.5611555576,-0.0389935635,1.0000000000
117,10.0360000000,right_hand,16,0.4569011927,0.5573701262,-0.0269273203,1.0000000000
118,10.1210000000,right_hand,16,0.4605877399,0.5628445745,-0.0406622812,1.0000000000
119,10.2070000000,right_hand,16,0.4604645669,0.5618808270,-0.0438265465,1.0000000000
120,10.2930000000,right_hand,16,0.4680184424,0.5625123382,-0.0476171859,1.0000000000
121,10.3790000000,right_hand,16,0.4730950594,0.5638022423,-0.0604394153,1.0000000000
122,10.4640000000,right_hand,16,0.4822051227,0.5591305494,-0.0481498055,1.0000000000
123,10.5500000000,right_hand,16,0.4893606901,0.5546812415,-0.0386266559,1.0000000000
124,10.6360000000,right_hand,16,0.4926959276,0.5576777458,-0.0393280163,1.0000000000
125,10.7220000000,right_hand,16,0.4922260046,0.5574997067,-0.0394408405,1.0000000000
126,10.8080000000,right_hand,16,0.4949811101,0.5569736362,-0.0361228324,1.0000000000
127,10.8930000000,right_hand,16,0.4945180118,0.5622982383,-0.0398163758,1.0000000000
128,10.9790000000,right_hand,16,0.4973929003,0.5626906008,-0.0419219183,1.0000000000
129,11.0650000000,right_hand,16,0.5002677888,0.5630829632,-0.0440274607,1.0000000000
130,11.1510000000,right_hand,16,0.5031426772,0.5634753257,-0.0461330032,1.0000000000
131,11.2360000000,right_hand,16,0.5060175657,0.5638676882,-0.0482385457,1.0000000000
132,11.3220000000,right_hand,16,0.5001716018,0.5566953421,-0.0498320647,1.0000000000
133,11.4080000000,right_hand,16,0.4653543830,0.5881842375,-0.0214291904,1.0000000000
134,11.4940000000,right_hand,16,0.4621439129,0.5878618062,-0.0256137569,1.0000000000
135,11.5800000000,right_hand,16,0.4589334428,0.5875393748,-0.0297983233,1.0000000000
136,11.6650000000,right_hand,16,0.4583150148,0.5741835237,-0.0353778638,1.0000000000
137,11.7510000000,right_hand,16,0.4617048800,0.5583897233,-0.0378100760,1.0000000000
138,11.8370000000,right_hand,16,0.4672297835,0.5513786674,-0.0542231165,1.0000000000
139,11.9230000000,right_hand,16,0.4734109938,0.5615602732,-0.0610915795,1.0000000000
59,5.0610000000,right_hand,17,0.6040617228,0.4835616350,-0.0468831137,1.0000000000
60,5.1460000000,right_hand,17,0.4295516908,0.5950148106,-0.0333095342,1.0000000000
61,5.2320000000,right_hand,17,0.4283170402,0.5120668411,-0.0231497623,1.0000000000
62,5.3180000000,right_hand,17,0.4285758138,0.5928782821,-0.0331739821,1.0000000000
63,5.4040000000,right_hand,17,0.4288289249,0.5961364508,-0.0272942670,1.0000000000
64,5.4900000000,right_hand,17,0.4289449751,0.5893195271,-0.0274494588,1.0000000000
65,5.5750000000,right_hand,17,0.4199941456,0.5869841576,-0.0287732668,1.0000000000
66,5.6610000000,right_hand,17,0.4076125920,0.5817481279,-0.0274227671,1.0000000000
67,5.7470000000,right_hand,17,0.3985703588,0.5852033496,-0.0318079665,1.0000000000
68,5.8330000000,right_hand,17,0.3943167329,0.5814424753,-0.0306813456,1.0000000000
69,5.9180000000,right_hand,17,0.3949969113,0.5860032439,-0.0193945840,1.0000000000
70,6.0040000000,right_hand,17,0.3923485577,0.5734606385,-0.0226895977,1.0000000000
71,6.0900000000,right_hand,17,0.3897002041,0.5609180331,-0.0259846114,1.0000000000
72,6.1760000000,right_hand,17,0.3881890774,0.5847005844,-0.0344547592,1.0000000000
73,6.2620000000,right_hand,17,0.3835249245,0.5961288214,-0.0489456803,1.0000000000
74,6.3470000000,right_hand,17,0.3891098499,0.5946334600,-0.0436008386,1.0000000000
75,6.4330000000,right_hand,17,0.3967292905,0.5885436535,-0.0410295874,1.0000000000
76,6.5190000000,right_hand,17,0.4029680789,0.5827175975,-0.0405156724,1.0000000000
77,6.6050000000,right_hand,17,0.4093673229,0.5858093500,-0.0390038490,1.0000000000
78,6.6900000000,right_hand,17,0.4218294024,0.5870886445,-0.0296119303,1.0000000000
79,6.7760000000,right_hand,17,0.4261333346,0.5820798874,-0.0315768346,1.0000000000
80,6.8620000000,right_hand,17,0.4275233448,0.5798993111,-0.0337344147,1.0000000000
81,6.9480000000,right_hand,17,0.4274740517,0.5793696642,-0.0303267203,1.0000000000
82,7.0340000000,right_hand,17,0.4319162667,0.5811034441,-0.0348951332,1.0000000000
83,7.1190000000,right_hand,17,0.4296085835,0.5810088515,-0.0392068326,1.0000000000
84,7.2050000000,right_hand,17,0.4320107996,0.5807222128,-0.0393436588,1.0000000000
85,7.2910000000,right_hand,17,0.4334273934,0.5790052414,-0.0403054692,1.0000000000
86,7.3770000000,right_hand,17,0.4370326102,0.5775431395,-0.0379228815,1.0000000000
87,7.4620000000,right_hand,17,0.4392369688,0.5834274888,-0.0406464599,1.0000000000
88,7.5480000000,right_hand,17,0.4391687810,0.5838988423,-0.0416915677,1.0000000000
89,7.6340000000,right_hand,17,0.4358249009,0.5854840279,-0.0449949987,1.0000000000
90,7.7200000000,right_hand,17,0.4301192462,0.5743452311,-0.0391136706,1.0000000000
91,7.8050000000,right_hand,17,0.4211592376,0.5787920952,-0.0361772887,1.0000000000
92,7.8910000000,right_hand,17,0.4124475718,0.5833746195,-0.0351649709,1.0000000000
93,7.9770000000,right_hand,17,0.4056564867,0.5843016505,-0.0363745913,1.0000000000
94,8.0630000000,right_hand,17,0.3998146653,0.5878303647,-0.0386868529,1.0000000000
95,8.1490000000,right_hand,17,0.3999128044,0.5828995705,-0.0380794890,1.0000000000
96,8.2340000000,right_hand,17,0.3968995512,0.5884433985,-0.0433181450,1.0000000000
97,8.3200000000,right_hand,17,0.4007800817,0.5856208801,-0.0377680175,1.0000000000
98,8.4060000000,right_hand,17,0.4034706652,0.5846890807,-0.0403376296,1.0000000000
99,8.4920000000,right_hand,17,0.4082322121,0.5852821469,-0.0377023779,1.0000000000
100,8.5770000000,right_hand,17,0.4111579359,0.5812997818,-0.0316531546,1.0000000000
101,8.6630000000,right_hand,17,0.4185928106,0.5831233263,-0.0347590856,1.0000000000
102,8.7490000000,right_hand,17,0.4275606871,0.5922005177,-0.0332189649,1.0000000000
103,8.8350000000,right_hand,17,0.4318919182,0.5954673290,-0.0351945274,1.0000000000
104,8.9210000000,right_hand,17,0.4426162541,0.5895841718,-0.0313127078,1.0000000000
105,9.0060000000,right_hand,17,0.4429539442,0.5897133946,-0.0320745222,1.0000000000
106,9.0920000000,right_hand,17,0.4385751784,0.5868409276,-0.0378809310,1.0000000000
107,9.1780000000,right_hand,17,0.4353010952,0.5862113833,-0.0390165485,1.0000000000
108,9.2640000000,right_hand,17,0.4324448109,0.5884495378,-0.0388034955,1.0000000000
109,9.3490000000,right_hand,17,0.4281137884,0.5823435187,-0.0375986584,1.0000000000
110,9.4350000000,right_hand,17,0.4195830226,0.5781588554,-0.0359808989,1.0000000000
111,9.5210000000,right_hand,17,0.4088913500,0.5622365475,-0.0263017882,1.0000000000
112,9.6070000000,right_hand,17,0.4000599086,0.5734931231,-0.0444099791,1.0000000000
113,9.6930000000,right_hand,17,0.3997237384,0.5833319426,-0.0459476933,1.0000000000
114,9.7780000000,right_hand,17,0.3978763819,0.5770460367,-0.0400665961,1.0000000000
115,9.8640000000,right_hand,17,0.3989810646,0.5794312358,-0.0370305292,1.0000000000
116,9.9500000000,right_hand,17,0.3972241282,0.5814194679,-0.0340876020,1.0000000000
117,10.0360000000,right_hand,17,0.4015193880,0.5766385794,-0.0247086883,1.0000000000
118,10.1210000000,right_hand,17,0.3971371055,0.5823003054,-0.0366781391,1.0000000000
119,10.2070000000,right_hand,17,0.4009209573,0.5868659019,-0.0368249491,1.0000000000
120,10.2930000000,right_hand,17,0.4011366665,0.5834907293,-0.0379003212,1.0000000000
121,10.3790000000,right_hand,17,0.4035586417,0.5816058517,-0.0459854044,1.0000000000
122,10.4640000000,right_hand,17,0.4186040461,0.5788794756,-0.0388226360,1.0000000000
123,10.5500000000,right_hand,17,0.4263426661,0.5827164650,-0.0295805037,1.0000000000
124,10.6360000000,right_hand,17,0.4285348058,0.5783715844,-0.0318366215,1.0000000000
125,10.7220000000,right_hand,17,0.4299405217,0.5865608454,-0.0341211110,1.0000000000
126,10.8080000000,right_hand,17,0.4322054386,0.5819187760,-0.0299759414,1.0000000000
127,10.8930000000,right_hand,17,0.4363987744,0.5908558965,-0.0343389586,1.0000000000
128,10.9790000000,right_hand,17,0.4374811724,0.5900992751,-0.0351041863,1.0000000000
129,11.0650000000,right_hand,17,0.4385635704,0.5893426538,-0.0358694140,1.0000000000
130,11.1510000000,right_hand,17,0.4396459684,0.5885860324,-0.0366346417,1.0000000000
131,11.2360000000,right_hand,17,0.4407283664,0.5878294110,-0.0373998694,1.0000000000
132,11.3220000000,right_hand,17,0.4355644584,0.5811945200,-0.0364202224,1.0000000000
133,11.4080000000,right_hand,17,0.4026817679,0.6081357002,-0.0256181154,1.0000000000
134,11.4940000000,right_hand,17,0.4000760317,0.6074587107,-0.0255602105,1.0000000000
135,11.5800000000,right_hand,17,0.3974702954,0.6067817211,-0.0255023055,1.0000000000
136,11.6650000000,right_hand,17,0.3886130154,0.5996127725,-0.0249991398,1.0000000000
137,11.7510000000,right_hand,17,0.3961413205,0.5893548131,-0.0312844291,1.0000000000
138,11.8370000000,right_hand,17,0.3985407650,0.5855185390,-0.0427883975,1.0000000000
139,11.9230000000,right_hand,17,0.3988395035,0.5874901414,-0.0467274822,1.0000000000
59,5.0610000000,right_hand,18,0.5805376768,0.4840492308,-0.0590246432,1.0000000000
60,5.1460000000,right_hand,18,0.4552790523,0.5969470739,-0.0394846164,1.0000000000
61,5.2320000000,right_hand,18,0.4533180296,0.5065719485,-0.0275669117,1.0000000000
62,5.3180000000,right_hand,18,0.4530529380,0.5945349336,-0.0402808152,1.0000000000
63,5.4040000000,right_hand,18,0.4539827406,0.5952392817,-0.0321506336,1.0000000000
64,5.4900000000,right_hand,18,0.4549902678,0.5869651437,-0.0322523192,1.0000000000
65,5.5750000000,right_hand,18,0.4448342025,0.5861976743,-0.0339238383,1.0000000000
66,5.6610000000,right_hand,18,0.4318750799,0.5801528692,-0.0312087368,1.0000000000
67,5.7470000000,right_hand,18,0.4249668717,0.5839738846,-0.0346721187,1.0000000000
68,5.8330000000,right_hand,18,0.4146150947,0.5874814987,-0.0317514949,1.0000000000
69,5.9180000000,right_hand,18,0.4158708751,0.5824318528,-0.0181259308,1.0000000000
70,6.0040000000,right_hand,18,0.4161663055,0.5707294345,-0.0226426823,1.0000000000
71,6.0900000000,right_hand,18,0.4164617360,0.5590270162,-0.0271594338,1.0000000000
72,6.1760000000,right_hand,18,0.4121326208,0.5811972618,-0.0366078876,1.0000000000
73,6.2620000000,right_hand,18,0.4031028450,0.5928070545,-0.0570344478,1.0000000000
74,6.3470000000,right_hand,18,0.4090071321,0.5918603539,-0.0460886024,1.0000000000
75,6.4330000000,right_hand,18,0.4228110611,0.5881848335,-0.0457943976,1.0000000000
76,6.5190000000,right_hand,18,0.4284536839,0.5786481500,-0.0474320278,1.0000000000
77,6.6050000000,right_hand,18,0.4329834282,0.5868061185,-0.0438292436,1.0000000000
78,6.6900000000,right_hand,18,0.4424273074,0.5855135918,-0.0331045911,1.0000000000
79,6.7760000000,right_hand,18,0.4494460821,0.5763942599,-0.0350269116,1.0000000000
80,6.8620000000,right_hand,18,0.4491574466,0.5794827938,-0.0391909517,1.0000000000
81,6.9480000000,right_hand,18,0.4496708810,0.5817435980,-0.0347583890,1.0000000000
82,7.0340000000,right_hand,18,0.4582891166,0.5790858269,-0.0400249138,1.0000000000
83,7.1190000000,right_hand,18,0.4566236734,0.5819612145,-0.0432885252,1.0000000000
84,7.2050000000,right_hand,18,0.4596856833,0.5810493231,-0.0440582223,1.0000000000
85,7.2910000000,right_hand,18,0.4642383754,0.5794882774,-0.0460574180,1.0000000000
86,7.3770000000,right_hand,18,0.4649188519,0.5767858624,-0.0424238183,1.0000000000
87,7.4620000000,right_hand,18,0.4674046338,0.5785661936,-0.0462643430,1.0000000000
88,7.5480000000,right_hand,18,0.4682727754,0.5804112554,-0.0463341251,1.0000000000
89,7.6340000000,right_hand,18,0.4639099538,0.5862982273,-0.0534373708,1.0000000000
90,7.7200000000,right_hand,18,0.4544885457,0.5813915730,-0.0467904583,1.0000000000
91,7.8050000000,right_hand,18,0.4456943870,0.5802741647,-0.0456837751,1.0000000000
92,7.8910000000,right_hand,18,0.4370595515,0.5830812454,-0.0455352589,1.0000000000
93,7.9770000000,right_hand,18,0.4348795414,0.5863071084,-0.0459224880,1.0000000000
94,8.0630000000,right_hand,18,0.4298298061,0.5876214504,-0.0479050539,1.0000000000
95,8.1490000000,right_hand,18,0.4279443920,0.5838900805,-0.0491492338,1.0000000000
96,8.2340000000,right_hand,18,0.4276779592,0.5893878341,-0.0545627289,1.0000000000
97,8.3200000000,right_hand,18,0.4296216071,0.5872161388,-0.0490353890,1.0000000000
98,8.4060000000,right_hand,18,0.4320034683,0.5839868784,-0.0511424020,1.0000000000
99,8.4920000000,right_hand,18,0.4355524480,0.5846918225,-0.0476313680,1.0000000000
100,8.5770000000,right_hand,18,0.4395597577,0.5822623372,-0.0400328748,1.0000000000
101,8.6630000000,right_hand,18,0.4470984042,0.5869894028,-0.0429776832,1.0000000000
102,8.7490000000,right_hand,18,0.4560933709,0.5969756842,-0.0398679264,1.0000000000
103,8.8350000000,right_hand,18,0.4619583189,0.5991268158,-0.0415284820,1.0000000000
104,8.9210000000,right_hand,18,0.4702294171,0.5958632827,-0.0357132517,1.0000000000
105,9.0060000000,right_hand,18,0.4689263403,0.5873608589,-0.0346890688,1.0000000000
106,9.0920000000,right_hand,18,0.4657834768,0.5849663019,-0.0436349884,1.0000000000
107,9.1780000000,right_hand,18,0.4633475542,0.5854561925,-0.0436774977,1.0000000000
108,9.2640000000,right_hand,18,0.4615216553,0.5857624412,-0.0431080461,1.0000000000
109,9.3490000000,right_hand,18,0.4558129609,0.5831533670,-0.0430582911,1.0000000000
110,9.4350000000,right_hand,18,0.4454884529,0.5817821026,-0.0412975997,1.0000000000
111,9.5210000000,right_hand,18,0.4334132075,0.5686110258,-0.0316920392,1.0000000000
112,9.6070000000,right_hand,18,0.4272362888,0.5755098462,-0.0507385544,1.0000000000
113,9.6930000000,right_hand,18,0.4276693463,0.5800021291,-0.0521036312,1.0000000000
114,9.7780000000,right_hand,18,0.4214167595,0.5820820332,-0.0431992449,1.0000000000
115,9.8640000000,right_hand,18,0.4219823182,0.5797696114,-0.0398219712,1.0000000000
116,9.9500000000,right_hand,18,0.4218955040,0.5822519660,-0.0374595225,1.0000000000
117,10.0360000000,right_hand,18,0.4232172370,0.5770801306,-0.0265534017,1.0000000000
118,10.1210000000,right_hand,18,0.4228039980,0.5810071826,-0.0403910391,1.0000000000
119,10.2070000000,right_hand,18,0.4259032309,0.5844787359,-0.0409844108,1.0000000000
120,10.2930000000,right_hand,18,0.4285821021,0.5844028592,-0.0440856963,1.0000000000
121,10.3790000000,right_hand,18,0.4292717874,0.5814478993,-0.0536172725,1.0000000000
122,10.4640000000,right_hand,18,0.4419893920,0.5814031959,-0.0448474847,1.0000000000
123,10.5500000000,right_hand,18,0.4526670873,0.5791292191,-0.0339849889,1.0000000000
124,10.6360000000,right_hand,18,0.4546463192,0.5788320303,-0.0374420397,1.0000000000
125,10.7220000000,right_hand,18,0.4545647502,0.5845122933,-0.0388549082,1.0000000000
126,10.8080000000,right_hand,18,0.4571802318,0.5796982646,-0.0350963660,1.0000000000
127,10.8930000000,right_hand,18,0.4585441351,0.5880327225,-0.0401359722,1.0000000000
128,10.9790000000,right_hand,18,0.4607921690,0.5882237256,-0.0415009242,1.0000000000
129,11.0650000000,right_hand,18,0.4630402029,0.5884147286,-0.0428658761,1.0000000000
130,11.1510000000,right_hand,18,0.4652882367,0.5886057317,-0.0442308281,1.0000000000
131,11.2360000000,right_hand,18,0.4675362706,0.5887967348,-0.0455957800,1.0000000000
132,11.3220000000,right_hand,18,0.4607267678,0.5851557255,-0.0449075997,1.0000000000
133,11.4080000000,right_hand,18,0.4244483411,0.5915688872,-0.0292679146,1.0000000000
134,11.4940000000,right_hand,18,0.4187583178,0.5936424434,-0.0309444126,1.0000000000
135,11.5800000000,right_hand,18,0.4130682945,0.5957159996,-0.0326209106,1.0000000000
136,11.6650000000,right_hand,18,0.4107851982,0.5940727592,-0.0332472026,1.0000000000
137,11.7510000000,right_hand,18,0.4215269387,0.5874076486,-0.0370651297,1.0000000000
138,11.8370000000,right_hand,18,0.4270800352,0.5854408145,-0.0512980446,1.0000000000
139,11.9230000000,right_hand,18,0.4277841151,0.5902715921,-0.0573057905,1.0000000000
59,5.0610000000,right_hand,19,0.5633577704,0.4951567352,-0.0576319285,1.0000000000
60,5.1460000000,right_hand,19,0.4711004198,0.5953649282,-0.0407803692,1.0000000000
61,5.2320000000,right_hand,19,0.4697022140,0.5070884824,-0.0279163029,1.0000000000
62,5.3180000000,right_hand,19,0.4697048366,0.5942748785,-0.0418377817,1.0000000000
63,5.4040000000,right_hand,19,0.4687385559,0.5937786102,-0.0324682072,1.0000000000
64,5.4900000000,right_hand,19,0.4711656570,0.5845839977,-0.0330671072,1.0000000000
65,5.5750000000,right_hand,19,0.4595176876,0.5845618248,-0.0345002711,1.0000000000
66,5.6610000000,right_hand,19,0.4469434321,0.5776795149,-0.0310617313,1.0000000000
67,5.7470000000,right_hand,19,0.4367917478,0.5834484696,-0.0326380655,1.0000000000
68,5.8330000000,right_hand,19,0.4231026471,0.5902865529,-0.0276157670,1.0000000000
69,5.9180000000,right_hand,19,0.4244408607,0.5813717246,-0.0130554093,1.0000000000
70,6.0040000000,right_hand,19,0.4268061817,0.5731626749,-0.0190365729,1.0000000000
71,6.0900000000,right_hand,19,0.4291715026,0.5649536252,-0.0250177365,1.0000000000
72,6.1760000000,right_hand,19,0.4249462187,0.5804672837,-0.0344405286,1.0000000000
73,6.2620000000,right_hand,19,0.4158111215,0.5886251926,-0.0563758723,1.0000000000
74,6.3470000000,right_hand,19,0.4199739099,0.5909726620,-0.0395367183,1.0000000000
75,6.4330000000,right_hand,19,0.4343065917,0.5852954984,-0.0441732332,1.0000000000
76,6.5190000000,right_hand,19,0.4443679452,0.5758626461,-0.0471342430,1.0000000000
77,6.6050000000,right_hand,19,0.4460764825,0.5838947296,-0.0412603393,1.0000000000
78,6.6900000000,right_hand,19,0.4537751973,0.5829445124,-0.0308084823,1.0000000000
79,6.7760000000,right_hand,19,0.4627402723,0.5741811395,-0.0326400809,1.0000000000
80,6.8620000000,right_hand,19,0.4618462324,0.5776721835,-0.0384488516,1.0000000000
81,6.9480000000,right_hand,19,0.4616198540,0.5800501704,-0.0330931991,1.0000000000
82,7.0340000000,right_hand,19,0.4726213813,0.5747287869,-0.0391967110,1.0000000000
83,7.1190000000,right_hand,19,0.4694509804,0.5787217617,-0.0408155918,1.0000000000
84,7.2050000000,right_hand,19,0.4734110236,0.5780973434,-0.0424549244,1.0000000000
85,7.2910000000,right_hand,19,0.4797855616,0.5759265423,-0.0456142761,1.0000000000
86,7.3770000000,right_hand,19,0.4805198014,0.5735513568,-0.0413031094,1.0000000000
87,7.4620000000,right_hand,19,0.4829375446,0.5726026297,-0.0453717373,1.0000000000
88,7.5480000000,right_hand,19,0.4829971492,0.5756760836,-0.0443208255,1.0000000000
89,7.6340000000,right_hand,19,0.4806549847,0.5838755965,-0.0538137667,1.0000000000
90,7.7200000000,right_hand,19,0.4698731005,0.5852526426,-0.0462514013,1.0000000000
91,7.8050000000,right_hand,19,0.4626615047,0.5809881091,-0.0476366431,1.0000000000
92,7.8910000000,right_hand,19,0.4555287957,0.5820329189,-0.0493834876,1.0000000000
93,7.9770000000,right_hand,19,0.4532963932,0.5870959759,-0.0489908159,1.0000000000
94,8.0630000000,right_hand,19,0.4481479526,0.5875917077,-0.0500221588,1.0000000000
95,8.1490000000,right_hand,19,0.4456711411,0.5853904486,-0.0518513322,1.0000000000
96,8.2340000000,right_hand,19,0.4471118450,0.5894030333,-0.0565904304,1.0000000000
97,8.3200000000,right_hand,19,0.4488401711,0.5892009139,-0.0518566109,1.0000000000
98,8.4060000000,right_hand,19,0.4507694244,0.5844467878,-0.0541837886,1.0000000000
99,8.4920000000,right_hand,19,0.4532535374,0.5846615434,-0.0501334853,1.0000000000
100,8.5770000000,right_hand,19,0.4578311145,0.5826088786,-0.0428437814,1.0000000000
101,8.6630000000,right_hand,19,0.4639547765,0.5897384286,-0.0449492447,1.0000000000
102,8.7490000000,right_hand,19,0.4741957486,0.5980952382,-0.0417882316,1.0000000000
103,8.8350000000,right_hand,19,0.4796523452,0.5995779634,-0.0427084230,1.0000000000
104,8.9210000000,right_hand,19,0.4855001867,0.5971768498,-0.0354039818,1.0000000000
105,9.0060000000,right_hand,19,0.4820497930,0.5834913850,-0.0318442062,1.0000000000
106,9.0920000000,right_hand,19,0.4809456766,0.5817314386,-0.0429071374,1.0000000000
107,9.1780000000,right_hand,19,0.4785600305,0.5831955075,-0.0420214012,1.0000000000
108,9.2640000000,right_hand,19,0.4765091240,0.5832782388,-0.0405262709,1.0000000000
109,9.3490000000,right_hand,19,0.4710142314,0.5826035142,-0.0421645828,1.0000000000
110,9.4350000000,right_hand,19,0.4611100554,0.5833402872,-0.0399976149,1.0000000000
111,9.5210000000,right_hand,19,0.4480005205,0.5739383101,-0.0315927155,1.0000000000
112,9.6070000000,right_hand,19,0.4430074096,0.5747845769,-0.0498697869,1.0000000000
113,9.6930000000,right_hand,19,0.4425964952,0.5761536956,-0.0502970740,1.0000000000
114,9.7780000000,right_hand,19,0.4278005660,0.5831708908,-0.0379382558,1.0000000000
115,9.8640000000,right_hand,19,0.4321957231,0.5789725780,-0.0352972932,1.0000000000
116,9.9500000000,right_hand,19,0.4335975945,0.5811125040,-0.0342956334,1.0000000000
117,10.0360000000,right_hand,19,0.4342668056,0.5763420463,-0.0242382716,1.0000000000
118,10.1210000000,right_hand,19,0.4354956448,0.5802140832,-0.0369730033,1.0000000000
119,10.2070000000,right_hand,19,0.4374189973,0.5806128383,-0.0378734320,1.0000000000
120,10.2930000000,right_hand,19,0.4430665970,0.5810682774,-0.0434288606,1.0000000000
121,10.3790000000,right_hand,19,0.4436005056,0.5805464983,-0.0536546968,1.0000000000
122,10.4640000000,right_hand,19,0.4554153681,0.5803393126,-0.0432537757,1.0000000000
123,10.5500000000,right_hand,19,0.4673957527,0.5753114820,-0.0336344093,1.0000000000
124,10.6360000000,right_hand,19,0.4697169960,0.5783944130,-0.0371266380,1.0000000000
125,10.7220000000,right_hand,19,0.4686125517,0.5797757506,-0.0376208127,1.0000000000
126,10.8080000000,right_hand,19,0.4717199802,0.5764664412,-0.0351681560,1.0000000000
127,10.8930000000,right_hand,19,0.4720368981,0.5861768126,-0.0396256149,1.0000000000
128,10.9790000000,right_hand,19,0.4751786590,0.5866849869,-0.0415166039,1.0000000000
129,11.0650000000,right_hand,19,0.4783204198,0.5871931612,-0.0434075929,1.0000000000
130,11.1510000000,right_hand,19,0.4814621806,0.5877013355,-0.0452985819,1.0000000000
131,11.2360000000,right_hand,19,0.4846039414,0.5882095098,-0.0471895710,1.0000000000
132,11.3220000000,right_hand,19,0.4763345420,0.5865086913,-0.0466754325,1.0000000000
133,11.4080000000,right_hand,19,0.4401841760,0.5918198824,-0.0279235616,1.0000000000
134,11.4940000000,right_hand,19,0.4328665584,0.5932998359,-0.0305982027,1.0000000000
135,11.5800000000,right_hand,19,0.4255489409,0.5947797894,-0.0332728438,1.0000000000
136,11.6650000000,right_hand,19,0.4256236553,0.5912964344,-0.0354226530,1.0000000000
137,11.7510000000,right_hand,19,0.4359537065,0.5882009268,-0.0370937474,1.0000000000
138,11.8370000000,right_hand,19,0.4443191290,0.5868103504,-0.0522699617,1.0000000000
139,11.9230000000,right_hand,19,0.4457875490,0.5912119746,-0.0589806885,1.0000000000
59,5.0610000000,right_hand,20,0.5503400564,0.5050960183,-0.0559272505,1.0000000000
60,5.1460000000,right_hand,20,0.4842934906,0.5928143263,-0.0412805825,1.0000000000
61,5.2320000000,right_hand,20,0.4827474952,0.5095859170,-0.0278430004,1.0000000000
62,5.3180000000,right_hand,20,0.4838576317,0.5926307440,-0.0424559452,1.0000000000
63,5.4040000000,right_hand,20,0.4798742533,0.5912196636,-0.0321066491,1.0000000000
64,5.4900000000,right_hand,20,0.4840469956,0.5823414326,-0.0331561118,1.0000000000
65,5.5750000000,right_hand,20,0.4705987573,0.5821536779,-0.0345305353,1.0000000000
66,5.6610000000,right_hand,20,0.4590135515,0.5749666095,-0.0307474732,1.0000000000
67,5.7470000000,right_hand,20,0.4451677203,0.5811082125,-0.0312621221,1.0000000000
68,5.8330000000,right_hand,20,0.4268625379,0.5894403458,-0.0247138906,1.0000000000
69,5.9180000000,right_hand,20,0.4289262295,0.5811471343,-0.0091039622,1.0000000000
70,6.0040000000,right_hand,20,0.4326981306,0.5756991208,-0.0165720112,1.0000000000
71,6.0900000000,right_hand,20,0.4364700317,0.5702511072,-0.0240400601,1.0000000000
72,6.1760000000,right_hand,20,0.4332087636,0.5803764462,-0.0330746062,1.0000000000
73,6.2620000000,right_hand,20,0.4248840213,0.5842484236,-0.0555855818,1.0000000000
74,6.3470000000,right_hand,20,0.4261205792,0.5880134702,-0.0342757516,1.0000000000
75,6.4330000000,right_hand,20,0.4420532584,0.5800384879,-0.0427837484,1.0000000000
76,6.5190000000,right_hand,20,0.4568439722,0.5718221664,-0.0464538001,1.0000000000
77,6.6050000000,right_hand,20,0.4552830160,0.5781925917,-0.0391124785,1.0000000000
78,6.6900000000,right_hand,20,0.4623435736,0.5784543157,-0.0288580507,1.0000000000
79,6.7760000000,right_hand,20,0.4733197093,0.5702465773,-0.0305774808,1.0000000000
80,6.8620000000,right_hand,20,0.4722312391,0.5733491182,-0.0378336385,1.0000000000
81,6.9480000000,right_hand,20,0.4705486298,0.5765035748,-0.0314815640,1.0000000000
82,7.0340000000,right_hand,20,0.4832960963,0.5703100562,-0.0382446051,1.0000000000
83,7.1190000000,right_hand,20,0.4778523445,0.5745329261,-0.0389559902,1.0000000000
84,7.2050000000,right_hand,20,0.4833534360,0.5742061138,-0.0413370170,1.0000000000
85,7.2910000000,right_hand,20,0.4916903675,0.5708987713,-0.0452157781,1.0000000000
86,7.3770000000,right_hand,20,0.4924985170,0.5703260303,-0.0404914804,1.0000000000
87,7.4620000000,right_hand,20,0.4941817224,0.5674256086,-0.0445326939,1.0000000000
88,7.5480000000,right_hand,20,0.4928796887,0.5704653263,-0.0426513702,1.0000000000
89,7.6340000000,right_hand,20,0.4928580821,0.5795400143,-0.0536436401,1.0000000000
90,7.7200000000,right_hand,20,0.4816428423,0.5861407518,-0.0453556031,1.0000000000
91,7.8050000000,right_hand,20,0.4763365388,0.5809494853,-0.0484203473,1.0000000000
92,7.8910000000,right_hand,20,0.4708977640,0.5820627809,-0.0517272651,1.0000000000
93,7.9770000000,right_hand,20,0.4675547481,0.5876331329,-0.0506594405,1.0000000000
94,8.0630000000,right_hand,20,0.4623034298,0.5885499716,-0.0508668087,1.0000000000
95,8.1490000000,right_hand,20,0.4597269297,0.5860508680,-0.0528118685,1.0000000000
96,8.2340000000,right_hand,20,0.4621426463,0.5882900953,-0.0570986122,1.0000000000
97,8.3200000000,right_hand,20,0.4645273089,0.5894042850,-0.0527177975,1.0000000000
98,8.4060000000,right_hand,20,0.4657115340,0.5841529369,-0.0555580407,1.0000000000
99,8.4920000000,right_hand,20,0.4671197534,0.5839502811,-0.0512149483,1.0000000000
100,8.5770000000,right_hand,20,0.4723247588,0.5833007097,-0.0443469062,1.0000000000
101,8.6630000000,right_hand,20,0.4785976410,0.5901773572,-0.0457519144,1.0000000000
102,8.7490000000,right_hand,20,0.4891310632,0.5977581739,-0.0428663790,1.0000000000
103,8.8350000000,right_hand,20,0.4933637679,0.5988968611,-0.0430961140,1.0000000000
104,8.9210000000,right_hand,20,0.4976567030,0.5968642831,-0.0350232907,1.0000000000
105,9.0060000000,right_hand,20,0.4914531708,0.5784870982,-0.0294418857,1.0000000000
106,9.0920000000,right_hand,20,0.4922665060,0.5769854784,-0.0421570651,1.0000000000
107,9.1780000000,right_hand,20,0.4895676672,0.5781238675,-0.0406886712,1.0000000000
108,9.2640000000,right_hand,20,0.4868838191,0.5792554617,-0.0383381434,1.0000000000
109,9.3490000000,right_hand,20,0.4830863774,0.5790849924,-0.0415124558,1.0000000000
110,9.4350000000,right_hand,20,0.4733302593,0.5814470649,-0.0388009846,1.0000000000
111,9.5210000000,right_hand,20,0.4601810575,0.5757637024,-0.0314919800,1.0000000000
112,9.6070000000,right_hand,20,0.4556756616,0.5711677074,-0.0492158569,1.0000000000
113,9.6930000000,right_hand,20,0.4530884922,0.5712808967,-0.0489147268,1.0000000000
114,9.7780000000,right_hand,20,0.4297878146,0.5795431733,-0.0341105834,1.0000000000
115,9.8640000000,right_hand,20,0.4384948015,0.5759173036,-0.0318843201,1.0000000000
116,9.9500000000,right_hand,20,0.4416545928,0.5782291293,-0.0317726284,1.0000000000
117,10.0360000000,right_hand,20,0.4417609572,0.5732568502,-0.0225921981,1.0000000000
118,10.1210000000,right_hand,20,0.4443249106,0.5764220357,-0.0343599357,1.0000000000
119,10.2070000000,right_hand,20,0.4452190697,0.5755714178,-0.0354341492,1.0000000000
120,10.2930000000,right_hand,20,0.4542714059,0.5757857561,-0.0423699692,1.0000000000
121,10.3790000000,right_hand,20,0.4546295404,0.5768126249,-0.0536321588,1.0000000000
122,10.4640000000,right_hand,20,0.4657815695,0.5757368803,-0.0417078659,1.0000000000
123,10.5500000000,right_hand,20,0.4794879258,0.5717125535,-0.0328655131,1.0000000000
124,10.6360000000,right_hand,20,0.4818346202,0.5763241649,-0.0366249382,1.0000000000
125,10.7220000000,right_hand,20,0.4799710810,0.5740635991,-0.0365530625,1.0000000000
126,10.8080000000,right_hand,20,0.4835600257,0.5720447302,-0.0351701900,1.0000000000
127,10.8930000000,right_hand,20,0.4824230671,0.5823895931,-0.0389929600,1.0000000000
128,10.9790000000,right_hand,20,0.4864655435,0.5834936798,-0.0411667852,1.0000000000
129,11.0650000000,right_hand,20,0.4905080199,0.5845977664,-0.0433406103,1.0000000000
130,11.1510000000,right_hand,20,0.4945504963,0.5857018530,-0.0455144355,1.0000000000
131,11.2360000000,right_hand,20,0.4985929728,0.5868059397,-0.0476882607,1.0000000000
132,11.3220000000,right_hand,20,0.4888231456,0.5860388875,-0.0476877950,1.0000000000
133,11.4080000000,right_hand,20,0.4529033601,0.5949511528,-0.0269905310,1.0000000000
134,11.4940000000,right_hand,20,0.4445253164,0.5944836140,-0.0301426789,1.0000000000
135,11.5800000000,right_hand,20,0.4361472726,0.5940160751,-0.0332948267,1.0000000000
136,11.6650000000,right_hand,20,0.4382973015,0.5893762112,-0.0365202092,1.0000000000
137,11.7510000000,right_hand,20,0.4470722973,0.5877934694,-0.0369922854,1.0000000000
138,11.8370000000,right_hand,20,0.4575817585,0.5867254138,-0.0521862097,1.0000000000
139,11.9230000000,right_hand,20,0.4603139162,0.5911279917,-0.0594392084,1.0000000000
