frame_id,timestamp_sec,landmark_type,landmark_id,x,y,z,visibility
61,5.0810000000,left_hand,0,0.3455005884,0.6989122033,0.0000001915,1.0000000000
62,5.1650000000,left_hand,0,0.3455005884,0.6989122033,0.0000001915,1.0000000000
63,5.2480000000,left_hand,0,0.5913887024,0.5191360116,-0.0000000742,1.0000000000
64,5.3310000000,left_hand,0,0.5840528607,0.4896955490,-0.0000000541,1.0000000000
65,5.4150000000,left_hand,0,0.5821856856,0.5101803541,-0.0000000876,1.0000000000
66,5.4980000000,left_hand,0,0.5803185105,0.5306651592,-0.0000001210,1.0000000000
67,5.5810000000,left_hand,0,0.5907282233,0.5376939178,-0.0000000538,1.0000000000
68,5.6650000000,left_hand,0,0.6008775234,0.5738442540,-0.0000000777,1.0000000000
69,5.7480000000,left_hand,0,0.6093587875,0.5467713475,-0.0000001254,1.0000000000
70,5.8310000000,left_hand,0,0.6292210221,0.5392616987,0.0000000042,1.0000000000
71,5.9140000000,left_hand,0,0.6570196748,0.5820775628,-0.0000000337,1.0000000000
72,5.9980000000,left_hand,0,0.6695910692,0.5869764686,-0.0000000895,1.0000000000
73,6.0810000000,left_hand,0,0.6744005084,0.5342801809,-0.0000000834,1.0000000000
74,6.1640000000,left_hand,0,0.6575729847,0.5464840531,-0.0000000184,1.0000000000
75,6.2480000000,left_hand,0,0.6579555472,0.5397545165,-0.0000000011,1.0000000000
76,6.3310000000,left_hand,0,0.6583381097,0.5330249800,0.0000000163,1.0000000000
77,6.4140000000,left_hand,0,0.6583381097,0.5330249800,0.0000000163,1.0000000000
78,6.4980000000,left_hand,0,0.6583381097,0.5330249800,0.0000000163,1.0000000000
79,6.5810000000,left_hand,0,0.6583381097,0.5330249800,0.0000000163,1.0000000000
80,6.6640000000,left_hand,0,0.6583381097,0.5330249800,0.0000000163,1.0000000000
81,6.7470000000,left_hand,0,0.6602509220,0.4993772970,0.0000001028,1.0000000000
82,6.8310000000,left_hand,0,0.6606334845,0.4926477604,0.0000001202,1.0000000000
83,6.9140000000,left_hand,0,0.6610160470,0.4859182239,0.0000001375,1.0000000000
84,6.9970000000,left_hand,0,0.6574483911,0.5018105110,0.0000000423,1.0000000000
85,7.0810000000,left_hand,0,0.6538807352,0.5177027980,-0.0000000529,1.0000000000
86,7.1640000000,left_hand,0,0.6503130794,0.5335950851,-0.0000001481,1.0000000000
87,7.2470000000,left_hand,0,0.6487858057,0.5346107244,-0.0000001250,1.0000000000
88,7.3310000000,left_hand,0,0.6472585320,0.5356263638,-0.0000001018,1.0000000000
89,7.4140000000,left_hand,0,0.6457312584,0.5366420031,-0.0000000787,1.0000000000
90,7.4970000000,left_hand,0,0.6442039847,0.5376576424,-0.0000000556,1.0000000000
91,7.5800000000,left_hand,0,0.6426767111,0.5386732817,-0.0000000325,1.0000000000
92,7.6640000000,left_hand,0,0.6173307896,0.5341291428,0.0000001009,1.0000000000
93,7.7470000000,left_hand,0,0.5936654806,0.5205309391,0.0000000842,1.0000000000
94,7.8300000000,left_hand,0,0.5800874233,0.5377027392,0.0000001905,1.0000000000
95,7.9140000000,left_hand,0,0.5651729703,0.5481318831,0.0000001464,1.0000000000
96,7.9970000000,left_hand,0,0.5535302758,0.5595823526,-0.0000000179,1.0000000000
97,8.0800000000,left_hand,0,0.5584801435,0.5567134619,0.0000001416,1.0000000000
98,8.1640000000,left_hand,0,0.5649954081,0.5522643924,0.0000001425,1.0000000000
99,8.2470000000,left_hand,0,0.5774812698,0.5476679802,0.0000001365,1.0000000000
100,8.3300000000,left_hand,0,0.6103920937,0.5869354010,-0.0000001353,1.0000000000
101,8.4140000000,left_hand,0,0.6253886819,0.5633857250,-0.0000000079,1.0000000000
102,8.4970000000,left_hand,0,0.6361284852,0.5354917049,0.0000000485,1.0000000000
103,8.5800000000,left_hand,0,0.6497080326,0.5480068326,0.0000000348,1.0000000000
104,8.6630000000,left_hand,0,0.6632875800,0.5605219603,0.0000000211,1.0000000000
105,8.7470000000,left_hand,0,0.6768671274,0.5730370879,0.0000000074,1.0000000000
106,8.8300000000,left_hand,0,0.6747075915,0.5743268728,0.0000001096,1.0000000000
107,8.9130000000,left_hand,0,0.6721930504,0.5784618258,0.0000001005,1.0000000000
108,8.9970000000,left_hand,0,0.6707272530,0.5694608688,0.0000001338,1.0000000000
109,9.0800000000,left_hand,0,0.6735302806,0.5787686706,0.0000001346,1.0000000000
110,9.1630000000,left_hand,0,0.6662663817,0.5801501274,0.0000001212,1.0000000000
111,9.2470000000,left_hand,0,0.6602268219,0.5791150331,0.0000001196,1.0000000000
112,9.3300000000,left_hand,0,0.6497622728,0.5700767040,0.0000001457,1.0000000000
113,9.4130000000,left_hand,0,0.6315084696,0.5825554132,0.0000001505,1.0000000000
114,9.4960000000,left_hand,0,0.6173933744,0.5659081936,0.0000001177,1.0000000000
115,9.5800000000,left_hand,0,0.6069854498,0.5591849089,0.0000001048,1.0000000000
116,9.6630000000,left_hand,0,0.5921766758,0.5503376126,0.0000001322,1.0000000000
117,9.7460000000,left_hand,0,0.5790753961,0.5609058738,0.0000000796,1.0000000000
118,9.8300000000,left_hand,0,0.5727066398,0.5390778780,0.0000000526,1.0000000000
119,9.9130000000,left_hand,0,0.5655706525,0.5278105140,0.0000000553,1.0000000000
120,9.9960000000,left_hand,0,0.5628105402,0.5503013134,0.0000000691,1.0000000000
121,10.0800000000,left_hand,0,0.5670082569,0.5539870262,0.0000000753,1.0000000000
122,10.1630000000,left_hand,0,0.5652312636,0.5326638222,0.0000000634,1.0000000000
123,10.2460000000,left_hand,0,0.5812646747,0.5441079140,-0.0000000121,1.0000000000
124,10.3290000000,left_hand,0,0.6148068309,0.5524927974,-0.0000000236,1.0000000000
125,10.4130000000,left_hand,0,0.6294400096,0.5490130186,0.0000000295,1.0000000000
126,10.4960000000,left_hand,0,0.6507381499,0.5274525285,-0.0000001279,1.0000000000
127,10.5790000000,left_hand,0,0.6720362902,0.5058920383,-0.0000002854,1.0000000000
128,10.6630000000,left_hand,0,0.6759310365,0.5651575923,-0.0000001239,1.0000000000
129,10.7460000000,left_hand,0,0.6790056705,0.5681826472,-0.0000000724,1.0000000000
130,10.8290000000,left_hand,0,0.6820803046,0.5712077022,-0.0000000209,1.0000000000
131,10.9130000000,left_hand,0,0.6851549387,0.5742327571,0.0000000306,1.0000000000
132,10.9960000000,left_hand,0,0.6882295728,0.5772578120,0.0000000821,1.0000000000
133,11.0790000000,left_hand,0,0.6913042068,0.5802828670,0.0000001335,1.0000000000
134,11.1620000000,left_hand,0,0.6813402772,0.5829845667,0.0000000948,1.0000000000
135,11.2460000000,left_hand,0,0.6713763475,0.5856862664,0.0000000561,1.0000000000
136,11.3290000000,left_hand,0,0.6678895950,0.5689484477,0.0000001050,1.0000000000
137,11.4120000000,left_hand,0,0.6625960469,0.5702954531,0.0000001470,1.0000000000
138,11.4960000000,left_hand,0,0.6591179371,0.5613663197,0.0000000550,1.0000000000
139,11.5790000000,left_hand,0,0.6455248594,0.5623615980,0.0000000074,1.0000000000
140,11.6620000000,left_hand,0,0.6398199797,0.5615951419,-0.0000000975,1.0000000000
141,11.7460000000,left_hand,0,0.6383020282,0.5612971187,-0.0000001144,1.0000000000
142,11.8290000000,left_hand,0,0.6380099058,0.5717424154,-0.0000000835,1.0000000000
143,11.9120000000,left_hand,0,0.6380093098,0.5768994689,-0.0000001235,1.0000000000
144,11.9960000000,left_hand,0,0.6381840110,0.5797976851,-0.0000001191,1.0000000000
61,5.0810000000,left_hand,1,0.3494114578,0.7326455712,-0.0082683917,1.0000000000
62,5.1650000000,left_hand,1,0.3494114578,0.7326455712,-0.0082683917,1.0000000000
63,5.2480000000,left_hand,1,0.5649114847,0.5017042756,0.0027515527,1.0000000000
64,5.3310000000,left_hand,1,0.5500587821,0.4773702025,0.0071588433,1.0000000000
65,5.4150000000,left_hand,1,0.5532331169,0.4950564504,0.0026370969,1.0000000000
66,5.4980000000,left_hand,1,0.5564074516,0.5127426982,-0.0018846495,1.0000000000
67,5.5810000000,left_hand,1,0.5629472733,0.5249381065,0.0048285997,1.0000000000
68,5.6650000000,left_hand,1,0.5746648312,0.5704954267,0.0085885189,1.0000000000
69,5.7480000000,left_hand,1,0.5825364590,0.5442731977,0.0056475983,1.0000000000
70,5.8310000000,left_hand,1,0.6017971635,0.5429247618,0.0101275826,1.0000000000
71,5.9140000000,left_hand,1,0.6297115088,0.5719870925,0.0080372980,1.0000000000
72,5.9980000000,left_hand,1,0.6421136260,0.5818111897,0.0015798900,1.0000000000
73,6.0810000000,left_hand,1,0.6481469870,0.5286900401,0.0047597671,1.0000000000
74,6.1640000000,left_hand,1,0.6312084198,0.5279843807,0.0118849771,1.0000000000
75,6.2480000000,left_hand,1,0.6326313747,0.5181352960,0.0103808895,1.0000000000
76,6.3310000000,left_hand,1,0.6340543297,0.5082862112,0.0088768019,1.0000000000
77,6.4140000000,left_hand,1,0.6340543297,0.5082862112,0.0088768019,1.0000000000
78,6.4980000000,left_hand,1,0.6340543297,0.5082862112,0.0088768019,1.0000000000
79,6.5810000000,left_hand,1,0.6340543297,0.5082862112,0.0088768019,1.0000000000
80,6.6640000000,left_hand,1,0.6340543297,0.5082862112,0.0088768019,1.0000000000
81,6.7470000000,left_hand,1,0.6411691043,0.4590407875,0.0013563639,1.0000000000
82,6.8310000000,left_hand,1,0.6425920592,0.4491917027,-0.0001477237,1.0000000000
83,6.9140000000,left_hand,1,0.6440150142,0.4393426180,-0.0016518113,1.0000000000
84,6.9970000000,left_hand,1,0.6473973989,0.4771920443,-0.0092940547,1.0000000000
85,7.0810000000,left_hand,1,0.6507797837,0.5150414705,-0.0169362981,1.0000000000
86,7.1640000000,left_hand,1,0.6541621685,0.5528908968,-0.0245785415,1.0000000000
87,7.2470000000,left_hand,1,0.6479128003,0.5412428260,-0.0214798311,1.0000000000
88,7.3310000000,left_hand,1,0.6416634321,0.5295947552,-0.0183811206,1.0000000000
89,7.4140000000,left_hand,1,0.6354140639,0.5179466844,-0.0152824102,1.0000000000
90,7.4970000000,left_hand,1,0.6291646957,0.5062986135,-0.0121836998,1.0000000000
91,7.5800000000,left_hand,1,0.6229153275,0.4946505427,-0.0090849893,1.0000000000
92,7.6640000000,left_hand,1,0.5987429619,0.5024669170,-0.0020155711,1.0000000000
93,7.7470000000,left_hand,1,0.5926396847,0.5510287285,-0.0206645392,1.0000000000
94,7.8300000000,left_hand,1,0.5573365688,0.5103463531,0.0023910829,1.0000000000
95,7.9140000000,left_hand,1,0.5459537506,0.5194070935,0.0020364628,1.0000000000
96,7.9970000000,left_hand,1,0.5313963294,0.5350346565,0.0049628504,1.0000000000
97,8.0800000000,left_hand,1,0.5383108854,0.5225000978,-0.0005817675,1.0000000000
98,8.1640000000,left_hand,1,0.5426030159,0.5198609829,0.0013572562,1.0000000000
99,8.2470000000,left_hand,1,0.5545598269,0.5175271630,0.0002397266,1.0000000000
100,8.3300000000,left_hand,1,0.5921878815,0.5505968332,-0.0059133754,1.0000000000
101,8.4140000000,left_hand,1,0.6054761410,0.5171129704,0.0031262694,1.0000000000
102,8.4970000000,left_hand,1,0.6123017669,0.4992536008,0.0024147863,1.0000000000
103,8.5800000000,left_hand,1,0.6269315283,0.5134053628,0.0007446197,1.0000000000
104,8.6630000000,left_hand,1,0.6415612896,0.5275571247,-0.0009255468,1.0000000000
105,8.7470000000,left_hand,1,0.6561910510,0.5417088866,-0.0025957134,1.0000000000
106,8.8300000000,left_hand,1,0.6526209116,0.5418045521,0.0020862056,1.0000000000
107,8.9130000000,left_hand,1,0.6512548923,0.5416524410,0.0061200308,1.0000000000
108,8.9970000000,left_hand,1,0.6465587616,0.5372468233,0.0015205680,1.0000000000
109,9.0800000000,left_hand,1,0.6517329812,0.5422294140,0.0006769020,1.0000000000
110,9.1630000000,left_hand,1,0.6449327469,0.5454029441,-0.0012227765,1.0000000000
111,9.2470000000,left_hand,1,0.6376664042,0.5436663032,0.0016282089,1.0000000000
112,9.3300000000,left_hand,1,0.6215803623,0.5384826064,0.0026361656,1.0000000000
113,9.4130000000,left_hand,1,0.6031804681,0.5464512706,0.0060699382,1.0000000000
114,9.4960000000,left_hand,1,0.5889406800,0.5334290862,0.0012060424,1.0000000000
115,9.5800000000,left_hand,1,0.5813543797,0.5261136293,-0.0007942209,1.0000000000
116,9.6630000000,left_hand,1,0.5660262108,0.5164494514,0.0013229938,1.0000000000
117,9.7460000000,left_hand,1,0.5606759787,0.5216538906,-0.0016153581,1.0000000000
118,9.8300000000,left_hand,1,0.5505292416,0.5102740526,0.0006005185,1.0000000000
119,9.9130000000,left_hand,1,0.5416868329,0.5022332668,0.0038401661,1.0000000000
120,9.9960000000,left_hand,1,0.5418418050,0.5156674981,0.0001673948,1.0000000000
121,10.0800000000,left_hand,1,0.5459523201,0.5214322209,-0.0000857473,1.0000000000
122,10.1630000000,left_hand,1,0.5389655232,0.5051112175,0.0060725994,1.0000000000
123,10.2460000000,left_hand,1,0.5567516685,0.5089451671,0.0069980426,1.0000000000
124,10.3290000000,left_hand,1,0.5936824083,0.5225716829,-0.0001997980,1.0000000000
125,10.4130000000,left_hand,1,0.6116411686,0.5128448009,-0.0052179792,1.0000000000
126,10.4960000000,left_hand,1,0.6312348545,0.5021373332,-0.0043336615,1.0000000000
127,10.5790000000,left_hand,1,0.6508285403,0.4914298654,-0.0034493438,1.0000000000
128,10.6630000000,left_hand,1,0.6553657651,0.5346236229,-0.0048595755,1.0000000000
129,10.7460000000,left_hand,1,0.6585842371,0.5396227241,-0.0037254996,1.0000000000
130,10.8290000000,left_hand,1,0.6618027091,0.5446218252,-0.0025914237,1.0000000000
131,10.9130000000,left_hand,1,0.6650211811,0.5496209264,-0.0014573478,1.0000000000
132,10.9960000000,left_hand,1,0.6682396531,0.5546200275,-0.0003232719,1.0000000000
133,11.0790000000,left_hand,1,0.6714581251,0.5596191287,0.0008108040,1.0000000000
134,11.1620000000,left_hand,1,0.6587628722,0.5611946583,0.0021924554,1.0000000000
135,11.2460000000,left_hand,1,0.6460676193,0.5627701879,0.0035741068,1.0000000000
136,11.3290000000,left_hand,1,0.6420682669,0.5570693612,0.0035420533,1.0000000000
137,11.4120000000,left_hand,1,0.6366469860,0.5604177713,-0.0001217375,1.0000000000
138,11.4960000000,left_hand,1,0.6327158809,0.5545712113,0.0029435831,1.0000000000
139,11.5790000000,left_hand,1,0.6164727807,0.5588161945,0.0065249568,1.0000000000
140,11.6620000000,left_hand,1,0.6121331453,0.5599570274,0.0077133486,1.0000000000
141,11.7460000000,left_hand,1,0.6106645465,0.5692006946,0.0078262966,1.0000000000
142,11.8290000000,left_hand,1,0.6108105779,0.5712518096,0.0078214640,1.0000000000
143,11.9120000000,left_hand,1,0.6113354564,0.5802841187,0.0051456788,1.0000000000
144,11.9960000000,left_hand,1,0.6108754873,0.5832205415,0.0065537021,1.0000000000
61,5.0810000000,left_hand,2,0.3665796220,0.7595428228,-0.0182813499,1.0000000000
62,5.1650000000,left_hand,2,0.3665796220,0.7595428228,-0.0182813499,1.0000000000
63,5.2480000000,left_hand,2,0.5328603983,0.5070224404,0.0005509483,1.0000000000
64,5.3310000000,left_hand,2,0.5165466070,0.4936990738,0.0098167090,1.0000000000
65,5.4150000000,left_hand,2,0.5227203369,0.5041052699,0.0016582904,1.0000000000
66,5.4980000000,left_hand,2,0.5288940668,0.5145114660,-0.0065001282,1.0000000000
67,5.5810000000,left_hand,2,0.5368460417,0.5284284949,0.0031352011,1.0000000000
68,5.6650000000,left_hand,2,0.5497025251,0.5823540092,0.0087209037,1.0000000000
69,5.7480000000,left_hand,2,0.5582116246,0.5610709786,0.0025482257,1.0000000000
70,5.8310000000,left_hand,2,0.5788368583,0.5658604503,0.0110808900,1.0000000000
71,5.9140000000,left_hand,2,0.6040983796,0.5807593465,0.0060543064,1.0000000000
72,5.9980000000,left_hand,2,0.6172426939,0.5757317543,-0.0044831624,1.0000000000
73,6.0810000000,left_hand,2,0.6211487055,0.5393495560,0.0030082499,1.0000000000
74,6.1640000000,left_hand,2,0.6069437861,0.5321719050,0.0170972887,1.0000000000
75,6.2480000000,left_hand,2,0.6080633733,0.5200189418,0.0138614388,1.0000000000
76,6.3310000000,left_hand,2,0.6091829605,0.5078659786,0.0106255888,1.0000000000
77,6.4140000000,left_hand,2,0.6091829605,0.5078659786,0.0106255888,1.0000000000
78,6.4980000000,left_hand,2,0.6091829605,0.5078659786,0.0106255888,1.0000000000
79,6.5810000000,left_hand,2,0.6091829605,0.5078659786,0.0106255888,1.0000000000
80,6.6640000000,left_hand,2,0.6091829605,0.5078659786,0.0106255888,1.0000000000
81,6.7470000000,left_hand,2,0.6147808962,0.4471011625,-0.0055536610,1.0000000000
82,6.8310000000,left_hand,2,0.6159004834,0.4349481993,-0.0087895110,1.0000000000
83,6.9140000000,left_hand,2,0.6170200706,0.4227952361,-0.0120253609,1.0000000000
84,6.9970000000,left_hand,2,0.6268608570,0.4673998753,-0.0231544493,1.0000000000
85,7.0810000000,left_hand,2,0.6367016435,0.5120045145,-0.0342835377,1.0000000000
86,7.1640000000,left_hand,2,0.6465424299,0.5566091537,-0.0454126261,1.0000000000
87,7.2470000000,left_hand,2,0.6356989861,0.5392649829,-0.0402568486,1.0000000000
88,7.3310000000,left_hand,2,0.6248555422,0.5219208121,-0.0351010710,1.0000000000
89,7.4140000000,left_hand,2,0.6140120983,0.5045766413,-0.0299452934,1.0000000000
90,7.4970000000,left_hand,2,0.6031686544,0.4872324705,-0.0247895159,1.0000000000
91,7.5800000000,left_hand,2,0.5923252106,0.4698882997,-0.0196337383,1.0000000000
92,7.6640000000,left_hand,2,0.5738104582,0.4918488860,-0.0054136585,1.0000000000
93,7.7470000000,left_hand,2,0.5840618610,0.5717201829,-0.0364257395,1.0000000000
94,7.8300000000,left_hand,2,0.5299848914,0.5039370060,0.0013604091,1.0000000000
95,7.9140000000,left_hand,2,0.5228078365,0.5085088015,0.0019370097,1.0000000000
96,7.9970000000,left_hand,2,0.5023083687,0.5287017822,0.0032003028,1.0000000000
97,8.0800000000,left_hand,2,0.5102419853,0.5114262104,-0.0013171692,1.0000000000
98,8.1640000000,left_hand,2,0.5152695775,0.5093076825,0.0010986548,1.0000000000
99,8.2470000000,left_hand,2,0.5269988775,0.5058798194,0.0010847751,1.0000000000
100,8.3300000000,left_hand,2,0.5617159009,0.5231635571,-0.0147225028,1.0000000000
101,8.4140000000,left_hand,2,0.5738525391,0.4973072410,0.0025488895,1.0000000000
102,8.4970000000,left_hand,2,0.5813887715,0.4925337136,-0.0023660308,1.0000000000
103,8.5800000000,left_hand,2,0.5959086418,0.5046249231,-0.0036701552,1.0000000000
104,8.6630000000,left_hand,2,0.6104285121,0.5167161326,-0.0049742796,1.0000000000
105,8.7470000000,left_hand,2,0.6249483824,0.5288073421,-0.0062784040,1.0000000000
106,8.8300000000,left_hand,2,0.6213592887,0.5285523534,0.0017796675,1.0000000000
107,8.9130000000,left_hand,2,0.6205587983,0.5271643400,0.0084688561,1.0000000000
108,8.9970000000,left_hand,2,0.6168817282,0.5272091031,0.0013290030,1.0000000000
109,9.0800000000,left_hand,2,0.6179080009,0.5303983688,0.0021873317,1.0000000000
110,9.1630000000,left_hand,2,0.6129065752,0.5326799750,-0.0025015878,1.0000000000
111,9.2470000000,left_hand,2,0.6050585508,0.5325503349,0.0019969402,1.0000000000
112,9.3300000000,left_hand,2,0.5890073776,0.5320861340,0.0023137557,1.0000000000
113,9.4130000000,left_hand,2,0.5706708431,0.5387191176,0.0081194388,1.0000000000
114,9.4960000000,left_hand,2,0.5561115146,0.5322743654,0.0006143135,1.0000000000
115,9.5800000000,left_hand,2,0.5482505560,0.5225598812,-0.0004771523,1.0000000000
116,9.6630000000,left_hand,2,0.5356577635,0.5094963312,0.0019226340,1.0000000000
117,9.7460000000,left_hand,2,0.5301391482,0.5058308244,-0.0034980644,1.0000000000
118,9.8300000000,left_hand,2,0.5210146904,0.5012332797,-0.0039630746,1.0000000000
119,9.9130000000,left_hand,2,0.5119664669,0.4999870658,0.0015670233,1.0000000000
120,9.9960000000,left_hand,2,0.5151944160,0.5081795454,-0.0032526918,1.0000000000
121,10.0800000000,left_hand,2,0.5180571079,0.5087790489,-0.0038718055,1.0000000000
122,10.1630000000,left_hand,2,0.5088735819,0.5049740076,0.0082058143,1.0000000000
123,10.2460000000,left_hand,2,0.5255637765,0.5026314259,0.0064748279,1.0000000000
124,10.3290000000,left_hand,2,0.5647537112,0.5096756816,-0.0054700524,1.0000000000
125,10.4130000000,left_hand,2,0.5820880532,0.4968117177,-0.0108809145,1.0000000000
126,10.4960000000,left_hand,2,0.6008620262,0.4961301833,-0.0122975884,1.0000000000
127,10.5790000000,left_hand,2,0.6196359992,0.4954486489,-0.0137142623,1.0000000000
128,10.6630000000,left_hand,2,0.6233189106,0.5171537399,-0.0107678007,1.0000000000
129,10.7460000000,left_hand,2,0.6276291847,0.5246624708,-0.0085718147,1.0000000000
130,10.8290000000,left_hand,2,0.6319394588,0.5321712017,-0.0063758287,1.0000000000
131,10.9130000000,left_hand,2,0.6362497330,0.5396799326,-0.0041798427,1.0000000000
132,10.9960000000,left_hand,2,0.6405600071,0.5471886635,-0.0019838567,1.0000000000
133,11.0790000000,left_hand,2,0.6448702812,0.5546973944,0.0002121294,1.0000000000
134,11.1620000000,left_hand,2,0.6319614053,0.5561074913,0.0014463571,1.0000000000
135,11.2460000000,left_hand,2,0.6190525293,0.5575175881,0.0026805848,1.0000000000
136,11.3290000000,left_hand,2,0.6181733012,0.5672664642,0.0033978687,1.0000000000
137,11.4120000000,left_hand,2,0.6101262569,0.5693337917,-0.0014481358,1.0000000000
138,11.4960000000,left_hand,2,0.6080189943,0.5697723627,0.0029593352,1.0000000000
139,11.5790000000,left_hand,2,0.5920078754,0.5794048309,0.0069588176,1.0000000000
140,11.6620000000,left_hand,2,0.5872475505,0.5804944634,0.0076890988,1.0000000000
141,11.7460000000,left_hand,2,0.5881453753,0.5956994891,0.0087422887,1.0000000000
142,11.8290000000,left_hand,2,0.5874875784,0.5958368182,0.0084512271,1.0000000000
143,11.9120000000,left_hand,2,0.5877130628,0.6065197587,0.0043070656,1.0000000000
144,11.9960000000,left_hand,2,0.5874462724,0.6081162095,0.0058395034,1.0000000000
61,5.0810000000,left_hand,3,0.3885005414,0.7811757922,-0.0249539185,1.0000000000
62,5.1650000000,left_hand,3,0.3885005414,0.7811757922,-0.0249539185,1.0000000000
63,5.2480000000,left_hand,3,0.5087897182,0.5291969776,-0.0035892359,1.0000000000
64,5.3310000000,left_hand,3,0.4934275448,0.5158810019,0.0098704463,1.0000000000
65,5.4150000000,left_hand,3,0.5007850677,0.5251858532,-0.0007298952,1.0000000000
66,5.4980000000,left_hand,3,0.5081425905,0.5344907045,-0.0113302367,1.0000000000
67,5.5810000000,left_hand,3,0.5175786018,0.5425105095,0.0002187565,1.0000000000
68,5.6650000000,left_hand,3,0.5324584246,0.6004742384,0.0071827574,1.0000000000
69,5.7480000000,left_hand,3,0.5413577557,0.5889990926,-0.0016093096,1.0000000000
70,5.8310000000,left_hand,3,0.5642928481,0.5929849744,0.0101532871,1.0000000000
71,5.9140000000,left_hand,3,0.5871883631,0.6025321484,0.0028497668,1.0000000000
72,5.9980000000,left_hand,3,0.6009480357,0.5814340115,-0.0112220822,1.0000000000
73,6.0810000000,left_hand,3,0.6042997241,0.5592756867,-0.0004529565,1.0000000000
74,6.1640000000,left_hand,3,0.5885165930,0.5429923534,0.0186043829,1.0000000000
75,6.2480000000,left_hand,3,0.5885378122,0.5298515161,0.0140748680,1.0000000000
76,6.3310000000,left_hand,3,0.5885590315,0.5167106787,0.0095453531,1.0000000000
77,6.4140000000,left_hand,3,0.5885590315,0.5167106787,0.0095453531,1.0000000000
78,6.4980000000,left_hand,3,0.5885590315,0.5167106787,0.0095453531,1.0000000000
79,6.5810000000,left_hand,3,0.5885590315,0.5167106787,0.0095453531,1.0000000000
80,6.6640000000,left_hand,3,0.5885590315,0.5167106787,0.0095453531,1.0000000000
81,6.7470000000,left_hand,3,0.5886651278,0.4510064920,-0.0131022212,1.0000000000
82,6.8310000000,left_hand,3,0.5886863470,0.4378656546,-0.0176317361,1.0000000000
83,6.9140000000,left_hand,3,0.5887075663,0.4247248173,-0.0221612509,1.0000000000
84,6.9970000000,left_hand,3,0.6052234173,0.4653532306,-0.0358162485,1.0000000000
85,7.0810000000,left_hand,3,0.6217392683,0.5059816440,-0.0494712461,1.0000000000
86,7.1640000000,left_hand,3,0.6382551193,0.5466100574,-0.0631262437,1.0000000000
87,7.2470000000,left_hand,3,0.6232399344,0.5307964921,-0.0563751929,1.0000000000
88,7.3310000000,left_hand,3,0.6082247496,0.5149829268,-0.0496241421,1.0000000000
89,7.4140000000,left_hand,3,0.5932095647,0.4991693616,-0.0428730913,1.0000000000
90,7.4970000000,left_hand,3,0.5781943798,0.4833557963,-0.0361220405,1.0000000000
91,7.5800000000,left_hand,3,0.5631791949,0.4675422311,-0.0293709897,1.0000000000
92,7.6640000000,left_hand,3,0.5508669019,0.4995315075,-0.0092821671,1.0000000000
93,7.7470000000,left_hand,3,0.5759518743,0.5748170018,-0.0496194847,1.0000000000
94,7.8300000000,left_hand,3,0.5077365041,0.5039961934,-0.0004097283,1.0000000000
95,7.9140000000,left_hand,3,0.5026955605,0.5031191111,0.0014748214,1.0000000000
96,7.9970000000,left_hand,3,0.4770243168,0.5397376418,-0.0000362698,1.0000000000
97,8.0800000000,left_hand,3,0.4888676107,0.5180781484,-0.0027230231,1.0000000000
98,8.1640000000,left_hand,3,0.4927899539,0.5106177926,0.0006719735,1.0000000000
99,8.2470000000,left_hand,3,0.5045758486,0.5009119511,0.0010199076,1.0000000000
100,8.3300000000,left_hand,3,0.5323743820,0.5115150809,-0.0230697356,1.0000000000
101,8.4140000000,left_hand,3,0.5469743013,0.5031486154,0.0004514330,1.0000000000
102,8.4970000000,left_hand,3,0.5551356673,0.5025665164,-0.0089423088,1.0000000000
103,8.5800000000,left_hand,3,0.5690313975,0.5124740402,-0.0093000395,1.0000000000
104,8.6630000000,left_hand,3,0.5829271277,0.5223815640,-0.0096577701,1.0000000000
105,8.7470000000,left_hand,3,0.5968228579,0.5322890878,-0.0100155007,1.0000000000
106,8.8300000000,left_hand,3,0.5932731628,0.5250771642,0.0011117515,1.0000000000
107,8.9130000000,left_hand,3,0.5929415822,0.5246261954,0.0104425028,1.0000000000
108,8.9970000000,left_hand,3,0.5898191333,0.5230307579,0.0011612957,1.0000000000
109,9.0800000000,left_hand,3,0.5905395746,0.5296780467,0.0032910234,1.0000000000
110,9.1630000000,left_hand,3,0.5845143199,0.5301562548,-0.0038654371,1.0000000000
111,9.2470000000,left_hand,3,0.5761151314,0.5291295052,0.0015634331,1.0000000000
112,9.3300000000,left_hand,3,0.5616379976,0.5340963602,0.0008969565,1.0000000000
113,9.4130000000,left_hand,3,0.5450186729,0.5474559665,0.0082667200,1.0000000000
114,9.4960000000,left_hand,3,0.5317599177,0.5487824678,-0.0016198655,1.0000000000
115,9.5800000000,left_hand,3,0.5237154961,0.5368942022,-0.0015597250,1.0000000000
116,9.6630000000,left_hand,3,0.5118104815,0.5195463896,0.0006482390,1.0000000000
117,9.7460000000,left_hand,3,0.5047302842,0.5113570094,-0.0060937358,1.0000000000
118,9.8300000000,left_hand,3,0.4959065616,0.5117481947,-0.0090947179,1.0000000000
119,9.9130000000,left_hand,3,0.4884480238,0.5139799714,-0.0024229749,1.0000000000
120,9.9960000000,left_hand,3,0.4918140769,0.5185511112,-0.0070170765,1.0000000000
121,10.0800000000,left_hand,3,0.4934032857,0.5154661536,-0.0079737576,1.0000000000
122,10.1630000000,left_hand,3,0.4884738028,0.5243107677,0.0084302612,1.0000000000
123,10.2460000000,left_hand,3,0.5014333725,0.5208730698,0.0035861833,1.0000000000
124,10.3290000000,left_hand,3,0.5404607654,0.5175764561,-0.0114137772,1.0000000000
125,10.4130000000,left_hand,3,0.5558826327,0.5004932880,-0.0164341610,1.0000000000
126,10.4960000000,left_hand,3,0.5733424723,0.5087648332,-0.0208794847,1.0000000000
127,10.5790000000,left_hand,3,0.5908023119,0.5170363784,-0.0253248084,1.0000000000
128,10.6630000000,left_hand,3,0.5943925977,0.5195059776,-0.0169089846,1.0000000000
129,10.7460000000,left_hand,3,0.6006613493,0.5282064199,-0.0137634145,1.0000000000
130,10.8290000000,left_hand,3,0.6069301009,0.5369068623,-0.0106178443,1.0000000000
131,10.9130000000,left_hand,3,0.6131988525,0.5456073046,-0.0074722742,1.0000000000
132,10.9960000000,left_hand,3,0.6194676042,0.5543077469,-0.0043267041,1.0000000000
133,11.0790000000,left_hand,3,0.6257363558,0.5630081892,-0.0011811339,1.0000000000
134,11.1620000000,left_hand,3,0.6120606363,0.5639404953,-0.0003158888,1.0000000000
135,11.2460000000,left_hand,3,0.5983849168,0.5648728013,0.0005493562,1.0000000000
136,11.3290000000,left_hand,3,0.6033571362,0.5874485373,0.0020365529,1.0000000000
137,11.4120000000,left_hand,3,0.5926009417,0.5876655579,-0.0031141310,1.0000000000
138,11.4960000000,left_hand,3,0.5917319655,0.5872933865,0.0018727888,1.0000000000
139,11.5790000000,left_hand,3,0.5775465369,0.6102192998,0.0061852089,1.0000000000
140,11.6620000000,left_hand,3,0.5708504915,0.6087802052,0.0059014438,1.0000000000
141,11.7460000000,left_hand,3,0.5762401819,0.6280380487,0.0074467952,1.0000000000
142,11.8290000000,left_hand,3,0.5736521482,0.6285136938,0.0074058962,1.0000000000
143,11.9120000000,left_hand,3,0.5751386881,0.6413425803,0.0019413240,1.0000000000
144,11.9960000000,left_hand,3,0.5733430386,0.6409654617,0.0035577330,1.0000000000
61,5.0810000000,left_hand,4,0.4071727991,0.7958681583,-0.0310035646,1.0000000000
62,5.1650000000,left_hand,4,0.4071727991,0.7958681583,-0.0310035646,1.0000000000
63,5.2480000000,left_hand,4,0.4936967790,0.5504754186,-0.0087842615,1.0000000000
64,5.3310000000,left_hand,4,0.4828463793,0.5429960489,0.0095771961,1.0000000000
65,5.4150000000,left_hand,4,0.4895139784,0.5513387024,-0.0042078746,1.0000000000
66,5.4980000000,left_hand,4,0.4961815774,0.5596813560,-0.0179929454,1.0000000000
67,5.5810000000,left_hand,4,0.5067946315,0.5661160946,-0.0037871697,1.0000000000
68,5.6650000000,left_hand,4,0.5224798322,0.6209264398,0.0053239493,1.0000000000
69,5.7480000000,left_hand,4,0.5338500142,0.6182221174,-0.0062086885,1.0000000000
70,5.8310000000,left_hand,4,0.5548329949,0.6214314103,0.0090017142,1.0000000000
71,5.9140000000,left_hand,4,0.5759031177,0.6292368770,-0.0015127523,1.0000000000
72,5.9980000000,left_hand,4,0.5897796154,0.5954884291,-0.0191520210,1.0000000000
73,6.0810000000,left_hand,4,0.5953063965,0.5825478435,-0.0053100665,1.0000000000
74,6.1640000000,left_hand,4,0.5778087974,0.5584619045,0.0189238228,1.0000000000
75,6.2480000000,left_hand,4,0.5762288968,0.5446140700,0.0130589323,1.0000000000
76,6.3310000000,left_hand,4,0.5746489962,0.5307662355,0.0071940418,1.0000000000
77,6.4140000000,left_hand,4,0.5746489962,0.5307662355,0.0071940418,1.0000000000
78,6.4980000000,left_hand,4,0.5746489962,0.5307662355,0.0071940418,1.0000000000
79,6.5810000000,left_hand,4,0.5746489962,0.5307662355,0.0071940418,1.0000000000
80,6.6640000000,left_hand,4,0.5746489962,0.5307662355,0.0071940418,1.0000000000
81,6.7470000000,left_hand,4,0.5667494933,0.4615270628,-0.0221304107,1.0000000000
82,6.8310000000,left_hand,4,0.5651695927,0.4476792283,-0.0279953012,1.0000000000
83,6.9140000000,left_hand,4,0.5635896921,0.4338313937,-0.0338601917,1.0000000000
84,6.9970000000,left_hand,4,0.5859043002,0.4635576606,-0.0497798820,1.0000000000
85,7.0810000000,left_hand,4,0.6082189083,0.4932839274,-0.0656995724,1.0000000000
86,7.1640000000,left_hand,4,0.6305335164,0.5230101943,-0.0816192627,1.0000000000
87,7.2470000000,left_hand,4,0.6125341535,0.5111707270,-0.0734313719,1.0000000000
88,7.3310000000,left_hand,4,0.5945347905,0.4993312597,-0.0652434811,1.0000000000
89,7.4140000000,left_hand,4,0.5765354276,0.4874917924,-0.0570555903,1.0000000000
90,7.4970000000,left_hand,4,0.5585360646,0.4756523252,-0.0488676995,1.0000000000
91,7.5800000000,left_hand,4,0.5405367017,0.4638128579,-0.0406798087,1.0000000000
92,7.6640000000,left_hand,4,0.5356754661,0.5139139295,-0.0138048399,1.0000000000
93,7.7470000000,left_hand,4,0.5689818859,0.5722916126,-0.0626901239,1.0000000000
94,7.8300000000,left_hand,4,0.4924399853,0.5067741871,-0.0026138760,1.0000000000
95,7.9140000000,left_hand,4,0.4898583591,0.5035316348,0.0007762156,1.0000000000
96,7.9970000000,left_hand,4,0.4609324634,0.5559369922,-0.0047451276,1.0000000000
97,8.0800000000,left_hand,4,0.4760023952,0.5370328426,-0.0046807909,1.0000000000
98,8.1640000000,left_hand,4,0.4781509638,0.5182783604,-0.0002476214,1.0000000000
99,8.2470000000,left_hand,4,0.4876316190,0.5000619888,0.0007917452,1.0000000000
100,8.3300000000,left_hand,4,0.5113171339,0.5028216243,-0.0331776850,1.0000000000
101,8.4140000000,left_hand,4,0.5293086767,0.5215589404,-0.0027510459,1.0000000000
102,8.4970000000,left_hand,4,0.5364296436,0.5201151371,-0.0167117938,1.0000000000
103,8.5800000000,left_hand,4,0.5492985050,0.5255822341,-0.0161381445,1.0000000000
104,8.6630000000,left_hand,4,0.5621673663,0.5310493310,-0.0155644951,1.0000000000
105,8.7470000000,left_hand,4,0.5750362277,0.5365164280,-0.0149908457,1.0000000000
106,8.8300000000,left_hand,4,0.5723251104,0.5204710364,-0.0003401320,1.0000000000
107,8.9130000000,left_hand,4,0.5738631487,0.5222569704,0.0119245211,1.0000000000
108,8.9970000000,left_hand,4,0.5700566173,0.5235019326,0.0009039250,1.0000000000
109,9.0800000000,left_hand,4,0.5707350373,0.5319599509,0.0043639671,1.0000000000
110,9.1630000000,left_hand,4,0.5640462637,0.5310663581,-0.0056462213,1.0000000000
111,9.2470000000,left_hand,4,0.5559906363,0.5277660489,0.0005670507,1.0000000000
112,9.3300000000,left_hand,4,0.5420600176,0.5381514430,-0.0012756337,1.0000000000
113,9.4130000000,left_hand,4,0.5297304392,0.5667232275,0.0077739181,1.0000000000
114,9.4960000000,left_hand,4,0.5172244906,0.5727319717,-0.0046691382,1.0000000000
115,9.5800000000,left_hand,4,0.5102615356,0.5606129766,-0.0033340116,1.0000000000
116,9.6630000000,left_hand,4,0.4984622002,0.5405597091,-0.0011667851,1.0000000000
117,9.7460000000,left_hand,4,0.4899204373,0.5320622921,-0.0093646720,1.0000000000
118,9.8300000000,left_hand,4,0.4803217649,0.5335727334,-0.0156205194,1.0000000000
119,9.9130000000,left_hand,4,0.4743341804,0.5371828675,-0.0078552421,1.0000000000
120,9.9960000000,left_hand,4,0.4779862761,0.5398432612,-0.0119083403,1.0000000000
121,10.0800000000,left_hand,4,0.4768848419,0.5340023041,-0.0129555082,1.0000000000
122,10.1630000000,left_hand,4,0.4776033461,0.5502161384,0.0078903027,1.0000000000
123,10.2460000000,left_hand,4,0.4867990017,0.5439929366,-0.0002658141,1.0000000000
124,10.3290000000,left_hand,4,0.5239926577,0.5365649462,-0.0187163185,1.0000000000
125,10.4130000000,left_hand,4,0.5364043117,0.5120118260,-0.0235304851,1.0000000000
126,10.4960000000,left_hand,4,0.5533841848,0.5263387263,-0.0308773825,1.0000000000
127,10.5790000000,left_hand,4,0.5703640580,0.5406656265,-0.0382242799,1.0000000000
128,10.6630000000,left_hand,4,0.5734943151,0.5203382373,-0.0239360612,1.0000000000
129,10.7460000000,left_hand,4,0.5812892556,0.5315562963,-0.0198496529,1.0000000000
130,10.8290000000,left_hand,4,0.5890841961,0.5427743554,-0.0157632446,1.0000000000
131,10.9130000000,left_hand,4,0.5968791366,0.5539924145,-0.0116768363,1.0000000000
132,10.9960000000,left_hand,4,0.6046740770,0.5652104735,-0.0075904280,1.0000000000
133,11.0790000000,left_hand,4,0.6124690175,0.5764285326,-0.0035040197,1.0000000000
134,11.1620000000,left_hand,4,0.5996420979,0.5801776946,-0.0031877868,1.0000000000
135,11.2460000000,left_hand,4,0.5868151784,0.5839268565,-0.0028715539,1.0000000000
136,11.3290000000,left_hand,4,0.5976686478,0.6145513058,-0.0002282516,1.0000000000
137,11.4120000000,left_hand,4,0.5819169879,0.6093530059,-0.0055334554,1.0000000000
138,11.4960000000,left_hand,4,0.5838178396,0.6100054383,-0.0002625692,1.0000000000
139,11.5790000000,left_hand,4,0.5732037425,0.6391214132,0.0043023643,1.0000000000
140,11.6620000000,left_hand,4,0.5645110011,0.6383993626,0.0025817908,1.0000000000
141,11.7460000000,left_hand,4,0.5724159479,0.6566018462,0.0048651570,1.0000000000
142,11.8290000000,left_hand,4,0.5682944059,0.6584350467,0.0051153251,1.0000000000
143,11.9120000000,left_hand,4,0.5715074539,0.6745247245,-0.0017142383,1.0000000000
144,11.9960000000,left_hand,4,0.5684354305,0.6732437611,-0.0000885198,1.0000000000
61,5.0810000000,left_hand,5,0.3709003627,0.7358162403,-0.0358689539,1.0000000000
62,5.1650000000,left_hand,5,0.3709003627,0.7358162403,-0.0358689539,1.0000000000
63,5.2480000000,left_hand,5,0.5129482746,0.5051893592,-0.0054735700,1.0000000000
64,5.3310000000,left_hand,5,0.5032583475,0.5143717527,0.0114931362,1.0000000000
65,5.4150000000,left_hand,5,0.5107679069,0.5152379274,-0.0047279480,1.0000000000
66,5.4980000000,left_hand,5,0.5182774663,0.5161041021,-0.0209490322,1.0000000000
67,5.5810000000,left_hand,5,0.5244883895,0.5529680252,-0.0071067531,1.0000000000
68,5.6650000000,left_hand,5,0.5299639702,0.5796142817,-0.0026776898,1.0000000000
69,5.7480000000,left_hand,5,0.5459925532,0.5770010352,-0.0138484994,1.0000000000
70,5.8310000000,left_hand,5,0.5661877990,0.5663963556,0.0005428927,1.0000000000
71,5.9140000000,left_hand,5,0.5923269987,0.5712021589,-0.0135607952,1.0000000000
72,5.9980000000,left_hand,5,0.6069296002,0.5558376908,-0.0216758531,1.0000000000
73,6.0810000000,left_hand,5,0.6086316705,0.5307334065,-0.0067550363,1.0000000000
74,6.1640000000,left_hand,5,0.5964770913,0.5194027424,0.0127506619,1.0000000000
75,6.2480000000,left_hand,5,0.5971637567,0.5084462100,0.0073760938,1.0000000000
76,6.3310000000,left_hand,5,0.5978504221,0.4974896775,0.0020015257,1.0000000000
77,6.4140000000,left_hand,5,0.5978504221,0.4974896775,0.0020015257,1.0000000000
78,6.4980000000,left_hand,5,0.5978504221,0.4974896775,0.0020015257,1.0000000000
79,6.5810000000,left_hand,5,0.5978504221,0.4974896775,0.0020015257,1.0000000000
80,6.6640000000,left_hand,5,0.5978504221,0.4974896775,0.0020015257,1.0000000000
81,6.7470000000,left_hand,5,0.6012837489,0.4427070154,-0.0248713148,1.0000000000
82,6.8310000000,left_hand,5,0.6019704143,0.4317504830,-0.0302458829,1.0000000000
83,6.9140000000,left_hand,5,0.6026570797,0.4207939506,-0.0356204510,1.0000000000
84,6.9970000000,left_hand,5,0.6114905874,0.4562153220,-0.0418703854,1.0000000000
85,7.0810000000,left_hand,5,0.6203240951,0.4916366935,-0.0481203198,1.0000000000
86,7.1640000000,left_hand,5,0.6291576028,0.5270580649,-0.0543702543,1.0000000000
87,7.2470000000,left_hand,5,0.6199962497,0.5152414262,-0.0499360166,1.0000000000
88,7.3310000000,left_hand,5,0.6108348966,0.5034247875,-0.0455017790,1.0000000000
89,7.4140000000,left_hand,5,0.6016735435,0.4916081488,-0.0410675414,1.0000000000
90,7.4970000000,left_hand,5,0.5925121903,0.4797915101,-0.0366333038,1.0000000000
91,7.5800000000,left_hand,5,0.5833508372,0.4679748714,-0.0321990661,1.0000000000
92,7.6640000000,left_hand,5,0.5529981852,0.4805974364,-0.0089139100,1.0000000000
93,7.7470000000,left_hand,5,0.5524883270,0.5598289371,-0.0326838940,1.0000000000
94,7.8300000000,left_hand,5,0.5182136893,0.5209922791,-0.0024015964,1.0000000000
95,7.9140000000,left_hand,5,0.5052257180,0.5286919475,-0.0012615403,1.0000000000
96,7.9970000000,left_hand,5,0.4900442660,0.5186592937,-0.0094354944,1.0000000000
97,8.0800000000,left_hand,5,0.4888238609,0.5236127973,-0.0016393728,1.0000000000
98,8.1640000000,left_hand,5,0.4979054630,0.5172648430,-0.0049701738,1.0000000000
99,8.2470000000,left_hand,5,0.5091300607,0.5202310085,0.0041891146,1.0000000000
100,8.3300000000,left_hand,5,0.5582384467,0.4920926690,-0.0268938765,1.0000000000
101,8.4140000000,left_hand,5,0.5531199574,0.4944598079,-0.0002871949,1.0000000000
102,8.4970000000,left_hand,5,0.5595130920,0.4967374802,-0.0089693721,1.0000000000
103,8.5800000000,left_hand,5,0.5779205561,0.5057947636,-0.0113539081,1.0000000000
104,8.6630000000,left_hand,5,0.5963280201,0.5148520470,-0.0137384441,1.0000000000
105,8.7470000000,left_hand,5,0.6147354841,0.5239093304,-0.0161229800,1.0000000000
106,8.8300000000,left_hand,5,0.6041800380,0.5473237038,-0.0027249698,1.0000000000
107,8.9130000000,left_hand,5,0.6035614610,0.5431190133,-0.0008764918,1.0000000000
108,8.9970000000,left_hand,5,0.6003000736,0.5428898335,-0.0037039618,1.0000000000
109,9.0800000000,left_hand,5,0.6004698873,0.5451489091,0.0007748723,1.0000000000
110,9.1630000000,left_hand,5,0.5928950906,0.5461608171,-0.0078524416,1.0000000000
111,9.2470000000,left_hand,5,0.5841068625,0.5491845608,-0.0018625017,1.0000000000
112,9.3300000000,left_hand,5,0.5744014382,0.5423594713,-0.0034489792,1.0000000000
113,9.4130000000,left_hand,5,0.5544431210,0.5442525744,0.0059535797,1.0000000000
114,9.4960000000,left_hand,5,0.5403263569,0.5361121893,-0.0028129835,1.0000000000
115,9.5800000000,left_hand,5,0.5286738873,0.5314866304,0.0008697916,1.0000000000
116,9.6630000000,left_hand,5,0.5169020295,0.5200752616,0.0021832797,1.0000000000
117,9.7460000000,left_hand,5,0.5116896629,0.5033934116,-0.0085787587,1.0000000000
118,9.8300000000,left_hand,5,0.5089261532,0.4944551289,-0.0180755574,1.0000000000
119,9.9130000000,left_hand,5,0.4969388247,0.4977129400,-0.0090931747,1.0000000000
120,9.9960000000,left_hand,5,0.4997282624,0.5064874291,-0.0141040254,1.0000000000
121,10.0800000000,left_hand,5,0.5069688559,0.5075448751,-0.0154615631,1.0000000000
122,10.1630000000,left_hand,5,0.4956063032,0.5030540228,0.0056576333,1.0000000000
123,10.2460000000,left_hand,5,0.5085782409,0.5002309680,-0.0010942065,1.0000000000
124,10.3290000000,left_hand,5,0.5499638915,0.5009313226,-0.0138466051,1.0000000000
125,10.4130000000,left_hand,5,0.5631435513,0.4954865575,-0.0172063094,1.0000000000
126,10.4960000000,left_hand,5,0.5865259469,0.4743361473,-0.0188708603,1.0000000000
127,10.5790000000,left_hand,5,0.6099083424,0.4531857371,-0.0205354113,1.0000000000
128,10.6630000000,left_hand,5,0.6114931107,0.4937038124,-0.0157918744,1.0000000000
129,10.7460000000,left_hand,5,0.6154948950,0.5068425179,-0.0134157960,1.0000000000
130,10.8290000000,left_hand,5,0.6194966793,0.5199812233,-0.0110397177,1.0000000000
131,10.9130000000,left_hand,5,0.6234984636,0.5331199288,-0.0086636393,1.0000000000
132,10.9960000000,left_hand,5,0.6275002480,0.5462586343,-0.0062875610,1.0000000000
133,11.0790000000,left_hand,5,0.6315020323,0.5593973398,-0.0039114826,1.0000000000
134,11.1620000000,left_hand,5,0.6207853854,0.5626245439,-0.0032325268,1.0000000000
135,11.2460000000,left_hand,5,0.6100687385,0.5658517480,-0.0025535710,1.0000000000
136,11.3290000000,left_hand,5,0.6070699692,0.5827557445,0.0013271670,1.0000000000
137,11.4120000000,left_hand,5,0.6009449363,0.5785744786,-0.0067612114,1.0000000000
138,11.4960000000,left_hand,5,0.5987140536,0.5960597992,-0.0016926930,1.0000000000
139,11.5790000000,left_hand,5,0.5825595856,0.5913121700,-0.0054960265,1.0000000000
140,11.6620000000,left_hand,5,0.5751590729,0.5896780491,-0.0060279025,1.0000000000
141,11.7460000000,left_hand,5,0.5783619285,0.6044216752,-0.0013431812,1.0000000000
142,11.8290000000,left_hand,5,0.5729273558,0.6039230824,-0.0056343623,1.0000000000
143,11.9120000000,left_hand,5,0.5713620782,0.6101483107,-0.0071299188,1.0000000000
144,11.9960000000,left_hand,5,0.5720089078,0.6145279408,-0.0096793324,1.0000000000
61,5.0810000000,left_hand,6,0.4040786624,0.7739394903,-0.0439271070,1.0000000000
62,5.1650000000,left_hand,6,0.4040786624,0.7739394903,-0.0439271070,1.0000000000
63,5.2480000000,left_hand,6,0.4808594286,0.5095191598,-0.0130260233,1.0000000000
64,5.3310000000,left_hand,6,0.4817896485,0.5611606240,0.0094134714,1.0000000000
65,5.4150000000,left_hand,6,0.4846195877,0.5414451659,-0.0114696873,1.0000000000
66,5.4980000000,left_hand,6,0.4874495268,0.5217297077,-0.0323528461,1.0000000000
67,5.5810000000,left_hand,6,0.4980578721,0.5898396969,-0.0118651632,1.0000000000
68,5.6650000000,left_hand,6,0.5065088272,0.6131194830,-0.0041363398,1.0000000000
69,5.7480000000,left_hand,6,0.5224426389,0.6329543591,-0.0195179209,1.0000000000
70,5.8310000000,left_hand,6,0.5431433320,0.6043138504,-0.0029343471,1.0000000000
71,5.9140000000,left_hand,6,0.5649937987,0.6054170728,-0.0215133727,1.0000000000
72,5.9980000000,left_hand,6,0.5866129398,0.5797998309,-0.0366209298,1.0000000000
73,6.0810000000,left_hand,6,0.5872159600,0.5692365170,-0.0145932706,1.0000000000
74,6.1640000000,left_hand,6,0.5709120035,0.5429202318,0.0126384366,1.0000000000
75,6.2480000000,left_hand,6,0.5702789028,0.5287250313,0.0051698258,1.0000000000
76,6.3310000000,left_hand,6,0.5696458022,0.5145298309,-0.0022987850,1.0000000000
77,6.4140000000,left_hand,6,0.5696458022,0.5145298309,-0.0022987850,1.0000000000
78,6.4980000000,left_hand,6,0.5696458022,0.5145298309,-0.0022987850,1.0000000000
79,6.5810000000,left_hand,6,0.5696458022,0.5145298309,-0.0022987850,1.0000000000
80,6.6640000000,left_hand,6,0.5696458022,0.5145298309,-0.0022987850,1.0000000000
81,6.7470000000,left_hand,6,0.5664802988,0.4435538285,-0.0396418389,1.0000000000
82,6.8310000000,left_hand,6,0.5658471982,0.4293586281,-0.0471104497,1.0000000000
83,6.9140000000,left_hand,6,0.5652140975,0.4151634276,-0.0545790605,1.0000000000
84,6.9970000000,left_hand,6,0.5768962701,0.4508881172,-0.0617640416,1.0000000000
85,7.0810000000,left_hand,6,0.5885784427,0.4866128067,-0.0689490226,1.0000000000
86,7.1640000000,left_hand,6,0.6002606153,0.5223374963,-0.0761340037,1.0000000000
87,7.2470000000,left_hand,6,0.5891223431,0.5111673534,-0.0705087371,1.0000000000
88,7.3310000000,left_hand,6,0.5779840708,0.4999972105,-0.0648834705,1.0000000000
89,7.4140000000,left_hand,6,0.5668457985,0.4888270676,-0.0592582040,1.0000000000
90,7.4970000000,left_hand,6,0.5557075262,0.4776569247,-0.0536329374,1.0000000000
91,7.5800000000,left_hand,6,0.5445692539,0.4664867818,-0.0480076708,1.0000000000
92,7.6640000000,left_hand,6,0.5231956840,0.4760962725,-0.0149270091,1.0000000000
93,7.7470000000,left_hand,6,0.5277132392,0.5852677822,-0.0484364927,1.0000000000
94,7.8300000000,left_hand,6,0.4909757972,0.5322264433,-0.0067340001,1.0000000000
95,7.9140000000,left_hand,6,0.4795982242,0.5329385400,-0.0031273817,1.0000000000
96,7.9970000000,left_hand,6,0.4576335549,0.5131312013,-0.0156294815,1.0000000000
97,8.0800000000,left_hand,6,0.4601590335,0.5210760236,-0.0051211617,1.0000000000
98,8.1640000000,left_hand,6,0.4657761455,0.5120266676,-0.0075792549,1.0000000000
99,8.2470000000,left_hand,6,0.4784821272,0.5144709945,0.0033442969,1.0000000000
100,8.3300000000,left_hand,6,0.5210665464,0.4824029207,-0.0426359810,1.0000000000
101,8.4140000000,left_hand,6,0.5195847154,0.4911457598,-0.0054551885,1.0000000000
102,8.4970000000,left_hand,6,0.5251870155,0.4991986156,-0.0176489912,1.0000000000
103,8.5800000000,left_hand,6,0.5438201229,0.5074463089,-0.0201432457,1.0000000000
104,8.6630000000,left_hand,6,0.5624532302,0.5156940023,-0.0226375001,1.0000000000
105,8.7470000000,left_hand,6,0.5810863376,0.5239416957,-0.0251317546,1.0000000000
106,8.8300000000,left_hand,6,0.5722877383,0.5506972075,-0.0025494602,1.0000000000
107,8.9130000000,left_hand,6,0.5669286847,0.5460271835,0.0005836447,1.0000000000
108,8.9970000000,left_hand,6,0.5636411905,0.5483514667,-0.0024352155,1.0000000000
109,9.0800000000,left_hand,6,0.5643973947,0.5466520190,0.0006466730,1.0000000000
110,9.1630000000,left_hand,6,0.5554497838,0.5493919253,-0.0116703622,1.0000000000
111,9.2470000000,left_hand,6,0.5474396944,0.5514535904,-0.0043981685,1.0000000000
112,9.3300000000,left_hand,6,0.5369464159,0.5469177961,-0.0068269414,1.0000000000
113,9.4130000000,left_hand,6,0.5202632546,0.5495986342,0.0056103100,1.0000000000
114,9.4960000000,left_hand,6,0.5067413449,0.5382074714,-0.0090406705,1.0000000000
115,9.5800000000,left_hand,6,0.4969072938,0.5376691222,-0.0047229137,1.0000000000
116,9.6630000000,left_hand,6,0.4845860600,0.5196022987,-0.0026642990,1.0000000000
117,9.7460000000,left_hand,6,0.4759756923,0.5053900480,-0.0158913191,1.0000000000
118,9.8300000000,left_hand,6,0.4684627652,0.4951819777,-0.0275900885,1.0000000000
119,9.9130000000,left_hand,6,0.4611055255,0.4999045432,-0.0162986591,1.0000000000
120,9.9960000000,left_hand,6,0.4627946615,0.5061027408,-0.0214057285,1.0000000000
121,10.0800000000,left_hand,6,0.4695877731,0.5039318204,-0.0229614731,1.0000000000
122,10.1630000000,left_hand,6,0.4665404260,0.5019845366,0.0054487283,1.0000000000
123,10.2460000000,left_hand,6,0.4715332985,0.5000957847,-0.0056486721,1.0000000000
124,10.3290000000,left_hand,6,0.5156637430,0.5011180639,-0.0226916187,1.0000000000
125,10.4130000000,left_hand,6,0.5314400792,0.4978503287,-0.0272995252,1.0000000000
126,10.4960000000,left_hand,6,0.5515860915,0.4858734906,-0.0336460015,1.0000000000
127,10.5790000000,left_hand,6,0.5717321038,0.4738966525,-0.0399924777,1.0000000000
128,10.6630000000,left_hand,6,0.5756802559,0.4905694723,-0.0290671978,1.0000000000
129,10.7460000000,left_hand,6,0.5821118832,0.5055627823,-0.0250100384,1.0000000000
130,10.8290000000,left_hand,6,0.5885435104,0.5205560923,-0.0209528789,1.0000000000
131,10.9130000000,left_hand,6,0.5949751377,0.5355494022,-0.0168957194,1.0000000000
132,10.9960000000,left_hand,6,0.6014067650,0.5505427122,-0.0128385600,1.0000000000
133,11.0790000000,left_hand,6,0.6078383923,0.5655360222,-0.0087814005,1.0000000000
134,11.1620000000,left_hand,6,0.5976232886,0.5758049786,-0.0077803445,1.0000000000
135,11.2460000000,left_hand,6,0.5874081850,0.5860739350,-0.0067792884,1.0000000000
136,11.3290000000,left_hand,6,0.5874922872,0.6138041019,-0.0012152292,1.0000000000
137,11.4120000000,left_hand,6,0.5764855742,0.6015470028,-0.0109515069,1.0000000000
138,11.4960000000,left_hand,6,0.5801202059,0.6340720057,-0.0057495739,1.0000000000
139,11.5790000000,left_hand,6,0.5638998151,0.6444919705,-0.0102511141,1.0000000000
140,11.6620000000,left_hand,6,0.5585942268,0.6459243894,-0.0123224873,1.0000000000
141,11.7460000000,left_hand,6,0.5613076687,0.6593261957,-0.0073492453,1.0000000000
142,11.8290000000,left_hand,6,0.5547683239,0.6602635384,-0.0119557930,1.0000000000
143,11.9120000000,left_hand,6,0.5561639667,0.6684806943,-0.0141144218,1.0000000000
144,11.9960000000,left_hand,6,0.5543497801,0.6705259681,-0.0173405912,1.0000000000
61,5.0810000000,left_hand,7,0.4177823961,0.7870915532,-0.0430967323,1.0000000000
62,5.1650000000,left_hand,7,0.4177823961,0.7870915532,-0.0430967323,1.0000000000
63,5.2480000000,left_hand,7,0.4631271064,0.5201564431,-0.0167608503,1.0000000000
64,5.3310000000,left_hand,7,0.4809891284,0.5820110440,0.0065708142,1.0000000000
65,5.4150000000,left_hand,7,0.4758533835,0.5546419621,-0.0158878500,1.0000000000
66,5.4980000000,left_hand,7,0.4707176387,0.5272728801,-0.0383465141,1.0000000000
67,5.5810000000,left_hand,7,0.4930269718,0.6167848110,-0.0134648886,1.0000000000
68,5.6650000000,left_hand,7,0.5068175793,0.6364275813,-0.0006658972,1.0000000000
69,5.7480000000,left_hand,7,0.5254888535,0.6429345012,-0.0182749834,1.0000000000
70,5.8310000000,left_hand,7,0.5372216702,0.6310953498,-0.0025316484,1.0000000000
71,5.9140000000,left_hand,7,0.5562086105,0.6333766580,-0.0234415028,1.0000000000
72,5.9980000000,left_hand,7,0.5769565105,0.6087159514,-0.0442351177,1.0000000000
73,6.0810000000,left_hand,7,0.5784888864,0.5935730338,-0.0197302233,1.0000000000
74,6.1640000000,left_hand,7,0.5573197603,0.5636541247,0.0122826099,1.0000000000
75,6.2480000000,left_hand,7,0.5553856624,0.5474482179,0.0038060380,1.0000000000
76,6.3310000000,left_hand,7,0.5534515646,0.5312423110,-0.0046705339,1.0000000000
77,6.4140000000,left_hand,7,0.5534515646,0.5312423110,-0.0046705339,1.0000000000
78,6.4980000000,left_hand,7,0.5534515646,0.5312423110,-0.0046705339,1.0000000000
79,6.5810000000,left_hand,7,0.5534515646,0.5312423110,-0.0046705339,1.0000000000
80,6.6640000000,left_hand,7,0.5534515646,0.5312423110,-0.0046705339,1.0000000000
81,6.7470000000,left_hand,7,0.5437810752,0.4502127767,-0.0470533934,1.0000000000
82,6.8310000000,left_hand,7,0.5418469773,0.4340068698,-0.0555299653,1.0000000000
83,6.9140000000,left_hand,7,0.5399128795,0.4178009629,-0.0640065372,1.0000000000
84,6.9970000000,left_hand,7,0.5533496340,0.4550495346,-0.0722215151,1.0000000000
85,7.0810000000,left_hand,7,0.5667863886,0.4922981064,-0.0804364930,1.0000000000
86,7.1640000000,left_hand,7,0.5802231431,0.5295466781,-0.0886514708,1.0000000000
87,7.2470000000,left_hand,7,0.5686719537,0.5176630139,-0.0825036503,1.0000000000
88,7.3310000000,left_hand,7,0.5571207643,0.5057793498,-0.0763558298,1.0000000000
89,7.4140000000,left_hand,7,0.5455695748,0.4938956857,-0.0702080093,1.0000000000
90,7.4970000000,left_hand,7,0.5340183854,0.4820120215,-0.0640601888,1.0000000000
91,7.5800000000,left_hand,7,0.5224671960,0.4701283574,-0.0579123683,1.0000000000
92,7.6640000000,left_hand,7,0.5040569305,0.4779103994,-0.0199914947,1.0000000000
93,7.7470000000,left_hand,7,0.5147194266,0.5943703651,-0.0583705306,1.0000000000
94,7.8300000000,left_hand,7,0.4735198617,0.5393544436,-0.0093957037,1.0000000000
95,7.9140000000,left_hand,7,0.4670742154,0.5342842937,-0.0045168535,1.0000000000
96,7.9970000000,left_hand,7,0.4377907515,0.5122605562,-0.0190369748,1.0000000000
97,8.0800000000,left_hand,7,0.4407041967,0.5216289163,-0.0081404345,1.0000000000
98,8.1640000000,left_hand,7,0.4449214935,0.5117156506,-0.0091360435,1.0000000000
99,8.2470000000,left_hand,7,0.4606350362,0.5143176913,0.0014377891,1.0000000000
100,8.3300000000,left_hand,7,0.4975095391,0.4887147546,-0.0532656014,1.0000000000
101,8.4140000000,left_hand,7,0.5001853108,0.4914635122,-0.0100748697,1.0000000000
102,8.4970000000,left_hand,7,0.5056530237,0.5017875433,-0.0224406421,1.0000000000
103,8.5800000000,left_hand,7,0.5241474112,0.5101545056,-0.0252694065,1.0000000000
104,8.6630000000,left_hand,7,0.5426417987,0.5185214678,-0.0280981710,1.0000000000
105,8.7470000000,left_hand,7,0.5611361861,0.5268884301,-0.0309269354,1.0000000000
106,8.8300000000,left_hand,7,0.5532268882,0.5544965863,-0.0024215400,1.0000000000
107,8.9130000000,left_hand,7,0.5476427674,0.5519086719,0.0028238848,1.0000000000
108,8.9970000000,left_hand,7,0.5430747271,0.5538559556,0.0000326006,1.0000000000
109,9.0800000000,left_hand,7,0.5434909463,0.5533359051,0.0006304850,1.0000000000
110,9.1630000000,left_hand,7,0.5344904065,0.5533882380,-0.0142532792,1.0000000000
111,9.2470000000,left_hand,7,0.5264052153,0.5559208393,-0.0067818365,1.0000000000
112,9.3300000000,left_hand,7,0.5153774023,0.5533820987,-0.0097382125,1.0000000000
113,9.4130000000,left_hand,7,0.5003327131,0.5566796660,0.0040071071,1.0000000000
114,9.4960000000,left_hand,7,0.4860725999,0.5431789160,-0.0136366095,1.0000000000
115,9.5800000000,left_hand,7,0.4766877294,0.5437364578,-0.0102548953,1.0000000000
116,9.6630000000,left_hand,7,0.4639452696,0.5224627852,-0.0069123171,1.0000000000
117,9.7460000000,left_hand,7,0.4540333748,0.5096387267,-0.0206540395,1.0000000000
118,9.8300000000,left_hand,7,0.4456403553,0.4980157912,-0.0330918916,1.0000000000
119,9.9130000000,left_hand,7,0.4392990768,0.5065659881,-0.0206474066,1.0000000000
120,9.9960000000,left_hand,7,0.4413165748,0.5099002719,-0.0253971890,1.0000000000
121,10.0800000000,left_hand,7,0.4470146894,0.5050937533,-0.0265753847,1.0000000000
122,10.1630000000,left_hand,7,0.4487205446,0.5075507164,0.0046636797,1.0000000000
123,10.2460000000,left_hand,7,0.4556565285,0.5092192888,-0.0065337298,1.0000000000
124,10.3290000000,left_hand,7,0.4958524704,0.5032913089,-0.0284811854,1.0000000000
125,10.4130000000,left_hand,7,0.5111405253,0.5032285452,-0.0346018299,1.0000000000
126,10.4960000000,left_hand,7,0.5316135585,0.4996216148,-0.0442724731,1.0000000000
127,10.5790000000,left_hand,7,0.5520865917,0.4960146844,-0.0539431162,1.0000000000
128,10.6630000000,left_hand,7,0.5540341139,0.4960060418,-0.0382755324,1.0000000000
129,10.7460000000,left_hand,7,0.5613251209,0.5109754920,-0.0333175097,1.0000000000
130,10.8290000000,left_hand,7,0.5686161280,0.5259449422,-0.0283594869,1.0000000000
131,10.9130000000,left_hand,7,0.5759071350,0.5409143925,-0.0234014641,1.0000000000
132,10.9960000000,left_hand,7,0.5831981421,0.5558838427,-0.0184434414,1.0000000000
133,11.0790000000,left_hand,7,0.5904891491,0.5708532929,-0.0134854186,1.0000000000
134,11.1620000000,left_hand,7,0.5825782120,0.5856253803,-0.0121065201,1.0000000000
135,11.2460000000,left_hand,7,0.5746672750,0.6003974676,-0.0107276216,1.0000000000
136,11.3290000000,left_hand,7,0.5768536925,0.6351326108,-0.0041002361,1.0000000000
137,11.4120000000,left_hand,7,0.5624685884,0.6225577593,-0.0139464447,1.0000000000
138,11.4960000000,left_hand,7,0.5703945160,0.6601325274,-0.0093033072,1.0000000000
139,11.5790000000,left_hand,7,0.5593174100,0.6773440838,-0.0115192058,1.0000000000
140,11.6620000000,left_hand,7,0.5553063750,0.6799935102,-0.0152001260,1.0000000000
141,11.7460000000,left_hand,7,0.5594106317,0.6934557557,-0.0109547880,1.0000000000
142,11.8290000000,left_hand,7,0.5528455377,0.6970652342,-0.0144178253,1.0000000000
143,11.9120000000,left_hand,7,0.5540317297,0.7045472860,-0.0177289192,1.0000000000
144,11.9960000000,left_hand,7,0.5520673394,0.7071527839,-0.0202353150,1.0000000000
61,5.0810000000,left_hand,8,0.4269471467,0.7897237539,-0.0410994403,1.0000000000
62,5.1650000000,left_hand,8,0.4269471467,0.7897237539,-0.0410994403,1.0000000000
63,5.2480000000,left_hand,8,0.4526870847,0.5335544944,-0.0186231211,1.0000000000
64,5.3310000000,left_hand,8,0.4850315452,0.5894365907,0.0053654085,1.0000000000
65,5.4150000000,left_hand,8,0.4718165100,0.5610910058,-0.0182653593,1.0000000000
66,5.4980000000,left_hand,8,0.4586014748,0.5327454209,-0.0418961272,1.0000000000
67,5.5810000000,left_hand,8,0.4947088361,0.6305667162,-0.0138120167,1.0000000000
68,5.6650000000,left_hand,8,0.5141974092,0.6462557316,0.0028262383,1.0000000000
69,5.7480000000,left_hand,8,0.5338168740,0.6395279765,-0.0160072502,1.0000000000
70,5.8310000000,left_hand,8,0.5378868580,0.6461046338,-0.0003378353,1.0000000000
71,5.9140000000,left_hand,8,0.5537634492,0.6524906754,-0.0230105296,1.0000000000
72,5.9980000000,left_hand,8,0.5718531609,0.6344781518,-0.0472385883,1.0000000000
73,6.0810000000,left_hand,8,0.5732385516,0.6115395427,-0.0225745961,1.0000000000
74,6.1640000000,left_hand,8,0.5484893322,0.5799724460,0.0122373197,1.0000000000
75,6.2480000000,left_hand,8,0.5453337696,0.5626843770,0.0032290642,1.0000000000
76,6.3310000000,left_hand,8,0.5421782070,0.5453963081,-0.0057791912,1.0000000000
77,6.4140000000,left_hand,8,0.5421782070,0.5453963081,-0.0057791912,1.0000000000
78,6.4980000000,left_hand,8,0.5421782070,0.5453963081,-0.0057791912,1.0000000000
79,6.5810000000,left_hand,8,0.5421782070,0.5453963081,-0.0057791912,1.0000000000
80,6.6640000000,left_hand,8,0.5421782070,0.5453963081,-0.0057791912,1.0000000000
81,6.7470000000,left_hand,8,0.5264003939,0.4589559635,-0.0508204686,1.0000000000
82,6.8310000000,left_hand,8,0.5232448313,0.4416678945,-0.0598287241,1.0000000000
83,6.9140000000,left_hand,8,0.5200892687,0.4243798256,-0.0688369796,1.0000000000
84,6.9970000000,left_hand,8,0.5336779952,0.4609730045,-0.0782971407,1.0000000000
85,7.0810000000,left_hand,8,0.5472667217,0.4975661834,-0.0877573018,1.0000000000
86,7.1640000000,left_hand,8,0.5608554482,0.5341593623,-0.0972174630,1.0000000000
87,7.2470000000,left_hand,8,0.5494398832,0.5221925139,-0.0907573685,1.0000000000
88,7.3310000000,left_hand,8,0.5380243182,0.5102256656,-0.0842972741,1.0000000000
89,7.4140000000,left_hand,8,0.5266087532,0.4982588172,-0.0778371796,1.0000000000
90,7.4970000000,left_hand,8,0.5151931882,0.4862919688,-0.0713770851,1.0000000000
91,7.5800000000,left_hand,8,0.5037776232,0.4743251204,-0.0649169907,1.0000000000
92,7.6640000000,left_hand,8,0.4886499941,0.4819744229,-0.0237808563,1.0000000000
93,7.7470000000,left_hand,8,0.5069776773,0.5921861529,-0.0644825548,1.0000000000
94,7.8300000000,left_hand,8,0.4629459977,0.5431370735,-0.0102006774,1.0000000000
95,7.9140000000,left_hand,8,0.4608852267,0.5343475342,-0.0048363511,1.0000000000
96,7.9970000000,left_hand,8,0.4225752354,0.5148946047,-0.0214498919,1.0000000000
97,8.0800000000,left_hand,8,0.4267418683,0.5244496465,-0.0096592922,1.0000000000
98,8.1640000000,left_hand,8,0.4304175973,0.5130345821,-0.0098457057,1.0000000000
99,8.2470000000,left_hand,8,0.4471044540,0.5158690214,-0.0001402144,1.0000000000
100,8.3300000000,left_hand,8,0.4777057767,0.4961107671,-0.0598456897,1.0000000000
101,8.4140000000,left_hand,8,0.4850124121,0.4954924583,-0.0130607011,1.0000000000
102,8.4970000000,left_hand,8,0.4948463738,0.5076535940,-0.0249452982,1.0000000000
103,8.5800000000,left_hand,8,0.5113648772,0.5155815283,-0.0283267175,1.0000000000
104,8.6630000000,left_hand,8,0.5278833807,0.5235094627,-0.0317081368,1.0000000000
105,8.7470000000,left_hand,8,0.5444018841,0.5314373970,-0.0350895561,1.0000000000
106,8.8300000000,left_hand,8,0.5394403338,0.5596432090,-0.0025562977,1.0000000000
107,8.9130000000,left_hand,8,0.5352039337,0.5576110482,0.0047296789,1.0000000000
108,8.9970000000,left_hand,8,0.5299955606,0.5599715710,0.0023374432,1.0000000000
109,9.0800000000,left_hand,8,0.5295661092,0.5610012412,0.0008420793,1.0000000000
110,9.1630000000,left_hand,8,0.5193692446,0.5597805381,-0.0157963838,1.0000000000
111,9.2470000000,left_hand,8,0.5109888315,0.5628275871,-0.0083270203,1.0000000000
112,9.3300000000,left_hand,8,0.4983491004,0.5615438223,-0.0118043395,1.0000000000
113,9.4130000000,left_hand,8,0.4855886698,0.5651777983,0.0027158640,1.0000000000
114,9.4960000000,left_hand,8,0.4702248871,0.5509595275,-0.0166159533,1.0000000000
115,9.5800000000,left_hand,8,0.4613628983,0.5503664017,-0.0137976306,1.0000000000
116,9.6630000000,left_hand,8,0.4486884773,0.5265135765,-0.0095314318,1.0000000000
117,9.7460000000,left_hand,8,0.4387719631,0.5161592364,-0.0233791117,1.0000000000
118,9.8300000000,left_hand,8,0.4285225272,0.5039722323,-0.0365750343,1.0000000000
119,9.9130000000,left_hand,8,0.4237044752,0.5164579153,-0.0233667251,1.0000000000
120,9.9960000000,left_hand,8,0.4256196618,0.5151679516,-0.0277808383,1.0000000000
121,10.0800000000,left_hand,8,0.4301975965,0.5093061924,-0.0286650509,1.0000000000
122,10.1630000000,left_hand,8,0.4371787310,0.5158555508,0.0043390095,1.0000000000
123,10.2460000000,left_hand,8,0.4509254694,0.5208114982,-0.0060371282,1.0000000000
124,10.3290000000,left_hand,8,0.4802252054,0.5065312386,-0.0328652523,1.0000000000
125,10.4130000000,left_hand,8,0.4943524301,0.5086994171,-0.0395439491,1.0000000000
126,10.4960000000,left_hand,8,0.5155368596,0.5123614073,-0.0508039966,1.0000000000
127,10.5790000000,left_hand,8,0.5367212892,0.5160233974,-0.0620640442,1.0000000000
128,10.6630000000,left_hand,8,0.5374091864,0.5044516921,-0.0436327085,1.0000000000
129,10.7460000000,left_hand,8,0.5452487946,0.5191539288,-0.0382723715,1.0000000000
130,10.8290000000,left_hand,8,0.5530884027,0.5338561654,-0.0329120345,1.0000000000
131,10.9130000000,left_hand,8,0.5609280109,0.5485584021,-0.0275516976,1.0000000000
132,10.9960000000,left_hand,8,0.5687676191,0.5632606387,-0.0221913606,1.0000000000
133,11.0790000000,left_hand,8,0.5766072273,0.5779628754,-0.0168310236,1.0000000000
134,11.1620000000,left_hand,8,0.5708985031,0.5952074826,-0.0149748074,1.0000000000
135,11.2460000000,left_hand,8,0.5651897788,0.6124520898,-0.0131185912,1.0000000000
136,11.3290000000,left_hand,8,0.5696821809,0.6514217854,-0.0056813578,1.0000000000
137,11.4120000000,left_hand,8,0.5531546474,0.6416598558,-0.0157980118,1.0000000000
138,11.4960000000,left_hand,8,0.5636669397,0.6813725233,-0.0117068244,1.0000000000
139,11.5790000000,left_hand,8,0.5599429607,0.6989746690,-0.0115075940,1.0000000000
140,11.6620000000,left_hand,8,0.5559136271,0.7023424506,-0.0164603554,1.0000000000
141,11.7460000000,left_hand,8,0.5620737076,0.7165833712,-0.0125059634,1.0000000000
142,11.8290000000,left_hand,8,0.5553653240,0.7207384109,-0.0151010454,1.0000000000
143,11.9120000000,left_hand,8,0.5564383268,0.7301341295,-0.0194985885,1.0000000000
144,11.9960000000,left_hand,8,0.5544050932,0.7334982157,-0.0210234392,1.0000000000
61,5.0810000000,left_hand,9,0.3777854741,0.7137049437,-0.0339272134,1.0000000000
62,5.1650000000,left_hand,9,0.3777854741,0.7137049437,-0.0339272134,1.0000000000
63,5.2480000000,left_hand,9,0.5196099877,0.5252721310,-0.0111326855,1.0000000000
64,5.3310000000,left_hand,9,0.5137602091,0.5370037556,0.0060230643,1.0000000000
65,5.4150000000,left_hand,9,0.5193840265,0.5332837105,-0.0092326533,1.0000000000
66,5.4980000000,left_hand,9,0.5250078440,0.5295636654,-0.0244883709,1.0000000000
67,5.5810000000,left_hand,9,0.5340995789,0.5721912384,-0.0126681840,1.0000000000
68,5.6650000000,left_hand,9,0.5396679640,0.5858104229,-0.0092222793,1.0000000000
69,5.7480000000,left_hand,9,0.5587360263,0.5891806483,-0.0198942926,1.0000000000
70,5.8310000000,left_hand,9,0.5770755410,0.5739718676,-0.0056501818,1.0000000000
71,5.9140000000,left_hand,9,0.6021063328,0.5840678215,-0.0207555518,1.0000000000
72,5.9980000000,left_hand,9,0.6203297973,0.5664758682,-0.0280533582,1.0000000000
73,6.0810000000,left_hand,9,0.6179279685,0.5474981070,-0.0134164570,1.0000000000
74,6.1640000000,left_hand,9,0.5996991992,0.5333653092,0.0048789531,1.0000000000
75,6.2480000000,left_hand,9,0.6003579895,0.5238405334,-0.0003677275,1.0000000000
76,6.3310000000,left_hand,9,0.6010167797,0.5143157575,-0.0056144082,1.0000000000
77,6.4140000000,left_hand,9,0.6010167797,0.5143157575,-0.0056144082,1.0000000000
78,6.4980000000,left_hand,9,0.6010167797,0.5143157575,-0.0056144082,1.0000000000
79,6.5810000000,left_hand,9,0.6010167797,0.5143157575,-0.0056144082,1.0000000000
80,6.6640000000,left_hand,9,0.6010167797,0.5143157575,-0.0056144082,1.0000000000
81,6.7470000000,left_hand,9,0.6043107311,0.4666918781,-0.0318478114,1.0000000000
82,6.8310000000,left_hand,9,0.6049695214,0.4571671022,-0.0370944921,1.0000000000
83,6.9140000000,left_hand,9,0.6056283116,0.4476423264,-0.0423411727,1.0000000000
84,6.9970000000,left_hand,9,0.6116189162,0.4624253909,-0.0455677484,1.0000000000
85,7.0810000000,left_hand,9,0.6176095208,0.4772084554,-0.0487943242,1.0000000000
86,7.1640000000,left_hand,9,0.6236001253,0.4919915199,-0.0520209000,1.0000000000
87,7.2470000000,left_hand,9,0.6168579936,0.4924004376,-0.0488144740,1.0000000000
88,7.3310000000,left_hand,9,0.6101158619,0.4928093553,-0.0456080481,1.0000000000
89,7.4140000000,left_hand,9,0.6033737302,0.4932182729,-0.0424016222,1.0000000000
90,7.4970000000,left_hand,9,0.5966315985,0.4936271906,-0.0391951963,1.0000000000
91,7.5800000000,left_hand,9,0.5898894668,0.4940361083,-0.0359887704,1.0000000000
92,7.6640000000,left_hand,9,0.5513577461,0.5067010522,-0.0118339481,1.0000000000
93,7.7470000000,left_hand,9,0.5413837433,0.5354337692,-0.0298166946,1.0000000000
94,7.8300000000,left_hand,9,0.5208479166,0.5468006730,-0.0055311592,1.0000000000
95,7.9140000000,left_hand,9,0.5069048405,0.5546526909,-0.0029456094,1.0000000000
96,7.9970000000,left_hand,9,0.4911652803,0.5374335647,-0.0164271127,1.0000000000
97,8.0800000000,left_hand,9,0.4893854558,0.5541484952,-0.0031723583,1.0000000000
98,8.1640000000,left_hand,9,0.4985762835,0.5477939844,-0.0061254227,1.0000000000
99,8.2470000000,left_hand,9,0.5122709870,0.5478628278,0.0026474567,1.0000000000
100,8.3300000000,left_hand,9,0.5638432503,0.5112584233,-0.0312930755,1.0000000000
101,8.4140000000,left_hand,9,0.5539257526,0.5229840279,-0.0052472996,1.0000000000
102,8.4970000000,left_hand,9,0.5628917217,0.5257166028,-0.0149853267,1.0000000000
103,8.5800000000,left_hand,9,0.5811418096,0.5325362682,-0.0165758089,1.0000000000
104,8.6630000000,left_hand,9,0.5993918975,0.5393559337,-0.0181662912,1.0000000000
105,8.7470000000,left_hand,9,0.6176419854,0.5461755991,-0.0197567735,1.0000000000
106,8.8300000000,left_hand,9,0.6089652777,0.5792576075,-0.0044475305,1.0000000000
107,8.9130000000,left_hand,9,0.6066228151,0.5741764903,-0.0027153827,1.0000000000
108,8.9970000000,left_hand,9,0.6053680182,0.5757697225,-0.0036751810,1.0000000000
109,9.0800000000,left_hand,9,0.6036238074,0.5750852227,0.0001115427,1.0000000000
110,9.1630000000,left_hand,9,0.5955112576,0.5789559484,-0.0088174790,1.0000000000
111,9.2470000000,left_hand,9,0.5872106552,0.5815319419,-0.0040320149,1.0000000000
112,9.3300000000,left_hand,9,0.5786169171,0.5737140775,-0.0068541132,1.0000000000
113,9.4130000000,left_hand,9,0.5565461516,0.5743032694,0.0020504324,1.0000000000
114,9.4960000000,left_hand,9,0.5436334014,0.5657532811,-0.0069814292,1.0000000000
115,9.5800000000,left_hand,9,0.5314981341,0.5596969724,-0.0015126331,1.0000000000
116,9.6630000000,left_hand,9,0.5189253092,0.5483704209,-0.0013512322,1.0000000000
117,9.7460000000,left_hand,9,0.5119921565,0.5304802656,-0.0112644145,1.0000000000
118,9.8300000000,left_hand,9,0.5134238601,0.5162268877,-0.0231337138,1.0000000000
119,9.9130000000,left_hand,9,0.5001268983,0.5232066512,-0.0156891588,1.0000000000
120,9.9960000000,left_hand,9,0.5019283295,0.5293367505,-0.0175989121,1.0000000000
121,10.0800000000,left_hand,9,0.5075204372,0.5322563052,-0.0190597028,1.0000000000
122,10.1630000000,left_hand,9,0.4985293150,0.5328013301,0.0016097537,1.0000000000
123,10.2460000000,left_hand,9,0.5104602575,0.5287715197,-0.0073180734,1.0000000000
124,10.3290000000,left_hand,9,0.5531855226,0.5242027044,-0.0190493632,1.0000000000
125,10.4130000000,left_hand,9,0.5672032833,0.5197277069,-0.0198431294,1.0000000000
126,10.4960000000,left_hand,9,0.5921731591,0.4883967042,-0.0234490633,1.0000000000
127,10.5790000000,left_hand,9,0.6171430349,0.4570657015,-0.0270549972,1.0000000000
128,10.6630000000,left_hand,9,0.6180710196,0.5100971460,-0.0195015594,1.0000000000
129,10.7460000000,left_hand,9,0.6209179521,0.5247217536,-0.0170507355,1.0000000000
130,10.8290000000,left_hand,9,0.6237648845,0.5393463612,-0.0145999115,1.0000000000
131,10.9130000000,left_hand,9,0.6266118169,0.5539709687,-0.0121490875,1.0000000000
132,10.9960000000,left_hand,9,0.6294587493,0.5685955763,-0.0096982636,1.0000000000
133,11.0790000000,left_hand,9,0.6323056817,0.5832201838,-0.0072474396,1.0000000000
134,11.1620000000,left_hand,9,0.6234354675,0.5885246992,-0.0071834610,1.0000000000
135,11.2460000000,left_hand,9,0.6145652533,0.5938292146,-0.0071194824,1.0000000000
136,11.3290000000,left_hand,9,0.6143659353,0.6057247519,-0.0021113569,1.0000000000
137,11.4120000000,left_hand,9,0.6086714268,0.5987515450,-0.0091225030,1.0000000000
138,11.4960000000,left_hand,9,0.6082353592,0.6173727512,-0.0060091941,1.0000000000
139,11.5790000000,left_hand,9,0.5928648114,0.6066205502,-0.0114745488,1.0000000000
140,11.6620000000,left_hand,9,0.5856089592,0.6023945808,-0.0131794466,1.0000000000
141,11.7460000000,left_hand,9,0.5871475339,0.6139367223,-0.0080921287,1.0000000000
142,11.8290000000,left_hand,9,0.5821235180,0.6138125658,-0.0125442585,1.0000000000
143,11.9120000000,left_hand,9,0.5798769593,0.6194665432,-0.0132261161,1.0000000000
144,11.9960000000,left_hand,9,0.5801542401,0.6250209808,-0.0164567195,1.0000000000
61,5.0810000000,left_hand,10,0.4155386984,0.7595490813,-0.0400259495,1.0000000000
62,5.1650000000,left_hand,10,0.4155386984,0.7595490813,-0.0400259495,1.0000000000
63,5.2480000000,left_hand,10,0.4946424961,0.5838099718,-0.0176099967,1.0000000000
64,5.3310000000,left_hand,10,0.4965130389,0.5931500196,0.0066251270,1.0000000000
65,5.4150000000,left_hand,10,0.4992354959,0.5895890296,-0.0144005902,1.0000000000
66,5.4980000000,left_hand,10,0.5019579530,0.5860280395,-0.0354263075,1.0000000000
67,5.5810000000,left_hand,10,0.5085393190,0.6237226725,-0.0149266189,1.0000000000
68,5.6650000000,left_hand,10,0.5194863677,0.6364071965,-0.0107235564,1.0000000000
69,5.7480000000,left_hand,10,0.5357010961,0.6547355652,-0.0250134654,1.0000000000
70,5.8310000000,left_hand,10,0.5538216233,0.6182571054,-0.0080378102,1.0000000000
71,5.9140000000,left_hand,10,0.5737440586,0.6330675483,-0.0280093979,1.0000000000
72,5.9980000000,left_hand,10,0.6032012701,0.5982597470,-0.0404853523,1.0000000000
73,6.0810000000,left_hand,10,0.5975082517,0.5938260555,-0.0184425116,1.0000000000
74,6.1640000000,left_hand,10,0.5750083327,0.5628250241,0.0038720500,1.0000000000
75,6.2480000000,left_hand,10,0.5737852322,0.5500246518,-0.0036304378,1.0000000000
76,6.3310000000,left_hand,10,0.5725621316,0.5372242795,-0.0111329255,1.0000000000
77,6.4140000000,left_hand,10,0.5725621316,0.5372242795,-0.0111329255,1.0000000000
78,6.4980000000,left_hand,10,0.5725621316,0.5372242795,-0.0111329255,1.0000000000
79,6.5810000000,left_hand,10,0.5725621316,0.5372242795,-0.0111329255,1.0000000000
80,6.6640000000,left_hand,10,0.5725621316,0.5372242795,-0.0111329255,1.0000000000
81,6.7470000000,left_hand,10,0.5664466288,0.4732224180,-0.0486453643,1.0000000000
82,6.8310000000,left_hand,10,0.5652235283,0.4604220457,-0.0561478521,1.0000000000
83,6.9140000000,left_hand,10,0.5640004277,0.4476216733,-0.0636503398,1.0000000000
84,6.9970000000,left_hand,10,0.5722766519,0.4616130789,-0.0675717642,1.0000000000
85,7.0810000000,left_hand,10,0.5805528760,0.4756044845,-0.0714931885,1.0000000000
86,7.1640000000,left_hand,10,0.5888291001,0.4895958900,-0.0754146129,1.0000000000
87,7.2470000000,left_hand,10,0.5810876012,0.4940090537,-0.0705997668,1.0000000000
88,7.3310000000,left_hand,10,0.5733461022,0.4984222174,-0.0657849208,1.0000000000
89,7.4140000000,left_hand,10,0.5656046033,0.5028353810,-0.0609700747,1.0000000000
90,7.4970000000,left_hand,10,0.5578631043,0.5072485447,-0.0561552286,1.0000000000
91,7.5800000000,left_hand,10,0.5501216054,0.5116617084,-0.0513403825,1.0000000000
92,7.6640000000,left_hand,10,0.5168054104,0.5213062763,-0.0166078489,1.0000000000
93,7.7470000000,left_hand,10,0.5065519810,0.5575840473,-0.0453608930,1.0000000000
94,7.8300000000,left_hand,10,0.4923877120,0.5635951161,-0.0083345948,1.0000000000
95,7.9140000000,left_hand,10,0.4810089767,0.5662251115,-0.0028652360,1.0000000000
96,7.9970000000,left_hand,10,0.4626857936,0.5560271740,-0.0234583616,1.0000000000
97,8.0800000000,left_hand,10,0.4650052488,0.5732464790,-0.0042792680,1.0000000000
98,8.1640000000,left_hand,10,0.4718609750,0.5749700665,-0.0060089035,1.0000000000
99,8.2470000000,left_hand,10,0.4878137410,0.5678915381,0.0022724834,1.0000000000
100,8.3300000000,left_hand,10,0.5211326480,0.5186406970,-0.0448790230,1.0000000000
101,8.4140000000,left_hand,10,0.5247123837,0.5361516476,-0.0094798179,1.0000000000
102,8.4970000000,left_hand,10,0.5281799436,0.5612469316,-0.0206884891,1.0000000000
103,8.5800000000,left_hand,10,0.5475211342,0.5619550149,-0.0235879005,1.0000000000
104,8.6630000000,left_hand,10,0.5668623249,0.5626630982,-0.0264873120,1.0000000000
105,8.7470000000,left_hand,10,0.5862035155,0.5633711815,-0.0293867234,1.0000000000
106,8.8300000000,left_hand,10,0.5822337270,0.6071283817,-0.0022596088,1.0000000000
107,8.9130000000,left_hand,10,0.5758513808,0.6067062020,-0.0001919481,1.0000000000
108,8.9970000000,left_hand,10,0.5762501359,0.6112900376,0.0013441852,1.0000000000
109,9.0800000000,left_hand,10,0.5761203766,0.6021785736,0.0007727587,1.0000000000
110,9.1630000000,left_hand,10,0.5689746141,0.6044623256,-0.0100542335,1.0000000000
111,9.2470000000,left_hand,10,0.5582437515,0.6062711477,-0.0044279611,1.0000000000
112,9.3300000000,left_hand,10,0.5493616462,0.5993067026,-0.0091795828,1.0000000000
113,9.4130000000,left_hand,10,0.5295714140,0.6051728725,0.0030194977,1.0000000000
114,9.4960000000,left_hand,10,0.5186770558,0.5969187617,-0.0134953167,1.0000000000
115,9.5800000000,left_hand,10,0.5078085661,0.5890432596,-0.0058655553,1.0000000000
116,9.6630000000,left_hand,10,0.4945397377,0.5817658901,-0.0054313946,1.0000000000
117,9.7460000000,left_hand,10,0.4808099568,0.5544874668,-0.0181240812,1.0000000000
118,9.8300000000,left_hand,10,0.4759712517,0.5479063988,-0.0321255401,1.0000000000
119,9.9130000000,left_hand,10,0.4659112096,0.5533742905,-0.0226529725,1.0000000000
120,9.9960000000,left_hand,10,0.4676987529,0.5633792877,-0.0231679603,1.0000000000
121,10.0800000000,left_hand,10,0.4734585285,0.5543532968,-0.0261457972,1.0000000000
122,10.1630000000,left_hand,10,0.4750602245,0.5619639754,0.0024708740,1.0000000000
123,10.2460000000,left_hand,10,0.4759357870,0.5676133633,-0.0109116426,1.0000000000
124,10.3290000000,left_hand,10,0.5243982673,0.5377963781,-0.0288927387,1.0000000000
125,10.4130000000,left_hand,10,0.5352331400,0.5368547440,-0.0290807020,1.0000000000
126,10.4960000000,left_hand,10,0.5577996671,0.5198442638,-0.0370287197,1.0000000000
127,10.5790000000,left_hand,10,0.5803661942,0.5028337836,-0.0449767374,1.0000000000
128,10.6630000000,left_hand,10,0.5848163366,0.5310832262,-0.0312096588,1.0000000000
129,10.7460000000,left_hand,10,0.5895132542,0.5444082022,-0.0271078521,1.0000000000
130,10.8290000000,left_hand,10,0.5942101717,0.5577331781,-0.0230060454,1.0000000000
131,10.9130000000,left_hand,10,0.5989070892,0.5710581541,-0.0189042388,1.0000000000
132,10.9960000000,left_hand,10,0.6036040068,0.5843831301,-0.0148024321,1.0000000000
133,11.0790000000,left_hand,10,0.6083009243,0.5977081060,-0.0107006254,1.0000000000
134,11.1620000000,left_hand,10,0.5999301672,0.6107101738,-0.0100010014,1.0000000000
135,11.2460000000,left_hand,10,0.5915594101,0.6237122416,-0.0093013775,1.0000000000
136,11.3290000000,left_hand,10,0.5941205621,0.6379871368,-0.0023890787,1.0000000000
137,11.4120000000,left_hand,10,0.5876914859,0.6276497841,-0.0125173833,1.0000000000
138,11.4960000000,left_hand,10,0.5890930891,0.6545429230,-0.0082459971,1.0000000000
139,11.5790000000,left_hand,10,0.5740788579,0.6653620601,-0.0158425756,1.0000000000
140,11.6620000000,left_hand,10,0.5726075172,0.6712168455,-0.0187728889,1.0000000000
141,11.7460000000,left_hand,10,0.5763809681,0.6792116165,-0.0120513160,1.0000000000
142,11.8290000000,left_hand,10,0.5659663677,0.6794588566,-0.0177972354,1.0000000000
143,11.9120000000,left_hand,10,0.5691250563,0.6899831295,-0.0194953773,1.0000000000
144,11.9960000000,left_hand,10,0.5650069714,0.6934029460,-0.0232512150,1.0000000000
61,5.0810000000,left_hand,11,0.4264174700,0.7752155662,-0.0352491327,1.0000000000
62,5.1650000000,left_hand,11,0.4264174700,0.7752155662,-0.0352491327,1.0000000000
63,5.2480000000,left_hand,11,0.5028122067,0.5951687694,-0.0171576329,1.0000000000
64,5.3310000000,left_hand,11,0.4971389472,0.6019976139,0.0068244110,1.0000000000
65,5.4150000000,left_hand,11,0.4981926680,0.6133168042,-0.0153225942,1.0000000000
66,5.4980000000,left_hand,11,0.4992463887,0.6246359944,-0.0374695994,1.0000000000
67,5.5810000000,left_hand,11,0.5081187487,0.6422305703,-0.0130230887,1.0000000000
68,5.6650000000,left_hand,11,0.5232921243,0.6503741145,-0.0054351711,1.0000000000
69,5.7480000000,left_hand,11,0.5415381193,0.6545347571,-0.0203069374,1.0000000000
70,5.8310000000,left_hand,11,0.5467848778,0.6436250210,-0.0043760929,1.0000000000
71,5.9140000000,left_hand,11,0.5694646835,0.6575766206,-0.0253668260,1.0000000000
72,5.9980000000,left_hand,11,0.5934534669,0.6291515827,-0.0410713777,1.0000000000
73,6.0810000000,left_hand,11,0.5922781825,0.6171202660,-0.0188619848,1.0000000000
74,6.1640000000,left_hand,11,0.5661715269,0.5859048367,0.0026447673,1.0000000000
75,6.2480000000,left_hand,11,0.5626222226,0.5710730420,-0.0054272353,1.0000000000
76,6.3310000000,left_hand,11,0.5590729184,0.5562412474,-0.0134992379,1.0000000000
77,6.4140000000,left_hand,11,0.5590729184,0.5562412474,-0.0134992379,1.0000000000
78,6.4980000000,left_hand,11,0.5590729184,0.5562412474,-0.0134992379,1.0000000000
79,6.5810000000,left_hand,11,0.5590729184,0.5562412474,-0.0134992379,1.0000000000
80,6.6640000000,left_hand,11,0.5590729184,0.5562412474,-0.0134992379,1.0000000000
81,6.7470000000,left_hand,11,0.5413263970,0.4820822742,-0.0538592510,1.0000000000
82,6.8310000000,left_hand,11,0.5377770927,0.4672504796,-0.0619312536,1.0000000000
83,6.9140000000,left_hand,11,0.5342277884,0.4524186850,-0.0700032562,1.0000000000
84,6.9970000000,left_hand,11,0.5426884691,0.4682100912,-0.0768755352,1.0000000000
85,7.0810000000,left_hand,11,0.5511491497,0.4840014974,-0.0837478141,1.0000000000
86,7.1640000000,left_hand,11,0.5596098304,0.4997929037,-0.0906200930,1.0000000000
87,7.2470000000,left_hand,11,0.5525156617,0.5056619883,-0.0841715351,1.0000000000
88,7.3310000000,left_hand,11,0.5454214931,0.5115310729,-0.0777229771,1.0000000000
89,7.4140000000,left_hand,11,0.5383273244,0.5174001575,-0.0712744191,1.0000000000
90,7.4970000000,left_hand,11,0.5312331557,0.5232692420,-0.0648258612,1.0000000000
91,7.5800000000,left_hand,11,0.5241389871,0.5291383266,-0.0583773032,1.0000000000
92,7.6640000000,left_hand,11,0.4997212291,0.5375562310,-0.0197742842,1.0000000000
93,7.7470000000,left_hand,11,0.4975255728,0.5659642220,-0.0525660813,1.0000000000
94,7.8300000000,left_hand,11,0.4752116799,0.5727750063,-0.0094490517,1.0000000000
95,7.9140000000,left_hand,11,0.4706297815,0.5690705180,-0.0031104193,1.0000000000
96,7.9970000000,left_hand,11,0.4443134367,0.5786661506,-0.0253379308,1.0000000000
97,8.0800000000,left_hand,11,0.4514355063,0.5861906409,-0.0047518862,1.0000000000
98,8.1640000000,left_hand,11,0.4595554471,0.5907707810,-0.0051643350,1.0000000000
99,8.2470000000,left_hand,11,0.4719132483,0.5813950896,-0.0005298423,1.0000000000
100,8.3300000000,left_hand,11,0.4891640246,0.5339714289,-0.0524307825,1.0000000000
101,8.4140000000,left_hand,11,0.5120505691,0.5509771109,-0.0119784856,1.0000000000
102,8.4970000000,left_hand,11,0.5251417160,0.5705457926,-0.0199044552,1.0000000000
103,8.5800000000,left_hand,11,0.5392178694,0.5747877161,-0.0247026160,1.0000000000
104,8.6630000000,left_hand,11,0.5532940229,0.5790296396,-0.0295007769,1.0000000000
105,8.7470000000,left_hand,11,0.5673701763,0.5832715631,-0.0342989378,1.0000000000
106,8.8300000000,left_hand,11,0.5700688958,0.6216051579,-0.0000333970,1.0000000000
107,8.9130000000,left_hand,11,0.5670695305,0.6230028272,0.0029391448,1.0000000000
108,8.9970000000,left_hand,11,0.5677292347,0.6242931485,0.0071188058,1.0000000000
109,9.0800000000,left_hand,11,0.5617063642,0.6188657284,0.0007597348,1.0000000000
110,9.1630000000,left_hand,11,0.5548571944,0.6231557727,-0.0106700463,1.0000000000
111,9.2470000000,left_hand,11,0.5441762805,0.6252726912,-0.0053039761,1.0000000000
112,9.3300000000,left_hand,11,0.5342828035,0.6208489537,-0.0114061134,1.0000000000
113,9.4130000000,left_hand,11,0.5193662047,0.6246958375,0.0016397680,1.0000000000
114,9.4960000000,left_hand,11,0.5076051354,0.6205516458,-0.0171278268,1.0000000000
115,9.5800000000,left_hand,11,0.4957345426,0.6143257022,-0.0098627107,1.0000000000
116,9.6630000000,left_hand,11,0.4840276837,0.5986196399,-0.0079822028,1.0000000000
117,9.7460000000,left_hand,11,0.4716471434,0.5745524764,-0.0207369495,1.0000000000
118,9.8300000000,left_hand,11,0.4611056745,0.5755397081,-0.0341059826,1.0000000000
119,9.9130000000,left_hand,11,0.4525478184,0.5793945193,-0.0243783947,1.0000000000
120,9.9960000000,left_hand,11,0.4568703473,0.5878468752,-0.0239005517,1.0000000000
121,10.0800000000,left_hand,11,0.4589176774,0.5784212351,-0.0272073317,1.0000000000
122,10.1630000000,left_hand,11,0.4659362137,0.5812417269,0.0025481367,1.0000000000
123,10.2460000000,left_hand,11,0.4829404950,0.5801589489,-0.0087693594,1.0000000000
124,10.3290000000,left_hand,11,0.5316361189,0.5460680723,-0.0310079716,1.0000000000
125,10.4130000000,left_hand,11,0.5152294040,0.5532760620,-0.0343330652,1.0000000000
126,10.4960000000,left_hand,11,0.5371679068,0.5498219132,-0.0437902268,1.0000000000
127,10.5790000000,left_hand,11,0.5591064095,0.5463677645,-0.0532473885,1.0000000000
128,10.6630000000,left_hand,11,0.5644951463,0.5558027625,-0.0367769077,1.0000000000
129,10.7460000000,left_hand,11,0.5700762630,0.5670304656,-0.0321624048,1.0000000000
130,10.8290000000,left_hand,11,0.5756573796,0.5782581687,-0.0275479019,1.0000000000
131,10.9130000000,left_hand,11,0.5812384963,0.5894858718,-0.0229333989,1.0000000000
132,10.9960000000,left_hand,11,0.5868196130,0.6007135749,-0.0183188960,1.0000000000
133,11.0790000000,left_hand,11,0.5924007297,0.6119412780,-0.0137043931,1.0000000000
134,11.1620000000,left_hand,11,0.5861491561,0.6256631017,-0.0123681249,1.0000000000
135,11.2460000000,left_hand,11,0.5798975825,0.6393849254,-0.0110318568,1.0000000000
136,11.3290000000,left_hand,11,0.5823405981,0.6556418538,-0.0031365408,1.0000000000
137,11.4120000000,left_hand,11,0.5742577910,0.6526849866,-0.0152450642,1.0000000000
138,11.4960000000,left_hand,11,0.5777575970,0.6797388792,-0.0106351897,1.0000000000
139,11.5790000000,left_hand,11,0.5714462996,0.6962561011,-0.0154850846,1.0000000000
140,11.6620000000,left_hand,11,0.5741295815,0.7056342959,-0.0194336995,1.0000000000
141,11.7460000000,left_hand,11,0.5765299201,0.7148523331,-0.0134019647,1.0000000000
142,11.8290000000,left_hand,11,0.5669283867,0.7164779902,-0.0183534957,1.0000000000
143,11.9120000000,left_hand,11,0.5729510784,0.7283518314,-0.0212431289,1.0000000000
144,11.9960000000,left_hand,11,0.5677338243,0.7313792706,-0.0236128420,1.0000000000
61,5.0810000000,left_hand,12,0.4303353131,0.7791296244,-0.0316977799,1.0000000000
62,5.1650000000,left_hand,12,0.4303353131,0.7791296244,-0.0316977799,1.0000000000
63,5.2480000000,left_hand,12,0.5104777217,0.5905796885,-0.0163188633,1.0000000000
64,5.3310000000,left_hand,12,0.5010177493,0.5969645381,0.0068847016,1.0000000000
65,5.4150000000,left_hand,12,0.5003745854,0.6219468713,-0.0158333257,1.0000000000
66,5.4980000000,left_hand,12,0.4997314215,0.6469292045,-0.0385513529,1.0000000000
67,5.5810000000,left_hand,12,0.5132669806,0.6437886953,-0.0122595057,1.0000000000
68,5.6650000000,left_hand,12,0.5302450061,0.6477112174,-0.0010164191,1.0000000000
69,5.7480000000,left_hand,12,0.5498178005,0.6406637430,-0.0166161135,1.0000000000
70,5.8310000000,left_hand,12,0.5453943014,0.6568852067,-0.0003054070,1.0000000000
71,5.9140000000,left_hand,12,0.5715659261,0.6670253873,-0.0220866855,1.0000000000
72,5.9980000000,left_hand,12,0.5889886022,0.6525290012,-0.0402092449,1.0000000000
73,6.0810000000,left_hand,12,0.5912348628,0.6318651438,-0.0193125512,1.0000000000
74,6.1640000000,left_hand,12,0.5638622046,0.6006205678,0.0022429149,1.0000000000
75,6.2480000000,left_hand,12,0.5583764248,0.5850923459,-0.0060935977,1.0000000000
76,6.3310000000,left_hand,12,0.5528906451,0.5695641239,-0.0144301102,1.0000000000
77,6.4140000000,left_hand,12,0.5528906451,0.5695641239,-0.0144301102,1.0000000000
78,6.4980000000,left_hand,12,0.5528906451,0.5695641239,-0.0144301102,1.0000000000
79,6.5810000000,left_hand,12,0.5528906451,0.5695641239,-0.0144301102,1.0000000000
80,6.6640000000,left_hand,12,0.5528906451,0.5695641239,-0.0144301102,1.0000000000
81,6.7470000000,left_hand,12,0.5254617466,0.4919230143,-0.0561126728,1.0000000000
82,6.8310000000,left_hand,12,0.5199759669,0.4763947924,-0.0644491854,1.0000000000
83,6.9140000000,left_hand,12,0.5144901872,0.4608665705,-0.0727856979,1.0000000000
84,6.9970000000,left_hand,12,0.5207979282,0.4767876466,-0.0827939635,1.0000000000
85,7.0810000000,left_hand,12,0.5271056692,0.4927087228,-0.0928022290,1.0000000000
86,7.1640000000,left_hand,12,0.5334134102,0.5086297989,-0.1028104946,1.0000000000
87,7.2470000000,left_hand,12,0.5277894139,0.5155714154,-0.0950856075,1.0000000000
88,7.3310000000,left_hand,12,0.5221654177,0.5225130320,-0.0873607203,1.0000000000
89,7.4140000000,left_hand,12,0.5165414214,0.5294546485,-0.0796358332,1.0000000000
90,7.4970000000,left_hand,12,0.5109174252,0.5363962650,-0.0719109461,1.0000000000
91,7.5800000000,left_hand,12,0.5052934289,0.5433378816,-0.0641860589,1.0000000000
92,7.6640000000,left_hand,12,0.4901354909,0.5498899817,-0.0226210952,1.0000000000
93,7.7470000000,left_hand,12,0.4974468052,0.5644100904,-0.0561337173,1.0000000000
94,7.8300000000,left_hand,12,0.4641667902,0.5768383145,-0.0094631463,1.0000000000
95,7.9140000000,left_hand,12,0.4666932225,0.5697864294,-0.0032429358,1.0000000000
96,7.9970000000,left_hand,12,0.4336500466,0.5969977379,-0.0263366066,1.0000000000
97,8.0800000000,left_hand,12,0.4435110092,0.5956054926,-0.0045887739,1.0000000000
98,8.1640000000,left_hand,12,0.4538550377,0.6002607942,-0.0048495098,1.0000000000
99,8.2470000000,left_hand,12,0.4606460333,0.5916079879,-0.0032387911,1.0000000000
100,8.3300000000,left_hand,12,0.4662284851,0.5511258245,-0.0584880002,1.0000000000
101,8.4140000000,left_hand,12,0.5037721395,0.5625941157,-0.0135537814,1.0000000000
102,8.4970000000,left_hand,12,0.5269501209,0.5711988807,-0.0194157381,1.0000000000
103,8.5800000000,left_hand,12,0.5358863274,0.5807530085,-0.0256172021,1.0000000000
104,8.6630000000,left_hand,12,0.5448225339,0.5903071364,-0.0318186662,1.0000000000
105,8.7470000000,left_hand,12,0.5537587404,0.5998612642,-0.0380201302,1.0000000000
106,8.8300000000,left_hand,12,0.5632764697,0.6302594543,0.0005617486,1.0000000000
107,8.9130000000,left_hand,12,0.5650899410,0.6307004690,0.0050563016,1.0000000000
108,8.9970000000,left_hand,12,0.5647021532,0.6294463873,0.0107798316,1.0000000000
109,9.0800000000,left_hand,12,0.5548676252,0.6302247643,0.0007063344,1.0000000000
110,9.1630000000,left_hand,12,0.5463968515,0.6379024982,-0.0117797237,1.0000000000
111,9.2470000000,left_hand,12,0.5355358124,0.6402795911,-0.0064179483,1.0000000000
112,9.3300000000,left_hand,12,0.5238015056,0.6384032369,-0.0136210872,1.0000000000
113,9.4130000000,left_hand,12,0.5131264925,0.6375032663,-0.0000149349,1.0000000000
114,9.4960000000,left_hand,12,0.5002077222,0.6367297769,-0.0193059333,1.0000000000
115,9.5800000000,left_hand,12,0.4880669117,0.6325348616,-0.0123626506,1.0000000000
116,9.6630000000,left_hand,12,0.4785399437,0.6072888970,-0.0093678283,1.0000000000
117,9.7460000000,left_hand,12,0.4677605629,0.5890129209,-0.0215861890,1.0000000000
118,9.8300000000,left_hand,12,0.4541547000,0.5955740809,-0.0354868844,1.0000000000
119,9.9130000000,left_hand,12,0.4467934370,0.5979233384,-0.0251505654,1.0000000000
120,9.9960000000,left_hand,12,0.4524824023,0.6015377045,-0.0245755631,1.0000000000
121,10.0800000000,left_hand,12,0.4510994554,0.5968080759,-0.0275573209,1.0000000000
122,10.1630000000,left_hand,12,0.4624345899,0.5938307643,0.0025339669,1.0000000000
123,10.2460000000,left_hand,12,0.4939843416,0.5765169859,-0.0066246535,1.0000000000
124,10.3290000000,left_hand,12,0.5414366722,0.5475971699,-0.0321886428,1.0000000000
125,10.4130000000,left_hand,12,0.5009807944,0.5674532652,-0.0382342041,1.0000000000
126,10.4960000000,left_hand,12,0.5230701268,0.5731247067,-0.0482320916,1.0000000000
127,10.5790000000,left_hand,12,0.5451594591,0.5787961483,-0.0582299791,1.0000000000
128,10.6630000000,left_hand,12,0.5513864756,0.5738848448,-0.0401932970,1.0000000000
129,10.7460000000,left_hand,12,0.5573187351,0.5838975906,-0.0353704322,1.0000000000
130,10.8290000000,left_hand,12,0.5632509947,0.5939103365,-0.0305475675,1.0000000000
131,10.9130000000,left_hand,12,0.5691832542,0.6039230824,-0.0257247027,1.0000000000
132,10.9960000000,left_hand,12,0.5751155138,0.6139358282,-0.0209018379,1.0000000000
133,11.0790000000,left_hand,12,0.5810477734,0.6239485741,-0.0160789732,1.0000000000
134,11.1620000000,left_hand,12,0.5766707361,0.6372144222,-0.0145150148,1.0000000000
135,11.2460000000,left_hand,12,0.5722936988,0.6504802704,-0.0129510565,1.0000000000
136,11.3290000000,left_hand,12,0.5737312436,0.6674824953,-0.0040093758,1.0000000000
137,11.4120000000,left_hand,12,0.5646585226,0.6731871367,-0.0174661409,1.0000000000
138,11.4960000000,left_hand,12,0.5710061789,0.6986570358,-0.0129943881,1.0000000000
139,11.5790000000,left_hand,12,0.5735079050,0.7139508724,-0.0146359988,1.0000000000
140,11.6620000000,left_hand,12,0.5792315602,0.7248650789,-0.0198813062,1.0000000000
141,11.7460000000,left_hand,12,0.5797986984,0.7371702790,-0.0146743655,1.0000000000
142,11.8290000000,left_hand,12,0.5718605518,0.7380602956,-0.0184446480,1.0000000000
143,11.9120000000,left_hand,12,0.5806678534,0.7525196075,-0.0224323757,1.0000000000
144,11.9960000000,left_hand,12,0.5753194094,0.7536765337,-0.0231659319,1.0000000000
61,5.0810000000,left_hand,13,0.3844070137,0.6966772079,-0.0307448748,1.0000000000
62,5.1650000000,left_hand,13,0.3844070137,0.6966772079,-0.0307448748,1.0000000000
63,5.2480000000,left_hand,13,0.5307025909,0.5497015715,-0.0166356973,1.0000000000
64,5.3310000000,left_hand,13,0.5284166932,0.5599644184,0.0003241388,1.0000000000
65,5.4150000000,left_hand,13,0.5321246684,0.5545617938,-0.0135170820,1.0000000000
66,5.4980000000,left_hand,13,0.5358326435,0.5491591692,-0.0273583028,1.0000000000
67,5.5810000000,left_hand,13,0.5471485257,0.5923655033,-0.0173988696,1.0000000000
68,5.6650000000,left_hand,13,0.5540648699,0.5970839262,-0.0148690147,1.0000000000
69,5.7480000000,left_hand,13,0.5739765167,0.6029010415,-0.0245972872,1.0000000000
70,5.8310000000,left_hand,13,0.5902622938,0.5869531631,-0.0111698145,1.0000000000
71,5.9140000000,left_hand,13,0.6146075130,0.6036335826,-0.0264819432,1.0000000000
72,5.9980000000,left_hand,13,0.6357787251,0.5861589313,-0.0338971727,1.0000000000
73,6.0810000000,left_hand,13,0.6305008531,0.5702179670,-0.0196589697,1.0000000000
74,6.1640000000,left_hand,13,0.6051267982,0.5521953702,-0.0025454215,1.0000000000
75,6.2480000000,left_hand,13,0.6058406631,0.5443063378,-0.0075072663,1.0000000000
76,6.3310000000,left_hand,13,0.6065545281,0.5364173055,-0.0124691111,1.0000000000
77,6.4140000000,left_hand,13,0.6065545281,0.5364173055,-0.0124691111,1.0000000000
78,6.4980000000,left_hand,13,0.6065545281,0.5364173055,-0.0124691111,1.0000000000
79,6.5810000000,left_hand,13,0.6065545281,0.5364173055,-0.0124691111,1.0000000000
80,6.6640000000,left_hand,13,0.6065545281,0.5364173055,-0.0124691111,1.0000000000
81,6.7470000000,left_hand,13,0.6101238529,0.4969721437,-0.0372783350,1.0000000000
82,6.8310000000,left_hand,13,0.6108377179,0.4890831113,-0.0422401798,1.0000000000
83,6.9140000000,left_hand,13,0.6115515828,0.4811940789,-0.0472020246,1.0000000000
84,6.9970000000,left_hand,13,0.6145782073,0.4748757581,-0.0478898771,1.0000000000
85,7.0810000000,left_hand,13,0.6176048319,0.4685574373,-0.0485777296,1.0000000000
86,7.1640000000,left_hand,13,0.6206314564,0.4622391164,-0.0492655821,1.0000000000
87,7.2470000000,left_hand,13,0.6159960628,0.4747194648,-0.0473456323,1.0000000000
88,7.3310000000,left_hand,13,0.6113606691,0.4871998131,-0.0454256825,1.0000000000
89,7.4140000000,left_hand,13,0.6067252755,0.4996801615,-0.0435057327,1.0000000000
90,7.4970000000,left_hand,13,0.6020898819,0.5121605098,-0.0415857829,1.0000000000
91,7.5800000000,left_hand,13,0.5974544883,0.5246408582,-0.0396658331,1.0000000000
92,7.6640000000,left_hand,13,0.5544827580,0.5341569781,-0.0144393956,1.0000000000
93,7.7470000000,left_hand,13,0.5361515284,0.5138741136,-0.0281505529,1.0000000000
94,7.8300000000,left_hand,13,0.5263683200,0.5721327662,-0.0083601298,1.0000000000
95,7.9140000000,left_hand,13,0.5121458769,0.5800454021,-0.0041326820,1.0000000000
96,7.9970000000,left_hand,13,0.4954815507,0.5632331967,-0.0223046485,1.0000000000
97,8.0800000000,left_hand,13,0.4945570230,0.5863821507,-0.0047220145,1.0000000000
98,8.1640000000,left_hand,13,0.5038871169,0.5807968974,-0.0066914875,1.0000000000
99,8.2470000000,left_hand,13,0.5191882849,0.5775681138,0.0007818438,1.0000000000
100,8.3300000000,left_hand,13,0.5698307753,0.5393093824,-0.0352465063,1.0000000000
101,8.4140000000,left_hand,13,0.5576531887,0.5571746230,-0.0098616006,1.0000000000
102,8.4970000000,left_hand,13,0.5700995922,0.5599132180,-0.0207361393,1.0000000000
103,8.5800000000,left_hand,13,0.5878979961,0.5649744471,-0.0214700494,1.0000000000
104,8.6630000000,left_hand,13,0.6056964000,0.5700356762,-0.0222039595,1.0000000000
105,8.7470000000,left_hand,13,0.6234948039,0.5750969052,-0.0229378697,1.0000000000
106,8.8300000000,left_hand,13,0.6163295507,0.6113739610,-0.0055332379,1.0000000000
107,8.9130000000,left_hand,13,0.6130014658,0.6066612601,-0.0032374582,1.0000000000
108,8.9970000000,left_hand,13,0.6133835912,0.6076382399,-0.0031273556,1.0000000000
109,9.0800000000,left_hand,13,0.6108383536,0.6059848666,-0.0004219541,1.0000000000
110,9.1630000000,left_hand,13,0.6019752622,0.6114588380,-0.0094623305,1.0000000000
111,9.2470000000,left_hand,13,0.5943941474,0.6137816906,-0.0057893707,1.0000000000
112,9.3300000000,left_hand,13,0.5859639049,0.6067406535,-0.0095623257,1.0000000000
113,9.4130000000,left_hand,13,0.5631356239,0.6085525751,-0.0012007186,1.0000000000
114,9.4960000000,left_hand,13,0.5516128540,0.5980393887,-0.0110203587,1.0000000000
115,9.5800000000,left_hand,13,0.5394462943,0.5899960995,-0.0043365285,1.0000000000
116,9.6630000000,left_hand,13,0.5257776976,0.5787468553,-0.0051059644,1.0000000000
117,9.7460000000,left_hand,13,0.5163328052,0.5616656542,-0.0137656052,1.0000000000
118,9.8300000000,left_hand,13,0.5204641819,0.5448108912,-0.0271270871,1.0000000000
119,9.9130000000,left_hand,13,0.5070666075,0.5531471372,-0.0213444624,1.0000000000
120,9.9960000000,left_hand,13,0.5074031949,0.5587099791,-0.0201980937,1.0000000000
121,10.0800000000,left_hand,13,0.5104142427,0.5633419752,-0.0217003468,1.0000000000
122,10.1630000000,left_hand,13,0.5049481988,0.5640672445,-0.0018486398,1.0000000000
123,10.2460000000,left_hand,13,0.5155321956,0.5607113242,-0.0128205875,1.0000000000
124,10.3290000000,left_hand,13,0.5582190156,0.5534536839,-0.0236936808,1.0000000000
125,10.4130000000,left_hand,13,0.5745452642,0.5473162532,-0.0222118106,1.0000000000
126,10.4960000000,left_hand,13,0.6000287831,0.5093111545,-0.0280416096,1.0000000000
127,10.5790000000,left_hand,13,0.6255123019,0.4713060558,-0.0338714086,1.0000000000
128,10.6630000000,left_hand,13,0.6259214282,0.5360249281,-0.0235801172,1.0000000000
129,10.7460000000,left_hand,13,0.6280324221,0.5505299449,-0.0209058460,1.0000000000
130,10.8290000000,left_hand,13,0.6301434159,0.5650349617,-0.0182315748,1.0000000000
131,10.9130000000,left_hand,13,0.6322544098,0.5795399785,-0.0155573037,1.0000000000
132,10.9960000000,left_hand,13,0.6343654037,0.5940449953,-0.0128830325,1.0000000000
133,11.0790000000,left_hand,13,0.6364763975,0.6085500121,-0.0102087613,1.0000000000
134,11.1620000000,left_hand,13,0.6288378239,0.6156162918,-0.0106080510,1.0000000000
135,11.2460000000,left_hand,13,0.6211992502,0.6226825714,-0.0110073406,1.0000000000
136,11.3290000000,left_hand,13,0.6242731810,0.6286414266,-0.0052497461,1.0000000000
137,11.4120000000,left_hand,13,0.6201524734,0.6207717061,-0.0110649159,1.0000000000
138,11.4960000000,left_hand,13,0.6209066510,0.6354259849,-0.0100034429,1.0000000000
139,11.5790000000,left_hand,13,0.6075636148,0.6224606633,-0.0165642481,1.0000000000
140,11.6620000000,left_hand,13,0.6008035541,0.6174749136,-0.0194006935,1.0000000000
141,11.7460000000,left_hand,13,0.6004105210,0.6255617142,-0.0143055785,1.0000000000
142,11.8290000000,left_hand,13,0.5968880057,0.6275709271,-0.0185105242,1.0000000000
143,11.9120000000,left_hand,13,0.5944197178,0.6327908635,-0.0186213311,1.0000000000
144,11.9960000000,left_hand,13,0.5944480300,0.6390502453,-0.0221270807,1.0000000000
61,5.0810000000,left_hand,14,0.4180610180,0.7436936498,-0.0332240276,1.0000000000
62,5.1650000000,left_hand,14,0.4180610180,0.7436936498,-0.0332240276,1.0000000000
63,5.2480000000,left_hand,14,0.5155445337,0.6054900885,-0.0219323263,1.0000000000
64,5.3310000000,left_hand,14,0.5145041347,0.6080092788,0.0020872029,1.0000000000
65,5.4150000000,left_hand,14,0.5181538463,0.6061769128,-0.0175885684,1.0000000000
66,5.4980000000,left_hand,14,0.5218035579,0.6043445468,-0.0372643396,1.0000000000
67,5.5810000000,left_hand,14,0.5278887749,0.6408106089,-0.0173803102,1.0000000000
68,5.6650000000,left_hand,14,0.5376340747,0.6491560936,-0.0159218479,1.0000000000
69,5.7480000000,left_hand,14,0.5532724857,0.6625135541,-0.0272257794,1.0000000000
70,5.8310000000,left_hand,14,0.5732317567,0.6368940473,-0.0109041035,1.0000000000
71,5.9140000000,left_hand,14,0.5917546153,0.6532205939,-0.0302738044,1.0000000000
72,5.9980000000,left_hand,14,0.6197935343,0.6186813116,-0.0441720895,1.0000000000
73,6.0810000000,left_hand,14,0.6126089096,0.6133488417,-0.0232492685,1.0000000000
74,6.1640000000,left_hand,14,0.5879117846,0.5838737488,-0.0051011872,1.0000000000
75,6.2480000000,left_hand,14,0.5865747929,0.5731834008,-0.0116974198,1.0000000000
76,6.3310000000,left_hand,14,0.5852378011,0.5624930527,-0.0182936525,1.0000000000
77,6.4140000000,left_hand,14,0.5852378011,0.5624930527,-0.0182936525,1.0000000000
78,6.4980000000,left_hand,14,0.5852378011,0.5624930527,-0.0182936525,1.0000000000
79,6.5810000000,left_hand,14,0.5852378011,0.5624930527,-0.0182936525,1.0000000000
80,6.6640000000,left_hand,14,0.5852378011,0.5624930527,-0.0182936525,1.0000000000
81,6.7470000000,left_hand,14,0.5785528421,0.5090413127,-0.0512748158,1.0000000000
82,6.8310000000,left_hand,14,0.5772158504,0.4983509647,-0.0578710484,1.0000000000
83,6.9140000000,left_hand,14,0.5758788586,0.4876606166,-0.0644672811,1.0000000000
84,6.9970000000,left_hand,14,0.5803555648,0.4783930083,-0.0661136334,1.0000000000
85,7.0810000000,left_hand,14,0.5848322709,0.4691254000,-0.0677599857,1.0000000000
86,7.1640000000,left_hand,14,0.5893089771,0.4598577917,-0.0694063380,1.0000000000
87,7.2470000000,left_hand,14,0.5839016557,0.4764566302,-0.0661469430,1.0000000000
88,7.3310000000,left_hand,14,0.5784943342,0.4930554688,-0.0628875479,1.0000000000
89,7.4140000000,left_hand,14,0.5730870128,0.5096543074,-0.0596281528,1.0000000000
90,7.4970000000,left_hand,14,0.5676796913,0.5262531459,-0.0563687578,1.0000000000
91,7.5800000000,left_hand,14,0.5622723699,0.5428519845,-0.0531093627,1.0000000000
92,7.6640000000,left_hand,14,0.5272275209,0.5507015586,-0.0184348449,1.0000000000
93,7.7470000000,left_hand,14,0.5031637549,0.5335480571,-0.0412225723,1.0000000000
94,7.8300000000,left_hand,14,0.5001949668,0.5882459879,-0.0112812473,1.0000000000
95,7.9140000000,left_hand,14,0.4897790253,0.5939591527,-0.0027787732,1.0000000000
96,7.9970000000,left_hand,14,0.4724906683,0.5837667584,-0.0272455160,1.0000000000
97,8.0800000000,left_hand,14,0.4746680558,0.6010670066,-0.0042519281,1.0000000000
98,8.1640000000,left_hand,14,0.4821093976,0.6060485244,-0.0044651418,1.0000000000
99,8.2470000000,left_hand,14,0.4958733022,0.5934739709,0.0004303355,1.0000000000
100,8.3300000000,left_hand,14,0.5311998129,0.5521943569,-0.0483681969,1.0000000000
101,8.4140000000,left_hand,14,0.5316356421,0.5749275684,-0.0130502582,1.0000000000
102,8.4970000000,left_hand,14,0.5432267785,0.5910490751,-0.0242023095,1.0000000000
103,8.5800000000,left_hand,14,0.5613716443,0.5927954117,-0.0268290453,1.0000000000
104,8.6630000000,left_hand,14,0.5795165102,0.5945417484,-0.0294557810,1.0000000000
105,8.7470000000,left_hand,14,0.5976613760,0.5962880850,-0.0320825167,1.0000000000
106,8.8300000000,left_hand,14,0.5935767293,0.6301871538,-0.0015457950,1.0000000000
107,8.9130000000,left_hand,14,0.5882134438,0.6324126720,0.0015405428,1.0000000000
108,8.9970000000,left_hand,14,0.5897987485,0.6335751414,0.0037890396,1.0000000000
109,9.0800000000,left_hand,14,0.5865548849,0.6264628768,0.0020252741,1.0000000000
110,9.1630000000,left_hand,14,0.5816819072,0.6289535761,-0.0072550001,1.0000000000
111,9.2470000000,left_hand,14,0.5713715553,0.6309120059,-0.0035846564,1.0000000000
112,9.3300000000,left_hand,14,0.5610235333,0.6282157898,-0.0094068721,1.0000000000
113,9.4130000000,left_hand,14,0.5410066843,0.6308993697,0.0013846760,1.0000000000
114,9.4960000000,left_hand,14,0.5316983461,0.6269570589,-0.0167244598,1.0000000000
115,9.5800000000,left_hand,14,0.5186854601,0.6142662764,-0.0079387706,1.0000000000
116,9.6630000000,left_hand,14,0.5047684312,0.6053532958,-0.0085115395,1.0000000000
117,9.7460000000,left_hand,14,0.4899094105,0.5822398663,-0.0189587064,1.0000000000
118,9.8300000000,left_hand,14,0.4868863821,0.5768945217,-0.0332065523,1.0000000000
119,9.9130000000,left_hand,14,0.4778151810,0.5838227868,-0.0262743961,1.0000000000
120,9.9960000000,left_hand,14,0.4783535004,0.5897914171,-0.0234913602,1.0000000000
121,10.0800000000,left_hand,14,0.4815098047,0.5861762762,-0.0252636019,1.0000000000
122,10.1630000000,left_hand,14,0.4867599607,0.5894927979,0.0009601591,1.0000000000
123,10.2460000000,left_hand,14,0.4932144582,0.5996527076,-0.0158519875,1.0000000000
124,10.3290000000,left_hand,14,0.5297875404,0.5679935217,-0.0315146297,1.0000000000
125,10.4130000000,left_hand,14,0.5469458699,0.5667198896,-0.0300352909,1.0000000000
126,10.4960000000,left_hand,14,0.5703846514,0.5406430662,-0.0402397383,1.0000000000
127,10.5790000000,left_hand,14,0.5938234329,0.5145662427,-0.0504441857,1.0000000000
128,10.6630000000,left_hand,14,0.5967100263,0.5565587878,-0.0343415737,1.0000000000
129,10.7460000000,left_hand,14,0.6004279137,0.5693833709,-0.0300535576,1.0000000000
130,10.8290000000,left_hand,14,0.6041458011,0.5822079539,-0.0257655416,1.0000000000
131,10.9130000000,left_hand,14,0.6078636885,0.5950325370,-0.0214775255,1.0000000000
132,10.9960000000,left_hand,14,0.6115815759,0.6078571200,-0.0171895094,1.0000000000
133,11.0790000000,left_hand,14,0.6152994633,0.6206817031,-0.0129014933,1.0000000000
134,11.1620000000,left_hand,14,0.6094512343,0.6369528770,-0.0123894741,1.0000000000
135,11.2460000000,left_hand,14,0.6036030054,0.6532240510,-0.0118774548,1.0000000000
136,11.3290000000,left_hand,14,0.6075838208,0.6603159904,-0.0039580134,1.0000000000
137,11.4120000000,left_hand,14,0.6032137275,0.6494866610,-0.0132873105,1.0000000000
138,11.4960000000,left_hand,14,0.6043110490,0.6705133319,-0.0115415081,1.0000000000
139,11.5790000000,left_hand,14,0.5905045867,0.6766871214,-0.0198020525,1.0000000000
140,11.6620000000,left_hand,14,0.5901404619,0.6821860671,-0.0233061370,1.0000000000
141,11.7460000000,left_hand,14,0.5912767053,0.6894152164,-0.0171534140,1.0000000000
142,11.8290000000,left_hand,14,0.5862013102,0.6932724714,-0.0228273738,1.0000000000
143,11.9120000000,left_hand,14,0.5862862468,0.7022143006,-0.0238656383,1.0000000000
144,11.9960000000,left_hand,14,0.5843558311,0.7091205716,-0.0273149367,1.0000000000
61,5.0810000000,left_hand,15,0.4266853929,0.7615144253,-0.0272203870,1.0000000000
62,5.1650000000,left_hand,15,0.4266853929,0.7615144253,-0.0272203870,1.0000000000
63,5.2480000000,left_hand,15,0.5271554589,0.6060347557,-0.0177476890,1.0000000000
64,5.3310000000,left_hand,15,0.5153480768,0.6129005551,0.0070039728,1.0000000000
65,5.4150000000,left_hand,15,0.5192952752,0.6230507195,-0.0145947866,1.0000000000
66,5.4980000000,left_hand,15,0.5232424736,0.6332008839,-0.0361935459,1.0000000000
67,5.5810000000,left_hand,15,0.5287029743,0.6505689025,-0.0114212306,1.0000000000
68,5.6650000000,left_hand,15,0.5411061049,0.6593365669,-0.0083836410,1.0000000000
69,5.7480000000,left_hand,15,0.5575459003,0.6593829989,-0.0182539970,1.0000000000
70,5.8310000000,left_hand,15,0.5697112083,0.6602061391,-0.0032761972,1.0000000000
71,5.9140000000,left_hand,15,0.5908477306,0.6708518267,-0.0225670226,1.0000000000
72,5.9980000000,left_hand,15,0.6104672551,0.6438169479,-0.0393625721,1.0000000000
73,6.0810000000,left_hand,15,0.6083072424,0.6295586824,-0.0196884628,1.0000000000
74,6.1640000000,left_hand,15,0.5919082761,0.5997180939,-0.0046825376,1.0000000000
75,6.2480000000,left_hand,15,0.5872345236,0.5884497464,-0.0111645232,1.0000000000
76,6.3310000000,left_hand,15,0.5825607710,0.5771813989,-0.0176465089,1.0000000000
77,6.4140000000,left_hand,15,0.5825607710,0.5771813989,-0.0176465089,1.0000000000
78,6.4980000000,left_hand,15,0.5825607710,0.5771813989,-0.0176465089,1.0000000000
79,6.5810000000,left_hand,15,0.5825607710,0.5771813989,-0.0176465089,1.0000000000
80,6.6640000000,left_hand,15,0.5825607710,0.5771813989,-0.0176465089,1.0000000000
81,6.7470000000,left_hand,15,0.5591920084,0.5208396614,-0.0500564369,1.0000000000
82,6.8310000000,left_hand,15,0.5545182559,0.5095713139,-0.0565384225,1.0000000000
83,6.9140000000,left_hand,15,0.5498445034,0.4983029664,-0.0630204082,1.0000000000
84,6.9970000000,left_hand,15,0.5533902446,0.4888527294,-0.0689415758,1.0000000000
85,7.0810000000,left_hand,15,0.5569359859,0.4794024924,-0.0748627434,1.0000000000
86,7.1640000000,left_hand,15,0.5604817271,0.4699522555,-0.0807839110,1.0000000000
87,7.2470000000,left_hand,15,0.5566476226,0.4870237350,-0.0757547647,1.0000000000
88,7.3310000000,left_hand,15,0.5528135180,0.5040952146,-0.0707256183,1.0000000000
89,7.4140000000,left_hand,15,0.5489794135,0.5211666942,-0.0656964719,1.0000000000
90,7.4970000000,left_hand,15,0.5451453090,0.5382381737,-0.0606673256,1.0000000000
91,7.5800000000,left_hand,15,0.5413112044,0.5553096533,-0.0556381792,1.0000000000
92,7.6640000000,left_hand,15,0.5296076536,0.5561703444,-0.0168452710,1.0000000000
93,7.7470000000,left_hand,15,0.4961472154,0.5415400863,-0.0440134965,1.0000000000
94,7.8300000000,left_hand,15,0.4837367535,0.5962589383,-0.0101848450,1.0000000000
95,7.9140000000,left_hand,15,0.4831322432,0.5953783989,0.0001297663,1.0000000000
96,7.9970000000,left_hand,15,0.4584467709,0.5969866514,-0.0274521094,1.0000000000
97,8.0800000000,left_hand,15,0.4660696387,0.6065102816,-0.0003646488,1.0000000000
98,8.1640000000,left_hand,15,0.4745515883,0.6150941849,-0.0005949069,1.0000000000
99,8.2470000000,left_hand,15,0.4870760739,0.5994855165,0.0002962565,1.0000000000
100,8.3300000000,left_hand,15,0.5041500926,0.5724378824,-0.0517875291,1.0000000000
101,8.4140000000,left_hand,15,0.5248935223,0.5817334652,-0.0114878695,1.0000000000
102,8.4970000000,left_hand,15,0.5488687754,0.5871704221,-0.0171446372,1.0000000000
103,8.5800000000,left_hand,15,0.5604170163,0.5967815320,-0.0230194864,1.0000000000
104,8.6630000000,left_hand,15,0.5719652573,0.6063926419,-0.0288943357,1.0000000000
105,8.7470000000,left_hand,15,0.5835134983,0.6160037518,-0.0347691849,1.0000000000
106,8.8300000000,left_hand,15,0.5837961435,0.6333578229,0.0042210454,1.0000000000
107,8.9130000000,left_hand,15,0.5830818415,0.6378593445,0.0075110863,1.0000000000
108,8.9970000000,left_hand,15,0.5830010772,0.6391198635,0.0115120756,1.0000000000
109,9.0800000000,left_hand,15,0.5749722123,0.6349735260,0.0054502669,1.0000000000
110,9.1630000000,left_hand,15,0.5711416602,0.6377528310,-0.0044299113,1.0000000000
111,9.2470000000,left_hand,15,0.5608211160,0.6392228603,-0.0003789534,1.0000000000
112,9.3300000000,left_hand,15,0.5511073470,0.6397674680,-0.0073538478,1.0000000000
113,9.4130000000,left_hand,15,0.5364221931,0.6388728023,0.0042453799,1.0000000000
114,9.4960000000,left_hand,15,0.5316288471,0.6366665959,-0.0154576935,1.0000000000
115,9.5800000000,left_hand,15,0.5143883824,0.6283932924,-0.0067680851,1.0000000000
116,9.6630000000,left_hand,15,0.5013807416,0.6098743677,-0.0062670032,1.0000000000
117,9.7460000000,left_hand,15,0.4878539443,0.5933686495,-0.0163380671,1.0000000000
118,9.8300000000,left_hand,15,0.4827553034,0.5954031944,-0.0295393951,1.0000000000
119,9.9130000000,left_hand,15,0.4733372927,0.6008934975,-0.0226159506,1.0000000000
120,9.9960000000,left_hand,15,0.4742850661,0.6048531532,-0.0194636099,1.0000000000
121,10.0800000000,left_hand,15,0.4757370353,0.5996223688,-0.0208696462,1.0000000000
122,10.1630000000,left_hand,15,0.4821619987,0.5987980366,0.0042417417,1.0000000000
123,10.2460000000,left_hand,15,0.5045657158,0.5997411013,-0.0116668064,1.0000000000
124,10.3290000000,left_hand,15,0.5388094187,0.5709758997,-0.0276786294,1.0000000000
125,10.4130000000,left_hand,15,0.5337032080,0.5798086524,-0.0304207951,1.0000000000
126,10.4960000000,left_hand,15,0.5545835197,0.5675036609,-0.0418120380,1.0000000000
127,10.5790000000,left_hand,15,0.5754638314,0.5551986694,-0.0532032810,1.0000000000
128,10.6630000000,left_hand,15,0.5790013075,0.5772792697,-0.0358843505,1.0000000000
129,10.7460000000,left_hand,15,0.5836294889,0.5881788850,-0.0312509764,1.0000000000
130,10.8290000000,left_hand,15,0.5882576704,0.5990785003,-0.0266176023,1.0000000000
131,10.9130000000,left_hand,15,0.5928858519,0.6099781156,-0.0219842281,1.0000000000
132,10.9960000000,left_hand,15,0.5975140333,0.6208777308,-0.0173508540,1.0000000000
133,11.0790000000,left_hand,15,0.6021422148,0.6317773461,-0.0127174798,1.0000000000
134,11.1620000000,left_hand,15,0.6042201817,0.6415786445,-0.0109314588,1.0000000000
135,11.2460000000,left_hand,15,0.6062981486,0.6513799429,-0.0091454377,1.0000000000
136,11.3290000000,left_hand,15,0.5994060636,0.6739540696,-0.0017951621,1.0000000000
137,11.4120000000,left_hand,15,0.5929716229,0.6695685387,-0.0143136540,1.0000000000
138,11.4960000000,left_hand,15,0.5943789482,0.6917628050,-0.0119180325,1.0000000000
139,11.5790000000,left_hand,15,0.5863509774,0.7038072348,-0.0175071936,1.0000000000
140,11.6620000000,left_hand,15,0.5909180045,0.7130807638,-0.0214636084,1.0000000000
141,11.7460000000,left_hand,15,0.5910178423,0.7205701470,-0.0168085638,1.0000000000
142,11.8290000000,left_hand,15,0.5883453488,0.7257527113,-0.0218866542,1.0000000000
143,11.9120000000,left_hand,15,0.5899824500,0.7358899713,-0.0238141716,1.0000000000
144,11.9960000000,left_hand,15,0.5882121921,0.7423655987,-0.0256352816,1.0000000000
61,5.0810000000,left_hand,16,0.4304048419,0.7671448588,-0.0237767845,1.0000000000
62,5.1650000000,left_hand,16,0.4304048419,0.7671448588,-0.0237767845,1.0000000000
63,5.2480000000,left_hand,16,0.5343754888,0.5927066207,-0.0146283964,1.0000000000
64,5.3310000000,left_hand,16,0.5182442069,0.6041639447,0.0097864605,1.0000000000
65,5.4150000000,left_hand,16,0.5220605731,0.6249263585,-0.0123665612,1.0000000000
66,5.4980000000,left_hand,16,0.5258769393,0.6456887722,-0.0345195830,1.0000000000
67,5.5810000000,left_hand,16,0.5328022242,0.6452776790,-0.0085912216,1.0000000000
68,5.6650000000,left_hand,16,0.5461691022,0.6554423571,-0.0030770802,1.0000000000
69,5.7480000000,left_hand,16,0.5635837913,0.6447206736,-0.0122693228,1.0000000000
70,5.8310000000,left_hand,16,0.5697269440,0.6697274446,0.0030070008,1.0000000000
71,5.9140000000,left_hand,16,0.5934779048,0.6739429832,-0.0162060540,1.0000000000
72,5.9980000000,left_hand,16,0.6053774953,0.6602575183,-0.0339954309,1.0000000000
73,6.0810000000,left_hand,16,0.6062632799,0.6359748244,-0.0174257066,1.0000000000
74,6.1640000000,left_hand,16,0.5989639163,0.6066673994,-0.0033966056,1.0000000000
75,6.2480000000,left_hand,16,0.5916448832,0.5957085424,-0.0096386539,1.0000000000
76,6.3310000000,left_hand,16,0.5843258500,0.5847496854,-0.0158807021,1.0000000000
77,6.4140000000,left_hand,16,0.5843258500,0.5847496854,-0.0158807021,1.0000000000
78,6.4980000000,left_hand,16,0.5843258500,0.5847496854,-0.0158807021,1.0000000000
79,6.5810000000,left_hand,16,0.5843258500,0.5847496854,-0.0158807021,1.0000000000
80,6.6640000000,left_hand,16,0.5843258500,0.5847496854,-0.0158807021,1.0000000000
81,6.7470000000,left_hand,16,0.5477306843,0.5299554004,-0.0470909434,1.0000000000
82,6.8310000000,left_hand,16,0.5404116511,0.5189965434,-0.0533329916,1.0000000000
83,6.9140000000,left_hand,16,0.5330926180,0.5080376863,-0.0595750399,1.0000000000
84,6.9970000000,left_hand,16,0.5342559020,0.5001616081,-0.0695377762,1.0000000000
85,7.0810000000,left_hand,16,0.5354191860,0.4922855298,-0.0795005125,1.0000000000
86,7.1640000000,left_hand,16,0.5365824699,0.4844094515,-0.0894632488,1.0000000000
87,7.2470000000,left_hand,16,0.5346944571,0.5000233054,-0.0831087269,1.0000000000
88,7.3310000000,left_hand,16,0.5328064442,0.5156371593,-0.0767542049,1.0000000000
89,7.4140000000,left_hand,16,0.5309184313,0.5312510133,-0.0703996830,1.0000000000
90,7.4970000000,left_hand,16,0.5290304184,0.5468648672,-0.0640451610,1.0000000000
91,7.5800000000,left_hand,16,0.5271424055,0.5624787211,-0.0576906390,1.0000000000
92,7.6640000000,left_hand,16,0.5362746716,0.5554792881,-0.0155762034,1.0000000000
93,7.7470000000,left_hand,16,0.4959139228,0.5398156047,-0.0440213308,1.0000000000
94,7.8300000000,left_hand,16,0.4721843302,0.5996530056,-0.0084968172,1.0000000000
95,7.9140000000,left_hand,16,0.4824864566,0.5946471691,0.0019071412,1.0000000000
96,7.9970000000,left_hand,16,0.4500672221,0.6015613079,-0.0277877189,1.0000000000
97,8.0800000000,left_hand,16,0.4625678957,0.6094318628,0.0026163789,1.0000000000
98,8.1640000000,left_hand,16,0.4726466537,0.6191551685,0.0013363132,1.0000000000
99,8.2470000000,left_hand,16,0.4831310809,0.6046746969,-0.0002404386,1.0000000000
100,8.3300000000,left_hand,16,0.4869867265,0.5884746313,-0.0537903123,1.0000000000
101,8.4140000000,left_hand,16,0.5217303038,0.5821812749,-0.0103063919,1.0000000000
102,8.4970000000,left_hand,16,0.5577147007,0.5790885091,-0.0126984762,1.0000000000
103,8.5800000000,left_hand,16,0.5632232428,0.5959534248,-0.0205956691,1.0000000000
104,8.6630000000,left_hand,16,0.5687317848,0.6128183405,-0.0284928620,1.0000000000
105,8.7470000000,left_hand,16,0.5742403269,0.6296832561,-0.0363900550,1.0000000000
106,8.8300000000,left_hand,16,0.5781244040,0.6329635978,0.0066808066,1.0000000000
107,8.9130000000,left_hand,16,0.5826213360,0.6377040744,0.0107047725,1.0000000000
108,8.9970000000,left_hand,16,0.5815684795,0.6402982473,0.0154119711,1.0000000000
109,9.0800000000,left_hand,16,0.5702227950,0.6396790743,0.0073160520,1.0000000000
110,9.1630000000,left_hand,16,0.5658859611,0.6441994309,-0.0040741116,1.0000000000
111,9.2470000000,left_hand,16,0.5553803444,0.6450256109,0.0006285252,1.0000000000
112,9.3300000000,left_hand,16,0.5462313890,0.6480807066,-0.0068471944,1.0000000000
113,9.4130000000,left_hand,16,0.5364776850,0.6427618861,0.0051934770,1.0000000000
114,9.4960000000,left_hand,16,0.5348283648,0.6396441460,-0.0135443145,1.0000000000
115,9.5800000000,left_hand,16,0.5142260194,0.6360213757,-0.0052375249,1.0000000000
116,9.6630000000,left_hand,16,0.5034912229,0.6094363332,-0.0039615310,1.0000000000
117,9.7460000000,left_hand,16,0.4904330969,0.5994482636,-0.0133402441,1.0000000000
118,9.8300000000,left_hand,16,0.4852421880,0.6043158174,-0.0267255530,1.0000000000
119,9.9130000000,left_hand,16,0.4738861918,0.6079134941,-0.0196591150,1.0000000000
120,9.9960000000,left_hand,16,0.4758360684,0.6100577116,-0.0167757403,1.0000000000
121,10.0800000000,left_hand,16,0.4748375714,0.6064223647,-0.0178249665,1.0000000000
122,10.1630000000,left_hand,16,0.4806108177,0.6012130380,0.0058618495,1.0000000000
123,10.2460000000,left_hand,16,0.5145711899,0.5852746964,-0.0085936524,1.0000000000
124,10.3290000000,left_hand,16,0.5492848754,0.5667467713,-0.0247493330,1.0000000000
125,10.4130000000,left_hand,16,0.5252298117,0.5875767469,-0.0304372963,1.0000000000
126,10.4960000000,left_hand,16,0.5446293950,0.5863624811,-0.0418958114,1.0000000000
127,10.5790000000,left_hand,16,0.5640289783,0.5851482153,-0.0533543266,1.0000000000
128,10.6630000000,left_hand,16,0.5685204864,0.5888518095,-0.0358201824,1.0000000000
129,10.7460000000,left_hand,16,0.5732713580,0.5992172241,-0.0312095234,1.0000000000
130,10.8290000000,left_hand,16,0.5780222297,0.6095826387,-0.0265988644,1.0000000000
131,10.9130000000,left_hand,16,0.5827731013,0.6199480534,-0.0219882054,1.0000000000
132,10.9960000000,left_hand,16,0.5875239730,0.6303134680,-0.0173775464,1.0000000000
133,11.0790000000,left_hand,16,0.5922748446,0.6406788826,-0.0127668874,1.0000000000
134,11.1620000000,left_hand,16,0.6017199457,0.6419883966,-0.0102167756,1.0000000000
135,11.2460000000,left_hand,16,0.6111650467,0.6432979107,-0.0076666637,1.0000000000
136,11.3290000000,left_hand,16,0.5937922001,0.6810475588,-0.0009314428,1.0000000000
137,11.4120000000,left_hand,16,0.5864756107,0.6846363544,-0.0153968353,1.0000000000
138,11.4960000000,left_hand,16,0.5881668329,0.7070683241,-0.0128465137,1.0000000000
139,11.5790000000,left_hand,16,0.5853652954,0.7204914689,-0.0157879498,1.0000000000
140,11.6620000000,left_hand,16,0.5939987898,0.7304866314,-0.0204775557,1.0000000000
141,11.7460000000,left_hand,16,0.5931551456,0.7404079437,-0.0170923639,1.0000000000
142,11.8290000000,left_hand,16,0.5924117565,0.7449675202,-0.0211852379,1.0000000000
143,11.9120000000,left_hand,16,0.5962086916,0.7567500472,-0.0238840282,1.0000000000
144,11.9960000000,left_hand,16,0.5954172015,0.7606882453,-0.0241497029,1.0000000000
61,5.0810000000,left_hand,17,0.3899975419,0.6849520206,-0.0277088266,1.0000000000
62,5.1650000000,left_hand,17,0.3899975419,0.6849520206,-0.0277088266,1.0000000000
63,5.2480000000,left_hand,17,0.5439649224,0.5727537870,-0.0219053645,1.0000000000
64,5.3310000000,left_hand,17,0.5450928807,0.5800757408,-0.0052103428,1.0000000000
65,5.4150000000,left_hand,17,0.5467680097,0.5747604370,-0.0175947533,1.0000000000
66,5.4980000000,left_hand,17,0.5484431386,0.5694451332,-0.0299791638,1.0000000000
67,5.5810000000,left_hand,17,0.5609959364,0.6100626588,-0.0217788536,1.0000000000
68,5.6650000000,left_hand,17,0.5697651505,0.6098253727,-0.0195597447,1.0000000000
69,5.7480000000,left_hand,17,0.5899190903,0.6174597740,-0.0285403971,1.0000000000
70,5.8310000000,left_hand,17,0.6047734022,0.6038540006,-0.0157165769,1.0000000000
71,5.9140000000,left_hand,17,0.6280158758,0.6256855726,-0.0312434621,1.0000000000
72,5.9980000000,left_hand,17,0.6506082416,0.6107228994,-0.0392501876,1.0000000000
73,6.0810000000,left_hand,17,0.6443228722,0.5958718061,-0.0255239531,1.0000000000
74,6.1640000000,left_hand,17,0.6120434403,0.5734446049,-0.0089884214,1.0000000000
75,6.2480000000,left_hand,17,0.6126925415,0.5669235720,-0.0136722943,1.0000000000
76,6.3310000000,left_hand,17,0.6133416428,0.5604025390,-0.0183561672,1.0000000000
77,6.4140000000,left_hand,17,0.6133416428,0.5604025390,-0.0183561672,1.0000000000
78,6.4980000000,left_hand,17,0.6133416428,0.5604025390,-0.0183561672,1.0000000000
79,6.5810000000,left_hand,17,0.6133416428,0.5604025390,-0.0183561672,1.0000000000
80,6.6640000000,left_hand,17,0.6133416428,0.5604025390,-0.0183561672,1.0000000000
81,6.7470000000,left_hand,17,0.6165871488,0.5277973745,-0.0417755317,1.0000000000
82,6.8310000000,left_hand,17,0.6172362500,0.5212763415,-0.0464594045,1.0000000000
83,6.9140000000,left_hand,17,0.6178853512,0.5147553086,-0.0511432774,1.0000000000
84,6.9970000000,left_hand,17,0.6186475158,0.4888277849,-0.0499422438,1.0000000000
85,7.0810000000,left_hand,17,0.6194096804,0.4629002611,-0.0487412103,1.0000000000
86,7.1640000000,left_hand,17,0.6201718450,0.4369727373,-0.0475401767,1.0000000000
87,7.2470000000,left_hand,17,0.6170243144,0.4602737665,-0.0467669591,1.0000000000
88,7.3310000000,left_hand,17,0.6138767838,0.4835747957,-0.0459937416,1.0000000000
89,7.4140000000,left_hand,17,0.6107292533,0.5068758249,-0.0452205241,1.0000000000
90,7.4970000000,left_hand,17,0.6075817227,0.5301768541,-0.0444473065,1.0000000000
91,7.5800000000,left_hand,17,0.6044341922,0.5534778833,-0.0436740890,1.0000000000
92,7.6640000000,left_hand,17,0.5610571504,0.5602490306,-0.0173111558,1.0000000000
93,7.7470000000,left_hand,17,0.5347161293,0.4948259890,-0.0278760884,1.0000000000
94,7.8300000000,left_hand,17,0.5342423916,0.5929853320,-0.0106685972,1.0000000000
95,7.9140000000,left_hand,17,0.5200170875,0.6007971168,-0.0051207133,1.0000000000
96,7.9970000000,left_hand,17,0.5021842122,0.5915174484,-0.0273832604,1.0000000000
97,8.0800000000,left_hand,17,0.5033732057,0.6168776751,-0.0065534688,1.0000000000
98,8.1640000000,left_hand,17,0.5120328069,0.6097998023,-0.0071546207,1.0000000000
99,8.2470000000,left_hand,17,0.5275872350,0.6054101586,-0.0011692597,1.0000000000
100,8.3300000000,left_hand,17,0.5758011937,0.5694208741,-0.0391400792,1.0000000000
101,8.4140000000,left_hand,17,0.5632701516,0.5934079885,-0.0142126093,1.0000000000
102,8.4970000000,left_hand,17,0.5790627599,0.5921205878,-0.0263902545,1.0000000000
103,8.5800000000,left_hand,17,0.5963428418,0.5970234076,-0.0262217255,1.0000000000
104,8.6630000000,left_hand,17,0.6136229237,0.6019262274,-0.0260531964,1.0000000000
105,8.7470000000,left_hand,17,0.6309030056,0.6068290472,-0.0258846674,1.0000000000
106,8.8300000000,left_hand,17,0.6252731085,0.6400855184,-0.0066096275,1.0000000000
107,8.9130000000,left_hand,17,0.6215133667,0.6367948651,-0.0031874618,1.0000000000
108,8.9970000000,left_hand,17,0.6224327683,0.6335834265,-0.0026536519,1.0000000000
109,9.0800000000,left_hand,17,0.6202333570,0.6340951324,-0.0010322150,1.0000000000
110,9.1630000000,left_hand,17,0.6115553975,0.6410236359,-0.0105256848,1.0000000000
111,9.2470000000,left_hand,17,0.6042159796,0.6418631077,-0.0077228895,1.0000000000
112,9.3300000000,left_hand,17,0.5956857204,0.6383790970,-0.0121706147,1.0000000000
113,9.4130000000,left_hand,17,0.5727382302,0.6411305070,-0.0041106115,1.0000000000
114,9.4960000000,left_hand,17,0.5624347925,0.6286500096,-0.0150462966,1.0000000000
115,9.5800000000,left_hand,17,0.5508164763,0.6203862429,-0.0075636436,1.0000000000
116,9.6630000000,left_hand,17,0.5353956223,0.6076856256,-0.0091653354,1.0000000000
117,9.7460000000,left_hand,17,0.5229802728,0.5932727456,-0.0165136345,1.0000000000
118,9.8300000000,left_hand,17,0.5282746553,0.5753297806,-0.0309666023,1.0000000000
119,9.9130000000,left_hand,17,0.5169640183,0.5835894346,-0.0266418345,1.0000000000
120,9.9960000000,left_hand,17,0.5147240758,0.5896613598,-0.0228007101,1.0000000000
121,10.0800000000,left_hand,17,0.5152626634,0.5963576436,-0.0243818872,1.0000000000
122,10.1630000000,left_hand,17,0.5137817860,0.5936279893,-0.0050312933,1.0000000000
123,10.2460000000,left_hand,17,0.5227425694,0.5903422236,-0.0173708797,1.0000000000
124,10.3290000000,left_hand,17,0.5636454821,0.5831106305,-0.0281641204,1.0000000000
125,10.4130000000,left_hand,17,0.5830562711,0.5748708248,-0.0248405654,1.0000000000
126,10.4960000000,left_hand,17,0.6079982817,0.5325733125,-0.0326981014,1.0000000000
127,10.5790000000,left_hand,17,0.6329402924,0.4902758002,-0.0405556373,1.0000000000
128,10.6630000000,left_hand,17,0.6325121522,0.5666983128,-0.0278087649,1.0000000000
129,10.7460000000,left_hand,17,0.6349270582,0.5801273108,-0.0248564471,1.0000000000
130,10.8290000000,left_hand,17,0.6373419642,0.5935563087,-0.0219041292,1.0000000000
131,10.9130000000,left_hand,17,0.6397568703,0.6069853067,-0.0189518113,1.0000000000
132,10.9960000000,left_hand,17,0.6421717763,0.6204143047,-0.0159994934,1.0000000000
133,11.0790000000,left_hand,17,0.6445866823,0.6338433027,-0.0130471755,1.0000000000
134,11.1620000000,left_hand,17,0.6366208494,0.6419489682,-0.0138741061,1.0000000000
135,11.2460000000,left_hand,17,0.6286550164,0.6500546336,-0.0147010367,1.0000000000
136,11.3290000000,left_hand,17,0.6358599663,0.6495728493,-0.0082828123,1.0000000000
137,11.4120000000,left_hand,17,0.6341457963,0.6437075138,-0.0128466310,1.0000000000
138,11.4960000000,left_hand,17,0.6358903646,0.6497161984,-0.0137356678,1.0000000000
139,11.5790000000,left_hand,17,0.6257154942,0.6385572553,-0.0207678992,1.0000000000
140,11.6620000000,left_hand,17,0.6181416512,0.6344597340,-0.0247413870,1.0000000000
141,11.7460000000,left_hand,17,0.6166109443,0.6390836835,-0.0197328813,1.0000000000
142,11.8290000000,left_hand,17,0.6150951982,0.6443312764,-0.0234220214,1.0000000000
143,11.9120000000,left_hand,17,0.6130765676,0.6502737403,-0.0232562572,1.0000000000
144,11.9960000000,left_hand,17,0.6131179333,0.6557469368,-0.0269161575,1.0000000000
61,5.0810000000,left_hand,18,0.4170210958,0.7174603343,-0.0296491645,1.0000000000
62,5.1650000000,left_hand,18,0.4170210958,0.7174603343,-0.0296491645,1.0000000000
63,5.2480000000,left_hand,18,0.5317084193,0.6143050194,-0.0252954047,1.0000000000
64,5.3310000000,left_hand,18,0.5340896249,0.6178283095,-0.0025061741,1.0000000000
65,5.4150000000,left_hand,18,0.5369762778,0.6158758700,-0.0199950207,1.0000000000
66,5.4980000000,left_hand,18,0.5398629308,0.6139234304,-0.0374838673,1.0000000000
67,5.5810000000,left_hand,18,0.5457359552,0.6489440203,-0.0208638292,1.0000000000
68,5.6650000000,left_hand,18,0.5588734150,0.6504226327,-0.0216760971,1.0000000000
69,5.7480000000,left_hand,18,0.5725677609,0.6644334793,-0.0297161192,1.0000000000
70,5.8310000000,left_hand,18,0.5932050943,0.6479215622,-0.0143338460,1.0000000000
71,5.9140000000,left_hand,18,0.6086898446,0.6641108394,-0.0336181112,1.0000000000
72,5.9980000000,left_hand,18,0.6358304024,0.6373841763,-0.0456145070,1.0000000000
73,6.0810000000,left_hand,18,0.6286367178,0.6274168491,-0.0280762818,1.0000000000
74,6.1640000000,left_hand,18,0.5969930887,0.5988709331,-0.0119746858,1.0000000000
75,6.2480000000,left_hand,18,0.5964653691,0.5905801720,-0.0178573752,1.0000000000
76,6.3310000000,left_hand,18,0.5959376494,0.5822894110,-0.0237400647,1.0000000000
77,6.4140000000,left_hand,18,0.5959376494,0.5822894110,-0.0237400647,1.0000000000
78,6.4980000000,left_hand,18,0.5959376494,0.5822894110,-0.0237400647,1.0000000000
79,6.5810000000,left_hand,18,0.5959376494,0.5822894110,-0.0237400647,1.0000000000
80,6.6640000000,left_hand,18,0.5959376494,0.5822894110,-0.0237400647,1.0000000000
81,6.7470000000,left_hand,18,0.5932990511,0.5408356057,-0.0531535118,1.0000000000
82,6.8310000000,left_hand,18,0.5927713315,0.5325448447,-0.0590362012,1.0000000000
83,6.9140000000,left_hand,18,0.5922436118,0.5242540836,-0.0649188906,1.0000000000
84,6.9970000000,left_hand,18,0.5941508810,0.4936652978,-0.0640947372,1.0000000000
85,7.0810000000,left_hand,18,0.5960581501,0.4630765120,-0.0632705837,1.0000000000
86,7.1640000000,left_hand,18,0.5979654193,0.4324877262,-0.0624464303,1.0000000000
87,7.2470000000,left_hand,18,0.5942704797,0.4601127982,-0.0611850098,1.0000000000
88,7.3310000000,left_hand,18,0.5905755401,0.4877378702,-0.0599235892,1.0000000000
89,7.4140000000,left_hand,18,0.5868806005,0.5153629422,-0.0586621687,1.0000000000
90,7.4970000000,left_hand,18,0.5831856608,0.5429880142,-0.0574007481,1.0000000000
91,7.5800000000,left_hand,18,0.5794907212,0.5706130862,-0.0561393276,1.0000000000
92,7.6640000000,left_hand,18,0.5405839086,0.5756897330,-0.0207172688,1.0000000000
93,7.7470000000,left_hand,18,0.5093293786,0.5086070895,-0.0369309783,1.0000000000
94,7.8300000000,left_hand,18,0.5119844675,0.6078999043,-0.0116768256,1.0000000000
95,7.9140000000,left_hand,18,0.5021333694,0.6145701408,-0.0032511100,1.0000000000
96,7.9970000000,left_hand,18,0.4852015078,0.6133368611,-0.0319389291,1.0000000000
97,8.0800000000,left_hand,18,0.4874972999,0.6278977990,-0.0046940441,1.0000000000
98,8.1640000000,left_hand,18,0.4957333207,0.6284079552,-0.0048522628,1.0000000000
99,8.2470000000,left_hand,18,0.5087763667,0.6140671968,-0.0015595603,1.0000000000
100,8.3300000000,left_hand,18,0.5473614335,0.5839016438,-0.0516029708,1.0000000000
101,8.4140000000,left_hand,18,0.5427054763,0.6031346917,-0.0149628390,1.0000000000
102,8.4970000000,left_hand,18,0.5568407178,0.6133484840,-0.0288034230,1.0000000000
103,8.5800000000,left_hand,18,0.5762687127,0.6160095930,-0.0305381032,1.0000000000
104,8.6630000000,left_hand,18,0.5956967076,0.6186707020,-0.0322727834,1.0000000000
105,8.7470000000,left_hand,18,0.6151247025,0.6213318110,-0.0340074636,1.0000000000
106,8.8300000000,left_hand,18,0.6075351238,0.6500187516,-0.0022619690,1.0000000000
107,8.9130000000,left_hand,18,0.6043282151,0.6530758739,0.0029821841,1.0000000000
108,8.9970000000,left_hand,18,0.6052958965,0.6489300728,0.0040790308,1.0000000000
109,9.0800000000,left_hand,18,0.6001528502,0.6471912265,0.0020082775,1.0000000000
110,9.1630000000,left_hand,18,0.5984755158,0.6500941515,-0.0075639049,1.0000000000
111,9.2470000000,left_hand,18,0.5874930620,0.6516424417,-0.0044805743,1.0000000000
112,9.3300000000,left_hand,18,0.5748854876,0.6535469890,-0.0108891539,1.0000000000
113,9.4130000000,left_hand,18,0.5554479361,0.6545113325,-0.0005110719,1.0000000000
114,9.4960000000,left_hand,18,0.5455142856,0.6479740143,-0.0187073946,1.0000000000
115,9.5800000000,left_hand,18,0.5345904231,0.6379415393,-0.0098189870,1.0000000000
116,9.6630000000,left_hand,18,0.5190982223,0.6227223277,-0.0110842707,1.0000000000
117,9.7460000000,left_hand,18,0.5032908320,0.6071535945,-0.0194388982,1.0000000000
118,9.8300000000,left_hand,18,0.5039562583,0.5994785428,-0.0357227810,1.0000000000
119,9.9130000000,left_hand,18,0.4948403835,0.6100221872,-0.0304333754,1.0000000000
120,9.9960000000,left_hand,18,0.4939266443,0.6146223545,-0.0255775973,1.0000000000
121,10.0800000000,left_hand,18,0.4951521456,0.6141944528,-0.0260465499,1.0000000000
122,10.1630000000,left_hand,18,0.4992445409,0.6113438010,-0.0014893861,1.0000000000
123,10.2460000000,left_hand,18,0.5045837164,0.6135011315,-0.0189968459,1.0000000000
124,10.3290000000,left_hand,18,0.5377011299,0.5980041027,-0.0338449217,1.0000000000
125,10.4130000000,left_hand,18,0.5627958775,0.5915353298,-0.0311797671,1.0000000000
126,10.4960000000,left_hand,18,0.5852048099,0.5608702898,-0.0425978638,1.0000000000
127,10.5790000000,left_hand,18,0.6076137424,0.5302052498,-0.0540159605,1.0000000000
128,10.6630000000,left_hand,18,0.6088731885,0.5831901431,-0.0369130373,1.0000000000
129,10.7460000000,left_hand,18,0.6126137733,0.5950642347,-0.0325585516,1.0000000000
130,10.8290000000,left_hand,18,0.6163543582,0.6069383264,-0.0282040659,1.0000000000
131,10.9130000000,left_hand,18,0.6200949430,0.6188124180,-0.0238495803,1.0000000000
132,10.9960000000,left_hand,18,0.6238355279,0.6306865096,-0.0194950946,1.0000000000
133,11.0790000000,left_hand,18,0.6275761127,0.6425606012,-0.0151406089,1.0000000000
134,11.1620000000,left_hand,18,0.6199512184,0.6562984884,-0.0146226371,1.0000000000
135,11.2460000000,left_hand,18,0.6123263240,0.6700363755,-0.0141046653,1.0000000000
136,11.3290000000,left_hand,18,0.6219747066,0.6719279289,-0.0059545562,1.0000000000
137,11.4120000000,left_hand,18,0.6209776402,0.6656420827,-0.0146772368,1.0000000000
138,11.4960000000,left_hand,18,0.6229913235,0.6793957949,-0.0156143643,1.0000000000
139,11.5790000000,left_hand,18,0.6127495766,0.6800258160,-0.0247111488,1.0000000000
140,11.6620000000,left_hand,18,0.6088402271,0.6826432943,-0.0287977234,1.0000000000
141,11.7460000000,left_hand,18,0.6094249487,0.6899116039,-0.0230231714,1.0000000000
142,11.8290000000,left_hand,18,0.6090504527,0.6978057623,-0.0279401299,1.0000000000
143,11.9120000000,left_hand,18,0.6084026098,0.7031496763,-0.0285522602,1.0000000000
144,11.9960000000,left_hand,18,0.6082499623,0.7088416815,-0.0319325551,1.0000000000
61,5.0810000000,left_hand,19,0.4284003973,0.7364597917,-0.0272774640,1.0000000000
62,5.1650000000,left_hand,19,0.4284003973,0.7364597917,-0.0272774640,1.0000000000
63,5.2480000000,left_hand,19,0.5398755074,0.6125592589,-0.0210989062,1.0000000000
64,5.3310000000,left_hand,19,0.5347014666,0.6193983555,0.0037493049,1.0000000000
65,5.4150000000,left_hand,19,0.5375662446,0.6273099482,-0.0162862402,1.0000000000
66,5.4980000000,left_hand,19,0.5404310226,0.6352215409,-0.0363217853,1.0000000000
67,5.5810000000,left_hand,19,0.5459294915,0.6534331441,-0.0147954253,1.0000000000
68,5.6650000000,left_hand,19,0.5602366924,0.6576735973,-0.0171688497,1.0000000000
69,5.7480000000,left_hand,19,0.5740055442,0.6598241329,-0.0225216169,1.0000000000
70,5.8310000000,left_hand,19,0.5900568366,0.6653600931,-0.0081071556,1.0000000000
71,5.9140000000,left_hand,19,0.6055855751,0.6737928987,-0.0277772974,1.0000000000
72,5.9980000000,left_hand,19,0.6280218363,0.6537977457,-0.0409238860,1.0000000000
73,6.0810000000,left_hand,19,0.6247789860,0.6368254423,-0.0242197420,1.0000000000
74,6.1640000000,left_hand,19,0.6004309058,0.6082651019,-0.0109373210,1.0000000000
75,6.2480000000,left_hand,19,0.5975928638,0.5995540222,-0.0168375298,1.0000000000
76,6.3310000000,left_hand,19,0.5947548217,0.5908429424,-0.0227377387,1.0000000000
77,6.4140000000,left_hand,19,0.5947548217,0.5908429424,-0.0227377387,1.0000000000
78,6.4980000000,left_hand,19,0.5947548217,0.5908429424,-0.0227377387,1.0000000000
79,6.5810000000,left_hand,19,0.5947548217,0.5908429424,-0.0227377387,1.0000000000
80,6.6640000000,left_hand,19,0.5947548217,0.5908429424,-0.0227377387,1.0000000000
81,6.7470000000,left_hand,19,0.5805646115,0.5472875436,-0.0522387829,1.0000000000
82,6.8310000000,left_hand,19,0.5777265694,0.5385764639,-0.0581389917,1.0000000000
83,6.9140000000,left_hand,19,0.5748885274,0.5298653841,-0.0640392005,1.0000000000
84,6.9970000000,left_hand,19,0.5757901073,0.5009336968,-0.0659150382,1.0000000000
85,7.0810000000,left_hand,19,0.5766916871,0.4720020096,-0.0677908758,1.0000000000
86,7.1640000000,left_hand,19,0.5775932670,0.4430703223,-0.0696667135,1.0000000000
87,7.2470000000,left_hand,19,0.5748829246,0.4697796941,-0.0674611896,1.0000000000
88,7.3310000000,left_hand,19,0.5721725821,0.4964890659,-0.0652556658,1.0000000000
89,7.4140000000,left_hand,19,0.5694622397,0.5231984377,-0.0630501419,1.0000000000
90,7.4970000000,left_hand,19,0.5667518973,0.5499078095,-0.0608446181,1.0000000000
91,7.5800000000,left_hand,19,0.5640415549,0.5766171813,-0.0586390942,1.0000000000
92,7.6640000000,left_hand,19,0.5421491265,0.5775750875,-0.0183321871,1.0000000000
93,7.7470000000,left_hand,19,0.5010759830,0.5146456361,-0.0381454937,1.0000000000
94,7.8300000000,left_hand,19,0.4991624355,0.6140769720,-0.0084320223,1.0000000000
95,7.9140000000,left_hand,19,0.4956983030,0.6150184274,0.0009284990,1.0000000000
96,7.9970000000,left_hand,19,0.4773684442,0.6194881797,-0.0314016193,1.0000000000
97,8.0800000000,left_hand,19,0.4827759564,0.6287614703,0.0010626767,1.0000000000
98,8.1640000000,left_hand,19,0.4918399155,0.6325914264,-0.0002247287,1.0000000000
99,8.2470000000,left_hand,19,0.5046923161,0.6155210733,0.0005608958,1.0000000000
100,8.3300000000,left_hand,19,0.5292869806,0.5970298648,-0.0535277687,1.0000000000
101,8.4140000000,left_hand,19,0.5416873693,0.6040840745,-0.0105468407,1.0000000000
102,8.4970000000,left_hand,19,0.5627438426,0.6074552536,-0.0225079488,1.0000000000
103,8.5800000000,left_hand,19,0.5780586402,0.6154308716,-0.0268741250,1.0000000000
104,8.6630000000,left_hand,19,0.5933734377,0.6234064897,-0.0312403012,1.0000000000
105,8.7470000000,left_hand,19,0.6086882353,0.6313821077,-0.0356064774,1.0000000000
106,8.8300000000,left_hand,19,0.6029157639,0.6490116715,0.0040109493,1.0000000000
107,8.9130000000,left_hand,19,0.6036537290,0.6533405781,0.0099013308,1.0000000000
108,8.9970000000,left_hand,19,0.6010003686,0.6499228477,0.0112323947,1.0000000000
109,9.0800000000,left_hand,19,0.5919380784,0.6512265801,0.0065681436,1.0000000000
110,9.1630000000,left_hand,19,0.5928790569,0.6546545625,-0.0037094492,1.0000000000
111,9.2470000000,left_hand,19,0.5810636282,0.6553633213,0.0003962340,1.0000000000
112,9.3300000000,left_hand,19,0.5681289434,0.6581228375,-0.0068137483,1.0000000000
113,9.4130000000,left_hand,19,0.5539066195,0.6544019580,0.0047299494,1.0000000000
114,9.4960000000,left_hand,19,0.5456302166,0.6505512595,-0.0159338769,1.0000000000
115,9.5800000000,left_hand,19,0.5307350755,0.6439573169,-0.0069281100,1.0000000000
116,9.6630000000,left_hand,19,0.5171754360,0.6213580370,-0.0073717609,1.0000000000
117,9.7460000000,left_hand,19,0.5015082955,0.6111266613,-0.0157391839,1.0000000000
118,9.8300000000,left_hand,19,0.4996470809,0.6092104912,-0.0325791836,1.0000000000
119,9.9130000000,left_hand,19,0.4916174710,0.6186412573,-0.0264758095,1.0000000000
120,9.9960000000,left_hand,19,0.4907081723,0.6234092116,-0.0220327321,1.0000000000
121,10.0800000000,left_hand,19,0.4917212725,0.6192423105,-0.0217432100,1.0000000000
122,10.1630000000,left_hand,19,0.4967226088,0.6150731444,0.0035693517,1.0000000000
123,10.2460000000,left_hand,19,0.5145947337,0.6110255122,-0.0137228733,1.0000000000
124,10.3290000000,left_hand,19,0.5420148969,0.5989387631,-0.0302910488,1.0000000000
125,10.4130000000,left_hand,19,0.5547210574,0.6009802222,-0.0298643168,1.0000000000
126,10.4960000000,left_hand,19,0.5734676421,0.5798857510,-0.0424803728,1.0000000000
127,10.5790000000,left_hand,19,0.5922142267,0.5587912798,-0.0550964288,1.0000000000
128,10.6630000000,left_hand,19,0.5962814689,0.5936371684,-0.0371136069,1.0000000000
129,10.7460000000,left_hand,19,0.6009368420,0.6043694735,-0.0322788423,1.0000000000
130,10.8290000000,left_hand,19,0.6055922151,0.6151017785,-0.0274440777,1.0000000000
131,10.9130000000,left_hand,19,0.6102475882,0.6258340836,-0.0226093130,1.0000000000
132,10.9960000000,left_hand,19,0.6149029613,0.6365663886,-0.0177745484,1.0000000000
133,11.0790000000,left_hand,19,0.6195583344,0.6472986937,-0.0129397837,1.0000000000
134,11.1620000000,left_hand,19,0.6168582737,0.6571804285,-0.0112184854,1.0000000000
135,11.2460000000,left_hand,19,0.6141582131,0.6670621634,-0.0094971871,1.0000000000
136,11.3290000000,left_hand,19,0.6163589358,0.6798697710,-0.0017649399,1.0000000000
137,11.4120000000,left_hand,19,0.6130498052,0.6802320480,-0.0142624499,1.0000000000
138,11.4960000000,left_hand,19,0.6145803332,0.6966443658,-0.0148299243,1.0000000000
139,11.5790000000,left_hand,19,0.6067288518,0.7028619647,-0.0237640999,1.0000000000
140,11.6620000000,left_hand,19,0.6054265499,0.7083865404,-0.0284531210,1.0000000000
141,11.7460000000,left_hand,19,0.6073701978,0.7158707380,-0.0229735002,1.0000000000
142,11.8290000000,left_hand,19,0.6087585092,0.7237059474,-0.0279843695,1.0000000000
143,11.9120000000,left_hand,19,0.6087647676,0.7304520607,-0.0290581249,1.0000000000
144,11.9960000000,left_hand,19,0.6086840034,0.7354056835,-0.0314928479,1.0000000000
61,5.0810000000,left_hand,20,0.4364286065,0.7486408353,-0.0256560985,1.0000000000
62,5.1650000000,left_hand,20,0.4364286065,0.7486408353,-0.0256560985,1.0000000000
63,5.2480000000,left_hand,20,0.5467876196,0.6009002328,-0.0171177462,1.0000000000
64,5.3310000000,left_hand,20,0.5365021229,0.6101245284,0.0086916769,1.0000000000
65,5.4150000000,left_hand,20,0.5390985906,0.6275929809,-0.0127368695,1.0000000000
66,5.4980000000,left_hand,20,0.5416950583,0.6450614333,-0.0341654159,1.0000000000
67,5.5810000000,left_hand,20,0.5486614704,0.6465580463,-0.0105772130,1.0000000000
68,5.6650000000,left_hand,20,0.5631409287,0.6526038647,-0.0126962196,1.0000000000
69,5.7480000000,left_hand,20,0.5780928135,0.6465852261,-0.0166598130,1.0000000000
70,5.8310000000,left_hand,20,0.5889396667,0.6727694869,-0.0019874240,1.0000000000
71,5.9140000000,left_hand,20,0.6060146093,0.6731942296,-0.0219419561,1.0000000000
72,5.9980000000,left_hand,20,0.6228011847,0.6645085216,-0.0353696421,1.0000000000
73,6.0810000000,left_hand,20,0.6228153706,0.6389329433,-0.0208251085,1.0000000000
74,6.1640000000,left_hand,20,0.6065896153,0.6104456782,-0.0090460833,1.0000000000
75,6.2480000000,left_hand,20,0.6015711096,0.6022682786,-0.0147648214,1.0000000000
76,6.3310000000,left_hand,20,0.5965526038,0.5940908790,-0.0204835594,1.0000000000
77,6.4140000000,left_hand,20,0.5965526038,0.5940908790,-0.0204835594,1.0000000000
78,6.4980000000,left_hand,20,0.5965526038,0.5940908790,-0.0204835594,1.0000000000
79,6.5810000000,left_hand,20,0.5965526038,0.5940908790,-0.0204835594,1.0000000000
80,6.6640000000,left_hand,20,0.5965526038,0.5940908790,-0.0204835594,1.0000000000
81,6.7470000000,left_hand,20,0.5714600748,0.5532038808,-0.0490772496,1.0000000000
82,6.8310000000,left_hand,20,0.5664415691,0.5450264812,-0.0547959877,1.0000000000
83,6.9140000000,left_hand,20,0.5614230633,0.5368490815,-0.0605147257,1.0000000000
84,6.9970000000,left_hand,20,0.5603581270,0.5106287400,-0.0655655662,1.0000000000
85,7.0810000000,left_hand,20,0.5592931906,0.4844083985,-0.0706164067,1.0000000000
86,7.1640000000,left_hand,20,0.5582282543,0.4581880569,-0.0756672472,1.0000000000
87,7.2470000000,left_hand,20,0.5570172548,0.4824232340,-0.0725030951,1.0000000000
88,7.3310000000,left_hand,20,0.5558062553,0.5066584110,-0.0693389431,1.0000000000
89,7.4140000000,left_hand,20,0.5545952559,0.5308935881,-0.0661747910,1.0000000000
90,7.4970000000,left_hand,20,0.5533842564,0.5551287651,-0.0630106390,1.0000000000
91,7.5800000000,left_hand,20,0.5521732569,0.5793639421,-0.0598464869,1.0000000000
92,7.6640000000,left_hand,20,0.5481292009,0.5741322637,-0.0155330934,1.0000000000
93,7.7470000000,left_hand,20,0.4986415505,0.5142090321,-0.0374939479,1.0000000000
94,7.8300000000,left_hand,20,0.4902071655,0.6158922911,-0.0050634220,1.0000000000
95,7.9140000000,left_hand,20,0.4939860404,0.6120203137,0.0045336341,1.0000000000
96,7.9970000000,left_hand,20,0.4733412862,0.6192502975,-0.0302135479,1.0000000000
97,8.0800000000,left_hand,20,0.4828145802,0.6269483566,0.0064091827,1.0000000000
98,8.1640000000,left_hand,20,0.4915703237,0.6327630281,0.0037273900,1.0000000000
99,8.2470000000,left_hand,20,0.5039163232,0.6158824563,0.0025320104,1.0000000000
100,8.3300000000,left_hand,20,0.5178263187,0.6079668403,-0.0536214747,1.0000000000
101,8.4140000000,left_hand,20,0.5440679789,0.6008918285,-0.0067738760,1.0000000000
102,8.4970000000,left_hand,20,0.5714540482,0.5985817909,-0.0172315612,1.0000000000
103,8.5800000000,left_hand,20,0.5827388366,0.6122817596,-0.0234631288,1.0000000000
104,8.6630000000,left_hand,20,0.5940236251,0.6259817282,-0.0296946963,1.0000000000
105,8.7470000000,left_hand,20,0.6053084135,0.6396816969,-0.0359262638,1.0000000000
106,8.8300000000,left_hand,20,0.6009340286,0.6450136900,0.0084045948,1.0000000000
107,8.9130000000,left_hand,20,0.6055829525,0.6494796872,0.0149932932,1.0000000000
108,8.9970000000,left_hand,20,0.6006588936,0.6467292905,0.0165005699,1.0000000000
109,9.0800000000,left_hand,20,0.5883480906,0.6526073813,0.0104255518,1.0000000000
110,9.1630000000,left_hand,20,0.5898225904,0.6577202082,-0.0010030192,1.0000000000
111,9.2470000000,left_hand,20,0.5771767497,0.6572649479,0.0039971960,1.0000000000
112,9.3300000000,left_hand,20,0.5654326677,0.6605539918,-0.0036280202,1.0000000000
113,9.4130000000,left_hand,20,0.5558454990,0.6523653269,0.0086504184,1.0000000000
114,9.4960000000,left_hand,20,0.5490584373,0.6489880085,-0.0125074964,1.0000000000
115,9.5800000000,left_hand,20,0.5301362276,0.6457720995,-0.0034854796,1.0000000000
116,9.6630000000,left_hand,20,0.5195397139,0.6169448495,-0.0032981907,1.0000000000
117,9.7460000000,left_hand,20,0.5038518310,0.6118960977,-0.0115833031,1.0000000000
118,9.8300000000,left_hand,20,0.4999259114,0.6118768454,-0.0292274281,1.0000000000
119,9.9130000000,left_hand,20,0.4921450019,0.6185761094,-0.0223613121,1.0000000000
120,9.9960000000,left_hand,20,0.4913389683,0.6248902082,-0.0184897594,1.0000000000
121,10.0800000000,left_hand,20,0.4914242625,0.6187707186,-0.0178398173,1.0000000000
122,10.1630000000,left_hand,20,0.4962471128,0.6125158668,0.0076403408,1.0000000000
123,10.2460000000,left_hand,20,0.5240190029,0.5997492671,-0.0089480439,1.0000000000
124,10.3290000000,left_hand,20,0.5499882698,0.5951021910,-0.0271005761,1.0000000000
125,10.4130000000,left_hand,20,0.5508971810,0.6077668071,-0.0279058460,1.0000000000
126,10.4960000000,left_hand,20,0.5661141574,0.5939339399,-0.0408119736,1.0000000000
127,10.5790000000,left_hand,20,0.5813311338,0.5801010728,-0.0537181012,1.0000000000
128,10.6630000000,left_hand,20,0.5894097090,0.5996804833,-0.0355276838,1.0000000000
129,10.7460000000,left_hand,20,0.5942050099,0.6098422050,-0.0305665743,1.0000000000
130,10.8290000000,left_hand,20,0.5990003109,0.6200039268,-0.0256054647,1.0000000000
131,10.9130000000,left_hand,20,0.6037956119,0.6301656485,-0.0206443552,1.0000000000
132,10.9960000000,left_hand,20,0.6085909128,0.6403273702,-0.0156832457,1.0000000000
133,11.0790000000,left_hand,20,0.6133862138,0.6504890919,-0.0107221361,1.0000000000
134,11.1620000000,left_hand,20,0.6158355772,0.6545273066,-0.0083600162,1.0000000000
135,11.2460000000,left_hand,20,0.6182849407,0.6585655212,-0.0059978962,1.0000000000
136,11.3290000000,left_hand,20,0.6128453612,0.6833346486,0.0013019871,1.0000000000
137,11.4120000000,left_hand,20,0.6069377661,0.6923036575,-0.0136282342,1.0000000000
138,11.4960000000,left_hand,20,0.6074538231,0.7097737789,-0.0141269108,1.0000000000
139,11.5790000000,left_hand,20,0.6018127799,0.7202178836,-0.0222511664,1.0000000000
140,11.6620000000,left_hand,20,0.6025727391,0.7268573046,-0.0277681183,1.0000000000
141,11.7460000000,left_hand,20,0.6063796878,0.7349937558,-0.0226223320,1.0000000000
142,11.8290000000,left_hand,20,0.6084566712,0.7419824004,-0.0273253806,1.0000000000
143,11.9120000000,left_hand,20,0.6099283695,0.7504921556,-0.0288210101,1.0000000000
144,11.9960000000,left_hand,20,0.6103767157,0.7527395487,-0.0301821604,1.0000000000
61,5.0810000000,pose,11,0.6096336842,0.4079902470,-0.2960098684,0.9999376535
62,5.1650000000,pose,11,0.6094369292,0.4077431858,-0.3408520818,0.9999330044
63,5.2480000000,pose,11,0.6071365476,0.4056944847,-0.2459563911,0.9999327064
64,5.3310000000,pose,11,0.6056486368,0.4046351314,-0.3141432106,0.9999299645
65,5.4150000000,pose,11,0.6051376462,0.3976933360,-0.3524350226,0.9999307990
66,5.4980000000,pose,11,0.6051374674,0.3952884972,-0.4592994452,0.9999299645
67,5.5810000000,pose,11,0.6049588919,0.3953479528,-0.4343683124,0.9999317527
68,5.6650000000,pose,11,0.6065648198,0.3951555490,-0.4170013070,0.9999327064
69,5.7480000000,pose,11,0.6065086126,0.3950611949,-0.3721387684,0.9999330640
70,5.8310000000,pose,11,0.6053123474,0.3952277303,-0.3327046931,0.9999370575
71,5.9140000000,pose,11,0.6060885191,0.3951675594,-0.3290763497,0.9999403358
72,5.9980000000,pose,11,0.6089718938,0.3990771174,-0.2616463006,0.9999421239
73,6.0810000000,pose,11,0.6122690439,0.4084063470,-0.2225732952,0.9999427199
74,6.1640000000,pose,11,0.6132234335,0.4143499136,-0.1858299077,0.9999416471
75,6.2480000000,pose,11,0.6132001281,0.4140654802,-0.3494285643,0.9999401569
76,6.3310000000,pose,11,0.6131893396,0.4136508107,-0.3472526371,0.9999366999
77,6.4140000000,pose,11,0.6088036299,0.4134372771,-0.2735826075,0.9999355078
78,6.4980000000,pose,11,0.6077391505,0.4082324505,-0.2567476928,0.9999378920
79,6.5810000000,pose,11,0.6071508527,0.4056216776,-0.2831873298,0.9999350309
80,6.6640000000,pose,11,0.6071186662,0.4119690359,-0.3773306906,0.9999272823
81,6.7470000000,pose,11,0.6070754528,0.4142085910,-0.2320245057,0.9999248385
82,6.8310000000,pose,11,0.6115093827,0.4124197066,-0.1960488707,0.9999264479
83,6.9140000000,pose,11,0.6112745404,0.4147318602,-0.3863674402,0.9999280572
84,6.9970000000,pose,11,0.6111723781,0.4147308171,-0.3435734212,0.9999321103
85,7.0810000000,pose,11,0.6136122942,0.4084775150,-0.3355309367,0.9999362230
86,7.1640000000,pose,11,0.6139507890,0.4090617597,-0.3408032060,0.9999355078
87,7.2470000000,pose,11,0.6141157150,0.4085505009,-0.3899331689,0.9999348521
88,7.3310000000,pose,11,0.6168239713,0.4079395235,-0.2254455239,0.9999377728
89,7.4140000000,pose,11,0.6167657375,0.4087337852,-0.2572876811,0.9999392033
90,7.4970000000,pose,11,0.6176345944,0.4087566435,-0.3158673346,0.9999389648
91,7.5800000000,pose,11,0.6178755164,0.4090651870,-0.2602643073,0.9999297857
92,7.6640000000,pose,11,0.6139184833,0.4012043774,-0.3523859978,0.9999307394
93,7.7470000000,pose,11,0.6074929833,0.4005434215,-0.3433516920,0.9999322891
94,7.8300000000,pose,11,0.6060027480,0.4002830684,-0.3518274128,0.9999324679
95,7.9140000000,pose,11,0.6036198735,0.4002280533,-0.3667877614,0.9999318123
96,7.9970000000,pose,11,0.6031962037,0.4005369246,-0.2990517914,0.9999352694
97,8.0800000000,pose,11,0.6032546163,0.4017592669,-0.2911075056,0.9999359250
98,8.1640000000,pose,11,0.6031555533,0.4020626843,-0.2732435465,0.9999359846
99,8.2470000000,pose,11,0.6040692925,0.4021035433,-0.2275911421,0.9999368191
100,8.3300000000,pose,11,0.6071919799,0.4032125473,-0.2131304741,0.9999349713
101,8.4140000000,pose,11,0.6091998219,0.4033602178,-0.2256926894,0.9999316931
102,8.4970000000,pose,11,0.6106603742,0.4045747519,-0.2562820017,0.9999309778
103,8.5800000000,pose,11,0.6142038107,0.4046314061,-0.2685298622,0.9999327064
104,8.6630000000,pose,11,0.6168926358,0.4073972106,-0.2207915485,0.9999343157
105,8.7470000000,pose,11,0.6172373891,0.4077143371,-0.2733559012,0.9999375939
106,8.8300000000,pose,11,0.6169423461,0.4081934392,-0.2051143795,0.9999390841
107,8.9130000000,pose,11,0.6169129014,0.4103040099,-0.2758657038,0.9999369979
108,8.9970000000,pose,11,0.6168919206,0.4112640619,-0.2691115141,0.9999329448
109,9.0800000000,pose,11,0.6160335541,0.4113255739,-0.2503869832,0.9999355674
110,9.1630000000,pose,11,0.6152099371,0.4142347276,-0.2933879197,0.9999362230
111,9.2470000000,pose,11,0.6148752570,0.4164021015,-0.2911830544,0.9999318719
112,9.3300000000,pose,11,0.6148871779,0.4164301455,-0.2214150280,0.9999316931
113,9.4130000000,pose,11,0.6137226224,0.4142280817,-0.2337366939,0.9999321699
114,9.4960000000,pose,11,0.6124547124,0.4141954184,-0.3182643354,0.9999305606
115,9.5800000000,pose,11,0.6124603748,0.4126405716,-0.3141085804,0.9999321699
116,9.6630000000,pose,11,0.6110522151,0.4084154367,-0.2770830691,0.9999338984
117,9.7460000000,pose,11,0.6093746424,0.4069646895,-0.2845673263,0.9999363422
118,9.8300000000,pose,11,0.6073173881,0.4049412906,-0.3211858869,0.9999389648
119,9.9130000000,pose,11,0.6067207456,0.4035130739,-0.3018982112,0.9999417663
120,9.9960000000,pose,11,0.6051198244,0.4035529196,-0.3147481084,0.9999427795
121,10.0800000000,pose,11,0.6051174998,0.4026585221,-0.2910749018,0.9999440312
122,10.1630000000,pose,11,0.6052201986,0.4027576447,-0.3059085011,0.9999443889
123,10.2460000000,pose,11,0.6052066088,0.4043053091,-0.2520712614,0.9999442101
124,10.3290000000,pose,11,0.6059858799,0.4042956233,-0.2835641205,0.9999414682
125,10.4130000000,pose,11,0.6084379554,0.4041553736,-0.3087306619,0.9999421239
126,10.4960000000,pose,11,0.6099833846,0.4057690799,-0.3214491308,0.9999411106
127,10.5790000000,pose,11,0.6100767255,0.4165172577,-0.3124535680,0.9999400377
128,10.6630000000,pose,11,0.6120973825,0.4162836671,-0.3338817656,0.9999418259
129,10.7460000000,pose,11,0.6119590998,0.4170918465,-0.2463016212,0.9999375343
130,10.8290000000,pose,11,0.6113182306,0.4238121808,-0.1869809479,0.9999336600
131,10.9130000000,pose,11,0.6125305891,0.4293924868,-0.2481757253,0.9999319911
132,10.9960000000,pose,11,0.6125277877,0.4275785089,-0.2967668772,0.9999356270
133,11.0790000000,pose,11,0.6138893366,0.4274313450,-0.3524937928,0.9999385476
134,11.1620000000,pose,11,0.6143487692,0.4185817838,-0.2166522890,0.9999409318
135,11.2460000000,pose,11,0.6140750647,0.4184654653,-0.1914072335,0.9999395609
136,11.3290000000,pose,11,0.6165460348,0.4195417166,-0.2715945244,0.9999411106
137,11.4120000000,pose,11,0.6183491945,0.4188287258,-0.2773899436,0.9999451041
138,11.4960000000,pose,11,0.6181439757,0.4211055338,-0.2596456707,0.9999404550
139,11.5790000000,pose,11,0.6158710718,0.4169072211,-0.2849261165,0.9999440908
140,11.6620000000,pose,11,0.6127405167,0.4185430110,-0.2818242013,0.9999460578
141,11.7460000000,pose,11,0.6127675176,0.4183891714,-0.3013516366,0.9999483228
142,11.8290000000,pose,11,0.6097951531,0.4182940722,-0.2969458401,0.9999483824
143,11.9120000000,pose,11,0.6131232977,0.4182007909,-0.4068301320,0.9999495149
144,11.9960000000,pose,11,0.6141519547,0.4198569953,-0.3733700216,0.9999498129
61,5.0810000000,pose,12,0.3775655031,0.3880704641,-0.2391791046,0.9999572039
62,5.1650000000,pose,12,0.3781072199,0.3877342641,-0.2942927778,0.9999552369
63,5.2480000000,pose,12,0.3781656027,0.3877438605,-0.1821922511,0.9999564886
64,5.3310000000,pose,12,0.3784137070,0.3871006370,-0.2648530900,0.9999533892
65,5.4150000000,pose,12,0.3793787956,0.3880893290,-0.2977714837,0.9999533296
66,5.4980000000,pose,12,0.3802899122,0.3916353881,-0.4283180833,0.9999578595
67,5.5810000000,pose,12,0.3790898621,0.3916855752,-0.3979481161,0.9999598265
68,5.6650000000,pose,12,0.3794046044,0.3917403817,-0.3632001281,0.9999615550
69,5.7480000000,pose,12,0.3790263832,0.3874964118,-0.3357455432,0.9999600649
70,5.8310000000,pose,12,0.3743276596,0.3875136971,-0.3053740561,0.9999608994
71,5.9140000000,pose,12,0.3741807640,0.3875220418,-0.3029037714,0.9999613166
72,5.9980000000,pose,12,0.3740040660,0.3880200088,-0.2411040515,0.9999614954
73,6.0810000000,pose,12,0.3742650151,0.3915198147,-0.1867006421,0.9999595881
74,6.1640000000,pose,12,0.3747652173,0.3917020559,-0.1321143508,0.9999597073
75,6.2480000000,pose,12,0.3757400513,0.3883490264,-0.2839291394,0.9999588132
76,6.3310000000,pose,12,0.3767264187,0.3858439624,-0.2906254232,0.9999549985
77,6.4140000000,pose,12,0.3770463169,0.3812196255,-0.2482904047,0.9999526143
78,6.4980000000,pose,12,0.3797413707,0.3796809912,-0.2059136331,0.9999543428
79,6.5810000000,pose,12,0.3811450899,0.3821980953,-0.2242178470,0.9999564886
80,6.6640000000,pose,12,0.3811889589,0.3824968636,-0.3228371739,0.9999592304
81,6.7470000000,pose,12,0.3788368404,0.3827437758,-0.1867735088,0.9999608397
82,6.8310000000,pose,12,0.3780035973,0.3837789893,-0.1812627316,0.9999585152
83,6.9140000000,pose,12,0.3779824972,0.3854668736,-0.3310847878,0.9999557137
84,6.9970000000,pose,12,0.3773130476,0.3841185570,-0.3149283528,0.9999567866
85,7.0810000000,pose,12,0.3776286244,0.3858778477,-0.3012051880,0.9999570847
86,7.1640000000,pose,12,0.3777373135,0.3865350187,-0.2981647253,0.9999588728
87,7.2470000000,pose,12,0.3775086403,0.3865434527,-0.3403144181,0.9999569654
88,7.3310000000,pose,12,0.3768603504,0.3898519576,-0.1777761430,0.9999544621
89,7.4140000000,pose,12,0.3777568936,0.3882188499,-0.2181287110,0.9999552965
90,7.4970000000,pose,12,0.3778155744,0.3894194961,-0.2807110846,0.9999489784
91,7.5800000000,pose,12,0.3802686036,0.3873534799,-0.2431851178,0.9999424815
92,7.6640000000,pose,12,0.3802694082,0.3808208406,-0.2991746962,0.9999420047
93,7.7470000000,pose,12,0.3823547959,0.3806394935,-0.2921246886,0.9999442101
94,7.8300000000,pose,12,0.3861438930,0.3797897398,-0.2901529670,0.9999470115
95,7.9140000000,pose,12,0.3850386441,0.3809335828,-0.2969538867,0.9999495149
96,7.9970000000,pose,12,0.3858403862,0.3786391914,-0.2610090375,0.9999551177
97,8.0800000000,pose,12,0.3861596882,0.3786667287,-0.2400630414,0.9999573231
98,8.1640000000,pose,12,0.3860866129,0.3779340088,-0.2032667249,0.9999589324
99,8.2470000000,pose,12,0.3857153356,0.3805064857,-0.1841102242,0.9999601245
100,8.3300000000,pose,12,0.3852089942,0.3809666336,-0.1778922081,0.9999600053
101,8.4140000000,pose,12,0.3851812780,0.3810350895,-0.1867657155,0.9999595284
102,8.4970000000,pose,12,0.3833566308,0.3808766007,-0.2249404788,0.9999600649
103,8.5800000000,pose,12,0.3833580315,0.3797896504,-0.2244203091,0.9999604821
104,8.6630000000,pose,12,0.3826680183,0.3821531832,-0.1821640581,0.9999599457
105,8.7470000000,pose,12,0.3825246692,0.3822696805,-0.2446303815,0.9999583364
106,8.8300000000,pose,12,0.3813186884,0.3855074048,-0.1776514202,0.9999580979
107,8.9130000000,pose,12,0.3795581460,0.3868907690,-0.2648846805,0.9999544024
108,8.9970000000,pose,12,0.3787124455,0.3886451125,-0.2510477304,0.9999499321
109,9.0800000000,pose,12,0.3799262941,0.3841136992,-0.2232879549,0.9999513030
110,9.1630000000,pose,12,0.3803418577,0.3826802373,-0.2773780525,0.9999496341
111,9.2470000000,pose,12,0.3795871735,0.3885780275,-0.2797717154,0.9999451637
112,9.3300000000,pose,12,0.3809064925,0.3885524273,-0.2071279436,0.9999458194
113,9.4130000000,pose,12,0.3808082044,0.3880791068,-0.2239268869,0.9999452233
114,9.4960000000,pose,12,0.3825796247,0.3880592585,-0.2843187153,0.9999467731
115,9.5800000000,pose,12,0.3846710622,0.3879891336,-0.2752875388,0.9999492764
116,9.6630000000,pose,12,0.3846565187,0.3877107501,-0.2352584153,0.9999518991
117,9.7460000000,pose,12,0.3850922883,0.3806835413,-0.2386277318,0.9999548197
118,9.8300000000,pose,12,0.3859552443,0.3778349161,-0.2803144157,0.9999580979
119,9.9130000000,pose,12,0.3861487210,0.3793348372,-0.2413855493,0.9999607205
120,9.9960000000,pose,12,0.3854966760,0.3798058331,-0.2653751373,0.9999629259
121,10.0800000000,pose,12,0.3855061531,0.3806460202,-0.2410562336,0.9999632239
122,10.1630000000,pose,12,0.3849520683,0.3812896013,-0.2630320787,0.9999645352
123,10.2460000000,pose,12,0.3845700026,0.3805307448,-0.2178719789,0.9999634027
124,10.3290000000,pose,12,0.3843484819,0.3801713884,-0.2294192612,0.9999631643
125,10.4130000000,pose,12,0.3832891881,0.3804170787,-0.2772041857,0.9999645948
126,10.4960000000,pose,12,0.3828934133,0.3803892732,-0.2873182595,0.9999639988
127,10.5790000000,pose,12,0.3806738853,0.3810558915,-0.2801396549,0.9999645352
128,10.6630000000,pose,12,0.3801926970,0.3811434209,-0.2944227159,0.9999608994
129,10.7460000000,pose,12,0.3796110153,0.3861182928,-0.2581333518,0.9999577999
130,10.8290000000,pose,12,0.3797143400,0.3863056004,-0.1745155454,0.9999553561
131,10.9130000000,pose,12,0.3797201812,0.3843745589,-0.1905417293,0.9999530911
132,10.9960000000,pose,12,0.3798793256,0.3843678236,-0.2801803946,0.9999518394
133,11.0790000000,pose,12,0.3792789578,0.3860268891,-0.3143489659,0.9999508858
134,11.1620000000,pose,12,0.3793087304,0.3874073625,-0.1696648300,0.9999484420
135,11.2460000000,pose,12,0.3789806962,0.3906626999,-0.1727174670,0.9999426603
136,11.3290000000,pose,12,0.3788401783,0.3908209205,-0.2353265285,0.9999422431
137,11.4120000000,pose,12,0.3787954152,0.3865522742,-0.2350420952,0.9999445677
138,11.4960000000,pose,12,0.3797959089,0.3870513737,-0.2442803681,0.9999433756
139,11.5790000000,pose,12,0.3774839640,0.3844762743,-0.2432380468,0.9999446869
140,11.6620000000,pose,12,0.3777613640,0.3853503168,-0.2456946671,0.9999465942
141,11.7460000000,pose,12,0.3778302073,0.3855932057,-0.2506234050,0.9999485612
142,11.8290000000,pose,12,0.3774680495,0.3856419921,-0.2516966462,0.9999485016
143,11.9120000000,pose,12,0.3774279356,0.3864301145,-0.3411360979,0.9999505281
144,11.9960000000,pose,12,0.3771562576,0.3867626190,-0.3249588907,0.9999535680
61,5.0810000000,pose,13,0.7784863114,0.5812919736,-0.5460051894,0.9884155989
62,5.1650000000,pose,13,0.7772490978,0.5715411901,-0.6114538312,0.9884843230
63,5.2480000000,pose,13,0.7759187222,0.5625616312,-0.6093673110,0.9892725945
64,5.3310000000,pose,13,0.7722998261,0.5495988131,-0.6012957692,0.9894432425
65,5.4150000000,pose,13,0.7691957951,0.5409823656,-0.6170084476,0.9893118143
66,5.4980000000,pose,13,0.7693137527,0.5423284769,-0.7510082722,0.9856712222
67,5.5810000000,pose,13,0.7700504065,0.5487615466,-0.7338804603,0.9839361310
68,5.6650000000,pose,13,0.7733623981,0.5519596338,-0.6996538043,0.9829434156
69,5.7480000000,pose,13,0.7778508067,0.5580536723,-0.6485295892,0.9827789664
70,5.8310000000,pose,13,0.7853942513,0.5684183240,-0.6078282595,0.9831091762
71,5.9140000000,pose,13,0.7948387861,0.5682992339,-0.5019485354,0.9840423465
72,5.9980000000,pose,13,0.7978562713,0.5708984733,-0.3861238360,0.9840927124
73,6.0810000000,pose,13,0.8006508946,0.5820344090,-0.4257045984,0.9845216870
74,6.1640000000,pose,13,0.7993727326,0.5814459920,-0.4377237856,0.9852454066
75,6.2480000000,pose,13,0.7942819595,0.5799067616,-0.6204223037,0.9857001305
76,6.3310000000,pose,13,0.7922883630,0.5796361566,-0.6482316852,0.9862907529
77,6.4140000000,pose,13,0.7776840925,0.5772852302,-0.6144016981,0.9865915179
78,6.4980000000,pose,13,0.7657373548,0.5720149279,-0.5516757369,0.9870136976
79,6.5810000000,pose,13,0.7655074596,0.5692765117,-0.5511779785,0.9876878858
80,6.6640000000,pose,13,0.7673635483,0.5586492419,-0.7068710923,0.9854363203
81,6.7470000000,pose,13,0.7784396410,0.5606193542,-0.5713208318,0.9859847426
82,6.8310000000,pose,13,0.7880869508,0.5596001148,-0.4277919531,0.9865559936
83,6.9140000000,pose,13,0.7969735861,0.5528814197,-0.7591306567,0.9870261550
84,6.9970000000,pose,13,0.7982823849,0.5396344662,-0.7237157822,0.9880303741
85,7.0810000000,pose,13,0.8059520721,0.5468412638,-0.6946180463,0.9890894294
86,7.1640000000,pose,13,0.8092699051,0.5473954082,-0.5396788120,0.9884316921
87,7.2470000000,pose,13,0.8085302711,0.5380820036,-0.6433772445,0.9890176058
88,7.3310000000,pose,13,0.8117709756,0.5388522744,-0.4361673892,0.9896236658
89,7.4140000000,pose,13,0.8112609982,0.5400385261,-0.4779893756,0.9899315834
90,7.4970000000,pose,13,0.8108764291,0.5385373235,-0.5552273393,0.9902950525
91,7.5800000000,pose,13,0.8076261282,0.5426979661,-0.4969846904,0.9894064665
92,7.6640000000,pose,13,0.7842486501,0.5385609865,-0.6433124542,0.9894571304
93,7.7470000000,pose,13,0.7632712126,0.5441746712,-0.6084296107,0.9899306893
94,7.8300000000,pose,13,0.7529761791,0.5560507774,-0.6388587356,0.9901014566
95,7.9140000000,pose,13,0.7492231131,0.5626012683,-0.6325391531,0.9897360206
96,7.9970000000,pose,13,0.7499221563,0.5700463653,-0.5597082973,0.9897763133
97,8.0800000000,pose,13,0.7505110502,0.5752012134,-0.4988818169,0.9900772572
98,8.1640000000,pose,13,0.7511155009,0.5782018900,-0.5338302255,0.9900711775
99,8.2470000000,pose,13,0.7551118135,0.5820658803,-0.4625772238,0.9900715351
100,8.3300000000,pose,13,0.7715269327,0.5839539170,-0.4392998517,0.9905730486
101,8.4140000000,pose,13,0.7776209116,0.5844852924,-0.4567598701,0.9903434515
102,8.4970000000,pose,13,0.7867739201,0.5853236914,-0.4894158244,0.9899121523
103,8.5800000000,pose,13,0.7942826748,0.5864316225,-0.4861420095,0.9896960258
104,8.6630000000,pose,13,0.8012977839,0.5850700736,-0.3568497598,0.9894607663
105,8.7470000000,pose,13,0.8064686060,0.5855570436,-0.4999292195,0.9894307852
106,8.8300000000,pose,13,0.8057357073,0.5867165327,-0.3703762889,0.9884762764
107,8.9130000000,pose,13,0.8017207384,0.5867447853,-0.4621095359,0.9874479175
108,8.9970000000,pose,13,0.8026335239,0.5868828893,-0.4061579108,0.9860799313
109,9.0800000000,pose,13,0.7988824844,0.5865057707,-0.4127615392,0.9862901568
110,9.1630000000,pose,13,0.7981403470,0.5850253701,-0.5227371454,0.9860461950
111,9.2470000000,pose,13,0.7937577963,0.5867203474,-0.4954606593,0.9851092696
112,9.3300000000,pose,13,0.7936322093,0.5911241174,-0.3767800927,0.9841467738
113,9.4130000000,pose,13,0.7856166363,0.5911082625,-0.4175532758,0.9841589928
114,9.4960000000,pose,13,0.7799874544,0.5920458436,-0.5312843323,0.9831197262
115,9.5800000000,pose,13,0.7730888724,0.5910127163,-0.5938519835,0.9837901592
116,9.6630000000,pose,13,0.7668855786,0.5917026401,-0.5732991099,0.9841939211
117,9.7460000000,pose,13,0.7615205050,0.5904533267,-0.5495027304,0.9843956828
118,9.8300000000,pose,13,0.7571107149,0.5898711085,-0.5882269144,0.9852207303
119,9.9130000000,pose,13,0.7522345185,0.5879576802,-0.5838674307,0.9862225056
120,9.9960000000,pose,13,0.7505172491,0.5884954333,-0.6172857285,0.9866754413
121,10.0800000000,pose,13,0.7507437468,0.5877516866,-0.5071685314,0.9871933460
122,10.1630000000,pose,13,0.7524459362,0.5876657367,-0.5525045395,0.9872388244
123,10.2460000000,pose,13,0.7611731291,0.5849391818,-0.4904737175,0.9876608253
124,10.3290000000,pose,13,0.7694546580,0.5755721331,-0.5527226925,0.9869548082
125,10.4130000000,pose,13,0.7807647586,0.5755114555,-0.5387734771,0.9870259166
126,10.4960000000,pose,13,0.7885051370,0.5795734525,-0.5328739285,0.9866878986
127,10.5790000000,pose,13,0.7958562970,0.5844943523,-0.5273076892,0.9863348603
128,10.6630000000,pose,13,0.8013095260,0.5833076835,-0.5852931738,0.9874438643
129,10.7460000000,pose,13,0.8009024858,0.5959562659,-0.5738405585,0.9851379991
130,10.8290000000,pose,13,0.8033665419,0.5963019729,-0.5031596422,0.9825624228
131,10.9130000000,pose,13,0.8090204597,0.6005151272,-0.5529477596,0.9801663160
132,10.9960000000,pose,13,0.8122937679,0.5871952772,-0.5818446875,0.9814750552
133,11.0790000000,pose,13,0.8229891062,0.5864983201,-0.6335271001,0.9838268161
134,11.1620000000,pose,13,0.8191540241,0.5635056496,-0.3318254650,0.9845157266
135,11.2460000000,pose,13,0.8172493577,0.5728977323,-0.3529644608,0.9840071797
136,11.3290000000,pose,13,0.8173269629,0.5769771338,-0.4903650284,0.9849945307
137,11.4120000000,pose,13,0.8142001629,0.5864025950,-0.5036311150,0.9857222438
138,11.4960000000,pose,13,0.8114469051,0.5959393382,-0.4962697029,0.9858630300
139,11.5790000000,pose,13,0.8009619117,0.5958241224,-0.5615895987,0.9863904715
140,11.6620000000,pose,13,0.7899879217,0.5963596702,-0.5549237728,0.9874480367
141,11.7460000000,pose,13,0.7903421521,0.6058704853,-0.5466107726,0.9881095290
142,11.8290000000,pose,13,0.7891123295,0.6051557064,-0.5536552668,0.9885432720
143,11.9120000000,pose,13,0.7869004607,0.6072475314,-0.6873893142,0.9890416861
144,11.9960000000,pose,13,0.7888036370,0.6080578566,-0.6958866119,0.9886069298
61,5.0810000000,pose,14,0.2232490182,0.5475771427,-0.4659172297,0.9138739109
62,5.1650000000,pose,14,0.2227932364,0.5465379357,-0.5359632373,0.9133179188
63,5.2480000000,pose,14,0.2216811329,0.5457264185,-0.4210666120,0.9151203036
64,5.3310000000,pose,14,0.2221473008,0.5449328423,-0.5013462901,0.9132981896
65,5.4150000000,pose,14,0.2219322622,0.5454167724,-0.5375344157,0.9118006229
66,5.4980000000,pose,14,0.2217708528,0.5513961911,-0.6886440516,0.9130181670
67,5.5810000000,pose,14,0.2218984216,0.5541775823,-0.6262729764,0.9118584394
68,5.6650000000,pose,14,0.2220751792,0.5551308393,-0.5997490287,0.9080981612
69,5.7480000000,pose,14,0.2236738354,0.5538911223,-0.5505176783,0.9016122222
70,5.8310000000,pose,14,0.2241534740,0.5538797379,-0.5174943209,0.8957914710
71,5.9140000000,pose,14,0.2253977507,0.5560470819,-0.4571810961,0.8975713849
72,5.9980000000,pose,14,0.2237598896,0.5550780892,-0.3997821808,0.8982075453
73,6.0810000000,pose,14,0.2248539776,0.5545328259,-0.3681921959,0.8994241357
74,6.1640000000,pose,14,0.2249611765,0.5535097718,-0.3556956351,0.9035986662
75,6.2480000000,pose,14,0.2258476615,0.5495389700,-0.5200039744,0.9044407010
76,6.3310000000,pose,14,0.2258464843,0.5486713052,-0.5175715089,0.8994276524
77,6.4140000000,pose,14,0.2250146121,0.5485396385,-0.5031711459,0.8915576339
78,6.4980000000,pose,14,0.2263813764,0.5436099768,-0.4389920831,0.8887777328
79,6.5810000000,pose,14,0.2264258415,0.5401296020,-0.4699598551,0.8947719336
80,6.6640000000,pose,14,0.2276381105,0.5417816639,-0.6122680902,0.8927557468
81,6.7470000000,pose,14,0.2277211398,0.5423882604,-0.4652830362,0.8963930011
82,6.8310000000,pose,14,0.2281552851,0.5423638821,-0.3930214643,0.8975343704
83,6.9140000000,pose,14,0.2301285416,0.5419436693,-0.5951286554,0.8986857533
84,6.9970000000,pose,14,0.2313025743,0.5403866172,-0.5512045026,0.9045894742
85,7.0810000000,pose,14,0.2293687910,0.5403991342,-0.5426229835,0.9068818688
86,7.1640000000,pose,14,0.2304956019,0.5427632332,-0.4894902110,0.9112773538
87,7.2470000000,pose,14,0.2300930470,0.5429126024,-0.5766590238,0.9150926471
88,7.3310000000,pose,14,0.2295891643,0.5429599285,-0.3877820969,0.9107791185
89,7.4140000000,pose,14,0.2301378846,0.5427353382,-0.4379065931,0.9133475423
90,7.4970000000,pose,14,0.2308425903,0.5426846147,-0.5124999285,0.9102723002
91,7.5800000000,pose,14,0.2308115512,0.5411779881,-0.4674702883,0.9069245458
92,7.6640000000,pose,14,0.2308389843,0.5410541892,-0.5603209138,0.9025918841
93,7.7470000000,pose,14,0.2307800204,0.5402580500,-0.5385118723,0.9035771489
94,7.8300000000,pose,14,0.2298911214,0.5382999182,-0.5585337877,0.9048150182
95,7.9140000000,pose,14,0.2283345014,0.5406848192,-0.5667620897,0.9051638842
96,7.9970000000,pose,14,0.2284119278,0.5405186415,-0.5238837600,0.9086844325
97,8.0800000000,pose,14,0.2285060734,0.5403879285,-0.4587888718,0.9120324850
98,8.1640000000,pose,14,0.2285288274,0.5404679179,-0.4640517533,0.9110648036
99,8.2470000000,pose,14,0.2285171896,0.5441398621,-0.4048129320,0.9091526866
100,8.3300000000,pose,14,0.2287079841,0.5451967716,-0.3782592714,0.9154539704
101,8.4140000000,pose,14,0.2293690294,0.5422134995,-0.4006865919,0.9134560823
102,8.4970000000,pose,14,0.2296089828,0.5422133803,-0.4440355301,0.9142928720
103,8.5800000000,pose,14,0.2296326756,0.5404791236,-0.4142320454,0.9129025340
104,8.6630000000,pose,14,0.2302815467,0.5435971022,-0.3140573800,0.9138138890
105,8.7470000000,pose,14,0.2305631191,0.5436955690,-0.4360634983,0.9133136868
106,8.8300000000,pose,14,0.2306626290,0.5492156148,-0.3282073140,0.9127742648
107,8.9130000000,pose,14,0.2320572734,0.5509622097,-0.4525351822,0.9078770876
108,8.9970000000,pose,14,0.2303959429,0.5509101152,-0.4136635661,0.9060187340
109,9.0800000000,pose,14,0.2303894460,0.5507398844,-0.4196369350,0.9043530822
110,9.1630000000,pose,14,0.2315226644,0.5504811406,-0.4920270145,0.8996350765
111,9.2470000000,pose,14,0.2322048098,0.5518591404,-0.4819454253,0.8968362808
112,9.3300000000,pose,14,0.2310324609,0.5530260801,-0.3953857720,0.8968327045
113,9.4130000000,pose,14,0.2305562943,0.5538409352,-0.4338964522,0.8952425718
114,9.4960000000,pose,14,0.2306478322,0.5533738136,-0.5118520260,0.8954154253
115,9.5800000000,pose,14,0.2308494747,0.5529372692,-0.5216066241,0.8979398608
116,9.6630000000,pose,14,0.2304487675,0.5520945787,-0.4734016955,0.9004592896
117,9.7460000000,pose,14,0.2299730629,0.5519225001,-0.4843239188,0.8999413252
118,9.8300000000,pose,14,0.2301189899,0.5505174398,-0.5443432927,0.9046901464
119,9.9130000000,pose,14,0.2301425487,0.5505750775,-0.4861924946,0.9086490273
120,9.9960000000,pose,14,0.2291269898,0.5506561995,-0.5316795111,0.9097256660
121,10.0800000000,pose,14,0.2292268425,0.5504701138,-0.4418627024,0.9100080132
122,10.1630000000,pose,14,0.2292166203,0.5509566665,-0.4924758673,0.9095403552
123,10.2460000000,pose,14,0.2287928462,0.5504819155,-0.4522521794,0.9088578224
124,10.3290000000,pose,14,0.2290653735,0.5496366620,-0.4670552909,0.9064855576
125,10.4130000000,pose,14,0.2290463895,0.5505453348,-0.5009473562,0.9074034095
126,10.4960000000,pose,14,0.2285821885,0.5504356027,-0.4995470047,0.9073999524
127,10.5790000000,pose,14,0.2287638038,0.5508330464,-0.4867189527,0.9073429704
128,10.6630000000,pose,14,0.2270599455,0.5479640961,-0.5104899406,0.9080270529
129,10.7460000000,pose,14,0.2272936255,0.5502548814,-0.4771085382,0.9007139206
130,10.8290000000,pose,14,0.2288988233,0.5505360365,-0.3696494102,0.8985728621
131,10.9130000000,pose,14,0.2294145226,0.5509595871,-0.4120114744,0.8858191371
132,10.9960000000,pose,14,0.2294146419,0.5508771539,-0.4762623012,0.8902156949
133,11.0790000000,pose,14,0.2293095738,0.5519614220,-0.4900588691,0.8987829685
134,11.1620000000,pose,14,0.2309010625,0.5518725514,-0.2814406455,0.9004510641
135,11.2460000000,pose,14,0.2313320190,0.5558515191,-0.3067900538,0.8962976336
136,11.3290000000,pose,14,0.2311353534,0.5558223128,-0.4522803426,0.8983322382
137,11.4120000000,pose,14,0.2310830057,0.5560763478,-0.4354193509,0.8957899809
138,11.4960000000,pose,14,0.2307673097,0.5559183955,-0.4451950192,0.8999601007
139,11.5790000000,pose,14,0.2308340669,0.5559541583,-0.4748088121,0.8920692205
140,11.6620000000,pose,14,0.2306321412,0.5542930961,-0.4774516821,0.8965253830
141,11.7460000000,pose,14,0.2275251895,0.5542894006,-0.4717765152,0.8986960053
142,11.8290000000,pose,14,0.2269967496,0.5562888384,-0.4847052395,0.8997199535
143,11.9120000000,pose,14,0.2246929109,0.5562916994,-0.5924575329,0.9051291943
144,11.9960000000,pose,14,0.2244431525,0.5556192398,-0.6004417539,0.8990283608
61,5.0810000000,pose,15,0.6154142618,0.5360962749,-0.8756167889,0.9895091057
62,5.1650000000,pose,15,0.6086702943,0.5327813625,-0.9459283948,0.9888895750
63,5.2480000000,pose,15,0.6034680009,0.5147483349,-0.9608103633,0.9895232916
64,5.3310000000,pose,15,0.5972700119,0.5162816644,-0.9510173202,0.9892014265
65,5.4150000000,pose,15,0.5945883393,0.5145016909,-0.9591035843,0.9885597825
66,5.4980000000,pose,15,0.5920944214,0.5165582895,-1.1194072962,0.9816283584
67,5.5810000000,pose,15,0.5962973833,0.5442829728,-0.9980275631,0.9800858498
68,5.6650000000,pose,15,0.6071917415,0.5453782082,-1.0802786350,0.9787350893
69,5.7480000000,pose,15,0.6181942225,0.5512698889,-1.0435568094,0.9787789583
70,5.8310000000,pose,15,0.6393766403,0.5570561290,-1.0425956249,0.9795697331
71,5.9140000000,pose,15,0.6622239351,0.5671161413,-0.8255351186,0.9809799790
72,5.9980000000,pose,15,0.6794412136,0.5591950417,-0.6525303125,0.9818484783
73,6.0810000000,pose,15,0.6847889423,0.5412748456,-0.7523221970,0.9830234051
74,6.1640000000,pose,15,0.6511136293,0.5327591896,-0.7650166750,0.9841302037
75,6.2480000000,pose,15,0.6301161051,0.5158864260,-0.9793164134,0.9847601652
76,6.3310000000,pose,15,0.6305337548,0.4937042296,-1.0297312737,0.9860103130
77,6.4140000000,pose,15,0.6227285862,0.4955252707,-0.9446960688,0.9866313934
78,6.4980000000,pose,15,0.6014848948,0.4975921214,-0.8988510370,0.9873002172
79,6.5810000000,pose,15,0.5981014967,0.5023513436,-0.8619255424,0.9882997274
80,6.6640000000,pose,15,0.6041536331,0.5029722452,-1.1191718578,0.9854702950
81,6.7470000000,pose,15,0.6324622035,0.4944407046,-1.0376254320,0.9866824746
82,6.8310000000,pose,15,0.6535204649,0.4937125742,-0.7556750178,0.9882959723
83,6.9140000000,pose,15,0.6620962620,0.4930308163,-1.2533520460,0.9897708297
84,6.9970000000,pose,15,0.6785757542,0.5004176497,-1.0995717049,0.9906821847
85,7.0810000000,pose,15,0.6803986430,0.5037419796,-1.0824279785,0.9917867184
86,7.1640000000,pose,15,0.6844965816,0.5178360343,-0.8954158425,0.9917290807
87,7.2470000000,pose,15,0.6822431087,0.5249927044,-1.0687156916,0.9922025204
88,7.3310000000,pose,15,0.6861379743,0.5333071351,-0.8069347143,0.9928671122
89,7.4140000000,pose,15,0.6892558932,0.5398372412,-0.8488203287,0.9929944873
90,7.4970000000,pose,15,0.6866428256,0.5441095233,-0.9290968776,0.9933749437
91,7.5800000000,pose,15,0.6588443518,0.5421321988,-0.8062776327,0.9921241403
92,7.6640000000,pose,15,0.6013113260,0.5373677611,-1.0011163950,0.9913691878
93,7.7470000000,pose,15,0.5754311681,0.5421953201,-0.9646379352,0.9912821651
94,7.8300000000,pose,15,0.5681903958,0.5512645841,-0.9835805297,0.9905636311
95,7.9140000000,pose,15,0.5661567450,0.5507875681,-0.9821029305,0.9895181060
96,7.9970000000,pose,15,0.5672873259,0.5623970628,-0.8704559207,0.9891672730
97,8.0800000000,pose,15,0.5691695809,0.5654824972,-0.7816904783,0.9894424081
98,8.1640000000,pose,15,0.5772698522,0.5648081899,-0.9157275558,0.9892849922
99,8.2470000000,pose,15,0.5852472186,0.5606346726,-0.7609706521,0.9892332554
100,8.3300000000,pose,15,0.6131414771,0.5537266135,-0.7579923868,0.9901570082
101,8.4140000000,pose,15,0.6308261752,0.5491422415,-0.8210605383,0.9901741743
102,8.4970000000,pose,15,0.6514675021,0.5499192476,-0.8569037914,0.9904313684
103,8.5800000000,pose,15,0.6637440920,0.5499913692,-0.8243427873,0.9905982018
104,8.6630000000,pose,15,0.6768344045,0.5511507988,-0.6230154634,0.9910004735
105,8.7470000000,pose,15,0.6860597134,0.5607577562,-0.9155775905,0.9914723635
106,8.8300000000,pose,15,0.6881551147,0.5695464015,-0.6720230579,0.9911385179
107,8.9130000000,pose,15,0.6918058395,0.5814403296,-0.8173157573,0.9907560945
108,8.9970000000,pose,15,0.6892971396,0.5837890506,-0.6660021544,0.9899312854
109,9.0800000000,pose,15,0.6841219068,0.5841425657,-0.7429666519,0.9898999333
110,9.1630000000,pose,15,0.6755595803,0.5841618180,-0.9068495631,0.9896134138
111,9.2470000000,pose,15,0.6634600163,0.5844785571,-0.8153893352,0.9879001379
112,9.3300000000,pose,15,0.6502528787,0.5848875046,-0.6348493695,0.9875223041
113,9.4130000000,pose,15,0.6342195868,0.5803391933,-0.6607334614,0.9867926240
114,9.4960000000,pose,15,0.6196807623,0.5777541399,-0.8352126479,0.9852303863
115,9.5800000000,pose,15,0.6063345075,0.5619204640,-0.9353681803,0.9856738448
116,9.6630000000,pose,15,0.5944458842,0.5585125089,-0.8812493682,0.9861649275
117,9.7460000000,pose,15,0.5817647576,0.5551242232,-0.8599326015,0.9863443375
118,9.8300000000,pose,15,0.5703154206,0.5532016754,-0.9062281251,0.9870420098
119,9.9130000000,pose,15,0.5671340823,0.5466846228,-0.9029685855,0.9878585935
120,9.9960000000,pose,15,0.5665439963,0.5459365845,-0.9748002291,0.9880830050
121,10.0800000000,pose,15,0.5679666400,0.5471585989,-0.7987003922,0.9882097840
122,10.1630000000,pose,15,0.5751252770,0.5472515821,-0.8786603212,0.9880018830
123,10.2460000000,pose,15,0.5840702057,0.5468219519,-0.7644422650,0.9885452390
124,10.3290000000,pose,15,0.6065199971,0.5354890227,-0.8828036189,0.9885672927
125,10.4130000000,pose,15,0.6304589510,0.5301347971,-0.8852652907,0.9884223342
126,10.4960000000,pose,15,0.6491898298,0.5327367783,-0.8778694868,0.9881988168
127,10.5790000000,pose,15,0.6678396463,0.5330460072,-0.8998400569,0.9888173938
128,10.6630000000,pose,15,0.6800060868,0.5341867805,-0.9483829141,0.9902485609
129,10.7460000000,pose,15,0.6924265623,0.5609727502,-1.0840723515,0.9903307557
130,10.8290000000,pose,15,0.6968534589,0.5780341625,-1.0275334120,0.9903137088
131,10.9130000000,pose,15,0.6980022192,0.5851815939,-1.0222672224,0.9888794422
132,10.9960000000,pose,15,0.7001780868,0.5975273252,-1.0400882959,0.9892755151
133,11.0790000000,pose,15,0.7011457682,0.5991238356,-1.0838527679,0.9906920791
134,11.1620000000,pose,15,0.6968737841,0.5990005732,-0.5990249515,0.9904624224
135,11.2460000000,pose,15,0.6914340854,0.5975311399,-0.6516780853,0.9890391231
136,11.3290000000,pose,15,0.6863180995,0.5970067978,-0.8177442551,0.9894782901
137,11.4120000000,pose,15,0.6772018671,0.5987761617,-0.8683823347,0.9896686077
138,11.4960000000,pose,15,0.6710976958,0.5986885428,-0.8577389121,0.9896190763
139,11.5790000000,pose,15,0.6580101848,0.5985984802,-0.9765402675,0.9896389842
140,11.6620000000,pose,15,0.6452769637,0.5868108273,-0.9441502094,0.9903843999
141,11.7460000000,pose,15,0.6440066695,0.5869712830,-0.8723818660,0.9907743931
142,11.8290000000,pose,15,0.6406099200,0.5870994329,-0.9240758419,0.9909491539
143,11.9120000000,pose,15,0.6396962404,0.5874828696,-1.0976963043,0.9911127687
144,11.9960000000,pose,15,0.6402384043,0.5901329517,-1.1404272318,0.9911777973
61,5.0810000000,pose,16,0.3449767530,0.6881999373,-0.8467320204,0.9969544411
62,5.1650000000,pose,16,0.3452101052,0.6870890856,-0.8903151751,0.9970524907
63,5.2480000000,pose,16,0.3437805474,0.6868975759,-0.7824862003,0.9971315265
64,5.3310000000,pose,16,0.3447401226,0.6868818998,-0.8302161098,0.9969570637
65,5.4150000000,pose,16,0.3448238969,0.6864350438,-0.8960546255,0.9967848659
66,5.4980000000,pose,16,0.3460350633,0.6883750558,-1.0906832218,0.9965558052
67,5.5810000000,pose,16,0.3455829322,0.6898556352,-1.0020811558,0.9966090918
68,5.6650000000,pose,16,0.3456328511,0.6899673343,-0.9941155910,0.9965512753
69,5.7480000000,pose,16,0.3452261686,0.6912873983,-0.8875105977,0.9961993098
70,5.8310000000,pose,16,0.3452138305,0.6956452131,-0.8735557199,0.9957260489
71,5.9140000000,pose,16,0.3452070653,0.6951146722,-0.7642344832,0.9958707094
72,5.9980000000,pose,16,0.3446542025,0.6943609715,-0.7354345918,0.9960229397
73,6.0810000000,pose,16,0.3456872702,0.6935729980,-0.7031794190,0.9961315989
74,6.1640000000,pose,16,0.3454245925,0.6935319901,-0.7223852873,0.9963926077
75,6.2480000000,pose,16,0.3454145491,0.6929481626,-0.9280292988,0.9965167642
76,6.3310000000,pose,16,0.3469574153,0.6870754957,-0.8824989200,0.9966554046
77,6.4140000000,pose,16,0.3469451964,0.6887030005,-0.8671056032,0.9965397716
78,6.4980000000,pose,16,0.3469630480,0.6887251139,-0.8190446496,0.9964233637
79,6.5810000000,pose,16,0.3471137285,0.6883572340,-0.8423874974,0.9967283010
80,6.6640000000,pose,16,0.3476328850,0.6905573606,-1.0839862823,0.9965969920
81,6.7470000000,pose,16,0.3474732041,0.6916736364,-0.9317230582,0.9969905019
82,6.8310000000,pose,16,0.3476925194,0.6886795163,-0.7185411453,0.9972554445
83,6.9140000000,pose,16,0.3487949967,0.6892206073,-1.0388624668,0.9975232482
84,6.9970000000,pose,16,0.3486869037,0.6867074370,-0.9810201526,0.9977009296
85,7.0810000000,pose,16,0.3484801054,0.6851971745,-0.9365399480,0.9978665709
86,7.1640000000,pose,16,0.3504911363,0.6946089268,-0.8992958069,0.9980247021
87,7.2470000000,pose,16,0.3503072560,0.6943017244,-1.0389293432,0.9981244206
88,7.3310000000,pose,16,0.3494485915,0.6933991313,-0.8076305389,0.9980363846
89,7.4140000000,pose,16,0.3502208889,0.6945436001,-0.8580967188,0.9980274439
90,7.4970000000,pose,16,0.3502345979,0.6913170815,-0.9000470042,0.9979129434
91,7.5800000000,pose,16,0.3496736586,0.6878747940,-0.7946390510,0.9977765679
92,7.6640000000,pose,16,0.3509017825,0.6861239672,-0.9375212789,0.9973208904
93,7.7470000000,pose,16,0.3504091501,0.6850208044,-0.8955608606,0.9971663952
94,7.8300000000,pose,16,0.3503961563,0.6832394004,-0.9718337655,0.9970930815
95,7.9140000000,pose,16,0.3503295183,0.6843462586,-0.9896087646,0.9970675111
96,7.9970000000,pose,16,0.3485773504,0.6840801835,-0.8971159458,0.9971401691
97,8.0800000000,pose,16,0.3495599329,0.6852605343,-0.8186407089,0.9971992373
98,8.1640000000,pose,16,0.3495021164,0.6861085892,-0.8701708317,0.9971773028
99,8.2470000000,pose,16,0.3482599556,0.6862614751,-0.7456675172,0.9971401691
100,8.3300000000,pose,16,0.3481894732,0.6862586737,-0.7138579488,0.9973573089
101,8.4140000000,pose,16,0.3496128321,0.6876356602,-0.7765075564,0.9973437786
102,8.4970000000,pose,16,0.3500427306,0.6876242161,-0.8379412889,0.9974909425
103,8.5800000000,pose,16,0.3498132527,0.6878360510,-0.8038010001,0.9974652529
104,8.6630000000,pose,16,0.3505066633,0.6894006729,-0.6247171164,0.9975073934
105,8.7470000000,pose,16,0.3514525592,0.6903958321,-0.8369990587,0.9974640012
106,8.8300000000,pose,16,0.3520391881,0.6907441020,-0.6298472881,0.9975031018
107,8.9130000000,pose,16,0.3561715186,0.6914460659,-0.8093242049,0.9972647429
108,8.9970000000,pose,16,0.3560324013,0.6899547577,-0.7034475803,0.9971454740
109,9.0800000000,pose,16,0.3560589254,0.6910218596,-0.8359512091,0.9969509840
110,9.1630000000,pose,16,0.3563964963,0.6910795569,-0.8633337021,0.9964663386
111,9.2470000000,pose,16,0.3564539850,0.6911244988,-0.8378571272,0.9960542917
112,9.3300000000,pose,16,0.3558905423,0.6922742128,-0.7107344866,0.9961400628
113,9.4130000000,pose,16,0.3560574949,0.6929067969,-0.7525266409,0.9956714511
114,9.4960000000,pose,16,0.3562206626,0.6929882169,-0.8744084239,0.9956949353
115,9.5800000000,pose,16,0.3574581444,0.6930413246,-0.8786056042,0.9958174229
116,9.6630000000,pose,16,0.3574862778,0.6938800812,-0.8108816743,0.9960051775
117,9.7460000000,pose,16,0.3575793505,0.6951967478,-0.8428699374,0.9960141778
118,9.8300000000,pose,16,0.3576377630,0.6952595115,-0.9427223802,0.9962770939
119,9.9130000000,pose,16,0.3562789857,0.6915858984,-0.8756581545,0.9964842200
120,9.9960000000,pose,16,0.3544400632,0.6901108623,-0.9333496094,0.9966304898
121,10.0800000000,pose,16,0.3539085090,0.6937336922,-0.7703194022,0.9963071942
122,10.1630000000,pose,16,0.3540170491,0.6945986748,-0.8582700491,0.9962532520
123,10.2460000000,pose,16,0.3521209359,0.6946279407,-0.7830464840,0.9963057637
124,10.3290000000,pose,16,0.3521243632,0.6943522692,-0.8241767287,0.9964728951
125,10.4130000000,pose,16,0.3519757092,0.6949378252,-0.9068817496,0.9965533614
126,10.4960000000,pose,16,0.3506255448,0.6935020685,-0.8848518729,0.9965742826
127,10.5790000000,pose,16,0.3493260145,0.6942671537,-0.8984783888,0.9968272448
128,10.6630000000,pose,16,0.3494446576,0.6941071153,-0.8901751041,0.9970306158
129,10.7460000000,pose,16,0.3504855335,0.6943759918,-0.8416805267,0.9970200062
130,10.8290000000,pose,16,0.3525716364,0.6946372390,-0.7237722278,0.9971642494
131,10.9130000000,pose,16,0.3500894904,0.6919800639,-0.7632675767,0.9968692064
132,10.9960000000,pose,16,0.3495098948,0.6875495315,-0.8458082676,0.9966583848
133,11.0790000000,pose,16,0.3496868908,0.6918667555,-0.8455331326,0.9969746470
134,11.1620000000,pose,16,0.3499962986,0.6942903399,-0.5382026434,0.9966572523
135,11.2460000000,pose,16,0.3501133025,0.6960260868,-0.5754612088,0.9962081313
136,11.3290000000,pose,16,0.3504652083,0.6957864761,-0.8130837083,0.9962736368
137,11.4120000000,pose,16,0.3523223102,0.7004579306,-0.7728320956,0.9958827496
138,11.4960000000,pose,16,0.3523367941,0.6988834143,-0.7591934204,0.9961152077
139,11.5790000000,pose,16,0.3520621359,0.6996387243,-0.8654426932,0.9956948161
140,11.6620000000,pose,16,0.3504595757,0.6971321106,-0.8418699503,0.9959213734
141,11.7460000000,pose,16,0.3447902799,0.6923328042,-0.8296498060,0.9960851073
142,11.8290000000,pose,16,0.3434850872,0.6931608915,-0.8724419475,0.9961786270
143,11.9120000000,pose,16,0.3431690931,0.6943207979,-1.0239567757,0.9963451624
144,11.9960000000,pose,16,0.3425260186,0.6950895786,-1.0268552303,0.9966924191
61,5.0810000000,pose,23,0.5598650575,0.9265522957,0.0059383363,0.8594874144
62,5.1650000000,pose,23,0.5692577958,0.9241883159,0.0063557415,0.8525986075
63,5.2480000000,pose,23,0.5699717402,0.9301501513,0.0043040793,0.8672923446
64,5.3310000000,pose,23,0.5695787668,0.9248431325,0.0046464382,0.8690121770
65,5.4150000000,pose,23,0.5848143697,0.9141537547,0.0047652945,0.8692042232
66,5.4980000000,pose,23,0.5947607160,0.9117470384,0.0083332667,0.8901949525
67,5.5810000000,pose,23,0.5919154882,0.9013801813,0.0083634285,0.8927323222
68,5.6650000000,pose,23,0.5830261707,0.9011503458,0.0054025711,0.8966755867
69,5.7480000000,pose,23,0.5722139478,0.9001463652,0.0076399567,0.8929522634
70,5.8310000000,pose,23,0.5702998638,0.8909044862,0.0085067758,0.8983324766
71,5.9140000000,pose,23,0.5696686506,0.9028156996,0.0086331256,0.8949442506
72,5.9980000000,pose,23,0.5694017410,0.9193763137,0.0086351363,0.8878042102
73,6.0810000000,pose,23,0.5698036551,0.9245897532,0.0065111397,0.8793898225
74,6.1640000000,pose,23,0.5703036785,0.9337820411,0.0057590469,0.8760660291
75,6.2480000000,pose,23,0.5703479648,0.9332215786,0.0055552842,0.8721075058
76,6.3310000000,pose,23,0.5703938603,0.9321992993,0.0058187661,0.8547282219
77,6.4140000000,pose,23,0.5705201626,0.9320005774,0.0107449740,0.8598039150
78,6.4980000000,pose,23,0.5718734860,0.9250722528,0.0106422585,0.8725461364
79,6.5810000000,pose,23,0.6015349030,0.9320428371,0.0105242571,0.8650412560
80,6.6640000000,pose,23,0.5973799825,0.9388800263,0.0063676019,0.8709672689
81,6.7470000000,pose,23,0.5695798993,0.9579218030,0.0061799260,0.8534830809
82,6.8310000000,pose,23,0.5777629614,0.9516566396,0.0111370320,0.8359732032
83,6.9140000000,pose,23,0.5707349181,0.9507914186,0.0027139464,0.8171861172
84,6.9970000000,pose,23,0.5673705339,0.9408338666,0.0152526507,0.8116378784
85,7.0810000000,pose,23,0.5923807025,0.9400531054,0.0119996937,0.8080286384
86,7.1640000000,pose,23,0.5917299390,0.9633273482,0.0036041832,0.8097518086
87,7.2470000000,pose,23,0.5852235556,0.9484691620,0.0029965537,0.8073582649
88,7.3310000000,pose,23,0.5927227736,0.9459238648,0.0026825170,0.8235026002
89,7.4140000000,pose,23,0.5921257138,0.9460381866,0.0026153016,0.8197693229
90,7.4970000000,pose,23,0.5913598537,0.9435429573,0.0047317725,0.8122087717
91,7.5800000000,pose,23,0.5904739499,0.9434102178,0.0110569755,0.8062961698
92,7.6640000000,pose,23,0.5843400359,0.9196259379,0.0109877549,0.8083770871
93,7.7470000000,pose,23,0.5832692981,0.9161401987,0.0109852543,0.8151845336
94,7.8300000000,pose,23,0.5857034326,0.9156232476,0.0119745499,0.8233003616
95,7.9140000000,pose,23,0.5871952176,0.9160717130,0.0104667824,0.8290488124
96,7.9970000000,pose,23,0.5867253542,0.9173359275,0.0141038736,0.8268257380
97,8.0800000000,pose,23,0.5916894674,0.9176878333,0.0142670097,0.8259785771
98,8.1640000000,pose,23,0.5801145434,0.9184936285,0.0095846243,0.8379843831
99,8.2470000000,pose,23,0.5767134428,0.9209287763,0.0144623555,0.8449175954
100,8.3300000000,pose,23,0.5796619654,0.9273009300,0.0144863455,0.8281839490
101,8.4140000000,pose,23,0.5850350857,0.9409089684,0.0125188855,0.8373762965
102,8.4970000000,pose,23,0.5875790715,0.9405918121,0.0127664376,0.8265126944
103,8.5800000000,pose,23,0.5875432491,0.9392388463,0.0081487149,0.8299928308
104,8.6630000000,pose,23,0.5813933015,0.9432938695,0.0077974861,0.8245958686
105,8.7470000000,pose,23,0.5806787014,0.9417647719,0.0078208242,0.8229026198
106,8.8300000000,pose,23,0.5840029120,0.9462187290,0.0067688450,0.8261906505
107,8.9130000000,pose,23,0.5860531330,0.9458648562,0.0083184941,0.8208863735
108,8.9970000000,pose,23,0.5913993120,0.9456434846,0.0078922501,0.8103106022
109,9.0800000000,pose,23,0.5863769054,0.9459837079,0.0075679119,0.8208798766
110,9.1630000000,pose,23,0.5821164250,0.9386608601,0.0104538715,0.8239547014
111,9.2470000000,pose,23,0.5821884274,0.9386357069,0.0111438921,0.8157966137
112,9.3300000000,pose,23,0.5843018293,0.9387755394,0.0118773514,0.8103933930
113,9.4130000000,pose,23,0.5854908228,0.9389002919,0.0144390864,0.8211830258
114,9.4960000000,pose,23,0.5870472789,0.9389277101,0.0122374035,0.8303227425
115,9.5800000000,pose,23,0.5876060128,0.9269656539,0.0123844380,0.8380445242
116,9.6630000000,pose,23,0.5900525451,0.9241662621,0.0123851020,0.8434735537
117,9.7460000000,pose,23,0.5915076137,0.9243799448,0.0123830456,0.8417335749
118,9.8300000000,pose,23,0.5860983133,0.9213768840,0.0141326915,0.8466700912
119,9.9130000000,pose,23,0.5856438279,0.9162345529,0.0146836992,0.8492396474
120,9.9960000000,pose,23,0.5758429170,0.9135053754,0.0158016626,0.8549314737
121,10.0800000000,pose,23,0.5765358210,0.9136389494,0.0150503432,0.8544346690
122,10.1630000000,pose,23,0.5814341903,0.9139167666,0.0150746359,0.8578404188
123,10.2460000000,pose,23,0.5740490556,0.9329119921,0.0152307712,0.8611602783
124,10.3290000000,pose,23,0.5794121027,0.9321228862,0.0098065818,0.8556591272
125,10.4130000000,pose,23,0.5829601288,0.9318163395,0.0099665038,0.8424116373
126,10.4960000000,pose,23,0.5844449997,0.9314052463,0.0094887083,0.8389234543
127,10.5790000000,pose,23,0.5801482797,0.9673093557,0.0055867787,0.8246422410
128,10.6630000000,pose,23,0.5772829652,0.9614975452,0.0036880085,0.8055996299
129,10.7460000000,pose,23,0.5755317807,0.9599987864,0.0138329966,0.8109487295
130,10.8290000000,pose,23,0.5663393140,0.9644187689,0.0130239921,0.8213835955
131,10.9130000000,pose,23,0.5637916327,0.9460259676,0.0114855831,0.8290910721
132,10.9960000000,pose,23,0.5641582608,0.9366050363,0.0121565452,0.8477423787
133,11.0790000000,pose,23,0.5645188093,0.9543588161,0.0074473969,0.8557374477
134,11.1620000000,pose,23,0.5706784725,0.9534889460,0.0015368541,0.8590182662
135,11.2460000000,pose,23,0.5687121749,0.9526199698,0.0040217629,0.8569486141
136,11.3290000000,pose,23,0.5669110417,0.9544650316,0.0069351038,0.8591027856
137,11.4120000000,pose,23,0.5694543123,0.9294376373,0.0085899867,0.8675192595
138,11.4960000000,pose,23,0.5649862289,0.9632118344,0.0152560174,0.8633588552
139,11.5790000000,pose,23,0.5646897554,0.9323122501,0.0118125482,0.8708401918
140,11.6620000000,pose,23,0.5575153232,0.9333382249,0.0163168889,0.8759899139
141,11.7460000000,pose,23,0.5624091029,0.9339407086,0.0141114565,0.8806278706
142,11.8290000000,pose,23,0.5581594110,0.9341465831,0.0137399342,0.8830135465
143,11.9120000000,pose,23,0.5719089508,0.9228881598,0.0100946119,0.8883359432
144,11.9960000000,pose,23,0.5716001987,0.9231463671,0.0122738276,0.8881058097
61,5.0810000000,pose,24,0.4003718495,0.9120844603,-0.0065405415,0.8734166622
62,5.1650000000,pose,24,0.4070682824,0.9121188521,-0.0069900411,0.8667481542
63,5.2480000000,pose,24,0.4085644186,0.9127120376,-0.0049899118,0.8804301620
64,5.3310000000,pose,24,0.4088618159,0.9120010734,-0.0053318441,0.8813404441
65,5.4150000000,pose,24,0.4170548320,0.9105598927,-0.0054605887,0.8818638325
66,5.4980000000,pose,24,0.4322125614,0.9142102003,-0.0090275565,0.9028182030
67,5.5810000000,pose,24,0.4317426383,0.9082732797,-0.0090639116,0.9060027599
68,5.6650000000,pose,24,0.4268779159,0.8987870216,-0.0061165304,0.9102402925
69,5.7480000000,pose,24,0.4144840240,0.8962563276,-0.0083760824,0.9051604271
70,5.8310000000,pose,24,0.4137192667,0.8960584402,-0.0092372634,0.9092141390
71,5.9140000000,pose,24,0.4132145345,0.8979141712,-0.0093529467,0.9046478271
72,5.9980000000,pose,24,0.4114863276,0.9053693414,-0.0093572671,0.8965003490
73,6.0810000000,pose,24,0.4114775360,0.9124395847,-0.0072817225,0.8862090707
74,6.1640000000,pose,24,0.4098134637,0.9256253242,-0.0065278043,0.8835446239
75,6.2480000000,pose,24,0.4096512198,0.9242726564,-0.0063138017,0.8798918724
76,6.3310000000,pose,24,0.4044761658,0.9236175418,-0.0065638497,0.8607865572
77,6.4140000000,pose,24,0.4055213630,0.9247483611,-0.0114809303,0.8639920950
78,6.4980000000,pose,24,0.4084081352,0.9190764427,-0.0113887368,0.8763155341
79,6.5810000000,pose,24,0.4277214110,0.9345003366,-0.0112725040,0.8729574680
80,6.6640000000,pose,24,0.4274700284,0.9392687678,-0.0071451557,0.8806420565
81,6.7470000000,pose,24,0.4116300941,0.9394810796,-0.0069592823,0.8644180298
82,6.8310000000,pose,24,0.4133236706,0.9385059476,-0.0119389910,0.8429183960
83,6.9140000000,pose,24,0.4083951414,0.9367074370,-0.0035211446,0.8191987276
84,6.9970000000,pose,24,0.4035255015,0.9295531511,-0.0159659386,0.8122093678
85,7.0810000000,pose,24,0.4221713841,0.9356781244,-0.0127320020,0.8078740835
86,7.1640000000,pose,24,0.4214758873,0.9476105571,-0.0044072056,0.8113641739
87,7.2470000000,pose,24,0.4186460376,0.9303798079,-0.0037680531,0.8079622984
88,7.3310000000,pose,24,0.4201457798,0.9303390384,-0.0034646573,0.8210130930
89,7.4140000000,pose,24,0.4213284254,0.9300706983,-0.0033955807,0.8159599304
90,7.4970000000,pose,24,0.4205669761,0.9263960123,-0.0054820278,0.8044487834
91,7.5800000000,pose,24,0.4175874591,0.9273084402,-0.0117861126,0.7982745171
92,7.6640000000,pose,24,0.4091360271,0.9114820957,-0.0117125167,0.8012855053
93,7.7470000000,pose,24,0.4156070352,0.9100978971,-0.0117018102,0.8107138276
94,7.8300000000,pose,24,0.4170356393,0.9103123546,-0.0126576787,0.8219150901
95,7.9140000000,pose,24,0.4170175791,0.9196839333,-0.0111960378,0.8303195834
96,7.9970000000,pose,24,0.4169585109,0.9191745520,-0.0148237804,0.8340677023
97,8.0800000000,pose,24,0.4222596586,0.9205018878,-0.0149804698,0.8365206122
98,8.1640000000,pose,24,0.4155903459,0.9163752198,-0.0103238765,0.8482156992
99,8.2470000000,pose,24,0.4138713777,0.9163432717,-0.0151448082,0.8558742404
100,8.3300000000,pose,24,0.4126158357,0.9190225601,-0.0151765104,0.8415332437
101,8.4140000000,pose,24,0.4196787775,0.9260430932,-0.0132258898,0.8506916165
102,8.4970000000,pose,24,0.4200952351,0.9260296226,-0.0134794610,0.8411715031
103,8.5800000000,pose,24,0.4202469885,0.9239509106,-0.0088762529,0.8444263935
104,8.6630000000,pose,24,0.4140607417,0.9248005152,-0.0085347146,0.8374898434
105,8.7470000000,pose,24,0.4141059816,0.9250066876,-0.0085549196,0.8326869011
106,8.8300000000,pose,24,0.4174308777,0.9330369830,-0.0075407424,0.8355297446
107,8.9130000000,pose,24,0.4184435606,0.9348849058,-0.0090656402,0.8281805515
108,8.9970000000,pose,24,0.4205513895,0.9380854368,-0.0086479820,0.8167971373
109,9.0800000000,pose,24,0.4223246276,0.9357464314,-0.0083183525,0.8268676400
110,9.1630000000,pose,24,0.4194632173,0.9333224893,-0.0111659020,0.8288004398
111,9.2470000000,pose,24,0.4181840122,0.9334415197,-0.0118449097,0.8202189803
112,9.3300000000,pose,24,0.4199145436,0.9361116290,-0.0125970934,0.8152729869
113,9.4130000000,pose,24,0.4209647179,0.9361975789,-0.0151265385,0.8260418177
114,9.4960000000,pose,24,0.4213013649,0.9362744093,-0.0129679795,0.8360880613
115,9.5800000000,pose,24,0.4230189919,0.9302130938,-0.0131104318,0.8449246287
116,9.6630000000,pose,24,0.4244333804,0.9309405088,-0.0131113734,0.8513355851
117,9.7460000000,pose,24,0.4260853231,0.9300839901,-0.0131126549,0.8511332870
118,9.8300000000,pose,24,0.4254637063,0.9213345647,-0.0148420427,0.8578943610
119,9.9130000000,pose,24,0.4241629243,0.9116762280,-0.0153849134,0.8620972633
120,9.9960000000,pose,24,0.4215255380,0.9137589335,-0.0164999980,0.8688196540
121,10.0800000000,pose,24,0.4203308821,0.9136528969,-0.0157435872,0.8687503934
122,10.1630000000,pose,24,0.4192653000,0.9187845588,-0.0157711618,0.8726888299
123,10.2460000000,pose,24,0.4155665040,0.9203448296,-0.0159356780,0.8746875525
124,10.3290000000,pose,24,0.4165320098,0.9209401011,-0.0105020497,0.8680191040
125,10.4130000000,pose,24,0.4206778109,0.9206528068,-0.0106624793,0.8573943973
126,10.4960000000,pose,24,0.4205017686,0.9218130708,-0.0101818005,0.8543376327
127,10.5790000000,pose,24,0.4165773988,0.9391825795,-0.0063196342,0.8389278650
128,10.6630000000,pose,24,0.4114877284,0.9380174875,-0.0044385041,0.8121361732
129,10.7460000000,pose,24,0.4106599391,0.9425644279,-0.0146947950,0.8160191178
130,10.8290000000,pose,24,0.4024849236,0.9415704608,-0.0138751334,0.8272709250
131,10.9130000000,pose,24,0.3983486593,0.9218663573,-0.0122900791,0.8337856531
132,10.9960000000,pose,24,0.3991347551,0.9195866585,-0.0128750894,0.8522539139
133,11.0790000000,pose,24,0.4002627730,0.9321678877,-0.0081768744,0.8580260873
134,11.1620000000,pose,24,0.4127522409,0.9322206974,-0.0022362026,0.8600153923
135,11.2460000000,pose,24,0.4093031883,0.9344074726,-0.0047840937,0.8555188775
136,11.3290000000,pose,24,0.4086676240,0.9344121814,-0.0076022921,0.8570583463
137,11.4120000000,pose,24,0.4088934958,0.9225726128,-0.0092661865,0.8650813699
138,11.4960000000,pose,24,0.4079810679,0.9408618808,-0.0159896445,0.8623149395
139,11.5790000000,pose,24,0.4051434100,0.9142134786,-0.0125278654,0.8688974977
140,11.6620000000,pose,24,0.4041041136,0.9150179029,-0.0169316698,0.8746528625
141,11.7460000000,pose,24,0.4064488113,0.9184651971,-0.0146929305,0.8802130818
142,11.8290000000,pose,24,0.4008841217,0.9140533209,-0.0143268956,0.8826365471
143,11.9120000000,pose,24,0.4090011716,0.9142791033,-0.0106975054,0.8893351555
144,11.9960000000,pose,24,0.4065186381,0.9148962498,-0.0128918383,0.8897045255
61,5.0810000000,right_hand,0,0.3433912396,0.6958996654,0.0000001535,1.0000000000
62,5.1650000000,right_hand,0,0.3433151096,0.6972391903,0.0000001723,1.0000000000
63,5.2480000000,right_hand,0,0.3432389796,0.6985787153,0.0000001912,1.0000000000
64,5.3310000000,right_hand,0,0.3431721926,0.6940981746,0.0000001891,1.0000000000
65,5.4150000000,right_hand,0,0.3428988457,0.6944304109,0.0000001828,1.0000000000
66,5.4980000000,right_hand,0,0.3431916833,0.6972119808,0.0000002090,1.0000000000
67,5.5810000000,right_hand,0,0.3431794643,0.7012944221,0.0000001980,1.0000000000
68,5.6650000000,right_hand,0,0.3437294066,0.6996617913,0.0000002156,1.0000000000
69,5.7480000000,right_hand,0,0.3397848308,0.6986781359,0.0000001889,1.0000000000
70,5.8310000000,right_hand,0,0.3411998451,0.6969811320,0.0000001879,1.0000000000
71,5.9140000000,right_hand,0,0.3409502506,0.6977379322,0.0000001851,1.0000000000
72,5.9980000000,right_hand,0,0.3396223783,0.6946794391,0.0000002024,1.0000000000
73,6.0810000000,right_hand,0,0.3386351764,0.7001727223,0.0000001728,1.0000000000
74,6.1640000000,right_hand,0,0.3434767127,0.7003833652,0.0000002531,1.0000000000
75,6.2480000000,right_hand,0,0.3417568505,0.7002803683,0.0000002026,1.0000000000
76,6.3310000000,right_hand,0,0.3404568136,0.6970718503,0.0000001825,1.0000000000
77,6.4140000000,right_hand,0,0.3422837257,0.6971841455,0.0000001687,1.0000000000
78,6.4980000000,right_hand,0,0.3422664404,0.6943011284,0.0000001621,1.0000000000
79,6.5810000000,right_hand,0,0.3425623178,0.6969133615,0.0000001656,1.0000000000
80,6.6640000000,right_hand,0,0.3443778455,0.6956195235,0.0000002046,1.0000000000
81,6.7470000000,right_hand,0,0.3421287537,0.6977289319,0.0000001880,1.0000000000
82,6.8310000000,right_hand,0,0.3385389745,0.6957265735,0.0000001547,1.0000000000
83,6.9140000000,right_hand,0,0.3418674171,0.6983585358,0.0000001864,1.0000000000
84,6.9970000000,right_hand,0,0.3439909518,0.6951324940,0.0000001924,1.0000000000
85,7.0810000000,right_hand,0,0.3478116691,0.7000675797,0.0000001913,1.0000000000
86,7.1640000000,right_hand,0,0.3451906443,0.6987906694,0.0000001796,1.0000000000
87,7.2470000000,right_hand,0,0.3462173939,0.6958234906,0.0000002290,1.0000000000
88,7.3310000000,right_hand,0,0.3448277116,0.6988344193,0.0000001597,1.0000000000
89,7.4140000000,right_hand,0,0.3458322883,0.6960484982,0.0000001661,1.0000000000
90,7.4970000000,right_hand,0,0.3469882607,0.6950044036,0.0000001876,1.0000000000
91,7.5800000000,right_hand,0,0.3488292396,0.6964506507,0.0000001871,1.0000000000
92,7.6640000000,right_hand,0,0.3465072513,0.6960710287,0.0000001876,1.0000000000
93,7.7470000000,right_hand,0,0.3465264142,0.6943131089,0.0000001747,1.0000000000
94,7.8300000000,right_hand,0,0.3466712236,0.6966874003,0.0000001777,1.0000000000
95,7.9140000000,right_hand,0,0.3472164273,0.6944273710,0.0000001940,1.0000000000
96,7.9970000000,right_hand,0,0.3473272622,0.6950976849,0.0000001751,1.0000000000
97,8.0800000000,right_hand,0,0.3456000686,0.6991673708,0.0000001334,1.0000000000
98,8.1640000000,right_hand,0,0.3456406593,0.6981177926,0.0000001991,1.0000000000
99,8.2470000000,right_hand,0,0.3451229036,0.6988549829,0.0000001625,1.0000000000
100,8.3300000000,right_hand,0,0.3479247391,0.6944707036,0.0000001678,1.0000000000
101,8.4140000000,right_hand,0,0.3483443558,0.6987723112,0.0000001389,1.0000000000
102,8.4970000000,right_hand,0,0.3495191038,0.6973143816,0.0000001377,1.0000000000
103,8.5800000000,right_hand,0,0.3505954444,0.6947094202,0.0000001996,1.0000000000
104,8.6630000000,right_hand,0,0.3530900478,0.7025849819,0.0000001790,1.0000000000
105,8.7470000000,right_hand,0,0.3525659442,0.7035012841,0.0000001687,1.0000000000
106,8.8300000000,right_hand,0,0.3509084284,0.7116875052,0.0000001738,1.0000000000
107,8.9130000000,right_hand,0,0.3528658450,0.7160765529,0.0000001877,1.0000000000
108,8.9970000000,right_hand,0,0.3511703014,0.7134811878,0.0000001645,1.0000000000
109,9.0800000000,right_hand,0,0.3530161679,0.7196761966,0.0000000740,1.0000000000
110,9.1630000000,right_hand,0,0.3504427373,0.7143580317,0.0000000149,1.0000000000
111,9.2470000000,right_hand,0,0.3514863253,0.7142177224,0.0000000555,1.0000000000
112,9.3300000000,right_hand,0,0.3545411229,0.7120420337,0.0000000493,1.0000000000
113,9.4130000000,right_hand,0,0.3508863449,0.7104918361,0.0000000614,1.0000000000
114,9.4960000000,right_hand,0,0.3529404998,0.7119774222,0.0000000552,1.0000000000
115,9.5800000000,right_hand,0,0.3578292727,0.7058408260,0.0000001460,1.0000000000
116,9.6630000000,right_hand,0,0.3577912450,0.7067711353,0.0000001452,1.0000000000
117,9.7460000000,right_hand,0,0.3564248383,0.7095681429,0.0000001551,1.0000000000
118,9.8300000000,right_hand,0,0.3567675650,0.7094872594,0.0000001650,1.0000000000
119,9.9130000000,right_hand,0,0.3550211489,0.7058488727,0.0000001774,1.0000000000
120,9.9960000000,right_hand,0,0.3519835770,0.7083606720,0.0000001714,1.0000000000
121,10.0800000000,right_hand,0,0.3515394628,0.7033128738,0.0000001485,1.0000000000
122,10.1630000000,right_hand,0,0.3515046537,0.7032380700,0.0000001604,1.0000000000
123,10.2460000000,right_hand,0,0.3514407277,0.7067086101,0.0000001950,1.0000000000
124,10.3290000000,right_hand,0,0.3509438932,0.7075577378,0.0000001649,1.0000000000
125,10.4130000000,right_hand,0,0.3483128846,0.7058478594,0.0000001566,1.0000000000
126,10.4960000000,right_hand,0,0.3483512402,0.7038609385,0.0000001643,1.0000000000
127,10.5790000000,right_hand,0,0.3463354111,0.7048789263,0.0000001804,1.0000000000
128,10.6630000000,right_hand,0,0.3461375833,0.7067064643,0.0000001674,1.0000000000
129,10.7460000000,right_hand,0,0.3462370634,0.7048385143,0.0000001813,1.0000000000
130,10.8290000000,right_hand,0,0.3436130881,0.7069026232,0.0000001527,1.0000000000
131,10.9130000000,right_hand,0,0.3468913138,0.7063235044,0.0000001898,1.0000000000
132,10.9960000000,right_hand,0,0.3484500349,0.7104436159,0.0000001912,1.0000000000
133,11.0790000000,right_hand,0,0.3510455191,0.7082164288,0.0000001868,1.0000000000
134,11.1620000000,right_hand,0,0.3507469893,0.7072996497,0.0000002033,1.0000000000
135,11.2460000000,right_hand,0,0.3485005200,0.7062012553,0.0000001805,1.0000000000
136,11.3290000000,right_hand,0,0.3476858735,0.7088025808,0.0000001856,1.0000000000
137,11.4120000000,right_hand,0,0.3472764492,0.7064387798,0.0000001797,1.0000000000
138,11.4960000000,right_hand,0,0.3486207426,0.7030946612,0.0000002154,1.0000000000
139,11.5790000000,right_hand,0,0.3430265188,0.7052384019,0.0000001604,1.0000000000
140,11.6620000000,right_hand,0,0.3440315127,0.7055603266,0.0000001642,1.0000000000
141,11.7460000000,right_hand,0,0.3426357806,0.7117766738,0.0000002009,1.0000000000
142,11.8290000000,right_hand,0,0.3420546651,0.7139525414,0.0000001741,1.0000000000
143,11.9120000000,right_hand,0,0.3400474042,0.7162743807,0.0000000516,1.0000000000
144,11.9960000000,right_hand,0,0.3380401433,0.7185962200,-0.0000000708,1.0000000000
61,5.0810000000,right_hand,1,0.3696481586,0.6725134850,-0.0037859927,1.0000000000
62,5.1650000000,right_hand,1,0.3690102994,0.6741405725,-0.0029447270,1.0000000000
63,5.2480000000,right_hand,1,0.3683724403,0.6757676601,-0.0021034612,1.0000000000
64,5.3310000000,right_hand,1,0.3657764494,0.6698864698,-0.0040993528,1.0000000000
65,5.4150000000,right_hand,1,0.3602282405,0.6865140796,-0.0037678515,1.0000000000
66,5.4980000000,right_hand,1,0.3661158085,0.6721602082,-0.0038324306,1.0000000000
67,5.5810000000,right_hand,1,0.3645060658,0.6780095100,-0.0032489353,1.0000000000
68,5.6650000000,right_hand,1,0.3644621968,0.6749260426,-0.0047300817,1.0000000000
69,5.7480000000,right_hand,1,0.3632061183,0.6789320707,-0.0039653480,1.0000000000
70,5.8310000000,right_hand,1,0.3654138744,0.6761436462,-0.0018978851,1.0000000000
71,5.9140000000,right_hand,1,0.3620982766,0.6743793488,-0.0046574078,1.0000000000
72,5.9980000000,right_hand,1,0.3634448349,0.6741558909,-0.0043487409,1.0000000000
73,6.0810000000,right_hand,1,0.3559211195,0.6943324804,-0.0054902504,1.0000000000
74,6.1640000000,right_hand,1,0.3671852946,0.6772323251,-0.0042884592,1.0000000000
75,6.2480000000,right_hand,1,0.3660075366,0.6776258945,-0.0044646030,1.0000000000
76,6.3310000000,right_hand,1,0.3662469983,0.6749237776,-0.0028014760,1.0000000000
77,6.4140000000,right_hand,1,0.3659156263,0.6749718785,-0.0016496229,1.0000000000
78,6.4980000000,right_hand,1,0.3685435653,0.6719390154,-0.0026190968,1.0000000000
79,6.5810000000,right_hand,1,0.3672336340,0.6728923917,-0.0004944546,1.0000000000
80,6.6640000000,right_hand,1,0.3673075140,0.6741200089,-0.0038409580,1.0000000000
81,6.7470000000,right_hand,1,0.3668154776,0.6748451591,-0.0024338132,1.0000000000
82,6.8310000000,right_hand,1,0.3636887074,0.6743261814,-0.0039869789,1.0000000000
83,6.9140000000,right_hand,1,0.3655999899,0.6764090061,-0.0049362145,1.0000000000
84,6.9970000000,right_hand,1,0.3672088087,0.6706472635,-0.0064875670,1.0000000000
85,7.0810000000,right_hand,1,0.3671927154,0.6739454865,-0.0072255889,1.0000000000
86,7.1640000000,right_hand,1,0.3666905463,0.6747844219,-0.0042675734,1.0000000000
87,7.2470000000,right_hand,1,0.3689019084,0.6725805998,-0.0050768428,1.0000000000
88,7.3310000000,right_hand,1,0.3677691817,0.6734901667,-0.0039783451,1.0000000000
89,7.4140000000,right_hand,1,0.3685919046,0.6705783010,-0.0029360817,1.0000000000
90,7.4970000000,right_hand,1,0.3700618446,0.6699715853,-0.0049891979,1.0000000000
91,7.5800000000,right_hand,1,0.3698224127,0.6670176983,-0.0076175011,1.0000000000
92,7.6640000000,right_hand,1,0.3706457615,0.6733673215,-0.0039027184,1.0000000000
93,7.7470000000,right_hand,1,0.3700325787,0.6759859324,-0.0030207653,1.0000000000
94,7.8300000000,right_hand,1,0.3708961904,0.6764333844,-0.0007170851,1.0000000000
95,7.9140000000,right_hand,1,0.3706513047,0.6727849841,-0.0030141883,1.0000000000
96,7.9970000000,right_hand,1,0.3709459007,0.6752154827,-0.0024768470,1.0000000000
97,8.0800000000,right_hand,1,0.3691061139,0.6770240068,-0.0017223101,1.0000000000
98,8.1640000000,right_hand,1,0.3698367178,0.6769598126,-0.0016635930,1.0000000000
99,8.2470000000,right_hand,1,0.3692479432,0.6782382727,-0.0010627797,1.0000000000
100,8.3300000000,right_hand,1,0.3713221252,0.6762333512,-0.0029708489,1.0000000000
101,8.4140000000,right_hand,1,0.3713359833,0.6793890595,-0.0005522062,1.0000000000
102,8.4970000000,right_hand,1,0.3714903295,0.6786644459,-0.0045358217,1.0000000000
103,8.5800000000,right_hand,1,0.3723089099,0.6734496951,-0.0058543324,1.0000000000
104,8.6630000000,right_hand,1,0.3737258315,0.6782181859,-0.0058168503,1.0000000000
105,8.7470000000,right_hand,1,0.3629499376,0.7024918795,-0.0078958021,1.0000000000
106,8.8300000000,right_hand,1,0.3675617576,0.7045463920,-0.0010564119,1.0000000000
107,8.9130000000,right_hand,1,0.3592455685,0.7418017387,-0.0022418941,1.0000000000
108,8.9970000000,right_hand,1,0.3546864092,0.7475534678,-0.0022511175,1.0000000000
109,9.0800000000,right_hand,1,0.3653872907,0.7370409369,0.0021074661,1.0000000000
110,9.1630000000,right_hand,1,0.3712800741,0.7050421238,-0.0049890000,1.0000000000
111,9.2470000000,right_hand,1,0.3705614507,0.7015279531,-0.0093160402,1.0000000000
112,9.3300000000,right_hand,1,0.3727851212,0.6985787153,-0.0089041889,1.0000000000
113,9.4130000000,right_hand,1,0.3659799993,0.7073659301,-0.0022176139,1.0000000000
114,9.4960000000,right_hand,1,0.3730380833,0.6947360635,-0.0040639732,1.0000000000
115,9.5800000000,right_hand,1,0.3791210353,0.6865687370,-0.0033175643,1.0000000000
116,9.6630000000,right_hand,1,0.3798635900,0.6872734427,-0.0034776961,1.0000000000
117,9.7460000000,right_hand,1,0.3785295188,0.6902749538,-0.0025416296,1.0000000000
118,9.8300000000,right_hand,1,0.3783793747,0.6895823479,-0.0032264958,1.0000000000
119,9.9130000000,right_hand,1,0.3765560389,0.6889301538,-0.0045662234,1.0000000000
120,9.9960000000,right_hand,1,0.3715115488,0.6890900135,-0.0051634819,1.0000000000
121,10.0800000000,right_hand,1,0.3738882840,0.6850370765,-0.0019315629,1.0000000000
122,10.1630000000,right_hand,1,0.3738252223,0.6854663491,-0.0032485290,1.0000000000
123,10.2460000000,right_hand,1,0.3744249344,0.6868608594,-0.0032452191,1.0000000000
124,10.3290000000,right_hand,1,0.3724638224,0.6884080172,-0.0030900165,1.0000000000
125,10.4130000000,right_hand,1,0.3708097339,0.6870164275,-0.0027567330,1.0000000000
126,10.4960000000,right_hand,1,0.3711833954,0.6852760911,-0.0030456057,1.0000000000
127,10.5790000000,right_hand,1,0.3688574135,0.6848791838,-0.0049178079,1.0000000000
128,10.6630000000,right_hand,1,0.3682597280,0.6845346689,-0.0066507226,1.0000000000
129,10.7460000000,right_hand,1,0.3694919944,0.6834078431,-0.0059110518,1.0000000000
130,10.8290000000,right_hand,1,0.3665297031,0.6855137944,-0.0042691883,1.0000000000
131,10.9130000000,right_hand,1,0.3695900738,0.6841797829,-0.0057404460,1.0000000000
132,10.9960000000,right_hand,1,0.3693471253,0.6861644387,-0.0061385152,1.0000000000
133,11.0790000000,right_hand,1,0.3708980083,0.6838161945,-0.0058059045,1.0000000000
134,11.1620000000,right_hand,1,0.3713889718,0.6850056052,-0.0062707900,1.0000000000
135,11.2460000000,right_hand,1,0.3704731762,0.6841455698,-0.0057359431,1.0000000000
136,11.3290000000,right_hand,1,0.3683873415,0.6861510277,-0.0056021190,1.0000000000
137,11.4120000000,right_hand,1,0.3684874177,0.6823110580,-0.0056818356,1.0000000000
138,11.4960000000,right_hand,1,0.3704866469,0.6837040186,-0.0057850420,1.0000000000
139,11.5790000000,right_hand,1,0.3632951081,0.6869061589,-0.0070124711,1.0000000000
140,11.6620000000,right_hand,1,0.3640497029,0.6880387068,-0.0044239108,1.0000000000
141,11.7460000000,right_hand,1,0.3607031107,0.6940988302,-0.0060045011,1.0000000000
142,11.8290000000,right_hand,1,0.3607645035,0.7014446259,-0.0034530109,1.0000000000
143,11.9120000000,right_hand,1,0.3608032614,0.7016630471,-0.0038518886,1.0000000000
144,11.9960000000,right_hand,1,0.3608420193,0.7018814683,-0.0042507662,1.0000000000
61,5.0810000000,right_hand,2,0.3976972997,0.6610618830,-0.0122383563,1.0000000000
62,5.1650000000,right_hand,2,0.3962008357,0.6607903838,-0.0114286575,1.0000000000
63,5.2480000000,right_hand,2,0.3947043717,0.6605188847,-0.0106189586,1.0000000000
64,5.3310000000,right_hand,2,0.3941508830,0.6613252759,-0.0122893127,1.0000000000
65,5.4150000000,right_hand,2,0.3877654672,0.6893810034,-0.0120533835,1.0000000000
66,5.4980000000,right_hand,2,0.3938672245,0.6590664983,-0.0113501623,1.0000000000
67,5.5810000000,right_hand,2,0.3910023272,0.6654529572,-0.0098657301,1.0000000000
68,5.6650000000,right_hand,2,0.3916382194,0.6644274592,-0.0119402958,1.0000000000
69,5.7480000000,right_hand,2,0.3895497620,0.6671292186,-0.0108893206,1.0000000000
70,5.8310000000,right_hand,2,0.3914290071,0.6646793485,-0.0087118493,1.0000000000
71,5.9140000000,right_hand,2,0.3877741992,0.6622699499,-0.0118489144,1.0000000000
72,5.9980000000,right_hand,2,0.3899427652,0.6646778584,-0.0118621616,1.0000000000
73,6.0810000000,right_hand,2,0.3788140416,0.6973197460,-0.0121765891,1.0000000000
74,6.1640000000,right_hand,2,0.3921993077,0.6642516851,-0.0128685832,1.0000000000
75,6.2480000000,right_hand,2,0.3911152482,0.6640770435,-0.0126695279,1.0000000000
76,6.3310000000,right_hand,2,0.3915578723,0.6637665629,-0.0109064216,1.0000000000
77,6.4140000000,right_hand,2,0.3894808590,0.6677910089,-0.0092333350,1.0000000000
78,6.4980000000,right_hand,2,0.3947934806,0.6619918942,-0.0111616598,1.0000000000
79,6.5810000000,right_hand,2,0.3929458261,0.6642845869,-0.0086242473,1.0000000000
80,6.6640000000,right_hand,2,0.3935225904,0.6673611403,-0.0116657028,1.0000000000
81,6.7470000000,right_hand,2,0.3912861049,0.6644765139,-0.0114133265,1.0000000000
82,6.8310000000,right_hand,2,0.3901067972,0.6634847522,-0.0126773492,1.0000000000
83,6.9140000000,right_hand,2,0.3906227946,0.6650315523,-0.0134445364,1.0000000000
84,6.9970000000,right_hand,2,0.3931286931,0.6619398594,-0.0152803464,1.0000000000
85,7.0810000000,right_hand,2,0.3932319582,0.6630516648,-0.0149647370,1.0000000000
86,7.1640000000,right_hand,2,0.3927933276,0.6645331383,-0.0117263021,1.0000000000
87,7.2470000000,right_hand,2,0.3945575058,0.6652227640,-0.0126371700,1.0000000000
88,7.3310000000,right_hand,2,0.3931193352,0.6623241901,-0.0112054991,1.0000000000
89,7.4140000000,right_hand,2,0.3942270577,0.6611555219,-0.0091873938,1.0000000000
90,7.4970000000,right_hand,2,0.3967568874,0.6614993215,-0.0119296191,1.0000000000
91,7.5800000000,right_hand,2,0.3965295851,0.6576628089,-0.0142705785,1.0000000000
92,7.6640000000,right_hand,2,0.3971315920,0.6642923355,-0.0113002043,1.0000000000
93,7.7470000000,right_hand,2,0.3960214555,0.6657700539,-0.0097744716,1.0000000000
94,7.8300000000,right_hand,2,0.3971540332,0.6682517529,-0.0076255603,1.0000000000
95,7.9140000000,right_hand,2,0.3967624307,0.6667357683,-0.0107860770,1.0000000000
96,7.9970000000,right_hand,2,0.3965985775,0.6689695716,-0.0096758930,1.0000000000
97,8.0800000000,right_hand,2,0.3944195211,0.6688085198,-0.0087074451,1.0000000000
98,8.1640000000,right_hand,2,0.3952179551,0.6722828150,-0.0096704401,1.0000000000
99,8.2470000000,right_hand,2,0.3949563503,0.6738414764,-0.0087125432,1.0000000000
100,8.3300000000,right_hand,2,0.3977061510,0.6710528731,-0.0094762361,1.0000000000
101,8.4140000000,right_hand,2,0.3951316476,0.6770727038,-0.0058390107,1.0000000000
102,8.4970000000,right_hand,2,0.3971674740,0.6699784994,-0.0110011538,1.0000000000
103,8.5800000000,right_hand,2,0.3984497190,0.6690893173,-0.0123794107,1.0000000000
104,8.6630000000,right_hand,2,0.3997893929,0.6702989340,-0.0125263752,1.0000000000
105,8.7470000000,right_hand,2,0.3854558170,0.7113780379,-0.0164470430,1.0000000000
106,8.8300000000,right_hand,2,0.3880668283,0.7118867040,-0.0072095250,1.0000000000
107,8.9130000000,right_hand,2,0.3721668124,0.7716970444,-0.0075584003,1.0000000000
108,8.9970000000,right_hand,2,0.3661468327,0.7830988765,-0.0061937375,1.0000000000
109,9.0800000000,right_hand,2,0.3813622296,0.7597288489,0.0003378059,1.0000000000
110,9.1630000000,right_hand,2,0.3920105696,0.7183313966,-0.0089798663,1.0000000000
111,9.2470000000,right_hand,2,0.3912957013,0.7082020044,-0.0155307408,1.0000000000
112,9.3300000000,right_hand,2,0.3952693045,0.7039244771,-0.0150593193,1.0000000000
113,9.4130000000,right_hand,2,0.3860221207,0.7145895958,-0.0067555089,1.0000000000
114,9.4960000000,right_hand,2,0.3995136023,0.6912639737,-0.0089997277,1.0000000000
115,9.5800000000,right_hand,2,0.4049513340,0.6803742647,-0.0093952473,1.0000000000
116,9.6630000000,right_hand,2,0.4058077931,0.6798064113,-0.0092865201,1.0000000000
117,9.7460000000,right_hand,2,0.4043875933,0.6837700605,-0.0081355907,1.0000000000
118,9.8300000000,right_hand,2,0.4039984643,0.6865724921,-0.0095686046,1.0000000000
119,9.9130000000,right_hand,2,0.4019112885,0.6827373505,-0.0101947263,1.0000000000
120,9.9960000000,right_hand,2,0.3950699270,0.6826019883,-0.0127883889,1.0000000000
121,10.0800000000,right_hand,2,0.3989458084,0.6792827845,-0.0079979626,1.0000000000
122,10.1630000000,right_hand,2,0.3995469511,0.6803385019,-0.0095186448,1.0000000000
123,10.2460000000,right_hand,2,0.4012908340,0.6814964414,-0.0103136450,1.0000000000
124,10.3290000000,right_hand,2,0.3980538249,0.6814846396,-0.0084793111,1.0000000000
125,10.4130000000,right_hand,2,0.3959285021,0.6826618910,-0.0089408113,1.0000000000
126,10.4960000000,right_hand,2,0.3971611261,0.6771955490,-0.0102897650,1.0000000000
127,10.5790000000,right_hand,2,0.3954228163,0.6768555045,-0.0128789423,1.0000000000
128,10.6630000000,right_hand,2,0.3940661252,0.6766208410,-0.0152487187,1.0000000000
129,10.7460000000,right_hand,2,0.3953577876,0.6738258004,-0.0147617115,1.0000000000
130,10.8290000000,right_hand,2,0.3937776089,0.6751497984,-0.0126959393,1.0000000000
131,10.9130000000,right_hand,2,0.3953135014,0.6751082540,-0.0140739800,1.0000000000
132,10.9960000000,right_hand,2,0.3954315186,0.6740341783,-0.0146263028,1.0000000000
133,11.0790000000,right_hand,2,0.3958851397,0.6753615737,-0.0123058958,1.0000000000
134,11.1620000000,right_hand,2,0.3960557282,0.6765857935,-0.0135372747,1.0000000000
135,11.2460000000,right_hand,2,0.3958939910,0.6750984192,-0.0129049541,1.0000000000
136,11.3290000000,right_hand,2,0.3937322199,0.6777791381,-0.0124506373,1.0000000000
137,11.4120000000,right_hand,2,0.3939838707,0.6739097834,-0.0121660428,1.0000000000
138,11.4960000000,right_hand,2,0.3953379989,0.6769328713,-0.0129031669,1.0000000000
139,11.5790000000,right_hand,2,0.3879105151,0.6820487380,-0.0142236119,1.0000000000
140,11.6620000000,right_hand,2,0.3900406659,0.6799821258,-0.0098539786,1.0000000000
141,11.7460000000,right_hand,2,0.3817925453,0.6890134811,-0.0139742652,1.0000000000
142,11.8290000000,right_hand,2,0.3801000118,0.7015855312,-0.0101237651,1.0000000000
143,11.9120000000,right_hand,2,0.3832831681,0.7049395740,-0.0093739238,1.0000000000
144,11.9960000000,right_hand,2,0.3864663243,0.7082936168,-0.0086240824,1.0000000000
61,5.0810000000,right_hand,3,0.4232609868,0.6620246768,-0.0184280593,1.0000000000
62,5.1650000000,right_hand,3,0.4217956364,0.6608335078,-0.0175346080,1.0000000000
63,5.2480000000,right_hand,3,0.4203302860,0.6596423388,-0.0166411567,1.0000000000
64,5.3310000000,right_hand,3,0.4206940532,0.6667739153,-0.0175956972,1.0000000000
65,5.4150000000,right_hand,3,0.4136318564,0.6993597150,-0.0175350811,1.0000000000
66,5.4980000000,right_hand,3,0.4189703763,0.6631838679,-0.0170299336,1.0000000000
67,5.5810000000,right_hand,3,0.4145892560,0.6667124033,-0.0145293269,1.0000000000
68,5.6650000000,right_hand,3,0.4158287346,0.6695253849,-0.0168729201,1.0000000000
69,5.7480000000,right_hand,3,0.4135347307,0.6677318811,-0.0160692781,1.0000000000
70,5.8310000000,right_hand,3,0.4143658578,0.6680482626,-0.0139709599,1.0000000000
71,5.9140000000,right_hand,3,0.4106666744,0.6652209759,-0.0171787515,1.0000000000
72,5.9980000000,right_hand,3,0.4136320055,0.6675752997,-0.0173615739,1.0000000000
73,6.0810000000,right_hand,3,0.4002374113,0.7122001052,-0.0166408978,1.0000000000
74,6.1640000000,right_hand,3,0.4150974751,0.6645500660,-0.0189434178,1.0000000000
75,6.2480000000,right_hand,3,0.4153554440,0.6671177149,-0.0184628032,1.0000000000
76,6.3310000000,right_hand,3,0.4156170487,0.6664086580,-0.0171066932,1.0000000000
77,6.4140000000,right_hand,3,0.4120018780,0.6717577577,-0.0146364179,1.0000000000
78,6.4980000000,right_hand,3,0.4179439545,0.6657782197,-0.0175697729,1.0000000000
79,6.5810000000,right_hand,3,0.4162626565,0.6690138578,-0.0147016486,1.0000000000
80,6.6640000000,right_hand,3,0.4170037806,0.6737018824,-0.0173252318,1.0000000000
81,6.7470000000,right_hand,3,0.4145351946,0.6672166586,-0.0178688560,1.0000000000
82,6.8310000000,right_hand,3,0.4143101871,0.6670917869,-0.0195156913,1.0000000000
83,6.9140000000,right_hand,3,0.4147202969,0.6697305441,-0.0195771754,1.0000000000
84,6.9970000000,right_hand,3,0.4164835215,0.6702339649,-0.0210059062,1.0000000000
85,7.0810000000,right_hand,3,0.4161260426,0.6689116359,-0.0203630868,1.0000000000
86,7.1640000000,right_hand,3,0.4156499207,0.6703857780,-0.0174837727,1.0000000000
87,7.2470000000,right_hand,3,0.4179958999,0.6715570688,-0.0180407427,1.0000000000
88,7.3310000000,right_hand,3,0.4163880348,0.6671075821,-0.0165017247,1.0000000000
89,7.4140000000,right_hand,3,0.4172501266,0.6678432226,-0.0138487527,1.0000000000
90,7.4970000000,right_hand,3,0.4199651182,0.6696942449,-0.0164804831,1.0000000000
91,7.5800000000,right_hand,3,0.4200558066,0.6649226546,-0.0181986541,1.0000000000
92,7.6640000000,right_hand,3,0.4204645455,0.6707532406,-0.0165491607,1.0000000000
93,7.7470000000,right_hand,3,0.4201250672,0.6715192199,-0.0148944417,1.0000000000
94,7.8300000000,right_hand,3,0.4200664163,0.6733253598,-0.0132675366,1.0000000000
95,7.9140000000,right_hand,3,0.4201245010,0.6740348339,-0.0165659301,1.0000000000
96,7.9970000000,right_hand,3,0.4190241098,0.6752952337,-0.0148289604,1.0000000000
97,8.0800000000,right_hand,3,0.4171701670,0.6749286652,-0.0139345229,1.0000000000
98,8.1640000000,right_hand,3,0.4179122150,0.6793962717,-0.0154808667,1.0000000000
99,8.2470000000,right_hand,3,0.4176391065,0.6811392903,-0.0147735132,1.0000000000
100,8.3300000000,right_hand,3,0.4206222594,0.6776647568,-0.0142616490,1.0000000000
101,8.4140000000,right_hand,3,0.4159082472,0.6883809566,-0.0095644565,1.0000000000
102,8.4970000000,right_hand,3,0.4204274714,0.6758475900,-0.0156718381,1.0000000000
103,8.5800000000,right_hand,3,0.4210036695,0.6782110929,-0.0168516356,1.0000000000
104,8.6630000000,right_hand,3,0.4221330583,0.6779276133,-0.0168612543,1.0000000000
105,8.7470000000,right_hand,3,0.4076066017,0.7292191982,-0.0218083858,1.0000000000
106,8.8300000000,right_hand,3,0.4062891304,0.7272207141,-0.0124855638,1.0000000000
107,8.9130000000,right_hand,3,0.3855715990,0.7967731953,-0.0120951273,1.0000000000
108,8.9970000000,right_hand,3,0.3781556487,0.8084309101,-0.0094347494,1.0000000000
109,9.0800000000,right_hand,3,0.3962227106,0.7754710913,-0.0012930186,1.0000000000
110,9.1630000000,right_hand,3,0.4076362848,0.7408332825,-0.0114835175,1.0000000000
111,9.2470000000,right_hand,3,0.4079213142,0.7237696648,-0.0189610291,1.0000000000
112,9.3300000000,right_hand,3,0.4136107564,0.7181622982,-0.0189017598,1.0000000000
113,9.4130000000,right_hand,3,0.4047302306,0.7252781987,-0.0104272589,1.0000000000
114,9.4960000000,right_hand,3,0.4217188656,0.6933974624,-0.0128115192,1.0000000000
115,9.5800000000,right_hand,3,0.4277514517,0.6874532700,-0.0141590787,1.0000000000
116,9.6630000000,right_hand,3,0.4286066890,0.6886157393,-0.0134774987,1.0000000000
117,9.7460000000,right_hand,3,0.4271619916,0.6909545660,-0.0124943508,1.0000000000
118,9.8300000000,right_hand,3,0.4265004992,0.6955660582,-0.0141055183,1.0000000000
119,9.9130000000,right_hand,3,0.4249579608,0.6890101433,-0.0141170649,1.0000000000
120,9.9960000000,right_hand,3,0.4165704250,0.6886749268,-0.0181541443,1.0000000000
121,10.0800000000,right_hand,3,0.4214912355,0.6869868636,-0.0129926410,1.0000000000
122,10.1630000000,right_hand,3,0.4222190082,0.6887823343,-0.0141495308,1.0000000000
123,10.2460000000,right_hand,3,0.4242710769,0.6894889474,-0.0154911792,1.0000000000
124,10.3290000000,right_hand,3,0.4207325876,0.6870509386,-0.0121414699,1.0000000000
125,10.4130000000,right_hand,3,0.4183224440,0.6905831695,-0.0134190768,1.0000000000
126,10.4960000000,right_hand,3,0.4195384085,0.6828693151,-0.0159914307,1.0000000000
127,10.5790000000,right_hand,3,0.4186653495,0.6852404475,-0.0186187811,1.0000000000
128,10.6630000000,right_hand,3,0.4166960120,0.6830145121,-0.0215329230,1.0000000000
129,10.7460000000,right_hand,3,0.4181981087,0.6819989681,-0.0215577446,1.0000000000
130,10.8290000000,right_hand,3,0.4176277220,0.6829114556,-0.0192334838,1.0000000000
131,10.9130000000,right_hand,3,0.4183487594,0.6810361743,-0.0197743140,1.0000000000
132,10.9960000000,right_hand,3,0.4179260731,0.6803739071,-0.0206894763,1.0000000000
133,11.0790000000,right_hand,3,0.4176617861,0.6837090254,-0.0167673957,1.0000000000
134,11.1620000000,right_hand,3,0.4172691405,0.6826747060,-0.0187352393,1.0000000000
135,11.2460000000,right_hand,3,0.4176046550,0.6810713410,-0.0182648897,1.0000000000
136,11.3290000000,right_hand,3,0.4159795344,0.6839677095,-0.0175028741,1.0000000000
137,11.4120000000,right_hand,3,0.4155699611,0.6822858453,-0.0167803746,1.0000000000
138,11.4960000000,right_hand,3,0.4168225229,0.6833062768,-0.0183504689,1.0000000000
139,11.5790000000,right_hand,3,0.4098673165,0.6894105673,-0.0193865504,1.0000000000
140,11.6620000000,right_hand,3,0.4130112827,0.6852599978,-0.0138790403,1.0000000000
141,11.7460000000,right_hand,3,0.4005351663,0.6956595182,-0.0201813783,1.0000000000
142,11.8290000000,right_hand,3,0.3971901834,0.7096486688,-0.0156624187,1.0000000000
143,11.9120000000,right_hand,3,0.4025700539,0.7156482935,-0.0136598204,1.0000000000
144,11.9960000000,right_hand,3,0.4079499245,0.7216479182,-0.0116572222,1.0000000000
61,5.0810000000,right_hand,4,0.4430189133,0.6625403762,-0.0239056628,1.0000000000
62,5.1650000000,right_hand,4,0.4412055016,0.6627664864,-0.0228439607,1.0000000000
63,5.2480000000,right_hand,4,0.4393920898,0.6629925966,-0.0217822585,1.0000000000
64,5.3310000000,right_hand,4,0.4395128787,0.6723457575,-0.0222007539,1.0000000000
65,5.4150000000,right_hand,4,0.4338569939,0.7047627568,-0.0228827912,1.0000000000
66,5.4980000000,right_hand,4,0.4370245337,0.6688008904,-0.0224696044,1.0000000000
67,5.5810000000,right_hand,4,0.4319856465,0.6708949804,-0.0192306079,1.0000000000
68,5.6650000000,right_hand,4,0.4342205524,0.6734397411,-0.0218814798,1.0000000000
69,5.7480000000,right_hand,4,0.4308220446,0.6732243896,-0.0209786668,1.0000000000
70,5.8310000000,right_hand,4,0.4305065870,0.6738899350,-0.0189599860,1.0000000000
71,5.9140000000,right_hand,4,0.4287545085,0.6701737642,-0.0221745465,1.0000000000
72,5.9980000000,right_hand,4,0.4315328598,0.6723987460,-0.0227270182,1.0000000000
73,6.0810000000,right_hand,4,0.4179293215,0.7263490558,-0.0205247663,1.0000000000
74,6.1640000000,right_hand,4,0.4321185350,0.6734895706,-0.0247047264,1.0000000000
75,6.2480000000,right_hand,4,0.4329678118,0.6727309823,-0.0237802658,1.0000000000
76,6.3310000000,right_hand,4,0.4334076047,0.6726146340,-0.0229003727,1.0000000000
77,6.4140000000,right_hand,4,0.4293072522,0.6799119115,-0.0194021240,1.0000000000
78,6.4980000000,right_hand,4,0.4348842502,0.6746196151,-0.0232817493,1.0000000000
79,6.5810000000,right_hand,4,0.4340918660,0.6760151386,-0.0202973951,1.0000000000
80,6.6640000000,right_hand,4,0.4339002967,0.6799210906,-0.0227721687,1.0000000000
81,6.7470000000,right_hand,4,0.4319535494,0.6767186522,-0.0236016177,1.0000000000
82,6.8310000000,right_hand,4,0.4329079688,0.6752012968,-0.0257993452,1.0000000000
83,6.9140000000,right_hand,4,0.4330382049,0.6772331595,-0.0252624173,1.0000000000
84,6.9970000000,right_hand,4,0.4339572191,0.6815161705,-0.0263154898,1.0000000000
85,7.0810000000,right_hand,4,0.4336906075,0.6794079542,-0.0255244859,1.0000000000
86,7.1640000000,right_hand,4,0.4336814880,0.6794534326,-0.0229379777,1.0000000000
87,7.2470000000,right_hand,4,0.4354677200,0.6807754040,-0.0232765805,1.0000000000
88,7.3310000000,right_hand,4,0.4343850315,0.6766493917,-0.0213557798,1.0000000000
89,7.4140000000,right_hand,4,0.4351323247,0.6786886454,-0.0182111170,1.0000000000
90,7.4970000000,right_hand,4,0.4377651215,0.6806878448,-0.0207517557,1.0000000000
91,7.5800000000,right_hand,4,0.4377820194,0.6789392233,-0.0218704306,1.0000000000
92,7.6640000000,right_hand,4,0.4373832941,0.6821934581,-0.0214608349,1.0000000000
93,7.7470000000,right_hand,4,0.4364190698,0.6817339659,-0.0194222480,1.0000000000
94,7.8300000000,right_hand,4,0.4363377690,0.6834498048,-0.0186064430,1.0000000000
95,7.9140000000,right_hand,4,0.4368461072,0.6823879480,-0.0221662037,1.0000000000
96,7.9970000000,right_hand,4,0.4352407157,0.6830890179,-0.0194612313,1.0000000000
97,8.0800000000,right_hand,4,0.4348756671,0.6815370917,-0.0184648260,1.0000000000
98,8.1640000000,right_hand,4,0.4334287345,0.6880255342,-0.0210314840,1.0000000000
99,8.2470000000,right_hand,4,0.4349965155,0.6870409250,-0.0206431281,1.0000000000
100,8.3300000000,right_hand,4,0.4355605543,0.6891775727,-0.0186502486,1.0000000000
101,8.4140000000,right_hand,4,0.4288575649,0.7055348158,-0.0129880691,1.0000000000
102,8.4970000000,right_hand,4,0.4361757040,0.6852750778,-0.0196590275,1.0000000000
103,8.5800000000,right_hand,4,0.4380910695,0.6875260472,-0.0211945251,1.0000000000
104,8.6630000000,right_hand,4,0.4393620491,0.6882303357,-0.0209825747,1.0000000000
105,8.7470000000,right_hand,4,0.4222773910,0.7498656511,-0.0267429966,1.0000000000
106,8.8300000000,right_hand,4,0.4178262651,0.7479242682,-0.0178426523,1.0000000000
107,8.9130000000,right_hand,4,0.3948653638,0.8195444345,-0.0166973546,1.0000000000
108,8.9970000000,right_hand,4,0.3858308196,0.8292532563,-0.0125940135,1.0000000000
109,9.0800000000,right_hand,4,0.4078856111,0.7866426110,-0.0028493349,1.0000000000
110,9.1630000000,right_hand,4,0.4175435007,0.7621210217,-0.0132424738,1.0000000000
111,9.2470000000,right_hand,4,0.4195741415,0.7397392392,-0.0212516934,1.0000000000
112,9.3300000000,right_hand,4,0.4268177152,0.7347861528,-0.0216342565,1.0000000000
113,9.4130000000,right_hand,4,0.4192621708,0.7370590568,-0.0136462077,1.0000000000
114,9.4960000000,right_hand,4,0.4377427399,0.7010783553,-0.0161194112,1.0000000000
115,9.5800000000,right_hand,4,0.4444338679,0.6973827481,-0.0184547994,1.0000000000
116,9.6630000000,right_hand,4,0.4448081553,0.6990619302,-0.0171827152,1.0000000000
117,9.7460000000,right_hand,4,0.4437232018,0.6990676522,-0.0165444221,1.0000000000
118,9.8300000000,right_hand,4,0.4416415989,0.7082306743,-0.0183451809,1.0000000000
119,9.9130000000,right_hand,4,0.4414679706,0.6968132854,-0.0175905786,1.0000000000
120,9.9960000000,right_hand,4,0.4320309162,0.6989866495,-0.0230101626,1.0000000000
121,10.0800000000,right_hand,4,0.4374530315,0.6963639855,-0.0177605636,1.0000000000
122,10.1630000000,right_hand,4,0.4386213422,0.6974850297,-0.0184113123,1.0000000000
123,10.2460000000,right_hand,4,0.4398436844,0.6996355057,-0.0201408900,1.0000000000
124,10.3290000000,right_hand,4,0.4354047179,0.6973617673,-0.0152922496,1.0000000000
125,10.4130000000,right_hand,4,0.4338612556,0.7001498342,-0.0174064115,1.0000000000
126,10.4960000000,right_hand,4,0.4338727295,0.6944348812,-0.0211804751,1.0000000000
127,10.5790000000,right_hand,4,0.4359996021,0.6962723136,-0.0238725524,1.0000000000
128,10.6630000000,right_hand,4,0.4351604581,0.6948881745,-0.0274166521,1.0000000000
129,10.7460000000,right_hand,4,0.4353232980,0.6975955367,-0.0280297901,1.0000000000
130,10.8290000000,right_hand,4,0.4349839091,0.6961449385,-0.0251675360,1.0000000000
131,10.9130000000,right_hand,4,0.4354984760,0.6941763163,-0.0249205865,1.0000000000
132,10.9960000000,right_hand,4,0.4349771142,0.6948412061,-0.0263480023,1.0000000000
133,11.0790000000,right_hand,4,0.4346638918,0.6960035563,-0.0210027378,1.0000000000
134,11.1620000000,right_hand,4,0.4343535304,0.6953910589,-0.0238552671,1.0000000000
135,11.2460000000,right_hand,4,0.4346365333,0.6938232780,-0.0233106185,1.0000000000
136,11.3290000000,right_hand,4,0.4330124557,0.6949759126,-0.0223368127,1.0000000000
137,11.4120000000,right_hand,4,0.4321607947,0.6945332289,-0.0210107211,1.0000000000
138,11.4960000000,right_hand,4,0.4330835342,0.6936553717,-0.0237569716,1.0000000000
139,11.5790000000,right_hand,4,0.4250885248,0.7006781101,-0.0244156364,1.0000000000
140,11.6620000000,right_hand,4,0.4285531640,0.6954036951,-0.0173726436,1.0000000000
141,11.7460000000,right_hand,4,0.4117739499,0.7117946148,-0.0264825244,1.0000000000
142,11.8290000000,right_hand,4,0.4072278738,0.7237285972,-0.0212861542,1.0000000000
143,11.9120000000,right_hand,4,0.4152543098,0.7302570045,-0.0174537618,1.0000000000
144,11.9960000000,right_hand,4,0.4232807457,0.7367854118,-0.0136213694,1.0000000000
61,5.0810000000,right_hand,5,0.3919658363,0.6792017221,-0.0363671184,1.0000000000
62,5.1650000000,right_hand,5,0.3914071321,0.6806510985,-0.0367126167,1.0000000000
63,5.2480000000,right_hand,5,0.3908484280,0.6821004748,-0.0370581150,1.0000000000
64,5.3310000000,right_hand,5,0.3881764412,0.6818774343,-0.0359748863,1.0000000000
65,5.4150000000,right_hand,5,0.3829150498,0.6993101835,-0.0340585336,1.0000000000
66,5.4980000000,right_hand,5,0.3881686032,0.6795094013,-0.0269393753,1.0000000000
67,5.5810000000,right_hand,5,0.3867408335,0.6880177855,-0.0278325025,1.0000000000
68,5.6650000000,right_hand,5,0.3867778778,0.6840686798,-0.0288159251,1.0000000000
69,5.7480000000,right_hand,5,0.3834148943,0.6882698536,-0.0274387915,1.0000000000
70,5.8310000000,right_hand,5,0.3851021528,0.6894241571,-0.0272678453,1.0000000000
71,5.9140000000,right_hand,5,0.3855529130,0.6927779317,-0.0256917141,1.0000000000
72,5.9980000000,right_hand,5,0.3850039840,0.6917791367,-0.0300076641,1.0000000000
73,6.0810000000,right_hand,5,0.3868248761,0.6933844090,-0.0216370840,1.0000000000
74,6.1640000000,right_hand,5,0.3855549991,0.6872606277,-0.0350366384,1.0000000000
75,6.2480000000,right_hand,5,0.3849944770,0.6891373396,-0.0345268883,1.0000000000
76,6.3310000000,right_hand,5,0.3852155805,0.6876814961,-0.0346303210,1.0000000000
77,6.4140000000,right_hand,5,0.3853546679,0.6895883083,-0.0331881344,1.0000000000
78,6.4980000000,right_hand,5,0.3869555593,0.6849987507,-0.0363696963,1.0000000000
79,6.5810000000,right_hand,5,0.3856801987,0.6834295988,-0.0378514342,1.0000000000
80,6.6640000000,right_hand,5,0.3857780099,0.6875595450,-0.0325618461,1.0000000000
81,6.7470000000,right_hand,5,0.3844665885,0.6844750047,-0.0402622931,1.0000000000
82,6.8310000000,right_hand,5,0.3857347667,0.6873799562,-0.0326483101,1.0000000000
83,6.9140000000,right_hand,5,0.3860021532,0.6930156946,-0.0335029177,1.0000000000
84,6.9970000000,right_hand,5,0.3884739280,0.6885330677,-0.0348653793,1.0000000000
85,7.0810000000,right_hand,5,0.3930374384,0.6913740039,-0.0273946617,1.0000000000
86,7.1640000000,right_hand,5,0.3881856799,0.6882159710,-0.0273077786,1.0000000000
87,7.2470000000,right_hand,5,0.3903815746,0.6946585178,-0.0291651748,1.0000000000
88,7.3310000000,right_hand,5,0.3910364509,0.6936079264,-0.0283518489,1.0000000000
89,7.4140000000,right_hand,5,0.3927402496,0.6898897290,-0.0226025581,1.0000000000
90,7.4970000000,right_hand,5,0.3930034935,0.6899034381,-0.0271364208,1.0000000000
91,7.5800000000,right_hand,5,0.3970083296,0.6928449273,-0.0226293765,1.0000000000
92,7.6640000000,right_hand,5,0.3902408481,0.6887742281,-0.0298099611,1.0000000000
93,7.7470000000,right_hand,5,0.3891426921,0.6890574098,-0.0264658500,1.0000000000
94,7.8300000000,right_hand,5,0.3894107938,0.6883537173,-0.0283465162,1.0000000000
95,7.9140000000,right_hand,5,0.3892049789,0.6888723969,-0.0319602601,1.0000000000
96,7.9970000000,right_hand,5,0.3890146315,0.6925990582,-0.0306356214,1.0000000000
97,8.0800000000,right_hand,5,0.3880491853,0.6878182292,-0.0305465981,1.0000000000
98,8.1640000000,right_hand,5,0.3875163794,0.6922369003,-0.0357530452,1.0000000000
99,8.2470000000,right_hand,5,0.3876001537,0.6889478564,-0.0322833993,1.0000000000
100,8.3300000000,right_hand,5,0.3906470537,0.6928881407,-0.0267158225,1.0000000000
101,8.4140000000,right_hand,5,0.3895172179,0.6994079351,-0.0239844415,1.0000000000
102,8.4970000000,right_hand,5,0.3910346031,0.6960105896,-0.0247461498,1.0000000000
103,8.5800000000,right_hand,5,0.3944668770,0.6967208982,-0.0234371554,1.0000000000
104,8.6630000000,right_hand,5,0.3964881003,0.6984725595,-0.0253455807,1.0000000000
105,8.7470000000,right_hand,5,0.3830743134,0.7138904929,-0.0312650092,1.0000000000
106,8.8300000000,right_hand,5,0.3870697916,0.7176409960,-0.0211264789,1.0000000000
107,8.9130000000,right_hand,5,0.3792926371,0.7596312165,-0.0153319649,1.0000000000
108,8.9970000000,right_hand,5,0.3720737398,0.7770060301,-0.0131250732,1.0000000000
109,9.0800000000,right_hand,5,0.3733364344,0.7782276273,-0.0097617600,1.0000000000
110,9.1630000000,right_hand,5,0.3790045381,0.7453109026,-0.0165727772,1.0000000000
111,9.2470000000,right_hand,5,0.3818028569,0.7465570569,-0.0235217288,1.0000000000
112,9.3300000000,right_hand,5,0.3886796534,0.7460648417,-0.0193227436,1.0000000000
113,9.4130000000,right_hand,5,0.3779291213,0.7468491197,-0.0150014171,1.0000000000
114,9.4960000000,right_hand,5,0.3936195374,0.7252582312,-0.0161589738,1.0000000000
115,9.5800000000,right_hand,5,0.4000130296,0.7078190446,-0.0206635296,1.0000000000
116,9.6630000000,right_hand,5,0.4007496834,0.7053162456,-0.0211674497,1.0000000000
117,9.7460000000,right_hand,5,0.3984382451,0.7078137994,-0.0206143688,1.0000000000
118,9.8300000000,right_hand,5,0.3981951773,0.7059405446,-0.0248160176,1.0000000000
119,9.9130000000,right_hand,5,0.3959355652,0.7061015964,-0.0208373833,1.0000000000
120,9.9960000000,right_hand,5,0.3917733431,0.7089787126,-0.0277388077,1.0000000000
121,10.0800000000,right_hand,5,0.3930978477,0.7042932510,-0.0223349407,1.0000000000
122,10.1630000000,right_hand,5,0.3927724361,0.7026580572,-0.0240181312,1.0000000000
123,10.2460000000,right_hand,5,0.3939693570,0.6968612671,-0.0276209749,1.0000000000
124,10.3290000000,right_hand,5,0.3910849392,0.7027016878,-0.0212651454,1.0000000000
125,10.4130000000,right_hand,5,0.3899965286,0.7048675418,-0.0256157499,1.0000000000
126,10.4960000000,right_hand,5,0.3901685774,0.6999151111,-0.0266279653,1.0000000000
127,10.5790000000,right_hand,5,0.3903608620,0.7028121948,-0.0293037444,1.0000000000
128,10.6630000000,right_hand,5,0.3917852938,0.7057014704,-0.0289199352,1.0000000000
129,10.7460000000,right_hand,5,0.3904331028,0.7052433491,-0.0294227153,1.0000000000
130,10.8290000000,right_hand,5,0.3886859715,0.7019923329,-0.0293397233,1.0000000000
131,10.9130000000,right_hand,5,0.3900905848,0.7056437135,-0.0314465240,1.0000000000
132,10.9960000000,right_hand,5,0.3911833465,0.7043352127,-0.0295822360,1.0000000000
133,11.0790000000,right_hand,5,0.3954639435,0.7050771117,-0.0209972635,1.0000000000
134,11.1620000000,right_hand,5,0.3939313591,0.7067121267,-0.0239022747,1.0000000000
135,11.2460000000,right_hand,5,0.3933934867,0.7071285248,-0.0229414739,1.0000000000
136,11.3290000000,right_hand,5,0.3912066519,0.7087444663,-0.0228525661,1.0000000000
137,11.4120000000,right_hand,5,0.3903816342,0.7028730512,-0.0213512667,1.0000000000
138,11.4960000000,right_hand,5,0.3903861940,0.7064395547,-0.0229474362,1.0000000000
139,11.5790000000,right_hand,5,0.3849474490,0.7099927068,-0.0232491065,1.0000000000
140,11.6620000000,right_hand,5,0.3845459819,0.7007539272,-0.0177767649,1.0000000000
141,11.7460000000,right_hand,5,0.3808867633,0.7096698880,-0.0257369094,1.0000000000
142,11.8290000000,right_hand,5,0.3789638281,0.7166269422,-0.0209915955,1.0000000000
143,11.9120000000,right_hand,5,0.3786828071,0.7317017317,-0.0195213370,1.0000000000
144,11.9960000000,right_hand,5,0.3784017861,0.7467765212,-0.0180510785,1.0000000000
61,5.0810000000,right_hand,6,0.4242733717,0.7211795449,-0.0428074002,1.0000000000
62,5.1650000000,right_hand,6,0.4234527946,0.7237616777,-0.0417799931,1.0000000000
63,5.2480000000,right_hand,6,0.4226322174,0.7263438106,-0.0407525860,1.0000000000
64,5.3310000000,right_hand,6,0.4192661345,0.7278133035,-0.0399020240,1.0000000000
65,5.4150000000,right_hand,6,0.4162091911,0.7425537109,-0.0395503752,1.0000000000
66,5.4980000000,right_hand,6,0.4173808098,0.7218464017,-0.0329031833,1.0000000000
67,5.5810000000,right_hand,6,0.4165203869,0.7209244370,-0.0341441482,1.0000000000
68,5.6650000000,right_hand,6,0.4165439904,0.7235654593,-0.0354288146,1.0000000000
69,5.7480000000,right_hand,6,0.4102675617,0.7310360670,-0.0350159332,1.0000000000
70,5.8310000000,right_hand,6,0.4130844176,0.7308239937,-0.0340213329,1.0000000000
71,5.9140000000,right_hand,6,0.4167333841,0.7288296819,-0.0322124586,1.0000000000
72,5.9980000000,right_hand,6,0.4143471718,0.7274695039,-0.0379509591,1.0000000000
73,6.0810000000,right_hand,6,0.4171981812,0.7274396420,-0.0246314574,1.0000000000
74,6.1640000000,right_hand,6,0.4155071378,0.7271933556,-0.0425496288,1.0000000000
75,6.2480000000,right_hand,6,0.4136221707,0.7304058671,-0.0416398309,1.0000000000
76,6.3310000000,right_hand,6,0.4147474766,0.7279862761,-0.0412642658,1.0000000000
77,6.4140000000,right_hand,6,0.4160685837,0.7339686751,-0.0386286415,1.0000000000
78,6.4980000000,right_hand,6,0.4158527553,0.7319037914,-0.0439926796,1.0000000000
79,6.5810000000,right_hand,6,0.4169897139,0.7278642058,-0.0437041484,1.0000000000
80,6.6640000000,right_hand,6,0.4156482220,0.7331863642,-0.0398197733,1.0000000000
81,6.7470000000,right_hand,6,0.4148809016,0.7303628922,-0.0453574844,1.0000000000
82,6.8310000000,right_hand,6,0.4159535468,0.7294744253,-0.0401659422,1.0000000000
83,6.9140000000,right_hand,6,0.4152087271,0.7321630120,-0.0406771712,1.0000000000
84,6.9970000000,right_hand,6,0.4175611436,0.7331089973,-0.0405841768,1.0000000000
85,7.0810000000,right_hand,6,0.4223239422,0.7254734635,-0.0348394774,1.0000000000
86,7.1640000000,right_hand,6,0.4193185866,0.7277240753,-0.0359443687,1.0000000000
87,7.2470000000,right_hand,6,0.4209449589,0.7305370569,-0.0364811867,1.0000000000
88,7.3310000000,right_hand,6,0.4219938815,0.7295918465,-0.0350217149,1.0000000000
89,7.4140000000,right_hand,6,0.4228218496,0.7283093333,-0.0281038471,1.0000000000
90,7.4970000000,right_hand,6,0.4229972363,0.7299600244,-0.0324812755,1.0000000000
91,7.5800000000,right_hand,6,0.4239591360,0.7284043431,-0.0262977872,1.0000000000
92,7.6640000000,right_hand,6,0.4183602929,0.7302630544,-0.0355288275,1.0000000000
93,7.7470000000,right_hand,6,0.4151753187,0.7299119234,-0.0333698206,1.0000000000
94,7.8300000000,right_hand,6,0.4172677100,0.7335147858,-0.0342131816,1.0000000000
95,7.9140000000,right_hand,6,0.4185727835,0.7346513271,-0.0384879783,1.0000000000
96,7.9970000000,right_hand,6,0.4184103012,0.7386169434,-0.0369892493,1.0000000000
97,8.0800000000,right_hand,6,0.4159885645,0.7365311384,-0.0358048230,1.0000000000
98,8.1640000000,right_hand,6,0.4184612632,0.7413250804,-0.0422898307,1.0000000000
99,8.2470000000,right_hand,6,0.4173540473,0.7343969345,-0.0393334329,1.0000000000
100,8.3300000000,right_hand,6,0.4177358449,0.7394680381,-0.0328558199,1.0000000000
101,8.4140000000,right_hand,6,0.4167679548,0.7405046225,-0.0278290007,1.0000000000
102,8.4970000000,right_hand,6,0.4154759645,0.7343711853,-0.0298104379,1.0000000000
103,8.5800000000,right_hand,6,0.4198661149,0.7322620153,-0.0294428691,1.0000000000
104,8.6630000000,right_hand,6,0.4238760173,0.7380756736,-0.0313790254,1.0000000000
105,8.7470000000,right_hand,6,0.4132090211,0.7517042160,-0.0377077125,1.0000000000
106,8.8300000000,right_hand,6,0.4129258096,0.7444350123,-0.0276726615,1.0000000000
107,8.9130000000,right_hand,6,0.4016802311,0.7917330265,-0.0209781043,1.0000000000
108,8.9970000000,right_hand,6,0.3913213909,0.8108985424,-0.0191388223,1.0000000000
109,9.0800000000,right_hand,6,0.3922546208,0.8177194595,-0.0141623234,1.0000000000
110,9.1630000000,right_hand,6,0.4015181065,0.7867581844,-0.0217988808,1.0000000000
111,9.2470000000,right_hand,6,0.4035873115,0.7866981030,-0.0296274703,1.0000000000
112,9.3300000000,right_hand,6,0.4095847607,0.7872843742,-0.0249490254,1.0000000000
113,9.4130000000,right_hand,6,0.4029890001,0.7869097590,-0.0203078613,1.0000000000
114,9.4960000000,right_hand,6,0.4187403023,0.7596285939,-0.0202548858,1.0000000000
115,9.5800000000,right_hand,6,0.4248919189,0.7487281561,-0.0253611412,1.0000000000
116,9.6630000000,right_hand,6,0.4245759845,0.7442975044,-0.0260862447,1.0000000000
117,9.7460000000,right_hand,6,0.4219675362,0.7452972531,-0.0266987979,1.0000000000
118,9.8300000000,right_hand,6,0.4215553999,0.7462170124,-0.0300037190,1.0000000000
119,9.9130000000,right_hand,6,0.4176452160,0.7441390753,-0.0272461623,1.0000000000
120,9.9960000000,right_hand,6,0.4194717407,0.7484719753,-0.0339115374,1.0000000000
121,10.0800000000,right_hand,6,0.4173470140,0.7446757555,-0.0280276183,1.0000000000
122,10.1630000000,right_hand,6,0.4160656333,0.7443841696,-0.0305009056,1.0000000000
123,10.2460000000,right_hand,6,0.4222543836,0.7423852682,-0.0346782357,1.0000000000
124,10.3290000000,right_hand,6,0.4149879217,0.7372618914,-0.0264300425,1.0000000000
125,10.4130000000,right_hand,6,0.4160272777,0.7467295527,-0.0318993442,1.0000000000
126,10.4960000000,right_hand,6,0.4162282050,0.7461150289,-0.0335228667,1.0000000000
127,10.5790000000,right_hand,6,0.4188026190,0.7452626228,-0.0365456119,1.0000000000
128,10.6630000000,right_hand,6,0.4200178087,0.7462694049,-0.0368394591,1.0000000000
129,10.7460000000,right_hand,6,0.4188500047,0.7469964623,-0.0374307856,1.0000000000
130,10.8290000000,right_hand,6,0.4177420437,0.7443550229,-0.0368068740,1.0000000000
131,10.9130000000,right_hand,6,0.4188268781,0.7476651073,-0.0370510183,1.0000000000
132,10.9960000000,right_hand,6,0.4194979370,0.7465769649,-0.0371240042,1.0000000000
133,11.0790000000,right_hand,6,0.4206905663,0.7406818867,-0.0259641130,1.0000000000
134,11.1620000000,right_hand,6,0.4209656715,0.7429338694,-0.0300023444,1.0000000000
135,11.2460000000,right_hand,6,0.4183160067,0.7414499521,-0.0290712137,1.0000000000
136,11.3290000000,right_hand,6,0.4186460972,0.7438892126,-0.0295637008,1.0000000000
137,11.4120000000,right_hand,6,0.4137548208,0.7380072474,-0.0266299266,1.0000000000
138,11.4960000000,right_hand,6,0.4141257107,0.7405650020,-0.0305239279,1.0000000000
139,11.5790000000,right_hand,6,0.4072579443,0.7390547395,-0.0299586970,1.0000000000
140,11.6620000000,right_hand,6,0.4050976932,0.7328589559,-0.0237559322,1.0000000000
141,11.7460000000,right_hand,6,0.4022512138,0.7395358682,-0.0338152125,1.0000000000
142,11.8290000000,right_hand,6,0.3984498680,0.7425927520,-0.0285320170,1.0000000000
143,11.9120000000,right_hand,6,0.4012229592,0.7648912072,-0.0250988612,1.0000000000
144,11.9960000000,right_hand,6,0.4039960504,0.7871896625,-0.0216657054,1.0000000000
61,5.0810000000,right_hand,7,0.4380549192,0.7418468595,-0.0380294584,1.0000000000
62,5.1650000000,right_hand,7,0.4359974265,0.7450348437,-0.0356614087,1.0000000000
63,5.2480000000,right_hand,7,0.4339399338,0.7482228279,-0.0332933590,1.0000000000
64,5.3310000000,right_hand,7,0.4307287931,0.7459274530,-0.0335261188,1.0000000000
65,5.4150000000,right_hand,7,0.4297073483,0.7568620443,-0.0360107608,1.0000000000
66,5.4980000000,right_hand,7,0.4290873408,0.7430592179,-0.0314772837,1.0000000000
67,5.5810000000,right_hand,7,0.4316021204,0.7371884584,-0.0331802927,1.0000000000
68,5.6650000000,right_hand,7,0.4309247136,0.7409598231,-0.0348810814,1.0000000000
69,5.7480000000,right_hand,7,0.4226278663,0.7493591905,-0.0345806256,1.0000000000
70,5.8310000000,right_hand,7,0.4258358777,0.7491892576,-0.0328321271,1.0000000000
71,5.9140000000,right_hand,7,0.4314715266,0.7438157797,-0.0321315266,1.0000000000
72,5.9980000000,right_hand,7,0.4292052984,0.7437068224,-0.0378108211,1.0000000000
73,6.0810000000,right_hand,7,0.4299457967,0.7407689095,-0.0227779485,1.0000000000
74,6.1640000000,right_hand,7,0.4311470091,0.7430432439,-0.0413940549,1.0000000000
75,6.2480000000,right_hand,7,0.4286671281,0.7465325594,-0.0393512510,1.0000000000
76,6.3310000000,right_hand,7,0.4297692776,0.7460381389,-0.0377111398,1.0000000000
77,6.4140000000,right_hand,7,0.4286617935,0.7484669685,-0.0346530117,1.0000000000
78,6.4980000000,right_hand,7,0.4313428700,0.7471352816,-0.0408566594,1.0000000000
79,6.5810000000,right_hand,7,0.4322747290,0.7447109222,-0.0379273519,1.0000000000
80,6.6640000000,right_hand,7,0.4295381308,0.7494145632,-0.0380350016,1.0000000000
81,6.7470000000,right_hand,7,0.4276435673,0.7506619692,-0.0383273140,1.0000000000
82,6.8310000000,right_hand,7,0.4309515953,0.7461042404,-0.0382233337,1.0000000000
83,6.9140000000,right_hand,7,0.4294713140,0.7484094501,-0.0384364091,1.0000000000
84,6.9970000000,right_hand,7,0.4311788380,0.7490868568,-0.0375843756,1.0000000000
85,7.0810000000,right_hand,7,0.4357662201,0.7395947576,-0.0356416330,1.0000000000
86,7.1640000000,right_hand,7,0.4348717034,0.7426708937,-0.0370273739,1.0000000000
87,7.2470000000,right_hand,7,0.4354341030,0.7457353473,-0.0363801457,1.0000000000
88,7.3310000000,right_hand,7,0.4363438487,0.7432078719,-0.0337396488,1.0000000000
89,7.4140000000,right_hand,7,0.4370498061,0.7420514822,-0.0273658819,1.0000000000
90,7.4970000000,right_hand,7,0.4370605052,0.7462044954,-0.0309129022,1.0000000000
91,7.5800000000,right_hand,7,0.4373885989,0.7425838709,-0.0251498073,1.0000000000
92,7.6640000000,right_hand,7,0.4326915443,0.7474546432,-0.0329218842,1.0000000000
93,7.7470000000,right_hand,7,0.4253906906,0.7478247285,-0.0320391469,1.0000000000
94,7.8300000000,right_hand,7,0.4290553331,0.7534285188,-0.0313155204,1.0000000000
95,7.9140000000,right_hand,7,0.4312086403,0.7524113655,-0.0359649286,1.0000000000
96,7.9970000000,right_hand,7,0.4310613275,0.7560303211,-0.0343217701,1.0000000000
97,8.0800000000,right_hand,7,0.4257547855,0.7541663051,-0.0311831683,1.0000000000
98,8.1640000000,right_hand,7,0.4310629666,0.7578498721,-0.0385642722,1.0000000000
99,8.2470000000,right_hand,7,0.4305224717,0.7515923977,-0.0368730351,1.0000000000
100,8.3300000000,right_hand,7,0.4284753799,0.7577353120,-0.0313662514,1.0000000000
101,8.4140000000,right_hand,7,0.4266844392,0.7563079000,-0.0246177483,1.0000000000
102,8.4970000000,right_hand,7,0.4249054790,0.7511488199,-0.0273308530,1.0000000000
103,8.5800000000,right_hand,7,0.4325629771,0.7502268553,-0.0294633619,1.0000000000
104,8.6630000000,right_hand,7,0.4378117621,0.7534340620,-0.0314199366,1.0000000000
105,8.7470000000,right_hand,7,0.4269081950,0.7669067383,-0.0363898575,1.0000000000
106,8.8300000000,right_hand,7,0.4257163703,0.7602940798,-0.0280885193,1.0000000000
107,8.9130000000,right_hand,7,0.4144342840,0.8066312075,-0.0221130196,1.0000000000
108,8.9970000000,right_hand,7,0.4038648605,0.8254705071,-0.0211248435,1.0000000000
109,9.0800000000,right_hand,7,0.4064235687,0.8282473087,-0.0149191469,1.0000000000
110,9.1630000000,right_hand,7,0.4156787992,0.7986628413,-0.0215358734,1.0000000000
111,9.2470000000,right_hand,7,0.4175357223,0.7977678776,-0.0295898430,1.0000000000
112,9.3300000000,right_hand,7,0.4221557379,0.7978549600,-0.0253401138,1.0000000000
113,9.4130000000,right_hand,7,0.4163793623,0.7991572022,-0.0201640520,1.0000000000
114,9.4960000000,right_hand,7,0.4300367534,0.7726921439,-0.0192428771,1.0000000000
115,9.5800000000,right_hand,7,0.4353397191,0.7661379576,-0.0234851521,1.0000000000
116,9.6630000000,right_hand,7,0.4355072379,0.7618791461,-0.0247046202,1.0000000000
117,9.7460000000,right_hand,7,0.4336797893,0.7632143497,-0.0264602192,1.0000000000
118,9.8300000000,right_hand,7,0.4310654104,0.7646039128,-0.0279052034,1.0000000000
119,9.9130000000,right_hand,7,0.4275119901,0.7630063891,-0.0276099276,1.0000000000
120,9.9960000000,right_hand,7,0.4310247600,0.7651543617,-0.0321547054,1.0000000000
121,10.0800000000,right_hand,7,0.4266894460,0.7630500197,-0.0266837720,1.0000000000
122,10.1630000000,right_hand,7,0.4263868928,0.7630007267,-0.0299373567,1.0000000000
123,10.2460000000,right_hand,7,0.4364774227,0.7610748410,-0.0343325585,1.0000000000
124,10.3290000000,right_hand,7,0.4259425104,0.7523993254,-0.0257669985,1.0000000000
125,10.4130000000,right_hand,7,0.4267921746,0.7622492909,-0.0306883398,1.0000000000
126,10.4960000000,right_hand,7,0.4258976877,0.7634292245,-0.0326954089,1.0000000000
127,10.5790000000,right_hand,7,0.4338181317,0.7610173225,-0.0361024439,1.0000000000
128,10.6630000000,right_hand,7,0.4347886741,0.7610834837,-0.0373457409,1.0000000000
129,10.7460000000,right_hand,7,0.4338108003,0.7616686821,-0.0381753333,1.0000000000
130,10.8290000000,right_hand,7,0.4319788814,0.7608039379,-0.0360586457,1.0000000000
131,10.9130000000,right_hand,7,0.4327051044,0.7637211680,-0.0345485471,1.0000000000
132,10.9960000000,right_hand,7,0.4335525632,0.7615277767,-0.0376943275,1.0000000000
133,11.0790000000,right_hand,7,0.4334048927,0.7555960417,-0.0261641443,1.0000000000
134,11.1620000000,right_hand,7,0.4353911877,0.7582202554,-0.0306820627,1.0000000000
135,11.2460000000,right_hand,7,0.4314620197,0.7562216520,-0.0294203777,1.0000000000
136,11.3290000000,right_hand,7,0.4331632257,0.7582808137,-0.0305452719,1.0000000000
137,11.4120000000,right_hand,7,0.4268351495,0.7528322935,-0.0265940577,1.0000000000
138,11.4960000000,right_hand,7,0.4287086725,0.7574219704,-0.0325994566,1.0000000000
139,11.5790000000,right_hand,7,0.4196307063,0.7559801936,-0.0310095716,1.0000000000
140,11.6620000000,right_hand,7,0.4141824245,0.7498309612,-0.0245354082,1.0000000000
141,11.7460000000,right_hand,7,0.4128065705,0.7574940920,-0.0354549959,1.0000000000
142,11.8290000000,right_hand,7,0.4082382917,0.7584872842,-0.0305086188,1.0000000000
143,11.9120000000,right_hand,7,0.4122316539,0.7763769627,-0.0242777197,1.0000000000
144,11.9960000000,right_hand,7,0.4162250161,0.7942666411,-0.0180468205,1.0000000000
61,5.0810000000,right_hand,8,0.4465709925,0.7518467903,-0.0332652070,1.0000000000
62,5.1650000000,right_hand,8,0.4430135339,0.7549464703,-0.0301142661,1.0000000000
63,5.2480000000,right_hand,8,0.4394560754,0.7580461502,-0.0269633252,1.0000000000
64,5.3310000000,right_hand,8,0.4370540679,0.7516020536,-0.0278601795,1.0000000000
65,5.4150000000,right_hand,8,0.4377154410,0.7616654038,-0.0319668427,1.0000000000
66,5.4980000000,right_hand,8,0.4362061024,0.7552732825,-0.0293365028,1.0000000000
67,5.5810000000,right_hand,8,0.4415026903,0.7458531260,-0.0315079018,1.0000000000
68,5.6650000000,right_hand,8,0.4401818812,0.7509624958,-0.0333394296,1.0000000000
69,5.7480000000,right_hand,8,0.4297120571,0.7590424418,-0.0331448056,1.0000000000
70,5.8310000000,right_hand,8,0.4330783188,0.7587348223,-0.0306763761,1.0000000000
71,5.9140000000,right_hand,8,0.4413112700,0.7494810820,-0.0308225192,1.0000000000
72,5.9980000000,right_hand,8,0.4385883212,0.7499809265,-0.0366503745,1.0000000000
73,6.0810000000,right_hand,8,0.4389382601,0.7452017665,-0.0208606403,1.0000000000
74,6.1640000000,right_hand,8,0.4412045777,0.7491962314,-0.0396338813,1.0000000000
75,6.2480000000,right_hand,8,0.4378590286,0.7522854209,-0.0366565660,1.0000000000
76,6.3310000000,right_hand,8,0.4392755926,0.7533180714,-0.0342784859,1.0000000000
77,6.4140000000,right_hand,8,0.4342852235,0.7516759038,-0.0305126086,1.0000000000
78,6.4980000000,right_hand,8,0.4413711131,0.7507206202,-0.0372468233,1.0000000000
79,6.5810000000,right_hand,8,0.4411495328,0.7495040298,-0.0324587785,1.0000000000
80,6.6640000000,right_hand,8,0.4372052550,0.7544054985,-0.0353918485,1.0000000000
81,6.7470000000,right_hand,8,0.4336005449,0.7587841749,-0.0321404375,1.0000000000
82,6.8310000000,right_hand,8,0.4415303171,0.7518904805,-0.0359326676,1.0000000000
83,6.9140000000,right_hand,8,0.4379232228,0.7548180819,-0.0356595702,1.0000000000
84,6.9970000000,right_hand,8,0.4403812289,0.7524350286,-0.0344173796,1.0000000000
85,7.0810000000,right_hand,8,0.4454144239,0.7448763251,-0.0350944474,1.0000000000
86,7.1640000000,right_hand,8,0.4450390637,0.7479801178,-0.0362909213,1.0000000000
87,7.2470000000,right_hand,8,0.4451143742,0.7510864735,-0.0352414623,1.0000000000
88,7.3310000000,right_hand,8,0.4456719458,0.7474628687,-0.0314598419,1.0000000000
89,7.4140000000,right_hand,8,0.4461383224,0.7465320826,-0.0254703183,1.0000000000
90,7.4970000000,right_hand,8,0.4462311268,0.7522875071,-0.0284943227,1.0000000000
91,7.5800000000,right_hand,8,0.4455879629,0.7457737923,-0.0234337971,1.0000000000
92,7.6640000000,right_hand,8,0.4417055249,0.7547083497,-0.0299441442,1.0000000000
93,7.7470000000,right_hand,8,0.4305779040,0.7565705776,-0.0299224630,1.0000000000
94,7.8300000000,right_hand,8,0.4356837869,0.7632495165,-0.0280621015,1.0000000000
95,7.9140000000,right_hand,8,0.4380510449,0.7585262060,-0.0325991698,1.0000000000
96,7.9970000000,right_hand,8,0.4375071824,0.7623186707,-0.0306876022,1.0000000000
97,8.0800000000,right_hand,8,0.4287374318,0.7604990602,-0.0262570847,1.0000000000
98,8.1640000000,right_hand,8,0.4370304048,0.7631053329,-0.0342738070,1.0000000000
99,8.2470000000,right_hand,8,0.4367878735,0.7574664950,-0.0334840864,1.0000000000
100,8.3300000000,right_hand,8,0.4337050021,0.7648673058,-0.0287953019,1.0000000000
101,8.4140000000,right_hand,8,0.4309630096,0.7625527382,-0.0209908038,1.0000000000
102,8.4970000000,right_hand,8,0.4301487803,0.7585935593,-0.0245573577,1.0000000000
103,8.5800000000,right_hand,8,0.4405531287,0.7593647838,-0.0285111293,1.0000000000
104,8.6630000000,right_hand,8,0.4475578964,0.7583006620,-0.0302331969,1.0000000000
105,8.7470000000,right_hand,8,0.4360714853,0.7736495137,-0.0343702696,1.0000000000
106,8.8300000000,right_hand,8,0.4338549674,0.7712266445,-0.0276596621,1.0000000000
107,8.9130000000,right_hand,8,0.4227060676,0.8144315481,-0.0221961364,1.0000000000
108,8.9970000000,right_hand,8,0.4131158888,0.8303635716,-0.0218064524,1.0000000000
109,9.0800000000,right_hand,8,0.4172651470,0.8281090856,-0.0143408580,1.0000000000
110,9.1630000000,right_hand,8,0.4240747392,0.8023843765,-0.0199872442,1.0000000000
111,9.2470000000,right_hand,8,0.4256620705,0.8006287813,-0.0281187501,1.0000000000
112,9.3300000000,right_hand,8,0.4295518100,0.7984470129,-0.0243976153,1.0000000000
113,9.4130000000,right_hand,8,0.4253724813,0.8024709225,-0.0186420418,1.0000000000
114,9.4960000000,right_hand,8,0.4370938241,0.7788572311,-0.0176589470,1.0000000000
115,9.5800000000,right_hand,8,0.4410220087,0.7743496299,-0.0211002119,1.0000000000
116,9.6630000000,right_hand,8,0.4417379797,0.7697064877,-0.0225302074,1.0000000000
117,9.7460000000,right_hand,8,0.4405952692,0.7721517086,-0.0250636972,1.0000000000
118,9.8300000000,right_hand,8,0.4358551502,0.7728922963,-0.0253529064,1.0000000000
119,9.9130000000,right_hand,8,0.4333404899,0.7744540572,-0.0267571956,1.0000000000
120,9.9960000000,right_hand,8,0.4374078810,0.7731202841,-0.0294226613,1.0000000000
121,10.0800000000,right_hand,8,0.4317556024,0.7727568746,-0.0246308781,1.0000000000
122,10.1630000000,right_hand,8,0.4321453571,0.7724409103,-0.0281312447,1.0000000000
123,10.2460000000,right_hand,8,0.4452249408,0.7688432336,-0.0325133279,1.0000000000
124,10.3290000000,right_hand,8,0.4320921302,0.7581548691,-0.0240278915,1.0000000000
125,10.4130000000,right_hand,8,0.4316085577,0.7669478059,-0.0282250345,1.0000000000
126,10.4960000000,right_hand,8,0.4303439558,0.7692356706,-0.0303859022,1.0000000000
127,10.5790000000,right_hand,8,0.4433548152,0.7666539550,-0.0341977961,1.0000000000
128,10.6630000000,right_hand,8,0.4440617859,0.7656364441,-0.0360952541,1.0000000000
129,10.7460000000,right_hand,8,0.4434527457,0.7658479214,-0.0373386070,1.0000000000
130,10.8290000000,right_hand,8,0.4413863420,0.7675053477,-0.0341313630,1.0000000000
131,10.9130000000,right_hand,8,0.4411639273,0.7687060833,-0.0313853621,1.0000000000
132,10.9960000000,right_hand,8,0.4427059591,0.7657727599,-0.0367643982,1.0000000000
133,11.0790000000,right_hand,8,0.4423423111,0.7622699142,-0.0255327914,1.0000000000
134,11.1620000000,right_hand,8,0.4448915124,0.7643170953,-0.0302546844,1.0000000000
135,11.2460000000,right_hand,8,0.4400077164,0.7619322538,-0.0288510639,1.0000000000
136,11.3290000000,right_hand,8,0.4431298971,0.7638760209,-0.0302619450,1.0000000000
137,11.4120000000,right_hand,8,0.4358297884,0.7594017386,-0.0256929398,1.0000000000
138,11.4960000000,right_hand,8,0.4388826191,0.7666990161,-0.0331576504,1.0000000000
139,11.5790000000,right_hand,8,0.4269878566,0.7654214501,-0.0309379343,1.0000000000
140,11.6620000000,right_hand,8,0.4196838140,0.7609286308,-0.0240740962,1.0000000000
141,11.7460000000,right_hand,8,0.4184094667,0.7689903975,-0.0356023833,1.0000000000
142,11.8290000000,right_hand,8,0.4140965044,0.7689527869,-0.0310169011,1.0000000000
143,11.9120000000,right_hand,8,0.4176637530,0.7804987729,-0.0225793426,1.0000000000
144,11.9960000000,right_hand,8,0.4212310016,0.7920447588,-0.0141417840,1.0000000000
61,5.0810000000,right_hand,9,0.3797363639,0.7108180523,-0.0375973471,1.0000000000
62,5.1650000000,right_hand,9,0.3799477518,0.7110447586,-0.0379755851,1.0000000000
63,5.2480000000,right_hand,9,0.3801591396,0.7112714648,-0.0383538231,1.0000000000
64,5.3310000000,right_hand,9,0.3770287037,0.7087484598,-0.0361165553,1.0000000000
65,5.4150000000,right_hand,9,0.3758676350,0.7099220157,-0.0340615399,1.0000000000
66,5.4980000000,right_hand,9,0.3775614500,0.7059971690,-0.0278195385,1.0000000000
67,5.5810000000,right_hand,9,0.3773691058,0.7115048766,-0.0292236879,1.0000000000
68,5.6650000000,right_hand,9,0.3775248528,0.7094219923,-0.0291986745,1.0000000000
69,5.7480000000,right_hand,9,0.3725529015,0.7152036428,-0.0286744162,1.0000000000
70,5.8310000000,right_hand,9,0.3733682632,0.7154222131,-0.0293661300,1.0000000000
71,5.9140000000,right_hand,9,0.3757309616,0.7174951434,-0.0264414176,1.0000000000
72,5.9980000000,right_hand,9,0.3740354478,0.7179285884,-0.0318060331,1.0000000000
73,6.0810000000,right_hand,9,0.3817573786,0.7052868605,-0.0205181893,1.0000000000
74,6.1640000000,right_hand,9,0.3737695813,0.7133256197,-0.0365447588,1.0000000000
75,6.2480000000,right_hand,9,0.3745074868,0.7203051448,-0.0355971977,1.0000000000
76,6.3310000000,right_hand,9,0.3733535409,0.7179540992,-0.0367534235,1.0000000000
77,6.4140000000,right_hand,9,0.3750089407,0.7189301848,-0.0347804464,1.0000000000
78,6.4980000000,right_hand,9,0.3738087714,0.7156042457,-0.0383220278,1.0000000000
79,6.5810000000,right_hand,9,0.3735074103,0.7127569318,-0.0405876078,1.0000000000
80,6.6640000000,right_hand,9,0.3736242056,0.7142567039,-0.0339020118,1.0000000000
81,6.7470000000,right_hand,9,0.3721581399,0.7158169746,-0.0418837145,1.0000000000
82,6.8310000000,right_hand,9,0.3744836450,0.7170414329,-0.0345453992,1.0000000000
83,6.9140000000,right_hand,9,0.3752589524,0.7209863067,-0.0343758874,1.0000000000
84,6.9970000000,right_hand,9,0.3778191507,0.7159881592,-0.0342183635,1.0000000000
85,7.0810000000,right_hand,9,0.3847455978,0.7149845958,-0.0269844532,1.0000000000
86,7.1640000000,right_hand,9,0.3773846626,0.7131201625,-0.0289200209,1.0000000000
87,7.2470000000,right_hand,9,0.3793438077,0.7183375359,-0.0298896451,1.0000000000
88,7.3310000000,right_hand,9,0.3806147575,0.7185861468,-0.0294472147,1.0000000000
89,7.4140000000,right_hand,9,0.3829728067,0.7139115930,-0.0234819874,1.0000000000
90,7.4970000000,right_hand,9,0.3822119534,0.7148782015,-0.0267945118,1.0000000000
91,7.5800000000,right_hand,9,0.3882619143,0.7194987535,-0.0199891161,1.0000000000
92,7.6640000000,right_hand,9,0.3783012927,0.7138997912,-0.0307630859,1.0000000000
93,7.7470000000,right_hand,9,0.3775175214,0.7147645354,-0.0282738060,1.0000000000
94,7.8300000000,right_hand,9,0.3776934445,0.7143700719,-0.0314054824,1.0000000000
95,7.9140000000,right_hand,9,0.3775322735,0.7142688632,-0.0334706046,1.0000000000
96,7.9970000000,right_hand,9,0.3763459623,0.7191963196,-0.0318217576,1.0000000000
97,8.0800000000,right_hand,9,0.3754348457,0.7156095505,-0.0322793350,1.0000000000
98,8.1640000000,right_hand,9,0.3749347031,0.7186303735,-0.0377145298,1.0000000000
99,8.2470000000,right_hand,9,0.3750309646,0.7151359916,-0.0351679511,1.0000000000
100,8.3300000000,right_hand,9,0.3785644174,0.7167384624,-0.0278074127,1.0000000000
101,8.4140000000,right_hand,9,0.3792770505,0.7236440182,-0.0256785583,1.0000000000
102,8.4970000000,right_hand,9,0.3799380362,0.7188220620,-0.0250547100,1.0000000000
103,8.5800000000,right_hand,9,0.3846378326,0.7181326747,-0.0232000593,1.0000000000
104,8.6630000000,right_hand,9,0.3865569830,0.7224238515,-0.0247066710,1.0000000000
105,8.7470000000,right_hand,9,0.3821877539,0.7165178061,-0.0292628258,1.0000000000
106,8.8300000000,right_hand,9,0.3817225397,0.7280210853,-0.0239557251,1.0000000000
107,8.9130000000,right_hand,9,0.3818941414,0.7445814013,-0.0172059070,1.0000000000
108,8.9970000000,right_hand,9,0.3784938455,0.7583995461,-0.0145935239,1.0000000000
109,9.0800000000,right_hand,9,0.3721341491,0.7765599489,-0.0128480038,1.0000000000
110,9.1630000000,right_hand,9,0.3714759350,0.7633283734,-0.0160329249,1.0000000000
111,9.2470000000,right_hand,9,0.3737890720,0.7666569352,-0.0205598883,1.0000000000
112,9.3300000000,right_hand,9,0.3799432516,0.7643470764,-0.0170023367,1.0000000000
113,9.4130000000,right_hand,9,0.3753971756,0.7549761534,-0.0163525306,1.0000000000
114,9.4960000000,right_hand,9,0.3849378526,0.7473846078,-0.0163122900,1.0000000000
115,9.5800000000,right_hand,9,0.3892270029,0.7302249074,-0.0218943562,1.0000000000
116,9.6630000000,right_hand,9,0.3893806338,0.7276393175,-0.0217596628,1.0000000000
117,9.7460000000,right_hand,9,0.3874699473,0.7296352983,-0.0221161954,1.0000000000
118,9.8300000000,right_hand,9,0.3871969283,0.7280838490,-0.0258501787,1.0000000000
119,9.9130000000,right_hand,9,0.3848382831,0.7286019921,-0.0213988293,1.0000000000
120,9.9960000000,right_hand,9,0.3811586499,0.7323639393,-0.0277576763,1.0000000000
121,10.0800000000,right_hand,9,0.3821967840,0.7271304131,-0.0245407224,1.0000000000
122,10.1630000000,right_hand,9,0.3808367550,0.7254261374,-0.0250087492,1.0000000000
123,10.2460000000,right_hand,9,0.3805507720,0.7199243307,-0.0285701659,1.0000000000
124,10.3290000000,right_hand,9,0.3807835579,0.7252075672,-0.0217081681,1.0000000000
125,10.4130000000,right_hand,9,0.3789227009,0.7284364700,-0.0266675446,1.0000000000
126,10.4960000000,right_hand,9,0.3787541389,0.7227073312,-0.0278940573,1.0000000000
127,10.5790000000,right_hand,9,0.3783461750,0.7256907225,-0.0294262115,1.0000000000
128,10.6630000000,right_hand,9,0.3805567622,0.7294168472,-0.0285265464,1.0000000000
129,10.7460000000,right_hand,9,0.3793663085,0.7284380198,-0.0300920103,1.0000000000
130,10.8290000000,right_hand,9,0.3774385154,0.7245011926,-0.0303745270,1.0000000000
131,10.9130000000,right_hand,9,0.3793157339,0.7287599444,-0.0309298616,1.0000000000
132,10.9960000000,right_hand,9,0.3795292079,0.7267537713,-0.0296217445,1.0000000000
133,11.0790000000,right_hand,9,0.3861065209,0.7263233662,-0.0205277000,1.0000000000
134,11.1620000000,right_hand,9,0.3847542405,0.7272297144,-0.0235697161,1.0000000000
135,11.2460000000,right_hand,9,0.3829231560,0.7275569439,-0.0232235622,1.0000000000
136,11.3290000000,right_hand,9,0.3820303977,0.7290927172,-0.0232242383,1.0000000000
137,11.4120000000,right_hand,9,0.3803844452,0.7240933776,-0.0211866740,1.0000000000
138,11.4960000000,right_hand,9,0.3797136247,0.7258995771,-0.0237154048,1.0000000000
139,11.5790000000,right_hand,9,0.3760277033,0.7300190330,-0.0224953443,1.0000000000
140,11.6620000000,right_hand,9,0.3744590580,0.7203459740,-0.0181807522,1.0000000000
141,11.7460000000,right_hand,9,0.3723972440,0.7279788852,-0.0260645878,1.0000000000
142,11.8290000000,right_hand,9,0.3712757230,0.7312899232,-0.0226100087,1.0000000000
143,11.9120000000,right_hand,9,0.3694811612,0.7500379980,-0.0202692561,1.0000000000
144,11.9960000000,right_hand,9,0.3676865995,0.7687860727,-0.0179285035,1.0000000000
61,5.0810000000,right_hand,10,0.4156408608,0.7581891418,-0.0443893075,1.0000000000
62,5.1650000000,right_hand,10,0.4162770957,0.7570227087,-0.0432444178,1.0000000000
63,5.2480000000,right_hand,10,0.4169133306,0.7558562756,-0.0420995280,1.0000000000
64,5.3310000000,right_hand,10,0.4142120779,0.7586613894,-0.0403602719,1.0000000000
65,5.4150000000,right_hand,10,0.4147230983,0.7572905421,-0.0386254452,1.0000000000
66,5.4980000000,right_hand,10,0.4108322263,0.7511069775,-0.0326497890,1.0000000000
67,5.5810000000,right_hand,10,0.4099978209,0.7497228980,-0.0348721407,1.0000000000
68,5.6650000000,right_hand,10,0.4110189676,0.7520949244,-0.0348268002,1.0000000000
69,5.7480000000,right_hand,10,0.4047436714,0.7567468286,-0.0361108929,1.0000000000
70,5.8310000000,right_hand,10,0.4063304365,0.7607656717,-0.0362111405,1.0000000000
71,5.9140000000,right_hand,10,0.4085846245,0.7575600743,-0.0314409956,1.0000000000
72,5.9980000000,right_hand,10,0.4068155289,0.7610479593,-0.0395742282,1.0000000000
73,6.0810000000,right_hand,10,0.4129190743,0.7461217642,-0.0227272213,1.0000000000
74,6.1640000000,right_hand,10,0.4083556533,0.7584918141,-0.0433873050,1.0000000000
75,6.2480000000,right_hand,10,0.4084176123,0.7618834376,-0.0427584127,1.0000000000
76,6.3310000000,right_hand,10,0.4078361392,0.7642032504,-0.0451949388,1.0000000000
77,6.4140000000,right_hand,10,0.4105694890,0.7643678784,-0.0410757065,1.0000000000
78,6.4980000000,right_hand,10,0.4107333124,0.7659257054,-0.0474669598,1.0000000000
79,6.5810000000,right_hand,10,0.4109088480,0.7624332905,-0.0483983122,1.0000000000
80,6.6640000000,right_hand,10,0.4086716175,0.7602465153,-0.0418384038,1.0000000000
81,6.7470000000,right_hand,10,0.4090702236,0.7612029910,-0.0487352535,1.0000000000
82,6.8310000000,right_hand,10,0.4081588984,0.7630353570,-0.0428404771,1.0000000000
83,6.9140000000,right_hand,10,0.4081635475,0.7648288608,-0.0423284508,1.0000000000
84,6.9970000000,right_hand,10,0.4111861289,0.7615105510,-0.0401387624,1.0000000000
85,7.0810000000,right_hand,10,0.4149664044,0.7527928352,-0.0333459191,1.0000000000
86,7.1640000000,right_hand,10,0.4102858901,0.7574160099,-0.0371164605,1.0000000000
87,7.2470000000,right_hand,10,0.4120390713,0.7575923204,-0.0361563973,1.0000000000
88,7.3310000000,right_hand,10,0.4143275023,0.7560024858,-0.0359290428,1.0000000000
89,7.4140000000,right_hand,10,0.4152652025,0.7555086613,-0.0277710445,1.0000000000
90,7.4970000000,right_hand,10,0.4141609371,0.7600253224,-0.0305897389,1.0000000000
91,7.5800000000,right_hand,10,0.4168483615,0.7562595606,-0.0228520501,1.0000000000
92,7.6640000000,right_hand,10,0.4103212059,0.7600472569,-0.0361085869,1.0000000000
93,7.7470000000,right_hand,10,0.4083171487,0.7605239153,-0.0354387686,1.0000000000
94,7.8300000000,right_hand,10,0.4117521942,0.7648355961,-0.0383165106,1.0000000000
95,7.9140000000,right_hand,10,0.4127550423,0.7642500401,-0.0400304943,1.0000000000
96,7.9970000000,right_hand,10,0.4109926522,0.7678733468,-0.0393905938,1.0000000000
97,8.0800000000,right_hand,10,0.4101528823,0.7646377683,-0.0394148156,1.0000000000
98,8.1640000000,right_hand,10,0.4112981260,0.7712974548,-0.0460348129,1.0000000000
99,8.2470000000,right_hand,10,0.4111707509,0.7651910782,-0.0442270599,1.0000000000
100,8.3300000000,right_hand,10,0.4104042053,0.7647206187,-0.0341119170,1.0000000000
101,8.4140000000,right_hand,10,0.4108162224,0.7694656253,-0.0297949295,1.0000000000
102,8.4970000000,right_hand,10,0.4078103602,0.7586765885,-0.0297381133,1.0000000000
103,8.5800000000,right_hand,10,0.4113004506,0.7602023482,-0.0283384044,1.0000000000
104,8.6630000000,right_hand,10,0.4165748656,0.7640567422,-0.0292019267,1.0000000000
105,8.7470000000,right_hand,10,0.4138265252,0.7657257318,-0.0351456031,1.0000000000
106,8.8300000000,right_hand,10,0.4074673057,0.7683792114,-0.0300279800,1.0000000000
107,8.9130000000,right_hand,10,0.4077785909,0.7795304656,-0.0221784469,1.0000000000
108,8.9970000000,right_hand,10,0.4000957012,0.7931021452,-0.0200805757,1.0000000000
109,9.0800000000,right_hand,10,0.3923042119,0.8203271627,-0.0170365591,1.0000000000
110,9.1630000000,right_hand,10,0.3947579265,0.8118347526,-0.0222431757,1.0000000000
111,9.2470000000,right_hand,10,0.3970273435,0.8143034577,-0.0274742264,1.0000000000
112,9.3300000000,right_hand,10,0.4001218677,0.8115180731,-0.0223537479,1.0000000000
113,9.4130000000,right_hand,10,0.4042132497,0.7980591655,-0.0221571922,1.0000000000
114,9.4960000000,right_hand,10,0.4115081429,0.7853301167,-0.0206562728,1.0000000000
115,9.5800000000,right_hand,10,0.4167921543,0.7742473483,-0.0259465277,1.0000000000
116,9.6630000000,right_hand,10,0.4167144299,0.7698598504,-0.0255733244,1.0000000000
117,9.7460000000,right_hand,10,0.4144859016,0.7698575258,-0.0271993410,1.0000000000
118,9.8300000000,right_hand,10,0.4143947661,0.7735521793,-0.0306890458,1.0000000000
119,9.9130000000,right_hand,10,0.4088413119,0.7716028094,-0.0268019382,1.0000000000
120,9.9960000000,right_hand,10,0.4127144217,0.7778757811,-0.0339182951,1.0000000000
121,10.0800000000,right_hand,10,0.4103724957,0.7710724473,-0.0302810725,1.0000000000
122,10.1630000000,right_hand,10,0.4084532261,0.7714568377,-0.0311390795,1.0000000000
123,10.2460000000,right_hand,10,0.4139840007,0.7691150308,-0.0350844562,1.0000000000
124,10.3290000000,right_hand,10,0.4082711637,0.7652879357,-0.0253426246,1.0000000000
125,10.4130000000,right_hand,10,0.4087775052,0.7738663554,-0.0328460447,1.0000000000
126,10.4960000000,right_hand,10,0.4093445539,0.7727113366,-0.0342245400,1.0000000000
127,10.5790000000,right_hand,10,0.4111082256,0.7749285102,-0.0357777365,1.0000000000
128,10.6630000000,right_hand,10,0.4124154449,0.7743312120,-0.0351244435,1.0000000000
129,10.7460000000,right_hand,10,0.4116723835,0.7726449370,-0.0370677970,1.0000000000
130,10.8290000000,right_hand,10,0.4089988470,0.7741927505,-0.0371187814,1.0000000000
131,10.9130000000,right_hand,10,0.4120144844,0.7736663818,-0.0356826000,1.0000000000
132,10.9960000000,right_hand,10,0.4107871056,0.7736684680,-0.0357507765,1.0000000000
133,11.0790000000,right_hand,10,0.4127605259,0.7660893798,-0.0242782831,1.0000000000
134,11.1620000000,right_hand,10,0.4131522477,0.7686831355,-0.0286234915,1.0000000000
135,11.2460000000,right_hand,10,0.4096250236,0.7663730979,-0.0281539839,1.0000000000
136,11.3290000000,right_hand,10,0.4114651084,0.7679816484,-0.0290823244,1.0000000000
137,11.4120000000,right_hand,10,0.4057427943,0.7646427155,-0.0253378563,1.0000000000
138,11.4960000000,right_hand,10,0.4045633972,0.7640303373,-0.0300158244,1.0000000000
139,11.5790000000,right_hand,10,0.3981059194,0.7647040486,-0.0277169310,1.0000000000
140,11.6620000000,right_hand,10,0.3969209492,0.7574914098,-0.0230743475,1.0000000000
141,11.7460000000,right_hand,10,0.3945357502,0.7641902566,-0.0329385139,1.0000000000
142,11.8290000000,right_hand,10,0.3913095891,0.7656635642,-0.0294407979,1.0000000000
143,11.9120000000,right_hand,10,0.3937664926,0.7899112999,-0.0262133665,1.0000000000
144,11.9960000000,right_hand,10,0.3962233961,0.8141590357,-0.0229859352,1.0000000000
61,5.0810000000,right_hand,11,0.4287623465,0.7725781798,-0.0382041074,1.0000000000
62,5.1650000000,right_hand,11,0.4288301617,0.7719393969,-0.0359764155,1.0000000000
63,5.2480000000,right_hand,11,0.4288979769,0.7713006139,-0.0337487236,1.0000000000
64,5.3310000000,right_hand,11,0.4245900810,0.7715394497,-0.0328483619,1.0000000000
65,5.4150000000,right_hand,11,0.4272841215,0.7697184682,-0.0324653462,1.0000000000
66,5.4980000000,right_hand,11,0.4214733243,0.7690909505,-0.0290249083,1.0000000000
67,5.5810000000,right_hand,11,0.4252696633,0.7647935748,-0.0325355791,1.0000000000
68,5.6650000000,right_hand,11,0.4243714213,0.7688670158,-0.0322451852,1.0000000000
69,5.7480000000,right_hand,11,0.4160392582,0.7713834047,-0.0335687138,1.0000000000
70,5.8310000000,right_hand,11,0.4174684286,0.7752125859,-0.0329105631,1.0000000000
71,5.9140000000,right_hand,11,0.4232188463,0.7684602141,-0.0292669553,1.0000000000
72,5.9980000000,right_hand,11,0.4211661518,0.7725764513,-0.0376765355,1.0000000000
73,6.0810000000,right_hand,11,0.4267917871,0.7572742105,-0.0205723923,1.0000000000
74,6.1640000000,right_hand,11,0.4250412285,0.7676231265,-0.0396135189,1.0000000000
75,6.2480000000,right_hand,11,0.4233626723,0.7723540664,-0.0390079506,1.0000000000
76,6.3310000000,right_hand,11,0.4209684730,0.7793875337,-0.0411076136,1.0000000000
77,6.4140000000,right_hand,11,0.4249726832,0.7708131075,-0.0357128307,1.0000000000
78,6.4980000000,right_hand,11,0.4259614050,0.7750049233,-0.0423974283,1.0000000000
79,6.5810000000,right_hand,11,0.4242059588,0.7720469236,-0.0405788459,1.0000000000
80,6.6640000000,right_hand,11,0.4223834574,0.7714005709,-0.0384847000,1.0000000000
81,6.7470000000,right_hand,11,0.4222697020,0.7725763321,-0.0412419476,1.0000000000
82,6.8310000000,right_hand,11,0.4215748012,0.7762209773,-0.0394646861,1.0000000000
83,6.9140000000,right_hand,11,0.4207507670,0.7770092487,-0.0388597287,1.0000000000
84,6.9970000000,right_hand,11,0.4250881672,0.7717061043,-0.0357716568,1.0000000000
85,7.0810000000,right_hand,11,0.4290363491,0.7628135681,-0.0319535844,1.0000000000
86,7.1640000000,right_hand,11,0.4268311858,0.7690479159,-0.0362021662,1.0000000000
87,7.2470000000,right_hand,11,0.4266461730,0.7678252459,-0.0336195901,1.0000000000
88,7.3310000000,right_hand,11,0.4300488234,0.7632972002,-0.0333482884,1.0000000000
89,7.4140000000,right_hand,11,0.4303808212,0.7640697956,-0.0251801405,1.0000000000
90,7.4970000000,right_hand,11,0.4294859767,0.7718458176,-0.0272285063,1.0000000000
91,7.5800000000,right_hand,11,0.4314737916,0.7628481388,-0.0213436093,1.0000000000
92,7.6640000000,right_hand,11,0.4246062040,0.7739771605,-0.0319902413,1.0000000000
93,7.7470000000,right_hand,11,0.4180463254,0.7766583562,-0.0327917859,1.0000000000
94,7.8300000000,right_hand,11,0.4219723642,0.7793653607,-0.0335506387,1.0000000000
95,7.9140000000,right_hand,11,0.4250501394,0.7756491899,-0.0352527238,1.0000000000
96,7.9970000000,right_hand,11,0.4237914681,0.7792347670,-0.0351217240,1.0000000000
97,8.0800000000,right_hand,11,0.4198583364,0.7740563154,-0.0336884744,1.0000000000
98,8.1640000000,right_hand,11,0.4234440327,0.7813051343,-0.0402518809,1.0000000000
99,8.2470000000,right_hand,11,0.4226925075,0.7749478221,-0.0398049876,1.0000000000
100,8.3300000000,right_hand,11,0.4231913686,0.7779053450,-0.0311698169,1.0000000000
101,8.4140000000,right_hand,11,0.4225825071,0.7804315686,-0.0252074338,1.0000000000
102,8.4970000000,right_hand,11,0.4170679450,0.7718427777,-0.0260609947,1.0000000000
103,8.5800000000,right_hand,11,0.4229536057,0.7757357359,-0.0269153472,1.0000000000
104,8.6630000000,right_hand,11,0.4321125746,0.7742066383,-0.0270123165,1.0000000000
105,8.7470000000,right_hand,11,0.4260583222,0.7793883681,-0.0317005925,1.0000000000
106,8.8300000000,right_hand,11,0.4181443751,0.7880167961,-0.0287500452,1.0000000000
107,8.9130000000,right_hand,11,0.4207584262,0.7945181131,-0.0221701190,1.0000000000
108,8.9970000000,right_hand,11,0.4132496715,0.8086156845,-0.0208122339,1.0000000000
109,9.0800000000,right_hand,11,0.4090752900,0.8285579681,-0.0161725152,1.0000000000
110,9.1630000000,right_hand,11,0.4107036889,0.8223394156,-0.0215801224,1.0000000000
111,9.2470000000,right_hand,11,0.4125782847,0.8199426532,-0.0258883182,1.0000000000
112,9.3300000000,right_hand,11,0.4144800901,0.8177937269,-0.0207865275,1.0000000000
113,9.4130000000,right_hand,11,0.4189817905,0.8096057177,-0.0208751298,1.0000000000
114,9.4960000000,right_hand,11,0.4234724641,0.7956162691,-0.0184699614,1.0000000000
115,9.5800000000,right_hand,11,0.4272318184,0.7904500961,-0.0228894614,1.0000000000
116,9.6630000000,right_hand,11,0.4276015759,0.7848142385,-0.0225571170,1.0000000000
117,9.7460000000,right_hand,11,0.4271714687,0.7854259610,-0.0251520853,1.0000000000
118,9.8300000000,right_hand,11,0.4245513976,0.7885107398,-0.0268790312,1.0000000000
119,9.9130000000,right_hand,11,0.4204231203,0.7896368504,-0.0254989956,1.0000000000
120,9.9960000000,right_hand,11,0.4239234626,0.7914248109,-0.0301680267,1.0000000000
121,10.0800000000,right_hand,11,0.4207593203,0.7869289517,-0.0274869036,1.0000000000
122,10.1630000000,right_hand,11,0.4197171032,0.7873946428,-0.0287964512,1.0000000000
123,10.2460000000,right_hand,11,0.4288567901,0.7822062373,-0.0321138874,1.0000000000
124,10.3290000000,right_hand,11,0.4220920205,0.7784016132,-0.0230387989,1.0000000000
125,10.4130000000,right_hand,11,0.4217419624,0.7837250233,-0.0293910578,1.0000000000
126,10.4960000000,right_hand,11,0.4210695326,0.7857374549,-0.0309474748,1.0000000000
127,10.5790000000,right_hand,11,0.4254999757,0.7870321274,-0.0322353765,1.0000000000
128,10.6630000000,right_hand,11,0.4287120700,0.7836855650,-0.0331173874,1.0000000000
129,10.7460000000,right_hand,11,0.4277808070,0.7824559808,-0.0351932347,1.0000000000
130,10.8290000000,right_hand,11,0.4206849039,0.7869146466,-0.0329402760,1.0000000000
131,10.9130000000,right_hand,11,0.4282138646,0.7820886970,-0.0312738344,1.0000000000
132,10.9960000000,right_hand,11,0.4268309474,0.7846981883,-0.0335712209,1.0000000000
133,11.0790000000,right_hand,11,0.4269929230,0.7779415250,-0.0231872238,1.0000000000
134,11.1620000000,right_hand,11,0.4284985065,0.7798278928,-0.0277556907,1.0000000000
135,11.2460000000,right_hand,11,0.4231635034,0.7788650990,-0.0267928429,1.0000000000
136,11.3290000000,right_hand,11,0.4273416400,0.7790953517,-0.0285169352,1.0000000000
137,11.4120000000,right_hand,11,0.4201012850,0.7783612013,-0.0238615815,1.0000000000
138,11.4960000000,right_hand,11,0.4196918309,0.7794184685,-0.0299294237,1.0000000000
139,11.5790000000,right_hand,11,0.4105991125,0.7813270688,-0.0266988892,1.0000000000
140,11.6620000000,right_hand,11,0.4081045687,0.7767908573,-0.0226450097,1.0000000000
141,11.7460000000,right_hand,11,0.4071698189,0.7833448052,-0.0329849198,1.0000000000
142,11.8290000000,right_hand,11,0.4027826488,0.7832860947,-0.0300577916,1.0000000000
143,11.9120000000,right_hand,11,0.4063056558,0.7997360826,-0.0245350348,1.0000000000
144,11.9960000000,right_hand,11,0.4098286629,0.8161860704,-0.0190122779,1.0000000000
61,5.0810000000,right_hand,12,0.4347113669,0.7748771906,-0.0335093476,1.0000000000
62,5.1650000000,right_hand,12,0.4341553599,0.7746898234,-0.0308393892,1.0000000000
63,5.2480000000,right_hand,12,0.4335993528,0.7745024562,-0.0281694308,1.0000000000
64,5.3310000000,right_hand,12,0.4280363619,0.7715223432,-0.0273924656,1.0000000000
65,5.4150000000,right_hand,12,0.4328770936,0.7721722722,-0.0279232748,1.0000000000
66,5.4980000000,right_hand,12,0.4264336824,0.7765037417,-0.0264814571,1.0000000000
67,5.5810000000,right_hand,12,0.4344795048,0.7704731226,-0.0308784097,1.0000000000
68,5.6650000000,right_hand,12,0.4320700467,0.7765457630,-0.0303130634,1.0000000000
69,5.7480000000,right_hand,12,0.4217093289,0.7773766518,-0.0310642757,1.0000000000
70,5.8310000000,right_hand,12,0.4230580926,0.7809649110,-0.0297761783,1.0000000000
71,5.9140000000,right_hand,12,0.4328113198,0.7699057460,-0.0275995024,1.0000000000
72,5.9980000000,right_hand,12,0.4311941266,0.7746982574,-0.0358031653,1.0000000000
73,6.0810000000,right_hand,12,0.4358133078,0.7576102018,-0.0194479246,1.0000000000
74,6.1640000000,right_hand,12,0.4348181784,0.7659643888,-0.0369403958,1.0000000000
75,6.2480000000,right_hand,12,0.4323788285,0.7732239962,-0.0362011045,1.0000000000
76,6.3310000000,right_hand,12,0.4275546968,0.7835749388,-0.0378841422,1.0000000000
77,6.4140000000,right_hand,12,0.4309493303,0.7651146054,-0.0314729214,1.0000000000
78,6.4980000000,right_hand,12,0.4335817397,0.7733070850,-0.0379475877,1.0000000000
79,6.5810000000,right_hand,12,0.4285973608,0.7688351870,-0.0341733247,1.0000000000
80,6.6640000000,right_hand,12,0.4288759530,0.7715885639,-0.0353303738,1.0000000000
81,6.7470000000,right_hand,12,0.4274034202,0.7722582221,-0.0356694981,1.0000000000
82,6.8310000000,right_hand,12,0.4299657941,0.7780994177,-0.0369610898,1.0000000000
83,6.9140000000,right_hand,12,0.4277201295,0.7801719308,-0.0359057076,1.0000000000
84,6.9970000000,right_hand,12,0.4331680536,0.7699530721,-0.0326288044,1.0000000000
85,7.0810000000,right_hand,12,0.4384918213,0.7627033591,-0.0308018420,1.0000000000
86,7.1640000000,right_hand,12,0.4371767938,0.7690349817,-0.0347878486,1.0000000000
87,7.2470000000,right_hand,12,0.4357506037,0.7680765390,-0.0316776372,1.0000000000
88,7.3310000000,right_hand,12,0.4400845468,0.7614356279,-0.0310194902,1.0000000000
89,7.4140000000,right_hand,12,0.4399165511,0.7626762390,-0.0230041333,1.0000000000
90,7.4970000000,right_hand,12,0.4390961230,0.7724137306,-0.0247616600,1.0000000000
91,7.5800000000,right_hand,12,0.4386602938,0.7588438392,-0.0203064736,1.0000000000
92,7.6640000000,right_hand,12,0.4335944951,0.7773954868,-0.0288354829,1.0000000000
93,7.7470000000,right_hand,12,0.4222438335,0.7831322551,-0.0301650390,1.0000000000
94,7.8300000000,right_hand,12,0.4264651835,0.7831743956,-0.0293793920,1.0000000000
95,7.9140000000,right_hand,12,0.4301793873,0.7754658461,-0.0310875531,1.0000000000
96,7.9970000000,right_hand,12,0.4297932982,0.7799741626,-0.0306623559,1.0000000000
97,8.0800000000,right_hand,12,0.4216642678,0.7722526193,-0.0283716116,1.0000000000
98,8.1640000000,right_hand,12,0.4275134504,0.7796577215,-0.0347838327,1.0000000000
99,8.2470000000,right_hand,12,0.4259657562,0.7728465796,-0.0351580679,1.0000000000
100,8.3300000000,right_hand,12,0.4298394918,0.7789223194,-0.0282881055,1.0000000000
101,8.4140000000,right_hand,12,0.4276077449,0.7808468342,-0.0211529527,1.0000000000
102,8.4970000000,right_hand,12,0.4221705198,0.7770343423,-0.0233740639,1.0000000000
103,8.5800000000,right_hand,12,0.4301322699,0.7823631763,-0.0258056242,1.0000000000
104,8.6630000000,right_hand,12,0.4422415495,0.7732480764,-0.0253505502,1.0000000000
105,8.7470000000,right_hand,12,0.4327036142,0.7818936706,-0.0289291143,1.0000000000
106,8.8300000000,right_hand,12,0.4247306585,0.8010121584,-0.0277085155,1.0000000000
107,8.9130000000,right_hand,12,0.4285146296,0.8021026850,-0.0221173987,1.0000000000
108,8.9970000000,right_hand,12,0.4218127131,0.8153735399,-0.0209784415,1.0000000000
109,9.0800000000,right_hand,12,0.4196952283,0.8253037930,-0.0149348984,1.0000000000
110,9.1630000000,right_hand,12,0.4201403558,0.8219819069,-0.0196966585,1.0000000000
111,9.2470000000,right_hand,12,0.4203821421,0.8143319488,-0.0232151281,1.0000000000
112,9.3300000000,right_hand,12,0.4223139286,0.8122428060,-0.0186338834,1.0000000000
113,9.4130000000,right_hand,12,0.4259132147,0.8103840947,-0.0182734393,1.0000000000
114,9.4960000000,right_hand,12,0.4293543994,0.7964642048,-0.0162730962,1.0000000000
115,9.5800000000,right_hand,12,0.4327672720,0.7969785333,-0.0205619223,1.0000000000
116,9.6630000000,right_hand,12,0.4342925847,0.7906796932,-0.0201705024,1.0000000000
117,9.7460000000,right_hand,12,0.4354027808,0.7915661335,-0.0233419929,1.0000000000
118,9.8300000000,right_hand,12,0.4297400415,0.7930941582,-0.0239647720,1.0000000000
119,9.9130000000,right_hand,12,0.4275937080,0.7985283136,-0.0243098699,1.0000000000
120,9.9960000000,right_hand,12,0.4295007885,0.7960899472,-0.0265757721,1.0000000000
121,10.0800000000,right_hand,12,0.4263752103,0.7928377390,-0.0249855090,1.0000000000
122,10.1630000000,right_hand,12,0.4261658192,0.7931352854,-0.0265449639,1.0000000000
123,10.2460000000,right_hand,12,0.4365409315,0.7829762697,-0.0291574113,1.0000000000
124,10.3290000000,right_hand,12,0.4304409921,0.7803553343,-0.0213902239,1.0000000000
125,10.4130000000,right_hand,12,0.4280541837,0.7824146152,-0.0259706285,1.0000000000
126,10.4960000000,right_hand,12,0.4265274405,0.7859271765,-0.0277324840,1.0000000000
127,10.5790000000,right_hand,12,0.4337716699,0.7883455753,-0.0290263314,1.0000000000
128,10.6630000000,right_hand,12,0.4380932748,0.7817715406,-0.0310340691,1.0000000000
129,10.7460000000,right_hand,12,0.4373300672,0.7809767127,-0.0334942900,1.0000000000
130,10.8290000000,right_hand,12,0.4273005128,0.7896557450,-0.0293026678,1.0000000000
131,10.9130000000,right_hand,12,0.4376112223,0.7790139318,-0.0278741494,1.0000000000
132,10.9960000000,right_hand,12,0.4367353618,0.7835235000,-0.0318241939,1.0000000000
133,11.0790000000,right_hand,12,0.4361481965,0.7800760865,-0.0224756487,1.0000000000
134,11.1620000000,right_hand,12,0.4372300804,0.7803093791,-0.0270389095,1.0000000000
135,11.2460000000,right_hand,12,0.4322601259,0.7824416757,-0.0259439182,1.0000000000
136,11.3290000000,right_hand,12,0.4376611114,0.7798526287,-0.0278311055,1.0000000000
137,11.4120000000,right_hand,12,0.4298010170,0.7826998830,-0.0229427386,1.0000000000
138,11.4960000000,right_hand,12,0.4301958978,0.7863869667,-0.0298483577,1.0000000000
139,11.5790000000,right_hand,12,0.4182864130,0.7895134687,-0.0262005869,1.0000000000
140,11.6620000000,right_hand,12,0.4153479636,0.7884891629,-0.0222628061,1.0000000000
141,11.7460000000,right_hand,12,0.4152871072,0.7946686745,-0.0331255533,1.0000000000
142,11.8290000000,right_hand,12,0.4102606475,0.7940458059,-0.0304353777,1.0000000000
143,11.9120000000,right_hand,12,0.4127439857,0.8019646406,-0.0226808065,1.0000000000
144,11.9960000000,right_hand,12,0.4152273238,0.8098834753,-0.0149262352,1.0000000000
61,5.0810000000,right_hand,13,0.3688616753,0.7394436598,-0.0369030051,1.0000000000
62,5.1650000000,right_hand,13,0.3697572649,0.7389758527,-0.0369972363,1.0000000000
63,5.2480000000,right_hand,13,0.3706528544,0.7385080457,-0.0370914675,1.0000000000
64,5.3310000000,right_hand,13,0.3677898645,0.7354555130,-0.0340312868,1.0000000000
65,5.4150000000,right_hand,13,0.3712237775,0.7219423056,-0.0321498252,1.0000000000
66,5.4980000000,right_hand,13,0.3685500026,0.7320002317,-0.0273341499,1.0000000000
67,5.5810000000,right_hand,13,0.3682397604,0.7344172001,-0.0290771686,1.0000000000
68,5.6650000000,right_hand,13,0.3691633046,0.7337599397,-0.0281400792,1.0000000000
69,5.7480000000,right_hand,13,0.3628940284,0.7402762771,-0.0286272354,1.0000000000
70,5.8310000000,right_hand,13,0.3633820713,0.7396783829,-0.0297601596,1.0000000000
71,5.9140000000,right_hand,13,0.3666325808,0.7392241955,-0.0261001736,1.0000000000
72,5.9980000000,right_hand,13,0.3628352880,0.7418148518,-0.0321483538,1.0000000000
73,6.0810000000,right_hand,13,0.3762090504,0.7188720107,-0.0184979215,1.0000000000
74,6.1640000000,right_hand,13,0.3632119000,0.7372673750,-0.0361414999,1.0000000000
75,6.2480000000,right_hand,13,0.3657063246,0.7475185394,-0.0347748883,1.0000000000
76,6.3310000000,right_hand,13,0.3634020090,0.7451395988,-0.0368244760,1.0000000000
77,6.4140000000,right_hand,13,0.3657556474,0.7445458174,-0.0342573896,1.0000000000
78,6.4980000000,right_hand,13,0.3639455736,0.7429958582,-0.0381293222,1.0000000000
79,6.5810000000,right_hand,13,0.3637457490,0.7390565872,-0.0408302248,1.0000000000
80,6.6640000000,right_hand,13,0.3635924160,0.7387476563,-0.0335649140,1.0000000000
81,6.7470000000,right_hand,13,0.3622842431,0.7436556816,-0.0409578420,1.0000000000
82,6.8310000000,right_hand,13,0.3643140495,0.7434042692,-0.0349159613,1.0000000000
83,6.9140000000,right_hand,13,0.3658550978,0.7458141446,-0.0335873589,1.0000000000
84,6.9970000000,right_hand,13,0.3680883944,0.7406250238,-0.0318964534,1.0000000000
85,7.0810000000,right_hand,13,0.3759391308,0.7360887527,-0.0258076750,1.0000000000
86,7.1640000000,right_hand,13,0.3677483201,0.7350773811,-0.0294255745,1.0000000000
87,7.2470000000,right_hand,13,0.3686712682,0.7384581566,-0.0293598548,1.0000000000
88,7.3310000000,right_hand,13,0.3712787926,0.7394452691,-0.0291528087,1.0000000000
89,7.4140000000,right_hand,13,0.3743909001,0.7343736887,-0.0232302435,1.0000000000
90,7.4970000000,right_hand,13,0.3722171783,0.7359637022,-0.0251228139,1.0000000000
91,7.5800000000,right_hand,13,0.3801763952,0.7426990867,-0.0165529009,1.0000000000
92,7.6640000000,right_hand,13,0.3678236604,0.7371017933,-0.0300654322,1.0000000000
93,7.7470000000,right_hand,13,0.3675012589,0.7377477884,-0.0287379753,1.0000000000
94,7.8300000000,right_hand,13,0.3680410683,0.7381825447,-0.0326397866,1.0000000000
95,7.9140000000,right_hand,13,0.3678941131,0.7379432321,-0.0331584997,1.0000000000
96,7.9970000000,right_hand,13,0.3666574955,0.7433622479,-0.0310816150,1.0000000000
97,8.0800000000,right_hand,13,0.3660102487,0.7403821349,-0.0321734734,1.0000000000
98,8.1640000000,right_hand,13,0.3649969995,0.7428555489,-0.0373592451,1.0000000000
99,8.2470000000,right_hand,13,0.3653462529,0.7404037118,-0.0360289514,1.0000000000
100,8.3300000000,right_hand,13,0.3689104915,0.7390856147,-0.0274491683,1.0000000000
101,8.4140000000,right_hand,13,0.3705334365,0.7439941168,-0.0257118214,1.0000000000
102,8.4970000000,right_hand,13,0.3706584275,0.7392333746,-0.0243399069,1.0000000000
103,8.5800000000,right_hand,13,0.3749818802,0.7375323176,-0.0221819952,1.0000000000
104,8.6630000000,right_hand,13,0.3772759736,0.7425124049,-0.0230827164,1.0000000000
105,8.7470000000,right_hand,13,0.3821109235,0.7203747630,-0.0261865929,1.0000000000
106,8.8300000000,right_hand,13,0.3756412268,0.7406052351,-0.0257964823,1.0000000000
107,8.9130000000,right_hand,13,0.3837987185,0.7329908013,-0.0185635537,1.0000000000
108,8.9970000000,right_hand,13,0.3834317327,0.7413498163,-0.0156907458,1.0000000000
109,9.0800000000,right_hand,13,0.3730947971,0.7707177401,-0.0153144421,1.0000000000
110,9.1630000000,right_hand,13,0.3677255213,0.7773367763,-0.0153571572,1.0000000000
111,9.2470000000,right_hand,13,0.3695158362,0.7799286842,-0.0175167639,1.0000000000
112,9.3300000000,right_hand,13,0.3739608526,0.7761490941,-0.0150245158,1.0000000000
113,9.4130000000,right_hand,13,0.3744546771,0.7601044178,-0.0173665937,1.0000000000
114,9.4960000000,right_hand,13,0.3776590824,0.7652111053,-0.0162782688,1.0000000000
115,9.5800000000,right_hand,13,0.3796056211,0.7487906814,-0.0223292559,1.0000000000
116,9.6630000000,right_hand,13,0.3789634109,0.7481848001,-0.0213547237,1.0000000000
117,9.7460000000,right_hand,13,0.3772934675,0.7504962087,-0.0226431284,1.0000000000
118,9.8300000000,right_hand,13,0.3770882189,0.7489928603,-0.0256852526,1.0000000000
119,9.9130000000,right_hand,13,0.3744490743,0.7488752604,-0.0212859996,1.0000000000
120,9.9960000000,right_hand,13,0.3717146814,0.7530519962,-0.0266991500,1.0000000000
121,10.0800000000,right_hand,13,0.3726111054,0.7474921346,-0.0256586783,1.0000000000
122,10.1630000000,right_hand,13,0.3706834912,0.7467669249,-0.0248568598,1.0000000000
123,10.2460000000,right_hand,13,0.3699610829,0.7429066896,-0.0279890262,1.0000000000
124,10.3290000000,right_hand,13,0.3715899587,0.7467859983,-0.0210551266,1.0000000000
125,10.4130000000,right_hand,13,0.3693771660,0.7505425215,-0.0264170375,1.0000000000
126,10.4960000000,right_hand,13,0.3690002561,0.7445271015,-0.0278350823,1.0000000000
127,10.5790000000,right_hand,13,0.3686197400,0.7470482588,-0.0282177646,1.0000000000
128,10.6630000000,right_hand,13,0.3704606295,0.7502647042,-0.0271741394,1.0000000000
129,10.7460000000,right_hand,13,0.3698025942,0.7486125231,-0.0296402369,1.0000000000
130,10.8290000000,right_hand,13,0.3674302101,0.7458969355,-0.0301196203,1.0000000000
131,10.9130000000,right_hand,13,0.3700024784,0.7491226792,-0.0288868379,1.0000000000
132,10.9960000000,right_hand,13,0.3692271709,0.7463794947,-0.0284790099,1.0000000000
133,11.0790000000,right_hand,13,0.3769913912,0.7444369197,-0.0193614792,1.0000000000
134,11.1620000000,right_hand,13,0.3759064078,0.7446717024,-0.0224694312,1.0000000000
135,11.2460000000,right_hand,13,0.3726821244,0.7458516955,-0.0228206776,1.0000000000
136,11.3290000000,right_hand,13,0.3731141686,0.7472167015,-0.0229210164,1.0000000000
137,11.4120000000,right_hand,13,0.3714078069,0.7426621914,-0.0203994717,1.0000000000
138,11.4960000000,right_hand,13,0.3691778779,0.7442364097,-0.0238238703,1.0000000000
139,11.5790000000,right_hand,13,0.3671910465,0.7480385900,-0.0214295555,1.0000000000
140,11.6620000000,right_hand,13,0.3652423024,0.7393593192,-0.0181327015,1.0000000000
141,11.7460000000,right_hand,13,0.3637782037,0.7469702959,-0.0257001594,1.0000000000
142,11.8290000000,right_hand,13,0.3631584942,0.7472714186,-0.0235312488,1.0000000000
143,11.9120000000,right_hand,13,0.3612932116,0.7664543986,-0.0205806745,1.0000000000
144,11.9960000000,right_hand,13,0.3594279289,0.7856373787,-0.0176301003,1.0000000000
61,5.0810000000,right_hand,14,0.4026079774,0.7870252132,-0.0412614681,1.0000000000
62,5.1650000000,right_hand,14,0.4038858861,0.7837879658,-0.0395820793,1.0000000000
63,5.2480000000,right_hand,14,0.4051637948,0.7805507183,-0.0379026905,1.0000000000
64,5.3310000000,right_hand,14,0.4027083218,0.7829750776,-0.0351830833,1.0000000000
65,5.4150000000,right_hand,14,0.4072059989,0.7682062984,-0.0330535844,1.0000000000
66,5.4980000000,right_hand,14,0.4005216956,0.7731463909,-0.0294608194,1.0000000000
67,5.5810000000,right_hand,14,0.3998350203,0.7686378360,-0.0326728523,1.0000000000
68,5.6650000000,right_hand,14,0.4016369879,0.7710001469,-0.0312926397,1.0000000000
69,5.7480000000,right_hand,14,0.3924626112,0.7774960995,-0.0334833339,1.0000000000
70,5.8310000000,right_hand,14,0.3942891061,0.7813690901,-0.0334769636,1.0000000000
71,5.9140000000,right_hand,14,0.3959876001,0.7790471315,-0.0287626013,1.0000000000
72,5.9980000000,right_hand,14,0.3925663233,0.7842159867,-0.0377733521,1.0000000000
73,6.0810000000,right_hand,14,0.4049115479,0.7583041191,-0.0185399763,1.0000000000
74,6.1640000000,right_hand,14,0.3940517902,0.7801194787,-0.0401725695,1.0000000000
75,6.2480000000,right_hand,14,0.3977605104,0.7865926027,-0.0391204506,1.0000000000
76,6.3310000000,right_hand,14,0.3955402672,0.7920240164,-0.0425818227,1.0000000000
77,6.4140000000,right_hand,14,0.3994398415,0.7902705669,-0.0376948789,1.0000000000
78,6.4980000000,right_hand,14,0.3983340263,0.7928815484,-0.0435760915,1.0000000000
79,6.5810000000,right_hand,14,0.3996144533,0.7891261578,-0.0447502136,1.0000000000
80,6.6640000000,right_hand,14,0.3966296613,0.7847208977,-0.0384458937,1.0000000000
81,6.7470000000,right_hand,14,0.3975061476,0.7899363637,-0.0447245650,1.0000000000
82,6.8310000000,right_hand,14,0.3953808248,0.7897469401,-0.0407586098,1.0000000000
83,6.9140000000,right_hand,14,0.3968234956,0.7875330448,-0.0388913155,1.0000000000
84,6.9970000000,right_hand,14,0.3994877934,0.7830911875,-0.0348087363,1.0000000000
85,7.0810000000,right_hand,14,0.4026004076,0.7761138082,-0.0303110648,1.0000000000
86,7.1640000000,right_hand,14,0.3978759944,0.7761951089,-0.0346598104,1.0000000000
87,7.2470000000,right_hand,14,0.3976100385,0.7784032226,-0.0335250124,1.0000000000
88,7.3310000000,right_hand,14,0.4013355970,0.7760699987,-0.0336161591,1.0000000000
89,7.4140000000,right_hand,14,0.4042134285,0.7732656002,-0.0253165998,1.0000000000
90,7.4970000000,right_hand,14,0.4020331204,0.7777835131,-0.0269870311,1.0000000000
91,7.5800000000,right_hand,14,0.4067023993,0.7783709168,-0.0171934031,1.0000000000
92,7.6640000000,right_hand,14,0.3975078762,0.7811923623,-0.0329960473,1.0000000000
93,7.7470000000,right_hand,14,0.3953430951,0.7810437083,-0.0336580500,1.0000000000
94,7.8300000000,right_hand,14,0.4004736841,0.7865040302,-0.0361375473,1.0000000000
95,7.9140000000,right_hand,14,0.4016261101,0.7860019207,-0.0361011364,1.0000000000
96,7.9970000000,right_hand,14,0.3985197544,0.7892382145,-0.0347160175,1.0000000000
97,8.0800000000,right_hand,14,0.3993783891,0.7869566679,-0.0357392244,1.0000000000
98,8.1640000000,right_hand,14,0.3991506696,0.7932713628,-0.0409570038,1.0000000000
99,8.2470000000,right_hand,14,0.4000330269,0.7911075354,-0.0408102870,1.0000000000
100,8.3300000000,right_hand,14,0.3987950683,0.7847318649,-0.0310619529,1.0000000000
101,8.4140000000,right_hand,14,0.4008265436,0.7887428999,-0.0274394657,1.0000000000
102,8.4970000000,right_hand,14,0.3969795704,0.7775354385,-0.0274855569,1.0000000000
103,8.5800000000,right_hand,14,0.3994621336,0.7788428068,-0.0257379003,1.0000000000
104,8.6630000000,right_hand,14,0.4052476585,0.7815505862,-0.0255920216,1.0000000000
105,8.7470000000,right_hand,14,0.4130389392,0.7667416334,-0.0293239858,1.0000000000
106,8.8300000000,right_hand,14,0.3990966082,0.7820110321,-0.0303786639,1.0000000000
107,8.9130000000,right_hand,14,0.4070357084,0.7680441141,-0.0221920125,1.0000000000
108,8.9970000000,right_hand,14,0.4027322531,0.7756166458,-0.0192427989,1.0000000000
109,9.0800000000,right_hand,14,0.3918439448,0.8132458329,-0.0179995615,1.0000000000
110,9.1630000000,right_hand,14,0.3895595670,0.8221250772,-0.0203248784,1.0000000000
111,9.2470000000,right_hand,14,0.3895792961,0.8243715167,-0.0229936689,1.0000000000
112,9.3300000000,right_hand,14,0.3917539716,0.8203691840,-0.0193479583,1.0000000000
113,9.4130000000,right_hand,14,0.4018293917,0.7969616055,-0.0208196938,1.0000000000
114,9.4960000000,right_hand,14,0.4018595815,0.8035318851,-0.0199549031,1.0000000000
115,9.5800000000,right_hand,14,0.4051991999,0.7900021076,-0.0246318523,1.0000000000
116,9.6630000000,right_hand,14,0.4045612514,0.7875629663,-0.0235880483,1.0000000000
117,9.7460000000,right_hand,14,0.4029557705,0.7877103090,-0.0258289594,1.0000000000
118,9.8300000000,right_hand,14,0.4033949375,0.7915602922,-0.0283582043,1.0000000000
119,9.9130000000,right_hand,14,0.3961402178,0.7884069681,-0.0253206119,1.0000000000
120,9.9960000000,right_hand,14,0.4006163478,0.7964582443,-0.0304977596,1.0000000000
121,10.0800000000,right_hand,14,0.4001618326,0.7891414762,-0.0291535296,1.0000000000
122,10.1630000000,right_hand,14,0.3967462778,0.7906799316,-0.0288127381,1.0000000000
123,10.2460000000,right_hand,14,0.4007821679,0.7881397009,-0.0307752173,1.0000000000
124,10.3290000000,right_hand,14,0.3962317705,0.7857650518,-0.0233077165,1.0000000000
125,10.4130000000,right_hand,14,0.3971352577,0.7945126891,-0.0295085628,1.0000000000
126,10.4960000000,right_hand,14,0.3978621066,0.7913513184,-0.0309007280,1.0000000000
127,10.5790000000,right_hand,14,0.3988211155,0.7943905592,-0.0314797275,1.0000000000
128,10.6630000000,right_hand,14,0.4000568092,0.7939173579,-0.0309186447,1.0000000000
129,10.7460000000,right_hand,14,0.3999136984,0.7909783721,-0.0337717682,1.0000000000
130,10.8290000000,right_hand,14,0.3972957730,0.7943410277,-0.0335654467,1.0000000000
131,10.9130000000,right_hand,14,0.4007540941,0.7891512513,-0.0308610816,1.0000000000
132,10.9960000000,right_hand,14,0.3969899118,0.7921116352,-0.0320833847,1.0000000000
133,11.0790000000,right_hand,14,0.4010010958,0.7821208239,-0.0213692803,1.0000000000
134,11.1620000000,right_hand,14,0.4020000100,0.7837651968,-0.0253716521,1.0000000000
135,11.2460000000,right_hand,14,0.3966619968,0.7843095064,-0.0262750294,1.0000000000
136,11.3290000000,right_hand,14,0.3995376527,0.7846297622,-0.0266355127,1.0000000000
137,11.4120000000,right_hand,14,0.3944707811,0.7806890011,-0.0232409406,1.0000000000
138,11.4960000000,right_hand,14,0.3924590051,0.7806379795,-0.0281662587,1.0000000000
139,11.5790000000,right_hand,14,0.3884512484,0.7820475101,-0.0253173653,1.0000000000
140,11.6620000000,right_hand,14,0.3864224851,0.7743936181,-0.0220509078,1.0000000000
141,11.7460000000,right_hand,14,0.3843205571,0.7821308970,-0.0310282204,1.0000000000
142,11.8290000000,right_hand,14,0.3812522888,0.7829348445,-0.0286840070,1.0000000000
143,11.9120000000,right_hand,14,0.3827546686,0.8063667417,-0.0250002816,1.0000000000
144,11.9960000000,right_hand,14,0.3842570484,0.8297986388,-0.0213165563,1.0000000000
61,5.0810000000,right_hand,15,0.4159547389,0.7956002355,-0.0348156728,1.0000000000
62,5.1650000000,right_hand,15,0.4165253192,0.7936270237,-0.0321055092,1.0000000000
63,5.2480000000,right_hand,15,0.4170958996,0.7916538119,-0.0293953456,1.0000000000
64,5.3310000000,right_hand,15,0.4131780565,0.7911312580,-0.0275307093,1.0000000000
65,5.4150000000,right_hand,15,0.4194191992,0.7789890766,-0.0263323747,1.0000000000
66,5.4980000000,right_hand,15,0.4114079475,0.7865858078,-0.0239084177,1.0000000000
67,5.5810000000,right_hand,15,0.4141210914,0.7811146379,-0.0295829829,1.0000000000
68,5.6650000000,right_hand,15,0.4139766693,0.7836341858,-0.0274036340,1.0000000000
69,5.7480000000,right_hand,15,0.4042954743,0.7898161411,-0.0291224569,1.0000000000
70,5.8310000000,right_hand,15,0.4060447514,0.7922356129,-0.0276509859,1.0000000000
71,5.9140000000,right_hand,15,0.4085600674,0.7899295092,-0.0248003807,1.0000000000
72,5.9980000000,right_hand,15,0.4047670364,0.7950627804,-0.0339996442,1.0000000000
73,6.0810000000,right_hand,15,0.4180703759,0.7672466040,-0.0157926679,1.0000000000
74,6.1640000000,right_hand,15,0.4074122310,0.7894879580,-0.0347340479,1.0000000000
75,6.2480000000,right_hand,15,0.4102877080,0.7951670885,-0.0339948535,1.0000000000
76,6.3310000000,right_hand,15,0.4092677236,0.8019331694,-0.0381191820,1.0000000000
77,6.4140000000,right_hand,15,0.4140346646,0.7950920463,-0.0325921103,1.0000000000
78,6.4980000000,right_hand,15,0.4129659534,0.7991396189,-0.0372308567,1.0000000000
79,6.5810000000,right_hand,15,0.4133905470,0.7953203321,-0.0365370773,1.0000000000
80,6.6640000000,right_hand,15,0.4100603163,0.7952286601,-0.0342822224,1.0000000000
81,6.7470000000,right_hand,15,0.4114832282,0.7975505590,-0.0379375555,1.0000000000
82,6.8310000000,right_hand,15,0.4079829454,0.8010292649,-0.0362813510,1.0000000000
83,6.9140000000,right_hand,15,0.4089913368,0.7979993820,-0.0339849740,1.0000000000
84,6.9970000000,right_hand,15,0.4114683568,0.7912145853,-0.0292524081,1.0000000000
85,7.0810000000,right_hand,15,0.4136672318,0.7835391164,-0.0269468203,1.0000000000
86,7.1640000000,right_hand,15,0.4126857817,0.7878863811,-0.0319266841,1.0000000000
87,7.2470000000,right_hand,15,0.4079419672,0.7883045077,-0.0290224478,1.0000000000
88,7.3310000000,right_hand,15,0.4153015614,0.7826894522,-0.0301272646,1.0000000000
89,7.4140000000,right_hand,15,0.4182130098,0.7806434035,-0.0219018757,1.0000000000
90,7.4970000000,right_hand,15,0.4155436456,0.7873743176,-0.0228431411,1.0000000000
91,7.5800000000,right_hand,15,0.4204750359,0.7816021442,-0.0142278494,1.0000000000
92,7.6640000000,right_hand,15,0.4094308913,0.7930297852,-0.0274975486,1.0000000000
93,7.7470000000,right_hand,15,0.4064264596,0.7955531478,-0.0299444050,1.0000000000
94,7.8300000000,right_hand,15,0.4113074541,0.7976949215,-0.0293725580,1.0000000000
95,7.9140000000,right_hand,15,0.4135605693,0.7942744493,-0.0295494962,1.0000000000
96,7.9970000000,right_hand,15,0.4120905995,0.7977284193,-0.0284543131,1.0000000000
97,8.0800000000,right_hand,15,0.4106980264,0.7940624952,-0.0287578348,1.0000000000
98,8.1640000000,right_hand,15,0.4114834964,0.8007000685,-0.0333285145,1.0000000000
99,8.2470000000,right_hand,15,0.4130756855,0.7979687452,-0.0343910865,1.0000000000
100,8.3300000000,right_hand,15,0.4124739766,0.7960089445,-0.0269050524,1.0000000000
101,8.4140000000,right_hand,15,0.4130485952,0.7963754535,-0.0220139381,1.0000000000
102,8.4970000000,right_hand,15,0.4067408741,0.7879784107,-0.0227606297,1.0000000000
103,8.5800000000,right_hand,15,0.4108473063,0.7933613658,-0.0230019856,1.0000000000
104,8.6630000000,right_hand,15,0.4189150333,0.7901815772,-0.0220710486,1.0000000000
105,8.7470000000,right_hand,15,0.4259960055,0.7783833146,-0.0254036169,1.0000000000
106,8.8300000000,right_hand,15,0.4093282223,0.8013335466,-0.0283273365,1.0000000000
107,8.9130000000,right_hand,15,0.4189002514,0.7834072709,-0.0208797753,1.0000000000
108,8.9970000000,right_hand,15,0.4126654565,0.7904732227,-0.0175051689,1.0000000000
109,9.0800000000,right_hand,15,0.4071622491,0.8227495551,-0.0168613736,1.0000000000
110,9.1630000000,right_hand,15,0.4047516882,0.8305337429,-0.0196708329,1.0000000000
111,9.2470000000,right_hand,15,0.4045354128,0.8292403221,-0.0214998797,1.0000000000
112,9.3300000000,right_hand,15,0.4054799676,0.8253886104,-0.0173408110,1.0000000000
113,9.4130000000,right_hand,15,0.4157568812,0.8075660467,-0.0182815157,1.0000000000
114,9.4960000000,right_hand,15,0.4145131707,0.8099511266,-0.0173710994,1.0000000000
115,9.5800000000,right_hand,15,0.4160504937,0.8026376963,-0.0206173416,1.0000000000
116,9.6630000000,right_hand,15,0.4159269035,0.8009708524,-0.0192859378,1.0000000000
117,9.7460000000,right_hand,15,0.4160471857,0.8011405468,-0.0223826468,1.0000000000
118,9.8300000000,right_hand,15,0.4145973921,0.8039255142,-0.0231499933,1.0000000000
119,9.9130000000,right_hand,15,0.4081404805,0.8058806658,-0.0229065921,1.0000000000
120,9.9960000000,right_hand,15,0.4125502110,0.8075411320,-0.0257319789,1.0000000000
121,10.0800000000,right_hand,15,0.4111299515,0.8027516007,-0.0251126997,1.0000000000
122,10.1630000000,right_hand,15,0.4091521502,0.8047921658,-0.0252143405,1.0000000000
123,10.2460000000,right_hand,15,0.4152320027,0.7993019223,-0.0255404208,1.0000000000
124,10.3290000000,right_hand,15,0.4101125896,0.7977663875,-0.0206214376,1.0000000000
125,10.4130000000,right_hand,15,0.4104678631,0.8028916717,-0.0244430676,1.0000000000
126,10.4960000000,right_hand,15,0.4101343155,0.8024786711,-0.0260860212,1.0000000000
127,10.5790000000,right_hand,15,0.4120336175,0.8043628931,-0.0259188544,1.0000000000
128,10.6630000000,right_hand,15,0.4154305756,0.8008325696,-0.0274117365,1.0000000000
129,10.7460000000,right_hand,15,0.4137697816,0.7996159792,-0.0297891069,1.0000000000
130,10.8290000000,right_hand,15,0.4072378874,0.8037472963,-0.0265409611,1.0000000000
131,10.9130000000,right_hand,15,0.4150160253,0.7940671444,-0.0254416317,1.0000000000
132,10.9960000000,right_hand,15,0.4097822011,0.8021413088,-0.0278381370,1.0000000000
133,11.0790000000,right_hand,15,0.4138332307,0.7928263545,-0.0192009583,1.0000000000
134,11.1620000000,right_hand,15,0.4160341620,0.7933748960,-0.0236092769,1.0000000000
135,11.2460000000,right_hand,15,0.4068430066,0.7960020304,-0.0232067835,1.0000000000
136,11.3290000000,right_hand,15,0.4135520756,0.7944213748,-0.0248478577,1.0000000000
137,11.4120000000,right_hand,15,0.4054951072,0.7932288647,-0.0206908956,1.0000000000
138,11.4960000000,right_hand,15,0.4056266546,0.7960936427,-0.0258970279,1.0000000000
139,11.5790000000,right_hand,15,0.4009366930,0.7970868945,-0.0232388582,1.0000000000
140,11.6620000000,right_hand,15,0.3978834152,0.7922873497,-0.0208813716,1.0000000000
141,11.7460000000,right_hand,15,0.3965185881,0.8000126481,-0.0301522501,1.0000000000
142,11.8290000000,right_hand,15,0.3929613233,0.8006246090,-0.0280688517,1.0000000000
143,11.9120000000,right_hand,15,0.3955874741,0.8162844777,-0.0227426877,1.0000000000
144,11.9960000000,right_hand,15,0.3982136250,0.8319443464,-0.0174165238,1.0000000000
61,5.0810000000,right_hand,16,0.4233944714,0.7926080227,-0.0303336252,1.0000000000
62,5.1650000000,right_hand,16,0.4232606441,0.7916010320,-0.0275272029,1.0000000000
63,5.2480000000,right_hand,16,0.4231268167,0.7905940413,-0.0247207806,1.0000000000
64,5.3310000000,right_hand,16,0.4190593064,0.7875637412,-0.0231078360,1.0000000000
65,5.4150000000,right_hand,16,0.4265073836,0.7803967595,-0.0225986168,1.0000000000
66,5.4980000000,right_hand,16,0.4178388715,0.7909691930,-0.0205419101,1.0000000000
67,5.5810000000,right_hand,16,0.4239100814,0.7868971229,-0.0277426839,1.0000000000
68,5.6650000000,right_hand,16,0.4220356643,0.7888573408,-0.0250758398,1.0000000000
69,5.7480000000,right_hand,16,0.4117404222,0.7949880362,-0.0257488862,1.0000000000
70,5.8310000000,right_hand,16,0.4130955637,0.7955088019,-0.0232947301,1.0000000000
71,5.9140000000,right_hand,16,0.4170879722,0.7933892608,-0.0222392082,1.0000000000
72,5.9980000000,right_hand,16,0.4138517976,0.7988771200,-0.0313051902,1.0000000000
73,6.0810000000,right_hand,16,0.4268064201,0.7676798105,-0.0149803702,1.0000000000
74,6.1640000000,right_hand,16,0.4159879088,0.7902349830,-0.0314546004,1.0000000000
75,6.2480000000,right_hand,16,0.4183458984,0.7940772176,-0.0307747331,1.0000000000
76,6.3310000000,right_hand,16,0.4180946350,0.7997164726,-0.0351350978,1.0000000000
77,6.4140000000,right_hand,16,0.4225168824,0.7872331738,-0.0293980315,1.0000000000
78,6.4980000000,right_hand,16,0.4221146703,0.7939473987,-0.0325261652,1.0000000000
79,6.5810000000,right_hand,16,0.4202526808,0.7883621454,-0.0309445783,1.0000000000
80,6.6640000000,right_hand,16,0.4185516238,0.7952333689,-0.0312206913,1.0000000000
81,6.7470000000,right_hand,16,0.4194525182,0.7928490043,-0.0338397287,1.0000000000
82,6.8310000000,right_hand,16,0.4170508981,0.8010658622,-0.0333774239,1.0000000000
83,6.9140000000,right_hand,16,0.4164276421,0.8004853129,-0.0304768216,1.0000000000
84,6.9970000000,right_hand,16,0.4186640084,0.7898301482,-0.0259510465,1.0000000000
85,7.0810000000,right_hand,16,0.4209293723,0.7834270000,-0.0245074332,1.0000000000
86,7.1640000000,right_hand,16,0.4231511354,0.7902130485,-0.0296490360,1.0000000000
87,7.2470000000,right_hand,16,0.4144741595,0.7902720571,-0.0259357020,1.0000000000
88,7.3310000000,right_hand,16,0.4243667424,0.7813010216,-0.0273981225,1.0000000000
89,7.4140000000,right_hand,16,0.4277307093,0.7796896696,-0.0196077954,1.0000000000
90,7.4970000000,right_hand,16,0.4243989885,0.7891727686,-0.0201878455,1.0000000000
91,7.5800000000,right_hand,16,0.4285594523,0.7780432701,-0.0124742622,1.0000000000
92,7.6640000000,right_hand,16,0.4172888100,0.7965916991,-0.0238869525,1.0000000000
93,7.7470000000,right_hand,16,0.4136260748,0.8013173938,-0.0270621870,1.0000000000
94,7.8300000000,right_hand,16,0.4177092314,0.7995313406,-0.0246258117,1.0000000000
95,7.9140000000,right_hand,16,0.4199255705,0.7930644751,-0.0249607023,1.0000000000
96,7.9970000000,right_hand,16,0.4203255475,0.7976427674,-0.0233756751,1.0000000000
97,8.0800000000,right_hand,16,0.4155403972,0.7912060022,-0.0233683232,1.0000000000
98,8.1640000000,right_hand,16,0.4179708660,0.7982360125,-0.0277320594,1.0000000000
99,8.2470000000,right_hand,16,0.4197510183,0.7943373322,-0.0293283816,1.0000000000
100,8.3300000000,right_hand,16,0.4209423661,0.7969994545,-0.0234918483,1.0000000000
101,8.4140000000,right_hand,16,0.4199885130,0.7961278558,-0.0180708785,1.0000000000
102,8.4970000000,right_hand,16,0.4126115143,0.7915035486,-0.0195036922,1.0000000000
103,8.5800000000,right_hand,16,0.4187600017,0.8012779951,-0.0212322138,1.0000000000
104,8.6630000000,right_hand,16,0.4282553792,0.7910995483,-0.0196888372,1.0000000000
105,8.7470000000,right_hand,16,0.4343379736,0.7804812789,-0.0230056942,1.0000000000
106,8.8300000000,right_hand,16,0.4165090024,0.8143612146,-0.0271748416,1.0000000000
107,8.9130000000,right_hand,16,0.4268321395,0.7911680937,-0.0202408358,1.0000000000
108,8.9970000000,right_hand,16,0.4190843701,0.7980985641,-0.0160959344,1.0000000000
109,9.0800000000,right_hand,16,0.4171600640,0.8220873475,-0.0157358088,1.0000000000
110,9.1630000000,right_hand,16,0.4140668511,0.8296118379,-0.0179562811,1.0000000000
111,9.2470000000,right_hand,16,0.4126778841,0.8248897791,-0.0189570878,1.0000000000
112,9.3300000000,right_hand,16,0.4137495458,0.8215891123,-0.0150627978,1.0000000000
113,9.4130000000,right_hand,16,0.4233372808,0.8116827011,-0.0153904110,1.0000000000
114,9.4960000000,right_hand,16,0.4214716554,0.8088705540,-0.0149744917,1.0000000000
115,9.5800000000,right_hand,16,0.4231889844,0.8087051511,-0.0181508735,1.0000000000
116,9.6630000000,right_hand,16,0.4235225916,0.8069162369,-0.0163029917,1.0000000000
117,9.7460000000,right_hand,16,0.4256131053,0.8072528243,-0.0199022032,1.0000000000
118,9.8300000000,right_hand,16,0.4217717648,0.8088811040,-0.0198072251,1.0000000000
119,9.9130000000,right_hand,16,0.4165362716,0.8159165978,-0.0209989883,1.0000000000
120,9.9960000000,right_hand,16,0.4204337299,0.8131223917,-0.0220245272,1.0000000000
121,10.0800000000,right_hand,16,0.4186328053,0.8085346818,-0.0223099869,1.0000000000
122,10.1630000000,right_hand,16,0.4176694155,0.8109100461,-0.0223477744,1.0000000000
123,10.2460000000,right_hand,16,0.4239531159,0.8001045585,-0.0215692464,1.0000000000
124,10.3290000000,right_hand,16,0.4192141294,0.8002791405,-0.0187153071,1.0000000000
125,10.4130000000,right_hand,16,0.4186740518,0.8023077250,-0.0204372369,1.0000000000
126,10.4960000000,right_hand,16,0.4173106551,0.8029047847,-0.0223575290,1.0000000000
127,10.5790000000,right_hand,16,0.4196452796,0.8048344851,-0.0216405783,1.0000000000
128,10.6630000000,right_hand,16,0.4250114262,0.7985599041,-0.0246700887,1.0000000000
129,10.7460000000,right_hand,16,0.4222758710,0.7983666658,-0.0269719139,1.0000000000
130,10.8290000000,right_hand,16,0.4123202264,0.8044147491,-0.0213858616,1.0000000000
131,10.9130000000,right_hand,16,0.4234897494,0.7904220223,-0.0219007675,1.0000000000
132,10.9960000000,right_hand,16,0.4178806841,0.8024633527,-0.0249004848,1.0000000000
133,11.0790000000,right_hand,16,0.4231355786,0.7963736653,-0.0180441998,1.0000000000
134,11.1620000000,right_hand,16,0.4254365265,0.7956420183,-0.0226767007,1.0000000000
135,11.2460000000,right_hand,16,0.4141936004,0.8010061383,-0.0212549251,1.0000000000
136,11.3290000000,right_hand,16,0.4238023460,0.7964773178,-0.0236140657,1.0000000000
137,11.4120000000,right_hand,16,0.4129741192,0.7987304926,-0.0189815443,1.0000000000
138,11.4960000000,right_hand,16,0.4151463509,0.8044597507,-0.0243075602,1.0000000000
139,11.5790000000,right_hand,16,0.4093296230,0.8054895997,-0.0220287722,1.0000000000
140,11.6620000000,right_hand,16,0.4064082205,0.8034007549,-0.0198572781,1.0000000000
141,11.7460000000,right_hand,16,0.4050671458,0.8114641905,-0.0296948645,1.0000000000
142,11.8290000000,right_hand,16,0.4016686678,0.8119661808,-0.0276820306,1.0000000000
143,11.9120000000,right_hand,16,0.4032629579,0.8194740713,-0.0207260982,1.0000000000
144,11.9960000000,right_hand,16,0.4048572481,0.8269819617,-0.0137701659,1.0000000000
61,5.0810000000,right_hand,17,0.3593222797,0.7645378113,-0.0358678773,1.0000000000
62,5.1650000000,right_hand,17,0.3606142998,0.7632814348,-0.0355719030,1.0000000000
63,5.2480000000,right_hand,17,0.3619063199,0.7620250583,-0.0352759287,1.0000000000
64,5.3310000000,right_hand,17,0.3607264757,0.7590245605,-0.0315474495,1.0000000000
65,5.4150000000,right_hand,17,0.3685030937,0.7325074673,-0.0298250932,1.0000000000
66,5.4980000000,right_hand,17,0.3618147373,0.7559671402,-0.0266360641,1.0000000000
67,5.5810000000,right_hand,17,0.3602821827,0.7555533648,-0.0284373648,1.0000000000
68,5.6650000000,right_hand,17,0.3629878461,0.7546860576,-0.0267641321,1.0000000000
69,5.7480000000,right_hand,17,0.3548566997,0.7615517974,-0.0282749664,1.0000000000
70,5.8310000000,right_hand,17,0.3551091254,0.7604311109,-0.0297050271,1.0000000000
71,5.9140000000,right_hand,17,0.3591053188,0.7578200102,-0.0256566461,1.0000000000
72,5.9980000000,right_hand,17,0.3523288965,0.7619284391,-0.0321464874,1.0000000000
73,6.0810000000,right_hand,17,0.3714079261,0.7329151630,-0.0164951570,1.0000000000
74,6.1640000000,right_hand,17,0.3543971479,0.7580268979,-0.0354058258,1.0000000000
75,6.2480000000,right_hand,17,0.3578737378,0.7692763209,-0.0336820446,1.0000000000
76,6.3310000000,right_hand,17,0.3547267318,0.7673786283,-0.0363764353,1.0000000000
77,6.4140000000,right_hand,17,0.3571779728,0.7660570741,-0.0330577083,1.0000000000
78,6.4980000000,right_hand,17,0.3559007645,0.7662794590,-0.0374998413,1.0000000000
79,6.5810000000,right_hand,17,0.3558380306,0.7616973519,-0.0404105596,1.0000000000
80,6.6640000000,right_hand,17,0.3559574485,0.7599703074,-0.0327695645,1.0000000000
81,6.7470000000,right_hand,17,0.3542213738,0.7669954896,-0.0393539593,1.0000000000
82,6.8310000000,right_hand,17,0.3553090990,0.7657414675,-0.0350207128,1.0000000000
83,6.9140000000,right_hand,17,0.3575356603,0.7660191059,-0.0324763022,1.0000000000
84,6.9970000000,right_hand,17,0.3598589897,0.7612337470,-0.0294797923,1.0000000000
85,7.0810000000,right_hand,17,0.3680819273,0.7546051741,-0.0247389879,1.0000000000
86,7.1640000000,right_hand,17,0.3601233661,0.7541993260,-0.0296861976,1.0000000000
87,7.2470000000,right_hand,17,0.3593669832,0.7548409700,-0.0286539495,1.0000000000
88,7.3310000000,right_hand,17,0.3632134199,0.7564411759,-0.0285259169,1.0000000000
89,7.4140000000,right_hand,17,0.3677294850,0.7516324520,-0.0226989593,1.0000000000
90,7.4970000000,right_hand,17,0.3642327785,0.7531381249,-0.0231799725,1.0000000000
91,7.5800000000,right_hand,17,0.3732462823,0.7621199489,-0.0132514285,1.0000000000
92,7.6640000000,right_hand,17,0.3593198061,0.7570785284,-0.0290515944,1.0000000000
93,7.7470000000,right_hand,17,0.3590286076,0.7570119500,-0.0287783481,1.0000000000
94,7.8300000000,right_hand,17,0.3606440127,0.7582553029,-0.0333824158,1.0000000000
95,7.9140000000,right_hand,17,0.3606325984,0.7583716512,-0.0324756578,1.0000000000
96,7.9970000000,right_hand,17,0.3595903516,0.7636997700,-0.0298241768,1.0000000000
97,8.0800000000,right_hand,17,0.3595315218,0.7618433237,-0.0315582901,1.0000000000
98,8.1640000000,right_hand,17,0.3575216830,0.7636345625,-0.0364179462,1.0000000000
99,8.2470000000,right_hand,17,0.3583816290,0.7631222606,-0.0362930968,1.0000000000
100,8.3300000000,right_hand,17,0.3619222939,0.7587808967,-0.0266330112,1.0000000000
101,8.4140000000,right_hand,17,0.3632611036,0.7601237893,-0.0251125563,1.0000000000
102,8.4970000000,right_hand,17,0.3635032773,0.7566457987,-0.0234734174,1.0000000000
103,8.5800000000,right_hand,17,0.3662663996,0.7540386915,-0.0210636668,1.0000000000
104,8.6630000000,right_hand,17,0.3699144721,0.7592060566,-0.0213568900,1.0000000000
105,8.7470000000,right_hand,17,0.3830734789,0.7232962251,-0.0230521914,1.0000000000
106,8.8300000000,right_hand,17,0.3698841929,0.7530355453,-0.0271346401,1.0000000000
107,8.9130000000,right_hand,17,0.3854034543,0.7239956260,-0.0196930300,1.0000000000
108,8.9970000000,right_hand,17,0.3870161176,0.7271519899,-0.0167755075,1.0000000000
109,9.0800000000,right_hand,17,0.3757579029,0.7632749081,-0.0171908122,1.0000000000
110,9.1630000000,right_hand,17,0.3672197461,0.7868222594,-0.0146276988,1.0000000000
111,9.2470000000,right_hand,17,0.3682384789,0.7864854336,-0.0147042992,1.0000000000
112,9.3300000000,right_hand,17,0.3702378869,0.7822057605,-0.0134160174,1.0000000000
113,9.4130000000,right_hand,17,0.3751710057,0.7628430724,-0.0182056818,1.0000000000
114,9.4960000000,right_hand,17,0.3718585074,0.7797017097,-0.0161467027,1.0000000000
115,9.5800000000,right_hand,17,0.3718771935,0.7653635144,-0.0225884151,1.0000000000
116,9.6630000000,right_hand,17,0.3701299429,0.7660775781,-0.0206945613,1.0000000000
117,9.7460000000,right_hand,17,0.3685521781,0.7699989676,-0.0228683501,1.0000000000
118,9.8300000000,right_hand,17,0.3690187037,0.7673467994,-0.0252216160,1.0000000000
119,9.9130000000,right_hand,17,0.3656971753,0.7665695548,-0.0209958218,1.0000000000
120,9.9960000000,right_hand,17,0.3641513288,0.7704103589,-0.0254089683,1.0000000000
121,10.0800000000,right_hand,17,0.3648409545,0.7656897306,-0.0264499895,1.0000000000
122,10.1630000000,right_hand,17,0.3625485599,0.7658492327,-0.0243291333,1.0000000000
123,10.2460000000,right_hand,17,0.3626083434,0.7641811967,-0.0271615237,1.0000000000
124,10.3290000000,right_hand,17,0.3638833463,0.7659606934,-0.0199776012,1.0000000000
125,10.4130000000,right_hand,17,0.3613577485,0.7705278397,-0.0258256476,1.0000000000
126,10.4960000000,right_hand,17,0.3608679473,0.7648198009,-0.0274989922,1.0000000000
127,10.5790000000,right_hand,17,0.3611977994,0.7657968998,-0.0268689580,1.0000000000
128,10.6630000000,right_hand,17,0.3620726466,0.7691361904,-0.0258075576,1.0000000000
129,10.7460000000,right_hand,17,0.3620710969,0.7664068341,-0.0291771181,1.0000000000
130,10.8290000000,right_hand,17,0.3590149581,0.7655723095,-0.0298263058,1.0000000000
131,10.9130000000,right_hand,17,0.3626290858,0.7663953304,-0.0266974717,1.0000000000
132,10.9960000000,right_hand,17,0.3611225188,0.7634918690,-0.0272162519,1.0000000000
133,11.0790000000,right_hand,17,0.3690546751,0.7602245808,-0.0181703828,1.0000000000
134,11.1620000000,right_hand,17,0.3682080209,0.7595269084,-0.0213321950,1.0000000000
135,11.2460000000,right_hand,17,0.3633604348,0.7622134686,-0.0224046018,1.0000000000
136,11.3290000000,right_hand,17,0.3653658032,0.7634568214,-0.0225790050,1.0000000000
137,11.4120000000,right_hand,17,0.3643901348,0.7588802576,-0.0195904952,1.0000000000
138,11.4960000000,right_hand,17,0.3597774208,0.7610889077,-0.0239674561,1.0000000000
139,11.5790000000,right_hand,17,0.3588180244,0.7637932301,-0.0204687752,1.0000000000
140,11.6620000000,right_hand,17,0.3576408327,0.7571991682,-0.0179357883,1.0000000000
141,11.7460000000,right_hand,17,0.3561201096,0.7646672726,-0.0251974184,1.0000000000
142,11.8290000000,right_hand,17,0.3555168808,0.7621673942,-0.0241881851,1.0000000000
143,11.9120000000,right_hand,17,0.3542696089,0.7803801000,-0.0207763407,1.0000000000
144,11.9960000000,right_hand,17,0.3530223370,0.7985928059,-0.0173644964,1.0000000000
61,5.0810000000,right_hand,18,0.3805374503,0.8077123761,-0.0411908031,1.0000000000
62,5.1650000000,right_hand,18,0.3823550642,0.8031086624,-0.0391415078,1.0000000000
63,5.2480000000,right_hand,18,0.3841726780,0.7985049486,-0.0370922126,1.0000000000
64,5.3310000000,right_hand,18,0.3833043575,0.7997377515,-0.0331018455,1.0000000000
65,5.4150000000,right_hand,18,0.3950070739,0.7653488517,-0.0302623510,1.0000000000
66,5.4980000000,right_hand,18,0.3863304555,0.7860488892,-0.0279258750,1.0000000000
67,5.5810000000,right_hand,18,0.3835841715,0.7786025405,-0.0321988687,1.0000000000
68,5.6650000000,right_hand,18,0.3874523938,0.7804121971,-0.0292837135,1.0000000000
69,5.7480000000,right_hand,18,0.3748062849,0.7900922894,-0.0317946263,1.0000000000
70,5.8310000000,right_hand,18,0.3786012232,0.7916477919,-0.0317275599,1.0000000000
71,5.9140000000,right_hand,18,0.3804099560,0.7869915366,-0.0285240468,1.0000000000
72,5.9980000000,right_hand,18,0.3685810864,0.7978200912,-0.0374205559,1.0000000000
73,6.0810000000,right_hand,18,0.3923161626,0.7585250139,-0.0169706922,1.0000000000
74,6.1640000000,right_hand,18,0.3712387979,0.7940511703,-0.0397134349,1.0000000000
75,6.2480000000,right_hand,18,0.3754042983,0.8069648147,-0.0380763151,1.0000000000
76,6.3310000000,right_hand,18,0.3728847802,0.8112112880,-0.0421880744,1.0000000000
77,6.4140000000,right_hand,18,0.3763549626,0.8087275028,-0.0373906270,1.0000000000
78,6.4980000000,right_hand,18,0.3774494827,0.8121253848,-0.0425916649,1.0000000000
79,6.5810000000,right_hand,18,0.3785347342,0.8075307608,-0.0452022292,1.0000000000
80,6.6640000000,right_hand,18,0.3770411313,0.7993995547,-0.0375023521,1.0000000000
81,6.7470000000,right_hand,18,0.3747777939,0.8095937371,-0.0446600355,1.0000000000
82,6.8310000000,right_hand,18,0.3742091954,0.8070219159,-0.0413440317,1.0000000000
83,6.9140000000,right_hand,18,0.3789204061,0.8019006848,-0.0372063071,1.0000000000
84,6.9970000000,right_hand,18,0.3810626268,0.7942721844,-0.0326900519,1.0000000000
85,7.0810000000,right_hand,18,0.3883057237,0.7843355536,-0.0290753432,1.0000000000
86,7.1640000000,right_hand,18,0.3824222982,0.7842071056,-0.0343810022,1.0000000000
87,7.2470000000,right_hand,18,0.3770634830,0.7884305120,-0.0330994800,1.0000000000
88,7.3310000000,right_hand,18,0.3851732612,0.7865426540,-0.0330086127,1.0000000000
89,7.4140000000,right_hand,18,0.3898815215,0.7810499668,-0.0250621885,1.0000000000
90,7.4970000000,right_hand,18,0.3861822784,0.7821530104,-0.0253863726,1.0000000000
91,7.5800000000,right_hand,18,0.3935015798,0.7877940536,-0.0143422103,1.0000000000
92,7.6640000000,right_hand,18,0.3792821169,0.7913137674,-0.0318008997,1.0000000000
93,7.7470000000,right_hand,18,0.3758315742,0.7926522493,-0.0329552963,1.0000000000
94,7.8300000000,right_hand,18,0.3839507103,0.7960581183,-0.0359162427,1.0000000000
95,7.9140000000,right_hand,18,0.3849281669,0.7961511016,-0.0348206423,1.0000000000
96,7.9970000000,right_hand,18,0.3836498857,0.7998443246,-0.0316113830,1.0000000000
97,8.0800000000,right_hand,18,0.3836030960,0.8006579876,-0.0343456864,1.0000000000
98,8.1640000000,right_hand,18,0.3812213838,0.8051598668,-0.0387289003,1.0000000000
99,8.2470000000,right_hand,18,0.3829184473,0.8041505218,-0.0397345535,1.0000000000
100,8.3300000000,right_hand,18,0.3854814768,0.7935644984,-0.0291068796,1.0000000000
101,8.4140000000,right_hand,18,0.3853823841,0.7932741642,-0.0262664799,1.0000000000
102,8.4970000000,right_hand,18,0.3821645677,0.7857745886,-0.0264722183,1.0000000000
103,8.5800000000,right_hand,18,0.3836703897,0.7863180041,-0.0246602707,1.0000000000
104,8.6630000000,right_hand,18,0.3914955556,0.7852462530,-0.0239255056,1.0000000000
105,8.7470000000,right_hand,18,0.4059646130,0.7517417669,-0.0259240773,1.0000000000
106,8.8300000000,right_hand,18,0.3869257569,0.7828895450,-0.0312985964,1.0000000000
107,8.9130000000,right_hand,18,0.4027554393,0.7468854189,-0.0228709318,1.0000000000
108,8.9970000000,right_hand,18,0.4009016454,0.7532882690,-0.0192970820,1.0000000000
109,9.0800000000,right_hand,18,0.3895687461,0.7930806875,-0.0196034275,1.0000000000
110,9.1630000000,right_hand,18,0.3827609420,0.8195177913,-0.0186220836,1.0000000000
111,9.2470000000,right_hand,18,0.3817214370,0.8200687170,-0.0195364039,1.0000000000
112,9.3300000000,right_hand,18,0.3852316737,0.8110852838,-0.0181004535,1.0000000000
113,9.4130000000,right_hand,18,0.3952256441,0.7884859443,-0.0208832044,1.0000000000
114,9.4960000000,right_hand,18,0.3896870315,0.8063253760,-0.0202045180,1.0000000000
115,9.5800000000,right_hand,18,0.3905549347,0.7941498160,-0.0250699371,1.0000000000
116,9.6630000000,right_hand,18,0.3902152777,0.7939805388,-0.0226479694,1.0000000000
117,9.7460000000,right_hand,18,0.3882120252,0.7981815338,-0.0256609283,1.0000000000
118,9.8300000000,right_hand,18,0.3886923492,0.7979505062,-0.0276982747,1.0000000000
119,9.9130000000,right_hand,18,0.3820750117,0.7963310480,-0.0242025275,1.0000000000
120,9.9960000000,right_hand,18,0.3853507340,0.8021743894,-0.0285416171,1.0000000000
121,10.0800000000,right_hand,18,0.3848427534,0.7978641987,-0.0297862776,1.0000000000
122,10.1630000000,right_hand,18,0.3828288019,0.7997552156,-0.0274206121,1.0000000000
123,10.2460000000,right_hand,18,0.3860884905,0.7991309762,-0.0290540103,1.0000000000
124,10.3290000000,right_hand,18,0.3826546669,0.7961051464,-0.0219525732,1.0000000000
125,10.4130000000,right_hand,18,0.3814612627,0.8063145280,-0.0279857572,1.0000000000
126,10.4960000000,right_hand,18,0.3826361299,0.8006774187,-0.0297643170,1.0000000000
127,10.5790000000,right_hand,18,0.3850591183,0.8019228578,-0.0294165034,1.0000000000
128,10.6630000000,right_hand,18,0.3846400082,0.8018517494,-0.0294758305,1.0000000000
129,10.7460000000,right_hand,18,0.3850053847,0.7991991639,-0.0332015641,1.0000000000
130,10.8290000000,right_hand,18,0.3828718364,0.8036498427,-0.0326201022,1.0000000000
131,10.9130000000,right_hand,18,0.3852207661,0.7949639559,-0.0290056486,1.0000000000
132,10.9960000000,right_hand,18,0.3817450404,0.7964829206,-0.0308474712,1.0000000000
133,11.0790000000,right_hand,18,0.3861544430,0.7874292135,-0.0207408816,1.0000000000
134,11.1620000000,right_hand,18,0.3865783215,0.7868747115,-0.0247889254,1.0000000000
135,11.2460000000,right_hand,18,0.3797219098,0.7921117544,-0.0263414122,1.0000000000
136,11.3290000000,right_hand,18,0.3836427927,0.7906049490,-0.0265459325,1.0000000000
137,11.4120000000,right_hand,18,0.3817941248,0.7866134644,-0.0226146262,1.0000000000
138,11.4960000000,right_hand,18,0.3769246936,0.7897798419,-0.0278810747,1.0000000000
139,11.5790000000,right_hand,18,0.3750807643,0.7910434008,-0.0247077756,1.0000000000
140,11.6620000000,right_hand,18,0.3740056753,0.7853122354,-0.0211910699,1.0000000000
141,11.7460000000,right_hand,18,0.3721054196,0.7921911478,-0.0302107949,1.0000000000
142,11.8290000000,right_hand,18,0.3698162735,0.7894583344,-0.0283835251,1.0000000000
143,11.9120000000,right_hand,18,0.3688950837,0.8120407164,-0.0246537896,1.0000000000
144,11.9960000000,right_hand,18,0.3679738939,0.8346230984,-0.0209240541,1.0000000000
61,5.0810000000,right_hand,19,0.3955734968,0.8218972087,-0.0407146141,1.0000000000
62,5.1650000000,right_hand,19,0.3960463703,0.8160261214,-0.0372811370,1.0000000000
63,5.2480000000,right_hand,19,0.3965192437,0.8101550341,-0.0338476598,1.0000000000
64,5.3310000000,right_hand,19,0.3944216371,0.8114237785,-0.0302340351,1.0000000000
65,5.4150000000,right_hand,19,0.4066613317,0.7775246501,-0.0269598756,1.0000000000
66,5.4980000000,right_hand,19,0.3980185091,0.7972375751,-0.0248576216,1.0000000000
67,5.5810000000,right_hand,19,0.3969471455,0.7887449265,-0.0311855245,1.0000000000
68,5.6650000000,right_hand,19,0.4000535309,0.7904726863,-0.0272586569,1.0000000000
69,5.7480000000,right_hand,19,0.3863288462,0.8009155989,-0.0296964627,1.0000000000
70,5.8310000000,right_hand,19,0.3905830085,0.8029983044,-0.0278430562,1.0000000000
71,5.9140000000,right_hand,19,0.3916544914,0.8003697395,-0.0265429281,1.0000000000
72,5.9980000000,right_hand,19,0.3769408762,0.8138539195,-0.0357763916,1.0000000000
73,6.0810000000,right_hand,19,0.4029265046,0.7680277228,-0.0153875388,1.0000000000
74,6.1640000000,right_hand,19,0.3809256554,0.8083005548,-0.0375432521,1.0000000000
75,6.2480000000,right_hand,19,0.3862863779,0.8201680779,-0.0366887897,1.0000000000
76,6.3310000000,right_hand,19,0.3867961168,0.8258893490,-0.0424206778,1.0000000000
77,6.4140000000,right_hand,19,0.3902108967,0.8223333359,-0.0368391089,1.0000000000
78,6.4980000000,right_hand,19,0.3922758400,0.8243011832,-0.0413968079,1.0000000000
79,6.5810000000,right_hand,19,0.3934195042,0.8228178620,-0.0438085347,1.0000000000
80,6.6640000000,right_hand,19,0.3895889223,0.8141226172,-0.0367082953,1.0000000000
81,6.7470000000,right_hand,19,0.3892173171,0.8244370222,-0.0443470590,1.0000000000
82,6.8310000000,right_hand,19,0.3880328238,0.8215651512,-0.0416445732,1.0000000000
83,6.9140000000,right_hand,19,0.3909977973,0.8146758676,-0.0355274193,1.0000000000
84,6.9970000000,right_hand,19,0.3926281929,0.8055694103,-0.0307183079,1.0000000000
85,7.0810000000,right_hand,19,0.3981458247,0.7960668206,-0.0275996439,1.0000000000
86,7.1640000000,right_hand,19,0.3959350288,0.7974594235,-0.0336323082,1.0000000000
87,7.2470000000,right_hand,19,0.3861373961,0.8049986362,-0.0314819515,1.0000000000
88,7.3310000000,right_hand,19,0.3964944184,0.7980412841,-0.0317524225,1.0000000000
89,7.4140000000,right_hand,19,0.4016362727,0.7925077081,-0.0234925039,1.0000000000
90,7.4970000000,right_hand,19,0.3980167508,0.7948971391,-0.0232023448,1.0000000000
91,7.5800000000,right_hand,19,0.4052607119,0.7957344651,-0.0128314197,1.0000000000
92,7.6640000000,right_hand,19,0.3896647692,0.8061824441,-0.0292133838,1.0000000000
93,7.7470000000,right_hand,19,0.3860561848,0.8105587959,-0.0316859111,1.0000000000
94,7.8300000000,right_hand,19,0.3957543671,0.8084979057,-0.0325491503,1.0000000000
95,7.9140000000,right_hand,19,0.3978827596,0.8090040684,-0.0317419283,1.0000000000
96,7.9970000000,right_hand,19,0.3967697024,0.8106442690,-0.0277811494,1.0000000000
97,8.0800000000,right_hand,19,0.3964257836,0.8127535582,-0.0314890333,1.0000000000
98,8.1640000000,right_hand,19,0.3944584727,0.8190809488,-0.0351784416,1.0000000000
99,8.2470000000,right_hand,19,0.3966778219,0.8160766959,-0.0368760116,1.0000000000
100,8.3300000000,right_hand,19,0.3981975317,0.8066645861,-0.0266716052,1.0000000000
101,8.4140000000,right_hand,19,0.3966216147,0.8034133911,-0.0229762737,1.0000000000
102,8.4970000000,right_hand,19,0.3924529254,0.7976417542,-0.0246872697,1.0000000000
103,8.5800000000,right_hand,19,0.3935397267,0.8033695817,-0.0236249417,1.0000000000
104,8.6630000000,right_hand,19,0.4035052061,0.7961746454,-0.0220139027,1.0000000000
105,8.7470000000,right_hand,19,0.4180653393,0.7661910653,-0.0247872528,1.0000000000
106,8.8300000000,right_hand,19,0.3970835209,0.7994064689,-0.0310368259,1.0000000000
107,8.9130000000,right_hand,19,0.4123494327,0.7601907253,-0.0222462043,1.0000000000
108,8.9970000000,right_hand,19,0.4083667994,0.7689175010,-0.0179948136,1.0000000000
109,9.0800000000,right_hand,19,0.4005438089,0.8058275580,-0.0190718416,1.0000000000
110,9.1630000000,right_hand,19,0.3954713941,0.8292993307,-0.0190382823,1.0000000000
111,9.2470000000,right_hand,19,0.3941907585,0.8307186961,-0.0201001223,1.0000000000
112,9.3300000000,right_hand,19,0.3971346319,0.8189648390,-0.0184655916,1.0000000000
113,9.4130000000,right_hand,19,0.4063772857,0.8006596565,-0.0196067691,1.0000000000
114,9.4960000000,right_hand,19,0.4014602602,0.8141186237,-0.0199920442,1.0000000000
115,9.5800000000,right_hand,19,0.4005822241,0.8067039251,-0.0234953109,1.0000000000
116,9.6630000000,right_hand,19,0.4007939100,0.8066318631,-0.0199856795,1.0000000000
117,9.7460000000,right_hand,19,0.3996231258,0.8116598129,-0.0238337461,1.0000000000
118,9.8300000000,right_hand,19,0.4000144303,0.8108852506,-0.0253606439,1.0000000000
119,9.9130000000,right_hand,19,0.3929656148,0.8134843707,-0.0229087248,1.0000000000
120,9.9960000000,right_hand,19,0.3966490030,0.8153744936,-0.0263895076,1.0000000000
121,10.0800000000,right_hand,19,0.3960089386,0.8136886358,-0.0284867827,1.0000000000
122,10.1630000000,right_hand,19,0.3943014741,0.8152912259,-0.0256658532,1.0000000000
123,10.2460000000,right_hand,19,0.3989537656,0.8125743270,-0.0260571185,1.0000000000
124,10.3290000000,right_hand,19,0.3944190741,0.8087009788,-0.0204056893,1.0000000000
125,10.4130000000,right_hand,19,0.3935241997,0.8192524910,-0.0252563599,1.0000000000
126,10.4960000000,right_hand,19,0.3946557045,0.8135692477,-0.0272903945,1.0000000000
127,10.5790000000,right_hand,19,0.3977960646,0.8138158917,-0.0265074112,1.0000000000
128,10.6630000000,right_hand,19,0.3978016376,0.8125174642,-0.0281552952,1.0000000000
129,10.7460000000,right_hand,19,0.3970041871,0.8115640879,-0.0315385237,1.0000000000
130,10.8290000000,right_hand,19,0.3944832683,0.8148726821,-0.0292933863,1.0000000000
131,10.9130000000,right_hand,19,0.3974496126,0.8035013080,-0.0265256204,1.0000000000
132,10.9960000000,right_hand,19,0.3921617270,0.8097270131,-0.0287327096,1.0000000000
133,11.0790000000,right_hand,19,0.3962586522,0.8014818430,-0.0197834410,1.0000000000
134,11.1620000000,right_hand,19,0.3980695903,0.7989368439,-0.0246127453,1.0000000000
135,11.2460000000,right_hand,19,0.3888315260,0.8072435260,-0.0254106466,1.0000000000
136,11.3290000000,right_hand,19,0.3951728642,0.8037003279,-0.0263763368,1.0000000000
137,11.4120000000,right_hand,19,0.3923910856,0.8012679815,-0.0217901021,1.0000000000
138,11.4960000000,right_hand,19,0.3886267841,0.8060493469,-0.0268517807,1.0000000000
139,11.5790000000,right_hand,19,0.3855887949,0.8062663674,-0.0246686656,1.0000000000
140,11.6620000000,right_hand,19,0.3835808337,0.8025600910,-0.0208137501,1.0000000000
141,11.7460000000,right_hand,19,0.3823491335,0.8094349504,-0.0305952169,1.0000000000
142,11.8290000000,right_hand,19,0.3799003959,0.8054712415,-0.0284575857,1.0000000000
143,11.9120000000,right_hand,19,0.3798826188,0.8238235116,-0.0243471637,1.0000000000
144,11.9960000000,right_hand,19,0.3798648417,0.8421757817,-0.0202367418,1.0000000000
61,5.0810000000,right_hand,20,0.4091502726,0.8246344328,-0.0395163894,1.0000000000
62,5.1650000000,right_hand,20,0.4078268707,0.8178249300,-0.0354689378,1.0000000000
63,5.2480000000,right_hand,20,0.4065034688,0.8110154271,-0.0314214863,1.0000000000
64,5.3310000000,right_hand,20,0.4044802189,0.8129138947,-0.0282111932,1.0000000000
65,5.4150000000,right_hand,20,0.4163760543,0.7826468945,-0.0248876642,1.0000000000
66,5.4980000000,right_hand,20,0.4072812796,0.8018203974,-0.0225546546,1.0000000000
67,5.5810000000,right_hand,20,0.4077223539,0.7942300439,-0.0299967844,1.0000000000
68,5.6650000000,right_hand,20,0.4098176360,0.7951459289,-0.0255820565,1.0000000000
69,5.7480000000,right_hand,20,0.3952170610,0.8060733676,-0.0275142118,1.0000000000
70,5.8310000000,right_hand,20,0.3992039561,0.8079742789,-0.0243290402,1.0000000000
71,5.9140000000,right_hand,20,0.4007764459,0.8075836897,-0.0244774986,1.0000000000
72,5.9980000000,right_hand,20,0.3843481541,0.8232373595,-0.0337820686,1.0000000000
73,6.0810000000,right_hand,20,0.4109403193,0.7711857557,-0.0144345453,1.0000000000
74,6.1640000000,right_hand,20,0.3884643018,0.8151852489,-0.0354537964,1.0000000000
75,6.2480000000,right_hand,20,0.3956849575,0.8242032528,-0.0351324752,1.0000000000
76,6.3310000000,right_hand,20,0.4002365172,0.8290408850,-0.0420795158,1.0000000000
77,6.4140000000,right_hand,20,0.4029061496,0.8238190413,-0.0358690694,1.0000000000
78,6.4980000000,right_hand,20,0.4057330489,0.8245476484,-0.0396791957,1.0000000000
79,6.5810000000,right_hand,20,0.4062207937,0.8251263499,-0.0420561247,1.0000000000
80,6.6640000000,right_hand,20,0.4005698562,0.8188868165,-0.0354592465,1.0000000000
81,6.7470000000,right_hand,20,0.4023143351,0.8270907998,-0.0436481126,1.0000000000
82,6.8310000000,right_hand,20,0.4015440345,0.8253130913,-0.0412392579,1.0000000000
83,6.9140000000,right_hand,20,0.4007177055,0.8199812770,-0.0335862674,1.0000000000
84,6.9970000000,right_hand,20,0.4022907019,0.8089861870,-0.0289717261,1.0000000000
85,7.0810000000,right_hand,20,0.4054943919,0.8010016680,-0.0258064605,1.0000000000
86,7.1640000000,right_hand,20,0.4074476063,0.8028756380,-0.0322395451,1.0000000000
87,7.2470000000,right_hand,20,0.3936672807,0.8146457672,-0.0295734052,1.0000000000
88,7.3310000000,right_hand,20,0.4048263431,0.8015546799,-0.0298768692,1.0000000000
89,7.4140000000,right_hand,20,0.4109974802,0.7961881161,-0.0216953326,1.0000000000
90,7.4970000000,right_hand,20,0.4073291719,0.8008041978,-0.0210375264,1.0000000000
91,7.5800000000,right_hand,20,0.4137541950,0.7972373366,-0.0113075804,1.0000000000
92,7.6640000000,right_hand,20,0.3981814086,0.8139022589,-0.0268305615,1.0000000000
93,7.7470000000,right_hand,20,0.3947918415,0.8213519454,-0.0300495718,1.0000000000
94,7.8300000000,right_hand,20,0.4047972858,0.8123493195,-0.0296110604,1.0000000000
95,7.9140000000,right_hand,20,0.4078169763,0.8137735128,-0.0289224610,1.0000000000
96,7.9970000000,right_hand,20,0.4067432582,0.8131281137,-0.0240532439,1.0000000000
97,8.0800000000,right_hand,20,0.4054585099,0.8151087761,-0.0285635218,1.0000000000
98,8.1640000000,right_hand,20,0.4046145976,0.8242761493,-0.0319041125,1.0000000000
99,8.2470000000,right_hand,20,0.4069853127,0.8187491894,-0.0339539386,1.0000000000
100,8.3300000000,right_hand,20,0.4077151120,0.8107498288,-0.0240862202,1.0000000000
101,8.4140000000,right_hand,20,0.4046780765,0.8071681857,-0.0199649744,1.0000000000
102,8.4970000000,right_hand,20,0.4007180631,0.8035887480,-0.0228511095,1.0000000000
103,8.5800000000,right_hand,20,0.4018454254,0.8148409128,-0.0223986506,1.0000000000
104,8.6630000000,right_hand,20,0.4131754041,0.8006618619,-0.0200244151,1.0000000000
105,8.7470000000,right_hand,20,0.4279497862,0.7741628289,-0.0238203984,1.0000000000
106,8.8300000000,right_hand,20,0.4059447646,0.8120518923,-0.0306883510,1.0000000000
107,8.9130000000,right_hand,20,0.4204385281,0.7694317102,-0.0216572266,1.0000000000
108,8.9970000000,right_hand,20,0.4140447974,0.7799452543,-0.0165936332,1.0000000000
109,9.0800000000,right_hand,20,0.4089561701,0.8110262752,-0.0181329567,1.0000000000
110,9.1630000000,right_hand,20,0.4047132134,0.8302350044,-0.0183036961,1.0000000000
111,9.2470000000,right_hand,20,0.4032461047,0.8313907385,-0.0191543270,1.0000000000
112,9.3300000000,right_hand,20,0.4056698680,0.8192592859,-0.0175895877,1.0000000000
113,9.4130000000,right_hand,20,0.4143597782,0.8093057275,-0.0174504276,1.0000000000
114,9.4960000000,right_hand,20,0.4099065661,0.8151645660,-0.0188947655,1.0000000000
115,9.5800000000,right_hand,20,0.4087986052,0.8142411709,-0.0220121872,1.0000000000
116,9.6630000000,right_hand,20,0.4093521535,0.8135733604,-0.0174712576,1.0000000000
117,9.7460000000,right_hand,20,0.4094529450,0.8196528554,-0.0219108779,1.0000000000
118,9.8300000000,right_hand,20,0.4092133343,0.8184664845,-0.0233425666,1.0000000000
119,9.9130000000,right_hand,20,0.4022788405,0.8256126046,-0.0214090124,1.0000000000
120,9.9960000000,right_hand,20,0.4062395394,0.8240966201,-0.0240639709,1.0000000000
121,10.0800000000,right_hand,20,0.4058147967,0.8238405585,-0.0270551182,1.0000000000
122,10.1630000000,right_hand,20,0.4038822055,0.8246597052,-0.0236979518,1.0000000000
123,10.2460000000,right_hand,20,0.4093654454,0.8167417645,-0.0231047273,1.0000000000
124,10.3290000000,right_hand,20,0.4038796425,0.8135011196,-0.0187586509,1.0000000000
125,10.4130000000,right_hand,20,0.4034199715,0.8241887093,-0.0224122982,1.0000000000
126,10.4960000000,right_hand,20,0.4042613506,0.8171097636,-0.0247040819,1.0000000000
127,10.5790000000,right_hand,20,0.4074538946,0.8164111376,-0.0235176478,1.0000000000
128,10.6630000000,right_hand,20,0.4081296921,0.8145114779,-0.0262610316,1.0000000000
129,10.7460000000,right_hand,20,0.4057348967,0.8150350451,-0.0295671299,1.0000000000
130,10.8290000000,right_hand,20,0.4030824602,0.8175961375,-0.0260921344,1.0000000000
131,10.9130000000,right_hand,20,0.4062705934,0.8044190407,-0.0241267998,1.0000000000
132,10.9960000000,right_hand,20,0.4002889693,0.8149425387,-0.0265075304,1.0000000000
133,11.0790000000,right_hand,20,0.4049552977,0.8095512390,-0.0186667498,1.0000000000
134,11.1620000000,right_hand,20,0.4073801339,0.8046792150,-0.0240740720,1.0000000000
135,11.2460000000,right_hand,20,0.3967445493,0.8165138960,-0.0241956301,1.0000000000
136,11.3290000000,right_hand,20,0.4050596654,0.8103148341,-0.0256391987,1.0000000000
137,11.4120000000,right_hand,20,0.4008901119,0.8105923533,-0.0207231734,1.0000000000
138,11.4960000000,right_hand,20,0.3985409439,0.8169499040,-0.0255573429,1.0000000000
139,11.5790000000,right_hand,20,0.3941410184,0.8157749772,-0.0242233276,1.0000000000
140,11.6620000000,right_hand,20,0.3919295073,0.8154097199,-0.0200602580,1.0000000000
141,11.7460000000,right_hand,20,0.3907083273,0.8221243620,-0.0304681677,1.0000000000
142,11.8290000000,right_hand,20,0.3883097172,0.8171876669,-0.0281771533,1.0000000000
143,11.9120000000,right_hand,20,0.3881754577,0.8288255036,-0.0234641852,1.0000000000
144,11.9960000000,right_hand,20,0.3880411983,0.8404633403,-0.0187512171,1.0000000000
