frame_id,timestamp_sec,landmark_type,landmark_id,x,y,z,visibility
53,5.0370000000,left_hand,0,0.3913491666,0.4937793314,0.0000001970,1.0000000000
54,5.1330000000,left_hand,0,0.3914557099,0.4953094721,0.0000001967,1.0000000000
55,5.2280000000,left_hand,0,0.3915045410,0.4926653355,0.0000001263,1.0000000000
56,5.3230000000,left_hand,0,0.3915533721,0.4900211990,0.0000000560,1.0000000000
57,5.4180000000,left_hand,0,0.3916022032,0.4873770624,-0.0000000144,1.0000000000
58,5.5130000000,left_hand,0,0.3916510344,0.4847329259,-0.0000000848,1.0000000000
59,5.6080000000,left_hand,0,0.6557261348,0.4965397120,0.0000002203,1.0000000000
60,5.7030000000,left_hand,0,0.6568589211,0.5140199065,0.0000002984,1.0000000000
61,5.7980000000,left_hand,0,0.6582271457,0.5173912644,0.0000002934,1.0000000000
62,5.8930000000,left_hand,0,0.6623343229,0.5154532790,0.0000002785,1.0000000000
63,5.9880000000,left_hand,0,0.6650817990,0.5176329613,0.0000002620,1.0000000000
64,6.0830000000,left_hand,0,0.6706209183,0.5161117315,0.0000002859,1.0000000000
65,6.1780000000,left_hand,0,0.6698032022,0.5248135328,0.0000002957,1.0000000000
66,6.2730000000,left_hand,0,0.6749028563,0.5215504766,0.0000002624,1.0000000000
67,6.3680000000,left_hand,0,0.6777791381,0.5126365423,0.0000002122,1.0000000000
68,6.4630000000,left_hand,0,0.6730725765,0.5131942034,0.0000002144,1.0000000000
69,6.5580000000,left_hand,0,0.6789453030,0.5063473582,0.0000001161,1.0000000000
70,6.6530000000,left_hand,0,0.6793534160,0.4986155927,0.0000001641,1.0000000000
71,6.7480000000,left_hand,0,0.6948553324,0.4913562536,0.0000000314,1.0000000000
72,6.8430000000,left_hand,0,0.7015945911,0.4689290524,-0.0000001030,1.0000000000
73,6.9380000000,left_hand,0,0.7074755430,0.4742250443,-0.0000001315,1.0000000000
74,7.0330000000,left_hand,0,0.7093715072,0.4634441137,-0.0000000572,1.0000000000
75,7.1280000000,left_hand,0,0.7071372867,0.4679253101,-0.0000000392,1.0000000000
76,7.2240000000,left_hand,0,0.7032359242,0.4781210721,-0.0000000030,1.0000000000
77,7.3190000000,left_hand,0,0.7016522288,0.4863605797,0.0000000636,1.0000000000
78,7.4140000000,left_hand,0,0.7000254393,0.4863159060,0.0000001031,1.0000000000
79,7.5090000000,left_hand,0,0.6973899603,0.4936352968,0.0000000553,1.0000000000
80,7.6040000000,left_hand,0,0.6859010458,0.4820989172,-0.0000000612,1.0000000000
81,7.6990000000,left_hand,0,0.6744121313,0.4705625375,-0.0000001777,1.0000000000
82,7.7940000000,left_hand,0,0.6629232168,0.4590261579,-0.0000002942,1.0000000000
83,7.8890000000,left_hand,0,0.6603943706,0.4774400592,0.0000001506,1.0000000000
84,7.9840000000,left_hand,0,0.6528556347,0.4811333120,0.0000001237,1.0000000000
85,8.0790000000,left_hand,0,0.6437408924,0.4723664224,0.0000001128,1.0000000000
86,8.1740000000,left_hand,0,0.6429642439,0.4673597813,-0.0000000067,1.0000000000
87,8.2690000000,left_hand,0,0.3907091320,0.5115271211,0.0000001641,1.0000000000
88,8.3640000000,left_hand,0,0.6511906385,0.4682120681,-0.0000000490,1.0000000000
89,8.4590000000,left_hand,0,0.6617594957,0.4692881107,-0.0000000434,1.0000000000
90,8.5540000000,left_hand,0,0.6565186381,0.4738624990,0.0000000883,1.0000000000
91,8.6490000000,left_hand,0,0.6531974077,0.4805067480,0.0000000981,1.0000000000
92,8.7440000000,left_hand,0,0.6424582005,0.4922699630,0.0000001598,1.0000000000
93,8.8390000000,left_hand,0,0.6425093710,0.4941184968,0.0000001210,1.0000000000
94,8.9340000000,left_hand,0,0.6425605416,0.4959670305,0.0000000822,1.0000000000
95,9.0290000000,left_hand,0,0.6473014355,0.4886636734,0.0000001042,1.0000000000
96,9.1240000000,left_hand,0,0.6407129169,0.4847953916,-0.0000000510,1.0000000000
97,9.2200000000,left_hand,0,0.6341243982,0.4809271097,-0.0000002061,1.0000000000
98,9.3150000000,left_hand,0,0.6507955790,0.4827879965,-0.0000001043,1.0000000000
99,9.4100000000,left_hand,0,0.6534454823,0.4391012788,-0.0000003930,1.0000000000
100,9.5050000000,left_hand,0,0.6553508937,0.4594282955,-0.0000000960,1.0000000000
101,9.6000000000,left_hand,0,0.6572563052,0.4797553122,0.0000002009,1.0000000000
102,9.6950000000,left_hand,0,0.6616478562,0.4749203026,0.0000002029,1.0000000000
103,9.7900000000,left_hand,0,0.3732484579,0.4746005535,0.0000002307,1.0000000000
104,9.8850000000,left_hand,0,0.5185333490,0.4675872773,0.0000002254,1.0000000000
105,9.9800000000,left_hand,0,0.6638182402,0.4605740011,0.0000002200,1.0000000000
106,10.0750000000,left_hand,0,0.6685889363,0.4822698832,0.0000002471,1.0000000000
107,10.1700000000,left_hand,0,0.6578518152,0.4873806536,0.0000002596,1.0000000000
108,10.2650000000,left_hand,0,0.6548630595,0.4818085432,0.0000002570,1.0000000000
109,10.3600000000,left_hand,0,0.6616228223,0.4795373082,0.0000002776,1.0000000000
110,10.4550000000,left_hand,0,0.6619065404,0.4863110185,0.0000003068,1.0000000000
111,10.5500000000,left_hand,0,0.6599074006,0.4826874733,0.0000003025,1.0000000000
112,10.6450000000,left_hand,0,0.6582469940,0.4791392982,0.0000002768,1.0000000000
113,10.7400000000,left_hand,0,0.6561643481,0.4742580652,0.0000002461,1.0000000000
114,10.8350000000,left_hand,0,0.6542099118,0.4784356058,0.0000001391,1.0000000000
115,10.9300000000,left_hand,0,0.6525404453,0.4706971943,0.0000001191,1.0000000000
116,11.0250000000,left_hand,0,0.6591176987,0.4718438685,0.0000001409,1.0000000000
117,11.1200000000,left_hand,0,0.6721194983,0.4731208384,0.0000000956,1.0000000000
118,11.2150000000,left_hand,0,0.6814528108,0.4809748530,0.0000000728,1.0000000000
119,11.3110000000,left_hand,0,0.6911789378,0.4708301226,-0.0000000095,1.0000000000
120,11.4060000000,left_hand,0,0.7009050647,0.4606853922,-0.0000000919,1.0000000000
121,11.5010000000,left_hand,0,0.7106311917,0.4505406618,-0.0000001742,1.0000000000
122,11.5960000000,left_hand,0,0.7106311917,0.4505406618,-0.0000001742,1.0000000000
123,11.6910000000,left_hand,0,0.7106311917,0.4505406618,-0.0000001742,1.0000000000
124,11.7860000000,left_hand,0,0.7106311917,0.4505406618,-0.0000001742,1.0000000000
53,5.0370000000,left_hand,1,0.4046503305,0.4590751827,-0.0023906652,1.0000000000
54,5.1330000000,left_hand,1,0.4032185078,0.4619212151,-0.0027488896,1.0000000000
55,5.2280000000,left_hand,1,0.4042736813,0.4577425942,-0.0050569475,1.0000000000
56,5.3230000000,left_hand,1,0.4053288549,0.4535639733,-0.0073650054,1.0000000000
57,5.4180000000,left_hand,1,0.4063840285,0.4493853524,-0.0096730634,1.0000000000
58,5.5130000000,left_hand,1,0.4074392021,0.4452067316,-0.0119811213,1.0000000000
59,5.6080000000,left_hand,1,0.6427651644,0.4661804438,-0.0041880221,1.0000000000
60,5.7030000000,left_hand,1,0.6476711035,0.4708820283,-0.0084061092,1.0000000000
61,5.7980000000,left_hand,1,0.6527180076,0.4690573215,-0.0097026173,1.0000000000
62,5.8930000000,left_hand,1,0.6582885385,0.4720779955,-0.0084911464,1.0000000000
63,5.9880000000,left_hand,1,0.6583086848,0.4767543674,-0.0043360759,1.0000000000
64,6.0830000000,left_hand,1,0.6588035822,0.4719496071,-0.0075487751,1.0000000000
65,6.1780000000,left_hand,1,0.6599217653,0.4781761765,-0.0092888679,1.0000000000
66,6.2730000000,left_hand,1,0.6631876230,0.4782215059,-0.0073084570,1.0000000000
67,6.3680000000,left_hand,1,0.6612083316,0.4683238864,-0.0058472324,1.0000000000
68,6.4630000000,left_hand,1,0.6575738192,0.4699660540,-0.0020837591,1.0000000000
69,6.5580000000,left_hand,1,0.6611009240,0.4673213363,0.0007355997,1.0000000000
70,6.6530000000,left_hand,1,0.6576426029,0.4668063819,-0.0026020482,1.0000000000
71,6.7480000000,left_hand,1,0.6819048524,0.5269739628,-0.0092881098,1.0000000000
72,6.8430000000,left_hand,1,0.6732979417,0.4672677219,-0.0010645241,1.0000000000
73,6.9380000000,left_hand,1,0.6903204322,0.5047246218,-0.0091539249,1.0000000000
74,7.0330000000,left_hand,1,0.6790023446,0.4513757527,-0.0036242560,1.0000000000
75,7.1280000000,left_hand,1,0.6764279008,0.4478195012,0.0013482014,1.0000000000
76,7.2240000000,left_hand,1,0.6760224700,0.4561381638,0.0006482495,1.0000000000
77,7.3190000000,left_hand,1,0.6761276722,0.4553262889,-0.0032043795,1.0000000000
78,7.4140000000,left_hand,1,0.6775689125,0.4488047361,-0.0052630771,1.0000000000
79,7.5090000000,left_hand,1,0.6765375137,0.4520746469,-0.0015465262,1.0000000000
80,7.6040000000,left_hand,1,0.6652026574,0.4495253265,-0.0013434104,1.0000000000
81,7.6990000000,left_hand,1,0.6538678010,0.4469760060,-0.0011402947,1.0000000000
82,7.7940000000,left_hand,1,0.6425329447,0.4444266856,-0.0009371789,1.0000000000
83,7.8890000000,left_hand,1,0.6435118914,0.4448646903,-0.0050758151,1.0000000000
84,7.9840000000,left_hand,1,0.6346867681,0.4515998960,0.0005209898,1.0000000000
85,8.0790000000,left_hand,1,0.6241402030,0.4399786592,0.0011130922,1.0000000000
86,8.1740000000,left_hand,1,0.6210266352,0.4360700846,0.0028970391,1.0000000000
87,8.2690000000,left_hand,1,0.4050281942,0.4780595899,-0.0040707714,1.0000000000
88,8.3640000000,left_hand,1,0.6280615926,0.4308707416,0.0010870496,1.0000000000
89,8.4590000000,left_hand,1,0.6356713176,0.4345076084,0.0029101579,1.0000000000
90,8.5540000000,left_hand,1,0.6321817636,0.4436405301,0.0011213762,1.0000000000
91,8.6490000000,left_hand,1,0.6306421161,0.4528292418,-0.0006098918,1.0000000000
92,8.7440000000,left_hand,1,0.6194337606,0.4677554071,-0.0000501391,1.0000000000
93,8.8390000000,left_hand,1,0.6186930835,0.4696546793,0.0013558426,1.0000000000
94,8.9340000000,left_hand,1,0.6179524064,0.4715539515,0.0027618243,1.0000000000
95,9.0290000000,left_hand,1,0.6201925278,0.4667733908,0.0009046867,1.0000000000
96,9.1240000000,left_hand,1,0.6198159158,0.4666315913,-0.0047753486,1.0000000000
97,9.2200000000,left_hand,1,0.6194393039,0.4664897919,-0.0104553839,1.0000000000
98,9.3150000000,left_hand,1,0.6369605660,0.4524206817,-0.0085024117,1.0000000000
99,9.4100000000,left_hand,1,0.6465191841,0.4587097168,0.0091579342,1.0000000000
100,9.5050000000,left_hand,1,0.6450389326,0.4548914433,0.0041426034,1.0000000000
101,9.6000000000,left_hand,1,0.6435586810,0.4510731697,-0.0008727274,1.0000000000
102,9.6950000000,left_hand,1,0.6491215825,0.4345965683,-0.0029359614,1.0000000000
103,9.7900000000,left_hand,1,0.3822591007,0.4425466061,-0.0096557187,1.0000000000
104,9.8850000000,left_hand,1,0.5195320100,0.4289442301,-0.0076086239,1.0000000000
105,9.9800000000,left_hand,1,0.6568049192,0.4153418541,-0.0055615292,1.0000000000
106,10.0750000000,left_hand,1,0.6617914438,0.4351260364,-0.0040833056,1.0000000000
107,10.1700000000,left_hand,1,0.6527685523,0.4455884695,-0.0053071696,1.0000000000
108,10.2650000000,left_hand,1,0.6481314301,0.4298484325,-0.0043032626,1.0000000000
109,10.3600000000,left_hand,1,0.6517286897,0.4216391146,-0.0054829186,1.0000000000
110,10.4550000000,left_hand,1,0.6534642577,0.4295981526,-0.0093825627,1.0000000000
111,10.5500000000,left_hand,1,0.6511293650,0.4261288643,-0.0101774717,1.0000000000
112,10.6450000000,left_hand,1,0.6495020390,0.4255749583,-0.0082623204,1.0000000000
113,10.7400000000,left_hand,1,0.6482615471,0.4208712280,-0.0061577307,1.0000000000
114,10.8350000000,left_hand,1,0.6458024979,0.4236729145,-0.0016660141,1.0000000000
115,10.9300000000,left_hand,1,0.6423907876,0.4318962097,-0.0034816312,1.0000000000
116,11.0250000000,left_hand,1,0.6488590240,0.4154076874,0.0000429637,1.0000000000
117,11.1200000000,left_hand,1,0.6542293429,0.4550338686,-0.0025773656,1.0000000000
118,11.2150000000,left_hand,1,0.6588752270,0.4842644632,-0.0060555544,1.0000000000
119,11.3110000000,left_hand,1,0.6749151150,0.4608943264,-0.0054430631,1.0000000000
120,11.4060000000,left_hand,1,0.6909550031,0.4375241896,-0.0048305718,1.0000000000
121,11.5010000000,left_hand,1,0.7069948912,0.4141540527,-0.0042180805,1.0000000000
122,11.5960000000,left_hand,1,0.7069948912,0.4141540527,-0.0042180805,1.0000000000
123,11.6910000000,left_hand,1,0.7069948912,0.4141540527,-0.0042180805,1.0000000000
124,11.7860000000,left_hand,1,0.7069948912,0.4141540527,-0.0042180805,1.0000000000
53,5.0370000000,left_hand,2,0.4279576540,0.4369534850,-0.0070288181,1.0000000000
54,5.1330000000,left_hand,2,0.4248440862,0.4394703507,-0.0078050047,1.0000000000
55,5.2280000000,left_hand,2,0.4268910214,0.4350498170,-0.0107806143,1.0000000000
56,5.3230000000,left_hand,2,0.4289379567,0.4306292832,-0.0137562240,1.0000000000
57,5.4180000000,left_hand,2,0.4309848920,0.4262087494,-0.0167318336,1.0000000000
58,5.5130000000,left_hand,2,0.4330318272,0.4217882156,-0.0197074432,1.0000000000
59,5.6080000000,left_hand,2,0.6206792593,0.4472427964,-0.0095452936,1.0000000000
60,5.7030000000,left_hand,2,0.6275573373,0.4388559759,-0.0160663705,1.0000000000
61,5.7980000000,left_hand,2,0.6315923929,0.4292162657,-0.0189195499,1.0000000000
62,5.8930000000,left_hand,2,0.6372271776,0.4358738065,-0.0158721171,1.0000000000
63,5.9880000000,left_hand,2,0.6432780623,0.4430776834,-0.0122086322,1.0000000000
64,6.0830000000,left_hand,2,0.6368085146,0.4374187589,-0.0157842468,1.0000000000
65,6.1780000000,left_hand,2,0.6414983273,0.4432958066,-0.0178178195,1.0000000000
66,6.2730000000,left_hand,2,0.6449311972,0.4416305125,-0.0140114678,1.0000000000
67,6.3680000000,left_hand,2,0.6347171664,0.4340628982,-0.0117624123,1.0000000000
68,6.4630000000,left_hand,2,0.6356127262,0.4391623735,-0.0067776148,1.0000000000
69,6.5580000000,left_hand,2,0.6391724348,0.4424866736,-0.0032062347,1.0000000000
70,6.6530000000,left_hand,2,0.6309528947,0.4535740614,-0.0070118774,1.0000000000
71,6.7480000000,left_hand,2,0.6636247039,0.5516718626,-0.0184921417,1.0000000000
72,6.8430000000,left_hand,2,0.6403241158,0.4819929600,-0.0057916855,1.0000000000
73,6.9380000000,left_hand,2,0.6647674441,0.5327442288,-0.0175742079,1.0000000000
74,7.0330000000,left_hand,2,0.6487921476,0.4631399810,-0.0111364406,1.0000000000
75,7.1280000000,left_hand,2,0.6431338191,0.4544323683,-0.0014961429,1.0000000000
76,7.2240000000,left_hand,2,0.6456530690,0.4577831030,-0.0028302362,1.0000000000
77,7.3190000000,left_hand,2,0.6434863806,0.4511431754,-0.0077142417,1.0000000000
78,7.4140000000,left_hand,2,0.6423909068,0.4404321611,-0.0134181110,1.0000000000
79,7.5090000000,left_hand,2,0.6483604908,0.4311281443,-0.0074128890,1.0000000000
80,7.6040000000,left_hand,2,0.6358736753,0.4314505657,-0.0068717363,1.0000000000
81,7.6990000000,left_hand,2,0.6233868599,0.4317729870,-0.0063305836,1.0000000000
82,7.7940000000,left_hand,2,0.6109000444,0.4320954084,-0.0057894308,1.0000000000
83,7.8890000000,left_hand,2,0.6227667332,0.4264073968,-0.0113462787,1.0000000000
84,7.9840000000,left_hand,2,0.6116983294,0.4374748170,-0.0019222666,1.0000000000
85,8.0790000000,left_hand,2,0.5987900496,0.4256320894,-0.0018950951,1.0000000000
86,8.1740000000,left_hand,2,0.5936478376,0.4232883751,0.0008900234,1.0000000000
87,8.2690000000,left_hand,2,0.4316911697,0.4619983435,-0.0095129153,1.0000000000
88,8.3640000000,left_hand,2,0.5993025899,0.4097452164,-0.0033885702,1.0000000000
89,8.4590000000,left_hand,2,0.6077215672,0.4190991223,-0.0008165030,1.0000000000
90,8.5540000000,left_hand,2,0.6072261930,0.4274556935,-0.0018863457,1.0000000000
91,8.6490000000,left_hand,2,0.6040900946,0.4434974790,-0.0030328506,1.0000000000
92,8.7440000000,left_hand,2,0.5949863791,0.4646804929,-0.0016722975,1.0000000000
93,8.8390000000,left_hand,2,0.5944108963,0.4661381990,0.0003060537,1.0000000000
94,8.9340000000,left_hand,2,0.5938354135,0.4675959051,0.0022844048,1.0000000000
95,9.0290000000,left_hand,2,0.5926328897,0.4653640389,-0.0012157949,1.0000000000
96,9.1240000000,left_hand,2,0.5957485735,0.4616240114,-0.0111590353,1.0000000000
97,9.2200000000,left_hand,2,0.5988642573,0.4578839839,-0.0211022757,1.0000000000
98,9.3150000000,left_hand,2,0.6176773310,0.4396400154,-0.0176483355,1.0000000000
99,9.4100000000,left_hand,2,0.6285684109,0.4711503386,0.0081244810,1.0000000000
100,9.5050000000,left_hand,2,0.6256659031,0.4539270401,0.0018101446,1.0000000000
101,9.6000000000,left_hand,2,0.6227633953,0.4367037416,-0.0045041917,1.0000000000
102,9.6950000000,left_hand,2,0.6276437640,0.4121667147,-0.0075712898,1.0000000000
103,9.7900000000,left_hand,2,0.4042240679,0.4258627594,-0.0164838862,1.0000000000
104,9.8850000000,left_hand,2,0.5225610584,0.4019150138,-0.0138433781,1.0000000000
105,9.9800000000,left_hand,2,0.6408980489,0.3779672682,-0.0112028699,1.0000000000
106,10.0750000000,left_hand,2,0.6472647786,0.3977656960,-0.0098943450,1.0000000000
107,10.1700000000,left_hand,2,0.6372932196,0.4073621929,-0.0115546091,1.0000000000
108,10.2650000000,left_hand,2,0.6294698119,0.3837664127,-0.0116444221,1.0000000000
109,10.3600000000,left_hand,2,0.6293682456,0.3762010038,-0.0147018358,1.0000000000
110,10.4550000000,left_hand,2,0.6307774186,0.3799992502,-0.0178824216,1.0000000000
111,10.5500000000,left_hand,2,0.6274554133,0.3771067262,-0.0189597812,1.0000000000
112,10.6450000000,left_hand,2,0.6290110350,0.3776740730,-0.0162080396,1.0000000000
113,10.7400000000,left_hand,2,0.6300591230,0.3708716035,-0.0127634248,1.0000000000
114,10.8350000000,left_hand,2,0.6286091208,0.3766517937,-0.0068327882,1.0000000000
115,10.9300000000,left_hand,2,0.6209908128,0.3887306154,-0.0077923513,1.0000000000
116,11.0250000000,left_hand,2,0.6349218488,0.3704202473,-0.0021147483,1.0000000000
117,11.1200000000,left_hand,2,0.6311708093,0.4322396219,-0.0064151143,1.0000000000
118,11.2150000000,left_hand,2,0.6400367618,0.4704043865,-0.0105896927,1.0000000000
119,11.3110000000,left_hand,2,0.6590118607,0.4382353624,-0.0112840195,1.0000000000
120,11.4060000000,left_hand,2,0.6779869596,0.4060663382,-0.0119783462,1.0000000000
121,11.5010000000,left_hand,2,0.6969620585,0.3738973141,-0.0126726730,1.0000000000
122,11.5960000000,left_hand,2,0.6969620585,0.3738973141,-0.0126726730,1.0000000000
123,11.6910000000,left_hand,2,0.6969620585,0.3738973141,-0.0126726730,1.0000000000
124,11.7860000000,left_hand,2,0.6969620585,0.3738973141,-0.0126726730,1.0000000000
53,5.0370000000,left_hand,3,0.4505280852,0.4321742654,-0.0102936691,1.0000000000
54,5.1330000000,left_hand,3,0.4468099475,0.4334281683,-0.0116216205,1.0000000000
55,5.2280000000,left_hand,3,0.4490062520,0.4297857359,-0.0147342635,1.0000000000
56,5.3230000000,left_hand,3,0.4512025565,0.4261433035,-0.0178469066,1.0000000000
57,5.4180000000,left_hand,3,0.4533988610,0.4225008711,-0.0209595496,1.0000000000
58,5.5130000000,left_hand,3,0.4555951655,0.4188584387,-0.0240721926,1.0000000000
59,5.6080000000,left_hand,3,0.5993787050,0.4377422929,-0.0135694621,1.0000000000
60,5.7030000000,left_hand,3,0.6052364111,0.4195125699,-0.0217324384,1.0000000000
61,5.7980000000,left_hand,3,0.6048540473,0.4061359465,-0.0248779524,1.0000000000
62,5.8930000000,left_hand,3,0.6134816408,0.4138008952,-0.0203757081,1.0000000000
63,5.9880000000,left_hand,3,0.6254988313,0.4194036722,-0.0184787717,1.0000000000
64,6.0830000000,left_hand,3,0.6116039753,0.4205852449,-0.0214325730,1.0000000000
65,6.1780000000,left_hand,3,0.6207921505,0.4247869551,-0.0233488996,1.0000000000
66,6.2730000000,left_hand,3,0.6270870566,0.4187327027,-0.0184045322,1.0000000000
67,6.3680000000,left_hand,3,0.6071249247,0.4219114780,-0.0154678645,1.0000000000
68,6.4630000000,left_hand,3,0.6128436923,0.4257142246,-0.0101536652,1.0000000000
69,6.5580000000,left_hand,3,0.6193347573,0.4320360124,-0.0067371833,1.0000000000
70,6.6530000000,left_hand,3,0.6079101562,0.4541150033,-0.0105104735,1.0000000000
71,6.7480000000,left_hand,3,0.6443458200,0.5684995055,-0.0261989813,1.0000000000
72,6.8430000000,left_hand,3,0.6169403791,0.5118857622,-0.0110505847,1.0000000000
73,6.9380000000,left_hand,3,0.6433712840,0.5611627102,-0.0241455846,1.0000000000
74,7.0330000000,left_hand,3,0.6267480254,0.4894351065,-0.0184086468,1.0000000000
75,7.1280000000,left_hand,3,0.6181882620,0.4795756936,-0.0041921162,1.0000000000
76,7.2240000000,left_hand,3,0.6202716827,0.4699620306,-0.0061555416,1.0000000000
77,7.3190000000,left_hand,3,0.6156002879,0.4622973204,-0.0112130195,1.0000000000
78,7.4140000000,left_hand,3,0.6115524769,0.4531441927,-0.0197977293,1.0000000000
79,7.5090000000,left_hand,3,0.6238873005,0.4351322055,-0.0121060647,1.0000000000
80,7.6040000000,left_hand,3,0.6101614634,0.4354769488,-0.0112861594,1.0000000000
81,7.6990000000,left_hand,3,0.5964356263,0.4358216921,-0.0104662540,1.0000000000
82,7.7940000000,left_hand,3,0.5827097893,0.4361664355,-0.0096463487,1.0000000000
83,7.8890000000,left_hand,3,0.6066788435,0.4107883573,-0.0170036070,1.0000000000
84,7.9840000000,left_hand,3,0.5929636359,0.4325201809,-0.0048542446,1.0000000000
85,8.0790000000,left_hand,3,0.5772352815,0.4269488156,-0.0052271071,1.0000000000
86,8.1740000000,left_hand,3,0.5688514113,0.4324665666,-0.0014144451,1.0000000000
87,8.2690000000,left_hand,3,0.4576819241,0.4663981795,-0.0132114887,1.0000000000
88,8.3640000000,left_hand,3,0.5724080205,0.4200690985,-0.0071169855,1.0000000000
89,8.4590000000,left_hand,3,0.5846041441,0.4192923307,-0.0048850691,1.0000000000
90,8.5540000000,left_hand,3,0.5857366323,0.4210847914,-0.0046867975,1.0000000000
91,8.6490000000,left_hand,3,0.5818857551,0.4444977045,-0.0052338587,1.0000000000
92,8.7440000000,left_hand,3,0.5748576522,0.4715172648,-0.0030410080,1.0000000000
93,8.8390000000,left_hand,3,0.5748198628,0.4743590057,-0.0007719898,1.0000000000
94,8.9340000000,left_hand,3,0.5747820735,0.4772007465,0.0014970284,1.0000000000
95,9.0290000000,left_hand,3,0.5707817078,0.4783374071,-0.0030990192,1.0000000000
96,9.1240000000,left_hand,3,0.5749233365,0.4707757384,-0.0161850585,1.0000000000
97,9.2200000000,left_hand,3,0.5790649652,0.4632140696,-0.0292710979,1.0000000000
98,9.3150000000,left_hand,3,0.5974861383,0.4472461641,-0.0243611131,1.0000000000
99,9.4100000000,left_hand,3,0.6082880497,0.4778073430,0.0053944048,1.0000000000
100,9.5050000000,left_hand,3,0.6060252488,0.4571039081,-0.0010342638,1.0000000000
101,9.6000000000,left_hand,3,0.6037624478,0.4364004731,-0.0074629323,1.0000000000
102,9.6950000000,left_hand,3,0.6055282950,0.4108824134,-0.0105546769,1.0000000000
103,9.7900000000,left_hand,3,0.4238871634,0.4242191315,-0.0217907913,1.0000000000
104,9.8850000000,left_hand,3,0.5236170739,0.3897665441,-0.0186206819,1.0000000000
105,9.9800000000,left_hand,3,0.6233469844,0.3553139567,-0.0154505726,1.0000000000
106,10.0750000000,left_hand,3,0.6312336922,0.3740214407,-0.0148101375,1.0000000000
107,10.1700000000,left_hand,3,0.6201518774,0.3818962574,-0.0160243176,1.0000000000
108,10.2650000000,left_hand,3,0.6047795415,0.3634828925,-0.0166976023,1.0000000000
109,10.3600000000,left_hand,3,0.6024594903,0.3603427410,-0.0211209171,1.0000000000
110,10.4550000000,left_hand,3,0.6006376743,0.3640243709,-0.0227217954,1.0000000000
111,10.5500000000,left_hand,3,0.5972654223,0.3655319214,-0.0240136459,1.0000000000
112,10.6450000000,left_hand,3,0.6018976569,0.3620981872,-0.0208056662,1.0000000000
113,10.7400000000,left_hand,3,0.6035248637,0.3512873352,-0.0165906269,1.0000000000
114,10.8350000000,left_hand,3,0.6064441800,0.3478565812,-0.0109359147,1.0000000000
115,10.9300000000,left_hand,3,0.5924396515,0.3702294528,-0.0092721609,1.0000000000
116,11.0250000000,left_hand,3,0.6171786189,0.3438105583,-0.0038237937,1.0000000000
117,11.1200000000,left_hand,3,0.6058909297,0.4135791957,-0.0088320645,1.0000000000
118,11.2150000000,left_hand,3,0.6230335236,0.4486402571,-0.0135203516,1.0000000000
119,11.3110000000,left_hand,3,0.6436328888,0.4133026699,-0.0156754162,1.0000000000
120,11.4060000000,left_hand,3,0.6642322540,0.3779650827,-0.0178304808,1.0000000000
121,11.5010000000,left_hand,3,0.6848316193,0.3426274955,-0.0199855454,1.0000000000
122,11.5960000000,left_hand,3,0.6848316193,0.3426274955,-0.0199855454,1.0000000000
123,11.6910000000,left_hand,3,0.6848316193,0.3426274955,-0.0199855454,1.0000000000
124,11.7860000000,left_hand,3,0.6848316193,0.3426274955,-0.0199855454,1.0000000000
53,5.0370000000,left_hand,4,0.4687455297,0.4397830069,-0.0135974232,1.0000000000
54,5.1330000000,left_hand,4,0.4646993876,0.4393546581,-0.0155849718,1.0000000000
55,5.2280000000,left_hand,4,0.4654580951,0.4369969070,-0.0183266210,1.0000000000
56,5.3230000000,left_hand,4,0.4662168026,0.4346391559,-0.0210682703,1.0000000000
57,5.4180000000,left_hand,4,0.4669755101,0.4322814047,-0.0238099196,1.0000000000
58,5.5130000000,left_hand,4,0.4677342176,0.4299236536,-0.0265515689,1.0000000000
59,5.6080000000,left_hand,4,0.5825876594,0.4313181937,-0.0179064106,1.0000000000
60,5.7030000000,left_hand,4,0.5868553519,0.4070692360,-0.0278739873,1.0000000000
61,5.7980000000,left_hand,4,0.5837032795,0.3929216266,-0.0309289675,1.0000000000
62,5.8930000000,left_hand,4,0.5956906080,0.4014492631,-0.0247450247,1.0000000000
63,5.9880000000,left_hand,4,0.6114320755,0.4041154385,-0.0247908551,1.0000000000
64,6.0830000000,left_hand,4,0.5908366442,0.4113266766,-0.0272797197,1.0000000000
65,6.1780000000,left_hand,4,0.6021304131,0.4132398367,-0.0286789741,1.0000000000
66,6.2730000000,left_hand,4,0.6123284101,0.4085390568,-0.0224496443,1.0000000000
67,6.3680000000,left_hand,4,0.5855587721,0.4132118523,-0.0192592200,1.0000000000
68,6.4630000000,left_hand,4,0.5956196189,0.4218271673,-0.0139212627,1.0000000000
69,6.5580000000,left_hand,4,0.6034050584,0.4348468184,-0.0112068849,1.0000000000
70,6.6530000000,left_hand,4,0.5904349685,0.4664073884,-0.0149056949,1.0000000000
71,6.7480000000,left_hand,4,0.6282637119,0.5807493329,-0.0337516852,1.0000000000
72,6.8430000000,left_hand,4,0.6010512114,0.5401784778,-0.0177317653,1.0000000000
73,6.9380000000,left_hand,4,0.6252263188,0.5824609399,-0.0302080605,1.0000000000
74,7.0330000000,left_hand,4,0.6115643382,0.5178184509,-0.0271909479,1.0000000000
75,7.1280000000,left_hand,4,0.6032693386,0.5057539344,-0.0083527574,1.0000000000
76,7.2240000000,left_hand,4,0.6015980244,0.4849402606,-0.0107491659,1.0000000000
77,7.3190000000,left_hand,4,0.5943895578,0.4728755951,-0.0154171158,1.0000000000
78,7.4140000000,left_hand,4,0.5881348848,0.4614263177,-0.0275183842,1.0000000000
79,7.5090000000,left_hand,4,0.6089197397,0.4560012519,-0.0178980902,1.0000000000
80,7.6040000000,left_hand,4,0.5928260088,0.4545543889,-0.0170955279,1.0000000000
81,7.6990000000,left_hand,4,0.5767322779,0.4531075259,-0.0162929657,1.0000000000
82,7.7940000000,left_hand,4,0.5606385469,0.4516606629,-0.0154904034,1.0000000000
83,7.8890000000,left_hand,4,0.5951046348,0.4005511403,-0.0235269815,1.0000000000
84,7.9840000000,left_hand,4,0.5788275003,0.4317300916,-0.0087261312,1.0000000000
85,8.0790000000,left_hand,4,0.5626871586,0.4335986972,-0.0095647248,1.0000000000
86,8.1740000000,left_hand,4,0.5533006787,0.4497531056,-0.0049990206,1.0000000000
87,8.2690000000,left_hand,4,0.4767237902,0.4763426185,-0.0162598900,1.0000000000
88,8.3640000000,left_hand,4,0.5560525060,0.4430857301,-0.0120874159,1.0000000000
89,8.4590000000,left_hand,4,0.5690873265,0.4347789586,-0.0104872910,1.0000000000
90,8.5540000000,left_hand,4,0.5704990625,0.4277241230,-0.0082654115,1.0000000000
91,8.6490000000,left_hand,4,0.5676440001,0.4561772346,-0.0081177438,1.0000000000
92,8.7440000000,left_hand,4,0.5631821752,0.4885825217,-0.0048399796,1.0000000000
93,8.8390000000,left_hand,4,0.5644713640,0.4927561730,-0.0023876168,1.0000000000
94,8.9340000000,left_hand,4,0.5657605529,0.4969298244,0.0000647461,1.0000000000
95,9.0290000000,left_hand,4,0.5595100522,0.4996733069,-0.0054642279,1.0000000000
96,9.1240000000,left_hand,4,0.5619010627,0.4897895157,-0.0223739119,1.0000000000
97,9.2200000000,left_hand,4,0.5642920732,0.4799057245,-0.0392835960,1.0000000000
98,9.3150000000,left_hand,4,0.5818111897,0.4657680690,-0.0329289772,1.0000000000
99,9.4100000000,left_hand,4,0.5912888050,0.4848328531,0.0002162429,1.0000000000
100,9.5050000000,left_hand,4,0.5908658206,0.4629650563,-0.0056872591,1.0000000000
101,9.6000000000,left_hand,4,0.5904428363,0.4410972595,-0.0115907611,1.0000000000
102,9.6950000000,left_hand,4,0.5897313356,0.4187557101,-0.0141402846,1.0000000000
103,9.7900000000,left_hand,4,0.4398708940,0.4279070795,-0.0269630291,1.0000000000
104,9.8850000000,left_hand,4,0.5235268474,0.3884767890,-0.0234974977,1.0000000000
105,9.9800000000,left_hand,4,0.6071828008,0.3490464985,-0.0200319663,1.0000000000
106,10.0750000000,left_hand,4,0.6186527610,0.3622430563,-0.0201015975,1.0000000000
107,10.1700000000,left_hand,4,0.6058899164,0.3692377210,-0.0204938967,1.0000000000
108,10.2650000000,left_hand,4,0.5847327113,0.3652845323,-0.0226847194,1.0000000000
109,10.3600000000,left_hand,4,0.5820297599,0.3649818897,-0.0284961276,1.0000000000
110,10.4550000000,left_hand,4,0.5786849260,0.3693021834,-0.0277758390,1.0000000000
111,10.5500000000,left_hand,4,0.5746613741,0.3641440272,-0.0292664878,1.0000000000
112,10.6450000000,left_hand,4,0.5790770054,0.3609212935,-0.0252325907,1.0000000000
113,10.7400000000,left_hand,4,0.5820820928,0.3543700576,-0.0203211326,1.0000000000
114,10.8350000000,left_hand,4,0.5851284266,0.3468605280,-0.0157304164,1.0000000000
115,10.9300000000,left_hand,4,0.5704630613,0.3723082840,-0.0102867195,1.0000000000
116,11.0250000000,left_hand,4,0.6011564136,0.3404263258,-0.0056624738,1.0000000000
117,11.1200000000,left_hand,4,0.5867978930,0.4005868435,-0.0110757602,1.0000000000
118,11.2150000000,left_hand,4,0.6096054912,0.4261671901,-0.0159456600,1.0000000000
119,11.3110000000,left_hand,4,0.6306521893,0.3930545946,-0.0200413099,1.0000000000
120,11.4060000000,left_hand,4,0.6516988873,0.3599419991,-0.0241369599,1.0000000000
121,11.5010000000,left_hand,4,0.6727455854,0.3268294036,-0.0282326099,1.0000000000
122,11.5960000000,left_hand,4,0.6727455854,0.3268294036,-0.0282326099,1.0000000000
123,11.6910000000,left_hand,4,0.6727455854,0.3268294036,-0.0282326099,1.0000000000
124,11.7860000000,left_hand,4,0.6727455854,0.3268294036,-0.0282326099,1.0000000000
53,5.0370000000,left_hand,5,0.4266306162,0.4440433681,-0.0182558037,1.0000000000
54,5.1330000000,left_hand,5,0.4242704809,0.4474644065,-0.0192834865,1.0000000000
55,5.2280000000,left_hand,5,0.4280417189,0.4569323137,-0.0210511284,1.0000000000
56,5.3230000000,left_hand,5,0.4318129569,0.4664002210,-0.0228187703,1.0000000000
57,5.4180000000,left_hand,5,0.4355841950,0.4758681282,-0.0245864121,1.0000000000
58,5.5130000000,left_hand,5,0.4393554330,0.4853360355,-0.0263540540,1.0000000000
59,5.6080000000,left_hand,5,0.6176138520,0.4694843590,-0.0212959815,1.0000000000
60,5.7030000000,left_hand,5,0.6148957014,0.4715003967,-0.0254126545,1.0000000000
61,5.7980000000,left_hand,5,0.6284214258,0.4615590870,-0.0376663357,1.0000000000
62,5.8930000000,left_hand,5,0.6299276948,0.4620388150,-0.0314218327,1.0000000000
63,5.9880000000,left_hand,5,0.6317589879,0.4612607062,-0.0288978834,1.0000000000
64,6.0830000000,left_hand,5,0.6298286915,0.4732605517,-0.0320227332,1.0000000000
65,6.1780000000,left_hand,5,0.6253815889,0.4813478887,-0.0307843704,1.0000000000
66,6.2730000000,left_hand,5,0.6266086698,0.4815374911,-0.0246135965,1.0000000000
67,6.3680000000,left_hand,5,0.6292514205,0.4685484767,-0.0236695949,1.0000000000
68,6.4630000000,left_hand,5,0.6281335950,0.4640361369,-0.0199501272,1.0000000000
69,6.5580000000,left_hand,5,0.6304656863,0.4589162767,-0.0175599679,1.0000000000
70,6.6530000000,left_hand,5,0.6248929501,0.4778899550,-0.0188090205,1.0000000000
71,6.7480000000,left_hand,5,0.6479582191,0.4894182980,-0.0245017894,1.0000000000
72,6.8430000000,left_hand,5,0.6331293583,0.4572331607,-0.0172118936,1.0000000000
73,6.9380000000,left_hand,5,0.6442933679,0.4715380967,-0.0224343631,1.0000000000
74,7.0330000000,left_hand,5,0.6446276307,0.4626482129,-0.0261510536,1.0000000000
75,7.1280000000,left_hand,5,0.6438634396,0.4650458694,-0.0172525868,1.0000000000
76,7.2240000000,left_hand,5,0.6452609897,0.4760007262,-0.0180891883,1.0000000000
77,7.3190000000,left_hand,5,0.6452205777,0.4730349481,-0.0209797993,1.0000000000
78,7.4140000000,left_hand,5,0.6452489495,0.4391077161,-0.0355136655,1.0000000000
79,7.5090000000,left_hand,5,0.6460889578,0.4487453699,-0.0266231187,1.0000000000
80,7.6040000000,left_hand,5,0.6386251251,0.4346558849,-0.0257566671,1.0000000000
81,7.6990000000,left_hand,5,0.6311612924,0.4205663999,-0.0248902154,1.0000000000
82,7.7940000000,left_hand,5,0.6236974597,0.4064769149,-0.0240237638,1.0000000000
83,7.8890000000,left_hand,5,0.6083175540,0.4472446442,-0.0169548336,1.0000000000
84,7.9840000000,left_hand,5,0.6008729339,0.4509584308,-0.0104147187,1.0000000000
85,8.0790000000,left_hand,5,0.5888936520,0.4262155890,-0.0131418621,1.0000000000
86,8.1740000000,left_hand,5,0.5871813893,0.4150747657,-0.0128332684,1.0000000000
87,8.2690000000,left_hand,5,0.4346766472,0.4629958272,-0.0219631679,1.0000000000
88,8.3640000000,left_hand,5,0.5951125622,0.4068614841,-0.0220048875,1.0000000000
89,8.4590000000,left_hand,5,0.6031402349,0.4319479465,-0.0160047971,1.0000000000
90,8.5540000000,left_hand,5,0.6005383134,0.4540804029,-0.0149176661,1.0000000000
91,8.6490000000,left_hand,5,0.5969872475,0.4641135633,-0.0129270470,1.0000000000
92,8.7440000000,left_hand,5,0.5867671967,0.4886684418,-0.0093264403,1.0000000000
93,8.8390000000,left_hand,5,0.5838038325,0.4899993688,-0.0069476836,1.0000000000
94,8.9340000000,left_hand,5,0.5808404684,0.4913302958,-0.0045689270,1.0000000000
95,9.0290000000,left_hand,5,0.5905629396,0.4937429428,-0.0105425594,1.0000000000
96,9.1240000000,left_hand,5,0.6032958329,0.4809239656,-0.0228124554,1.0000000000
97,9.2200000000,left_hand,5,0.6160287261,0.4681049883,-0.0350823514,1.0000000000
98,9.3150000000,left_hand,5,0.6290025711,0.4555152357,-0.0368904807,1.0000000000
99,9.4100000000,left_hand,5,0.6397655010,0.4624442458,-0.0122655649,1.0000000000
100,9.5050000000,left_hand,5,0.6301488280,0.4528391957,-0.0151370279,1.0000000000
101,9.6000000000,left_hand,5,0.6205321550,0.4432341456,-0.0180084910,1.0000000000
102,9.6950000000,left_hand,5,0.6282868981,0.4252437055,-0.0220603812,1.0000000000
103,9.7900000000,left_hand,5,0.4224203229,0.4524255395,-0.0182919912,1.0000000000
104,9.8850000000,left_hand,5,0.5265838802,0.4278973639,-0.0199783314,1.0000000000
105,9.9800000000,left_hand,5,0.6307474375,0.4033691883,-0.0216646716,1.0000000000
106,10.0750000000,left_hand,5,0.6361020803,0.4173636436,-0.0201112889,1.0000000000
107,10.1700000000,left_hand,5,0.6232146621,0.4189856350,-0.0230903551,1.0000000000
108,10.2650000000,left_hand,5,0.6227182150,0.4074298143,-0.0337579064,1.0000000000
109,10.3600000000,left_hand,5,0.6290475130,0.4110631347,-0.0398351699,1.0000000000
110,10.4550000000,left_hand,5,0.6252323985,0.4223988056,-0.0378841572,1.0000000000
111,10.5500000000,left_hand,5,0.6233691573,0.4196315706,-0.0385790169,1.0000000000
112,10.6450000000,left_hand,5,0.6187954545,0.4180635810,-0.0342801437,1.0000000000
113,10.7400000000,left_hand,5,0.6143345833,0.4025141299,-0.0276911799,1.0000000000
114,10.8350000000,left_hand,5,0.6097093225,0.4023947120,-0.0206486266,1.0000000000
115,10.9300000000,left_hand,5,0.6137700677,0.3902224004,-0.0226946771,1.0000000000
116,11.0250000000,left_hand,5,0.6084482670,0.3956761360,-0.0101275761,1.0000000000
117,11.1200000000,left_hand,5,0.6297461390,0.4031011462,-0.0146798203,1.0000000000
118,11.2150000000,left_hand,5,0.6439301968,0.4212293923,-0.0142881209,1.0000000000
119,11.3110000000,left_hand,5,0.6644098361,0.4113603036,-0.0192339650,1.0000000000
120,11.4060000000,left_hand,5,0.6848894755,0.4014912148,-0.0241798091,1.0000000000
121,11.5010000000,left_hand,5,0.7053691149,0.3916221261,-0.0291256532,1.0000000000
122,11.5960000000,left_hand,5,0.7053691149,0.3916221261,-0.0291256532,1.0000000000
123,11.6910000000,left_hand,5,0.7053691149,0.3916221261,-0.0291256532,1.0000000000
124,11.7860000000,left_hand,5,0.7053691149,0.3916221261,-0.0291256532,1.0000000000
53,5.0370000000,left_hand,6,0.4542806149,0.4480975568,-0.0238298997,1.0000000000
54,5.1330000000,left_hand,6,0.4533051848,0.4545476735,-0.0259247497,1.0000000000
55,5.2280000000,left_hand,6,0.4575202912,0.4626135007,-0.0271114530,1.0000000000
56,5.3230000000,left_hand,6,0.4617353976,0.4706793278,-0.0282981563,1.0000000000
57,5.4180000000,left_hand,6,0.4659505039,0.4787451550,-0.0294848597,1.0000000000
58,5.5130000000,left_hand,6,0.4701656103,0.4868109822,-0.0306715630,1.0000000000
59,5.6080000000,left_hand,6,0.5822388530,0.4586248696,-0.0289865509,1.0000000000
60,5.7030000000,left_hand,6,0.5829674006,0.4500733614,-0.0351506323,1.0000000000
61,5.7980000000,left_hand,6,0.5880402327,0.4340887964,-0.0486824103,1.0000000000
62,5.8930000000,left_hand,6,0.5944796801,0.4316498935,-0.0402838998,1.0000000000
63,5.9880000000,left_hand,6,0.5965557694,0.4321534038,-0.0390729271,1.0000000000
64,6.0830000000,left_hand,6,0.5874518752,0.4586901069,-0.0419550240,1.0000000000
65,6.1780000000,left_hand,6,0.5820314288,0.4690454304,-0.0389981940,1.0000000000
66,6.2730000000,left_hand,6,0.5853289366,0.4745495319,-0.0312149692,1.0000000000
67,6.3680000000,left_hand,6,0.5903716087,0.4553127885,-0.0299072023,1.0000000000
68,6.4630000000,left_hand,6,0.5901569724,0.4575627744,-0.0256559569,1.0000000000
69,6.5580000000,left_hand,6,0.5947083831,0.4683443010,-0.0249091890,1.0000000000
70,6.6530000000,left_hand,6,0.5906249285,0.4875293970,-0.0261081848,1.0000000000
71,6.7480000000,left_hand,6,0.6095134020,0.5063476562,-0.0328827836,1.0000000000
72,6.8430000000,left_hand,6,0.6049785614,0.5097964406,-0.0283876508,1.0000000000
73,6.9380000000,left_hand,6,0.6150060296,0.5272857547,-0.0332591161,1.0000000000
74,7.0330000000,left_hand,6,0.6180036664,0.5170658231,-0.0397651419,1.0000000000
75,7.1280000000,left_hand,6,0.6192690134,0.5154336691,-0.0250549726,1.0000000000
76,7.2240000000,left_hand,6,0.6185241342,0.5237998962,-0.0259203743,1.0000000000
77,7.3190000000,left_hand,6,0.6152334213,0.5142784119,-0.0288915373,1.0000000000
78,7.4140000000,left_hand,6,0.6076893210,0.4753459096,-0.0463307425,1.0000000000
79,7.5090000000,left_hand,6,0.6085183024,0.4851138592,-0.0353658050,1.0000000000
80,7.6040000000,left_hand,6,0.5999814471,0.4656747480,-0.0333862044,1.0000000000
81,7.6990000000,left_hand,6,0.5914445917,0.4462356369,-0.0314066038,1.0000000000
82,7.7940000000,left_hand,6,0.5829077363,0.4267965257,-0.0294270031,1.0000000000
83,7.8890000000,left_hand,6,0.5797141194,0.4608781040,-0.0256100893,1.0000000000
84,7.9840000000,left_hand,6,0.5732530355,0.4611279666,-0.0177518073,1.0000000000
85,8.0790000000,left_hand,6,0.5559143424,0.4422302842,-0.0205256753,1.0000000000
86,8.1740000000,left_hand,6,0.5519368649,0.4386324584,-0.0206020512,1.0000000000
87,8.2690000000,left_hand,6,0.4717787206,0.4757206738,-0.0277417786,1.0000000000
88,8.3640000000,left_hand,6,0.5547469258,0.4378623664,-0.0305596869,1.0000000000
89,8.4590000000,left_hand,6,0.5693399310,0.4583655298,-0.0243114009,1.0000000000
90,8.5540000000,left_hand,6,0.5677012205,0.4785180688,-0.0210262071,1.0000000000
91,8.6490000000,left_hand,6,0.5671961904,0.4918017387,-0.0187810417,1.0000000000
92,8.7440000000,left_hand,6,0.5593412519,0.5152924657,-0.0134358741,1.0000000000
93,8.8390000000,left_hand,6,0.5566777289,0.5177795887,-0.0104303085,1.0000000000
94,8.9340000000,left_hand,6,0.5540142059,0.5202667117,-0.0074247429,1.0000000000
95,9.0290000000,left_hand,6,0.5605414510,0.5278453827,-0.0150750121,1.0000000000
96,9.1240000000,left_hand,6,0.5768933892,0.5117410272,-0.0313223540,1.0000000000
97,9.2200000000,left_hand,6,0.5932453275,0.4956366718,-0.0475696959,1.0000000000
98,9.3150000000,left_hand,6,0.6034442782,0.4830048680,-0.0485112406,1.0000000000
99,9.4100000000,left_hand,6,0.6056460142,0.4988994002,-0.0130809238,1.0000000000
100,9.5050000000,left_hand,6,0.5981381238,0.4705058634,-0.0189769468,1.0000000000
101,9.6000000000,left_hand,6,0.5906302333,0.4421123266,-0.0248729698,1.0000000000
102,9.6950000000,left_hand,6,0.5930724144,0.4211348593,-0.0291823111,1.0000000000
103,9.7900000000,left_hand,6,0.4526577890,0.4661568701,-0.0270339418,1.0000000000
104,9.8850000000,left_hand,6,0.5234972090,0.4259994775,-0.0281150816,1.0000000000
105,9.9800000000,left_hand,6,0.5943366289,0.3858420849,-0.0291962214,1.0000000000
106,10.0750000000,left_hand,6,0.6045348048,0.3891716897,-0.0287220031,1.0000000000
107,10.1700000000,left_hand,6,0.5843657851,0.3929091692,-0.0308252107,1.0000000000
108,10.2650000000,left_hand,6,0.5787030458,0.3803919256,-0.0448432602,1.0000000000
109,10.3600000000,left_hand,6,0.5811979771,0.3833520412,-0.0518131219,1.0000000000
110,10.4550000000,left_hand,6,0.5791708231,0.3936150670,-0.0479684509,1.0000000000
111,10.5500000000,left_hand,6,0.5777322054,0.3918238580,-0.0486544408,1.0000000000
112,10.6450000000,left_hand,6,0.5745885968,0.3923594058,-0.0428211875,1.0000000000
113,10.7400000000,left_hand,6,0.5698407292,0.3797167540,-0.0345573202,1.0000000000
114,10.8350000000,left_hand,6,0.5674691200,0.3812671900,-0.0278550945,1.0000000000
115,10.9300000000,left_hand,6,0.5675652623,0.3704861999,-0.0275844168,1.0000000000
116,11.0250000000,left_hand,6,0.5743488669,0.3719916940,-0.0143058700,1.0000000000
117,11.1200000000,left_hand,6,0.5975148678,0.3630464375,-0.0181152802,1.0000000000
118,11.2150000000,left_hand,6,0.6166073084,0.3811889291,-0.0175695643,1.0000000000
119,11.3110000000,left_hand,6,0.6374074419,0.3765924970,-0.0242331425,1.0000000000
120,11.4060000000,left_hand,6,0.6582075755,0.3719960650,-0.0308967208,1.0000000000
121,11.5010000000,left_hand,6,0.6790077090,0.3673996329,-0.0375602990,1.0000000000
122,11.5960000000,left_hand,6,0.6790077090,0.3673996329,-0.0375602990,1.0000000000
123,11.6910000000,left_hand,6,0.6790077090,0.3673996329,-0.0375602990,1.0000000000
124,11.7860000000,left_hand,6,0.6790077090,0.3673996329,-0.0375602990,1.0000000000
53,5.0370000000,left_hand,7,0.4713598490,0.4543035030,-0.0247410275,1.0000000000
54,5.1330000000,left_hand,7,0.4693629146,0.4629306793,-0.0275337417,1.0000000000
55,5.2280000000,left_hand,7,0.4709675685,0.4654089659,-0.0277113239,1.0000000000
56,5.3230000000,left_hand,7,0.4725722224,0.4678872526,-0.0278889062,1.0000000000
57,5.4180000000,left_hand,7,0.4741768762,0.4703655392,-0.0280664884,1.0000000000
58,5.5130000000,left_hand,7,0.4757815301,0.4728438258,-0.0282440707,1.0000000000
59,5.6080000000,left_hand,7,0.5642231703,0.4501690269,-0.0304688271,1.0000000000
60,5.7030000000,left_hand,7,0.5662557483,0.4352776110,-0.0376222804,1.0000000000
61,5.7980000000,left_hand,7,0.5706971288,0.4177463055,-0.0489132032,1.0000000000
62,5.8930000000,left_hand,7,0.5794297457,0.4124502540,-0.0402020924,1.0000000000
63,5.9880000000,left_hand,7,0.5815023184,0.4144420326,-0.0401480719,1.0000000000
64,6.0830000000,left_hand,7,0.5676975846,0.4427745938,-0.0426324792,1.0000000000
65,6.1780000000,left_hand,7,0.5622923374,0.4551740587,-0.0392344669,1.0000000000
66,6.2730000000,left_hand,7,0.5663499832,0.4652467370,-0.0307638850,1.0000000000
67,6.3680000000,left_hand,7,0.5731558204,0.4493457675,-0.0298070330,1.0000000000
68,6.4630000000,left_hand,7,0.5719544888,0.4560768008,-0.0254228190,1.0000000000
69,6.5580000000,left_hand,7,0.5752647519,0.4767187536,-0.0272069834,1.0000000000
70,6.6530000000,left_hand,7,0.5703287721,0.4932628572,-0.0288381483,1.0000000000
71,6.7480000000,left_hand,7,0.5917161107,0.5231819749,-0.0362582803,1.0000000000
72,6.8430000000,left_hand,7,0.5910947323,0.5461804867,-0.0353339165,1.0000000000
73,6.9380000000,left_hand,7,0.6024981141,0.5674834251,-0.0398078933,1.0000000000
74,7.0330000000,left_hand,7,0.6061480045,0.5491068363,-0.0471353643,1.0000000000
75,7.1280000000,left_hand,7,0.6083037257,0.5433724523,-0.0285109952,1.0000000000
76,7.2240000000,left_hand,7,0.6107344627,0.5441009998,-0.0287419725,1.0000000000
77,7.3190000000,left_hand,7,0.6043868661,0.5306285024,-0.0308185928,1.0000000000
78,7.4140000000,left_hand,7,0.5935347080,0.4911231697,-0.0476481393,1.0000000000
79,7.5090000000,left_hand,7,0.5919637084,0.5006401539,-0.0374210104,1.0000000000
80,7.6040000000,left_hand,7,0.5807488362,0.4836045702,-0.0353062507,1.0000000000
81,7.6990000000,left_hand,7,0.5695339640,0.4665689866,-0.0331914909,1.0000000000
82,7.7940000000,left_hand,7,0.5583190918,0.4495334029,-0.0310767312,1.0000000000
83,7.8890000000,left_hand,7,0.5636624098,0.4673596323,-0.0300812945,1.0000000000
84,7.9840000000,left_hand,7,0.5568230748,0.4697268009,-0.0216901712,1.0000000000
85,8.0790000000,left_hand,7,0.5384684801,0.4608180225,-0.0234855507,1.0000000000
86,8.1740000000,left_hand,7,0.5361372232,0.4600952268,-0.0241825115,1.0000000000
87,8.2690000000,left_hand,7,0.4907127619,0.4799930453,-0.0280290581,1.0000000000
88,8.3640000000,left_hand,7,0.5378463268,0.4622597098,-0.0333019681,1.0000000000
89,8.4590000000,left_hand,7,0.5574735403,0.4746962786,-0.0279160663,1.0000000000
90,8.5540000000,left_hand,7,0.5524133444,0.4937866032,-0.0225339010,1.0000000000
91,8.6490000000,left_hand,7,0.5540745854,0.5086874962,-0.0209085848,1.0000000000
92,8.7440000000,left_hand,7,0.5452685356,0.5305907726,-0.0149336420,1.0000000000
93,8.8390000000,left_hand,7,0.5428750813,0.5337273777,-0.0119394525,1.0000000000
94,8.9340000000,left_hand,7,0.5404816270,0.5368639827,-0.0089452630,1.0000000000
95,9.0290000000,left_hand,7,0.5470241904,0.5415971875,-0.0161739327,1.0000000000
96,9.1240000000,left_hand,7,0.5617555976,0.5307167470,-0.0360182375,1.0000000000
97,9.2200000000,left_hand,7,0.5764870048,0.5198363066,-0.0558625422,1.0000000000
98,9.3150000000,left_hand,7,0.5861747265,0.4990549088,-0.0539317653,1.0000000000
99,9.4100000000,left_hand,7,0.5837237835,0.5151365399,-0.0114479987,1.0000000000
100,9.5050000000,left_hand,7,0.5782245100,0.4779173732,-0.0191370309,1.0000000000
101,9.6000000000,left_hand,7,0.5727252364,0.4406982064,-0.0268260632,1.0000000000
102,9.6950000000,left_hand,7,0.5749058127,0.4210293591,-0.0298322048,1.0000000000
103,9.7900000000,left_hand,7,0.4723721147,0.4741229117,-0.0318208151,1.0000000000
104,9.8850000000,left_hand,7,0.5238922238,0.4254205227,-0.0312173404,1.0000000000
105,9.9800000000,left_hand,7,0.5754123330,0.3767181337,-0.0306138657,1.0000000000
106,10.0750000000,left_hand,7,0.5865412951,0.3753196597,-0.0312605649,1.0000000000
107,10.1700000000,left_hand,7,0.5648028851,0.3796275854,-0.0318217240,1.0000000000
108,10.2650000000,left_hand,7,0.5577424169,0.3678974211,-0.0466373861,1.0000000000
109,10.3600000000,left_hand,7,0.5583266020,0.3694545031,-0.0537400842,1.0000000000
110,10.4550000000,left_hand,7,0.5571388006,0.3768990040,-0.0490893535,1.0000000000
111,10.5500000000,left_hand,7,0.5562816858,0.3759468794,-0.0494324937,1.0000000000
112,10.6450000000,left_hand,7,0.5543527603,0.3801017106,-0.0424118787,1.0000000000
113,10.7400000000,left_hand,7,0.5506322384,0.3678457141,-0.0338990465,1.0000000000
114,10.8350000000,left_hand,7,0.5480434895,0.3711802661,-0.0286236089,1.0000000000
115,10.9300000000,left_hand,7,0.5502669811,0.3665999174,-0.0256959982,1.0000000000
116,11.0250000000,left_hand,7,0.5580152273,0.3616076112,-0.0153149841,1.0000000000
117,11.1200000000,left_hand,7,0.5815185308,0.3488073349,-0.0174625330,1.0000000000
118,11.2150000000,left_hand,7,0.6000024676,0.3633108735,-0.0175069328,1.0000000000
119,11.3110000000,left_hand,7,0.6218340993,0.3647282223,-0.0245866763,1.0000000000
120,11.4060000000,left_hand,7,0.6436657310,0.3661455711,-0.0316664198,1.0000000000
121,11.5010000000,left_hand,7,0.6654973626,0.3675629199,-0.0387461632,1.0000000000
122,11.5960000000,left_hand,7,0.6654973626,0.3675629199,-0.0387461632,1.0000000000
123,11.6910000000,left_hand,7,0.6654973626,0.3675629199,-0.0387461632,1.0000000000
124,11.7860000000,left_hand,7,0.6654973626,0.3675629199,-0.0387461632,1.0000000000
53,5.0370000000,left_hand,8,0.4817009270,0.4594274759,-0.0248758849,1.0000000000
54,5.1330000000,left_hand,8,0.4790056646,0.4696688950,-0.0277857259,1.0000000000
55,5.2280000000,left_hand,8,0.4771703631,0.4676323533,-0.0271476121,1.0000000000
56,5.3230000000,left_hand,8,0.4753350616,0.4655958116,-0.0265094982,1.0000000000
57,5.4180000000,left_hand,8,0.4734997600,0.4635592699,-0.0258713844,1.0000000000
58,5.5130000000,left_hand,8,0.4716644585,0.4615227282,-0.0252332706,1.0000000000
59,5.6080000000,left_hand,8,0.5524865389,0.4435615540,-0.0302884560,1.0000000000
60,5.7030000000,left_hand,8,0.5563353300,0.4239352047,-0.0379479714,1.0000000000
61,5.7980000000,left_hand,8,0.5612112284,0.4048782587,-0.0471141338,1.0000000000
62,5.8930000000,left_hand,8,0.5714620948,0.3988276720,-0.0381835029,1.0000000000
63,5.9880000000,left_hand,8,0.5739980936,0.4008142948,-0.0387013517,1.0000000000
64,6.0830000000,left_hand,8,0.5571866035,0.4297958612,-0.0405002050,1.0000000000
65,6.1780000000,left_hand,8,0.5513821840,0.4428196549,-0.0370508693,1.0000000000
66,6.2730000000,left_hand,8,0.5558143258,0.4557720721,-0.0282808449,1.0000000000
67,6.3680000000,left_hand,8,0.5636141300,0.4451141655,-0.0282665715,1.0000000000
68,6.4630000000,left_hand,8,0.5625414848,0.4564822316,-0.0234699845,1.0000000000
69,6.5580000000,left_hand,8,0.5626680851,0.4829564095,-0.0274301991,1.0000000000
70,6.6530000000,left_hand,8,0.5574806333,0.4976212978,-0.0294740088,1.0000000000
71,6.7480000000,left_hand,8,0.5793027878,0.5388839245,-0.0379980952,1.0000000000
72,6.8430000000,left_hand,8,0.5816304088,0.5736973286,-0.0398519076,1.0000000000
73,6.9380000000,left_hand,8,0.5951247215,0.5953364372,-0.0435212366,1.0000000000
74,7.0330000000,left_hand,8,0.5983002782,0.5723172426,-0.0513896644,1.0000000000
75,7.1280000000,left_hand,8,0.6022570729,0.5625316501,-0.0301677305,1.0000000000
76,7.2240000000,left_hand,8,0.6088704467,0.5535748005,-0.0296003092,1.0000000000
77,7.3190000000,left_hand,8,0.6007241607,0.5380011797,-0.0307572428,1.0000000000
78,7.4140000000,left_hand,8,0.5864793658,0.4981332421,-0.0471386425,1.0000000000
79,7.5090000000,left_hand,8,0.5818284750,0.5085929036,-0.0375720635,1.0000000000
80,7.6040000000,left_hand,8,0.5676069657,0.4944930275,-0.0358857823,1.0000000000
81,7.6990000000,left_hand,8,0.5533854564,0.4803931514,-0.0341995011,1.0000000000
82,7.7940000000,left_hand,8,0.5391639471,0.4662932754,-0.0325132199,1.0000000000
83,7.8890000000,left_hand,8,0.5537968278,0.4714847803,-0.0322795697,1.0000000000
84,7.9840000000,left_hand,8,0.5449567437,0.4768477678,-0.0242516212,1.0000000000
85,8.0790000000,left_hand,8,0.5282122493,0.4775152206,-0.0246985741,1.0000000000
86,8.1740000000,left_hand,8,0.5275634527,0.4770687819,-0.0256487094,1.0000000000
87,8.2690000000,left_hand,8,0.5039149523,0.4802265763,-0.0272166543,1.0000000000
88,8.3640000000,left_hand,8,0.5287621021,0.4801629186,-0.0339452326,1.0000000000
89,8.4590000000,left_hand,8,0.5513604879,0.4861991704,-0.0293817446,1.0000000000
90,8.5540000000,left_hand,8,0.5422086716,0.5029040575,-0.0227131750,1.0000000000
91,8.6490000000,left_hand,8,0.5453240871,0.5197555423,-0.0219301414,1.0000000000
92,8.7440000000,left_hand,8,0.5356620550,0.5413771868,-0.0153853102,1.0000000000
93,8.8390000000,left_hand,8,0.5330539346,0.5454115272,-0.0124871288,1.0000000000
94,8.9340000000,left_hand,8,0.5304458141,0.5494458675,-0.0095889475,1.0000000000
95,9.0290000000,left_hand,8,0.5384613872,0.5498260856,-0.0160495695,1.0000000000
96,9.1240000000,left_hand,8,0.5499489307,0.5431688428,-0.0387262208,1.0000000000
97,9.2200000000,left_hand,8,0.5614364743,0.5365116000,-0.0614028722,1.0000000000
98,9.3150000000,left_hand,8,0.5726432204,0.5115262866,-0.0573032685,1.0000000000
99,9.4100000000,left_hand,8,0.5685360432,0.5211240649,-0.0113370698,1.0000000000
100,9.5050000000,left_hand,8,0.5647441149,0.4810526520,-0.0193290394,1.0000000000
101,9.6000000000,left_hand,8,0.5609521866,0.4409812391,-0.0273210090,1.0000000000
102,9.6950000000,left_hand,8,0.5639781356,0.4229551852,-0.0289689209,1.0000000000
103,9.7900000000,left_hand,8,0.4866560400,0.4794099629,-0.0345017649,1.0000000000
104,9.8850000000,left_hand,8,0.5250193924,0.4247746915,-0.0324218562,1.0000000000
105,9.9800000000,left_hand,8,0.5633827448,0.3701394200,-0.0303419475,1.0000000000
106,10.0750000000,left_hand,8,0.5740169287,0.3660054803,-0.0318804644,1.0000000000
107,10.1700000000,left_hand,8,0.5508626103,0.3708980978,-0.0308806635,1.0000000000
108,10.2650000000,left_hand,8,0.5439489484,0.3596379161,-0.0458303839,1.0000000000
109,10.3600000000,left_hand,8,0.5421136022,0.3593447506,-0.0533282571,1.0000000000
110,10.4550000000,left_hand,8,0.5413666368,0.3646000028,-0.0481908210,1.0000000000
111,10.5500000000,left_hand,8,0.5415360928,0.3644934595,-0.0480141528,1.0000000000
112,10.6450000000,left_hand,8,0.5417178869,0.3727152944,-0.0398435779,1.0000000000
113,10.7400000000,left_hand,8,0.5389741659,0.3598071337,-0.0314218737,1.0000000000
114,10.8350000000,left_hand,8,0.5364618897,0.3652599156,-0.0273906756,1.0000000000
115,10.9300000000,left_hand,8,0.5410196781,0.3647696078,-0.0224804655,1.0000000000
116,11.0250000000,left_hand,8,0.5472566485,0.3550904393,-0.0148436558,1.0000000000
117,11.1200000000,left_hand,8,0.5712632537,0.3406378627,-0.0158271678,1.0000000000
118,11.2150000000,left_hand,8,0.5876644850,0.3510440886,-0.0168941803,1.0000000000
119,11.3110000000,left_hand,8,0.6108292937,0.3572525183,-0.0242430605,1.0000000000
120,11.4060000000,left_hand,8,0.6339941025,0.3634609481,-0.0315919407,1.0000000000
121,11.5010000000,left_hand,8,0.6571589112,0.3696693778,-0.0389408208,1.0000000000
122,11.5960000000,left_hand,8,0.6571589112,0.3696693778,-0.0389408208,1.0000000000
123,11.6910000000,left_hand,8,0.6571589112,0.3696693778,-0.0389408208,1.0000000000
124,11.7860000000,left_hand,8,0.6571589112,0.3696693778,-0.0389408208,1.0000000000
53,5.0370000000,left_hand,9,0.4239813685,0.4660171270,-0.0192773305,1.0000000000
54,5.1330000000,left_hand,9,0.4226436019,0.4724819064,-0.0206484757,1.0000000000
55,5.2280000000,left_hand,9,0.4266252369,0.4825942367,-0.0208526608,1.0000000000
56,5.3230000000,left_hand,9,0.4306068718,0.4927065670,-0.0210568458,1.0000000000
57,5.4180000000,left_hand,9,0.4345885068,0.5028188974,-0.0212610308,1.0000000000
58,5.5130000000,left_hand,9,0.4385701418,0.5129312277,-0.0214652158,1.0000000000
59,5.6080000000,left_hand,9,0.6164414287,0.4942007661,-0.0225468185,1.0000000000
60,5.7030000000,left_hand,9,0.6111277938,0.5041135550,-0.0251297466,1.0000000000
61,5.7980000000,left_hand,9,0.6217759848,0.4992342889,-0.0360544845,1.0000000000
62,5.8930000000,left_hand,9,0.6224888563,0.4937773645,-0.0298365802,1.0000000000
63,5.9880000000,left_hand,9,0.6249017715,0.4920179248,-0.0299738441,1.0000000000
64,6.0830000000,left_hand,9,0.6275576353,0.5076319575,-0.0306169186,1.0000000000
65,6.1780000000,left_hand,9,0.6222966909,0.5168233514,-0.0274901371,1.0000000000
66,6.2730000000,left_hand,9,0.6249655485,0.5176960826,-0.0221973434,1.0000000000
67,6.3680000000,left_hand,9,0.6294019222,0.5051997900,-0.0226197559,1.0000000000
68,6.4630000000,left_hand,9,0.6268178821,0.4994173646,-0.0204419903,1.0000000000
69,6.5580000000,left_hand,9,0.6330605149,0.4904495776,-0.0207184758,1.0000000000
70,6.6530000000,left_hand,9,0.6289933920,0.5081782341,-0.0197033118,1.0000000000
71,6.7480000000,left_hand,9,0.6459264755,0.4696410298,-0.0237559248,1.0000000000
72,6.8430000000,left_hand,9,0.6446142793,0.4683028460,-0.0228008516,1.0000000000
73,6.9380000000,left_hand,9,0.6478489637,0.4627703130,-0.0220380239,1.0000000000
74,7.0330000000,left_hand,9,0.6565830112,0.4804321527,-0.0302981827,1.0000000000
75,7.1280000000,left_hand,9,0.6575486064,0.4877441227,-0.0211431775,1.0000000000
76,7.2240000000,left_hand,9,0.6573259234,0.4989463389,-0.0214891415,1.0000000000
77,7.3190000000,left_hand,9,0.6561700106,0.5027375817,-0.0221943669,1.0000000000
78,7.4140000000,left_hand,9,0.6564979553,0.4733873904,-0.0373718105,1.0000000000
79,7.5090000000,left_hand,9,0.6551105976,0.4832375050,-0.0292914733,1.0000000000
80,7.6040000000,left_hand,9,0.6477141380,0.4631189009,-0.0287593926,1.0000000000
81,7.6990000000,left_hand,9,0.6403176785,0.4430002968,-0.0282273119,1.0000000000
82,7.7940000000,left_hand,9,0.6329212189,0.4228816926,-0.0276952311,1.0000000000
83,7.8890000000,left_hand,9,0.6122330427,0.4739398062,-0.0189003497,1.0000000000
84,7.9840000000,left_hand,9,0.6027146578,0.4713810682,-0.0155065442,1.0000000000
85,8.0790000000,left_hand,9,0.5921158195,0.4509412050,-0.0178820603,1.0000000000
86,8.1740000000,left_hand,9,0.5914279819,0.4404300451,-0.0179780647,1.0000000000
87,8.2690000000,left_hand,9,0.4341008961,0.4832911789,-0.0218836181,1.0000000000
88,8.3640000000,left_hand,9,0.6028314233,0.4383549392,-0.0263811648,1.0000000000
89,8.4590000000,left_hand,9,0.6091796756,0.4622555077,-0.0214082822,1.0000000000
90,8.5540000000,left_hand,9,0.6066182852,0.4824188054,-0.0182424225,1.0000000000
91,8.6490000000,left_hand,9,0.6035694480,0.4923390746,-0.0159507897,1.0000000000
92,8.7440000000,left_hand,9,0.5932144523,0.5137850642,-0.0115507301,1.0000000000
93,8.8390000000,left_hand,9,0.5900956392,0.5167258084,-0.0098510571,1.0000000000
94,8.9340000000,left_hand,9,0.5869768262,0.5196665525,-0.0081513841,1.0000000000
95,9.0290000000,left_hand,9,0.5991856456,0.5212859511,-0.0133133382,1.0000000000
96,9.1240000000,left_hand,9,0.6125989258,0.5026444793,-0.0246522259,1.0000000000
97,9.2200000000,left_hand,9,0.6260122061,0.4840030074,-0.0359911136,1.0000000000
98,9.3150000000,left_hand,9,0.6368778944,0.4795686901,-0.0372737758,1.0000000000
99,9.4100000000,left_hand,9,0.6403167844,0.4432531893,-0.0205740947,1.0000000000
100,9.5050000000,left_hand,9,0.6309755445,0.4563691914,-0.0209162822,1.0000000000
101,9.6000000000,left_hand,9,0.6216343045,0.4694851935,-0.0212584697,1.0000000000
102,9.6950000000,left_hand,9,0.6268067360,0.4566996694,-0.0232602805,1.0000000000
103,9.7900000000,left_hand,9,0.4213691056,0.4754303098,-0.0178780388,1.0000000000
104,9.8850000000,left_hand,9,0.5238957852,0.4560826123,-0.0201127930,1.0000000000
105,9.9800000000,left_hand,9,0.6264224648,0.4367349148,-0.0223475471,1.0000000000
106,10.0750000000,left_hand,9,0.6284935474,0.4496524036,-0.0222261213,1.0000000000
107,10.1700000000,left_hand,9,0.6166867614,0.4439037144,-0.0236721020,1.0000000000
108,10.2650000000,left_hand,9,0.6155928969,0.4429770708,-0.0356392302,1.0000000000
109,10.3600000000,left_hand,9,0.6255388260,0.4497790635,-0.0418893658,1.0000000000
110,10.4550000000,left_hand,9,0.6182751656,0.4627185464,-0.0363590010,1.0000000000
111,10.5500000000,left_hand,9,0.6176789999,0.4601481855,-0.0365773998,1.0000000000
112,10.6450000000,left_hand,9,0.6127708554,0.4558310807,-0.0322844647,1.0000000000
113,10.7400000000,left_hand,9,0.6084344983,0.4403886795,-0.0263558757,1.0000000000
114,10.8350000000,left_hand,9,0.6047390103,0.4399634004,-0.0228049010,1.0000000000
115,10.9300000000,left_hand,9,0.6103553176,0.4086290300,-0.0216803160,1.0000000000
116,11.0250000000,left_hand,9,0.6006272435,0.4276625514,-0.0119176107,1.0000000000
117,11.1200000000,left_hand,9,0.6300387979,0.4065580070,-0.0148329362,1.0000000000
118,11.2150000000,left_hand,9,0.6506031752,0.4030529559,-0.0128942449,1.0000000000
119,11.3110000000,left_hand,9,0.6688060164,0.4091666838,-0.0191546393,1.0000000000
120,11.4060000000,left_hand,9,0.6870088577,0.4152804116,-0.0254150337,1.0000000000
121,11.5010000000,left_hand,9,0.7052116990,0.4213941395,-0.0316754282,1.0000000000
122,11.5960000000,left_hand,9,0.7052116990,0.4213941395,-0.0316754282,1.0000000000
123,11.6910000000,left_hand,9,0.7052116990,0.4213941395,-0.0316754282,1.0000000000
124,11.7860000000,left_hand,9,0.7052116990,0.4213941395,-0.0316754282,1.0000000000
53,5.0370000000,left_hand,10,0.4534940720,0.4763031900,-0.0231457762,1.0000000000
54,5.1330000000,left_hand,10,0.4545256793,0.4886090457,-0.0253343005,1.0000000000
55,5.2280000000,left_hand,10,0.4580608010,0.4952712879,-0.0253721918,1.0000000000
56,5.3230000000,left_hand,10,0.4615959227,0.5019335300,-0.0254100831,1.0000000000
57,5.4180000000,left_hand,10,0.4651310444,0.5085957721,-0.0254479744,1.0000000000
58,5.5130000000,left_hand,10,0.4686661661,0.5152580142,-0.0254858658,1.0000000000
59,5.6080000000,left_hand,10,0.5797444582,0.4801641107,-0.0300239027,1.0000000000
60,5.7030000000,left_hand,10,0.5770344138,0.4809634387,-0.0350164063,1.0000000000
61,5.7980000000,left_hand,10,0.5795959234,0.4684576690,-0.0475273654,1.0000000000
62,5.8930000000,left_hand,10,0.5810395479,0.4597834349,-0.0394648090,1.0000000000
63,5.9880000000,left_hand,10,0.5819213390,0.4635238051,-0.0406742170,1.0000000000
64,6.0830000000,left_hand,10,0.5801225305,0.4883968532,-0.0393095277,1.0000000000
65,6.1780000000,left_hand,10,0.5764173865,0.5018317103,-0.0332126468,1.0000000000
66,6.2730000000,left_hand,10,0.5807842016,0.5096026063,-0.0271349084,1.0000000000
67,6.3680000000,left_hand,10,0.5878433585,0.4946134686,-0.0275052413,1.0000000000
68,6.4630000000,left_hand,10,0.5851229429,0.4920314252,-0.0248346832,1.0000000000
69,6.5580000000,left_hand,10,0.5945414901,0.5010549426,-0.0269575547,1.0000000000
70,6.6530000000,left_hand,10,0.5961843133,0.5229290128,-0.0245080516,1.0000000000
71,6.7480000000,left_hand,10,0.6077545881,0.5047141314,-0.0352969877,1.0000000000
72,6.8430000000,left_hand,10,0.6143693328,0.5296184421,-0.0313367359,1.0000000000
73,6.9380000000,left_hand,10,0.6184859276,0.5280844569,-0.0314123705,1.0000000000
74,7.0330000000,left_hand,10,0.6332169771,0.5381184220,-0.0412284173,1.0000000000
75,7.1280000000,left_hand,10,0.6349859238,0.5412093997,-0.0277339052,1.0000000000
76,7.2240000000,left_hand,10,0.6300760508,0.5486635566,-0.0274744481,1.0000000000
77,7.3190000000,left_hand,10,0.6254969835,0.5467247963,-0.0285178870,1.0000000000
78,7.4140000000,left_hand,10,0.6174156666,0.5120961070,-0.0482259169,1.0000000000
79,7.5090000000,left_hand,10,0.6181366444,0.5166344643,-0.0390698910,1.0000000000
80,7.6040000000,left_hand,10,0.6083053748,0.4950755735,-0.0373291237,1.0000000000
81,7.6990000000,left_hand,10,0.5984741052,0.4735166828,-0.0355883564,1.0000000000
82,7.7940000000,left_hand,10,0.5886428356,0.4519577920,-0.0338475890,1.0000000000
83,7.8890000000,left_hand,10,0.5805782676,0.4877502024,-0.0262161456,1.0000000000
84,7.9840000000,left_hand,10,0.5726203322,0.4804463089,-0.0233346708,1.0000000000
85,8.0790000000,left_hand,10,0.5551310182,0.4713516533,-0.0252718292,1.0000000000
86,8.1740000000,left_hand,10,0.5511345267,0.4699189365,-0.0239269994,1.0000000000
87,8.2690000000,left_hand,10,0.4734578729,0.4984222651,-0.0264983531,1.0000000000
88,8.3640000000,left_hand,10,0.5591576099,0.4718788862,-0.0321589299,1.0000000000
89,8.4590000000,left_hand,10,0.5724136829,0.4907072783,-0.0291094370,1.0000000000
90,8.5540000000,left_hand,10,0.5715013742,0.5058795810,-0.0245315712,1.0000000000
91,8.6490000000,left_hand,10,0.5716909766,0.5207920671,-0.0221772678,1.0000000000
92,8.7440000000,left_hand,10,0.5640423298,0.5426827669,-0.0160830338,1.0000000000
93,8.8390000000,left_hand,10,0.5599310696,0.5456569791,-0.0134364488,1.0000000000
94,8.9340000000,left_hand,10,0.5558198094,0.5486311913,-0.0107898638,1.0000000000
95,9.0290000000,left_hand,10,0.5652597547,0.5545099974,-0.0172571857,1.0000000000
96,9.1240000000,left_hand,10,0.5832666457,0.5406334996,-0.0326882275,1.0000000000
97,9.2200000000,left_hand,10,0.6012735367,0.5267570019,-0.0481192693,1.0000000000
98,9.3150000000,left_hand,10,0.6112639308,0.5143597722,-0.0489115827,1.0000000000
99,9.4100000000,left_hand,10,0.5992214084,0.4819850326,-0.0217519477,1.0000000000
100,9.5050000000,left_hand,10,0.5943490565,0.4718968570,-0.0247297259,1.0000000000
101,9.6000000000,left_hand,10,0.5894767046,0.4618086815,-0.0277075041,1.0000000000
102,9.6950000000,left_hand,10,0.5888456106,0.4453469515,-0.0307586659,1.0000000000
103,9.7900000000,left_hand,10,0.4530271292,0.4979711771,-0.0260916427,1.0000000000
104,9.8850000000,left_hand,10,0.5203287303,0.4596979320,-0.0279923528,1.0000000000
105,9.9800000000,left_hand,10,0.5876303315,0.4214246869,-0.0298930630,1.0000000000
106,10.0750000000,left_hand,10,0.5893709064,0.4293510318,-0.0323501453,1.0000000000
107,10.1700000000,left_hand,10,0.5733628869,0.4172451794,-0.0323744006,1.0000000000
108,10.2650000000,left_hand,10,0.5676116943,0.4040532112,-0.0468168519,1.0000000000
109,10.3600000000,left_hand,10,0.5731110573,0.4061819315,-0.0542042665,1.0000000000
110,10.4550000000,left_hand,10,0.5711494684,0.4192923009,-0.0458312072,1.0000000000
111,10.5500000000,left_hand,10,0.5695180893,0.4190563858,-0.0452557243,1.0000000000
112,10.6450000000,left_hand,10,0.5645598769,0.4205581248,-0.0399147719,1.0000000000
113,10.7400000000,left_hand,10,0.5630183816,0.4103650451,-0.0325463898,1.0000000000
114,10.8350000000,left_hand,10,0.5596230030,0.4123594463,-0.0289076660,1.0000000000
115,10.9300000000,left_hand,10,0.5628862977,0.3829974234,-0.0270173438,1.0000000000
116,11.0250000000,left_hand,10,0.5644617081,0.4018633962,-0.0148237469,1.0000000000
117,11.1200000000,left_hand,10,0.5936276317,0.3686814010,-0.0171213355,1.0000000000
118,11.2150000000,left_hand,10,0.6215909123,0.3595168591,-0.0169606321,1.0000000000
119,11.3110000000,left_hand,10,0.6372112234,0.3756730258,-0.0238389721,1.0000000000
120,11.4060000000,left_hand,10,0.6528315345,0.3918291926,-0.0307173120,1.0000000000
121,11.5010000000,left_hand,10,0.6684518456,0.4079853594,-0.0375956520,1.0000000000
122,11.5960000000,left_hand,10,0.6684518456,0.4079853594,-0.0375956520,1.0000000000
123,11.6910000000,left_hand,10,0.6684518456,0.4079853594,-0.0375956520,1.0000000000
124,11.7860000000,left_hand,10,0.6684518456,0.4079853594,-0.0375956520,1.0000000000
53,5.0370000000,left_hand,11,0.4689062536,0.4826462269,-0.0225529484,1.0000000000
54,5.1330000000,left_hand,11,0.4716649950,0.4940778017,-0.0249113236,1.0000000000
55,5.2280000000,left_hand,11,0.4724629745,0.4949475899,-0.0244610594,1.0000000000
56,5.3230000000,left_hand,11,0.4732609540,0.4958173782,-0.0240107952,1.0000000000
57,5.4180000000,left_hand,11,0.4740589336,0.4966871664,-0.0235605310,1.0000000000
58,5.5130000000,left_hand,11,0.4748569131,0.4975569546,-0.0231102668,1.0000000000
59,5.6080000000,left_hand,11,0.5602945685,0.4702395499,-0.0312746949,1.0000000000
60,5.7030000000,left_hand,11,0.5591850281,0.4632800519,-0.0370435864,1.0000000000
61,5.7980000000,left_hand,11,0.5601494908,0.4487273097,-0.0471419655,1.0000000000
62,5.8930000000,left_hand,11,0.5621899366,0.4369849265,-0.0386898592,1.0000000000
63,5.9880000000,left_hand,11,0.5633810163,0.4430653751,-0.0401798934,1.0000000000
64,6.0830000000,left_hand,11,0.5611137152,0.4658558965,-0.0373545513,1.0000000000
65,6.1780000000,left_hand,11,0.5605733991,0.4823851287,-0.0300704986,1.0000000000
66,6.2730000000,left_hand,11,0.5634943843,0.4942075610,-0.0242231991,1.0000000000
67,6.3680000000,left_hand,11,0.5686671734,0.4864403903,-0.0260758549,1.0000000000
68,6.4630000000,left_hand,11,0.5682089925,0.4863787889,-0.0227567125,1.0000000000
69,6.5580000000,left_hand,11,0.5753950477,0.5039974451,-0.0270511657,1.0000000000
70,6.6530000000,left_hand,11,0.5851176381,0.5178507566,-0.0229399856,1.0000000000
71,6.7480000000,left_hand,11,0.5893260241,0.5314257741,-0.0396414436,1.0000000000
72,6.8430000000,left_hand,11,0.5985015631,0.5686979890,-0.0351972207,1.0000000000
73,6.9380000000,left_hand,11,0.6037769914,0.5686768293,-0.0350555778,1.0000000000
74,7.0330000000,left_hand,11,0.6216844320,0.5709418058,-0.0443378650,1.0000000000
75,7.1280000000,left_hand,11,0.6261180043,0.5645530820,-0.0286892038,1.0000000000
76,7.2240000000,left_hand,11,0.6215626597,0.5671594143,-0.0281491596,1.0000000000
77,7.3190000000,left_hand,11,0.6140102148,0.5601816177,-0.0288250111,1.0000000000
78,7.4140000000,left_hand,11,0.6030732393,0.5240015984,-0.0480466224,1.0000000000
79,7.5090000000,left_hand,11,0.6046178937,0.5289240479,-0.0393914394,1.0000000000
80,7.6040000000,left_hand,11,0.5892392794,0.5106105804,-0.0391074792,1.0000000000
81,7.6990000000,left_hand,11,0.5738606652,0.4922971129,-0.0388235189,1.0000000000
82,7.7940000000,left_hand,11,0.5584820509,0.4739836454,-0.0385395586,1.0000000000
83,7.8890000000,left_hand,11,0.5635328293,0.4903088808,-0.0285305735,1.0000000000
84,7.9840000000,left_hand,11,0.5548821688,0.4872272611,-0.0276569333,1.0000000000
85,8.0790000000,left_hand,11,0.5396736860,0.4899173379,-0.0270500705,1.0000000000
86,8.1740000000,left_hand,11,0.5349814892,0.4911656976,-0.0251295399,1.0000000000
87,8.2690000000,left_hand,11,0.4924046397,0.4982938468,-0.0241680965,1.0000000000
88,8.3640000000,left_hand,11,0.5417631865,0.4952718914,-0.0315386578,1.0000000000
89,8.4590000000,left_hand,11,0.5578335524,0.5054019094,-0.0302196983,1.0000000000
90,8.5540000000,left_hand,11,0.5551836491,0.5175139904,-0.0245719291,1.0000000000
91,8.6490000000,left_hand,11,0.5555232167,0.5363266468,-0.0244786367,1.0000000000
92,8.7440000000,left_hand,11,0.5483625531,0.5568556190,-0.0175023805,1.0000000000
93,8.8390000000,left_hand,11,0.5443344116,0.5594323575,-0.0143767251,1.0000000000
94,8.9340000000,left_hand,11,0.5403062701,0.5620090961,-0.0112510696,1.0000000000
95,9.0290000000,left_hand,11,0.5499447584,0.5638365746,-0.0170694906,1.0000000000
96,9.1240000000,left_hand,11,0.5641754866,0.5583676696,-0.0359680327,1.0000000000
97,9.2200000000,left_hand,11,0.5784062147,0.5528987646,-0.0548665747,1.0000000000
98,9.3150000000,left_hand,11,0.5911372900,0.5348367691,-0.0524113253,1.0000000000
99,9.4100000000,left_hand,11,0.5750259757,0.5009346604,-0.0226180982,1.0000000000
100,9.5050000000,left_hand,11,0.5730664134,0.4792692512,-0.0259214742,1.0000000000
101,9.6000000000,left_hand,11,0.5711068511,0.4576038420,-0.0292248502,1.0000000000
102,9.6950000000,left_hand,11,0.5709953308,0.4411993325,-0.0309608802,1.0000000000
103,9.7900000000,left_hand,11,0.4751214981,0.5061777234,-0.0306950957,1.0000000000
104,9.8850000000,left_hand,11,0.5217341483,0.4566746056,-0.0310090277,1.0000000000
105,9.9800000000,left_hand,11,0.5683467984,0.4071714878,-0.0313229598,1.0000000000
106,10.0750000000,left_hand,11,0.5665584803,0.4159111083,-0.0358931571,1.0000000000
107,10.1700000000,left_hand,11,0.5531403422,0.4018935561,-0.0334535427,1.0000000000
108,10.2650000000,left_hand,11,0.5440896749,0.3824403882,-0.0476699434,1.0000000000
109,10.3600000000,left_hand,11,0.5492881536,0.3832138777,-0.0543397591,1.0000000000
110,10.4550000000,left_hand,11,0.5496945977,0.3929483294,-0.0450236015,1.0000000000
111,10.5500000000,left_hand,11,0.5480794907,0.3961841762,-0.0436936840,1.0000000000
112,10.6450000000,left_hand,11,0.5455859303,0.4017075896,-0.0365941189,1.0000000000
113,10.7400000000,left_hand,11,0.5442088842,0.3945592344,-0.0301319230,1.0000000000
114,10.8350000000,left_hand,11,0.5410571694,0.3988894224,-0.0267712306,1.0000000000
115,10.9300000000,left_hand,11,0.5463988781,0.3763067424,-0.0240500811,1.0000000000
116,11.0250000000,left_hand,11,0.5492175817,0.3887874782,-0.0137158306,1.0000000000
117,11.1200000000,left_hand,11,0.5757745504,0.3575707376,-0.0148524093,1.0000000000
118,11.2150000000,left_hand,11,0.6029893756,0.3407544196,-0.0172292776,1.0000000000
119,11.3110000000,left_hand,11,0.6206293503,0.3627376258,-0.0226365825,1.0000000000
120,11.4060000000,left_hand,11,0.6382693251,0.3847208321,-0.0280438873,1.0000000000
121,11.5010000000,left_hand,11,0.6559092999,0.4067040384,-0.0334511921,1.0000000000
122,11.5960000000,left_hand,11,0.6559092999,0.4067040384,-0.0334511921,1.0000000000
123,11.6910000000,left_hand,11,0.6559092999,0.4067040384,-0.0334511921,1.0000000000
124,11.7860000000,left_hand,11,0.6559092999,0.4067040384,-0.0334511921,1.0000000000
53,5.0370000000,left_hand,12,0.4784192443,0.4857347310,-0.0229317043,1.0000000000
54,5.1330000000,left_hand,12,0.4831625819,0.4950205386,-0.0249952376,1.0000000000
55,5.2280000000,left_hand,12,0.4804259166,0.4920643345,-0.0240138643,1.0000000000
56,5.3230000000,left_hand,12,0.4776892513,0.4891081303,-0.0230324911,1.0000000000
57,5.4180000000,left_hand,12,0.4749525860,0.4861519262,-0.0220511178,1.0000000000
58,5.5130000000,left_hand,12,0.4722159207,0.4831957221,-0.0210697446,1.0000000000
59,5.6080000000,left_hand,12,0.5480385423,0.4615604877,-0.0312644131,1.0000000000
60,5.7030000000,left_hand,12,0.5472729802,0.4483614564,-0.0371434316,1.0000000000
61,5.7980000000,left_hand,12,0.5487243533,0.4331357479,-0.0454569347,1.0000000000
62,5.8930000000,left_hand,12,0.5514680147,0.4213952124,-0.0362074338,1.0000000000
63,5.9880000000,left_hand,12,0.5533206463,0.4272936285,-0.0378030017,1.0000000000
64,6.0830000000,left_hand,12,0.5530110598,0.4476458430,-0.0340047851,1.0000000000
65,6.1780000000,left_hand,12,0.5556241870,0.4664953351,-0.0266686417,1.0000000000
66,6.2730000000,left_hand,12,0.5569851995,0.4801772833,-0.0206743646,1.0000000000
67,6.3680000000,left_hand,12,0.5592029691,0.4797881842,-0.0246100500,1.0000000000
68,6.4630000000,left_hand,12,0.5611006021,0.4826830924,-0.0202539898,1.0000000000
69,6.5580000000,left_hand,12,0.5645447969,0.5035383105,-0.0263425969,1.0000000000
70,6.6530000000,left_hand,12,0.5828545690,0.5102787018,-0.0214285310,1.0000000000
71,6.7480000000,left_hand,12,0.5783805251,0.5516911745,-0.0416905209,1.0000000000
72,6.8430000000,left_hand,12,0.5863528848,0.5947284698,-0.0394013189,1.0000000000
73,6.9380000000,left_hand,12,0.5938933492,0.5958339572,-0.0380744524,1.0000000000
74,7.0330000000,left_hand,12,0.6139780283,0.5925996304,-0.0475251414,1.0000000000
75,7.1280000000,left_hand,12,0.6224577427,0.5756800771,-0.0296014529,1.0000000000
76,7.2240000000,left_hand,12,0.6190686226,0.5748825669,-0.0290532187,1.0000000000
77,7.3190000000,left_hand,12,0.6100006104,0.5649213195,-0.0289791934,1.0000000000
78,7.4140000000,left_hand,12,0.5971636176,0.5272907019,-0.0474597849,1.0000000000
79,7.5090000000,left_hand,12,0.5993628502,0.5329341888,-0.0386376977,1.0000000000
80,7.6040000000,left_hand,12,0.5780541499,0.5190126697,-0.0406348258,1.0000000000
81,7.6990000000,left_hand,12,0.5567454497,0.5050911506,-0.0426319540,1.0000000000
82,7.7940000000,left_hand,12,0.5354367495,0.4911696315,-0.0446290821,1.0000000000
83,7.8890000000,left_hand,12,0.5549722910,0.4905245900,-0.0295701604,1.0000000000
84,7.9840000000,left_hand,12,0.5422242880,0.4922605157,-0.0304126758,1.0000000000
85,8.0790000000,left_hand,12,0.5324707627,0.5040959120,-0.0273232702,1.0000000000
86,8.1740000000,left_hand,12,0.5270260572,0.5071092248,-0.0258199461,1.0000000000
87,8.2690000000,left_hand,12,0.5042662621,0.4936517477,-0.0223626681,1.0000000000
88,8.3640000000,left_hand,12,0.5326665640,0.5103143454,-0.0315476358,1.0000000000
89,8.4590000000,left_hand,12,0.5505993366,0.5143029094,-0.0307156853,1.0000000000
90,8.5540000000,left_hand,12,0.5445517898,0.5223724842,-0.0241235979,1.0000000000
91,8.6490000000,left_hand,12,0.5448544025,0.5458245277,-0.0259692594,1.0000000000
92,8.7440000000,left_hand,12,0.5384384990,0.5640450120,-0.0178756937,1.0000000000
93,8.8390000000,left_hand,12,0.5344247222,0.5671010911,-0.0145048574,1.0000000000
94,8.9340000000,left_hand,12,0.5304109454,0.5701571703,-0.0111340210,1.0000000000
95,9.0290000000,left_hand,12,0.5405147672,0.5672408938,-0.0163795874,1.0000000000
96,9.1240000000,left_hand,12,0.5518699884,0.5687751174,-0.0388941206,1.0000000000
97,9.2200000000,left_hand,12,0.5632252097,0.5703093410,-0.0614086539,1.0000000000
98,9.3150000000,left_hand,12,0.5762602687,0.5497275591,-0.0560519397,1.0000000000
99,9.4100000000,left_hand,12,0.5584290624,0.5142147541,-0.0267962646,1.0000000000
100,9.5050000000,left_hand,12,0.5586070716,0.4841730744,-0.0283407057,1.0000000000
101,9.6000000000,left_hand,12,0.5587850809,0.4541313946,-0.0298851468,1.0000000000
102,9.6950000000,left_hand,12,0.5603247881,0.4391912520,-0.0299971905,1.0000000000
103,9.7900000000,left_hand,12,0.4911127687,0.5094351768,-0.0335188434,1.0000000000
104,9.8850000000,left_hand,12,0.5243509710,0.4528324008,-0.0324665904,1.0000000000
105,9.9800000000,left_hand,12,0.5575891733,0.3962296247,-0.0314143375,1.0000000000
106,10.0750000000,left_hand,12,0.5505926609,0.4060804844,-0.0370912515,1.0000000000
107,10.1700000000,left_hand,12,0.5407948494,0.3922990263,-0.0322121829,1.0000000000
108,10.2650000000,left_hand,12,0.5294298530,0.3689878583,-0.0468147695,1.0000000000
109,10.3600000000,left_hand,12,0.5348096490,0.3677842021,-0.0529493950,1.0000000000
110,10.4550000000,left_hand,12,0.5373747945,0.3751239777,-0.0434089825,1.0000000000
111,10.5500000000,left_hand,12,0.5358301401,0.3808327317,-0.0417285934,1.0000000000
112,10.6450000000,left_hand,12,0.5360510349,0.3909121156,-0.0327820256,1.0000000000
113,10.7400000000,left_hand,12,0.5339381695,0.3827935457,-0.0271519311,1.0000000000
114,10.8350000000,left_hand,12,0.5311665535,0.3888759613,-0.0241486598,1.0000000000
115,10.9300000000,left_hand,12,0.5382628441,0.3737448454,-0.0203658808,1.0000000000
116,11.0250000000,left_hand,12,0.5405805707,0.3794615567,-0.0123638958,1.0000000000
117,11.1200000000,left_hand,12,0.5652325749,0.3509722650,-0.0127294026,1.0000000000
118,11.2150000000,left_hand,12,0.5896281600,0.3307898641,-0.0171638932,1.0000000000
119,11.3110000000,left_hand,12,0.6102364461,0.3552683791,-0.0221019710,1.0000000000
120,11.4060000000,left_hand,12,0.6308447321,0.3797468940,-0.0270400488,1.0000000000
121,11.5010000000,left_hand,12,0.6514530182,0.4042254090,-0.0319781266,1.0000000000
122,11.5960000000,left_hand,12,0.6514530182,0.4042254090,-0.0319781266,1.0000000000
123,11.6910000000,left_hand,12,0.6514530182,0.4042254090,-0.0319781266,1.0000000000
124,11.7860000000,left_hand,12,0.6514530182,0.4042254090,-0.0319781266,1.0000000000
53,5.0370000000,left_hand,13,0.4214576185,0.4906834960,-0.0194178857,1.0000000000
54,5.1330000000,left_hand,13,0.4205820560,0.4998289645,-0.0212066546,1.0000000000
55,5.2280000000,left_hand,13,0.4247466102,0.5072542056,-0.0199606493,1.0000000000
56,5.3230000000,left_hand,13,0.4289111644,0.5146794468,-0.0187146440,1.0000000000
57,5.4180000000,left_hand,13,0.4330757186,0.5221046880,-0.0174686387,1.0000000000
58,5.5130000000,left_hand,13,0.4372402728,0.5295299292,-0.0162226334,1.0000000000
59,5.6080000000,left_hand,13,0.6163671613,0.5152879953,-0.0231268983,1.0000000000
60,5.7030000000,left_hand,13,0.6111992002,0.5323770046,-0.0246055834,1.0000000000
61,5.7980000000,left_hand,13,0.6173149347,0.5311857462,-0.0334724523,1.0000000000
62,5.8930000000,left_hand,13,0.6173309088,0.5207388401,-0.0273384545,1.0000000000
63,5.9880000000,left_hand,13,0.6195776463,0.5185799599,-0.0298890695,1.0000000000
64,6.0830000000,left_hand,13,0.6256876588,0.5329487920,-0.0282595176,1.0000000000
65,6.1780000000,left_hand,13,0.6209269762,0.5431843400,-0.0233246665,1.0000000000
66,6.2730000000,left_hand,13,0.6243598461,0.5447714329,-0.0191397630,1.0000000000
67,6.3680000000,left_hand,13,0.6300398707,0.5353829861,-0.0207895469,1.0000000000
68,6.4630000000,left_hand,13,0.6266932487,0.5303180218,-0.0197806377,1.0000000000
69,6.5580000000,left_hand,13,0.6363099813,0.5205765367,-0.0227348730,1.0000000000
70,6.6530000000,left_hand,13,0.6353523135,0.5352554321,-0.0197937246,1.0000000000
71,6.7480000000,left_hand,13,0.6449213624,0.4555062056,-0.0226326529,1.0000000000
72,6.8430000000,left_hand,13,0.6595076919,0.4876642525,-0.0280210655,1.0000000000
73,6.9380000000,left_hand,13,0.6530573964,0.4630375206,-0.0217396803,1.0000000000
74,7.0330000000,left_hand,13,0.6717193127,0.5006780624,-0.0340757817,1.0000000000
75,7.1280000000,left_hand,13,0.6721576452,0.5102462173,-0.0239707548,1.0000000000
76,7.2240000000,left_hand,13,0.6698796153,0.5209012628,-0.0240525641,1.0000000000
77,7.3190000000,left_hand,13,0.6666827798,0.5282488465,-0.0228259414,1.0000000000
78,7.4140000000,left_hand,13,0.6665292382,0.5077533126,-0.0379473977,1.0000000000
79,7.5090000000,left_hand,13,0.6622957587,0.5148353577,-0.0305918287,1.0000000000
80,7.6040000000,left_hand,13,0.6542290449,0.4905272822,-0.0301438173,1.0000000000
81,7.6990000000,left_hand,13,0.6461623311,0.4662192067,-0.0296958058,1.0000000000
82,7.7940000000,left_hand,13,0.6380956173,0.4419111311,-0.0292477943,1.0000000000
83,7.8890000000,left_hand,13,0.6185817719,0.4992547631,-0.0208703075,1.0000000000
84,7.9840000000,left_hand,13,0.6076605320,0.4937803745,-0.0202378388,1.0000000000
85,8.0790000000,left_hand,13,0.5978294015,0.4802352786,-0.0218101684,1.0000000000
86,8.1740000000,left_hand,13,0.5977392197,0.4710034430,-0.0222409964,1.0000000000
87,8.2690000000,left_hand,13,0.4332944751,0.5088779926,-0.0209315605,1.0000000000
88,8.3640000000,left_hand,13,0.6100142002,0.4734199941,-0.0294072032,1.0000000000
89,8.4590000000,left_hand,13,0.6157201529,0.4934996068,-0.0258128066,1.0000000000
90,8.5540000000,left_hand,13,0.6129778028,0.5093951821,-0.0206732787,1.0000000000
91,8.6490000000,left_hand,13,0.6109625101,0.5187801719,-0.0184634198,1.0000000000
92,8.7440000000,left_hand,13,0.6006882787,0.5374674797,-0.0132131008,1.0000000000
93,8.8390000000,left_hand,13,0.5979889035,0.5416166484,-0.0121233859,1.0000000000
94,8.9340000000,left_hand,13,0.5952895284,0.5457658172,-0.0110336710,1.0000000000
95,9.0290000000,left_hand,13,0.6081407070,0.5451838374,-0.0153577756,1.0000000000
96,9.1240000000,left_hand,13,0.6203451157,0.5219161063,-0.0255866321,1.0000000000
97,9.2200000000,left_hand,13,0.6325495243,0.4986483753,-0.0358154885,1.0000000000
98,9.3150000000,left_hand,13,0.6413756609,0.5011788607,-0.0364158675,1.0000000000
99,9.4100000000,left_hand,13,0.6370306015,0.4230176210,-0.0264754184,1.0000000000
100,9.5050000000,left_hand,13,0.6308318377,0.4599781930,-0.0250049429,1.0000000000
101,9.6000000000,left_hand,13,0.6246330738,0.4969387650,-0.0235344674,1.0000000000
102,9.6950000000,left_hand,13,0.6256386042,0.4889895618,-0.0233514346,1.0000000000
103,9.7900000000,left_hand,13,0.4177707732,0.4963774979,-0.0178540815,1.0000000000
104,9.8850000000,left_hand,13,0.5208218247,0.4807998091,-0.0201903563,1.0000000000
105,9.9800000000,left_hand,13,0.6238728762,0.4652221203,-0.0225266311,1.0000000000
106,10.0750000000,left_hand,13,0.6228986979,0.4784933925,-0.0236383658,1.0000000000
107,10.1700000000,left_hand,13,0.6114622355,0.4664349258,-0.0232662261,1.0000000000
108,10.2650000000,left_hand,13,0.6088289618,0.4744822383,-0.0359051041,1.0000000000
109,10.3600000000,left_hand,13,0.6205918789,0.4831564128,-0.0420347005,1.0000000000
110,10.4550000000,left_hand,13,0.6122416258,0.4938157201,-0.0334245749,1.0000000000
111,10.5500000000,left_hand,13,0.6122087240,0.4906501472,-0.0332207866,1.0000000000
112,10.6450000000,left_hand,13,0.6075778008,0.4858510196,-0.0288482327,1.0000000000
113,10.7400000000,left_hand,13,0.6033908725,0.4711288512,-0.0238380712,1.0000000000
114,10.8350000000,left_hand,13,0.6015694141,0.4714020491,-0.0239865407,1.0000000000
115,10.9300000000,left_hand,13,0.6046257019,0.4305593669,-0.0192310829,1.0000000000
116,11.0250000000,left_hand,13,0.5962339044,0.4565753341,-0.0129604507,1.0000000000
117,11.1200000000,left_hand,13,0.6302583218,0.4134363830,-0.0143933790,1.0000000000
118,11.2150000000,left_hand,13,0.6559268832,0.3931876123,-0.0114172101,1.0000000000
119,11.3110000000,left_hand,13,0.6706187725,0.4108672341,-0.0187670638,1.0000000000
120,11.4060000000,left_hand,13,0.6853106618,0.4285468558,-0.0261169175,1.0000000000
121,11.5010000000,left_hand,13,0.7000025511,0.4462264776,-0.0334667712,1.0000000000
122,11.5960000000,left_hand,13,0.7000025511,0.4462264776,-0.0334667712,1.0000000000
123,11.6910000000,left_hand,13,0.7000025511,0.4462264776,-0.0334667712,1.0000000000
124,11.7860000000,left_hand,13,0.7000025511,0.4462264776,-0.0334667712,1.0000000000
53,5.0370000000,left_hand,14,0.4485734999,0.5011473298,-0.0224239156,1.0000000000
54,5.1330000000,left_hand,14,0.4492802918,0.5171181560,-0.0246403255,1.0000000000
55,5.2280000000,left_hand,14,0.4530971646,0.5199605376,-0.0232868441,1.0000000000
56,5.3230000000,left_hand,14,0.4569140375,0.5228029191,-0.0219333628,1.0000000000
57,5.4180000000,left_hand,14,0.4607309103,0.5256453007,-0.0205798815,1.0000000000
58,5.5130000000,left_hand,14,0.4645477831,0.5284876823,-0.0192264002,1.0000000000
59,5.6080000000,left_hand,14,0.5820049644,0.5051882863,-0.0287194178,1.0000000000
60,5.7030000000,left_hand,14,0.5781562328,0.5212706923,-0.0336434841,1.0000000000
61,5.7980000000,left_hand,14,0.5782003999,0.5101795793,-0.0420056954,1.0000000000
62,5.8930000000,left_hand,14,0.5768084526,0.4956964254,-0.0350554138,1.0000000000
63,5.9880000000,left_hand,14,0.5792104006,0.4957194030,-0.0368749090,1.0000000000
64,6.0830000000,left_hand,14,0.5824896097,0.5186220407,-0.0331809931,1.0000000000
65,6.1780000000,left_hand,14,0.5794146657,0.5291237831,-0.0258007161,1.0000000000
66,6.2730000000,left_hand,14,0.5843185186,0.5400580168,-0.0211468581,1.0000000000
67,6.3680000000,left_hand,14,0.5918403268,0.5281214714,-0.0231735799,1.0000000000
68,6.4630000000,left_hand,14,0.5896022916,0.5272499919,-0.0211273506,1.0000000000
69,6.5580000000,left_hand,14,0.6014660597,0.5312105417,-0.0256162472,1.0000000000
70,6.6530000000,left_hand,14,0.6045653224,0.5467150211,-0.0224754605,1.0000000000
71,6.7480000000,left_hand,14,0.6082580686,0.4860922992,-0.0317034237,1.0000000000
72,6.8430000000,left_hand,14,0.6335775852,0.5447806716,-0.0370760337,1.0000000000
73,6.9380000000,left_hand,14,0.6251472831,0.5207831860,-0.0291554704,1.0000000000
74,7.0330000000,left_hand,14,0.6510327458,0.5540491939,-0.0431935154,1.0000000000
75,7.1280000000,left_hand,14,0.6494600773,0.5578382611,-0.0283167176,1.0000000000
76,7.2240000000,left_hand,14,0.6439898610,0.5643898845,-0.0277930759,1.0000000000
77,7.3190000000,left_hand,14,0.6391948462,0.5671672225,-0.0269111507,1.0000000000
78,7.4140000000,left_hand,14,0.6305466890,0.5454005599,-0.0454037562,1.0000000000
79,7.5090000000,left_hand,14,0.6286344528,0.5431236625,-0.0365268700,1.0000000000
80,7.6040000000,left_hand,14,0.6178167860,0.5205893517,-0.0364988036,1.0000000000
81,7.6990000000,left_hand,14,0.6069991191,0.4980550408,-0.0364707373,1.0000000000
82,7.7940000000,left_hand,14,0.5961814523,0.4755207300,-0.0364426710,1.0000000000
83,7.8890000000,left_hand,14,0.5899683237,0.5146012902,-0.0273240078,1.0000000000
84,7.9840000000,left_hand,14,0.5791133642,0.5026129484,-0.0277136546,1.0000000000
85,8.0790000000,left_hand,14,0.5636475682,0.5009374619,-0.0276719779,1.0000000000
86,8.1740000000,left_hand,14,0.5624444485,0.4983941615,-0.0271347333,1.0000000000
87,8.2690000000,left_hand,14,0.4700866044,0.5271685719,-0.0224772803,1.0000000000
88,8.3640000000,left_hand,14,0.5709869266,0.5021632910,-0.0332680456,1.0000000000
89,8.4590000000,left_hand,14,0.5806676149,0.5158987641,-0.0322114229,1.0000000000
90,8.5540000000,left_hand,14,0.5813412070,0.5297573805,-0.0244223047,1.0000000000
91,8.6490000000,left_hand,14,0.5817131996,0.5425974727,-0.0235972032,1.0000000000
92,8.7440000000,left_hand,14,0.5731568933,0.5604901314,-0.0167500358,1.0000000000
93,8.8390000000,left_hand,14,0.5697391033,0.5656069517,-0.0148183145,1.0000000000
94,8.9340000000,left_hand,14,0.5663213134,0.5707237720,-0.0128865931,1.0000000000
95,9.0290000000,left_hand,14,0.5755515695,0.5732797384,-0.0178904198,1.0000000000
96,9.1240000000,left_hand,14,0.5920810699,0.5560864508,-0.0329174642,1.0000000000
97,9.2200000000,left_hand,14,0.6086105704,0.5388931632,-0.0479445085,1.0000000000
98,9.3150000000,left_hand,14,0.6160318255,0.5370721817,-0.0467934161,1.0000000000
99,9.4100000000,left_hand,14,0.5960869789,0.4538930655,-0.0282534603,1.0000000000
100,9.5050000000,left_hand,14,0.5956613719,0.4735756367,-0.0283484766,1.0000000000
101,9.6000000000,left_hand,14,0.5952357650,0.4932582080,-0.0284434929,1.0000000000
102,9.6950000000,left_hand,14,0.5900504589,0.4799388647,-0.0288130753,1.0000000000
103,9.7900000000,left_hand,14,0.4444770515,0.5182183385,-0.0255510714,1.0000000000
104,9.8850000000,left_hand,14,0.5160295516,0.4855097979,-0.0269115763,1.0000000000
105,9.9800000000,left_hand,14,0.5875820518,0.4528012574,-0.0282720812,1.0000000000
106,10.0750000000,left_hand,14,0.5866736174,0.4573838115,-0.0320368335,1.0000000000
107,10.1700000000,left_hand,14,0.5710485578,0.4436586201,-0.0299537145,1.0000000000
108,10.2650000000,left_hand,14,0.5646910667,0.4387676716,-0.0435157716,1.0000000000
109,10.3600000000,left_hand,14,0.5710222721,0.4474501312,-0.0503076948,1.0000000000
110,10.4550000000,left_hand,14,0.5701684952,0.4560736120,-0.0387707092,1.0000000000
111,10.5500000000,left_hand,14,0.5681909919,0.4532566071,-0.0378517210,1.0000000000
112,10.6450000000,left_hand,14,0.5636606812,0.4532250166,-0.0323639065,1.0000000000
113,10.7400000000,left_hand,14,0.5621064305,0.4426319003,-0.0263396390,1.0000000000
114,10.8350000000,left_hand,14,0.5605830550,0.4442365170,-0.0273920186,1.0000000000
115,10.9300000000,left_hand,14,0.5608918667,0.4033453465,-0.0219809990,1.0000000000
116,11.0250000000,left_hand,14,0.5643299222,0.4334924519,-0.0134387640,1.0000000000
117,11.1200000000,left_hand,14,0.5958698392,0.3820208013,-0.0144384624,1.0000000000
118,11.2150000000,left_hand,14,0.6308878064,0.3575822115,-0.0144355427,1.0000000000
119,11.3110000000,left_hand,14,0.6413797339,0.3823599319,-0.0220298593,1.0000000000
120,11.4060000000,left_hand,14,0.6518716613,0.4071376522,-0.0296241759,1.0000000000
121,11.5010000000,left_hand,14,0.6623635888,0.4319153726,-0.0372184925,1.0000000000
122,11.5960000000,left_hand,14,0.6623635888,0.4319153726,-0.0372184925,1.0000000000
123,11.6910000000,left_hand,14,0.6623635888,0.4319153726,-0.0372184925,1.0000000000
124,11.7860000000,left_hand,14,0.6623635888,0.4319153726,-0.0372184925,1.0000000000
53,5.0370000000,left_hand,15,0.4623088539,0.5060300827,-0.0201330278,1.0000000000
54,5.1330000000,left_hand,15,0.4640440941,0.5212621093,-0.0222958401,1.0000000000
55,5.2280000000,left_hand,15,0.4656087384,0.5186429024,-0.0207149382,1.0000000000
56,5.3230000000,left_hand,15,0.4671733826,0.5160236955,-0.0191340363,1.0000000000
57,5.4180000000,left_hand,15,0.4687380269,0.5134044886,-0.0175531344,1.0000000000
58,5.5130000000,left_hand,15,0.4703026712,0.5107852817,-0.0159722324,1.0000000000
59,5.6080000000,left_hand,15,0.5641857982,0.4962211847,-0.0292805936,1.0000000000
60,5.7030000000,left_hand,15,0.5602196455,0.5053856969,-0.0357292257,1.0000000000
61,5.7980000000,left_hand,15,0.5584778786,0.4903737307,-0.0425394177,1.0000000000
62,5.8930000000,left_hand,15,0.5590023994,0.4737684131,-0.0347386859,1.0000000000
63,5.9880000000,left_hand,15,0.5617248416,0.4751444161,-0.0352047049,1.0000000000
64,6.0830000000,left_hand,15,0.5644162297,0.4971871376,-0.0297278855,1.0000000000
65,6.1780000000,left_hand,15,0.5664662719,0.5081048012,-0.0212439746,1.0000000000
66,6.2730000000,left_hand,15,0.5686099529,0.5237403512,-0.0173637532,1.0000000000
67,6.3680000000,left_hand,15,0.5741378069,0.5177341104,-0.0209807418,1.0000000000
68,6.4630000000,left_hand,15,0.5751309991,0.5185186267,-0.0171451531,1.0000000000
69,6.5580000000,left_hand,15,0.5855296850,0.5310238600,-0.0221498534,1.0000000000
70,6.6530000000,left_hand,15,0.5971260667,0.5384473801,-0.0171374455,1.0000000000
71,6.7480000000,left_hand,15,0.5899801254,0.5093953609,-0.0334547125,1.0000000000
72,6.8430000000,left_hand,15,0.6295952201,0.5708811283,-0.0368243679,1.0000000000
73,6.9380000000,left_hand,15,0.6131780744,0.5550881028,-0.0284576546,1.0000000000
74,7.0330000000,left_hand,15,0.6412460804,0.5809890032,-0.0427517556,1.0000000000
75,7.1280000000,left_hand,15,0.6402381659,0.5781878233,-0.0263149906,1.0000000000
76,7.2240000000,left_hand,15,0.6344876289,0.5828880072,-0.0260509681,1.0000000000
77,7.3190000000,left_hand,15,0.6290073395,0.5785469413,-0.0249622837,1.0000000000
78,7.4140000000,left_hand,15,0.6170074344,0.5575628281,-0.0425531752,1.0000000000
79,7.5090000000,left_hand,15,0.6149142385,0.5537629724,-0.0341250300,1.0000000000
80,7.6040000000,left_hand,15,0.5992025733,0.5344826778,-0.0362647089,1.0000000000
81,7.6990000000,left_hand,15,0.5834909081,0.5152023832,-0.0384043877,1.0000000000
82,7.7940000000,left_hand,15,0.5677792430,0.4959220886,-0.0405440666,1.0000000000
83,7.8890000000,left_hand,15,0.5744214654,0.5169289708,-0.0266782437,1.0000000000
84,7.9840000000,left_hand,15,0.5619567037,0.5084800124,-0.0304804016,1.0000000000
85,8.0790000000,left_hand,15,0.5512304902,0.5141929984,-0.0264987778,1.0000000000
86,8.1740000000,left_hand,15,0.5496619940,0.5144603252,-0.0254955292,1.0000000000
87,8.2690000000,left_hand,15,0.4850378931,0.5244529843,-0.0178957433,1.0000000000
88,8.3640000000,left_hand,15,0.5573344231,0.5185078979,-0.0291107632,1.0000000000
89,8.4590000000,left_hand,15,0.5650535226,0.5253505111,-0.0302653238,1.0000000000
90,8.5540000000,left_hand,15,0.5655876398,0.5376209021,-0.0218171068,1.0000000000
91,8.6490000000,left_hand,15,0.5662472248,0.5521826744,-0.0246267989,1.0000000000
92,8.7440000000,left_hand,15,0.5577251315,0.5712719560,-0.0169578269,1.0000000000
93,8.8390000000,left_hand,15,0.5549834967,0.5745988786,-0.0141382734,1.0000000000
94,8.9340000000,left_hand,15,0.5522418618,0.5779258013,-0.0113187199,1.0000000000
95,9.0290000000,left_hand,15,0.5602258444,0.5783249140,-0.0155577119,1.0000000000
96,9.1240000000,left_hand,15,0.5727438033,0.5701873302,-0.0337328883,1.0000000000
97,9.2200000000,left_hand,15,0.5852617621,0.5620497465,-0.0519080646,1.0000000000
98,9.3150000000,left_hand,15,0.5964855552,0.5543060899,-0.0478487499,1.0000000000
99,9.4100000000,left_hand,15,0.5733668208,0.4739633203,-0.0288545396,1.0000000000
100,9.5050000000,left_hand,15,0.5755106807,0.4815939516,-0.0289045209,1.0000000000
101,9.6000000000,left_hand,15,0.5776545405,0.4892245829,-0.0289545022,1.0000000000
102,9.6950000000,left_hand,15,0.5735629201,0.4731402993,-0.0273269694,1.0000000000
103,9.7900000000,left_hand,15,0.4621013999,0.5211938024,-0.0284304768,1.0000000000
104,9.8850000000,left_hand,15,0.5165739655,0.4791758060,-0.0284355050,1.0000000000
105,9.9800000000,left_hand,15,0.5710465312,0.4371578097,-0.0284405332,1.0000000000
106,10.0750000000,left_hand,15,0.5676229596,0.4394934773,-0.0343409032,1.0000000000
107,10.1700000000,left_hand,15,0.5521552563,0.4281913340,-0.0298565328,1.0000000000
108,10.2650000000,left_hand,15,0.5437419415,0.4176360667,-0.0433220081,1.0000000000
109,10.3600000000,left_hand,15,0.5507888198,0.4254310131,-0.0476915315,1.0000000000
110,10.4550000000,left_hand,15,0.5541346073,0.4285902977,-0.0362759680,1.0000000000
111,10.5500000000,left_hand,15,0.5518001318,0.4285010695,-0.0347281620,1.0000000000
112,10.6450000000,left_hand,15,0.5530241132,0.4315006435,-0.0260762386,1.0000000000
113,10.7400000000,left_hand,15,0.5456790924,0.4238418639,-0.0228556581,1.0000000000
114,10.8350000000,left_hand,15,0.5434763432,0.4273716807,-0.0227659903,1.0000000000
115,10.9300000000,left_hand,15,0.5465379953,0.3925512731,-0.0160169881,1.0000000000
116,11.0250000000,left_hand,15,0.5537962914,0.4180339277,-0.0095172683,1.0000000000
117,11.1200000000,left_hand,15,0.5798808336,0.3697598577,-0.0112776691,1.0000000000
118,11.2150000000,left_hand,15,0.6130388975,0.3420650363,-0.0150862709,1.0000000000
119,11.3110000000,left_hand,15,0.6258090337,0.3697852095,-0.0192398311,1.0000000000
120,11.4060000000,left_hand,15,0.6385791699,0.3975053827,-0.0233933913,1.0000000000
121,11.5010000000,left_hand,15,0.6513493061,0.4252255559,-0.0275469515,1.0000000000
122,11.5960000000,left_hand,15,0.6513493061,0.4252255559,-0.0275469515,1.0000000000
123,11.6910000000,left_hand,15,0.6513493061,0.4252255559,-0.0275469515,1.0000000000
124,11.7860000000,left_hand,15,0.6513493061,0.4252255559,-0.0275469515,1.0000000000
53,5.0370000000,left_hand,16,0.4710802734,0.5088462234,-0.0192126520,1.0000000000
54,5.1330000000,left_hand,16,0.4738371372,0.5215696096,-0.0210187268,1.0000000000
55,5.2280000000,left_hand,16,0.4725325629,0.5151971653,-0.0191203651,1.0000000000
56,5.3230000000,left_hand,16,0.4712279886,0.5088247210,-0.0172220035,1.0000000000
57,5.4180000000,left_hand,16,0.4699234143,0.5024522766,-0.0153236419,1.0000000000
58,5.5130000000,left_hand,16,0.4686188400,0.4960798323,-0.0134252803,1.0000000000
59,5.6080000000,left_hand,16,0.5527706742,0.4872859418,-0.0292493887,1.0000000000
60,5.7030000000,left_hand,16,0.5473581553,0.4895915389,-0.0361638330,1.0000000000
61,5.7980000000,left_hand,16,0.5452404022,0.4726610780,-0.0423464030,1.0000000000
62,5.8930000000,left_hand,16,0.5488329530,0.4575664699,-0.0330542065,1.0000000000
63,5.9880000000,left_hand,16,0.5521476865,0.4578807354,-0.0326355584,1.0000000000
64,6.0830000000,left_hand,16,0.5563712716,0.4779648185,-0.0260103978,1.0000000000
65,6.1780000000,left_hand,16,0.5624773502,0.4900535345,-0.0175522417,1.0000000000
66,6.2730000000,left_hand,16,0.5620068312,0.5078957677,-0.0138777010,1.0000000000
67,6.3680000000,left_hand,16,0.5646438003,0.5082721114,-0.0196729861,1.0000000000
68,6.4630000000,left_hand,16,0.5694807768,0.5108190775,-0.0141521348,1.0000000000
69,6.5580000000,left_hand,16,0.5774854422,0.5275964141,-0.0192795899,1.0000000000
70,6.6530000000,left_hand,16,0.5979540944,0.5292783976,-0.0132202795,1.0000000000
71,6.7480000000,left_hand,16,0.5793871284,0.5274994969,-0.0334235430,1.0000000000
72,6.8430000000,left_hand,16,0.6285522580,0.5813379884,-0.0368195176,1.0000000000
73,6.9380000000,left_hand,16,0.6057448387,0.5786709785,-0.0276740491,1.0000000000
74,7.0330000000,left_hand,16,0.6343418956,0.5966627598,-0.0430456772,1.0000000000
75,7.1280000000,left_hand,16,0.6350722313,0.5879780650,-0.0253453068,1.0000000000
76,7.2240000000,left_hand,16,0.6295819283,0.5920740366,-0.0255074054,1.0000000000
77,7.3190000000,left_hand,16,0.6251005530,0.5822523832,-0.0236395411,1.0000000000
78,7.4140000000,left_hand,16,0.6114525199,0.5617840886,-0.0404592529,1.0000000000
79,7.5090000000,left_hand,16,0.6089725494,0.5565555692,-0.0318223126,1.0000000000
80,7.6040000000,left_hand,16,0.5888747970,0.5408238371,-0.0362876256,1.0000000000
81,7.6990000000,left_hand,16,0.5687770446,0.5250921051,-0.0407529386,1.0000000000
82,7.7940000000,left_hand,16,0.5486792922,0.5093603730,-0.0452182516,1.0000000000
83,7.8890000000,left_hand,16,0.5664394498,0.5159090757,-0.0253609568,1.0000000000
84,7.9840000000,left_hand,16,0.5483930707,0.5126765966,-0.0321150459,1.0000000000
85,8.0790000000,left_hand,16,0.5455073118,0.5228325129,-0.0249736775,1.0000000000
86,8.1740000000,left_hand,16,0.5430672169,0.5246276259,-0.0241951589,1.0000000000
87,8.2690000000,left_hand,16,0.4929849505,0.5185332298,-0.0149328923,1.0000000000
88,8.3640000000,left_hand,16,0.5504887104,0.5265951753,-0.0267247651,1.0000000000
89,8.4590000000,left_hand,16,0.5556960106,0.5300790668,-0.0285794772,1.0000000000
90,8.5540000000,left_hand,16,0.5550609827,0.5397216082,-0.0197965186,1.0000000000
91,8.6490000000,left_hand,16,0.5556162596,0.5568243861,-0.0253242031,1.0000000000
92,8.7440000000,left_hand,16,0.5474396348,0.5770634413,-0.0167011842,1.0000000000
93,8.8390000000,left_hand,16,0.5451746583,0.5788905025,-0.0132993911,1.0000000000
94,8.9340000000,left_hand,16,0.5429096818,0.5807175636,-0.0098975981,1.0000000000
95,9.0290000000,left_hand,16,0.5502219200,0.5780701041,-0.0137191713,1.0000000000
96,9.1240000000,left_hand,16,0.5608679056,0.5779822469,-0.0343694650,1.0000000000
97,9.2200000000,left_hand,16,0.5715138912,0.5778943896,-0.0550197586,1.0000000000
98,9.3150000000,left_hand,16,0.5827103853,0.5656229258,-0.0489957966,1.0000000000
99,9.4100000000,left_hand,16,0.5577088594,0.4876629114,-0.0324443541,1.0000000000
100,9.5050000000,left_hand,16,0.5616202950,0.4856237769,-0.0308860866,1.0000000000
101,9.6000000000,left_hand,16,0.5655317307,0.4835846424,-0.0293278191,1.0000000000
102,9.6950000000,left_hand,16,0.5635643601,0.4679834247,-0.0256528370,1.0000000000
103,9.7900000000,left_hand,16,0.4740070999,0.5199887156,-0.0296040680,1.0000000000
104,9.8850000000,left_hand,16,0.5177505761,0.4717731923,-0.0287555140,1.0000000000
105,9.9800000000,left_hand,16,0.5614940524,0.4235576689,-0.0279069599,1.0000000000
106,10.0750000000,left_hand,16,0.5550812483,0.4256409109,-0.0346782357,1.0000000000
107,10.1700000000,left_hand,16,0.5404851437,0.4173620045,-0.0281290095,1.0000000000
108,10.2650000000,left_hand,16,0.5311471820,0.4028179944,-0.0421651416,1.0000000000
109,10.3600000000,left_hand,16,0.5392655134,0.4077390432,-0.0449924879,1.0000000000
110,10.4550000000,left_hand,16,0.5463363528,0.4082003832,-0.0342955440,1.0000000000
111,10.5500000000,left_hand,16,0.5438802242,0.4103672504,-0.0325799249,1.0000000000
112,10.6450000000,left_hand,16,0.5501601696,0.4181464016,-0.0210131016,1.0000000000
113,10.7400000000,left_hand,16,0.5370653272,0.4084450006,-0.0201627705,1.0000000000
114,10.8350000000,left_hand,16,0.5346156359,0.4141190350,-0.0189295411,1.0000000000
115,10.9300000000,left_hand,16,0.5393378139,0.3865477145,-0.0107808197,1.0000000000
116,11.0250000000,left_hand,16,0.5492417812,0.4055039883,-0.0066788886,1.0000000000
117,11.1200000000,left_hand,16,0.5710887909,0.3613243103,-0.0092261164,1.0000000000
118,11.2150000000,left_hand,16,0.5995017290,0.3344147503,-0.0154482052,1.0000000000
119,11.3110000000,left_hand,16,0.6155196627,0.3637169401,-0.0176581169,1.0000000000
120,11.4060000000,left_hand,16,0.6315375964,0.3930191298,-0.0198680287,1.0000000000
121,11.5010000000,left_hand,16,0.6475555301,0.4223213196,-0.0220779404,1.0000000000
122,11.5960000000,left_hand,16,0.6475555301,0.4223213196,-0.0220779404,1.0000000000
123,11.6910000000,left_hand,16,0.6475555301,0.4223213196,-0.0220779404,1.0000000000
124,11.7860000000,left_hand,16,0.6475555301,0.4223213196,-0.0220779404,1.0000000000
53,5.0370000000,left_hand,17,0.4193105102,0.5158320069,-0.0192712136,1.0000000000
54,5.1330000000,left_hand,17,0.4186026752,0.5261676311,-0.0214961935,1.0000000000
55,5.2280000000,left_hand,17,0.4230298772,0.5288888365,-0.0189479247,1.0000000000
56,5.3230000000,left_hand,17,0.4274570793,0.5316100419,-0.0163996560,1.0000000000
57,5.4180000000,left_hand,17,0.4318842813,0.5343312472,-0.0138513872,1.0000000000
58,5.5130000000,left_hand,17,0.4363114834,0.5370524526,-0.0113031184,1.0000000000
59,5.6080000000,left_hand,17,0.6166593432,0.5315971375,-0.0234467834,1.0000000000
60,5.7030000000,left_hand,17,0.6138349175,0.5547792315,-0.0238982830,1.0000000000
61,5.7980000000,left_hand,17,0.6145251989,0.5551733971,-0.0306187645,1.0000000000
62,5.8930000000,left_hand,17,0.6146930456,0.5401882529,-0.0245376043,1.0000000000
63,5.9880000000,left_hand,17,0.6162756085,0.5389921069,-0.0294061806,1.0000000000
64,6.0830000000,left_hand,17,0.6243706942,0.5499496460,-0.0258861259,1.0000000000
65,6.1780000000,left_hand,17,0.6209052801,0.5609840155,-0.0194181185,1.0000000000
66,6.2730000000,left_hand,17,0.6242722869,0.5636361241,-0.0163572039,1.0000000000
67,6.3680000000,left_hand,17,0.6312245727,0.5593607426,-0.0189274773,1.0000000000
68,6.4630000000,left_hand,17,0.6278408170,0.5558992028,-0.0188237242,1.0000000000
69,6.5580000000,left_hand,17,0.6400527358,0.5478387475,-0.0244192891,1.0000000000
70,6.6530000000,left_hand,17,0.6428105235,0.5574373007,-0.0198405776,1.0000000000
71,6.7480000000,left_hand,17,0.6421864629,0.4459307194,-0.0217108652,1.0000000000
72,6.8430000000,left_hand,17,0.6743563414,0.5132277012,-0.0331053138,1.0000000000
73,6.9380000000,left_hand,17,0.6589977145,0.4700675309,-0.0220167693,1.0000000000
74,7.0330000000,left_hand,17,0.6873082519,0.5240525603,-0.0378640927,1.0000000000
75,7.1280000000,left_hand,17,0.6866241097,0.5312629938,-0.0262415279,1.0000000000
76,7.2240000000,left_hand,17,0.6816487908,0.5407803059,-0.0261441674,1.0000000000
77,7.3190000000,left_hand,17,0.6750836372,0.5483344197,-0.0232855566,1.0000000000
78,7.4140000000,left_hand,17,0.6742832065,0.5390924811,-0.0381450281,1.0000000000
79,7.5090000000,left_hand,17,0.6674388051,0.5416484475,-0.0314440355,1.0000000000
80,7.6040000000,left_hand,17,0.6581389109,0.5152175327,-0.0308818687,1.0000000000
81,7.6990000000,left_hand,17,0.6488390168,0.4887866179,-0.0303197019,1.0000000000
82,7.7940000000,left_hand,17,0.6395391226,0.4623557031,-0.0297575351,1.0000000000
83,7.8890000000,left_hand,17,0.6257563829,0.5211078525,-0.0229880847,1.0000000000
84,7.9840000000,left_hand,17,0.6143053770,0.5160980225,-0.0244616773,1.0000000000
85,8.0790000000,left_hand,17,0.6050668359,0.5119554400,-0.0252409764,1.0000000000
86,8.1740000000,left_hand,17,0.6051527262,0.5061704516,-0.0258142464,1.0000000000
87,8.2690000000,left_hand,17,0.4321768582,0.5361924171,-0.0201462805,1.0000000000
88,8.3640000000,left_hand,17,0.6165770888,0.5104110241,-0.0319004841,1.0000000000
89,8.4590000000,left_hand,17,0.6223939061,0.5229184031,-0.0293731969,1.0000000000
90,8.5540000000,left_hand,17,0.6197724342,0.5326316357,-0.0227557160,1.0000000000
91,8.6490000000,left_hand,17,0.6180608869,0.5418603420,-0.0206498802,1.0000000000
92,8.7440000000,left_hand,17,0.6083387136,0.5563421845,-0.0144820353,1.0000000000
93,8.8390000000,left_hand,17,0.6064339280,0.5620676279,-0.0139973457,1.0000000000
94,8.9340000000,left_hand,17,0.6045291424,0.5677930713,-0.0135126561,1.0000000000
95,9.0290000000,left_hand,17,0.6168082356,0.5643028021,-0.0170513839,1.0000000000
96,9.1240000000,left_hand,17,0.6270415187,0.5376733243,-0.0263785366,1.0000000000
97,9.2200000000,left_hand,17,0.6372748017,0.5110438466,-0.0357056893,1.0000000000
98,9.3150000000,left_hand,17,0.6429611444,0.5195819736,-0.0354323499,1.0000000000
99,9.4100000000,left_hand,17,0.6320557594,0.4035215676,-0.0310469791,1.0000000000
100,9.5050000000,left_hand,17,0.6302731633,0.4642546922,-0.0281331623,1.0000000000
101,9.6000000000,left_hand,17,0.6284905672,0.5249878168,-0.0252193455,1.0000000000
102,9.6950000000,left_hand,17,0.6246409416,0.5194417238,-0.0228475332,1.0000000000
103,9.7900000000,left_hand,17,0.4124197066,0.5136097670,-0.0182050690,1.0000000000
104,9.8850000000,left_hand,17,0.5171010345,0.4998817444,-0.0204240037,1.0000000000
105,9.9800000000,left_hand,17,0.6217823625,0.4861537218,-0.0226429384,1.0000000000
106,10.0750000000,left_hand,17,0.6187419295,0.5003267527,-0.0246735513,1.0000000000
107,10.1700000000,left_hand,17,0.6078429222,0.4839652777,-0.0225172136,1.0000000000
108,10.2650000000,left_hand,17,0.6027653217,0.5012800694,-0.0355467126,1.0000000000
109,10.3600000000,left_hand,17,0.6143032312,0.5107167363,-0.0416846201,1.0000000000
110,10.4550000000,left_hand,17,0.6071903706,0.5161101818,-0.0306247696,1.0000000000
111,10.5500000000,left_hand,17,0.6080071926,0.5138595700,-0.0301237386,1.0000000000
112,10.6450000000,left_hand,17,0.6045926213,0.5096312761,-0.0256372504,1.0000000000
113,10.7400000000,left_hand,17,0.6004135013,0.4968267679,-0.0213180892,1.0000000000
114,10.8350000000,left_hand,17,0.6001656651,0.4973883033,-0.0249912683,1.0000000000
115,10.9300000000,left_hand,17,0.5982351303,0.4558350742,-0.0163654611,1.0000000000
116,11.0250000000,left_hand,17,0.5953671336,0.4823093414,-0.0140119484,1.0000000000
117,11.1200000000,left_hand,17,0.6305403113,0.4232845604,-0.0139607899,1.0000000000
118,11.2150000000,left_hand,17,0.6590517163,0.3883894682,-0.0100411866,1.0000000000
119,11.3110000000,left_hand,17,0.6705224117,0.4137045642,-0.0185182815,1.0000000000
120,11.4060000000,left_hand,17,0.6819931070,0.4390196602,-0.0269953764,1.0000000000
121,11.5010000000,left_hand,17,0.6934638023,0.4643347561,-0.0354724713,1.0000000000
122,11.5960000000,left_hand,17,0.6934638023,0.4643347561,-0.0354724713,1.0000000000
123,11.6910000000,left_hand,17,0.6934638023,0.4643347561,-0.0354724713,1.0000000000
124,11.7860000000,left_hand,17,0.6934638023,0.4643347561,-0.0354724713,1.0000000000
53,5.0370000000,left_hand,18,0.4407678545,0.5214862823,-0.0213546492,1.0000000000
54,5.1330000000,left_hand,18,0.4403359890,0.5333377719,-0.0243003927,1.0000000000
55,5.2280000000,left_hand,18,0.4448750392,0.5337103605,-0.0217724547,1.0000000000
56,5.3230000000,left_hand,18,0.4494140893,0.5340829492,-0.0192445167,1.0000000000
57,5.4180000000,left_hand,18,0.4539531395,0.5344555378,-0.0167165787,1.0000000000
58,5.5130000000,left_hand,18,0.4584921896,0.5348281264,-0.0141886408,1.0000000000
59,5.6080000000,left_hand,18,0.5914865732,0.5294592977,-0.0284376498,1.0000000000
60,5.7030000000,left_hand,18,0.5889334679,0.5538297892,-0.0317125246,1.0000000000
61,5.7980000000,left_hand,18,0.5851677060,0.5475091338,-0.0374171436,1.0000000000
62,5.8930000000,left_hand,18,0.5835581422,0.5246136785,-0.0300423205,1.0000000000
63,5.9880000000,left_hand,18,0.5851275921,0.5245982409,-0.0334868692,1.0000000000
64,6.0830000000,left_hand,18,0.5901136398,0.5415557027,-0.0282513704,1.0000000000
65,6.1780000000,left_hand,18,0.5881706476,0.5520897508,-0.0201698467,1.0000000000
66,6.2730000000,left_hand,18,0.5928192139,0.5615603924,-0.0167791154,1.0000000000
67,6.3680000000,left_hand,18,0.6023157239,0.5586092472,-0.0206972007,1.0000000000
68,6.4630000000,left_hand,18,0.5996887088,0.5565614700,-0.0186804160,1.0000000000
69,6.5580000000,left_hand,18,0.6124917865,0.5548080206,-0.0254154559,1.0000000000
70,6.6530000000,left_hand,18,0.6179728508,0.5677263737,-0.0206340738,1.0000000000
71,6.7480000000,left_hand,18,0.6140383482,0.4612181187,-0.0286705010,1.0000000000
72,6.8430000000,left_hand,18,0.6561622620,0.5550175905,-0.0429334491,1.0000000000
73,6.9380000000,left_hand,18,0.6341063976,0.5076779723,-0.0298319776,1.0000000000
74,7.0330000000,left_hand,18,0.6715930700,0.5646381378,-0.0467247441,1.0000000000
75,7.1280000000,left_hand,18,0.6693997979,0.5695978999,-0.0301303361,1.0000000000
76,7.2240000000,left_hand,18,0.6609902382,0.5744343400,-0.0292849783,1.0000000000
77,7.3190000000,left_hand,18,0.6516506076,0.5782861710,-0.0261062607,1.0000000000
78,7.4140000000,left_hand,18,0.6451482773,0.5678981543,-0.0440752283,1.0000000000
79,7.5090000000,left_hand,18,0.6390279531,0.5627979040,-0.0347613357,1.0000000000
80,7.6040000000,left_hand,18,0.6270698508,0.5399432580,-0.0360093142,1.0000000000
81,7.6990000000,left_hand,18,0.6151117484,0.5170886119,-0.0372572926,1.0000000000
82,7.7940000000,left_hand,18,0.6031536460,0.4942339659,-0.0385052711,1.0000000000
83,7.8890000000,left_hand,18,0.6020618677,0.5327898860,-0.0288861506,1.0000000000
84,7.9840000000,left_hand,18,0.5937678814,0.5257335305,-0.0320977420,1.0000000000
85,8.0790000000,left_hand,18,0.5804194212,0.5257094502,-0.0308159944,1.0000000000
86,8.1740000000,left_hand,18,0.5792469382,0.5250023603,-0.0306187514,1.0000000000
87,8.2690000000,left_hand,18,0.4615561962,0.5505841374,-0.0196318030,1.0000000000
88,8.3640000000,left_hand,18,0.5870590806,0.5275515914,-0.0351383388,1.0000000000
89,8.4590000000,left_hand,18,0.5932101607,0.5365371704,-0.0339705274,1.0000000000
90,8.5540000000,left_hand,18,0.5931739211,0.5462911725,-0.0244190544,1.0000000000
91,8.6490000000,left_hand,18,0.5949297547,0.5581715107,-0.0252656434,1.0000000000
92,8.7440000000,left_hand,18,0.5863897800,0.5716601610,-0.0178239513,1.0000000000
93,8.8390000000,left_hand,18,0.5823645294,0.5789584517,-0.0161920865,1.0000000000
94,8.9340000000,left_hand,18,0.5783392787,0.5862567425,-0.0145602217,1.0000000000
95,9.0290000000,left_hand,18,0.5921721458,0.5848496556,-0.0186774712,1.0000000000
96,9.1240000000,left_hand,18,0.6051375866,0.5659699738,-0.0323508503,1.0000000000
97,9.2200000000,left_hand,18,0.6181030273,0.5470902920,-0.0460242294,1.0000000000
98,9.3150000000,left_hand,18,0.6230500340,0.5493558645,-0.0442324840,1.0000000000
99,9.4100000000,left_hand,18,0.6003013849,0.4143892229,-0.0345074795,1.0000000000
100,9.5050000000,left_hand,18,0.6036740243,0.4749576002,-0.0320552550,1.0000000000
101,9.6000000000,left_hand,18,0.6070466638,0.5355259776,-0.0296030305,1.0000000000
102,9.6950000000,left_hand,18,0.5975787640,0.5219975710,-0.0269062407,1.0000000000
103,9.7900000000,left_hand,18,0.4329550862,0.5245209932,-0.0253216978,1.0000000000
104,9.8850000000,left_hand,18,0.5135066211,0.5007046312,-0.0264675962,1.0000000000
105,9.9800000000,left_hand,18,0.5940581560,0.4768882692,-0.0276134945,1.0000000000
106,10.0750000000,left_hand,18,0.5899696946,0.4858158827,-0.0312559269,1.0000000000
107,10.1700000000,left_hand,18,0.5766742229,0.4658796191,-0.0268682893,1.0000000000
108,10.2650000000,left_hand,18,0.5685589314,0.4728630185,-0.0405115969,1.0000000000
109,10.3600000000,left_hand,18,0.5775440931,0.4867997169,-0.0470133163,1.0000000000
110,10.4550000000,left_hand,18,0.5761242509,0.4876717329,-0.0338634290,1.0000000000
111,10.5500000000,left_hand,18,0.5748917460,0.4865350425,-0.0329275467,1.0000000000
112,10.6450000000,left_hand,18,0.5707722902,0.4848554134,-0.0264985617,1.0000000000
113,10.7400000000,left_hand,18,0.5688115954,0.4771910310,-0.0219328199,1.0000000000
114,10.8350000000,left_hand,18,0.5682559609,0.4746757746,-0.0262881871,1.0000000000
115,10.9300000000,left_hand,18,0.5633265972,0.4352611303,-0.0169646014,1.0000000000
116,11.0250000000,left_hand,18,0.5693464279,0.4634558558,-0.0125587322,1.0000000000
117,11.1200000000,left_hand,18,0.6045405269,0.4047497511,-0.0131648267,1.0000000000
118,11.2150000000,left_hand,18,0.6422722340,0.3573140800,-0.0128375096,1.0000000000
119,11.3110000000,left_hand,18,0.6493330399,0.3881161710,-0.0221088175,1.0000000000
120,11.4060000000,left_hand,18,0.6563938459,0.4189182619,-0.0313801253,1.0000000000
121,11.5010000000,left_hand,18,0.6634546518,0.4497203529,-0.0406514332,1.0000000000
122,11.5960000000,left_hand,18,0.6634546518,0.4497203529,-0.0406514332,1.0000000000
123,11.6910000000,left_hand,18,0.6634546518,0.4497203529,-0.0406514332,1.0000000000
124,11.7860000000,left_hand,18,0.6634546518,0.4497203529,-0.0406514332,1.0000000000
53,5.0370000000,left_hand,19,0.4538202286,0.5250918865,-0.0195973944,1.0000000000
54,5.1330000000,left_hand,19,0.4533179998,0.5348172188,-0.0225157142,1.0000000000
55,5.2280000000,left_hand,19,0.4563277289,0.5317699760,-0.0200601122,1.0000000000
56,5.3230000000,left_hand,19,0.4593374580,0.5287227333,-0.0176045103,1.0000000000
57,5.4180000000,left_hand,19,0.4623471871,0.5256754905,-0.0151489084,1.0000000000
58,5.5130000000,left_hand,19,0.4653569162,0.5226282477,-0.0126933064,1.0000000000
59,5.6080000000,left_hand,19,0.5762085915,0.5240696073,-0.0295374002,1.0000000000
60,5.7030000000,left_hand,19,0.5735410452,0.5448897481,-0.0338889398,1.0000000000
61,5.7980000000,left_hand,19,0.5684217811,0.5348370075,-0.0393619947,1.0000000000
62,5.8930000000,left_hand,19,0.5702104568,0.5078632236,-0.0298145320,1.0000000000
63,5.9880000000,left_hand,19,0.5690445304,0.5076209903,-0.0323310979,1.0000000000
64,6.0830000000,left_hand,19,0.5737721324,0.5240936875,-0.0255873837,1.0000000000
65,6.1780000000,left_hand,19,0.5755049586,0.5344532728,-0.0163779687,1.0000000000
66,6.2730000000,left_hand,19,0.5783447027,0.5493643284,-0.0137355719,1.0000000000
67,6.3680000000,left_hand,19,0.5876758099,0.5525081158,-0.0191550646,1.0000000000
68,6.4630000000,left_hand,19,0.5870609283,0.5498141646,-0.0148637109,1.0000000000
69,6.5580000000,left_hand,19,0.5986848474,0.5538515449,-0.0216982346,1.0000000000
70,6.6530000000,left_hand,19,0.6097871065,0.5614112020,-0.0155798774,1.0000000000
71,6.7480000000,left_hand,19,0.5990821123,0.4774246216,-0.0300241727,1.0000000000
72,6.8430000000,left_hand,19,0.6507487297,0.5753836036,-0.0439627953,1.0000000000
73,6.9380000000,left_hand,19,0.6212843657,0.5351867676,-0.0301936734,1.0000000000
74,7.0330000000,left_hand,19,0.6620780826,0.5853292942,-0.0476549752,1.0000000000
75,7.1280000000,left_hand,19,0.6594845057,0.5880421400,-0.0291238148,1.0000000000
76,7.2240000000,left_hand,19,0.6505643129,0.5903245807,-0.0283091906,1.0000000000
77,7.3190000000,left_hand,19,0.6413458586,0.5902692080,-0.0247778762,1.0000000000
78,7.4140000000,left_hand,19,0.6317755580,0.5775161982,-0.0430954956,1.0000000000
79,7.5090000000,left_hand,19,0.6259544492,0.5701261759,-0.0327825509,1.0000000000
80,7.6040000000,left_hand,19,0.6109609604,0.5511171619,-0.0354919521,1.0000000000
81,7.6990000000,left_hand,19,0.5959674716,0.5321081479,-0.0382013532,1.0000000000
82,7.7940000000,left_hand,19,0.5809739828,0.5130991340,-0.0409107544,1.0000000000
83,7.8890000000,left_hand,19,0.5882914066,0.5352772474,-0.0281324498,1.0000000000
84,7.9840000000,left_hand,19,0.5795072913,0.5309453607,-0.0345838331,1.0000000000
85,8.0790000000,left_hand,19,0.5673250556,0.5330688953,-0.0302749407,1.0000000000
86,8.1740000000,left_hand,19,0.5677530766,0.5347664952,-0.0295428187,1.0000000000
87,8.2690000000,left_hand,19,0.4727163315,0.5479000211,-0.0157993250,1.0000000000
88,8.3640000000,left_hand,19,0.5750365853,0.5340996981,-0.0318922102,1.0000000000
89,8.4590000000,left_hand,19,0.5798603892,0.5418673158,-0.0312717333,1.0000000000
90,8.5540000000,left_hand,19,0.5794802904,0.5505902767,-0.0217091329,1.0000000000
91,8.6490000000,left_hand,19,0.5817428231,0.5655613542,-0.0261826757,1.0000000000
92,8.7440000000,left_hand,19,0.5733272433,0.5782866478,-0.0177026447,1.0000000000
93,8.8390000000,left_hand,19,0.5700840652,0.5851325989,-0.0146654951,1.0000000000
94,8.9340000000,left_hand,19,0.5668408871,0.5919785500,-0.0116283456,1.0000000000
95,9.0290000000,left_hand,19,0.5789225101,0.5900063515,-0.0160556566,1.0000000000
96,9.1240000000,left_hand,19,0.5906226337,0.5797039270,-0.0317384126,1.0000000000
97,9.2200000000,left_hand,19,0.6023227572,0.5694015026,-0.0474211685,1.0000000000
98,9.3150000000,left_hand,19,0.6091014147,0.5658226609,-0.0442773253,1.0000000000
99,9.4100000000,left_hand,19,0.5827296972,0.4283619225,-0.0338174179,1.0000000000
100,9.5050000000,left_hand,19,0.5882240236,0.4810552150,-0.0317744184,1.0000000000
101,9.6000000000,left_hand,19,0.5937183499,0.5337485075,-0.0297314189,1.0000000000
102,9.6950000000,left_hand,19,0.5839359760,0.5142589808,-0.0254733954,1.0000000000
103,9.7900000000,left_hand,19,0.4472186863,0.5268022418,-0.0273907278,1.0000000000
104,9.8850000000,left_hand,19,0.5135514885,0.4953804910,-0.0277773775,1.0000000000
105,9.9800000000,left_hand,19,0.5798842907,0.4639587402,-0.0281640273,1.0000000000
106,10.0750000000,left_hand,19,0.5742427707,0.4711247385,-0.0328181051,1.0000000000
107,10.1700000000,left_hand,19,0.5615869761,0.4524927139,-0.0256184358,1.0000000000
108,10.2650000000,left_hand,19,0.5511383414,0.4504677951,-0.0403347537,1.0000000000
109,10.3600000000,left_hand,19,0.5615896583,0.4640446007,-0.0451075286,1.0000000000
110,10.4550000000,left_hand,19,0.5633784533,0.4630825818,-0.0323296785,1.0000000000
111,10.5500000000,left_hand,19,0.5639442205,0.4647889137,-0.0304788481,1.0000000000
112,10.6450000000,left_hand,19,0.5618447065,0.4635070562,-0.0212336089,1.0000000000
113,10.7400000000,left_hand,19,0.5555138588,0.4612831473,-0.0187883079,1.0000000000
114,10.8350000000,left_hand,19,0.5546428561,0.4596584737,-0.0220706537,1.0000000000
115,10.9300000000,left_hand,19,0.5511388779,0.4222112596,-0.0116232643,1.0000000000
116,11.0250000000,left_hand,19,0.5616282225,0.4496496916,-0.0076302551,1.0000000000
117,11.1200000000,left_hand,19,0.5910317898,0.3936828673,-0.0103621827,1.0000000000
118,11.2150000000,left_hand,19,0.6300936341,0.3419604897,-0.0136594530,1.0000000000
119,11.3110000000,left_hand,19,0.6375321349,0.3744908869,-0.0211187328,1.0000000000
120,11.4060000000,left_hand,19,0.6449706356,0.4070212841,-0.0285780126,1.0000000000
121,11.5010000000,left_hand,19,0.6524091363,0.4395516813,-0.0360372923,1.0000000000
122,11.5960000000,left_hand,19,0.6524091363,0.4395516813,-0.0360372923,1.0000000000
123,11.6910000000,left_hand,19,0.6524091363,0.4395516813,-0.0360372923,1.0000000000
124,11.7860000000,left_hand,19,0.6524091363,0.4395516813,-0.0360372923,1.0000000000
53,5.0370000000,left_hand,20,0.4625476301,0.5268347859,-0.0184445214,1.0000000000
54,5.1330000000,left_hand,20,0.4622302353,0.5344499350,-0.0209325608,1.0000000000
55,5.2280000000,left_hand,20,0.4631739259,0.5283738822,-0.0183774168,1.0000000000
56,5.3230000000,left_hand,20,0.4641176164,0.5222978294,-0.0158222727,1.0000000000
57,5.4180000000,left_hand,20,0.4650613070,0.5162217766,-0.0132671287,1.0000000000
58,5.5130000000,left_hand,20,0.4660049975,0.5101457238,-0.0107119847,1.0000000000
59,5.6080000000,left_hand,20,0.5649505258,0.5170248151,-0.0295982659,1.0000000000
60,5.7030000000,left_hand,20,0.5621767640,0.5334640741,-0.0342946388,1.0000000000
61,5.7980000000,left_hand,20,0.5560522079,0.5207756758,-0.0400430523,1.0000000000
62,5.8930000000,left_hand,20,0.5630850196,0.4933303297,-0.0283578783,1.0000000000
63,5.9880000000,left_hand,20,0.5588092804,0.4910002649,-0.0301993489,1.0000000000
64,6.0830000000,left_hand,20,0.5649471283,0.5079034567,-0.0223484486,1.0000000000
65,6.1780000000,left_hand,20,0.5699482560,0.5191069245,-0.0127421031,1.0000000000
66,6.2730000000,left_hand,20,0.5704517365,0.5359770656,-0.0104126027,1.0000000000
67,6.3680000000,left_hand,20,0.5780555606,0.5461271405,-0.0175402910,1.0000000000
68,6.4630000000,left_hand,20,0.5803588629,0.5425118804,-0.0113232117,1.0000000000
69,6.5580000000,left_hand,20,0.5899764895,0.5509094000,-0.0181312859,1.0000000000
70,6.6530000000,left_hand,20,0.6076506376,0.5548343658,-0.0112963943,1.0000000000
71,6.7480000000,left_hand,20,0.5886779428,0.4920887649,-0.0297181439,1.0000000000
72,6.8430000000,left_hand,20,0.6492061615,0.5856190324,-0.0440250188,1.0000000000
73,6.9380000000,left_hand,20,0.6128692031,0.5564727187,-0.0290434938,1.0000000000
74,7.0330000000,left_hand,20,0.6550523639,0.5996785164,-0.0479470603,1.0000000000
75,7.1280000000,left_hand,20,0.6511155963,0.5995271802,-0.0280274749,1.0000000000
76,7.2240000000,left_hand,20,0.6426211596,0.6004372239,-0.0275821239,1.0000000000
77,7.3190000000,left_hand,20,0.6350569725,0.5962967873,-0.0234408770,1.0000000000
78,7.4140000000,left_hand,20,0.6234185696,0.5817490816,-0.0417716801,1.0000000000
79,7.5090000000,left_hand,20,0.6180334091,0.5718265772,-0.0306489244,1.0000000000
80,7.6040000000,left_hand,20,0.6001876195,0.5563302636,-0.0348406372,1.0000000000
81,7.6990000000,left_hand,20,0.5823418299,0.5408339500,-0.0390323500,1.0000000000
82,7.7940000000,left_hand,20,0.5644960403,0.5253376365,-0.0432240628,1.0000000000
83,7.8890000000,left_hand,20,0.5789135098,0.5351430774,-0.0263524856,1.0000000000
84,7.9840000000,left_hand,20,0.5666484833,0.5341864824,-0.0356746912,1.0000000000
85,8.0790000000,left_hand,20,0.5571754575,0.5377326012,-0.0287338626,1.0000000000
86,8.1740000000,left_hand,20,0.5585809946,0.5417704582,-0.0279941335,1.0000000000
87,8.2690000000,left_hand,20,0.4783859849,0.5424975753,-0.0129006598,1.0000000000
88,8.3640000000,left_hand,20,0.5666186213,0.5378232598,-0.0292386897,1.0000000000
89,8.4590000000,left_hand,20,0.5697347522,0.5449159145,-0.0286367740,1.0000000000
90,8.5540000000,left_hand,20,0.5695633292,0.5518301725,-0.0193255376,1.0000000000
91,8.6490000000,left_hand,20,0.5707297921,0.5699390173,-0.0264612027,1.0000000000
92,8.7440000000,left_hand,20,0.5630140305,0.5815231204,-0.0167752262,1.0000000000
93,8.8390000000,left_hand,20,0.5607801378,0.5876185000,-0.0127858971,1.0000000000
94,8.9340000000,left_hand,20,0.5585462451,0.5937138796,-0.0087965680,1.0000000000
95,9.0290000000,left_hand,20,0.5691273808,0.5913837552,-0.0135490187,1.0000000000
96,9.1240000000,left_hand,20,0.5806336105,0.5878740251,-0.0311634932,1.0000000000
97,9.2200000000,left_hand,20,0.5921398401,0.5843642950,-0.0487779677,1.0000000000
98,9.3150000000,left_hand,20,0.5985943675,0.5795950890,-0.0441875942,1.0000000000
99,9.4100000000,left_hand,20,0.5693946481,0.4400945604,-0.0349402837,1.0000000000
100,9.5050000000,left_hand,20,0.5763472021,0.4841587692,-0.0321458094,1.0000000000
101,9.6000000000,left_hand,20,0.5832997561,0.5282229781,-0.0293513350,1.0000000000
102,9.6950000000,left_hand,20,0.5744234920,0.5050883293,-0.0234989058,1.0000000000
103,9.7900000000,left_hand,20,0.4574393332,0.5252599120,-0.0278314780,1.0000000000
104,9.8850000000,left_hand,20,0.5137925297,0.4878206253,-0.0277378969,1.0000000000
105,9.9800000000,left_hand,20,0.5701457262,0.4503813386,-0.0276443157,1.0000000000
106,10.0750000000,left_hand,20,0.5627057552,0.4559398890,-0.0327423513,1.0000000000
107,10.1700000000,left_hand,20,0.5516396165,0.4404116273,-0.0230699703,1.0000000000
108,10.2650000000,left_hand,20,0.5390920043,0.4316467643,-0.0392349884,1.0000000000
109,10.3600000000,left_hand,20,0.5509017110,0.4426269829,-0.0429214463,1.0000000000
110,10.4550000000,left_hand,20,0.5558981895,0.4426129758,-0.0307194795,1.0000000000
111,10.5500000000,left_hand,20,0.5589459538,0.4489786625,-0.0281895027,1.0000000000
112,10.6450000000,left_hand,20,0.5596940517,0.4496431947,-0.0164435301,1.0000000000
113,10.7400000000,left_hand,20,0.5475952625,0.4472377896,-0.0157455038,1.0000000000
114,10.8350000000,left_hand,20,0.5467245579,0.4474857450,-0.0180750508,1.0000000000
115,10.9300000000,left_hand,20,0.5443695784,0.4122768044,-0.0064771906,1.0000000000
116,11.0250000000,left_hand,20,0.5591707826,0.4374977350,-0.0034887081,1.0000000000
117,11.1200000000,left_hand,20,0.5827033520,0.3840636313,-0.0079841614,1.0000000000
118,11.2150000000,left_hand,20,0.6205670834,0.3341788650,-0.0138243325,1.0000000000
119,11.3110000000,left_hand,20,0.6289576292,0.3663514753,-0.0199870778,1.0000000000
120,11.4060000000,left_hand,20,0.6373481750,0.3985240857,-0.0261498230,1.0000000000
121,11.5010000000,left_hand,20,0.6457387209,0.4306966960,-0.0323125683,1.0000000000
122,11.5960000000,left_hand,20,0.6457387209,0.4306966960,-0.0323125683,1.0000000000
123,11.6910000000,left_hand,20,0.6457387209,0.4306966960,-0.0323125683,1.0000000000
124,11.7860000000,left_hand,20,0.6457387209,0.4306966960,-0.0323125683,1.0000000000
53,5.0370000000,pose,11,0.6443440318,0.2803194523,0.1266968697,0.9998189211
54,5.1330000000,pose,11,0.6447588205,0.2862571776,-0.0516914837,0.9998131990
55,5.2280000000,pose,11,0.6447584033,0.2863560021,-0.0328527577,0.9998142123
56,5.3230000000,pose,11,0.6445906758,0.2880190015,0.0379761010,0.9998077750
57,5.4180000000,pose,11,0.6440080404,0.2887859344,-0.0642174557,0.9998215437
58,5.5130000000,pose,11,0.6440266371,0.2881813645,-0.0588626154,0.9998248219
59,5.6080000000,pose,11,0.6448751688,0.2878513932,-0.0527543686,0.9998332858
60,5.7030000000,pose,11,0.6454082727,0.2878166139,0.0477049313,0.9998441339
61,5.7980000000,pose,11,0.6460804343,0.2899567783,0.0302273557,0.9998385310
62,5.8930000000,pose,11,0.6469574571,0.2898018658,0.0563793741,0.9998409748
63,5.9880000000,pose,11,0.6469903588,0.2896197438,0.0456934310,0.9998362064
64,6.0830000000,pose,11,0.6470781565,0.2893422246,-0.0788103491,0.9998425245
65,6.1780000000,pose,11,0.6470299959,0.2897154391,-0.0573980734,0.9998360872
66,6.2730000000,pose,11,0.6473258138,0.2884822190,-0.0211202465,0.9998386502
67,6.3680000000,pose,11,0.6479645371,0.2885777354,-0.0861205533,0.9998487234
68,6.4630000000,pose,11,0.6475356221,0.2860739529,-0.1424954385,0.9998449087
69,6.5580000000,pose,11,0.6475170851,0.2861643434,-0.1001797616,0.9998557568
70,6.6530000000,pose,11,0.6474821568,0.2864775360,-0.0749008209,0.9998662472
71,6.7480000000,pose,11,0.6474457383,0.2864586115,-0.0836986527,0.9998670816
72,6.8430000000,pose,11,0.6476272345,0.2948882878,-0.1412223130,0.9998777509
73,6.9380000000,pose,11,0.6473804116,0.3048759103,-0.0454441197,0.9998960495
74,7.0330000000,pose,11,0.6470295787,0.3057754934,-0.2625600398,0.9999047518
75,7.1280000000,pose,11,0.6469882727,0.3062109053,-0.2286857218,0.9999120831
76,7.2240000000,pose,11,0.6451463103,0.3068338335,-0.2542016804,0.9999189377
77,7.3190000000,pose,11,0.6442111731,0.3059028685,-0.2182304263,0.9999247193
78,7.4140000000,pose,11,0.6429331899,0.3061853945,-0.1076400802,0.9999282360
79,7.5090000000,pose,11,0.6429728270,0.3057683408,-0.0869028419,0.9999358654
80,7.6040000000,pose,11,0.6427208781,0.3035975695,-0.0638817102,0.9999361038
81,7.6990000000,pose,11,0.6409183741,0.3006502092,0.0281257834,0.9999360442
82,7.7940000000,pose,11,0.6412724853,0.2935619652,-0.0697152987,0.9999334216
83,7.8890000000,pose,11,0.6408711076,0.2896704674,0.0428499095,0.9999316931
84,7.9840000000,pose,11,0.6408789158,0.2866720259,0.0411361307,0.9999220371
85,8.0790000000,pose,11,0.6409460902,0.2846205235,0.0230431240,0.9999139905
86,8.1740000000,pose,11,0.6406409144,0.2845706940,0.0329437628,0.9999040961
87,8.2690000000,pose,11,0.6413379908,0.2852376103,0.0307600293,0.9999025464
88,8.3640000000,pose,11,0.6416116953,0.2850129008,-0.0734847412,0.9998967648
89,8.4590000000,pose,11,0.6443518400,0.2852827311,-0.0332591049,0.9998952150
90,8.5540000000,pose,11,0.6435115933,0.2836156785,-0.0678782389,0.9998825192
91,8.6490000000,pose,11,0.6434964538,0.2861506343,-0.0775755346,0.9998807907
92,8.7440000000,pose,11,0.6427608132,0.2932413816,-0.0139874481,0.9998817444
93,8.8390000000,pose,11,0.6402724385,0.3063741028,-0.0259895511,0.9998821020
94,8.9340000000,pose,11,0.6404626369,0.3083308935,-0.1047075018,0.9998427629
95,9.0290000000,pose,11,0.6402439475,0.2954215407,-0.0591288060,0.9998267889
96,9.1240000000,pose,11,0.6401758194,0.2946965694,0.0162576940,0.9998340011
97,9.2200000000,pose,11,0.6404268742,0.2954925597,0.0328468196,0.9998438358
98,9.3150000000,pose,11,0.6399821043,0.2957201600,0.0424963608,0.9998458028
99,9.4100000000,pose,11,0.6399472356,0.2967997193,0.0090549607,0.9998613596
100,9.5050000000,pose,11,0.6408933401,0.2966744304,-0.0632203221,0.9998670816
101,9.6000000000,pose,11,0.6409091949,0.2907029390,-0.0565306209,0.9998637438
102,9.6950000000,pose,11,0.6408421993,0.2907982469,-0.0215192344,0.9998659492
103,9.7900000000,pose,11,0.6408546567,0.2908484340,-0.0477555767,0.9998711348
104,9.8850000000,pose,11,0.6404255629,0.2996935546,-0.0292284731,0.9998749495
105,9.9800000000,pose,11,0.6420189738,0.2958680391,0.0405285731,0.9998691082
106,10.0750000000,pose,11,0.6420337558,0.2923080921,-0.0138268974,0.9998686314
107,10.1700000000,pose,11,0.6438905597,0.2941353023,0.0211593229,0.9998550415
108,10.2650000000,pose,11,0.6447930932,0.2892611921,0.0157947615,0.9998494983
109,10.3600000000,pose,11,0.6448127627,0.2909162045,0.0252782274,0.9998477101
110,10.4550000000,pose,11,0.6448284388,0.2909388244,0.0233973563,0.9998463392
111,10.5500000000,pose,11,0.6445603967,0.2910682261,0.0231933277,0.9998358488
112,10.6450000000,pose,11,0.6445319057,0.2891301215,0.0375825725,0.9998281598
113,10.7400000000,pose,11,0.6445271969,0.2890733480,0.0392690860,0.9998219609
114,10.8350000000,pose,11,0.6443195939,0.2870515585,0.0615800507,0.9998247027
115,10.9300000000,pose,11,0.6445398331,0.2863243818,-0.0127827702,0.9998207688
116,11.0250000000,pose,11,0.6451369524,0.2861137688,0.0094560347,0.9998118281
117,11.1200000000,pose,11,0.6448928714,0.2879905999,0.0008913566,0.9998171329
118,11.2150000000,pose,11,0.6436182857,0.3007536530,0.0575059913,0.9998205304
119,11.3110000000,pose,11,0.6422765255,0.3003386259,0.1577065289,0.9998316765
120,11.4060000000,pose,11,0.6446979046,0.3063964844,0.1299391836,0.9998515844
121,11.5010000000,pose,11,0.6460421085,0.3059095740,0.0548992120,0.9998665452
122,11.5960000000,pose,11,0.6460459232,0.3051594496,0.0426721014,0.9998691678
123,11.6910000000,pose,11,0.6451529264,0.3056337833,0.0140827978,0.9998760819
124,11.7860000000,pose,11,0.6449354291,0.3032827973,0.0276016295,0.9998824596
53,5.0370000000,pose,12,0.3973336220,0.2761695981,0.2135203630,0.9995474219
54,5.1330000000,pose,12,0.3972325921,0.2802726626,0.0221536439,0.9995460510
55,5.2280000000,pose,12,0.3971152902,0.2808774710,0.0571754351,0.9995357990
56,5.3230000000,pose,12,0.3981016874,0.2816960514,0.1194676384,0.9994794130
57,5.4180000000,pose,12,0.3982089758,0.2812694609,-0.0211026091,0.9995216131
58,5.5130000000,pose,12,0.4019223452,0.2819674313,-0.0151020950,0.9995610714
59,5.6080000000,pose,12,0.4018943608,0.2819904685,0.0290897693,0.9995827675
60,5.7030000000,pose,12,0.4002467990,0.2820244431,0.1137099117,0.9996101856
61,5.7980000000,pose,12,0.4003602564,0.2818216681,0.0844836384,0.9995702505
62,5.8930000000,pose,12,0.4001525044,0.2819746435,0.0917431265,0.9995505214
63,5.9880000000,pose,12,0.4001655281,0.2819889784,0.0854183137,0.9995154738
64,6.0830000000,pose,12,0.4006453156,0.2791290879,-0.0191455409,0.9995329976
65,6.1780000000,pose,12,0.4007322490,0.2796825469,-0.0085268877,0.9995349646
66,6.2730000000,pose,12,0.4011243284,0.2800690830,0.0677388906,0.9995319843
67,6.3680000000,pose,12,0.3994462192,0.2815227211,0.0323374420,0.9995555282
68,6.4630000000,pose,12,0.4020733237,0.2817925513,-0.0469100811,0.9995689988
69,6.5580000000,pose,12,0.4017329514,0.2836603820,-0.0269237868,0.9995998740
70,6.6530000000,pose,12,0.4013623893,0.2823366225,-0.0050179530,0.9996345639
71,6.7480000000,pose,12,0.4018367529,0.2830966413,-0.0273572821,0.9996461868
72,6.8430000000,pose,12,0.4012440741,0.2831135988,-0.0739910379,0.9996704459
73,6.9380000000,pose,12,0.4014054835,0.2838320136,0.0392728895,0.9997198582
74,7.0330000000,pose,12,0.4001160860,0.2838130593,-0.1635620892,0.9997427464
75,7.1280000000,pose,12,0.4000564814,0.2839287221,-0.1390234083,0.9997619987
76,7.2240000000,pose,12,0.4000237882,0.2839567363,-0.1768961549,0.9997792840
77,7.3190000000,pose,12,0.4001470804,0.2839757502,-0.1544967294,0.9997932911
78,7.4140000000,pose,12,0.4002925158,0.2883158624,-0.0307685733,0.9997968674
79,7.5090000000,pose,12,0.4010499716,0.2858253419,-0.0512862056,0.9998252988
80,7.6040000000,pose,12,0.4013511240,0.2859844565,-0.0112964539,0.9998327494
81,7.6990000000,pose,12,0.4016768634,0.2849192917,0.0955753699,0.9998400211
82,7.7940000000,pose,12,0.4033840597,0.2848773301,-0.0115428008,0.9998442531
83,7.8890000000,pose,12,0.4029660821,0.2830496728,0.0908867344,0.9998429418
84,7.9840000000,pose,12,0.4030241370,0.2821183503,0.0933067873,0.9998307824
85,8.0790000000,pose,12,0.4020716846,0.2821955383,0.0742553100,0.9997994900
86,8.1740000000,pose,12,0.4018215835,0.2809710801,0.0924819037,0.9997903705
87,8.2690000000,pose,12,0.4015693665,0.2811986208,0.0845740885,0.9997819662
88,8.3640000000,pose,12,0.4017733932,0.2812084854,-0.0292270817,0.9997781515
89,8.4590000000,pose,12,0.4018881023,0.2815372050,0.0304362699,0.9996855259
90,8.5540000000,pose,12,0.4018862844,0.2761421502,-0.0424537025,0.9996196032
91,8.6490000000,pose,12,0.4032883048,0.2761256099,-0.0323424712,0.9996051192
92,8.7440000000,pose,12,0.4030826688,0.2749840617,0.0180937257,0.9996064305
93,8.8390000000,pose,12,0.4024507701,0.2787922919,-0.0101535330,0.9995529652
94,8.9340000000,pose,12,0.4024880826,0.2789579928,-0.0887138620,0.9994274974
95,9.0290000000,pose,12,0.4007106423,0.2783047557,-0.0329526812,0.9993295074
96,9.1240000000,pose,12,0.3994636536,0.2782794535,0.0316397697,0.9993649721
97,9.2200000000,pose,12,0.3997809291,0.2781400979,0.0683407262,0.9994049072
98,9.3150000000,pose,12,0.3992102444,0.2780602574,0.0613551103,0.9994298816
99,9.4100000000,pose,12,0.3996845484,0.2785027027,0.0668607950,0.9994388223
100,9.5050000000,pose,12,0.3995564282,0.2821930349,-0.0075455713,0.9994711876
101,9.6000000000,pose,12,0.3998284042,0.2818300426,0.0034381389,0.9994881749
102,9.6950000000,pose,12,0.4003007114,0.2829590738,0.0377824269,0.9995108843
103,9.7900000000,pose,12,0.4002742469,0.2805540264,0.0031716102,0.9995411634
104,9.8850000000,pose,12,0.4002510607,0.2813303769,0.0197501071,0.9995566010
105,9.9800000000,pose,12,0.4002911747,0.2795752585,0.0343483016,0.9995726943
106,10.0750000000,pose,12,0.3992422223,0.2794368267,0.0337759145,0.9995917678
107,10.1700000000,pose,12,0.3992287219,0.2800407112,0.0388824791,0.9995683432
108,10.2650000000,pose,12,0.3993389904,0.2800374031,0.0361984335,0.9995563626
109,10.3600000000,pose,12,0.3989269435,0.2810239792,0.0431111716,0.9995670915
110,10.4550000000,pose,12,0.4003515542,0.2821128964,0.0157344006,0.9995769858
111,10.5500000000,pose,12,0.4002715945,0.2822442651,0.0239849780,0.9995647669
112,10.6450000000,pose,12,0.4002796113,0.2840633094,0.0486008935,0.9995135069
113,10.7400000000,pose,12,0.4002426565,0.2841286659,0.0648384318,0.9995156527
114,10.8350000000,pose,12,0.4008989036,0.2841756046,0.0790212080,0.9995099902
115,10.9300000000,pose,12,0.4009363353,0.2846331596,0.0097778486,0.9995189309
116,11.0250000000,pose,12,0.4026139677,0.2846762836,0.0379969925,0.9995178580
117,11.1200000000,pose,12,0.4035356641,0.2835819125,0.0069612539,0.9995420575
118,11.2150000000,pose,12,0.4035615325,0.2886429727,0.0166998096,0.9995554090
119,11.3110000000,pose,12,0.4040233791,0.2889374793,0.1516789794,0.9995830059
120,11.4060000000,pose,12,0.4034974277,0.2901394963,0.1080878899,0.9996381998
121,11.5010000000,pose,12,0.4036244154,0.2900879085,0.0980421156,0.9996704459
122,11.5960000000,pose,12,0.4033394456,0.2895907164,0.0410160683,0.9996711612
123,11.6910000000,pose,12,0.4051008224,0.2884570360,0.0061179036,0.9996909499
124,11.7860000000,pose,12,0.4047245383,0.2883202434,0.0595689453,0.9997064471
53,5.0370000000,pose,13,0.7894703150,0.5565621257,0.0011101156,0.9528455138
54,5.1330000000,pose,13,0.7899115682,0.5565404296,-0.1937958598,0.9517237544
55,5.2280000000,pose,13,0.7888475060,0.5566353798,-0.1759634018,0.9505446553
56,5.3230000000,pose,13,0.7885779142,0.5540570021,-0.0767616406,0.9454615116
57,5.4180000000,pose,13,0.7874423265,0.5542132854,-0.2038070261,0.9477512240
58,5.5130000000,pose,13,0.7907963395,0.5543389320,-0.2017803788,0.9515120983
59,5.6080000000,pose,13,0.7914653420,0.5560290813,-0.1641418934,0.9519118071
60,5.7030000000,pose,13,0.7894722223,0.5562461019,-0.0174238849,0.9521024823
61,5.7980000000,pose,13,0.7910793424,0.5579181314,-0.1669836491,0.9515507221
62,5.8930000000,pose,13,0.7881219983,0.5577016473,-0.0772967562,0.9491346478
63,5.9880000000,pose,13,0.7884070873,0.5579614639,-0.0928808749,0.9494042397
64,6.0830000000,pose,13,0.7893495560,0.5576657057,-0.2324190140,0.9521705508
65,6.1780000000,pose,13,0.7893743515,0.5577883720,-0.2101261467,0.9509887695
66,6.2730000000,pose,13,0.7893975377,0.5552157760,-0.1205417588,0.9529415965
67,6.3680000000,pose,13,0.7922708392,0.5520759821,-0.2435406595,0.9559982419
68,6.4630000000,pose,13,0.7924435139,0.5520853400,-0.2692711055,0.9568983316
69,6.5580000000,pose,13,0.7916972637,0.5521548390,-0.1895899177,0.9594302177
70,6.6530000000,pose,13,0.7919123173,0.5546627045,-0.1847119629,0.9631324410
71,6.7480000000,pose,13,0.7955383658,0.5534276962,-0.1931678951,0.9647053480
72,6.8430000000,pose,13,0.7956836820,0.5534488559,-0.3418045044,0.9672626257
73,6.9380000000,pose,13,0.8003494143,0.5534736514,-0.2454271168,0.9713234901
74,7.0330000000,pose,13,0.8005811572,0.5538408160,-0.4717018902,0.9738761783
75,7.1280000000,pose,13,0.8018581867,0.5564357042,-0.4097264111,0.9761606455
76,7.2240000000,pose,13,0.8017884493,0.5611926317,-0.5193846822,0.9781121612
77,7.3190000000,pose,13,0.8001423478,0.5613213181,-0.4533604085,0.9795176983
78,7.4140000000,pose,13,0.7983205318,0.5612745285,-0.2606515586,0.9803932905
79,7.5090000000,pose,13,0.7909021378,0.5608510971,-0.2406017482,0.9816988111
80,7.6040000000,pose,13,0.7901936173,0.5618058443,-0.1956833154,0.9821060300
81,7.6990000000,pose,13,0.7893037796,0.5615662336,-0.1217907295,0.9826903939
82,7.7940000000,pose,13,0.7874781489,0.5578627586,-0.2415213287,0.9833168387
83,7.8890000000,pose,13,0.7874815464,0.5613020658,-0.1031757295,0.9835154414
84,7.9840000000,pose,13,0.7897765636,0.5610390306,-0.0943477005,0.9821740985
85,8.0790000000,pose,13,0.7884402871,0.5609445572,-0.1113796607,0.9785960317
86,8.1740000000,pose,13,0.7883819342,0.5598784685,-0.0980456844,0.9738768935
87,8.2690000000,pose,13,0.7881089449,0.5600623488,-0.1004710272,0.9738397002
88,8.3640000000,pose,13,0.7880884409,0.5576875806,-0.2205331475,0.9738007188
89,8.4590000000,pose,13,0.7863006592,0.5533803701,-0.2516622543,0.9731665850
90,8.5540000000,pose,13,0.7861429453,0.5512113571,-0.2502012551,0.9693940878
91,8.6490000000,pose,13,0.7895492911,0.5510206819,-0.2619043887,0.9688164592
92,8.7440000000,pose,13,0.7895745635,0.5510796905,-0.2588820159,0.9679799676
93,8.8390000000,pose,13,0.7896323800,0.5523186326,-0.2587251663,0.9681488872
94,8.9340000000,pose,13,0.7893418074,0.5538532138,-0.2953706086,0.9608257413
95,9.0290000000,pose,13,0.7894474864,0.5515465140,-0.2065201551,0.9543755651
96,9.1240000000,pose,13,0.7875221372,0.5545458794,-0.1639985740,0.9514878392
97,9.2200000000,pose,13,0.7864472270,0.5541676879,-0.1787631512,0.9506090879
98,9.3150000000,pose,13,0.7864991426,0.5538923144,-0.1674373001,0.9491660595
99,9.4100000000,pose,13,0.7878974080,0.5562980175,-0.1497283280,0.9529292583
100,9.5050000000,pose,13,0.7851197124,0.5582661629,-0.2045989931,0.9559568763
101,9.6000000000,pose,13,0.7843023539,0.5583283901,-0.1575930715,0.9587541223
102,9.6950000000,pose,13,0.7843926549,0.5582536459,-0.1568551958,0.9585540295
103,9.7900000000,pose,13,0.7841832042,0.5590151548,-0.1976136267,0.9594457746
104,9.8850000000,pose,13,0.7836741805,0.5595746040,-0.1965890825,0.9595471025
105,9.9800000000,pose,13,0.7870126367,0.5591654181,-0.0937378854,0.9583283663
106,10.0750000000,pose,13,0.7865051627,0.5598902106,-0.1175099835,0.9583588839
107,10.1700000000,pose,13,0.7865892649,0.5600010753,-0.1206125468,0.9585926533
108,10.2650000000,pose,13,0.7871243954,0.5592053533,-0.1362595260,0.9583020210
109,10.3600000000,pose,13,0.7869892716,0.5602123141,-0.1206539720,0.9581296444
110,10.4550000000,pose,13,0.7850112915,0.5611679554,-0.1331165135,0.9581709504
111,10.5500000000,pose,13,0.7848043442,0.5612063408,-0.1509260237,0.9572066069
112,10.6450000000,pose,13,0.7847595811,0.5618709922,-0.1102690920,0.9561020136
113,10.7400000000,pose,13,0.7847417593,0.5631909966,-0.1086817607,0.9574509263
114,10.8350000000,pose,13,0.7847274542,0.5631277561,-0.0562768430,0.9584032893
115,10.9300000000,pose,13,0.7856348157,0.5615238547,-0.1571887285,0.9584801793
116,11.0250000000,pose,13,0.7853317261,0.5609477162,-0.1295176595,0.9588215351
117,11.1200000000,pose,13,0.7845290303,0.5611073971,-0.1437840760,0.9607463479
118,11.2150000000,pose,13,0.7838103175,0.5609944463,-0.1941319108,0.9622389078
119,11.3110000000,pose,13,0.7793586850,0.5613105893,-0.0784564838,0.9637833238
120,11.4060000000,pose,13,0.7813624144,0.5628600121,-0.1122211516,0.9666562676
121,11.5010000000,pose,13,0.7838519216,0.5705230832,-0.1011266634,0.9692614675
122,11.5960000000,pose,13,0.7808601856,0.5687329769,-0.1865680814,0.9712979198
123,11.6910000000,pose,13,0.7834366560,0.5643797517,-0.1780102700,0.9739292860
124,11.7860000000,pose,13,0.7841730714,0.5640736222,-0.1194405109,0.9760541320
53,5.0370000000,pose,14,0.2856101096,0.5833380222,0.0811872035,0.6165051460
54,5.1330000000,pose,14,0.2811655402,0.5879099369,-0.1478377283,0.6111187339
55,5.2280000000,pose,14,0.2817319632,0.5973497033,-0.0773801431,0.6067671776
56,5.3230000000,pose,14,0.2833123505,0.5888401866,0.0021074044,0.5817577243
57,5.4180000000,pose,14,0.2830360532,0.5886711478,-0.2323528081,0.5915427804
58,5.5130000000,pose,14,0.2841815948,0.5724123120,-0.1938201040,0.6094419360
59,5.6080000000,pose,14,0.2815782726,0.5732014179,-0.1487337798,0.6155774593
60,5.7030000000,pose,14,0.2809688449,0.5745004416,-0.0311604347,0.6188483238
61,5.7980000000,pose,14,0.2847190499,0.5705246925,-0.1710563004,0.6015662551
62,5.8930000000,pose,14,0.2836369872,0.5743463039,-0.1226177886,0.5812110305
63,5.9880000000,pose,14,0.2838120461,0.5744052529,-0.1342443526,0.5732222199
64,6.0830000000,pose,14,0.2849904895,0.5740932226,-0.2477437407,0.5845866203
65,6.1780000000,pose,14,0.2848091125,0.5795367956,-0.2118221074,0.5923928022
66,6.2730000000,pose,14,0.2849348187,0.5763286352,-0.0643035844,0.5982975960
67,6.3680000000,pose,14,0.2845132947,0.5854848027,-0.1049527973,0.6085346937
68,6.4630000000,pose,14,0.2852863669,0.5744094253,-0.2169976085,0.6234736443
69,6.5580000000,pose,14,0.2844291329,0.5730640888,-0.1988361478,0.6366879940
70,6.6530000000,pose,14,0.2831392586,0.5730835199,-0.1609735191,0.6655143499
71,6.7480000000,pose,14,0.2832843065,0.5726991892,-0.1929404289,0.6758307219
72,6.8430000000,pose,14,0.2803575695,0.5707336664,-0.2910214961,0.6783701181
73,6.9380000000,pose,14,0.2785142958,0.5724253654,-0.1653639227,0.6975753903
74,7.0330000000,pose,14,0.2764998972,0.5731823444,-0.3594139218,0.7136636376
75,7.1280000000,pose,14,0.2737182081,0.5742781162,-0.3198805451,0.7329934239
76,7.2240000000,pose,14,0.2712643445,0.5718507767,-0.4247140586,0.7432248592
77,7.3190000000,pose,14,0.2709939778,0.5718587637,-0.3809746802,0.7504127622
78,7.4140000000,pose,14,0.2714443207,0.5717884898,-0.1609180719,0.7455670238
79,7.5090000000,pose,14,0.2735395432,0.5738867521,-0.2166205943,0.7718149424
80,7.6040000000,pose,14,0.2755614817,0.5698954463,-0.1757294685,0.7733584642
81,7.6990000000,pose,14,0.2756404281,0.5751678348,-0.0890356526,0.7862149477
82,7.7940000000,pose,14,0.2783743441,0.5753683448,-0.2345799357,0.7933815122
83,7.8890000000,pose,14,0.2783752978,0.5889030695,-0.1015281230,0.8043701649
84,7.9840000000,pose,14,0.2784105837,0.5917468071,-0.0751265809,0.7934794426
85,8.0790000000,pose,14,0.2805109024,0.5951479673,-0.1421747059,0.7726396918
86,8.1740000000,pose,14,0.2792924941,0.5983391404,-0.1065118015,0.7528541684
87,8.2690000000,pose,14,0.2801672816,0.5967860222,-0.1299000084,0.7488625646
88,8.3640000000,pose,14,0.2810388505,0.5967224240,-0.2328979373,0.7469713092
89,8.4590000000,pose,14,0.2939048111,0.5738675594,-0.2205575407,0.7134834528
90,8.5540000000,pose,14,0.2932292819,0.5727813840,-0.2961211205,0.6777524948
91,8.6490000000,pose,14,0.2925280333,0.5732548237,-0.2713238001,0.6694195867
92,8.7440000000,pose,14,0.2919484675,0.5784091949,-0.2603220344,0.6504306197
93,8.8390000000,pose,14,0.2911230326,0.5775292516,-0.3076021075,0.6372408271
94,8.9340000000,pose,14,0.2905600369,0.5854583383,-0.3450962007,0.6178270578
95,9.0290000000,pose,14,0.2904748917,0.5857096910,-0.2419704497,0.5954291821
96,9.1240000000,pose,14,0.2900362611,0.5897467732,-0.2050494999,0.5937402844
97,9.2200000000,pose,14,0.2898656726,0.5871774554,-0.1749543101,0.5782973766
98,9.3150000000,pose,14,0.2866987884,0.5890470147,-0.1883495599,0.5745027661
99,9.4100000000,pose,14,0.2829851806,0.5889648199,-0.1258813441,0.5575233698
100,9.5050000000,pose,14,0.2820749581,0.5908010602,-0.2352053523,0.5795779228
101,9.6000000000,pose,14,0.2820338607,0.5870401263,-0.1975211948,0.5959272981
102,9.6950000000,pose,14,0.2821328342,0.5922175646,-0.1615413129,0.5905529261
103,9.7900000000,pose,14,0.2826490700,0.5712119937,-0.2228772789,0.5991455913
104,9.8850000000,pose,14,0.2823854089,0.5722799301,-0.1960491687,0.6008150578
105,9.9800000000,pose,14,0.2832480073,0.5807974339,-0.1896406859,0.6129694581
106,10.0750000000,pose,14,0.2777588069,0.5888755322,-0.1529826373,0.6234893799
107,10.1700000000,pose,14,0.2807884812,0.5922694206,-0.1624843329,0.6247904301
108,10.2650000000,pose,14,0.2869525254,0.5937568545,-0.1656374037,0.6259319186
109,10.3600000000,pose,14,0.2875453532,0.5937740207,-0.1550991684,0.6297697425
110,10.4550000000,pose,14,0.2892834842,0.6031778455,-0.2180571109,0.6340863705
111,10.5500000000,pose,14,0.2904458642,0.6030801535,-0.2027361989,0.6304445267
112,10.6450000000,pose,14,0.2914943993,0.6010938287,-0.1405739486,0.6155734062
113,10.7400000000,pose,14,0.2916586995,0.5974764228,-0.1234446988,0.6276509166
114,10.8350000000,pose,14,0.2927799821,0.5957783461,-0.1132065952,0.6423965096
115,10.9300000000,pose,14,0.2924866378,0.5990381241,-0.1705600321,0.6449384689
116,11.0250000000,pose,14,0.2939806581,0.5985965133,-0.1371085793,0.6520155668
117,11.1200000000,pose,14,0.2941680849,0.5981765985,-0.1937884241,0.6681223512
118,11.2150000000,pose,14,0.2943357229,0.5895993710,-0.2465899736,0.6756408811
119,11.3110000000,pose,14,0.2945579886,0.5894815326,-0.1025139391,0.6836857200
120,11.4060000000,pose,14,0.2926296890,0.5857522488,-0.1891702861,0.6904627085
121,11.5010000000,pose,14,0.2923299074,0.5848933458,-0.0797330961,0.7081898451
122,11.5960000000,pose,14,0.2940756381,0.5740604401,-0.2270937413,0.7175288796
123,11.6910000000,pose,14,0.2940064669,0.5730576515,-0.2217312753,0.7432863116
124,11.7860000000,pose,14,0.2937881052,0.5738288760,-0.0880794525,0.7641571164
53,5.0370000000,pose,15,0.6508178711,0.4909269512,-0.3570944071,0.9500105977
54,5.1330000000,pose,15,0.6508089304,0.4911974967,-0.5465804338,0.9490731359
55,5.2280000000,pose,15,0.6470441222,0.4938674271,-0.5010356903,0.9471456409
56,5.3230000000,pose,15,0.6469672322,0.4937884808,-0.4033397138,0.9410699606
57,5.4180000000,pose,15,0.6500399709,0.4957097471,-0.5635694265,0.9461748600
58,5.5130000000,pose,15,0.6548420191,0.4954520762,-0.5610660315,0.9502809644
59,5.6080000000,pose,15,0.6549389958,0.4989883900,-0.4669155777,0.9525535703
60,5.7030000000,pose,15,0.6586866975,0.5061253905,-0.2701520026,0.9549077749
61,5.7980000000,pose,15,0.6605669856,0.5098111629,-0.6239129305,0.9536762834
62,5.8930000000,pose,15,0.6584283113,0.5115003586,-0.4444404840,0.9508150816
63,5.9880000000,pose,15,0.6640900970,0.5148528218,-0.4994632006,0.9513262510
64,6.0830000000,pose,15,0.6644585729,0.5154746175,-0.6450631022,0.9548006654
65,6.1780000000,pose,15,0.6691759825,0.5206344724,-0.6323018670,0.9517462850
66,6.2730000000,pose,15,0.6679155827,0.5220213532,-0.4439598024,0.9529236555
67,6.3680000000,pose,15,0.6681299806,0.5238718987,-0.6143986583,0.9562617540
68,6.4630000000,pose,15,0.6681880951,0.5231833458,-0.6357185245,0.9568169117
69,6.5580000000,pose,15,0.6671330929,0.5134595633,-0.4950425923,0.9594167471
70,6.6530000000,pose,15,0.6765207648,0.5160983801,-0.5422976017,0.9646198153
71,6.7480000000,pose,15,0.6847580671,0.5159807205,-0.5687605739,0.9663770795
72,6.8430000000,pose,15,0.6896474957,0.5041506886,-0.7910322547,0.9693642259
73,6.9380000000,pose,15,0.6953623295,0.4985685647,-0.7228628397,0.9743122458
74,7.0330000000,pose,15,0.7003360391,0.4875868559,-0.9323152900,0.9767614603
75,7.1280000000,pose,15,0.7009412050,0.4864174128,-0.8442075849,0.9789384007
76,7.2240000000,pose,15,0.7040179968,0.4867199957,-1.0506083965,0.9808871746
77,7.3190000000,pose,15,0.7042802572,0.4879210293,-0.9492608905,0.9823812842
78,7.4140000000,pose,15,0.7030817866,0.4887008071,-0.6651602387,0.9835112691
79,7.5090000000,pose,15,0.7002947330,0.4916087389,-0.6832774878,0.9857026339
80,7.6040000000,pose,15,0.6903259754,0.4917695820,-0.5475929976,0.9865571260
81,7.6990000000,pose,15,0.6789681315,0.4905500710,-0.5270079970,0.9868935347
82,7.7940000000,pose,15,0.6681406498,0.4822084904,-0.6358995438,0.9873314500
83,7.8890000000,pose,15,0.6554785967,0.4785351157,-0.4722849429,0.9870769382
84,7.9840000000,pose,15,0.6464774013,0.4743620157,-0.4185972512,0.9840009212
85,8.0790000000,pose,15,0.6426758170,0.4744953811,-0.5005996227,0.9778403044
86,8.1740000000,pose,15,0.6383912563,0.4750553966,-0.4352785051,0.9740306735
87,8.2690000000,pose,15,0.6408736706,0.4806168675,-0.4483582377,0.9743298888
88,8.3640000000,pose,15,0.6410660148,0.4809465110,-0.6060106158,0.9741415977
89,8.4590000000,pose,15,0.6442869306,0.4811703265,-0.7665799260,0.9723150730
90,8.5540000000,pose,15,0.6444917917,0.4805136919,-0.6794753671,0.9644243121
91,8.6490000000,pose,15,0.6462751031,0.4846275747,-0.6668871641,0.9618816972
92,8.7440000000,pose,15,0.6470612288,0.4956649840,-0.7331486940,0.9602209330
93,8.8390000000,pose,15,0.6389555335,0.5018457770,-0.6289787889,0.9564909339
94,8.9340000000,pose,15,0.6393852234,0.5063312054,-0.6976708174,0.9347323179
95,9.0290000000,pose,15,0.6417263746,0.5062730312,-0.6070529222,0.9225112796
96,9.1240000000,pose,15,0.6471440196,0.5070371032,-0.6195542216,0.9244089127
97,9.2200000000,pose,15,0.6539729834,0.5024108291,-0.6622227430,0.9272174239
98,9.3150000000,pose,15,0.6596356630,0.5035877824,-0.6599079967,0.9293138981
99,9.4100000000,pose,15,0.6624729037,0.4989351034,-0.5076493025,0.9368847609
100,9.5050000000,pose,15,0.6622120738,0.4953464568,-0.5678194761,0.9423030615
101,9.6000000000,pose,15,0.6598899961,0.4883541465,-0.5061524510,0.9481935501
102,9.6950000000,pose,15,0.6634685993,0.4780387580,-0.5669147372,0.9509211779
103,9.7900000000,pose,15,0.6631355882,0.4909542501,-0.5640878677,0.9540154934
104,9.8850000000,pose,15,0.6607878208,0.4896053672,-0.5824105144,0.9558908939
105,9.9800000000,pose,15,0.6637173295,0.4825744033,-0.5014784336,0.9573462009
106,10.0750000000,pose,15,0.6595480442,0.4825887084,-0.4409254491,0.9568082690
107,10.1700000000,pose,15,0.6593763232,0.4822152555,-0.4669763148,0.9564704299
108,10.2650000000,pose,15,0.6586417556,0.4822167754,-0.4822834730,0.9551711082
109,10.3600000000,pose,15,0.6583796144,0.4828490615,-0.4819015861,0.9552888870
110,10.4550000000,pose,15,0.6604599357,0.4848450720,-0.5519823432,0.9565580487
111,10.5500000000,pose,15,0.6620451212,0.4873405099,-0.5930393338,0.9538732767
112,10.6450000000,pose,15,0.6611413360,0.4870476127,-0.5085096359,0.9507128000
113,10.7400000000,pose,15,0.6568252444,0.4874580801,-0.5085894465,0.9517640471
114,10.8350000000,pose,15,0.6558347344,0.4856832325,-0.3988109231,0.9522269368
115,10.9300000000,pose,15,0.6494371295,0.4761008322,-0.4773772061,0.9531198740
116,11.0250000000,pose,15,0.6546488404,0.4737237096,-0.4961902499,0.9538818598
117,11.1200000000,pose,15,0.6686180234,0.4676925242,-0.5484258533,0.9570751786
118,11.2150000000,pose,15,0.6709678769,0.4647654891,-0.7331525683,0.9599198103
119,11.3110000000,pose,15,0.6705009937,0.4629093111,-0.6072781086,0.9623246789
120,11.4060000000,pose,15,0.7032498121,0.4691693485,-0.6942328811,0.9682375193
121,11.5010000000,pose,15,0.7203390598,0.4825177193,-0.5636034012,0.9728878140
122,11.5960000000,pose,15,0.7186549902,0.4856288135,-0.7615299821,0.9751287699
123,11.6910000000,pose,15,0.7278925776,0.4938721955,-0.7147716284,0.9788464308
124,11.7860000000,pose,15,0.7236982584,0.4937698245,-0.5661891103,0.9812009931
53,5.0370000000,pose,16,0.3798174262,0.5048187375,-0.3194081485,0.9287381768
54,5.1330000000,pose,16,0.3874388635,0.5025881529,-0.5649474263,0.9313328266
55,5.2280000000,pose,16,0.3947467804,0.5042219162,-0.4501538575,0.9312693477
56,5.3230000000,pose,16,0.3939280510,0.5146619678,-0.3155470490,0.9069295526
57,5.4180000000,pose,16,0.3961330056,0.5014706850,-0.6915487051,0.9182940722
58,5.5130000000,pose,16,0.3964131474,0.5022619963,-0.5985953808,0.9277178049
59,5.6080000000,pose,16,0.3938407600,0.5038253069,-0.5309744477,0.9319267869
60,5.7030000000,pose,16,0.3876126409,0.5129462481,-0.3931502700,0.9342817664
61,5.7980000000,pose,16,0.3931283057,0.5108885169,-0.6648065448,0.9268468022
62,5.8930000000,pose,16,0.3986915648,0.5077086687,-0.5376583338,0.9014754295
63,5.9880000000,pose,16,0.4092586935,0.5044238567,-0.5845905542,0.8968450427
64,6.0830000000,pose,16,0.3865187466,0.5132184029,-0.7693489194,0.9052841663
65,6.1780000000,pose,16,0.3887191415,0.5131896138,-0.7169764638,0.9110466242
66,6.2730000000,pose,16,0.3862311542,0.5129312873,-0.4414842725,0.9087383747
67,6.3680000000,pose,16,0.3867250383,0.5215980411,-0.4845533371,0.9136771560
68,6.4630000000,pose,16,0.3827345073,0.5221450925,-0.6919945478,0.9210497141
69,6.5580000000,pose,16,0.3784708381,0.5246823430,-0.6692756414,0.9254108667
70,6.6530000000,pose,16,0.3744232357,0.5218973756,-0.6397539973,0.9370822310
71,6.7480000000,pose,16,0.3696321845,0.5211606026,-0.6584060192,0.9417945147
72,6.8430000000,pose,16,0.3422995806,0.5211108923,-0.7789239883,0.9467238784
73,6.9380000000,pose,16,0.3359452188,0.5027552843,-0.7503079176,0.9563030601
74,7.0330000000,pose,16,0.3381399512,0.4892482162,-0.8668338656,0.9605895877
75,7.1280000000,pose,16,0.3390184343,0.4847336411,-0.8100645542,0.9644237757
76,7.2240000000,pose,16,0.3502283394,0.4829023480,-0.9766115546,0.9678462148
77,7.3190000000,pose,16,0.3528218865,0.4826556146,-0.8821611404,0.9707734585
78,7.4140000000,pose,16,0.3531111777,0.5028841496,-0.5408204198,0.9725809693
79,7.5090000000,pose,16,0.3537676036,0.5026403666,-0.7449855804,0.9774994850
80,7.6040000000,pose,16,0.3572449684,0.4967171550,-0.6086897254,0.9793521762
81,7.6990000000,pose,16,0.3652186096,0.4860936403,-0.5512577295,0.9820329547
82,7.7940000000,pose,16,0.3832972348,0.4860897958,-0.7302989960,0.9836748242
83,7.8890000000,pose,16,0.3947974741,0.4894506335,-0.5552364588,0.9848852158
84,7.9840000000,pose,16,0.3989356458,0.4906257391,-0.4735671580,0.9831005931
85,8.0790000000,pose,16,0.4008377194,0.4907244146,-0.6329287291,0.9767705798
86,8.1740000000,pose,16,0.4004251063,0.4917615652,-0.5318040848,0.9764952660
87,8.2690000000,pose,16,0.4002466798,0.4892873764,-0.6037845016,0.9762519002
88,8.3640000000,pose,16,0.3971238732,0.4903486371,-0.7159652114,0.9769203067
89,8.4590000000,pose,16,0.3970239460,0.4892144799,-0.7385659814,0.9414276481
90,8.5540000000,pose,16,0.4039597511,0.4627268016,-0.7717975378,0.9193390608
91,8.6490000000,pose,16,0.4077603221,0.4475042224,-0.7267333269,0.9180073738
92,8.7440000000,pose,16,0.4108457863,0.4414683282,-0.7517770529,0.9100404978
93,8.8390000000,pose,16,0.4197217226,0.4432753325,-0.7383916378,0.9046450257
94,8.9340000000,pose,16,0.4244088233,0.4437901974,-0.8001907468,0.8887042403
95,9.0290000000,pose,16,0.4231804013,0.4422658086,-0.6832111478,0.8649995923
96,9.1240000000,pose,16,0.3977558911,0.4747790992,-0.6996242404,0.8747064471
97,9.2200000000,pose,16,0.3973084092,0.4733857512,-0.6927706003,0.8800490499
98,9.3150000000,pose,16,0.3925009668,0.4722881019,-0.7001548409,0.8919838667
99,9.4100000000,pose,16,0.3935959935,0.4721341729,-0.4990075529,0.8877038360
100,9.5050000000,pose,16,0.3735249639,0.4748990536,-0.7491257787,0.8979706764
101,9.6000000000,pose,16,0.3749426901,0.4815898836,-0.6310778260,0.9092991352
102,9.6950000000,pose,16,0.3758436441,0.4859190285,-0.6042317748,0.9134273529
103,9.7900000000,pose,16,0.3836019635,0.4849855900,-0.6826888919,0.9203807712
104,9.8850000000,pose,16,0.3982699811,0.4847571552,-0.6024897695,0.9236636162
105,9.9800000000,pose,16,0.3989114165,0.4832979441,-0.6505974531,0.9309743047
106,10.0750000000,pose,16,0.4006996751,0.4920548499,-0.5554258823,0.9332438707
107,10.1700000000,pose,16,0.4162956774,0.5116627812,-0.5971609354,0.9330549240
108,10.2650000000,pose,16,0.4279867709,0.5190443397,-0.5624735355,0.9298836589
109,10.3600000000,pose,16,0.4332588315,0.5291265845,-0.5648860335,0.9295979738
110,10.4550000000,pose,16,0.4324093163,0.5277379751,-0.7074943781,0.9335623980
111,10.5500000000,pose,16,0.4285362065,0.5357189178,-0.7029361129,0.9306526184
112,10.6450000000,pose,16,0.4270103872,0.5375785232,-0.5399658084,0.9075273871
113,10.7400000000,pose,16,0.4099227190,0.5409373045,-0.5525775552,0.9117274284
114,10.8350000000,pose,16,0.4224651158,0.5380074382,-0.5176622272,0.9047539234
115,10.9300000000,pose,16,0.4341007471,0.5367773771,-0.5584028959,0.9089291096
116,11.0250000000,pose,16,0.4334735274,0.5365887284,-0.5463994741,0.9132434726
117,11.1200000000,pose,16,0.4338240921,0.5391103625,-0.6501706243,0.9201869965
118,11.2150000000,pose,16,0.4231872857,0.5390436053,-0.7499777675,0.9255450368
119,11.3110000000,pose,16,0.4150295556,0.5393593311,-0.5891713500,0.9294615984
120,11.4060000000,pose,16,0.3936285675,0.5372512341,-0.7345062494,0.9403831959
121,11.5010000000,pose,16,0.3798618615,0.5298808813,-0.5006114244,0.9475656152
122,11.5960000000,pose,16,0.3835938573,0.5215352178,-0.8043641448,0.9511498809
123,11.6910000000,pose,16,0.3854413629,0.5217188001,-0.7391248345,0.9590205550
124,11.7860000000,pose,16,0.3880625367,0.5220106244,-0.5031734109,0.9638036489
53,5.0370000000,pose,23,0.6176449060,0.9394469857,-0.0007332581,0.9402877688
54,5.1330000000,pose,23,0.6030897498,0.9535549879,0.0005794241,0.9413366318
55,5.2280000000,pose,23,0.6036452055,0.9456447363,-0.0064669349,0.9397856593
56,5.3230000000,pose,23,0.6036803722,0.9462656379,-0.0047824169,0.9386668205
57,5.4180000000,pose,23,0.6037968993,0.9457363486,0.0126050990,0.9376260638
58,5.5130000000,pose,23,0.6107873917,0.9467920661,0.0163763110,0.9399764538
59,5.6080000000,pose,23,0.6179542542,0.9456801414,0.0113574564,0.9373007417
60,5.7030000000,pose,23,0.6148968339,0.9500893950,0.0121941380,0.9352459908
61,5.7980000000,pose,23,0.6151351929,0.9498025179,0.0121122096,0.9328678250
62,5.8930000000,pose,23,0.6165771484,0.9492499232,0.0162034370,0.9267572761
63,5.9880000000,pose,23,0.6144074202,0.9501022696,0.0161332227,0.9264135361
64,6.0830000000,pose,23,0.6058996320,0.9465239048,0.0084074568,0.9298346639
65,6.1780000000,pose,23,0.6150482893,0.9381479621,0.0070176516,0.9324999452
66,6.2730000000,pose,23,0.6347091198,0.9520606399,0.0047367909,0.9326700568
67,6.3680000000,pose,23,0.6279582977,0.9519136548,-0.0071174270,0.9335635304
68,6.4630000000,pose,23,0.6272140741,0.9434492588,-0.0105390511,0.9357366562
69,6.5580000000,pose,23,0.6248926520,0.9433231950,0.0034030925,0.9394779801
70,6.6530000000,pose,23,0.6210550666,0.9430922270,0.0031033258,0.9397031069
71,6.7480000000,pose,23,0.6202619672,0.9363688827,0.0045166141,0.9419177175
72,6.8430000000,pose,23,0.6101350784,0.9257195592,0.0044432431,0.9432676435
73,6.9380000000,pose,23,0.5737383962,0.9063115716,-0.0037895653,0.9490490556
74,7.0330000000,pose,23,0.5614687800,0.9063156843,-0.0069528390,0.9518989325
75,7.1280000000,pose,23,0.5595348477,0.9080380797,-0.0076736943,0.9543756247
76,7.2240000000,pose,23,0.5564113855,0.9086487889,-0.0076000849,0.9551768303
77,7.3190000000,pose,23,0.5569191575,0.9059433937,-0.0075445012,0.9567202330
78,7.4140000000,pose,23,0.5740777254,0.9262129068,-0.0074580363,0.9583155513
79,7.5090000000,pose,23,0.5918119550,0.9248048067,0.0043370598,0.9602651000
80,7.6040000000,pose,23,0.5798803568,0.9439169168,0.0088719865,0.9616606236
81,7.6990000000,pose,23,0.5848684907,0.9421491623,0.0028103993,0.9655424953
82,7.7940000000,pose,23,0.5897311568,0.9442939758,0.0104823885,0.9679293036
83,7.8890000000,pose,23,0.5803842545,0.9392058849,0.0102802347,0.9707294106
84,7.9840000000,pose,23,0.5686109066,0.9513868690,0.0105122682,0.9697299600
85,8.0790000000,pose,23,0.5943089128,0.9288627505,0.0089166583,0.9701836705
86,8.1740000000,pose,23,0.5938726068,0.9295393229,0.0057523609,0.9694758654
87,8.2690000000,pose,23,0.6033786535,0.9296839237,0.0059987255,0.9690598845
88,8.3640000000,pose,23,0.6019432545,0.9314407706,0.0113768084,0.9686831236
89,8.4590000000,pose,23,0.6140711308,0.9213563800,0.0067464197,0.9686443210
90,8.5540000000,pose,23,0.6102564931,0.9193136096,0.0129422238,0.9676333666
91,8.6490000000,pose,23,0.6105837226,0.9197322130,0.0114742657,0.9658350348
92,8.7440000000,pose,23,0.5629234314,0.9313526154,0.0108809406,0.9664380550
93,8.8390000000,pose,23,0.5640147328,0.9511939287,0.0146704782,0.9679862857
94,8.9340000000,pose,23,0.5671424270,0.9491328597,0.0148115205,0.9628487229
95,9.0290000000,pose,23,0.5935365558,0.9339206815,0.0110740708,0.9585215449
96,9.1240000000,pose,23,0.5932583213,0.9165406823,0.0122709693,0.9597447515
97,9.2200000000,pose,23,0.5833085775,0.9167689085,0.0122062834,0.9615890980
98,9.3150000000,pose,23,0.5851045847,0.9234274030,0.0132404622,0.9649894238
99,9.4100000000,pose,23,0.5937429667,0.9458659291,0.0027200172,0.9658491015
100,9.5050000000,pose,23,0.5995568633,0.9471691847,0.0036430950,0.9647329450
101,9.6000000000,pose,23,0.6140622497,0.9463166595,0.0086400053,0.9531587958
102,9.6950000000,pose,23,0.6131784320,0.9431949854,0.0093820887,0.9535011649
103,9.7900000000,pose,23,0.6059688926,0.9424962997,0.0109742116,0.9530355334
104,9.8850000000,pose,23,0.6031009555,0.9425283074,0.0106265824,0.9502102137
105,9.9800000000,pose,23,0.6129527688,0.9413091540,0.0223988332,0.9452278018
106,10.0750000000,pose,23,0.6059861779,0.9453589916,0.0136117311,0.9466471076
107,10.1700000000,pose,23,0.6116567254,0.9437495470,0.0195570607,0.9429547787
108,10.2650000000,pose,23,0.6137282252,0.9441772699,0.0218947213,0.9431629777
109,10.3600000000,pose,23,0.6078540683,0.9485109448,0.0255602840,0.9423604012
110,10.4550000000,pose,23,0.6085846424,0.9401969314,0.0281031821,0.9400145411
111,10.5500000000,pose,23,0.6002812982,0.9392086267,0.0272130128,0.9366884232
112,10.6450000000,pose,23,0.5988463163,0.9392118454,0.0269792620,0.9348896146
113,10.7400000000,pose,23,0.5989453197,0.9344471097,0.0191601776,0.9361780882
114,10.8350000000,pose,23,0.6175680757,0.9515644312,0.0202071592,0.9372704029
115,10.9300000000,pose,23,0.6116369963,0.9371086359,0.0224355422,0.9365151525
116,11.0250000000,pose,23,0.6169198155,0.9374954104,0.0205105282,0.9364878535
117,11.1200000000,pose,23,0.6125212312,0.9321266413,0.0197868999,0.9383792281
118,11.2150000000,pose,23,0.5933795571,0.9199332595,0.0239215177,0.9367518425
119,11.3110000000,pose,23,0.5935233235,0.9200621247,0.0222240202,0.9398710728
120,11.4060000000,pose,23,0.5939874649,0.9264369607,0.0382758901,0.9420912266
121,11.5010000000,pose,23,0.6027540565,0.9350304604,0.0223993640,0.9456245899
122,11.5960000000,pose,23,0.6062228680,0.9300307631,0.0225039124,0.9430545568
123,11.6910000000,pose,23,0.6182796359,0.9323565960,0.0225370154,0.9445521235
124,11.7860000000,pose,23,0.6191011667,0.9326650500,0.0176030360,0.9475476742
53,5.0370000000,pose,24,0.4344143867,0.9243150949,0.0002046173,0.9374198914
54,5.1330000000,pose,24,0.4196299314,0.9242022038,-0.0010927111,0.9390462041
55,5.2280000000,pose,24,0.4204171002,0.9222258329,0.0059344014,0.9370410442
56,5.3230000000,pose,24,0.4213840067,0.9226877689,0.0042834408,0.9346199632
57,5.4180000000,pose,24,0.4220169187,0.9222208261,-0.0130686071,0.9338763356
58,5.5130000000,pose,24,0.4331192374,0.9245600104,-0.0168250110,0.9368994832
59,5.6080000000,pose,24,0.4374846518,0.9328261614,-0.0118914563,0.9344866276
60,5.7030000000,pose,24,0.4296570122,0.9330929518,-0.0127417492,0.9324054718
61,5.7980000000,pose,24,0.4335475862,0.9328240752,-0.0126538528,0.9286868572
62,5.8930000000,pose,24,0.4325586855,0.9334423542,-0.0167482849,0.9200131893
63,5.9880000000,pose,24,0.4306610823,0.9301120639,-0.0166786369,0.9187541604
64,6.0830000000,pose,24,0.4304970205,0.9221097231,-0.0089345565,0.9225865602
65,6.1780000000,pose,24,0.4373512566,0.9228432178,-0.0074890982,0.9260898232
66,6.2730000000,pose,24,0.4536398649,0.9413536191,-0.0052198307,0.9263186455
67,6.3680000000,pose,24,0.4492171407,0.9242663980,0.0066213799,0.9265909791
68,6.4630000000,pose,24,0.4515694082,0.9228850007,0.0100088241,0.9298395514
69,6.5580000000,pose,24,0.4409888685,0.9259179831,-0.0038814810,0.9341406822
70,6.6530000000,pose,24,0.4392188489,0.9254626036,-0.0035878769,0.9350696802
71,6.7480000000,pose,24,0.4400511980,0.9263030887,-0.0049744518,0.9378087521
72,6.8430000000,pose,24,0.4365642667,0.9030730724,-0.0049015628,0.9384017587
73,6.9380000000,pose,24,0.4038506448,0.8648450375,0.0033222358,0.9441741705
74,7.0330000000,pose,24,0.3946855664,0.8688452244,0.0065281116,0.9471471906
75,7.1280000000,pose,24,0.3911276460,0.8671865463,0.0072443532,0.9498254657
76,7.2240000000,pose,24,0.3921516240,0.8628944159,0.0071682516,0.9499934912
77,7.3190000000,pose,24,0.3928532600,0.8484352231,0.0071240715,0.9517259598
78,7.4140000000,pose,24,0.4129203558,0.9053649306,0.0070461114,0.9534658790
79,7.5090000000,pose,24,0.4248616099,0.9180592895,-0.0048016948,0.9561774135
80,7.6040000000,pose,24,0.4234305322,0.9146891832,-0.0093107224,0.9582601190
81,7.6990000000,pose,24,0.4222711325,0.9154859781,-0.0032696880,0.9626586437
82,7.7940000000,pose,24,0.4259661734,0.9148517847,-0.0108795222,0.9656634927
83,7.8890000000,pose,24,0.4059396088,0.8971288204,-0.0107016452,0.9688971043
84,7.9840000000,pose,24,0.3932137787,0.9024245143,-0.0109518021,0.9683508873
85,8.0790000000,pose,24,0.4141562581,0.9020539522,-0.0093497019,0.9688659310
86,8.1740000000,pose,24,0.4135468900,0.9099557400,-0.0061942930,0.9684308171
87,8.2690000000,pose,24,0.4274392724,0.9104737043,-0.0064354199,0.9679136276
88,8.3640000000,pose,24,0.4261957407,0.9101955295,-0.0117984358,0.9680035114
89,8.4590000000,pose,24,0.4380992949,0.9007151127,-0.0071092797,0.9663411975
90,8.5540000000,pose,24,0.4364560544,0.8926478624,-0.0134010771,0.9644114971
91,8.6490000000,pose,24,0.4375421703,0.9094308019,-0.0119510554,0.9619724154
92,8.7440000000,pose,24,0.3974470794,0.8960567713,-0.0113629121,0.9616581798
93,8.8390000000,pose,24,0.3955471218,0.9095118642,-0.0151205324,0.9626397491
94,8.9340000000,pose,24,0.3999344110,0.9089607000,-0.0152826579,0.9560441971
95,9.0290000000,pose,24,0.4224067628,0.9066402912,-0.0115794120,0.9498183131
96,9.1240000000,pose,24,0.4154435992,0.8921797872,-0.0127496803,0.9510015845
97,9.2200000000,pose,24,0.4096938670,0.8746797442,-0.0126786688,0.9526646137
98,9.3150000000,pose,24,0.4111709595,0.8950963616,-0.0136865312,0.9568038583
99,9.4100000000,pose,24,0.4260902405,0.9277685881,-0.0032185593,0.9566140771
100,9.5050000000,pose,24,0.4278398752,0.9309808016,-0.0041460511,0.9561726451
101,9.6000000000,pose,24,0.4356038868,0.9318060875,-0.0090882806,0.9442379475
102,9.6950000000,pose,24,0.4358940125,0.9308815598,-0.0098160543,0.9452780485
103,9.7900000000,pose,24,0.4300075471,0.9248639941,-0.0114315832,0.9458056092
104,9.8850000000,pose,24,0.4298776090,0.9256967306,-0.0111090783,0.9426369071
105,9.9800000000,pose,24,0.4358996451,0.9271715283,-0.0227805115,0.9371178150
106,10.0750000000,pose,24,0.4259909093,0.9263758063,-0.0140750408,0.9396454096
107,10.1700000000,pose,24,0.4276143312,0.9270526767,-0.0200053621,0.9363958836
108,10.2650000000,pose,24,0.4362322688,0.9301778674,-0.0223270413,0.9371802807
109,10.3600000000,pose,24,0.4296277463,0.9306165576,-0.0259921215,0.9369586706
110,10.4550000000,pose,24,0.4310712516,0.9221640825,-0.0285544787,0.9353538752
111,10.5500000000,pose,24,0.4309972823,0.9216949940,-0.0276574548,0.9321131110
112,10.6450000000,pose,24,0.4246481061,0.9196054935,-0.0274281539,0.9292743802
113,10.7400000000,pose,24,0.4255059659,0.9167751074,-0.0196169615,0.9309228063
114,10.8350000000,pose,24,0.4437466562,0.9378916025,-0.0206474196,0.9315847158
115,10.9300000000,pose,24,0.4426190555,0.9226843119,-0.0228974018,0.9317001104
116,11.0250000000,pose,24,0.4433566630,0.9228358269,-0.0209834483,0.9324018955
117,11.1200000000,pose,24,0.4392038584,0.9136530757,-0.0202562828,0.9346014857
118,11.2150000000,pose,24,0.4262890518,0.8993218541,-0.0244376231,0.9316047430
119,11.3110000000,pose,24,0.4267421663,0.8995581269,-0.0226681400,0.9348518252
120,11.4060000000,pose,24,0.4222207069,0.9020841718,-0.0386660211,0.9368539453
121,11.5010000000,pose,24,0.4300214052,0.9123736024,-0.0228099171,0.9400442243
122,11.5960000000,pose,24,0.4314717352,0.9116660357,-0.0229125284,0.9359978437
123,11.6910000000,pose,24,0.4438366592,0.9146316648,-0.0229418296,0.9369167686
124,11.7860000000,pose,24,0.4437494874,0.9189774394,-0.0180092491,0.9402909875
53,5.0370000000,right_hand,0,0.6616060734,0.4739037156,-0.0000000779,1.0000000000
54,5.1330000000,right_hand,0,0.6553388834,0.4845590293,-0.0000000166,1.0000000000
55,5.2280000000,right_hand,0,0.6596413851,0.4792053998,-0.0000000303,1.0000000000
56,5.3230000000,right_hand,0,0.6585726142,0.4812672436,0.0000000463,1.0000000000
57,5.4180000000,right_hand,0,0.6547084451,0.4776977599,0.0000000261,1.0000000000
58,5.5130000000,right_hand,0,0.6500405073,0.4822871983,0.0000000380,1.0000000000
59,5.6080000000,right_hand,0,0.3818868697,0.4946167767,-0.0000000425,1.0000000000
60,5.7030000000,right_hand,0,0.3795840740,0.4902171791,0.0000000657,1.0000000000
61,5.7980000000,right_hand,0,0.3850718439,0.4890367091,0.0000000491,1.0000000000
62,5.8930000000,right_hand,0,0.3935623169,0.4861360192,-0.0000000028,1.0000000000
63,5.9880000000,right_hand,0,0.3933539987,0.5103448629,-0.0000000639,1.0000000000
64,6.0830000000,right_hand,0,0.3859272599,0.5001142025,0.0000000406,1.0000000000
65,6.1780000000,right_hand,0,0.3946415186,0.4926812649,0.0000000361,1.0000000000
66,6.2730000000,right_hand,0,0.3919964433,0.4992016554,-0.0000000425,1.0000000000
67,6.3680000000,right_hand,0,0.3914206922,0.5004975796,-0.0000000249,1.0000000000
68,6.4630000000,right_hand,0,0.3885819316,0.5212675333,-0.0000000622,1.0000000000
69,6.5580000000,right_hand,0,0.3863396645,0.5293350816,-0.0000001124,1.0000000000
70,6.6530000000,right_hand,0,0.3035139740,0.5202263594,-0.0000000114,1.0000000000
71,6.7480000000,right_hand,0,0.2970628738,0.5058900714,-0.0000000070,1.0000000000
72,6.8430000000,right_hand,0,0.3180365264,0.4896522313,0.0000000647,1.0000000000
73,6.9380000000,right_hand,0,0.3390101790,0.4734143913,0.0000001363,1.0000000000
74,7.0330000000,right_hand,0,0.3392945826,0.4717985988,0.0000002035,1.0000000000
75,7.1280000000,right_hand,0,0.3438044488,0.4764997661,0.0000002865,1.0000000000
76,7.2240000000,right_hand,0,0.3499416411,0.5036434531,0.0000004355,1.0000000000
77,7.3190000000,right_hand,0,0.3563359678,0.5154693723,0.0000003661,1.0000000000
78,7.4140000000,right_hand,0,0.3578384370,0.4925681204,0.0000003004,1.0000000000
79,7.5090000000,right_hand,0,0.3593409061,0.4696668684,0.0000002347,1.0000000000
80,7.6040000000,right_hand,0,0.3632656336,0.4894351959,0.0000002667,1.0000000000
81,7.6990000000,right_hand,0,0.3738544285,0.5086213350,0.0000002480,1.0000000000
82,7.7940000000,right_hand,0,0.3804828823,0.5055404305,0.0000002495,1.0000000000
83,7.8890000000,right_hand,0,0.4056373537,0.4793973863,0.0000001836,1.0000000000
84,7.9840000000,right_hand,0,0.4036028584,0.4901882807,0.0000001690,1.0000000000
85,8.0790000000,right_hand,0,0.4015683631,0.5009791752,0.0000001543,1.0000000000
86,8.1740000000,right_hand,0,0.3995338678,0.5117700696,0.0000001396,1.0000000000
87,8.2690000000,right_hand,0,0.6440880299,0.4637471735,-0.0000001826,1.0000000000
88,8.3640000000,right_hand,0,0.3856410980,0.4993306398,0.0000002693,1.0000000000
89,8.4590000000,right_hand,0,0.3800720274,0.4954388142,0.0000002042,1.0000000000
90,8.5540000000,right_hand,0,0.3775673509,0.4635333717,0.0000001847,1.0000000000
91,8.6490000000,right_hand,0,0.4636985660,0.4749931594,0.0000001696,1.0000000000
92,8.7440000000,right_hand,0,0.5498297811,0.4864529471,0.0000001544,1.0000000000
93,8.8390000000,right_hand,0,0.6359609962,0.4979127347,0.0000001393,1.0000000000
94,8.9340000000,right_hand,0,0.5878977279,0.5007220954,0.0000001323,1.0000000000
95,9.0290000000,right_hand,0,0.5398344596,0.5035314560,0.0000001252,1.0000000000
96,9.1240000000,right_hand,0,0.5398344596,0.5035314560,0.0000001252,1.0000000000
97,9.2200000000,right_hand,0,0.4437079231,0.5091501772,0.0000001112,1.0000000000
98,9.3150000000,right_hand,0,0.3956446548,0.5119595379,0.0000001041,1.0000000000
99,9.4100000000,right_hand,0,0.3475813866,0.5147688985,0.0000000971,1.0000000000
100,9.5050000000,right_hand,0,0.6516941786,0.4632612467,0.0000001787,1.0000000000
101,9.6000000000,right_hand,0,0.5106401891,0.4642775655,0.0000001824,1.0000000000
102,9.6950000000,right_hand,0,0.3695861995,0.4652938843,0.0000001860,1.0000000000
103,9.7900000000,right_hand,0,0.6555506587,0.4466226399,0.0000001174,1.0000000000
104,9.8850000000,right_hand,0,0.6604279280,0.4548704624,0.0000001725,1.0000000000
105,9.9800000000,right_hand,0,0.3873411119,0.4839654267,0.0000001478,1.0000000000
106,10.0750000000,right_hand,0,0.3986139596,0.5062195063,0.0000003089,1.0000000000
107,10.1700000000,right_hand,0,0.4116873145,0.5152931809,0.0000003894,1.0000000000
108,10.2650000000,right_hand,0,0.4244726896,0.5243775845,0.0000001748,1.0000000000
109,10.3600000000,right_hand,0,0.4303338826,0.5343425274,0.0000001034,1.0000000000
110,10.4550000000,right_hand,0,0.4296042323,0.5408046842,0.0000001230,1.0000000000
111,10.5500000000,right_hand,0,0.4286136627,0.5321881771,0.0000000665,1.0000000000
112,10.6450000000,right_hand,0,0.4255142212,0.5413503647,0.0000000448,1.0000000000
113,10.7400000000,right_hand,0,0.4323723316,0.5365123749,0.0000001530,1.0000000000
114,10.8350000000,right_hand,0,0.4434200525,0.5320767164,0.0000000034,1.0000000000
115,10.9300000000,right_hand,0,0.4390299320,0.5480688214,0.0000001456,1.0000000000
116,11.0250000000,right_hand,0,0.4433461726,0.5436510444,0.0000001753,1.0000000000
117,11.1200000000,right_hand,0,0.4330046475,0.5411697626,0.0000001735,1.0000000000
118,11.2150000000,right_hand,0,0.4216547608,0.5407631397,0.0000001792,1.0000000000
119,11.3110000000,right_hand,0,0.4093998671,0.5377818942,0.0000001767,1.0000000000
120,11.4060000000,right_hand,0,0.3939296901,0.5208152533,0.0000001951,1.0000000000
121,11.5010000000,right_hand,0,0.3921172917,0.5165293217,0.0000001772,1.0000000000
122,11.5960000000,right_hand,0,0.3897238970,0.5197960138,0.0000001293,1.0000000000
123,11.6910000000,right_hand,0,0.3969425261,0.5228602886,0.0000001520,1.0000000000
124,11.7860000000,right_hand,0,0.3984503746,0.5228014588,0.0000001559,1.0000000000
53,5.0370000000,right_hand,1,0.6486747265,0.5029919147,-0.0135530019,1.0000000000
54,5.1330000000,right_hand,1,0.6425212622,0.5117042065,-0.0079256855,1.0000000000
55,5.2280000000,right_hand,1,0.6500003934,0.5104960203,-0.0098796878,1.0000000000
56,5.3230000000,right_hand,1,0.6480683684,0.5106241107,-0.0086017493,1.0000000000
57,5.4180000000,right_hand,1,0.6438275576,0.5025352240,-0.0063423705,1.0000000000
58,5.5130000000,right_hand,1,0.6356661916,0.5138552785,-0.0090042762,1.0000000000
59,5.6080000000,right_hand,1,0.3952744603,0.4563621283,-0.0041923900,1.0000000000
60,5.7030000000,right_hand,1,0.3913019001,0.4539195895,-0.0075500687,1.0000000000
61,5.7980000000,right_hand,1,0.3976768553,0.4509525001,-0.0057683759,1.0000000000
62,5.8930000000,right_hand,1,0.4063609540,0.4614667296,-0.0046460195,1.0000000000
63,5.9880000000,right_hand,1,0.3989498019,0.4718246460,-0.0102960858,1.0000000000
64,6.0830000000,right_hand,1,0.3938147724,0.4669019878,-0.0033209799,1.0000000000
65,6.1780000000,right_hand,1,0.4077900946,0.4838273525,-0.0039592348,1.0000000000
66,6.2730000000,right_hand,1,0.3963298798,0.4638977051,-0.0107276663,1.0000000000
67,6.3680000000,right_hand,1,0.3993074894,0.4682405591,-0.0104232598,1.0000000000
68,6.4630000000,right_hand,1,0.3920652866,0.4869298041,-0.0139582278,1.0000000000
69,6.5580000000,right_hand,1,0.3933786750,0.5007504821,-0.0122770425,1.0000000000
70,6.6530000000,right_hand,1,0.3275521994,0.4953112602,0.0087382346,1.0000000000
71,6.7480000000,right_hand,1,0.3140481412,0.4815930426,0.0044806115,1.0000000000
72,6.8430000000,right_hand,1,0.3380389512,0.4640846699,-0.0013651508,1.0000000000
73,6.9380000000,right_hand,1,0.3620297611,0.4465762973,-0.0072109131,1.0000000000
74,7.0330000000,right_hand,1,0.3613634706,0.4515650868,-0.0057771266,1.0000000000
75,7.1280000000,right_hand,1,0.3644392490,0.4629868269,-0.0037210151,1.0000000000
76,7.2240000000,right_hand,1,0.3775682449,0.5024862289,-0.0109560471,1.0000000000
77,7.3190000000,right_hand,1,0.3832498789,0.5247118473,-0.0097073792,1.0000000000
78,7.4140000000,right_hand,1,0.3836899698,0.4910257459,-0.0063233540,1.0000000000
79,7.5090000000,right_hand,1,0.3841300607,0.4573396444,-0.0029393288,1.0000000000
80,7.6040000000,right_hand,1,0.3846336901,0.4623948038,-0.0015318162,1.0000000000
81,7.6990000000,right_hand,1,0.3893946409,0.4767228365,-0.0021031785,1.0000000000
82,7.7940000000,right_hand,1,0.3967763782,0.4728275239,-0.0030164912,1.0000000000
83,7.8890000000,right_hand,1,0.4260684848,0.4599303603,-0.0051898579,1.0000000000
84,7.9840000000,right_hand,1,0.4221420089,0.4652832945,-0.0055616833,1.0000000000
85,8.0790000000,right_hand,1,0.4182155331,0.4706362287,-0.0059335087,1.0000000000
86,8.1740000000,right_hand,1,0.4142890573,0.4759891629,-0.0063053342,1.0000000000
87,8.2690000000,right_hand,1,0.6321679354,0.5018284917,-0.0055060070,1.0000000000
88,8.3640000000,right_hand,1,0.4022392333,0.4649753273,-0.0037856109,1.0000000000
89,8.4590000000,right_hand,1,0.3960511386,0.4622811973,-0.0026417000,1.0000000000
90,8.5540000000,right_hand,1,0.3944518566,0.4382962286,-0.0084402338,1.0000000000
91,8.6490000000,right_hand,1,0.4725463390,0.4731655916,-0.0083777004,1.0000000000
92,8.7440000000,right_hand,1,0.5506408215,0.5080349545,-0.0083151671,1.0000000000
93,8.8390000000,right_hand,1,0.6287353039,0.5429043174,-0.0082526337,1.0000000000
94,8.9340000000,right_hand,1,0.5830379476,0.5316125900,-0.0081992357,1.0000000000
95,9.0290000000,right_hand,1,0.5373405914,0.5203208625,-0.0081458377,1.0000000000
96,9.1240000000,right_hand,1,0.5373405914,0.5203208625,-0.0081458377,1.0000000000
97,9.2200000000,right_hand,1,0.4459458788,0.4977374077,-0.0080390417,1.0000000000
98,9.3150000000,right_hand,1,0.4002485226,0.4864456803,-0.0079856437,1.0000000000
99,9.4100000000,right_hand,1,0.3545511663,0.4751539528,-0.0079322457,1.0000000000
100,9.5050000000,right_hand,1,0.6397805214,0.4858512878,-0.0011179276,1.0000000000
101,9.6000000000,right_hand,1,0.5149132609,0.4579951316,-0.0040183354,1.0000000000
102,9.6950000000,right_hand,1,0.3900460005,0.4301389754,-0.0069187433,1.0000000000
103,9.7900000000,right_hand,1,0.6392684579,0.4814278185,-0.0032427562,1.0000000000
104,9.8850000000,right_hand,1,0.6455377340,0.4767877758,-0.0045729009,1.0000000000
105,9.9800000000,right_hand,1,0.4068521857,0.4474796951,-0.0027112649,1.0000000000
106,10.0750000000,right_hand,1,0.4144745469,0.5276654363,-0.0070342459,1.0000000000
107,10.1700000000,right_hand,1,0.4316690564,0.5541157722,-0.0058722710,1.0000000000
108,10.2650000000,right_hand,1,0.4465150535,0.4888026714,-0.0024491111,1.0000000000
109,10.3600000000,right_hand,1,0.4497008324,0.4957560599,-0.0019372891,1.0000000000
110,10.4550000000,right_hand,1,0.4456006587,0.5052261353,-0.0058849631,1.0000000000
111,10.5500000000,right_hand,1,0.4472867250,0.4980302453,-0.0077405148,1.0000000000
112,10.6450000000,right_hand,1,0.4417394400,0.5090560913,-0.0046806056,1.0000000000
113,10.7400000000,right_hand,1,0.4464804828,0.5044369102,-0.0027609484,1.0000000000
114,10.8350000000,right_hand,1,0.4623739123,0.4961149693,-0.0110651888,1.0000000000
115,10.9300000000,right_hand,1,0.4552145302,0.5193265080,-0.0035255428,1.0000000000
116,11.0250000000,right_hand,1,0.4594843984,0.5111020803,0.0002511243,1.0000000000
117,11.1200000000,right_hand,1,0.4511716068,0.5074476600,-0.0040268549,1.0000000000
118,11.2150000000,right_hand,1,0.4414668679,0.5050947070,-0.0047767474,1.0000000000
119,11.3110000000,right_hand,1,0.4302287698,0.5025656819,-0.0034058765,1.0000000000
120,11.4060000000,right_hand,1,0.4159362614,0.4894379675,-0.0044175698,1.0000000000
121,11.5010000000,right_hand,1,0.4106431007,0.4846634269,-0.0011649930,1.0000000000
122,11.5960000000,right_hand,1,0.4082697034,0.4911192060,-0.0006403889,1.0000000000
123,11.6910000000,right_hand,1,0.4140896499,0.4939761460,-0.0007188965,1.0000000000
124,11.7860000000,right_hand,1,0.4154502451,0.4932995737,-0.0005914847,1.0000000000
53,5.0370000000,right_hand,2,0.6258389950,0.5223830342,-0.0218570586,1.0000000000
54,5.1330000000,right_hand,2,0.6220700145,0.5248945951,-0.0134319765,1.0000000000
55,5.2280000000,right_hand,2,0.6329892874,0.5278950334,-0.0162101164,1.0000000000
56,5.3230000000,right_hand,2,0.6289402843,0.5255128741,-0.0142448405,1.0000000000
57,5.4180000000,right_hand,2,0.6244763136,0.5135657787,-0.0110486643,1.0000000000
58,5.5130000000,right_hand,2,0.6122295856,0.5301995277,-0.0166878197,1.0000000000
59,5.6080000000,right_hand,2,0.4169181585,0.4294482470,-0.0079682302,1.0000000000
60,5.7030000000,right_hand,2,0.4123394191,0.4266255796,-0.0130070169,1.0000000000
61,5.7980000000,right_hand,2,0.4169852436,0.4298570454,-0.0095583815,1.0000000000
62,5.8930000000,right_hand,2,0.4241890013,0.4512139559,-0.0067715817,1.0000000000
63,5.9880000000,right_hand,2,0.4158917367,0.4479322731,-0.0148356371,1.0000000000
64,6.0830000000,right_hand,2,0.4099280536,0.4405978322,-0.0074915770,1.0000000000
65,6.1780000000,right_hand,2,0.4257377386,0.4735340774,-0.0062146913,1.0000000000
66,6.2730000000,right_hand,2,0.4101866484,0.4343568087,-0.0188207552,1.0000000000
67,6.3680000000,right_hand,2,0.4151376188,0.4520647228,-0.0165677760,1.0000000000
68,6.4630000000,right_hand,2,0.4030511975,0.4594154656,-0.0250308514,1.0000000000
69,6.5580000000,right_hand,2,0.4075292945,0.4845406711,-0.0195421390,1.0000000000
70,6.6530000000,right_hand,2,0.3516426086,0.4901483059,0.0127689792,1.0000000000
71,6.7480000000,right_hand,2,0.3360451758,0.4756744802,0.0029942752,1.0000000000
72,6.8430000000,right_hand,2,0.3647739142,0.4618472159,-0.0047242532,1.0000000000
73,6.9380000000,right_hand,2,0.3935026526,0.4480199516,-0.0124427816,1.0000000000
74,7.0330000000,right_hand,2,0.3874750733,0.4569055140,-0.0150710391,1.0000000000
75,7.1280000000,right_hand,2,0.3871225417,0.4773920476,-0.0092178965,1.0000000000
76,7.2240000000,right_hand,2,0.4006285369,0.5164820552,-0.0243445449,1.0000000000
77,7.3190000000,right_hand,2,0.4032386839,0.5449542403,-0.0218251683,1.0000000000
78,7.4140000000,right_hand,2,0.4058972895,0.5093362033,-0.0161823491,1.0000000000
79,7.5090000000,right_hand,2,0.4085558951,0.4737181664,-0.0105395298,1.0000000000
80,7.6040000000,right_hand,2,0.4094941616,0.4600005150,-0.0049131084,1.0000000000
81,7.6990000000,right_hand,2,0.4107306302,0.4601616859,-0.0066698254,1.0000000000
82,7.7940000000,right_hand,2,0.4192763269,0.4598689079,-0.0085119670,1.0000000000
83,7.8890000000,right_hand,2,0.4536563158,0.4598735869,-0.0103545384,1.0000000000
84,7.9840000000,right_hand,2,0.4494692485,0.4593732854,-0.0115355896,1.0000000000
85,8.0790000000,right_hand,2,0.4452821811,0.4588729839,-0.0127166407,1.0000000000
86,8.1740000000,right_hand,2,0.4410951138,0.4583726823,-0.0138976919,1.0000000000
87,8.2690000000,right_hand,2,0.6106262207,0.5262137651,-0.0107322177,1.0000000000
88,8.3640000000,right_hand,2,0.4270261228,0.4462888241,-0.0108018490,1.0000000000
89,8.4590000000,right_hand,2,0.4150585532,0.4468024671,-0.0086232228,1.0000000000
90,8.5540000000,right_hand,2,0.4139235020,0.4273200035,-0.0137898456,1.0000000000
91,8.6490000000,right_hand,2,0.4790921807,0.4760728478,-0.0130722693,1.0000000000
92,8.7440000000,right_hand,2,0.5442608595,0.5248256922,-0.0123546931,1.0000000000
93,8.8390000000,right_hand,2,0.6094295382,0.5735785365,-0.0116371168,1.0000000000
94,8.9340000000,right_hand,2,0.5697274605,0.5523125976,-0.0116739584,1.0000000000
95,9.0290000000,right_hand,2,0.5300253828,0.5310466588,-0.0117107999,1.0000000000
96,9.1240000000,right_hand,2,0.5300253828,0.5310466588,-0.0117107999,1.0000000000
97,9.2200000000,right_hand,2,0.4506212274,0.4885147810,-0.0117844831,1.0000000000
98,9.3150000000,right_hand,2,0.4109191497,0.4672488421,-0.0118213246,1.0000000000
99,9.4100000000,right_hand,2,0.3712170720,0.4459829032,-0.0118581662,1.0000000000
100,9.5050000000,right_hand,2,0.6233611107,0.4974845052,-0.0050992607,1.0000000000
101,9.6000000000,right_hand,2,0.5202732980,0.4587026238,-0.0090943261,1.0000000000
102,9.6950000000,right_hand,2,0.4171854854,0.4199207425,-0.0130893914,1.0000000000
103,9.7900000000,right_hand,2,0.6165710092,0.5002076626,-0.0088470625,1.0000000000
104,9.8850000000,right_hand,2,0.6256232858,0.4861151278,-0.0108206961,1.0000000000
105,9.9800000000,right_hand,2,0.4338973165,0.4388266206,-0.0077527491,1.0000000000
106,10.0750000000,right_hand,2,0.4366293848,0.5466747880,-0.0124358395,1.0000000000
107,10.1700000000,right_hand,2,0.4556912780,0.5804827809,-0.0127667962,1.0000000000
108,10.2650000000,right_hand,2,0.4755249023,0.4679153860,-0.0064796531,1.0000000000
109,10.3600000000,right_hand,2,0.4773213565,0.4766945243,-0.0055059087,1.0000000000
110,10.4550000000,right_hand,2,0.4711471498,0.4833287299,-0.0121521913,1.0000000000
111,10.5500000000,right_hand,2,0.4735743105,0.4829209745,-0.0128608411,1.0000000000
112,10.6450000000,right_hand,2,0.4681679904,0.4930796623,-0.0077711930,1.0000000000
113,10.7400000000,right_hand,2,0.4664466679,0.4899700582,-0.0060761827,1.0000000000
114,10.8350000000,right_hand,2,0.4916539490,0.4816705287,-0.0189579390,1.0000000000
115,10.9300000000,right_hand,2,0.4791221619,0.5017331243,-0.0100876577,1.0000000000
116,11.0250000000,right_hand,2,0.4850813746,0.4899557233,-0.0057163974,1.0000000000
117,11.1200000000,right_hand,2,0.4786520898,0.4879837036,-0.0113332169,1.0000000000
118,11.2150000000,right_hand,2,0.4698054790,0.4829062223,-0.0118324794,1.0000000000
119,11.3110000000,right_hand,2,0.4583526552,0.4798283875,-0.0099819237,1.0000000000
120,11.4060000000,right_hand,2,0.4448798895,0.4707885981,-0.0102928113,1.0000000000
121,11.5010000000,right_hand,2,0.4339815080,0.4639272392,-0.0067469133,1.0000000000
122,11.5960000000,right_hand,2,0.4303730428,0.4691832066,-0.0056301896,1.0000000000
123,11.6910000000,right_hand,2,0.4363172948,0.4724161327,-0.0044385833,1.0000000000
124,11.7860000000,right_hand,2,0.4362534881,0.4743412137,-0.0046911179,1.0000000000
53,5.0370000000,right_hand,3,0.6034993529,0.5315559506,-0.0275733378,1.0000000000
54,5.1330000000,right_hand,3,0.6019937396,0.5271847248,-0.0173484609,1.0000000000
55,5.2280000000,right_hand,3,0.6147113442,0.5297105908,-0.0205691792,1.0000000000
56,5.3230000000,right_hand,3,0.6083625555,0.5251770020,-0.0171956513,1.0000000000
57,5.4180000000,right_hand,3,0.6051896811,0.5143061280,-0.0140159465,1.0000000000
58,5.5130000000,right_hand,3,0.5903931260,0.5311031342,-0.0214962792,1.0000000000
59,5.6080000000,right_hand,3,0.4376799464,0.4155825973,-0.0104456311,1.0000000000
60,5.7030000000,right_hand,3,0.4314451814,0.4135892391,-0.0163754150,1.0000000000
61,5.7980000000,right_hand,3,0.4356071353,0.4241922200,-0.0116378004,1.0000000000
62,5.8930000000,right_hand,3,0.4408547878,0.4471102357,-0.0077563222,1.0000000000
63,5.9880000000,right_hand,3,0.4361287653,0.4419518709,-0.0176551640,1.0000000000
64,6.0830000000,right_hand,3,0.4264207184,0.4264642894,-0.0108056366,1.0000000000
65,6.1780000000,right_hand,3,0.4422173500,0.4615043104,-0.0070043788,1.0000000000
66,6.2730000000,right_hand,3,0.4276368618,0.4222505093,-0.0241978299,1.0000000000
67,6.3680000000,right_hand,3,0.4345501661,0.4519227445,-0.0199110005,1.0000000000
68,6.4630000000,right_hand,3,0.4180800319,0.4481462240,-0.0327380858,1.0000000000
69,6.5580000000,right_hand,3,0.4230423570,0.4781506062,-0.0241619442,1.0000000000
70,6.6530000000,right_hand,3,0.3689020276,0.4956786931,0.0145745603,1.0000000000
71,6.7480000000,right_hand,3,0.3527472317,0.4844141006,-0.0005007279,1.0000000000
72,6.8430000000,right_hand,3,0.3854594827,0.4767417461,-0.0077302854,1.0000000000
73,6.9380000000,right_hand,3,0.4181717336,0.4690693915,-0.0149598429,1.0000000000
74,7.0330000000,right_hand,3,0.4062775373,0.4799704850,-0.0221086554,1.0000000000
75,7.1280000000,right_hand,3,0.4018539190,0.5053117871,-0.0138700362,1.0000000000
76,7.2240000000,right_hand,3,0.4106042087,0.5416853428,-0.0356603600,1.0000000000
77,7.3190000000,right_hand,3,0.4099306762,0.5731598139,-0.0328961238,1.0000000000
78,7.4140000000,right_hand,3,0.4163279235,0.5391457677,-0.0251278337,1.0000000000
79,7.5090000000,right_hand,3,0.4227251709,0.5051317215,-0.0173595436,1.0000000000
80,7.6040000000,right_hand,3,0.4284631908,0.4762058854,-0.0077551552,1.0000000000
81,7.6990000000,right_hand,3,0.4291681051,0.4615771472,-0.0104608219,1.0000000000
82,7.7940000000,right_hand,3,0.4380788207,0.4629549682,-0.0133970799,1.0000000000
83,7.8890000000,right_hand,3,0.4786780477,0.4706012011,-0.0140050761,1.0000000000
84,7.9840000000,right_hand,3,0.4745230079,0.4668333232,-0.0158595666,1.0000000000
85,8.0790000000,right_hand,3,0.4703679681,0.4630654454,-0.0177140571,1.0000000000
86,8.1740000000,right_hand,3,0.4662129283,0.4592975676,-0.0195685476,1.0000000000
87,8.2690000000,right_hand,3,0.5860524178,0.5369036794,-0.0137821799,1.0000000000
88,8.3640000000,right_hand,3,0.4511456192,0.4473922849,-0.0168667808,1.0000000000
89,8.4590000000,right_hand,3,0.4320032299,0.4424633384,-0.0144995209,1.0000000000
90,8.5540000000,right_hand,3,0.4283990562,0.4238433242,-0.0183397159,1.0000000000
91,8.6490000000,right_hand,3,0.4809533954,0.4786299268,-0.0163584473,1.0000000000
92,8.7440000000,right_hand,3,0.5335077345,0.5334165295,-0.0143771786,1.0000000000
93,8.8390000000,right_hand,3,0.5860620737,0.5882031322,-0.0123959100,1.0000000000
94,8.9340000000,right_hand,3,0.5528258383,0.5611453305,-0.0128180881,1.0000000000
95,9.0290000000,right_hand,3,0.5195896029,0.5340875288,-0.0132402663,1.0000000000
96,9.1240000000,right_hand,3,0.5195896029,0.5340875288,-0.0132402663,1.0000000000
97,9.2200000000,right_hand,3,0.4531171322,0.4799719254,-0.0140846226,1.0000000000
98,9.3150000000,right_hand,3,0.4198808968,0.4529141237,-0.0145068007,1.0000000000
99,9.4100000000,right_hand,3,0.3866446614,0.4258563221,-0.0149289789,1.0000000000
100,9.5050000000,right_hand,3,0.6072171330,0.4973976612,-0.0089431033,1.0000000000
101,9.6000000000,right_hand,3,0.5238489211,0.4631018788,-0.0129248686,1.0000000000
102,9.6950000000,right_hand,3,0.4404807091,0.4288060963,-0.0169066340,1.0000000000
103,9.7900000000,right_hand,3,0.5953213573,0.4990652204,-0.0130548589,1.0000000000
104,9.8850000000,right_hand,3,0.6070482731,0.4894030392,-0.0155740641,1.0000000000
105,9.9800000000,right_hand,3,0.4581556320,0.4507167041,-0.0113564087,1.0000000000
106,10.0750000000,right_hand,3,0.4581965208,0.5610591173,-0.0159679241,1.0000000000
107,10.1700000000,right_hand,3,0.4802734852,0.5855686069,-0.0175221357,1.0000000000
108,10.2650000000,right_hand,3,0.5018134713,0.4604723454,-0.0092362808,1.0000000000
109,10.3600000000,right_hand,3,0.5027298331,0.4756763577,-0.0080435555,1.0000000000
110,10.4550000000,right_hand,3,0.4942280352,0.4772384167,-0.0164147131,1.0000000000
111,10.5500000000,right_hand,3,0.4987199008,0.4813922048,-0.0156142386,1.0000000000
112,10.6450000000,right_hand,3,0.4912875593,0.4910504818,-0.0095950151,1.0000000000
113,10.7400000000,right_hand,3,0.4855010808,0.4938503802,-0.0079053510,1.0000000000
114,10.8350000000,right_hand,3,0.5196473002,0.4900726080,-0.0226588268,1.0000000000
115,10.9300000000,right_hand,3,0.5011352301,0.4992909431,-0.0156206023,1.0000000000
116,11.0250000000,right_hand,3,0.5094809532,0.4880029261,-0.0107379537,1.0000000000
117,11.1200000000,right_hand,3,0.5041745305,0.4854320884,-0.0160154048,1.0000000000
118,11.2150000000,right_hand,3,0.4961718023,0.4773942530,-0.0163663812,1.0000000000
119,11.3110000000,right_hand,3,0.4847790897,0.4729276896,-0.0145308152,1.0000000000
120,11.4060000000,right_hand,3,0.4716467857,0.4675196707,-0.0148482332,1.0000000000
121,11.5010000000,right_hand,3,0.4572314918,0.4583838880,-0.0116310837,1.0000000000
122,11.5960000000,right_hand,3,0.4513638318,0.4597615004,-0.0101724602,1.0000000000
123,11.6910000000,right_hand,3,0.4580633640,0.4675821662,-0.0075655300,1.0000000000
124,11.7860000000,right_hand,3,0.4571803808,0.4701388180,-0.0080124047,1.0000000000
53,5.0370000000,right_hand,4,0.5848712921,0.5330810547,-0.0326719619,1.0000000000
54,5.1330000000,right_hand,4,0.5867008567,0.5263284445,-0.0208545830,1.0000000000
55,5.2280000000,right_hand,4,0.5996452570,0.5290135741,-0.0243688114,1.0000000000
56,5.3230000000,right_hand,4,0.5931529999,0.5228356719,-0.0195272602,1.0000000000
57,5.4180000000,right_hand,4,0.5906326771,0.5134962797,-0.0168935936,1.0000000000
58,5.5130000000,right_hand,4,0.5740189552,0.5225632787,-0.0255997870,1.0000000000
59,5.6080000000,right_hand,4,0.4539265931,0.4116038382,-0.0123367729,1.0000000000
60,5.7030000000,right_hand,4,0.4464723468,0.4050505757,-0.0194210149,1.0000000000
61,5.7980000000,right_hand,4,0.4495138228,0.4240436852,-0.0133528057,1.0000000000
62,5.8930000000,right_hand,4,0.4539419413,0.4428625703,-0.0081790388,1.0000000000
63,5.9880000000,right_hand,4,0.4531921148,0.4420402944,-0.0193680506,1.0000000000
64,6.0830000000,right_hand,4,0.4390103519,0.4205500484,-0.0136857107,1.0000000000
65,6.1780000000,right_hand,4,0.4533995688,0.4493047893,-0.0072382940,1.0000000000
66,6.2730000000,right_hand,4,0.4425835907,0.4193593264,-0.0287693329,1.0000000000
67,6.3680000000,right_hand,4,0.4492241144,0.4558051825,-0.0221615806,1.0000000000
68,6.4630000000,right_hand,4,0.4324726760,0.4450227320,-0.0394297130,1.0000000000
69,6.5580000000,right_hand,4,0.4358595014,0.4760517776,-0.0273985304,1.0000000000
70,6.6530000000,right_hand,4,0.3794563413,0.4986092448,0.0161225144,1.0000000000
71,6.7480000000,right_hand,4,0.3628215194,0.4966458678,-0.0037402019,1.0000000000
72,6.8430000000,right_hand,4,0.3979180902,0.4966446757,-0.0104159635,1.0000000000
73,6.9380000000,right_hand,4,0.4330146611,0.4966434836,-0.0170917250,1.0000000000
74,7.0330000000,right_hand,4,0.4163835347,0.5097739100,-0.0294267368,1.0000000000
75,7.1280000000,right_hand,4,0.4099524319,0.5311767459,-0.0187198371,1.0000000000
76,7.2240000000,right_hand,4,0.4148969650,0.5637571812,-0.0481512360,1.0000000000
77,7.3190000000,right_hand,4,0.4115269482,0.5964388847,-0.0454175137,1.0000000000
78,7.4140000000,right_hand,4,0.4195831716,0.5671464205,-0.0349052539,1.0000000000
79,7.5090000000,right_hand,4,0.4276393950,0.5378539562,-0.0243929941,1.0000000000
80,7.6040000000,right_hand,4,0.4388521314,0.4982207716,-0.0103107840,1.0000000000
81,7.6990000000,right_hand,4,0.4432193041,0.4696254134,-0.0143596400,1.0000000000
82,7.7940000000,right_hand,4,0.4515094459,0.4731500745,-0.0183737073,1.0000000000
83,7.8890000000,right_hand,4,0.4991476834,0.4772641957,-0.0174901932,1.0000000000
84,7.9840000000,right_hand,4,0.4945483307,0.4731149673,-0.0198353287,1.0000000000
85,8.0790000000,right_hand,4,0.4899489780,0.4689657390,-0.0221804641,1.0000000000
86,8.1740000000,right_hand,4,0.4853496253,0.4648165107,-0.0245255996,1.0000000000
87,8.2690000000,right_hand,4,0.5660760403,0.5402010679,-0.0160206910,1.0000000000
88,8.3640000000,right_hand,4,0.4694707394,0.4606063366,-0.0231331699,1.0000000000
89,8.4590000000,right_hand,4,0.4465028048,0.4431055784,-0.0206987448,1.0000000000
90,8.5540000000,right_hand,4,0.4413829446,0.4247372746,-0.0231105573,1.0000000000
91,8.6490000000,right_hand,4,0.4837316871,0.4798840880,-0.0194462044,1.0000000000
92,8.7440000000,right_hand,4,0.5260804296,0.5350309014,-0.0157818515,1.0000000000
93,8.8390000000,right_hand,4,0.5684291720,0.5901777148,-0.0121174986,1.0000000000
94,8.9340000000,right_hand,4,0.5402447283,0.5595418463,-0.0130123715,1.0000000000
95,9.0290000000,right_hand,4,0.5120602846,0.5289059778,-0.0139072444,1.0000000000
96,9.1240000000,right_hand,4,0.5120602846,0.5289059778,-0.0139072444,1.0000000000
97,9.2200000000,right_hand,4,0.4556913972,0.4676342408,-0.0156969903,1.0000000000
98,9.3150000000,right_hand,4,0.4275069535,0.4369983723,-0.0165918632,1.0000000000
99,9.4100000000,right_hand,4,0.3993225098,0.4063625038,-0.0174867362,1.0000000000
100,9.5050000000,right_hand,4,0.5940433741,0.4941572845,-0.0128633194,1.0000000000
101,9.6000000000,right_hand,4,0.5245823413,0.4695968926,-0.0165134994,1.0000000000
102,9.6950000000,right_hand,4,0.4551213086,0.4450365007,-0.0201636795,1.0000000000
103,9.7900000000,right_hand,4,0.5824540257,0.4819641411,-0.0171775762,1.0000000000
104,9.8850000000,right_hand,4,0.5921744108,0.4887635708,-0.0206713527,1.0000000000
105,9.9800000000,right_hand,4,0.4752618968,0.4678177238,-0.0149152437,1.0000000000
106,10.0750000000,right_hand,4,0.4724274874,0.5670248270,-0.0189327020,1.0000000000
107,10.1700000000,right_hand,4,0.4977601469,0.5803108811,-0.0217790361,1.0000000000
108,10.2650000000,right_hand,4,0.5184389353,0.4602788687,-0.0116928825,1.0000000000
109,10.3600000000,right_hand,4,0.5194658041,0.4836851358,-0.0102893757,1.0000000000
110,10.4550000000,right_hand,4,0.5106952786,0.4764097631,-0.0203261580,1.0000000000
111,10.5500000000,right_hand,4,0.5167744160,0.4799349308,-0.0176366977,1.0000000000
112,10.6450000000,right_hand,4,0.5065140724,0.4937245250,-0.0104739275,1.0000000000
113,10.7400000000,right_hand,4,0.4978510737,0.5033442378,-0.0095325327,1.0000000000
114,10.8350000000,right_hand,4,0.5384590626,0.5025725961,-0.0248734951,1.0000000000
115,10.9300000000,right_hand,4,0.5153260231,0.5113426447,-0.0208526626,1.0000000000
116,11.0250000000,right_hand,4,0.5262703300,0.5004483461,-0.0158711951,1.0000000000
117,11.1200000000,right_hand,4,0.5238655806,0.4825604856,-0.0204717331,1.0000000000
118,11.2150000000,right_hand,4,0.5157412291,0.4715437591,-0.0201241672,1.0000000000
119,11.3110000000,right_hand,4,0.5042753816,0.4689026177,-0.0188389365,1.0000000000
120,11.4060000000,right_hand,4,0.4910417199,0.4707145393,-0.0191515479,1.0000000000
121,11.5010000000,right_hand,4,0.4749501646,0.4648818374,-0.0164222326,1.0000000000
122,11.5960000000,right_hand,4,0.4680705369,0.4628145695,-0.0145209990,1.0000000000
123,11.6910000000,right_hand,4,0.4735963643,0.4770711958,-0.0103339450,1.0000000000
124,11.7860000000,right_hand,4,0.4722900987,0.4773209989,-0.0114544062,1.0000000000
53,5.0370000000,right_hand,5,0.6288548112,0.4814922214,-0.0258027390,1.0000000000
54,5.1330000000,right_hand,5,0.6249396205,0.4906335175,-0.0195793509,1.0000000000
55,5.2280000000,right_hand,5,0.6272965074,0.4958093166,-0.0201227255,1.0000000000
56,5.3230000000,right_hand,5,0.6304584146,0.5020270944,-0.0233294554,1.0000000000
57,5.4180000000,right_hand,5,0.6238138080,0.4967578948,-0.0190054812,1.0000000000
58,5.5130000000,right_hand,5,0.6123342514,0.4993736744,-0.0288535338,1.0000000000
59,5.6080000000,right_hand,5,0.4229239821,0.4650384784,-0.0141736744,1.0000000000
60,5.7030000000,right_hand,5,0.4118755460,0.4670429826,-0.0208262950,1.0000000000
61,5.7980000000,right_hand,5,0.4198628366,0.4703221023,-0.0148975765,1.0000000000
62,5.8930000000,right_hand,5,0.4385653734,0.4913637340,-0.0063522602,1.0000000000
63,5.9880000000,right_hand,5,0.4328140318,0.4817804098,-0.0099118892,1.0000000000
64,6.0830000000,right_hand,5,0.4133368433,0.4696477950,-0.0157560259,1.0000000000
65,6.1780000000,right_hand,5,0.4414852560,0.5080827475,-0.0069754547,1.0000000000
66,6.2730000000,right_hand,5,0.4147152901,0.4743202925,-0.0278725438,1.0000000000
67,6.3680000000,right_hand,5,0.4232212901,0.4940783083,-0.0218542609,1.0000000000
68,6.4630000000,right_hand,5,0.4085057080,0.5044580102,-0.0364410244,1.0000000000
69,6.5580000000,right_hand,5,0.4183285236,0.5308620930,-0.0234813560,1.0000000000
70,6.6530000000,right_hand,5,0.3614993393,0.4939534068,0.0099483114,1.0000000000
71,6.7480000000,right_hand,5,0.3518289030,0.4613579512,0.0003569292,1.0000000000
72,6.8430000000,right_hand,5,0.3685401529,0.4645482600,-0.0108659622,1.0000000000
73,6.9380000000,right_hand,5,0.3852514029,0.4677385688,-0.0220888536,1.0000000000
74,7.0330000000,right_hand,5,0.3868798018,0.4697202146,-0.0327165015,1.0000000000
75,7.1280000000,right_hand,5,0.3967411816,0.4797535837,-0.0166734867,1.0000000000
76,7.2240000000,right_hand,5,0.4045116603,0.4975749850,-0.0408828408,1.0000000000
77,7.3190000000,right_hand,5,0.4078770578,0.5173221231,-0.0320185833,1.0000000000
78,7.4140000000,right_hand,5,0.4119878262,0.5020187795,-0.0289257932,1.0000000000
79,7.5090000000,right_hand,5,0.4160985947,0.4867154360,-0.0258330032,1.0000000000
80,7.6040000000,right_hand,5,0.4180275500,0.4727827907,-0.0114582237,1.0000000000
81,7.6990000000,right_hand,5,0.4246955812,0.4822206497,-0.0153289111,1.0000000000
82,7.7940000000,right_hand,5,0.4302695990,0.4685131311,-0.0164052099,1.0000000000
83,7.8890000000,right_hand,5,0.4529410899,0.4772625268,-0.0198626015,1.0000000000
84,7.9840000000,right_hand,5,0.4504803518,0.4757956068,-0.0225273749,1.0000000000
85,8.0790000000,right_hand,5,0.4480196138,0.4743286868,-0.0251921484,1.0000000000
86,8.1740000000,right_hand,5,0.4455588758,0.4728617668,-0.0278569218,1.0000000000
87,8.2690000000,right_hand,5,0.6045429111,0.4727543890,-0.0243185647,1.0000000000
88,8.3640000000,right_hand,5,0.4322538674,0.4499937594,-0.0231915116,1.0000000000
89,8.4590000000,right_hand,5,0.4380114377,0.4816361666,-0.0134158628,1.0000000000
90,8.5540000000,right_hand,5,0.4350875020,0.4734772146,-0.0093525443,1.0000000000
91,8.6490000000,right_hand,5,0.4865418673,0.4925505122,-0.0112385638,1.0000000000
92,8.7440000000,right_hand,5,0.5379962325,0.5116238097,-0.0131245833,1.0000000000
93,8.8390000000,right_hand,5,0.5894505978,0.5306971073,-0.0150106028,1.0000000000
94,8.9340000000,right_hand,5,0.5574977845,0.5233621548,-0.0128141253,1.0000000000
95,9.0290000000,right_hand,5,0.5255449712,0.5160272022,-0.0106176479,1.0000000000
96,9.1240000000,right_hand,5,0.5255449712,0.5160272022,-0.0106176479,1.0000000000
97,9.2200000000,right_hand,5,0.4616393447,0.5013572971,-0.0062246930,1.0000000000
98,9.3150000000,right_hand,5,0.4296865314,0.4940223445,-0.0040282155,1.0000000000
99,9.4100000000,right_hand,5,0.3977337182,0.4866873920,-0.0018317380,1.0000000000
100,9.5050000000,right_hand,5,0.6189655066,0.4871705174,-0.0125351297,1.0000000000
101,9.6000000000,right_hand,5,0.5171918720,0.4667319357,-0.0187699883,1.0000000000
102,9.6950000000,right_hand,5,0.4154182374,0.4462933540,-0.0250048470,1.0000000000
103,9.7900000000,right_hand,5,0.6182758808,0.4742947817,-0.0222574789,1.0000000000
104,9.8850000000,right_hand,5,0.6189275384,0.4564967155,-0.0223174244,1.0000000000
105,9.9800000000,right_hand,5,0.4358949959,0.4538373947,-0.0218709055,1.0000000000
106,10.0750000000,right_hand,5,0.4486005902,0.5042076111,-0.0163637213,1.0000000000
107,10.1700000000,right_hand,5,0.4662263095,0.5442674160,-0.0234886184,1.0000000000
108,10.2650000000,right_hand,5,0.4820184410,0.4985167086,-0.0172535442,1.0000000000
109,10.3600000000,right_hand,5,0.4842922986,0.5058068633,-0.0165676568,1.0000000000
110,10.4550000000,right_hand,5,0.4798839390,0.5201579928,-0.0246284641,1.0000000000
111,10.5500000000,right_hand,5,0.4761652052,0.5166262388,-0.0198503435,1.0000000000
112,10.6450000000,right_hand,5,0.4626933634,0.5172778368,-0.0120948525,1.0000000000
113,10.7400000000,right_hand,5,0.4700689614,0.5110728145,-0.0148142390,1.0000000000
114,10.8350000000,right_hand,5,0.4750485122,0.5036431551,-0.0346590504,1.0000000000
115,10.9300000000,right_hand,5,0.4794815779,0.5232380629,-0.0228187088,1.0000000000
116,11.0250000000,right_hand,5,0.4865818322,0.4998883009,-0.0255248155,1.0000000000
117,11.1200000000,right_hand,5,0.4749163091,0.4952340126,-0.0367796607,1.0000000000
118,11.2150000000,right_hand,5,0.4624548852,0.4857423007,-0.0340887383,1.0000000000
119,11.3110000000,right_hand,5,0.4516969621,0.4874569178,-0.0321854390,1.0000000000
120,11.4060000000,right_hand,5,0.4408119321,0.4818059802,-0.0243352819,1.0000000000
121,11.5010000000,right_hand,5,0.4371401668,0.4758773446,-0.0207862202,1.0000000000
122,11.5960000000,right_hand,5,0.4336820841,0.4828044772,-0.0175488740,1.0000000000
123,11.6910000000,right_hand,5,0.4372955263,0.4824531674,-0.0131883333,1.0000000000
124,11.7860000000,right_hand,5,0.4394102991,0.4904866517,-0.0169276576,1.0000000000
53,5.0370000000,right_hand,6,0.6047059894,0.4953813255,-0.0353894047,1.0000000000
54,5.1330000000,right_hand,6,0.6010237336,0.5017793775,-0.0270945951,1.0000000000
55,5.2280000000,right_hand,6,0.6033884883,0.5085501075,-0.0273741577,1.0000000000
56,5.3230000000,right_hand,6,0.6017448902,0.5103940368,-0.0297029689,1.0000000000
57,5.4180000000,right_hand,6,0.5957453847,0.5092132092,-0.0260859467,1.0000000000
58,5.5130000000,right_hand,6,0.5784170628,0.4996724725,-0.0355819985,1.0000000000
59,5.6080000000,right_hand,6,0.4522584379,0.4636451602,-0.0179293770,1.0000000000
60,5.7030000000,right_hand,6,0.4395656288,0.4630658925,-0.0267745722,1.0000000000
61,5.7980000000,right_hand,6,0.4475558400,0.4645117819,-0.0185638778,1.0000000000
62,5.8930000000,right_hand,6,0.4608077407,0.4796321094,-0.0093244407,1.0000000000
63,5.9880000000,right_hand,6,0.4568169415,0.4656061530,-0.0160767492,1.0000000000
64,6.0830000000,right_hand,6,0.4413819611,0.4619967639,-0.0210932326,1.0000000000
65,6.1780000000,right_hand,6,0.4622223675,0.4828038812,-0.0088921944,1.0000000000
66,6.2730000000,right_hand,6,0.4426451921,0.4613904059,-0.0354777426,1.0000000000
67,6.3680000000,right_hand,6,0.4514208138,0.4826951623,-0.0270582717,1.0000000000
68,6.4630000000,right_hand,6,0.4372806847,0.4938290417,-0.0475259423,1.0000000000
69,6.5580000000,right_hand,6,0.4437887073,0.5150508285,-0.0298863910,1.0000000000
70,6.6530000000,right_hand,6,0.3858332932,0.4820358455,0.0098583223,1.0000000000
71,6.7480000000,right_hand,6,0.3775278032,0.4570753276,-0.0038230123,1.0000000000
72,6.8430000000,right_hand,6,0.3912944943,0.4834949523,-0.0152490932,1.0000000000
73,6.9380000000,right_hand,6,0.4050611854,0.5099145770,-0.0266751740,1.0000000000
74,7.0330000000,right_hand,6,0.4041858315,0.5170964599,-0.0421258509,1.0000000000
75,7.1280000000,right_hand,6,0.4065360129,0.5309153795,-0.0252390467,1.0000000000
76,7.2240000000,right_hand,6,0.4080223441,0.5580720901,-0.0591462292,1.0000000000
77,7.3190000000,right_hand,6,0.4105916619,0.5775548220,-0.0479999892,1.0000000000
78,7.4140000000,right_hand,6,0.4201665223,0.5599794388,-0.0420376863,1.0000000000
79,7.5090000000,right_hand,6,0.4297413826,0.5424040556,-0.0360753834,1.0000000000
80,7.6040000000,right_hand,6,0.4411730766,0.5052388310,-0.0168411136,1.0000000000
81,7.6990000000,right_hand,6,0.4519708455,0.5132490396,-0.0209114868,1.0000000000
82,7.7940000000,right_hand,6,0.4600231051,0.4874522090,-0.0242598299,1.0000000000
83,7.8890000000,right_hand,6,0.4843294322,0.5101095438,-0.0261284113,1.0000000000
84,7.9840000000,right_hand,6,0.4846295118,0.5033853253,-0.0295511087,1.0000000000
85,8.0790000000,right_hand,6,0.4849295914,0.4966611067,-0.0329738061,1.0000000000
86,8.1740000000,right_hand,6,0.4852296710,0.4899368882,-0.0363965034,1.0000000000
87,8.2690000000,right_hand,6,0.5689140558,0.5008637309,-0.0275469217,1.0000000000
88,8.3640000000,right_hand,6,0.4664524496,0.4655386508,-0.0331577845,1.0000000000
89,8.4590000000,right_hand,6,0.4651037157,0.4978578091,-0.0207708851,1.0000000000
90,8.5540000000,right_hand,6,0.4543945491,0.4959437847,-0.0154000539,1.0000000000
91,8.6490000000,right_hand,6,0.4888474544,0.5157851577,-0.0154319551,1.0000000000
92,8.7440000000,right_hand,6,0.5233003596,0.5356265306,-0.0154638564,1.0000000000
93,8.8390000000,right_hand,6,0.5577532649,0.5554679036,-0.0154957576,1.0000000000
94,8.9340000000,right_hand,6,0.5353397826,0.5421179583,-0.0132763009,1.0000000000
95,9.0290000000,right_hand,6,0.5129263004,0.5287680129,-0.0110568442,1.0000000000
96,9.1240000000,right_hand,6,0.5129263004,0.5287680129,-0.0110568442,1.0000000000
97,9.2200000000,right_hand,6,0.4680993358,0.5020681222,-0.0066179309,1.0000000000
98,9.3150000000,right_hand,6,0.4456858536,0.4887181769,-0.0043984742,1.0000000000
99,9.4100000000,right_hand,6,0.4232723713,0.4753682315,-0.0021790175,1.0000000000
100,9.5050000000,right_hand,6,0.5934165120,0.4907432199,-0.0196777750,1.0000000000
101,9.6000000000,right_hand,6,0.5215159357,0.4841256887,-0.0259213699,1.0000000000
102,9.6950000000,right_hand,6,0.4496153593,0.4775081575,-0.0321649648,1.0000000000
103,9.7900000000,right_hand,6,0.5835149288,0.4632905722,-0.0286271833,1.0000000000
104,9.8850000000,right_hand,6,0.5862716436,0.4489381015,-0.0292708315,1.0000000000
105,9.9800000000,right_hand,6,0.4745390713,0.4707961679,-0.0286222864,1.0000000000
106,10.0750000000,right_hand,6,0.4841470122,0.5143362284,-0.0235783644,1.0000000000
107,10.1700000000,right_hand,6,0.5069363117,0.5518494844,-0.0320139341,1.0000000000
108,10.2650000000,right_hand,6,0.5199124813,0.5116911530,-0.0213877317,1.0000000000
109,10.3600000000,right_hand,6,0.5221943259,0.5132816434,-0.0209895354,1.0000000000
110,10.4550000000,right_hand,6,0.5193157196,0.5370507836,-0.0306432433,1.0000000000
111,10.5500000000,right_hand,6,0.5099880099,0.5111511946,-0.0253944993,1.0000000000
112,10.6450000000,right_hand,6,0.4878390729,0.5192669630,-0.0165356640,1.0000000000
113,10.7400000000,right_hand,6,0.4967307746,0.5101314187,-0.0185398310,1.0000000000
114,10.8350000000,right_hand,6,0.5060678720,0.5090571642,-0.0409056880,1.0000000000
115,10.9300000000,right_hand,6,0.5135215521,0.5325447917,-0.0308350381,1.0000000000
116,11.0250000000,right_hand,6,0.5232549906,0.5165667534,-0.0320113339,1.0000000000
117,11.1200000000,right_hand,6,0.5129088163,0.5113015771,-0.0431599505,1.0000000000
118,11.2150000000,right_hand,6,0.4979376793,0.5029884577,-0.0395078100,1.0000000000
119,11.3110000000,right_hand,6,0.4843384326,0.5056399703,-0.0400469974,1.0000000000
120,11.4060000000,right_hand,6,0.4702362120,0.4991836548,-0.0328257121,1.0000000000
121,11.5010000000,right_hand,6,0.4694378674,0.4951463938,-0.0273293946,1.0000000000
122,11.5960000000,right_hand,6,0.4619070590,0.4946040213,-0.0235826448,1.0000000000
123,11.6910000000,right_hand,6,0.4643374383,0.4954096675,-0.0176100601,1.0000000000
124,11.7860000000,right_hand,6,0.4678631127,0.5026158094,-0.0221579466,1.0000000000
53,5.0370000000,right_hand,7,0.5895274282,0.5048013330,-0.0394885093,1.0000000000
54,5.1330000000,right_hand,7,0.5862459540,0.5089418292,-0.0298371259,1.0000000000
55,5.2280000000,right_hand,7,0.5895178318,0.5167879462,-0.0304606967,1.0000000000
56,5.3230000000,right_hand,7,0.5844746828,0.5158996582,-0.0306259394,1.0000000000
57,5.4180000000,right_hand,7,0.5796056986,0.5153439641,-0.0281160939,1.0000000000
58,5.5130000000,right_hand,7,0.5619417429,0.4995130002,-0.0345532075,1.0000000000
59,5.6080000000,right_hand,7,0.4656441510,0.4604369104,-0.0178096239,1.0000000000
60,5.7030000000,right_hand,7,0.4561627805,0.4579513669,-0.0279262587,1.0000000000
61,5.7980000000,right_hand,7,0.4610357285,0.4577375054,-0.0189138018,1.0000000000
62,5.8930000000,right_hand,7,0.4722138345,0.4681887329,-0.0115035605,1.0000000000
63,5.9880000000,right_hand,7,0.4710271060,0.4524058700,-0.0198905542,1.0000000000
64,6.0830000000,right_hand,7,0.4559928477,0.4516462088,-0.0215112567,1.0000000000
65,6.1780000000,right_hand,7,0.4712249935,0.4643420875,-0.0098823160,1.0000000000
66,6.2730000000,right_hand,7,0.4558949769,0.4520933330,-0.0362774245,1.0000000000
67,6.3680000000,right_hand,7,0.4643421769,0.4688885212,-0.0273248907,1.0000000000
68,6.4630000000,right_hand,7,0.4529117346,0.4825060070,-0.0499874577,1.0000000000
69,6.5580000000,right_hand,7,0.4519646764,0.4985370338,-0.0300474912,1.0000000000
70,6.6530000000,right_hand,7,0.3987741470,0.4758282602,0.0100885881,1.0000000000
71,6.7480000000,right_hand,7,0.3893485069,0.4570837021,-0.0061424258,1.0000000000
72,6.8430000000,right_hand,7,0.4020267576,0.4940987527,-0.0163697626,1.0000000000
73,6.9380000000,right_hand,7,0.4147050083,0.5311138034,-0.0265970994,1.0000000000
74,7.0330000000,right_hand,7,0.4121689200,0.5422756672,-0.0443729609,1.0000000000
75,7.1280000000,right_hand,7,0.4120218158,0.5631249547,-0.0295522790,1.0000000000
76,7.2240000000,right_hand,7,0.4128252566,0.5937029123,-0.0703112185,1.0000000000
77,7.3190000000,right_hand,7,0.4158418477,0.6123170853,-0.0587235615,1.0000000000
78,7.4140000000,right_hand,7,0.4238290787,0.5937994719,-0.0492997542,1.0000000000
79,7.5090000000,right_hand,7,0.4318163097,0.5752818584,-0.0398759469,1.0000000000
80,7.6040000000,right_hand,7,0.4519810677,0.5281364322,-0.0185785722,1.0000000000
81,7.6990000000,right_hand,7,0.4659560919,0.5320466757,-0.0226876717,1.0000000000
82,7.7940000000,right_hand,7,0.4777103066,0.5030491352,-0.0279783458,1.0000000000
83,7.8890000000,right_hand,7,0.5023548007,0.5253289342,-0.0271798111,1.0000000000
84,7.9840000000,right_hand,7,0.5028191209,0.5146677395,-0.0305245519,1.0000000000
85,8.0790000000,right_hand,7,0.5032834411,0.5040065447,-0.0338692926,1.0000000000
86,8.1740000000,right_hand,7,0.5037477612,0.4933453500,-0.0372140333,1.0000000000
87,8.2690000000,right_hand,7,0.5565637946,0.5174906850,-0.0233087540,1.0000000000
88,8.3640000000,right_hand,7,0.4865269363,0.4780369699,-0.0373005010,1.0000000000
89,8.4590000000,right_hand,7,0.4799512327,0.5029802918,-0.0248439014,1.0000000000
90,8.5540000000,right_hand,7,0.4672476649,0.5053186417,-0.0196315143,1.0000000000
91,8.6490000000,right_hand,7,0.4927180211,0.5263714393,-0.0175248211,1.0000000000
92,8.7440000000,right_hand,7,0.5181883772,0.5474242369,-0.0154181278,1.0000000000
93,8.8390000000,right_hand,7,0.5436587334,0.5684770346,-0.0133114345,1.0000000000
94,8.9340000000,right_hand,7,0.5260689855,0.5509198407,-0.0115037420,1.0000000000
95,9.0290000000,right_hand,7,0.5084792376,0.5333626469,-0.0096960494,1.0000000000
96,9.1240000000,right_hand,7,0.5084792376,0.5333626469,-0.0096960494,1.0000000000
97,9.2200000000,right_hand,7,0.4732997417,0.4982482592,-0.0060806642,1.0000000000
98,9.3150000000,right_hand,7,0.4557099938,0.4806910654,-0.0042729717,1.0000000000
99,9.4100000000,right_hand,7,0.4381202459,0.4631338716,-0.0024652791,1.0000000000
100,9.5050000000,right_hand,7,0.5769847035,0.4912461042,-0.0223739762,1.0000000000
101,9.6000000000,right_hand,7,0.5231141895,0.4909754992,-0.0281027677,1.0000000000
102,9.6950000000,right_hand,7,0.4692436755,0.4907048941,-0.0338315591,1.0000000000
103,9.7900000000,right_hand,7,0.5684803128,0.4544782639,-0.0282416306,1.0000000000
104,9.8850000000,right_hand,7,0.5702613592,0.4402591586,-0.0304773971,1.0000000000
105,9.9800000000,right_hand,7,0.4937053323,0.4721901119,-0.0283996053,1.0000000000
106,10.0750000000,right_hand,7,0.5030329227,0.5225659013,-0.0265324898,1.0000000000
107,10.1700000000,right_hand,7,0.5283749104,0.5547784567,-0.0336717516,1.0000000000
108,10.2650000000,right_hand,7,0.5387834311,0.5177908540,-0.0214041267,1.0000000000
109,10.3600000000,right_hand,7,0.5406679511,0.5160191655,-0.0206514020,1.0000000000
110,10.4550000000,right_hand,7,0.5388249755,0.5381345153,-0.0309329126,1.0000000000
111,10.5500000000,right_hand,7,0.5257307887,0.5038074255,-0.0262076352,1.0000000000
112,10.6450000000,right_hand,7,0.5024409294,0.5199999809,-0.0174739975,1.0000000000
113,10.7400000000,right_hand,7,0.5093693137,0.5087245703,-0.0183464233,1.0000000000
114,10.8350000000,right_hand,7,0.5194684863,0.5071637630,-0.0379037559,1.0000000000
115,10.9300000000,right_hand,7,0.5310689211,0.5373594761,-0.0331895947,1.0000000000
116,11.0250000000,right_hand,7,0.5398229361,0.5255307555,-0.0318454914,1.0000000000
117,11.1200000000,right_hand,7,0.5289588571,0.5170669556,-0.0415738784,1.0000000000
118,11.2150000000,right_hand,7,0.5114440918,0.5190211535,-0.0355521627,1.0000000000
119,11.3110000000,right_hand,7,0.5009205341,0.5173367262,-0.0401732326,1.0000000000
120,11.4060000000,right_hand,7,0.4883523285,0.5106362700,-0.0356723033,1.0000000000
121,11.5010000000,right_hand,7,0.4846797884,0.5036163926,-0.0285920110,1.0000000000
122,11.5960000000,right_hand,7,0.4755435288,0.5052473545,-0.0248393361,1.0000000000
123,11.6910000000,right_hand,7,0.4763303995,0.5065878630,-0.0179976337,1.0000000000
124,11.7860000000,right_hand,7,0.4822729230,0.5096021891,-0.0231221374,1.0000000000
53,5.0370000000,right_hand,8,0.5780218840,0.5119811296,-0.0420793518,1.0000000000
54,5.1330000000,right_hand,8,0.5755889416,0.5144469738,-0.0310087726,1.0000000000
55,5.2280000000,right_hand,8,0.5795409679,0.5222600102,-0.0321157314,1.0000000000
56,5.3230000000,right_hand,8,0.5721152425,0.5193282962,-0.0303303786,1.0000000000
57,5.4180000000,right_hand,8,0.5683575273,0.5178170800,-0.0285475366,1.0000000000
58,5.5130000000,right_hand,8,0.5520040989,0.4987432957,-0.0326540470,1.0000000000
59,5.6080000000,right_hand,8,0.4717548192,0.4581988454,-0.0166608058,1.0000000000
60,5.7030000000,right_hand,8,0.4681975543,0.4530878365,-0.0277925804,1.0000000000
61,5.7980000000,right_hand,8,0.4704605639,0.4507595003,-0.0185493175,1.0000000000
62,5.8930000000,right_hand,8,0.4803627729,0.4574991763,-0.0128376149,1.0000000000
63,5.9880000000,right_hand,8,0.4802675247,0.4415572286,-0.0221588239,1.0000000000
64,6.0830000000,right_hand,8,0.4650841951,0.4431112707,-0.0206030682,1.0000000000
65,6.1780000000,right_hand,8,0.4765370786,0.4515269101,-0.0102024609,1.0000000000
66,6.2730000000,right_hand,8,0.4632722735,0.4428163171,-0.0357835330,1.0000000000
67,6.3680000000,right_hand,8,0.4708327651,0.4564380944,-0.0265667215,1.0000000000
68,6.4630000000,right_hand,8,0.4615372121,0.4703159928,-0.0501620770,1.0000000000
69,6.5580000000,right_hand,8,0.4529476166,0.4848918021,-0.0289171003,1.0000000000
70,6.6530000000,right_hand,8,0.4076471031,0.4715819955,0.0105861612,1.0000000000
71,6.7480000000,right_hand,8,0.3950882554,0.4540559649,-0.0071866913,1.0000000000
72,6.8430000000,right_hand,8,0.4083433151,0.4981950223,-0.0165370419,1.0000000000
73,6.9380000000,right_hand,8,0.4215983748,0.5423340797,-0.0258873925,1.0000000000
74,7.0330000000,right_hand,8,0.4159851074,0.5568690300,-0.0452612378,1.0000000000
75,7.1280000000,right_hand,8,0.4149077237,0.5852532387,-0.0319503471,1.0000000000
76,7.2240000000,right_hand,8,0.4164882898,0.6233184934,-0.0777702332,1.0000000000
77,7.3190000000,right_hand,8,0.4209900498,0.6412005424,-0.0663705170,1.0000000000
78,7.4140000000,right_hand,8,0.4263934344,0.6186430454,-0.0538511109,1.0000000000
79,7.5090000000,right_hand,8,0.4317968190,0.5960855484,-0.0413317047,1.0000000000
80,7.6040000000,right_hand,8,0.4589990377,0.5461992025,-0.0187319126,1.0000000000
81,7.6990000000,right_hand,8,0.4757279158,0.5442707539,-0.0228652898,1.0000000000
82,7.7940000000,right_hand,8,0.4898475111,0.5146329999,-0.0294872429,1.0000000000
83,7.8890000000,right_hand,8,0.5150301456,0.5324033499,-0.0268044639,1.0000000000
84,7.9840000000,right_hand,8,0.5151155194,0.5186801553,-0.0298799115,1.0000000000
85,8.0790000000,right_hand,8,0.5152008931,0.5049569607,-0.0329553590,1.0000000000
86,8.1740000000,right_hand,8,0.5152862668,0.4912337661,-0.0360308066,1.0000000000
87,8.2690000000,right_hand,8,0.5502827168,0.5299260616,-0.0195249598,1.0000000000
88,8.3640000000,right_hand,8,0.5008034706,0.4862918854,-0.0390857942,1.0000000000
89,8.4590000000,right_hand,8,0.4902184010,0.5026051998,-0.0274865162,1.0000000000
90,8.5540000000,right_hand,8,0.4762998223,0.5095711946,-0.0224120431,1.0000000000
91,8.6490000000,right_hand,8,0.4954572519,0.5325232744,-0.0187460001,1.0000000000
92,8.7440000000,right_hand,8,0.5146146814,0.5554753542,-0.0150799571,1.0000000000
93,8.8390000000,right_hand,8,0.5337721109,0.5784274340,-0.0114139142,1.0000000000
94,8.9340000000,right_hand,8,0.5192987919,0.5572699805,-0.0098066851,1.0000000000
95,9.0290000000,right_hand,8,0.5048254728,0.5361125271,-0.0081994561,1.0000000000
96,9.1240000000,right_hand,8,0.5048254728,0.5361125271,-0.0081994561,1.0000000000
97,9.2200000000,right_hand,8,0.4758788347,0.4937976201,-0.0049849981,1.0000000000
98,9.3150000000,right_hand,8,0.4614055157,0.4726401667,-0.0033777691,1.0000000000
99,9.4100000000,right_hand,8,0.4469321966,0.4514827132,-0.0017705401,1.0000000000
100,9.5050000000,right_hand,8,0.5651475787,0.4913733304,-0.0231909435,1.0000000000
101,9.6000000000,right_hand,8,0.5244494230,0.4939053804,-0.0284088096,1.0000000000
102,9.6950000000,right_hand,8,0.4837512672,0.4964374304,-0.0336266756,1.0000000000
103,9.7900000000,right_hand,8,0.5596725345,0.4457091987,-0.0265893210,1.0000000000
104,9.8850000000,right_hand,8,0.5597671866,0.4324548841,-0.0301902816,1.0000000000
105,9.9800000000,right_hand,8,0.5075123310,0.4691393971,-0.0268129297,1.0000000000
106,10.0750000000,right_hand,8,0.5160943270,0.5282409191,-0.0270599201,1.0000000000
107,10.1700000000,right_hand,8,0.5426917672,0.5549678802,-0.0328206532,1.0000000000
108,10.2650000000,right_hand,8,0.5515317321,0.5208643675,-0.0203709565,1.0000000000
109,10.3600000000,right_hand,8,0.5534855127,0.5166953802,-0.0194219183,1.0000000000
110,10.4550000000,right_hand,8,0.5518881083,0.5343860388,-0.0298822671,1.0000000000
111,10.5500000000,right_hand,8,0.5359209180,0.4966945946,-0.0257704575,1.0000000000
112,10.6450000000,right_hand,8,0.5121615529,0.5188717246,-0.0171389505,1.0000000000
113,10.7400000000,right_hand,8,0.5180033445,0.5061157346,-0.0172000248,1.0000000000
114,10.8350000000,right_hand,8,0.5271645784,0.5036290288,-0.0340950377,1.0000000000
115,10.9300000000,right_hand,8,0.5425645709,0.5401356816,-0.0336189456,1.0000000000
116,11.0250000000,right_hand,8,0.5499286652,0.5294573307,-0.0307782851,1.0000000000
117,11.1200000000,right_hand,8,0.5394716263,0.5150529742,-0.0397880897,1.0000000000
118,11.2150000000,right_hand,8,0.5182483196,0.5256407261,-0.0320464633,1.0000000000
119,11.3110000000,right_hand,8,0.5125169754,0.5224920511,-0.0396753810,1.0000000000
120,11.4060000000,right_hand,8,0.5015301704,0.5153904557,-0.0375630371,1.0000000000
121,11.5010000000,right_hand,8,0.4952183068,0.5063785315,-0.0287974942,1.0000000000
122,11.5960000000,right_hand,8,0.4843199551,0.5116907358,-0.0252042934,1.0000000000
123,11.6910000000,right_hand,8,0.4844036400,0.5136797428,-0.0176503472,1.0000000000
124,11.7860000000,right_hand,8,0.4917183220,0.5136912465,-0.0232749935,1.0000000000
53,5.0370000000,right_hand,9,0.6253451109,0.4513163567,-0.0231020711,1.0000000000
54,5.1330000000,right_hand,9,0.6241312623,0.4601689577,-0.0189862363,1.0000000000
55,5.2280000000,right_hand,9,0.6247341037,0.4651422203,-0.0184105653,1.0000000000
56,5.3230000000,right_hand,9,0.6280800104,0.4737271070,-0.0207323935,1.0000000000
57,5.4180000000,right_hand,9,0.6222873926,0.4757135212,-0.0185818020,1.0000000000
58,5.5130000000,right_hand,9,0.6154717207,0.4696395695,-0.0270080958,1.0000000000
59,5.6080000000,right_hand,9,0.4234659076,0.4952685237,-0.0133223590,1.0000000000
60,5.7030000000,right_hand,9,0.4122242332,0.4964237213,-0.0193989500,1.0000000000
61,5.7980000000,right_hand,9,0.4204973578,0.4994025230,-0.0137946773,1.0000000000
62,5.8930000000,right_hand,9,0.4394357800,0.5055966377,-0.0055513536,1.0000000000
63,5.9880000000,right_hand,9,0.4384427071,0.5042091012,-0.0073806313,1.0000000000
64,6.0830000000,right_hand,9,0.4164318740,0.4929051697,-0.0163937714,1.0000000000
65,6.1780000000,right_hand,9,0.4401691854,0.5091268420,-0.0056166914,1.0000000000
66,6.2730000000,right_hand,9,0.4214965701,0.5045263171,-0.0247990079,1.0000000000
67,6.3680000000,right_hand,9,0.4270697236,0.5195772648,-0.0176372100,1.0000000000
68,6.4630000000,right_hand,9,0.4146457016,0.5352655649,-0.0325474665,1.0000000000
69,6.5580000000,right_hand,9,0.4216474891,0.5547676682,-0.0194350518,1.0000000000
70,6.6530000000,right_hand,9,0.3642758727,0.5103166103,0.0043685045,1.0000000000
71,6.7480000000,right_hand,9,0.3529404998,0.4709109664,-0.0045521352,1.0000000000
72,6.8430000000,right_hand,9,0.3636645824,0.4782208353,-0.0120192962,1.0000000000
73,6.9380000000,right_hand,9,0.3743886650,0.4855307043,-0.0194864571,1.0000000000
74,7.0330000000,right_hand,9,0.3744195104,0.4860740602,-0.0331200697,1.0000000000
75,7.1280000000,right_hand,9,0.3874834478,0.4887198806,-0.0184718780,1.0000000000
76,7.2240000000,right_hand,9,0.3853516877,0.4968715310,-0.0437198319,1.0000000000
77,7.3190000000,right_hand,9,0.3883148730,0.5092246532,-0.0356661081,1.0000000000
78,7.4140000000,right_hand,9,0.3956216276,0.5023384243,-0.0323014595,1.0000000000
79,7.5090000000,right_hand,9,0.4029283822,0.4954521954,-0.0289368108,1.0000000000
80,7.6040000000,right_hand,9,0.4106514156,0.4921669364,-0.0131967412,1.0000000000
81,7.6990000000,right_hand,9,0.4192231297,0.5048658252,-0.0170697458,1.0000000000
82,7.7940000000,right_hand,9,0.4276263416,0.4933608174,-0.0187421683,1.0000000000
83,7.8890000000,right_hand,9,0.4461760819,0.4969695807,-0.0199599620,1.0000000000
84,7.9840000000,right_hand,9,0.4444266558,0.4984793862,-0.0225718115,1.0000000000
85,8.0790000000,right_hand,9,0.4426772296,0.4999891917,-0.0251836609,1.0000000000
86,8.1740000000,right_hand,9,0.4409278035,0.5014989972,-0.0277955104,1.0000000000
87,8.2690000000,right_hand,9,0.5980929732,0.4407382309,-0.0232543256,1.0000000000
88,8.3640000000,right_hand,9,0.4274387062,0.4759097993,-0.0256139059,1.0000000000
89,8.4590000000,right_hand,9,0.4351009429,0.5005509853,-0.0167502724,1.0000000000
90,8.5540000000,right_hand,9,0.4316446781,0.4900157154,-0.0102161653,1.0000000000
91,8.6490000000,right_hand,9,0.4823883971,0.4945807656,-0.0105419792,1.0000000000
92,8.7440000000,right_hand,9,0.5331321160,0.4991458158,-0.0108677931,1.0000000000
93,8.8390000000,right_hand,9,0.5838758349,0.5037108660,-0.0111936070,1.0000000000
94,8.9340000000,right_hand,9,0.5533461322,0.5040908357,-0.0091829866,1.0000000000
95,9.0290000000,right_hand,9,0.5228164295,0.5044708053,-0.0071723662,1.0000000000
96,9.1240000000,right_hand,9,0.5228164295,0.5044708053,-0.0071723662,1.0000000000
97,9.2200000000,right_hand,9,0.4617570241,0.5052307447,-0.0031511254,1.0000000000
98,9.3150000000,right_hand,9,0.4312273214,0.5056107144,-0.0011405050,1.0000000000
99,9.4100000000,right_hand,9,0.4006976187,0.5059906840,0.0008701154,1.0000000000
100,9.5050000000,right_hand,9,0.6173852086,0.4690065384,-0.0152016971,1.0000000000
101,9.6000000000,right_hand,9,0.5136606097,0.4700262100,-0.0191373369,1.0000000000
102,9.6950000000,right_hand,9,0.4099360108,0.4710458815,-0.0230729766,1.0000000000
103,9.7900000000,right_hand,9,0.6224363446,0.4428708553,-0.0233051088,1.0000000000
104,9.8850000000,right_hand,9,0.6217113137,0.4313611090,-0.0234464910,1.0000000000
105,9.9800000000,right_hand,9,0.4316110611,0.4844236672,-0.0235887934,1.0000000000
106,10.0750000000,right_hand,9,0.4498454332,0.4867810905,-0.0145902392,1.0000000000
107,10.1700000000,right_hand,9,0.4671704173,0.5088343024,-0.0229289252,1.0000000000
108,10.2650000000,right_hand,9,0.4772377908,0.5310020447,-0.0175241698,1.0000000000
109,10.3600000000,right_hand,9,0.4810325503,0.5365725160,-0.0176034141,1.0000000000
110,10.4550000000,right_hand,9,0.4751358032,0.5481844544,-0.0232626460,1.0000000000
111,10.5500000000,right_hand,9,0.4737408757,0.5487434864,-0.0176539868,1.0000000000
112,10.6450000000,right_hand,9,0.4603981376,0.5469292402,-0.0113826627,1.0000000000
113,10.7400000000,right_hand,9,0.4679454863,0.5362786055,-0.0147877196,1.0000000000
114,10.8350000000,right_hand,9,0.4679029286,0.5365625620,-0.0305135846,1.0000000000
115,10.9300000000,right_hand,9,0.4750552773,0.5459097028,-0.0241817851,1.0000000000
116,11.0250000000,right_hand,9,0.4798793197,0.5279989839,-0.0289587565,1.0000000000
117,11.1200000000,right_hand,9,0.4676178992,0.5261067748,-0.0377696790,1.0000000000
118,11.2150000000,right_hand,9,0.4528473914,0.5172378421,-0.0352657139,1.0000000000
119,11.3110000000,right_hand,9,0.4428438842,0.5183694959,-0.0340658352,1.0000000000
120,11.4060000000,right_hand,9,0.4319397807,0.5102040172,-0.0264994130,1.0000000000
121,11.5010000000,right_hand,9,0.4308253527,0.5044456124,-0.0238269269,1.0000000000
122,11.5960000000,right_hand,9,0.4284365177,0.5089498758,-0.0206319895,1.0000000000
123,11.6910000000,right_hand,9,0.4329020977,0.5063565373,-0.0152535252,1.0000000000
124,11.7860000000,right_hand,9,0.4349703193,0.5185360909,-0.0193226542,1.0000000000
53,5.0370000000,right_hand,10,0.5963427424,0.4586619139,-0.0339397900,1.0000000000
54,5.1330000000,right_hand,10,0.5943484306,0.4606876671,-0.0270340312,1.0000000000
55,5.2280000000,right_hand,10,0.5968695283,0.4676060975,-0.0259283595,1.0000000000
56,5.3230000000,right_hand,10,0.5967019200,0.4790402353,-0.0268910211,1.0000000000
57,5.4180000000,right_hand,10,0.5911493897,0.4840951264,-0.0250110589,1.0000000000
58,5.5130000000,right_hand,10,0.5775485635,0.4675389826,-0.0337068364,1.0000000000
59,5.6080000000,right_hand,10,0.4581998885,0.4944029152,-0.0158145577,1.0000000000
60,5.7030000000,right_hand,10,0.4463067651,0.4965213239,-0.0242653750,1.0000000000
61,5.7980000000,right_hand,10,0.4530333579,0.4947040379,-0.0168322064,1.0000000000
62,5.8930000000,right_hand,10,0.4621914327,0.4888719618,-0.0084423404,1.0000000000
63,5.9880000000,right_hand,10,0.4635694921,0.4818297625,-0.0125993630,1.0000000000
64,6.0830000000,right_hand,10,0.4512404203,0.4790922701,-0.0223845933,1.0000000000
65,6.1780000000,right_hand,10,0.4616238177,0.4844044745,-0.0066054389,1.0000000000
66,6.2730000000,right_hand,10,0.4541159868,0.4831012785,-0.0323295034,1.0000000000
67,6.3680000000,right_hand,10,0.4563110471,0.5038428903,-0.0226719901,1.0000000000
68,6.4630000000,right_hand,10,0.4468645751,0.5142095685,-0.0421955325,1.0000000000
69,6.5580000000,right_hand,10,0.4491038322,0.5323529840,-0.0258410331,1.0000000000
70,6.6530000000,right_hand,10,0.3882088661,0.5180101991,0.0049238987,1.0000000000
71,6.7480000000,right_hand,10,0.3701465428,0.4957064986,-0.0078200232,1.0000000000
72,6.8430000000,right_hand,10,0.3830999285,0.5143014193,-0.0147846518,1.0000000000
73,6.9380000000,right_hand,10,0.3960533142,0.5328963399,-0.0217492804,1.0000000000
74,7.0330000000,right_hand,10,0.3922337592,0.5411677361,-0.0391814187,1.0000000000
75,7.1280000000,right_hand,10,0.3967533708,0.5479644537,-0.0252662543,1.0000000000
76,7.2240000000,right_hand,10,0.3903478384,0.5651062131,-0.0618665218,1.0000000000
77,7.3190000000,right_hand,10,0.3900854588,0.5811324120,-0.0519590899,1.0000000000
78,7.4140000000,right_hand,10,0.4033371061,0.5701204538,-0.0446515121,1.0000000000
79,7.5090000000,right_hand,10,0.4165887535,0.5591084957,-0.0373439342,1.0000000000
80,7.6040000000,right_hand,10,0.4345936179,0.5336458087,-0.0178464558,1.0000000000
81,7.6990000000,right_hand,10,0.4482569396,0.5397810936,-0.0208320841,1.0000000000
82,7.7940000000,right_hand,10,0.4596402645,0.5187377930,-0.0249556210,1.0000000000
83,7.8890000000,right_hand,10,0.4804131091,0.5321359634,-0.0241949093,1.0000000000
84,7.9840000000,right_hand,10,0.4815774957,0.5315328439,-0.0277414483,1.0000000000
85,8.0790000000,right_hand,10,0.4827418824,0.5309297244,-0.0312879874,1.0000000000
86,8.1740000000,right_hand,10,0.4839062691,0.5303266048,-0.0348345265,1.0000000000
87,8.2690000000,right_hand,10,0.5545376539,0.4766301811,-0.0291870981,1.0000000000
88,8.3640000000,right_hand,10,0.4628556967,0.4950759709,-0.0334116258,1.0000000000
89,8.4590000000,right_hand,10,0.4643410146,0.5209864378,-0.0246505197,1.0000000000
90,8.5540000000,right_hand,10,0.4563031197,0.5112877488,-0.0151814716,1.0000000000
91,8.6490000000,right_hand,10,0.4877255559,0.5175166527,-0.0142937871,1.0000000000
92,8.7440000000,right_hand,10,0.5191479921,0.5237455567,-0.0134061025,1.0000000000
93,8.8390000000,right_hand,10,0.5505704284,0.5299744606,-0.0125184180,1.0000000000
94,8.9340000000,right_hand,10,0.5300065080,0.5239221156,-0.0099356549,1.0000000000
95,9.0290000000,right_hand,10,0.5094425877,0.5178697705,-0.0073528918,1.0000000000
96,9.1240000000,right_hand,10,0.5094425877,0.5178697705,-0.0073528918,1.0000000000
97,9.2200000000,right_hand,10,0.4683147470,0.5057650805,-0.0021873657,1.0000000000
98,9.3150000000,right_hand,10,0.4477508267,0.4997127354,0.0003953974,1.0000000000
99,9.4100000000,right_hand,10,0.4271869063,0.4936603904,0.0029781605,1.0000000000
100,9.5050000000,right_hand,10,0.5909070969,0.4736005068,-0.0215995330,1.0000000000
101,9.6000000000,right_hand,10,0.5202109367,0.4876525402,-0.0250900006,1.0000000000
102,9.6950000000,right_hand,10,0.4495147765,0.5017045736,-0.0285804681,1.0000000000
103,9.7900000000,right_hand,10,0.5816631317,0.4296063185,-0.0306796357,1.0000000000
104,9.8850000000,right_hand,10,0.5854812264,0.4152671695,-0.0297886338,1.0000000000
105,9.9800000000,right_hand,10,0.4759290218,0.5103388429,-0.0312650315,1.0000000000
106,10.0750000000,right_hand,10,0.4887705445,0.4988887012,-0.0224418845,1.0000000000
107,10.1700000000,right_hand,10,0.5115693808,0.5212948322,-0.0347647406,1.0000000000
108,10.2650000000,right_hand,10,0.5182576776,0.5427709818,-0.0195562970,1.0000000000
109,10.3600000000,right_hand,10,0.5233324170,0.5380460620,-0.0217457265,1.0000000000
110,10.4550000000,right_hand,10,0.5176541805,0.5567608476,-0.0280114114,1.0000000000
111,10.5500000000,right_hand,10,0.5099374652,0.5580717325,-0.0216399543,1.0000000000
112,10.6450000000,right_hand,10,0.4916833639,0.5630687475,-0.0146623617,1.0000000000
113,10.7400000000,right_hand,10,0.4968745410,0.5545657873,-0.0185577683,1.0000000000
114,10.8350000000,right_hand,10,0.5099099278,0.5583644509,-0.0376273319,1.0000000000
115,10.9300000000,right_hand,10,0.5122837424,0.5578966737,-0.0315854102,1.0000000000
116,11.0250000000,right_hand,10,0.5212344527,0.5460097194,-0.0355724469,1.0000000000
117,11.1200000000,right_hand,10,0.5092871785,0.5421115160,-0.0431832969,1.0000000000
118,11.2150000000,right_hand,10,0.4911511838,0.5372492671,-0.0407850780,1.0000000000
119,11.3110000000,right_hand,10,0.4771156609,0.5389530659,-0.0408863313,1.0000000000
120,11.4060000000,right_hand,10,0.4539394081,0.5308032632,-0.0353213251,1.0000000000
121,11.5010000000,right_hand,10,0.4665511847,0.5260099173,-0.0302118100,1.0000000000
122,11.5960000000,right_hand,10,0.4580576420,0.5286744237,-0.0257261116,1.0000000000
123,11.6910000000,right_hand,10,0.4611800909,0.5247466564,-0.0185994450,1.0000000000
124,11.7860000000,right_hand,10,0.4653189182,0.5382398367,-0.0236650761,1.0000000000
53,5.0370000000,right_hand,11,0.5776702762,0.4721800089,-0.0376285352,1.0000000000
54,5.1330000000,right_hand,11,0.5767443776,0.4686112702,-0.0290174820,1.0000000000
55,5.2280000000,right_hand,11,0.5801325440,0.4748798311,-0.0282932650,1.0000000000
56,5.3230000000,right_hand,11,0.5779905915,0.4848254621,-0.0267216936,1.0000000000
57,5.4180000000,right_hand,11,0.5731502771,0.4895268083,-0.0257022623,1.0000000000
58,5.5130000000,right_hand,11,0.5605621338,0.4704710245,-0.0304265376,1.0000000000
59,5.6080000000,right_hand,11,0.4739117324,0.4882431924,-0.0149779748,1.0000000000
60,5.7030000000,right_hand,11,0.4659340382,0.4898799062,-0.0247073527,1.0000000000
61,5.7980000000,right_hand,11,0.4696552455,0.4834220707,-0.0167553555,1.0000000000
62,5.8930000000,right_hand,11,0.4749170542,0.4731851220,-0.0102382591,1.0000000000
63,5.9880000000,right_hand,11,0.4774793386,0.4631374776,-0.0150786852,1.0000000000
64,6.0830000000,right_hand,11,0.4682801664,0.4624492824,-0.0223587621,1.0000000000
65,6.1780000000,right_hand,11,0.4706256092,0.4656046629,-0.0068385750,1.0000000000
66,6.2730000000,right_hand,11,0.4669172168,0.4658252597,-0.0322697312,1.0000000000
67,6.3680000000,right_hand,11,0.4677279890,0.4855704904,-0.0218414292,1.0000000000
68,6.4630000000,right_hand,11,0.4591734111,0.4947648346,-0.0416532904,1.0000000000
69,6.5580000000,right_hand,11,0.4551472664,0.5109145641,-0.0254327040,1.0000000000
70,6.6530000000,right_hand,11,0.4000239074,0.5231543779,0.0055390508,1.0000000000
71,6.7480000000,right_hand,11,0.3650898337,0.5056949258,-0.0087010814,1.0000000000
72,6.8430000000,right_hand,11,0.3866170347,0.5283829570,-0.0143387006,1.0000000000
73,6.9380000000,right_hand,11,0.4081442356,0.5510709882,-0.0199763197,1.0000000000
74,7.0330000000,right_hand,11,0.4005929828,0.5650900006,-0.0369729921,1.0000000000
75,7.1280000000,right_hand,11,0.4026258290,0.5818208456,-0.0270806439,1.0000000000
76,7.2240000000,right_hand,11,0.3974944651,0.6075404882,-0.0686127096,1.0000000000
77,7.3190000000,right_hand,11,0.3953176141,0.6213023663,-0.0587701611,1.0000000000
78,7.4140000000,right_hand,11,0.4077804238,0.6065432429,-0.0481581874,1.0000000000
79,7.5090000000,right_hand,11,0.4202432334,0.5917841196,-0.0375462137,1.0000000000
80,7.6040000000,right_hand,11,0.4488891363,0.5606675744,-0.0195350330,1.0000000000
81,7.6990000000,right_hand,11,0.4639421403,0.5550088882,-0.0206411500,1.0000000000
82,7.7940000000,right_hand,11,0.4793336093,0.5341774225,-0.0274244510,1.0000000000
83,7.8890000000,right_hand,11,0.5001859665,0.5445235968,-0.0238364954,1.0000000000
84,7.9840000000,right_hand,11,0.4999486804,0.5398331483,-0.0265583595,1.0000000000
85,8.0790000000,right_hand,11,0.4997113943,0.5351426999,-0.0292802236,1.0000000000
86,8.1740000000,right_hand,11,0.4994741082,0.5304522514,-0.0320020877,1.0000000000
87,8.2690000000,right_hand,11,0.5403202176,0.4986926317,-0.0267447680,1.0000000000
88,8.3640000000,right_hand,11,0.4829090834,0.5067399740,-0.0341549441,1.0000000000
89,8.4590000000,right_hand,11,0.4801622033,0.5231447220,-0.0281692538,1.0000000000
90,8.5540000000,right_hand,11,0.4720970690,0.5171394944,-0.0189638603,1.0000000000
91,8.6490000000,right_hand,11,0.4928162495,0.5281092127,-0.0164306757,1.0000000000
92,8.7440000000,right_hand,11,0.5135354300,0.5390789310,-0.0138974910,1.0000000000
93,8.8390000000,right_hand,11,0.5342546105,0.5500486493,-0.0113643063,1.0000000000
94,8.9340000000,right_hand,11,0.5188387732,0.5382722368,-0.0086843030,1.0000000000
95,9.0290000000,right_hand,11,0.5034229358,0.5264958243,-0.0060042997,1.0000000000
96,9.1240000000,right_hand,11,0.5034229358,0.5264958243,-0.0060042997,1.0000000000
97,9.2200000000,right_hand,11,0.4725912611,0.5029429992,-0.0006442930,1.0000000000
98,9.3150000000,right_hand,11,0.4571754237,0.4911665867,0.0020357103,1.0000000000
99,9.4100000000,right_hand,11,0.4417595863,0.4793901742,0.0047157137,1.0000000000
100,9.5050000000,right_hand,11,0.5726030469,0.4760457575,-0.0224454310,1.0000000000
101,9.6000000000,right_hand,11,0.5235751420,0.4921118766,-0.0252912194,1.0000000000
102,9.6950000000,right_hand,11,0.4745472372,0.5081779957,-0.0281370077,1.0000000000
103,9.7900000000,right_hand,11,0.5650481582,0.4231156409,-0.0288375914,1.0000000000
104,9.8850000000,right_hand,11,0.5676428676,0.4058610797,-0.0298815258,1.0000000000
105,9.9800000000,right_hand,11,0.4977629781,0.5114012957,-0.0300695989,1.0000000000
106,10.0750000000,right_hand,11,0.5105366707,0.5080699325,-0.0259445515,1.0000000000
107,10.1700000000,right_hand,11,0.5370663404,0.5303850770,-0.0374239162,1.0000000000
108,10.2650000000,right_hand,11,0.5378592014,0.5429280996,-0.0178905334,1.0000000000
109,10.3600000000,right_hand,11,0.5424274206,0.5330895185,-0.0203889273,1.0000000000
110,10.4550000000,right_hand,11,0.5362268090,0.5478899479,-0.0257423930,1.0000000000
111,10.5500000000,right_hand,11,0.5257395506,0.5522153974,-0.0204320401,1.0000000000
112,10.6450000000,right_hand,11,0.5099987984,0.5668256879,-0.0151107917,1.0000000000
113,10.7400000000,right_hand,11,0.5126784444,0.5603608489,-0.0186314881,1.0000000000
114,10.8350000000,right_hand,11,0.5304262638,0.5635489225,-0.0337659493,1.0000000000
115,10.9300000000,right_hand,11,0.5299876928,0.5592647791,-0.0312257763,1.0000000000
116,11.0250000000,right_hand,11,0.5301915407,0.5516787171,-0.0320953727,1.0000000000
117,11.1200000000,right_hand,11,0.5239205360,0.5429381132,-0.0380617045,1.0000000000
118,11.2150000000,right_hand,11,0.5052942038,0.5462768078,-0.0359563194,1.0000000000
119,11.3110000000,right_hand,11,0.4935578406,0.5448457003,-0.0378667749,1.0000000000
120,11.4060000000,right_hand,11,0.4724864066,0.5413849354,-0.0361150727,1.0000000000
121,11.5010000000,right_hand,11,0.4828110337,0.5297873020,-0.0296688154,1.0000000000
122,11.5960000000,right_hand,11,0.4685898721,0.5364748836,-0.0241447296,1.0000000000
123,11.6910000000,right_hand,11,0.4731685519,0.5333170295,-0.0173412878,1.0000000000
124,11.7860000000,right_hand,11,0.4773157835,0.5443538427,-0.0223672893,1.0000000000
53,5.0370000000,right_hand,12,0.5650297403,0.4859345555,-0.0401654504,1.0000000000
54,5.1330000000,right_hand,12,0.5647633672,0.4776912630,-0.0298707634,1.0000000000
55,5.2280000000,right_hand,12,0.5686225891,0.4823324978,-0.0296835117,1.0000000000
56,5.3230000000,right_hand,12,0.5654864907,0.4885790050,-0.0258318633,1.0000000000
57,5.4180000000,right_hand,12,0.5611128211,0.4917603731,-0.0254248492,1.0000000000
58,5.5130000000,right_hand,12,0.5522009134,0.4724481404,-0.0272837635,1.0000000000
59,5.6080000000,right_hand,12,0.4817736447,0.4815277457,-0.0142133422,1.0000000000
60,5.7030000000,right_hand,12,0.4786172509,0.4812740684,-0.0249358565,1.0000000000
61,5.7980000000,right_hand,12,0.4793902934,0.4717961550,-0.0166696124,1.0000000000
62,5.8930000000,right_hand,12,0.4830494821,0.4595695436,-0.0113323471,1.0000000000
63,5.9880000000,right_hand,12,0.4858726263,0.4469864964,-0.0165410805,1.0000000000
64,6.0830000000,right_hand,12,0.4775844812,0.4482501149,-0.0212385301,1.0000000000
65,6.1780000000,right_hand,12,0.4756687880,0.4524426460,-0.0069518969,1.0000000000
66,6.2730000000,right_hand,12,0.4722606838,0.4521892369,-0.0318500102,1.0000000000
67,6.3680000000,right_hand,12,0.4720741212,0.4703967571,-0.0208458696,1.0000000000
68,6.4630000000,right_hand,12,0.4628834724,0.4801699817,-0.0409446657,1.0000000000
69,6.5580000000,right_hand,12,0.4544811547,0.4970543385,-0.0246411841,1.0000000000
70,6.6530000000,right_hand,12,0.4070836902,0.5243310332,0.0066659865,1.0000000000
71,6.7480000000,right_hand,12,0.3590538502,0.5049454570,-0.0089914929,1.0000000000
72,6.8430000000,right_hand,12,0.3877759576,0.5317808092,-0.0144309867,1.0000000000
73,6.9380000000,right_hand,12,0.4164980650,0.5586161613,-0.0198704805,1.0000000000
74,7.0330000000,right_hand,12,0.4060229361,0.5779854655,-0.0367313437,1.0000000000
75,7.1280000000,right_hand,12,0.4066014290,0.6062740088,-0.0286148265,1.0000000000
76,7.2240000000,right_hand,12,0.4032694995,0.6425377131,-0.0736526996,1.0000000000
77,7.3190000000,right_hand,12,0.4020377100,0.6526828408,-0.0643861219,1.0000000000
78,7.4140000000,right_hand,12,0.4121588916,0.6316410601,-0.0510166418,1.0000000000
79,7.5090000000,right_hand,12,0.4222800732,0.6105992794,-0.0376471616,1.0000000000
80,7.6040000000,right_hand,12,0.4589726329,0.5810928345,-0.0202911496,1.0000000000
81,7.6990000000,right_hand,12,0.4752337635,0.5630419850,-0.0204974432,1.0000000000
82,7.7940000000,right_hand,12,0.4924431443,0.5441790223,-0.0289418790,1.0000000000
83,7.8890000000,right_hand,12,0.5148319006,0.5479652882,-0.0235925801,1.0000000000
84,7.9840000000,right_hand,12,0.5123274525,0.5397805572,-0.0253982681,1.0000000000
85,8.0790000000,right_hand,12,0.5098230044,0.5315958261,-0.0272039560,1.0000000000
86,8.1740000000,right_hand,12,0.5073185563,0.5234110951,-0.0290096439,1.0000000000
87,8.2690000000,right_hand,12,0.5345168114,0.5158131719,-0.0245507136,1.0000000000
88,8.3640000000,right_hand,12,0.4970848560,0.5118251443,-0.0347259343,1.0000000000
89,8.4590000000,right_hand,12,0.4904303551,0.5196107626,-0.0307242926,1.0000000000
90,8.5540000000,right_hand,12,0.4825883508,0.5181163549,-0.0216498412,1.0000000000
91,8.6490000000,right_hand,12,0.4968828162,0.5344040990,-0.0177622947,1.0000000000
92,8.7440000000,right_hand,12,0.5111772815,0.5506918430,-0.0138747481,1.0000000000
93,8.8390000000,right_hand,12,0.5254717469,0.5669795871,-0.0099872015,1.0000000000
94,8.9340000000,right_hand,12,0.5127059172,0.5500909835,-0.0071872107,1.0000000000
95,9.0290000000,right_hand,12,0.4999400874,0.5332023799,-0.0043872199,1.0000000000
96,9.1240000000,right_hand,12,0.4999400874,0.5332023799,-0.0043872199,1.0000000000
97,9.2200000000,right_hand,12,0.4744084279,0.4994251728,0.0012127617,1.0000000000
98,9.3150000000,right_hand,12,0.4616425981,0.4825365692,0.0040127526,1.0000000000
99,9.4100000000,right_hand,12,0.4488767684,0.4656479657,0.0068127434,1.0000000000
100,9.5050000000,right_hand,12,0.5606459975,0.4766030610,-0.0221379418,1.0000000000
101,9.6000000000,right_hand,12,0.5264527351,0.4911785871,-0.0248180619,1.0000000000
102,9.6950000000,right_hand,12,0.4922594726,0.5057541132,-0.0274981819,1.0000000000
103,9.7900000000,right_hand,12,0.5559688210,0.4174094796,-0.0258595869,1.0000000000
104,9.8850000000,right_hand,12,0.5565170646,0.3990821242,-0.0291987602,1.0000000000
105,9.9800000000,right_hand,12,0.5112773180,0.5045054555,-0.0277620144,1.0000000000
106,10.0750000000,right_hand,12,0.5252994895,0.5144038796,-0.0269151852,1.0000000000
107,10.1700000000,right_hand,12,0.5531659126,0.5370298624,-0.0366256237,1.0000000000
108,10.2650000000,right_hand,12,0.5489708185,0.5408650637,-0.0167188030,1.0000000000
109,10.3600000000,right_hand,12,0.5534833074,0.5273587108,-0.0186956972,1.0000000000
110,10.4550000000,right_hand,12,0.5462018251,0.5374279022,-0.0236447752,1.0000000000
111,10.5500000000,right_hand,12,0.5338888168,0.5436824560,-0.0193281583,1.0000000000
112,10.6450000000,right_hand,12,0.5225925446,0.5654900074,-0.0154050160,1.0000000000
113,10.7400000000,right_hand,12,0.5230928063,0.5606064200,-0.0178537741,1.0000000000
114,10.8350000000,right_hand,12,0.5423818231,0.5643565059,-0.0302653592,1.0000000000
115,10.9300000000,right_hand,12,0.5406334996,0.5586254597,-0.0301796980,1.0000000000
116,11.0250000000,right_hand,12,0.5319878459,0.5503951311,-0.0287564266,1.0000000000
117,11.1200000000,right_hand,12,0.5308165550,0.5361914039,-0.0352005549,1.0000000000
118,11.2150000000,right_hand,12,0.5112815499,0.5446308255,-0.0330822431,1.0000000000
119,11.3110000000,right_hand,12,0.5031979084,0.5423063636,-0.0365150645,1.0000000000
120,11.4060000000,right_hand,12,0.4859406054,0.5447154641,-0.0371435881,1.0000000000
121,11.5010000000,right_hand,12,0.4930055141,0.5252635479,-0.0293835774,1.0000000000
122,11.5960000000,right_hand,12,0.4746060073,0.5368239880,-0.0231274292,1.0000000000
123,11.6910000000,right_hand,12,0.4811506867,0.5352550149,-0.0164365787,1.0000000000
124,11.7860000000,right_hand,12,0.4845697284,0.5450372696,-0.0213101972,1.0000000000
53,5.0370000000,right_hand,13,0.6217146516,0.4300776720,-0.0208215490,1.0000000000
54,5.1330000000,right_hand,13,0.6225482225,0.4369248748,-0.0184013098,1.0000000000
55,5.2280000000,right_hand,13,0.6227245331,0.4428705573,-0.0168924052,1.0000000000
56,5.3230000000,right_hand,13,0.6260710955,0.4538536966,-0.0176567808,1.0000000000
57,5.4180000000,right_hand,13,0.6213024855,0.4602779746,-0.0180088561,1.0000000000
58,5.5130000000,right_hand,13,0.6178472042,0.4459213316,-0.0245838445,1.0000000000
59,5.6080000000,right_hand,13,0.4223499000,0.5195206404,-0.0120830601,1.0000000000
60,5.7030000000,right_hand,13,0.4126211703,0.5187641382,-0.0175297447,1.0000000000
61,5.7980000000,right_hand,13,0.4199893177,0.5209615231,-0.0123652667,1.0000000000
62,5.8930000000,right_hand,13,0.4382584691,0.5109039545,-0.0049578454,1.0000000000
63,5.9880000000,right_hand,13,0.4423715472,0.5194202065,-0.0059742555,1.0000000000
64,6.0830000000,right_hand,13,0.4205369651,0.5120310187,-0.0165469591,1.0000000000
65,6.1780000000,right_hand,13,0.4368311465,0.5021660924,-0.0042085950,1.0000000000
66,6.2730000000,right_hand,13,0.4282364547,0.5254720449,-0.0213030577,1.0000000000
67,6.3680000000,right_hand,13,0.4303221405,0.5342058539,-0.0132972933,1.0000000000
68,6.4630000000,right_hand,13,0.4213409722,0.5554215312,-0.0284526069,1.0000000000
69,6.5580000000,right_hand,13,0.4247489572,0.5701521039,-0.0156328194,1.0000000000
70,6.6530000000,right_hand,13,0.3641881645,0.5207645297,-0.0010419333,1.0000000000
71,6.7480000000,right_hand,13,0.3505823910,0.4879446626,-0.0091808140,1.0000000000
72,6.8430000000,right_hand,13,0.3578259647,0.4967276156,-0.0127903717,1.0000000000
73,6.9380000000,right_hand,13,0.3650695384,0.5055105686,-0.0163999293,1.0000000000
74,7.0330000000,right_hand,13,0.3622979522,0.5048939586,-0.0323464684,1.0000000000
75,7.1280000000,right_hand,13,0.3761096299,0.5001273155,-0.0200108476,1.0000000000
76,7.2240000000,right_hand,13,0.3659558892,0.5027992725,-0.0458869115,1.0000000000
77,7.3190000000,right_hand,13,0.3682581186,0.5097696781,-0.0392683148,1.0000000000
78,7.4140000000,right_hand,13,0.3776680380,0.5072005391,-0.0351011194,1.0000000000
79,7.5090000000,right_hand,13,0.3870779574,0.5046314001,-0.0309339240,1.0000000000
80,7.6040000000,right_hand,13,0.4007166028,0.5111083984,-0.0144452583,1.0000000000
81,7.6990000000,right_hand,13,0.4119056165,0.5270368457,-0.0181099679,1.0000000000
82,7.7940000000,right_hand,13,0.4227448702,0.5195958614,-0.0205791183,1.0000000000
83,7.8890000000,right_hand,13,0.4392986894,0.5163900852,-0.0194494724,1.0000000000
84,7.9840000000,right_hand,13,0.4382450382,0.5208541552,-0.0219255233,1.0000000000
85,8.0790000000,right_hand,13,0.4371913870,0.5253182252,-0.0244015741,1.0000000000
86,8.1740000000,right_hand,13,0.4361377358,0.5297822952,-0.0268776249,1.0000000000
87,8.2690000000,right_hand,13,0.5906780362,0.4179661870,-0.0209212676,1.0000000000
88,8.3640000000,right_hand,13,0.4222687185,0.5059735775,-0.0273411218,1.0000000000
89,8.4590000000,right_hand,13,0.4284881949,0.5178713202,-0.0198752675,1.0000000000
90,8.5540000000,right_hand,13,0.4239988327,0.5002575517,-0.0123774596,1.0000000000
91,8.6490000000,right_hand,13,0.4768574635,0.4952118595,-0.0105558168,1.0000000000
92,8.7440000000,right_hand,13,0.5297160943,0.4901661674,-0.0087341741,1.0000000000
93,8.8390000000,right_hand,13,0.5825747252,0.4851204753,-0.0069125313,1.0000000000
94,8.9340000000,right_hand,13,0.5523067564,0.4903994898,-0.0053980867,1.0000000000
95,9.0290000000,right_hand,13,0.5220387876,0.4956785043,-0.0038836421,1.0000000000
96,9.1240000000,right_hand,13,0.5220387876,0.4956785043,-0.0038836421,1.0000000000
97,9.2200000000,right_hand,13,0.4615028501,0.5062365333,-0.0008547528,1.0000000000
98,9.3150000000,right_hand,13,0.4312348813,0.5115155478,0.0006596918,1.0000000000
99,9.4100000000,right_hand,13,0.4009669125,0.5167945623,0.0021741365,1.0000000000
100,9.5050000000,right_hand,13,0.6175138354,0.4518492222,-0.0176013764,1.0000000000
101,9.6000000000,right_hand,13,0.5117958784,0.4721051753,-0.0189172607,1.0000000000
102,9.6950000000,right_hand,13,0.4060779214,0.4923611283,-0.0202331450,1.0000000000
103,9.7900000000,right_hand,13,0.6265367866,0.4153165817,-0.0232806243,1.0000000000
104,9.8850000000,right_hand,13,0.6268589497,0.4095334113,-0.0238424316,1.0000000000
105,9.9800000000,right_hand,13,0.4271749556,0.5111439228,-0.0242092889,1.0000000000
106,10.0750000000,right_hand,13,0.4498314857,0.4721376002,-0.0123707931,1.0000000000
107,10.1700000000,right_hand,13,0.4675719738,0.4795497060,-0.0211111493,1.0000000000
108,10.2650000000,right_hand,13,0.4718705416,0.5603971481,-0.0165726393,1.0000000000
109,10.3600000000,right_hand,13,0.4759541750,0.5645166636,-0.0175018385,1.0000000000
110,10.4550000000,right_hand,13,0.4714504778,0.5716418624,-0.0208853241,1.0000000000
111,10.5500000000,right_hand,13,0.4706552625,0.5726068616,-0.0151215922,1.0000000000
112,10.6450000000,right_hand,13,0.4606438875,0.5719212294,-0.0106336512,1.0000000000
113,10.7400000000,right_hand,13,0.4646637142,0.5570758581,-0.0138521641,1.0000000000
114,10.8350000000,right_hand,13,0.4653247297,0.5647491217,-0.0254142042,1.0000000000
115,10.9300000000,right_hand,13,0.4706041813,0.5696926713,-0.0244287476,1.0000000000
116,11.0250000000,right_hand,13,0.4728144109,0.5580730438,-0.0303457864,1.0000000000
117,11.1200000000,right_hand,13,0.4613757133,0.5571753979,-0.0365766510,1.0000000000
118,11.2150000000,right_hand,13,0.4445671439,0.5512844920,-0.0347587839,1.0000000000
119,11.3110000000,right_hand,13,0.4352845848,0.5516954660,-0.0342851989,1.0000000000
120,11.4060000000,right_hand,13,0.4228445888,0.5405330658,-0.0279415529,1.0000000000
121,11.5010000000,right_hand,13,0.4247353971,0.5336822867,-0.0255763829,1.0000000000
122,11.5960000000,right_hand,13,0.4222307205,0.5371366143,-0.0227805153,1.0000000000
123,11.6910000000,right_hand,13,0.4275082052,0.5317839980,-0.0165824462,1.0000000000
124,11.7860000000,right_hand,13,0.4296802878,0.5476300716,-0.0205680933,1.0000000000
53,5.0370000000,right_hand,14,0.5948641300,0.4321658313,-0.0317527242,1.0000000000
54,5.1330000000,right_hand,14,0.5958584547,0.4271034896,-0.0271020178,1.0000000000
55,5.2280000000,right_hand,14,0.5978929400,0.4399121702,-0.0246738065,1.0000000000
56,5.3230000000,right_hand,14,0.5989607573,0.4633207619,-0.0224471223,1.0000000000
57,5.4180000000,right_hand,14,0.5921702385,0.4658642709,-0.0241747145,1.0000000000
58,5.5130000000,right_hand,14,0.5819863081,0.4465876818,-0.0299556274,1.0000000000
59,5.6080000000,right_hand,14,0.4530825615,0.5194153786,-0.0141304201,1.0000000000
60,5.7030000000,right_hand,14,0.4440202713,0.5197897553,-0.0220369194,1.0000000000
61,5.7980000000,right_hand,14,0.4500388503,0.5204440355,-0.0159387197,1.0000000000
62,5.8930000000,right_hand,14,0.4593023658,0.4963447154,-0.0078172162,1.0000000000
63,5.9880000000,right_hand,14,0.4654970765,0.4985572696,-0.0116066961,1.0000000000
64,6.0830000000,right_hand,14,0.4510041177,0.4997116923,-0.0212973990,1.0000000000
65,6.1780000000,right_hand,14,0.4565590024,0.4817536175,-0.0052590147,1.0000000000
66,6.2730000000,right_hand,14,0.4579488635,0.5054969788,-0.0277186632,1.0000000000
67,6.3680000000,right_hand,14,0.4569275379,0.5222248435,-0.0176812895,1.0000000000
68,6.4630000000,right_hand,14,0.4514033496,0.5365388393,-0.0374071151,1.0000000000
69,6.5580000000,right_hand,14,0.4507769048,0.5505024791,-0.0217270143,1.0000000000
70,6.6530000000,right_hand,14,0.3853854835,0.5179069042,-0.0013932611,1.0000000000
71,6.7480000000,right_hand,14,0.3641541898,0.5135815740,-0.0104107056,1.0000000000
72,6.8430000000,right_hand,14,0.3749072850,0.5322083831,-0.0144184502,1.0000000000
73,6.9380000000,right_hand,14,0.3856603801,0.5508351922,-0.0184261948,1.0000000000
74,7.0330000000,right_hand,14,0.3774217367,0.5567010045,-0.0367071517,1.0000000000
75,7.1280000000,right_hand,14,0.3828750253,0.5557782650,-0.0256569181,1.0000000000
76,7.2240000000,right_hand,14,0.3690215647,0.5647482276,-0.0602517910,1.0000000000
77,7.3190000000,right_hand,14,0.3684794903,0.5730509162,-0.0534488671,1.0000000000
78,7.4140000000,right_hand,14,0.3834744692,0.5685144663,-0.0454674717,1.0000000000
79,7.5090000000,right_hand,14,0.3984694481,0.5639780164,-0.0374860764,1.0000000000
80,7.6040000000,right_hand,14,0.4180405736,0.5493161082,-0.0186204836,1.0000000000
81,7.6990000000,right_hand,14,0.4373679757,0.5611592531,-0.0205447432,1.0000000000
82,7.7940000000,right_hand,14,0.4510658979,0.5445984602,-0.0247638654,1.0000000000
83,7.8890000000,right_hand,14,0.4704397023,0.5516240597,-0.0223398022,1.0000000000
84,7.9840000000,right_hand,14,0.4719705085,0.5541087389,-0.0253043206,1.0000000000
85,8.0790000000,right_hand,14,0.4735013147,0.5565934181,-0.0282688389,1.0000000000
86,8.1740000000,right_hand,14,0.4750321209,0.5590780973,-0.0312333573,1.0000000000
87,8.2690000000,right_hand,14,0.5484793782,0.4496861100,-0.0262955166,1.0000000000
88,8.3640000000,right_hand,14,0.4530102015,0.5248036981,-0.0331455655,1.0000000000
89,8.4590000000,right_hand,14,0.4531348944,0.5377040505,-0.0262694918,1.0000000000
90,8.5540000000,right_hand,14,0.4424813688,0.5192852616,-0.0185642373,1.0000000000
91,8.6490000000,right_hand,14,0.4801950057,0.5187868675,-0.0151870366,1.0000000000
92,8.7440000000,right_hand,14,0.5179086427,0.5182884733,-0.0118098358,1.0000000000
93,8.8390000000,right_hand,14,0.5556222796,0.5177900791,-0.0084326351,1.0000000000
94,8.9340000000,right_hand,14,0.5337640146,0.5159046749,-0.0064511245,1.0000000000
95,9.0290000000,right_hand,14,0.5119057496,0.5140192707,-0.0044696139,1.0000000000
96,9.1240000000,right_hand,14,0.5119057496,0.5140192707,-0.0044696139,1.0000000000
97,9.2200000000,right_hand,14,0.4681892196,0.5102484624,-0.0005065926,1.0000000000
98,9.3150000000,right_hand,14,0.4463309546,0.5083630582,0.0014749180,1.0000000000
99,9.4100000000,right_hand,14,0.4244726896,0.5064776540,0.0034564286,1.0000000000
100,9.5050000000,right_hand,14,0.5917963386,0.4539673328,-0.0235270858,1.0000000000
101,9.6000000000,right_hand,14,0.5169593990,0.4848153293,-0.0236955239,1.0000000000
102,9.6950000000,right_hand,14,0.4421224594,0.5156633258,-0.0238639619,1.0000000000
103,9.7900000000,right_hand,14,0.5884146690,0.4037920833,-0.0288824029,1.0000000000
104,9.8850000000,right_hand,14,0.5933782458,0.3917286396,-0.0284757446,1.0000000000
105,9.9800000000,right_hand,14,0.4690788388,0.5388629436,-0.0302078482,1.0000000000
106,10.0750000000,right_hand,14,0.4830377102,0.4759751260,-0.0174225066,1.0000000000
107,10.1700000000,right_hand,14,0.5062903762,0.4915937781,-0.0286763292,1.0000000000
108,10.2650000000,right_hand,14,0.5084230304,0.5708069205,-0.0169045385,1.0000000000
109,10.3600000000,right_hand,14,0.5137717128,0.5697833896,-0.0201692674,1.0000000000
110,10.4550000000,right_hand,14,0.5093908906,0.5777441859,-0.0228405595,1.0000000000
111,10.5500000000,right_hand,14,0.5037520528,0.5795906782,-0.0186185837,1.0000000000
112,10.6450000000,right_hand,14,0.4887813032,0.5867954493,-0.0146679999,1.0000000000
113,10.7400000000,right_hand,14,0.4903573394,0.5704348087,-0.0171070565,1.0000000000
114,10.8350000000,right_hand,14,0.5045732260,0.5827347040,-0.0321726426,1.0000000000
115,10.9300000000,right_hand,14,0.5053943992,0.5826033354,-0.0292207431,1.0000000000
116,11.0250000000,right_hand,14,0.5112909675,0.5745540261,-0.0338451192,1.0000000000
117,11.1200000000,right_hand,14,0.5008204579,0.5741676092,-0.0391004756,1.0000000000
118,11.2150000000,right_hand,14,0.4782879055,0.5694040060,-0.0384240076,1.0000000000
119,11.3110000000,right_hand,14,0.4654225409,0.5713155270,-0.0398133248,1.0000000000
120,11.4060000000,right_hand,14,0.4419533908,0.5576575398,-0.0357780755,1.0000000000
121,11.5010000000,right_hand,14,0.4588923454,0.5573486686,-0.0309701283,1.0000000000
122,11.5960000000,right_hand,14,0.4515986741,0.5581951737,-0.0266492814,1.0000000000
123,11.6910000000,right_hand,14,0.4535278082,0.5498809218,-0.0188173335,1.0000000000
124,11.7860000000,right_hand,14,0.4585504532,0.5667724013,-0.0234215036,1.0000000000
53,5.0370000000,right_hand,15,0.5771299601,0.4450298250,-0.0347570963,1.0000000000
54,5.1330000000,right_hand,15,0.5778484344,0.4338239133,-0.0290334336,1.0000000000
55,5.2280000000,right_hand,15,0.5816085339,0.4468964040,-0.0266818050,1.0000000000
56,5.3230000000,right_hand,15,0.5839991570,0.4744937718,-0.0209789183,1.0000000000
57,5.4180000000,right_hand,15,0.5748664141,0.4717718363,-0.0242618360,1.0000000000
58,5.5130000000,right_hand,15,0.5720517039,0.4549174011,-0.0240146071,1.0000000000
59,5.6080000000,right_hand,15,0.4663884640,0.5108483434,-0.0131322248,1.0000000000
60,5.7030000000,right_hand,15,0.4617429376,0.5103784204,-0.0225362070,1.0000000000
61,5.7980000000,right_hand,15,0.4639632702,0.5074816942,-0.0157608036,1.0000000000
62,5.8930000000,right_hand,15,0.4716186523,0.4818393290,-0.0086855600,1.0000000000
63,5.9880000000,right_hand,15,0.4771361351,0.4800198078,-0.0129223363,1.0000000000
64,6.0830000000,right_hand,15,0.4650476277,0.4827440381,-0.0206591450,1.0000000000
65,6.1780000000,right_hand,15,0.4648202658,0.4672835767,-0.0043595796,1.0000000000
66,6.2730000000,right_hand,15,0.4689741433,0.4876495004,-0.0263183508,1.0000000000
67,6.3680000000,right_hand,15,0.4677248299,0.5043643713,-0.0165045932,1.0000000000
68,6.4630000000,right_hand,15,0.4626631141,0.5158451796,-0.0362163112,1.0000000000
69,6.5580000000,right_hand,15,0.4565096200,0.5289584994,-0.0206112638,1.0000000000
70,6.6530000000,right_hand,15,0.3906112611,0.5127239823,-0.0007839429,1.0000000000
71,6.7480000000,right_hand,15,0.3586057127,0.5201257467,-0.0079352763,1.0000000000
72,6.8430000000,right_hand,15,0.3779640347,0.5421169698,-0.0125539787,1.0000000000
73,6.9380000000,right_hand,15,0.3973223567,0.5641081929,-0.0171726812,1.0000000000
74,7.0330000000,right_hand,15,0.3868680596,0.5772668719,-0.0332736112,1.0000000000
75,7.1280000000,right_hand,15,0.3878182173,0.5845241547,-0.0252070725,1.0000000000
76,7.2240000000,right_hand,15,0.3746983111,0.5992261171,-0.0608167388,1.0000000000
77,7.3190000000,right_hand,15,0.3752082586,0.6131457090,-0.0548410453,1.0000000000
78,7.4140000000,right_hand,15,0.3862519264,0.5982663631,-0.0442834049,1.0000000000
79,7.5090000000,right_hand,15,0.3972955942,0.5833870173,-0.0337257646,1.0000000000
80,7.6040000000,right_hand,15,0.4256625175,0.5693453550,-0.0195280872,1.0000000000
81,7.6990000000,right_hand,15,0.4487656951,0.5713967681,-0.0181782376,1.0000000000
82,7.7940000000,right_hand,15,0.4681165218,0.5550662279,-0.0249070972,1.0000000000
83,7.8890000000,right_hand,15,0.4885368943,0.5599691868,-0.0209406465,1.0000000000
84,7.9840000000,right_hand,15,0.4870066345,0.5571361979,-0.0222579905,1.0000000000
85,8.0790000000,right_hand,15,0.4854763746,0.5543032090,-0.0235753345,1.0000000000
86,8.1740000000,right_hand,15,0.4839461148,0.5514702201,-0.0248926785,1.0000000000
87,8.2690000000,right_hand,15,0.5351758599,0.4746036232,-0.0237337109,1.0000000000
88,8.3640000000,right_hand,15,0.4698036611,0.5366359949,-0.0310144257,1.0000000000
89,8.4590000000,right_hand,15,0.4660803676,0.5417918563,-0.0262793284,1.0000000000
90,8.5540000000,right_hand,15,0.4562820792,0.5256509781,-0.0236965828,1.0000000000
91,8.6490000000,right_hand,15,0.4876934687,0.5291794340,-0.0179877565,1.0000000000
92,8.7440000000,right_hand,15,0.5191048582,0.5327078899,-0.0122789303,1.0000000000
93,8.8390000000,right_hand,15,0.5505162477,0.5362363458,-0.0065701040,1.0000000000
94,8.9340000000,right_hand,15,0.5317861984,0.5290830036,-0.0046483692,1.0000000000
95,9.0290000000,right_hand,15,0.5130561491,0.5219296614,-0.0027266343,1.0000000000
96,9.1240000000,right_hand,15,0.5130561491,0.5219296614,-0.0027266343,1.0000000000
97,9.2200000000,right_hand,15,0.4755960504,0.5076229771,0.0011168354,1.0000000000
98,9.3150000000,right_hand,15,0.4568660011,0.5004696349,0.0030385702,1.0000000000
99,9.4100000000,right_hand,15,0.4381359518,0.4933162928,0.0049603051,1.0000000000
100,9.5050000000,right_hand,15,0.5767461658,0.4598200619,-0.0226322338,1.0000000000
101,9.6000000000,right_hand,15,0.5179075003,0.4857136458,-0.0225433176,1.0000000000
102,9.6950000000,right_hand,15,0.4590688348,0.5116072297,-0.0224544015,1.0000000000
103,9.7900000000,right_hand,15,0.5731587410,0.4014894962,-0.0243916065,1.0000000000
104,9.8850000000,right_hand,15,0.5759999752,0.3839558661,-0.0274295341,1.0000000000
105,9.9800000000,right_hand,15,0.4898553491,0.5332353711,-0.0277932882,1.0000000000
106,10.0750000000,right_hand,15,0.5020805597,0.4822058678,-0.0185043421,1.0000000000
107,10.1700000000,right_hand,15,0.5277746320,0.5015870333,-0.0282210670,1.0000000000
108,10.2650000000,right_hand,15,0.5211092234,0.5638790131,-0.0128804231,1.0000000000
109,10.3600000000,right_hand,15,0.5287965536,0.5631890893,-0.0165692531,1.0000000000
110,10.4550000000,right_hand,15,0.5211734772,0.5649519563,-0.0179417450,1.0000000000
111,10.5500000000,right_hand,15,0.5145773888,0.5672192574,-0.0151932882,1.0000000000
112,10.6450000000,right_hand,15,0.5054411292,0.5861693621,-0.0159728117,1.0000000000
113,10.7400000000,right_hand,15,0.5034511089,0.5705311298,-0.0163799804,1.0000000000
114,10.8350000000,right_hand,15,0.5220956206,0.5802032948,-0.0285426155,1.0000000000
115,10.9300000000,right_hand,15,0.5123868585,0.5766431093,-0.0238553695,1.0000000000
116,11.0250000000,right_hand,15,0.5148889422,0.5752136111,-0.0256726462,1.0000000000
117,11.1200000000,right_hand,15,0.5031296611,0.5717940331,-0.0302576404,1.0000000000
118,11.2150000000,right_hand,15,0.4893212020,0.5770596266,-0.0328583308,1.0000000000
119,11.3110000000,right_hand,15,0.4764309525,0.5759915113,-0.0351775959,1.0000000000
120,11.4060000000,right_hand,15,0.4578046501,0.5673451424,-0.0348822586,1.0000000000
121,11.5010000000,right_hand,15,0.4651194811,0.5614612699,-0.0271605141,1.0000000000
122,11.5960000000,right_hand,15,0.4602302015,0.5642868280,-0.0220968835,1.0000000000
123,11.6910000000,right_hand,15,0.4644793868,0.5582050085,-0.0157498904,1.0000000000
124,11.7860000000,right_hand,15,0.4693923593,0.5717654228,-0.0195199177,1.0000000000
53,5.0370000000,right_hand,16,0.5649072528,0.4603765607,-0.0358448662,1.0000000000
54,5.1330000000,right_hand,16,0.5649203658,0.4446029961,-0.0289672632,1.0000000000
55,5.2280000000,right_hand,16,0.5703279972,0.4563794732,-0.0270809084,1.0000000000
56,5.3230000000,right_hand,16,0.5750584006,0.4835685492,-0.0189269800,1.0000000000
57,5.4180000000,right_hand,16,0.5628135800,0.4755620658,-0.0231418349,1.0000000000
58,5.5130000000,right_hand,16,0.5706669092,0.4595668316,-0.0187659189,1.0000000000
59,5.6080000000,right_hand,16,0.4728386402,0.5009276271,-0.0120971706,1.0000000000
60,5.7030000000,right_hand,16,0.4725769162,0.4990866184,-0.0222279523,1.0000000000
61,5.7980000000,right_hand,16,0.4707718790,0.4947346449,-0.0149669573,1.0000000000
62,5.8930000000,right_hand,16,0.4795385599,0.4698407352,-0.0089943670,1.0000000000
63,5.9880000000,right_hand,16,0.4839334190,0.4633664489,-0.0129858665,1.0000000000
64,6.0830000000,right_hand,16,0.4719390869,0.4684884250,-0.0188012384,1.0000000000
65,6.1780000000,right_hand,16,0.4692634046,0.4584074914,-0.0035742768,1.0000000000
66,6.2730000000,right_hand,16,0.4729566872,0.4722001851,-0.0245482679,1.0000000000
67,6.3680000000,right_hand,16,0.4718220830,0.4884662926,-0.0149426041,1.0000000000
68,6.4630000000,right_hand,16,0.4655370712,0.4988227785,-0.0344102718,1.0000000000
69,6.5580000000,right_hand,16,0.4554347396,0.5142962337,-0.0189771093,1.0000000000
70,6.6530000000,right_hand,16,0.3918726146,0.5084194541,0.0003641238,1.0000000000
71,6.7480000000,right_hand,16,0.3521816134,0.5182604194,-0.0063827275,1.0000000000
72,6.8430000000,right_hand,16,0.3785998374,0.5432389677,-0.0116827448,1.0000000000
73,6.9380000000,right_hand,16,0.4050180614,0.5682175159,-0.0169827621,1.0000000000
74,7.0330000000,right_hand,16,0.3921160400,0.5885724425,-0.0319230556,1.0000000000
75,7.1280000000,right_hand,16,0.3920395672,0.6054854393,-0.0247974414,1.0000000000
76,7.2240000000,right_hand,16,0.3812579513,0.6272212863,-0.0609345026,1.0000000000
77,7.3190000000,right_hand,16,0.3831950128,0.6435642838,-0.0554550253,1.0000000000
78,7.4140000000,right_hand,16,0.3889585435,0.6166535616,-0.0430091694,1.0000000000
79,7.5090000000,right_hand,16,0.3947220743,0.5897428393,-0.0305633135,1.0000000000
80,7.6040000000,right_hand,16,0.4305755794,0.5832374096,-0.0194802489,1.0000000000
81,7.6990000000,right_hand,16,0.4560709894,0.5751093030,-0.0164286941,1.0000000000
82,7.7940000000,right_hand,16,0.4796252251,0.5607874393,-0.0249806345,1.0000000000
83,7.8890000000,right_hand,16,0.5007743835,0.5593891740,-0.0200503320,1.0000000000
84,7.9840000000,right_hand,16,0.4957246383,0.5529514551,-0.0199100251,1.0000000000
85,8.0790000000,right_hand,16,0.4906748931,0.5465137362,-0.0197697182,1.0000000000
86,8.1740000000,right_hand,16,0.4856251478,0.5400760174,-0.0196294114,1.0000000000
87,8.2690000000,right_hand,16,0.5290590525,0.4944817424,-0.0213549491,1.0000000000
88,8.3640000000,right_hand,16,0.4812422991,0.5426118970,-0.0294072237,1.0000000000
89,8.4590000000,right_hand,16,0.4743982553,0.5417473316,-0.0262035709,1.0000000000
90,8.5540000000,right_hand,16,0.4656839967,0.5272312164,-0.0272008926,1.0000000000
91,8.6490000000,right_hand,16,0.4940976103,0.5337202350,-0.0195587155,1.0000000000
92,8.7440000000,right_hand,16,0.5225112240,0.5402092536,-0.0119165384,1.0000000000
93,8.8390000000,right_hand,16,0.5509248376,0.5466982722,-0.0042743613,1.0000000000
94,8.9340000000,right_hand,16,0.5335013072,0.5356163631,-0.0024494185,1.0000000000
95,9.0290000000,right_hand,16,0.5160777767,0.5245344539,-0.0006244757,1.0000000000
96,9.1240000000,right_hand,16,0.5160777767,0.5245344539,-0.0006244757,1.0000000000
97,9.2200000000,right_hand,16,0.4812307159,0.5023706357,0.0030254099,1.0000000000
98,9.3150000000,right_hand,16,0.4638071855,0.4912887265,0.0048503527,1.0000000000
99,9.4100000000,right_hand,16,0.4463836551,0.4802068174,0.0066752955,1.0000000000
100,9.5050000000,right_hand,16,0.5673797131,0.4638025463,-0.0208630785,1.0000000000
101,9.6000000000,right_hand,16,0.5170711428,0.4822293669,-0.0206625629,1.0000000000
102,9.6950000000,right_hand,16,0.4667625725,0.5006561875,-0.0204620473,1.0000000000
103,9.7900000000,right_hand,16,0.5646215677,0.3988780677,-0.0195820779,1.0000000000
104,9.8850000000,right_hand,16,0.5641306043,0.3770002127,-0.0263408069,1.0000000000
105,9.9800000000,right_hand,16,0.5030363202,0.5210333467,-0.0247926079,1.0000000000
106,10.0750000000,right_hand,16,0.5145959258,0.4866401553,-0.0180733558,1.0000000000
107,10.1700000000,right_hand,16,0.5414093733,0.5092343688,-0.0258988198,1.0000000000
108,10.2650000000,right_hand,16,0.5251521468,0.5560721755,-0.0099675506,1.0000000000
109,10.3600000000,right_hand,16,0.5358365774,0.5560826063,-0.0133127086,1.0000000000
110,10.4550000000,right_hand,16,0.5247631669,0.5529693961,-0.0139785632,1.0000000000
111,10.5500000000,right_hand,16,0.5178524852,0.5553097725,-0.0119889518,1.0000000000
112,10.6450000000,right_hand,16,0.5155596137,0.5805553198,-0.0159696322,1.0000000000
113,10.7400000000,right_hand,16,0.5113773346,0.5668485165,-0.0148095898,1.0000000000
114,10.8350000000,right_hand,16,0.5316326022,0.5737151504,-0.0243765730,1.0000000000
115,10.9300000000,right_hand,16,0.5120439529,0.5696820021,-0.0189665519,1.0000000000
116,11.0250000000,right_hand,16,0.5122665763,0.5693629384,-0.0195072908,1.0000000000
117,11.1200000000,right_hand,16,0.4987308681,0.5636014938,-0.0248601753,1.0000000000
118,11.2150000000,right_hand,16,0.4940039515,0.5753374100,-0.0298612658,1.0000000000
119,11.3110000000,right_hand,16,0.4813317955,0.5732378960,-0.0322694890,1.0000000000
120,11.4060000000,right_hand,16,0.4691677988,0.5711742640,-0.0339994095,1.0000000000
121,11.5010000000,right_hand,16,0.4650265872,0.5564332604,-0.0238714665,1.0000000000
122,11.5960000000,right_hand,16,0.4634764791,0.5631862879,-0.0188228413,1.0000000000
123,11.6910000000,right_hand,16,0.4714917243,0.5607495308,-0.0136640165,1.0000000000
124,11.7860000000,right_hand,16,0.4756464958,0.5714621544,-0.0168470871,1.0000000000
53,5.0370000000,right_hand,17,0.6189721823,0.4178781211,-0.0189953297,1.0000000000
54,5.1330000000,right_hand,17,0.6211482882,0.4212610126,-0.0178211909,1.0000000000
55,5.2280000000,right_hand,17,0.6212291718,0.4281826615,-0.0156334918,1.0000000000
56,5.3230000000,right_hand,17,0.6241975427,0.4425139427,-0.0147364680,1.0000000000
57,5.4180000000,right_hand,17,0.6203947067,0.4506953359,-0.0174010377,1.0000000000
58,5.5130000000,right_hand,17,0.6194854975,0.4277344942,-0.0224039964,1.0000000000
59,5.6080000000,right_hand,17,0.4203131795,0.5372986794,-0.0107106576,1.0000000000
60,5.7030000000,right_hand,17,0.4138673246,0.5348699689,-0.0156616457,1.0000000000
61,5.7980000000,right_hand,17,0.4196237028,0.5354669094,-0.0108791534,1.0000000000
62,5.8930000000,right_hand,17,0.4355596900,0.5076997280,-0.0045738160,1.0000000000
63,5.9880000000,right_hand,17,0.4445373714,0.5282538533,-0.0053934935,1.0000000000
64,6.0830000000,right_hand,17,0.4256834388,0.5263721347,-0.0164780188,1.0000000000
65,6.1780000000,right_hand,17,0.4327313304,0.4893185794,-0.0028818762,1.0000000000
66,6.2730000000,right_hand,17,0.4343205392,0.5369870663,-0.0181329995,1.0000000000
67,6.3680000000,right_hand,17,0.4336924851,0.5389208794,-0.0093558934,1.0000000000
68,6.4630000000,right_hand,17,0.4284637868,0.5647040009,-0.0248232558,1.0000000000
69,6.5580000000,right_hand,17,0.4276849627,0.5770170689,-0.0124714095,1.0000000000
70,6.6530000000,right_hand,17,0.3628766537,0.5259275436,-0.0056747585,1.0000000000
71,6.7480000000,right_hand,17,0.3470354676,0.5066228509,-0.0136787118,1.0000000000
72,6.8430000000,right_hand,17,0.3524869829,0.5162967741,-0.0134374872,1.0000000000
73,6.9380000000,right_hand,17,0.3579384983,0.5259706974,-0.0131962625,1.0000000000
74,7.0330000000,right_hand,17,0.3524492979,0.5229244232,-0.0313905329,1.0000000000
75,7.1280000000,right_hand,17,0.3642424643,0.5126279593,-0.0216166377,1.0000000000
76,7.2240000000,right_hand,17,0.3493715227,0.5119965672,-0.0486070216,1.0000000000
77,7.3190000000,right_hand,17,0.3506793082,0.5150598288,-0.0434802137,1.0000000000
78,7.4140000000,right_hand,17,0.3610729426,0.5143325031,-0.0381214842,1.0000000000
79,7.5090000000,right_hand,17,0.3714665771,0.5136051774,-0.0327627547,1.0000000000
80,7.6040000000,right_hand,17,0.3898926973,0.5280466676,-0.0153726954,1.0000000000
81,7.6990000000,right_hand,17,0.4034557045,0.5476682186,-0.0190170687,1.0000000000
82,7.7940000000,right_hand,17,0.4168910384,0.5441371799,-0.0223783050,1.0000000000
83,7.8890000000,right_hand,17,0.4330309033,0.5342036486,-0.0189859439,1.0000000000
84,7.9840000000,right_hand,17,0.4327363173,0.5412212412,-0.0213612306,1.0000000000
85,8.0790000000,right_hand,17,0.4324417313,0.5482388337,-0.0237365173,1.0000000000
86,8.1740000000,right_hand,17,0.4321471453,0.5552564263,-0.0261118039,1.0000000000
87,8.2690000000,right_hand,17,0.5843356252,0.4047954679,-0.0183068253,1.0000000000
88,8.3640000000,right_hand,17,0.4175476730,0.5353522301,-0.0290962122,1.0000000000
89,8.4590000000,right_hand,17,0.4198864400,0.5344470739,-0.0229046997,1.0000000000
90,8.5540000000,right_hand,17,0.4139125347,0.5064651370,-0.0150607517,1.0000000000
91,8.6490000000,right_hand,17,0.4703365763,0.4960628549,-0.0109861942,1.0000000000
92,8.7440000000,right_hand,17,0.5267606179,0.4856605728,-0.0069116366,1.0000000000
93,8.8390000000,right_hand,17,0.5831846595,0.4752582908,-0.0028370791,1.0000000000
94,8.9340000000,right_hand,17,0.5527606656,0.4827733239,-0.0019149155,1.0000000000
95,9.0290000000,right_hand,17,0.5223366717,0.4902883569,-0.0009927519,1.0000000000
96,9.1240000000,right_hand,17,0.5223366717,0.4902883569,-0.0009927519,1.0000000000
97,9.2200000000,right_hand,17,0.4614886840,0.5053184231,0.0008515753,1.0000000000
98,9.3150000000,right_hand,17,0.4310646902,0.5128334562,0.0017737389,1.0000000000
99,9.4100000000,right_hand,17,0.4006406963,0.5203484893,0.0026959025,1.0000000000
100,9.5050000000,right_hand,17,0.6187757850,0.4362461865,-0.0196809117,1.0000000000
101,9.6000000000,right_hand,17,0.5113355666,0.4728879482,-0.0185827920,1.0000000000
102,9.6950000000,right_hand,17,0.4038953483,0.5095297098,-0.0174846724,1.0000000000
103,9.7900000000,right_hand,17,0.6297448277,0.3919703662,-0.0228226651,1.0000000000
104,9.8850000000,right_hand,17,0.6326990724,0.3920079470,-0.0239789318,1.0000000000
105,9.9800000000,right_hand,17,0.4237155914,0.5328451395,-0.0243269112,1.0000000000
106,10.0750000000,right_hand,17,0.4485980272,0.4606765807,-0.0102540534,1.0000000000
107,10.1700000000,right_hand,17,0.4669336081,0.4588483274,-0.0189966410,1.0000000000
108,10.2650000000,right_hand,17,0.4671095908,0.5855873823,-0.0155025832,1.0000000000
109,10.3600000000,right_hand,17,0.4705745578,0.5889671445,-0.0171651207,1.0000000000
110,10.4550000000,right_hand,17,0.4694084227,0.5904288292,-0.0186566655,1.0000000000
111,10.5500000000,right_hand,17,0.4685303867,0.5895097256,-0.0127652315,1.0000000000
112,10.6450000000,right_hand,17,0.4628313482,0.5914759040,-0.0097390395,1.0000000000
113,10.7400000000,right_hand,17,0.4616751075,0.5733414292,-0.0124450624,1.0000000000
114,10.8350000000,right_hand,17,0.4651218951,0.5864642262,-0.0202580951,1.0000000000
115,10.9300000000,right_hand,17,0.4673338532,0.5914680958,-0.0247183703,1.0000000000
116,11.0250000000,right_hand,17,0.4667998552,0.5863268971,-0.0312252790,1.0000000000
117,11.1200000000,right_hand,17,0.4568245411,0.5862237215,-0.0352451578,1.0000000000
118,11.2150000000,right_hand,17,0.4387016296,0.5830110908,-0.0339652449,1.0000000000
119,11.3110000000,right_hand,17,0.4295347929,0.5835086703,-0.0341168046,1.0000000000
120,11.4060000000,right_hand,17,0.4154253900,0.5697179437,-0.0292738602,1.0000000000
121,11.5010000000,right_hand,17,0.4196815491,0.5600653887,-0.0269460231,1.0000000000
122,11.5960000000,right_hand,17,0.4164254367,0.5641905665,-0.0246325973,1.0000000000
123,11.6910000000,right_hand,17,0.4224278331,0.5562053919,-0.0176316462,1.0000000000
124,11.7860000000,right_hand,17,0.4242094755,0.5736772418,-0.0214569811,1.0000000000
53,5.0370000000,right_hand,18,0.5974630117,0.4125531316,-0.0279765725,1.0000000000
54,5.1330000000,right_hand,18,0.6002025008,0.4047033489,-0.0248661116,1.0000000000
55,5.2280000000,right_hand,18,0.6014314890,0.4217057824,-0.0219263434,1.0000000000
56,5.3230000000,right_hand,18,0.6027864218,0.4546975195,-0.0175445843,1.0000000000
57,5.4180000000,right_hand,18,0.5970312357,0.4538866878,-0.0224410798,1.0000000000
58,5.5130000000,right_hand,18,0.5890562534,0.4302419722,-0.0269771218,1.0000000000
59,5.6080000000,right_hand,18,0.4426942766,0.5374832153,-0.0120193381,1.0000000000
60,5.7030000000,right_hand,18,0.4379386604,0.5338678360,-0.0192141347,1.0000000000
61,5.7980000000,right_hand,18,0.4422647059,0.5353810787,-0.0141837224,1.0000000000
62,5.8930000000,right_hand,18,0.4510003626,0.4940812290,-0.0072352109,1.0000000000
63,5.9880000000,right_hand,18,0.4629126489,0.5115666389,-0.0105144624,1.0000000000
64,6.0830000000,right_hand,18,0.4497364759,0.5162130594,-0.0189112462,1.0000000000
65,6.1780000000,right_hand,18,0.4473898709,0.4737952948,-0.0038706660,1.0000000000
66,6.2730000000,right_hand,18,0.4561162889,0.5239448547,-0.0234808493,1.0000000000
67,6.3680000000,right_hand,18,0.4542255104,0.5319167972,-0.0131044770,1.0000000000
68,6.4630000000,right_hand,18,0.4515730739,0.5518892407,-0.0321933776,1.0000000000
69,6.5580000000,right_hand,18,0.4490067959,0.5664492249,-0.0179390348,1.0000000000
70,6.6530000000,right_hand,18,0.3792863786,0.4983603656,-0.0066842944,1.0000000000
71,6.7480000000,right_hand,18,0.3563492298,0.5286130905,-0.0117267640,1.0000000000
72,6.8430000000,right_hand,18,0.3660751730,0.5439624786,-0.0132719255,1.0000000000
73,6.9380000000,right_hand,18,0.3758011162,0.5593118668,-0.0148170870,1.0000000000
74,7.0330000000,right_hand,18,0.3653294742,0.5586432815,-0.0350332335,1.0000000000
75,7.1280000000,right_hand,18,0.3692641854,0.5564345121,-0.0255420785,1.0000000000
76,7.2240000000,right_hand,18,0.3502556980,0.5556970835,-0.0584788546,1.0000000000
77,7.3190000000,right_hand,18,0.3516198099,0.5564140081,-0.0522984453,1.0000000000
78,7.4140000000,right_hand,18,0.3663750738,0.5578686595,-0.0445163939,1.0000000000
79,7.5090000000,right_hand,18,0.3811303377,0.5593233109,-0.0367343426,1.0000000000
80,7.6040000000,right_hand,18,0.4014601707,0.5599575043,-0.0176949985,1.0000000000
81,7.6990000000,right_hand,18,0.4240005016,0.5710207224,-0.0201820917,1.0000000000
82,7.7940000000,right_hand,18,0.4376880527,0.5625492930,-0.0251620132,1.0000000000
83,7.8890000000,right_hand,18,0.4567809999,0.5576667190,-0.0218606330,1.0000000000
84,7.9840000000,right_hand,18,0.4588471254,0.5626727740,-0.0240905900,1.0000000000
85,8.0790000000,right_hand,18,0.4609132508,0.5676788290,-0.0263205469,1.0000000000
86,8.1740000000,right_hand,18,0.4629793763,0.5726848841,-0.0285505038,1.0000000000
87,8.2690000000,right_hand,18,0.5502547622,0.4263730049,-0.0231566541,1.0000000000
88,8.3640000000,right_hand,18,0.4426466227,0.5498202443,-0.0329155177,1.0000000000
89,8.4590000000,right_hand,18,0.4387171865,0.5498489738,-0.0270758793,1.0000000000
90,8.5540000000,right_hand,18,0.4232203066,0.5164163113,-0.0218395572,1.0000000000
91,8.6490000000,right_hand,18,0.4700883627,0.5117498438,-0.0160139079,1.0000000000
92,8.7440000000,right_hand,18,0.5169564188,0.5070833762,-0.0101882586,1.0000000000
93,8.8390000000,right_hand,18,0.5638244748,0.5024169087,-0.0043626092,1.0000000000
94,8.9340000000,right_hand,18,0.5395702024,0.5036557714,-0.0031444101,1.0000000000
95,9.0290000000,right_hand,18,0.5153159300,0.5048946341,-0.0019262110,1.0000000000
96,9.1240000000,right_hand,18,0.5153159300,0.5048946341,-0.0019262110,1.0000000000
97,9.2200000000,right_hand,18,0.4668073853,0.5073723594,0.0005101872,1.0000000000
98,9.3150000000,right_hand,18,0.4425531129,0.5086112221,0.0017283863,1.0000000000
99,9.4100000000,right_hand,18,0.4182988405,0.5098500848,0.0029465854,1.0000000000
100,9.5050000000,right_hand,18,0.6000883579,0.4392335713,-0.0245636497,1.0000000000
101,9.6000000000,right_hand,18,0.5161993057,0.4797051102,-0.0223600650,1.0000000000
102,9.6950000000,right_hand,18,0.4323102534,0.5201766491,-0.0201564804,1.0000000000
103,9.7900000000,right_hand,18,0.5989967585,0.3852266669,-0.0255664084,1.0000000000
104,9.8850000000,right_hand,18,0.6081044674,0.3792425096,-0.0275371168,1.0000000000
105,9.9800000000,right_hand,18,0.4576005638,0.5463278294,-0.0282231327,1.0000000000
106,10.0750000000,right_hand,18,0.4742595255,0.4572050273,-0.0120436745,1.0000000000
107,10.1700000000,right_hand,18,0.4969815016,0.4620886445,-0.0212079603,1.0000000000
108,10.2650000000,right_hand,18,0.4948748350,0.5900850892,-0.0148582151,1.0000000000
109,10.3600000000,right_hand,18,0.5000901222,0.5911712050,-0.0184949413,1.0000000000
110,10.4550000000,right_hand,18,0.4989156127,0.5919367671,-0.0195407048,1.0000000000
111,10.5500000000,right_hand,18,0.4948556721,0.5906990170,-0.0147367073,1.0000000000
112,10.6450000000,right_hand,18,0.4862842262,0.6023902893,-0.0121443635,1.0000000000
113,10.7400000000,right_hand,18,0.4825451076,0.5792279840,-0.0140041895,1.0000000000
114,10.8350000000,right_hand,18,0.4953906536,0.5979494452,-0.0242324825,1.0000000000
115,10.9300000000,right_hand,18,0.4950141907,0.5988330245,-0.0271316841,1.0000000000
116,11.0250000000,right_hand,18,0.4975120425,0.5958285332,-0.0327018388,1.0000000000
117,11.1200000000,right_hand,18,0.4873420298,0.5989522338,-0.0367421173,1.0000000000
118,11.2150000000,right_hand,18,0.4639579654,0.5975863934,-0.0378121734,1.0000000000
119,11.3110000000,right_hand,18,0.4531629980,0.6007708907,-0.0383045301,1.0000000000
120,11.4060000000,right_hand,18,0.4341988266,0.5866038203,-0.0360163487,1.0000000000
121,11.5010000000,right_hand,18,0.4483316243,0.5780974627,-0.0309066046,1.0000000000
122,11.5960000000,right_hand,18,0.4401072562,0.5839538574,-0.0277449973,1.0000000000
123,11.6910000000,right_hand,18,0.4437431991,0.5702880025,-0.0194059387,1.0000000000
124,11.7860000000,right_hand,18,0.4469198287,0.5898756981,-0.0237085670,1.0000000000
53,5.0370000000,right_hand,19,0.5829868317,0.4179090858,-0.0307921469,1.0000000000
54,5.1330000000,right_hand,19,0.5856942534,0.4059776664,-0.0262651462,1.0000000000
55,5.2280000000,right_hand,19,0.5882314444,0.4266926050,-0.0231684595,1.0000000000
56,5.3230000000,right_hand,19,0.5915794373,0.4670993984,-0.0159518104,1.0000000000
57,5.4180000000,right_hand,19,0.5825874209,0.4577959776,-0.0222918727,1.0000000000
58,5.5130000000,right_hand,19,0.5813170671,0.4366978407,-0.0231379978,1.0000000000
59,5.6080000000,right_hand,19,0.4550167918,0.5286779404,-0.0109080840,1.0000000000
60,5.7030000000,right_hand,19,0.4521988332,0.5260182619,-0.0194643456,1.0000000000
61,5.7980000000,right_hand,19,0.4535864294,0.5261625648,-0.0138081796,1.0000000000
62,5.8930000000,right_hand,19,0.4590968490,0.4823381901,-0.0071078110,1.0000000000
63,5.9880000000,right_hand,19,0.4722481966,0.4972076118,-0.0115256896,1.0000000000
64,6.0830000000,right_hand,19,0.4612527192,0.5034390092,-0.0176986288,1.0000000000
65,6.1780000000,right_hand,19,0.4527270794,0.4639426470,-0.0023072148,1.0000000000
66,6.2730000000,right_hand,19,0.4655094743,0.5101453662,-0.0231269598,1.0000000000
67,6.3680000000,right_hand,19,0.4638303518,0.5182707310,-0.0129417153,1.0000000000
68,6.4630000000,right_hand,19,0.4609349966,0.5360406637,-0.0324074253,1.0000000000
69,6.5580000000,right_hand,19,0.4553416967,0.5501182675,-0.0180828255,1.0000000000
70,6.6530000000,right_hand,19,0.3867830038,0.4808542728,-0.0058503398,1.0000000000
71,6.7480000000,right_hand,19,0.3526554406,0.5349493027,-0.0078672310,1.0000000000
72,6.8430000000,right_hand,19,0.3691435158,0.5539934635,-0.0109780435,1.0000000000
73,6.9380000000,right_hand,19,0.3856315911,0.5730376244,-0.0140888561,1.0000000000
74,7.0330000000,right_hand,19,0.3733092248,0.5774586201,-0.0333737396,1.0000000000
75,7.1280000000,right_hand,19,0.3738147616,0.5810163021,-0.0249473304,1.0000000000
76,7.2240000000,right_hand,19,0.3559466004,0.5816221237,-0.0586148836,1.0000000000
77,7.3190000000,right_hand,19,0.3572239280,0.5832529068,-0.0519259200,1.0000000000
78,7.4140000000,right_hand,19,0.3697004467,0.5804366767,-0.0426364187,1.0000000000
79,7.5090000000,right_hand,19,0.3821769655,0.5776204467,-0.0333469175,1.0000000000
80,7.6040000000,right_hand,19,0.4066061080,0.5767031312,-0.0169958882,1.0000000000
81,7.6990000000,right_hand,19,0.4336746931,0.5790173411,-0.0170650780,1.0000000000
82,7.7940000000,right_hand,19,0.4505211711,0.5702087283,-0.0242500622,1.0000000000
83,7.8890000000,right_hand,19,0.4704703093,0.5650681257,-0.0210346635,1.0000000000
84,7.9840000000,right_hand,19,0.4707317452,0.5659740369,-0.0220320827,1.0000000000
85,8.0790000000,right_hand,19,0.4709931811,0.5668799480,-0.0230295019,1.0000000000
86,8.1740000000,right_hand,19,0.4712546170,0.5677858591,-0.0240269210,1.0000000000
87,8.2690000000,right_hand,19,0.5386316180,0.4484727979,-0.0217909068,1.0000000000
88,8.3640000000,right_hand,19,0.4564005733,0.5592899919,-0.0309438892,1.0000000000
89,8.4590000000,right_hand,19,0.4492447972,0.5565217733,-0.0260242671,1.0000000000
90,8.5540000000,right_hand,19,0.4296974540,0.5174356699,-0.0255817901,1.0000000000
91,8.6490000000,right_hand,19,0.4738386671,0.5180354317,-0.0178396221,1.0000000000
92,8.7440000000,right_hand,19,0.5179798802,0.5186351935,-0.0100974541,1.0000000000
93,8.8390000000,right_hand,19,0.5621210933,0.5192349553,-0.0023552862,1.0000000000
94,8.9340000000,right_hand,19,0.5399609605,0.5162463586,-0.0013014349,1.0000000000
95,9.0290000000,right_hand,19,0.5178008278,0.5132577618,-0.0002475836,1.0000000000
96,9.1240000000,right_hand,19,0.5178008278,0.5132577618,-0.0002475836,1.0000000000
97,9.2200000000,right_hand,19,0.4734805624,0.5072805683,0.0018601190,1.0000000000
98,9.3150000000,right_hand,19,0.4513204296,0.5042919715,0.0029139703,1.0000000000
99,9.4100000000,right_hand,19,0.4291602969,0.5013033748,0.0039678216,1.0000000000
100,9.5050000000,right_hand,19,0.5884263515,0.4448279738,-0.0239162855,1.0000000000
101,9.6000000000,right_hand,19,0.5178354234,0.4797230065,-0.0217365175,1.0000000000
102,9.6950000000,right_hand,19,0.4472444952,0.5146180391,-0.0195567496,1.0000000000
103,9.7900000000,right_hand,19,0.5855425000,0.3845363855,-0.0210835449,1.0000000000
104,9.8850000000,right_hand,19,0.5934570432,0.3733469546,-0.0262656156,1.0000000000
105,9.9800000000,right_hand,19,0.4754676521,0.5396890640,-0.0259237215,1.0000000000
106,10.0750000000,right_hand,19,0.4870201647,0.4586435258,-0.0104924832,1.0000000000
107,10.1700000000,right_hand,19,0.5105292797,0.4717161655,-0.0177908279,1.0000000000
108,10.2650000000,right_hand,19,0.5062022209,0.5818519592,-0.0109046400,1.0000000000
109,10.3600000000,right_hand,19,0.5130583644,0.5847225785,-0.0149248997,1.0000000000
110,10.4550000000,right_hand,19,0.5095588565,0.5815176368,-0.0159787405,1.0000000000
111,10.5500000000,right_hand,19,0.5040707588,0.5791418552,-0.0114717893,1.0000000000
112,10.6450000000,right_hand,19,0.4996357262,0.5975518227,-0.0122057879,1.0000000000
113,10.7400000000,right_hand,19,0.4930881858,0.5764318109,-0.0117613291,1.0000000000
114,10.8350000000,right_hand,19,0.5096102357,0.5928106904,-0.0216467641,1.0000000000
115,10.9300000000,right_hand,19,0.5015124679,0.5927240252,-0.0225572083,1.0000000000
116,11.0250000000,right_hand,19,0.5028308630,0.5946925282,-0.0261547696,1.0000000000
117,11.1200000000,right_hand,19,0.4895337224,0.5943563581,-0.0309323333,1.0000000000
118,11.2150000000,right_hand,19,0.4740254581,0.6027179360,-0.0350996777,1.0000000000
119,11.3110000000,right_hand,19,0.4636120200,0.6028981805,-0.0355172455,1.0000000000
120,11.4060000000,right_hand,19,0.4481770396,0.5938555002,-0.0361580998,1.0000000000
121,11.5010000000,right_hand,19,0.4570806026,0.5811350942,-0.0280347373,1.0000000000
122,11.5960000000,right_hand,19,0.4496506155,0.5895872712,-0.0245854594,1.0000000000
123,11.6910000000,right_hand,19,0.4546512365,0.5776177049,-0.0170712490,1.0000000000
124,11.7860000000,right_hand,19,0.4572740495,0.5952509642,-0.0205382798,1.0000000000
53,5.0370000000,right_hand,20,0.5719051361,0.4285156429,-0.0320312455,1.0000000000
54,5.1330000000,right_hand,20,0.5739829540,0.4135990441,-0.0261198021,1.0000000000
55,5.2280000000,right_hand,20,0.5783580542,0.4355045557,-0.0230907835,1.0000000000
56,5.3230000000,right_hand,20,0.5849216580,0.4767939448,-0.0138182035,1.0000000000
57,5.4180000000,right_hand,20,0.5713369846,0.4605314136,-0.0209535044,1.0000000000
58,5.5130000000,right_hand,20,0.5815884471,0.4398627281,-0.0188628715,1.0000000000
59,5.6080000000,right_hand,20,0.4621245265,0.5169169903,-0.0095620491,1.0000000000
60,5.7030000000,right_hand,20,0.4615851641,0.5151529312,-0.0190261528,1.0000000000
61,5.7980000000,right_hand,20,0.4595000446,0.5155136585,-0.0126877287,1.0000000000
62,5.8930000000,right_hand,20,0.4644693732,0.4733117521,-0.0062609944,1.0000000000
63,5.9880000000,right_hand,20,0.4781543016,0.4839821458,-0.0112242745,1.0000000000
64,6.0830000000,right_hand,20,0.4679384828,0.4915254414,-0.0157772042,1.0000000000
65,6.1780000000,right_hand,20,0.4556082189,0.4583689570,-0.0005153881,1.0000000000
66,6.2730000000,right_hand,20,0.4699042439,0.4971143007,-0.0218545664,1.0000000000
67,6.3680000000,right_hand,20,0.4686502814,0.5048872828,-0.0118868947,1.0000000000
68,6.4630000000,right_hand,20,0.4640884101,0.5212622285,-0.0314552002,1.0000000000
69,6.5580000000,right_hand,20,0.4559029043,0.5370260477,-0.0170845818,1.0000000000
70,6.6530000000,right_hand,20,0.3916933239,0.4671605825,-0.0042159157,1.0000000000
71,6.7480000000,right_hand,20,0.3471248448,0.5336474180,-0.0049775108,1.0000000000
72,6.8430000000,right_hand,20,0.3698750585,0.5561843812,-0.0093851232,1.0000000000
73,6.9380000000,right_hand,20,0.3926252723,0.5787213445,-0.0137927355,1.0000000000
74,7.0330000000,right_hand,20,0.3785343766,0.5902170539,-0.0323412642,1.0000000000
75,7.1280000000,right_hand,20,0.3778271079,0.5997953415,-0.0241143424,1.0000000000
76,7.2240000000,right_hand,20,0.3619818985,0.6033371687,-0.0585209765,1.0000000000
77,7.3190000000,right_hand,20,0.3634535968,0.6025027633,-0.0518869944,1.0000000000
78,7.4140000000,right_hand,20,0.3726171255,0.5938354433,-0.0410191398,1.0000000000
79,7.5090000000,right_hand,20,0.3817806542,0.5851681232,-0.0301512852,1.0000000000
80,7.6040000000,right_hand,20,0.4103043377,0.5881299376,-0.0157692507,1.0000000000
81,7.6990000000,right_hand,20,0.4398924410,0.5820670128,-0.0142014679,1.0000000000
82,7.7940000000,right_hand,20,0.4597989321,0.5735101104,-0.0231112856,1.0000000000
83,7.8890000000,right_hand,20,0.4799228013,0.5643684864,-0.0198928080,1.0000000000
84,7.9840000000,right_hand,20,0.4778547386,0.5625463525,-0.0198236772,1.0000000000
85,8.0790000000,right_hand,20,0.4757866760,0.5607242187,-0.0197545464,1.0000000000
86,8.1740000000,right_hand,20,0.4737186134,0.5589020848,-0.0196854156,1.0000000000
87,8.2690000000,right_hand,20,0.5329382420,0.4682431519,-0.0198534783,1.0000000000
88,8.3640000000,right_hand,20,0.4662461877,0.5647604465,-0.0290098395,1.0000000000
89,8.4590000000,right_hand,20,0.4564282894,0.5586012006,-0.0250315815,1.0000000000
90,8.5540000000,right_hand,20,0.4338900745,0.5142213106,-0.0279533062,1.0000000000
91,8.6490000000,right_hand,20,0.4775492748,0.5183048447,-0.0184878934,1.0000000000
92,8.7440000000,right_hand,20,0.5212084750,0.5223883788,-0.0090224806,1.0000000000
93,8.8390000000,right_hand,20,0.5648676753,0.5264719129,0.0004429322,1.0000000000
94,8.9340000000,right_hand,20,0.5435810486,0.5208215962,0.0013253143,1.0000000000
95,9.0290000000,right_hand,20,0.5222944220,0.5151712795,0.0022076963,1.0000000000
96,9.1240000000,right_hand,20,0.5222944220,0.5151712795,0.0022076963,1.0000000000
97,9.2200000000,right_hand,20,0.4797211687,0.5038706462,0.0039724605,1.0000000000
98,9.3150000000,right_hand,20,0.4584345420,0.4982203295,0.0048548425,1.0000000000
99,9.4100000000,right_hand,20,0.4371479154,0.4925700128,0.0057372246,1.0000000000
100,9.5050000000,right_hand,20,0.5804595947,0.4491904378,-0.0221706405,1.0000000000
101,9.6000000000,right_hand,20,0.5177081227,0.4763321877,-0.0200771205,1.0000000000
102,9.6950000000,right_hand,20,0.4549566507,0.5034739375,-0.0179836005,1.0000000000
103,9.7900000000,right_hand,20,0.5772362351,0.3835562766,-0.0163526200,1.0000000000
104,9.8850000000,right_hand,20,0.5823316574,0.3688993454,-0.0246036984,1.0000000000
105,9.9800000000,right_hand,20,0.4878898263,0.5278951526,-0.0229809787,1.0000000000
106,10.0750000000,right_hand,20,0.4957518280,0.4603575468,-0.0083391862,1.0000000000
107,10.1700000000,right_hand,20,0.5184864402,0.4812850952,-0.0136556122,1.0000000000
108,10.2650000000,right_hand,20,0.5110977292,0.5731785893,-0.0073060216,1.0000000000
109,10.3600000000,right_hand,20,0.5199244022,0.5769471526,-0.0111739747,1.0000000000
110,10.4550000000,right_hand,20,0.5136579871,0.5712120533,-0.0123884957,1.0000000000
111,10.5500000000,right_hand,20,0.5068114400,0.5685926676,-0.0081686601,1.0000000000
112,10.6450000000,right_hand,20,0.5081942081,0.5881993771,-0.0117269708,1.0000000000
113,10.7400000000,right_hand,20,0.4994236529,0.5719643831,-0.0090861423,1.0000000000
114,10.8350000000,right_hand,20,0.5170760155,0.5829499364,-0.0187146440,1.0000000000
115,10.9300000000,right_hand,20,0.5014040470,0.5870159864,-0.0180035997,1.0000000000
116,11.0250000000,right_hand,20,0.5022589564,0.5894979835,-0.0205789674,1.0000000000
117,11.1200000000,right_hand,20,0.4857627451,0.5868950486,-0.0267232191,1.0000000000
118,11.2150000000,right_hand,20,0.4796778858,0.6002569199,-0.0330388397,1.0000000000
119,11.3110000000,right_hand,20,0.4689992666,0.5996637344,-0.0332646705,1.0000000000
120,11.4060000000,right_hand,20,0.4595559537,0.5982353091,-0.0356471762,1.0000000000
121,11.5010000000,right_hand,20,0.4598903060,0.5773863792,-0.0250488278,1.0000000000
122,11.5960000000,right_hand,20,0.4551658630,0.5886504650,-0.0216072053,1.0000000000
123,11.6910000000,right_hand,20,0.4625205696,0.5809870362,-0.0148675488,1.0000000000
124,11.7860000000,right_hand,20,0.4646396041,0.5965667367,-0.0176300518,1.0000000000
