frame_id,timestamp_sec,landmark_type,landmark_id,x,y,z,visibility
60,5.0480000000,left_hand,0,0.6568129659,0.6054320931,0.0000001810,1.0000000000
61,5.1320000000,left_hand,0,0.6556195021,0.6059126258,0.0000001289,1.0000000000
62,5.2160000000,left_hand,0,0.6562214494,0.6141291261,0.0000000483,1.0000000000
63,5.3000000000,left_hand,0,0.6255398393,0.5944393277,0.0000001689,1.0000000000
64,5.3840000000,left_hand,0,0.6393978596,0.5918985605,-0.0000001462,1.0000000000
65,5.4680000000,left_hand,0,0.6339169145,0.5737144947,-0.0000001033,1.0000000000
66,5.5520000000,left_hand,0,0.6479633152,0.5809717476,-0.0000001377,1.0000000000
67,5.6360000000,left_hand,0,0.6620097160,0.5882290006,-0.0000001720,1.0000000000
68,5.7210000000,left_hand,0,0.6670994759,0.5962834954,0.0000000698,1.0000000000
69,5.8050000000,left_hand,0,0.6582245231,0.6048647761,0.0000001846,1.0000000000
70,5.8890000000,left_hand,0,0.6568872929,0.6050770879,0.0000000026,1.0000000000
71,5.9730000000,left_hand,0,0.6666560769,0.6182693243,0.0000000311,1.0000000000
72,6.0570000000,left_hand,0,0.6702446342,0.6385056973,0.0000002831,1.0000000000
73,6.1410000000,left_hand,0,0.6742419004,0.6345512867,0.0000002557,1.0000000000
74,6.2250000000,left_hand,0,0.6720126271,0.6435408592,0.0000003705,1.0000000000
75,6.3090000000,left_hand,0,0.6699668765,0.6483851075,0.0000003651,1.0000000000
76,6.3940000000,left_hand,0,0.3833367229,0.6102684736,0.0000000274,1.0000000000
77,6.4780000000,left_hand,0,0.6716198921,0.6437978745,0.0000002936,1.0000000000
78,6.5620000000,left_hand,0,0.6718953848,0.6436992288,0.0000003473,1.0000000000
79,6.6460000000,left_hand,0,0.6697744727,0.6533146501,0.0000003263,1.0000000000
80,6.7300000000,left_hand,0,0.3702586591,0.6272058487,-0.0000000078,1.0000000000
81,6.8140000000,left_hand,0,0.6629106998,0.6529735923,0.0000004567,1.0000000000
82,6.8980000000,left_hand,0,0.6657815576,0.6432973742,0.0000003334,1.0000000000
83,6.9820000000,left_hand,0,0.6650518179,0.6456397176,0.0000003162,1.0000000000
84,7.0670000000,left_hand,0,0.6655266881,0.6562865376,0.0000002966,1.0000000000
85,7.1510000000,left_hand,0,0.6733685732,0.6445584893,0.0000002385,1.0000000000
86,7.2350000000,left_hand,0,0.6764760017,0.6435881853,0.0000002852,1.0000000000
87,7.3190000000,left_hand,0,0.6793992519,0.6545472741,0.0000002106,1.0000000000
88,7.4030000000,left_hand,0,0.6775626540,0.6342027783,0.0000002096,1.0000000000
89,7.4870000000,left_hand,0,0.6243389845,0.6421618462,0.0000004113,1.0000000000
90,7.5710000000,left_hand,0,0.6640090346,0.6380234957,-0.0000002558,1.0000000000
91,7.6550000000,left_hand,0,0.6862385273,0.6285992265,0.0000002173,1.0000000000
92,7.7400000000,left_hand,0,0.6848670244,0.6314197183,0.0000002777,1.0000000000
93,7.8240000000,left_hand,0,0.6862822175,0.6281421781,0.0000002788,1.0000000000
94,7.9080000000,left_hand,0,0.6831566691,0.6259112358,0.0000002801,1.0000000000
95,7.9920000000,left_hand,0,0.6777887940,0.6494746208,0.0000003406,1.0000000000
96,8.0760000000,left_hand,0,0.6762180924,0.6492839456,0.0000003119,1.0000000000
97,8.1600000000,left_hand,0,0.6793748736,0.6566904783,0.0000003602,1.0000000000
98,8.2440000000,left_hand,0,0.6867119670,0.6410287023,0.0000002990,1.0000000000
99,8.3280000000,left_hand,0,0.6854533553,0.6409893036,0.0000003241,1.0000000000
100,8.4130000000,left_hand,0,0.6867069006,0.6325945258,0.0000003027,1.0000000000
101,8.4970000000,left_hand,0,0.6867632866,0.6166353226,0.0000002510,1.0000000000
102,8.5810000000,left_hand,0,0.6845982075,0.6205058098,0.0000003658,1.0000000000
103,8.6650000000,left_hand,0,0.6807909608,0.6160271764,0.0000002674,1.0000000000
104,8.7490000000,left_hand,0,0.6807698607,0.6220592260,0.0000002473,1.0000000000
105,8.8330000000,left_hand,0,0.6793098450,0.6311185956,0.0000002856,1.0000000000
106,8.9170000000,left_hand,0,0.6758205295,0.6233110428,0.0000002944,1.0000000000
107,9.0010000000,left_hand,0,0.6729684472,0.6214683056,0.0000003186,1.0000000000
108,9.0860000000,left_hand,0,0.6709731221,0.6247057915,0.0000003295,1.0000000000
109,9.1700000000,left_hand,0,0.6711182594,0.6234105825,0.0000002759,1.0000000000
110,9.2540000000,left_hand,0,0.6667032242,0.6200228930,0.0000003165,1.0000000000
111,9.3380000000,left_hand,0,0.6636008620,0.6230677962,0.0000002251,1.0000000000
112,9.4220000000,left_hand,0,0.6576112509,0.6263893843,0.0000002044,1.0000000000
113,9.5060000000,left_hand,0,0.6575172544,0.6197239757,0.0000002175,1.0000000000
114,9.5900000000,left_hand,0,0.6587390304,0.6226190329,0.0000002493,1.0000000000
115,9.6740000000,left_hand,0,0.6566972733,0.6085124612,0.0000002506,1.0000000000
116,9.7590000000,left_hand,0,0.6565315127,0.6153326035,0.0000002259,1.0000000000
117,9.8430000000,left_hand,0,0.6564900875,0.6225295663,0.0000002486,1.0000000000
118,9.9270000000,left_hand,0,0.6539477110,0.6149320006,0.0000002905,1.0000000000
119,10.0110000000,left_hand,0,0.6570969820,0.6191557646,0.0000002554,1.0000000000
120,10.0950000000,left_hand,0,0.6463125944,0.6123769283,0.0000001829,1.0000000000
121,10.1790000000,left_hand,0,0.6515567601,0.6172163486,0.0000001587,1.0000000000
122,10.2630000000,left_hand,0,0.6568009257,0.6220557690,0.0000001346,1.0000000000
123,10.3470000000,left_hand,0,0.6636820436,0.6242416501,0.0000001768,1.0000000000
124,10.4320000000,left_hand,0,0.6670268774,0.6227309704,0.0000001549,1.0000000000
125,10.5160000000,left_hand,0,0.6581512094,0.6206201315,0.0000000938,1.0000000000
126,10.6000000000,left_hand,0,0.6651160121,0.6098054647,0.0000000847,1.0000000000
127,10.6840000000,left_hand,0,0.6642268896,0.6212258935,0.0000001018,1.0000000000
128,10.7680000000,left_hand,0,0.3950641155,0.6251137257,0.0000001454,1.0000000000
129,10.8520000000,left_hand,0,0.6621783972,0.6081369519,0.0000000424,1.0000000000
130,10.9360000000,left_hand,0,0.3977097273,0.6241649389,0.0000001272,1.0000000000
131,11.0200000000,left_hand,0,0.6609009504,0.6153749228,0.0000001248,1.0000000000
132,11.1050000000,left_hand,0,0.6654632092,0.6035842896,0.0000000542,1.0000000000
133,11.1890000000,left_hand,0,0.6603404284,0.6151726246,0.0000001459,1.0000000000
134,11.2730000000,left_hand,0,0.6053710580,0.5516586900,-0.0000001923,1.0000000000
135,11.3570000000,left_hand,0,0.6513365507,0.5922227502,-0.0000000944,1.0000000000
136,11.4410000000,left_hand,0,0.3978130817,0.5995351076,0.0000002358,1.0000000000
137,11.5250000000,left_hand,0,0.3999577463,0.6048049331,0.0000002282,1.0000000000
138,11.6090000000,left_hand,0,0.4047660530,0.6019041538,0.0000001745,1.0000000000
139,11.6930000000,left_hand,0,0.4679866508,0.5974999368,0.0000000744,1.0000000000
140,11.7780000000,left_hand,0,0.5312072486,0.5930957198,-0.0000000256,1.0000000000
141,11.8620000000,left_hand,0,0.5944278464,0.5886915028,-0.0000001257,1.0000000000
142,11.9460000000,left_hand,0,0.6576484442,0.5842872858,-0.0000002258,1.0000000000
60,5.0480000000,left_hand,1,0.6429780126,0.5733614564,-0.0057051494,1.0000000000
61,5.1320000000,left_hand,1,0.6412444115,0.5735828280,-0.0034884089,1.0000000000
62,5.2160000000,left_hand,1,0.6426293254,0.5863418579,0.0005625421,1.0000000000
63,5.3000000000,left_hand,1,0.6123909354,0.5565699339,-0.0052856929,1.0000000000
64,5.3840000000,left_hand,1,0.6200830936,0.5787539482,0.0008429707,1.0000000000
65,5.4680000000,left_hand,1,0.6180673242,0.5633283854,-0.0005189764,1.0000000000
66,5.5520000000,left_hand,1,0.6322929859,0.5801206231,-0.0075317121,1.0000000000
67,5.6360000000,left_hand,1,0.6465186477,0.5969128609,-0.0145444479,1.0000000000
68,5.7210000000,left_hand,1,0.6464172006,0.5613293648,-0.0036184192,1.0000000000
69,5.8050000000,left_hand,1,0.6383352280,0.5700694919,-0.0012923678,1.0000000000
70,5.8890000000,left_hand,1,0.6417553425,0.5639740825,-0.0024418400,1.0000000000
71,5.9730000000,left_hand,1,0.6529974937,0.5823868513,-0.0019264640,1.0000000000
72,6.0570000000,left_hand,1,0.6580367684,0.5909392238,-0.0078108357,1.0000000000
73,6.1410000000,left_hand,1,0.6600166559,0.5877978206,-0.0070740697,1.0000000000
74,6.2250000000,left_hand,1,0.6612234116,0.5959946513,-0.0098175639,1.0000000000
75,6.3090000000,left_hand,1,0.6603276730,0.6030713320,-0.0065392717,1.0000000000
76,6.3940000000,left_hand,1,0.4058051109,0.6411861777,0.0043931529,1.0000000000
77,6.4780000000,left_hand,1,0.6604557633,0.6013296843,-0.0089109596,1.0000000000
78,6.5620000000,left_hand,1,0.6621659994,0.6008549333,-0.0073508671,1.0000000000
79,6.6460000000,left_hand,1,0.6651432514,0.6075381637,-0.0108990017,1.0000000000
80,6.7300000000,left_hand,1,0.3952314258,0.6532167196,-0.0003218676,1.0000000000
81,6.8140000000,left_hand,1,0.6531305909,0.5968558788,-0.0101825921,1.0000000000
82,6.8980000000,left_hand,1,0.6536064744,0.6003959775,-0.0101185078,1.0000000000
83,6.9820000000,left_hand,1,0.6518663168,0.5983540416,-0.0088489614,1.0000000000
84,7.0670000000,left_hand,1,0.6530174017,0.6054270267,-0.0068733492,1.0000000000
85,7.1510000000,left_hand,1,0.6576261520,0.5927483439,-0.0008882878,1.0000000000
86,7.2350000000,left_hand,1,0.6627489328,0.5863853097,-0.0051338905,1.0000000000
87,7.3190000000,left_hand,1,0.6646158695,0.6071197391,-0.0033463161,1.0000000000
88,7.4030000000,left_hand,1,0.6637445092,0.5929012895,-0.0084885275,1.0000000000
89,7.4870000000,left_hand,1,0.6215787530,0.5988853574,-0.0131124919,1.0000000000
90,7.5710000000,left_hand,1,0.6557427645,0.5885088444,-0.0129515342,1.0000000000
91,7.6550000000,left_hand,1,0.6692768335,0.5898282528,-0.0061953682,1.0000000000
92,7.7400000000,left_hand,1,0.6729720235,0.5945661664,-0.0098595349,1.0000000000
93,7.8240000000,left_hand,1,0.6748985648,0.5974900723,-0.0079394365,1.0000000000
94,7.9080000000,left_hand,1,0.6693025231,0.5952022672,-0.0058687911,1.0000000000
95,7.9920000000,left_hand,1,0.6731847525,0.6173734665,-0.0119983321,1.0000000000
96,8.0760000000,left_hand,1,0.6647946239,0.6183053255,-0.0079000471,1.0000000000
97,8.1600000000,left_hand,1,0.6729670167,0.6221143603,-0.0110516921,1.0000000000
98,8.2440000000,left_hand,1,0.6756811142,0.6020730138,-0.0091687636,1.0000000000
99,8.3280000000,left_hand,1,0.6764402390,0.6074173450,-0.0073872623,1.0000000000
100,8.4130000000,left_hand,1,0.6732407808,0.6685706973,-0.0071271509,1.0000000000
101,8.4970000000,left_hand,1,0.6774402261,0.6520927548,-0.0052050655,1.0000000000
102,8.5810000000,left_hand,1,0.6720941663,0.6531181931,-0.0044672852,1.0000000000
103,8.6650000000,left_hand,1,0.6702340841,0.6501857042,-0.0047380701,1.0000000000
104,8.7490000000,left_hand,1,0.6711449623,0.6547896266,-0.0052036368,1.0000000000
105,8.8330000000,left_hand,1,0.6725981236,0.6027615070,-0.0152040487,1.0000000000
106,8.9170000000,left_hand,1,0.6639082432,0.5947414637,-0.0092454068,1.0000000000
107,9.0010000000,left_hand,1,0.6586961746,0.5926655531,-0.0080671329,1.0000000000
108,9.0860000000,left_hand,1,0.6558614373,0.5947647095,-0.0126481913,1.0000000000
109,9.1700000000,left_hand,1,0.6567018032,0.5883663893,-0.0123611540,1.0000000000
110,9.2540000000,left_hand,1,0.6525639892,0.5849320292,-0.0130650979,1.0000000000
111,9.3380000000,left_hand,1,0.6498945951,0.5852577686,-0.0119446525,1.0000000000
112,9.4220000000,left_hand,1,0.6431983113,0.5896230936,-0.0021316938,1.0000000000
113,9.5060000000,left_hand,1,0.6444518566,0.5953180790,-0.0015945730,1.0000000000
114,9.5900000000,left_hand,1,0.6480426192,0.5892626643,-0.0059872814,1.0000000000
115,9.6740000000,left_hand,1,0.6438925266,0.5760730505,-0.0041965079,1.0000000000
116,9.7590000000,left_hand,1,0.6452152133,0.5795871615,-0.0016315070,1.0000000000
117,9.8430000000,left_hand,1,0.6425662041,0.5860807300,-0.0042245272,1.0000000000
118,9.9270000000,left_hand,1,0.6405968070,0.5762410164,-0.0077997199,1.0000000000
119,10.0110000000,left_hand,1,0.6422010660,0.5792765617,-0.0010674285,1.0000000000
120,10.0950000000,left_hand,1,0.6342965364,0.5743292570,-0.0082620941,1.0000000000
121,10.1790000000,left_hand,1,0.6350156963,0.5824713111,-0.0029698748,1.0000000000
122,10.2630000000,left_hand,1,0.6357348561,0.5906133652,0.0023223446,1.0000000000
123,10.3470000000,left_hand,1,0.6471409202,0.5893054605,-0.0050714021,1.0000000000
124,10.4320000000,left_hand,1,0.6504791975,0.5927394032,-0.0016771348,1.0000000000
125,10.5160000000,left_hand,1,0.6413878798,0.6531110406,-0.0055144387,1.0000000000
126,10.6000000000,left_hand,1,0.6492500305,0.5795894861,-0.0013503495,1.0000000000
127,10.6840000000,left_hand,1,0.6484413147,0.5946304202,-0.0014868216,1.0000000000
128,10.7680000000,left_hand,1,0.4096170366,0.6070460081,-0.0055910023,1.0000000000
129,10.8520000000,left_hand,1,0.6474224925,0.5888196826,-0.0019344493,1.0000000000
130,10.9360000000,left_hand,1,0.4119808078,0.6112684011,-0.0036921424,1.0000000000
131,11.0200000000,left_hand,1,0.6447278857,0.5927770138,-0.0022749535,1.0000000000
132,11.1050000000,left_hand,1,0.6476724744,0.5857472420,0.0000398981,1.0000000000
133,11.1890000000,left_hand,1,0.6464908123,0.5944923162,-0.0029594053,1.0000000000
134,11.2730000000,left_hand,1,0.6174535155,0.5874299407,-0.0080202455,1.0000000000
135,11.3570000000,left_hand,1,0.6355376840,0.5600591302,-0.0053932737,1.0000000000
136,11.4410000000,left_hand,1,0.4154298902,0.5709280372,-0.0032378661,1.0000000000
137,11.5250000000,left_hand,1,0.4145398736,0.5737953782,-0.0022201748,1.0000000000
138,11.6090000000,left_hand,1,0.4203034043,0.5696241260,-0.0013823076,1.0000000000
139,11.6930000000,left_hand,1,0.4766905010,0.5743788779,-0.0024756345,1.0000000000
140,11.7780000000,left_hand,1,0.5330775976,0.5791336298,-0.0035689613,1.0000000000
141,11.8620000000,left_hand,1,0.5894646943,0.5838883817,-0.0046622881,1.0000000000
142,11.9460000000,left_hand,1,0.6458517909,0.5886431336,-0.0057556150,1.0000000000
60,5.0480000000,left_hand,2,0.6230908632,0.5563987494,-0.0124872336,1.0000000000
61,5.1320000000,left_hand,2,0.6188842058,0.5573171973,-0.0090108542,1.0000000000
62,5.2160000000,left_hand,2,0.6233068705,0.5698173046,-0.0046505821,1.0000000000
63,5.3000000000,left_hand,2,0.5953619480,0.5409534574,-0.0134822754,1.0000000000
64,5.3840000000,left_hand,2,0.5953361988,0.5767142177,-0.0031515085,1.0000000000
65,5.4680000000,left_hand,2,0.5997127295,0.5639189482,-0.0051477849,1.0000000000
66,5.5520000000,left_hand,2,0.6111058593,0.5800696909,-0.0149963945,1.0000000000
67,5.6360000000,left_hand,2,0.6224989891,0.5962204337,-0.0248450041,1.0000000000
68,5.7210000000,left_hand,2,0.6220921874,0.5461720228,-0.0096102441,1.0000000000
69,5.8050000000,left_hand,2,0.6127282381,0.5456483960,-0.0084390081,1.0000000000
70,5.8890000000,left_hand,2,0.6220853329,0.5283213854,-0.0115436604,1.0000000000
71,5.9730000000,left_hand,2,0.6311097145,0.5508120656,-0.0073826108,1.0000000000
72,6.0570000000,left_hand,2,0.6392643452,0.5593928099,-0.0153822759,1.0000000000
73,6.1410000000,left_hand,2,0.6341770887,0.5532040000,-0.0131593738,1.0000000000
74,6.2250000000,left_hand,2,0.6342660189,0.5579687953,-0.0196008664,1.0000000000
75,6.3090000000,left_hand,2,0.6364120841,0.5689749718,-0.0132690640,1.0000000000
76,6.3940000000,left_hand,2,0.4321192205,0.6537368298,0.0012049769,1.0000000000
77,6.4780000000,left_hand,2,0.6383071542,0.5674273968,-0.0159608424,1.0000000000
78,6.5620000000,left_hand,2,0.6405530572,0.5656179190,-0.0149384253,1.0000000000
79,6.6460000000,left_hand,2,0.6449670792,0.5663893819,-0.0196188651,1.0000000000
80,6.7300000000,left_hand,2,0.4236057997,0.6502422690,-0.0107602673,1.0000000000
81,6.8140000000,left_hand,2,0.6283968687,0.5591896772,-0.0218763556,1.0000000000
82,6.8980000000,left_hand,2,0.6301733851,0.5672330260,-0.0199958142,1.0000000000
83,6.9820000000,left_hand,2,0.6283578873,0.5594831705,-0.0190541260,1.0000000000
84,7.0670000000,left_hand,2,0.6283921599,0.5626064539,-0.0160996467,1.0000000000
85,7.1510000000,left_hand,2,0.6326733828,0.5549886823,-0.0054568336,1.0000000000
86,7.2350000000,left_hand,2,0.6364304423,0.5484697223,-0.0151182776,1.0000000000
87,7.3190000000,left_hand,2,0.6432036757,0.5702496171,-0.0102618393,1.0000000000
88,7.4030000000,left_hand,2,0.6416126490,0.5625945926,-0.0165538341,1.0000000000
89,7.4870000000,left_hand,2,0.6110061407,0.5645175576,-0.0255232174,1.0000000000
90,7.5710000000,left_hand,2,0.6355839968,0.5627822876,-0.0268579740,1.0000000000
91,7.6550000000,left_hand,2,0.6418180466,0.5669347644,-0.0123647684,1.0000000000
92,7.7400000000,left_hand,2,0.6509636641,0.5709973574,-0.0174963903,1.0000000000
93,7.8240000000,left_hand,2,0.6542956829,0.5762069821,-0.0163301490,1.0000000000
94,7.9080000000,left_hand,2,0.6455371380,0.5758842230,-0.0121292220,1.0000000000
95,7.9920000000,left_hand,2,0.6603992581,0.5914980769,-0.0217296220,1.0000000000
96,8.0760000000,left_hand,2,0.6481235027,0.5954362154,-0.0177813377,1.0000000000
97,8.1600000000,left_hand,2,0.6586511731,0.5968730450,-0.0232888255,1.0000000000
98,8.2440000000,left_hand,2,0.6536708474,0.5741235018,-0.0175706688,1.0000000000
99,8.3280000000,left_hand,2,0.6575788260,0.5808730125,-0.0160235260,1.0000000000
100,8.4130000000,left_hand,2,0.6502731442,0.6862677932,-0.0158021133,1.0000000000
101,8.4970000000,left_hand,2,0.6579144001,0.6753638387,-0.0134920059,1.0000000000
102,8.5810000000,left_hand,2,0.6543548107,0.6732549071,-0.0138146915,1.0000000000
103,8.6650000000,left_hand,2,0.6542775631,0.6732515693,-0.0133853303,1.0000000000
104,8.7490000000,left_hand,2,0.6508015394,0.6729786396,-0.0112093464,1.0000000000
105,8.8330000000,left_hand,2,0.6556241512,0.5840353966,-0.0248861015,1.0000000000
106,8.9170000000,left_hand,2,0.6409788728,0.5796864033,-0.0156636797,1.0000000000
107,9.0010000000,left_hand,2,0.6360333562,0.5805251002,-0.0154200410,1.0000000000
108,9.0860000000,left_hand,2,0.6320904493,0.5826925635,-0.0229006093,1.0000000000
109,9.1700000000,left_hand,2,0.6318204999,0.5736624599,-0.0224110615,1.0000000000
110,9.2540000000,left_hand,2,0.6283396482,0.5676701665,-0.0239101872,1.0000000000
111,9.3380000000,left_hand,2,0.6255596280,0.5639818907,-0.0217898563,1.0000000000
112,9.4220000000,left_hand,2,0.6211358905,0.5703258514,-0.0079423934,1.0000000000
113,9.5060000000,left_hand,2,0.6204682589,0.5833671689,-0.0056045735,1.0000000000
114,9.5900000000,left_hand,2,0.6275191903,0.5685920119,-0.0113751190,1.0000000000
115,9.6740000000,left_hand,2,0.6236222386,0.5588344336,-0.0093026478,1.0000000000
116,9.7590000000,left_hand,2,0.6272707582,0.5568732619,-0.0078359786,1.0000000000
117,9.8430000000,left_hand,2,0.6197237968,0.5657671094,-0.0121895671,1.0000000000
118,9.9270000000,left_hand,2,0.6155887842,0.5561460257,-0.0149485748,1.0000000000
119,10.0110000000,left_hand,2,0.6162598133,0.5547801852,-0.0077643637,1.0000000000
120,10.0950000000,left_hand,2,0.6147513986,0.5465294123,-0.0124222450,1.0000000000
121,10.1790000000,left_hand,2,0.6124922335,0.5642845631,-0.0056962929,1.0000000000
122,10.2630000000,left_hand,2,0.6102330685,0.5820397139,0.0010296593,1.0000000000
123,10.3470000000,left_hand,2,0.6212485433,0.5752605200,-0.0108980779,1.0000000000
124,10.4320000000,left_hand,2,0.6254603863,0.5792222619,-0.0037784802,1.0000000000
125,10.5160000000,left_hand,2,0.6169885397,0.6640906334,-0.0073504653,1.0000000000
126,10.6000000000,left_hand,2,0.6275717020,0.5625247359,-0.0050075883,1.0000000000
127,10.6840000000,left_hand,2,0.6301351190,0.5797136426,-0.0051721474,1.0000000000
128,10.7680000000,left_hand,2,0.4283919930,0.5995112062,-0.0098800873,1.0000000000
129,10.8520000000,left_hand,2,0.6285381317,0.5859094858,-0.0071575176,1.0000000000
130,10.9360000000,left_hand,2,0.4293957055,0.6135011315,-0.0070844088,1.0000000000
131,11.0200000000,left_hand,2,0.6259703636,0.5885162950,-0.0056846738,1.0000000000
132,11.1050000000,left_hand,2,0.6275643706,0.5844339728,-0.0034581579,1.0000000000
133,11.1890000000,left_hand,2,0.6280612946,0.5914518237,-0.0078337789,1.0000000000
134,11.2730000000,left_hand,2,0.6233119369,0.6268104315,-0.0206146836,1.0000000000
135,11.3570000000,left_hand,2,0.6102244854,0.5441023707,-0.0196115635,1.0000000000
136,11.4410000000,left_hand,2,0.4376589954,0.5570001602,-0.0094889719,1.0000000000
137,11.5250000000,left_hand,2,0.4332472980,0.5586407185,-0.0076780668,1.0000000000
138,11.6090000000,left_hand,2,0.4389593601,0.5524531603,-0.0040894700,1.0000000000
139,11.6930000000,left_hand,2,0.4870279282,0.5614594817,-0.0070208439,1.0000000000
140,11.7780000000,left_hand,2,0.5350964963,0.5704658031,-0.0099522178,1.0000000000
141,11.8620000000,left_hand,2,0.5831650645,0.5794721246,-0.0128835917,1.0000000000
142,11.9460000000,left_hand,2,0.6312336326,0.5884784460,-0.0158149656,1.0000000000
60,5.0480000000,left_hand,3,0.6049805880,0.5508080125,-0.0182986464,1.0000000000
61,5.1320000000,left_hand,3,0.5969929695,0.5563504100,-0.0131099923,1.0000000000
62,5.2160000000,left_hand,3,0.6042451262,0.5682821870,-0.0093963789,1.0000000000
63,5.3000000000,left_hand,3,0.5739140511,0.5396666527,-0.0206092373,1.0000000000
64,5.3840000000,left_hand,3,0.5750555396,0.5871223807,-0.0076307021,1.0000000000
65,5.4680000000,left_hand,3,0.5818001628,0.5815761089,-0.0091657853,1.0000000000
66,5.5520000000,left_hand,3,0.5900233686,0.5880597234,-0.0202948558,1.0000000000
67,5.6360000000,left_hand,3,0.5982465744,0.5945433378,-0.0314239264,1.0000000000
68,5.7210000000,left_hand,3,0.6000735164,0.5477504134,-0.0146637978,1.0000000000
69,5.8050000000,left_hand,3,0.5893821716,0.5422251821,-0.0144892642,1.0000000000
70,5.8890000000,left_hand,3,0.5960840583,0.5255272388,-0.0189287029,1.0000000000
71,5.9730000000,left_hand,3,0.6068705916,0.5369961262,-0.0114066619,1.0000000000
72,6.0570000000,left_hand,3,0.6258990765,0.5480290651,-0.0207729787,1.0000000000
73,6.1410000000,left_hand,3,0.6085042953,0.5371843576,-0.0168142822,1.0000000000
74,6.2250000000,left_hand,3,0.6044137478,0.5382440090,-0.0265138745,1.0000000000
75,6.3090000000,left_hand,3,0.6102369428,0.5513532758,-0.0181924738,1.0000000000
76,6.3940000000,left_hand,3,0.4550523460,0.6523128748,-0.0028349848,1.0000000000
77,6.4780000000,left_hand,3,0.6151490211,0.5481308699,-0.0208502095,1.0000000000
78,6.5620000000,left_hand,3,0.6171675920,0.5452560186,-0.0205496214,1.0000000000
79,6.6460000000,left_hand,3,0.6189490557,0.5435191989,-0.0250882618,1.0000000000
80,6.7300000000,left_hand,3,0.4472169578,0.6155178547,-0.0200870447,1.0000000000
81,6.8140000000,left_hand,3,0.6003168225,0.5402899981,-0.0290632993,1.0000000000
82,6.8980000000,left_hand,3,0.6042543054,0.5479568243,-0.0268493854,1.0000000000
83,6.9820000000,left_hand,3,0.6010839343,0.5393063426,-0.0260222908,1.0000000000
84,7.0670000000,left_hand,3,0.6004672647,0.5385451317,-0.0227569249,1.0000000000
85,7.1510000000,left_hand,3,0.6058960557,0.5377028584,-0.0084547959,1.0000000000
86,7.2350000000,left_hand,3,0.6092013717,0.5302382708,-0.0217388477,1.0000000000
87,7.3190000000,left_hand,3,0.6220958233,0.5430290699,-0.0156527776,1.0000000000
88,7.4030000000,left_hand,3,0.6188884974,0.5430030227,-0.0223073773,1.0000000000
89,7.4870000000,left_hand,3,0.5922072530,0.5435792804,-0.0340017192,1.0000000000
90,7.5710000000,left_hand,3,0.6071772575,0.5577285886,-0.0405149534,1.0000000000
91,7.6550000000,left_hand,3,0.6157850027,0.5566954017,-0.0164986216,1.0000000000
92,7.7400000000,left_hand,3,0.6300285459,0.5609309077,-0.0220191311,1.0000000000
93,7.8240000000,left_hand,3,0.6350771785,0.5656015277,-0.0218384676,1.0000000000
94,7.9080000000,left_hand,3,0.6237760186,0.5677443147,-0.0161661059,1.0000000000
95,7.9920000000,left_hand,3,0.6451601982,0.5765941739,-0.0289326217,1.0000000000
96,8.0760000000,left_hand,3,0.6306483746,0.5808649659,-0.0254954882,1.0000000000
97,8.1600000000,left_hand,3,0.6419069171,0.5816391110,-0.0326132812,1.0000000000
98,8.2440000000,left_hand,3,0.6311702132,0.5612872243,-0.0235074963,1.0000000000
99,8.3280000000,left_hand,3,0.6374558210,0.5674288869,-0.0222770423,1.0000000000
100,8.4130000000,left_hand,3,0.6284122467,0.6857086420,-0.0223588590,1.0000000000
101,8.4970000000,left_hand,3,0.6376588941,0.6811231375,-0.0200344697,1.0000000000
102,8.5810000000,left_hand,3,0.6371406317,0.6782293320,-0.0216894746,1.0000000000
103,8.6650000000,left_hand,3,0.6381785870,0.6858114004,-0.0204709359,1.0000000000
104,8.7490000000,left_hand,3,0.6312261224,0.6755762696,-0.0154339094,1.0000000000
105,8.8330000000,left_hand,3,0.6376739144,0.5740453005,-0.0311930273,1.0000000000
106,8.9170000000,left_hand,3,0.6209087968,0.5770568252,-0.0196169447,1.0000000000
107,9.0010000000,left_hand,3,0.6160016060,0.5780570507,-0.0199362207,1.0000000000
108,9.0860000000,left_hand,3,0.6080139875,0.5828786492,-0.0291016810,1.0000000000
109,9.1700000000,left_hand,3,0.6060234904,0.5746718645,-0.0287902225,1.0000000000
110,9.2540000000,left_hand,3,0.6035320759,0.5659570694,-0.0304338746,1.0000000000
111,9.3380000000,left_hand,3,0.5994069576,0.5577237010,-0.0278687142,1.0000000000
112,9.4220000000,left_hand,3,0.5987557769,0.5640757680,-0.0119367270,1.0000000000
113,9.5060000000,left_hand,3,0.5970561504,0.5795276761,-0.0084472420,1.0000000000
114,9.5900000000,left_hand,3,0.6058239341,0.5595751405,-0.0149771366,1.0000000000
115,9.6740000000,left_hand,3,0.6041800380,0.5505510569,-0.0132389981,1.0000000000
116,9.7590000000,left_hand,3,0.6086214781,0.5440538526,-0.0135936439,1.0000000000
117,9.8430000000,left_hand,3,0.5985925794,0.5595261455,-0.0186727755,1.0000000000
118,9.9270000000,left_hand,3,0.5912606716,0.5534504056,-0.0196989737,1.0000000000
119,10.0110000000,left_hand,3,0.5917838812,0.5489719510,-0.0129881222,1.0000000000
120,10.0950000000,left_hand,3,0.5930758715,0.5406617522,-0.0145346140,1.0000000000
121,10.1790000000,left_hand,3,0.5912336707,0.5623745024,-0.0075045383,1.0000000000
122,10.2630000000,left_hand,3,0.5893914700,0.5840872526,-0.0004744626,1.0000000000
123,10.3470000000,left_hand,3,0.5978230834,0.5742134452,-0.0149900196,1.0000000000
124,10.4320000000,left_hand,3,0.6038193703,0.5783036351,-0.0054580648,1.0000000000
125,10.5160000000,left_hand,3,0.5965900421,0.6595462561,-0.0080316449,1.0000000000
126,10.6000000000,left_hand,3,0.6092724204,0.5529471636,-0.0084327133,1.0000000000
127,10.6840000000,left_hand,3,0.6127994061,0.5733782649,-0.0083493134,1.0000000000
128,10.7680000000,left_hand,3,0.4432618916,0.5964300036,-0.0131492121,1.0000000000
129,10.8520000000,left_hand,3,0.6112929583,0.5980243683,-0.0113883568,1.0000000000
130,10.9360000000,left_hand,3,0.4431614578,0.6239649057,-0.0097871972,1.0000000000
131,11.0200000000,left_hand,3,0.6101740599,0.5960893631,-0.0083910795,1.0000000000
132,11.1050000000,left_hand,3,0.6115364432,0.5933600068,-0.0066575119,1.0000000000
133,11.1890000000,left_hand,3,0.6105200648,0.5961306691,-0.0119663384,1.0000000000
134,11.2730000000,left_hand,3,0.6159086227,0.6557051539,-0.0318913087,1.0000000000
135,11.3570000000,left_hand,3,0.5911701918,0.5408201218,-0.0346582644,1.0000000000
136,11.4410000000,left_hand,3,0.4577841163,0.5572370887,-0.0148003139,1.0000000000
137,11.5250000000,left_hand,3,0.4503338635,0.5557654500,-0.0123080136,1.0000000000
138,11.6090000000,left_hand,3,0.4559957683,0.5510792732,-0.0063958038,1.0000000000
139,11.6930000000,left_hand,3,0.4954401776,0.5611850172,-0.0111229457,1.0000000000
140,11.7780000000,left_hand,3,0.5348845869,0.5712907612,-0.0158500876,1.0000000000
141,11.8620000000,left_hand,3,0.5743289962,0.5813965052,-0.0205772296,1.0000000000
142,11.9460000000,left_hand,3,0.6137734056,0.5915022492,-0.0253043715,1.0000000000
60,5.0480000000,left_hand,4,0.5918442011,0.5483600497,-0.0248737689,1.0000000000
61,5.1320000000,left_hand,4,0.5815631747,0.5655675530,-0.0181050263,1.0000000000
62,5.2160000000,left_hand,4,0.5909798145,0.5794727206,-0.0150585854,1.0000000000
63,5.3000000000,left_hand,4,0.5558677912,0.5421847701,-0.0293304212,1.0000000000
64,5.3840000000,left_hand,4,0.5603661537,0.6030799150,-0.0137350624,1.0000000000
65,5.4680000000,left_hand,4,0.5732965469,0.6038364768,-0.0144019490,1.0000000000
66,5.5520000000,left_hand,4,0.5764220357,0.6016080678,-0.0265095620,1.0000000000
67,5.6360000000,left_hand,4,0.5795475245,0.5993796587,-0.0386171751,1.0000000000
68,5.7210000000,left_hand,4,0.5848015547,0.5586119294,-0.0210235268,1.0000000000
69,5.8050000000,left_hand,4,0.5720218420,0.5552966595,-0.0220926553,1.0000000000
70,5.8890000000,left_hand,4,0.5770726800,0.5397434235,-0.0276707523,1.0000000000
71,5.9730000000,left_hand,4,0.5869645476,0.5375952125,-0.0163567588,1.0000000000
72,6.0570000000,left_hand,4,0.6154339314,0.5496749282,-0.0268539749,1.0000000000
73,6.1410000000,left_hand,4,0.5877331495,0.5321556926,-0.0207963344,1.0000000000
74,6.2250000000,left_hand,4,0.5824496150,0.5222494006,-0.0338707753,1.0000000000
75,6.3090000000,left_hand,4,0.5890189409,0.5421515703,-0.0234961286,1.0000000000
76,6.3940000000,left_hand,4,0.4726593196,0.6430341005,-0.0084770545,1.0000000000
77,6.4780000000,left_hand,4,0.5961679816,0.5381867886,-0.0261866152,1.0000000000
78,6.5620000000,left_hand,4,0.5991758704,0.5339433551,-0.0266066026,1.0000000000
79,6.6460000000,left_hand,4,0.5968947411,0.5354826450,-0.0307041835,1.0000000000
80,6.7300000000,left_hand,4,0.4646551609,0.5837935805,-0.0310287420,1.0000000000
81,6.8140000000,left_hand,4,0.5789638162,0.5262205005,-0.0357636176,1.0000000000
82,6.8980000000,left_hand,4,0.5828068852,0.5323337317,-0.0340231545,1.0000000000
83,6.9820000000,left_hand,4,0.5794806480,0.5240983367,-0.0329842046,1.0000000000
84,7.0670000000,left_hand,4,0.5792001486,0.5218553543,-0.0296567176,1.0000000000
85,7.1510000000,left_hand,4,0.5854551196,0.5297938585,-0.0115624294,1.0000000000
86,7.2350000000,left_hand,4,0.5872866511,0.5225769281,-0.0279178917,1.0000000000
87,7.3190000000,left_hand,4,0.6041938663,0.5303926468,-0.0209884010,1.0000000000
88,7.4030000000,left_hand,4,0.5999648571,0.5331380367,-0.0278334673,1.0000000000
89,7.4870000000,left_hand,4,0.5763874054,0.5257782936,-0.0426851623,1.0000000000
90,7.5710000000,left_hand,4,0.5815482140,0.5590387583,-0.0556770265,1.0000000000
91,7.6550000000,left_hand,4,0.5965623260,0.5424668789,-0.0204859972,1.0000000000
92,7.7400000000,left_hand,4,0.6143495440,0.5551278591,-0.0264219474,1.0000000000
93,7.8240000000,left_hand,4,0.6212944388,0.5582703948,-0.0274880212,1.0000000000
94,7.9080000000,left_hand,4,0.6088872552,0.5619810820,-0.0201609023,1.0000000000
95,7.9920000000,left_hand,4,0.6310043931,0.5693666935,-0.0360871144,1.0000000000
96,8.0760000000,left_hand,4,0.6154460311,0.5738542080,-0.0336920694,1.0000000000
97,8.1600000000,left_hand,4,0.6275279522,0.5718570352,-0.0423979610,1.0000000000
98,8.2440000000,left_hand,4,0.6135326028,0.5584647059,-0.0301278103,1.0000000000
99,8.3280000000,left_hand,4,0.6222116351,0.5595912933,-0.0290523693,1.0000000000
100,8.4130000000,left_hand,4,0.6131975055,0.6712696552,-0.0293460730,1.0000000000
101,8.4970000000,left_hand,4,0.6220793128,0.6745140553,-0.0267414041,1.0000000000
102,8.5810000000,left_hand,4,0.6226348281,0.6710075140,-0.0303363279,1.0000000000
103,8.6650000000,left_hand,4,0.6242301464,0.6856771708,-0.0281265322,1.0000000000
104,8.7490000000,left_hand,4,0.6161538363,0.6697540283,-0.0202285908,1.0000000000
105,8.8330000000,left_hand,4,0.6230907440,0.5658097267,-0.0372975208,1.0000000000
106,8.9170000000,left_hand,4,0.6071808934,0.5775107741,-0.0235544536,1.0000000000
107,9.0010000000,left_hand,4,0.6019861102,0.5760304928,-0.0244058724,1.0000000000
108,9.0860000000,left_hand,4,0.5900179744,0.5812286139,-0.0348665006,1.0000000000
109,9.1700000000,left_hand,4,0.5844078064,0.5710290670,-0.0345589258,1.0000000000
110,9.2540000000,left_hand,4,0.5844020247,0.5666289330,-0.0365229174,1.0000000000
111,9.3380000000,left_hand,4,0.5804980993,0.5574489832,-0.0331184119,1.0000000000
112,9.4220000000,left_hand,4,0.5829247832,0.5631204247,-0.0155870989,1.0000000000
113,9.5060000000,left_hand,4,0.5801069140,0.5814156532,-0.0115486812,1.0000000000
114,9.5900000000,left_hand,4,0.5876291394,0.5542740226,-0.0185074974,1.0000000000
115,9.6740000000,left_hand,4,0.5886681676,0.5463298559,-0.0174365286,1.0000000000
116,9.7590000000,left_hand,4,0.5931133628,0.5394024849,-0.0203462187,1.0000000000
117,9.8430000000,left_hand,4,0.5816534162,0.5635417700,-0.0256108772,1.0000000000
118,9.9270000000,left_hand,4,0.5730165243,0.5620052814,-0.0246773474,1.0000000000
119,10.0110000000,left_hand,4,0.5722537041,0.5566192865,-0.0191411022,1.0000000000
120,10.0950000000,left_hand,4,0.5768336654,0.5524551868,-0.0171380583,1.0000000000
121,10.1790000000,left_hand,4,0.5756600201,0.5696448684,-0.0095322996,1.0000000000
122,10.2630000000,left_hand,4,0.5744863749,0.5868345499,-0.0019265409,1.0000000000
123,10.3470000000,left_hand,4,0.5805172920,0.5780158639,-0.0187995974,1.0000000000
124,10.4320000000,left_hand,4,0.5872607231,0.5825984478,-0.0070936061,1.0000000000
125,10.5160000000,left_hand,4,0.5825381875,0.6538333893,-0.0081476131,1.0000000000
126,10.6000000000,left_hand,4,0.5965046883,0.5491139889,-0.0129205855,1.0000000000
127,10.6840000000,left_hand,4,0.6002307534,0.5741546750,-0.0119536361,1.0000000000
128,10.7680000000,left_hand,4,0.4538454115,0.5943283439,-0.0164182261,1.0000000000
129,10.8520000000,left_hand,4,0.6003515720,0.6143987179,-0.0168072209,1.0000000000
130,10.9360000000,left_hand,4,0.4523613751,0.6373285055,-0.0122677945,1.0000000000
131,11.0200000000,left_hand,4,0.5997836590,0.6092624068,-0.0118728736,1.0000000000
132,11.1050000000,left_hand,4,0.6014068723,0.6066409945,-0.0111287078,1.0000000000
133,11.1890000000,left_hand,4,0.5971226096,0.6016636491,-0.0167101696,1.0000000000
134,11.2730000000,left_hand,4,0.6048281789,0.6659739614,-0.0444393829,1.0000000000
135,11.3570000000,left_hand,4,0.5797826052,0.5434778333,-0.0514432639,1.0000000000
136,11.4410000000,left_hand,4,0.4720685780,0.5662187338,-0.0203336943,1.0000000000
137,11.5250000000,left_hand,4,0.4631079435,0.5621951818,-0.0175252669,1.0000000000
138,11.6090000000,left_hand,4,0.4678328037,0.5583410859,-0.0088670421,1.0000000000
139,11.6930000000,left_hand,4,0.5001309812,0.5683764517,-0.0156416851,1.0000000000
140,11.7780000000,left_hand,4,0.5324291587,0.5784118176,-0.0224163281,1.0000000000
141,11.8620000000,left_hand,4,0.5647273362,0.5884471834,-0.0291909711,1.0000000000
142,11.9460000000,left_hand,4,0.5970255136,0.5984825492,-0.0359656140,1.0000000000
60,5.0480000000,left_hand,5,0.6169717908,0.5693577528,-0.0231061317,1.0000000000
61,5.1320000000,left_hand,5,0.6176282167,0.5632795095,-0.0235267356,1.0000000000
62,5.2160000000,left_hand,5,0.6239784360,0.5549793243,-0.0208206549,1.0000000000
63,5.3000000000,left_hand,5,0.6218189001,0.5615942478,-0.0291990805,1.0000000000
64,5.3840000000,left_hand,5,0.6007078290,0.5647062659,-0.0162691604,1.0000000000
65,5.4680000000,left_hand,5,0.6103484631,0.5570089817,-0.0209515281,1.0000000000
66,5.5520000000,left_hand,5,0.6145781875,0.5585883856,-0.0292999931,1.0000000000
67,5.6360000000,left_hand,5,0.6188079119,0.5601677895,-0.0376484580,1.0000000000
68,5.7210000000,left_hand,5,0.6184733510,0.5679323077,-0.0237133894,1.0000000000
69,5.8050000000,left_hand,5,0.6162103415,0.5326369405,-0.0324086957,1.0000000000
70,5.8890000000,left_hand,5,0.6231738925,0.5129241943,-0.0358448662,1.0000000000
71,5.9730000000,left_hand,5,0.6330343485,0.5502859354,-0.0253242608,1.0000000000
72,6.0570000000,left_hand,5,0.6242259741,0.5777148604,-0.0268791560,1.0000000000
73,6.1410000000,left_hand,5,0.6320782900,0.5966629982,-0.0280328505,1.0000000000
74,6.2250000000,left_hand,5,0.6367396712,0.5856571198,-0.0383048318,1.0000000000
75,6.3090000000,left_hand,5,0.6349144578,0.5953736305,-0.0281330347,1.0000000000
76,6.3940000000,left_hand,5,0.4441184402,0.6458173990,-0.0175665021,1.0000000000
77,6.4780000000,left_hand,5,0.6293901801,0.6012469530,-0.0260141753,1.0000000000
78,6.5620000000,left_hand,5,0.6340653300,0.5843445063,-0.0265280288,1.0000000000
79,6.6460000000,left_hand,5,0.6363943815,0.5975708961,-0.0339088626,1.0000000000
80,6.7300000000,left_hand,5,0.4205118418,0.6844858527,-0.0389024653,1.0000000000
81,6.8140000000,left_hand,5,0.6411532760,0.5936070085,-0.0546040125,1.0000000000
82,6.8980000000,left_hand,5,0.6231341958,0.6103330851,-0.0366155580,1.0000000000
83,6.9820000000,left_hand,5,0.6184330583,0.6045077443,-0.0363252871,1.0000000000
84,7.0670000000,left_hand,5,0.6205393076,0.5920596719,-0.0337680131,1.0000000000
85,7.1510000000,left_hand,5,0.6245071292,0.5875137448,-0.0250689089,1.0000000000
86,7.2350000000,left_hand,5,0.6457539201,0.5733520389,-0.0482158475,1.0000000000
87,7.3190000000,left_hand,5,0.6364667416,0.6073420048,-0.0257614497,1.0000000000
88,7.4030000000,left_hand,5,0.6334149837,0.6032071114,-0.0266918521,1.0000000000
89,7.4870000000,left_hand,5,0.6549198031,0.5777573586,-0.0554868393,1.0000000000
90,7.5710000000,left_hand,5,0.6633531451,0.5978891850,-0.0312411878,1.0000000000
91,7.6550000000,left_hand,5,0.6443847418,0.5930694342,-0.0246304534,1.0000000000
92,7.7400000000,left_hand,5,0.6507456899,0.5982671380,-0.0309902541,1.0000000000
93,7.8240000000,left_hand,5,0.6593937874,0.6072837710,-0.0351061486,1.0000000000
94,7.9080000000,left_hand,5,0.6516453028,0.6020032167,-0.0260753576,1.0000000000
95,7.9920000000,left_hand,5,0.6406856775,0.6164063215,-0.0264886115,1.0000000000
96,8.0760000000,left_hand,5,0.6440381408,0.6202085018,-0.0356965698,1.0000000000
97,8.1600000000,left_hand,5,0.6511667371,0.6207004189,-0.0416895598,1.0000000000
98,8.2440000000,left_hand,5,0.6576980352,0.6057691574,-0.0348780155,1.0000000000
99,8.3280000000,left_hand,5,0.6576022506,0.6091098189,-0.0345153734,1.0000000000
100,8.4130000000,left_hand,5,0.6556326151,0.6740198731,-0.0330859721,1.0000000000
101,8.4970000000,left_hand,5,0.6579940915,0.6667793989,-0.0299313832,1.0000000000
102,8.5810000000,left_hand,5,0.6546911001,0.6729180813,-0.0323245265,1.0000000000
103,8.6650000000,left_hand,5,0.6549496055,0.6697731018,-0.0305366851,1.0000000000
104,8.7490000000,left_hand,5,0.6492135525,0.6664515734,-0.0230536535,1.0000000000
105,8.8330000000,left_hand,5,0.6420781612,0.6153773069,-0.0280558802,1.0000000000
106,8.9170000000,left_hand,5,0.6409149766,0.6113640070,-0.0241357479,1.0000000000
107,9.0010000000,left_hand,5,0.6396000981,0.6136425734,-0.0300517194,1.0000000000
108,9.0860000000,left_hand,5,0.6375362873,0.6195601225,-0.0384064168,1.0000000000
109,9.1700000000,left_hand,5,0.6326505542,0.6111725569,-0.0360174552,1.0000000000
110,9.2540000000,left_hand,5,0.6319065690,0.6061893702,-0.0435326546,1.0000000000
111,9.3380000000,left_hand,5,0.6325908899,0.5973303318,-0.0373972617,1.0000000000
112,9.4220000000,left_hand,5,0.6248694658,0.5908318162,-0.0263603441,1.0000000000
113,9.5060000000,left_hand,5,0.6167479753,0.5883099437,-0.0181636494,1.0000000000
114,9.5900000000,left_hand,5,0.6162851453,0.5900610089,-0.0183115788,1.0000000000
115,9.6740000000,left_hand,5,0.6109431386,0.5813708305,-0.0183742847,1.0000000000
116,9.7590000000,left_hand,5,0.6111109853,0.5694621205,-0.0203948151,1.0000000000
117,9.8430000000,left_hand,5,0.6127913594,0.5908427835,-0.0281093847,1.0000000000
118,9.9270000000,left_hand,5,0.6084725857,0.5714386702,-0.0273627210,1.0000000000
119,10.0110000000,left_hand,5,0.6138507128,0.5587200522,-0.0342799909,1.0000000000
120,10.0950000000,left_hand,5,0.5948799253,0.5634654760,-0.0156726316,1.0000000000
121,10.1790000000,left_hand,5,0.5988147557,0.5824783742,-0.0118794036,1.0000000000
122,10.2630000000,left_hand,5,0.6027495861,0.6014912724,-0.0080861757,1.0000000000
123,10.3470000000,left_hand,5,0.6217719913,0.5920103192,-0.0251063295,1.0000000000
124,10.4320000000,left_hand,5,0.6192114949,0.5960596800,-0.0091891652,1.0000000000
125,10.5160000000,left_hand,5,0.6057627797,0.6211588979,-0.0038483834,1.0000000000
126,10.6000000000,left_hand,5,0.6182597280,0.5782377124,-0.0145078348,1.0000000000
127,10.6840000000,left_hand,5,0.6216751933,0.5797896385,-0.0139207533,1.0000000000
128,10.7680000000,left_hand,5,0.4328087270,0.6189609766,-0.0119104981,1.0000000000
129,10.8520000000,left_hand,5,0.6289140582,0.5727421045,-0.0209135022,1.0000000000
130,10.9360000000,left_hand,5,0.4323584735,0.6233801842,-0.0104240272,1.0000000000
131,11.0200000000,left_hand,5,0.6249498725,0.5880883932,-0.0159963928,1.0000000000
132,11.1050000000,left_hand,5,0.6287691593,0.5826748610,-0.0155487657,1.0000000000
133,11.1890000000,left_hand,5,0.6277619600,0.5992282033,-0.0180910621,1.0000000000
134,11.2730000000,left_hand,5,0.6441563368,0.6002159119,-0.0396555737,1.0000000000
135,11.3570000000,left_hand,5,0.6170816422,0.5434112549,-0.0380322672,1.0000000000
136,11.4410000000,left_hand,5,0.4375163317,0.5570666790,-0.0213302355,1.0000000000
137,11.5250000000,left_hand,5,0.4380632341,0.5716108084,-0.0181888696,1.0000000000
138,11.6090000000,left_hand,5,0.4484065771,0.5818901062,-0.0082632648,1.0000000000
139,11.6930000000,left_hand,5,0.4939829111,0.5732276440,-0.0140308391,1.0000000000
140,11.7780000000,left_hand,5,0.5395592451,0.5645651817,-0.0197984134,1.0000000000
141,11.8620000000,left_hand,5,0.5851355791,0.5559027195,-0.0255659877,1.0000000000
142,11.9460000000,left_hand,5,0.6307119131,0.5472402573,-0.0313335620,1.0000000000
60,5.0480000000,left_hand,6,0.5848591924,0.5758846998,-0.0331658311,1.0000000000
61,5.1320000000,left_hand,6,0.5849728584,0.5773010850,-0.0311963633,1.0000000000
62,5.2160000000,left_hand,6,0.5923818946,0.5371775031,-0.0301933531,1.0000000000
63,5.3000000000,left_hand,6,0.5815952420,0.5670483112,-0.0421112850,1.0000000000
64,5.3840000000,left_hand,6,0.5674232841,0.5890261531,-0.0258407965,1.0000000000
65,5.4680000000,left_hand,6,0.5882434249,0.5899785161,-0.0272685047,1.0000000000
66,5.5520000000,left_hand,6,0.5834269822,0.5894065797,-0.0386010809,1.0000000000
67,5.6360000000,left_hand,6,0.5786105394,0.5888346434,-0.0499336571,1.0000000000
68,5.7210000000,left_hand,6,0.5840274096,0.5906501412,-0.0339910053,1.0000000000
69,5.8050000000,left_hand,6,0.5788443685,0.5224053860,-0.0455105528,1.0000000000
70,5.8890000000,left_hand,6,0.5761633515,0.5214303732,-0.0476810373,1.0000000000
71,5.9730000000,left_hand,6,0.5898515582,0.5358187556,-0.0337274335,1.0000000000
72,6.0570000000,left_hand,6,0.5871044397,0.5582953691,-0.0351234488,1.0000000000
73,6.1410000000,left_hand,6,0.5942102671,0.5754487514,-0.0357291289,1.0000000000
74,6.2250000000,left_hand,6,0.5972192287,0.5530024767,-0.0519230403,1.0000000000
75,6.3090000000,left_hand,6,0.5988542438,0.5607628822,-0.0375992060,1.0000000000
76,6.3940000000,left_hand,6,0.4830269516,0.6147250533,-0.0271953475,1.0000000000
77,6.4780000000,left_hand,6,0.5957934260,0.5730575323,-0.0364368707,1.0000000000
78,6.5620000000,left_hand,6,0.5986297727,0.5536828637,-0.0378209017,1.0000000000
79,6.6460000000,left_hand,6,0.5982106924,0.5621454120,-0.0447490960,1.0000000000
80,6.7300000000,left_hand,6,0.4653015435,0.6608833671,-0.0552603714,1.0000000000
81,6.8140000000,left_hand,6,0.6000593901,0.5559074283,-0.0688850880,1.0000000000
82,6.8980000000,left_hand,6,0.5784751177,0.5864591599,-0.0474510491,1.0000000000
83,6.9820000000,left_hand,6,0.5718210936,0.5778524280,-0.0470100753,1.0000000000
84,7.0670000000,left_hand,6,0.5744909048,0.5693801641,-0.0440016128,1.0000000000
85,7.1510000000,left_hand,6,0.5823082924,0.5646947622,-0.0311691090,1.0000000000
86,7.2350000000,left_hand,6,0.6068184972,0.5309479833,-0.0608065464,1.0000000000
87,7.3190000000,left_hand,6,0.6008966565,0.5832765102,-0.0330875553,1.0000000000
88,7.4030000000,left_hand,6,0.5987904072,0.5865655541,-0.0346178338,1.0000000000
89,7.4870000000,left_hand,6,0.6187896729,0.5568341613,-0.0710000545,1.0000000000
90,7.5710000000,left_hand,6,0.6244625449,0.5747411847,-0.0519248135,1.0000000000
91,7.6550000000,left_hand,6,0.6111339927,0.5778620243,-0.0325857364,1.0000000000
92,7.7400000000,left_hand,6,0.6190082431,0.5824949145,-0.0393385850,1.0000000000
93,7.8240000000,left_hand,6,0.6224856377,0.5980786085,-0.0452999584,1.0000000000
94,7.9080000000,left_hand,6,0.6167834401,0.5989530683,-0.0336380638,1.0000000000
95,7.9920000000,left_hand,6,0.6109209657,0.5985062718,-0.0372633524,1.0000000000
96,8.0760000000,left_hand,6,0.6085074544,0.6077209115,-0.0472275577,1.0000000000
97,8.1600000000,left_hand,6,0.6136614680,0.6088927984,-0.0557740666,1.0000000000
98,8.2440000000,left_hand,6,0.6202182174,0.5973584652,-0.0469579510,1.0000000000
99,8.3280000000,left_hand,6,0.6180366278,0.5952912569,-0.0457658656,1.0000000000
100,8.4130000000,left_hand,6,0.6183024049,0.6624775529,-0.0441727340,1.0000000000
101,8.4970000000,left_hand,6,0.6253111959,0.6660811305,-0.0397439040,1.0000000000
102,8.5810000000,left_hand,6,0.6236380339,0.6651833057,-0.0447885878,1.0000000000
103,8.6650000000,left_hand,6,0.6287804246,0.6779316664,-0.0416441299,1.0000000000
104,8.7490000000,left_hand,6,0.6232489944,0.6677967310,-0.0317072310,1.0000000000
105,8.8330000000,left_hand,6,0.6129543185,0.6075413227,-0.0383001491,1.0000000000
106,8.9170000000,left_hand,6,0.6094564199,0.6058543324,-0.0329649970,1.0000000000
107,9.0010000000,left_hand,6,0.6044115424,0.6105623245,-0.0382782146,1.0000000000
108,9.0860000000,left_hand,6,0.6031970382,0.6212331057,-0.0507087633,1.0000000000
109,9.1700000000,left_hand,6,0.5963424444,0.6116462350,-0.0472424217,1.0000000000
110,9.2540000000,left_hand,6,0.5922921300,0.6045972705,-0.0557184443,1.0000000000
111,9.3380000000,left_hand,6,0.5928672552,0.5907733440,-0.0473672040,1.0000000000
112,9.4220000000,left_hand,6,0.5875834823,0.5863976479,-0.0336822495,1.0000000000
113,9.5060000000,left_hand,6,0.5790521502,0.5821329355,-0.0217305496,1.0000000000
114,9.5900000000,left_hand,6,0.5789228082,0.5814043283,-0.0236720257,1.0000000000
115,9.6740000000,left_hand,6,0.5748187900,0.5744079351,-0.0247200690,1.0000000000
116,9.7590000000,left_hand,6,0.5767013431,0.5593703389,-0.0274759475,1.0000000000
117,9.8430000000,left_hand,6,0.5744882822,0.5875321031,-0.0365733877,1.0000000000
118,9.9270000000,left_hand,6,0.5704318285,0.5685136318,-0.0353575312,1.0000000000
119,10.0110000000,left_hand,6,0.5694992542,0.5557795763,-0.0440723188,1.0000000000
120,10.0950000000,left_hand,6,0.5630474687,0.5663005114,-0.0196699593,1.0000000000
121,10.1790000000,left_hand,6,0.5676093698,0.5839749277,-0.0155154914,1.0000000000
122,10.2630000000,left_hand,6,0.5721712708,0.6016493440,-0.0113610234,1.0000000000
123,10.3470000000,left_hand,6,0.5834754109,0.5834645629,-0.0325964056,1.0000000000
124,10.4320000000,left_hand,6,0.5889154077,0.5906633139,-0.0132595664,1.0000000000
125,10.5160000000,left_hand,6,0.5800070167,0.6141368151,-0.0034359582,1.0000000000
126,10.6000000000,left_hand,6,0.5893896222,0.5844873190,-0.0205769408,1.0000000000
127,10.6840000000,left_hand,6,0.5928037763,0.5834953189,-0.0188717507,1.0000000000
128,10.7680000000,left_hand,6,0.4540732503,0.6307811737,-0.0182982963,1.0000000000
129,10.8520000000,left_hand,6,0.6031976938,0.5879722834,-0.0281340145,1.0000000000
130,10.9360000000,left_hand,6,0.4560967684,0.6385027766,-0.0154761579,1.0000000000
131,11.0200000000,left_hand,6,0.6010587215,0.5955411196,-0.0221295599,1.0000000000
132,11.1050000000,left_hand,6,0.6055328846,0.5954484940,-0.0220212266,1.0000000000
133,11.1890000000,left_hand,6,0.6021196842,0.6106085777,-0.0252200179,1.0000000000
134,11.2730000000,left_hand,6,0.6278604269,0.6363962889,-0.0519544221,1.0000000000
135,11.3570000000,left_hand,6,0.5837946534,0.5512060523,-0.0550211743,1.0000000000
136,11.4410000000,left_hand,6,0.4619138837,0.5830643773,-0.0306011662,1.0000000000
137,11.5250000000,left_hand,6,0.4641438723,0.5835531354,-0.0261404160,1.0000000000
138,11.6090000000,left_hand,6,0.4722308815,0.5919269323,-0.0109543726,1.0000000000
139,11.6930000000,left_hand,6,0.5022233799,0.5839866847,-0.0192983756,1.0000000000
140,11.7780000000,left_hand,6,0.5322158784,0.5760464370,-0.0276423786,1.0000000000
141,11.8620000000,left_hand,6,0.5622083768,0.5681061894,-0.0359863816,1.0000000000
142,11.9460000000,left_hand,6,0.5922008753,0.5601659417,-0.0443303846,1.0000000000
60,5.0480000000,left_hand,7,0.5661011338,0.5789080858,-0.0371265039,1.0000000000
61,5.1320000000,left_hand,7,0.5681346655,0.5900557637,-0.0335453004,1.0000000000
62,5.2160000000,left_hand,7,0.5718298554,0.5414863229,-0.0335344225,1.0000000000
63,5.3000000000,left_hand,7,0.5537992120,0.5657659173,-0.0482863449,1.0000000000
64,5.3840000000,left_hand,7,0.5463465452,0.6098992229,-0.0318618380,1.0000000000
65,5.4680000000,left_hand,7,0.5750513673,0.6134958863,-0.0292377863,1.0000000000
66,5.5520000000,left_hand,7,0.5670863986,0.6114811897,-0.0423551043,1.0000000000
67,5.6360000000,left_hand,7,0.5591214299,0.6094664931,-0.0554724224,1.0000000000
68,5.7210000000,left_hand,7,0.5654461384,0.6006123424,-0.0388792232,1.0000000000
69,5.8050000000,left_hand,7,0.5561687350,0.5370754004,-0.0502709895,1.0000000000
70,5.8890000000,left_hand,7,0.5542602539,0.5364449024,-0.0513975844,1.0000000000
71,5.9730000000,left_hand,7,0.5667083859,0.5301036835,-0.0359346867,1.0000000000
72,6.0570000000,left_hand,7,0.5659631491,0.5438535213,-0.0371207483,1.0000000000
73,6.1410000000,left_hand,7,0.5752506256,0.5591396689,-0.0362228677,1.0000000000
74,6.2250000000,left_hand,7,0.5753302574,0.5297235847,-0.0556894615,1.0000000000
75,6.3090000000,left_hand,7,0.5793452859,0.5392286777,-0.0391358733,1.0000000000
76,6.3940000000,left_hand,7,0.5025985837,0.5916625261,-0.0310960989,1.0000000000
77,6.4780000000,left_hand,7,0.5766883492,0.5557284951,-0.0401925184,1.0000000000
78,6.5620000000,left_hand,7,0.5775500536,0.5326145291,-0.0421119891,1.0000000000
79,6.6460000000,left_hand,7,0.5781811476,0.5415012240,-0.0469566211,1.0000000000
80,6.7300000000,left_hand,7,0.4877453744,0.6340256929,-0.0630767494,1.0000000000
81,6.8140000000,left_hand,7,0.5779318213,0.5328107476,-0.0695698559,1.0000000000
82,6.8980000000,left_hand,7,0.5567208529,0.5656960607,-0.0494774356,1.0000000000
83,6.9820000000,left_hand,7,0.5518068075,0.5544449687,-0.0494320355,1.0000000000
84,7.0670000000,left_hand,7,0.5537413955,0.5501927733,-0.0454578884,1.0000000000
85,7.1510000000,left_hand,7,0.5634140968,0.5496582389,-0.0294225737,1.0000000000
86,7.2350000000,left_hand,7,0.5874586701,0.5160247087,-0.0589224063,1.0000000000
87,7.3190000000,left_hand,7,0.5849038959,0.5718722343,-0.0330467857,1.0000000000
88,7.4030000000,left_hand,7,0.5862914324,0.5754102468,-0.0357252285,1.0000000000
89,7.4870000000,left_hand,7,0.5875517726,0.5387879610,-0.0759308264,1.0000000000
90,7.5710000000,left_hand,7,0.5931844115,0.5592455268,-0.0672801360,1.0000000000
91,7.6550000000,left_hand,7,0.5942417979,0.5636569262,-0.0341542885,1.0000000000
92,7.7400000000,left_hand,7,0.6001907587,0.5705326200,-0.0406296626,1.0000000000
93,7.8240000000,left_hand,7,0.6032080054,0.5874295831,-0.0467052311,1.0000000000
94,7.9080000000,left_hand,7,0.5971377492,0.5926142931,-0.0344015546,1.0000000000
95,7.9920000000,left_hand,7,0.5932210088,0.5850204825,-0.0422668681,1.0000000000
96,8.0760000000,left_hand,7,0.5899304748,0.5966807604,-0.0496781319,1.0000000000
97,8.1600000000,left_hand,7,0.5923746228,0.5975058675,-0.0595707558,1.0000000000
98,8.2440000000,left_hand,7,0.5975637436,0.5897820592,-0.0505081303,1.0000000000
99,8.3280000000,left_hand,7,0.5951837301,0.5867224336,-0.0477404594,1.0000000000
100,8.4130000000,left_hand,7,0.5966868401,0.6489916444,-0.0470329672,1.0000000000
101,8.4970000000,left_hand,7,0.6068659425,0.6613485217,-0.0419678576,1.0000000000
102,8.5810000000,left_hand,7,0.6045647264,0.6577547193,-0.0500983335,1.0000000000
103,8.6650000000,left_hand,7,0.6113573909,0.6773587465,-0.0455126502,1.0000000000
104,8.7490000000,left_hand,7,0.6063829064,0.6639226675,-0.0353567190,1.0000000000
105,8.8330000000,left_hand,7,0.5952383876,0.6005411148,-0.0434849113,1.0000000000
106,8.9170000000,left_hand,7,0.5892292261,0.5982410312,-0.0359100215,1.0000000000
107,9.0010000000,left_hand,7,0.5849618912,0.6050140858,-0.0390782058,1.0000000000
108,9.0860000000,left_hand,7,0.5832769275,0.6112306118,-0.0538243726,1.0000000000
109,9.1700000000,left_hand,7,0.5777192116,0.6014822125,-0.0490136445,1.0000000000
110,9.2540000000,left_hand,7,0.5728812218,0.5932701826,-0.0573841594,1.0000000000
111,9.3380000000,left_hand,7,0.5757145882,0.5860833526,-0.0481596068,1.0000000000
112,9.4220000000,left_hand,7,0.5742534399,0.5883350968,-0.0325124897,1.0000000000
113,9.5060000000,left_hand,7,0.5610679388,0.5780667067,-0.0198975112,1.0000000000
114,9.5900000000,left_hand,7,0.5610275269,0.5710752010,-0.0239246450,1.0000000000
115,9.6740000000,left_hand,7,0.5561076999,0.5682157278,-0.0261131115,1.0000000000
116,9.7590000000,left_hand,7,0.5575158000,0.5567821264,-0.0282357745,1.0000000000
117,9.8430000000,left_hand,7,0.5559363961,0.5817237496,-0.0358633064,1.0000000000
118,9.9270000000,left_hand,7,0.5496280193,0.5646888018,-0.0369683914,1.0000000000
119,10.0110000000,left_hand,7,0.5465839505,0.5547971129,-0.0441707075,1.0000000000
120,10.0950000000,left_hand,7,0.5449668169,0.5672926307,-0.0217337459,1.0000000000
121,10.1790000000,left_hand,7,0.5548102856,0.5788644850,-0.0161395455,1.0000000000
122,10.2630000000,left_hand,7,0.5646537542,0.5904363394,-0.0105453450,1.0000000000
123,10.3470000000,left_hand,7,0.5680893660,0.5778813362,-0.0326668993,1.0000000000
124,10.4320000000,left_hand,7,0.5749809742,0.5869091153,-0.0139973937,1.0000000000
125,10.5160000000,left_hand,7,0.5709275603,0.6142795682,-0.0032656428,1.0000000000
126,10.6000000000,left_hand,7,0.5750620365,0.5899823904,-0.0231058262,1.0000000000
127,10.6840000000,left_hand,7,0.5775386095,0.5890902877,-0.0205747690,1.0000000000
128,10.7680000000,left_hand,7,0.4677826762,0.6390662789,-0.0220493004,1.0000000000
129,10.8520000000,left_hand,7,0.5873660445,0.5997262001,-0.0314269736,1.0000000000
130,10.9360000000,left_hand,7,0.4698497057,0.6481866241,-0.0173472930,1.0000000000
131,11.0200000000,left_hand,7,0.5871011615,0.6029338837,-0.0243918169,1.0000000000
132,11.1050000000,left_hand,7,0.5911456347,0.6045319438,-0.0249438807,1.0000000000
133,11.1890000000,left_hand,7,0.5865647197,0.6191803217,-0.0275452416,1.0000000000
134,11.2730000000,left_hand,7,0.6084973216,0.6509234905,-0.0573155954,1.0000000000
135,11.3570000000,left_hand,7,0.5639803410,0.5710968375,-0.0650171563,1.0000000000
136,11.4410000000,left_hand,7,0.4778025150,0.5995271802,-0.0344765782,1.0000000000
137,11.5250000000,left_hand,7,0.4799714088,0.5921056271,-0.0299274791,1.0000000000
138,11.6090000000,left_hand,7,0.4854537845,0.5972579718,-0.0119419172,1.0000000000
139,11.6930000000,left_hand,7,0.5069675744,0.5927495807,-0.0211668210,1.0000000000
140,11.7780000000,left_hand,7,0.5284813643,0.5882411897,-0.0303917248,1.0000000000
141,11.8620000000,left_hand,7,0.5499951541,0.5837327987,-0.0396166285,1.0000000000
142,11.9460000000,left_hand,7,0.5715089440,0.5792244077,-0.0488415323,1.0000000000
60,5.0480000000,left_hand,8,0.5535119176,0.5805081129,-0.0385143794,1.0000000000
61,5.1320000000,left_hand,8,0.5565113425,0.6010035872,-0.0342415832,1.0000000000
62,5.2160000000,left_hand,8,0.5595217943,0.5511835217,-0.0342910513,1.0000000000
63,5.3000000000,left_hand,8,0.5332618356,0.5643092394,-0.0514666475,1.0000000000
64,5.3840000000,left_hand,8,0.5305196643,0.6267829537,-0.0360847078,1.0000000000
65,5.4680000000,left_hand,8,0.5633625984,0.6324468255,-0.0304298662,1.0000000000
66,5.5520000000,left_hand,8,0.5549043417,0.6270498335,-0.0444099978,1.0000000000
67,5.6360000000,left_hand,8,0.5464460850,0.6216528416,-0.0583901294,1.0000000000
68,5.7210000000,left_hand,8,0.5519746542,0.6060343981,-0.0421149731,1.0000000000
69,5.8050000000,left_hand,8,0.5413215160,0.5555628538,-0.0522163510,1.0000000000
70,5.8890000000,left_hand,8,0.5409116745,0.5479420424,-0.0533353314,1.0000000000
71,5.9730000000,left_hand,8,0.5500365496,0.5265523195,-0.0366301052,1.0000000000
72,6.0570000000,left_hand,8,0.5540871024,0.5344843268,-0.0366232395,1.0000000000
73,6.1410000000,left_hand,8,0.5640580654,0.5461629629,-0.0348907970,1.0000000000
74,6.2250000000,left_hand,8,0.5599018931,0.5107777119,-0.0563109703,1.0000000000
75,6.3090000000,left_hand,8,0.5651540160,0.5231832266,-0.0383861996,1.0000000000
76,6.3940000000,left_hand,8,0.5156995654,0.5721918941,-0.0331178159,1.0000000000
77,6.4780000000,left_hand,8,0.5626428127,0.5422426462,-0.0415292569,1.0000000000
78,6.5620000000,left_hand,8,0.5626265407,0.5168919563,-0.0434681401,1.0000000000
79,6.6460000000,left_hand,8,0.5638432503,0.5267660618,-0.0468133017,1.0000000000
80,6.7300000000,left_hand,8,0.5022341013,0.6095380187,-0.0670841858,1.0000000000
81,6.8140000000,left_hand,8,0.5642553568,0.5160173178,-0.0669073761,1.0000000000
82,6.8980000000,left_hand,8,0.5432376862,0.5495494008,-0.0487133935,1.0000000000
83,6.9820000000,left_hand,8,0.5386282206,0.5343531370,-0.0493999533,1.0000000000
84,7.0670000000,left_hand,8,0.5413218737,0.5326420665,-0.0444166921,1.0000000000
85,7.1510000000,left_hand,8,0.5524774194,0.5374972820,-0.0262009241,1.0000000000
86,7.2350000000,left_hand,8,0.5781883597,0.5113939643,-0.0541537702,1.0000000000
87,7.3190000000,left_hand,8,0.5771229863,0.5659453273,-0.0311573725,1.0000000000
88,7.4030000000,left_hand,8,0.5829391479,0.5693123341,-0.0347299911,1.0000000000
89,7.4870000000,left_hand,8,0.5649555326,0.5264931917,-0.0776768029,1.0000000000
90,7.5710000000,left_hand,8,0.5740045309,0.5546163917,-0.0760646462,1.0000000000
91,7.6550000000,left_hand,8,0.5834311843,0.5512446165,-0.0340972207,1.0000000000
92,7.7400000000,left_hand,8,0.5880873203,0.5607234836,-0.0401728004,1.0000000000
93,7.8240000000,left_hand,8,0.5912621021,0.5783129334,-0.0456109196,1.0000000000
94,7.9080000000,left_hand,8,0.5845075250,0.5863288641,-0.0331738628,1.0000000000
95,7.9920000000,left_hand,8,0.5808508396,0.5740425587,-0.0441456251,1.0000000000
96,8.0760000000,left_hand,8,0.5770475268,0.5871298909,-0.0495271757,1.0000000000
97,8.1600000000,left_hand,8,0.5775306821,0.5877841711,-0.0600525066,1.0000000000
98,8.2440000000,left_hand,8,0.5808175206,0.5835088491,-0.0514628664,1.0000000000
99,8.3280000000,left_hand,8,0.5788822174,0.5803928971,-0.0472426638,1.0000000000
100,8.4130000000,left_hand,8,0.5813383460,0.6354598999,-0.0474210642,1.0000000000
101,8.4970000000,left_hand,8,0.5939878225,0.6561530232,-0.0424774364,1.0000000000
102,8.5810000000,left_hand,8,0.5898101926,0.6493954659,-0.0531577133,1.0000000000
103,8.6650000000,left_hand,8,0.5992294550,0.6748622060,-0.0471517257,1.0000000000
104,8.7490000000,left_hand,8,0.5938465595,0.6597434282,-0.0371835008,1.0000000000
105,8.8330000000,left_hand,8,0.5837376118,0.5937990546,-0.0459274165,1.0000000000
106,8.9170000000,left_hand,8,0.5760286450,0.5920497179,-0.0363173112,1.0000000000
107,9.0010000000,left_hand,8,0.5728623271,0.5991728902,-0.0378509946,1.0000000000
108,9.0860000000,left_hand,8,0.5709719062,0.6003047228,-0.0537889190,1.0000000000
109,9.1700000000,left_hand,8,0.5677523613,0.5901762843,-0.0482043363,1.0000000000
110,9.2540000000,left_hand,8,0.5621037483,0.5813928843,-0.0562732778,1.0000000000
111,9.3380000000,left_hand,8,0.5664474368,0.5832406282,-0.0470303483,1.0000000000
112,9.4220000000,left_hand,8,0.5709685087,0.5904194117,-0.0296342634,1.0000000000
113,9.5060000000,left_hand,8,0.5502500534,0.5764125586,-0.0174029451,1.0000000000
114,9.5900000000,left_hand,8,0.5504402518,0.5640909076,-0.0226248093,1.0000000000
115,9.6740000000,left_hand,8,0.5437314510,0.5639736652,-0.0257256012,1.0000000000
116,9.7590000000,left_hand,8,0.5479108095,0.5558681488,-0.0273373388,1.0000000000
117,9.8430000000,left_hand,8,0.5472922325,0.5774250031,-0.0327657089,1.0000000000
118,9.9270000000,left_hand,8,0.5359398127,0.5622348785,-0.0365214124,1.0000000000
119,10.0110000000,left_hand,8,0.5306987762,0.5556927919,-0.0420825258,1.0000000000
120,10.0950000000,left_hand,8,0.5316069126,0.5679088831,-0.0226537846,1.0000000000
121,10.1790000000,left_hand,8,0.5476172864,0.5751949251,-0.0155093921,1.0000000000
122,10.2630000000,left_hand,8,0.5636276603,0.5824809670,-0.0083649997,1.0000000000
123,10.3470000000,left_hand,8,0.5612187386,0.5745277405,-0.0308949407,1.0000000000
124,10.4320000000,left_hand,8,0.5663864613,0.5848438740,-0.0136756152,1.0000000000
125,10.5160000000,left_hand,8,0.5667533875,0.6142305732,-0.0031640106,1.0000000000
126,10.6000000000,left_hand,8,0.5658532381,0.5941384435,-0.0243266467,1.0000000000
127,10.6840000000,left_hand,8,0.5669659972,0.5966023803,-0.0213141963,1.0000000000
128,10.7680000000,left_hand,8,0.4777565598,0.6447409391,-0.0240995660,1.0000000000
129,10.8520000000,left_hand,8,0.5757895708,0.6112181544,-0.0334678814,1.0000000000
130,10.9360000000,left_hand,8,0.4792111218,0.6543685198,-0.0178162884,1.0000000000
131,11.0200000000,left_hand,8,0.5769315362,0.6096101403,-0.0253915600,1.0000000000
132,11.1050000000,left_hand,8,0.5806695819,0.6122249365,-0.0268197656,1.0000000000
133,11.1890000000,left_hand,8,0.5761869550,0.6247434616,-0.0283874273,1.0000000000
134,11.2730000000,left_hand,8,0.5926617384,0.6587983966,-0.0611673035,1.0000000000
135,11.3570000000,left_hand,8,0.5516069531,0.5873318315,-0.0708490834,1.0000000000
136,11.4410000000,left_hand,8,0.4888273776,0.6105546951,-0.0364321172,1.0000000000
137,11.5250000000,left_hand,8,0.4910831749,0.5977758169,-0.0318877101,1.0000000000
138,11.6090000000,left_hand,8,0.4939476848,0.6001384854,-0.0122800106,1.0000000000
139,11.6930000000,left_hand,8,0.5102180392,0.5992308259,-0.0218320831,1.0000000000
140,11.7780000000,left_hand,8,0.5264883935,0.5983231664,-0.0313841556,1.0000000000
141,11.8620000000,left_hand,8,0.5427587479,0.5974155068,-0.0409362281,1.0000000000
142,11.9460000000,left_hand,8,0.5590291023,0.5965078473,-0.0504883006,1.0000000000
60,5.0480000000,left_hand,9,0.6192153096,0.5997744799,-0.0244650878,1.0000000000
61,5.1320000000,left_hand,9,0.6198962927,0.5913146138,-0.0248352997,1.0000000000
62,5.2160000000,left_hand,9,0.6256790161,0.5708739758,-0.0238618255,1.0000000000
63,5.3000000000,left_hand,9,0.6246579885,0.5922538638,-0.0335717537,1.0000000000
64,5.3840000000,left_hand,9,0.6065818667,0.5716344714,-0.0215718821,1.0000000000
65,5.4680000000,left_hand,9,0.6125242114,0.5640877485,-0.0240277648,1.0000000000
66,5.5520000000,left_hand,9,0.6161546111,0.5574928522,-0.0289385691,1.0000000000
67,5.6360000000,left_hand,9,0.6197850108,0.5508979559,-0.0338493735,1.0000000000
68,5.7210000000,left_hand,9,0.6241541505,0.5930335522,-0.0277360678,1.0000000000
69,5.8050000000,left_hand,9,0.6227990985,0.5631639361,-0.0373200662,1.0000000000
70,5.8890000000,left_hand,9,0.6274830699,0.5496203899,-0.0407873504,1.0000000000
71,5.9730000000,left_hand,9,0.6331505775,0.5711054206,-0.0281036645,1.0000000000
72,6.0570000000,left_hand,9,0.6205165982,0.6108535528,-0.0252872407,1.0000000000
73,6.1410000000,left_hand,9,0.6296134591,0.6345568895,-0.0267334245,1.0000000000
74,6.2250000000,left_hand,9,0.6297523379,0.6229061484,-0.0370902903,1.0000000000
75,6.3090000000,left_hand,9,0.6261354685,0.6291316152,-0.0278774314,1.0000000000
76,6.3940000000,left_hand,9,0.4401434958,0.6234498620,-0.0256467871,1.0000000000
77,6.4780000000,left_hand,9,0.6247327328,0.6350709200,-0.0249354132,1.0000000000
78,6.5620000000,left_hand,9,0.6274694204,0.6147159934,-0.0267827455,1.0000000000
79,6.6460000000,left_hand,9,0.6278342605,0.6293364167,-0.0318144634,1.0000000000
80,6.7300000000,left_hand,9,0.4135595262,0.6546410322,-0.0447231531,1.0000000000
81,6.8140000000,left_hand,9,0.6326647997,0.6442618966,-0.0516481884,1.0000000000
82,6.8980000000,left_hand,9,0.6201431155,0.6489173174,-0.0341262668,1.0000000000
83,6.9820000000,left_hand,9,0.6146213412,0.6448045969,-0.0337475203,1.0000000000
84,7.0670000000,left_hand,9,0.6158152819,0.6305904388,-0.0329294987,1.0000000000
85,7.1510000000,left_hand,9,0.6184572577,0.6282840967,-0.0259249397,1.0000000000
86,7.2350000000,left_hand,9,0.6373847127,0.6213454604,-0.0478990488,1.0000000000
87,7.3190000000,left_hand,9,0.6308512092,0.6453957558,-0.0258827470,1.0000000000
88,7.4030000000,left_hand,9,0.6309882998,0.6411886215,-0.0241513904,1.0000000000
89,7.4870000000,left_hand,9,0.6522639990,0.6328450441,-0.0515918136,1.0000000000
90,7.5710000000,left_hand,9,0.6580836177,0.6416370869,-0.0349618234,1.0000000000
91,7.6550000000,left_hand,9,0.6425037384,0.6268208027,-0.0234953873,1.0000000000
92,7.7400000000,left_hand,9,0.6465640664,0.6321057081,-0.0275969878,1.0000000000
93,7.8240000000,left_hand,9,0.6593891382,0.6404943466,-0.0330843888,1.0000000000
94,7.9080000000,left_hand,9,0.6528398991,0.6331415176,-0.0245800577,1.0000000000
95,7.9920000000,left_hand,9,0.6366539001,0.6434454918,-0.0236365627,1.0000000000
96,8.0760000000,left_hand,9,0.6430280805,0.6509864330,-0.0355532728,1.0000000000
97,8.1600000000,left_hand,9,0.6494011283,0.6510080695,-0.0402556546,1.0000000000
98,8.2440000000,left_hand,9,0.6564612985,0.6393427253,-0.0347268470,1.0000000000
99,8.3280000000,left_hand,9,0.6559844017,0.6408113837,-0.0345065519,1.0000000000
100,8.4130000000,left_hand,9,0.6589635015,0.6438229680,-0.0337918364,1.0000000000
101,8.4970000000,left_hand,9,0.6588476896,0.6411414146,-0.0315296650,1.0000000000
102,8.5810000000,left_hand,9,0.6595524549,0.6471070051,-0.0361284539,1.0000000000
103,8.6650000000,left_hand,9,0.6560975909,0.6445801258,-0.0330098718,1.0000000000
104,8.7490000000,left_hand,9,0.6499090195,0.6440139413,-0.0238577221,1.0000000000
105,8.8330000000,left_hand,9,0.6416831017,0.6442826986,-0.0232160762,1.0000000000
106,8.9170000000,left_hand,9,0.6409051418,0.6409502029,-0.0218241047,1.0000000000
107,9.0010000000,left_hand,9,0.6414558887,0.6469388008,-0.0272910669,1.0000000000
108,9.0860000000,left_hand,9,0.6388098598,0.6559534669,-0.0339334123,1.0000000000
109,9.1700000000,left_hand,9,0.6325530410,0.6476846933,-0.0319879726,1.0000000000
110,9.2540000000,left_hand,9,0.6311402917,0.6448582411,-0.0386502035,1.0000000000
111,9.3380000000,left_hand,9,0.6314244866,0.6393746734,-0.0329961032,1.0000000000
112,9.4220000000,left_hand,9,0.6234202981,0.6292467713,-0.0257881917,1.0000000000
113,9.5060000000,left_hand,9,0.6166969538,0.6084513664,-0.0184941664,1.0000000000
114,9.5900000000,left_hand,9,0.6140008569,0.6177680492,-0.0167291164,1.0000000000
115,9.6740000000,left_hand,9,0.6101168394,0.6112314463,-0.0182187688,1.0000000000
116,9.7590000000,left_hand,9,0.6108902097,0.6012601852,-0.0224650335,1.0000000000
117,9.8430000000,left_hand,9,0.6153355837,0.6238519549,-0.0285029709,1.0000000000
118,9.9270000000,left_hand,9,0.6087974310,0.6048508286,-0.0257941112,1.0000000000
119,10.0110000000,left_hand,9,0.6174823642,0.5882050395,-0.0374294482,1.0000000000
120,10.0950000000,left_hand,9,0.5937208533,0.5887466073,-0.0130236028,1.0000000000
121,10.1790000000,left_hand,9,0.5996502340,0.6094079018,-0.0115852449,1.0000000000
122,10.2630000000,left_hand,9,0.6055796146,0.6300691962,-0.0101468870,1.0000000000
123,10.3470000000,left_hand,9,0.6217598319,0.6228961349,-0.0241915882,1.0000000000
124,10.4320000000,left_hand,9,0.6194906831,0.6233143806,-0.0100932783,1.0000000000
125,10.5160000000,left_hand,9,0.6091982722,0.5982147455,-0.0018166978,1.0000000000
126,10.6000000000,left_hand,9,0.6220309138,0.6075628996,-0.0172939654,1.0000000000
127,10.6840000000,left_hand,9,0.6223467588,0.6014898419,-0.0159335844,1.0000000000
128,10.7680000000,left_hand,9,0.4300207198,0.6367806792,-0.0117978379,1.0000000000
129,10.8520000000,left_hand,9,0.6317389607,0.5901165009,-0.0234553311,1.0000000000
130,10.9360000000,left_hand,9,0.4295658469,0.6389207840,-0.0108052418,1.0000000000
131,11.0200000000,left_hand,9,0.6287565231,0.6097299457,-0.0177978799,1.0000000000
132,11.1050000000,left_hand,9,0.6336694956,0.6033470631,-0.0192693472,1.0000000000
133,11.1890000000,left_hand,9,0.6299393773,0.6180383563,-0.0199886113,1.0000000000
134,11.2730000000,left_hand,9,0.6358691454,0.5704694390,-0.0422250479,1.0000000000
135,11.3570000000,left_hand,9,0.6241149306,0.5700661540,-0.0427567996,1.0000000000
136,11.4410000000,left_hand,9,0.4300974011,0.5788618326,-0.0239782594,1.0000000000
137,11.5250000000,left_hand,9,0.4345445335,0.5939212441,-0.0201077349,1.0000000000
138,11.6090000000,left_hand,9,0.4451144934,0.6057004333,-0.0095318547,1.0000000000
139,11.6930000000,left_hand,9,0.4918083549,0.5882933140,-0.0157837973,1.0000000000
140,11.7780000000,left_hand,9,0.5385022163,0.5708861947,-0.0220357399,1.0000000000
141,11.8620000000,left_hand,9,0.5851960778,0.5534790754,-0.0282876824,1.0000000000
142,11.9460000000,left_hand,9,0.6318899393,0.5360719562,-0.0345396250,1.0000000000
60,5.0480000000,left_hand,10,0.5861281157,0.6108235717,-0.0336531512,1.0000000000
61,5.1320000000,left_hand,10,0.5847342610,0.6013146639,-0.0308040753,1.0000000000
62,5.2160000000,left_hand,10,0.5918704867,0.5766801834,-0.0330672488,1.0000000000
63,5.3000000000,left_hand,10,0.5745151043,0.5879488587,-0.0460909382,1.0000000000
64,5.3840000000,left_hand,10,0.5701110959,0.6043594480,-0.0307219662,1.0000000000
65,5.4680000000,left_hand,10,0.5844210982,0.5987122059,-0.0317228995,1.0000000000
66,5.5520000000,left_hand,10,0.5800808370,0.5931100845,-0.0376947448,1.0000000000
67,5.6360000000,left_hand,10,0.5757405758,0.5875079632,-0.0436665900,1.0000000000
68,5.7210000000,left_hand,10,0.5872931480,0.6147266030,-0.0365481153,1.0000000000
69,5.8050000000,left_hand,10,0.5811609626,0.5686158538,-0.0500032753,1.0000000000
70,5.8890000000,left_hand,10,0.5774502754,0.5592592955,-0.0514108241,1.0000000000
71,5.9730000000,left_hand,10,0.5869545937,0.5541971922,-0.0358479917,1.0000000000
72,6.0570000000,left_hand,10,0.5795198083,0.5864393711,-0.0306492429,1.0000000000
73,6.1410000000,left_hand,10,0.5883535743,0.6131350398,-0.0326563977,1.0000000000
74,6.2250000000,left_hand,10,0.5882260203,0.5895935893,-0.0483755693,1.0000000000
75,6.3090000000,left_hand,10,0.5864913464,0.5898123384,-0.0350283533,1.0000000000
76,6.3940000000,left_hand,10,0.4845090210,0.5906813741,-0.0360698961,1.0000000000
77,6.4780000000,left_hand,10,0.5905801058,0.6071451306,-0.0335025638,1.0000000000
78,6.5620000000,left_hand,10,0.5889550447,0.5791037083,-0.0364358798,1.0000000000
79,6.6460000000,left_hand,10,0.5875108242,0.5858889222,-0.0413920283,1.0000000000
80,6.7300000000,left_hand,10,0.4623169303,0.6348134279,-0.0607354715,1.0000000000
81,6.8140000000,left_hand,10,0.5787532330,0.6035582423,-0.0661724731,1.0000000000
82,6.8980000000,left_hand,10,0.5728597045,0.6259911656,-0.0425512195,1.0000000000
83,6.9820000000,left_hand,10,0.5663899183,0.6090971828,-0.0419686735,1.0000000000
84,7.0670000000,left_hand,10,0.5688512325,0.5996437669,-0.0399779826,1.0000000000
85,7.1510000000,left_hand,10,0.5731156468,0.6010314822,-0.0313511118,1.0000000000
86,7.2350000000,left_hand,10,0.5813116431,0.5843323469,-0.0616137311,1.0000000000
87,7.3190000000,left_hand,10,0.5882186294,0.6156255603,-0.0311165545,1.0000000000
88,7.4030000000,left_hand,10,0.5926709771,0.6224775314,-0.0295809079,1.0000000000
89,7.4870000000,left_hand,10,0.6124027371,0.6079966426,-0.0659859627,1.0000000000
90,7.5710000000,left_hand,10,0.6110710502,0.6135738492,-0.0487143323,1.0000000000
91,7.6550000000,left_hand,10,0.6079877019,0.6101006269,-0.0302182939,1.0000000000
92,7.7400000000,left_hand,10,0.6128125191,0.6121925116,-0.0339682959,1.0000000000
93,7.8240000000,left_hand,10,0.6185860038,0.6326161623,-0.0420128107,1.0000000000
94,7.9080000000,left_hand,10,0.6154688597,0.6285694242,-0.0315113366,1.0000000000
95,7.9920000000,left_hand,10,0.6064034104,0.6269966960,-0.0326626934,1.0000000000
96,8.0760000000,left_hand,10,0.6055382490,0.6371477246,-0.0465360619,1.0000000000
97,8.1600000000,left_hand,10,0.6075213552,0.6351594329,-0.0542902909,1.0000000000
98,8.2440000000,left_hand,10,0.6146502495,0.6264580488,-0.0457163304,1.0000000000
99,8.3280000000,left_hand,10,0.6131092906,0.6223808527,-0.0457710437,1.0000000000
100,8.4130000000,left_hand,10,0.6160351038,0.6268479228,-0.0445636399,1.0000000000
101,8.4970000000,left_hand,10,0.6209817529,0.6330497861,-0.0416996293,1.0000000000
102,8.5810000000,left_hand,10,0.6202400327,0.6325932145,-0.0492882729,1.0000000000
103,8.6650000000,left_hand,10,0.6226787567,0.6414393783,-0.0430387668,1.0000000000
104,8.7490000000,left_hand,10,0.6199085116,0.6378718615,-0.0315118246,1.0000000000
105,8.8330000000,left_hand,10,0.6137603521,0.6368417144,-0.0317874365,1.0000000000
106,8.9170000000,left_hand,10,0.6078918576,0.6346103549,-0.0297694504,1.0000000000
107,9.0010000000,left_hand,10,0.6033424139,0.6427940726,-0.0350741409,1.0000000000
108,9.0860000000,left_hand,10,0.6022916436,0.6568380594,-0.0452146418,1.0000000000
109,9.1700000000,left_hand,10,0.5944105983,0.6452038884,-0.0426660888,1.0000000000
110,9.2540000000,left_hand,10,0.5878639221,0.6387607455,-0.0492719524,1.0000000000
111,9.3380000000,left_hand,10,0.5888952017,0.6333388686,-0.0417952277,1.0000000000
112,9.4220000000,left_hand,10,0.5788467526,0.6235049963,-0.0333045125,1.0000000000
113,9.5060000000,left_hand,10,0.5763539672,0.5951150060,-0.0211629570,1.0000000000
114,9.5900000000,left_hand,10,0.5763590932,0.6022158265,-0.0198659655,1.0000000000
115,9.6740000000,left_hand,10,0.5733891726,0.6010728478,-0.0220471118,1.0000000000
116,9.7590000000,left_hand,10,0.5746154189,0.5989621282,-0.0280710012,1.0000000000
117,9.8430000000,left_hand,10,0.5709915757,0.6202836037,-0.0365269221,1.0000000000
118,9.9270000000,left_hand,10,0.5672707558,0.5988371372,-0.0321370475,1.0000000000
119,10.0110000000,left_hand,10,0.5671529770,0.5833042860,-0.0481936336,1.0000000000
120,10.0950000000,left_hand,10,0.5614150167,0.5859073997,-0.0160103701,1.0000000000
121,10.1790000000,left_hand,10,0.5670405924,0.6075575352,-0.0144476066,1.0000000000
122,10.2630000000,left_hand,10,0.5726661682,0.6292076707,-0.0128848432,1.0000000000
123,10.3470000000,left_hand,10,0.5803658366,0.6145281196,-0.0305285249,1.0000000000
124,10.4320000000,left_hand,10,0.5880798697,0.6151583791,-0.0133427978,1.0000000000
125,10.5160000000,left_hand,10,0.5837053061,0.5946175456,0.0003033005,1.0000000000
126,10.6000000000,left_hand,10,0.5919073820,0.6201503277,-0.0227599386,1.0000000000
127,10.6840000000,left_hand,10,0.5920888782,0.6142042875,-0.0209205765,1.0000000000
128,10.7680000000,left_hand,10,0.4512305260,0.6526874304,-0.0172021650,1.0000000000
129,10.8520000000,left_hand,10,0.6028035879,0.6088504195,-0.0301414952,1.0000000000
130,10.9360000000,left_hand,10,0.4543864727,0.6569666266,-0.0150887482,1.0000000000
131,11.0200000000,left_hand,10,0.6044548750,0.6212632656,-0.0234442651,1.0000000000
132,11.1050000000,left_hand,10,0.6094160080,0.6188015342,-0.0252259988,1.0000000000
133,11.1890000000,left_hand,10,0.6024563909,0.6327739954,-0.0263183862,1.0000000000
134,11.2730000000,left_hand,10,0.6080613732,0.6121782064,-0.0537055247,1.0000000000
135,11.3570000000,left_hand,10,0.5904242992,0.5843863487,-0.0570836402,1.0000000000
136,11.4410000000,left_hand,10,0.4563065469,0.6142742038,-0.0318357199,1.0000000000
137,11.5250000000,left_hand,10,0.4621606171,0.6143313050,-0.0264220778,1.0000000000
138,11.6090000000,left_hand,10,0.4682036042,0.6224316955,-0.0119257355,1.0000000000
139,11.6930000000,left_hand,10,0.4983579069,0.6057523340,-0.0204846577,1.0000000000
140,11.7780000000,left_hand,10,0.5285122097,0.5890729725,-0.0290435799,1.0000000000
141,11.8620000000,left_hand,10,0.5586665124,0.5723936111,-0.0376025022,1.0000000000
142,11.9460000000,left_hand,10,0.5888208151,0.5557142496,-0.0461614244,1.0000000000
60,5.0480000000,left_hand,11,0.5670439601,0.6111333966,-0.0357021354,1.0000000000
61,5.1320000000,left_hand,11,0.5685712099,0.6067880988,-0.0307862032,1.0000000000
62,5.2160000000,left_hand,11,0.5802294016,0.5960951447,-0.0327395089,1.0000000000
63,5.3000000000,left_hand,11,0.5446280241,0.5771002173,-0.0507733971,1.0000000000
64,5.3840000000,left_hand,11,0.5466005206,0.6264413595,-0.0363257974,1.0000000000
65,5.4680000000,left_hand,11,0.5635530353,0.6243698597,-0.0348312594,1.0000000000
66,5.5520000000,left_hand,11,0.5585769415,0.6190688610,-0.0404961370,1.0000000000
67,5.6360000000,left_hand,11,0.5536008477,0.6137678623,-0.0461610146,1.0000000000
68,5.7210000000,left_hand,11,0.5671752691,0.6213470101,-0.0397212207,1.0000000000
69,5.8050000000,left_hand,11,0.5577577353,0.5816017389,-0.0533694439,1.0000000000
70,5.8890000000,left_hand,11,0.5555847287,0.5718132854,-0.0528297238,1.0000000000
71,5.9730000000,left_hand,11,0.5624887943,0.5441817045,-0.0357789882,1.0000000000
72,6.0570000000,left_hand,11,0.5615509152,0.5625476837,-0.0282902494,1.0000000000
73,6.1410000000,left_hand,11,0.5703273416,0.5914377570,-0.0308820009,1.0000000000
74,6.2250000000,left_hand,11,0.5668389797,0.5632374883,-0.0482973866,1.0000000000
75,6.3090000000,left_hand,11,0.5662165880,0.5623139143,-0.0333759822,1.0000000000
76,6.3940000000,left_hand,11,0.5066174865,0.5662209988,-0.0394527502,1.0000000000
77,6.4780000000,left_hand,11,0.5704678297,0.5897083879,-0.0354387313,1.0000000000
78,6.5620000000,left_hand,11,0.5670421720,0.5555515885,-0.0388499759,1.0000000000
79,6.6460000000,left_hand,11,0.5658913255,0.5583681464,-0.0421868153,1.0000000000
80,6.7300000000,left_hand,11,0.4879138768,0.6106804013,-0.0661398917,1.0000000000
81,6.8140000000,left_hand,11,0.5522968173,0.5666547418,-0.0630192608,1.0000000000
82,6.8980000000,left_hand,11,0.5550125837,0.6016891003,-0.0411880948,1.0000000000
83,6.9820000000,left_hand,11,0.5586046576,0.5829690695,-0.0397433601,1.0000000000
84,7.0670000000,left_hand,11,0.5527349114,0.5771372318,-0.0371293873,1.0000000000
85,7.1510000000,left_hand,11,0.5597648025,0.5778389573,-0.0269877836,1.0000000000
86,7.2350000000,left_hand,11,0.5635192394,0.5561541319,-0.0548843592,1.0000000000
87,7.3190000000,left_hand,11,0.5773599744,0.5964849591,-0.0271376669,1.0000000000
88,7.4030000000,left_hand,11,0.5825666785,0.6064927578,-0.0279331580,1.0000000000
89,7.4870000000,left_hand,11,0.5892371535,0.5859774947,-0.0630125701,1.0000000000
90,7.5710000000,left_hand,11,0.5890734792,0.5928817391,-0.0540154651,1.0000000000
91,7.6550000000,left_hand,11,0.5906140804,0.5938436985,-0.0293641742,1.0000000000
92,7.7400000000,left_hand,11,0.5961228013,0.5937592983,-0.0318609849,1.0000000000
93,7.8240000000,left_hand,11,0.5981798172,0.6191517115,-0.0408644192,1.0000000000
94,7.9080000000,left_hand,11,0.5948482752,0.6176012158,-0.0305371080,1.0000000000
95,7.9920000000,left_hand,11,0.5882660151,0.6115813851,-0.0352435783,1.0000000000
96,8.0760000000,left_hand,11,0.5861732364,0.6201775074,-0.0464262813,1.0000000000
97,8.1600000000,left_hand,11,0.5840814114,0.6170055270,-0.0560339466,1.0000000000
98,8.2440000000,left_hand,11,0.5882641077,0.6130429506,-0.0478506833,1.0000000000
99,8.3280000000,left_hand,11,0.5880280137,0.6087134480,-0.0465318188,1.0000000000
100,8.4130000000,left_hand,11,0.5899266005,0.6106879711,-0.0467603467,1.0000000000
101,8.4970000000,left_hand,11,0.6001651287,0.6256847382,-0.0429083630,1.0000000000
102,8.5810000000,left_hand,11,0.5958278179,0.6204398274,-0.0539504364,1.0000000000
103,8.6650000000,left_hand,11,0.6031591892,0.6353365779,-0.0448829047,1.0000000000
104,8.7490000000,left_hand,11,0.6013823748,0.6302046776,-0.0334701203,1.0000000000
105,8.8330000000,left_hand,11,0.5971866846,0.6279399395,-0.0346685871,1.0000000000
106,8.9170000000,left_hand,11,0.5870123506,0.6240450740,-0.0313509814,1.0000000000
107,9.0010000000,left_hand,11,0.5825848579,0.6298547387,-0.0340975858,1.0000000000
108,9.0860000000,left_hand,11,0.5813775659,0.6417912245,-0.0451120213,1.0000000000
109,9.1700000000,left_hand,11,0.5763187408,0.6281374693,-0.0417385660,1.0000000000
110,9.2540000000,left_hand,11,0.5714400411,0.6196799874,-0.0473107286,1.0000000000
111,9.3380000000,left_hand,11,0.5747730732,0.6191508770,-0.0392838828,1.0000000000
112,9.4220000000,left_hand,11,0.5693988204,0.6167356968,-0.0296451505,1.0000000000
113,9.5060000000,left_hand,11,0.5607500672,0.5891198516,-0.0182365682,1.0000000000
114,9.5900000000,left_hand,11,0.5614907146,0.5882084966,-0.0182141587,1.0000000000
115,9.6740000000,left_hand,11,0.5581603050,0.5920875669,-0.0210651774,1.0000000000
116,9.7590000000,left_hand,11,0.5598268509,0.5970459580,-0.0262157992,1.0000000000
117,9.8430000000,left_hand,11,0.5570245981,0.6089644432,-0.0317190662,1.0000000000
118,9.9270000000,left_hand,11,0.5473783612,0.5898595452,-0.0307908449,1.0000000000
119,10.0110000000,left_hand,11,0.5435835123,0.5786266327,-0.0452307761,1.0000000000
120,10.0950000000,left_hand,11,0.5424172878,0.5830462575,-0.0161475521,1.0000000000
121,10.1790000000,left_hand,11,0.5546664596,0.5973948538,-0.0132782208,1.0000000000
122,10.2630000000,left_hand,11,0.5669156313,0.6117434502,-0.0104088895,1.0000000000
123,10.3470000000,left_hand,11,0.5672606826,0.6029816866,-0.0283626616,1.0000000000
124,10.4320000000,left_hand,11,0.5741786361,0.6069266200,-0.0137142753,1.0000000000
125,10.5160000000,left_hand,11,0.5738731623,0.5980620980,0.0001881766,1.0000000000
126,10.6000000000,left_hand,11,0.5781202912,0.6259033680,-0.0243612342,1.0000000000
127,10.6840000000,left_hand,11,0.5774471164,0.6257368326,-0.0223669428,1.0000000000
128,10.7680000000,left_hand,11,0.4658713937,0.6612565517,-0.0198578276,1.0000000000
129,10.8520000000,left_hand,11,0.5848466754,0.6225324273,-0.0324958488,1.0000000000
130,10.9360000000,left_hand,11,0.4694821835,0.6656548381,-0.0163200647,1.0000000000
131,11.0200000000,left_hand,11,0.5888885260,0.6306481957,-0.0253787767,1.0000000000
132,11.1050000000,left_hand,11,0.5940408111,0.6279947758,-0.0273706056,1.0000000000
133,11.1890000000,left_hand,11,0.5861738920,0.6374347806,-0.0271577593,1.0000000000
134,11.2730000000,left_hand,11,0.5882034302,0.6319932342,-0.0575414449,1.0000000000
135,11.3570000000,left_hand,11,0.5713218451,0.6052666306,-0.0603973456,1.0000000000
136,11.4410000000,left_hand,11,0.4731465280,0.6314586401,-0.0328713208,1.0000000000
137,11.5250000000,left_hand,11,0.4786590636,0.6233716607,-0.0282696635,1.0000000000
138,11.6090000000,left_hand,11,0.4815872312,0.6249138713,-0.0126943151,1.0000000000
139,11.6930000000,left_hand,11,0.5027976930,0.6138985455,-0.0217245657,1.0000000000
140,11.7780000000,left_hand,11,0.5240081549,0.6028832197,-0.0307548163,1.0000000000
141,11.8620000000,left_hand,11,0.5452186167,0.5918678939,-0.0397850669,1.0000000000
142,11.9460000000,left_hand,11,0.5664290786,0.5808525681,-0.0488153175,1.0000000000
60,5.0480000000,left_hand,12,0.5550543666,0.6082636714,-0.0361514129,1.0000000000
61,5.1320000000,left_hand,12,0.5603262782,0.6096699834,-0.0306400117,1.0000000000
62,5.2160000000,left_hand,12,0.5790073872,0.6104140878,-0.0311358739,1.0000000000
63,5.3000000000,left_hand,12,0.5261236429,0.5672599673,-0.0538966134,1.0000000000
64,5.3840000000,left_hand,12,0.5288936496,0.6432442665,-0.0412964337,1.0000000000
65,5.4680000000,left_hand,12,0.5485385060,0.6477639079,-0.0378330685,1.0000000000
66,5.5520000000,left_hand,12,0.5442936718,0.6407770813,-0.0431930944,1.0000000000
67,5.6360000000,left_hand,12,0.5400488377,0.6337902546,-0.0485531203,1.0000000000
68,5.7210000000,left_hand,12,0.5535451770,0.6226701140,-0.0426563658,1.0000000000
69,5.8050000000,left_hand,12,0.5420484543,0.5909891129,-0.0553287603,1.0000000000
70,5.8890000000,left_hand,12,0.5418659449,0.5807427764,-0.0548786260,1.0000000000
71,5.9730000000,left_hand,12,0.5461428761,0.5378214121,-0.0356264003,1.0000000000
72,6.0570000000,left_hand,12,0.5550585389,0.5454188585,-0.0252041891,1.0000000000
73,6.1410000000,left_hand,12,0.5632315874,0.5743998289,-0.0291506425,1.0000000000
74,6.2250000000,left_hand,12,0.5554487109,0.5421285033,-0.0474867970,1.0000000000
75,6.3090000000,left_hand,12,0.5532791615,0.5435587168,-0.0315845609,1.0000000000
76,6.3940000000,left_hand,12,0.5213395357,0.5465937853,-0.0413088948,1.0000000000
77,6.4780000000,left_hand,12,0.5563580394,0.5766978264,-0.0365149714,1.0000000000
78,6.5620000000,left_hand,12,0.5528402925,0.5384111404,-0.0397250056,1.0000000000
79,6.6460000000,left_hand,12,0.5516343713,0.5387228727,-0.0418614782,1.0000000000
80,6.7300000000,left_hand,12,0.5038265586,0.5913969278,-0.0701737031,1.0000000000
81,6.8140000000,left_hand,12,0.5405007601,0.5412076116,-0.0590359382,1.0000000000
82,6.8980000000,left_hand,12,0.5489036441,0.5839163065,-0.0394366048,1.0000000000
83,6.9820000000,left_hand,12,0.5614308119,0.5662875772,-0.0377344377,1.0000000000
84,7.0670000000,left_hand,12,0.5468356609,0.5587019920,-0.0345248468,1.0000000000
85,7.1510000000,left_hand,12,0.5583361387,0.5608355999,-0.0222285725,1.0000000000
86,7.2350000000,left_hand,12,0.5644493103,0.5429969430,-0.0471265055,1.0000000000
87,7.3190000000,left_hand,12,0.5761524439,0.5867580175,-0.0236689001,1.0000000000
88,7.4030000000,left_hand,12,0.5828387737,0.5988573432,-0.0263157394,1.0000000000
89,7.4870000000,left_hand,12,0.5824380517,0.5747209191,-0.0607245676,1.0000000000
90,7.5710000000,left_hand,12,0.5828396082,0.5826442242,-0.0589126758,1.0000000000
91,7.6550000000,left_hand,12,0.5816924572,0.5790055990,-0.0285417587,1.0000000000
92,7.7400000000,left_hand,12,0.5880964994,0.5785198808,-0.0298989844,1.0000000000
93,7.8240000000,left_hand,12,0.5872211456,0.6079273224,-0.0391241983,1.0000000000
94,7.9080000000,left_hand,12,0.5827882886,0.6072419286,-0.0287985671,1.0000000000
95,7.9920000000,left_hand,12,0.5769977570,0.5987785459,-0.0362252705,1.0000000000
96,8.0760000000,left_hand,12,0.5751245618,0.6057200432,-0.0450498275,1.0000000000
97,8.1600000000,left_hand,12,0.5689086914,0.6022363901,-0.0556384437,1.0000000000
98,8.2440000000,left_hand,12,0.5700998306,0.6010527611,-0.0488094240,1.0000000000
99,8.3280000000,left_hand,12,0.5708577633,0.5983988047,-0.0458262600,1.0000000000
100,8.4130000000,left_hand,12,0.5711963177,0.5963557959,-0.0473904423,1.0000000000
101,8.4970000000,left_hand,12,0.5852943659,0.6188156009,-0.0431842841,1.0000000000
102,8.5810000000,left_hand,12,0.5773903131,0.6076620817,-0.0567766875,1.0000000000
103,8.6650000000,left_hand,12,0.5898860097,0.6292840242,-0.0460409485,1.0000000000
104,8.7490000000,left_hand,12,0.5875097513,0.6224617362,-0.0348148122,1.0000000000
105,8.8330000000,left_hand,12,0.5868812203,0.6195530891,-0.0361584462,1.0000000000
106,8.9170000000,left_hand,12,0.5727823973,0.6144461036,-0.0313834921,1.0000000000
107,9.0010000000,left_hand,12,0.5714771748,0.6168286204,-0.0321668833,1.0000000000
108,9.0860000000,left_hand,12,0.5708191991,0.6258432865,-0.0437819920,1.0000000000
109,9.1700000000,left_hand,12,0.5691785812,0.6120116115,-0.0396045744,1.0000000000
110,9.2540000000,left_hand,12,0.5660660863,0.6032336354,-0.0448473319,1.0000000000
111,9.3380000000,left_hand,12,0.5724160671,0.6084073186,-0.0367751308,1.0000000000
112,9.4220000000,left_hand,12,0.5713611841,0.6147724390,-0.0254768860,1.0000000000
113,9.5060000000,left_hand,12,0.5501689315,0.5861347318,-0.0156726502,1.0000000000
114,9.5900000000,left_hand,12,0.5528783202,0.5780881047,-0.0164619759,1.0000000000
115,9.6740000000,left_hand,12,0.5489773154,0.5861753821,-0.0198889915,1.0000000000
116,9.7590000000,left_hand,12,0.5531560779,0.5958840847,-0.0241537355,1.0000000000
117,9.8430000000,left_hand,12,0.5529822707,0.5994472504,-0.0258364305,1.0000000000
118,9.9270000000,left_hand,12,0.5342068672,0.5832218528,-0.0289487392,1.0000000000
119,10.0110000000,left_hand,12,0.5295855999,0.5755701661,-0.0411951803,1.0000000000
120,10.0950000000,left_hand,12,0.5301033854,0.5805652142,-0.0162801798,1.0000000000
121,10.1790000000,left_hand,12,0.5497724712,0.5906611383,-0.0119189643,1.0000000000
122,10.2630000000,left_hand,12,0.5694415569,0.6007570624,-0.0075577488,1.0000000000
123,10.3470000000,left_hand,12,0.5633658171,0.5949600935,-0.0259495378,1.0000000000
124,10.4320000000,left_hand,12,0.5661436319,0.6008670926,-0.0135726845,1.0000000000
125,10.5160000000,left_hand,12,0.5696596503,0.5999252200,-0.0006137734,1.0000000000
126,10.6000000000,left_hand,12,0.5704821348,0.6279776096,-0.0253714360,1.0000000000
127,10.6840000000,left_hand,12,0.5700307488,0.6353305578,-0.0230132341,1.0000000000
128,10.7680000000,left_hand,12,0.4771085680,0.6667930484,-0.0215632617,1.0000000000
129,10.8520000000,left_hand,12,0.5726265907,0.6331285238,-0.0345231220,1.0000000000
130,10.9360000000,left_hand,12,0.4800645113,0.6702838540,-0.0167440120,1.0000000000
131,11.0200000000,left_hand,12,0.5783712268,0.6370828152,-0.0267009139,1.0000000000
132,11.1050000000,left_hand,12,0.5825868845,0.6338762045,-0.0292419791,1.0000000000
133,11.1890000000,left_hand,12,0.5767803788,0.6369248629,-0.0273363478,1.0000000000
134,11.2730000000,left_hand,12,0.5751614571,0.6446689367,-0.0625505075,1.0000000000
135,11.3570000000,left_hand,12,0.5600486994,0.6194065213,-0.0638663173,1.0000000000
136,11.4410000000,left_hand,12,0.4858280718,0.6402935386,-0.0338916369,1.0000000000
137,11.5250000000,left_hand,12,0.4904008508,0.6284516454,-0.0298313890,1.0000000000
138,11.6090000000,left_hand,12,0.4889239967,0.6243354082,-0.0132975802,1.0000000000
139,11.6930000000,left_hand,12,0.5051384494,0.6194137782,-0.0227382844,1.0000000000
140,11.7780000000,left_hand,12,0.5213529021,0.6144921482,-0.0321789887,1.0000000000
141,11.8620000000,left_hand,12,0.5375673547,0.6095705181,-0.0416196929,1.0000000000
142,11.9460000000,left_hand,12,0.5537818074,0.6046488881,-0.0510603972,1.0000000000
60,5.0480000000,left_hand,13,0.6222331524,0.6269376278,-0.0254150368,1.0000000000
61,5.1320000000,left_hand,13,0.6228001714,0.6192420125,-0.0250823982,1.0000000000
62,5.2160000000,left_hand,13,0.6265560389,0.5943095088,-0.0255593713,1.0000000000
63,5.3000000000,left_hand,13,0.6211240292,0.6196150780,-0.0369259194,1.0000000000
64,5.3840000000,left_hand,13,0.6112215519,0.5805286765,-0.0259877052,1.0000000000
65,5.4680000000,left_hand,13,0.6107712984,0.5747748613,-0.0256758109,1.0000000000
66,5.5520000000,left_hand,13,0.6149805188,0.5631325841,-0.0276604816,1.0000000000
67,5.6360000000,left_hand,13,0.6191897392,0.5514903069,-0.0296451524,1.0000000000
68,5.7210000000,left_hand,13,0.6324402094,0.6180527806,-0.0311620366,1.0000000000
69,5.8050000000,left_hand,13,0.6281754375,0.5964221358,-0.0404893085,1.0000000000
70,5.8890000000,left_hand,13,0.6301884055,0.5898115635,-0.0440441146,1.0000000000
71,5.9730000000,left_hand,13,0.6312454343,0.5942354202,-0.0297544096,1.0000000000
72,6.0570000000,left_hand,13,0.6201878190,0.6388697624,-0.0230264254,1.0000000000
73,6.1410000000,left_hand,13,0.6281593442,0.6639170647,-0.0245761275,1.0000000000
74,6.2250000000,left_hand,13,0.6245748997,0.6559136510,-0.0349449329,1.0000000000
75,6.3090000000,left_hand,13,0.6200258732,0.6622510552,-0.0267067403,1.0000000000
76,6.3940000000,left_hand,13,0.4330361784,0.5967965722,-0.0324330069,1.0000000000
77,6.4780000000,left_hand,13,0.6220433712,0.6657921672,-0.0236976873,1.0000000000
78,6.5620000000,left_hand,13,0.6221951246,0.6477025151,-0.0265562199,1.0000000000
79,6.6460000000,left_hand,13,0.6213527918,0.6578203440,-0.0289995298,1.0000000000
80,6.7300000000,left_hand,13,0.4090256393,0.6192230582,-0.0482678711,1.0000000000
81,6.8140000000,left_hand,13,0.6208812594,0.6826450825,-0.0461207256,1.0000000000
82,6.8980000000,left_hand,13,0.6176883578,0.6780349016,-0.0305934902,1.0000000000
83,6.9820000000,left_hand,13,0.6120979786,0.6749302149,-0.0297828056,1.0000000000
84,7.0670000000,left_hand,13,0.6125861406,0.6641013026,-0.0308211595,1.0000000000
85,7.1510000000,left_hand,13,0.6148075461,0.6612660885,-0.0251112320,1.0000000000
86,7.2350000000,left_hand,13,0.6281684637,0.6629661322,-0.0449275188,1.0000000000
87,7.3190000000,left_hand,13,0.6254935861,0.6761441231,-0.0248740651,1.0000000000
88,7.4030000000,left_hand,13,0.6291531324,0.6711350679,-0.0210513845,1.0000000000
89,7.4870000000,left_hand,13,0.6410130858,0.6772414446,-0.0456115976,1.0000000000
90,7.5710000000,left_hand,13,0.6488160491,0.6780825257,-0.0396726616,1.0000000000
91,7.6550000000,left_hand,13,0.6417776942,0.6555469632,-0.0217402317,1.0000000000
92,7.7400000000,left_hand,13,0.6432887912,0.6579409242,-0.0235191435,1.0000000000
93,7.8240000000,left_hand,13,0.6572486758,0.6655001640,-0.0298559871,1.0000000000
94,7.9080000000,left_hand,13,0.6527057290,0.6578738689,-0.0220432002,1.0000000000
95,7.9920000000,left_hand,13,0.6355531812,0.6658892632,-0.0207947325,1.0000000000
96,8.0760000000,left_hand,13,0.6426946521,0.6756328940,-0.0343747847,1.0000000000
97,8.1600000000,left_hand,13,0.6479160786,0.6761012673,-0.0376380607,1.0000000000
98,8.2440000000,left_hand,13,0.6545796394,0.6678370237,-0.0338748917,1.0000000000
99,8.3280000000,left_hand,13,0.6534920931,0.6683819890,-0.0333099328,1.0000000000
100,8.4130000000,left_hand,13,0.6619700789,0.6129094362,-0.0332594588,1.0000000000
101,8.4970000000,left_hand,13,0.6592711210,0.6129631996,-0.0319353268,1.0000000000
102,8.5810000000,left_hand,13,0.6630265117,0.6177580357,-0.0384605788,1.0000000000
103,8.6650000000,left_hand,13,0.6564923525,0.6156652570,-0.0342368260,1.0000000000
104,8.7490000000,left_hand,13,0.6509533525,0.6180302501,-0.0239166990,1.0000000000
105,8.8330000000,left_hand,13,0.6430155635,0.6653277278,-0.0186458435,1.0000000000
106,8.9170000000,left_hand,13,0.6410753131,0.6646727324,-0.0191845950,1.0000000000
107,9.0010000000,left_hand,13,0.6424928904,0.6710529923,-0.0234694351,1.0000000000
108,9.0860000000,left_hand,13,0.6383610964,0.6815571189,-0.0287260488,1.0000000000
109,9.1700000000,left_hand,13,0.6321639419,0.6734850407,-0.0273548346,1.0000000000
110,9.2540000000,left_hand,13,0.6289708614,0.6725397110,-0.0325206146,1.0000000000
111,9.3380000000,left_hand,13,0.6287432909,0.6693475246,-0.0277436208,1.0000000000
112,9.4220000000,left_hand,13,0.6211454868,0.6615910530,-0.0236618482,1.0000000000
113,9.5060000000,left_hand,13,0.6166778803,0.6273860931,-0.0177000258,1.0000000000
114,9.5900000000,left_hand,13,0.6129533052,0.6417334080,-0.0147451879,1.0000000000
115,9.6740000000,left_hand,13,0.6113151908,0.6380778551,-0.0173301343,1.0000000000
116,9.7590000000,left_hand,13,0.6130075455,0.6327083111,-0.0236822199,1.0000000000
117,9.8430000000,left_hand,13,0.6172472835,0.6500382423,-0.0278560519,1.0000000000
118,9.9270000000,left_hand,13,0.6103577614,0.6359404325,-0.0233389717,1.0000000000
119,10.0110000000,left_hand,13,0.6194086671,0.6202460527,-0.0384284705,1.0000000000
120,10.0950000000,left_hand,13,0.5951027274,0.6142289639,-0.0102554932,1.0000000000
121,10.1790000000,left_hand,13,0.6022922099,0.6336494684,-0.0107988114,1.0000000000
122,10.2630000000,left_hand,13,0.6094816923,0.6530699730,-0.0113421297,1.0000000000
123,10.3470000000,left_hand,13,0.6208650470,0.6496170759,-0.0223960113,1.0000000000
124,10.4320000000,left_hand,13,0.6206982732,0.6473891139,-0.0107337581,1.0000000000
125,10.5160000000,left_hand,13,0.6145669818,0.5821058154,-0.0000964893,1.0000000000
126,10.6000000000,left_hand,13,0.6271452904,0.6357833147,-0.0194502715,1.0000000000
127,10.6840000000,left_hand,13,0.6248376369,0.6257696152,-0.0172288623,1.0000000000
128,10.7680000000,left_hand,13,0.4259402156,0.6533098221,-0.0119015696,1.0000000000
129,10.8520000000,left_hand,13,0.6351594329,0.6123660207,-0.0248653684,1.0000000000
130,10.9360000000,left_hand,13,0.4261030257,0.6537339091,-0.0112000154,1.0000000000
131,11.0200000000,left_hand,13,0.6331904531,0.6316163540,-0.0189646650,1.0000000000
132,11.1050000000,left_hand,13,0.6394335032,0.6267738342,-0.0221528616,1.0000000000
133,11.1890000000,left_hand,13,0.6329420209,0.6354771852,-0.0212826580,1.0000000000
134,11.2730000000,left_hand,13,0.6191176772,0.5429565310,-0.0430167131,1.0000000000
135,11.3570000000,left_hand,13,0.6319852471,0.6014919281,-0.0460568145,1.0000000000
136,11.4410000000,left_hand,13,0.4235223830,0.6040826440,-0.0260847546,1.0000000000
137,11.5250000000,left_hand,13,0.4302993119,0.6188644767,-0.0211848114,1.0000000000
138,11.6090000000,left_hand,13,0.4405130446,0.6281552315,-0.0104201054,1.0000000000
139,11.6930000000,left_hand,13,0.4877518341,0.6042867750,-0.0170896708,1.0000000000
140,11.7780000000,left_hand,13,0.5349906236,0.5804183185,-0.0237592361,1.0000000000
141,11.8620000000,left_hand,13,0.5822294131,0.5565498620,-0.0304288014,1.0000000000
142,11.9460000000,left_hand,13,0.6294682026,0.5326814055,-0.0370983668,1.0000000000
60,5.0480000000,left_hand,14,0.5934766531,0.6394311190,-0.0318422988,1.0000000000
61,5.1320000000,left_hand,14,0.5915546417,0.6316802502,-0.0287041049,1.0000000000
62,5.2160000000,left_hand,14,0.5947449207,0.6046205759,-0.0315915532,1.0000000000
63,5.3000000000,left_hand,14,0.5722846389,0.6105260849,-0.0486161076,1.0000000000
64,5.3840000000,left_hand,14,0.5758116245,0.6073694825,-0.0342399739,1.0000000000
65,5.4680000000,left_hand,14,0.5815796852,0.6007890701,-0.0332002081,1.0000000000
66,5.5520000000,left_hand,14,0.5797404051,0.5939240754,-0.0359676946,1.0000000000
67,5.6360000000,left_hand,14,0.5779011250,0.5870590806,-0.0387351811,1.0000000000
68,5.7210000000,left_hand,14,0.6044959426,0.6410933733,-0.0397473238,1.0000000000
69,5.8050000000,left_hand,14,0.5927448273,0.6048491001,-0.0505595766,1.0000000000
70,5.8890000000,left_hand,14,0.5877903104,0.6029584408,-0.0525177605,1.0000000000
71,5.9730000000,left_hand,14,0.5899877548,0.5758728981,-0.0353012681,1.0000000000
72,6.0570000000,left_hand,14,0.5824414492,0.6192288399,-0.0249331314,1.0000000000
73,6.1410000000,left_hand,14,0.5893887877,0.6472976804,-0.0276453141,1.0000000000
74,6.2250000000,left_hand,14,0.5870513916,0.6362997293,-0.0421130024,1.0000000000
75,6.3090000000,left_hand,14,0.5821341276,0.6365906596,-0.0315753445,1.0000000000
76,6.3940000000,left_hand,14,0.4758439660,0.5705093145,-0.0408387557,1.0000000000
77,6.4780000000,left_hand,14,0.5912183523,0.6510990858,-0.0299105160,1.0000000000
78,6.5620000000,left_hand,14,0.5867924690,0.6259928346,-0.0341377892,1.0000000000
79,6.6460000000,left_hand,14,0.5843949914,0.6281660795,-0.0354207307,1.0000000000
80,6.7300000000,left_hand,14,0.4536857605,0.5965829492,-0.0596148409,1.0000000000
81,6.8140000000,left_hand,14,0.5668640733,0.6462256908,-0.0562171564,1.0000000000
82,6.8980000000,left_hand,14,0.5733497143,0.6599335074,-0.0346897282,1.0000000000
83,6.9820000000,left_hand,14,0.5668364167,0.6458247900,-0.0330036804,1.0000000000
84,7.0670000000,left_hand,14,0.5691072941,0.6390421391,-0.0335518196,1.0000000000
85,7.1510000000,left_hand,14,0.5714173317,0.6392730474,-0.0268129837,1.0000000000
86,7.2350000000,left_hand,14,0.5723730326,0.6304743886,-0.0537305847,1.0000000000
87,7.3190000000,left_hand,14,0.5837466121,0.6487564445,-0.0269417074,1.0000000000
88,7.4030000000,left_hand,14,0.5923099518,0.6567069292,-0.0241081659,1.0000000000
89,7.4870000000,left_hand,14,0.6024071574,0.6504617929,-0.0551657304,1.0000000000
90,7.5710000000,left_hand,14,0.6045715213,0.6592520475,-0.0523733571,1.0000000000
91,7.6550000000,left_hand,14,0.6099472046,0.6413000226,-0.0253913198,1.0000000000
92,7.7400000000,left_hand,14,0.6118773222,0.6430420280,-0.0271036364,1.0000000000
93,7.8240000000,left_hand,14,0.6187441945,0.6605561376,-0.0347772911,1.0000000000
94,7.9080000000,left_hand,14,0.6186975241,0.6560114026,-0.0260788798,1.0000000000
95,7.9920000000,left_hand,14,0.6092713475,0.6569137573,-0.0270047672,1.0000000000
96,8.0760000000,left_hand,14,0.6085925698,0.6707202196,-0.0415747128,1.0000000000
97,8.1600000000,left_hand,14,0.6110696197,0.6684597731,-0.0469554402,1.0000000000
98,8.2440000000,left_hand,14,0.6177349091,0.6598194242,-0.0419260822,1.0000000000
99,8.3280000000,left_hand,14,0.6141735315,0.6539767981,-0.0410164893,1.0000000000
100,8.4130000000,left_hand,14,0.6215605140,0.6007200480,-0.0420568287,1.0000000000
101,8.4970000000,left_hand,14,0.6227446198,0.6078930497,-0.0397089869,1.0000000000
102,8.5810000000,left_hand,14,0.6238116026,0.6078566909,-0.0496885441,1.0000000000
103,8.6650000000,left_hand,14,0.6238588691,0.6086680889,-0.0424926020,1.0000000000
104,8.7490000000,left_hand,14,0.6224731803,0.6154420972,-0.0303277150,1.0000000000
105,8.8330000000,left_hand,14,0.6198092699,0.6607332230,-0.0246036705,1.0000000000
106,8.9170000000,left_hand,14,0.6101878881,0.6645044684,-0.0248105954,1.0000000000
107,9.0010000000,left_hand,14,0.6084349751,0.6764501333,-0.0282145254,1.0000000000
108,9.0860000000,left_hand,14,0.6056991816,0.6863092780,-0.0361146964,1.0000000000
109,9.1700000000,left_hand,14,0.5982720852,0.6734705567,-0.0343003273,1.0000000000
110,9.2540000000,left_hand,14,0.5896059275,0.6662519574,-0.0382856019,1.0000000000
111,9.3380000000,left_hand,14,0.5912576318,0.6669061780,-0.0323632807,1.0000000000
112,9.4220000000,left_hand,14,0.5805529356,0.6570870280,-0.0261233114,1.0000000000
113,9.5060000000,left_hand,14,0.5798751712,0.6146355271,-0.0182553418,1.0000000000
114,9.5900000000,left_hand,14,0.5791453123,0.6256859303,-0.0153720165,1.0000000000
115,9.6740000000,left_hand,14,0.5792606473,0.6324201226,-0.0187659450,1.0000000000
116,9.7590000000,left_hand,14,0.5801154375,0.6359729171,-0.0273396168,1.0000000000
117,9.8430000000,left_hand,14,0.5757089257,0.6461744905,-0.0329043567,1.0000000000
118,9.9270000000,left_hand,14,0.5734154582,0.6369267702,-0.0270159636,1.0000000000
119,10.0110000000,left_hand,14,0.5737533569,0.6215987802,-0.0446936749,1.0000000000
120,10.0950000000,left_hand,14,0.5676309466,0.6144366264,-0.0135480659,1.0000000000
121,10.1790000000,left_hand,14,0.5729495883,0.6327074766,-0.0127524277,1.0000000000
122,10.2630000000,left_hand,14,0.5782682300,0.6509783268,-0.0119567895,1.0000000000
123,10.3470000000,left_hand,14,0.5818110108,0.6421169043,-0.0251574703,1.0000000000
124,10.4320000000,left_hand,14,0.5910463929,0.6393116713,-0.0123145171,1.0000000000
125,10.5160000000,left_hand,14,0.5912384987,0.5788741112,0.0018416370,1.0000000000
126,10.6000000000,left_hand,14,0.5991379023,0.6463206410,-0.0241233129,1.0000000000
127,10.6840000000,left_hand,14,0.5977014899,0.6396188736,-0.0214308184,1.0000000000
128,10.7680000000,left_hand,14,0.4447323978,0.6705047488,-0.0164559186,1.0000000000
129,10.8520000000,left_hand,14,0.6086099744,0.6305854321,-0.0305547453,1.0000000000
130,10.9360000000,left_hand,14,0.4482150674,0.6724960208,-0.0145056183,1.0000000000
131,11.0200000000,left_hand,14,0.6106270552,0.6456384659,-0.0235654861,1.0000000000
132,11.1050000000,left_hand,14,0.6166585088,0.6440311670,-0.0274048652,1.0000000000
133,11.1890000000,left_hand,14,0.6073773503,0.6518049836,-0.0263319630,1.0000000000
134,11.2730000000,left_hand,14,0.5875796080,0.5802273750,-0.0533126034,1.0000000000
135,11.3570000000,left_hand,14,0.6037395597,0.6165418625,-0.0582711920,1.0000000000
136,11.4410000000,left_hand,14,0.4484897256,0.6360728145,-0.0328222141,1.0000000000
137,11.5250000000,left_hand,14,0.4551396370,0.6376870275,-0.0254907627,1.0000000000
138,11.6090000000,left_hand,14,0.4611503482,0.6472021937,-0.0120406793,1.0000000000
139,11.6930000000,left_hand,14,0.4931958169,0.6222003996,-0.0211256517,1.0000000000
140,11.7780000000,left_hand,14,0.5252412856,0.5971986055,-0.0302106240,1.0000000000
141,11.8620000000,left_hand,14,0.5572867543,0.5721968114,-0.0392955963,1.0000000000
142,11.9460000000,left_hand,14,0.5893322229,0.5471950173,-0.0483805686,1.0000000000
60,5.0480000000,left_hand,15,0.5777828097,0.6375927925,-0.0314628929,1.0000000000
61,5.1320000000,left_hand,15,0.5801946521,0.6327374578,-0.0259249955,1.0000000000
62,5.2160000000,left_hand,15,0.5866588354,0.6173577905,-0.0272664223,1.0000000000
63,5.3000000000,left_hand,15,0.5467615128,0.5951358676,-0.0500376411,1.0000000000
64,5.3840000000,left_hand,15,0.5520542860,0.6254585385,-0.0375148840,1.0000000000
65,5.4680000000,left_hand,15,0.5560449958,0.6240209341,-0.0366887003,1.0000000000
66,5.5520000000,left_hand,15,0.5566042960,0.6177438498,-0.0383700859,1.0000000000
67,5.6360000000,left_hand,15,0.5571635962,0.6114667654,-0.0400514714,1.0000000000
68,5.7210000000,left_hand,15,0.5896573663,0.6465683579,-0.0407713838,1.0000000000
69,5.8050000000,left_hand,15,0.5714249611,0.6146954298,-0.0525052436,1.0000000000
70,5.8890000000,left_hand,15,0.5705106854,0.6145013571,-0.0512101278,1.0000000000
71,5.9730000000,left_hand,15,0.5676658750,0.5651876330,-0.0324916020,1.0000000000
72,6.0570000000,left_hand,15,0.5687571168,0.5942730308,-0.0190595649,1.0000000000
73,6.1410000000,left_hand,15,0.5743432641,0.6243553162,-0.0244391020,1.0000000000
74,6.2250000000,left_hand,15,0.5711839199,0.6133512259,-0.0399147049,1.0000000000
75,6.3090000000,left_hand,15,0.5767954588,0.6187281609,-0.0264138784,1.0000000000
76,6.3940000000,left_hand,15,0.4967441261,0.5515232086,-0.0427532457,1.0000000000
77,6.4780000000,left_hand,15,0.5731685162,0.6383258700,-0.0308493134,1.0000000000
78,6.5620000000,left_hand,15,0.5677744150,0.6059928536,-0.0352992564,1.0000000000
79,6.6460000000,left_hand,15,0.5667585731,0.6060543060,-0.0351447389,1.0000000000
80,6.7300000000,left_hand,15,0.4768981636,0.5800212622,-0.0610673390,1.0000000000
81,6.8140000000,left_hand,15,0.5553532243,0.6111041903,-0.0516663007,1.0000000000
82,6.8980000000,left_hand,15,0.5581511259,0.6340039968,-0.0316226669,1.0000000000
83,6.9820000000,left_hand,15,0.5587614775,0.6185993552,-0.0285007991,1.0000000000
84,7.0670000000,left_hand,15,0.5548469424,0.6151825786,-0.0287953317,1.0000000000
85,7.1510000000,left_hand,15,0.5587228537,0.6127756834,-0.0215856992,1.0000000000
86,7.2350000000,left_hand,15,0.5632305741,0.5973829031,-0.0453188382,1.0000000000
87,7.3190000000,left_hand,15,0.5763626099,0.6266600490,-0.0207633749,1.0000000000
88,7.4030000000,left_hand,15,0.5835871696,0.6390182972,-0.0207581110,1.0000000000
89,7.4870000000,left_hand,15,0.5873741508,0.6342058182,-0.0474337898,1.0000000000
90,7.5710000000,left_hand,15,0.5930664539,0.6448346972,-0.0505523011,1.0000000000
91,7.6550000000,left_hand,15,0.5947352648,0.6240992546,-0.0230992120,1.0000000000
92,7.7400000000,left_hand,15,0.5980013609,0.6234251261,-0.0241677519,1.0000000000
93,7.8240000000,left_hand,15,0.6000702381,0.6467220783,-0.0329157300,1.0000000000
94,7.9080000000,left_hand,15,0.6002446413,0.6432058215,-0.0242701452,1.0000000000
95,7.9920000000,left_hand,15,0.5943871737,0.6422386169,-0.0276440289,1.0000000000
96,8.0760000000,left_hand,15,0.5935486555,0.6540564895,-0.0400779247,1.0000000000
97,8.1600000000,left_hand,15,0.5932665467,0.6517225504,-0.0466100276,1.0000000000
98,8.2440000000,left_hand,15,0.5964401960,0.6494821906,-0.0435226858,1.0000000000
99,8.3280000000,left_hand,15,0.5922008753,0.6410023570,-0.0414196178,1.0000000000
100,8.4130000000,left_hand,15,0.5985172987,0.5909074545,-0.0437939055,1.0000000000
101,8.4970000000,left_hand,15,0.6047188640,0.6050882936,-0.0394410789,1.0000000000
102,8.5810000000,left_hand,15,0.6008527875,0.6010463238,-0.0529303402,1.0000000000
103,8.6650000000,left_hand,15,0.6048498750,0.6013146639,-0.0424912199,1.0000000000
104,8.7490000000,left_hand,15,0.6049149632,0.6105774641,-0.0306353811,1.0000000000
105,8.8330000000,left_hand,15,0.6055501699,0.6522912383,-0.0258635059,1.0000000000
106,8.9170000000,left_hand,15,0.5909364223,0.6543045640,-0.0253200978,1.0000000000
107,9.0010000000,left_hand,15,0.5896915197,0.6635755897,-0.0272971690,1.0000000000
108,9.0860000000,left_hand,15,0.5861936212,0.6702898741,-0.0359951630,1.0000000000
109,9.1700000000,left_hand,15,0.5817652941,0.6553902030,-0.0326802507,1.0000000000
110,9.2540000000,left_hand,15,0.5767871141,0.6465648413,-0.0348411687,1.0000000000
111,9.3380000000,left_hand,15,0.5784994364,0.6511957049,-0.0295013618,1.0000000000
112,9.4220000000,left_hand,15,0.5740660429,0.6444860697,-0.0199036226,1.0000000000
113,9.5060000000,left_hand,15,0.5709856153,0.6068682075,-0.0133360447,1.0000000000
114,9.5900000000,left_hand,15,0.5672929883,0.6096811891,-0.0111786816,1.0000000000
115,9.6740000000,left_hand,15,0.5711019635,0.6236125827,-0.0145872440,1.0000000000
116,9.7590000000,left_hand,15,0.5686944127,0.6342865229,-0.0230738185,1.0000000000
117,9.8430000000,left_hand,15,0.5635807514,0.6331900954,-0.0251335725,1.0000000000
118,9.9270000000,left_hand,15,0.5633203983,0.6265448928,-0.0220383871,1.0000000000
119,10.0110000000,left_hand,15,0.5637435317,0.6184586287,-0.0364315510,1.0000000000
120,10.0950000000,left_hand,15,0.5677074790,0.6154496074,-0.0109708188,1.0000000000
121,10.1790000000,left_hand,15,0.5705323219,0.6236597598,-0.0092912391,1.0000000000
122,10.2630000000,left_hand,15,0.5733571649,0.6318699121,-0.0076116594,1.0000000000
123,10.3470000000,left_hand,15,0.5716166496,0.6260631084,-0.0213202350,1.0000000000
124,10.4320000000,left_hand,15,0.5780748725,0.6287382245,-0.0112392483,1.0000000000
125,10.5160000000,left_hand,15,0.5826900601,0.5825855136,0.0029499766,1.0000000000
126,10.6000000000,left_hand,15,0.5863670707,0.6486904025,-0.0235485677,1.0000000000
127,10.6840000000,left_hand,15,0.5848481059,0.6470329165,-0.0215096474,1.0000000000
128,10.7680000000,left_hand,15,0.4586791396,0.6790965199,-0.0175233483,1.0000000000
129,10.8520000000,left_hand,15,0.5904857516,0.6427612305,-0.0319024399,1.0000000000
130,10.9360000000,left_hand,15,0.4621166289,0.6791224480,-0.0147576146,1.0000000000
131,11.0200000000,left_hand,15,0.5965547562,0.6533625126,-0.0249261577,1.0000000000
132,11.1050000000,left_hand,15,0.6008431911,0.6517404914,-0.0285776034,1.0000000000
133,11.1890000000,left_hand,15,0.5942066908,0.6523140073,-0.0251532253,1.0000000000
134,11.2730000000,left_hand,15,0.5656608343,0.6063830256,-0.0539419279,1.0000000000
135,11.3570000000,left_hand,15,0.5855017900,0.6304408908,-0.0570835695,1.0000000000
136,11.4410000000,left_hand,15,0.4655373991,0.6513615847,-0.0324651077,1.0000000000
137,11.5250000000,left_hand,15,0.4709772468,0.6435347795,-0.0249094218,1.0000000000
138,11.6090000000,left_hand,15,0.4724646211,0.6456212401,-0.0112081002,1.0000000000
139,11.6930000000,left_hand,15,0.4960711449,0.6268924922,-0.0207126648,1.0000000000
140,11.7780000000,left_hand,15,0.5196776688,0.6081637442,-0.0302172294,1.0000000000
141,11.8620000000,left_hand,15,0.5432841927,0.5894349962,-0.0397217940,1.0000000000
142,11.9460000000,left_hand,15,0.5668907166,0.5707062483,-0.0492263585,1.0000000000
60,5.0480000000,left_hand,16,0.5686404109,0.6319496632,-0.0303481780,1.0000000000
61,5.1320000000,left_hand,16,0.5765371323,0.6303610802,-0.0239254385,1.0000000000
62,5.2160000000,left_hand,16,0.5873889327,0.6242528558,-0.0229952037,1.0000000000
63,5.3000000000,left_hand,16,0.5315495133,0.5790866613,-0.0498357080,1.0000000000
64,5.3840000000,left_hand,16,0.5346280932,0.6407608390,-0.0400805511,1.0000000000
65,5.4680000000,left_hand,16,0.5376117229,0.6469726562,-0.0391159244,1.0000000000
66,5.5520000000,left_hand,16,0.5411368012,0.6388822198,-0.0400304776,1.0000000000
67,5.6360000000,left_hand,16,0.5446618795,0.6307917833,-0.0409450307,1.0000000000
68,5.7210000000,left_hand,16,0.5798358321,0.6449947953,-0.0415864103,1.0000000000
69,5.8050000000,left_hand,16,0.5558909178,0.6210284233,-0.0535781123,1.0000000000
70,5.8890000000,left_hand,16,0.5593575239,0.6196671724,-0.0512551516,1.0000000000
71,5.9730000000,left_hand,16,0.5532510877,0.5580564737,-0.0302690826,1.0000000000
72,6.0570000000,left_hand,16,0.5662018657,0.5746501684,-0.0139084775,1.0000000000
73,6.1410000000,left_hand,16,0.5693286061,0.6046530008,-0.0222810768,1.0000000000
74,6.2250000000,left_hand,16,0.5639538765,0.5935514569,-0.0382771306,1.0000000000
75,6.3090000000,left_hand,16,0.5787205100,0.6091360450,-0.0220627356,1.0000000000
76,6.3940000000,left_hand,16,0.5111747384,0.5361884832,-0.0441398621,1.0000000000
77,6.4780000000,left_hand,16,0.5610727668,0.6274982095,-0.0314648896,1.0000000000
78,6.5620000000,left_hand,16,0.5554670095,0.5902730227,-0.0354789831,1.0000000000
79,6.6460000000,left_hand,16,0.5562704802,0.5888608098,-0.0345542543,1.0000000000
80,6.7300000000,left_hand,16,0.4911418259,0.5686317086,-0.0623975284,1.0000000000
81,6.8140000000,left_hand,16,0.5576861501,0.5888466239,-0.0463642590,1.0000000000
82,6.8980000000,left_hand,16,0.5539934039,0.6130406857,-0.0295507815,1.0000000000
83,6.9820000000,left_hand,16,0.5606610775,0.6006602049,-0.0261735506,1.0000000000
84,7.0670000000,left_hand,16,0.5504957438,0.5952297449,-0.0260630120,1.0000000000
85,7.1510000000,left_hand,16,0.5574840307,0.5909067988,-0.0173831526,1.0000000000
86,7.2350000000,left_hand,16,0.5705767870,0.5810555816,-0.0367816389,1.0000000000
87,7.3190000000,left_hand,16,0.5792453885,0.6153860092,-0.0163405873,1.0000000000
88,7.4030000000,left_hand,16,0.5846694112,0.6293703914,-0.0184027180,1.0000000000
89,7.4870000000,left_hand,16,0.5883827806,0.6275142431,-0.0413092934,1.0000000000
90,7.5710000000,left_hand,16,0.5941378474,0.6410336494,-0.0488568842,1.0000000000
91,7.6550000000,left_hand,16,0.5867815018,0.6080572605,-0.0218203999,1.0000000000
92,7.7400000000,left_hand,16,0.5914257765,0.6069057584,-0.0222581774,1.0000000000
93,7.8240000000,left_hand,16,0.5899732709,0.6345525980,-0.0311747603,1.0000000000
94,7.9080000000,left_hand,16,0.5896110535,0.6316121817,-0.0224609897,1.0000000000
95,7.9920000000,left_hand,16,0.5851921439,0.6282493472,-0.0275643319,1.0000000000
96,8.0760000000,left_hand,16,0.5864520073,0.6381914020,-0.0381998830,1.0000000000
97,8.1600000000,left_hand,16,0.5827063918,0.6361039281,-0.0451384000,1.0000000000
98,8.2440000000,left_hand,16,0.5825506449,0.6402688026,-0.0442583598,1.0000000000
99,8.3280000000,left_hand,16,0.5779858828,0.6311395168,-0.0408597328,1.0000000000
100,8.4130000000,left_hand,16,0.5817626715,0.5831852555,-0.0440670960,1.0000000000
101,8.4970000000,left_hand,16,0.5914102197,0.6027783155,-0.0389258489,1.0000000000
102,8.5810000000,left_hand,16,0.5826212764,0.5951336622,-0.0547679961,1.0000000000
103,8.6650000000,left_hand,16,0.5910359621,0.5948709249,-0.0422718115,1.0000000000
104,8.7490000000,left_hand,16,0.5913929939,0.6041104198,-0.0306869969,1.0000000000
105,8.8330000000,left_hand,16,0.5959540009,0.6432677507,-0.0266624540,1.0000000000
106,8.9170000000,left_hand,16,0.5778040290,0.6437609792,-0.0249353573,1.0000000000
107,9.0010000000,left_hand,16,0.5792538524,0.6497724056,-0.0261129886,1.0000000000
108,9.0860000000,left_hand,16,0.5754554272,0.6525665522,-0.0352361090,1.0000000000
109,9.1700000000,left_hand,16,0.5740402937,0.6380066276,-0.0307629388,1.0000000000
110,9.2540000000,left_hand,16,0.5729181767,0.6306818724,-0.0321958102,1.0000000000
111,9.3380000000,left_hand,16,0.5759886503,0.6382409334,-0.0276341792,1.0000000000
112,9.4220000000,left_hand,16,0.5772237182,0.6381996870,-0.0150319673,1.0000000000
113,9.5060000000,left_hand,16,0.5677191615,0.6029169559,-0.0099165104,1.0000000000
114,9.5900000000,left_hand,16,0.5612709522,0.5974692106,-0.0083177742,1.0000000000
115,9.6740000000,left_hand,16,0.5690469146,0.6172376275,-0.0115604764,1.0000000000
116,9.7590000000,left_hand,16,0.5648033619,0.6327931881,-0.0197668057,1.0000000000
117,9.8430000000,left_hand,16,0.5611675382,0.6243674159,-0.0177274272,1.0000000000
118,9.9270000000,left_hand,16,0.5606074929,0.6184878349,-0.0178089682,1.0000000000
119,10.0110000000,left_hand,16,0.5636514425,0.6153090000,-0.0286828708,1.0000000000
120,10.0950000000,left_hand,16,0.5729886293,0.6154195070,-0.0081226034,1.0000000000
121,10.1790000000,left_hand,16,0.5743417144,0.6171407998,-0.0060259912,1.0000000000
122,10.2630000000,left_hand,16,0.5756947994,0.6188620925,-0.0039293789,1.0000000000
123,10.3470000000,left_hand,16,0.5700069070,0.6144789457,-0.0185340978,1.0000000000
124,10.4320000000,left_hand,16,0.5704780221,0.6200648546,-0.0105370497,1.0000000000
125,10.5160000000,left_hand,16,0.5785109997,0.5839867592,0.0029049111,1.0000000000
126,10.6000000000,left_hand,16,0.5793187022,0.6480796337,-0.0228424966,1.0000000000
127,10.6840000000,left_hand,16,0.5790072083,0.6516537070,-0.0211238265,1.0000000000
128,10.7680000000,left_hand,16,0.4694401622,0.6851556301,-0.0178785194,1.0000000000
129,10.8520000000,left_hand,16,0.5781255364,0.6515389085,-0.0329891928,1.0000000000
130,10.9360000000,left_hand,16,0.4716742039,0.6825319529,-0.0144201797,1.0000000000
131,11.0200000000,left_hand,16,0.5873892307,0.6572833061,-0.0257064458,1.0000000000
132,11.1050000000,left_hand,16,0.5891405940,0.6552544236,-0.0295862444,1.0000000000
133,11.1890000000,left_hand,16,0.5870273709,0.6478797197,-0.0239387024,1.0000000000
134,11.2730000000,left_hand,16,0.5499897599,0.6250675917,-0.0557784699,1.0000000000
135,11.3570000000,left_hand,16,0.5728342533,0.6377831101,-0.0561044440,1.0000000000
136,11.4410000000,left_hand,16,0.4781657159,0.6601435542,-0.0320537947,1.0000000000
137,11.5250000000,left_hand,16,0.4824559093,0.6455995440,-0.0247502271,1.0000000000
138,11.6090000000,left_hand,16,0.4782272279,0.6409251690,-0.0105346665,1.0000000000
139,11.6930000000,left_hand,16,0.4972664043,0.6288887262,-0.0203074701,1.0000000000
140,11.7780000000,left_hand,16,0.5163055807,0.6168522835,-0.0300802737,1.0000000000
141,11.8620000000,left_hand,16,0.5353447571,0.6048158407,-0.0398530774,1.0000000000
142,11.9460000000,left_hand,16,0.5543839335,0.5927793980,-0.0496258810,1.0000000000
60,5.0480000000,left_hand,17,0.6252251863,0.6485222578,-0.0265511274,1.0000000000
61,5.1320000000,left_hand,17,0.6252804995,0.6449533701,-0.0252040606,1.0000000000
62,5.2160000000,left_hand,17,0.6263792515,0.6199663281,-0.0266437344,1.0000000000
63,5.3000000000,left_hand,17,0.6126827002,0.6417483687,-0.0398336835,1.0000000000
64,5.3840000000,left_hand,17,0.6149332523,0.5886423588,-0.0297332425,1.0000000000
65,5.4680000000,left_hand,17,0.6061904430,0.5862202644,-0.0263206735,1.0000000000
66,5.5520000000,left_hand,17,0.6123771369,0.5730090141,-0.0260799769,1.0000000000
67,5.6360000000,left_hand,17,0.6185638309,0.5597977638,-0.0258392803,1.0000000000
68,5.7210000000,left_hand,17,0.6410172582,0.6411327720,-0.0343981832,1.0000000000
69,5.8050000000,left_hand,17,0.6324433684,0.6292170882,-0.0426668078,1.0000000000
70,5.8890000000,left_hand,17,0.6309708953,0.6314346194,-0.0467161871,1.0000000000
71,5.9730000000,left_hand,17,0.6273196936,0.6154997349,-0.0309935771,1.0000000000
72,6.0570000000,left_hand,17,0.6217445135,0.6627069712,-0.0212392863,1.0000000000
73,6.1410000000,left_hand,17,0.6270529032,0.6854907274,-0.0225772392,1.0000000000
74,6.2250000000,left_hand,17,0.6209657192,0.6829729676,-0.0331106707,1.0000000000
75,6.3090000000,left_hand,17,0.6160244346,0.6904004812,-0.0257065091,1.0000000000
76,6.3940000000,left_hand,17,0.4240544140,0.5687948465,-0.0382253453,1.0000000000
77,6.4780000000,left_hand,17,0.6206477880,0.6913041472,-0.0227844194,1.0000000000
78,6.5620000000,left_hand,17,0.6184020638,0.6807366014,-0.0262414105,1.0000000000
79,6.6460000000,left_hand,17,0.6167472601,0.6815713048,-0.0264339708,1.0000000000
80,6.7300000000,left_hand,17,0.4067253470,0.5802725554,-0.0505852774,1.0000000000
81,6.8140000000,left_hand,17,0.6094511747,0.7050525546,-0.0401502661,1.0000000000
82,6.8980000000,left_hand,17,0.6152311563,0.6973013878,-0.0273718648,1.0000000000
83,6.9820000000,left_hand,17,0.6104992628,0.6949089766,-0.0260440409,1.0000000000
84,7.0670000000,left_hand,17,0.6105964780,0.6911631823,-0.0288941674,1.0000000000
85,7.1510000000,left_hand,17,0.6133831739,0.6866312027,-0.0238292869,1.0000000000
86,7.2350000000,left_hand,17,0.6203777194,0.6921434402,-0.0411960408,1.0000000000
87,7.3190000000,left_hand,17,0.6210680604,0.6976030469,-0.0237179715,1.0000000000
88,7.4030000000,left_hand,17,0.6277690530,0.6910865307,-0.0180857927,1.0000000000
89,7.4870000000,left_hand,17,0.6252921224,0.7075498700,-0.0403284617,1.0000000000
90,7.5710000000,left_hand,17,0.6374015212,0.7049831152,-0.0460105389,1.0000000000
91,7.6550000000,left_hand,17,0.6413279176,0.6781893373,-0.0201903339,1.0000000000
92,7.7400000000,left_hand,17,0.6408745646,0.6760942936,-0.0198562443,1.0000000000
93,7.8240000000,left_hand,17,0.6540094614,0.6816419363,-0.0266055595,1.0000000000
94,7.9080000000,left_hand,17,0.6515765786,0.6755813360,-0.0194045100,1.0000000000
95,7.9920000000,left_hand,17,0.6370199919,0.6831168532,-0.0185994785,1.0000000000
96,8.0760000000,left_hand,17,0.6426190734,0.6923135519,-0.0332909748,1.0000000000
97,8.1600000000,left_hand,17,0.6470158696,0.6942828298,-0.0351489820,1.0000000000
98,8.2440000000,left_hand,17,0.6523807645,0.6893324256,-0.0331394114,1.0000000000
99,8.3280000000,left_hand,17,0.6508808136,0.6911396980,-0.0319133103,1.0000000000
100,8.4130000000,left_hand,17,0.6635609865,0.5860847235,-0.0323578715,1.0000000000
101,8.4970000000,left_hand,17,0.6589646935,0.5868260264,-0.0320855118,1.0000000000
102,8.5810000000,left_hand,17,0.6653325558,0.5890719295,-0.0402029715,1.0000000000
103,8.6650000000,left_hand,17,0.6564253569,0.5877978802,-0.0350941569,1.0000000000
104,8.7490000000,left_hand,17,0.6522224545,0.5923497081,-0.0238277465,1.0000000000
105,8.8330000000,left_hand,17,0.6464173794,0.6801857352,-0.0150165437,1.0000000000
106,8.9170000000,left_hand,17,0.6414146423,0.6832748055,-0.0167980995,1.0000000000
107,9.0010000000,left_hand,17,0.6428284645,0.6861328483,-0.0195823815,1.0000000000
108,9.0860000000,left_hand,17,0.6370439529,0.6969282627,-0.0238982122,1.0000000000
109,9.1700000000,left_hand,17,0.6320384741,0.6894213557,-0.0231155865,1.0000000000
110,9.2540000000,left_hand,17,0.6262533665,0.6897292733,-0.0268139169,1.0000000000
111,9.3380000000,left_hand,17,0.6244271398,0.6875084639,-0.0229839776,1.0000000000
112,9.4220000000,left_hand,17,0.6191186309,0.6859806776,-0.0210575312,1.0000000000
113,9.5060000000,left_hand,17,0.6165277362,0.6432695985,-0.0165717211,1.0000000000
114,9.5900000000,left_hand,17,0.6126596332,0.6606410742,-0.0129808811,1.0000000000
115,9.6740000000,left_hand,17,0.6137117147,0.6597144604,-0.0165839605,1.0000000000
116,9.7590000000,left_hand,17,0.6163116693,0.6596584916,-0.0244911127,1.0000000000
117,9.8430000000,left_hand,17,0.6187337041,0.6685217023,-0.0269835275,1.0000000000
118,9.9270000000,left_hand,17,0.6124845147,0.6619488001,-0.0211416278,1.0000000000
119,10.0110000000,left_hand,17,0.6208296418,0.6519191861,-0.0389528461,1.0000000000
120,10.0950000000,left_hand,17,0.5977786779,0.6373988390,-0.0079900268,1.0000000000
121,10.1790000000,left_hand,17,0.6058839858,0.6531843543,-0.0100650224,1.0000000000
122,10.2630000000,left_hand,17,0.6139892936,0.6689698696,-0.0121400179,1.0000000000
123,10.3470000000,left_hand,17,0.6190875173,0.6687014103,-0.0206079222,1.0000000000
124,10.4320000000,left_hand,17,0.6217867732,0.6658296585,-0.0113254478,1.0000000000
125,10.5160000000,left_hand,17,0.6203771234,0.5698353648,0.0011674158,1.0000000000
126,10.6000000000,left_hand,17,0.6326757669,0.6609503031,-0.0212983266,1.0000000000
127,10.6840000000,left_hand,17,0.6280092001,0.6495953202,-0.0181533732,1.0000000000
128,10.7680000000,left_hand,17,0.4211366177,0.6671030521,-0.0122586824,1.0000000000
129,10.8520000000,left_hand,17,0.6384217143,0.6381189227,-0.0256590191,1.0000000000
130,10.9360000000,left_hand,17,0.4227134585,0.6664725542,-0.0117101455,1.0000000000
131,11.0200000000,left_hand,17,0.6373858452,0.6515274048,-0.0198703129,1.0000000000
132,11.1050000000,left_hand,17,0.6449688077,0.6503533125,-0.0244599171,1.0000000000
133,11.1890000000,left_hand,17,0.6356931925,0.6497144699,-0.0223981980,1.0000000000
134,11.2730000000,left_hand,17,0.5995090008,0.5211163759,-0.0437280945,1.0000000000
135,11.3570000000,left_hand,17,0.6379277110,0.6337278485,-0.0497738048,1.0000000000
136,11.4410000000,left_hand,17,0.4180014729,0.6295669079,-0.0280473288,1.0000000000
137,11.5250000000,left_hand,17,0.4258729219,0.6435983777,-0.0219883118,1.0000000000
138,11.6090000000,left_hand,17,0.4355276227,0.6491596103,-0.0111329742,1.0000000000
139,11.6930000000,left_hand,17,0.4827300310,0.6207256913,-0.0181844104,1.0000000000
140,11.7780000000,left_hand,17,0.5299324393,0.5922917724,-0.0252358466,1.0000000000
141,11.8620000000,left_hand,17,0.5771348476,0.5638578534,-0.0322872829,1.0000000000
142,11.9460000000,left_hand,17,0.6243372560,0.5354239345,-0.0393387191,1.0000000000
60,5.0480000000,left_hand,18,0.6021321416,0.6600525379,-0.0311920326,1.0000000000
61,5.1320000000,left_hand,18,0.6008730531,0.6521798372,-0.0276518501,1.0000000000
62,5.2160000000,left_hand,18,0.6021580696,0.6273052096,-0.0296423901,1.0000000000
63,5.3000000000,left_hand,18,0.5777337551,0.6294256449,-0.0490607917,1.0000000000
64,5.3840000000,left_hand,18,0.5885060430,0.6057840586,-0.0378709473,1.0000000000
65,5.4680000000,left_hand,18,0.5792477131,0.6017496586,-0.0328381322,1.0000000000
66,5.5520000000,left_hand,18,0.5834096670,0.5960078537,-0.0338519253,1.0000000000
67,5.6360000000,left_hand,18,0.5875716209,0.5902660489,-0.0348657183,1.0000000000
68,5.7210000000,left_hand,18,0.6222174168,0.6599563956,-0.0423296355,1.0000000000
69,5.8050000000,left_hand,18,0.6091406345,0.6355808973,-0.0502885245,1.0000000000
70,5.8890000000,left_hand,18,0.6047021151,0.6414557695,-0.0552666746,1.0000000000
71,5.9730000000,left_hand,18,0.5971177220,0.6011099219,-0.0357849225,1.0000000000
72,6.0570000000,left_hand,18,0.5923579335,0.6451333761,-0.0217417330,1.0000000000
73,6.1410000000,left_hand,18,0.5966919661,0.6744957566,-0.0245714281,1.0000000000
74,6.2250000000,left_hand,18,0.5910640955,0.6716257334,-0.0382245481,1.0000000000
75,6.3090000000,left_hand,18,0.5859897733,0.6715388298,-0.0290336739,1.0000000000
76,6.3940000000,left_hand,18,0.4515012801,0.5611979365,-0.0466507636,1.0000000000
77,6.4780000000,left_hand,18,0.5952057838,0.6849328279,-0.0281527676,1.0000000000
78,6.5620000000,left_hand,18,0.5898178220,0.6715211272,-0.0320334658,1.0000000000
79,6.6460000000,left_hand,18,0.5882430673,0.6645082235,-0.0313861221,1.0000000000
80,6.7300000000,left_hand,18,0.4378221631,0.5623075366,-0.0590870753,1.0000000000
81,6.8140000000,left_hand,18,0.5683572888,0.6718317270,-0.0453931801,1.0000000000
82,6.8980000000,left_hand,18,0.5801509023,0.6857830286,-0.0301475376,1.0000000000
83,6.9820000000,left_hand,18,0.5753577352,0.6760922074,-0.0273206942,1.0000000000
84,7.0670000000,left_hand,18,0.5773420334,0.6760984659,-0.0302407760,1.0000000000
85,7.1510000000,left_hand,18,0.5793928504,0.6744550467,-0.0237791575,1.0000000000
86,7.2350000000,left_hand,18,0.5758512616,0.6664233208,-0.0456579104,1.0000000000
87,7.3190000000,left_hand,18,0.5876652002,0.6764932871,-0.0238927882,1.0000000000
88,7.4030000000,left_hand,18,0.5981665850,0.6819139719,-0.0198423490,1.0000000000
89,7.4870000000,left_hand,18,0.5943076015,0.6769210696,-0.0460453406,1.0000000000
90,7.5710000000,left_hand,18,0.6087927818,0.6951878667,-0.0554186963,1.0000000000
91,7.6550000000,left_hand,18,0.6154299974,0.6686874628,-0.0222157370,1.0000000000
92,7.7400000000,left_hand,18,0.6162135005,0.6651933789,-0.0226042680,1.0000000000
93,7.8240000000,left_hand,18,0.6249591112,0.6789661050,-0.0290443227,1.0000000000
94,7.9080000000,left_hand,18,0.6246917844,0.6745296717,-0.0213847067,1.0000000000
95,7.9920000000,left_hand,18,0.6160523891,0.6770640612,-0.0228059553,1.0000000000
96,8.0760000000,left_hand,18,0.6159451008,0.6891855597,-0.0383342132,1.0000000000
97,8.1600000000,left_hand,18,0.6183868647,0.6902942657,-0.0408490226,1.0000000000
98,8.2440000000,left_hand,18,0.6249687076,0.6875287294,-0.0396318361,1.0000000000
99,8.3280000000,left_hand,18,0.6198660135,0.6823410988,-0.0371059477,1.0000000000
100,8.4130000000,left_hand,18,0.6347210407,0.5755723119,-0.0392317995,1.0000000000
101,8.4970000000,left_hand,18,0.6330587864,0.5776718855,-0.0383781232,1.0000000000
102,8.5810000000,left_hand,18,0.6389576197,0.5764175057,-0.0495902635,1.0000000000
103,8.6650000000,left_hand,18,0.6326715946,0.5792155266,-0.0415424258,1.0000000000
104,8.7490000000,left_hand,18,0.6305267215,0.5880691409,-0.0289577395,1.0000000000
105,8.8330000000,left_hand,18,0.6294436455,0.6776193380,-0.0194746573,1.0000000000
106,8.9170000000,left_hand,18,0.6168300509,0.6897715926,-0.0205308348,1.0000000000
107,9.0010000000,left_hand,18,0.6168174744,0.6934638023,-0.0222329423,1.0000000000
108,9.0860000000,left_hand,18,0.6104658246,0.7003270388,-0.0292340741,1.0000000000
109,9.1700000000,left_hand,18,0.6057833433,0.6941042542,-0.0278598908,1.0000000000
110,9.2540000000,left_hand,18,0.5959804058,0.6846331954,-0.0301456992,1.0000000000
111,9.3380000000,left_hand,18,0.5967453122,0.6882491708,-0.0261100810,1.0000000000
112,9.4220000000,left_hand,18,0.5875324011,0.6813265085,-0.0201986805,1.0000000000
113,9.5060000000,left_hand,18,0.5877584815,0.6358702779,-0.0158352181,1.0000000000
114,9.5900000000,left_hand,18,0.5859931111,0.6494206786,-0.0127750766,1.0000000000
115,9.6740000000,left_hand,18,0.5882587433,0.6565701962,-0.0170023236,1.0000000000
116,9.7590000000,left_hand,18,0.5910149217,0.6641801596,-0.0272296071,1.0000000000
117,9.8430000000,left_hand,18,0.5855703354,0.6649354100,-0.0287468787,1.0000000000
118,9.9270000000,left_hand,18,0.5839598775,0.6629171371,-0.0230910406,1.0000000000
119,10.0110000000,left_hand,18,0.5828769207,0.6549854279,-0.0414474681,1.0000000000
120,10.0950000000,left_hand,18,0.5759478211,0.6355980635,-0.0107142972,1.0000000000
121,10.1790000000,left_hand,18,0.5816873312,0.6502913237,-0.0110590439,1.0000000000
122,10.2630000000,left_hand,18,0.5874268413,0.6649845839,-0.0114037907,1.0000000000
123,10.3470000000,left_hand,18,0.5889156461,0.6608303189,-0.0212761033,1.0000000000
124,10.4320000000,left_hand,18,0.5977074504,0.6606386900,-0.0120904855,1.0000000000
125,10.5160000000,left_hand,18,0.6027893424,0.5643604398,0.0024040772,1.0000000000
126,10.6000000000,left_hand,18,0.6091664433,0.6679964066,-0.0255054813,1.0000000000
127,10.6840000000,left_hand,18,0.6085254550,0.6611382961,-0.0221474823,1.0000000000
128,10.7680000000,left_hand,18,0.4361526072,0.6825163364,-0.0159838498,1.0000000000
129,10.8520000000,left_hand,18,0.6193327308,0.6570272446,-0.0312270541,1.0000000000
130,10.9360000000,left_hand,18,0.4399666786,0.6815708876,-0.0140433544,1.0000000000
131,11.0200000000,left_hand,18,0.6193593144,0.6664797664,-0.0243558791,1.0000000000
132,11.1050000000,left_hand,18,0.6258110404,0.6670498848,-0.0294999182,1.0000000000
133,11.1890000000,left_hand,18,0.6168058515,0.6639231443,-0.0268068779,1.0000000000
134,11.2730000000,left_hand,18,0.5732787251,0.5528606772,-0.0520538688,1.0000000000
135,11.3570000000,left_hand,18,0.6193246245,0.6482717991,-0.0567155741,1.0000000000
136,11.4410000000,left_hand,18,0.4389318824,0.6542237997,-0.0329180621,1.0000000000
137,11.5250000000,left_hand,18,0.4450478256,0.6558418274,-0.0246854071,1.0000000000
138,11.6090000000,left_hand,18,0.4535970390,0.6622310877,-0.0124210995,1.0000000000
139,11.6930000000,left_hand,18,0.4881568775,0.6321354657,-0.0216907836,1.0000000000
140,11.7780000000,left_hand,18,0.5227167159,0.6020398438,-0.0309604676,1.0000000000
141,11.8620000000,left_hand,18,0.5572765544,0.5719442219,-0.0402301517,1.0000000000
142,11.9460000000,left_hand,18,0.5918363929,0.5418485999,-0.0494998358,1.0000000000
60,5.0480000000,left_hand,19,0.5892419815,0.6574135423,-0.0307645332,1.0000000000
61,5.1320000000,left_hand,19,0.5900669694,0.6499724984,-0.0252987035,1.0000000000
62,5.2160000000,left_hand,19,0.5941206217,0.6324585080,-0.0258531440,1.0000000000
63,5.3000000000,left_hand,19,0.5575959086,0.6111998558,-0.0492296405,1.0000000000
64,5.3840000000,left_hand,19,0.5699380040,0.6204251647,-0.0396236964,1.0000000000
65,5.4680000000,left_hand,19,0.5592405200,0.6154944301,-0.0346375480,1.0000000000
66,5.5520000000,left_hand,19,0.5647316277,0.6139926314,-0.0352920145,1.0000000000
67,5.6360000000,left_hand,19,0.5702227354,0.6124908328,-0.0359464809,1.0000000000
68,5.7210000000,left_hand,19,0.6105692387,0.6643258929,-0.0433609635,1.0000000000
69,5.8050000000,left_hand,19,0.5950958133,0.6396508217,-0.0510744415,1.0000000000
70,5.8890000000,left_hand,19,0.5915609002,0.6451755762,-0.0561056696,1.0000000000
71,5.9730000000,left_hand,19,0.5809372067,0.5896028876,-0.0338692032,1.0000000000
72,6.0570000000,left_hand,19,0.5807355046,0.6242960095,-0.0165072214,1.0000000000
73,6.1410000000,left_hand,19,0.5826587677,0.6538888812,-0.0226414353,1.0000000000
74,6.2250000000,left_hand,19,0.5766426325,0.6536670923,-0.0374689214,1.0000000000
75,6.3090000000,left_hand,19,0.5792193413,0.6525626183,-0.0251787286,1.0000000000
76,6.3940000000,left_hand,19,0.4676632881,0.5581507087,-0.0487787090,1.0000000000
77,6.4780000000,left_hand,19,0.5796864629,0.6772111058,-0.0295324959,1.0000000000
78,6.5620000000,left_hand,19,0.5738686919,0.6582860947,-0.0327195227,1.0000000000
79,6.6460000000,left_hand,19,0.5728809237,0.6468347907,-0.0318931453,1.0000000000
80,6.7300000000,left_hand,19,0.4547488987,0.5565370917,-0.0599072948,1.0000000000
81,6.8140000000,left_hand,19,0.5601365566,0.6395667195,-0.0417909436,1.0000000000
82,6.8980000000,left_hand,19,0.5658146739,0.6641250253,-0.0284788534,1.0000000000
83,6.9820000000,left_hand,19,0.5656781793,0.6532534957,-0.0240201987,1.0000000000
84,7.0670000000,left_hand,19,0.5644138455,0.6575728655,-0.0268981922,1.0000000000
85,7.1510000000,left_hand,19,0.5667327046,0.6535344720,-0.0199791659,1.0000000000
86,7.2350000000,left_hand,19,0.5675571561,0.6367276311,-0.0397236943,1.0000000000
87,7.3190000000,left_hand,19,0.5791618228,0.6556759477,-0.0191756450,1.0000000000
88,7.4030000000,left_hand,19,0.5887272358,0.6653337479,-0.0171829425,1.0000000000
89,7.4870000000,left_hand,19,0.5831785202,0.6600110531,-0.0419675373,1.0000000000
90,7.5710000000,left_hand,19,0.6006871462,0.6793640852,-0.0514977835,1.0000000000
91,7.6550000000,left_hand,19,0.6014260054,0.6560387015,-0.0208238419,1.0000000000
92,7.7400000000,left_hand,19,0.6032224894,0.6483005285,-0.0215186924,1.0000000000
93,7.8240000000,left_hand,19,0.6090147495,0.6682791710,-0.0280145314,1.0000000000
94,7.9080000000,left_hand,19,0.6096759439,0.6654975414,-0.0195751619,1.0000000000
95,7.9920000000,left_hand,19,0.6036894321,0.6664555073,-0.0227217823,1.0000000000
96,8.0760000000,left_hand,19,0.6018286347,0.6751167774,-0.0382336266,1.0000000000
97,8.1600000000,left_hand,19,0.6027629375,0.6763669848,-0.0408089124,1.0000000000
98,8.2440000000,left_hand,19,0.6076489091,0.6800101399,-0.0418087319,1.0000000000
99,8.3280000000,left_hand,19,0.6022130847,0.6716077328,-0.0376306437,1.0000000000
100,8.4130000000,left_hand,19,0.6163530350,0.5679883957,-0.0404961370,1.0000000000
101,8.4970000000,left_hand,19,0.6164282560,0.5731773376,-0.0392265469,1.0000000000
102,8.5810000000,left_hand,19,0.6198720932,0.5732708573,-0.0523471795,1.0000000000
103,8.6650000000,left_hand,19,0.6172462702,0.5748527646,-0.0415212438,1.0000000000
104,8.7490000000,left_hand,19,0.6149838567,0.5839203000,-0.0290410984,1.0000000000
105,8.8330000000,left_hand,19,0.6175534725,0.6719803810,-0.0204392411,1.0000000000
106,8.9170000000,left_hand,19,0.6006250381,0.6864097118,-0.0207635481,1.0000000000
107,9.0010000000,left_hand,19,0.6003634930,0.6859986782,-0.0215776209,1.0000000000
108,9.0860000000,left_hand,19,0.5942793489,0.6891493201,-0.0302505326,1.0000000000
109,9.1700000000,left_hand,19,0.5907247663,0.6829547882,-0.0276061669,1.0000000000
110,9.2540000000,left_hand,19,0.5839256644,0.6684934497,-0.0283594541,1.0000000000
111,9.3380000000,left_hand,19,0.5850410461,0.6767404079,-0.0255581848,1.0000000000
112,9.4220000000,left_hand,19,0.5792954564,0.6680933237,-0.0152161494,1.0000000000
113,9.5060000000,left_hand,19,0.5783539414,0.6262900829,-0.0115686553,1.0000000000
114,9.5900000000,left_hand,19,0.5750198364,0.6339907646,-0.0089533646,1.0000000000
115,9.6740000000,left_hand,19,0.5795633197,0.6469683051,-0.0128706479,1.0000000000
116,9.7590000000,left_hand,19,0.5807977319,0.6591029763,-0.0239672773,1.0000000000
117,9.8430000000,left_hand,19,0.5739271641,0.6518809199,-0.0226612519,1.0000000000
118,9.9270000000,left_hand,19,0.5747796893,0.6512039304,-0.0187693145,1.0000000000
119,10.0110000000,left_hand,19,0.5723548532,0.6466837525,-0.0348498821,1.0000000000
120,10.0950000000,left_hand,19,0.5745212436,0.6340759397,-0.0082489727,1.0000000000
121,10.1790000000,left_hand,19,0.5775615871,0.6415109932,-0.0077374196,1.0000000000
122,10.2630000000,left_hand,19,0.5806019306,0.6489460468,-0.0072258664,1.0000000000
123,10.3470000000,left_hand,19,0.5781545043,0.6463010311,-0.0183612928,1.0000000000
124,10.4320000000,left_hand,19,0.5851684213,0.6515206695,-0.0106359553,1.0000000000
125,10.5160000000,left_hand,19,0.5954674482,0.5659969449,0.0043444410,1.0000000000
126,10.6000000000,left_hand,19,0.5967143774,0.6690016389,-0.0246441513,1.0000000000
127,10.6840000000,left_hand,19,0.5977298617,0.6652461886,-0.0222531892,1.0000000000
128,10.7680000000,left_hand,19,0.4470313489,0.6909695268,-0.0164657589,1.0000000000
129,10.8520000000,left_hand,19,0.6067325473,0.6668304205,-0.0320824794,1.0000000000
130,10.9360000000,left_hand,19,0.4514634013,0.6884312630,-0.0138576757,1.0000000000
131,11.0200000000,left_hand,19,0.6079275012,0.6725342274,-0.0256188102,1.0000000000
132,11.1050000000,left_hand,19,0.6129170060,0.6735744476,-0.0304347761,1.0000000000
133,11.1890000000,left_hand,19,0.6059885025,0.6646738648,-0.0261430908,1.0000000000
134,11.2730000000,left_hand,19,0.5572035313,0.5776805282,-0.0508344918,1.0000000000
135,11.3570000000,left_hand,19,0.6059698462,0.6584380269,-0.0539112873,1.0000000000
136,11.4410000000,left_hand,19,0.4527190924,0.6670061350,-0.0325445756,1.0000000000
137,11.5250000000,left_hand,19,0.4571990371,0.6582551599,-0.0234279558,1.0000000000
138,11.6090000000,left_hand,19,0.4635147750,0.6601962447,-0.0110602956,1.0000000000
139,11.6930000000,left_hand,19,0.4911065176,0.6353259236,-0.0207385574,1.0000000000
140,11.7780000000,left_hand,19,0.5186982602,0.6104556024,-0.0304168193,1.0000000000
141,11.8620000000,left_hand,19,0.5462900028,0.5855852813,-0.0400950811,1.0000000000
142,11.9460000000,left_hand,19,0.5738817453,0.5607149601,-0.0497733429,1.0000000000
60,5.0480000000,left_hand,20,0.5805314183,0.6514628530,-0.0294723269,1.0000000000
61,5.1320000000,left_hand,20,0.5843806267,0.6450694203,-0.0231166948,1.0000000000
62,5.2160000000,left_hand,20,0.5911134481,0.6338601112,-0.0219071601,1.0000000000
63,5.3000000000,left_hand,20,0.5436041355,0.5919715762,-0.0484614186,1.0000000000
64,5.3840000000,left_hand,20,0.5552066565,0.6352763176,-0.0404588245,1.0000000000
65,5.4680000000,left_hand,20,0.5434624553,0.6310820580,-0.0357773453,1.0000000000
66,5.5520000000,left_hand,20,0.5511491299,0.6319780052,-0.0356942732,1.0000000000
67,5.6360000000,left_hand,20,0.5588358045,0.6328739524,-0.0356112011,1.0000000000
68,5.7210000000,left_hand,20,0.6013383269,0.6655315161,-0.0439057238,1.0000000000
69,5.8050000000,left_hand,20,0.5827997327,0.6407135725,-0.0510402806,1.0000000000
70,5.8890000000,left_hand,20,0.5803399682,0.6447656751,-0.0567402728,1.0000000000
71,5.9730000000,left_hand,20,0.5697974563,0.5810500979,-0.0316780321,1.0000000000
72,6.0570000000,left_hand,20,0.5770498514,0.6067502499,-0.0114060091,1.0000000000
73,6.1410000000,left_hand,20,0.5755721331,0.6352311373,-0.0208648406,1.0000000000
74,6.2250000000,left_hand,20,0.5681291819,0.6373045444,-0.0363593958,1.0000000000
75,6.3090000000,left_hand,20,0.5787053704,0.6408396363,-0.0213050861,1.0000000000
76,6.3940000000,left_hand,20,0.4808246493,0.5547903776,-0.0496795550,1.0000000000
77,6.4780000000,left_hand,20,0.5678580403,0.6698426008,-0.0300223473,1.0000000000
78,6.5620000000,left_hand,20,0.5627333522,0.6461410522,-0.0324193239,1.0000000000
79,6.6460000000,left_hand,20,0.5626058578,0.6308696866,-0.0315727815,1.0000000000
80,6.7300000000,left_hand,20,0.4666663706,0.5545269251,-0.0605217889,1.0000000000
81,6.8140000000,left_hand,20,0.5627068877,0.6180171371,-0.0374717526,1.0000000000
82,6.8980000000,left_hand,20,0.5596084595,0.6456565261,-0.0266649891,1.0000000000
83,6.9820000000,left_hand,20,0.5636698604,0.6392203569,-0.0217407960,1.0000000000
84,7.0670000000,left_hand,20,0.5586999655,0.6429527998,-0.0241952688,1.0000000000
85,7.1510000000,left_hand,20,0.5624837279,0.6337838769,-0.0162200052,1.0000000000
86,7.2350000000,left_hand,20,0.5732665062,0.6188512444,-0.0331814401,1.0000000000
87,7.3190000000,left_hand,20,0.5788678527,0.6430035830,-0.0152893942,1.0000000000
88,7.4030000000,left_hand,20,0.5873147249,0.6540533304,-0.0147541426,1.0000000000
89,7.4870000000,left_hand,20,0.5837513804,0.6535848975,-0.0385868214,1.0000000000
90,7.5710000000,left_hand,20,0.5998655558,0.6710135341,-0.0480214581,1.0000000000
91,7.6550000000,left_hand,20,0.5927770138,0.6440021992,-0.0196866430,1.0000000000
92,7.7400000000,left_hand,20,0.5956951380,0.6334686279,-0.0203726441,1.0000000000
93,7.8240000000,left_hand,20,0.5994948149,0.6588637233,-0.0267948993,1.0000000000
94,7.9080000000,left_hand,20,0.6006253362,0.6569007039,-0.0176122691,1.0000000000
95,7.9920000000,left_hand,20,0.5961365700,0.6562808752,-0.0218389574,1.0000000000
96,8.0760000000,left_hand,20,0.5940635800,0.6607933640,-0.0372141898,1.0000000000
97,8.1600000000,left_hand,20,0.5932374597,0.6630176902,-0.0397986993,1.0000000000
98,8.2440000000,left_hand,20,0.5946530700,0.6718651652,-0.0429772511,1.0000000000
99,8.3280000000,left_hand,20,0.5901994705,0.6631738544,-0.0372385755,1.0000000000
100,8.4130000000,left_hand,20,0.6016883850,0.5626657605,-0.0404666997,1.0000000000
101,8.4970000000,left_hand,20,0.6022318006,0.5705378056,-0.0393186435,1.0000000000
102,8.5810000000,left_hand,20,0.6030982733,0.5714845657,-0.0537995510,1.0000000000
103,8.6650000000,left_hand,20,0.6052403450,0.5719757676,-0.0410148129,1.0000000000
104,8.7490000000,left_hand,20,0.6027127504,0.5786377192,-0.0287279468,1.0000000000
105,8.8330000000,left_hand,20,0.6090618372,0.6653298736,-0.0207053926,1.0000000000
106,8.9170000000,left_hand,20,0.5891001821,0.6803843975,-0.0201624613,1.0000000000
107,9.0010000000,left_hand,20,0.5896740556,0.6764064431,-0.0205142610,1.0000000000
108,9.0860000000,left_hand,20,0.5837945342,0.6758033037,-0.0300575234,1.0000000000
109,9.1700000000,left_hand,20,0.5819347501,0.6698710322,-0.0263042003,1.0000000000
110,9.2540000000,left_hand,20,0.5788453817,0.6556675434,-0.0263568852,1.0000000000
111,9.3380000000,left_hand,20,0.5804919004,0.6665242910,-0.0249245316,1.0000000000
112,9.4220000000,left_hand,20,0.5788561702,0.6592099667,-0.0111116292,1.0000000000
113,9.5060000000,left_hand,20,0.5744070411,0.6198806167,-0.0081073185,1.0000000000
114,9.5900000000,left_hand,20,0.5694267154,0.6223061085,-0.0055933455,1.0000000000
115,9.6740000000,left_hand,20,0.5763617754,0.6399453878,-0.0090810452,1.0000000000
116,9.7590000000,left_hand,20,0.5760513544,0.6539027095,-0.0206347629,1.0000000000
117,9.8430000000,left_hand,20,0.5701217651,0.6418976188,-0.0165082533,1.0000000000
118,9.9270000000,left_hand,20,0.5724349022,0.6418276429,-0.0145701095,1.0000000000
119,10.0110000000,left_hand,20,0.5709699392,0.6376546025,-0.0283086132,1.0000000000
120,10.0950000000,left_hand,20,0.5780181289,0.6313616037,-0.0053997859,1.0000000000
121,10.1790000000,left_hand,20,0.5793670714,0.6341653764,-0.0043173758,1.0000000000
122,10.2630000000,left_hand,20,0.5807160139,0.6369691491,-0.0032349657,1.0000000000
123,10.3470000000,left_hand,20,0.5748711824,0.6354884505,-0.0159018617,1.0000000000
124,10.4320000000,left_hand,20,0.5773201585,0.6431120634,-0.0092299860,1.0000000000
125,10.5160000000,left_hand,20,0.5918317437,0.5673262477,0.0057097012,1.0000000000
126,10.6000000000,left_hand,20,0.5881232023,0.6678639054,-0.0232639164,1.0000000000
127,10.6840000000,left_hand,20,0.5911602378,0.6659656167,-0.0214831773,1.0000000000
128,10.7680000000,left_hand,20,0.4559329748,0.6962443590,-0.0163309630,1.0000000000
129,10.8520000000,left_hand,20,0.5969888568,0.6736549735,-0.0323353931,1.0000000000
130,10.9360000000,left_hand,20,0.4603011906,0.6914560795,-0.0131812822,1.0000000000
131,11.0200000000,left_hand,20,0.5996896625,0.6749454737,-0.0259910114,1.0000000000
132,11.1050000000,left_hand,20,0.6022515893,0.6770607829,-0.0308965947,1.0000000000
133,11.1890000000,left_hand,20,0.5988602638,0.6607986689,-0.0249087643,1.0000000000
134,11.2730000000,left_hand,20,0.5459914804,0.5977612138,-0.0507516786,1.0000000000
135,11.3570000000,left_hand,20,0.5954443216,0.6630957127,-0.0522026345,1.0000000000
136,11.4410000000,left_hand,20,0.4635283351,0.6755211949,-0.0318984687,1.0000000000
137,11.5250000000,left_hand,20,0.4663022757,0.6566200256,-0.0224469155,1.0000000000
138,11.6090000000,left_hand,20,0.4690579772,0.6542828083,-0.0095193628,1.0000000000
139,11.6930000000,left_hand,20,0.4926609993,0.6363184154,-0.0194230662,1.0000000000
140,11.7780000000,left_hand,20,0.5162640214,0.6183540225,-0.0293267695,1.0000000000
141,11.8620000000,left_hand,20,0.5398670435,0.6003896296,-0.0392304729,1.0000000000
142,11.9460000000,left_hand,20,0.5634700656,0.5824252367,-0.0491341762,1.0000000000
60,5.0480000000,pose,11,0.6481561661,0.3135497868,0.1225342676,0.9998332262
61,5.1320000000,pose,11,0.6475576162,0.3079170883,0.1272568405,0.9998340011
62,5.2160000000,pose,11,0.6474551558,0.3051593304,0.0537272654,0.9998351932
63,5.3000000000,pose,11,0.6477138996,0.3048115075,0.0408423096,0.9998380542
64,5.3840000000,pose,11,0.6477181315,0.3056538999,0.0180194732,0.9998486042
65,5.4680000000,pose,11,0.6473020911,0.3094627261,-0.0258013830,0.9998587370
66,5.5520000000,pose,11,0.6464017034,0.3050815761,-0.0914395228,0.9998703003
67,5.6360000000,pose,11,0.6479517221,0.3027082682,-0.0874404535,0.9998834729
68,5.7210000000,pose,11,0.6480874419,0.3010835052,0.0052160188,0.9998862147
69,5.8050000000,pose,11,0.6483172178,0.2997402549,0.0365623720,0.9998885393
70,5.8890000000,pose,11,0.6483133435,0.2987065613,-0.0126461955,0.9998930693
71,5.9730000000,pose,11,0.6477298141,0.2988409102,0.0936851874,0.9998891354
72,6.0570000000,pose,11,0.6482585669,0.2999174297,0.0837196037,0.9998948574
73,6.1410000000,pose,11,0.6485181451,0.2997361720,0.1091176122,0.9998856187
74,6.2250000000,pose,11,0.6486812830,0.2998268902,0.1186800525,0.9998514056
75,6.3090000000,pose,11,0.6490151882,0.3008150458,0.1139353961,0.9998499751
76,6.3940000000,pose,11,0.6490603685,0.3008754849,0.1097357199,0.9998456240
77,6.4780000000,pose,11,0.6492217779,0.3023414314,0.0255729984,0.9998454452
78,6.5620000000,pose,11,0.6490210891,0.3013311625,0.0365944691,0.9998513460
79,6.6460000000,pose,11,0.6491833329,0.3008976281,0.0488129184,0.9998505116
80,6.7300000000,pose,11,0.6490579844,0.3000842333,0.1165773049,0.9998526573
81,6.8140000000,pose,11,0.6480684876,0.2987420857,0.0980877131,0.9998542070
82,6.8980000000,pose,11,0.6480718255,0.2978726923,-0.0166984238,0.9998607039
83,6.9820000000,pose,11,0.6485936046,0.2974402010,0.0102158869,0.9998601079
84,7.0670000000,pose,11,0.6489346027,0.2948368192,0.0322928354,0.9998658895
85,7.1510000000,pose,11,0.6488057375,0.2952418029,0.0229264721,0.9998731017
86,7.2350000000,pose,11,0.6493783593,0.2964648306,-0.0457544103,0.9998851418
87,7.3190000000,pose,11,0.6497391462,0.2961412370,-0.0831951723,0.9998922348
88,7.4030000000,pose,11,0.6507459283,0.2976728678,0.0283926409,0.9998973608
89,7.4870000000,pose,11,0.6507350802,0.2973322570,0.0306783300,0.9998971820
90,7.5710000000,pose,11,0.6511099935,0.2970087826,0.0081986766,0.9999063015
91,7.6550000000,pose,11,0.6520263553,0.2970031798,-0.0850675553,0.9999095201
92,7.7400000000,pose,11,0.6520334482,0.2933085859,-0.0078103016,0.9999138713
93,7.8240000000,pose,11,0.6521087289,0.2954204082,-0.0523328073,0.9999158978
94,7.9080000000,pose,11,0.6518520713,0.2947871983,-0.0767751709,0.9999206066
95,7.9920000000,pose,11,0.6484346986,0.2949467003,-0.0881787911,0.9999231100
96,8.0760000000,pose,11,0.6486458182,0.2958482802,0.0344241746,0.9999263287
97,8.1600000000,pose,11,0.6486932039,0.2977902591,0.0538455583,0.9999271035
98,8.2440000000,pose,11,0.6487582922,0.2986341417,0.0491282977,0.9999285340
99,8.3280000000,pose,11,0.6482717395,0.2966209054,0.0715024173,0.9999273419
100,8.4130000000,pose,11,0.6483276486,0.2955553830,0.0513110682,0.9999251962
101,8.4970000000,pose,11,0.6487455964,0.2948954403,0.0790035203,0.9999226928
102,8.5810000000,pose,11,0.6494519711,0.2988025248,0.0753386915,0.9999223948
103,8.6650000000,pose,11,0.6497532129,0.2962303758,0.0692579448,0.9999206066
104,8.7490000000,pose,11,0.6503573060,0.2962233722,0.0409897789,0.9999200702
105,8.8330000000,pose,11,0.6508141160,0.2948100269,-0.0327363797,0.9999237061
106,8.9170000000,pose,11,0.6509387493,0.2952823341,0.0148276286,0.9999250174
107,9.0010000000,pose,11,0.6512269378,0.3005867302,0.0440811738,0.9999212623
108,9.0860000000,pose,11,0.6512791514,0.2996742427,0.0421815105,0.9999231696
109,9.1700000000,pose,11,0.6513620019,0.2996152937,0.0547781847,0.9999179244
110,9.2540000000,pose,11,0.6512998939,0.2982745171,0.1105554029,0.9999141693
111,9.3380000000,pose,11,0.6512960792,0.2981769145,0.1569913775,0.9999042153
112,9.4220000000,pose,11,0.6523817778,0.2994016707,0.1398356706,0.9999018312
113,9.5060000000,pose,11,0.6534274817,0.3008570671,0.0659501031,0.9999026656
114,9.5900000000,pose,11,0.6536068320,0.3015559316,0.0730600804,0.9999051094
115,9.6740000000,pose,11,0.6535463333,0.3015622199,0.0167428460,0.9999028444
116,9.7590000000,pose,11,0.6537532210,0.3017247319,0.0255517084,0.9998916388
117,9.8430000000,pose,11,0.6518218517,0.3004454076,0.0615254529,0.9998753667
118,9.9270000000,pose,11,0.6517012715,0.3019834161,0.0573418289,0.9998666644
119,10.0110000000,pose,11,0.6517051458,0.3059028387,0.0530883111,0.9998620152
120,10.0950000000,pose,11,0.6517356634,0.3060693741,0.0927029327,0.9998298287
121,10.1790000000,pose,11,0.6517304778,0.3093901277,0.0533622466,0.9998286366
122,10.2630000000,pose,11,0.6512991190,0.3051942885,0.0448325761,0.9998342991
123,10.3470000000,pose,11,0.6492849588,0.3047478199,0.1606284082,0.9998278022
124,10.4320000000,pose,11,0.6492785811,0.3049238026,0.0711202398,0.9998294711
125,10.5160000000,pose,11,0.6495803595,0.3049418032,0.0707706213,0.9998107553
126,10.6000000000,pose,11,0.6494535804,0.3090514243,0.0722602382,0.9998027086
127,10.6840000000,pose,11,0.6505851746,0.3100635111,0.0778171569,0.9998105764
128,10.7680000000,pose,11,0.6525608301,0.3102247715,-0.0466295294,0.9998252392
129,10.8520000000,pose,11,0.6516252160,0.3087785542,-0.0147679336,0.9998344779
130,10.9360000000,pose,11,0.6498917937,0.3046860993,0.0382032543,0.9998401403
131,11.0200000000,pose,11,0.6498645544,0.3061458468,0.0224344227,0.9998514056
132,11.1050000000,pose,11,0.6498962641,0.3043627441,0.0339892618,0.9998676181
133,11.1890000000,pose,11,0.6521707177,0.3048196435,-0.0584198572,0.9998772740
134,11.2730000000,pose,11,0.6506263018,0.3009089231,-0.0353281572,0.9998921156
135,11.3570000000,pose,11,0.6528005004,0.3008948565,-0.0287318788,0.9998953342
136,11.4410000000,pose,11,0.6528217793,0.3012166023,-0.0579379313,0.9999023080
137,11.5250000000,pose,11,0.6524850130,0.3019144833,-0.0497188531,0.9999001026
138,11.6090000000,pose,11,0.6528508663,0.3025625050,-0.1165747643,0.9999060035
139,11.6930000000,pose,11,0.6528235674,0.3034242988,-0.0722512007,0.9999105334
140,11.7780000000,pose,11,0.6525279284,0.3030911982,-0.3176123202,0.9999282360
141,11.8620000000,pose,11,0.6522762775,0.3027300537,-0.3050514460,0.9999325871
142,11.9460000000,pose,11,0.6502650976,0.3032926619,-0.3485003114,0.9999416471
60,5.0480000000,pose,12,0.4060279727,0.2857196033,0.1295261532,0.9996837974
61,5.1320000000,pose,12,0.4060308039,0.2858735919,0.1061598361,0.9996865988
62,5.2160000000,pose,12,0.4069635272,0.2854992449,0.0254879817,0.9996936917
63,5.3000000000,pose,12,0.4072090685,0.2844713926,0.0282449536,0.9997010827
64,5.3840000000,pose,12,0.4071516991,0.2844218016,0.0255907364,0.9997218251
65,5.4680000000,pose,12,0.4066548944,0.2843776345,-0.0105213188,0.9997435808
66,5.5520000000,pose,12,0.4037988782,0.2843796611,-0.0728340447,0.9997650385
67,5.6360000000,pose,12,0.4037931263,0.2843904495,-0.0191887822,0.9997984767
68,5.7210000000,pose,12,0.4038024247,0.2836857438,0.0290584732,0.9998087883
69,5.8050000000,pose,12,0.4046884179,0.2834266424,0.0358023569,0.9998176098
70,5.8890000000,pose,12,0.4050131142,0.2825421393,0.0255157221,0.9998278022
71,5.9730000000,pose,12,0.4050892591,0.2816170156,0.0944554508,0.9998172522
72,6.0570000000,pose,12,0.4050605893,0.2818185091,0.0769728720,0.9998219609
73,6.1410000000,pose,12,0.4051718712,0.2817963362,0.1175527945,0.9998125434
74,6.2250000000,pose,12,0.4051884413,0.2805966139,0.1105946228,0.9997657537
75,6.3090000000,pose,12,0.4050817192,0.2804574966,0.1040374562,0.9997590780
76,6.3940000000,pose,12,0.4060843289,0.2804173529,0.1013677269,0.9997603297
77,6.4780000000,pose,12,0.4060687721,0.2828101814,0.0192392208,0.9997663498
78,6.5620000000,pose,12,0.4059368968,0.2826797068,0.0244701803,0.9997800589
79,6.6460000000,pose,12,0.4059294760,0.2827573419,0.0736581907,0.9997891188
80,6.7300000000,pose,12,0.4058986902,0.2826524079,0.1450183243,0.9997892976
81,6.8140000000,pose,12,0.4050795436,0.2822881341,0.1132425591,0.9998001456
82,6.8980000000,pose,12,0.4054449201,0.2822589874,0.0337067805,0.9998049140
83,6.9820000000,pose,12,0.4054182768,0.2820816040,0.0635683015,0.9998133779
84,7.0670000000,pose,12,0.4054324925,0.2818037570,0.0788924545,0.9998241663
85,7.1510000000,pose,12,0.4043570459,0.2813338935,0.0586190820,0.9998363256
86,7.2350000000,pose,12,0.4043182433,0.2815114260,0.0071946727,0.9998581409
87,7.3190000000,pose,12,0.4044568837,0.2808480859,-0.0391572118,0.9998682141
88,7.4030000000,pose,12,0.4056518972,0.2804915607,0.0549876913,0.9998744726
89,7.4870000000,pose,12,0.4069293737,0.2840682864,0.0526192337,0.9998724461
90,7.5710000000,pose,12,0.4068735838,0.2830802202,0.0426996276,0.9998823404
91,7.6550000000,pose,12,0.4064856768,0.2860327363,-0.0570028163,0.9998894334
92,7.7400000000,pose,12,0.4060858488,0.2856694162,-0.0040842691,0.9998967648
93,7.8240000000,pose,12,0.4059874117,0.2856566906,-0.0261067562,0.9999016523
94,7.9080000000,pose,12,0.4059767425,0.2823281884,-0.0429078974,0.9999074936
95,7.9920000000,pose,12,0.4060334861,0.2825403512,-0.0865693986,0.9999126196
96,8.0760000000,pose,12,0.4055717289,0.2821892202,0.0593911223,0.9999171495
97,8.1600000000,pose,12,0.4056259692,0.2821931243,0.0770072863,0.9999169111
98,8.2440000000,pose,12,0.4049800336,0.2822235823,0.0555162467,0.9999145269
99,8.3280000000,pose,12,0.4051890373,0.2823599875,0.0965926573,0.9999139309
100,8.4130000000,pose,12,0.4051780701,0.2806213200,0.0564334244,0.9999102354
101,8.4970000000,pose,12,0.4051800966,0.2802730203,0.0902115554,0.9999104738
102,8.5810000000,pose,12,0.4051757753,0.2809426188,0.0672475845,0.9999094009
103,8.6650000000,pose,12,0.4046487808,0.2792474329,0.0664741918,0.9999000430
104,8.7490000000,pose,12,0.4045347571,0.2807014287,0.0512700938,0.9998984337
105,8.8330000000,pose,12,0.4037955999,0.2824825346,0.0058810357,0.9998987317
106,8.9170000000,pose,12,0.4061607718,0.2828572690,0.0747768879,0.9998998642
107,9.0010000000,pose,12,0.4066165090,0.2827350795,0.0464147180,0.9998924732
108,9.0860000000,pose,12,0.4088267386,0.2800615728,0.0620175749,0.9998949766
109,9.1700000000,pose,12,0.4092163146,0.2853528261,0.0632074624,0.9998927116
110,9.2540000000,pose,12,0.4102205634,0.2848860025,0.1203118265,0.9998905659
111,9.3380000000,pose,12,0.4105767608,0.2848271430,0.1416171193,0.9998779893
112,9.4220000000,pose,12,0.4095455706,0.2858920097,0.1415355355,0.9998718500
113,9.5060000000,pose,12,0.4087235034,0.2850218117,0.1179968417,0.9998710752
114,9.5900000000,pose,12,0.4081408679,0.2845618427,0.0972601622,0.9998764992
115,9.6740000000,pose,12,0.4074152410,0.2842633426,0.0316907763,0.9998782873
116,9.7590000000,pose,12,0.4072590768,0.2837755382,0.0491082221,0.9998716712
117,9.8430000000,pose,12,0.4071500897,0.2835378051,0.0542485006,0.9998602867
118,9.9270000000,pose,12,0.4073509276,0.2834995687,0.0544364825,0.9998471141
119,10.0110000000,pose,12,0.4065507650,0.2834816873,0.0190337058,0.9998489022
120,10.0950000000,pose,12,0.4063128233,0.2834641635,0.0521943048,0.9998014569
121,10.1790000000,pose,12,0.4062883258,0.2820696831,0.0508633032,0.9998108745
122,10.2630000000,pose,12,0.4061698020,0.2817587554,0.0631628782,0.9998221397
123,10.3470000000,pose,12,0.4061268270,0.2806043327,0.1294552535,0.9998199344
124,10.4320000000,pose,12,0.4060619473,0.2825104892,0.0608505234,0.9998214841
125,10.5160000000,pose,12,0.4060211182,0.2821015120,0.0427246243,0.9998076558
126,10.6000000000,pose,12,0.4059952796,0.2820944786,0.0402444713,0.9997974038
127,10.6840000000,pose,12,0.4062142968,0.2822973728,0.0769347996,0.9998026490
128,10.7680000000,pose,12,0.4067603052,0.2846746445,-0.0557842590,0.9998143315
129,10.8520000000,pose,12,0.4063296616,0.2846064568,-0.0288420264,0.9998214841
130,10.9360000000,pose,12,0.4066000581,0.2845989168,0.0224610772,0.9998220801
131,11.0200000000,pose,12,0.4064998627,0.2850878239,0.0227816179,0.9998319745
132,11.1050000000,pose,12,0.4055512249,0.2839983404,0.0926371813,0.9998457432
133,11.1890000000,pose,12,0.4046999514,0.2842949927,-0.0277874935,0.9998570085
134,11.2730000000,pose,12,0.4050749242,0.2838093936,-0.0197997596,0.9998686910
135,11.3570000000,pose,12,0.4069711566,0.2837086320,0.0039357818,0.9998759627
136,11.4410000000,pose,12,0.4068836868,0.2836769521,-0.0278221276,0.9998831749
137,11.5250000000,pose,12,0.4067369699,0.2819441855,-0.0316177271,0.9998863339
138,11.6090000000,pose,12,0.4069437981,0.2816401422,-0.0800507739,0.9998928308
139,11.6930000000,pose,12,0.4065950811,0.2817165554,-0.0348821729,0.9998978972
140,11.7780000000,pose,12,0.4054751694,0.2824879587,-0.2922059000,0.9999108911
141,11.8620000000,pose,12,0.4053295851,0.2753577828,-0.1543836743,0.9999155402
142,11.9460000000,pose,12,0.4048909247,0.2750769556,-0.2999354601,0.9999251962
60,5.0480000000,pose,13,0.7865385413,0.6277881861,-0.0469013192,0.9557828903
61,5.1320000000,pose,13,0.7858155370,0.6232974529,-0.0231545623,0.9565718174
62,5.2160000000,pose,13,0.7823562026,0.6205019951,-0.0931805447,0.9589751363
63,5.3000000000,pose,13,0.7823154926,0.6204040051,-0.1272116154,0.9606336355
64,5.3840000000,pose,13,0.7822948098,0.6202385426,-0.1935746223,0.9632390141
65,5.4680000000,pose,13,0.7826242447,0.6201727390,-0.2450709641,0.9654936790
66,5.5520000000,pose,13,0.7821704745,0.6202751398,-0.2957106233,0.9674174190
67,5.6360000000,pose,13,0.7821809053,0.6165012717,-0.2762421966,0.9706660509
68,5.7210000000,pose,13,0.7822878957,0.6150859594,-0.1947109997,0.9714670181
69,5.8050000000,pose,13,0.7810897827,0.6147850752,-0.1323722899,0.9721021056
70,5.8890000000,pose,13,0.7784835696,0.6145728230,-0.1940573007,0.9742878675
71,5.9730000000,pose,13,0.7773681283,0.6135222912,-0.0668062717,0.9747151732
72,6.0570000000,pose,13,0.7781260014,0.6140965223,-0.0881006494,0.9755879045
73,6.1410000000,pose,13,0.7800494432,0.6139875650,-0.0741899908,0.9745320678
74,6.2250000000,pose,13,0.7778303623,0.6135730743,-0.0094574625,0.9722185135
75,6.3090000000,pose,13,0.7778373361,0.6149761677,-0.0040485705,0.9721674323
76,6.3940000000,pose,13,0.7778221369,0.6158822179,-0.0084920432,0.9729176164
77,6.4780000000,pose,13,0.7775961161,0.6200212836,-0.1421413273,0.9727470279
78,6.5620000000,pose,13,0.7777984738,0.6200207472,-0.1234871894,0.9720957875
79,6.6460000000,pose,13,0.7778313160,0.6151013970,-0.0592722185,0.9728823304
80,6.7300000000,pose,13,0.7757726908,0.6143804789,-0.0175612457,0.9735779762
81,6.8140000000,pose,13,0.7794638872,0.6113437414,-0.0371214934,0.9746723771
82,6.8980000000,pose,13,0.7793821096,0.6091247201,-0.1737392545,0.9755665064
83,6.9820000000,pose,13,0.7788918614,0.6050334573,-0.1636863649,0.9760150313
84,7.0670000000,pose,13,0.7763540745,0.6050426960,-0.0425193645,0.9774225950
85,7.1510000000,pose,13,0.7762619853,0.6042215228,-0.1261435896,0.9790993333
86,7.2350000000,pose,13,0.7758983374,0.6042245626,-0.1879218072,0.9815467000
87,7.3190000000,pose,13,0.7756356001,0.6040988564,-0.1995968521,0.9826617837
88,7.4030000000,pose,13,0.7753630280,0.6048253179,-0.1040094867,0.9831886292
89,7.4870000000,pose,13,0.7751437426,0.6043717861,-0.0694423020,0.9840550423
90,7.5710000000,pose,13,0.7750722170,0.6038680673,-0.1615779400,0.9851073623
91,7.6550000000,pose,13,0.7746013403,0.6033743024,-0.2183063477,0.9855358601
92,7.7400000000,pose,13,0.7743532062,0.6040364504,-0.1607058495,0.9858762026
93,7.8240000000,pose,13,0.7749657035,0.6038006544,-0.1985757053,0.9864875674
94,7.9080000000,pose,13,0.7749697566,0.6006525755,-0.2489504367,0.9865651727
95,7.9920000000,pose,13,0.7747814655,0.6005015373,-0.2391186059,0.9860906005
96,8.0760000000,pose,13,0.7743256688,0.6008503437,-0.1446042061,0.9868156910
97,8.1600000000,pose,13,0.7750856280,0.6010373235,-0.0697068721,0.9874657393
98,8.2440000000,pose,13,0.7754572034,0.6037737727,-0.0933400169,0.9879696965
99,8.3280000000,pose,13,0.7744202018,0.6035926342,-0.0605402514,0.9886923432
100,8.4130000000,pose,13,0.7774972320,0.6036808491,-0.0775364712,0.9881805778
101,8.4970000000,pose,13,0.7776394486,0.6020952463,-0.0656493977,0.9885926247
102,8.5810000000,pose,13,0.7771565318,0.6021273732,-0.0746786520,0.9885120988
103,8.6650000000,pose,13,0.7771947980,0.6025310159,-0.0738560781,0.9880303144
104,8.7490000000,pose,13,0.7758335471,0.6022424102,-0.0913262740,0.9878517389
105,8.8330000000,pose,13,0.7764520645,0.6017948389,-0.1599901021,0.9880179167
106,8.9170000000,pose,13,0.7758270502,0.6042935848,-0.1601533294,0.9886870980
107,9.0010000000,pose,13,0.7764755487,0.6089059711,-0.1475840956,0.9861841798
108,9.0860000000,pose,13,0.7772066593,0.6090026498,-0.1428154260,0.9863176346
109,9.1700000000,pose,13,0.7770723701,0.6051850319,-0.1285496056,0.9861701131
110,9.2540000000,pose,13,0.7787806392,0.6044797301,-0.0541054979,0.9852677584
111,9.3380000000,pose,13,0.7766911983,0.6051774621,0.0026857138,0.9845708609
112,9.4220000000,pose,13,0.7740638256,0.6087640524,-0.0094541349,0.9836758375
113,9.5060000000,pose,13,0.7740794420,0.6094746590,-0.0537467636,0.9834405780
114,9.5900000000,pose,13,0.7736598253,0.6094849110,-0.0912499577,0.9829826355
115,9.6740000000,pose,13,0.7735656500,0.6101098657,-0.1168466508,0.9827157855
116,9.7590000000,pose,13,0.7780724764,0.6200280190,-0.1120649800,0.9773443937
117,9.8430000000,pose,13,0.7800239921,0.6200688481,-0.0419450812,0.9734818935
118,9.9270000000,pose,13,0.7808856368,0.6226584911,-0.1067262366,0.9710723758
119,10.0110000000,pose,13,0.7883912325,0.6256905794,-0.1036552414,0.9692084789
120,10.0950000000,pose,13,0.7900203466,0.6231461167,-0.0789849535,0.9598550200
121,10.1790000000,pose,13,0.7918187976,0.6252297163,-0.1131836474,0.9564282894
122,10.2630000000,pose,13,0.7855616808,0.6253963709,-0.1319018900,0.9534904957
123,10.3470000000,pose,13,0.7834979892,0.6250437498,0.0164337065,0.9512753487
124,10.4320000000,pose,13,0.7872101068,0.6269232035,-0.1090709344,0.9476652741
125,10.5160000000,pose,13,0.7890554070,0.6259396076,-0.0979705527,0.9409328103
126,10.6000000000,pose,13,0.7878416181,0.6259216070,-0.0913238004,0.9409137368
127,10.6840000000,pose,13,0.7873464823,0.6262458563,-0.1016277373,0.9448862076
128,10.7680000000,pose,13,0.7794248462,0.6261538267,-0.3159957826,0.9487815499
129,10.8520000000,pose,13,0.7794218063,0.6187505722,-0.2038374245,0.9527029991
130,10.9360000000,pose,13,0.7808725834,0.6168267727,-0.1285922825,0.9561091661
131,11.0200000000,pose,13,0.7817296386,0.6177131534,-0.1495399624,0.9598006606
132,11.1050000000,pose,13,0.7811931968,0.6143720150,-0.1422372758,0.9637588859
133,11.1890000000,pose,13,0.7806975245,0.6141662002,-0.2282798737,0.9664842486
134,11.2730000000,pose,13,0.7809556723,0.6143849492,-0.2318110466,0.9694570899
135,11.3570000000,pose,13,0.7786192298,0.6144126058,-0.2182545066,0.9718325734
136,11.4410000000,pose,13,0.7795493007,0.6154436469,-0.2786136270,0.9729742408
137,11.5250000000,pose,13,0.7799189091,0.6170384288,-0.2564277947,0.9733257890
138,11.6090000000,pose,13,0.7801334262,0.6172661781,-0.3243689537,0.9744069576
139,11.6930000000,pose,13,0.7779363990,0.6174054742,-0.2414420694,0.9754611850
140,11.7780000000,pose,13,0.7793726325,0.6169177890,-0.5071640611,0.9786428213
141,11.8620000000,pose,13,0.7750062943,0.6161147952,-0.3980369866,0.9792397022
142,11.9460000000,pose,13,0.7718662024,0.6154587865,-0.5237209797,0.9818928838
60,5.0480000000,pose,14,0.3042793274,0.6079653502,-0.1309386641,0.6951283216
61,5.1320000000,pose,14,0.3051053584,0.6032578349,-0.1361883283,0.7028387189
62,5.2160000000,pose,14,0.3065647185,0.5980716348,-0.2119378150,0.7156384587
63,5.3000000000,pose,14,0.3071503639,0.5994167924,-0.2109574378,0.7168298960
64,5.3840000000,pose,14,0.3060919344,0.5995121002,-0.2587632835,0.7281038761
65,5.4680000000,pose,14,0.3054388463,0.6024660468,-0.2802920341,0.7370022535
66,5.5520000000,pose,14,0.3043794036,0.6038097143,-0.3247382939,0.7424398065
67,5.6360000000,pose,14,0.3043890595,0.6034434438,-0.2095434517,0.7642357349
68,5.7210000000,pose,14,0.3034265637,0.6039218307,-0.2102936208,0.7773030400
69,5.8050000000,pose,14,0.3041380942,0.6035560369,-0.2104263008,0.7851297259
70,5.8890000000,pose,14,0.3047360182,0.6004759073,-0.2067164332,0.7992834449
71,5.9730000000,pose,14,0.3047442436,0.6008270979,-0.1220300347,0.7968313098
72,6.0570000000,pose,14,0.3031449914,0.6010931730,-0.1310150325,0.7976619601
73,6.1410000000,pose,14,0.3033739328,0.6018599272,-0.1391758621,0.7946476340
74,6.2250000000,pose,14,0.3060318530,0.6017814875,-0.0576956756,0.7915651202
75,6.3090000000,pose,14,0.3048774898,0.6034786701,-0.0919619575,0.7932547331
76,6.3940000000,pose,14,0.3052959442,0.6001247168,-0.0893259048,0.8030228019
77,6.4780000000,pose,14,0.3056905568,0.6001242995,-0.2360548228,0.8015046120
78,6.5620000000,pose,14,0.3041468263,0.6000856161,-0.1709290594,0.8069793582
79,6.6460000000,pose,14,0.3060900867,0.5985932350,-0.0736609995,0.8172948360
80,6.7300000000,pose,14,0.3081878126,0.5994147658,-0.0334174521,0.8159638643
81,6.8140000000,pose,14,0.3081806004,0.5976375341,-0.0646717325,0.8256509900
82,6.8980000000,pose,14,0.3081701994,0.5975944400,-0.1582722217,0.8121953607
83,6.9820000000,pose,14,0.3081076443,0.5974646211,-0.0582778379,0.8173200488
84,7.0670000000,pose,14,0.3088543117,0.5967043638,-0.0540478639,0.8263196349
85,7.1510000000,pose,14,0.3087032139,0.5899464488,-0.1295455694,0.8349919319
86,7.2350000000,pose,14,0.3085524738,0.5903612971,-0.1688045114,0.8470493555
87,7.3190000000,pose,14,0.3092969656,0.5880169868,-0.1981314570,0.8497997522
88,7.4030000000,pose,14,0.3102357090,0.5891755223,-0.1441362649,0.8520019650
89,7.4870000000,pose,14,0.3086463511,0.5925240517,-0.1226020083,0.8587882519
90,7.5710000000,pose,14,0.3085777164,0.5924150944,-0.1546171755,0.8578898907
91,7.6550000000,pose,14,0.3089238405,0.5981323719,-0.2489901185,0.8609143496
92,7.7400000000,pose,14,0.3098598421,0.5980890989,-0.1607082933,0.8639110923
93,7.8240000000,pose,14,0.3091195822,0.5982602239,-0.1968885511,0.8673902154
94,7.9080000000,pose,14,0.3098275065,0.5945630074,-0.2385913581,0.8649880886
95,7.9920000000,pose,14,0.3092580140,0.5939543843,-0.2538953125,0.8648597598
96,8.0760000000,pose,14,0.3085950315,0.5960708857,-0.1435036659,0.8707711697
97,8.1600000000,pose,14,0.3068153560,0.5927272439,-0.1005240455,0.8742747307
98,8.2440000000,pose,14,0.3074553311,0.5919528604,-0.1583100110,0.8717853427
99,8.3280000000,pose,14,0.3069460690,0.5919367075,-0.0648741052,0.8774445653
100,8.4130000000,pose,14,0.3071853817,0.5918737054,-0.1656830311,0.8767936826
101,8.4970000000,pose,14,0.3071857691,0.5920499563,-0.0997902676,0.8832129836
102,8.5810000000,pose,14,0.3072066307,0.5928357840,-0.1519777924,0.8841473460
103,8.6650000000,pose,14,0.3082056940,0.5948410630,-0.1370493323,0.8762280941
104,8.7490000000,pose,14,0.3103750348,0.5990911126,-0.1369726360,0.8761635423
105,8.8330000000,pose,14,0.3103731871,0.6070302129,-0.1826267689,0.8664836884
106,8.9170000000,pose,14,0.3091365397,0.6055027246,-0.1421493143,0.8684480786
107,9.0010000000,pose,14,0.3088550270,0.6045451164,-0.2597078383,0.8542149663
108,9.0860000000,pose,14,0.3094889224,0.5990597606,-0.2243422121,0.8569981456
109,9.1700000000,pose,14,0.3098510206,0.6003940701,-0.2152798027,0.8590934873
110,9.2540000000,pose,14,0.3087795973,0.5968224406,-0.1227888316,0.8593099117
111,9.3380000000,pose,14,0.3097693324,0.5958495140,-0.0956632346,0.8562967777
112,9.4220000000,pose,14,0.3097705841,0.6043243408,-0.0870534554,0.8491097093
113,9.5060000000,pose,14,0.3098722100,0.6034683585,-0.0861252993,0.8417806029
114,9.5900000000,pose,14,0.3088978231,0.6084023118,-0.1291354150,0.8371694684
115,9.6740000000,pose,14,0.3087459207,0.6092177033,-0.1726395637,0.8390069008
116,9.7590000000,pose,14,0.3084781468,0.6150840521,-0.1679723859,0.8205934167
117,9.8430000000,pose,14,0.3084305823,0.6149307489,-0.1259026229,0.8133317828
118,9.9270000000,pose,14,0.3089778125,0.6149343848,-0.1638598293,0.7985610366
119,10.0110000000,pose,14,0.3059493899,0.6157254577,-0.2492041141,0.7998349667
120,10.0950000000,pose,14,0.3070179522,0.6157898307,-0.2022166699,0.7490601540
121,10.1790000000,pose,14,0.3068133593,0.6112463474,-0.1965312809,0.7541060448
122,10.2630000000,pose,14,0.3066653013,0.6112242937,-0.1696532518,0.7265723944
123,10.3470000000,pose,14,0.3066518009,0.6118998528,-0.1255346835,0.7271448374
124,10.4320000000,pose,14,0.3066122234,0.6129451394,-0.1759464294,0.7225875854
125,10.5160000000,pose,14,0.3038823903,0.6149307489,-0.1900010258,0.7201213837
126,10.6000000000,pose,14,0.3037149012,0.6156519651,-0.2223906219,0.7239564061
127,10.6840000000,pose,14,0.3042818606,0.6066002846,-0.1959441751,0.7261698246
128,10.7680000000,pose,14,0.3044080734,0.6039330959,-0.3717633188,0.7433751225
129,10.8520000000,pose,14,0.3043805361,0.6039439440,-0.3300247788,0.7615609169
130,10.9360000000,pose,14,0.3049148619,0.6052726507,-0.2138249278,0.7693365216
131,11.0200000000,pose,14,0.3057294786,0.6049916148,-0.2124959826,0.7784537077
132,11.1050000000,pose,14,0.3057609499,0.6045568585,-0.0865690932,0.7844251394
133,11.1890000000,pose,14,0.3055959344,0.6032794118,-0.2298324406,0.7908999920
134,11.2730000000,pose,14,0.3073559999,0.6034525037,-0.2940764725,0.8008204103
135,11.3570000000,pose,14,0.3065355122,0.6013745666,-0.1856947839,0.8102784753
136,11.4410000000,pose,14,0.3065182269,0.6023230553,-0.2751965523,0.8005414605
137,11.5250000000,pose,14,0.3069351017,0.6019266844,-0.2556200922,0.8028857708
138,11.6090000000,pose,14,0.3069782555,0.6018585563,-0.3176808655,0.8000330329
139,11.6930000000,pose,14,0.3061914146,0.6037836671,-0.2331100851,0.8059933782
140,11.7780000000,pose,14,0.3040629625,0.6027184129,-0.5162100792,0.8068387508
141,11.8620000000,pose,14,0.3036914170,0.6027188301,-0.3123089969,0.8018759489
142,11.9460000000,pose,14,0.3037903905,0.5896065235,-0.4735848606,0.8199542165
60,5.0480000000,pose,15,0.6498326659,0.5996143222,-0.5251340866,0.9346423745
61,5.1320000000,pose,15,0.6546428204,0.5975148082,-0.5159441233,0.9383713007
62,5.2160000000,pose,15,0.6570373774,0.5977075100,-0.5575420856,0.9429060817
63,5.3000000000,pose,15,0.6557329893,0.6007868648,-0.6100538373,0.9458310008
64,5.3840000000,pose,15,0.6567651629,0.6009074450,-0.7279450297,0.9501604438
65,5.4680000000,pose,15,0.6574614048,0.5954604149,-0.7507559657,0.9539444447
66,5.5520000000,pose,15,0.6587259173,0.5947169662,-0.8007337451,0.9569821358
67,5.6360000000,pose,15,0.6560249925,0.5946301222,-0.8122508526,0.9628475904
68,5.7210000000,pose,15,0.6543375254,0.5948033333,-0.6971225142,0.9652701020
69,5.8050000000,pose,15,0.6557973623,0.5993684530,-0.6130275726,0.9675253630
70,5.8890000000,pose,15,0.6542436481,0.6072205901,-0.6974161863,0.9704061747
71,5.9730000000,pose,15,0.6571064591,0.6132687330,-0.5343559384,0.9709845781
72,6.0570000000,pose,15,0.6650673151,0.6164710522,-0.5831450224,0.9725802541
73,6.1410000000,pose,15,0.6644204855,0.6216425300,-0.5792232156,0.9707065225
74,6.2250000000,pose,15,0.6597732306,0.6310788393,-0.4481771588,0.9628852606
75,6.3090000000,pose,15,0.6590809226,0.6415028572,-0.4475750625,0.9633598328
76,6.3940000000,pose,15,0.6592568755,0.6408460736,-0.4576042593,0.9648967981
77,6.4780000000,pose,15,0.6591361761,0.6431177855,-0.6660789251,0.9657571912
78,6.5620000000,pose,15,0.6588193774,0.6426686645,-0.6298052669,0.9664123058
79,6.6460000000,pose,15,0.6587857008,0.6383735538,-0.4770837724,0.9683417678
80,6.7300000000,pose,15,0.6587579250,0.6390053034,-0.4893407822,0.9696100354
81,6.8140000000,pose,15,0.6584879160,0.6392564774,-0.4974686801,0.9715967178
82,6.8980000000,pose,15,0.6569856405,0.6463186145,-0.6376991868,0.9722241759
83,6.9820000000,pose,15,0.6555185318,0.6461635232,-0.5867490172,0.9729020596
84,7.0670000000,pose,15,0.6557528377,0.6464172602,-0.4468370676,0.9750155807
85,7.1510000000,pose,15,0.6607827544,0.6442059278,-0.6363140941,0.9772808552
86,7.2350000000,pose,15,0.6658975482,0.6377729177,-0.6793761849,0.9808822274
87,7.3190000000,pose,15,0.6680809855,0.6351325512,-0.6504942179,0.9824264050
88,7.4030000000,pose,15,0.6678919196,0.6382794380,-0.5702379346,0.9834975600
89,7.4870000000,pose,15,0.6742202640,0.6361867189,-0.5191020370,0.9846225977
90,7.5710000000,pose,15,0.6700712442,0.6367689967,-0.6636784673,0.9858647585
91,7.6550000000,pose,15,0.6739601493,0.6402096748,-0.7007724643,0.9866898656
92,7.7400000000,pose,15,0.6790498495,0.6403160095,-0.6774470806,0.9875909686
93,7.8240000000,pose,15,0.6787029505,0.6385362148,-0.6901850104,0.9882398248
94,7.9080000000,pose,15,0.6679062247,0.6382285953,-0.7405292392,0.9883247018
95,7.9920000000,pose,15,0.6685788035,0.6382952929,-0.7320531011,0.9884855747
96,8.0760000000,pose,15,0.6703246236,0.6386236548,-0.6805429459,0.9893210530
97,8.1600000000,pose,15,0.6694335341,0.6367053390,-0.5241228938,0.9899187684
98,8.2440000000,pose,15,0.6737783551,0.6351085305,-0.5814163685,0.9903676510
99,8.3280000000,pose,15,0.6731251478,0.6318014264,-0.5363900065,0.9910756946
100,8.4130000000,pose,15,0.6702555418,0.6321087480,-0.5319738984,0.9907158017
101,8.4970000000,pose,15,0.6692422032,0.6314821839,-0.5412375927,0.9911805391
102,8.5810000000,pose,15,0.6684895158,0.6335486770,-0.5718228817,0.9910567999
103,8.6650000000,pose,15,0.6668747067,0.6336930990,-0.5488919020,0.9904803038
104,8.7490000000,pose,15,0.6656581759,0.6309722066,-0.5496639609,0.9904090166
105,8.8330000000,pose,15,0.6660770178,0.6319400668,-0.6072090864,0.9905297756
106,8.9170000000,pose,15,0.6677408218,0.6364064217,-0.6836248636,0.9912402034
107,9.0010000000,pose,15,0.6682536006,0.6318506002,-0.6534210443,0.9892085791
108,9.0860000000,pose,15,0.6684217453,0.6310425401,-0.6497790813,0.9894683957
109,9.1700000000,pose,15,0.6638250947,0.6269757748,-0.6458634138,0.9894562364
110,9.2540000000,pose,15,0.6578337550,0.6266626120,-0.5285965204,0.9881664515
111,9.3380000000,pose,15,0.6515787244,0.6266553998,-0.4672408402,0.9865561128
112,9.4220000000,pose,15,0.6538923383,0.6267061234,-0.4773263633,0.9847128391
113,9.5060000000,pose,15,0.6539833546,0.6277767420,-0.4958360791,0.9842180610
114,9.5900000000,pose,15,0.6536915898,0.6266372800,-0.5992838740,0.9839855433
115,9.6740000000,pose,15,0.6536667943,0.6257474422,-0.5786396265,0.9838902354
116,9.7590000000,pose,15,0.6502908468,0.6255944967,-0.5983771682,0.9741952419
117,9.8430000000,pose,15,0.6499435306,0.6227595806,-0.4949507117,0.9687829018
118,9.9270000000,pose,15,0.6505011320,0.6229252815,-0.6047556996,0.9653633237
119,10.0110000000,pose,15,0.6526876092,0.6225755811,-0.5961841941,0.9637041688
120,10.0950000000,pose,15,0.6525566578,0.6205331683,-0.5955606699,0.9424989820
121,10.1790000000,pose,15,0.6523748040,0.6207697988,-0.6071529984,0.9430481195
122,10.2630000000,pose,15,0.6523706317,0.6201357841,-0.6456849575,0.9428818226
123,10.3470000000,pose,15,0.6559684873,0.6204921603,-0.4817451835,0.9406273961
124,10.4320000000,pose,15,0.6555106044,0.6210606694,-0.6243618727,0.9392685294
125,10.5160000000,pose,15,0.6548109055,0.6212702394,-0.5725060105,0.9246182442
126,10.6000000000,pose,15,0.6578735113,0.6187071204,-0.5812877417,0.9253465533
127,10.6840000000,pose,15,0.6563646197,0.6150356531,-0.6068645120,0.9311237931
128,10.7680000000,pose,15,0.6569032073,0.6152704358,-0.9166033268,0.9365250468
129,10.8520000000,pose,15,0.6586472392,0.6051726937,-0.6482278109,0.9420190454
130,10.9360000000,pose,15,0.6592636704,0.6048674583,-0.5830291510,0.9468930364
131,11.0200000000,pose,15,0.6588273644,0.6050517559,-0.6081047654,0.9518237710
132,11.1050000000,pose,15,0.6588039994,0.6092311740,-0.6505329013,0.9577884078
133,11.1890000000,pose,15,0.6591845155,0.6113082170,-0.7161870599,0.9614710808
134,11.2730000000,pose,15,0.6587536335,0.6054852605,-0.7517718673,0.9659120440
135,11.3570000000,pose,15,0.6562969685,0.6130255461,-0.7275037766,0.9690251946
136,11.4410000000,pose,15,0.6550601721,0.6099001765,-0.7818700075,0.9710636139
137,11.5250000000,pose,15,0.6499700546,0.6108660102,-0.7567397952,0.9719234109
138,11.6090000000,pose,15,0.6523481607,0.6138834953,-0.8451240659,0.9736204743
139,11.6930000000,pose,15,0.6491964459,0.6148543358,-0.7435524464,0.9752752781
140,11.7780000000,pose,15,0.6581531167,0.6179297566,-1.0089294910,0.9795846343
141,11.8620000000,pose,15,0.6579667926,0.6172552705,-0.7940536141,0.9808682799
142,11.9460000000,pose,15,0.6628102660,0.6212567091,-0.9879503250,0.9838701487
60,5.0480000000,pose,16,0.4149664640,0.6004952788,-0.7007445097,0.9195114970
61,5.1320000000,pose,16,0.4146749377,0.5917573571,-0.7245317698,0.9252498150
62,5.2160000000,pose,16,0.4148164093,0.5863240361,-0.7496414185,0.9311460853
63,5.3000000000,pose,16,0.4149002433,0.5853082538,-0.7641749978,0.9352758527
64,5.3840000000,pose,16,0.4109216630,0.5699334741,-0.8869343996,0.9409728646
65,5.4680000000,pose,16,0.4036681950,0.5697945356,-0.8593342304,0.9463889599
66,5.5520000000,pose,16,0.3987008929,0.5701218247,-0.8879100680,0.9509642720
67,5.6360000000,pose,16,0.4074547887,0.5606845617,-0.7690944672,0.9594851732
68,5.7210000000,pose,16,0.4106085598,0.5530222654,-0.7577604055,0.9631077647
69,5.8050000000,pose,16,0.4105167091,0.5529324412,-0.7687801719,0.9663272500
70,5.8890000000,pose,16,0.4097781777,0.5591316819,-0.7719312906,0.9694889784
71,5.9730000000,pose,16,0.4101377130,0.5687772036,-0.6395642757,0.9700514078
72,6.0570000000,pose,16,0.4101144373,0.5716171265,-0.7142259479,0.9714631438
73,6.1410000000,pose,16,0.4024991691,0.5935490727,-0.7339822054,0.9722568989
74,6.2250000000,pose,16,0.4074752629,0.5992238522,-0.5056311488,0.9675509930
75,6.3090000000,pose,16,0.4056343436,0.5998944640,-0.5957771540,0.9684673548
76,6.3940000000,pose,16,0.4005227387,0.6106154919,-0.6144796014,0.9706040025
77,6.4780000000,pose,16,0.4025760591,0.6142348051,-0.8723666072,0.9726645947
78,6.5620000000,pose,16,0.4023148417,0.6277765036,-0.7004582286,0.9745498896
79,6.6460000000,pose,16,0.4016799629,0.6371616721,-0.5628520846,0.9767053127
80,6.7300000000,pose,16,0.4011138082,0.6449108720,-0.5819618106,0.9771976471
81,6.8140000000,pose,16,0.4010185599,0.6444946527,-0.6146045327,0.9792893529
82,6.8980000000,pose,16,0.3840528131,0.6438271403,-0.7080675364,0.9786663055
83,6.9820000000,pose,16,0.3840481043,0.6434523463,-0.5898436308,0.9802400470
84,7.0670000000,pose,16,0.3842554688,0.6492370367,-0.5867378116,0.9819964767
85,7.1510000000,pose,16,0.3625671268,0.6369190216,-0.7428370714,0.9836982489
86,7.2350000000,pose,16,0.3543196321,0.6271516681,-0.7759882808,0.9866725802
87,7.3190000000,pose,16,0.3542672396,0.6273549795,-0.7723689675,0.9878678322
88,7.4030000000,pose,16,0.3652047515,0.6266083717,-0.7136398554,0.9887996912
89,7.4870000000,pose,16,0.3980873525,0.6007108688,-0.6711397767,0.9895206690
90,7.5710000000,pose,16,0.3982102275,0.5980963111,-0.7092693448,0.9901347160
91,7.6550000000,pose,16,0.3923634589,0.6139450073,-0.8577204943,0.9909686446
92,7.7400000000,pose,16,0.3923978806,0.6240549684,-0.7487038970,0.9917032123
93,7.8240000000,pose,16,0.3835686147,0.6240760684,-0.7706169486,0.9923452139
94,7.9080000000,pose,16,0.3849510252,0.6315204501,-0.7939931154,0.9927350283
95,7.9920000000,pose,16,0.3832070231,0.6275302768,-0.7958113551,0.9933100343
96,8.0760000000,pose,16,0.3876743317,0.6259149313,-0.7381889224,0.9938554168
97,8.1600000000,pose,16,0.3877812922,0.6252189279,-0.6438001990,0.9941176772
98,8.2440000000,pose,16,0.3872323036,0.6241442561,-0.7501271963,0.9940023422
99,8.3280000000,pose,16,0.3887037337,0.6229445338,-0.6118066907,0.9944104552
100,8.4130000000,pose,16,0.3887346685,0.6211671233,-0.7351371050,0.9944434166
101,8.4970000000,pose,16,0.3896267116,0.6215463877,-0.6494393945,0.9948634505
102,8.5810000000,pose,16,0.3896170557,0.6275394559,-0.7306525707,0.9948827624
103,8.6650000000,pose,16,0.3896165788,0.6281250715,-0.6804863214,0.9940173030
104,8.7490000000,pose,16,0.3894132674,0.6314907074,-0.6745817065,0.9941185713
105,8.8330000000,pose,16,0.3784945905,0.6337808967,-0.7246084213,0.9937667847
106,8.9170000000,pose,16,0.3788513839,0.6146388054,-0.7319841981,0.9940797091
107,9.0010000000,pose,16,0.3860854208,0.6084421873,-0.9101487994,0.9933433533
108,9.0860000000,pose,16,0.3940076828,0.5986419320,-0.8651344776,0.9936610460
109,9.1700000000,pose,16,0.4018129706,0.5972975492,-0.8679825664,0.9939994812
110,9.2540000000,pose,16,0.4072824121,0.5904816389,-0.6974260807,0.9940165281
111,9.3380000000,pose,16,0.4075373113,0.5931388140,-0.6516109705,0.9926530719
112,9.4220000000,pose,16,0.4072932601,0.5958778858,-0.6436498165,0.9906770587
113,9.5060000000,pose,16,0.4071017802,0.6037652493,-0.6384330392,0.9899045825
114,9.5900000000,pose,16,0.4030279815,0.6141065955,-0.7258513570,0.9902207851
115,9.6740000000,pose,16,0.3944352865,0.6140838861,-0.7282486558,0.9907932281
116,9.7590000000,pose,16,0.4093703032,0.6236132383,-0.7366447449,0.9862541556
117,9.8430000000,pose,16,0.4087988734,0.6289530993,-0.6731978059,0.9857528806
118,9.9270000000,pose,16,0.4122771025,0.6251167655,-0.7175319791,0.9826513529
119,10.0110000000,pose,16,0.3988082707,0.6253414750,-0.8749436736,0.9836193323
120,10.0950000000,pose,16,0.4044070244,0.6253682971,-0.7639997602,0.9662932754
121,10.1790000000,pose,16,0.3935571313,0.6204940677,-0.7854220271,0.9691970944
122,10.2630000000,pose,16,0.3909054697,0.6285880208,-0.7964136004,0.9714553952
123,10.3470000000,pose,16,0.3913915753,0.6326967478,-0.7610753775,0.9726788998
124,10.4320000000,pose,16,0.4004665017,0.6236507893,-0.7615732551,0.9733003974
125,10.5160000000,pose,16,0.4060662985,0.6230530739,-0.7629213333,0.9718380570
126,10.6000000000,pose,16,0.4059438109,0.6151477695,-0.8339878917,0.9727322459
127,10.6840000000,pose,16,0.3964864612,0.6153350472,-0.8322433233,0.9740933180
128,10.7680000000,pose,16,0.4042356312,0.6028643847,-0.9966895580,0.9755271673
129,10.8520000000,pose,16,0.4012189209,0.6032901406,-0.8483120203,0.9776297212
130,10.9360000000,pose,16,0.4020288587,0.6035265923,-0.7301915884,0.9789251685
131,11.0200000000,pose,16,0.4021228850,0.6019195318,-0.7617670894,0.9806013703
132,11.1050000000,pose,16,0.3784346581,0.6048169136,-0.6569587588,0.9817720056
133,11.1890000000,pose,16,0.3787853420,0.6049787998,-0.7877262235,0.9833573103
134,11.2730000000,pose,16,0.3980142772,0.6014823914,-0.9009959698,0.9839497209
135,11.3570000000,pose,16,0.3991399407,0.5959312916,-0.7677797079,0.9853770733
136,11.4410000000,pose,16,0.3989197612,0.5960478187,-0.8414024711,0.9858773351
137,11.5250000000,pose,16,0.3967986107,0.6002624631,-0.8259809017,0.9869675636
138,11.6090000000,pose,16,0.3947266340,0.6014530063,-0.9228333831,0.9877955317
139,11.6930000000,pose,16,0.3923160434,0.6077429056,-0.8030039072,0.9886334538
140,11.7780000000,pose,16,0.3895153701,0.6065558195,-1.0834292173,0.9863074422
141,11.8620000000,pose,16,0.3916712701,0.6129373908,-0.7815281749,0.9871673584
142,11.9460000000,pose,16,0.3781147301,0.6141628027,-1.0029830933,0.9892308712
60,5.0480000000,pose,23,0.5756214261,0.9215222001,0.0289713982,0.9670369029
61,5.1320000000,pose,23,0.5821310878,0.9213138223,0.0266383309,0.9644412398
62,5.2160000000,pose,23,0.5890991092,0.9264616370,0.0265788529,0.9657067657
63,5.3000000000,pose,23,0.5847502947,0.9262464643,0.0267490689,0.9592081904
64,5.3840000000,pose,23,0.5830804110,0.9238513112,0.0255668890,0.9591142535
65,5.4680000000,pose,23,0.5798596740,0.9169102311,0.0239443816,0.9611558318
66,5.5520000000,pose,23,0.5861728787,0.8994159102,0.0234677419,0.9635837078
67,5.6360000000,pose,23,0.5913897157,0.8910672069,0.0176356379,0.9676025510
68,5.7210000000,pose,23,0.5932267308,0.8931012154,0.0106703574,0.9673458338
69,5.8050000000,pose,23,0.6000939012,0.9058821201,0.0122965220,0.9662635326
70,5.8890000000,pose,23,0.5955035686,0.9090817571,0.0123626115,0.9674355388
71,5.9730000000,pose,23,0.5826044679,0.9116044044,0.0197096244,0.9666538239
72,6.0570000000,pose,23,0.5829996467,0.9072322845,0.0233260673,0.9668012857
73,6.1410000000,pose,23,0.5849682093,0.9092858434,0.0179004129,0.9683180451
74,6.2250000000,pose,23,0.5832402110,0.9215995073,0.0179991610,0.9701979160
75,6.3090000000,pose,23,0.5845798254,0.9266550541,0.0186053533,0.9697211385
76,6.3940000000,pose,23,0.5827880502,0.9279173613,0.0183967389,0.9701195359
77,6.4780000000,pose,23,0.5823124051,0.9265274405,0.0187904462,0.9688667655
78,6.5620000000,pose,23,0.5886409283,0.9105414152,0.0190514605,0.9683970213
79,6.6460000000,pose,23,0.5885164738,0.9136781693,0.0126704639,0.9691560864
80,6.7300000000,pose,23,0.5887094140,0.9100568295,0.0114612114,0.9693026543
81,6.8140000000,pose,23,0.5870395303,0.9111904502,0.0125015695,0.9685134888
82,6.8980000000,pose,23,0.5875706077,0.9055562615,0.0114043336,0.9692595601
83,6.9820000000,pose,23,0.5907795429,0.9042292237,0.0050703948,0.9695031047
84,7.0670000000,pose,23,0.5965082645,0.9040838480,0.0064183124,0.9700677395
85,7.1510000000,pose,23,0.5867919326,0.9057410955,0.0122100012,0.9692523479
86,7.2350000000,pose,23,0.5876424313,0.9062202573,0.0116706192,0.9673203826
87,7.3190000000,pose,23,0.5889650583,0.9048979878,0.0171679948,0.9671952724
88,7.4030000000,pose,23,0.5972491503,0.9046352506,0.0179422162,0.9670715332
89,7.4870000000,pose,23,0.5973291397,0.9140711427,0.0162475053,0.9678032994
90,7.5710000000,pose,23,0.5953294039,0.9092174768,0.0160264038,0.9698427916
91,7.6550000000,pose,23,0.5999218822,0.9016333222,0.0159756113,0.9705469012
92,7.7400000000,pose,23,0.5988492370,0.8956073523,0.0193576980,0.9712194204
93,7.8240000000,pose,23,0.5971142650,0.9036858678,0.0187778603,0.9720644355
94,7.9080000000,pose,23,0.5980608463,0.8732330799,0.0166438390,0.9725025892
95,7.9920000000,pose,23,0.5941041708,0.8735675216,0.0204242114,0.9722787142
96,8.0760000000,pose,23,0.5939207673,0.8816184998,0.0186016634,0.9720760584
97,8.1600000000,pose,23,0.5898516774,0.8984568715,0.0185919292,0.9727331996
98,8.2440000000,pose,23,0.5918827653,0.9008086920,0.0250172615,0.9734367728
99,8.3280000000,pose,23,0.5905449986,0.9014675617,0.0232020747,0.9731649756
100,8.4130000000,pose,23,0.5937445164,0.9020362496,0.0175521653,0.9730771780
101,8.4970000000,pose,23,0.5913865566,0.9070646167,0.0170267709,0.9739863276
102,8.5810000000,pose,23,0.5932858586,0.9054199457,0.0173903070,0.9738442898
103,8.6650000000,pose,23,0.5939021707,0.9061298966,0.0201766212,0.9735975266
104,8.7490000000,pose,23,0.5943130255,0.9046880603,0.0201813579,0.9741276503
105,8.8330000000,pose,23,0.6052283049,0.8959988356,0.0201912839,0.9744209647
106,8.9170000000,pose,23,0.5925666690,0.9256153703,0.0158815868,0.9749127030
107,9.0010000000,pose,23,0.5926292539,0.9330234528,0.0224306565,0.9727057815
108,9.0860000000,pose,23,0.5953767896,0.9189081192,0.0168187339,0.9705294371
109,9.1700000000,pose,23,0.5943679214,0.9178404212,0.0168703403,0.9711924791
110,9.2540000000,pose,23,0.5948426127,0.9167862535,0.0167000666,0.9707843065
111,9.3380000000,pose,23,0.5935037136,0.9173626304,0.0226552449,0.9717726111
112,9.4220000000,pose,23,0.5933266282,0.9174497128,0.0209434889,0.9728951454
113,9.5060000000,pose,23,0.5916288495,0.9110862613,0.0137828523,0.9721109867
114,9.5900000000,pose,23,0.5918652415,0.9043394327,0.0188965071,0.9703852534
115,9.6740000000,pose,23,0.5956561565,0.9071369767,0.0188794173,0.9706415534
116,9.7590000000,pose,23,0.5954083800,0.9068954587,0.0187941696,0.9698744416
117,9.8430000000,pose,23,0.5942889452,0.9107274413,0.0205340665,0.9683364630
118,9.9270000000,pose,23,0.5883540511,0.9118173718,0.0214262921,0.9682662487
119,10.0110000000,pose,23,0.5882505178,0.9173654914,0.0240934212,0.9688580632
120,10.0950000000,pose,23,0.5885882974,0.9222995639,0.0278122928,0.9677305222
121,10.1790000000,pose,23,0.5900322795,0.9209089875,0.0139757488,0.9638153911
122,10.2630000000,pose,23,0.5937606692,0.8964151740,0.0155536812,0.9607999921
123,10.3470000000,pose,23,0.5903043747,0.9053472281,0.0185830072,0.9604511857
124,10.4320000000,pose,23,0.5853291750,0.9079922438,0.0172968227,0.9560570121
125,10.5160000000,pose,23,0.5855076909,0.9206377864,0.0181546435,0.9550917149
126,10.6000000000,pose,23,0.5822104812,0.9255133867,0.0226912200,0.9551559091
127,10.6840000000,pose,23,0.5819619298,0.9254714251,0.0257196072,0.9552163482
128,10.7680000000,pose,23,0.5859542489,0.8969850540,0.0256021488,0.9589037299
129,10.8520000000,pose,23,0.5891517997,0.9030001163,0.0186509006,0.9607495070
130,10.9360000000,pose,23,0.5867822170,0.9065806270,0.0246012583,0.9626838565
131,11.0200000000,pose,23,0.5830272436,0.9073080420,0.0253755134,0.9633790851
132,11.1050000000,pose,23,0.5836493373,0.9030560255,0.0104349796,0.9671573639
133,11.1890000000,pose,23,0.5919183493,0.9029341936,0.0163504276,0.9668952227
134,11.2730000000,pose,23,0.5884578824,0.9042447805,0.0205449499,0.9662282467
135,11.3570000000,pose,23,0.5895205140,0.9041848779,0.0198280625,0.9673804641
136,11.4410000000,pose,23,0.5867954493,0.8968618512,0.0217859242,0.9677202106
137,11.5250000000,pose,23,0.5806700587,0.9048336744,0.0233311225,0.9668096900
138,11.6090000000,pose,23,0.5811147094,0.8935789466,0.0219284259,0.9646680951
139,11.6930000000,pose,23,0.5871126652,0.8939173222,0.0177903362,0.9638418555
140,11.7780000000,pose,23,0.5938672423,0.8712361455,0.0192266759,0.9669138193
141,11.8620000000,pose,23,0.5910175443,0.8586342931,0.0160734318,0.9683837295
142,11.9460000000,pose,23,0.5848174691,0.8586300015,0.0158956777,0.9675316215
60,5.0480000000,pose,24,0.4056791961,0.8883044124,-0.0292132273,0.9690153599
61,5.1320000000,pose,24,0.4110343754,0.8886185884,-0.0269528814,0.9661920071
62,5.2160000000,pose,24,0.4188728333,0.9006197453,-0.0268782061,0.9674667716
63,5.3000000000,pose,24,0.4146348834,0.8951542377,-0.0270397924,0.9607772231
64,5.3840000000,pose,24,0.4102529287,0.8893950582,-0.0258511771,0.9610878229
65,5.4680000000,pose,24,0.4070739150,0.8804399967,-0.0242548976,0.9633162618
66,5.5520000000,pose,24,0.4125409722,0.8744935989,-0.0237685535,0.9658522606
67,5.6360000000,pose,24,0.4159645140,0.8634442091,-0.0180065930,0.9699000716
68,5.7210000000,pose,24,0.4159030616,0.8728780150,-0.0111407740,0.9696335196
69,5.8050000000,pose,24,0.4182861149,0.8856314421,-0.0127024585,0.9688201547
70,5.8890000000,pose,24,0.4180207849,0.8856709003,-0.0127357896,0.9699923396
71,5.9730000000,pose,24,0.4111185968,0.8826958537,-0.0199785419,0.9689576030
72,6.0570000000,pose,24,0.4115609527,0.8780276775,-0.0236075614,0.9690795541
73,6.1410000000,pose,24,0.4154945910,0.8837013245,-0.0181543324,0.9706146717
74,6.2250000000,pose,24,0.4139033258,0.8918097019,-0.0182571411,0.9724032879
75,6.3090000000,pose,24,0.4141043723,0.9012058973,-0.0188734271,0.9718053937
76,6.3940000000,pose,24,0.4123832285,0.8983351588,-0.0186801162,0.9722582698
77,6.4780000000,pose,24,0.4128898978,0.8941938877,-0.0190555621,0.9715772271
78,6.5620000000,pose,24,0.4167000055,0.8900068998,-0.0193290394,0.9716910124
79,6.6460000000,pose,24,0.4173937142,0.8921468258,-0.0130529935,0.9724652767
80,6.7300000000,pose,24,0.4177017808,0.8892868757,-0.0118165938,0.9725213647
81,6.8140000000,pose,24,0.4167864621,0.8900138736,-0.0128463935,0.9722504616
82,6.8980000000,pose,24,0.4231162667,0.8850539327,-0.0117174545,0.9729380608
83,6.9820000000,pose,24,0.4232124984,0.8847507238,-0.0054032118,0.9734886289
84,7.0670000000,pose,24,0.4328469634,0.8867524862,-0.0067418166,0.9740661979
85,7.1510000000,pose,24,0.4157560766,0.8794329762,-0.0125405062,0.9734132290
86,7.2350000000,pose,24,0.4177928567,0.8798367977,-0.0119922031,0.9724923968
87,7.3190000000,pose,24,0.4181518555,0.8760233521,-0.0174548253,0.9728276134
88,7.4030000000,pose,24,0.4284334779,0.8811099529,-0.0182188712,0.9727247357
89,7.4870000000,pose,24,0.4284142554,0.8848692179,-0.0165472012,0.9730167985
90,7.5710000000,pose,24,0.4262729883,0.8794885874,-0.0163102373,0.9746365547
91,7.6550000000,pose,24,0.4298836589,0.8790913820,-0.0162606891,0.9755172133
92,7.7400000000,pose,24,0.4289913177,0.8732573390,-0.0197356865,0.9762386680
93,7.8240000000,pose,24,0.4257253110,0.8794388175,-0.0191202126,0.9770879745
94,7.9080000000,pose,24,0.4292713702,0.8617570996,-0.0169838108,0.9776566029
95,7.9920000000,pose,24,0.4262092412,0.8558199406,-0.0207868405,0.9777750969
96,8.0760000000,pose,24,0.4229767919,0.8622886539,-0.0189239476,0.9776231647
97,8.1600000000,pose,24,0.4204891026,0.8727425933,-0.0189100932,0.9778966308
98,8.2440000000,pose,24,0.4255472720,0.8777423501,-0.0252327416,0.9782019854
99,8.3280000000,pose,24,0.4219453633,0.8777021170,-0.0234382562,0.9778099060
100,8.4130000000,pose,24,0.4223627448,0.8801339865,-0.0178287122,0.9775642753
101,8.4970000000,pose,24,0.4182235003,0.8800850511,-0.0173202883,0.9782526493
102,8.5810000000,pose,24,0.4181256592,0.8800556064,-0.0176809076,0.9780275822
103,8.6650000000,pose,24,0.4181514978,0.8820822239,-0.0204215758,0.9774656892
104,8.7490000000,pose,24,0.4182600379,0.8818805814,-0.0204281621,0.9778756499
105,8.8330000000,pose,24,0.4341376424,0.8830986023,-0.0204378869,0.9779624939
106,8.9170000000,pose,24,0.4216811061,0.8823341131,-0.0161621887,0.9781337380
107,9.0010000000,pose,24,0.4158433676,0.8932411075,-0.0226634536,0.9761116505
108,9.0860000000,pose,24,0.4215864837,0.8846094608,-0.0170904230,0.9741574526
109,9.1700000000,pose,24,0.4224000275,0.8778705597,-0.0171455704,0.9748569131
110,9.2540000000,pose,24,0.4225541651,0.8812053800,-0.0169726536,0.9746173024
111,9.3380000000,pose,24,0.4225355387,0.8809400201,-0.0229234975,0.9753872752
112,9.4220000000,pose,24,0.4223498702,0.8836509585,-0.0212088022,0.9763665199
113,9.5060000000,pose,24,0.4195007086,0.8769329786,-0.0141187375,0.9758078456
114,9.5900000000,pose,24,0.4191307724,0.8771014214,-0.0192192029,0.9748427868
115,9.6740000000,pose,24,0.4246967435,0.8855810761,-0.0192032289,0.9751940370
116,9.7590000000,pose,24,0.4243782461,0.8846473098,-0.0191175546,0.9749695659
117,9.8430000000,pose,24,0.4242674112,0.8901287913,-0.0208296087,0.9739528298
118,9.9270000000,pose,24,0.4202140868,0.8878106475,-0.0217027869,0.9737935066
119,10.0110000000,pose,24,0.4141088724,0.8943230510,-0.0243901350,0.9744634032
120,10.0950000000,pose,24,0.4165955782,0.8969646096,-0.0280263182,0.9732875228
121,10.1790000000,pose,24,0.4156506956,0.8936517239,-0.0143568516,0.9705002904
122,10.2630000000,pose,24,0.4230988920,0.8806881309,-0.0158999991,0.9687007070
123,10.3470000000,pose,24,0.4186950028,0.8876122832,-0.0188435409,0.9685449600
124,10.4320000000,pose,24,0.4096537232,0.8867321014,-0.0176009741,0.9645074606
125,10.5160000000,pose,24,0.4098702371,0.8997430205,-0.0184631012,0.9639872909
126,10.6000000000,pose,24,0.4084567428,0.8993009329,-0.0229551755,0.9638167024
127,10.6840000000,pose,24,0.4072816968,0.8918382525,-0.0259657726,0.9635874033
128,10.7680000000,pose,24,0.4133958519,0.8726528287,-0.0258674305,0.9665295482
129,10.8520000000,pose,24,0.4185257554,0.8880815506,-0.0190107636,0.9677553773
130,10.9360000000,pose,24,0.4183850288,0.8867636919,-0.0249524079,0.9689581990
131,11.0200000000,pose,24,0.4148701727,0.8831013441,-0.0257113911,0.9691646099
132,11.1050000000,pose,24,0.4149284065,0.8805855513,-0.0106919892,0.9721624255
133,11.1890000000,pose,24,0.4184140563,0.8821578026,-0.0165875051,0.9721738696
134,11.2730000000,pose,24,0.4186204374,0.8754633069,-0.0207713023,0.9708393216
135,11.3570000000,pose,24,0.4184264839,0.8723664284,-0.0201287773,0.9718987346
136,11.4410000000,pose,24,0.4161866605,0.8641473651,-0.0221203566,0.9723423719
137,11.5250000000,pose,24,0.4084821939,0.8648833036,-0.0235812683,0.9722439647
138,11.6090000000,pose,24,0.4134944081,0.8523052335,-0.0222036429,0.9711042047
139,11.6930000000,pose,24,0.4146603048,0.8576734066,-0.0180611014,0.9706280828
140,11.7780000000,pose,24,0.4219606817,0.8560733795,-0.0195706841,0.9727678299
141,11.8620000000,pose,24,0.4196838737,0.8452616334,-0.0164506640,0.9738699198
142,11.9460000000,pose,24,0.4155950844,0.8266462684,-0.0162380487,0.9734209180
60,5.0480000000,right_hand,0,0.4073296487,0.6043331623,0.0000000755,1.0000000000
61,5.1320000000,right_hand,0,0.4108209014,0.5982866287,0.0000001061,1.0000000000
62,5.2160000000,right_hand,0,0.4075282812,0.5935517550,0.0000001037,1.0000000000
63,5.3000000000,right_hand,0,0.4076249301,0.5910030007,0.0000002003,1.0000000000
64,5.3840000000,right_hand,0,0.4116599262,0.5864592195,0.0000002744,1.0000000000
65,5.4680000000,right_hand,0,0.4141132236,0.5604439974,0.0000002400,1.0000000000
66,5.5520000000,right_hand,0,0.4062736630,0.5776844621,0.0000001651,1.0000000000
67,5.6360000000,right_hand,0,0.4000571668,0.5758292079,0.0000002876,1.0000000000
68,5.7210000000,right_hand,0,0.4089862108,0.5822211504,0.0000002543,1.0000000000
69,5.8050000000,right_hand,0,0.4052916765,0.5566642284,0.0000002219,1.0000000000
70,5.8890000000,right_hand,0,0.4070124030,0.5761411190,0.0000001453,1.0000000000
71,5.9730000000,right_hand,0,0.4109738469,0.5934820175,-0.0000000476,1.0000000000
72,6.0570000000,right_hand,0,0.4022858441,0.6062661409,0.0000000068,1.0000000000
73,6.1410000000,right_hand,0,0.4016486108,0.6036775112,0.0000001348,1.0000000000
74,6.2250000000,right_hand,0,0.3925878406,0.6091505885,0.0000000107,1.0000000000
75,6.3090000000,right_hand,0,0.3922765851,0.6125738621,0.0000000414,1.0000000000
76,6.3940000000,right_hand,0,0.6703231931,0.6431577802,0.0000003465,1.0000000000
77,6.4780000000,right_hand,0,0.3863047361,0.6165391207,-0.0000000369,1.0000000000
78,6.5620000000,right_hand,0,0.3795267045,0.6232258677,-0.0000000083,1.0000000000
79,6.6460000000,right_hand,0,0.3765974343,0.6244289279,-0.0000000683,1.0000000000
80,6.7300000000,right_hand,0,0.6735821366,0.6433606148,0.0000003423,1.0000000000
81,6.8140000000,right_hand,0,0.3766061366,0.6237555742,-0.0000001265,1.0000000000
82,6.8980000000,right_hand,0,0.3759954870,0.6263085604,-0.0000000981,1.0000000000
83,6.9820000000,right_hand,0,0.3829933405,0.6222547889,-0.0000000869,1.0000000000
84,7.0670000000,right_hand,0,0.3985131681,0.6637268662,-0.0000000729,1.0000000000
85,7.1510000000,right_hand,0,0.3743939549,0.6504987478,-0.0000001482,1.0000000000
86,7.2350000000,right_hand,0,0.3502747416,0.6372706294,-0.0000002235,1.0000000000
87,7.3190000000,right_hand,0,0.3543822169,0.6139113903,-0.0000000228,1.0000000000
88,7.4030000000,right_hand,0,0.3690872192,0.6210770607,-0.0000000351,1.0000000000
89,7.4870000000,right_hand,0,0.3872277737,0.6167263985,0.0000002193,1.0000000000
90,7.5710000000,right_hand,0,0.3990963101,0.5958227515,0.0000001143,1.0000000000
91,7.6550000000,right_hand,0,0.4206776917,0.6289024949,0.0000001118,1.0000000000
92,7.7400000000,right_hand,0,0.4423648417,0.6335786581,0.0000001101,1.0000000000
93,7.8240000000,right_hand,0,0.4014746845,0.6177367568,0.0000000176,1.0000000000
94,7.9080000000,right_hand,0,0.4176212847,0.6391103864,-0.0000000482,1.0000000000
95,7.9920000000,right_hand,0,0.3856396675,0.6003040671,-0.0000000742,1.0000000000
96,8.0760000000,right_hand,0,0.3749648929,0.6041657925,-0.0000001405,1.0000000000
97,8.1600000000,right_hand,0,0.3744558692,0.6081583500,-0.0000000098,1.0000000000
98,8.2440000000,right_hand,0,0.3756384850,0.6061394215,0.0000000498,1.0000000000
99,8.3280000000,right_hand,0,0.3778945804,0.6184221506,0.0000000897,1.0000000000
100,8.4130000000,right_hand,0,0.3789486289,0.6200984716,0.0000001668,1.0000000000
101,8.4970000000,right_hand,0,0.3766551912,0.6110076308,0.0000001155,1.0000000000
102,8.5810000000,right_hand,0,0.3767324984,0.6076020598,0.0000000877,1.0000000000
103,8.6650000000,right_hand,0,0.3772787154,0.6139481664,0.0000000982,1.0000000000
104,8.7490000000,right_hand,0,0.3883654177,0.6233971119,0.0000000828,1.0000000000
105,8.8330000000,right_hand,0,0.3934666812,0.6239463687,0.0000000425,1.0000000000
106,8.9170000000,right_hand,0,0.3951910138,0.6156415939,0.0000002050,1.0000000000
107,9.0010000000,right_hand,0,0.4089322388,0.6095560789,0.0000002965,1.0000000000
108,9.0860000000,right_hand,0,0.3955762684,0.6017860770,0.0000004510,1.0000000000
109,9.1700000000,right_hand,0,0.3979510665,0.6004936099,0.0000004138,1.0000000000
110,9.2540000000,right_hand,0,0.3984668255,0.5962138176,0.0000004203,1.0000000000
111,9.3380000000,right_hand,0,0.4017860293,0.6147439480,0.0000001925,1.0000000000
112,9.4220000000,right_hand,0,0.4027223289,0.6161877513,0.0000001655,1.0000000000
113,9.5060000000,right_hand,0,0.4049009681,0.6246238351,0.0000001800,1.0000000000
114,9.5900000000,right_hand,0,0.4115047455,0.6210092306,0.0000001657,1.0000000000
115,9.6740000000,right_hand,0,0.4149244726,0.6185361147,0.0000001515,1.0000000000
116,9.7590000000,right_hand,0,0.4140340090,0.6214842796,0.0000000997,1.0000000000
117,9.8430000000,right_hand,0,0.4127205014,0.6259688139,0.0000000564,1.0000000000
118,9.9270000000,right_hand,0,0.4153345227,0.6252879500,0.0000001458,1.0000000000
119,10.0110000000,right_hand,0,0.4093553424,0.6209927797,0.0000000907,1.0000000000
120,10.0950000000,right_hand,0,0.4033761621,0.6166976094,0.0000000355,1.0000000000
121,10.1790000000,right_hand,0,0.3981953263,0.6214270592,0.0000001381,1.0000000000
122,10.2630000000,right_hand,0,0.3952820599,0.6212697029,-0.0000000947,1.0000000000
123,10.3470000000,right_hand,0,0.3952747881,0.6184783578,0.0000000541,1.0000000000
124,10.4320000000,right_hand,0,0.3964351118,0.6148325205,0.0000001735,1.0000000000
125,10.5160000000,right_hand,0,0.3980069757,0.6093724966,0.0000001625,1.0000000000
126,10.6000000000,right_hand,0,0.3983019292,0.6154931188,0.0000001628,1.0000000000
127,10.6840000000,right_hand,0,0.3991132379,0.6227459311,0.0000001615,1.0000000000
128,10.7680000000,right_hand,0,0.6611177921,0.6082066894,-0.0000000828,1.0000000000
129,10.8520000000,right_hand,0,0.3976623416,0.6243789196,0.0000001681,1.0000000000
130,10.9360000000,right_hand,0,0.6608368158,0.6038483977,-0.0000000622,1.0000000000
131,11.0200000000,right_hand,0,0.5337038338,0.5916864574,0.0000000374,1.0000000000
132,11.1050000000,right_hand,0,0.4065708518,0.5795245171,0.0000001371,1.0000000000
133,11.1890000000,right_hand,0,0.3946195841,0.6051006317,0.0000001352,1.0000000000
134,11.2730000000,right_hand,0,0.3980517685,0.6032367945,0.0000003016,1.0000000000
135,11.3570000000,right_hand,0,0.4025525153,0.6055573225,0.0000002281,1.0000000000
136,11.4410000000,right_hand,0,0.6537457108,0.6070595384,-0.0000000180,1.0000000000
137,11.5250000000,right_hand,0,0.6558949947,0.6122279763,-0.0000001177,1.0000000000
138,11.6090000000,right_hand,0,0.6524338722,0.6047448516,0.0000000039,1.0000000000
139,11.6930000000,right_hand,0,0.4026860297,0.5911131501,0.0000001348,1.0000000000
140,11.7780000000,right_hand,0,0.3918159604,0.5979045630,0.0000000062,1.0000000000
141,11.8620000000,right_hand,0,0.3823530078,0.6120856404,0.0000001974,1.0000000000
142,11.9460000000,right_hand,0,0.3717765212,0.6004776955,0.0000002917,1.0000000000
60,5.0480000000,right_hand,1,0.4212922454,0.5659986138,-0.0084441174,1.0000000000
61,5.1320000000,right_hand,1,0.4218173027,0.5577152371,-0.0092030922,1.0000000000
62,5.2160000000,right_hand,1,0.4207507074,0.5590837002,-0.0061890674,1.0000000000
63,5.3000000000,right_hand,1,0.4238813519,0.5687999725,-0.0016503741,1.0000000000
64,5.3840000000,right_hand,1,0.4287676811,0.5567977428,-0.0052851471,1.0000000000
65,5.4680000000,right_hand,1,0.4343352616,0.5424278975,-0.0048675770,1.0000000000
66,5.5520000000,right_hand,1,0.4251080751,0.5522516966,-0.0050167558,1.0000000000
67,5.6360000000,right_hand,1,0.4195150733,0.5408955812,-0.0085143866,1.0000000000
68,5.7210000000,right_hand,1,0.4253031313,0.5521479249,-0.0043920721,1.0000000000
69,5.8050000000,right_hand,1,0.4254833162,0.5317395926,-0.0042130356,1.0000000000
70,5.8890000000,right_hand,1,0.4268498123,0.5369772315,-0.0088042077,1.0000000000
71,5.9730000000,right_hand,1,0.4259523749,0.5570480824,-0.0023940692,1.0000000000
72,6.0570000000,right_hand,1,0.4118117094,0.5636025071,-0.0073929210,1.0000000000
73,6.1410000000,right_hand,1,0.4125514328,0.5518236160,-0.0053474288,1.0000000000
74,6.2250000000,right_hand,1,0.4060164094,0.5575498343,-0.0049801967,1.0000000000
75,6.3090000000,right_hand,1,0.4073348343,0.5667020679,-0.0031673131,1.0000000000
76,6.3940000000,right_hand,1,0.6613943577,0.6016995907,-0.0092788190,1.0000000000
77,6.4780000000,right_hand,1,0.4007332027,0.5699520707,-0.0122024771,1.0000000000
78,6.5620000000,right_hand,1,0.3958535194,0.5790722370,-0.0138484119,1.0000000000
79,6.6460000000,right_hand,1,0.3929209709,0.5850104690,-0.0123515576,1.0000000000
80,6.7300000000,right_hand,1,0.6630249619,0.5979571939,-0.0052037216,1.0000000000
81,6.8140000000,right_hand,1,0.3935337067,0.5907766819,-0.0048528933,1.0000000000
82,6.8980000000,right_hand,1,0.3908800185,0.6024616957,-0.0119762905,1.0000000000
83,6.9820000000,right_hand,1,0.3951200545,0.5928022861,-0.0089634676,1.0000000000
84,7.0670000000,right_hand,1,0.3929290473,0.6285569072,-0.0130521953,1.0000000000
85,7.1510000000,right_hand,1,0.3741000891,0.6127406359,-0.0159407342,1.0000000000
86,7.2350000000,right_hand,1,0.3552711308,0.5969243646,-0.0188292731,1.0000000000
87,7.3190000000,right_hand,1,0.3664170802,0.5818392038,-0.0133113228,1.0000000000
88,7.4030000000,right_hand,1,0.3806594014,0.5853216648,-0.0117544066,1.0000000000
89,7.4870000000,right_hand,1,0.3910862803,0.5883339643,-0.0321303196,1.0000000000
90,7.5710000000,right_hand,1,0.4067116380,0.5689253211,-0.0258235615,1.0000000000
91,7.6550000000,right_hand,1,0.4352081120,0.5911724567,-0.0148696899,1.0000000000
92,7.7400000000,right_hand,1,0.4536211789,0.6067929268,-0.0232803337,1.0000000000
93,7.8240000000,right_hand,1,0.4235854745,0.5919703245,-0.0223696698,1.0000000000
94,7.9080000000,right_hand,1,0.4288569391,0.6014559269,-0.0096079223,1.0000000000
95,7.9920000000,right_hand,1,0.4046595097,0.5733727217,-0.0127386311,1.0000000000
96,8.0760000000,right_hand,1,0.3960403800,0.5731311440,-0.0124657936,1.0000000000
97,8.1600000000,right_hand,1,0.3955384195,0.5739421844,-0.0084428368,1.0000000000
98,8.2440000000,right_hand,1,0.3958777189,0.5734134912,-0.0066782655,1.0000000000
99,8.3280000000,right_hand,1,0.3936921060,0.5787921548,-0.0083058747,1.0000000000
100,8.4130000000,right_hand,1,0.3937963545,0.5782704949,-0.0091193849,1.0000000000
101,8.4970000000,right_hand,1,0.3934912980,0.5727150440,-0.0055545210,1.0000000000
102,8.5810000000,right_hand,1,0.3942398131,0.5685496330,-0.0062536071,1.0000000000
103,8.6650000000,right_hand,1,0.3920872808,0.5756532550,-0.0055628223,1.0000000000
104,8.7490000000,right_hand,1,0.4048954844,0.5940153599,-0.0025912754,1.0000000000
105,8.8330000000,right_hand,1,0.4115758240,0.5961427093,-0.0035982800,1.0000000000
106,8.9170000000,right_hand,1,0.4085018337,0.5852100253,-0.0051637264,1.0000000000
107,9.0010000000,right_hand,1,0.4241783619,0.5761783719,-0.0106401648,1.0000000000
108,9.0860000000,right_hand,1,0.4111700654,0.5595865250,-0.0071581281,1.0000000000
109,9.1700000000,right_hand,1,0.4161391854,0.5621412992,-0.0070644170,1.0000000000
110,9.2540000000,right_hand,1,0.4177990556,0.5529053807,-0.0054612341,1.0000000000
111,9.3380000000,right_hand,1,0.4237063825,0.5789926648,-0.0048052887,1.0000000000
112,9.4220000000,right_hand,1,0.4193712771,0.5854079127,-0.0014544636,1.0000000000
113,9.5060000000,right_hand,1,0.4238239229,0.6397829652,-0.0050351261,1.0000000000
114,9.5900000000,right_hand,1,0.4192166328,0.6420299411,-0.0057959305,1.0000000000
115,9.6740000000,right_hand,1,0.4241823554,0.6411355734,-0.0047533158,1.0000000000
116,9.7590000000,right_hand,1,0.4216063917,0.6368963718,-0.0053524277,1.0000000000
117,9.8430000000,right_hand,1,0.4209983945,0.6068611741,-0.0036931490,1.0000000000
118,9.9270000000,right_hand,1,0.4244499207,0.6096935272,-0.0053845937,1.0000000000
119,10.0110000000,right_hand,1,0.4198988378,0.5989295840,-0.0094232124,1.0000000000
120,10.0950000000,right_hand,1,0.4153477550,0.5881656408,-0.0134618310,1.0000000000
121,10.1790000000,right_hand,1,0.4071203768,0.5938590765,-0.0122013139,1.0000000000
122,10.2630000000,right_hand,1,0.4129574597,0.5916952491,-0.0071758707,1.0000000000
123,10.3470000000,right_hand,1,0.4072091579,0.5869358182,-0.0069032395,1.0000000000
124,10.4320000000,right_hand,1,0.4114287794,0.5873765349,-0.0049576755,1.0000000000
125,10.5160000000,right_hand,1,0.4155538678,0.5854287148,-0.0018752431,1.0000000000
126,10.6000000000,right_hand,1,0.4146448374,0.5930985212,-0.0010597297,1.0000000000
127,10.6840000000,right_hand,1,0.4163539708,0.6005567908,-0.0030133736,1.0000000000
128,10.7680000000,right_hand,1,0.6515753269,0.6291388869,-0.0029966298,1.0000000000
129,10.8520000000,right_hand,1,0.4138421118,0.6069406271,-0.0047269603,1.0000000000
130,10.9360000000,right_hand,1,0.6599097848,0.6348025203,-0.0107875690,1.0000000000
131,11.0200000000,right_hand,1,0.5422969609,0.5959079564,-0.0074478781,1.0000000000
132,11.1050000000,right_hand,1,0.4246841371,0.5570133924,-0.0041081873,1.0000000000
133,11.1890000000,right_hand,1,0.4089103937,0.5782324076,-0.0040823719,1.0000000000
134,11.2730000000,right_hand,1,0.4153702855,0.5696294308,-0.0042583426,1.0000000000
135,11.3570000000,right_hand,1,0.4196760356,0.5726298094,-0.0013065496,1.0000000000
136,11.4410000000,right_hand,1,0.6458906531,0.6416947246,-0.0152253294,1.0000000000
137,11.5250000000,right_hand,1,0.6462809443,0.6429707408,-0.0098902127,1.0000000000
138,11.6090000000,right_hand,1,0.6414757371,0.6022345424,-0.0040033194,1.0000000000
139,11.6930000000,right_hand,1,0.4168560207,0.5619901419,-0.0021867468,1.0000000000
140,11.7780000000,right_hand,1,0.4090741575,0.5597657561,-0.0013229436,1.0000000000
141,11.8620000000,right_hand,1,0.3951848745,0.5746874213,-0.0051273848,1.0000000000
142,11.9460000000,right_hand,1,0.3920459747,0.5573914051,-0.0018121218,1.0000000000
60,5.0480000000,right_hand,2,0.4436627924,0.5511150360,-0.0149383834,1.0000000000
61,5.1320000000,right_hand,2,0.4432426393,0.5365432501,-0.0164426323,1.0000000000
62,5.2160000000,right_hand,2,0.4412344396,0.5404244661,-0.0115673058,1.0000000000
63,5.3000000000,right_hand,2,0.4452582598,0.5603706837,-0.0053751539,1.0000000000
64,5.3840000000,right_hand,2,0.4528222978,0.5484063029,-0.0126939695,1.0000000000
65,5.4680000000,right_hand,2,0.4589569867,0.5479014516,-0.0087843249,1.0000000000
66,5.5520000000,right_hand,2,0.4502252638,0.5460109115,-0.0103275850,1.0000000000
67,5.6360000000,right_hand,2,0.4467908740,0.5301235914,-0.0161766857,1.0000000000
68,5.7210000000,right_hand,2,0.4511424899,0.5385850072,-0.0094143869,1.0000000000
69,5.8050000000,right_hand,2,0.4543268383,0.5292081833,-0.0101419268,1.0000000000
70,5.8890000000,right_hand,2,0.4542829096,0.5322104692,-0.0146975191,1.0000000000
71,5.9730000000,right_hand,2,0.4496593773,0.5442420840,-0.0058084517,1.0000000000
72,6.0570000000,right_hand,2,0.4341500103,0.5391678810,-0.0134577369,1.0000000000
73,6.1410000000,right_hand,2,0.4350858033,0.5211986303,-0.0122445663,1.0000000000
74,6.2250000000,right_hand,2,0.4338795841,0.5327367187,-0.0093254391,1.0000000000
75,6.3090000000,right_hand,2,0.4328951240,0.5451089740,-0.0082443068,1.0000000000
76,6.3940000000,right_hand,2,0.6388688684,0.5669154525,-0.0172793362,1.0000000000
77,6.4780000000,right_hand,2,0.4244239032,0.5510761738,-0.0211929362,1.0000000000
78,6.5620000000,right_hand,2,0.4267834127,0.5568156838,-0.0237550400,1.0000000000
79,6.6460000000,right_hand,2,0.4212394059,0.5665562153,-0.0210454874,1.0000000000
80,6.7300000000,right_hand,2,0.6386402249,0.5640281439,-0.0123038087,1.0000000000
81,6.8140000000,right_hand,2,0.4169230163,0.5724203587,-0.0109601421,1.0000000000
82,6.8980000000,right_hand,2,0.4098810852,0.5799838901,-0.0253443066,1.0000000000
83,6.9820000000,right_hand,2,0.4124861360,0.5679854155,-0.0178651456,1.0000000000
84,7.0670000000,right_hand,2,0.3945109546,0.5959630609,-0.0231838152,1.0000000000
85,7.1510000000,right_hand,2,0.3820975572,0.5814692676,-0.0291873533,1.0000000000
86,7.2350000000,right_hand,2,0.3696841598,0.5669754744,-0.0351908915,1.0000000000
87,7.3190000000,right_hand,2,0.3839702308,0.5634048581,-0.0227564238,1.0000000000
88,7.4030000000,right_hand,2,0.3980721831,0.5687276721,-0.0201350767,1.0000000000
89,7.4870000000,right_hand,2,0.4018432796,0.5706853867,-0.0535546169,1.0000000000
90,7.5710000000,right_hand,2,0.4289205372,0.5660509467,-0.0399726033,1.0000000000
91,7.6550000000,right_hand,2,0.4553525448,0.5665279627,-0.0269065872,1.0000000000
92,7.7400000000,right_hand,2,0.4660448730,0.5816938281,-0.0461042039,1.0000000000
93,7.8240000000,right_hand,2,0.4502259493,0.5777218342,-0.0459381267,1.0000000000
94,7.9080000000,right_hand,2,0.4470192194,0.5784504414,-0.0179166980,1.0000000000
95,7.9920000000,right_hand,2,0.4281727970,0.5678176880,-0.0200293586,1.0000000000
96,8.0760000000,right_hand,2,0.4240153432,0.5615181327,-0.0223759022,1.0000000000
97,8.1600000000,right_hand,2,0.4209824204,0.5668656230,-0.0150691764,1.0000000000
98,8.2440000000,right_hand,2,0.4224925935,0.5618256927,-0.0133373784,1.0000000000
99,8.3280000000,right_hand,2,0.4175911546,0.5613730550,-0.0151851466,1.0000000000
100,8.4130000000,right_hand,2,0.4157633185,0.5616459250,-0.0161465481,1.0000000000
101,8.4970000000,right_hand,2,0.4157343209,0.5617964864,-0.0106966281,1.0000000000
102,8.5810000000,right_hand,2,0.4194007218,0.5574498177,-0.0118746413,1.0000000000
103,8.6650000000,right_hand,2,0.4174218178,0.5587215424,-0.0100934478,1.0000000000
104,8.7490000000,right_hand,2,0.4256727397,0.5771473050,-0.0054938211,1.0000000000
105,8.8330000000,right_hand,2,0.4321816862,0.5770693421,-0.0070028533,1.0000000000
106,8.9170000000,right_hand,2,0.4280464053,0.5636225939,-0.0135957077,1.0000000000
107,9.0010000000,right_hand,2,0.4412686825,0.5519949794,-0.0218472760,1.0000000000
108,9.0860000000,right_hand,2,0.4318406582,0.5362392068,-0.0217086300,1.0000000000
109,9.1700000000,right_hand,2,0.4387491941,0.5364993215,-0.0196921863,1.0000000000
110,9.2540000000,right_hand,2,0.4422981441,0.5269218683,-0.0170243215,1.0000000000
111,9.3380000000,right_hand,2,0.4499540925,0.5526726842,-0.0146369468,1.0000000000
112,9.4220000000,right_hand,2,0.4369715750,0.5649273396,-0.0091884639,1.0000000000
113,9.5060000000,right_hand,2,0.4449883997,0.6499841809,-0.0122313090,1.0000000000
114,9.5900000000,right_hand,2,0.4308663607,0.6581696272,-0.0112565095,1.0000000000
115,9.6740000000,right_hand,2,0.4407465756,0.6555509567,-0.0103448844,1.0000000000
116,9.7590000000,right_hand,2,0.4355547130,0.6466739178,-0.0084016519,1.0000000000
117,9.8430000000,right_hand,2,0.4348487258,0.5985555053,-0.0066734194,1.0000000000
118,9.9270000000,right_hand,2,0.4386481941,0.6003335714,-0.0100307828,1.0000000000
119,10.0110000000,right_hand,2,0.4361272305,0.5885120928,-0.0166565026,1.0000000000
120,10.0950000000,right_hand,2,0.4336062670,0.5766906142,-0.0232822224,1.0000000000
121,10.1790000000,right_hand,2,0.4217833281,0.5763449669,-0.0227257106,1.0000000000
122,10.2630000000,right_hand,2,0.4356526136,0.5870318413,-0.0097475229,1.0000000000
123,10.3470000000,right_hand,2,0.4270530641,0.5689010024,-0.0121811712,1.0000000000
124,10.4320000000,right_hand,2,0.4339728355,0.5744472742,-0.0111716632,1.0000000000
125,10.5160000000,right_hand,2,0.4377381504,0.5763608217,-0.0052600699,1.0000000000
126,10.6000000000,right_hand,2,0.4344554842,0.5865704417,-0.0042019789,1.0000000000
127,10.6840000000,right_hand,2,0.4357736111,0.5929952264,-0.0075586671,1.0000000000
128,10.7680000000,right_hand,2,0.6360204816,0.6499541402,-0.0079572415,1.0000000000
129,10.8520000000,right_hand,2,0.4325923026,0.6078775525,-0.0086059123,1.0000000000
130,10.9360000000,right_hand,2,0.6503880024,0.6610959172,-0.0194990784,1.0000000000
131,11.0200000000,right_hand,2,0.5486126095,0.6036567092,-0.0159130525,1.0000000000
132,11.1050000000,right_hand,2,0.4468372166,0.5462175012,-0.0123270266,1.0000000000
133,11.1890000000,right_hand,2,0.4296446443,0.5590063930,-0.0090790531,1.0000000000
134,11.2730000000,right_hand,2,0.4382292032,0.5565214157,-0.0111447563,1.0000000000
135,11.3570000000,right_hand,2,0.4412432015,0.5563853383,-0.0065423525,1.0000000000
136,11.4410000000,right_hand,2,0.6278358698,0.6626691818,-0.0256279502,1.0000000000
137,11.5250000000,right_hand,2,0.6282252669,0.6615537405,-0.0173828658,1.0000000000
138,11.6090000000,right_hand,2,0.6254929900,0.6045360565,-0.0110928537,1.0000000000
139,11.6930000000,right_hand,2,0.4370286763,0.5448995829,-0.0062589603,1.0000000000
140,11.7780000000,right_hand,2,0.4327949584,0.5395947099,-0.0044778804,1.0000000000
141,11.8620000000,right_hand,2,0.4140557349,0.5377218127,-0.0136846360,1.0000000000
142,11.9460000000,right_hand,2,0.4157956541,0.5337164402,-0.0107923057,1.0000000000
60,5.0480000000,right_hand,3,0.4660289884,0.5570837259,-0.0190717839,1.0000000000
61,5.1320000000,right_hand,3,0.4649206400,0.5427246094,-0.0208440404,1.0000000000
62,5.2160000000,right_hand,3,0.4601476789,0.5418662429,-0.0151860211,1.0000000000
63,5.3000000000,right_hand,3,0.4632263482,0.5648410320,-0.0089333905,1.0000000000
64,5.3840000000,right_hand,3,0.4740463197,0.5603871346,-0.0183854215,1.0000000000
65,5.4680000000,right_hand,3,0.4786861539,0.5683810115,-0.0110832974,1.0000000000
66,5.5520000000,right_hand,3,0.4717593789,0.5530111194,-0.0141638694,1.0000000000
67,5.6360000000,right_hand,3,0.4705791771,0.5407634974,-0.0211355928,1.0000000000
68,5.7210000000,right_hand,3,0.4737726450,0.5422177911,-0.0132683087,1.0000000000
69,5.8050000000,right_hand,3,0.4786744416,0.5452570915,-0.0145202195,1.0000000000
70,5.8890000000,right_hand,3,0.4779355526,0.5540308952,-0.0176296160,1.0000000000
71,5.9730000000,right_hand,3,0.4717057943,0.5471051335,-0.0080954432,1.0000000000
72,6.0570000000,right_hand,3,0.4579607844,0.5313488245,-0.0178070962,1.0000000000
73,6.1410000000,right_hand,3,0.4586019218,0.5187375546,-0.0171011779,1.0000000000
74,6.2250000000,right_hand,3,0.4631428719,0.5293877721,-0.0124049075,1.0000000000
75,6.3090000000,right_hand,3,0.4587816596,0.5372095108,-0.0120785944,1.0000000000
76,6.3940000000,right_hand,3,0.6143320799,0.5469585657,-0.0229547229,1.0000000000
77,6.4780000000,right_hand,3,0.4507183433,0.5465569496,-0.0268404111,1.0000000000
78,6.5620000000,right_hand,3,0.4586103559,0.5483895540,-0.0291771628,1.0000000000
79,6.6460000000,right_hand,3,0.4507922530,0.5603024364,-0.0259364340,1.0000000000
80,6.7300000000,right_hand,3,0.6131684184,0.5456324220,-0.0174883008,1.0000000000
81,6.8140000000,right_hand,3,0.4395626485,0.5590819716,-0.0161378291,1.0000000000
82,6.8980000000,right_hand,3,0.4262855351,0.5558121204,-0.0361805186,1.0000000000
83,6.9820000000,right_hand,3,0.4284100831,0.5488443971,-0.0257312637,1.0000000000
84,7.0670000000,right_hand,3,0.4033497572,0.5707002282,-0.0305087510,1.0000000000
85,7.1510000000,right_hand,3,0.3957738727,0.5607082546,-0.0393075934,1.0000000000
86,7.2350000000,right_hand,3,0.3881979883,0.5507162809,-0.0481064357,1.0000000000
87,7.3190000000,right_hand,3,0.4043362737,0.5593107939,-0.0289207343,1.0000000000
88,7.4030000000,right_hand,3,0.4162738919,0.5663789511,-0.0258919224,1.0000000000
89,7.4870000000,right_hand,3,0.4118391275,0.5674095154,-0.0688254237,1.0000000000
90,7.5710000000,right_hand,3,0.4489830136,0.5852447152,-0.0494645126,1.0000000000
91,7.6550000000,right_hand,3,0.4767723382,0.5594730973,-0.0344596095,1.0000000000
92,7.7400000000,right_hand,3,0.4805156589,0.5669279695,-0.0673817471,1.0000000000
93,7.8240000000,right_hand,3,0.4749944210,0.5677763820,-0.0682284012,1.0000000000
94,7.9080000000,right_hand,3,0.4684052765,0.5684246421,-0.0238264333,1.0000000000
95,7.9920000000,right_hand,3,0.4507731497,0.5701999068,-0.0231908895,1.0000000000
96,8.0760000000,right_hand,3,0.4484254718,0.5619534850,-0.0283139292,1.0000000000
97,8.1600000000,right_hand,3,0.4452458620,0.5752000809,-0.0185956005,1.0000000000
98,8.2440000000,right_hand,3,0.4473432600,0.5703890324,-0.0173361097,1.0000000000
99,8.3280000000,right_hand,3,0.4414791167,0.5667465925,-0.0195069425,1.0000000000
100,8.4130000000,right_hand,3,0.4375699162,0.5647730231,-0.0203856695,1.0000000000
101,8.4970000000,right_hand,3,0.4385499060,0.5673971772,-0.0137234479,1.0000000000
102,8.5810000000,right_hand,3,0.4453780353,0.5679922700,-0.0152591756,1.0000000000
103,8.6650000000,right_hand,3,0.4427870512,0.5625029802,-0.0127792638,1.0000000000
104,8.7490000000,right_hand,3,0.4462720454,0.5729609132,-0.0074496679,1.0000000000
105,8.8330000000,right_hand,3,0.4507945478,0.5694993734,-0.0102013918,1.0000000000
106,8.9170000000,right_hand,3,0.4461012781,0.5544853210,-0.0205511507,1.0000000000
107,9.0010000000,right_hand,3,0.4578134418,0.5440607667,-0.0313598700,1.0000000000
108,9.0860000000,right_hand,3,0.4524901807,0.5325396061,-0.0335054547,1.0000000000
109,9.1700000000,right_hand,3,0.4614447653,0.5308881998,-0.0303541850,1.0000000000
110,9.2540000000,right_hand,3,0.4683968723,0.5275551081,-0.0262734462,1.0000000000
111,9.3380000000,right_hand,3,0.4746586382,0.5401479006,-0.0230335034,1.0000000000
112,9.4220000000,right_hand,3,0.4535693526,0.5543136597,-0.0160646848,1.0000000000
113,9.5060000000,right_hand,3,0.4631458223,0.6538106203,-0.0179687738,1.0000000000
114,9.5900000000,right_hand,3,0.4406642914,0.6677471399,-0.0153074218,1.0000000000
115,9.6740000000,right_hand,3,0.4566957057,0.6605443358,-0.0142152980,1.0000000000
116,9.7590000000,right_hand,3,0.4490636885,0.6448392868,-0.0102635678,1.0000000000
117,9.8430000000,right_hand,3,0.4473569989,0.6010522246,-0.0092051309,1.0000000000
118,9.9270000000,right_hand,3,0.4512066841,0.6016169786,-0.0135246553,1.0000000000
119,10.0110000000,right_hand,3,0.4503797889,0.5892854929,-0.0219182353,1.0000000000
120,10.0950000000,right_hand,3,0.4495528936,0.5769540071,-0.0303118154,1.0000000000
121,10.1790000000,right_hand,3,0.4339014590,0.5689657331,-0.0304704048,1.0000000000
122,10.2630000000,right_hand,3,0.4552715421,0.5923556685,-0.0105236517,1.0000000000
123,10.3470000000,right_hand,3,0.4439677000,0.5642219782,-0.0159149971,1.0000000000
124,10.4320000000,right_hand,3,0.4541285634,0.5759414434,-0.0163570996,1.0000000000
125,10.5160000000,right_hand,3,0.4578608572,0.5822727084,-0.0079609407,1.0000000000
126,10.6000000000,right_hand,3,0.4514144063,0.5939655304,-0.0069242157,1.0000000000
127,10.6840000000,right_hand,3,0.4517158866,0.5948808193,-0.0112703117,1.0000000000
128,10.7680000000,right_hand,3,0.6172410250,0.6655116677,-0.0123617919,1.0000000000
129,10.8520000000,right_hand,3,0.4471333325,0.6182516217,-0.0115918545,1.0000000000
130,10.9360000000,right_hand,3,0.6384750009,0.6727891564,-0.0260106605,1.0000000000
131,11.0200000000,right_hand,3,0.5528101474,0.6106244624,-0.0225122748,1.0000000000
132,11.1050000000,right_hand,3,0.4671452940,0.5484597683,-0.0190138891,1.0000000000
133,11.1890000000,right_hand,3,0.4483223855,0.5543926358,-0.0128584625,1.0000000000
134,11.2730000000,right_hand,3,0.4602669477,0.5643424988,-0.0167771913,1.0000000000
135,11.3570000000,right_hand,3,0.4619889259,0.5567556620,-0.0111195026,1.0000000000
136,11.4410000000,right_hand,3,0.6077365279,0.6689533591,-0.0320820026,1.0000000000
137,11.5250000000,right_hand,3,0.6068545580,0.6652390361,-0.0223172773,1.0000000000
138,11.6090000000,right_hand,3,0.6084823012,0.6144891381,-0.0170875937,1.0000000000
139,11.6930000000,right_hand,3,0.4549554288,0.5494067669,-0.0096836546,1.0000000000
140,11.7780000000,right_hand,3,0.4550806582,0.5396989584,-0.0068449201,1.0000000000
141,11.8620000000,right_hand,3,0.4319929183,0.5220099688,-0.0208331179,1.0000000000
142,11.9460000000,right_hand,3,0.4386201501,0.5319857597,-0.0187129751,1.0000000000
60,5.0480000000,right_hand,4,0.4827311337,0.5662782192,-0.0227148626,1.0000000000
61,5.1320000000,right_hand,4,0.4791561961,0.5578077435,-0.0245139729,1.0000000000
62,5.2160000000,right_hand,4,0.4725286961,0.5549240112,-0.0183006916,1.0000000000
63,5.3000000000,right_hand,4,0.4765973985,0.5760649443,-0.0124450633,1.0000000000
64,5.3840000000,right_hand,4,0.4887167513,0.5774750113,-0.0242873784,1.0000000000
65,5.4680000000,right_hand,4,0.4929433167,0.5859908462,-0.0134656280,1.0000000000
66,5.5520000000,right_hand,4,0.4871277809,0.5647770762,-0.0177722387,1.0000000000
67,5.6360000000,right_hand,4,0.4857760072,0.5605373383,-0.0258141235,1.0000000000
68,5.7210000000,right_hand,4,0.4906522036,0.5518044233,-0.0170552023,1.0000000000
69,5.8050000000,right_hand,4,0.4952913225,0.5630599856,-0.0188921858,1.0000000000
70,5.8890000000,right_hand,4,0.4935653806,0.5757814050,-0.0196623094,1.0000000000
71,5.9730000000,right_hand,4,0.4871260524,0.5533832312,-0.0096737985,1.0000000000
72,6.0570000000,right_hand,4,0.4767827392,0.5366191268,-0.0213847049,1.0000000000
73,6.1410000000,right_hand,4,0.4730823636,0.5392785668,-0.0216265786,1.0000000000
74,6.2250000000,right_hand,4,0.4823790789,0.5431461334,-0.0150306681,1.0000000000
75,6.3090000000,right_hand,4,0.4759442508,0.5458927751,-0.0157051627,1.0000000000
76,6.3940000000,right_hand,4,0.5940757990,0.5375400186,-0.0289385729,1.0000000000
77,6.4780000000,right_hand,4,0.4724518359,0.5404686928,-0.0320185050,1.0000000000
78,6.5620000000,right_hand,4,0.4828524888,0.5385403037,-0.0337642618,1.0000000000
79,6.6460000000,right_hand,4,0.4724929929,0.5526839495,-0.0300575867,1.0000000000
80,6.7300000000,right_hand,4,0.5936068296,0.5379914045,-0.0232272055,1.0000000000
81,6.8140000000,right_hand,4,0.4565480351,0.5512149334,-0.0216171760,1.0000000000
82,6.8980000000,right_hand,4,0.4406045377,0.5378073454,-0.0474817306,1.0000000000
83,6.9820000000,right_hand,4,0.4426509142,0.5401579738,-0.0338076577,1.0000000000
84,7.0670000000,right_hand,4,0.4160296023,0.5553951859,-0.0374946557,1.0000000000
85,7.1510000000,right_hand,4,0.4109075367,0.5473446548,-0.0494277105,1.0000000000
86,7.2350000000,right_hand,4,0.4057854712,0.5392941236,-0.0613607652,1.0000000000
87,7.3190000000,right_hand,4,0.4216059744,0.5665658712,-0.0330615304,1.0000000000
88,7.4030000000,right_hand,4,0.4294908643,0.5720194578,-0.0303934794,1.0000000000
89,7.4870000000,right_hand,4,0.4210250080,0.5702802539,-0.0838559344,1.0000000000
90,7.5710000000,right_hand,4,0.4658750892,0.6074050069,-0.0580041781,1.0000000000
91,7.6550000000,right_hand,4,0.4925894439,0.5389930606,-0.0412008613,1.0000000000
92,7.7400000000,right_hand,4,0.4952143431,0.5471300483,-0.0888703316,1.0000000000
93,7.8240000000,right_hand,4,0.4935036600,0.5537760854,-0.0918571576,1.0000000000
94,7.9080000000,right_hand,4,0.4838953018,0.5514391661,-0.0293640066,1.0000000000
95,7.9920000000,right_hand,4,0.4680106640,0.5679145455,-0.0245824289,1.0000000000
96,8.0760000000,right_hand,4,0.4665965438,0.5630888939,-0.0336226337,1.0000000000
97,8.1600000000,right_hand,4,0.4622627497,0.5749454498,-0.0212732591,1.0000000000
98,8.2440000000,right_hand,4,0.4640486240,0.5855005383,-0.0202967897,1.0000000000
99,8.3280000000,right_hand,4,0.4577317834,0.5798755288,-0.0231608283,1.0000000000
100,8.4130000000,right_hand,4,0.4540453255,0.5731740594,-0.0241905265,1.0000000000
101,8.4970000000,right_hand,4,0.4552737474,0.5753003359,-0.0164673366,1.0000000000
102,8.5810000000,right_hand,4,0.4633295834,0.5847724676,-0.0179275330,1.0000000000
103,8.6650000000,right_hand,4,0.4612229168,0.5730618238,-0.0148110501,1.0000000000
104,8.7490000000,right_hand,4,0.4625326693,0.5771551728,-0.0086949635,1.0000000000
105,8.8330000000,right_hand,4,0.4661088288,0.5698712468,-0.0129813626,1.0000000000
106,8.9170000000,right_hand,4,0.4596399665,0.5558851957,-0.0274702981,1.0000000000
107,9.0010000000,right_hand,4,0.4726405740,0.5485283136,-0.0406993926,1.0000000000
108,9.0860000000,right_hand,4,0.4720804691,0.5337514281,-0.0466896817,1.0000000000
109,9.1700000000,right_hand,4,0.4793182611,0.5359292030,-0.0414785817,1.0000000000
110,9.2540000000,right_hand,4,0.4868139327,0.5407884121,-0.0353985354,1.0000000000
111,9.3380000000,right_hand,4,0.4938709438,0.5409182906,-0.0311665572,1.0000000000
112,9.4220000000,right_hand,4,0.4678722620,0.5571451783,-0.0231867693,1.0000000000
113,9.5060000000,right_hand,4,0.4766193926,0.6552563906,-0.0236457419,1.0000000000
114,9.5900000000,right_hand,4,0.4471769035,0.6679152846,-0.0195831638,1.0000000000
115,9.6740000000,right_hand,4,0.4677712023,0.6600566506,-0.0183494128,1.0000000000
116,9.7590000000,right_hand,4,0.4586537778,0.6374781132,-0.0121374698,1.0000000000
117,9.8430000000,right_hand,4,0.4567278624,0.6076985598,-0.0116064651,1.0000000000
118,9.9270000000,right_hand,4,0.4609211683,0.6093390584,-0.0169310085,1.0000000000
119,10.0110000000,right_hand,4,0.4621286839,0.5945179164,-0.0268786829,1.0000000000
120,10.0950000000,right_hand,4,0.4633361995,0.5796967745,-0.0368263572,1.0000000000
121,10.1790000000,right_hand,4,0.4424121082,0.5687274933,-0.0378686413,1.0000000000
122,10.2630000000,right_hand,4,0.4705489576,0.5985146761,-0.0103814900,1.0000000000
123,10.3470000000,right_hand,4,0.4571134448,0.5662016869,-0.0191766899,1.0000000000
124,10.4320000000,right_hand,4,0.4685054421,0.5833632946,-0.0214989409,1.0000000000
125,10.5160000000,right_hand,4,0.4708474576,0.5956136584,-0.0104019847,1.0000000000
126,10.6000000000,right_hand,4,0.4624090791,0.6067752242,-0.0097160535,1.0000000000
127,10.6840000000,right_hand,4,0.4635118544,0.6025266051,-0.0151910204,1.0000000000
128,10.7680000000,right_hand,4,0.6017235518,0.6712770462,-0.0168355051,1.0000000000
129,10.8520000000,right_hand,4,0.4569236040,0.6304147243,-0.0144881709,1.0000000000
130,10.9360000000,right_hand,4,0.6270942688,0.6744702458,-0.0324676298,1.0000000000
131,11.0200000000,right_hand,4,0.5546853393,0.6178060174,-0.0289260121,1.0000000000
132,11.1050000000,right_hand,4,0.4822764099,0.5611417890,-0.0253843945,1.0000000000
133,11.1890000000,right_hand,4,0.4621797204,0.5595832467,-0.0163561478,1.0000000000
134,11.2730000000,right_hand,4,0.4754991233,0.5801709294,-0.0227828678,1.0000000000
135,11.3570000000,right_hand,4,0.4765103757,0.5693185329,-0.0157540217,1.0000000000
136,11.4410000000,right_hand,4,0.5938925147,0.6589785814,-0.0373679101,1.0000000000
137,11.5250000000,right_hand,4,0.5921242833,0.6553907990,-0.0260256752,1.0000000000
138,11.6090000000,right_hand,4,0.5952526331,0.6208285689,-0.0235197973,1.0000000000
139,11.6930000000,right_hand,4,0.4658923149,0.5639750957,-0.0130768279,1.0000000000
140,11.7780000000,right_hand,4,0.4715503156,0.5493268967,-0.0083932653,1.0000000000
141,11.8620000000,right_hand,4,0.4456595778,0.5257341862,-0.0273021888,1.0000000000
142,11.9460000000,right_hand,4,0.4551981986,0.5504309535,-0.0269333757,1.0000000000
60,5.0480000000,right_hand,5,0.4456222951,0.5795252919,-0.0255871769,1.0000000000
61,5.1320000000,right_hand,5,0.4433720708,0.5694367290,-0.0292089004,1.0000000000
62,5.2160000000,right_hand,5,0.4422870576,0.5728237033,-0.0201658048,1.0000000000
63,5.3000000000,right_hand,5,0.4483802617,0.5546826720,-0.0114888074,1.0000000000
64,5.3840000000,right_hand,5,0.4486730993,0.5523531437,-0.0265168417,1.0000000000
65,5.4680000000,right_hand,5,0.4576985836,0.5591368079,-0.0132660279,1.0000000000
66,5.5520000000,right_hand,5,0.4497153163,0.5621408820,-0.0212270282,1.0000000000
67,5.6360000000,right_hand,5,0.4457996786,0.5463818908,-0.0270432793,1.0000000000
68,5.7210000000,right_hand,5,0.4550503492,0.5498013496,-0.0169188380,1.0000000000
69,5.8050000000,right_hand,5,0.4505562484,0.5444917083,-0.0234471522,1.0000000000
70,5.8890000000,right_hand,5,0.4486933947,0.5594893098,-0.0236609615,1.0000000000
71,5.9730000000,right_hand,5,0.4518902600,0.5772948265,-0.0183241162,1.0000000000
72,6.0570000000,right_hand,5,0.4479478002,0.5659704208,-0.0192392692,1.0000000000
73,6.1410000000,right_hand,5,0.4440389872,0.5614285469,-0.0300900862,1.0000000000
74,6.2250000000,right_hand,5,0.4380916357,0.5747275352,-0.0177924521,1.0000000000
75,6.3090000000,right_hand,5,0.4413933754,0.5792645216,-0.0221568868,1.0000000000
76,6.3940000000,right_hand,5,0.6300069690,0.5993790627,-0.0296160765,1.0000000000
77,6.4780000000,right_hand,5,0.4334325194,0.5981382728,-0.0360369049,1.0000000000
78,6.5620000000,right_hand,5,0.4204781950,0.6074592471,-0.0456773825,1.0000000000
79,6.6460000000,right_hand,5,0.4138723910,0.6206443310,-0.0402956679,1.0000000000
80,6.7300000000,right_hand,5,0.6375496387,0.5913921595,-0.0311092362,1.0000000000
81,6.8140000000,right_hand,5,0.4165650606,0.6285646558,-0.0196655802,1.0000000000
82,6.8980000000,right_hand,5,0.4122579694,0.6274304986,-0.0430604741,1.0000000000
83,6.9820000000,right_hand,5,0.4186399281,0.5978202224,-0.0235599224,1.0000000000
84,7.0670000000,right_hand,5,0.3990752399,0.6194671392,-0.0342953168,1.0000000000
85,7.1510000000,right_hand,5,0.3836354762,0.6174686849,-0.0417485312,1.0000000000
86,7.2350000000,right_hand,5,0.3681957126,0.6154702306,-0.0492017455,1.0000000000
87,7.3190000000,right_hand,5,0.3841538429,0.6115586758,-0.0306733083,1.0000000000
88,7.4030000000,right_hand,5,0.3989143372,0.6093378663,-0.0247890726,1.0000000000
89,7.4870000000,right_hand,5,0.4218035638,0.6019842625,-0.0550401397,1.0000000000
90,7.5710000000,right_hand,5,0.4434202909,0.5699726343,-0.0385021530,1.0000000000
91,7.6550000000,right_hand,5,0.4107918739,0.5755205750,-0.0500693619,1.0000000000
92,7.7400000000,right_hand,5,0.4172975421,0.5792107582,-0.0463477783,1.0000000000
93,7.8240000000,right_hand,5,0.4202954471,0.5888226032,-0.0496643484,1.0000000000
94,7.9080000000,right_hand,5,0.4204450548,0.6058831215,-0.0325013213,1.0000000000
95,7.9920000000,right_hand,5,0.4273468852,0.6263795495,-0.0294206217,1.0000000000
96,8.0760000000,right_hand,5,0.4111260772,0.6000753045,-0.0426154062,1.0000000000
97,8.1600000000,right_hand,5,0.4121154547,0.6005784273,-0.0306017771,1.0000000000
98,8.2440000000,right_hand,5,0.4127634764,0.5933786035,-0.0287536792,1.0000000000
99,8.3280000000,right_hand,5,0.4139859676,0.5987623930,-0.0258598831,1.0000000000
100,8.4130000000,right_hand,5,0.4157133400,0.6021939516,-0.0279027820,1.0000000000
101,8.4970000000,right_hand,5,0.4163687825,0.5996618867,-0.0221696366,1.0000000000
102,8.5810000000,right_hand,5,0.4183633626,0.5871233344,-0.0218958929,1.0000000000
103,8.6650000000,right_hand,5,0.4173484147,0.5848293304,-0.0189729594,1.0000000000
104,8.7490000000,right_hand,5,0.4352448285,0.6219752431,-0.0079166684,1.0000000000
105,8.8330000000,right_hand,5,0.4356691837,0.5926064849,-0.0123743424,1.0000000000
106,8.9170000000,right_hand,5,0.4287311733,0.5645840168,-0.0309448875,1.0000000000
107,9.0010000000,right_hand,5,0.4281742871,0.5512052178,-0.0379954763,1.0000000000
108,9.0860000000,right_hand,5,0.4316299260,0.5324203372,-0.0510029979,1.0000000000
109,9.1700000000,right_hand,5,0.4376868308,0.5347913504,-0.0440806560,1.0000000000
110,9.2540000000,right_hand,5,0.4406039715,0.5276606083,-0.0446372628,1.0000000000
111,9.3380000000,right_hand,5,0.4411377311,0.5504528284,-0.0375766531,1.0000000000
112,9.4220000000,right_hand,5,0.4398473799,0.5662935376,-0.0291964002,1.0000000000
113,9.5060000000,right_hand,5,0.4347218275,0.6217995882,-0.0271622948,1.0000000000
114,9.5900000000,right_hand,5,0.4352559447,0.6419957876,-0.0185098164,1.0000000000
115,9.6740000000,right_hand,5,0.4339022636,0.6462086439,-0.0227952003,1.0000000000
116,9.7590000000,right_hand,5,0.4386361241,0.6439000368,-0.0111168623,1.0000000000
117,9.8430000000,right_hand,5,0.4397701621,0.6034020782,-0.0091703534,1.0000000000
118,9.9270000000,right_hand,5,0.4386469424,0.5967553854,-0.0152273048,1.0000000000
119,10.0110000000,right_hand,5,0.4379295558,0.5979641378,-0.0232287701,1.0000000000
120,10.0950000000,right_hand,5,0.4372121692,0.5991728902,-0.0312302355,1.0000000000
121,10.1790000000,right_hand,5,0.4235901833,0.5986354351,-0.0319753848,1.0000000000
122,10.2630000000,right_hand,5,0.4441146851,0.6170473695,-0.0120028676,1.0000000000
123,10.3470000000,right_hand,5,0.4370812476,0.5965342522,-0.0174162015,1.0000000000
124,10.4320000000,right_hand,5,0.4354469478,0.5843513012,-0.0215694308,1.0000000000
125,10.5160000000,right_hand,5,0.4366661310,0.5846331120,-0.0119270207,1.0000000000
126,10.6000000000,right_hand,5,0.4368166327,0.5861659050,-0.0107154334,1.0000000000
127,10.6840000000,right_hand,5,0.4380695522,0.6097106338,-0.0145030245,1.0000000000
128,10.7680000000,right_hand,5,0.6346089244,0.6189523339,-0.0148900095,1.0000000000
129,10.8520000000,right_hand,5,0.4347555041,0.6270028949,-0.0113527197,1.0000000000
130,10.9360000000,right_hand,5,0.6445906162,0.6363176107,-0.0273601674,1.0000000000
131,11.0200000000,right_hand,5,0.5449379385,0.5980071127,-0.0287326556,1.0000000000
132,11.1050000000,right_hand,5,0.4452852607,0.5596966147,-0.0301051438,1.0000000000
133,11.1890000000,right_hand,5,0.4361132085,0.5870075822,-0.0153805055,1.0000000000
134,11.2730000000,right_hand,5,0.4394765198,0.5551239848,-0.0241054893,1.0000000000
135,11.3570000000,right_hand,5,0.4410675168,0.5543779731,-0.0175301805,1.0000000000
136,11.4410000000,right_hand,5,0.6285858154,0.6150185466,-0.0337870754,1.0000000000
137,11.5250000000,right_hand,5,0.6273242831,0.6278090477,-0.0273828283,1.0000000000
138,11.6090000000,right_hand,5,0.6259551048,0.5866827965,-0.0225067455,1.0000000000
139,11.6930000000,right_hand,5,0.4410216808,0.5606964231,-0.0144174350,1.0000000000
140,11.7780000000,right_hand,5,0.4377525747,0.5686662197,-0.0123179667,1.0000000000
141,11.8620000000,right_hand,5,0.4225871861,0.5472167134,-0.0269710831,1.0000000000
142,11.9460000000,right_hand,5,0.4154577255,0.5338358283,-0.0323832110,1.0000000000
60,5.0480000000,right_hand,6,0.4769133329,0.5827960968,-0.0340020470,1.0000000000
61,5.1320000000,right_hand,6,0.4748300016,0.5785425901,-0.0375568494,1.0000000000
62,5.2160000000,right_hand,6,0.4731190205,0.5834558606,-0.0257748011,1.0000000000
63,5.3000000000,right_hand,6,0.4724775851,0.5647071600,-0.0187942572,1.0000000000
64,5.3840000000,right_hand,6,0.4780616164,0.5769449472,-0.0358723924,1.0000000000
65,5.4680000000,right_hand,6,0.4837188721,0.5816116333,-0.0182742458,1.0000000000
66,5.5520000000,right_hand,6,0.4803258479,0.5834352374,-0.0286876746,1.0000000000
67,5.6360000000,right_hand,6,0.4724536538,0.5671878457,-0.0364956856,1.0000000000
68,5.7210000000,right_hand,6,0.4832996726,0.5703732967,-0.0244457759,1.0000000000
69,5.8050000000,right_hand,6,0.4829598069,0.5802012682,-0.0302309990,1.0000000000
70,5.8890000000,right_hand,6,0.4827837944,0.5932841301,-0.0291873924,1.0000000000
71,5.9730000000,right_hand,6,0.4886361063,0.5722034574,-0.0239371732,1.0000000000
72,6.0570000000,right_hand,6,0.4896230400,0.5491380095,-0.0280626826,1.0000000000
73,6.1410000000,right_hand,6,0.4912689328,0.5436010361,-0.0391382389,1.0000000000
74,6.2250000000,right_hand,6,0.4800355136,0.5633252859,-0.0236448105,1.0000000000
75,6.3090000000,right_hand,6,0.4859360754,0.5618190765,-0.0293120965,1.0000000000
76,6.3940000000,right_hand,6,0.5947344303,0.5682371855,-0.0401112512,1.0000000000
77,6.4780000000,right_hand,6,0.4771698713,0.5790323615,-0.0472222492,1.0000000000
78,6.5620000000,right_hand,6,0.4681118429,0.5904664397,-0.0585743561,1.0000000000
79,6.6460000000,right_hand,6,0.4616416097,0.5966519117,-0.0512281507,1.0000000000
80,6.7300000000,right_hand,6,0.5971737504,0.5576283932,-0.0417199731,1.0000000000
81,6.8140000000,right_hand,6,0.4539337754,0.6120135784,-0.0285282992,1.0000000000
82,6.8980000000,right_hand,6,0.4420824945,0.6004114747,-0.0588995926,1.0000000000
83,6.9820000000,right_hand,6,0.4367806613,0.5723073483,-0.0354310386,1.0000000000
84,7.0670000000,right_hand,6,0.4164319038,0.5900484324,-0.0429080166,1.0000000000
85,7.1510000000,right_hand,6,0.4066403806,0.5878157020,-0.0536793526,1.0000000000
86,7.2350000000,right_hand,6,0.3968488574,0.5855829716,-0.0644506887,1.0000000000
87,7.3190000000,right_hand,6,0.4187951386,0.6136019826,-0.0374087617,1.0000000000
88,7.4030000000,right_hand,6,0.4298829138,0.6099681854,-0.0332373753,1.0000000000
89,7.4870000000,right_hand,6,0.4423777163,0.6025874615,-0.0735449046,1.0000000000
90,7.5710000000,right_hand,6,0.4658871293,0.5790004730,-0.0553388074,1.0000000000
91,7.6550000000,right_hand,6,0.4526396990,0.5800070167,-0.0670704693,1.0000000000
92,7.7400000000,right_hand,6,0.4083093107,0.5763130784,-0.0721417740,1.0000000000
93,7.8240000000,right_hand,6,0.4404815435,0.5982016325,-0.0770651251,1.0000000000
94,7.9080000000,right_hand,6,0.4438919723,0.6037856340,-0.0433643088,1.0000000000
95,7.9920000000,right_hand,6,0.4591169059,0.6173239350,-0.0329064317,1.0000000000
96,8.0760000000,right_hand,6,0.4510194957,0.6063657403,-0.0573563278,1.0000000000
97,8.1600000000,right_hand,6,0.4451805055,0.6116249561,-0.0396961905,1.0000000000
98,8.2440000000,right_hand,6,0.4502114356,0.6120323539,-0.0371364467,1.0000000000
99,8.3280000000,right_hand,6,0.4473569393,0.6099699140,-0.0338149816,1.0000000000
100,8.4130000000,right_hand,6,0.4533032477,0.6150825620,-0.0360909402,1.0000000000
101,8.4970000000,right_hand,6,0.4516664445,0.6146839857,-0.0280378144,1.0000000000
102,8.5810000000,right_hand,6,0.4521508813,0.6032260656,-0.0280193426,1.0000000000
103,8.6650000000,right_hand,6,0.4506560266,0.5962320566,-0.0246450268,1.0000000000
104,8.7490000000,right_hand,6,0.4640848935,0.6251446605,-0.0093085459,1.0000000000
105,8.8330000000,right_hand,6,0.4655043185,0.5830865502,-0.0207810923,1.0000000000
106,8.9170000000,right_hand,6,0.4628739953,0.5485253334,-0.0428459942,1.0000000000
107,9.0010000000,right_hand,6,0.4573993087,0.5270001888,-0.0543638244,1.0000000000
108,9.0860000000,right_hand,6,0.4658122957,0.5285150409,-0.0713925585,1.0000000000
109,9.1700000000,right_hand,6,0.4751807749,0.5276193023,-0.0633308068,1.0000000000
110,9.2540000000,right_hand,6,0.4828437865,0.5208039284,-0.0622433610,1.0000000000
111,9.3380000000,right_hand,6,0.4765591621,0.5382483006,-0.0522629768,1.0000000000
112,9.4220000000,right_hand,6,0.4673188925,0.5649713874,-0.0398293473,1.0000000000
113,9.5060000000,right_hand,6,0.4614684880,0.6233525872,-0.0368246958,1.0000000000
114,9.5900000000,right_hand,6,0.4571747184,0.6449921727,-0.0245904624,1.0000000000
115,9.6740000000,right_hand,6,0.4573531449,0.6491088271,-0.0298795868,1.0000000000
116,9.7590000000,right_hand,6,0.4579376578,0.6446669102,-0.0157632027,1.0000000000
117,9.8430000000,right_hand,6,0.4577774704,0.6047972441,-0.0144303869,1.0000000000
118,9.9270000000,right_hand,6,0.4579644501,0.5961926579,-0.0216762461,1.0000000000
119,10.0110000000,right_hand,6,0.4608806819,0.6025121808,-0.0322177894,1.0000000000
120,10.0950000000,right_hand,6,0.4637969136,0.6088317037,-0.0427593328,1.0000000000
121,10.1790000000,right_hand,6,0.4506413937,0.6097849607,-0.0415124856,1.0000000000
122,10.2630000000,right_hand,6,0.4718662798,0.6113158464,-0.0153359417,1.0000000000
123,10.3470000000,right_hand,6,0.4639461339,0.6067889333,-0.0236073900,1.0000000000
124,10.4320000000,right_hand,6,0.4635668099,0.5921410918,-0.0310068056,1.0000000000
125,10.5160000000,right_hand,6,0.4619778097,0.5977912545,-0.0162116792,1.0000000000
126,10.6000000000,right_hand,6,0.4613394737,0.5988589525,-0.0155579764,1.0000000000
127,10.6840000000,right_hand,6,0.4593403935,0.6237087250,-0.0203367695,1.0000000000
128,10.7680000000,right_hand,6,0.6132885814,0.6470223069,-0.0220366102,1.0000000000
129,10.8520000000,right_hand,6,0.4565759897,0.6412917972,-0.0175973456,1.0000000000
130,10.9360000000,right_hand,6,0.6248541474,0.6572307348,-0.0370194688,1.0000000000
131,11.0200000000,right_hand,6,0.5523642749,0.6206309795,-0.0383776538,1.0000000000
132,11.1050000000,right_hand,6,0.4798744023,0.5840312243,-0.0397358388,1.0000000000
133,11.1890000000,right_hand,6,0.4630667269,0.6103228331,-0.0200525708,1.0000000000
134,11.2730000000,right_hand,6,0.4695692062,0.5808566213,-0.0340639576,1.0000000000
135,11.3570000000,right_hand,6,0.4680292010,0.5708433986,-0.0250526071,1.0000000000
136,11.4410000000,right_hand,6,0.6029133797,0.6245589256,-0.0409175307,1.0000000000
137,11.5250000000,right_hand,6,0.5944107175,0.6423758268,-0.0341116041,1.0000000000
138,11.6090000000,right_hand,6,0.5973852873,0.5977375507,-0.0312309731,1.0000000000
139,11.6930000000,right_hand,6,0.4692724645,0.5716793537,-0.0197849385,1.0000000000
140,11.7780000000,right_hand,6,0.4712291360,0.5843686461,-0.0145195583,1.0000000000
141,11.8620000000,right_hand,6,0.4584226310,0.5521013737,-0.0371922553,1.0000000000
142,11.9460000000,right_hand,6,0.4519480169,0.5474969745,-0.0452325568,1.0000000000
60,5.0480000000,right_hand,7,0.4950960577,0.5806172490,-0.0360271037,1.0000000000
61,5.1320000000,right_hand,7,0.4916650355,0.5765799880,-0.0389758907,1.0000000000
62,5.2160000000,right_hand,7,0.4876744151,0.5837618709,-0.0267499574,1.0000000000
63,5.3000000000,right_hand,7,0.4876539409,0.5776396394,-0.0223383941,1.0000000000
64,5.3840000000,right_hand,7,0.4953029156,0.5894901156,-0.0398187041,1.0000000000
65,5.4680000000,right_hand,7,0.5010983944,0.5901903510,-0.0207046755,1.0000000000
66,5.5520000000,right_hand,7,0.4973500669,0.5927924514,-0.0304618701,1.0000000000
67,5.6360000000,right_hand,7,0.4897202849,0.5864351988,-0.0403616540,1.0000000000
68,5.7210000000,right_hand,7,0.5000672936,0.5853813291,-0.0276568457,1.0000000000
69,5.8050000000,right_hand,7,0.4997513592,0.5923065543,-0.0317594446,1.0000000000
70,5.8890000000,right_hand,7,0.4998590946,0.5991734266,-0.0293255616,1.0000000000
71,5.9730000000,right_hand,7,0.4963037670,0.5621623397,-0.0223158561,1.0000000000
72,6.0570000000,right_hand,7,0.5091967583,0.5307407975,-0.0307143070,1.0000000000
73,6.1410000000,right_hand,7,0.5138225555,0.5275104642,-0.0396069735,1.0000000000
74,6.2250000000,right_hand,7,0.5002250075,0.5505864024,-0.0237572324,1.0000000000
75,6.3090000000,right_hand,7,0.5080568194,0.5469081402,-0.0290191043,1.0000000000
76,6.3940000000,right_hand,7,0.5753557682,0.5469788313,-0.0427181758,1.0000000000
77,6.4780000000,right_hand,7,0.4969895482,0.5577863455,-0.0497509427,1.0000000000
78,6.5620000000,right_hand,7,0.4923017621,0.5715678930,-0.0602091625,1.0000000000
79,6.6460000000,right_hand,7,0.4848182201,0.5783804059,-0.0524598658,1.0000000000
80,6.7300000000,right_hand,7,0.5760163069,0.5371828079,-0.0437778085,1.0000000000
81,6.8140000000,right_hand,7,0.4739138484,0.5922732353,-0.0327973329,1.0000000000
82,6.8980000000,right_hand,7,0.4599227309,0.5787597299,-0.0659424663,1.0000000000
83,6.9820000000,right_hand,7,0.4476346970,0.5590935349,-0.0422967747,1.0000000000
84,7.0670000000,right_hand,7,0.4304905236,0.5744357109,-0.0440275483,1.0000000000
85,7.1510000000,right_hand,7,0.4205482900,0.5699663460,-0.0566604678,1.0000000000
86,7.2350000000,right_hand,7,0.4106060565,0.5654969811,-0.0692933872,1.0000000000
87,7.3190000000,right_hand,7,0.4280032218,0.6051635146,-0.0352712572,1.0000000000
88,7.4030000000,right_hand,7,0.4336451888,0.6032696366,-0.0346867070,1.0000000000
89,7.4870000000,right_hand,7,0.4568423629,0.6027522087,-0.0839800090,1.0000000000
90,7.5710000000,right_hand,7,0.4829212427,0.5840670466,-0.0647117570,1.0000000000
91,7.6550000000,right_hand,7,0.4802973568,0.5852001309,-0.0750153959,1.0000000000
92,7.7400000000,right_hand,7,0.4029668868,0.5805197954,-0.0885172337,1.0000000000
93,7.8240000000,right_hand,7,0.4585387111,0.5962148905,-0.0962387994,1.0000000000
94,7.9080000000,right_hand,7,0.4607820511,0.5970145464,-0.0470174104,1.0000000000
95,7.9920000000,right_hand,7,0.4737941623,0.6021565795,-0.0294766258,1.0000000000
96,8.0760000000,right_hand,7,0.4733817577,0.6012682319,-0.0623329319,1.0000000000
97,8.1600000000,right_hand,7,0.4634864330,0.6118144393,-0.0411626659,1.0000000000
98,8.2440000000,right_hand,7,0.4693063796,0.6130415797,-0.0374265797,1.0000000000
99,8.3280000000,right_hand,7,0.4654504657,0.6121873856,-0.0352496840,1.0000000000
100,8.4130000000,right_hand,7,0.4742210209,0.6189794540,-0.0374012552,1.0000000000
101,8.4970000000,right_hand,7,0.4715286195,0.6165907383,-0.0281289611,1.0000000000
102,8.5810000000,right_hand,7,0.4713694155,0.6088272333,-0.0279596895,1.0000000000
103,8.6650000000,right_hand,7,0.4688993692,0.6010004878,-0.0245699901,1.0000000000
104,8.7490000000,right_hand,7,0.4766748548,0.6195599437,-0.0089570060,1.0000000000
105,8.8330000000,right_hand,7,0.4818698764,0.5800697803,-0.0249354057,1.0000000000
106,8.9170000000,right_hand,7,0.4833044410,0.5464891791,-0.0468803011,1.0000000000
107,9.0010000000,right_hand,7,0.4824153781,0.5264015198,-0.0626628920,1.0000000000
108,9.0860000000,right_hand,7,0.4905654490,0.5281761885,-0.0823718384,1.0000000000
109,9.1700000000,right_hand,7,0.5010437369,0.5317688584,-0.0734763518,1.0000000000
110,9.2540000000,right_hand,7,0.5087428093,0.5289705992,-0.0699907616,1.0000000000
111,9.3380000000,right_hand,7,0.5004975200,0.5399708152,-0.0577339046,1.0000000000
112,9.4220000000,right_hand,7,0.4837213457,0.5672892928,-0.0425837412,1.0000000000
113,9.5060000000,right_hand,7,0.4783468246,0.6253635883,-0.0398984589,1.0000000000
114,9.5900000000,right_hand,7,0.4693917036,0.6458270550,-0.0265947469,1.0000000000
115,9.6740000000,right_hand,7,0.4703729749,0.6479959488,-0.0312660821,1.0000000000
116,9.7590000000,right_hand,7,0.4698353410,0.6436402202,-0.0179066788,1.0000000000
117,9.8430000000,right_hand,7,0.4692361951,0.6068454981,-0.0169944372,1.0000000000
118,9.9270000000,right_hand,7,0.4709832072,0.5985137820,-0.0246735122,1.0000000000
119,10.0110000000,right_hand,7,0.4740047157,0.6032917798,-0.0357988952,1.0000000000
120,10.0950000000,right_hand,7,0.4770262241,0.6080697775,-0.0469242781,1.0000000000
121,10.1790000000,right_hand,7,0.4663452506,0.6121710539,-0.0442964062,1.0000000000
122,10.2630000000,right_hand,7,0.4850818813,0.6033874750,-0.0150389932,1.0000000000
123,10.3470000000,right_hand,7,0.4775727689,0.6079148054,-0.0255995598,1.0000000000
124,10.4320000000,right_hand,7,0.4814233184,0.5990034342,-0.0350432917,1.0000000000
125,10.5160000000,right_hand,7,0.4763391316,0.6078060865,-0.0169904530,1.0000000000
126,10.6000000000,right_hand,7,0.4752604067,0.6088504791,-0.0172880534,1.0000000000
127,10.6840000000,right_hand,7,0.4730195403,0.6323465705,-0.0226826202,1.0000000000
128,10.7680000000,right_hand,7,0.6000502706,0.6627321839,-0.0253804289,1.0000000000
129,10.8520000000,right_hand,7,0.4702852070,0.6507355571,-0.0208878648,1.0000000000
130,10.9360000000,right_hand,7,0.6116756201,0.6681883335,-0.0411515497,1.0000000000
131,11.0200000000,right_hand,7,0.5539245307,0.6326779723,-0.0411167089,1.0000000000
132,11.1050000000,right_hand,7,0.4961734414,0.5971676111,-0.0410818681,1.0000000000
133,11.1890000000,right_hand,7,0.4777028561,0.6199737191,-0.0213700812,1.0000000000
134,11.2730000000,right_hand,7,0.4889671803,0.5976592898,-0.0382431969,1.0000000000
135,11.3570000000,right_hand,7,0.4837330282,0.5854129195,-0.0278518684,1.0000000000
136,11.4410000000,right_hand,7,0.5912393928,0.6328164339,-0.0408941470,1.0000000000
137,11.5250000000,right_hand,7,0.5919311643,0.6453365684,-0.0327748582,1.0000000000
138,11.6090000000,right_hand,7,0.5892819166,0.6059644222,-0.0341334082,1.0000000000
139,11.6930000000,right_hand,7,0.4844444990,0.5798109770,-0.0210489891,1.0000000000
140,11.7780000000,right_hand,7,0.4866758287,0.5894612670,-0.0118370932,1.0000000000
141,11.8620000000,right_hand,7,0.4787226915,0.5645939708,-0.0404747762,1.0000000000
142,11.9460000000,right_hand,7,0.4716739357,0.5663236976,-0.0501647145,1.0000000000
60,5.0480000000,right_hand,8,0.5065474510,0.5753717422,-0.0362147205,1.0000000000
61,5.1320000000,right_hand,8,0.5019140244,0.5688850284,-0.0386344790,1.0000000000
62,5.2160000000,right_hand,8,0.4965402484,0.5804930329,-0.0270413980,1.0000000000
63,5.3000000000,right_hand,8,0.4976175725,0.5878204703,-0.0240653399,1.0000000000
64,5.3840000000,right_hand,8,0.5072976351,0.5961609483,-0.0417712182,1.0000000000
65,5.4680000000,right_hand,8,0.5138105750,0.5934486389,-0.0217784252,1.0000000000
66,5.5520000000,right_hand,8,0.5092126727,0.5955248475,-0.0305225533,1.0000000000
67,5.6360000000,right_hand,8,0.5021194220,0.6016435623,-0.0419207700,1.0000000000
68,5.7210000000,right_hand,8,0.5122468472,0.5941755772,-0.0289063342,1.0000000000
69,5.8050000000,right_hand,8,0.5115006566,0.5941175222,-0.0323058069,1.0000000000
70,5.8890000000,right_hand,8,0.5110218525,0.5967390537,-0.0280455295,1.0000000000
71,5.9730000000,right_hand,8,0.4941839278,0.5567580462,-0.0191320777,1.0000000000
72,6.0570000000,right_hand,8,0.5216880441,0.5169259310,-0.0312217865,1.0000000000
73,6.1410000000,right_hand,8,0.5281817913,0.5115783215,-0.0380509384,1.0000000000
74,6.2250000000,right_hand,8,0.5135636926,0.5390701294,-0.0229934771,1.0000000000
75,6.3090000000,right_hand,8,0.5226852894,0.5340441465,-0.0272900630,1.0000000000
76,6.3940000000,right_hand,8,0.5620738268,0.5310741067,-0.0425935686,1.0000000000
77,6.4780000000,right_hand,8,0.5100045204,0.5391415954,-0.0497926027,1.0000000000
78,6.5620000000,right_hand,8,0.5083134770,0.5543994308,-0.0593191795,1.0000000000
79,6.6460000000,right_hand,8,0.5011672974,0.5616760850,-0.0518983975,1.0000000000
80,6.7300000000,right_hand,8,0.5608664751,0.5236216784,-0.0433859490,1.0000000000
81,6.8140000000,right_hand,8,0.4882932603,0.5717527270,-0.0346772745,1.0000000000
82,6.8980000000,right_hand,8,0.4745898247,0.5589043498,-0.0699939355,1.0000000000
83,6.9820000000,right_hand,8,0.4569765925,0.5459735394,-0.0465743318,1.0000000000
84,7.0670000000,right_hand,8,0.4408650696,0.5617403388,-0.0444548838,1.0000000000
85,7.1510000000,right_hand,8,0.4301853031,0.5562729239,-0.0579276476,1.0000000000
86,7.2350000000,right_hand,8,0.4195055366,0.5508055091,-0.0714004114,1.0000000000
87,7.3190000000,right_hand,8,0.4267328382,0.5976126790,-0.0316601396,1.0000000000
88,7.4030000000,right_hand,8,0.4306242168,0.5979546309,-0.0337391272,1.0000000000
89,7.4870000000,right_hand,8,0.4656188190,0.6011453271,-0.0904415399,1.0000000000
90,7.5710000000,right_hand,8,0.4958404899,0.5874446630,-0.0703925937,1.0000000000
91,7.6550000000,right_hand,8,0.5008069277,0.5862978101,-0.0793242529,1.0000000000
92,7.7400000000,right_hand,8,0.3976335526,0.5874773860,-0.0987293497,1.0000000000
93,7.8240000000,right_hand,8,0.4685941935,0.5888262987,-0.1082424670,1.0000000000
94,7.9080000000,right_hand,8,0.4710170925,0.5888040066,-0.0485643893,1.0000000000
95,7.9920000000,right_hand,8,0.4814282954,0.5870217681,-0.0260673705,1.0000000000
96,8.0760000000,right_hand,8,0.4889873862,0.5907205939,-0.0634518787,1.0000000000
97,8.1600000000,right_hand,8,0.4748716354,0.6065180898,-0.0404156707,1.0000000000
98,8.2440000000,right_hand,8,0.4807251692,0.6086921692,-0.0354919545,1.0000000000
99,8.3280000000,right_hand,8,0.4782349467,0.6128615141,-0.0349585041,1.0000000000
100,8.4130000000,right_hand,8,0.4892367721,0.6205581427,-0.0368176885,1.0000000000
101,8.4970000000,right_hand,8,0.4852763414,0.6143816710,-0.0270934254,1.0000000000
102,8.5810000000,right_hand,8,0.4840946198,0.6102367043,-0.0268120710,1.0000000000
103,8.6650000000,right_hand,8,0.4813759923,0.6030784845,-0.0235289298,1.0000000000
104,8.7490000000,right_hand,8,0.4848542213,0.6126119494,-0.0082597164,1.0000000000
105,8.8330000000,right_hand,8,0.4949755371,0.5794517398,-0.0266700704,1.0000000000
106,8.9170000000,right_hand,8,0.4974418879,0.5466579795,-0.0479214117,1.0000000000
107,9.0010000000,right_hand,8,0.5014511943,0.5279795527,-0.0670682415,1.0000000000
108,9.0860000000,right_hand,8,0.5094125271,0.5292621851,-0.0891748741,1.0000000000
109,9.1700000000,right_hand,8,0.5193346143,0.5346100330,-0.0791142061,1.0000000000
110,9.2540000000,right_hand,8,0.5263664126,0.5350695252,-0.0739514455,1.0000000000
111,9.3380000000,right_hand,8,0.5169990659,0.5396541357,-0.0605462156,1.0000000000
112,9.4220000000,right_hand,8,0.4952782989,0.5669131875,-0.0438356288,1.0000000000
113,9.5060000000,right_hand,8,0.4894878268,0.6258537173,-0.0409562960,1.0000000000
114,9.5900000000,right_hand,8,0.4778757393,0.6451700330,-0.0270865113,1.0000000000
115,9.6740000000,right_hand,8,0.4785017073,0.6456806064,-0.0310235210,1.0000000000
116,9.7590000000,right_hand,8,0.4780370593,0.6418186426,-0.0188772604,1.0000000000
117,9.8430000000,right_hand,8,0.4781447053,0.6082105041,-0.0184267387,1.0000000000
118,9.9270000000,right_hand,8,0.4806231558,0.6013696790,-0.0262209829,1.0000000000
119,10.0110000000,right_hand,8,0.4828083217,0.6029604375,-0.0372479865,1.0000000000
120,10.0950000000,right_hand,8,0.4849934876,0.6045511961,-0.0482749902,1.0000000000
121,10.1790000000,right_hand,8,0.4760334194,0.6112598181,-0.0449766517,1.0000000000
122,10.2630000000,right_hand,8,0.4926683605,0.5962896347,-0.0141913388,1.0000000000
123,10.3470000000,right_hand,8,0.4857221246,0.6055501699,-0.0259256549,1.0000000000
124,10.4320000000,right_hand,8,0.4940186143,0.6040386558,-0.0367380902,1.0000000000
125,10.5160000000,right_hand,8,0.4860338271,0.6140888333,-0.0169189647,1.0000000000
126,10.6000000000,right_hand,8,0.4848017991,0.6156114936,-0.0177796911,1.0000000000
127,10.6840000000,right_hand,8,0.4821849167,0.6375669837,-0.0237048361,1.0000000000
128,10.7680000000,right_hand,8,0.5898671150,0.6738780737,-0.0271196291,1.0000000000
129,10.8520000000,right_hand,8,0.4798374176,0.6566406488,-0.0223301463,1.0000000000
130,10.9360000000,right_hand,8,0.6009199619,0.6742056012,-0.0434163585,1.0000000000
131,11.0200000000,right_hand,8,0.5541816354,0.6380562782,-0.0419716332,1.0000000000
132,11.1050000000,right_hand,8,0.5074433088,0.6019069552,-0.0405269079,1.0000000000
133,11.1890000000,right_hand,8,0.4884334803,0.6242602468,-0.0216129553,1.0000000000
134,11.2730000000,right_hand,8,0.5025449991,0.6084780097,-0.0400860421,1.0000000000
135,11.3570000000,right_hand,8,0.4942643344,0.5952406526,-0.0289962683,1.0000000000
136,11.4410000000,right_hand,8,0.5841873884,0.6371717453,-0.0405040570,1.0000000000
137,11.5250000000,right_hand,8,0.5965307355,0.6454452872,-0.0304533988,1.0000000000
138,11.6090000000,right_hand,8,0.5883772373,0.6100432277,-0.0348491408,1.0000000000
139,11.6930000000,right_hand,8,0.4936003089,0.5841162205,-0.0209373161,1.0000000000
140,11.7780000000,right_hand,8,0.4949797392,0.5914028883,-0.0088047776,1.0000000000
141,11.8620000000,right_hand,8,0.4919745922,0.5760737062,-0.0412197746,1.0000000000
142,11.9460000000,right_hand,8,0.4839797020,0.5812845826,-0.0524896011,1.0000000000
60,5.0480000000,right_hand,9,0.4459530413,0.6079086065,-0.0242421050,1.0000000000
61,5.1320000000,right_hand,9,0.4448790550,0.6003311276,-0.0269204974,1.0000000000
62,5.2160000000,right_hand,9,0.4407441020,0.5970668793,-0.0188327227,1.0000000000
63,5.3000000000,right_hand,9,0.4457198381,0.5704383850,-0.0138273602,1.0000000000
64,5.3840000000,right_hand,9,0.4412599802,0.5786343813,-0.0281466320,1.0000000000
65,5.4680000000,right_hand,9,0.4522178471,0.5840736628,-0.0127947163,1.0000000000
66,5.5520000000,right_hand,9,0.4423512518,0.5860648751,-0.0220141001,1.0000000000
67,5.6360000000,right_hand,9,0.4373957813,0.5762524009,-0.0259807054,1.0000000000
68,5.7210000000,right_hand,9,0.4503346980,0.5745179057,-0.0182983782,1.0000000000
69,5.8050000000,right_hand,9,0.4414570928,0.5713400245,-0.0246408582,1.0000000000
70,5.8890000000,right_hand,9,0.4434528053,0.5903702974,-0.0206041355,1.0000000000
71,5.9730000000,right_hand,9,0.4510404766,0.6067489982,-0.0190890636,1.0000000000
72,6.0570000000,right_hand,9,0.4500281215,0.5911481380,-0.0185754821,1.0000000000
73,6.1410000000,right_hand,9,0.4474506378,0.5976281166,-0.0303183831,1.0000000000
74,6.2250000000,right_hand,9,0.4433590472,0.6074468493,-0.0184993241,1.0000000000
75,6.3090000000,right_hand,9,0.4444034994,0.6104726791,-0.0235386398,1.0000000000
76,6.3940000000,right_hand,9,0.6235780716,0.6318138242,-0.0280785747,1.0000000000
77,6.4780000000,right_hand,9,0.4364760518,0.6307128072,-0.0332347266,1.0000000000
78,6.5620000000,right_hand,9,0.4242189527,0.6420525312,-0.0415333360,1.0000000000
79,6.6460000000,right_hand,9,0.4198594391,0.6554801464,-0.0366991535,1.0000000000
80,6.7300000000,right_hand,9,0.6308024526,0.6245945096,-0.0321237966,1.0000000000
81,6.8140000000,right_hand,9,0.4198594391,0.6516391039,-0.0204064250,1.0000000000
82,6.8980000000,right_hand,9,0.4146953821,0.6469944715,-0.0431356318,1.0000000000
83,6.9820000000,right_hand,9,0.4225627780,0.6231089830,-0.0245212168,1.0000000000
84,7.0670000000,right_hand,9,0.4087685943,0.6480041742,-0.0317988433,1.0000000000
85,7.1510000000,right_hand,9,0.3914645016,0.6494648159,-0.0387601331,1.0000000000
86,7.2350000000,right_hand,9,0.3741604090,0.6509254575,-0.0457214229,1.0000000000
87,7.3190000000,right_hand,9,0.3837405145,0.6425194144,-0.0253961775,1.0000000000
88,7.4030000000,right_hand,9,0.3987181783,0.6358635426,-0.0212715361,1.0000000000
89,7.4870000000,right_hand,9,0.4235337675,0.6302573085,-0.0456275567,1.0000000000
90,7.5710000000,right_hand,9,0.4471839368,0.6058631539,-0.0314248540,1.0000000000
91,7.6550000000,right_hand,9,0.4048628509,0.6203721166,-0.0476818569,1.0000000000
92,7.7400000000,right_hand,9,0.4122916162,0.6196415424,-0.0460530147,1.0000000000
93,7.8240000000,right_hand,9,0.4202312231,0.6249770522,-0.0510931052,1.0000000000
94,7.9080000000,right_hand,9,0.4181198776,0.6416664720,-0.0319017209,1.0000000000
95,7.9920000000,right_hand,9,0.4243547916,0.6564930081,-0.0230799709,1.0000000000
96,8.0760000000,right_hand,9,0.4083450437,0.6336323619,-0.0383322760,1.0000000000
97,8.1600000000,right_hand,9,0.4086694419,0.6333276629,-0.0280109979,1.0000000000
98,8.2440000000,right_hand,9,0.4076474905,0.6255103350,-0.0272546615,1.0000000000
99,8.3280000000,right_hand,9,0.4125378728,0.6330318451,-0.0246994104,1.0000000000
100,8.4130000000,right_hand,9,0.4141870439,0.6344044209,-0.0261409227,1.0000000000
101,8.4970000000,right_hand,9,0.4151048064,0.6299799085,-0.0214787573,1.0000000000
102,8.5810000000,right_hand,9,0.4161978960,0.6223770380,-0.0210952684,1.0000000000
103,8.6650000000,right_hand,9,0.4160873890,0.6161020398,-0.0187881943,1.0000000000
104,8.7490000000,right_hand,9,0.4343186617,0.6397083402,-0.0075336108,1.0000000000
105,8.8330000000,right_hand,9,0.4358678460,0.6176723838,-0.0133091733,1.0000000000
106,8.9170000000,right_hand,9,0.4266268611,0.5929353237,-0.0327845849,1.0000000000
107,9.0010000000,right_hand,9,0.4232250750,0.5809947252,-0.0391797461,1.0000000000
108,9.0860000000,right_hand,9,0.4269047379,0.5639517903,-0.0559338070,1.0000000000
109,9.1700000000,right_hand,9,0.4311485589,0.5668613315,-0.0479006618,1.0000000000
110,9.2540000000,right_hand,9,0.4338229299,0.5653151870,-0.0481812917,1.0000000000
111,9.3380000000,right_hand,9,0.4351695478,0.5806373954,-0.0406792089,1.0000000000
112,9.4220000000,right_hand,9,0.4352119565,0.5912647247,-0.0330336764,1.0000000000
113,9.5060000000,right_hand,9,0.4299249947,0.6073073149,-0.0283592250,1.0000000000
114,9.5900000000,right_hand,9,0.4357439876,0.6207985282,-0.0174701493,1.0000000000
115,9.6740000000,right_hand,9,0.4325229228,0.6250243783,-0.0226743184,1.0000000000
116,9.7590000000,right_hand,9,0.4387044907,0.6295058727,-0.0104617039,1.0000000000
117,9.8430000000,right_hand,9,0.4398573637,0.6184179783,-0.0101376893,1.0000000000
118,9.9270000000,right_hand,9,0.4374497831,0.6148310900,-0.0154568059,1.0000000000
119,10.0110000000,right_hand,9,0.4363924414,0.6197031438,-0.0218245755,1.0000000000
120,10.0950000000,right_hand,9,0.4353350997,0.6245751977,-0.0281923451,1.0000000000
121,10.1790000000,right_hand,9,0.4211027920,0.6230447292,-0.0292735118,1.0000000000
122,10.2630000000,right_hand,9,0.4434437454,0.6412084699,-0.0092443572,1.0000000000
123,10.3470000000,right_hand,9,0.4351826310,0.6230131388,-0.0160193294,1.0000000000
124,10.4320000000,right_hand,9,0.4320557415,0.6071283817,-0.0228605717,1.0000000000
125,10.5160000000,right_hand,9,0.4312384427,0.6070420742,-0.0132050356,1.0000000000
126,10.6000000000,right_hand,9,0.4329044223,0.6068425775,-0.0124980826,1.0000000000
127,10.6840000000,right_hand,9,0.4325877130,0.6286852956,-0.0152771855,1.0000000000
128,10.7680000000,right_hand,9,0.6302881241,0.5988004208,-0.0165195279,1.0000000000
129,10.8520000000,right_hand,9,0.4309634864,0.6421478987,-0.0114235925,1.0000000000
130,10.9360000000,right_hand,9,0.6381254196,0.6077083349,-0.0258761272,1.0000000000
131,11.0200000000,right_hand,9,0.5379242450,0.5957436264,-0.0288429745,1.0000000000
132,11.1050000000,right_hand,9,0.4377230704,0.5837789178,-0.0318098217,1.0000000000
133,11.1890000000,right_hand,9,0.4339206815,0.6020531654,-0.0151608558,1.0000000000
134,11.2730000000,right_hand,9,0.4324157238,0.5823448300,-0.0263126548,1.0000000000
135,11.3570000000,right_hand,9,0.4357934892,0.5806682110,-0.0205790587,1.0000000000
136,11.4410000000,right_hand,9,0.6265184283,0.5840448737,-0.0290420838,1.0000000000
137,11.5250000000,right_hand,9,0.6261668801,0.5959202051,-0.0246973373,1.0000000000
138,11.6090000000,right_hand,9,0.6270198822,0.5875040293,-0.0241020881,1.0000000000
139,11.6930000000,right_hand,9,0.4380935133,0.5854375958,-0.0156678315,1.0000000000
140,11.7780000000,right_hand,9,0.4362824261,0.5995715857,-0.0125168320,1.0000000000
141,11.8620000000,right_hand,9,0.4200079441,0.5782647729,-0.0280469880,1.0000000000
142,11.9460000000,right_hand,9,0.4074654281,0.5614573359,-0.0367420800,1.0000000000
60,5.0480000000,right_hand,10,0.4799101353,0.6109259725,-0.0326800942,1.0000000000
61,5.1320000000,right_hand,10,0.4779421985,0.6058053374,-0.0344016701,1.0000000000
62,5.2160000000,right_hand,10,0.4699236155,0.6096796393,-0.0227115098,1.0000000000
63,5.3000000000,right_hand,10,0.4710170627,0.5876161456,-0.0193191171,1.0000000000
64,5.3840000000,right_hand,10,0.4740710855,0.6067888737,-0.0361562967,1.0000000000
65,5.4680000000,right_hand,10,0.4807778895,0.6055629849,-0.0155137908,1.0000000000
66,5.5520000000,right_hand,10,0.4730865061,0.6222933531,-0.0281220526,1.0000000000
67,5.6360000000,right_hand,10,0.4654447138,0.6166481376,-0.0332283974,1.0000000000
68,5.7210000000,right_hand,10,0.4801921546,0.6066516042,-0.0240911245,1.0000000000
69,5.8050000000,right_hand,10,0.4751289189,0.6113770604,-0.0304559153,1.0000000000
70,5.8890000000,right_hand,10,0.4794141650,0.6208960414,-0.0241691042,1.0000000000
71,5.9730000000,right_hand,10,0.4931984842,0.6021804214,-0.0257014092,1.0000000000
72,6.0570000000,right_hand,10,0.4942068458,0.5688805580,-0.0272433665,1.0000000000
73,6.1410000000,right_hand,10,0.4993708730,0.5712383389,-0.0404517055,1.0000000000
74,6.2250000000,right_hand,10,0.4908314645,0.5852220058,-0.0254257675,1.0000000000
75,6.3090000000,right_hand,10,0.4942632318,0.5856714845,-0.0334101431,1.0000000000
76,6.3940000000,right_hand,10,0.5851505399,0.5961517692,-0.0361103825,1.0000000000
77,6.4780000000,right_hand,10,0.4839204550,0.6044164896,-0.0461655520,1.0000000000
78,6.5620000000,right_hand,10,0.4774187505,0.6299153566,-0.0566599034,1.0000000000
79,6.6460000000,right_hand,10,0.4719324708,0.6368813515,-0.0492339134,1.0000000000
80,6.7300000000,right_hand,10,0.5871928334,0.5820988417,-0.0412700139,1.0000000000
81,6.8140000000,right_hand,10,0.4616029859,0.6281134486,-0.0295689739,1.0000000000
82,6.8980000000,right_hand,10,0.4539704025,0.6173056364,-0.0619754456,1.0000000000
83,6.9820000000,right_hand,10,0.4509933591,0.5934351087,-0.0375070013,1.0000000000
84,7.0670000000,right_hand,10,0.4298052788,0.6122666001,-0.0427644998,1.0000000000
85,7.1510000000,right_hand,10,0.4186133593,0.6153677106,-0.0510038882,1.0000000000
86,7.2350000000,right_hand,10,0.4074214399,0.6184688210,-0.0592432767,1.0000000000
87,7.3190000000,right_hand,10,0.4219591022,0.6439740062,-0.0311992187,1.0000000000
88,7.4030000000,right_hand,10,0.4349226058,0.6374090314,-0.0295908134,1.0000000000
89,7.4870000000,right_hand,10,0.4452143312,0.6358102560,-0.0639428422,1.0000000000
90,7.5710000000,right_hand,10,0.4712482393,0.6080598831,-0.0470925756,1.0000000000
91,7.6550000000,right_hand,10,0.4538867176,0.6201260686,-0.0633905604,1.0000000000
92,7.7400000000,right_hand,10,0.4331795573,0.6250510216,-0.0732529610,1.0000000000
93,7.8240000000,right_hand,10,0.4397930503,0.6311557889,-0.0780831054,1.0000000000
94,7.9080000000,right_hand,10,0.4492076635,0.6367179751,-0.0434938371,1.0000000000
95,7.9920000000,right_hand,10,0.4593233764,0.6447067857,-0.0273750462,1.0000000000
96,8.0760000000,right_hand,10,0.4537447095,0.6293559074,-0.0518358015,1.0000000000
97,8.1600000000,right_hand,10,0.4485010505,0.6427891850,-0.0368694738,1.0000000000
98,8.2440000000,right_hand,10,0.4493059218,0.6465227008,-0.0341959409,1.0000000000
99,8.3280000000,right_hand,10,0.4524198174,0.6440387964,-0.0322144590,1.0000000000
100,8.4130000000,right_hand,10,0.4569729865,0.6449335217,-0.0343270265,1.0000000000
101,8.4970000000,right_hand,10,0.4559448957,0.6427615881,-0.0277823731,1.0000000000
102,8.5810000000,right_hand,10,0.4540736079,0.6365959048,-0.0268172007,1.0000000000
103,8.6650000000,right_hand,10,0.4543244243,0.6260992289,-0.0240928922,1.0000000000
104,8.7490000000,right_hand,10,0.4649826288,0.6346842051,-0.0087856054,1.0000000000
105,8.8330000000,right_hand,10,0.4658525586,0.6101219058,-0.0201676302,1.0000000000
106,8.9170000000,right_hand,10,0.4634569883,0.5865851641,-0.0430978052,1.0000000000
107,9.0010000000,right_hand,10,0.4503969848,0.5730914474,-0.0570990629,1.0000000000
108,9.0860000000,right_hand,10,0.4681288302,0.5598528385,-0.0792985484,1.0000000000
109,9.1700000000,right_hand,10,0.4693856537,0.5647863150,-0.0686874539,1.0000000000
110,9.2540000000,right_hand,10,0.4760811925,0.5671078563,-0.0685295761,1.0000000000
111,9.3380000000,right_hand,10,0.4660018384,0.5770727992,-0.0555034913,1.0000000000
112,9.4220000000,right_hand,10,0.4631657302,0.5945186019,-0.0445680767,1.0000000000
113,9.5060000000,right_hand,10,0.4572078586,0.6088520288,-0.0385421664,1.0000000000
114,9.5900000000,right_hand,10,0.4582071006,0.6207361221,-0.0225026272,1.0000000000
115,9.6740000000,right_hand,10,0.4612422287,0.6263843179,-0.0292615276,1.0000000000
116,9.7590000000,right_hand,10,0.4593819976,0.6303436160,-0.0148726674,1.0000000000
117,9.8430000000,right_hand,10,0.4595344663,0.6201069951,-0.0152488779,1.0000000000
118,9.9270000000,right_hand,10,0.4578850865,0.6181399226,-0.0212267321,1.0000000000
119,10.0110000000,right_hand,10,0.4612792730,0.6259636283,-0.0300396839,1.0000000000
120,10.0950000000,right_hand,10,0.4646734595,0.6337873340,-0.0388526358,1.0000000000
121,10.1790000000,right_hand,10,0.4521431923,0.6353367567,-0.0379011780,1.0000000000
122,10.2630000000,right_hand,10,0.4693733454,0.6327137351,-0.0126976054,1.0000000000
123,10.3470000000,right_hand,10,0.4631557167,0.6314375401,-0.0212634411,1.0000000000
124,10.4320000000,right_hand,10,0.4627240598,0.6169327497,-0.0310496632,1.0000000000
125,10.5160000000,right_hand,10,0.4549164772,0.6271529794,-0.0168792028,1.0000000000
126,10.6000000000,right_hand,10,0.4584433734,0.6255839467,-0.0162433106,1.0000000000
127,10.6840000000,right_hand,10,0.4535726309,0.6493210196,-0.0201007091,1.0000000000
128,10.7680000000,right_hand,10,0.6004965901,0.6204633713,-0.0239158645,1.0000000000
129,10.8520000000,right_hand,10,0.4530922771,0.6611208916,-0.0168174598,1.0000000000
130,10.9360000000,right_hand,10,0.6112771630,0.6275445223,-0.0350654423,1.0000000000
131,11.0200000000,right_hand,10,0.5420421362,0.6206775308,-0.0378866289,1.0000000000
132,11.1050000000,right_hand,10,0.4728071094,0.6138105392,-0.0407078154,1.0000000000
133,11.1890000000,right_hand,10,0.4621847272,0.6224325895,-0.0188725591,1.0000000000
134,11.2730000000,right_hand,10,0.4635621607,0.6116309166,-0.0348532051,1.0000000000
135,11.3570000000,right_hand,10,0.4649900794,0.6075160503,-0.0265678242,1.0000000000
136,11.4410000000,right_hand,10,0.5899248123,0.5946990848,-0.0363677517,1.0000000000
137,11.5250000000,right_hand,10,0.5911385417,0.6139769554,-0.0310654864,1.0000000000
138,11.6090000000,right_hand,10,0.5922505260,0.6023054719,-0.0316588096,1.0000000000
139,11.6930000000,right_hand,10,0.4681749046,0.5985293388,-0.0199825391,1.0000000000
140,11.7780000000,right_hand,10,0.4729681909,0.6115148664,-0.0139145078,1.0000000000
141,11.8620000000,right_hand,10,0.4544711709,0.5905649066,-0.0361506715,1.0000000000
142,11.9460000000,right_hand,10,0.4479843080,0.5841820240,-0.0488726422,1.0000000000
60,5.0480000000,right_hand,11,0.4998743534,0.6043120623,-0.0338758416,1.0000000000
61,5.1320000000,right_hand,11,0.4954885840,0.5971132517,-0.0331600718,1.0000000000
62,5.2160000000,right_hand,11,0.4783739150,0.6103333831,-0.0206641555,1.0000000000
63,5.3000000000,right_hand,11,0.4862022996,0.6011160016,-0.0213365629,1.0000000000
64,5.3840000000,right_hand,11,0.4912360013,0.6150137186,-0.0368458480,1.0000000000
65,5.4680000000,right_hand,11,0.4991888106,0.6087523699,-0.0164888948,1.0000000000
66,5.5520000000,right_hand,11,0.4913531840,0.6325348020,-0.0282670576,1.0000000000
67,5.6360000000,right_hand,11,0.4835399687,0.6367385983,-0.0340523086,1.0000000000
68,5.7210000000,right_hand,11,0.4974653423,0.6186815500,-0.0251124427,1.0000000000
69,5.8050000000,right_hand,11,0.4898327887,0.6180923581,-0.0288368184,1.0000000000
70,5.8890000000,right_hand,11,0.4973876476,0.6190550327,-0.0219822302,1.0000000000
71,5.9730000000,right_hand,11,0.4966055751,0.5868821144,-0.0224509295,1.0000000000
72,6.0570000000,right_hand,11,0.5135708451,0.5455386639,-0.0278301872,1.0000000000
73,6.1410000000,right_hand,11,0.5217114687,0.5464481115,-0.0391151458,1.0000000000
74,6.2250000000,right_hand,11,0.5125332475,0.5632172823,-0.0259290468,1.0000000000
75,6.3090000000,right_hand,11,0.5168872476,0.5646020174,-0.0331441462,1.0000000000
76,6.3940000000,right_hand,11,0.5664998889,0.5699347258,-0.0351366475,1.0000000000
77,6.4780000000,right_hand,11,0.5048821568,0.5776301622,-0.0476064160,1.0000000000
78,6.5620000000,right_hand,11,0.5020174384,0.6005603671,-0.0558950938,1.0000000000
79,6.6460000000,right_hand,11,0.4964938462,0.6110576391,-0.0496882536,1.0000000000
80,6.7300000000,right_hand,11,0.5651926994,0.5562030077,-0.0411490202,1.0000000000
81,6.8140000000,right_hand,11,0.4847025871,0.6035994291,-0.0337554552,1.0000000000
82,6.8980000000,right_hand,11,0.4777959585,0.5932092071,-0.0696507245,1.0000000000
83,6.9820000000,right_hand,11,0.4682947397,0.5726369619,-0.0444909073,1.0000000000
84,7.0670000000,right_hand,11,0.4438451529,0.5878768563,-0.0448799506,1.0000000000
85,7.1510000000,right_hand,11,0.4329259098,0.5902395248,-0.0536104813,1.0000000000
86,7.2350000000,right_hand,11,0.4220066667,0.5926021934,-0.0623410121,1.0000000000
87,7.3190000000,right_hand,11,0.4301018119,0.6316815019,-0.0273029264,1.0000000000
88,7.4030000000,right_hand,11,0.4436905086,0.6282774210,-0.0299057905,1.0000000000
89,7.4870000000,right_hand,11,0.4603975713,0.6351959109,-0.0736788586,1.0000000000
90,7.5710000000,right_hand,11,0.4801326990,0.6060018539,-0.0519132055,1.0000000000
91,7.6550000000,right_hand,11,0.4769584537,0.6071611643,-0.0635489970,1.0000000000
92,7.7400000000,right_hand,11,0.4583971202,0.6147851944,-0.0801671520,1.0000000000
93,7.8240000000,right_hand,11,0.4621214867,0.6224416494,-0.0911677554,1.0000000000
94,7.9080000000,right_hand,11,0.4680131972,0.6232879162,-0.0453741029,1.0000000000
95,7.9920000000,right_hand,11,0.4735786021,0.6250955462,-0.0237467382,1.0000000000
96,8.0760000000,right_hand,11,0.4768518507,0.6103733778,-0.0527160838,1.0000000000
97,8.1600000000,right_hand,11,0.4688817263,0.6361153722,-0.0361851566,1.0000000000
98,8.2440000000,right_hand,11,0.4684222639,0.6418280005,-0.0312842019,1.0000000000
99,8.3280000000,right_hand,11,0.4765245020,0.6423958540,-0.0329765379,1.0000000000
100,8.4130000000,right_hand,11,0.4826649129,0.6429701447,-0.0354020745,1.0000000000
101,8.4970000000,right_hand,11,0.4796440899,0.6399689913,-0.0284054819,1.0000000000
102,8.5810000000,right_hand,11,0.4753201306,0.6380749941,-0.0261422023,1.0000000000
103,8.6650000000,right_hand,11,0.4753056169,0.6277680993,-0.0237914957,1.0000000000
104,8.7490000000,right_hand,11,0.4794905782,0.6236900687,-0.0078780297,1.0000000000
105,8.8330000000,right_hand,11,0.4845193624,0.6049878597,-0.0224909578,1.0000000000
106,8.9170000000,right_hand,11,0.4857774079,0.5827130079,-0.0435399786,1.0000000000
107,9.0010000000,right_hand,11,0.4778527617,0.5737074614,-0.0628910810,1.0000000000
108,9.0860000000,right_hand,11,0.4966112077,0.5591270328,-0.0882775858,1.0000000000
109,9.1700000000,right_hand,11,0.4973078668,0.5644154549,-0.0755619258,1.0000000000
110,9.2540000000,right_hand,11,0.5047003627,0.5687533617,-0.0736056566,1.0000000000
111,9.3380000000,right_hand,11,0.4865095317,0.5808519721,-0.0562614873,1.0000000000
112,9.4220000000,right_hand,11,0.4797556698,0.5967012644,-0.0449587591,1.0000000000
113,9.5060000000,right_hand,11,0.4767225981,0.6123857498,-0.0404257067,1.0000000000
114,9.5900000000,right_hand,11,0.4715878665,0.6198648810,-0.0233135242,1.0000000000
115,9.6740000000,right_hand,11,0.4756728411,0.6275041103,-0.0291311815,1.0000000000
116,9.7590000000,right_hand,11,0.4718056321,0.6309709549,-0.0166034792,1.0000000000
117,9.8430000000,right_hand,11,0.4722292423,0.6212514639,-0.0176230613,1.0000000000
118,9.9270000000,right_hand,11,0.4717339277,0.6205550432,-0.0235013533,1.0000000000
119,10.0110000000,right_hand,11,0.4740669727,0.6242207885,-0.0317314724,1.0000000000
120,10.0950000000,right_hand,11,0.4764000177,0.6278865337,-0.0399615914,1.0000000000
121,10.1790000000,right_hand,11,0.4691243172,0.6332990527,-0.0385663360,1.0000000000
122,10.2630000000,right_hand,11,0.4758947194,0.6189767718,-0.0118476674,1.0000000000
123,10.3470000000,right_hand,11,0.4749217629,0.6261062622,-0.0212996602,1.0000000000
124,10.4320000000,right_hand,11,0.4823035598,0.6214472055,-0.0330531374,1.0000000000
125,10.5160000000,right_hand,11,0.4691287875,0.6376208663,-0.0169715490,1.0000000000
126,10.6000000000,right_hand,11,0.4725012779,0.6366372705,-0.0168856531,1.0000000000
127,10.6840000000,right_hand,11,0.4668670297,0.6590638161,-0.0205700751,1.0000000000
128,10.7680000000,right_hand,11,0.5843636990,0.6345495582,-0.0263740644,1.0000000000
129,10.8520000000,right_hand,11,0.4682201147,0.6710134149,-0.0191846471,1.0000000000
130,10.9360000000,right_hand,11,0.5944793224,0.6404229999,-0.0383177772,1.0000000000
131,11.0200000000,right_hand,11,0.5424699634,0.6325806975,-0.0390286501,1.0000000000
132,11.1050000000,right_hand,11,0.4904606044,0.6247383952,-0.0397395231,1.0000000000
133,11.1890000000,right_hand,11,0.4787417054,0.6287941933,-0.0188123360,1.0000000000
134,11.2730000000,right_hand,11,0.4837867618,0.6262862682,-0.0362884700,1.0000000000
135,11.3570000000,right_hand,11,0.4816180766,0.6218284965,-0.0270624273,1.0000000000
136,11.4410000000,right_hand,11,0.5711066127,0.6043562889,-0.0369370319,1.0000000000
137,11.5250000000,right_hand,11,0.5874704123,0.6201063395,-0.0293498170,1.0000000000
138,11.6090000000,right_hand,11,0.5858840346,0.6074482203,-0.0323943496,1.0000000000
139,11.6930000000,right_hand,11,0.4829542935,0.6035001874,-0.0204816423,1.0000000000
140,11.7780000000,right_hand,11,0.4878880680,0.6095239520,-0.0101500824,1.0000000000
141,11.8620000000,right_hand,11,0.4743506610,0.6030848622,-0.0362574980,1.0000000000
142,11.9460000000,right_hand,11,0.4697797894,0.6017800570,-0.0507337898,1.0000000000
60,5.0480000000,right_hand,12,0.5110141635,0.5943439603,-0.0342487916,1.0000000000
61,5.1320000000,right_hand,12,0.5041682124,0.5849531889,-0.0316787511,1.0000000000
62,5.2160000000,right_hand,12,0.4806599617,0.6085748076,-0.0195179190,1.0000000000
63,5.3000000000,right_hand,12,0.4966353178,0.6117522120,-0.0227042288,1.0000000000
64,5.3840000000,right_hand,12,0.5020971298,0.6165331006,-0.0373889059,1.0000000000
65,5.4680000000,right_hand,12,0.5131186843,0.6077636480,-0.0174928624,1.0000000000
66,5.5520000000,right_hand,12,0.5038624406,0.6328968406,-0.0278481618,1.0000000000
67,5.6360000000,right_hand,12,0.4961535633,0.6479505301,-0.0347459503,1.0000000000
68,5.7210000000,right_hand,12,0.5097587705,0.6223888993,-0.0256867781,1.0000000000
69,5.8050000000,right_hand,12,0.4984777570,0.6151150465,-0.0278227311,1.0000000000
70,5.8890000000,right_hand,12,0.5060043335,0.6104472280,-0.0202423315,1.0000000000
71,5.9730000000,right_hand,12,0.4904046059,0.5793349147,-0.0180172082,1.0000000000
72,6.0570000000,right_hand,12,0.5238234997,0.5281130672,-0.0268124007,1.0000000000
73,6.1410000000,right_hand,12,0.5339354277,0.5247586370,-0.0361004286,1.0000000000
74,6.2250000000,right_hand,12,0.5256028175,0.5433233976,-0.0253164005,1.0000000000
75,6.3090000000,right_hand,12,0.5304549932,0.5467619896,-0.0306209400,1.0000000000
76,6.3940000000,right_hand,12,0.5550513864,0.5515636802,-0.0334925763,1.0000000000
77,6.4780000000,right_hand,12,0.5173437595,0.5548235178,-0.0470212623,1.0000000000
78,6.5620000000,right_hand,12,0.5150218010,0.5737649798,-0.0531334542,1.0000000000
79,6.6460000000,right_hand,12,0.5120091438,0.5866065621,-0.0490661934,1.0000000000
80,6.7300000000,right_hand,12,0.5510160327,0.5396762490,-0.0400909036,1.0000000000
81,6.8140000000,right_hand,12,0.4984885454,0.5804591179,-0.0366002060,1.0000000000
82,6.8980000000,right_hand,12,0.4940307736,0.5712478161,-0.0748677403,1.0000000000
83,6.9820000000,right_hand,12,0.4811910689,0.5512412190,-0.0495506264,1.0000000000
84,7.0670000000,right_hand,12,0.4540460110,0.5693781376,-0.0465155207,1.0000000000
85,7.1510000000,right_hand,12,0.4409269542,0.5715632737,-0.0559282806,1.0000000000
86,7.2350000000,right_hand,12,0.4278078973,0.5737484097,-0.0653410405,1.0000000000
87,7.3190000000,right_hand,12,0.4275329709,0.6227009296,-0.0236323755,1.0000000000
88,7.4030000000,right_hand,12,0.4452988505,0.6204866767,-0.0289026275,1.0000000000
89,7.4870000000,right_hand,12,0.4699931145,0.6302579641,-0.0806340501,1.0000000000
90,7.5710000000,right_hand,12,0.4852201045,0.6035010815,-0.0545772836,1.0000000000
91,7.6550000000,right_hand,12,0.4894609749,0.5976668000,-0.0633644015,1.0000000000
92,7.7400000000,right_hand,12,0.4715710878,0.6040598154,-0.0826337710,1.0000000000
93,7.8240000000,right_hand,12,0.4716117680,0.6110692620,-0.1003494263,1.0000000000
94,7.9080000000,right_hand,12,0.4770253301,0.6093823910,-0.0468463600,1.0000000000
95,7.9920000000,right_hand,12,0.4785576761,0.6081345081,-0.0212000329,1.0000000000
96,8.0760000000,right_hand,12,0.4893000722,0.5876427889,-0.0524056591,1.0000000000
97,8.1600000000,right_hand,12,0.4795811772,0.6247532368,-0.0347832665,1.0000000000
98,8.2440000000,right_hand,12,0.4768291712,0.6326673627,-0.0280269440,1.0000000000
99,8.3280000000,right_hand,12,0.4927383065,0.6376397610,-0.0329759046,1.0000000000
100,8.4130000000,right_hand,12,0.4998755455,0.6376273036,-0.0351553448,1.0000000000
101,8.4970000000,right_hand,12,0.4940338135,0.6313033104,-0.0283132829,1.0000000000
102,8.5810000000,right_hand,12,0.4888868630,0.6350824237,-0.0253178068,1.0000000000
103,8.6650000000,right_hand,12,0.4895064831,0.6255088449,-0.0232099071,1.0000000000
104,8.7490000000,right_hand,12,0.4855228364,0.6140366793,-0.0070446436,1.0000000000
105,8.8330000000,right_hand,12,0.4978816509,0.6008293033,-0.0235533994,1.0000000000
106,8.9170000000,right_hand,12,0.4993569255,0.5768855214,-0.0427109189,1.0000000000
107,9.0010000000,right_hand,12,0.4975734055,0.5719203353,-0.0655259192,1.0000000000
108,9.0860000000,right_hand,12,0.5160284638,0.5593433380,-0.0939846709,1.0000000000
109,9.1700000000,right_hand,12,0.5147584081,0.5617576838,-0.0792537555,1.0000000000
110,9.2540000000,right_hand,12,0.5220249295,0.5654963851,-0.0758354738,1.0000000000
111,9.3380000000,right_hand,12,0.4990419447,0.5798425078,-0.0561536252,1.0000000000
112,9.4220000000,right_hand,12,0.4913007915,0.5953177214,-0.0448426344,1.0000000000
113,9.5060000000,right_hand,12,0.4890866578,0.6144925356,-0.0410795063,1.0000000000
114,9.5900000000,right_hand,12,0.4801250994,0.6183518171,-0.0235893223,1.0000000000
115,9.6740000000,right_hand,12,0.4837999642,0.6279751658,-0.0284395907,1.0000000000
116,9.7590000000,right_hand,12,0.4804425836,0.6317808032,-0.0173844565,1.0000000000
117,9.8430000000,right_hand,12,0.4827723503,0.6211989522,-0.0189083591,1.0000000000
118,9.9270000000,right_hand,12,0.4825181067,0.6224107742,-0.0248160586,1.0000000000
119,10.0110000000,right_hand,12,0.4817856103,0.6205995679,-0.0322310571,1.0000000000
120,10.0950000000,right_hand,12,0.4810531139,0.6187883615,-0.0396460555,1.0000000000
121,10.1790000000,right_hand,12,0.4788442850,0.6273650527,-0.0386261269,1.0000000000
122,10.2630000000,right_hand,12,0.4752099812,0.6064764261,-0.0107408660,1.0000000000
123,10.3470000000,right_hand,12,0.4788288474,0.6177216172,-0.0206520278,1.0000000000
124,10.4320000000,right_hand,12,0.4960688651,0.6228917241,-0.0339939520,1.0000000000
125,10.5160000000,right_hand,12,0.4791907370,0.6426144838,-0.0169917531,1.0000000000
126,10.6000000000,right_hand,12,0.4827268720,0.6429454088,-0.0172404610,1.0000000000
127,10.6840000000,right_hand,12,0.4765063226,0.6634678841,-0.0209199637,1.0000000000
128,10.7680000000,right_hand,12,0.5740553737,0.6467071176,-0.0278213639,1.0000000000
129,10.8520000000,right_hand,12,0.4786755145,0.6760532856,-0.0203532800,1.0000000000
130,10.9360000000,right_hand,12,0.5823208690,0.6496896744,-0.0405440368,1.0000000000
131,11.0200000000,right_hand,12,0.5424004197,0.6379582584,-0.0395437907,1.0000000000
132,11.1050000000,right_hand,12,0.5024799705,0.6262268424,-0.0385435447,1.0000000000
133,11.1890000000,right_hand,12,0.4900341928,0.6306255460,-0.0187929887,1.0000000000
134,11.2730000000,right_hand,12,0.4984753132,0.6329265833,-0.0372232236,1.0000000000
135,11.3570000000,right_hand,12,0.4934826791,0.6282459497,-0.0276163258,1.0000000000
136,11.4410000000,right_hand,12,0.5599751472,0.6116617918,-0.0379979461,1.0000000000
137,11.5250000000,right_hand,12,0.5909463167,0.6232173443,-0.0278211478,1.0000000000
138,11.6090000000,right_hand,12,0.5889703631,0.6078231335,-0.0323387608,1.0000000000
139,11.6930000000,right_hand,12,0.4910618365,0.6034777761,-0.0204773936,1.0000000000
140,11.7780000000,right_hand,12,0.4937870502,0.6051285267,-0.0069989520,1.0000000000
141,11.8620000000,right_hand,12,0.4869289398,0.6127824187,-0.0359666161,1.0000000000
142,11.9460000000,right_hand,12,0.4831031263,0.6118733883,-0.0519373305,1.0000000000
60,5.0480000000,right_hand,13,0.4458980858,0.6304048896,-0.0225561559,1.0000000000
61,5.1320000000,right_hand,13,0.4458075762,0.6249170899,-0.0239838008,1.0000000000
62,5.2160000000,right_hand,13,0.4384444654,0.6170331240,-0.0171671063,1.0000000000
63,5.3000000000,right_hand,13,0.4405367374,0.5904708505,-0.0159646161,1.0000000000
64,5.3840000000,right_hand,13,0.4349558651,0.6062393188,-0.0287596062,1.0000000000
65,5.4680000000,right_hand,13,0.4461575150,0.6059900522,-0.0120226042,1.0000000000
66,5.5520000000,right_hand,13,0.4342897534,0.6067059636,-0.0222388320,1.0000000000
67,5.6360000000,right_hand,13,0.4297892749,0.6036739945,-0.0244280547,1.0000000000
68,5.7210000000,right_hand,13,0.4438174963,0.5993893147,-0.0193434563,1.0000000000
69,5.8050000000,right_hand,13,0.4328869283,0.5967209339,-0.0248963684,1.0000000000
70,5.8890000000,right_hand,13,0.4392978251,0.6140066385,-0.0170011632,1.0000000000
71,5.9730000000,right_hand,13,0.4492925406,0.6286628246,-0.0190725289,1.0000000000
72,6.0570000000,right_hand,13,0.4504883587,0.6097098589,-0.0181098673,1.0000000000
73,6.1410000000,right_hand,13,0.4499593079,0.6252527237,-0.0290453043,1.0000000000
74,6.2250000000,right_hand,13,0.4468042850,0.6321240664,-0.0185734984,1.0000000000
75,6.3090000000,right_hand,13,0.4459566474,0.6348734498,-0.0236272234,1.0000000000
76,6.3940000000,right_hand,13,0.6197987199,0.6619142890,-0.0260201972,1.0000000000
77,6.4780000000,right_hand,13,0.4390982687,0.6502729058,-0.0296009071,1.0000000000
78,6.5620000000,right_hand,13,0.4302815795,0.6623982191,-0.0360836126,1.0000000000
79,6.6460000000,right_hand,13,0.4274336100,0.6766915321,-0.0318204612,1.0000000000
80,6.7300000000,right_hand,13,0.6244965196,0.6569766402,-0.0317827165,1.0000000000
81,6.8140000000,right_hand,13,0.4251462817,0.6666550636,-0.0205627326,1.0000000000
82,6.8980000000,right_hand,13,0.4188469350,0.6597191095,-0.0420062803,1.0000000000
83,6.9820000000,right_hand,13,0.4260632992,0.6454071403,-0.0255340319,1.0000000000
84,7.0670000000,right_hand,13,0.4192393422,0.6704183817,-0.0286811031,1.0000000000
85,7.1510000000,right_hand,13,0.4004379362,0.6743758321,-0.0352133829,1.0000000000
86,7.2350000000,right_hand,13,0.3816365302,0.6783332825,-0.0417456627,1.0000000000
87,7.3190000000,right_hand,13,0.3846310973,0.6663123369,-0.0200310554,1.0000000000
88,7.4030000000,right_hand,13,0.4009110332,0.6572567225,-0.0178934485,1.0000000000
89,7.4870000000,right_hand,13,0.4236522019,0.6529651880,-0.0373200439,1.0000000000
90,7.5710000000,right_hand,13,0.4457453787,0.6395866275,-0.0258792583,1.0000000000
91,7.6550000000,right_hand,13,0.4075720906,0.6603062749,-0.0440582782,1.0000000000
92,7.7400000000,right_hand,13,0.4155488312,0.6582157612,-0.0471319743,1.0000000000
93,7.8240000000,right_hand,13,0.4203435481,0.6579823494,-0.0530233197,1.0000000000
94,7.9080000000,right_hand,13,0.4208945632,0.6715967655,-0.0306751430,1.0000000000
95,7.9920000000,right_hand,13,0.4219323397,0.6723880768,-0.0160962213,1.0000000000
96,8.0760000000,right_hand,13,0.4093137383,0.6586796045,-0.0331743248,1.0000000000
97,8.1600000000,right_hand,13,0.4078718424,0.6580185890,-0.0245928336,1.0000000000
98,8.2440000000,right_hand,13,0.4045623541,0.6515825987,-0.0247771610,1.0000000000
99,8.3280000000,right_hand,13,0.4117357135,0.6584801078,-0.0228547491,1.0000000000
100,8.4130000000,right_hand,13,0.4134500921,0.6573689580,-0.0235676244,1.0000000000
101,8.4970000000,right_hand,13,0.4138557911,0.6506790519,-0.0198004525,1.0000000000
102,8.5810000000,right_hand,13,0.4144777656,0.6493788362,-0.0196072459,1.0000000000
103,8.6650000000,right_hand,13,0.4144383371,0.6425864100,-0.0181592014,1.0000000000
104,8.7490000000,right_hand,13,0.4327259064,0.6526139975,-0.0069272914,1.0000000000
105,8.8330000000,right_hand,13,0.4351117015,0.6418775916,-0.0143904602,1.0000000000
106,8.9170000000,right_hand,13,0.4234697223,0.6235952973,-0.0336204022,1.0000000000
107,9.0010000000,right_hand,13,0.4217060506,0.6176912189,-0.0397245474,1.0000000000
108,9.0860000000,right_hand,13,0.4231675267,0.6018992662,-0.0582308136,1.0000000000
109,9.1700000000,right_hand,13,0.4250498116,0.6059983969,-0.0499870107,1.0000000000
110,9.2540000000,right_hand,13,0.4276946485,0.6078305840,-0.0495867319,1.0000000000
111,9.3380000000,right_hand,13,0.4306674898,0.6168584228,-0.0425580926,1.0000000000
112,9.4220000000,right_hand,13,0.4314386249,0.6201361418,-0.0355442874,1.0000000000
113,9.5060000000,right_hand,13,0.4274902344,0.6013565063,-0.0287124980,1.0000000000
114,9.5900000000,right_hand,13,0.4357555509,0.6020179987,-0.0160404239,1.0000000000
115,9.6740000000,right_hand,13,0.4331960976,0.6057241559,-0.0217491668,1.0000000000
116,9.7590000000,right_hand,13,0.4383248985,0.6168839335,-0.0099319201,1.0000000000
117,9.8430000000,right_hand,13,0.4385348856,0.6351252198,-0.0112241926,1.0000000000
118,9.9270000000,right_hand,13,0.4352767467,0.6353030205,-0.0154892579,1.0000000000
119,10.0110000000,right_hand,13,0.4345719218,0.6404685676,-0.0205130149,1.0000000000
120,10.0950000000,right_hand,13,0.4338670969,0.6456341147,-0.0255367719,1.0000000000
121,10.1790000000,right_hand,13,0.4213142991,0.6437304020,-0.0263893846,1.0000000000
122,10.2630000000,right_hand,13,0.4415020347,0.6599780917,-0.0068436321,1.0000000000
123,10.3470000000,right_hand,13,0.4329856336,0.6457050443,-0.0147176376,1.0000000000
124,10.4320000000,right_hand,13,0.4279338121,0.6321440339,-0.0236192383,1.0000000000
125,10.5160000000,right_hand,13,0.4255793095,0.6306648254,-0.0139872292,1.0000000000
126,10.6000000000,right_hand,13,0.4281708002,0.6298435330,-0.0138557618,1.0000000000
127,10.6840000000,right_hand,13,0.4269302189,0.6480969191,-0.0156855043,1.0000000000
128,10.7680000000,right_hand,13,0.6253800988,0.5840823650,-0.0177769791,1.0000000000
129,10.8520000000,right_hand,13,0.4262636602,0.6557760835,-0.0116539979,1.0000000000
130,10.9360000000,right_hand,13,0.6317117214,0.5844227076,-0.0241312403,1.0000000000
131,11.0200000000,right_hand,13,0.5309969038,0.5961559117,-0.0282230647,1.0000000000
132,11.1050000000,right_hand,13,0.4302820861,0.6078891158,-0.0323148891,1.0000000000
133,11.1890000000,right_hand,13,0.4309955537,0.6171768904,-0.0145945260,1.0000000000
134,11.2730000000,right_hand,13,0.4261706173,0.6126551032,-0.0277671367,1.0000000000
135,11.3570000000,right_hand,13,0.4309100807,0.6104346514,-0.0228248090,1.0000000000
136,11.4410000000,right_hand,13,0.6227304935,0.5622909665,-0.0239768848,1.0000000000
137,11.5250000000,right_hand,13,0.6244310737,0.5723349452,-0.0216038320,1.0000000000
138,11.6090000000,right_hand,13,0.6275347471,0.5939304233,-0.0249959584,1.0000000000
139,11.6930000000,right_hand,13,0.4341849685,0.6112243533,-0.0163146146,1.0000000000
140,11.7780000000,right_hand,13,0.4346711338,0.6280495524,-0.0121755069,1.0000000000
141,11.8620000000,right_hand,13,0.4177967310,0.6113248467,-0.0283753388,1.0000000000
142,11.9460000000,right_hand,13,0.4013945162,0.5948258638,-0.0393531919,1.0000000000
60,5.0480000000,right_hand,14,0.4765024483,0.6387310624,-0.0298471507,1.0000000000
61,5.1320000000,right_hand,14,0.4758489728,0.6320097446,-0.0301863905,1.0000000000
62,5.2160000000,right_hand,14,0.4660161734,0.6301244497,-0.0206136722,1.0000000000
63,5.3000000000,right_hand,14,0.4627321064,0.6100794077,-0.0208116546,1.0000000000
64,5.3840000000,right_hand,14,0.4651808739,0.6329149008,-0.0341871008,1.0000000000
65,5.4680000000,right_hand,14,0.4719063044,0.6279634237,-0.0147615708,1.0000000000
66,5.5520000000,right_hand,14,0.4597562253,0.6439970136,-0.0272723865,1.0000000000
67,5.6360000000,right_hand,14,0.4540149868,0.6426356435,-0.0300576799,1.0000000000
68,5.7210000000,right_hand,14,0.4708660841,0.6312863827,-0.0241919495,1.0000000000
69,5.8050000000,right_hand,14,0.4641657770,0.6352958679,-0.0282041095,1.0000000000
70,5.8890000000,right_hand,14,0.4718324840,0.6402722001,-0.0186553039,1.0000000000
71,5.9730000000,right_hand,14,0.4882704914,0.6233494878,-0.0243887026,1.0000000000
72,6.0570000000,right_hand,14,0.4903505743,0.5894660950,-0.0248234887,1.0000000000
73,6.1410000000,right_hand,14,0.4986120164,0.6027196050,-0.0363460816,1.0000000000
74,6.2250000000,right_hand,14,0.4924729466,0.6090421081,-0.0248482395,1.0000000000
75,6.3090000000,right_hand,14,0.4923488498,0.6100893617,-0.0308566689,1.0000000000
76,6.3940000000,right_hand,14,0.5842062831,0.6390776634,-0.0311243702,1.0000000000
77,6.4780000000,right_hand,14,0.4834698737,0.6254921556,-0.0402951688,1.0000000000
78,6.5620000000,right_hand,14,0.4788561761,0.6483861208,-0.0474594161,1.0000000000
79,6.6460000000,right_hand,14,0.4762719274,0.6609513760,-0.0417759307,1.0000000000
80,6.7300000000,right_hand,14,0.5827564597,0.6259772778,-0.0370281599,1.0000000000
81,6.8140000000,right_hand,14,0.4645875990,0.6468124986,-0.0281288624,1.0000000000
82,6.8980000000,right_hand,14,0.4561631382,0.6341342330,-0.0583320446,1.0000000000
83,6.9820000000,right_hand,14,0.4528078735,0.6231873035,-0.0381172337,1.0000000000
84,7.0670000000,right_hand,14,0.4384501576,0.6415403485,-0.0400205851,1.0000000000
85,7.1510000000,right_hand,14,0.4260787815,0.6469429731,-0.0477700531,1.0000000000
86,7.2350000000,right_hand,14,0.4137074053,0.6523455977,-0.0555195212,1.0000000000
87,7.3190000000,right_hand,14,0.4193569124,0.6664718986,-0.0244812928,1.0000000000
88,7.4030000000,right_hand,14,0.4348112047,0.6565024257,-0.0244463161,1.0000000000
89,7.4870000000,right_hand,14,0.4431277514,0.6629420519,-0.0538310148,1.0000000000
90,7.5710000000,right_hand,14,0.4644015431,0.6528441310,-0.0426014476,1.0000000000
91,7.6550000000,right_hand,14,0.4566986561,0.6632902622,-0.0565223210,1.0000000000
92,7.7400000000,right_hand,14,0.4413793981,0.6631577611,-0.0694896504,1.0000000000
93,7.8240000000,right_hand,14,0.4410033226,0.6659054160,-0.0747799128,1.0000000000
94,7.9080000000,right_hand,14,0.4498536289,0.6685340405,-0.0414406620,1.0000000000
95,7.9920000000,right_hand,14,0.4539350569,0.6677885652,-0.0199474711,1.0000000000
96,8.0760000000,right_hand,14,0.4497584999,0.6587330103,-0.0442378372,1.0000000000
97,8.1600000000,right_hand,14,0.4447537065,0.6699532866,-0.0314533859,1.0000000000
98,8.2440000000,right_hand,14,0.4422873259,0.6714454293,-0.0288110338,1.0000000000
99,8.3280000000,right_hand,14,0.4480008483,0.6694073081,-0.0293110572,1.0000000000
100,8.4130000000,right_hand,14,0.4520271420,0.6652809978,-0.0299789384,1.0000000000
101,8.4970000000,right_hand,14,0.4513515234,0.6620898843,-0.0245731417,1.0000000000
102,8.5810000000,right_hand,14,0.4494580328,0.6631269455,-0.0245254636,1.0000000000
103,8.6650000000,right_hand,14,0.4482926428,0.6533703804,-0.0229579508,1.0000000000
104,8.7490000000,right_hand,14,0.4616502225,0.6494196057,-0.0074028969,1.0000000000
105,8.8330000000,right_hand,14,0.4597048759,0.6381151676,-0.0205942597,1.0000000000
106,8.9170000000,right_hand,14,0.4564028978,0.6282137632,-0.0416362323,1.0000000000
107,9.0010000000,right_hand,14,0.4447438419,0.6149746776,-0.0556036867,1.0000000000
108,9.0860000000,right_hand,14,0.4627076089,0.6010578275,-0.0759990662,1.0000000000
109,9.1700000000,right_hand,14,0.4551579952,0.6110392213,-0.0674359277,1.0000000000
110,9.2540000000,right_hand,14,0.4591081738,0.6166681051,-0.0653984770,1.0000000000
111,9.3380000000,right_hand,14,0.4571032822,0.6188464761,-0.0556708239,1.0000000000
112,9.4220000000,right_hand,14,0.4583703279,0.6247186661,-0.0457974225,1.0000000000
113,9.5060000000,right_hand,14,0.4512113333,0.5999058485,-0.0373860113,1.0000000000
114,9.5900000000,right_hand,14,0.4559547305,0.5969210863,-0.0194746479,1.0000000000
115,9.6740000000,right_hand,14,0.4612638652,0.6084271669,-0.0267978292,1.0000000000
116,9.7590000000,right_hand,14,0.4567106366,0.6193941236,-0.0137119573,1.0000000000
117,9.8430000000,right_hand,14,0.4577512741,0.6370048523,-0.0159460250,1.0000000000
118,9.9270000000,right_hand,14,0.4539266229,0.6397963166,-0.0205247812,1.0000000000
119,10.0110000000,right_hand,14,0.4573194385,0.6477570236,-0.0275261328,1.0000000000
120,10.0950000000,right_hand,14,0.4607122540,0.6557177305,-0.0345274843,1.0000000000
121,10.1790000000,right_hand,14,0.4504614174,0.6545417905,-0.0326158665,1.0000000000
122,10.2630000000,right_hand,14,0.4652456641,0.6543453932,-0.0106107201,1.0000000000
123,10.3470000000,right_hand,14,0.4581547081,0.6543003917,-0.0189909097,1.0000000000
124,10.4320000000,right_hand,14,0.4550426304,0.6452687979,-0.0300932229,1.0000000000
125,10.5160000000,right_hand,14,0.4470102787,0.6507309079,-0.0169631392,1.0000000000
126,10.6000000000,right_hand,14,0.4516684115,0.6488744617,-0.0167209487,1.0000000000
127,10.6840000000,right_hand,14,0.4458565414,0.6682114601,-0.0196105056,1.0000000000
128,10.7680000000,right_hand,14,0.5966070294,0.5978851914,-0.0252470057,1.0000000000
129,10.8520000000,right_hand,14,0.4445168972,0.6769999862,-0.0166008603,1.0000000000
130,10.9360000000,right_hand,14,0.6060748696,0.5992560983,-0.0327208526,1.0000000000
131,11.0200000000,right_hand,14,0.5339464694,0.6197808683,-0.0354782455,1.0000000000
132,11.1050000000,right_hand,14,0.4618180692,0.6403056383,-0.0382356383,1.0000000000
133,11.1890000000,right_hand,14,0.4567036927,0.6357712150,-0.0166235790,1.0000000000
134,11.2730000000,right_hand,14,0.4545035064,0.6373551488,-0.0342475958,1.0000000000
135,11.3570000000,right_hand,14,0.4578864574,0.6345079541,-0.0275311675,1.0000000000
136,11.4410000000,right_hand,14,0.5887237787,0.5711894631,-0.0313612409,1.0000000000
137,11.5250000000,right_hand,14,0.5928789377,0.5865224004,-0.0274471305,1.0000000000
138,11.6090000000,right_hand,14,0.5945095420,0.6093543172,-0.0308342017,1.0000000000
139,11.6930000000,right_hand,14,0.4607156813,0.6228117347,-0.0195463002,1.0000000000
140,11.7780000000,right_hand,14,0.4683054388,0.6362147927,-0.0126749910,1.0000000000
141,11.8620000000,right_hand,14,0.4469001293,0.6229664683,-0.0334664360,1.0000000000
142,11.9460000000,right_hand,14,0.4389944673,0.6109272242,-0.0482263230,1.0000000000
60,5.0480000000,right_hand,15,0.4941937327,0.6304302216,-0.0306626819,1.0000000000
61,5.1320000000,right_hand,15,0.4893912375,0.6222555637,-0.0272246208,1.0000000000
62,5.2160000000,right_hand,15,0.4722135067,0.6285148263,-0.0175661240,1.0000000000
63,5.3000000000,right_hand,15,0.4741894901,0.6218271255,-0.0212633256,1.0000000000
64,5.3840000000,right_hand,15,0.4808688760,0.6375862360,-0.0313792937,1.0000000000
65,5.4680000000,right_hand,15,0.4876187742,0.6282316446,-0.0144420331,1.0000000000
66,5.5520000000,right_hand,15,0.4753563404,0.6535502672,-0.0261783749,1.0000000000
67,5.6360000000,right_hand,15,0.4707100987,0.6575468779,-0.0293002743,1.0000000000
68,5.7210000000,right_hand,15,0.4856453538,0.6430286765,-0.0234345254,1.0000000000
69,5.8050000000,right_hand,15,0.4763379693,0.6385440826,-0.0238722488,1.0000000000
70,5.8890000000,right_hand,15,0.4871162772,0.6364386082,-0.0156531222,1.0000000000
71,5.9730000000,right_hand,15,0.4884860814,0.6066825390,-0.0185397435,1.0000000000
72,6.0570000000,right_hand,15,0.5072204471,0.5643759370,-0.0228640176,1.0000000000
73,6.1410000000,right_hand,15,0.5164008737,0.5788456798,-0.0319907963,1.0000000000
74,6.2250000000,right_hand,15,0.5090378523,0.5867685080,-0.0231323950,1.0000000000
75,6.3090000000,right_hand,15,0.5120515227,0.5881678462,-0.0275928620,1.0000000000
76,6.3940000000,right_hand,15,0.5738376379,0.6213244200,-0.0268943124,1.0000000000
77,6.4780000000,right_hand,15,0.5022860169,0.5977608562,-0.0393957049,1.0000000000
78,6.5620000000,right_hand,15,0.4996734262,0.6176760197,-0.0445862226,1.0000000000
79,6.6460000000,right_hand,15,0.4964761138,0.6328240037,-0.0407807752,1.0000000000
80,6.7300000000,right_hand,15,0.5675250292,0.6049777269,-0.0338037424,1.0000000000
81,6.8140000000,right_hand,15,0.4874142706,0.6232272983,-0.0308269579,1.0000000000
82,6.8980000000,right_hand,15,0.4791027904,0.6111098528,-0.0639776438,1.0000000000
83,6.9820000000,right_hand,15,0.4690162838,0.6031035185,-0.0433005579,1.0000000000
84,7.0670000000,right_hand,15,0.4496934712,0.6177047491,-0.0414212309,1.0000000000
85,7.1510000000,right_hand,15,0.4391547889,0.6206154525,-0.0503778644,1.0000000000
86,7.2350000000,right_hand,15,0.4286161065,0.6235261559,-0.0593344979,1.0000000000
87,7.3190000000,right_hand,15,0.4267948568,0.6523829699,-0.0197269116,1.0000000000
88,7.4030000000,right_hand,15,0.4411254823,0.6482046247,-0.0223400202,1.0000000000
89,7.4870000000,right_hand,15,0.4582118392,0.6590307951,-0.0629133508,1.0000000000
90,7.5710000000,right_hand,15,0.4579956532,0.6516467333,-0.0418088064,1.0000000000
91,7.6550000000,right_hand,15,0.4747125804,0.6465338469,-0.0492204130,1.0000000000
92,7.7400000000,right_hand,15,0.4632475674,0.6462271810,-0.0659769252,1.0000000000
93,7.8240000000,right_hand,15,0.4610626400,0.6535904408,-0.0787600875,1.0000000000
94,7.9080000000,right_hand,15,0.4678284526,0.6524849534,-0.0423486792,1.0000000000
95,7.9920000000,right_hand,15,0.4675182998,0.6488706470,-0.0161396042,1.0000000000
96,8.0760000000,right_hand,15,0.4709235728,0.6415650845,-0.0444720201,1.0000000000
97,8.1600000000,right_hand,15,0.4638647139,0.6612536311,-0.0302483663,1.0000000000
98,8.2440000000,right_hand,15,0.4585777223,0.6639260650,-0.0237482805,1.0000000000
99,8.3280000000,right_hand,15,0.4681407213,0.6650425792,-0.0290442985,1.0000000000
100,8.4130000000,right_hand,15,0.4742695391,0.6584959626,-0.0301589910,1.0000000000
101,8.4970000000,right_hand,15,0.4730206132,0.6569049358,-0.0250383094,1.0000000000
102,8.5810000000,right_hand,15,0.4692453742,0.6626615524,-0.0229082145,1.0000000000
103,8.6650000000,right_hand,15,0.4676982760,0.6549160480,-0.0227634721,1.0000000000
104,8.7490000000,right_hand,15,0.4752466679,0.6383234859,-0.0058287042,1.0000000000
105,8.8330000000,right_hand,15,0.4733827412,0.6309307814,-0.0212989859,1.0000000000
106,8.9170000000,right_hand,15,0.4730978310,0.6230129004,-0.0393539183,1.0000000000
107,9.0010000000,right_hand,15,0.4644429088,0.6129401326,-0.0586561076,1.0000000000
108,9.0860000000,right_hand,15,0.4857010841,0.5985635519,-0.0778104961,1.0000000000
109,9.1700000000,right_hand,15,0.4756633043,0.6117383838,-0.0699636638,1.0000000000
110,9.2540000000,right_hand,15,0.4752972722,0.6169387698,-0.0653422996,1.0000000000
111,9.3380000000,right_hand,15,0.4756417572,0.6218879223,-0.0545195341,1.0000000000
112,9.4220000000,right_hand,15,0.4747985005,0.6268761158,-0.0447011702,1.0000000000
113,9.5060000000,right_hand,15,0.4707493186,0.6029688120,-0.0392950475,1.0000000000
114,9.5900000000,right_hand,15,0.4683987200,0.5951321721,-0.0199167226,1.0000000000
115,9.6740000000,right_hand,15,0.4748579264,0.6106663942,-0.0260324161,1.0000000000
116,9.7590000000,right_hand,15,0.4678568840,0.6222447157,-0.0143925119,1.0000000000
117,9.8430000000,right_hand,15,0.4700374603,0.6370007396,-0.0176442787,1.0000000000
118,9.9270000000,right_hand,15,0.4656518102,0.6418748498,-0.0214888509,1.0000000000
119,10.0110000000,right_hand,15,0.4684223533,0.6440203190,-0.0276905978,1.0000000000
120,10.0950000000,right_hand,15,0.4711928964,0.6461657882,-0.0338923447,1.0000000000
121,10.1790000000,right_hand,15,0.4655950665,0.6491038203,-0.0320833772,1.0000000000
122,10.2630000000,right_hand,15,0.4697164297,0.6408994198,-0.0094383014,1.0000000000
123,10.3470000000,right_hand,15,0.4683347642,0.6454237103,-0.0176119320,1.0000000000
124,10.4320000000,right_hand,15,0.4708763063,0.6448822021,-0.0300107691,1.0000000000
125,10.5160000000,right_hand,15,0.4610025287,0.6589683294,-0.0160775445,1.0000000000
126,10.6000000000,right_hand,15,0.4649456143,0.6580789089,-0.0158504378,1.0000000000
127,10.6840000000,right_hand,15,0.4590764642,0.6768060327,-0.0185352154,1.0000000000
128,10.7680000000,right_hand,15,0.5790395141,0.6086833477,-0.0268555060,1.0000000000
129,10.8520000000,right_hand,15,0.4587186873,0.6855695844,-0.0181549937,1.0000000000
130,10.9360000000,right_hand,15,0.5889388323,0.6121945381,-0.0354529954,1.0000000000
131,11.0200000000,right_hand,15,0.5330591351,0.6305753291,-0.0351716448,1.0000000000
132,11.1050000000,right_hand,15,0.4771794379,0.6489561200,-0.0348902941,1.0000000000
133,11.1890000000,right_hand,15,0.4709052145,0.6422973871,-0.0159126073,1.0000000000
134,11.2730000000,right_hand,15,0.4739713073,0.6496095657,-0.0334846191,1.0000000000
135,11.3570000000,right_hand,15,0.4749856293,0.6462745070,-0.0261641983,1.0000000000
136,11.4410000000,right_hand,15,0.5727933049,0.5831949711,-0.0315945446,1.0000000000
137,11.5250000000,right_hand,15,0.5873222947,0.5966265202,-0.0247820728,1.0000000000
138,11.6090000000,right_hand,15,0.5904763937,0.6119602919,-0.0281228591,1.0000000000
139,11.6930000000,right_hand,15,0.4730377197,0.6230702400,-0.0186400134,1.0000000000
140,11.7780000000,right_hand,15,0.4793448448,0.6288239360,-0.0077392044,1.0000000000
141,11.8620000000,right_hand,15,0.4649448097,0.6306012273,-0.0316152014,1.0000000000
142,11.9460000000,right_hand,15,0.4607420266,0.6250293851,-0.0463889465,1.0000000000
60,5.0480000000,right_hand,16,0.5033972263,0.6181308627,-0.0303277615,1.0000000000
61,5.1320000000,right_hand,16,0.4944494963,0.6097632647,-0.0240510292,1.0000000000
62,5.2160000000,right_hand,16,0.4720677435,0.6258590221,-0.0154246604,1.0000000000
63,5.3000000000,right_hand,16,0.4820694625,0.6309087873,-0.0214085430,1.0000000000
64,5.3840000000,right_hand,16,0.4908371866,0.6363331676,-0.0294174775,1.0000000000
65,5.4680000000,right_hand,16,0.4989094734,0.6252708435,-0.0139681287,1.0000000000
66,5.5520000000,right_hand,16,0.4861751497,0.6549590230,-0.0248181298,1.0000000000
67,5.6360000000,right_hand,16,0.4816944897,0.6643229723,-0.0284942109,1.0000000000
68,5.7210000000,right_hand,16,0.4961957335,0.6476144791,-0.0226221047,1.0000000000
69,5.8050000000,right_hand,16,0.4828305542,0.6334886551,-0.0211469773,1.0000000000
70,5.8890000000,right_hand,16,0.4936660230,0.6279411316,-0.0135110477,1.0000000000
71,5.9730000000,right_hand,16,0.4811850488,0.6009894609,-0.0125296535,1.0000000000
72,6.0570000000,right_hand,16,0.5166095495,0.5464246869,-0.0199297071,1.0000000000
73,6.1410000000,right_hand,16,0.5245652795,0.5585973263,-0.0265341979,1.0000000000
74,6.2250000000,right_hand,16,0.5172687769,0.5683436394,-0.0205963161,1.0000000000
75,6.3090000000,right_hand,16,0.5240923762,0.5711154342,-0.0231279917,1.0000000000
76,6.3940000000,right_hand,16,0.5706548691,0.6094369888,-0.0232144129,1.0000000000
77,6.4780000000,right_hand,16,0.5137931108,0.5735436678,-0.0368231311,1.0000000000
78,6.5620000000,right_hand,16,0.5100287795,0.5903133154,-0.0402248055,1.0000000000
79,6.6460000000,right_hand,16,0.5077840090,0.6066182852,-0.0386467390,1.0000000000
80,6.7300000000,right_hand,16,0.5602537394,0.5912656784,-0.0311563350,1.0000000000
81,6.8140000000,right_hand,16,0.5016813278,0.5997929573,-0.0321241096,1.0000000000
82,6.8980000000,right_hand,16,0.4937902391,0.5895876884,-0.0669200122,1.0000000000
83,6.9820000000,right_hand,16,0.4796614647,0.5805059671,-0.0459203981,1.0000000000
84,7.0670000000,right_hand,16,0.4562356174,0.5990543365,-0.0413639769,1.0000000000
85,7.1510000000,right_hand,16,0.4453889132,0.6011306345,-0.0515010171,1.0000000000
86,7.2350000000,right_hand,16,0.4345422089,0.6032069325,-0.0616380572,1.0000000000
87,7.3190000000,right_hand,16,0.4254721701,0.6420215964,-0.0153233288,1.0000000000
88,7.4030000000,right_hand,16,0.4417657852,0.6441836953,-0.0194850359,1.0000000000
89,7.4870000000,right_hand,16,0.4671995342,0.6498289108,-0.0686570629,1.0000000000
90,7.5710000000,right_hand,16,0.4502506852,0.6477698088,-0.0389994830,1.0000000000
91,7.6550000000,right_hand,16,0.4785581529,0.6343628168,-0.0423668884,1.0000000000
92,7.7400000000,right_hand,16,0.4762066603,0.6311607361,-0.0608118996,1.0000000000
93,7.8240000000,right_hand,16,0.4729730189,0.6405648589,-0.0806586221,1.0000000000
94,7.9080000000,right_hand,16,0.4764517248,0.6355972886,-0.0420599878,1.0000000000
95,7.9920000000,right_hand,16,0.4717047811,0.6312891245,-0.0128676938,1.0000000000
96,8.0760000000,right_hand,16,0.4824073613,0.6202905178,-0.0429302938,1.0000000000
97,8.1600000000,right_hand,16,0.4736136198,0.6471904516,-0.0280093197,1.0000000000
98,8.2440000000,right_hand,16,0.4650281668,0.6535387635,-0.0189649537,1.0000000000
99,8.3280000000,right_hand,16,0.4814251959,0.6571050882,-0.0278361533,1.0000000000
100,8.4130000000,right_hand,16,0.4889187217,0.6500207186,-0.0290071480,1.0000000000
101,8.4970000000,right_hand,16,0.4865774810,0.6472105384,-0.0248272605,1.0000000000
102,8.5810000000,right_hand,16,0.4827132523,0.6580366492,-0.0211011264,1.0000000000
103,8.6650000000,right_hand,16,0.4812322259,0.6523325443,-0.0219524056,1.0000000000
104,8.7490000000,right_hand,16,0.4817218482,0.6288792491,-0.0045732991,1.0000000000
105,8.8330000000,right_hand,16,0.4806884825,0.6233918071,-0.0203544553,1.0000000000
106,8.9170000000,right_hand,16,0.4816319346,0.6149086356,-0.0362588130,1.0000000000
107,9.0010000000,right_hand,16,0.4756462872,0.6063053608,-0.0581655018,1.0000000000
108,9.0860000000,right_hand,16,0.5030380487,0.5963734984,-0.0785754025,1.0000000000
109,9.1700000000,right_hand,16,0.4886154830,0.6077447534,-0.0698795170,1.0000000000
110,9.2540000000,right_hand,16,0.4832237959,0.6107753515,-0.0632259101,1.0000000000
111,9.3380000000,right_hand,16,0.4863244295,0.6190714240,-0.0523783416,1.0000000000
112,9.4220000000,right_hand,16,0.4870675206,0.6252567172,-0.0431836285,1.0000000000
113,9.5060000000,right_hand,16,0.4845935106,0.6051092744,-0.0399208292,1.0000000000
114,9.5900000000,right_hand,16,0.4764478207,0.5946999788,-0.0200888757,1.0000000000
115,9.6740000000,right_hand,16,0.4827030003,0.6116863489,-0.0249853432,1.0000000000
116,9.7590000000,right_hand,16,0.4753387272,0.6249716878,-0.0142938979,1.0000000000
117,9.8430000000,right_hand,16,0.4797243178,0.6355032921,-0.0182074662,1.0000000000
118,9.9270000000,right_hand,16,0.4747866690,0.6432062387,-0.0216852818,1.0000000000
119,10.0110000000,right_hand,16,0.4749123454,0.6388424635,-0.0268290779,1.0000000000
120,10.0950000000,right_hand,16,0.4750380218,0.6344786882,-0.0319728740,1.0000000000
121,10.1790000000,right_hand,16,0.4736713469,0.6411414146,-0.0310587510,1.0000000000
122,10.2630000000,right_hand,16,0.4677340984,0.6295314431,-0.0078241946,1.0000000000
123,10.3470000000,right_hand,16,0.4714097083,0.6344524622,-0.0156568885,1.0000000000
124,10.4320000000,right_hand,16,0.4807251096,0.6413869262,-0.0290785339,1.0000000000
125,10.5160000000,right_hand,16,0.4707868099,0.6621014476,-0.0153114758,1.0000000000
126,10.6000000000,right_hand,16,0.4746190310,0.6629213691,-0.0151366293,1.0000000000
127,10.6840000000,right_hand,16,0.4687077403,0.6809070706,-0.0176763274,1.0000000000
128,10.7680000000,right_hand,16,0.5665140748,0.6206975579,-0.0270528849,1.0000000000
129,10.8520000000,right_hand,16,0.4689527154,0.6900339127,-0.0184802786,1.0000000000
130,10.9360000000,right_hand,16,0.5762757659,0.6236428618,-0.0365689285,1.0000000000
131,11.0200000000,right_hand,16,0.5318070203,0.6365558505,-0.0343667101,1.0000000000
132,11.1050000000,right_hand,16,0.4873382747,0.6494688392,-0.0321644917,1.0000000000
133,11.1890000000,right_hand,16,0.4805491269,0.6454672217,-0.0155211696,1.0000000000
134,11.2730000000,right_hand,16,0.4884592295,0.6553014517,-0.0325986631,1.0000000000
135,11.3570000000,right_hand,16,0.4873484671,0.6506907344,-0.0252171196,1.0000000000
136,11.4410000000,right_hand,16,0.5642799735,0.5939014554,-0.0314471908,1.0000000000
137,11.5250000000,right_hand,16,0.5882175565,0.6036683917,-0.0222837124,1.0000000000
138,11.6090000000,right_hand,16,0.5947399139,0.6097739339,-0.0256100725,1.0000000000
139,11.6930000000,right_hand,16,0.4783262312,0.6201236844,-0.0174065866,1.0000000000
140,11.7780000000,right_hand,16,0.4820524752,0.6217253804,-0.0037774227,1.0000000000
141,11.8620000000,right_hand,16,0.4754067063,0.6338705420,-0.0299143065,1.0000000000
142,11.9460000000,right_hand,16,0.4740068913,0.6333034039,-0.0449093543,1.0000000000
60,5.0480000000,right_hand,17,0.4458751976,0.6474821568,-0.0209499653,1.0000000000
61,5.1320000000,right_hand,17,0.4471607208,0.6423401237,-0.0212769024,1.0000000000
62,5.2160000000,right_hand,17,0.4368982911,0.6313772202,-0.0156518649,1.0000000000
63,5.3000000000,right_hand,17,0.4342149496,0.6112738848,-0.0179587845,1.0000000000
64,5.3840000000,right_hand,17,0.4304018915,0.6311280727,-0.0294368491,1.0000000000
65,5.4680000000,right_hand,17,0.4403989315,0.6247079372,-0.0112573793,1.0000000000
66,5.5520000000,right_hand,17,0.4271704555,0.6229220033,-0.0223392379,1.0000000000
67,5.6360000000,right_hand,17,0.4235693812,0.6267521381,-0.0229962803,1.0000000000
68,5.7210000000,right_hand,17,0.4365664423,0.6216745377,-0.0203359779,1.0000000000
69,5.8050000000,right_hand,17,0.4260577559,0.6189864874,-0.0252246279,1.0000000000
70,5.8890000000,right_hand,17,0.4373912811,0.6311730146,-0.0137773259,1.0000000000
71,5.9730000000,right_hand,17,0.4473746717,0.6424717903,-0.0186711848,1.0000000000
72,6.0570000000,right_hand,17,0.4502123296,0.6237333417,-0.0179364663,1.0000000000
73,6.1410000000,right_hand,17,0.4518272877,0.6434183717,-0.0275539011,1.0000000000
74,6.2250000000,right_hand,17,0.4498846829,0.6475890279,-0.0185822472,1.0000000000
75,6.3090000000,right_hand,17,0.4466535151,0.6508290768,-0.0233813003,1.0000000000
76,6.3940000000,right_hand,17,0.6178557277,0.6867716908,-0.0244029034,1.0000000000
77,6.4780000000,right_hand,17,0.4414915144,0.6584630013,-0.0261618290,1.0000000000
78,6.5620000000,right_hand,17,0.4366372228,0.6701104641,-0.0308321435,1.0000000000
79,6.6460000000,right_hand,17,0.4354217649,0.6840133071,-0.0270926356,1.0000000000
80,6.7300000000,right_hand,17,0.6188384295,0.6851263046,-0.0313237235,1.0000000000
81,6.8140000000,right_hand,17,0.4322940111,0.6736280322,-0.0204831921,1.0000000000
82,6.8980000000,right_hand,17,0.4245839715,0.6645479202,-0.0406815782,1.0000000000
83,6.9820000000,right_hand,17,0.4282902479,0.6640558243,-0.0266341753,1.0000000000
84,7.0670000000,right_hand,17,0.4285733998,0.6862079501,-0.0257931817,1.0000000000
85,7.1510000000,right_hand,17,0.4088344723,0.6925518811,-0.0320260962,1.0000000000
86,7.2350000000,right_hand,17,0.3890955448,0.6988958120,-0.0382590108,1.0000000000
87,7.3190000000,right_hand,17,0.3863188922,0.6836483479,-0.0153331188,1.0000000000
88,7.4030000000,right_hand,17,0.4042761028,0.6732882261,-0.0150126824,1.0000000000
89,7.4870000000,right_hand,17,0.4222653508,0.6699775457,-0.0307249576,1.0000000000
90,7.5710000000,right_hand,17,0.4411761761,0.6686338186,-0.0220783856,1.0000000000
91,7.6550000000,right_hand,17,0.4149535894,0.6914098263,-0.0412202217,1.0000000000
92,7.7400000000,right_hand,17,0.4230494201,0.6892919540,-0.0505503416,1.0000000000
93,7.8240000000,right_hand,17,0.4235642552,0.6834049821,-0.0566972867,1.0000000000
94,7.9080000000,right_hand,17,0.4251326025,0.6948843002,-0.0295753554,1.0000000000
95,7.9920000000,right_hand,17,0.4212574661,0.6768803596,-0.0095461346,1.0000000000
96,8.0760000000,right_hand,17,0.4118998945,0.6752769947,-0.0280034393,1.0000000000
97,8.1600000000,right_hand,17,0.4089712501,0.6733802557,-0.0211812872,1.0000000000
98,8.2440000000,right_hand,17,0.4031983316,0.6709501147,-0.0224221442,1.0000000000
99,8.3280000000,right_hand,17,0.4123953283,0.6751277447,-0.0210029650,1.0000000000
100,8.4130000000,right_hand,17,0.4143982232,0.6710167527,-0.0210313275,1.0000000000
101,8.4970000000,right_hand,17,0.4137138426,0.6611737609,-0.0178765692,1.0000000000
102,8.5810000000,right_hand,17,0.4140109718,0.6679255962,-0.0180077124,1.0000000000
103,8.6650000000,right_hand,17,0.4134040773,0.6641567945,-0.0174227208,1.0000000000
104,8.7490000000,right_hand,17,0.4314936697,0.6628200412,-0.0063432516,1.0000000000
105,8.8330000000,right_hand,17,0.4339601099,0.6651593447,-0.0156760160,1.0000000000
106,8.9170000000,right_hand,17,0.4208550155,0.6542145014,-0.0343034118,1.0000000000
107,9.0010000000,right_hand,17,0.4246007800,0.6529040933,-0.0404912084,1.0000000000
108,9.0860000000,right_hand,17,0.4207747877,0.6401491761,-0.0597790144,1.0000000000
109,9.1700000000,right_hand,17,0.4210363925,0.6446989775,-0.0514680333,1.0000000000
110,9.2540000000,right_hand,17,0.4234976768,0.6466041803,-0.0503961332,1.0000000000
111,9.3380000000,right_hand,17,0.4285344779,0.6545425653,-0.0440217778,1.0000000000
112,9.4220000000,right_hand,17,0.4283065796,0.6492058039,-0.0373581834,1.0000000000
113,9.5060000000,right_hand,17,0.4273662269,0.6019449234,-0.0288196728,1.0000000000
114,9.5900000000,right_hand,17,0.4352526367,0.5857722163,-0.0146997413,1.0000000000
115,9.6740000000,right_hand,17,0.4355344176,0.5894087553,-0.0205273256,1.0000000000
116,9.7590000000,right_hand,17,0.4382384717,0.6056805849,-0.0096177841,1.0000000000
117,9.8430000000,right_hand,17,0.4370354116,0.6525541544,-0.0124462079,1.0000000000
118,9.9270000000,right_hand,17,0.4332838058,0.6548663974,-0.0156503152,1.0000000000
119,10.0110000000,right_hand,17,0.4332194328,0.6582361162,-0.0196120804,1.0000000000
120,10.0950000000,right_hand,17,0.4331550598,0.6616058350,-0.0235738456,1.0000000000
121,10.1790000000,right_hand,17,0.4240614474,0.6588215232,-0.0240825452,1.0000000000
122,10.2630000000,right_hand,17,0.4397286177,0.6743482351,-0.0047563394,1.0000000000
123,10.3470000000,right_hand,17,0.4313877821,0.6635925770,-0.0136965737,1.0000000000
124,10.4320000000,right_hand,17,0.4236730933,0.6567892432,-0.0244188905,1.0000000000
125,10.5160000000,right_hand,17,0.4208132923,0.6526892185,-0.0145878047,1.0000000000
126,10.6000000000,right_hand,17,0.4235043526,0.6519396305,-0.0150279580,1.0000000000
127,10.6840000000,right_hand,17,0.4215702415,0.6650485396,-0.0159596670,1.0000000000
128,10.7680000000,right_hand,17,0.6204038262,0.5760769844,-0.0185343307,1.0000000000
129,10.8520000000,right_hand,17,0.4211936593,0.6667139530,-0.0119417282,1.0000000000
130,10.9360000000,right_hand,17,0.6261818409,0.5681490302,-0.0225676689,1.0000000000
131,11.0200000000,right_hand,17,0.5252561420,0.5991504192,-0.0275775651,1.0000000000
132,11.1050000000,right_hand,17,0.4243304431,0.6301518083,-0.0325874612,1.0000000000
133,11.1890000000,right_hand,17,0.4281265736,0.6315244436,-0.0140758222,1.0000000000
134,11.2730000000,right_hand,17,0.4212168455,0.6413581967,-0.0291719548,1.0000000000
135,11.3570000000,right_hand,17,0.4268406034,0.6390992403,-0.0247970764,1.0000000000
136,11.4410000000,right_hand,17,0.6182136536,0.5501391888,-0.0193984900,1.0000000000
137,11.5250000000,right_hand,17,0.6222662926,0.5572554469,-0.0186950620,1.0000000000
138,11.6090000000,right_hand,17,0.6266950369,0.6045817137,-0.0255871471,1.0000000000
139,11.6930000000,right_hand,17,0.4308208227,0.6361827850,-0.0167310219,1.0000000000
140,11.7780000000,right_hand,17,0.4329822659,0.6534082294,-0.0116942776,1.0000000000
141,11.8620000000,right_hand,17,0.4165613949,0.6441076398,-0.0288099069,1.0000000000
142,11.9460000000,right_hand,17,0.3976972997,0.6291973591,-0.0414539948,1.0000000000
60,5.0480000000,right_hand,18,0.4691364169,0.6533802152,-0.0271123964,1.0000000000
61,5.1320000000,right_hand,18,0.4683483839,0.6473047137,-0.0268037561,1.0000000000
62,5.2160000000,right_hand,18,0.4546928406,0.6432968974,-0.0200107861,1.0000000000
63,5.3000000000,right_hand,18,0.4474978447,0.6309170127,-0.0221076403,1.0000000000
64,5.3840000000,right_hand,18,0.4536872506,0.6481565237,-0.0326681882,1.0000000000
65,5.4680000000,right_hand,18,0.4602252543,0.6431499720,-0.0131630255,1.0000000000
66,5.5520000000,right_hand,18,0.4450254738,0.6505641937,-0.0268276948,1.0000000000
67,5.6360000000,right_hand,18,0.4444281459,0.6551309228,-0.0266696252,1.0000000000
68,5.7210000000,right_hand,18,0.4580107331,0.6441726685,-0.0245500281,1.0000000000
69,5.8050000000,right_hand,18,0.4495795071,0.6477700472,-0.0276188664,1.0000000000
70,5.8890000000,right_hand,18,0.4614542127,0.6483589411,-0.0153272701,1.0000000000
71,5.9730000000,right_hand,18,0.4786189795,0.6375693083,-0.0215813015,1.0000000000
72,6.0570000000,right_hand,18,0.4807009399,0.6080433130,-0.0231949557,1.0000000000
73,6.1410000000,right_hand,18,0.4895046949,0.6268395185,-0.0315610692,1.0000000000
74,6.2250000000,right_hand,18,0.4838344753,0.6280798912,-0.0237601493,1.0000000000
75,6.3090000000,right_hand,18,0.4824812412,0.6317929029,-0.0272306297,1.0000000000
76,6.3940000000,right_hand,18,0.5885502100,0.6709318161,-0.0273152143,1.0000000000
77,6.4780000000,right_hand,18,0.4768952429,0.6407477856,-0.0341805331,1.0000000000
78,6.5620000000,right_hand,18,0.4737481177,0.6567867994,-0.0384087935,1.0000000000
79,6.6460000000,right_hand,18,0.4710786343,0.6704682112,-0.0345567241,1.0000000000
80,6.7300000000,right_hand,18,0.5869259834,0.6659011245,-0.0348608978,1.0000000000
81,6.8140000000,right_hand,18,0.4637204707,0.6632294655,-0.0260605328,1.0000000000
82,6.8980000000,right_hand,18,0.4539350867,0.6459534168,-0.0533918254,1.0000000000
83,6.9820000000,right_hand,18,0.4508850574,0.6505510211,-0.0360869169,1.0000000000
84,7.0670000000,right_hand,18,0.4434394240,0.6610248089,-0.0347356349,1.0000000000
85,7.1510000000,right_hand,18,0.4300859720,0.6732393503,-0.0423872657,1.0000000000
86,7.2350000000,right_hand,18,0.4167325199,0.6854538918,-0.0500388965,1.0000000000
87,7.3190000000,right_hand,18,0.4124931693,0.6913325191,-0.0192275383,1.0000000000
88,7.4030000000,right_hand,18,0.4326528013,0.6718471050,-0.0193033572,1.0000000000
89,7.4870000000,right_hand,18,0.4380823970,0.6812568307,-0.0446663946,1.0000000000
90,7.5710000000,right_hand,18,0.4561797082,0.6785441637,-0.0359908938,1.0000000000
91,7.6550000000,right_hand,18,0.4525758922,0.6921001673,-0.0488308296,1.0000000000
92,7.7400000000,right_hand,18,0.4447853267,0.6925427914,-0.0646451935,1.0000000000
93,7.8240000000,right_hand,18,0.4415820241,0.6941941381,-0.0685235485,1.0000000000
94,7.9080000000,right_hand,18,0.4464568198,0.6967405677,-0.0377901196,1.0000000000
95,7.9920000000,right_hand,18,0.4450857639,0.6800488830,-0.0127953440,1.0000000000
96,8.0760000000,right_hand,18,0.4423041344,0.6737360358,-0.0350775719,1.0000000000
97,8.1600000000,right_hand,18,0.4349832535,0.6876866817,-0.0257638711,1.0000000000
98,8.2440000000,right_hand,18,0.4311658144,0.6878231168,-0.0244543254,1.0000000000
99,8.3280000000,right_hand,18,0.4393882751,0.6833667755,-0.0264156815,1.0000000000
100,8.4130000000,right_hand,18,0.4427853227,0.6740080714,-0.0260977503,1.0000000000
101,8.4970000000,right_hand,18,0.4389354885,0.6704339981,-0.0219349395,1.0000000000
102,8.5810000000,right_hand,18,0.4404959977,0.6811394095,-0.0219075587,1.0000000000
103,8.6650000000,right_hand,18,0.4398467839,0.6715764403,-0.0214570519,1.0000000000
104,8.7490000000,right_hand,18,0.4529356360,0.6648691893,-0.0073237959,1.0000000000
105,8.8330000000,right_hand,18,0.4538567662,0.6680045128,-0.0198508035,1.0000000000
106,8.9170000000,right_hand,18,0.4458396733,0.6611640453,-0.0403930582,1.0000000000
107,9.0010000000,right_hand,18,0.4448791444,0.6552664638,-0.0526879951,1.0000000000
108,9.0860000000,right_hand,18,0.4473012388,0.6416282058,-0.0719646290,1.0000000000
109,9.1700000000,right_hand,18,0.4464989901,0.6521685719,-0.0645482317,1.0000000000
110,9.2540000000,right_hand,18,0.4493685365,0.6562103033,-0.0618636608,1.0000000000
111,9.3380000000,right_hand,18,0.4515455663,0.6595203876,-0.0546114333,1.0000000000
112,9.4220000000,right_hand,18,0.4510433674,0.6577312946,-0.0460829251,1.0000000000
113,9.5060000000,right_hand,18,0.4467223585,0.6044437885,-0.0347619578,1.0000000000
114,9.5900000000,right_hand,18,0.4499370456,0.5761163235,-0.0169902481,1.0000000000
115,9.6740000000,right_hand,18,0.4561334848,0.5906376839,-0.0241625663,1.0000000000
116,9.7590000000,right_hand,18,0.4525421858,0.6075695753,-0.0126450807,1.0000000000
117,9.8430000000,right_hand,18,0.4524590373,0.6573938131,-0.0162011813,1.0000000000
118,9.9270000000,right_hand,18,0.4472286701,0.6576148272,-0.0200365204,1.0000000000
119,10.0110000000,right_hand,18,0.4509402215,0.6623014808,-0.0254238797,1.0000000000
120,10.0950000000,right_hand,18,0.4546517730,0.6669881344,-0.0308112390,1.0000000000
121,10.1790000000,right_hand,18,0.4467105269,0.6654844880,-0.0286387987,1.0000000000
122,10.2630000000,right_hand,18,0.4591018856,0.6703473926,-0.0085679423,1.0000000000
123,10.3470000000,right_hand,18,0.4511815608,0.6678211689,-0.0176859442,1.0000000000
124,10.4320000000,right_hand,18,0.4452985823,0.6666893363,-0.0296079852,1.0000000000
125,10.5160000000,right_hand,18,0.4389146864,0.6682938933,-0.0168157611,1.0000000000
126,10.6000000000,right_hand,18,0.4427633286,0.6670340300,-0.0169072971,1.0000000000
127,10.6840000000,right_hand,18,0.4367562234,0.6807640791,-0.0184930097,1.0000000000
128,10.7680000000,right_hand,18,0.5975372195,0.5835047364,-0.0240861829,1.0000000000
129,10.8520000000,right_hand,18,0.4356498122,0.6846261621,-0.0156941079,1.0000000000
130,10.9360000000,right_hand,18,0.6047708988,0.5813213587,-0.0291227829,1.0000000000
131,11.0200000000,right_hand,18,0.5256859213,0.6185102463,-0.0331885172,1.0000000000
132,11.1050000000,right_hand,18,0.4466009438,0.6556991339,-0.0372542515,1.0000000000
133,11.1890000000,right_hand,18,0.4478723705,0.6467271447,-0.0160353538,1.0000000000
134,11.2730000000,right_hand,18,0.4449004829,0.6573351622,-0.0336982906,1.0000000000
135,11.3570000000,right_hand,18,0.4488089979,0.6560035944,-0.0280873477,1.0000000000
136,11.4410000000,right_hand,18,0.5926724076,0.5519134402,-0.0270267744,1.0000000000
137,11.5250000000,right_hand,18,0.5976476073,0.5678104758,-0.0240558144,1.0000000000
138,11.6090000000,right_hand,18,0.6014663577,0.6187474132,-0.0306381453,1.0000000000
139,11.6930000000,right_hand,18,0.4529712796,0.6391000748,-0.0191195626,1.0000000000
140,11.7780000000,right_hand,18,0.4589949548,0.6602299213,-0.0114328722,1.0000000000
141,11.8620000000,right_hand,18,0.4410709143,0.6518225670,-0.0323728882,1.0000000000
142,11.9460000000,right_hand,18,0.4285339713,0.6407058835,-0.0465203077,1.0000000000
60,5.0480000000,right_hand,19,0.4838476777,0.6479974389,-0.0286304820,1.0000000000
61,5.1320000000,right_hand,19,0.4796298742,0.6403340101,-0.0260463674,1.0000000000
62,5.2160000000,right_hand,19,0.4603033662,0.6460081935,-0.0197244324,1.0000000000
63,5.3000000000,right_hand,19,0.4555730820,0.6433276534,-0.0224155914,1.0000000000
64,5.3840000000,right_hand,19,0.4667924345,0.6527696252,-0.0297779776,1.0000000000
65,5.4680000000,right_hand,19,0.4730554521,0.6480777264,-0.0118030654,1.0000000000
66,5.5520000000,right_hand,19,0.4565187991,0.6613618135,-0.0260179732,1.0000000000
67,5.6360000000,right_hand,19,0.4575123787,0.6666559577,-0.0255539175,1.0000000000
68,5.7210000000,right_hand,19,0.4708630145,0.6563181877,-0.0236680768,1.0000000000
69,5.8050000000,right_hand,19,0.4613701403,0.6528922319,-0.0250970665,1.0000000000
70,5.8890000000,right_hand,19,0.4750835299,0.6486302614,-0.0138922073,1.0000000000
71,5.9730000000,right_hand,19,0.4809992015,0.6237329245,-0.0167090837,1.0000000000
72,6.0570000000,right_hand,19,0.4956362247,0.5902150273,-0.0222456213,1.0000000000
73,6.1410000000,right_hand,19,0.5062077045,0.6079997420,-0.0277329534,1.0000000000
74,6.2250000000,right_hand,19,0.4981941581,0.6090352535,-0.0226383358,1.0000000000
75,6.3090000000,right_hand,19,0.4993393421,0.6145251393,-0.0239671506,1.0000000000
76,6.3940000000,right_hand,19,0.5777781606,0.6539310217,-0.0239164513,1.0000000000
77,6.4780000000,right_hand,19,0.4936495721,0.6188842058,-0.0339848027,1.0000000000
78,6.5620000000,right_hand,19,0.4919677079,0.6338267326,-0.0372478738,1.0000000000
79,6.6460000000,right_hand,19,0.4889222085,0.6473501921,-0.0350273959,1.0000000000
80,6.7300000000,right_hand,19,0.5720063448,0.6453045607,-0.0328548327,1.0000000000
81,6.8140000000,right_hand,19,0.4822198749,0.6471329331,-0.0272488352,1.0000000000
82,6.8980000000,right_hand,19,0.4716548920,0.6279938817,-0.0577581078,1.0000000000
83,6.9820000000,right_hand,19,0.4643837810,0.6354027390,-0.0393192843,1.0000000000
84,7.0670000000,right_hand,19,0.4510504305,0.6411719918,-0.0358802974,1.0000000000
85,7.1510000000,right_hand,19,0.4404472411,0.6516733468,-0.0443900619,1.0000000000
86,7.2350000000,right_hand,19,0.4298440516,0.6621747017,-0.0528998263,1.0000000000
87,7.3190000000,right_hand,19,0.4232288897,0.6821738482,-0.0177765321,1.0000000000
88,7.4030000000,right_hand,19,0.4373091757,0.6664565206,-0.0172734223,1.0000000000
89,7.4870000000,right_hand,19,0.4507355094,0.6790301800,-0.0527675264,1.0000000000
90,7.5710000000,right_hand,19,0.4498319924,0.6739151478,-0.0360449441,1.0000000000
91,7.6550000000,right_hand,19,0.4674397111,0.6746367216,-0.0437395088,1.0000000000
92,7.7400000000,right_hand,19,0.4617416561,0.6769313812,-0.0621070266,1.0000000000
93,7.8240000000,right_hand,19,0.4560854435,0.6829119921,-0.0687834471,1.0000000000
94,7.9080000000,right_hand,19,0.4612513185,0.6851575375,-0.0395697802,1.0000000000
95,7.9920000000,right_hand,19,0.4587075710,0.6693049669,-0.0115763489,1.0000000000
96,8.0760000000,right_hand,19,0.4600369334,0.6613748074,-0.0354615077,1.0000000000
97,8.1600000000,right_hand,19,0.4516378045,0.6845054626,-0.0258414466,1.0000000000
98,8.2440000000,right_hand,19,0.4463050365,0.6848257184,-0.0212575831,1.0000000000
99,8.3280000000,right_hand,19,0.4558245540,0.6804249287,-0.0265661236,1.0000000000
100,8.4130000000,right_hand,19,0.4605565369,0.6690132618,-0.0263299458,1.0000000000
101,8.4970000000,right_hand,19,0.4557727575,0.6692012548,-0.0228871144,1.0000000000
102,8.5810000000,right_hand,19,0.4570667744,0.6820029616,-0.0211096313,1.0000000000
103,8.6650000000,right_hand,19,0.4559473395,0.6715165973,-0.0217453837,1.0000000000
104,8.7490000000,right_hand,19,0.4658890367,0.6581115127,-0.0065215272,1.0000000000
105,8.8330000000,right_hand,19,0.4646985829,0.6622669101,-0.0198100787,1.0000000000
106,8.9170000000,right_hand,19,0.4598375261,0.6560889482,-0.0388907418,1.0000000000
107,9.0010000000,right_hand,19,0.4596159160,0.6486136317,-0.0556073003,1.0000000000
108,9.0860000000,right_hand,19,0.4620699286,0.6361887455,-0.0720832199,1.0000000000
109,9.1700000000,right_hand,19,0.4618757665,0.6520861387,-0.0660345480,1.0000000000
110,9.2540000000,right_hand,19,0.4633450508,0.6540614963,-0.0622070357,1.0000000000
111,9.3380000000,right_hand,19,0.4663713872,0.6552186608,-0.0557386279,1.0000000000
112,9.4220000000,right_hand,19,0.4657081068,0.6591823101,-0.0467381030,1.0000000000
113,9.5060000000,right_hand,19,0.4610561430,0.6075949669,-0.0363109112,1.0000000000
114,9.5900000000,right_hand,19,0.4601104259,0.5720150471,-0.0172370169,1.0000000000
115,9.6740000000,right_hand,19,0.4679018855,0.5931973457,-0.0239028893,1.0000000000
116,9.7590000000,right_hand,19,0.4610091448,0.6103772521,-0.0129204495,1.0000000000
117,9.8430000000,right_hand,19,0.4626188576,0.6582520604,-0.0173101332,1.0000000000
118,9.9270000000,right_hand,19,0.4573011696,0.6568930745,-0.0207518805,1.0000000000
119,10.0110000000,right_hand,19,0.4613899291,0.6587236822,-0.0263624070,1.0000000000
120,10.0950000000,right_hand,19,0.4654786885,0.6605542898,-0.0319729336,1.0000000000
121,10.1790000000,right_hand,19,0.4598927200,0.6614986658,-0.0291861221,1.0000000000
122,10.2630000000,right_hand,19,0.4637975991,0.6606283784,-0.0085719777,1.0000000000
123,10.3470000000,right_hand,19,0.4615782201,0.6612015367,-0.0176904872,1.0000000000
124,10.4320000000,right_hand,19,0.4586694539,0.6652452946,-0.0298379008,1.0000000000
125,10.5160000000,right_hand,19,0.4508867264,0.6754965782,-0.0159243550,1.0000000000
126,10.6000000000,right_hand,19,0.4539578557,0.6743701696,-0.0156680327,1.0000000000
127,10.6840000000,right_hand,19,0.4465523064,0.6878280640,-0.0171897300,1.0000000000
128,10.7680000000,right_hand,19,0.5838751793,0.5913587809,-0.0239939466,1.0000000000
129,10.8520000000,right_hand,19,0.4468738139,0.6934653521,-0.0162791386,1.0000000000
130,10.9360000000,right_hand,19,0.5908128023,0.5924752951,-0.0304820724,1.0000000000
131,11.0200000000,right_hand,19,0.5257359892,0.6289371252,-0.0331198685,1.0000000000
132,11.1050000000,right_hand,19,0.4606591761,0.6653989553,-0.0357576646,1.0000000000
133,11.1890000000,right_hand,19,0.4605541527,0.6541669369,-0.0160544161,1.0000000000
134,11.2730000000,right_hand,19,0.4606075585,0.6657183170,-0.0327902772,1.0000000000
135,11.3570000000,right_hand,19,0.4621975720,0.6638441086,-0.0264041405,1.0000000000
136,11.4410000000,right_hand,19,0.5782189369,0.5610161424,-0.0288833845,1.0000000000
137,11.5250000000,right_hand,19,0.5909195542,0.5768592358,-0.0233469866,1.0000000000
138,11.6090000000,right_hand,19,0.5967006087,0.6190631986,-0.0284874886,1.0000000000
139,11.6930000000,right_hand,19,0.4632421136,0.6361031532,-0.0177890714,1.0000000000
140,11.7780000000,right_hand,19,0.4687062502,0.6521041989,-0.0076184394,1.0000000000
141,11.8620000000,right_hand,19,0.4549361467,0.6526911259,-0.0309375208,1.0000000000
142,11.9460000000,right_hand,19,0.4458787739,0.6483773589,-0.0440089330,1.0000000000
60,5.0480000000,right_hand,20,0.4926540554,0.6369758844,-0.0287510715,1.0000000000
61,5.1320000000,right_hand,20,0.4848345518,0.6305482984,-0.0240384415,1.0000000000
62,5.2160000000,right_hand,20,0.4610338509,0.6470241547,-0.0188470278,1.0000000000
63,5.3000000000,right_hand,20,0.4612297118,0.6523475647,-0.0220832732,1.0000000000
64,5.3840000000,right_hand,20,0.4753510952,0.6534462571,-0.0273452401,1.0000000000
65,5.4680000000,right_hand,20,0.4820965827,0.6471308470,-0.0103870956,1.0000000000
66,5.5520000000,right_hand,20,0.4655817747,0.6646429300,-0.0244667716,1.0000000000
67,5.6360000000,right_hand,20,0.4668786526,0.6719488502,-0.0243075043,1.0000000000
68,5.7210000000,right_hand,20,0.4806861281,0.6627499461,-0.0223235860,1.0000000000
69,5.8050000000,right_hand,20,0.4688932598,0.6509251595,-0.0230110437,1.0000000000
70,5.8890000000,right_hand,20,0.4827971458,0.6441099048,-0.0122375600,1.0000000000
71,5.9730000000,right_hand,20,0.4749916196,0.6179079413,-0.0115672555,1.0000000000
72,6.0570000000,right_hand,20,0.5046545863,0.5768352747,-0.0199192353,1.0000000000
73,6.1410000000,right_hand,20,0.5147188306,0.5899239779,-0.0228818152,1.0000000000
74,6.2250000000,right_hand,20,0.5056960583,0.5923123360,-0.0203993544,1.0000000000
75,6.3090000000,right_hand,20,0.5105065703,0.6002282500,-0.0197247490,1.0000000000
76,6.3940000000,right_hand,20,0.5732299685,0.6421800256,-0.0204826128,1.0000000000
77,6.4780000000,right_hand,20,0.5036584735,0.5988023281,-0.0320648886,1.0000000000
78,6.5620000000,right_hand,20,0.5018574595,0.6110612750,-0.0346470885,1.0000000000
79,6.6460000000,right_hand,20,0.4999683201,0.6243580580,-0.0341634117,1.0000000000
80,6.7300000000,right_hand,20,0.5631998181,0.6287308931,-0.0306134019,1.0000000000
81,6.8140000000,right_hand,20,0.4953153729,0.6290845871,-0.0275110658,1.0000000000
82,6.8980000000,right_hand,20,0.4843029082,0.6094779968,-0.0602900833,1.0000000000
83,6.9820000000,right_hand,20,0.4745838344,0.6158188581,-0.0411977731,1.0000000000
84,7.0670000000,right_hand,20,0.4549917579,0.6243093610,-0.0360360071,1.0000000000
85,7.1510000000,right_hand,20,0.4454015791,0.6325757802,-0.0451936945,1.0000000000
86,7.2350000000,right_hand,20,0.4358114004,0.6408421993,-0.0543513820,1.0000000000
87,7.3190000000,right_hand,20,0.4265252352,0.6709465981,-0.0154225277,1.0000000000
88,7.4030000000,right_hand,20,0.4365470707,0.6625467539,-0.0145563902,1.0000000000
89,7.4870000000,right_hand,20,0.4589721262,0.6688222289,-0.0583941378,1.0000000000
90,7.5710000000,right_hand,20,0.4417707920,0.6677951217,-0.0340241008,1.0000000000
91,7.6550000000,right_hand,20,0.4707729220,0.6600090265,-0.0390873030,1.0000000000
92,7.7400000000,right_hand,20,0.4704683721,0.6608752012,-0.0582596473,1.0000000000
93,7.8240000000,right_hand,20,0.4641728103,0.6706111431,-0.0696518198,1.0000000000
94,7.9080000000,right_hand,20,0.4703013301,0.6703867912,-0.0406315997,1.0000000000
95,7.9920000000,right_hand,20,0.4660076797,0.6571370363,-0.0098588914,1.0000000000
96,8.0760000000,right_hand,20,0.4712300897,0.6446959972,-0.0346269533,1.0000000000
97,8.1600000000,right_hand,20,0.4629811645,0.6744223237,-0.0248339567,1.0000000000
98,8.2440000000,right_hand,20,0.4546407163,0.6768286228,-0.0176678840,1.0000000000
99,8.3280000000,right_hand,20,0.4679664075,0.6730855703,-0.0254715662,1.0000000000
100,8.4130000000,right_hand,20,0.4733045101,0.6610763073,-0.0250982698,1.0000000000
101,8.4970000000,right_hand,20,0.4682927728,0.6625552177,-0.0228001792,1.0000000000
102,8.5810000000,right_hand,20,0.4696096182,0.6768059731,-0.0196201801,1.0000000000
103,8.6650000000,right_hand,20,0.4683492482,0.6666764021,-0.0211731624,1.0000000000
104,8.7490000000,right_hand,20,0.4740724564,0.6507013440,-0.0051956163,1.0000000000
105,8.8330000000,right_hand,20,0.4707969129,0.6540279984,-0.0186011419,1.0000000000
106,8.9170000000,right_hand,20,0.4680196345,0.6463676691,-0.0360427536,1.0000000000
107,9.0010000000,right_hand,20,0.4695658088,0.6373069286,-0.0558105148,1.0000000000
108,9.0860000000,right_hand,20,0.4735198021,0.6297217607,-0.0719584674,1.0000000000
109,9.1700000000,right_hand,20,0.4719714820,0.6460335255,-0.0657185763,1.0000000000
110,9.2540000000,right_hand,20,0.4717893302,0.6462871432,-0.0607628897,1.0000000000
111,9.3380000000,right_hand,20,0.4767621756,0.6460161209,-0.0552890711,1.0000000000
112,9.4220000000,right_hand,20,0.4788350761,0.6563705206,-0.0462762825,1.0000000000
113,9.5060000000,right_hand,20,0.4716862142,0.6113386154,-0.0370063148,1.0000000000
114,9.5900000000,right_hand,20,0.4676661193,0.5704164505,-0.0171460100,1.0000000000
115,9.6740000000,right_hand,20,0.4763357937,0.5951218605,-0.0231804997,1.0000000000
116,9.7590000000,right_hand,20,0.4673455656,0.6132621765,-0.0125233578,1.0000000000
117,9.8430000000,right_hand,20,0.4712525010,0.6573728919,-0.0174997412,1.0000000000
118,9.9270000000,right_hand,20,0.4659202099,0.6556199789,-0.0206286982,1.0000000000
119,10.0110000000,right_hand,20,0.4683400989,0.6531830430,-0.0260931700,1.0000000000
120,10.0950000000,right_hand,20,0.4707599878,0.6507461071,-0.0315576419,1.0000000000
121,10.1790000000,right_hand,20,0.4680021107,0.6532406211,-0.0290262289,1.0000000000
122,10.2630000000,right_hand,20,0.4629859924,0.6519718766,-0.0074576614,1.0000000000
123,10.3470000000,right_hand,20,0.4662908912,0.6515406966,-0.0164614115,1.0000000000
124,10.4320000000,right_hand,20,0.4676261246,0.6601810455,-0.0289028175,1.0000000000
125,10.5160000000,right_hand,20,0.4600621462,0.6788731813,-0.0147837382,1.0000000000
126,10.6000000000,right_hand,20,0.4627163708,0.6776195168,-0.0143916830,1.0000000000
127,10.6840000000,right_hand,20,0.4539304674,0.6911994219,-0.0159662105,1.0000000000
128,10.7680000000,right_hand,20,0.5730690360,0.6015996337,-0.0230094176,1.0000000000
129,10.8520000000,right_hand,20,0.4556341767,0.6976225972,-0.0160173476,1.0000000000
130,10.9360000000,right_hand,20,0.5801903009,0.6029462814,-0.0307657700,1.0000000000
131,11.0200000000,right_hand,20,0.5258966237,0.6351034939,-0.0322739305,1.0000000000
132,11.1050000000,right_hand,20,0.4716029465,0.6672607064,-0.0337820910,1.0000000000
133,11.1890000000,right_hand,20,0.4707041979,0.6583124995,-0.0156915747,1.0000000000
134,11.2730000000,right_hand,20,0.4728838205,0.6706376672,-0.0315212123,1.0000000000
135,11.3570000000,right_hand,20,0.4723612368,0.6663776636,-0.0247616265,1.0000000000
136,11.4410000000,right_hand,20,0.5689172745,0.5723730922,-0.0294615775,1.0000000000
137,11.5250000000,right_hand,20,0.5898881555,0.5840587616,-0.0218200311,1.0000000000
138,11.6090000000,right_hand,20,0.5980358124,0.6162134409,-0.0259511136,1.0000000000
139,11.6930000000,right_hand,20,0.4680683911,0.6306989789,-0.0159237050,1.0000000000
140,11.7780000000,right_hand,20,0.4717374742,0.6437696218,-0.0039970283,1.0000000000
141,11.8620000000,right_hand,20,0.4641493261,0.6488656998,-0.0289780032,1.0000000000
142,11.9460000000,right_hand,20,0.4574674368,0.6522078514,-0.0418446362,1.0000000000
